date,code,raw_score,smoothed
2026-04-28,0001A0,-0.17156368351607415,-0.17156368351607415
2026-04-28,000250,0.3379981349080419,0.3379981349080419
2026-04-28,000440,-0.22112702319343341,-0.22112702319343341
2026-04-28,0004V0,0.055638266534086565,0.055638266534086565
2026-04-28,0004Y0,-0.2838484276222991,-0.2838484276222991
2026-04-28,0007C0,0.041401880784914,0.041401880784914
2026-04-28,0008Z0,0.37786041081354466,0.37786041081354466
2026-04-28,0009K0,0.45011343402752896,0.45011343402752896
2026-04-28,001000,0.2331065637093236,0.2331065637093236
2026-04-28,0010V0,0.4626602589719809,0.4626602589719809
2026-04-28,0011A0,-0.030673127624731726,-0.030673127624731726
2026-04-28,0013V0,-0.13823234452953126,-0.13823234452953126
2026-04-28,001540,0.4818825617078063,0.4818825617078063
2026-04-28,0015G0,0.13463107200430444,0.13463107200430444
2026-04-28,0015N0,0.7213831213882388,0.7213831213882388
2026-04-28,0015S0,0.07740937802160483,0.07740937802160483
2026-04-28,001810,0.6413380554259719,0.6413380554259719
2026-04-28,001840,-0.3350397403929379,-0.3350397403929379
2026-04-28,002230,0.45845079123542326,0.45845079123542326
2026-04-28,002290,-0.17819654981918176,-0.17819654981918176
2026-04-28,002680,-0.08475625380187418,-0.08475625380187418
2026-04-28,002800,0.7974324240985335,0.7974324240985335
2026-04-28,003100,0.6681423563779405,0.6681423563779405
2026-04-28,003310,0.22214727684420357,0.22214727684420357
2026-04-28,003380,0.19412480962262,0.19412480962262
2026-04-28,0037T0,-0.36457785558658207,-0.36457785558658207
2026-04-28,003800,0.7281954995233344,0.7281954995233344
2026-04-28,0041B0,-0.32981618070495067,-0.32981618070495067
2026-04-28,0041J0,-0.3479443229975341,-0.3479443229975341
2026-04-28,0041L0,-0.548263125378674,-0.548263125378674
2026-04-28,0044K0,-0.5025176148691455,-0.5025176148691455
2026-04-28,004590,0.22631403018247664,0.22631403018247664
2026-04-28,004650,0.47157014497865474,0.47157014497865474
2026-04-28,004780,0.44990982682163716,0.44990982682163716
2026-04-28,005160,-0.17709351497933523,-0.17709351497933523
2026-04-28,005290,0.26097803443937895,0.26097803443937895
2026-04-28,0054V0,-0.2932363681729021,-0.2932363681729021
2026-04-28,005670,0.12295291383328429,0.12295291383328429
2026-04-28,005710,0.4032055904542419,0.4032055904542419
2026-04-28,005860,0.24608516886651122,0.24608516886651122
2026-04-28,005990,0.6041604390776681,0.6041604390776681
2026-04-28,006050,-0.20828820114635227,-0.20828820114635227
2026-04-28,006140,-0.3498039950503299,-0.3498039950503299
2026-04-28,006620,0.7257587459937609,0.7257587459937609
2026-04-28,006730,0.1719830486707992,0.1719830486707992
2026-04-28,0068Y0,-0.17773803664055843,-0.17773803664055843
2026-04-28,006910,0.16845999731719563,0.16845999731719563
2026-04-28,006920,-0.3828164039448016,-0.3828164039448016
2026-04-28,0071M0,-0.7096687891989985,-0.7096687891989985
2026-04-28,0072Z0,-0.25760239948967734,-0.25760239948967734
2026-04-28,007330,-0.2412885075305527,-0.2412885075305527
2026-04-28,007370,0.7318997667742648,0.7318997667742648
2026-04-28,007390,-0.024693817826954845,-0.024693817826954845
2026-04-28,007530,0.381867435013583,0.381867435013583
2026-04-28,007680,-0.040139838723271294,-0.040139838723271294
2026-04-28,007720,0.19602826377798055,0.19602826377798055
2026-04-28,007770,0.672608547794175,0.672608547794175
2026-04-28,007820,-0.6069016277775903,-0.6069016277775903
2026-04-28,008290,-0.6309869115421668,-0.6309869115421668
2026-04-28,0082N0,-0.19675913122652333,-0.19675913122652333
2026-04-28,008370,0.40511182404402113,0.40511182404402113
2026-04-28,008470,0.27309695636558895,0.27309695636558895
2026-04-28,008830,0.22678570280813481,0.22678570280813481
2026-04-28,0088D0,-0.16092546111012979,-0.16092546111012979
2026-04-28,0088M0,-0.1488545011407233,-0.1488545011407233
2026-04-28,0091W0,-0.43380773397674466,-0.43380773397674466
2026-04-28,009300,0.6506190548898307,0.6506190548898307
2026-04-28,0093G0,-0.49500691006969433,-0.49500691006969433
2026-04-28,009520,0.32787250145469987,0.32787250145469987
2026-04-28,009620,-0.9382199624143358,-0.9382199624143358
2026-04-28,0096B0,-0.24537402735442626,-0.24537402735442626
2026-04-28,0096D0,-0.6318526092533379,-0.6318526092533379
2026-04-28,009730,-0.23413882427276178,-0.23413882427276178
2026-04-28,009780,0.6216257360457735,0.6216257360457735
2026-04-28,0097F0,-0.48666689215214726,-0.48666689215214726
2026-04-28,0098T0,0.24228592338466715,0.24228592338466715
2026-04-28,0099W0,-0.4004002455361382,-0.4004002455361382
2026-04-28,0099X0,-0.5085049326255943,-0.5085049326255943
2026-04-28,010170,-0.7456515784689249,-0.7456515784689249
2026-04-28,0101C0,-0.48409703590396913,-0.48409703590396913
2026-04-28,010240,0.4277175125316981,0.4277175125316981
2026-04-28,010280,0.368638164222444,0.368638164222444
2026-04-28,010470,0.7557795630550828,0.7557795630550828
2026-04-28,0105P0,-0.2929146542068859,-0.2929146542068859
2026-04-28,011040,0.5087899815916905,0.5087899815916905
2026-04-28,011080,-0.5866126992042607,-0.5866126992042607
2026-04-28,011320,0.14207011246495518,0.14207011246495518
2026-04-28,011370,0.3305135317839306,0.3305135317839306
2026-04-28,011560,0.31263082085657357,0.31263082085657357
2026-04-28,0115H0,-0.8466648014247307,-0.8466648014247307
2026-04-28,012210,-0.44077705412827733,-0.44077705412827733
2026-04-28,012340,-0.6826721150431261,-0.6826721150431261
2026-04-28,012620,0.3811449830612429,0.3811449830612429
2026-04-28,012700,0.4048511512625642,0.4048511512625642
2026-04-28,012790,1.0951266259335586,1.0951266259335586
2026-04-28,012860,0.27860688988424037,0.27860688988424037
2026-04-28,013030,0.20843431667668877,0.20843431667668877
2026-04-28,0130D0,-0.49806713249428014,-0.49806713249428014
2026-04-28,0130H0,-0.5447916431093502,-0.5447916431093502
2026-04-28,013120,0.9860540621582482,0.9860540621582482
2026-04-28,013310,0.5476833497535197,0.5476833497535197
2026-04-28,013720,-0.4842817315818158,-0.4842817315818158
2026-04-28,013810,-0.08889500242209475,-0.08889500242209475
2026-04-28,013990,0.18009808145260467,0.18009808145260467
2026-04-28,014100,-0.08021410164221567,-0.08021410164221567
2026-04-28,014190,0.39510243842992326,0.39510243842992326
2026-04-28,014470,-0.3146899723434258,-0.3146899723434258
2026-04-28,014570,0.20560233852171672,0.20560233852171672
2026-04-28,014620,0.590764028229392,0.590764028229392
2026-04-28,014940,0.061089920276250126,0.061089920276250126
2026-04-28,014950,0.07117777733911108,0.07117777733911108
2026-04-28,014970,0.38185462576211826,0.38185462576211826
2026-04-28,015710,0.08848524187767556,0.08848524187767556
2026-04-28,015750,0.14080720563988958,0.14080720563988958
2026-04-28,016100,-0.33351281668376864,-0.33351281668376864
2026-04-28,016250,-0.07682466136492684,-0.07682466136492684
2026-04-28,016600,0.010348869837016897,0.010348869837016897
2026-04-28,016670,0.7843101532254968,0.7843101532254968
2026-04-28,016790,0.0047246555713492955,0.0047246555713492955
2026-04-28,016920,-0.2911315177538457,-0.2911315177538457
2026-04-28,017000,0.38781796040957006,0.38781796040957006
2026-04-28,017250,0.42386263425383114,0.42386263425383114
2026-04-28,017480,0.0848396725771017,0.0848396725771017
2026-04-28,017510,0.39650805349489127,0.39650805349489127
2026-04-28,017650,0.5700466077390223,0.5700466077390223
2026-04-28,017890,0.4781891927505221,0.4781891927505221
2026-04-28,018000,-0.2017267816747383,-0.2017267816747383
2026-04-28,018120,0.008334065889750789,0.008334065889750789
2026-04-28,018290,0.11757520393342917,0.11757520393342917
2026-04-28,018310,0.5680816666989592,0.5680816666989592
2026-04-28,018620,0.4766048193564769,0.4766048193564769
2026-04-28,018680,0.6745323453450425,0.6745323453450425
2026-04-28,018700,-0.37390880016697264,-0.37390880016697264
2026-04-28,019010,0.36534397801264523,0.36534397801264523
2026-04-28,019210,0.08385102159484759,0.08385102159484759
2026-04-28,019540,0.19188615962218328,0.19188615962218328
2026-04-28,019550,0.285765994360065,0.285765994360065
2026-04-28,019570,0.1389641706721678,0.1389641706721678
2026-04-28,019660,0.36064520036676573,0.36064520036676573
2026-04-28,019770,0.5181014097929894,0.5181014097929894
2026-04-28,019990,0.2742685389299412,0.2742685389299412
2026-04-28,020180,0.11016078520831234,0.11016078520831234
2026-04-28,020400,-0.08684292044276143,-0.08684292044276143
2026-04-28,020710,0.6177231782532413,0.6177231782532413
2026-04-28,021040,0.16507972084246983,0.16507972084246983
2026-04-28,021045,-0.32002287824795694,-0.32002287824795694
2026-04-28,021080,-0.3621144837028844,-0.3621144837028844
2026-04-28,021320,-0.6610035931943505,-0.6610035931943505
2026-04-28,021650,0.44395610396324825,0.44395610396324825
2026-04-28,021880,0.07017053309834526,0.07017053309834526
2026-04-28,022220,-0.21789540506498198,-0.21789540506498198
2026-04-28,023160,0.10516119828047474,0.10516119828047474
2026-04-28,023410,0.016558376914856343,0.016558376914856343
2026-04-28,023440,-0.6394446729825239,-0.6394446729825239
2026-04-28,023600,0.2424907551584608,0.2424907551584608
2026-04-28,023760,0.7024845911407731,0.7024845911407731
2026-04-28,023770,-0.44810121080130527,-0.44810121080130527
2026-04-28,023790,-0.48431491219571915,-0.48431491219571915
2026-04-28,023900,0.2578060127155358,0.2578060127155358
2026-04-28,023910,-0.5706269500381582,-0.5706269500381582
2026-04-28,024060,0.25180182134594586,0.25180182134594586
2026-04-28,024120,0.13233999130732998,0.13233999130732998
2026-04-28,024740,-0.02843732267976347,-0.02843732267976347
2026-04-28,024800,0.6914509529932072,0.6914509529932072
2026-04-28,024830,0.2849801752449462,0.2849801752449462
2026-04-28,024840,-0.057481176805583,-0.057481176805583
2026-04-28,024850,-0.22117915619555564,-0.22117915619555564
2026-04-28,024880,0.6261294921280705,0.6261294921280705
2026-04-28,024910,0.2545698578788791,0.2545698578788791
2026-04-28,024940,0.1530665287698666,0.1530665287698666
2026-04-28,024950,0.7407432084953061,0.7407432084953061
2026-04-28,025320,0.04929008178776017,0.04929008178776017
2026-04-28,025440,-0.8958866790027972,-0.8958866790027972
2026-04-28,025550,0.3300369906134668,0.3300369906134668
2026-04-28,025770,0.07575294901327935,0.07575294901327935
2026-04-28,025870,-0.41070671690135796,-0.41070671690135796
2026-04-28,025880,0.8169280275050133,0.8169280275050133
2026-04-28,025900,-0.38621198158987996,-0.38621198158987996
2026-04-28,025950,-0.2698052592227,-0.2698052592227
2026-04-28,025980,0.0667019977449794,0.0667019977449794
2026-04-28,026040,-0.12439203898819971,-0.12439203898819971
2026-04-28,026150,-0.3440203400450055,-0.3440203400450055
2026-04-28,026910,-0.5007598774646804,-0.5007598774646804
2026-04-28,027040,-0.7878902665229549,-0.7878902665229549
2026-04-28,027050,-0.3333588877424283,-0.3333588877424283
2026-04-28,027360,0.13151687847518512,0.13151687847518512
2026-04-28,027580,-0.44019391614428516,-0.44019391614428516
2026-04-28,027710,-0.09382609961068486,-0.09382609961068486
2026-04-28,027830,1.064138836267426,1.064138836267426
2026-04-28,028080,-0.6130945297183474,-0.6130945297183474
2026-04-28,028300,-0.7573419546366358,-0.7573419546366358
2026-04-28,029480,0.029349778500552842,0.029349778500552842
2026-04-28,030350,-0.6021822609168364,-0.6021822609168364
2026-04-28,030520,0.10088158949069667,0.10088158949069667
2026-04-28,030530,0.14420079442864286,0.14420079442864286
2026-04-28,030960,-0.35616347462465653,-0.35616347462465653
2026-04-28,031310,0.5379225955007949,0.5379225955007949
2026-04-28,031330,0.03975713194114465,0.03975713194114465
2026-04-28,031510,0.6855532711095683,0.6855532711095683
2026-04-28,031860,-0.9683275737796655,-0.9683275737796655
2026-04-28,031980,0.30203997774611024,0.30203997774611024
2026-04-28,032080,0.25461370391532023,0.25461370391532023
2026-04-28,032190,-0.004747212763972719,-0.004747212763972719
2026-04-28,032280,0.34325464780508763,0.34325464780508763
2026-04-28,032300,0.43595038984830525,0.43595038984830525
2026-04-28,032500,-0.19158740004838232,-0.19158740004838232
2026-04-28,032540,0.42707963413888694,0.42707963413888694
2026-04-28,032580,0.29731879299595293,0.29731879299595293
2026-04-28,032620,0.22056666380790066,0.22056666380790066
2026-04-28,032680,0.6258427453335523,0.6258427453335523
2026-04-28,032685,-0.41751810972559644,-0.41751810972559644
2026-04-28,032750,0.6728344109144263,0.6728344109144263
2026-04-28,032790,-0.3976372165358454,-0.3976372165358454
2026-04-28,032800,-0.07613671340389155,-0.07613671340389155
2026-04-28,032820,0.13937125865454553,0.13937125865454553
2026-04-28,032850,0.41957514324486683,0.41957514324486683
2026-04-28,032860,0.7553087336266826,0.7553087336266826
2026-04-28,032940,0.4203889146934396,0.4203889146934396
2026-04-28,032960,0.4219431437539405,0.4219431437539405
2026-04-28,032980,-0.5676953804936133,-0.5676953804936133
2026-04-28,033050,0.32956000057842844,0.32956000057842844
2026-04-28,033100,-0.12420558846145807,-0.12420558846145807
2026-04-28,033130,0.35568669670597186,0.35568669670597186
2026-04-28,033160,0.2290379836195082,0.2290379836195082
2026-04-28,033170,-0.10090416382623074,-0.10090416382623074
2026-04-28,033200,0.3486345513503666,0.3486345513503666
2026-04-28,033230,-0.30576995667609663,-0.30576995667609663
2026-04-28,033290,0.18358048329489932,0.18358048329489932
2026-04-28,033310,-0.12515313038568357,-0.12515313038568357
2026-04-28,033320,0.1618848172525148,0.1618848172525148
2026-04-28,033340,-0.5325237185940485,-0.5325237185940485
2026-04-28,033500,0.45458026347147656,0.45458026347147656
2026-04-28,033540,-0.09941028627755766,-0.09941028627755766
2026-04-28,033560,0.646440925616845,0.646440925616845
2026-04-28,033640,0.5135613032235864,0.5135613032235864
2026-04-28,033790,-0.05459783217410482,-0.05459783217410482
2026-04-28,033830,0.584757120001666,0.584757120001666
2026-04-28,034810,0.41148983385126414,0.41148983385126414
2026-04-28,03481K,0.010464927632026125,0.010464927632026125
2026-04-28,034940,-0.29993054532769636,-0.29993054532769636
2026-04-28,034950,0.39029047083678403,0.39029047083678403
2026-04-28,035080,-0.12860939864675786,-0.12860939864675786
2026-04-28,035200,0.18421282230253483,0.18421282230253483
2026-04-28,035290,0.26425726071991584,0.26425726071991584
2026-04-28,035460,0.17196804209025884,0.17196804209025884
2026-04-28,035600,0.7342196644238428,0.7342196644238428
2026-04-28,035610,0.845282461523489,0.845282461523489
2026-04-28,035620,-0.06246585864995971,-0.06246585864995971
2026-04-28,035760,0.29865968569369206,0.29865968569369206
2026-04-28,035810,0.2891585030251934,0.2891585030251934
2026-04-28,035890,0.4899562114656507,0.4899562114656507
2026-04-28,035900,0.8449340565456539,0.8449340565456539
2026-04-28,036000,-0.523271064960362,-0.523271064960362
2026-04-28,036010,0.3204540999103546,0.3204540999103546
2026-04-28,036030,-0.18431246895564263,-0.18431246895564263
2026-04-28,036090,0.5437196755271425,0.5437196755271425
2026-04-28,036120,0.20984725070380528,0.20984725070380528
2026-04-28,036170,0.31371383913709305,0.31371383913709305
2026-04-28,036190,0.5030698873651027,0.5030698873651027
2026-04-28,036200,0.1760618497874081,0.1760618497874081
2026-04-28,036220,0.7068194395254517,0.7068194395254517
2026-04-28,036480,0.12742121165406997,0.12742121165406997
2026-04-28,036540,0.09149849483244483,0.09149849483244483
2026-04-28,036560,0.36593797409356665,0.36593797409356665
2026-04-28,036620,0.3291060306824544,0.3291060306824544
2026-04-28,036630,-0.12931709128286822,-0.12931709128286822
2026-04-28,036640,0.31222011140782235,0.31222011140782235
2026-04-28,036670,0.21725375168179076,0.21725375168179076
2026-04-28,036690,-1.0364173881399024,-1.0364173881399024
2026-04-28,036710,-1.1702073828695747,-1.1702073828695747
2026-04-28,036800,-0.08828303579185957,-0.08828303579185957
2026-04-28,036810,-0.04277646609291809,-0.04277646609291809
2026-04-28,036830,0.7311748776110201,0.7311748776110201
2026-04-28,036890,0.42927057595014356,0.42927057595014356
2026-04-28,036930,0.16576811620130238,0.16576811620130238
2026-04-28,037030,0.4974852441305875,0.4974852441305875
2026-04-28,037070,-0.3529208047580485,-0.3529208047580485
2026-04-28,037230,0.4232503979955728,0.4232503979955728
2026-04-28,037330,0.6739067304755471,0.6739067304755471
2026-04-28,037350,0.4440912502978617,0.4440912502978617
2026-04-28,037370,-0.6842648653990578,-0.6842648653990578
2026-04-28,037400,-0.11941432148783221,-0.11941432148783221
2026-04-28,037440,0.3185338499222801,0.3185338499222801
2026-04-28,037460,0.5663468156185844,0.5663468156185844
2026-04-28,037760,0.281092908306107,0.281092908306107
2026-04-28,037950,0.09198270873284396,0.09198270873284396
2026-04-28,038010,0.5385270200840104,0.5385270200840104
2026-04-28,038060,-0.10188717755475654,-0.10188717755475654
2026-04-28,038070,-0.08367071756380101,-0.08367071756380101
2026-04-28,038110,0.19888577656156017,0.19888577656156017
2026-04-28,038290,0.09393840463205633,0.09393840463205633
2026-04-28,038390,0.8628776248101562,0.8628776248101562
2026-04-28,038460,0.3223820682488962,0.3223820682488962
2026-04-28,038500,0.6655155932386269,0.6655155932386269
2026-04-28,038530,-0.19562677349793645,-0.19562677349793645
2026-04-28,038540,0.012761110406071252,0.012761110406071252
2026-04-28,038620,0.17724459175778018,0.17724459175778018
2026-04-28,038680,0.2022425738891161,0.2022425738891161
2026-04-28,038870,0.4213747260094488,0.4213747260094488
2026-04-28,038880,-0.4419247481408193,-0.4419247481408193
2026-04-28,038950,0.15916133392991025,0.15916133392991025
2026-04-28,039010,0.01625444885190646,0.01625444885190646
2026-04-28,039020,-0.3887752447894534,-0.3887752447894534
2026-04-28,039030,0.550605752578411,0.550605752578411
2026-04-28,039200,0.3454167718476928,0.3454167718476928
2026-04-28,039240,-0.4546409099619683,-0.4546409099619683
2026-04-28,039290,0.08115752937221497,0.08115752937221497
2026-04-28,039310,0.7858765004385986,0.7858765004385986
2026-04-28,039340,0.6286539082564971,0.6286539082564971
2026-04-28,039420,0.28064423292024276,0.28064423292024276
2026-04-28,039440,0.3275201583450633,0.3275201583450633
2026-04-28,039560,-0.09555198854103143,-0.09555198854103143
2026-04-28,039610,-0.0024154262834179124,-0.0024154262834179124
2026-04-28,039740,0.18219366552507923,0.18219366552507923
2026-04-28,039830,0.3490177591478007,0.3490177591478007
2026-04-28,039840,0.04290010397970909,0.04290010397970909
2026-04-28,039860,0.19473754146706673,0.19473754146706673
2026-04-28,039980,-0.42158773373236785,-0.42158773373236785
2026-04-28,040160,-0.4483189656289817,-0.4483189656289817
2026-04-28,040300,-0.256643519517708,-0.256643519517708
2026-04-28,040350,-0.45970013686663835,-0.45970013686663835
2026-04-28,040420,0.2202499950095546,0.2202499950095546
2026-04-28,040610,0.6131122957231274,0.6131122957231274
2026-04-28,040910,-0.12393423896151769,-0.12393423896151769
2026-04-28,041020,-0.017817598396118822,-0.017817598396118822
2026-04-28,041190,0.5578571607604685,0.5578571607604685
2026-04-28,041440,0.4831354152175286,0.4831354152175286
2026-04-28,041460,0.25583361907487745,0.25583361907487745
2026-04-28,041510,0.5767302430110489,0.5767302430110489
2026-04-28,041520,0.2803864530144041,0.2803864530144041
2026-04-28,041590,0.09096441641895522,0.09096441641895522
2026-04-28,041830,0.40667702592593385,0.40667702592593385
2026-04-28,041910,0.42806324002029944,0.42806324002029944
2026-04-28,041920,0.5681698758125762,0.5681698758125762
2026-04-28,041930,0.40846797393693257,0.40846797393693257
2026-04-28,041960,-0.29288051250696456,-0.29288051250696456
2026-04-28,042000,0.13202516822894506,0.13202516822894506
2026-04-28,042040,-0.534252481876107,-0.534252481876107
2026-04-28,042110,0.31955378815698826,0.31955378815698826
2026-04-28,042370,-0.07722499708994732,-0.07722499708994732
2026-04-28,042420,0.5623938833177615,0.5623938833177615
2026-04-28,042500,0.08355299788003563,0.08355299788003563
2026-04-28,042510,0.3952524082926873,0.3952524082926873
2026-04-28,042520,-0.24788530396566794,-0.24788530396566794
2026-04-28,042600,-0.4370895472226565,-0.4370895472226565
2026-04-28,042940,-0.20414173725053797,-0.20414173725053797
2026-04-28,043090,-0.3912659601972287,-0.3912659601972287
2026-04-28,043100,0.011263063044783639,0.011263063044783639
2026-04-28,043150,0.38833283581430356,0.38833283581430356
2026-04-28,043200,-0.47433939247815177,-0.47433939247815177
2026-04-28,043220,-0.9411612132773989,-0.9411612132773989
2026-04-28,043260,0.08920851821062681,0.08920851821062681
2026-04-28,043340,-0.2929825726566333,-0.2929825726566333
2026-04-28,043360,-0.048586655756510166,-0.048586655756510166
2026-04-28,043370,0.5376265608720051,0.5376265608720051
2026-04-28,043590,-0.15545523973976258,-0.15545523973976258
2026-04-28,043610,-0.38211274434289455,-0.38211274434289455
2026-04-28,043650,0.44363846250879363,0.44363846250879363
2026-04-28,043710,-0.9636191027398258,-0.9636191027398258
2026-04-28,043910,-0.025413578465273666,-0.025413578465273666
2026-04-28,044180,-1.109255417729152,-1.109255417729152
2026-04-28,044340,-0.38540096120764505,-0.38540096120764505
2026-04-28,044480,-0.6391057199135796,-0.6391057199135796
2026-04-28,044490,0.19499032192625576,0.19499032192625576
2026-04-28,044780,0.6301004930458366,0.6301004930458366
2026-04-28,044960,-0.35099165905205126,-0.35099165905205126
2026-04-28,044990,0.21328493928176734,0.21328493928176734
2026-04-28,045060,0.8577981535024072,0.8577981535024072
2026-04-28,045100,0.455110537609989,0.455110537609989
2026-04-28,045300,0.8387655494142958,0.8387655494142958
2026-04-28,045340,0.46014796375680966,0.46014796375680966
2026-04-28,045390,-0.025174730906940404,-0.025174730906940404
2026-04-28,045510,-0.07894550406883506,-0.07894550406883506
2026-04-28,045520,-0.48911462510101666,-0.48911462510101666
2026-04-28,045660,0.3399548579818458,0.3399548579818458
2026-04-28,045970,-0.05717982506964933,-0.05717982506964933
2026-04-28,046070,-0.5187838509067455,-0.5187838509067455
2026-04-28,046120,-0.05051461591153141,-0.05051461591153141
2026-04-28,046210,0.14488526076253805,0.14488526076253805
2026-04-28,046310,0.5767466446371077,0.5767466446371077
2026-04-28,046390,0.009645110194065915,0.009645110194065915
2026-04-28,046440,0.6704904614387551,0.6704904614387551
2026-04-28,046890,0.3201110332080968,0.3201110332080968
2026-04-28,046940,0.8116669238380773,0.8116669238380773
2026-04-28,046970,-0.14785640109666545,-0.14785640109666545
2026-04-28,047080,0.00022868227506866318,0.00022868227506866318
2026-04-28,047310,-0.03790342430543067,-0.03790342430543067
2026-04-28,047560,-0.5581878922023102,-0.5581878922023102
2026-04-28,047770,0.3130300306752141,0.3130300306752141
2026-04-28,047820,0.5650321228413,0.5650321228413
2026-04-28,047920,-0.08114219532730693,-0.08114219532730693
2026-04-28,048410,-0.29162179624737583,-0.29162179624737583
2026-04-28,048430,0.5355471929454295,0.5355471929454295
2026-04-28,048470,0.27036911346391934,0.27036911346391934
2026-04-28,048530,-0.2322051849901891,-0.2322051849901891
2026-04-28,048550,-0.20143854946529013,-0.20143854946529013
2026-04-28,048770,-0.49429794791927173,-0.49429794791927173
2026-04-28,048830,0.27185324707620434,0.27185324707620434
2026-04-28,048870,0.4195891412307095,0.4195891412307095
2026-04-28,048910,0.34520125698296145,0.34520125698296145
2026-04-28,049070,0.27692236871399445,0.27692236871399445
2026-04-28,049080,-0.36745549523697907,-0.36745549523697907
2026-04-28,049120,-0.44248649885919134,-0.44248649885919134
2026-04-28,049180,-0.602838250278871,-0.602838250278871
2026-04-28,049430,0.22797097262700677,0.22797097262700677
2026-04-28,049470,-0.2853804735359719,-0.2853804735359719
2026-04-28,049480,0.11590781358018949,0.11590781358018949
2026-04-28,049520,0.3031890082987907,0.3031890082987907
2026-04-28,049550,0.3587930337759862,0.3587930337759862
2026-04-28,049630,0.03227153292360134,0.03227153292360134
2026-04-28,049720,0.1654460151598891,0.1654460151598891
2026-04-28,049830,0.9182501425476002,0.9182501425476002
2026-04-28,049950,-0.5731417895778018,-0.5731417895778018
2026-04-28,049960,0.38912734935543036,0.38912734935543036
2026-04-28,050090,-0.011222579829785174,-0.011222579829785174
2026-04-28,050110,-0.17511750626692008,-0.17511750626692008
2026-04-28,050120,-0.03153250249532273,-0.03153250249532273
2026-04-28,050760,-0.08543241800327359,-0.08543241800327359
2026-04-28,050860,0.30331718801018964,0.30331718801018964
2026-04-28,050890,0.2912823869192794,0.2912823869192794
2026-04-28,050960,-0.29904540578393374,-0.29904540578393374
2026-04-28,051160,0.24280023246686228,0.24280023246686228
2026-04-28,051360,0.5868389846540928,0.5868389846540928
2026-04-28,051370,0.49016117305888063,0.49016117305888063
2026-04-28,051380,-0.28816050525551146,-0.28816050525551146
2026-04-28,051390,0.46224843317032177,0.46224843317032177
2026-04-28,051490,0.36917343845511535,0.36917343845511535
2026-04-28,051500,0.10048733860639335,0.10048733860639335
2026-04-28,051780,-0.9849399507910798,-0.9849399507910798
2026-04-28,051980,-0.5305907419999137,-0.5305907419999137
2026-04-28,052020,0.1547352446878698,0.1547352446878698
2026-04-28,052220,-0.30459578306385876,-0.30459578306385876
2026-04-28,052260,0.12463410513597609,0.12463410513597609
2026-04-28,052300,0.19933758529484566,0.19933758529484566
2026-04-28,052330,0.8510696050975558,0.8510696050975558
2026-04-28,052400,0.04064989545341151,0.04064989545341151
2026-04-28,052420,0.21049071855916582,0.21049071855916582
2026-04-28,052460,0.3790408347476033,0.3790408347476033
2026-04-28,052600,-0.3773355406119508,-0.3773355406119508
2026-04-28,052710,-0.27353507812119326,-0.27353507812119326
2026-04-28,052770,-0.6995941106584919,-0.6995941106584919
2026-04-28,052790,0.8086788418130575,0.8086788418130575
2026-04-28,052860,0.06816810475554137,0.06816810475554137
2026-04-28,052900,0.3064246159796181,0.3064246159796181
2026-04-28,053030,0.035605974719219335,0.035605974719219335
2026-04-28,053050,0.07934994211300361,0.07934994211300361
2026-04-28,053060,0.09477870082767374,0.09477870082767374
2026-04-28,053080,-0.5604811348607552,-0.5604811348607552
2026-04-28,053160,0.09140860325170616,0.09140860325170616
2026-04-28,053260,0.004111448812936971,0.004111448812936971
2026-04-28,053270,0.462200690035851,0.462200690035851
2026-04-28,053280,-0.380948459977003,-0.380948459977003
2026-04-28,053290,0.07766682519276805,0.07766682519276805
2026-04-28,053300,0.1861367386360339,0.1861367386360339
2026-04-28,053350,0.47716588603016086,0.47716588603016086
2026-04-28,053450,0.1968918920121011,0.1968918920121011
2026-04-28,053580,0.21748593922539666,0.21748593922539666
2026-04-28,053610,0.41486272658558465,0.41486272658558465
2026-04-28,053620,0.5758546573239904,0.5758546573239904
2026-04-28,053700,0.43133310571858796,0.43133310571858796
2026-04-28,053800,-0.008278171663047909,-0.008278171663047909
2026-04-28,053950,0.4096612266003995,0.4096612266003995
2026-04-28,053980,0.3815391644147642,0.3815391644147642
2026-04-28,054040,0.5003178192331529,0.5003178192331529
2026-04-28,054050,-0.13634180303769824,-0.13634180303769824
2026-04-28,054090,-0.3943106938556633,-0.3943106938556633
2026-04-28,054180,0.024481876595238643,0.024481876595238643
2026-04-28,054210,0.15593677988425145,0.15593677988425145
2026-04-28,054220,-0.05421344768459943,-0.05421344768459943
2026-04-28,054300,0.13480829331018543,0.13480829331018543
2026-04-28,054410,0.7943714894983411,0.7943714894983411
2026-04-28,054450,-0.012911288643461409,-0.012911288643461409
2026-04-28,054540,0.29329580637512337,0.29329580637512337
2026-04-28,054620,-0.03943224554280207,-0.03943224554280207
2026-04-28,054670,0.23490627512528087,0.23490627512528087
2026-04-28,054780,-0.6237828215824393,-0.6237828215824393
2026-04-28,054800,0.48846728917322757,0.48846728917322757
2026-04-28,054920,0.40137375591485697,0.40137375591485697
2026-04-28,054930,0.3406752634724679,0.3406752634724679
2026-04-28,054940,0.09415004801705186,0.09415004801705186
2026-04-28,054950,0.013082933128583767,0.013082933128583767
2026-04-28,056080,-0.5165230887571938,-0.5165230887571938
2026-04-28,056090,0.1633488942962851,0.1633488942962851
2026-04-28,056190,0.8031971202023942,0.8031971202023942
2026-04-28,056360,0.5038524879141718,0.5038524879141718
2026-04-28,056700,0.10730781790458768,0.10730781790458768
2026-04-28,056730,-0.15815699683386428,-0.15815699683386428
2026-04-28,057030,0.2142837032844952,0.2142837032844952
2026-04-28,057540,0.24439132098414382,0.24439132098414382
2026-04-28,057680,0.3499391756601792,0.3499391756601792
2026-04-28,058110,-0.0889462839402119,-0.0889462839402119
2026-04-28,058400,0.6048374349188816,0.6048374349188816
2026-04-28,058450,-0.6022102526132043,-0.6022102526132043
2026-04-28,058470,-0.2572821248879971,-0.2572821248879971
2026-04-28,058610,0.2191386827391175,0.2191386827391175
2026-04-28,058630,0.21957557178485632,0.21957557178485632
2026-04-28,058820,0.1337700825581346,0.1337700825581346
2026-04-28,058970,-0.01844936890948288,-0.01844936890948288
2026-04-28,059090,0.0026623403166713133,0.0026623403166713133
2026-04-28,059100,-0.4110906397931681,-0.4110906397931681
2026-04-28,059120,-0.3957314400098258,-0.3957314400098258
2026-04-28,059210,0.6422197629721933,0.6422197629721933
2026-04-28,059270,0.03887139312468085,0.03887139312468085
2026-04-28,060150,-0.03908255921614669,-0.03908255921614669
2026-04-28,060230,0.1280517898202515,0.1280517898202515
2026-04-28,060240,-1.3901498804019896,-1.3901498804019896
2026-04-28,060250,0.5911206861789482,0.5911206861789482
2026-04-28,060260,0.24969144500813167,0.24969144500813167
2026-04-28,060280,0.6083253994858597,0.6083253994858597
2026-04-28,060310,-0.40442089520829794,-0.40442089520829794
2026-04-28,060370,-0.030281852153826,-0.030281852153826
2026-04-28,060380,0.6342623260771176,0.6342623260771176
2026-04-28,060480,-0.25695526056901813,-0.25695526056901813
2026-04-28,060540,0.8668658990075052,0.8668658990075052
2026-04-28,060560,-0.5148957628654302,-0.5148957628654302
2026-04-28,060570,0.14367149791469908,0.14367149791469908
2026-04-28,060590,0.06357915906220585,0.06357915906220585
2026-04-28,060720,0.3602555735150697,0.3602555735150697
2026-04-28,060850,0.4513348644487338,0.4513348644487338
2026-04-28,060900,-0.1258777087425105,-0.1258777087425105
2026-04-28,061040,0.13004095690478065,0.13004095690478065
2026-04-28,061090,0.4486091106043345,0.4486091106043345
2026-04-28,061250,-0.3947419729758634,-0.3947419729758634
2026-04-28,061970,-0.052447529767118514,-0.052447529767118514
2026-04-28,062970,-1.1022612456546215,-1.1022612456546215
2026-04-28,063080,0.3366609147038491,0.3366609147038491
2026-04-28,063170,-0.3352222169425317,-0.3352222169425317
2026-04-28,063440,0.3556709478154194,0.3556709478154194
2026-04-28,063570,0.6100575145758278,0.6100575145758278
2026-04-28,063760,0.7232915843529357,0.7232915843529357
2026-04-28,064090,-0.3216363141009682,-0.3216363141009682
2026-04-28,064240,0.07397134300027153,0.07397134300027153
2026-04-28,064260,-0.1332342610644721,-0.1332342610644721
2026-04-28,064290,-0.2380051805960674,-0.2380051805960674
2026-04-28,064480,-0.14234371129620432,-0.14234371129620432
2026-04-28,064520,0.5469340219242819,0.5469340219242819
2026-04-28,064550,-0.008488899938552681,-0.008488899938552681
2026-04-28,064760,0.8972287328702455,0.8972287328702455
2026-04-28,064800,0.3120094770513315,0.3120094770513315
2026-04-28,064820,0.34079000205038307,0.34079000205038307
2026-04-28,064850,-0.04818406428406725,-0.04818406428406725
2026-04-28,065060,-0.48780862329315644,-0.48780862329315644
2026-04-28,065130,0.15868128766989084,0.15868128766989084
2026-04-28,065150,0.6685115216098311,0.6685115216098311
2026-04-28,065170,-1.148833356237786,-1.148833356237786
2026-04-28,065350,0.11968851967407143,0.11968851967407143
2026-04-28,065370,0.09990330747123026,0.09990330747123026
2026-04-28,065420,-0.4403117068588414,-0.4403117068588414
2026-04-28,065440,0.01978313917216118,0.01978313917216118
2026-04-28,065450,0.10550047175917998,0.10550047175917998
2026-04-28,065500,0.00869132826891219,0.00869132826891219
2026-04-28,065510,0.2920493110778059,0.2920493110778059
2026-04-28,065530,0.0014182353343584336,0.0014182353343584336
2026-04-28,065570,-0.2962158046955453,-0.2962158046955453
2026-04-28,065650,-0.3618988056693826,-0.3618988056693826
2026-04-28,065660,-0.012301496887899888,-0.012301496887899888
2026-04-28,065680,-0.03768793572818459,-0.03768793572818459
2026-04-28,065690,0.7887052476173682,0.7887052476173682
2026-04-28,065710,0.7928624882076769,0.7928624882076769
2026-04-28,065770,-0.10836935032637372,-0.10836935032637372
2026-04-28,065950,-1.1386434916167585,-1.1386434916167585
2026-04-28,066130,0.4876775895554951,0.4876775895554951
2026-04-28,066310,0.22389553156055914,0.22389553156055914
2026-04-28,066360,0.4599899961453806,0.4599899961453806
2026-04-28,066410,-0.8455249241226341,-0.8455249241226341
2026-04-28,066430,0.020317056275439872,0.020317056275439872
2026-04-28,066590,-0.3476407323499187,-0.3476407323499187
2026-04-28,066620,0.5482352941395798,0.5482352941395798
2026-04-28,066670,1.1921880343328657,1.1921880343328657
2026-04-28,066700,0.3230437464955438,0.3230437464955438
2026-04-28,066790,-0.44350287299771685,-0.44350287299771685
2026-04-28,066900,-1.2074790664662176,-1.2074790664662176
2026-04-28,066910,0.2810042951237112,0.2810042951237112
2026-04-28,066980,-0.1057038033448061,-0.1057038033448061
2026-04-28,067000,-0.3975309991329764,-0.3975309991329764
2026-04-28,067010,0.19921494353706026,0.19921494353706026
2026-04-28,067080,0.0011125047059508814,0.0011125047059508814
2026-04-28,067160,0.22766132684528653,0.22766132684528653
2026-04-28,067170,-0.1536668668573099,-0.1536668668573099
2026-04-28,067280,0.6417214410595364,0.6417214410595364
2026-04-28,067290,0.48603814364674924,0.48603814364674924
2026-04-28,067310,0.2014379177660826,0.2014379177660826
2026-04-28,067370,-0.508754697654181,-0.508754697654181
2026-04-28,067390,-0.035331997944727245,-0.035331997944727245
2026-04-28,067570,-0.44247001926272,-0.44247001926272
2026-04-28,067630,-0.5098056532499944,-0.5098056532499944
2026-04-28,067730,-0.3829978996255092,-0.3829978996255092
2026-04-28,067770,0.39402474752584565,0.39402474752584565
2026-04-28,067900,0.8359073312254779,0.8359073312254779
2026-04-28,067920,-0.13111476655413037,-0.13111476655413037
2026-04-28,067990,0.3875578356209779,0.3875578356209779
2026-04-28,068050,-0.4549922458640199,-0.4549922458640199
2026-04-28,068100,-0.46203505263537176,-0.46203505263537176
2026-04-28,068240,-0.30461301436277577,-0.30461301436277577
2026-04-28,068330,-0.5431202592656383,-0.5431202592656383
2026-04-28,068760,-0.3102604042072942,-0.3102604042072942
2026-04-28,068790,0.908572733259431,0.908572733259431
2026-04-28,068930,0.6722227889883835,0.6722227889883835
2026-04-28,068940,-0.6946104571407561,-0.6946104571407561
2026-04-28,069080,0.391903743947925,0.391903743947925
2026-04-28,069140,0.0547786454489497,0.0547786454489497
2026-04-28,069330,0.4532415740464179,0.4532415740464179
2026-04-28,069410,0.038968330830355884,0.038968330830355884
2026-04-28,069510,0.5199061151386797,0.5199061151386797
2026-04-28,069540,-0.3669140901588571,-0.3669140901588571
2026-04-28,069920,-0.0003429097956628869,-0.0003429097956628869
2026-04-28,070300,-0.07696963095606703,-0.07696963095606703
2026-04-28,070590,-0.05074836472558895,-0.05074836472558895
2026-04-28,071200,0.9032729403714082,0.9032729403714082
2026-04-28,071280,0.49637309575628696,0.49637309575628696
2026-04-28,071670,-0.2290450049950189,-0.2290450049950189
2026-04-28,071850,-0.2974812075306863,-0.2974812075306863
2026-04-28,072020,-0.4870568305380784,-0.4870568305380784
2026-04-28,072470,0.23181461468881104,0.23181461468881104
2026-04-28,072770,-0.5122758181747236,-0.5122758181747236
2026-04-28,072870,0.37909919927424723,0.37909919927424723
2026-04-28,072950,0.2641279747502293,0.2641279747502293
2026-04-28,072990,0.375943274479338,0.375943274479338
2026-04-28,073010,-0.05038333482053785,-0.05038333482053785
2026-04-28,073110,-0.18454406086526115,-0.18454406086526115
2026-04-28,073190,-0.11186769120558611,-0.11186769120558611
2026-04-28,073490,-0.23623624295983933,-0.23623624295983933
2026-04-28,073540,0.36032347367852297,0.36032347367852297
2026-04-28,073560,0.39387756211803254,0.39387756211803254
2026-04-28,073570,-0.8693623224402913,-0.8693623224402913
2026-04-28,073640,-0.5743445540263921,-0.5743445540263921
2026-04-28,074430,0.20735632982889596,0.20735632982889596
2026-04-28,074600,0.42926442418793587,0.42926442418793587
2026-04-28,075130,0.3790551301033499,0.3790551301033499
2026-04-28,075970,0.4098387277932565,0.4098387277932565
2026-04-28,076080,-1.2348429695803205,-1.2348429695803205
2026-04-28,076610,-0.8799359824513698,-0.8799359824513698
2026-04-28,077360,-0.7688840919428126,-0.7688840919428126
2026-04-28,078020,0.5278114614902513,0.5278114614902513
2026-04-28,078070,0.4485284672072201,0.4485284672072201
2026-04-28,078130,-0.41140538966274687,-0.41140538966274687
2026-04-28,078140,0.5256786405154364,0.5256786405154364
2026-04-28,078150,0.44102285892076853,0.44102285892076853
2026-04-28,078160,-0.26501141083695956,-0.26501141083695956
2026-04-28,078340,0.47340007924727384,0.47340007924727384
2026-04-28,078350,0.47359555138358195,0.47359555138358195
2026-04-28,078590,-0.15556447093470574,-0.15556447093470574
2026-04-28,078600,-0.2922807709405073,-0.2922807709405073
2026-04-28,078860,-0.09410297857751898,-0.09410297857751898
2026-04-28,078890,-0.06736526112173864,-0.06736526112173864
2026-04-28,079000,-0.2606613222398547,-0.2606613222398547
2026-04-28,079170,-0.4631298164042164,-0.4631298164042164
2026-04-28,079190,-0.32143119986771024,-0.32143119986771024
2026-04-28,079370,0.02859193036278066,0.02859193036278066
2026-04-28,079650,0.3719216419904542,0.3719216419904542
2026-04-28,079810,0.35777875588977953,0.35777875588977953
2026-04-28,079940,0.05440898575828008,0.05440898575828008
2026-04-28,079950,-1.0084293437367737,-1.0084293437367737
2026-04-28,079960,0.2809667969509464,0.2809667969509464
2026-04-28,079970,0.6450855963385889,0.6450855963385889
2026-04-28,080010,0.5895559879280685,0.5895559879280685
2026-04-28,080160,0.3211664588764878,0.3211664588764878
2026-04-28,080220,0.6187369270020393,0.6187369270020393
2026-04-28,080420,-0.23264931436773728,-0.23264931436773728
2026-04-28,080470,0.12558584556496938,0.12558584556496938
2026-04-28,080520,0.4720881933078196,0.4720881933078196
2026-04-28,080530,0.1687521837268332,0.1687521837268332
2026-04-28,080580,0.12142490349577177,0.12142490349577177
2026-04-28,080720,-0.26524791552236016,-0.26524791552236016
2026-04-28,081150,-0.41984652408116924,-0.41984652408116924
2026-04-28,081180,-0.4341070732982066,-0.4341070732982066
2026-04-28,081580,0.5795012376782231,0.5795012376782231
2026-04-28,082210,-0.5783460757010258,-0.5783460757010258
2026-04-28,082270,-0.42026783094726694,-0.42026783094726694
2026-04-28,082660,-1.028111584235867,-1.028111584235867
2026-04-28,082800,-0.5467210437085523,-0.5467210437085523
2026-04-28,082850,-0.4827068837322155,-0.4827068837322155
2026-04-28,082920,0.24589256909707705,0.24589256909707705
2026-04-28,083310,-0.2375019123650839,-0.2375019123650839
2026-04-28,083450,0.06525129402758502,0.06525129402758502
2026-04-28,083470,-0.3793576068841404,-0.3793576068841404
2026-04-28,083500,0.15586972131015328,0.15586972131015328
2026-04-28,083550,0.4099957468220787,0.4099957468220787
2026-04-28,083640,-0.2182780037290174,-0.2182780037290174
2026-04-28,083650,0.26584321191918847,0.26584321191918847
2026-04-28,083660,-0.6050208752535993,-0.6050208752535993
2026-04-28,083790,0.2747793757298442,0.2747793757298442
2026-04-28,083930,0.6761786633805588,0.6761786633805588
2026-04-28,084110,0.6174889369698787,0.6174889369698787
2026-04-28,084180,-0.41703483116717377,-0.41703483116717377
2026-04-28,084370,0.2558138674013321,0.2558138674013321
2026-04-28,084440,0.23625812214368933,0.23625812214368933
2026-04-28,084650,-0.22200661779187528,-0.22200661779187528
2026-04-28,084730,-0.3182773597120518,-0.3182773597120518
2026-04-28,084850,-0.7682207178143718,-0.7682207178143718
2026-04-28,084990,0.07112790852440583,0.07112790852440583
2026-04-28,085660,-0.3704250081446,-0.3704250081446
2026-04-28,085670,0.07779085640466533,0.07779085640466533
2026-04-28,085810,0.16298171430385747,0.16298171430385747
2026-04-28,085910,-0.1357244256959243,-0.1357244256959243
2026-04-28,086040,-0.08946967541933276,-0.08946967541933276
2026-04-28,086060,0.06302305888597429,0.06302305888597429
2026-04-28,086390,-0.4218544291357765,-0.4218544291357765
2026-04-28,086450,0.1262827949922731,0.1262827949922731
2026-04-28,086520,-0.8028315708069504,-0.8028315708069504
2026-04-28,086670,0.7495347039373675,0.7495347039373675
2026-04-28,086710,0.08838443511089623,0.08838443511089623
2026-04-28,086820,-0.08055074698713435,-0.08055074698713435
2026-04-28,086890,-0.07239162612658846,-0.07239162612658846
2026-04-28,086900,0.3194976359598256,0.3194976359598256
2026-04-28,086960,0.14493459983695162,0.14493459983695162
2026-04-28,086980,-0.4242315020798985,-0.4242315020798985
2026-04-28,087010,-0.0025679671327746567,-0.0025679671327746567
2026-04-28,087260,-0.2962952314593008,-0.2962952314593008
2026-04-28,087600,0.5417375666752802,0.5417375666752802
2026-04-28,088130,0.9476417349383086,0.9476417349383086
2026-04-28,088280,0.006894699525731365,0.006894699525731365
2026-04-28,088290,-0.19882468290705468,-0.19882468290705468
2026-04-28,088340,-0.5778531044282361,-0.5778531044282361
2026-04-28,088390,-0.025480933088082264,-0.025480933088082264
2026-04-28,088800,-0.460256251869962,-0.460256251869962
2026-04-28,088910,0.8251964734298388,0.8251964734298388
2026-04-28,089010,0.37784363548936045,0.37784363548936045
2026-04-28,089030,0.29952547284785697,0.29952547284785697
2026-04-28,089140,0.13926327224791313,0.13926327224791313
2026-04-28,089150,-0.07855499527745197,-0.07855499527745197
2026-04-28,089230,-0.4365883092221318,-0.4365883092221318
2026-04-28,089600,0.06297336456581479,0.06297336456581479
2026-04-28,089790,-0.12021526791235632,-0.12021526791235632
2026-04-28,089850,-0.09344818658569512,-0.09344818658569512
2026-04-28,089890,0.31325342542242685,0.31325342542242685
2026-04-28,089970,0.17612602762274052,0.17612602762274052
2026-04-28,089980,0.13545209151841145,0.13545209151841145
2026-04-28,090150,0.06979414956765849,0.06979414956765849
2026-04-28,090360,-0.07338036179133522,-0.07338036179133522
2026-04-28,090410,0.21129787965453944,0.21129787965453944
2026-04-28,090470,-0.10323058788638345,-0.10323058788638345
2026-04-28,090710,-0.11581697127071051,-0.11581697127071051
2026-04-28,090850,-0.06866437636445472,-0.06866437636445472
2026-04-28,091120,-0.11801598738639935,-0.11801598738639935
2026-04-28,091340,0.6756815981504347,0.6756815981504347
2026-04-28,091440,-0.67630560059511,-0.67630560059511
2026-04-28,091580,-0.028642631218488004,-0.028642631218488004
2026-04-28,091590,0.5601183606861475,0.5601183606861475
2026-04-28,091700,0.23781453117124857,0.23781453117124857
2026-04-28,091970,-0.634392097856331,-0.634392097856331
2026-04-28,092040,-0.959323209020313,-0.959323209020313
2026-04-28,092070,-0.041993055609196084,-0.041993055609196084
2026-04-28,092130,0.1568555497346653,0.1568555497346653
2026-04-28,092190,-0.8345444553473215,-0.8345444553473215
2026-04-28,092300,0.4871380565408908,0.4871380565408908
2026-04-28,092460,0.48245874580713954,0.48245874580713954
2026-04-28,092600,0.7065089514913567,0.7065089514913567
2026-04-28,092730,0.819173353630127,0.819173353630127
2026-04-28,092870,0.12996588810423226,0.12996588810423226
2026-04-28,093190,0.8894833747738897,0.8894833747738897
2026-04-28,093320,0.09392083232101536,0.09392083232101536
2026-04-28,093380,0.2832974107134074,0.2832974107134074
2026-04-28,093520,0.5051681240253513,0.5051681240253513
2026-04-28,093640,-0.47327489470972356,-0.47327489470972356
2026-04-28,093920,0.5069211840631153,0.5069211840631153
2026-04-28,094170,-0.33826363535707044,-0.33826363535707044
2026-04-28,094360,0.3154545326510159,0.3154545326510159
2026-04-28,094480,0.01745946962584903,0.01745946962584903
2026-04-28,094820,0.5399009038333623,0.5399009038333623
2026-04-28,094840,0.7597422918248261,0.7597422918248261
2026-04-28,094850,-0.1784917266172474,-0.1784917266172474
2026-04-28,094860,-0.6520196185183662,-0.6520196185183662
2026-04-28,094940,0.0046643984399537125,0.0046643984399537125
2026-04-28,094970,0.6958930773825941,0.6958930773825941
2026-04-28,095190,-0.2662800259896181,-0.2662800259896181
2026-04-28,095270,0.003281918175503124,0.003281918175503124
2026-04-28,095340,0.05311449629964138,0.05311449629964138
2026-04-28,095500,-0.05421852554736606,-0.05421852554736606
2026-04-28,095610,-0.006431152234127546,-0.006431152234127546
2026-04-28,095660,0.3247551788451419,0.3247551788451419
2026-04-28,095700,-0.45995028286777606,-0.45995028286777606
2026-04-28,095910,-0.167516061093987,-0.167516061093987
2026-04-28,096240,0.37235270212803656,0.37235270212803656
2026-04-28,096250,0.20012390755620704,0.20012390755620704
2026-04-28,096350,-0.3727947807300544,-0.3727947807300544
2026-04-28,096530,0.3838071016898351,0.3838071016898351
2026-04-28,096610,0.24471016073554788,0.24471016073554788
2026-04-28,096630,0.5728427265647318,0.5728427265647318
2026-04-28,096690,-0.07603345255025032,-0.07603345255025032
2026-04-28,096870,-0.4034503365855945,-0.4034503365855945
2026-04-28,097780,-0.1260751146750581,-0.1260751146750581
2026-04-28,097800,-0.8239266845222116,-0.8239266845222116
2026-04-28,097870,0.15247019163919412,0.15247019163919412
2026-04-28,098070,0.6619276629331764,0.6619276629331764
2026-04-28,098120,0.12465663372051425,0.12465663372051425
2026-04-28,098460,0.630095187162899,0.630095187162899
2026-04-28,098660,-0.6622402486915426,-0.6622402486915426
2026-04-28,099190,0.018672337134527626,0.018672337134527626
2026-04-28,099220,-0.13988786579931187,-0.13988786579931187
2026-04-28,099320,0.04660505655562136,0.04660505655562136
2026-04-28,099390,0.5848671526758009,0.5848671526758009
2026-04-28,099410,0.22644848357347397,0.22644848357347397
2026-04-28,099430,0.09927702230237179,0.09927702230237179
2026-04-28,099440,-0.8177373153445917,-0.8177373153445917
2026-04-28,099520,-0.17467938449929651,-0.17467938449929651
2026-04-28,099750,0.27529562478321334,0.27529562478321334
2026-04-28,100030,0.4400431272052842,0.4400431272052842
2026-04-28,100120,0.4627912553598729,0.4627912553598729
2026-04-28,100130,0.10053261927321339,0.10053261927321339
2026-04-28,100590,-0.1320825104163189,-0.1320825104163189
2026-04-28,100660,0.14045668518479765,0.14045668518479765
2026-04-28,100700,0.7733304159491567,0.7733304159491567
2026-04-28,100790,0.234125279570279,0.234125279570279
2026-04-28,101000,-0.41370163895036544,-0.41370163895036544
2026-04-28,101160,0.08035555827505045,0.08035555827505045
2026-04-28,101170,0.02142355982833205,0.02142355982833205
2026-04-28,101240,0.6052841495418003,0.6052841495418003
2026-04-28,101330,0.5906282096535375,0.5906282096535375
2026-04-28,101360,-0.4502580880065924,-0.4502580880065924
2026-04-28,101390,-1.0274175978685849,-1.0274175978685849
2026-04-28,101400,-0.1399290446506694,-0.1399290446506694
2026-04-28,101490,0.29418970682852147,0.29418970682852147
2026-04-28,101670,-0.1053978608549049,-0.1053978608549049
2026-04-28,101680,0.10729221433331192,0.10729221433331192
2026-04-28,101730,-0.25019539319963235,-0.25019539319963235
2026-04-28,101930,-0.07276736706089784,-0.07276736706089784
2026-04-28,101970,-0.2885233800310548,-0.2885233800310548
2026-04-28,102120,0.5399013158436565,0.5399013158436565
2026-04-28,102370,-0.2941450511557693,-0.2941450511557693
2026-04-28,102710,0.42099687622540216,0.42099687622540216
2026-04-28,102940,0.8078518734046173,0.8078518734046173
2026-04-28,103230,0.17812088288597414,0.17812088288597414
2026-04-28,103840,-0.5144495286597257,-0.5144495286597257
2026-04-28,104040,-0.16621440083636033,-0.16621440083636033
2026-04-28,104200,-0.30604926610720407,-0.30604926610720407
2026-04-28,104460,0.7159270639308073,0.7159270639308073
2026-04-28,104480,0.29966658328816387,0.29966658328816387
2026-04-28,104540,0.659503789011382,0.659503789011382
2026-04-28,104620,-0.25872884185817335,-0.25872884185817335
2026-04-28,104830,0.3448031165684494,0.3448031165684494
2026-04-28,105330,-0.0011269837489432718,-0.0011269837489432718
2026-04-28,105550,0.3744323614600598,0.3744323614600598
2026-04-28,105740,0.1736275856809017,0.1736275856809017
2026-04-28,105760,0.22520920963717542,0.22520920963717542
2026-04-28,106080,0.05997240484380985,0.05997240484380985
2026-04-28,106190,-0.36626115315239266,-0.36626115315239266
2026-04-28,106240,-0.45373788261250175,-0.45373788261250175
2026-04-28,106520,-0.29786938350188574,-0.29786938350188574
2026-04-28,107600,-0.26583588207627823,-0.26583588207627823
2026-04-28,107640,-0.12161515844063334,-0.12161515844063334
2026-04-28,108230,0.16174887932423887,0.16174887932423887
2026-04-28,108380,0.5194550871041188,0.5194550871041188
2026-04-28,108490,0.3747938677456118,0.3747938677456118
2026-04-28,108860,-0.1600474804223646,-0.1600474804223646
2026-04-28,109080,-0.21425890153555105,-0.21425890153555105
2026-04-28,109610,-0.1994090964474947,-0.1994090964474947
2026-04-28,109670,-0.30090405196285586,-0.30090405196285586
2026-04-28,109740,-0.11025708364749252,-0.11025708364749252
2026-04-28,109820,0.08974097890637585,0.08974097890637585
2026-04-28,109860,0.45337670707399436,0.45337670707399436
2026-04-28,109960,0.8179923720091495,0.8179923720091495
2026-04-28,110020,0.41430613068030836,0.41430613068030836
2026-04-28,110790,0.3615839142362933,0.3615839142362933
2026-04-28,110990,0.23314441947692344,0.23314441947692344
2026-04-28,111710,-0.26045219606337305,-0.26045219606337305
2026-04-28,112040,-0.18118064915985133,-0.18118064915985133
2026-04-28,112290,-0.6173520008268643,-0.6173520008268643
2026-04-28,113810,-0.23759916630355435,-0.23759916630355435
2026-04-28,114190,-0.6662641748544051,-0.6662641748544051
2026-04-28,114450,0.25200624133957106,0.25200624133957106
2026-04-28,114630,0.5253258426239117,0.5253258426239117
2026-04-28,114810,0.24849782848510643,0.24849782848510643
2026-04-28,114840,0.11217228146542467,0.11217228146542467
2026-04-28,115160,-0.5666799423840915,-0.5666799423840915
2026-04-28,115180,-0.24465212432666752,-0.24465212432666752
2026-04-28,115310,0.41284677762800215,0.41284677762800215
2026-04-28,115440,0.36299824854314616,0.36299824854314616
2026-04-28,115450,-0.4939266922918222,-0.4939266922918222
2026-04-28,115480,0.38857524181077324,0.38857524181077324
2026-04-28,115500,-0.3503939812499225,-0.3503939812499225
2026-04-28,115530,-0.653100823187257,-0.653100823187257
2026-04-28,115570,0.8342860839090309,0.8342860839090309
2026-04-28,115610,-0.8750122142064743,-0.8750122142064743
2026-04-28,117670,-0.13263685748934653,-0.13263685748934653
2026-04-28,117730,-0.8325972287497698,-0.8325972287497698
2026-04-28,118990,0.5479922750593502,0.5479922750593502
2026-04-28,119500,-0.4621600807035718,-0.4621600807035718
2026-04-28,119610,0.23141703606350655,0.23141703606350655
2026-04-28,119830,0.302820093928433,0.302820093928433
2026-04-28,119850,-0.07923841494627352,-0.07923841494627352
2026-04-28,120240,0.39984065455836426,0.39984065455836426
2026-04-28,121440,0.5727802358396015,0.5727802358396015
2026-04-28,121600,-0.010406518268834148,-0.010406518268834148
2026-04-28,121800,0.5673370604850531,0.5673370604850531
2026-04-28,121850,-1.2746424004627868,-1.2746424004627868
2026-04-28,121890,-0.31671840058201944,-0.31671840058201944
2026-04-28,122310,0.45479379930457803,0.45479379930457803
2026-04-28,122350,-0.11415292824206512,-0.11415292824206512
2026-04-28,122450,0.5310562042205841,0.5310562042205841
2026-04-28,122640,-0.4883730087620346,-0.4883730087620346
2026-04-28,122690,-0.24239393783397617,-0.24239393783397617
2026-04-28,122870,0.24844822497037078,0.24844822497037078
2026-04-28,122990,0.07342915389937392,0.07342915389937392
2026-04-28,123010,-0.3917328723373447,-0.3917328723373447
2026-04-28,123040,-0.7540827005215325,-0.7540827005215325
2026-04-28,123330,0.46126980996648004,0.46126980996648004
2026-04-28,123410,0.04936728654128949,0.04936728654128949
2026-04-28,123420,0.910939646500678,0.910939646500678
2026-04-28,123570,0.5542755438425684,0.5542755438425684
2026-04-28,123750,-0.11231336956404678,-0.11231336956404678
2026-04-28,123840,-0.46805729783816685,-0.46805729783816685
2026-04-28,123860,0.8074248941549478,0.8074248941549478
2026-04-28,124500,0.3955737581320068,0.3955737581320068
2026-04-28,124560,0.037633300197974257,0.037633300197974257
2026-04-28,125020,0.4677878443942718,0.4677878443942718
2026-04-28,125210,0.009919556387032801,0.009919556387032801
2026-04-28,125490,-0.16734869014467582,-0.16734869014467582
2026-04-28,126340,-0.1586216068853864,-0.1586216068853864
2026-04-28,126600,0.21733237396154115,0.21733237396154115
2026-04-28,126640,-0.05482012179334528,-0.05482012179334528
2026-04-28,126700,0.40931226745480487,0.40931226745480487
2026-04-28,126730,0.25232702562005604,0.25232702562005604
2026-04-28,126880,0.04852704229614958,0.04852704229614958
2026-04-28,127120,-0.6212445581677517,-0.6212445581677517
2026-04-28,127710,-0.07294205521280443,-0.07294205521280443
2026-04-28,127980,-0.2777082098591246,-0.2777082098591246
2026-04-28,128540,-0.11556399717461822,-0.11556399717461822
2026-04-28,128660,0.3734135605144135,0.3734135605144135
2026-04-28,129890,0.14265650125842144,0.14265650125842144
2026-04-28,129920,-0.5687146822848989,-0.5687146822848989
2026-04-28,130500,-0.3196449281511745,-0.3196449281511745
2026-04-28,130580,0.40895385393904815,0.40895385393904815
2026-04-28,130740,0.11371444240911903,0.11371444240911903
2026-04-28,131030,0.28652878311501,0.28652878311501
2026-04-28,131090,0.49691080120423897,0.49691080120423897
2026-04-28,131100,-0.020064991679867767,-0.020064991679867767
2026-04-28,131180,0.8057317291341819,0.8057317291341819
2026-04-28,131220,0.19847006103018952,0.19847006103018952
2026-04-28,131290,-0.09370826080233333,-0.09370826080233333
2026-04-28,131370,0.015078438983462818,0.015078438983462818
2026-04-28,131400,-0.34364348892611407,-0.34364348892611407
2026-04-28,131760,-0.5731254466796494,-0.5731254466796494
2026-04-28,131970,0.5546954613296214,0.5546954613296214
2026-04-28,133750,0.3616215466930886,0.3616215466930886
2026-04-28,134060,-0.2170359743009272,-0.2170359743009272
2026-04-28,134580,-0.1293459302394035,-0.1293459302394035
2026-04-28,136150,-0.3556829514704429,-0.3556829514704429
2026-04-28,136410,0.36442435589507727,0.36442435589507727
2026-04-28,136480,-0.0693974851534262,-0.0693974851534262
2026-04-28,136540,0.2179171800772101,0.2179171800772101
2026-04-28,137080,1.3083096517834227,1.3083096517834227
2026-04-28,137400,-0.021533431138802017,-0.021533431138802017
2026-04-28,137940,-0.4527197692256771,-0.4527197692256771
2026-04-28,137950,-0.10218625254515842,-0.10218625254515842
2026-04-28,138070,0.3264992880398971,0.3264992880398971
2026-04-28,138080,-0.5478177650889198,-0.5478177650889198
2026-04-28,138360,0.6975445393510726,0.6975445393510726
2026-04-28,138610,-0.29483125265020244,-0.29483125265020244
2026-04-28,139050,0.2259604167202861,0.2259604167202861
2026-04-28,139670,0.4303426957421397,0.4303426957421397
2026-04-28,140070,-0.4317190530578337,-0.4317190530578337
2026-04-28,140410,-0.5758740986008428,-0.5758740986008428
2026-04-28,140430,-0.1254479836831212,-0.1254479836831212
2026-04-28,140520,0.9700627587655363,0.9700627587655363
2026-04-28,140670,-0.3432657488144202,-0.3432657488144202
2026-04-28,140860,0.352695367581029,0.352695367581029
2026-04-28,141000,0.14392863010676923,0.14392863010676923
2026-04-28,141080,-0.06349845037967182,-0.06349845037967182
2026-04-28,142210,0.6530603878102478,0.6530603878102478
2026-04-28,142280,0.16209327267737272,0.16209327267737272
2026-04-28,142760,-0.49434938256711014,-0.49434938256711014
2026-04-28,143160,0.2991163859024884,0.2991163859024884
2026-04-28,143240,0.4876649015785442,0.4876649015785442
2026-04-28,143540,0.11464358669612984,0.11464358669612984
2026-04-28,144510,-0.34208112897534654,-0.34208112897534654
2026-04-28,144960,0.1816777339534355,0.1816777339534355
2026-04-28,145020,0.14832345171379419,0.14832345171379419
2026-04-28,145170,0.08584642738768782,0.08584642738768782
2026-04-28,146060,0.591384722900187,0.591384722900187
2026-04-28,146320,0.3246043825041652,0.3246043825041652
2026-04-28,147760,0.10359217297766168,0.10359217297766168
2026-04-28,147830,-0.2285620603522343,-0.2285620603522343
2026-04-28,148150,0.09249621708297848,0.09249621708297848
2026-04-28,148250,0.02540573131402253,0.02540573131402253
2026-04-28,148780,-0.5196461011253883,-0.5196461011253883
2026-04-28,148930,0.18229823650586363,0.18229823650586363
2026-04-28,149950,0.2849282743700661,0.2849282743700661
2026-04-28,149980,0.37875173630766557,0.37875173630766557
2026-04-28,150900,0.2927806266380193,0.2927806266380193
2026-04-28,151860,0.7626810233789817,0.7626810233789817
2026-04-28,153460,0.06037346448563003,0.06037346448563003
2026-04-28,153490,-0.10458981719685456,-0.10458981719685456
2026-04-28,153710,-0.2986538397163188,-0.2986538397163188
2026-04-28,154030,0.19175221674328025,0.19175221674328025
2026-04-28,154040,-0.41953644722373706,-0.41953644722373706
2026-04-28,155650,0.551780762419846,0.551780762419846
2026-04-28,156100,-0.6717060742157134,-0.6717060742157134
2026-04-28,158430,0.08530827129442656,0.08530827129442656
2026-04-28,159010,-0.03312700364278288,-0.03312700364278288
2026-04-28,159580,0.01869209836733518,0.01869209836733518
2026-04-28,159910,-0.63737705276902,-0.63737705276902
2026-04-28,160190,-0.19157630560703443,-0.19157630560703443
2026-04-28,160550,0.18091805660721053,0.18091805660721053
2026-04-28,160980,0.5273330927205842,0.5273330927205842
2026-04-28,161580,-0.4373811656739343,-0.4373811656739343
2026-04-28,162300,0.12522343094353738,0.12522343094353738
2026-04-28,163280,0.2915738367552749,0.2915738367552749
2026-04-28,163730,0.18675335353115083,0.18675335353115083
2026-04-28,166090,0.3160060605198958,0.3160060605198958
2026-04-28,166480,-0.5312252986375398,-0.5312252986375398
2026-04-28,168330,0.01550753983960896,0.01550753983960896
2026-04-28,168360,-0.5669335100751896,-0.5669335100751896
2026-04-28,169330,-0.04125168311648457,-0.04125168311648457
2026-04-28,170030,0.6882790809700293,0.6882790809700293
2026-04-28,170790,0.35273210192965393,0.35273210192965393
2026-04-28,170920,0.0900932834702881,0.0900932834702881
2026-04-28,171010,-0.4314617344206033,-0.4314617344206033
2026-04-28,171090,0.9157462851971924,0.9157462851971924
2026-04-28,171120,0.09066509203956964,0.09066509203956964
2026-04-28,172670,0.10402650739664362,0.10402650739664362
2026-04-28,173130,0.03752502575884793,0.03752502575884793
2026-04-28,173940,-1.1140221392304408,-1.1140221392304408
2026-04-28,174900,-0.06826565942223665,-0.06826565942223665
2026-04-28,175140,-0.6227870901187122,-0.6227870901187122
2026-04-28,175250,-0.8636429127736474,-0.8636429127736474
2026-04-28,176750,0.1179496598987323,0.1179496598987323
2026-04-28,177350,1.1409548835396282,1.1409548835396282
2026-04-28,177830,-0.11401705047260821,-0.11401705047260821
2026-04-28,177900,0.13827497436832015,0.13827497436832015
2026-04-28,178320,-0.7381621943994998,-0.7381621943994998
2026-04-28,178780,0.5353907740402539,0.5353907740402539
2026-04-28,179290,0.4887266891076587,0.4887266891076587
2026-04-28,179530,-0.7792703858179687,-0.7792703858179687
2026-04-28,179900,-0.6639595829276878,-0.6639595829276878
2026-04-28,180400,-0.2701197091956023,-0.2701197091956023
2026-04-28,182360,-0.09634204701249627,-0.09634204701249627
2026-04-28,182400,-0.318677019320139,-0.318677019320139
2026-04-28,183300,-0.20615862692438292,-0.20615862692438292
2026-04-28,183490,0.2038400764803073,0.2038400764803073
2026-04-28,184230,0.563381498600301,0.563381498600301
2026-04-28,185490,0.05800191550785258,0.05800191550785258
2026-04-28,186230,-0.6443500957362658,-0.6443500957362658
2026-04-28,187220,0.5458857137678743,0.5458857137678743
2026-04-28,187270,0.27568076002463215,0.27568076002463215
2026-04-28,187420,0.6450790192941331,0.6450790192941331
2026-04-28,187660,-0.6269023296418541,-0.6269023296418541
2026-04-28,187790,0.4027856679604999,0.4027856679604999
2026-04-28,187870,0.5264675233171678,0.5264675233171678
2026-04-28,188040,-0.44330446901106396,-0.44330446901106396
2026-04-28,188260,-0.23380952007646116,-0.23380952007646116
2026-04-28,189300,-0.06449069146473742,-0.06449069146473742
2026-04-28,189330,-0.3153146091078488,-0.3153146091078488
2026-04-28,189690,0.19948143827497897,0.19948143827497897
2026-04-28,189860,-0.041269066104268684,-0.041269066104268684
2026-04-28,189980,-0.05565578877462969,-0.05565578877462969
2026-04-28,190510,0.2799339243311891,0.2799339243311891
2026-04-28,190650,0.11733103137149833,0.11733103137149833
2026-04-28,191410,0.14574403128166208,0.14574403128166208
2026-04-28,191420,-0.15771359540838925,-0.15771359540838925
2026-04-28,192250,0.42467638835288574,0.42467638835288574
2026-04-28,192390,0.2964381571649052,0.2964381571649052
2026-04-28,192410,-1.1791890899998587,-1.1791890899998587
2026-04-28,192440,0.4717394944204033,0.4717394944204033
2026-04-28,193250,0.06468738322344378,0.06468738322344378
2026-04-28,194480,-0.03230415330593736,-0.03230415330593736
2026-04-28,194700,0.18999890762906396,0.18999890762906396
2026-04-28,195500,0.28514611081599145,0.28514611081599145
2026-04-28,195940,0.45982570248440785,0.45982570248440785
2026-04-28,195990,-0.7884308415496609,-0.7884308415496609
2026-04-28,196170,0.5233584631559973,0.5233584631559973
2026-04-28,196300,-0.9931269468702169,-0.9931269468702169
2026-04-28,196450,0.15535496078096714,0.15535496078096714
2026-04-28,196490,-0.36335925765809096,-0.36335925765809096
2026-04-28,196700,0.5428726104627248,0.5428726104627248
2026-04-28,197140,0.2207678535994651,0.2207678535994651
2026-04-28,198080,0.5806668135962412,0.5806668135962412
2026-04-28,198440,-0.49806114302474785,-0.49806114302474785
2026-04-28,198940,-0.426753203223761,-0.426753203223761
2026-04-28,199430,-0.37289361657517245,-0.37289361657517245
2026-04-28,199480,-0.3752359671027578,-0.3752359671027578
2026-04-28,199550,-0.575802984990257,-0.575802984990257
2026-04-28,199730,0.1315145093344478,0.1315145093344478
2026-04-28,199800,-0.4526420037242381,-0.4526420037242381
2026-04-28,199820,0.13991633294571498,0.13991633294571498
2026-04-28,200130,0.1283278023076266,0.1283278023076266
2026-04-28,200230,0.1083788996356467,0.1083788996356467
2026-04-28,200350,-0.3136158846465782,-0.3136158846465782
2026-04-28,200470,-0.33544433539108093,-0.33544433539108093
2026-04-28,200670,-0.2630032059788621,-0.2630032059788621
2026-04-28,200710,0.1480348860221563,0.1480348860221563
2026-04-28,200780,-0.1569672474621453,-0.1569672474621453
2026-04-28,201490,0.33062390590726926,0.33062390590726926
2026-04-28,203400,-0.32734099921849136,-0.32734099921849136
2026-04-28,203450,0.32843449296347044,0.32843449296347044
2026-04-28,203650,0.10815004552902896,0.10815004552902896
2026-04-28,203690,-0.8197987296510211,-0.8197987296510211
2026-04-28,204020,0.557820111757288,0.557820111757288
2026-04-28,204270,-0.6272269298194367,-0.6272269298194367
2026-04-28,204610,0.07739659350232646,0.07739659350232646
2026-04-28,204620,1.304094759544789,1.304094759544789
2026-04-28,204840,-0.2912588413821013,-0.2912588413821013
2026-04-28,205100,0.22622261123020715,0.22622261123020715
2026-04-28,205470,0.04296150428295499,0.04296150428295499
2026-04-28,205500,0.007933539536880294,0.007933539536880294
2026-04-28,206400,0.2320827187036239,0.2320827187036239
2026-04-28,206560,-0.5555977735484848,-0.5555977735484848
2026-04-28,206640,0.6386949913453137,0.6386949913453137
2026-04-28,206650,0.38695045247850063,0.38695045247850063
2026-04-28,207760,-0.24038406250687394,-0.24038406250687394
2026-04-28,208140,0.33545131717542404,0.33545131717542404
2026-04-28,208350,0.20575020573090966,0.20575020573090966
2026-04-28,208370,0.1519709812504186,0.1519709812504186
2026-04-28,208640,-0.4147133208952849,-0.4147133208952849
2026-04-28,208710,0.03324147264481889,0.03324147264481889
2026-04-28,208860,0.07639546635912825,0.07639546635912825
2026-04-28,209640,-0.1841965491095987,-0.1841965491095987
2026-04-28,210120,-0.19733188910561028,-0.19733188910561028
2026-04-28,211050,0.5517971122980444,0.5517971122980444
2026-04-28,211270,0.1751648499510015,0.1751648499510015
2026-04-28,212560,-0.374965125372763,-0.374965125372763
2026-04-28,212710,-0.4935899961985747,-0.4935899961985747
2026-04-28,213420,0.08039014801500735,0.08039014801500735
2026-04-28,214150,0.5698186796500313,0.5698186796500313
2026-04-28,214180,0.595593638263324,0.595593638263324
2026-04-28,214260,-0.48166393336787144,-0.48166393336787144
2026-04-28,214270,-0.12872466244594585,-0.12872466244594585
2026-04-28,214370,0.36588619909576975,0.36588619909576975
2026-04-28,214430,0.3089699293772598,0.3089699293772598
2026-04-28,214450,0.3014287678051643,0.3014287678051643
2026-04-28,214610,-0.5584770943035139,-0.5584770943035139
2026-04-28,214680,-0.18911876850745998,-0.18911876850745998
2026-04-28,215000,0.4532350003181647,0.4532350003181647
2026-04-28,215090,0.22379544307506768,0.22379544307506768
2026-04-28,215100,-0.29412614602238557,-0.29412614602238557
2026-04-28,215200,0.476329146030381,0.476329146030381
2026-04-28,215360,0.28896158065411964,0.28896158065411964
2026-04-28,215380,0.09382501304109624,0.09382501304109624
2026-04-28,215480,-0.3548441640166497,-0.3548441640166497
2026-04-28,215600,-0.15961182000239318,-0.15961182000239318
2026-04-28,215790,-0.15327782242272742,-0.15327782242272742
2026-04-28,216050,0.3612624905316862,0.3612624905316862
2026-04-28,216080,-0.24515880050076116,-0.24515880050076116
2026-04-28,217190,0.04557127531835811,0.04557127531835811
2026-04-28,217270,-0.1519524976277898,-0.1519524976277898
2026-04-28,217330,-0.4168836266135533,-0.4168836266135533
2026-04-28,217480,-0.36055536809494065,-0.36055536809494065
2026-04-28,217500,-0.30388051325648835,-0.30388051325648835
2026-04-28,217620,0.28964054112388304,0.28964054112388304
2026-04-28,217730,-0.2645415507358586,-0.2645415507358586
2026-04-28,217820,-0.16163300163148936,-0.16163300163148936
2026-04-28,218150,-0.695870907827481,-0.695870907827481
2026-04-28,218410,0.38190183242408426,0.38190183242408426
2026-04-28,219130,0.13891052096156964,0.13891052096156964
2026-04-28,219420,0.29673986472351654,0.29673986472351654
2026-04-28,219550,-0.04643394387762608,-0.04643394387762608
2026-04-28,219750,-0.2412100857412707,-0.2412100857412707
2026-04-28,220100,-0.26000307546960066,-0.26000307546960066
2026-04-28,220180,0.6317416300728974,0.6317416300728974
2026-04-28,220260,-0.5151620092687205,-0.5151620092687205
2026-04-28,221800,-0.0666084360344795,-0.0666084360344795
2026-04-28,221840,0.31353164968753033,0.31353164968753033
2026-04-28,221980,0.25477956646081057,0.25477956646081057
2026-04-28,222040,-1.357802475847575,-1.357802475847575
2026-04-28,222080,0.0550153888573463,0.0550153888573463
2026-04-28,222110,0.33629811967142775,0.33629811967142775
2026-04-28,222160,-0.21204077155938822,-0.21204077155938822
2026-04-28,222420,-0.30859568717513675,-0.30859568717513675
2026-04-28,222800,-0.37941872551113837,-0.37941872551113837
2026-04-28,222980,-0.20605060855771923,-0.20605060855771923
2026-04-28,223250,0.5190704030118889,0.5190704030118889
2026-04-28,223310,-1.4126835487412737,-1.4126835487412737
2026-04-28,224060,1.1536105435609698,1.1536105435609698
2026-04-28,224110,0.10989598623860333,0.10989598623860333
2026-04-28,225190,-0.6739984263987945,-0.6739984263987945
2026-04-28,225220,-0.22452060184442005,-0.22452060184442005
2026-04-28,225430,-0.26521037021390076,-0.26521037021390076
2026-04-28,225530,-0.021766896536495023,-0.021766896536495023
2026-04-28,225570,-0.48363999782788997,-0.48363999782788997
2026-04-28,225590,1.377219189233816,1.377219189233816
2026-04-28,226330,-0.15728974698386372,-0.15728974698386372
2026-04-28,226340,-0.15258430065378895,-0.15258430065378895
2026-04-28,226400,0.6868345862089812,0.6868345862089812
2026-04-28,226590,0.24747290705954353,0.24747290705954353
2026-04-28,226950,0.18607451496186433,0.18607451496186433
2026-04-28,227100,-0.005598662969557473,-0.005598662969557473
2026-04-28,227610,-0.44439330468265437,-0.44439330468265437
2026-04-28,227950,0.5445225195189365,0.5445225195189365
2026-04-28,228340,0.5483705044695967,0.5483705044695967
2026-04-28,228670,-0.05148453537670819,-0.05148453537670819
2026-04-28,228760,-0.08896594741948347,-0.08896594741948347
2026-04-28,228850,0.37644424523978076,0.37644424523978076
2026-04-28,229000,-0.4079749941209102,-0.4079749941209102
2026-04-28,230240,-0.05219143369693152,-0.05219143369693152
2026-04-28,230360,0.3745446570672077,0.3745446570672077
2026-04-28,230980,-0.6202415506030096,-0.6202415506030096
2026-04-28,232140,0.5644987844082975,0.5644987844082975
2026-04-28,232680,0.1309361950602497,0.1309361950602497
2026-04-28,232830,-0.7353738488309022,-0.7353738488309022
2026-04-28,234030,0.09102455206529715,0.09102455206529715
2026-04-28,234100,0.6556275371388303,0.6556275371388303
2026-04-28,234300,0.01699160908887224,0.01699160908887224
2026-04-28,234340,0.14897365751668037,0.14897365751668037
2026-04-28,234690,0.5075747452208419,0.5075747452208419
2026-04-28,234920,-0.30094943965913123,-0.30094943965913123
2026-04-28,235980,0.4141310952774421,0.4141310952774421
2026-04-28,236200,0.5541126217545216,0.5541126217545216
2026-04-28,236810,-0.3287210291252404,-0.3287210291252404
2026-04-28,237690,0.8964019223894677,0.8964019223894677
2026-04-28,237750,0.18386963290272823,0.18386963290272823
2026-04-28,237820,0.5071340042274931,0.5071340042274931
2026-04-28,237880,0.3121211455677662,0.3121211455677662
2026-04-28,238090,0.49682199642497404,0.49682199642497404
2026-04-28,238120,0.07160126130830036,0.07160126130830036
2026-04-28,238200,-0.3396067264560818,-0.3396067264560818
2026-04-28,238490,0.1652340632191469,0.1652340632191469
2026-04-28,239340,-0.25862328361375797,-0.25862328361375797
2026-04-28,239610,0.0677154364559657,0.0677154364559657
2026-04-28,239890,0.12354769954273931,0.12354769954273931
2026-04-28,240550,0.266268266760185,0.266268266760185
2026-04-28,240600,0.09518605846224269,0.09518605846224269
2026-04-28,240810,0.6595133739588016,0.6595133739588016
2026-04-28,241520,0.9445897608497865,0.9445897608497865
2026-04-28,241690,-0.22806066012026788,-0.22806066012026788
2026-04-28,241710,0.20104727540825917,0.20104727540825917
2026-04-28,241770,0.33105380638714704,0.33105380638714704
2026-04-28,241790,0.19288255043240293,0.19288255043240293
2026-04-28,241820,-1.144603531576244,-1.144603531576244
2026-04-28,241840,-0.4278901870513318,-0.4278901870513318
2026-04-28,242040,0.03980331056449758,0.03980331056449758
2026-04-28,243070,0.835114628257085,0.835114628257085
2026-04-28,243840,-0.19826703131664958,-0.19826703131664958
2026-04-28,244460,-0.2613640556953712,-0.2613640556953712
2026-04-28,245620,0.11826736830778223,0.11826736830778223
2026-04-28,246250,0.21563393135935927,0.21563393135935927
2026-04-28,246690,0.3434352914311329,0.3434352914311329
2026-04-28,246710,-1.3313732870402668,-1.3313732870402668
2026-04-28,246720,-0.2613640556953712,-0.2613640556953712
2026-04-28,246960,-0.3943354019792758,-0.3943354019792758
2026-04-28,247540,-0.2776365217560891,-0.2776365217560891
2026-04-28,247660,-0.4897465559073222,-0.4897465559073222
2026-04-28,250000,0.03960344857137137,0.03960344857137137
2026-04-28,250060,0.11807535295753072,0.11807535295753072
2026-04-28,250930,-0.3964995584333689,-0.3964995584333689
2026-04-28,251120,0.3076551914743766,0.3076551914743766
2026-04-28,251370,0.023388653081204285,0.023388653081204285
2026-04-28,251630,-0.3330128866378297,-0.3330128866378297
2026-04-28,251970,0.06589386091121258,0.06589386091121258
2026-04-28,252500,0.3476319353188455,0.3476319353188455
2026-04-28,252990,-0.4817301382457539,-0.4817301382457539
2026-04-28,253450,0.32771341054525044,0.32771341054525044
2026-04-28,253590,0.10459952305698086,0.10459952305698086
2026-04-28,253840,-0.24688419494879152,-0.24688419494879152
2026-04-28,254120,-0.4945424842622061,-0.4945424842622061
2026-04-28,254490,0.39662765774638525,0.39662765774638525
2026-04-28,255220,-0.497674553564576,-0.497674553564576
2026-04-28,255440,-0.3142496721127866,-0.3142496721127866
2026-04-28,256150,0.1911894509739268,0.1911894509739268
2026-04-28,256630,-0.20703404642956588,-0.20703404642956588
2026-04-28,256840,0.14769867769225886,0.14769867769225886
2026-04-28,256940,-0.5601217222653266,-0.5601217222653266
2026-04-28,257370,0.2327274514150313,0.2327274514150313
2026-04-28,257720,0.24086516609314432,0.24086516609314432
2026-04-28,258610,-0.3348030630282342,-0.3348030630282342
2026-04-28,258790,0.30712991532500644,0.30712991532500644
2026-04-28,258830,-0.11885864324479556,-0.11885864324479556
2026-04-28,259630,0.05895132135450307,0.05895132135450307
2026-04-28,260660,-0.4933899576685627,-0.4933899576685627
2026-04-28,260930,-0.09753826547923648,-0.09753826547923648
2026-04-28,260970,0.13069402892448648,0.13069402892448648
2026-04-28,261200,-0.7897255730653074,-0.7897255730653074
2026-04-28,261520,-0.4467771362218388,-0.4467771362218388
2026-04-28,261780,-0.3926271335716698,-0.3926271335716698
2026-04-28,262260,-0.10206713634377332,-0.10206713634377332
2026-04-28,262840,0.19167024235254393,0.19167024235254393
2026-04-28,263020,0.022902120374395284,0.022902120374395284
2026-04-28,263050,-0.787801975458828,-0.787801975458828
2026-04-28,263600,0.17663675401143944,0.17663675401143944
2026-04-28,263690,0.33713798406111145,0.33713798406111145
2026-04-28,263700,0.5621055007580992,0.5621055007580992
2026-04-28,263720,0.550140678942953,0.550140678942953
2026-04-28,263750,0.15597766762788068,0.15597766762788068
2026-04-28,263770,0.2822574601738692,0.2822574601738692
2026-04-28,263800,-0.19615938158134705,-0.19615938158134705
2026-04-28,263810,0.49544931413148896,0.49544931413148896
2026-04-28,263860,0.24544924429920092,0.24544924429920092
2026-04-28,263920,0.6650822208735553,0.6650822208735553
2026-04-28,264450,0.5225656260493128,0.5225656260493128
2026-04-28,264660,0.3511338193743011,0.3511338193743011
2026-04-28,264850,0.20497374365866583,0.20497374365866583
2026-04-28,265520,0.8179093055390939,0.8179093055390939
2026-04-28,265560,0.519454238763393,0.519454238763393
2026-04-28,265740,-0.22004539904095097,-0.22004539904095097
2026-04-28,267320,-0.48891675209215,-0.48891675209215
2026-04-28,267790,0.4660785205268212,0.4660785205268212
2026-04-28,267980,0.772795479534201,0.772795479534201
2026-04-28,269620,-0.3226504422092648,-0.3226504422092648
2026-04-28,270520,0.03770157793364103,0.03770157793364103
2026-04-28,270660,-0.11738290212297443,-0.11738290212297443
2026-04-28,270870,-0.1758151750920747,-0.1758151750920747
2026-04-28,271830,0.11922229904751619,0.11922229904751619
2026-04-28,272110,0.3463285422264097,0.3463285422264097
2026-04-28,272290,0.128250145760392,0.128250145760392
2026-04-28,273060,0.4344306244594294,0.4344306244594294
2026-04-28,273640,0.02309969376981074,0.02309969376981074
2026-04-28,274090,-0.16320070044935706,-0.16320070044935706
2026-04-28,274400,-0.3605129898234211,-0.3605129898234211
2026-04-28,275630,-0.3602558524111895,-0.3602558524111895
2026-04-28,276040,-0.5527907438033834,-0.5527907438033834
2026-04-28,276730,-1.3562475438028376,-1.3562475438028376
2026-04-28,277070,0.33826006743666953,0.33826006743666953
2026-04-28,277410,-0.1230175461625749,-0.1230175461625749
2026-04-28,277810,0.40338252798341534,0.40338252798341534
2026-04-28,277880,0.027023636402842346,0.027023636402842346
2026-04-28,278280,-0.3539402887166588,-0.3539402887166588
2026-04-28,278650,-0.2800196663942287,-0.2800196663942287
2026-04-28,279600,-0.4075732021817717,-0.4075732021817717
2026-04-28,281740,0.17866444332927683,0.17866444332927683
2026-04-28,282720,0.15170177794214199,0.15170177794214199
2026-04-28,282880,0.010824442395327788,0.010824442395327788
2026-04-28,284620,-0.9264822410352431,-0.9264822410352431
2026-04-28,285490,0.7392938009270994,0.7392938009270994
2026-04-28,285800,-0.039882615721604814,-0.039882615721604814
2026-04-28,286750,-0.7074991671301208,-0.7074991671301208
2026-04-28,287840,-0.5543979494062043,-0.5543979494062043
2026-04-28,288330,-0.6681087107780146,-0.6681087107780146
2026-04-28,288620,-0.398071166203595,-0.398071166203595
2026-04-28,288980,-0.6887726965570726,-0.6887726965570726
2026-04-28,289010,-0.08951426551486509,-0.08951426551486509
2026-04-28,289080,-0.29579785279870036,-0.29579785279870036
2026-04-28,289220,-0.2643940857254624,-0.2643940857254624
2026-04-28,289930,-0.24462050227706697,-0.24462050227706697
2026-04-28,290090,-0.19310132105081745,-0.19310132105081745
2026-04-28,290120,0.7393124627252277,0.7393124627252277
2026-04-28,290270,0.49584034404496385,0.49584034404496385
2026-04-28,290520,0.8114560007720223,0.8114560007720223
2026-04-28,290550,0.4502470796338894,0.4502470796338894
2026-04-28,290560,-0.624653961274075,-0.624653961274075
2026-04-28,290650,-0.8346624459264227,-0.8346624459264227
2026-04-28,290660,-0.41705888464505597,-0.41705888464505597
2026-04-28,290670,-1.1863159691553744,-1.1863159691553744
2026-04-28,290690,-0.43530140914800114,-0.43530140914800114
2026-04-28,290720,-0.1402130754263078,-0.1402130754263078
2026-04-28,290740,0.21987870928049771,0.21987870928049771
2026-04-28,291230,0.0292880831993901,0.0292880831993901
2026-04-28,291650,-0.10212933265491375,-0.10212933265491375
2026-04-28,291810,0.41620720133374134,0.41620720133374134
2026-04-28,293490,-0.33968091783582594,-0.33968091783582594
2026-04-28,293580,0.2213406359840848,0.2213406359840848
2026-04-28,293780,0.30984801792043715,0.30984801792043715
2026-04-28,294090,-0.3247580977313438,-0.3247580977313438
2026-04-28,294140,-0.6795628573070859,-0.6795628573070859
2026-04-28,294570,-0.42624697661285244,-0.42624697661285244
2026-04-28,294630,-0.6109110554856826,-0.6109110554856826
2026-04-28,295310,-0.3794708525644985,-0.3794708525644985
2026-04-28,296640,-0.05877847518200562,-0.05877847518200562
2026-04-28,297090,0.8113316879189078,0.8113316879189078
2026-04-28,297570,-0.044100652095866506,-0.044100652095866506
2026-04-28,297890,0.544765425612125,0.544765425612125
2026-04-28,298060,0.35591347320869815,0.35591347320869815
2026-04-28,298380,-0.13057837872403727,-0.13057837872403727
2026-04-28,298540,0.4627059040192851,0.4627059040192851
2026-04-28,298830,-0.1834813789402261,-0.1834813789402261
2026-04-28,299030,0.0045930606142083885,0.0045930606142083885
2026-04-28,299170,-0.24433881795905363,-0.24433881795905363
2026-04-28,299660,-0.459776063008297,-0.459776063008297
2026-04-28,299900,-0.44025403820142484,-0.44025403820142484
2026-04-28,300080,0.43131609867294507,0.43131609867294507
2026-04-28,300120,-0.618861413014901,-0.618861413014901
2026-04-28,301300,-0.2706681864669039,-0.2706681864669039
2026-04-28,302430,-0.12576125415250544,-0.12576125415250544
2026-04-28,302550,0.524118634593722,0.524118634593722
2026-04-28,303030,-0.033104937211582836,-0.033104937211582836
2026-04-28,303360,0.7800332213355557,0.7800332213355557
2026-04-28,303530,-0.19206280211315388,-0.19206280211315388
2026-04-28,303810,0.5434154260375916,0.5434154260375916
2026-04-28,304100,-0.14506158414957496,-0.14506158414957496
2026-04-28,304360,-0.3501172517463491,-0.3501172517463491
2026-04-28,304840,-0.4084784998061306,-0.4084784998061306
2026-04-28,305090,-0.5953611902658934,-0.5953611902658934
2026-04-28,306040,-0.0022659461488581042,-0.0022659461488581042
2026-04-28,306620,-0.4719970557174332,-0.4719970557174332
2026-04-28,307180,-1.070305384705715,-1.070305384705715
2026-04-28,307280,0.41402274630948627,0.41402274630948627
2026-04-28,307750,-0.09201115232279788,-0.09201115232279788
2026-04-28,307870,-0.5504701929622591,-0.5504701929622591
2026-04-28,307930,-0.23625257812042655,-0.23625257812042655
2026-04-28,308080,-0.4874294190434257,-0.4874294190434257
2026-04-28,308100,-0.6060245296655584,-0.6060245296655584
2026-04-28,308430,-0.14836790787232695,-0.14836790787232695
2026-04-28,309710,-0.41523053751761985,-0.41523053751761985
2026-04-28,309930,-0.6042219336755053,-0.6042219336755053
2026-04-28,309960,0.39397586583006744,0.39397586583006744
2026-04-28,310200,0.2880906297774677,0.2880906297774677
2026-04-28,310210,-0.07350350322470395,-0.07350350322470395
2026-04-28,310870,0.2563422422381968,0.2563422422381968
2026-04-28,311320,0.10672241163130217,0.10672241163130217
2026-04-28,311390,0.04342831484984691,0.04342831484984691
2026-04-28,311690,-0.24165219061360654,-0.24165219061360654
2026-04-28,312610,0.24403612871134234,0.24403612871134234
2026-04-28,313760,0.017817487413831712,0.017817487413831712
2026-04-28,314130,-0.11351828480350695,-0.11351828480350695
2026-04-28,314140,0.24352186430344192,0.24352186430344192
2026-04-28,314930,0.7020085624356216,0.7020085624356216
2026-04-28,315640,-0.1423472452890232,-0.1423472452890232
2026-04-28,317120,-0.3755354616912612,-0.3755354616912612
2026-04-28,317240,-0.5707547597794428,-0.5707547597794428
2026-04-28,317330,-1.0469496750897112,-1.0469496750897112
2026-04-28,317530,-0.4221164302923384,-0.4221164302923384
2026-04-28,317690,-0.8578497111262683,-0.8578497111262683
2026-04-28,317770,-0.37282362017690934,-0.37282362017690934
2026-04-28,317830,-0.1934029827022907,-0.1934029827022907
2026-04-28,317850,0.6615653139586478,0.6615653139586478
2026-04-28,317870,-0.23908931330256286,-0.23908931330256286
2026-04-28,318000,0.29769694088740384,0.29769694088740384
2026-04-28,318010,0.608922777295733,0.608922777295733
2026-04-28,318020,0.4327552803054922,0.4327552803054922
2026-04-28,318060,-1.049903645142695,-1.049903645142695
2026-04-28,318160,0.6829966452266526,0.6829966452266526
2026-04-28,318410,0.39884320975913534,0.39884320975913534
2026-04-28,319400,0.3444930359378514,0.3444930359378514
2026-04-28,319660,0.529395555837723,0.529395555837723
2026-04-28,320000,-0.527359773023247,-0.527359773023247
2026-04-28,321260,0.512996731872204,0.512996731872204
2026-04-28,321370,-1.0295353475502995,-1.0295353475502995
2026-04-28,321550,-0.09400224399864332,-0.09400224399864332
2026-04-28,321820,-0.15435644787689487,-0.15435644787689487
2026-04-28,322180,-0.4818374145137755,-0.4818374145137755
2026-04-28,322310,-0.5565752239921995,-0.5565752239921995
2026-04-28,322510,0.10211406489958738,0.10211406489958738
2026-04-28,322780,-0.825666225972613,-0.825666225972613
2026-04-28,323280,0.046373519743901206,0.046373519743901206
2026-04-28,323350,-0.854137910403236,-0.854137910403236
2026-04-28,323990,0.0730424225387378,0.0730424225387378
2026-04-28,327260,0.07620499539178362,0.07620499539178362
2026-04-28,328130,-0.6779953512969931,-0.6779953512969931
2026-04-28,328380,-0.11469154506200088,-0.11469154506200088
2026-04-28,330350,0.30955040163967795,0.30955040163967795
2026-04-28,330730,0.06511622363285413,0.06511622363285413
2026-04-28,330860,0.10853107446222522,0.10853107446222522
2026-04-28,331380,-0.24869448639353997,-0.24869448639353997
2026-04-28,331520,0.1472358977613832,0.1472358977613832
2026-04-28,331740,-0.6662198639348014,-0.6662198639348014
2026-04-28,331920,-0.377316954782937,-0.377316954782937
2026-04-28,332290,-0.12077232228052327,-0.12077232228052327
2026-04-28,332370,0.06831424112074921,0.06831424112074921
2026-04-28,332570,0.32472713210310994,0.32472713210310994
2026-04-28,333050,0.13855002087739482,0.13855002087739482
2026-04-28,333430,-0.0596957017321737,-0.0596957017321737
2026-04-28,333620,-0.22855960897701882,-0.22855960897701882
2026-04-28,334970,-0.42155721310006355,-0.42155721310006355
2026-04-28,335810,-0.5186839933036048,-0.5186839933036048
2026-04-28,335870,0.33873192576775485,0.33873192576775485
2026-04-28,336060,0.29762887781452085,0.29762887781452085
2026-04-28,336570,0.6795382369245622,0.6795382369245622
2026-04-28,336680,0.07813220002005464,0.07813220002005464
2026-04-28,337930,0.4815066401801415,0.4815066401801415
2026-04-28,338220,-0.3120370581042224,-0.3120370581042224
2026-04-28,338840,-0.19572447107705448,-0.19572447107705448
2026-04-28,339950,0.47652710799620024,0.47652710799620024
2026-04-28,340360,-0.05527769982737616,-0.05527769982737616
2026-04-28,340440,0.4411000554860064,0.4411000554860064
2026-04-28,340450,0.33120199580933735,0.33120199580933735
2026-04-28,340570,0.2970485504263103,0.2970485504263103
2026-04-28,340810,-0.5428485177369893,-0.5428485177369893
2026-04-28,340930,-0.8720299453128295,-0.8720299453128295
2026-04-28,342870,-0.04566316261007908,-0.04566316261007908
2026-04-28,344860,-0.4188373927142989,-0.4188373927142989
2026-04-28,347000,0.08730399491668529,0.08730399491668529
2026-04-28,347700,-0.19971621475465692,-0.19971621475465692
2026-04-28,347740,0.18487295549171984,0.18487295549171984
2026-04-28,347770,0.376810304340323,0.376810304340323
2026-04-28,347850,-0.310078181765632,-0.310078181765632
2026-04-28,347860,-0.12552324645123894,-0.12552324645123894
2026-04-28,347890,-0.023690502374823234,-0.023690502374823234
2026-04-28,348030,0.2926284826222998,0.2926284826222998
2026-04-28,348080,-0.4315288786008429,-0.4315288786008429
2026-04-28,348150,-0.09056145263704067,-0.09056145263704067
2026-04-28,348210,-0.3201358714707811,-0.3201358714707811
2026-04-28,348340,-1.3767084469707351,-1.3767084469707351
2026-04-28,348350,0.47597532875292775,0.47597532875292775
2026-04-28,348370,-0.7488415538338038,-0.7488415538338038
2026-04-28,351320,-0.9885125954619984,-0.9885125954619984
2026-04-28,351330,-0.05405292953403504,-0.05405292953403504
2026-04-28,351870,0.30363646129736377,0.30363646129736377
2026-04-28,352090,0.44562724715635355,0.44562724715635355
2026-04-28,352480,0.09727534636394711,0.09727534636394711
2026-04-28,352700,-0.26146626079216706,-0.26146626079216706
2026-04-28,352770,-0.2925735886432048,-0.2925735886432048
2026-04-28,352910,0.03067913542103654,0.03067913542103654
2026-04-28,352940,0.2745970950732537,0.2745970950732537
2026-04-28,353190,0.010071351905472266,0.010071351905472266
2026-04-28,353590,-0.6181097552086008,-0.6181097552086008
2026-04-28,353810,0.16975117009278562,0.16975117009278562
2026-04-28,354200,-0.13215389401177424,-0.13215389401177424
2026-04-28,354320,-0.41200215362313725,-0.41200215362313725
2026-04-28,355150,-0.19099356841294363,-0.19099356841294363
2026-04-28,355390,-0.8316238175107858,-0.8316238175107858
2026-04-28,355690,-1.217148630883223,-1.217148630883223
2026-04-28,356680,0.05166135654042159,0.05166135654042159
2026-04-28,356860,0.20409760422875772,0.20409760422875772
2026-04-28,356890,-0.15849569697086652,-0.15849569697086652
2026-04-28,357230,0.11645654743127572,0.11645654743127572
2026-04-28,357550,-0.20247069307695326,-0.20247069307695326
2026-04-28,357580,-0.0032446071288116524,-0.0032446071288116524
2026-04-28,357780,0.13902300114085492,0.13902300114085492
2026-04-28,357880,-0.7654043379150854,-0.7654043379150854
2026-04-28,358570,-0.608334751304202,-0.608334751304202
2026-04-28,359090,0.4550756247801834,0.4550756247801834
2026-04-28,360070,-0.33687882369045224,-0.33687882369045224
2026-04-28,360350,-0.3446090897580444,-0.3446090897580444
2026-04-28,361390,-0.19748036616902115,-0.19748036616902115
2026-04-28,361570,-0.36928100818488585,-0.36928100818488585
2026-04-28,361670,-0.017061063841746882,-0.017061063841746882
2026-04-28,362320,0.0328917343828365,0.0328917343828365
2026-04-28,362990,0.5082521502335775,0.5082521502335775
2026-04-28,363250,-0.8341891366821399,-0.8341891366821399
2026-04-28,363260,0.32330904558465506,0.32330904558465506
2026-04-28,364950,-0.2638160809778743,-0.2638160809778743
2026-04-28,365270,-0.2512324190860672,-0.2512324190860672
2026-04-28,365330,-0.03050108776214981,-0.03050108776214981
2026-04-28,365340,-0.711351171709178,-0.711351171709178
2026-04-28,365590,-0.3807724250708658,-0.3807724250708658
2026-04-28,365900,-0.0015103862577722504,-0.0015103862577722504
2026-04-28,366030,0.6947815716633219,0.6947815716633219
2026-04-28,367000,-0.07841438823074001,-0.07841438823074001
2026-04-28,368600,-0.7092574987517759,-0.7092574987517759
2026-04-28,368770,0.21623108627099127,0.21623108627099127
2026-04-28,368970,-0.18859075213810417,-0.18859075213810417
2026-04-28,369370,-0.6215066382291439,-0.6215066382291439
2026-04-28,370090,0.13833105284674457,0.13833105284674457
2026-04-28,371950,-1.3054246523651796,-1.3054246523651796
2026-04-28,372170,-0.3143588003154395,-0.3143588003154395
2026-04-28,372320,-1.3823688563773042,-1.3823688563773042
2026-04-28,372800,-0.2984650521625716,-0.2984650521625716
2026-04-28,373110,-1.0638592854889783,-1.0638592854889783
2026-04-28,373160,0.3022937959463041,0.3022937959463041
2026-04-28,373170,-0.43053315491072724,-0.43053315491072724
2026-04-28,373200,-0.2627374843968648,-0.2627374843968648
2026-04-28,376180,-0.24419299607084205,-0.24419299607084205
2026-04-28,376270,-0.9116810612945703,-0.9116810612945703
2026-04-28,376290,0.798214312922251,0.798214312922251
2026-04-28,376300,0.06528771698421953,0.06528771698421953
2026-04-28,376900,-0.1444011617259682,-0.1444011617259682
2026-04-28,376930,-0.4048794633218753,-0.4048794633218753
2026-04-28,376980,0.27967346020057615,0.27967346020057615
2026-04-28,377030,-1.4022894864590958,-1.4022894864590958
2026-04-28,377220,-1.2641860507882297,-1.2641860507882297
2026-04-28,377330,0.2997852297119338,0.2997852297119338
2026-04-28,377450,0.6394361722449274,0.6394361722449274
2026-04-28,377460,0.16900782984578414,0.16900782984578414
2026-04-28,377480,-0.7102625855753387,-0.7102625855753387
2026-04-28,378340,-0.48297594000192023,-0.48297594000192023
2026-04-28,378800,-0.5421228554604175,-0.5421228554604175
2026-04-28,380540,-1.050863701740195,-1.050863701740195
2026-04-28,380550,-0.10938624756122653,-0.10938624756122653
2026-04-28,381620,-0.28931982485524865,-0.28931982485524865
2026-04-28,382150,-0.35621346748006333,-0.35621346748006333
2026-04-28,382480,0.4787377392207661,0.4787377392207661
2026-04-28,382800,0.34482601137595476,0.34482601137595476
2026-04-28,382840,-0.4254287789073919,-0.4254287789073919
2026-04-28,382900,0.7020398368014715,0.7020398368014715
2026-04-28,383310,-0.17397746651055532,-0.17397746651055532
2026-04-28,383930,0.3330528772971071,0.3330528772971071
2026-04-28,384470,-0.7342894645117384,-0.7342894645117384
2026-04-28,387570,-0.2401055859622636,-0.2401055859622636
2026-04-28,388050,0.309863979170773,0.309863979170773
2026-04-28,388210,-0.34351004601616747,-0.34351004601616747
2026-04-28,388610,-1.3682440284880055,-1.3682440284880055
2026-04-28,388720,-0.2683018070874212,-0.2683018070874212
2026-04-28,388790,-0.37683124859196154,-0.37683124859196154
2026-04-28,388870,-0.12110100288809211,-0.12110100288809211
2026-04-28,389020,0.01741033598666496,0.01741033598666496
2026-04-28,389030,-0.8244909681788206,-0.8244909681788206
2026-04-28,389140,-0.6009332864045149,-0.6009332864045149
2026-04-28,389260,0.48556936823737057,0.48556936823737057
2026-04-28,389470,0.28496144263428363,0.28496144263428363
2026-04-28,389500,-0.5064808464845758,-0.5064808464845758
2026-04-28,389650,0.4931017025135875,0.4931017025135875
2026-04-28,389680,-0.5850460811393912,-0.5850460811393912
2026-04-28,391710,-0.20737235663854597,-0.20737235663854597
2026-04-28,393210,-0.09084972706669471,-0.09084972706669471
2026-04-28,393890,-0.41161987243276904,-0.41161987243276904
2026-04-28,393970,-0.5931323539457982,-0.5931323539457982
2026-04-28,394280,-0.5254601374160361,-0.5254601374160361
2026-04-28,394420,-0.12883596202245806,-0.12883596202245806
2026-04-28,394800,-0.1942534783327877,-0.1942534783327877
2026-04-28,396270,-1.420753299837603,-1.420753299837603
2026-04-28,396300,0.2398330663648069,0.2398330663648069
2026-04-28,396470,0.4699780854957871,0.4699780854957871
2026-04-28,397030,0.470307287986192,0.470307287986192
2026-04-28,397810,-0.13458831912656374,-0.13458831912656374
2026-04-28,398120,0.3770364306395452,0.3770364306395452
2026-04-28,399720,0.06453261950201965,0.06453261950201965
2026-04-28,402030,-0.6386833605010809,-0.6386833605010809
2026-04-28,402490,0.16855228403875386,0.16855228403875386
2026-04-28,403490,-0.6135160056997602,-0.6135160056997602
2026-04-28,403850,0.1945335868907189,0.1945335868907189
2026-04-28,403870,-0.12075794224855727,-0.12075794224855727
2026-04-28,405000,-1.062924513891336,-1.062924513891336
2026-04-28,405100,0.2660464374078984,0.2660464374078984
2026-04-28,405920,0.23973757075711344,0.23973757075711344
2026-04-28,406820,-0.3975268481144037,-0.3975268481144037
2026-04-28,407400,-0.2788379124002565,-0.2788379124002565
2026-04-28,408470,-0.11469162642717065,-0.11469162642717065
2026-04-28,408900,-0.18022210496390867,-0.18022210496390867
2026-04-28,408920,0.9058942703151139,0.9058942703151139
2026-04-28,411080,-0.16747971397633882,-0.16747971397633882
2026-04-28,412350,-0.7211091641115842,-0.7211091641115842
2026-04-28,412540,-0.3658812272016313,-0.3658812272016313
2026-04-28,413390,0.2906546865583286,0.2906546865583286
2026-04-28,413630,0.04246041068174031,0.04246041068174031
2026-04-28,413640,-0.02659239272748095,-0.02659239272748095
2026-04-28,415380,0.18296156525018056,0.18296156525018056
2026-04-28,416180,-0.35459123382734586,-0.35459123382734586
2026-04-28,417010,0.052485394976467356,0.052485394976467356
2026-04-28,417180,0.22909110984199352,0.22909110984199352
2026-04-28,417200,0.2272124305482623,0.2272124305482623
2026-04-28,417500,-0.015579080231291618,-0.015579080231291618
2026-04-28,417790,-0.1606940649868348,-0.1606940649868348
2026-04-28,417840,-0.006983629611642164,-0.006983629611642164
2026-04-28,417860,-0.5110773454733462,-0.5110773454733462
2026-04-28,417970,0.16273292325655717,0.16273292325655717
2026-04-28,418250,-0.5333497809784111,-0.5333497809784111
2026-04-28,418420,-0.4744893610608044,-0.4744893610608044
2026-04-28,418470,-0.06904766052858102,-0.06904766052858102
2026-04-28,418550,-0.4532542226601685,-0.4532542226601685
2026-04-28,418620,-0.3146201729778093,-0.3146201729778093
2026-04-28,419050,-0.38570257543696107,-0.38570257543696107
2026-04-28,419080,-0.47153065455945464,-0.47153065455945464
2026-04-28,419120,0.11610258024681017,0.11610258024681017
2026-04-28,419530,0.7556024308825872,0.7556024308825872
2026-04-28,419540,0.735661288697762,0.735661288697762
2026-04-28,420570,0.054693877218419396,0.054693877218419396
2026-04-28,420770,0.3492240495439594,0.3492240495439594
2026-04-28,424760,-0.2832063561625906,-0.2832063561625906
2026-04-28,424870,-0.37125452534009473,-0.37125452534009473
2026-04-28,424960,-0.2568604676618515,-0.2568604676618515
2026-04-28,424980,-0.4175200659088074,-0.4175200659088074
2026-04-28,425040,0.4663890177241651,0.4663890177241651
2026-04-28,425420,0.3515839585721449,0.3515839585721449
2026-04-28,429270,-0.4271640146250334,-0.4271640146250334
2026-04-28,430690,-0.23335999231979554,-0.23335999231979554
2026-04-28,431190,-0.200257136378709,-0.200257136378709
2026-04-28,432430,-0.09183883498592069,-0.09183883498592069
2026-04-28,432470,-0.317094399764125,-0.317094399764125
2026-04-28,432720,-0.4963074590881115,-0.4963074590881115
2026-04-28,432980,0.23508424889266402,0.23508424889266402
2026-04-28,434480,0.055244777827665285,0.055244777827665285
2026-04-28,435570,-0.6960171908796898,-0.6960171908796898
2026-04-28,437730,0.00039690746452868825,0.00039690746452868825
2026-04-28,438700,-0.09320566175726054,-0.09320566175726054
2026-04-28,439090,-0.06165879489037119,-0.06165879489037119
2026-04-28,439580,-0.44451896141273567,-0.44451896141273567
2026-04-28,440110,-0.756002577265609,-0.756002577265609
2026-04-28,440290,-0.2542072516609723,-0.2542072516609723
2026-04-28,440320,0.11313506516805814,0.11313506516805814
2026-04-28,441270,-0.5251914203150736,-0.5251914203150736
2026-04-28,443250,0.33488299115296255,0.33488299115296255
2026-04-28,443670,-0.05387365902262545,-0.05387365902262545
2026-04-28,444530,-0.24802831362427363,-0.24802831362427363
2026-04-28,445090,-0.12733067159079967,-0.12733067159079967
2026-04-28,445180,-0.46874382593680985,-0.46874382593680985
2026-04-28,445680,-0.4241815570751915,-0.4241815570751915
2026-04-28,446540,-0.4853314810825738,-0.4853314810825738
2026-04-28,446840,-0.7671269353503734,-0.7671269353503734
2026-04-28,448280,0.4869101926067248,0.4869101926067248
2026-04-28,448710,0.40816373515688253,0.40816373515688253
2026-04-28,448900,-0.7570813680115412,-0.7570813680115412
2026-04-28,450330,0.29789984528994873,0.29789984528994873
2026-04-28,450520,0.009882721230275747,0.009882721230275747
2026-04-28,450950,0.567116061306417,0.567116061306417
2026-04-28,451220,-0.16474918080691406,-0.16474918080691406
2026-04-28,451250,-0.007647706230544629,-0.007647706230544629
2026-04-28,451700,-0.4530781433465155,-0.4530781433465155
2026-04-28,451760,-0.28245183844931837,-0.28245183844931837
2026-04-28,452160,-0.4975783823863632,-0.4975783823863632
2026-04-28,452190,0.03397817724063894,0.03397817724063894
2026-04-28,452200,-0.8258248788265069,-0.8258248788265069
2026-04-28,452280,0.4105281802145955,0.4105281802145955
2026-04-28,452300,0.2966230102594375,0.2966230102594375
2026-04-28,452400,0.2786103354299166,0.2786103354299166
2026-04-28,452430,-0.2037260620442941,-0.2037260620442941
2026-04-28,452450,-0.5776189633425928,-0.5776189633425928
2026-04-28,452670,0.08430532052983133,0.08430532052983133
2026-04-28,452980,0.4795908621093765,0.4795908621093765
2026-04-28,453450,0.297564557152882,0.297564557152882
2026-04-28,453860,-0.5065319222643343,-0.5065319222643343
2026-04-28,455180,-0.4942969889613384,-0.4942969889613384
2026-04-28,455900,-0.49064352769394026,-0.49064352769394026
2026-04-28,456010,-0.43259451751131583,-0.43259451751131583
2026-04-28,456070,0.01545791475578754,0.01545791475578754
2026-04-28,456160,-0.21248402025881136,-0.21248402025881136
2026-04-28,457370,0.3773056993441174,0.3773056993441174
2026-04-28,457550,-0.4432544583412541,-0.4432544583412541
2026-04-28,457600,-0.6289478995739709,-0.6289478995739709
2026-04-28,458350,0.033252599464232056,0.033252599464232056
2026-04-28,458650,-0.12286486533760964,-0.12286486533760964
2026-04-28,458870,0.4998886626316128,0.4998886626316128
2026-04-28,459100,-0.131751525154787,-0.131751525154787
2026-04-28,459510,-0.046387565719613694,-0.046387565719613694
2026-04-28,459550,-0.08685429328659619,-0.08685429328659619
2026-04-28,460470,-0.3745393331073823,-0.3745393331073823
2026-04-28,460870,-0.5680805053342202,-0.5680805053342202
2026-04-28,460930,0.0594781637576893,0.0594781637576893
2026-04-28,460940,0.34127983117477134,0.34127983117477134
2026-04-28,461030,-0.3869950654568217,-0.3869950654568217
2026-04-28,461300,0.6738560721594797,0.6738560721594797
2026-04-28,462020,0.5497379495891138,0.5497379495891138
2026-04-28,462310,0.14138336831763176,0.14138336831763176
2026-04-28,462350,-0.9824606653409982,-0.9824606653409982
2026-04-28,462510,-0.7781607120524601,-0.7781607120524601
2026-04-28,462860,-0.12272847373075721,-0.12272847373075721
2026-04-28,462980,0.12476208369177486,0.12476208369177486
2026-04-28,463020,-0.5402510974854771,-0.5402510974854771
2026-04-28,463480,-0.43347906540287584,-0.43347906540287584
2026-04-28,464080,-0.5178271446600636,-0.5178271446600636
2026-04-28,464280,0.6016776629520173,0.6016776629520173
2026-04-28,464440,0.6225892587427072,0.6225892587427072
2026-04-28,464490,-0.4014456420961445,-0.4014456420961445
2026-04-28,464500,-0.032057680715959797,-0.032057680715959797
2026-04-28,464580,0.13569836421678372,0.13569836421678372
2026-04-28,464680,0.8289233305776973,0.8289233305776973
2026-04-28,465320,-0.4287349227659217,-0.4287349227659217
2026-04-28,465480,0.08263383058530444,0.08263383058530444
2026-04-28,466100,-0.022990788027333314,-0.022990788027333314
2026-04-28,466410,0.45826857603269466,0.45826857603269466
2026-04-28,466690,-0.33006871868982135,-0.33006871868982135
2026-04-28,466910,0.08287520201197804,0.08287520201197804
2026-04-28,467930,0.14352977063323544,0.14352977063323544
2026-04-28,468530,0.23394242242845703,0.23394242242845703
2026-04-28,468760,0.21149326982662545,0.21149326982662545
2026-04-28,469480,0.10993624074216832,0.10993624074216832
2026-04-28,469610,0.2218863995527665,0.2218863995527665
2026-04-28,469750,-0.26337259511268946,-0.26337259511268946
2026-04-28,469880,0.7644753708898987,0.7644753708898987
2026-04-28,469900,0.09899757785273902,0.09899757785273902
2026-04-28,471050,0.1683268056825094,0.1683268056825094
2026-04-28,471820,0.22330394247256719,0.22330394247256719
2026-04-28,472220,0.4291415633471512,0.4291415633471512
2026-04-28,472230,0.2448270297907014,0.2448270297907014
2026-04-28,472850,0.0820224940588777,0.0820224940588777
2026-04-28,473000,0.13277709997022707,0.13277709997022707
2026-04-28,473050,0.21020767193308393,0.21020767193308393
2026-04-28,473950,0.2143107581017854,0.2143107581017854
2026-04-28,473980,0.3049102926399641,0.3049102926399641
2026-04-28,474170,0.14391756724878396,0.14391756724878396
2026-04-28,474490,0.45643845737024036,0.45643845737024036
2026-04-28,474610,-0.4132140051702737,-0.4132140051702737
2026-04-28,474650,0.2391295905645857,0.2391295905645857
2026-04-28,474660,-0.22266038247390504,-0.22266038247390504
2026-04-28,474930,0.17895209289731276,0.17895209289731276
2026-04-28,475230,-0.31844956609184355,-0.31844956609184355
2026-04-28,475240,-0.002749856466758009,-0.002749856466758009
2026-04-28,475250,-0.1009692521485196,-0.1009692521485196
2026-04-28,475400,-0.6897358343094429,-0.6897358343094429
2026-04-28,475430,-0.2878845252185886,-0.2878845252185886
2026-04-28,475460,0.06442471111044869,0.06442471111044869
2026-04-28,475580,-0.34266808790019726,-0.34266808790019726
2026-04-28,475660,0.3949937016217708,0.3949937016217708
2026-04-28,475830,0.062069575366421416,0.062069575366421416
2026-04-28,475960,-0.24340805287400766,-0.24340805287400766
2026-04-28,476040,-0.2721777068174685,-0.2721777068174685
2026-04-28,476060,-0.3137632182493328,-0.3137632182493328
2026-04-28,476080,-0.5840588123775586,-0.5840588123775586
2026-04-28,476830,-0.05023105450854489,-0.05023105450854489
2026-04-28,477340,0.4797356009633738,0.4797356009633738
2026-04-28,477380,-0.023097532193110414,-0.023097532193110414
2026-04-28,477470,0.7021091623470714,0.7021091623470714
2026-04-28,477760,-0.4287349227659217,-0.4287349227659217
2026-04-28,478110,0.18142023016927927,0.18142023016927927
2026-04-28,478340,-0.19880575902833844,-0.19880575902833844
2026-04-28,478390,0.4443861340629284,0.4443861340629284
2026-04-28,478440,0.16472264731111985,0.16472264731111985
2026-04-28,478560,-0.2938210237474624,-0.2938210237474624
2026-04-28,479880,0.3803025028765396,0.3803025028765396
2026-04-28,479960,-0.17777065450336357,-0.17777065450336357
2026-04-28,481070,-0.04274282051300722,-0.04274282051300722
2026-04-28,481890,-0.021112335857863256,-0.021112335857863256
2026-04-28,482520,0.31355911747208565,0.31355911747208565
2026-04-28,482630,-0.5314718764384325,-0.5314718764384325
2026-04-28,482680,0.01305333149973957,0.01305333149973957
2026-04-28,482690,-0.3162366806611576,-0.3162366806611576
2026-04-28,484120,0.06423691545704639,0.06423691545704639
2026-04-28,484130,0.18038814555896693,0.18038814555896693
2026-04-28,484590,0.553355470016782,0.553355470016782
2026-04-28,484810,0.29726081268079974,0.29726081268079974
2026-04-28,486630,0.3284962344870423,0.3284962344870423
2026-04-28,486990,-0.16510623495503055,-0.16510623495503055
2026-04-28,487360,0.16362794278405518,0.16362794278405518
2026-04-28,487720,0.33347451290400226,0.33347451290400226
2026-04-28,487830,-0.33981601113871984,-0.33981601113871984
2026-04-28,488060,0.008589705429003128,0.008589705429003128
2026-04-28,488280,-0.20773779945099935,-0.20773779945099935
2026-04-28,488900,-0.568209904873433,-0.568209904873433
2026-04-28,489210,0.023285785587994247,0.023285785587994247
2026-04-28,489460,-0.17255989103816236,-0.17255989103816236
2026-04-28,489480,0.11546094612770523,0.11546094612770523
2026-04-28,489500,-0.06902344497481036,-0.06902344497481036
2026-04-28,489730,-0.0858959599254677,-0.0858959599254677
2026-04-28,490470,0.06453849067178853,0.06453849067178853
2026-04-28,491000,-0.2115583960228847,-0.2115583960228847
2026-04-28,492220,0.2996155450627054,0.2996155450627054
2026-04-28,493280,-0.3303426510662023,-0.3303426510662023
2026-04-28,493330,-0.12356570020688788,-0.12356570020688788
2026-04-28,493790,-0.17443800595726067,-0.17443800595726067
2026-04-28,494120,-0.7483320351098981,-0.7483320351098981
2026-04-28,496070,-0.1839013000062678,-0.1839013000062678
2026-04-28,498390,-0.36360940501450467,-0.36360940501450467
