단축코드,표준코드,한글명,그룹코드,시가총액규모,지수업종대분류,지수업종중분류,지수업종소분류,제조업,저유동성,지배구조지수종목,KOSPI200섹터업종,KOSPI100,KOSPI50,KRX,ETP,ELW발행,KRX100,KRX자동차,KRX반도체,KRX바이오,KRX은행,SPAC,KRX에너지화학,KRX철강,단기과열,KRX미디어통신,KRX건설,Non1,KRX증권,KRX선박,KRX섹터_보험,KRX섹터_운송,SRI,기준가,매매수량단위,시간외수량단위,거래정지,정리매매,관리종목,시장경고,경고예고,불성실공시,우회상장,락구분,액면변경,증자구분,증거금비율,신용가능,신용기간,전일거래량,액면가,상장일자,상장주수,자본금,결산월,공모가,우선주,공매도과열,이상급등,KRX300,KOSPI,매출액,영업이익,경상이익,당기순이익,ROE,기준년월,시가총액,그룹사코드,회사신용한도초과,담보대출가능,대주가능
F70100009,KR5701000097,한투삼성그룹성장테마1호(A),BC,,0,0,0,N,N,,0,N,N,N,,N,N,,,,,N,,,0,,,N,,,,,,1008,1,0,N,N,N,0,N,N,N,0,0,0,100,N,90,0,1000,20240809,17771,17771907000,,,0,,N,N,N,0,0,0,0,0.0,,179,,N,N,N
F70100010,KR5701000105,한투삼성그룹성장테마1호(A-e),BC,,0,0,0,N,N,,0,N,N,N,,N,N,,,,,N,,,0,,,N,,,,,,1009,1,0,N,N,N,0,N,N,N,0,0,0,100,N,90,0,1000,20240809,11074,11074770000,,,0,,N,N,N,0,0,0,0,0.0,,111,,N,N,N
F70100011,KR5701000113,한투삼성그룹성장테마2호(A),BC,,0,0,0,N,N,,0,N,N,N,,N,N,,,,,N,,,0,,,N,,,,,,1008,1,0,N,N,N,0,N,N,N,0,0,0,100,N,90,0,1000,20240809,8522,8522657000,,,0,,N,N,N,0,0,0,0,0.0,,85,,N,N,N
F70100012,KR5701000121,한투삼성그룹성장테마2호(A-e),BC,,0,0,0,N,N,,0,N,N,N,,N,N,,,,,N,,,0,,,N,,,,,,1009,1,0,N,N,N,0,N,N,N,0,0,0,100,N,90,0,1000,20240809,20165,20165452000,,,0,,N,N,N,0,0,0,0,0.0,,203,,N,N,N
F70100013,KR5701000139,한투삼성그룹&글로벌성장1(A),BC,,0,0,0,N,N,,0,N,N,N,,N,N,,,,,N,,,0,,,N,,,,,,1014,1,0,N,N,N,0,N,N,N,0,0,0,100,N,90,0,1000,20241210,300,300000000,,,0,,N,N,N,0,0,0,0,0.0,,3,,N,N,N
F70100014,KR5701000147,한투삼성그룹&글로벌성장1(A1),BC,,0,0,0,N,N,,0,N,N,N,,N,N,,,,,N,,,0,,,N,,,,,,1014,1,0,N,N,N,0,N,N,N,0,0,0,100,N,90,0,1000,20241210,6541,6541073000,,,0,,N,N,N,0,0,0,0,0.0,,66,,N,N,N
F70100015,KR5701000154,한투삼성그룹&글로벌성장1(A1-e),BC,,0,0,0,N,N,,0,N,N,N,,N,N,,,,,N,,,0,,,N,,,,,,1015,1,0,N,N,N,0,N,N,N,0,0,0,100,N,90,0,1000,20241210,9654,9654767000,,,0,,N,N,N,0,0,0,0,0.0,,97,,N,N,N
F70100016,KR5701000162,한투삼성그룹&글로벌성장2(A),BC,,0,0,0,N,N,,0,N,N,N,,N,N,,,,,N,,,0,,,N,,,,,,1015,1,0,N,N,N,0,N,N,N,0,0,0,100,N,90,0,1000,20241210,300,300000000,,,0,,N,N,N,0,0,0,0,0.0,,3,,N,N,N
F70100017,KR5701000170,한투삼성그룹&글로벌성장2(A1),BC,,0,0,0,N,N,,0,N,N,N,,N,N,,,,,N,,,0,,,N,,,,,,1015,1,0,N,N,N,0,N,N,N,0,0,0,100,N,90,0,1000,20241210,9158,9158474000,,,0,,N,N,N,0,0,0,0,0.0,,92,,N,N,N
F70100018,KR5701000188,한투삼성그룹&글로벌성장2(A1-e),BC,,0,0,0,N,N,,0,N,N,N,,N,N,,,,,N,,,0,,,N,,,,,,1016,1,0,N,N,N,0,N,N,N,0,0,0,100,N,90,0,1000,20241210,8709,8709890000,,,0,,N,N,N,0,0,0,0,0.0,,88,,N,N,N
F70100019,KR5701000196,한투삼성그룹&글로벌성장3(A),BC,,0,0,0,N,N,,0,N,N,N,,N,N,,,,,N,,,0,,,N,,,,,,1019,1,0,N,N,N,0,N,N,N,0,0,0,100,N,90,0,1000,20241210,300,300000000,,,0,,N,N,N,0,0,0,0,0.0,,3,,N,N,N
F70100020,KR5701000204,한투삼성그룹&글로벌성장3(A1),BC,,0,0,0,N,N,,0,N,N,N,,N,N,,,,,N,,,0,,,N,,,,,,1018,1,0,N,N,N,0,N,N,N,0,0,0,100,N,90,0,1000,20241210,4580,4580577000,,,0,,N,N,N,0,0,0,0,0.0,,46,,N,N,N
F70100021,KR5701000212,한투삼성그룹&글로벌성장3(A1-e),BC,,0,0,0,N,N,,0,N,N,N,,N,N,,,,,N,,,0,,,N,,,,,,1019,1,0,N,N,N,0,N,N,N,0,0,0,100,N,90,0,1000,20241210,7768,7768861000,,,0,,N,N,N,0,0,0,0,0.0,,79,,N,N,N
F70100022,KR5701000220,한투미국경제주도1(A),BC,,0,0,0,N,N,,0,N,N,N,,N,N,,,,,N,,,0,,,N,,,,,,950,1,0,N,N,N,0,N,N,N,0,0,0,100,N,90,0,1000,20250418,21941,21941377000,,,0,,N,N,N,0,0,0,0,0.0,,208,,N,N,N
F70100023,KR5701000238,한투미국경제주도1(A-e),BC,,0,0,0,N,N,,0,N,N,N,,N,N,,,,,N,,,0,,,N,,,,,,951,1,0,N,N,N,0,N,N,N,0,0,0,100,N,90,0,1000,20250418,13437,13437576000,,,0,,N,N,N,0,0,0,0,0.0,,127,,N,N,N
F70100024,KR5701000246,한투미국경제주도2(A),BC,,0,0,0,N,N,,0,N,N,N,,N,N,,,,,N,,,0,,,N,,,,,,950,1,0,N,N,N,0,N,N,N,0,0,0,100,N,90,0,1000,20250418,8921,8921895000,,,0,,N,N,N,0,0,0,0,0.0,,84,,N,N,N
F70100025,KR5701000253,한투미국경제주도2(A-e),BC,,0,0,0,N,N,,0,N,N,N,,N,N,,,,,N,,,0,,,N,,,,,,951,1,0,N,N,N,0,N,N,N,0,0,0,100,N,90,0,1000,20250418,26508,26508581000,,,0,,N,N,N,0,0,0,0,0.0,,252,,N,N,N
F70101B95,KR570101B954,밀라노부동산,BC,,0,0,0,N,N,,0,N,N,N,,N,N,,,,,N,,,0,,,N,,,,,,450,1,0,N,N,N,0,N,N,N,0,0,0,100,N,90,0,1000,20190521,53532,53532869000,,,0,,N,N,N,0,0,0,0,0.0,,240,,N,N,N
F70101B96,KR570101B962,벨기에코어오피스2호,BC,,0,0,0,N,N,,0,N,N,N,,N,N,,,,,N,,,0,,,N,,,,,,464,1,0,Y,N,N,0,N,N,N,0,0,0,100,N,90,0,1000,20190911,90387,90387607000,,,0,,N,N,N,0,0,0,0,0.0,,419,,N,N,N
F70101B9A,KR570101B9A2,한국투자뉴욕오피스1호,BC,,0,0,0,N,N,,0,N,N,N,,N,N,,,,,N,,,0,,,N,,,,,,400,1,0,N,N,N,0,N,N,N,0,0,0,100,N,90,0,1000,20200121,126300,126300000000,,,0,,N,N,N,0,0,0,0,0.0,,505,,N,N,N
F70101BB1,KR570101BB17,한국투자서울오피스,BC,,0,0,0,N,N,,0,N,N,N,,N,N,,,,,N,,,0,,,N,,,,,,900,1,0,N,N,N,0,N,N,N,0,0,0,100,N,90,0,1000,20210317,54764,54764919000,,,0,,N,N,N,0,0,0,0,0.0,,492,,N,N,N
F70102B96,KR570102B960,룩셈부르크코어오피스(파생형)(A),BC,,0,0,0,N,N,,0,N,N,N,,N,N,,,,,N,,,0,,,N,,,,,,1100,1,0,N,N,N,0,N,N,N,0,0,0,100,N,90,0,1000,20190920,78856,78856510000,,,0,,N,N,N,0,0,0,0,0.0,,867,,N,N,N
F70103B96,KR570103B968,룩셈부르크코어오피스(파생형)(C-I),BC,,0,0,0,N,N,,0,N,N,N,,N,N,,,,,N,,,0,,,N,,,,,,994,1,0,N,N,N,0,N,N,N,0,0,0,100,N,90,0,1000,20190920,16000,16000000000,,,0,,N,N,N,0,0,0,0,0.0,,159,,N,N,N
F70900001,KR5709000016,대신하이일드공모주알파증권2호 A,BC,,0,0,0,N,N,,0,N,N,N,,N,N,,,,,N,,,0,,,N,,,,,,1004,1,0,N,N,N,0,N,N,N,0,0,0,100,N,90,0,1000,20250425,6716,6716038000,,,0,,N,N,N,0,0,0,0,0.0,,67,,N,N,N
F70900002,KR5709000024,대신하이일드공모주알파증권2호 A-e,BC,,0,0,0,N,N,,0,N,N,N,,N,N,,,,,N,,,0,,,N,,,,,,1004,1,0,N,N,N,0,N,N,N,0,0,0,100,N,90,0,1000,20250425,7847,7847577000,,,0,,N,N,N,0,0,0,0,0.0,,78,,N,N,N
F71201B97,KR571201B977,키움히어로즈미국물류부동산1호,BC,,0,0,0,N,N,,0,N,N,N,,N,N,,,,,N,,,0,,,N,,,,,,1200,1,0,Y,N,N,0,N,N,N,0,0,0,100,N,90,0,1000,20190724,76059,76059438000,,,0,,N,N,N,0,0,0,0,0.0,,912,,N,N,N
F71201B98,KR571201B985,키움히어로즈유럽오피스부동산1호 A,BC,,0,0,0,N,N,,0,N,N,N,,N,N,,,,,N,,,0,,,N,,,,,,400,1,0,N,N,N,0,N,N,N,0,0,0,100,N,90,0,1000,20191112,16355,16355918000,,,0,,N,N,N,0,0,0,0,0.0,,65,,N,N,N
F71202B98,KR571202B983,키움히어로즈유럽오피스부동산1호 C-I,BC,,0,0,0,N,N,,0,N,N,N,,N,N,,,,,N,,,0,,,N,,,,,,929,1,0,N,N,N,0,N,N,N,0,0,0,100,N,90,0,1000,20191112,644,644082000,,,0,,N,N,N,0,0,0,0,0.0,,5,,N,N,N
F71203B98,KR571203B981,키움히어로즈유럽오피스부동산2호 A,BC,,0,0,0,N,N,,0,N,N,N,,N,N,,,,,N,,,0,,,N,,,,,,980,1,0,N,N,N,0,N,N,N,0,0,0,100,N,90,0,1000,20191112,15529,15529644000,,,0,,N,N,N,0,0,0,0,0.0,,152,,N,N,N
F71204B98,KR571204B989,키움히어로즈유럽오피스부동산2호 C-I,BC,,0,0,0,N,N,,0,N,N,N,,N,N,,,,,N,,,0,,,N,,,,,,929,1,0,N,N,N,0,N,N,N,0,0,0,100,N,90,0,1000,20191112,1470,1470356000,,,0,,N,N,N,0,0,0,0,0.0,,13,,N,N,N
F71205B98,KR571205B986,키움히어로즈유럽오피스부동산3호 A,BC,,0,0,0,N,N,,0,N,N,N,,N,N,,,,,N,,,0,,,N,,,,,,350,1,0,N,N,N,0,N,N,N,0,0,0,100,N,90,0,1000,20191112,14272,14272637000,,,0,,N,N,N,0,0,0,0,0.0,,49,,N,N,N
F71206B98,KR571206B984,키움히어로즈유럽오피스부동산3호 C-I,BC,,0,0,0,N,N,,0,N,N,N,,N,N,,,,,N,,,0,,,N,,,,,,929,1,0,N,N,N,0,N,N,N,0,0,0,100,N,90,0,1000,20191112,2727,2727363000,,,0,,N,N,N,0,0,0,0,0.0,,25,,N,N,N
F71207B98,KR571207B982,키움히어로즈유럽오피스부동산4호 A,BC,,0,0,0,N,N,,0,N,N,N,,N,N,,,,,N,,,0,,,N,,,,,,1050,1,0,N,N,N,0,N,N,N,0,0,0,100,N,90,0,1000,20191112,1400,1400000000,,,0,,N,N,N,0,0,0,0,0.0,,14,,N,N,N
F71208B98,KR571208B980,키움히어로즈유럽오피스부동산4호 C-I,BC,,0,0,0,N,N,,0,N,N,N,,N,N,,,,,N,,,0,,,N,,,,,,929,1,0,N,N,N,0,N,N,N,0,0,0,100,N,90,0,1000,20191112,15600,15600000000,,,0,,N,N,N,0,0,0,0,0.0,,144,,N,N,N
F71901BBC,KR571901BBC8,KB국민참여뉴딜2A,BC,,0,0,0,N,N,,0,N,N,N,,N,N,,,,,N,,,0,,,N,,,,,,998,1,0,N,N,N,0,N,N,N,0,0,0,100,N,90,0,1000,20220304,4382,4382130000,,,0,,N,N,N,0,0,0,0,0.0,,43,,N,N,N
F71902BBC,KR571902BBC6,KB국민참여뉴딜2C,BC,,0,0,0,N,N,,0,N,N,N,,N,N,,,,,N,,,0,,,N,,,,,,998,1,0,N,N,N,0,N,N,N,0,0,0,100,N,90,0,1000,20220304,591,591821000,,,0,,N,N,N,0,0,0,0,0.0,,5,,N,N,N
F72501BBC,KR572501BBC5,신한국민참여정책형뉴딜혼합자산2호 C1,BC,,0,0,0,N,N,,0,N,N,N,,N,N,,,,,N,,,0,,,N,,,,,,999,1,0,N,N,N,0,N,N,N,0,0,0,100,N,90,0,1000,20220304,1007,1007002000,,,0,,N,N,N,0,0,0,0,0.0,,10,,N,N,N
F72502BBC,KR572502BBC3,신한국민참여정책형뉴딜혼합자산2호 A1,BC,,0,0,0,N,N,,0,N,N,N,,N,N,,,,,N,,,0,,,N,,,,,,998,1,0,N,N,N,0,N,N,N,0,0,0,100,N,90,0,1000,20220304,1209,1209933000,,,0,,N,N,N,0,0,0,0,0.0,,12,,N,N,N
F72801BBC,KR572801BBC9,한화국민참여정책형뉴딜2A,BC,,0,0,0,N,N,,0,N,N,N,,N,N,,,,,N,,,0,,,N,,,,,,998,1,0,N,N,N,0,N,N,N,0,0,0,100,N,90,0,1000,20220304,4989,4989131000,,,0,,N,N,N,0,0,0,0,0.0,,49,,N,N,N
F72802BBC,KR572802BBC7,한화국민참여정책형뉴딜2C,BC,,0,0,0,N,N,,0,N,N,N,,N,N,,,,,N,,,0,,,N,,,,,,998,1,0,N,N,N,0,N,N,N,0,0,0,100,N,90,0,1000,20220304,596,596150000,,,0,,N,N,N,0,0,0,0,0.0,,5,,N,N,N
F73300003,KR5733000032,다올공모주하이일드만기형증권3 A,BC,,0,0,0,N,N,,0,N,N,N,,N,N,,,,,N,,,0,,,N,,,,,,1010,1,0,N,N,N,0,N,N,N,0,0,0,100,N,90,0,1000,20241108,24833,24833968000,,,0,,N,N,N,0,0,0,0,0.0,,250,,N,N,N
F73300004,KR5733000040,다올공모주하이일드만기형증권3 Ae,BC,,0,0,0,N,N,,0,N,N,N,,N,N,,,,,N,,,0,,,N,,,,,,1007,1,0,N,N,N,0,N,N,N,0,0,0,100,N,90,0,1000,20241108,20238,20238501000,,,0,,N,N,N,0,0,0,0,0.0,,203,,N,N,N
F73400006,KR5734000064,코레이트하이일드공모주만기형2호 A,BC,,0,0,0,N,N,,0,N,N,N,,N,N,,,,,N,,,0,,,N,,,,,,1007,1,0,N,N,N,0,N,N,N,0,0,0,100,N,90,0,1000,20250214,26502,26502566000,,,0,,N,N,N,0,0,0,0,0.0,,266,,N,N,N
F73400007,KR5734000072,코레이트하이일드공모주만기형2호 A-e,BC,,0,0,0,N,N,,0,N,N,N,,N,N,,,,,N,,,0,,,N,,,,,,1007,1,0,N,N,N,0,N,N,N,0,0,0,100,N,90,0,1000,20250214,5865,5865734000,,,0,,N,N,N,0,0,0,0,0.0,,59,,N,N,N
F73400008,KR5734000080,코레이트하이일드공모주만기형3호 A,BC,,0,0,0,N,N,,0,N,N,N,,N,N,,,,,N,,,0,,,N,,,,,,1012,1,0,N,N,N,0,N,N,N,0,0,0,100,N,90,0,1000,20250808,6707,6707382000,,,0,,N,N,N,0,0,0,0,0.0,,0,,N,N,N
F73400009,KR5734000098,코레이트하이일드공모주만기형3호 A2,BC,,0,0,0,N,N,,0,N,N,N,,N,N,,,,,N,,,0,,,N,,,,,,1012,1,0,N,N,N,0,N,N,N,0,0,0,100,N,90,0,1000,20250808,9177,9177718000,,,0,,N,N,N,0,0,0,0,0.0,,0,,N,N,N
F73400010,KR5734000106,코레이트하이일드공모주만기형3호 Ae,BC,,0,0,0,N,N,,0,N,N,N,,N,N,,,,,N,,,0,,,N,,,,,,1012,1,0,N,N,N,0,N,N,N,0,0,0,100,N,90,0,1000,20250808,2599,2599391000,,,0,,N,N,N,0,0,0,0,0.0,,0,,N,N,N
F73501BBC,KR573501BBC4,GB뉴딜기업2호A,BC,,0,0,0,N,N,,0,N,N,N,,N,N,,,,,N,,,0,,,N,,,,,,1000,1,0,N,N,N,0,N,N,N,0,0,0,100,N,90,0,1000,20220304,4203,4203524000,,,0,,N,N,N,0,0,0,0,0.0,,42,,N,N,N
F73502BBC,KR573502BBC2,GB뉴딜기업2호Ae,BC,,0,0,0,N,N,,0,N,N,N,,N,N,,,,,N,,,0,,,N,,,,,,1059,1,0,N,N,N,0,N,N,N,0,0,0,100,N,90,0,1000,20220304,6949,6949639000,,,0,,N,N,N,0,0,0,0,0.0,,73,,N,N,N
F74100003,KR5741000032,흥국플러스공모주하이일드증권2호 A,BC,,0,0,0,N,N,,0,N,N,N,,N,N,,,,,N,,,0,,,N,,,,,,1003,1,0,N,N,N,0,N,N,N,0,0,0,100,N,90,0,1000,20241115,11155,11155613000,,,0,,N,N,N,0,0,0,0,0.0,,111,,N,N,N
F74100004,KR5741000040,흥국플러스공모주하이일드증권2호 A-e,BC,,0,0,0,N,N,,0,N,N,N,,N,N,,,,,N,,,0,,,N,,,,,,1003,1,0,N,N,N,0,N,N,N,0,0,0,100,N,90,0,1000,20241115,1542,1542705000,,,0,,N,N,N,0,0,0,0,0.0,,15,,N,N,N
F74100005,KR5741000057,흥국플러스공모주하이일드증권2호 C-f,BC,,0,0,0,N,N,,0,N,N,N,,N,N,,,,,N,,,0,,,N,,,,,,1003,1,0,N,N,N,0,N,N,N,0,0,0,100,N,90,0,1000,20241115,300,300000000,,,0,,N,N,N,0,0,0,0,0.0,,3,,N,N,N
F74201773,KR5742017738,하나대체나사부동산1호,BC,,0,0,0,N,N,,0,N,N,N,,N,N,,,,,N,,,0,,,N,,,,,,337,1,0,N,N,N,0,N,N,N,0,0,0,100,N,90,0,1000,20170627,136688,136688658000,,,0,,N,N,N,0,0,0,0,0.0,,460,,N,N,N
F7420177B,KR57420177B6,하나대체미국LA부동산1호 A,BC,,0,0,0,N,N,,0,N,N,N,,N,N,,,,,N,,,0,,,N,,,,,,990,1,0,Y,N,N,0,N,N,N,0,0,0,100,N,90,0,1000,20180207,48286,48286985000,,,0,,N,N,N,0,0,0,0,0.0,,478,,N,N,N
F74201BAA,KR574201BAA6,하나대체미국부동산1호 A,BC,,0,0,0,N,N,,0,N,N,N,,N,N,,,,,N,,,0,,,N,,,,,,700,1,0,N,N,N,0,N,N,N,0,0,0,100,N,90,0,1000,20210108,21241,21241331000,,,0,,N,N,N,0,0,0,0,0.0,,148,,N,N,N
F7420277B,KR57420277B4,하나대체미국LA부동산1호 F,BC,,0,0,0,N,N,,0,N,N,N,,N,N,,,,,N,,,0,,,N,,,,,,990,1,0,Y,N,N,0,N,N,N,0,0,0,100,N,90,0,1000,20180207,44128,44128492000,,,0,,N,N,N,0,0,0,0,0.0,,436,,N,N,N
F74202BAA,KR574202BAA4,하나대체미국부동산1호 C-I,BC,,0,0,0,N,N,,0,N,N,N,,N,N,,,,,N,,,0,,,N,,,,,,920,1,0,N,N,N,0,N,N,N,0,0,0,100,N,90,0,1000,20210108,19758,19758669000,,,0,,N,N,N,0,0,0,0,0.0,,181,,N,N,N
F74401777,KR5744017777,맵스미국11호,BC,,0,0,0,N,N,,0,N,N,N,,N,N,,,,,N,,,0,,,N,,,,,,282,1,0,N,N,N,0,N,N,N,0,0,0,100,N,90,1065,1000,20170901,146999,146999951000,,,0,,N,N,N,0,0,0,0,0.0,,414,,N,N,N
F74401BAA,KR574401BAA2,맵스미국16호 종류A,BC,,0,0,0,N,N,,0,N,N,N,,N,N,,,,,N,,,0,,,N,,,,,,600,1,0,N,N,N,0,N,N,N,0,0,0,100,N,90,2,1000,20201222,92595,92595835000,,,0,,N,N,N,0,0,0,0,0.0,,555,,N,N,N
F74601669,KR5746016694,KCGI베트남증권투자신탁,BC,,0,0,0,N,N,,0,N,N,N,,N,N,,,,,N,,,0,,,N,,,,,,1135,1,0,N,N,N,0,N,N,N,0,0,0,100,N,90,209,1000,20161201,53086,53086337000,,,0,,N,N,N,0,0,0,0,0.0,,602,,N,N,N
F74701776,KR5747017766,이지스코어부동산126호 A,BC,,0,0,0,N,N,,0,N,N,N,,N,N,,,,,N,,,0,,,N,,,,,,9000,1,0,N,N,N,0,N,N,N,0,0,0,100,N,90,0,1000,20170908,61133,61133729000,,,0,,N,N,N,0,0,0,0,0.0,,5502,,N,N,N
F74701789,KR5747017899,이지스204호 Class A,BC,,0,0,0,N,N,,0,N,N,N,,N,N,,,,,N,,,0,,,N,,,,,,350,1,0,N,N,N,0,N,N,N,0,0,0,100,N,90,0,1000,20181203,55585,55585193000,,,0,,N,N,N,0,0,0,0,0.0,,194,,N,N,N
F74701B8A,KR574701B8A0,이지스229호 Class A,BC,,0,0,0,N,N,,0,N,N,N,,N,N,,,,,N,,,0,,,N,,,,,,70,1,0,Y,N,N,0,N,N,N,0,0,0,100,N,90,0,1000,20190124,175425,175425187000,,,0,,N,N,N,0,0,0,0,0.0,,122,,N,N,N
F74701B97,KR574701B973,이지스글로벌281호 Class A,BC,,0,0,0,N,N,,0,N,N,N,,N,N,,,,,N,,,0,,,N,,,,,,950,1,0,N,N,N,0,N,N,N,0,0,0,100,N,90,0,1000,20191010,230574,230574068000,,,0,,N,N,N,0,0,0,0,0.0,,2190,,N,N,N
F74701B9A,KR574701B9A8,이지스299호A,BC,,0,0,0,N,N,,0,N,N,N,,N,N,,,,,N,,,0,,,N,,,,,,1015,1,0,N,N,N,0,N,N,N,0,0,0,100,N,90,0,1000,20200109,21670,21670028000,,,0,,N,N,N,0,0,0,0,0.0,,219,,N,N,N
F74702776,KR5747027765,이지스코어부동산126호 C-i,BC,,0,0,0,N,N,,0,N,N,N,,N,N,,,,,N,,,0,,,N,,,,,,1005,1,0,N,N,N,0,N,N,N,0,0,0,100,N,90,0,1000,20170908,402,402701000,,,0,,N,N,N,0,0,0,0,0.0,,4,,N,N,N
F74702B8A,KR574702B8A9,이지스229호 Class C-I,BC,,0,0,0,N,N,,0,N,N,N,,N,N,,,,,N,,,0,,,N,,,,,,993,1,0,Y,N,N,0,N,N,N,0,0,0,100,N,90,0,1000,20190124,12104,12104352000,,,0,,N,N,N,0,0,0,0,0.0,,120,,N,N,N
F75601BA2,KR575601BA20,유경공모부동산3호ClassA,BC,,0,0,0,N,N,,0,N,N,N,,N,N,,,,,N,,,0,,,N,,,,,,400,1,0,N,N,N,0,N,N,N,0,0,0,100,N,90,0,1000,20200512,38319,38319438000,,,0,,N,N,N,0,0,0,0,0.0,,153,,N,N,N
F75602BA2,KR575602BA29,유경공모부동산3호ClassC-I,BC,,0,0,0,N,N,,0,N,N,N,,N,N,,,,,N,,,0,,,N,,,,,,1015,1,0,N,N,N,0,N,N,N,0,0,0,100,N,90,0,1000,20200512,67679,67679890000,,,0,,N,N,N,0,0,0,0,0.0,,686,,N,N,N
F75701BA7,KR575701BA78,현대유퍼스트부동산30호[파생형] A,BC,,0,0,0,N,N,,0,N,N,N,,N,N,,,,,N,,,0,,,N,,,,,,696,1,0,N,N,N,0,N,N,N,0,0,0,100,N,90,0,1000,20200928,29111,29111909000,,,0,,N,N,N,0,0,0,0,0.0,,202,,N,N,N
F75702BA7,KR575702BA77,현대유퍼스트부동산30호[파생형] C-i,BC,,0,0,0,N,N,,0,N,N,N,,N,N,,,,,N,,,0,,,N,,,,,,965,1,0,N,N,N,0,N,N,N,0,0,0,100,N,90,0,1000,20200928,23488,23488200000,,,0,,N,N,N,0,0,0,0,0.0,,226,,N,N,N
F75801BBC,KR575801BBC6,IBK국민참여정책형뉴딜혼합자산2호A,BC,,0,0,0,N,N,,0,N,N,N,,N,N,,,,,N,,,0,,,N,,,,,,998,1,0,N,N,N,0,N,N,N,0,0,0,100,N,90,0,1000,20220304,2245,2245225000,,,0,,N,N,N,0,0,0,0,0.0,,22,,N,N,N
F75802BBC,KR575802BBC4,IBK국민참여정책형뉴딜혼합자산2호C,BC,,0,0,0,N,N,,0,N,N,N,,N,N,,,,,N,,,0,,,N,,,,,,998,1,0,N,N,N,0,N,N,N,0,0,0,100,N,90,0,1000,20220304,1770,1770000000,,,0,,N,N,N,0,0,0,0,0.0,,17,,N,N,N
F76201BC5,KR576201BC53,이탈리아물류1호 종류A,BC,,0,0,0,N,N,,0,N,N,N,,N,N,,,,,N,,,0,,,N,,,,,,870,1,0,N,N,N,0,N,N,N,0,0,0,100,N,90,0,1000,20220823,66985,66985800000,,,0,,N,N,N,0,0,0,0,0.0,,582,,N,N,N
F77200001,KR5772000018,한국밸류K-파워1호 (A),BC,,0,0,0,N,N,,0,N,N,N,,N,N,,,,,N,,,0,,,N,,,,,,1140,1,0,N,N,N,0,N,N,N,0,0,0,100,N,90,0,1000,20231215,23839,23839016000,,,0,,N,N,N,0,0,0,0,0.0,,271,,N,N,N
F77200002,KR5772000026,한국밸류K-파워1호 (A-e),BC,,0,0,0,N,N,,0,N,N,N,,N,N,,,,,N,,,0,,,N,,,,,,1017,1,0,N,N,N,0,N,N,N,0,0,0,100,N,90,0,1000,20231215,12284,12284844000,,,0,,N,N,N,0,0,0,0,0.0,,124,,N,N,N
F77200003,KR5772000034,한국밸류K-파워2호 (A),BC,,0,0,0,N,N,,0,N,N,N,,N,N,,,,,N,,,0,,,N,,,,,,1017,1,0,N,N,N,0,N,N,N,0,0,0,100,N,90,0,1000,20231215,21237,21237679000,,,0,,N,N,N,0,0,0,0,0.0,,215,,N,N,N
F77200004,KR5772000042,한국밸류K-파워2호 (A-e),BC,,0,0,0,N,N,,0,N,N,N,,N,N,,,,,N,,,0,,,N,,,,,,1017,1,0,N,N,N,0,N,N,N,0,0,0,100,N,90,0,1000,20231215,14906,14906378000,,,0,,N,N,N,0,0,0,0,0.0,,151,,N,N,N
F77200005,KR5772000059,한국밸류AI혁신소부장1호(A),BC,,0,0,0,N,N,,0,N,N,N,,N,N,,,,,N,,,0,,,N,,,,,,1063,1,0,N,N,N,0,N,N,N,0,0,0,100,N,90,0,1000,20240621,11454,11454937000,,,0,,N,N,N,0,0,0,0,0.0,,121,,N,N,N
F77200006,KR5772000067,한국밸류AI혁신소부장1호(A-e),BC,,0,0,0,N,N,,0,N,N,N,,N,N,,,,,N,,,0,,,N,,,,,,1064,1,0,N,N,N,0,N,N,N,0,0,0,100,N,90,0,1000,20240621,12492,12492822000,,,0,,N,N,N,0,0,0,0,0.0,,132,,N,N,N
F77200007,KR5772000075,한국밸류AI혁신소부장1호(C-F),BC,,0,0,0,N,N,,0,N,N,N,,N,N,,,,,N,,,0,,,N,,,,,,1065,1,0,N,N,N,0,N,N,N,0,0,0,100,N,90,0,1000,20240621,200,200000000,,,0,,N,N,N,0,0,0,0,0.0,,2,,N,N,N
F77200008,KR5772000083,한국밸류AI혁신소부장2호(A),BC,,0,0,0,N,N,,0,N,N,N,,N,N,,,,,N,,,0,,,N,,,,,,1063,1,0,N,N,N,0,N,N,N,0,0,0,100,N,90,0,1000,20240621,11515,11515156000,,,0,,N,N,N,0,0,0,0,0.0,,122,,N,N,N
F77200009,KR5772000091,한국밸류AI혁신소부장2호(A-e),BC,,0,0,0,N,N,,0,N,N,N,,N,N,,,,,N,,,0,,,N,,,,,,990,1,0,N,N,N,0,N,N,N,0,0,0,100,N,90,0,1000,20240621,12453,12453976000,,,0,,N,N,N,0,0,0,0,0.0,,123,,N,N,N
F77200010,KR5772000109,한국밸류AI혁신소부장2호(C-F),BC,,0,0,0,N,N,,0,N,N,N,,N,N,,,,,N,,,0,,,N,,,,,,1065,1,0,N,N,N,0,N,N,N,0,0,0,100,N,90,0,1000,20240621,200,200000000,,,0,,N,N,N,0,0,0,0,0.0,,2,,N,N,N
F77300001,KR5773000017,밸류시스템SAFE증권1호(A),BC,,0,0,0,N,N,,0,N,N,N,,N,N,,,,,N,,,0,,,N,,,,,,0,1,0,Y,N,N,0,N,N,N,0,0,0,100,N,90,0,1000,20240828,1579,1579177000,,,0,,N,N,N,0,0,0,0,0.0,,0,,N,N,N
F77300002,KR5773000025,밸류시스템SAFE증권1호(Ae),BC,,0,0,0,N,N,,0,N,N,N,,N,N,,,,,N,,,0,,,N,,,,,,0,1,0,Y,N,N,0,N,N,N,0,0,0,100,N,90,0,1000,20240828,2976,2976085000,,,0,,N,N,N,0,0,0,0,0.0,,0,,N,N,N
F77300003,KR5773000033,밸류시스템SAFE증권2호(A),BC,,0,0,0,N,N,,0,N,N,N,,N,N,,,,,N,,,0,,,N,,,,,,0,1,0,Y,N,N,0,N,N,N,0,0,0,100,N,90,0,1000,20240828,2995,2995279000,,,0,,N,N,N,0,0,0,0,0.0,,0,,N,N,N
F77300004,KR5773000041,밸류시스템SAFE증권2호(Ae),BC,,0,0,0,N,N,,0,N,N,N,,N,N,,,,,N,,,0,,,N,,,,,,0,1,0,Y,N,N,0,N,N,N,0,0,0,100,N,90,0,1000,20240828,1394,1394013000,,,0,,N,N,N,0,0,0,0,0.0,,0,,N,N,N
000020,KR7000020008,동화약품,ST,3.0,27,9,0,,N,N,0,N,N,Y,,N,N,N,N,Y,N,N,N,N,0,N,N,N,N,N,N,N,N,6530,1,1,N,N,N,0,N,N,N,0,0,0,50,Y,90,28306,1000,19760324,27931,27931470000,12.0,,0,,N,N,Y,1257,23,7,-8,0.04,20250331.0,1823,,N,N,N
000040,KR7000040006,KR모터스,ST,3.0,27,15,0,,N,N,0,N,N,N,,N,N,N,N,N,N,N,N,N,1,N,N,N,N,N,N,N,N,581,1,1,N,N,N,0,N,N,N,0,0,0,100,N,90,9941097,500,19760525,60132,30066434000,12.0,,0,,N,N,Y,29,-8,-16,-16,-20.44,20250331.0,349,,N,N,N
000050,KR7000050005,경방,ST,3.0,16,0,0,,N,N,0,N,N,N,,N,N,N,N,N,N,N,N,N,0,N,N,N,N,N,N,N,N,7460,1,1,N,N,N,0,N,N,N,0,0,0,100,N,90,20669,500,19560303,27415,13707635000,12.0,,0,,N,N,Y,1023,108,64,43,2.27,20250331.0,2045,,N,N,N
000070,KR7000070003,삼양홀딩스,ST,2.0,21,0,0,,N,N,0,N,N,N,,N,N,N,N,N,N,N,N,N,0,N,N,N,N,N,N,N,N,85400,1,1,N,N,N,0,N,N,N,0,0,0,40,Y,90,9180,5000,19681227,8717,43587175000,12.0,,0,,N,N,Y,8659,315,512,386,4.67,20250331.0,7444,,N,N,Y
000075,KR7000071001,삼양홀딩스우,ST,0.0,21,0,0,,Y,N,0,N,N,N,,N,N,N,N,N,N,N,N,N,0,N,N,N,N,N,N,N,N,83500,1,1,Y,N,Y,0,N,N,N,0,0,0,100,N,90,0,5000,19920221,150,754470000,12.0,,1,,N,N,N,0,0,0,0,0.0,,125,,N,N,N
000080,KR7000080002,하이트진로,ST,2.0,27,5,0,,N,N,7,N,N,Y,,N,N,N,N,N,N,N,N,N,0,N,N,N,N,N,N,N,N,20100,1,1,N,N,N,0,N,N,N,0,0,0,40,Y,90,83524,5000,20091019,70133,363168055000,12.0,,0,,N,Y,Y,6128,627,516,380,13.54,20250331.0,14096,,N,N,Y
000087,KR7000082008,하이트진로2우B,ST,0.0,27,5,0,,N,N,0,N,N,N,,N,N,N,N,N,N,N,N,N,0,N,N,N,N,N,N,N,N,15790,1,1,N,N,N,0,N,N,N,0,0,0,100,N,90,934,5000,20110926,1130,5650690000,12.0,,2,,N,N,N,0,0,0,0,0.0,,178,,N,N,N
0000D0,KR70000D0009,TIGER 엔비디아미국채커버드콜밸런스(합성),EF,,0,0,0,N,N,,0,N,N,N,2.0,N,N,,,,,N,,,0,,,Y,,,,,,9785,1,1,N,N,N,0,N,N,N,0,0,0,60,Y,90,19836,0,20241217,5000,0,12.0,,0,,N,N,N,0,0,0,0,0.0,,489,,N,N,N
0000H0,KR70000H0005,KODEX 인도Nifty미드캡100,EF,,0,0,0,N,N,,0,N,N,N,2.0,N,N,,,,,N,,,0,,,Y,,,,,,10255,1,1,N,N,N,0,N,N,N,0,0,0,100,N,90,32233,0,20250408,1850,0,12.0,,0,,N,N,N,0,0,0,0,0.0,,189,,N,N,N
0000J0,KR70000J0003,PLUS 한화그룹주,EF,,0,0,0,N,N,,0,N,N,N,2.0,N,N,,,,,N,,,0,,,Y,,,,,,25780,1,1,N,N,N,0,N,N,N,0,0,0,30,Y,90,154607,0,20241224,6900,0,12.0,,0,,N,N,N,0,0,0,0,0.0,,1778,,N,N,N
0000Y0,KR70000Y0004,HK 26-12 회사채(AA-이상)액티브,EF,,0,0,0,N,N,,0,N,N,N,2.0,N,N,,,,,N,,,0,,,Y,,,,,,102495,1,1,N,N,N,0,N,N,N,0,0,0,60,Y,90,0,0,20241224,1205,0,12.0,,0,,N,N,N,0,0,0,0,0.0,,1235,,N,N,N
0000Z0,KR70000Z0003,RISE 바이오TOP10액티브,EF,,0,0,0,N,N,,0,N,N,N,2.0,N,N,,,,,N,,,0,,,Y,,,,,,11780,1,1,N,N,N,0,N,N,N,0,0,0,100,N,90,36697,0,20241224,1300,0,12.0,,0,,N,N,N,0,0,0,0,0.0,,153,,N,N,N
000100,KR7000100008,유한양행,ST,1.0,27,9,0,,N,N,A,Y,N,Y,,Y,Y,N,N,Y,N,N,N,N,0,N,N,N,N,N,N,N,N,112200,1,1,N,N,N,0,N,N,N,0,0,0,20,Y,90,319891,1000,19621101,79968,80209064000,12.0,,0,,N,Y,Y,4916,64,150,100,1.69,20250331.0,89724,,N,N,Y
000105,KR7000101006,유한양행우,ST,0.0,27,9,0,,N,N,0,N,N,N,,N,N,N,N,N,N,N,N,N,0,N,N,N,N,N,N,N,N,102600,1,1,N,N,N,0,N,N,N,0,0,0,60,Y,90,4208,1000,19950221,1180,1180940000,12.0,,1,,N,N,N,0,0,0,0,0.0,,1211,,N,N,N
000120,KR7000120006,CJ대한통운,ST,2.0,19,0,0,,N,N,9,N,N,Y,,N,N,N,N,N,N,N,N,N,0,N,N,N,N,N,N,Y,Y,88000,1,1,N,N,N,0,N,N,N,0,0,0,30,Y,90,62564,5000,19560702,22812,114061720000,12.0,,0,,N,Y,Y,29926,854,528,410,3.63,20250331.0,20074,720,N,N,Y
000140,KR7000140004,하이트진로홀딩스,ST,3.0,21,0,0,,N,N,0,N,N,N,,N,N,N,N,N,N,N,N,N,0,N,N,N,N,N,N,N,N,10460,1,1,N,N,N,0,N,N,N,0,0,0,100,N,90,13970,5000,19730919,23206,116033825000,12.0,,0,,N,N,Y,6096,646,462,321,9.5,20250331.0,2427,,N,N,N
000145,KR7000141002,하이트진로홀딩스우,ST,0.0,21,0,0,,N,N,0,N,N,N,,N,N,N,N,N,N,N,N,N,0,N,N,N,N,N,N,N,N,12790,1,1,N,N,N,0,N,N,N,0,0,0,100,N,90,49,5000,19870929,470,2354050000,12.0,,1,,N,N,N,0,0,0,0,0.0,,60,,N,N,N
000150,KR7000150003,두산,ST,1.0,21,0,0,,N,Y,2,N,N,Y,,N,N,N,N,N,N,N,N,N,0,N,N,N,N,N,N,N,Y,606000,1,1,N,N,N,0,N,N,N,0,0,0,60,Y,90,68151,5000,19730629,16523,99290605000,12.0,,0,,N,Y,Y,42987,1985,1058,113,6.36,20250331.0,100134,391,N,N,Y
000155,KR7000151001,두산우,ST,0.0,21,0,0,,N,N,0,N,N,N,,N,N,N,N,N,N,N,N,N,0,N,N,N,N,N,N,N,N,391500,1,1,N,N,N,0,N,N,N,0,0,0,60,Y,90,21553,5000,19860731,3996,19982310000,12.0,,1,,N,N,N,0,0,0,0,0.0,,15646,,N,N,Y
000157,KR7000152009,두산2우B,ST,0.0,21,0,0,,N,N,0,N,N,N,,N,N,N,N,N,N,N,N,N,0,N,N,N,N,N,N,N,N,403500,1,1,N,N,N,0,N,N,N,0,0,0,60,Y,90,2032,5000,19991203,893,4465190000,12.0,,2,,N,N,N,0,0,0,0,0.0,,3603,,N,N,N
000180,KR7000180000,성창기업지주,ST,3.0,26,0,0,,N,N,0,N,N,N,,N,N,N,N,N,N,N,N,N,0,N,N,N,N,N,N,N,N,1598,1,1,N,N,N,0,N,N,N,0,0,0,100,N,90,100511,500,19760602,69751,36000000000,12.0,,0,,N,N,Y,325,-23,-16,-15,-1.07,20250331.0,1114,,N,N,N
0001P0,KR70001P0004,마이티 바이오시밀러&CDMO액티브,EF,,0,0,0,N,N,,0,N,N,N,2.0,N,N,,,,,N,,,0,,,Y,,,,,,9800,1,1,N,N,N,0,N,N,N,0,0,0,100,N,90,1470,0,20241224,1240,0,12.0,,0,,N,N,N,0,0,0,0,0.0,,121,,N,N,N
0001S0,KR70001S0001,TIGER 26-04 회사채(A+이상)액티브,EF,,0,0,0,N,N,,0,N,N,N,2.0,N,N,,,,,N,,,0,,,Y,,,,,,51390,1,1,N,N,N,0,N,N,N,0,0,0,60,Y,90,24593,0,20241224,4404,0,12.0,,0,,N,N,N,0,0,0,0,0.0,,2263,,N,N,N
000210,KR7000210005,DL,ST,2.0,27,8,0,,N,N,4,N,N,Y,,N,N,N,N,N,N,N,N,N,0,N,Y,N,N,N,N,N,Y,46600,1,1,N,N,N,0,N,N,N,0,0,0,40,Y,90,88565,5000,19760202,20955,128279420000,12.0,,0,,N,Y,Y,13866,1054,-106,-195,-2.29,20250331.0,9765,321,N,N,Y
000215,KR7000211003,DL우,ST,0.0,27,8,0,,N,N,0,N,N,N,,N,N,N,N,N,N,N,N,N,0,N,N,N,N,N,N,N,N,24900,1,1,N,N,N,0,N,N,N,0,0,0,100,N,90,6098,5000,19890821,1686,10430575000,12.0,,1,,N,N,N,0,0,0,0,0.0,,419,,N,N,N
000220,KR7000220004,유유제약,ST,3.0,27,9,0,,N,N,0,N,N,N,,N,N,N,N,N,N,N,N,N,0,N,N,N,N,N,N,N,N,4405,1,1,N,N,N,0,N,N,N,0,0,0,100,N,90,33207,1000,19751118,17032,17609191000,12.0,,0,,N,N,Y,329,39,35,30,8.26,20250331.0,750,,N,N,N
000225,KR7000221002,유유제약1우,ST,0.0,27,9,0,,N,N,0,N,N,N,,N,N,N,N,N,N,N,N,N,0,N,N,N,N,N,N,N,N,4950,1,1,N,N,N,0,N,N,N,0,0,0,100,N,90,9206,1000,19900105,2266,2266930000,12.0,,1,,N,N,N,0,0,0,0,0.0,,112,,N,N,N
000227,KR7000222000,유유제약2우B,ST,0.0,27,9,0,,Y,N,0,N,N,N,,N,N,N,N,N,N,N,N,N,0,N,N,N,N,N,N,N,N,10510,1,1,N,N,N,0,N,N,N,0,0,0,100,N,90,256,1000,20000620,325,325560000,12.0,,2,,N,N,N,0,0,0,0,0.0,,34,,N,N,N
000230,KR7000230003,일동홀딩스,ST,3.0,27,9,0,,N,N,0,N,N,Y,,N,N,N,N,Y,N,N,N,N,0,N,N,N,N,N,N,N,N,8350,1,1,N,N,N,0,N,N,N,0,0,0,100,N,90,18585,1000,19750628,11540,11540400000,12.0,,0,,N,N,Y,1498,41,-46,-52,-14.46,20250331.0,963,,N,N,N
000240,KR7000240002,한국앤컴퍼니,ST,2.0,21,0,0,,N,N,8,N,N,Y,,N,N,N,N,N,N,N,N,N,0,N,N,N,N,N,N,N,Y,23750,1,1,N,N,N,0,N,N,N,0,0,0,30,Y,90,48731,500,19681227,94935,47467620000,12.0,,0,,N,Y,Y,3887,1269,1251,1154,10.33,20250331.0,22547,912,N,N,N
000270,KR7000270009,기아,ST,1.0,27,15,0,,N,N,8,Y,Y,Y,,Y,Y,Y,N,N,N,N,N,N,0,N,N,N,N,N,N,N,Y,101800,1,1,N,N,N,0,N,N,N,0,0,0,20,Y,90,649320,5000,19730721,397672,2139316735000,12.0,,0,,N,Y,Y,280175,30086,32434,23926,17.12,20250331.0,404830,BH1,N,N,Y
0002C0,KR70002C0008,에셋플러스 인도일등기업포커스20액티브,EF,,0,0,0,N,N,,0,N,N,N,2.0,N,N,,,,,N,,,0,,,Y,,,,,,10280,1,1,N,N,N,0,N,N,N,0,0,0,100,N,90,1766,0,20250225,1080,0,12.0,,0,,N,N,N,0,0,0,0,0.0,,111,,N,N,N
000300,KR7000300004,DH오토넥스,ST,3.0,27,15,0,,N,N,0,N,N,N,,N,N,N,N,N,N,N,N,N,0,N,N,N,N,N,N,N,N,1984,1,1,Y,N,N,0,N,N,N,0,0,0,100,N,90,0,500,19750609,82129,41064594000,12.0,,0,,N,N,Y,98,2,4,4,5.78,20250331.0,1629,,N,N,N
000320,KR7000320002,노루홀딩스,ST,3.0,21,0,0,,N,N,0,N,N,N,,N,N,N,N,N,N,N,N,N,0,N,N,N,N,N,N,N,N,24950,1,1,N,N,N,0,N,N,N,0,0,0,50,Y,90,86927,500,19730810,13291,8407575500,12.0,,0,,N,N,Y,2889,123,159,117,5.29,20250331.0,3316,,N,N,Y
000325,KR7000321000,노루홀딩스우,ST,0.0,21,0,0,,N,N,0,N,N,N,,N,N,N,N,N,N,N,N,N,0,N,N,N,N,N,N,N,N,32350,1,1,N,N,N,0,N,N,N,0,0,0,100,N,90,563,500,19890121,243,121779500,12.0,,1,,N,N,N,0,0,0,0,0.0,,78,,N,N,N
000370,KR7000370007,한화손해보험,ST,3.0,21,25,0,,N,N,0,N,N,Y,,N,N,N,N,N,N,N,N,N,0,N,N,N,N,N,Y,N,N,6260,1,1,N,N,N,0,N,N,N,0,0,0,40,Y,90,544714,5000,19750630,116738,583694575000,12.0,,0,,N,N,Y,17766,1729,1724,1275,19.04,20250331.0,7307,913,N,N,Y
000390,KR7000390005,삼화페인트,ST,3.0,27,8,0,,N,N,0,N,N,N,,N,N,N,N,N,N,N,N,N,0,N,N,N,N,N,N,N,N,6120,1,1,N,N,N,0,N,N,N,0,0,0,60,Y,90,19224,500,19930910,27203,13601734500,12.0,,0,,N,N,Y,1333,-36,-2,-15,-1.61,20250331.0,1664,,N,N,Y
000400,KR7000400002,롯데손해보험,ST,2.0,21,25,0,,N,N,0,N,N,Y,,N,N,N,N,N,N,N,N,N,0,N,N,N,N,N,Y,N,N,1762,1,1,N,N,N,0,N,N,N,0,0,0,60,Y,90,123682,1000,19710416,310336,310336320000,12.0,,0,,N,N,Y,31515,311,333,242,2.31,20241231.0,5468,,N,N,Y
000430,KR7000430009,대원강업,ST,3.0,27,15,0,,N,N,0,N,N,N,,N,N,N,N,N,N,N,N,N,0,N,N,N,N,N,N,N,N,3630,1,1,N,N,N,0,N,N,N,0,0,0,40,Y,90,45082,500,19770622,62000,31000000000,12.0,,0,,N,N,Y,3820,184,209,155,9.23,20250331.0,2250,Z35,N,N,N
000480,KR7000480004,CR홀딩스,ST,3.0,27,10,0,,N,N,0,N,N,N,,N,N,N,N,N,N,N,N,N,0,N,N,N,N,N,N,N,N,5220,1,1,N,N,N,0,N,N,N,0,0,0,100,N,90,12227,500,19780630,46890,23445245000,12.0,,0,,N,N,Y,2032,67,-18,-28,-1.13,20250331.0,2447,,N,N,N
000490,KR7000490003,대동,ST,3.0,27,12,0,,N,N,0,N,N,N,,N,N,N,N,N,N,N,N,N,0,N,N,N,N,N,N,N,N,10500,1,1,N,N,N,0,N,N,N,0,0,0,60,Y,90,226322,1000,19750627,26392,26392658000,12.0,,0,,N,N,Y,3868,217,68,91,13.19,20250331.0,2771,,N,N,Y
0004G0,KR70004G0002,1Q 미국배당TOP30,EF,,0,0,0,N,N,,0,N,N,N,2.0,N,N,,,,,N,,,0,,,Y,,,,,,8985,1,1,N,N,N,0,N,N,N,0,0,0,100,N,90,7478,0,20250121,500,0,12.0,,0,,N,N,N,0,0,0,0,0.0,,44,,N,N,N
000500,KR7000500009,가온전선,ST,2.0,27,13,0,,N,N,0,N,N,N,,N,N,N,N,N,N,N,N,N,0,N,N,N,N,N,N,N,N,67200,1,1,N,N,N,0,N,N,N,0,0,0,40,Y,90,50670,5000,19870608,16543,82715575000,12.0,,0,,N,N,Y,6393,219,175,153,13.87,20250331.0,11116,FN2,N,N,N
000520,KR7000520007,삼일제약,ST,3.0,27,9,0,,N,N,0,N,N,N,,N,N,N,N,N,N,N,N,N,0,N,N,N,N,N,N,N,N,10010,1,1,N,N,N,0,N,N,N,0,0,0,50,Y,90,82932,500,19850529,21691,10845905500,12.0,,0,,N,N,Y,523,-54,-85,-91,-21.22,20250331.0,2171,,N,N,Y
000540,KR7000540005,흥국화재,ST,3.0,21,25,0,,N,N,0,N,N,N,,N,N,N,N,N,N,N,N,N,0,N,N,N,N,N,N,N,N,4405,1,1,N,N,N,0,N,N,N,0,0,0,60,Y,90,121190,5000,19741205,64242,321213225000,12.0,,0,,N,N,Y,33740,1488,1437,1067,9.97,20241231.0,2829,,N,N,N
000545,KR7000541003,흥국화재우,ST,0.0,21,25,0,,N,N,0,N,N,N,,N,N,N,N,N,N,N,N,N,3,N,N,N,N,N,N,N,N,8690,1,1,N,N,N,0,N,N,N,0,0,0,100,N,90,28799,5000,19900320,768,3840000000,12.0,,1,,N,N,N,0,0,0,0,0.0,,66,,N,N,N
000590,KR7000590000,CS홀딩스,ST,3.0,21,0,0,,N,N,0,N,N,N,,N,N,N,N,N,N,N,N,N,0,N,N,N,N,N,N,N,N,88700,1,1,N,N,N,0,N,N,N,0,0,0,100,N,90,1198,5000,19751222,1154,5772410000,12.0,,0,,N,N,Y,328,53,84,69,7.34,20250331.0,1024,,N,N,N
0005A0,KR70005A0007,KODEX 미국S&P500데일리커버드콜OTM,EF,,0,0,0,N,N,,0,N,N,N,2.0,N,N,,,,,N,,,0,,,Y,,,,,,9190,1,1,N,N,N,0,N,N,N,0,0,0,60,Y,90,69519,0,20250107,11700,0,12.0,,0,,N,N,N,0,0,0,0,0.0,,1075,,N,N,N
0005C0,KR70005C0005,RISE 미국S&P500엔화노출(합성 H),EF,,0,0,0,N,N,,0,N,N,N,2.0,N,N,,,,,N,,,0,,,Y,,,,,,10680,1,1,N,N,N,0,N,N,N,0,0,0,100,N,90,98,0,20250114,850,0,12.0,,0,,N,N,N,0,0,0,0,0.0,,90,,N,N,N
0005D0,KR70005D0004,SOL 전고체배터리&실리콘음극재,EF,,0,0,0,N,N,,0,N,N,N,2.0,N,N,,,,,N,,,0,,,Y,,,,,,11345,1,1,N,N,N,0,N,N,N,0,0,0,100,N,90,271300,0,20250107,2550,0,12.0,,0,,N,N,N,0,0,0,0,0.0,,289,,N,N,N
0005G0,KR70005G0001,ITF K-AI반도체코어테크,EF,,0,0,0,N,N,,0,N,N,N,2.0,N,N,,,,,N,,,0,,,Y,,,,,,12465,1,1,N,N,N,0,N,N,N,0,0,0,100,N,90,926,0,20250121,800,0,12.0,,0,,N,N,N,0,0,0,0,0.0,,99,,N,N,N
000640,KR7000640003,동아쏘시오홀딩스,ST,2.0,21,0,0,,N,N,0,N,N,Y,,N,N,N,N,Y,N,N,N,N,0,N,N,N,N,N,N,N,N,113800,1,1,N,N,N,0,N,N,N,0,0,0,30,Y,90,12695,5000,19700210,6536,32682170000,12.0,,0,,N,N,Y,3284,204,118,180,6.77,20250331.0,7438,,N,N,N
000650,KR7000650002,천일고속,ST,3.0,19,0,0,,N,N,0,N,N,N,,N,N,N,N,N,N,N,N,N,0,N,N,N,N,N,N,N,N,41350,1,1,N,N,N,0,N,N,N,0,0,0,100,N,90,26,5000,19770623,1429,7146100000,12.0,,0,,N,N,Y,447,-53,-42,-42,-25.32,20241231.0,590,,N,N,N
000660,KR7000660001,SK하이닉스,ST,1.0,27,13,0,,N,N,5,Y,Y,Y,,Y,Y,N,Y,N,N,N,N,N,0,N,N,N,N,N,N,N,Y,262000,1,1,N,N,N,0,N,N,N,0,0,0,20,Y,90,2724438,5000,19961226,728002,3657652050000,12.0,,0,,N,Y,Y,176391,74405,92992,81082,41.75,20250331.0,1907366,535,N,N,Y
000670,KR7000670000,영풍,ST,2.0,27,11,0,,N,N,3,N,N,Y,,N,N,N,N,N,N,N,N,Y,0,N,N,N,N,N,N,N,N,42150,1,1,N,N,N,0,N,N,N,0,0,0,100,N,90,21083,500,19760612,19108,9554225000,12.0,,0,,N,Y,Y,5719,-563,3270,2873,30.81,20250331.0,8054,632,N,N,N
000680,KR7000680009,LS네트웍스,ST,3.0,16,0,0,,N,N,0,N,N,N,,N,N,N,N,N,N,N,N,N,0,N,N,N,N,N,N,N,N,4080,1,1,N,N,N,0,N,N,N,0,0,0,60,Y,90,286011,5000,19731115,78803,394015080000,12.0,,0,,N,N,Y,4442,180,57,18,-2.75,20250331.0,3215,FN2,N,N,N
000700,KR7000700005,유수홀딩스,ST,3.0,26,0,0,,N,N,0,N,N,Y,,N,N,N,N,N,N,N,N,N,0,N,N,N,N,N,N,Y,N,6030,1,1,N,N,N,0,N,N,N,0,0,0,100,N,90,17242,2500,19560303,26041,65104530000,12.0,,0,,N,N,Y,1077,65,60,39,2.51,20250331.0,1570,926,N,N,N
000720,KR7000720003,현대건설,ST,1.0,18,0,0,,N,N,1,Y,N,Y,,N,Y,N,N,N,N,N,N,N,0,N,Y,N,N,N,N,N,Y,69600,1,1,N,N,N,0,N,N,N,0,0,0,60,Y,90,1231340,5000,19841222,111355,556778825000,12.0,,0,,N,Y,Y,74556,2137,2053,1667,5.98,20250331.0,77503,BH1,N,N,Y
000725,KR7000721001,현대건설우,ST,0.0,18,0,0,,N,N,0,N,N,N,,N,N,N,N,N,N,N,N,N,0,N,N,N,N,N,N,N,N,58100,1,1,N,N,N,0,N,N,N,0,0,0,100,N,90,3896,5000,19890921,1054,5273465000,12.0,,1,,N,N,N,0,0,0,0,0.0,,612,,N,N,N
000760,KR7000760009,이화산업,ST,3.0,16,0,0,,N,N,0,N,N,N,,N,N,N,N,N,N,N,N,N,0,N,N,N,N,N,N,N,N,12420,1,1,N,N,N,0,N,N,N,0,0,0,100,N,90,5667,5000,19940429,2800,14000000000,12.0,,0,,N,N,Y,116,6,5,4,0.62,20250331.0,347,,N,N,N
0007F0,KR70007F0000,KODEX 27-12 회사채(AA-이상)액티브,EF,,0,0,0,N,N,,0,N,N,N,2.0,N,N,,,,,N,,,0,,,Y,,,,,,10265,1,1,N,N,N,0,N,N,N,0,0,0,60,Y,90,4717,0,20250114,35090,0,12.0,,0,,N,N,N,0,0,0,0,0.0,,3601,,N,N,N
0007G0,KR70007G0009,PLUS 글로벌원자력밸류체인,EF,,0,0,0,N,N,,0,N,N,N,2.0,N,N,,,,,N,,,0,,,Y,,,,,,13450,1,1,N,N,N,0,N,N,N,0,0,0,100,N,90,109777,0,20250114,2800,0,12.0,,0,,N,N,N,0,0,0,0,0.0,,376,,N,N,N
0007N0,KR70007N0000,아이엠에셋 200,EF,,0,0,0,N,N,,0,N,N,N,2.0,N,N,,,,,N,,,0,,,Y,,,,,,43980,1,1,N,N,N,0,N,N,N,0,0,0,30,Y,90,1006,0,20250211,1100,0,12.0,,0,,N,N,N,0,0,0,0,0.0,,483,,N,N,N
000810,KR7000810002,삼성화재,ST,1.0,21,25,0,,N,Y,6,Y,Y,Y,,Y,Y,N,N,N,N,N,N,N,0,N,N,N,N,N,Y,N,Y,443000,1,1,N,N,N,0,N,N,N,0,0,0,20,Y,90,43844,500,19750630,46011,24802418500,12.0,,0,,N,Y,Y,61058,7924,8223,6090,15.71,20250331.0,203829,511,N,N,N
000815,KR7000811000,삼성화재우,ST,0.0,21,25,0,,N,N,0,N,N,N,,N,N,N,N,N,N,N,N,N,0,N,N,N,N,N,N,N,N,340000,1,1,N,N,N,0,N,N,N,0,0,0,60,Y,90,8567,500,19900410,3099,1671000000,12.0,,1,,N,N,N,0,0,0,0,0.0,,10538,,N,N,N
000850,KR7000850008,화천기공,ST,3.0,27,12,0,,N,N,0,N,N,N,,N,N,N,N,N,N,N,N,N,0,N,N,N,N,N,N,N,N,32550,1,1,N,N,N,0,N,N,N,0,0,0,100,N,90,8937,5000,19991118,2200,11000000000,12.0,,0,,N,N,Y,463,1,14,16,1.84,20250331.0,716,,N,N,N
000860,KR7000860007,강남제비스코,ST,3.0,27,8,0,,N,N,0,N,N,N,,N,N,N,N,N,N,N,N,N,0,N,N,N,N,N,N,N,N,12470,1,1,N,N,N,0,N,N,N,0,0,0,100,N,90,14133,500,19751112,13000,6500000000,12.0,,0,,N,N,Y,1410,7,9,-1,-0.71,20250331.0,1621,,N,N,N
000880,KR7000880005,한화,ST,2.0,27,8,0,,N,N,4,N,N,Y,,N,N,N,N,N,N,N,N,N,0,N,N,N,N,N,N,N,Y,88900,1,1,N,N,N,0,N,N,N,0,0,0,30,Y,90,364544,5000,19760624,74958,374793675000,12.0,,0,,N,Y,Y,166426,10726,5485,4657,3.32,20250331.0,66638,913,N,N,Y
00088K,KR700088K015,한화3우B,ST,0.0,27,8,0,,N,,0,N,N,N,,N,N,,,,,N,,,0,,,N,,,,,,38700,1,1,N,N,N,0,N,N,N,0,0,0,50,Y,90,48947,5000,20161019,19404,97022205000,12.0,,2,,N,N,N,0,0,0,0,0.0,,7509,,N,N,N
000890,KR7000890004,보해양조,ST,3.0,27,5,0,,N,N,0,N,N,N,,N,N,N,N,N,N,N,N,N,0,N,N,N,N,N,N,N,N,463,1,1,N,N,N,0,N,N,N,0,0,0,100,N,90,146061,500,19880923,139120,69560064500,12.0,,0,,N,N,Y,205,10,9,8,3.47,20250331.0,644,,N,N,N
0008E0,KR70008E0000,ACE 미국중심중소형제조업,EF,,0,0,0,N,N,,0,N,N,N,2.0,N,N,,,,,N,,,0,,,Y,,,,,,10170,1,1,N,N,N,0,N,N,N,0,0,0,100,N,90,10128,0,20250121,900,0,12.0,,0,,N,N,N,0,0,0,0,0.0,,91,,N,N,N
0008S0,KR70008S0004,TIGER 미국배당다우존스타겟데일리커버드콜,EF,,0,0,0,N,N,,0,N,N,N,2.0,N,N,,,,,N,,,0,,,Y,,,,,,8680,1,1,N,N,N,0,N,N,N,0,0,0,60,Y,90,327076,0,20250121,18900,0,12.0,,0,,N,N,N,0,0,0,0,0.0,,1640,,N,N,N
0008T0,KR70008T0003,SOL 화장품TOP3플러스,EF,,0,0,0,N,N,,0,N,N,N,2.0,N,N,,,,,N,,,0,,,Y,,,,,,16395,1,1,N,N,N,0,N,N,N,0,0,0,30,Y,90,789716,0,20250121,5950,0,12.0,,0,,N,N,N,0,0,0,0,0.0,,975,,N,N,N
000910,KR7000910000,유니온,ST,3.0,27,10,0,,N,N,0,N,N,N,,N,N,N,N,N,N,N,N,N,0,N,N,N,N,N,N,N,N,4875,1,1,N,N,N,0,N,N,N,0,0,0,100,N,90,47997,500,19960703,15611,7805809500,12.0,,0,,N,N,Y,504,10,47,35,14.84,20250331.0,761,,N,N,N
000950,KR7000950006,전방,ST,3.0,27,6,0,,N,N,0,N,N,N,,N,N,N,N,N,N,N,N,N,0,N,N,N,N,N,N,N,N,33150,1,1,N,N,N,0,N,N,N,0,0,0,100,N,90,1297,5000,19681021,1680,8400000000,12.0,,0,,N,N,Y,128,-11,331,331,61.64,20250331.0,556,,N,N,N
000970,KR7000970004,한국주철관,ST,3.0,27,11,0,,N,N,0,N,N,Y,,N,N,N,N,N,N,N,N,N,0,N,Y,N,N,N,N,N,N,7250,1,1,N,N,N,0,N,N,N,0,0,0,60,Y,90,17547,500,19691212,22800,12000000000,12.0,,0,,N,N,Y,913,37,49,39,4.33,20250331.0,1653,,N,N,N
000990,KR7000990002,DB하이텍,ST,2.0,27,13,0,,N,N,0,N,N,Y,,N,N,N,Y,N,N,N,N,N,0,N,N,N,N,N,N,N,N,45450,1,1,N,N,N,0,N,N,N,0,0,0,30,Y,90,120124,5000,19751212,44398,221992940000,12.0,,0,,N,Y,Y,2974,525,576,459,9.54,20250331.0,20179,LB9,N,N,Y
001020,KR7001020007,페이퍼코리아,ST,3.0,27,7,0,,N,N,0,N,N,N,,N,N,N,N,N,N,N,N,N,0,N,N,N,N,N,N,N,N,726,1,1,N,N,N,0,N,N,N,0,0,0,100,N,90,2823,500,19760626,177983,88991656500,12.0,,0,,N,N,Y,663,5,-12,-19,-2.65,20250331.0,1292,,N,N,N
001040,KR7001040005,CJ,ST,2.0,21,0,0,,N,N,7,N,N,Y,,N,N,N,N,N,N,N,N,N,0,N,N,N,N,N,N,N,Y,155200,1,1,N,N,N,0,N,N,N,0,0,0,40,Y,90,156880,5000,19730629,29176,146613695000,12.0,,0,,N,Y,Y,106004,5350,2695,1364,5.11,20250331.0,45282,720,N,N,Y
001045,KR7001041003,CJ우,ST,0.0,21,0,0,,N,N,0,N,N,N,,N,N,N,N,N,N,N,N,N,0,N,N,N,N,N,N,N,N,88600,1,1,N,N,N,0,N,N,N,0,0,0,50,Y,90,2870,5000,19890818,2260,11301115000,12.0,,1,,N,N,N,0,0,0,0,0.0,,2002,,N,N,N
00104K,KR700104K010,CJ4우(전환),ST,0.0,21,0,0,,N,,0,N,N,N,,N,N,,,,,N,,,0,,,N,,,,,,128000,1,1,N,N,N,0,N,N,N,0,0,0,40,Y,90,9713,5000,20190809,4226,21132560000,12.0,,2,,N,N,N,0,0,0,0,0.0,,5409,,N,N,N
001060,KR7001060003,JW중외제약,ST,2.0,27,9,0,,N,N,0,N,N,Y,,N,N,N,N,Y,N,N,N,N,0,N,N,N,N,N,N,N,N,22300,1,1,N,N,N,0,N,N,N,0,0,0,40,Y,90,35553,2500,19760614,23285,58214825000,12.0,,0,,N,N,Y,1852,220,229,175,21.16,20250331.0,5192,,N,N,Y
001065,KR7001061001,JW중외제약우,ST,0.0,27,9,0,,N,N,0,N,N,N,,N,N,N,N,N,N,N,N,N,0,N,N,N,N,N,N,N,N,29150,1,1,N,N,N,0,N,N,N,0,0,0,100,N,90,91,2500,19941021,341,854877500,12.0,,1,,N,N,N,0,0,0,0,0.0,,99,,N,N,N
001067,KR7001062009,JW중외제약2우B,ST,0.0,27,9,0,,N,N,0,N,N,N,,N,N,N,N,N,N,N,N,N,0,N,N,N,N,N,N,N,N,62400,1,1,N,N,N,0,N,N,N,0,0,0,100,N,90,6,2500,19980413,209,524932500,12.0,,2,,N,N,N,0,0,0,0,0.0,,131,,N,N,N
001070,KR7001070002,대한방직,ST,3.0,27,6,0,,N,N,0,N,N,N,,N,N,N,N,N,N,N,N,N,0,N,N,N,N,N,N,N,N,6540,1,1,N,N,N,0,N,N,N,0,0,0,100,N,90,6855,1000,19731228,5300,5300000000,12.0,,0,,N,N,Y,308,-5,-10,-9,-2.72,20250331.0,346,,N,N,N
001080,KR7001080001,만호제강,ST,3.0,27,11,0,,N,N,0,N,N,N,,N,N,N,N,N,N,N,N,N,0,N,N,N,N,N,N,N,N,24400,1,1,N,N,N,0,N,Y,N,0,0,0,100,N,90,171,1000,19770618,4150,4150000000,6.0,,0,,N,N,Y,1799,-308,-444,-444,-22.06,20240630.0,1012,,N,N,N
0010E0,KR70010E0006,ACE FTSE WGBI Korea,EF,,0,0,0,N,N,,0,N,N,N,2.0,N,N,,,,,N,,,0,,,Y,,,,,,101410,1,1,N,N,N,0,N,N,N,0,0,0,100,N,90,3,0,20250218,200,0,12.0,,0,,N,N,N,0,0,0,0,0.0,,202,,N,N,N
001120,KR7001120005,LX인터내셔널,ST,2.0,16,0,0,,N,N,0,N,N,Y,,N,N,N,N,N,N,N,N,N,0,N,N,N,N,N,N,N,N,30350,1,1,N,N,N,0,N,N,N,0,0,0,40,Y,90,117542,5000,19760130,38760,193800000000,12.0,,0,,N,Y,Y,40483,1169,1174,1104,14.97,20250331.0,11763,LD1,N,N,Y
001130,KR7001130004,대한제분,ST,3.0,27,5,0,,N,N,0,N,N,N,,N,N,N,N,N,N,N,N,N,0,N,N,N,N,N,N,N,N,148200,1,1,N,N,N,0,N,N,N,0,0,0,100,N,90,2858,5000,19701125,1690,8450000000,12.0,,0,,N,N,Y,3407,157,150,113,4.35,20250331.0,2504,,N,N,N
001140,KR7001140003,국보,ST,3.0,19,0,0,,N,N,0,N,N,N,,N,N,N,N,N,N,N,N,N,0,N,N,N,N,N,N,N,N,2110,1,1,Y,N,Y,0,N,N,N,0,0,0,100,N,90,0,500,19891202,15856,7928194000,12.0,,0,,N,N,Y,14,-20,-48,-48,-256.56,20250331.0,334,,N,N,N
001200,KR7001200005,유진투자증권,ST,3.0,21,24,0,,N,N,0,N,N,Y,,N,N,N,N,N,N,N,N,N,0,N,N,N,Y,N,N,N,N,3330,1,1,N,N,N,0,N,N,N,0,0,0,60,Y,90,535241,5000,19870824,96866,537592090000,12.0,,0,,N,N,Y,4028,59,59,60,2.3,20250331.0,3225,,N,N,N
001210,KR7001210004,금호전기,ST,3.0,27,13,0,,N,N,0,N,N,N,,N,N,N,N,N,N,N,N,N,0,N,N,N,N,N,N,N,N,1178,1,1,N,N,N,0,N,N,N,0,0,0,100,N,90,559179,500,19731115,61553,30776998500,12.0,,0,,N,N,Y,116,1,-3,-3,-5.16,20250331.0,725,,N,N,N
001230,KR7001230002,동국홀딩스,ST,3.0,21,0,0,,N,N,0,N,N,Y,,N,N,N,N,N,N,N,N,Y,0,N,N,N,N,N,N,N,N,7990,1,1,N,N,N,0,N,N,N,0,0,0,60,Y,90,65161,5000,19880509,31800,271066765000,12.0,,0,,N,N,Y,4656,150,49,22,-0.23,20250331.0,2540,,N,N,N
001250,KR7001250000,GS글로벌,ST,3.0,16,0,0,,N,N,0,N,N,N,,N,N,N,N,N,N,N,N,N,0,N,N,N,N,N,N,N,N,2635,1,1,N,N,N,0,N,N,N,0,0,0,40,Y,90,188530,2500,19760626,82533,206334410000,12.0,,0,,N,N,Y,10217,160,117,88,5.86,20250331.0,2174,FN4,N,N,Y
001260,KR7001260009,남광토건,ST,3.0,18,0,0,,N,N,0,N,N,N,,N,N,N,N,N,N,N,N,N,0,N,N,N,N,N,N,N,N,9480,1,1,N,N,N,0,N,N,N,0,0,0,100,N,90,22080,5000,19761228,9832,49162860000,12.0,,0,,N,N,Y,814,26,22,22,7.21,20250331.0,932,,N,N,N
001270,KR7001270008,부국증권,ST,3.0,21,24,0,,N,N,0,N,N,N,,N,N,N,N,N,N,N,N,N,0,N,N,N,N,N,N,N,N,53200,1,1,N,N,N,0,N,N,N,0,0,0,100,N,90,23484,5000,19880719,10369,51849430000,12.0,,0,,N,N,Y,1932,223,237,183,9.49,20250331.0,5516,,N,N,N
001275,KR7001271006,부국증권우,ST,0.0,21,24,0,,Y,N,0,N,N,N,,N,N,N,N,N,N,N,N,N,0,N,N,N,N,N,N,N,N,25800,1,1,N,N,N,0,N,N,N,0,0,0,100,N,90,1211,5000,19891110,3000,15000000000,12.0,,1,,N,N,N,0,0,0,0,0.0,,774,,N,N,N
001290,KR7001290006,상상인증권,ST,3.0,21,24,0,,N,N,0,N,N,N,,N,N,N,N,N,N,N,N,N,0,N,N,N,N,N,N,N,N,676,1,1,N,N,N,0,N,N,N,0,0,0,100,N,90,146330,1000,19880923,108337,109640596000,12.0,,0,,N,N,Y,446,0,1,2,0.42,20250331.0,732,,N,N,N
001340,KR7001340009,PKC,ST,3.0,27,8,0,,N,N,0,N,N,N,,N,N,N,N,N,N,N,N,N,0,N,N,N,N,N,N,N,N,6050,1,1,N,N,N,0,N,N,N,0,0,0,60,Y,90,67136,500,19760610,44918,22459203500,12.0,,0,,N,N,Y,646,33,22,18,3.43,20250331.0,2717,,N,N,Y
001360,KR7001360007,삼성제약,ST,3.0,27,9,0,,N,N,0,N,N,N,,N,N,N,N,N,N,N,N,N,0,N,N,N,N,N,N,N,N,1578,1,1,N,N,N,0,N,N,N,0,0,0,100,N,90,102946,500,19750704,94162,47081039500,12.0,,0,,N,N,Y,443,-148,-141,-141,-15.36,20241231.0,1485,,N,N,N
001380,KR7001380005,SG글로벌,ST,3.0,27,15,0,,N,N,0,N,N,N,,N,N,N,N,N,N,N,N,N,0,N,N,N,N,N,N,N,N,1676,1,1,N,N,N,0,N,N,N,0,0,0,100,N,90,175100,500,19760629,44964,22482071500,12.0,,0,,N,N,Y,231,19,17,13,3.52,20250331.0,753,,N,N,N
001390,KR7001390004,KG케미칼,ST,3.0,27,8,0,,N,N,0,N,N,N,,N,N,N,N,N,N,N,N,N,0,N,N,N,N,N,N,N,N,4415,1,1,N,N,N,0,N,N,N,0,0,0,40,Y,90,67344,1000,19890825,68469,71128350000,12.0,,0,,N,N,Y,21217,1066,936,734,9.3,20250331.0,3022,,N,N,Y
0013P0,KR70013P0000,RISE 미국은행TOP10,EF,,0,0,0,N,N,,0,N,N,N,2.0,N,N,,,,,N,,,0,,,Y,,,,,,9935,1,1,N,N,N,0,N,N,N,0,0,0,100,N,90,8140,0,20250218,850,0,12.0,,0,,N,N,N,0,0,0,0,0.0,,84,,N,N,N
0013R0,KR70013R0008,RISE 테슬라미국채타겟커버드콜혼합(합성),EF,,0,0,0,N,N,,0,N,N,N,2.0,N,N,,,,,N,,,0,,,Y,,,,,,8915,1,1,N,N,N,0,N,N,N,0,0,0,100,N,90,5677,0,20250218,1800,0,12.0,,0,,N,N,N,0,0,0,0,0.0,,160,,N,N,N
001420,KR7001420009,태원물산,ST,3.0,27,15,0,,N,N,0,N,N,N,,N,N,N,N,N,N,N,N,N,0,N,N,N,N,N,N,N,N,3740,1,1,N,N,N,0,N,N,N,0,0,0,100,N,90,3727,500,19750624,7600,3800000000,12.0,,0,,N,N,Y,116,-9,12,175,47.06,20241231.0,284,,N,N,N
001430,KR7001430008,세아베스틸지주,ST,2.0,27,11,0,,N,N,3,N,N,Y,,N,N,N,N,N,N,N,N,Y,0,N,N,N,N,N,N,N,N,29650,1,1,N,N,N,0,N,N,N,0,0,0,60,Y,90,127923,5000,19910312,35862,219310595000,12.0,,0,,N,Y,Y,8999,181,89,60,1.27,20250331.0,10633,474,N,N,N
001440,KR7001440007,대한전선,ST,2.0,27,13,0,,N,N,9,N,N,Y,,N,N,N,N,N,N,N,N,N,0,N,N,N,N,Y,N,N,N,16840,1,1,N,N,N,0,N,N,N,0,0,0,60,Y,90,2218581,1000,19681227,186447,186447300000,12.0,,0,,N,Y,Y,8555,271,316,294,7.51,20250331.0,31397,LB7,N,N,Y
001450,KR7001450006,현대해상,ST,2.0,21,25,0,,N,Y,6,N,N,Y,,N,N,N,N,N,N,N,N,N,0,N,N,N,N,N,Y,N,Y,27100,1,1,N,N,N,0,N,N,N,0,0,0,60,Y,90,221675,500,19890825,89400,44700000000,12.0,,0,,N,Y,Y,42805,2837,2730,2039,18.59,20250331.0,24227,,N,N,Y
001460,KR7001460005,BYC,ST,3.0,27,6,0,,N,N,0,N,N,N,,N,N,N,N,N,N,N,N,N,0,N,N,N,N,N,N,N,N,40450,1,1,N,N,N,0,N,N,N,0,0,0,100,N,90,1803,500,19750602,6246,3123075000,12.0,,0,,N,N,Y,353,42,41,32,2.33,20250331.0,2526,,N,N,N
001465,KR7001461003,BYC우,ST,0.0,27,6,0,,N,N,0,N,N,N,,N,N,N,N,N,N,N,N,N,0,N,N,N,N,N,N,N,N,26250,1,1,N,N,N,0,N,N,N,0,0,0,100,N,90,2529,500,19890905,2153,1076925000,12.0,,1,,N,N,N,0,0,0,0,0.0,,565,,N,N,N
001470,KR7001470004,삼부토건,ST,3.0,18,0,0,,N,N,0,N,N,N,,N,N,N,N,N,N,N,N,N,0,N,N,N,N,N,N,N,N,347,1,1,Y,N,Y,0,N,N,N,0,0,0,100,N,90,0,1000,19760626,229681,229681824000,12.0,,0,,N,N,Y,49,-294,-297,-297,-36100000.0,20250331.0,796,,N,N,N
001500,KR7001500008,현대차증권,ST,3.0,21,24,0,,N,N,0,N,N,Y,,N,N,N,N,N,N,N,N,N,0,N,N,N,Y,N,N,N,N,8310,1,1,N,N,N,0,N,N,N,0,0,0,40,Y,90,120627,5000,19900609,61833,309165220000,12.0,,0,,N,N,Y,4254,271,254,193,5.57,20250331.0,5138,BH1,N,N,N
001510,KR7001510007,SK증권,ST,3.0,21,24,0,,N,N,0,N,N,Y,,N,N,N,N,N,N,N,N,N,0,N,N,N,Y,N,N,N,N,657,1,1,N,N,N,0,N,N,N,0,0,0,60,Y,90,1979235,500,19860920,472590,236295085500,12.0,,0,,N,N,Y,2794,5,40,27,2.11,20250331.0,3104,,N,N,Y
001515,KR7001511005,SK증권우,ST,0.0,21,24,0,,N,N,0,N,N,N,,N,N,N,N,N,N,N,N,N,3,N,N,N,N,N,N,N,N,2215,1,1,N,N,N,0,N,N,N,0,0,0,100,N,90,5932,500,19890829,3912,1956257000,12.0,,1,,N,N,N,0,0,0,0,0.0,,86,,N,N,N
001520,KR7001520006,동양,ST,3.0,27,10,0,,N,N,0,N,N,Y,,N,N,N,N,N,N,N,N,N,0,N,Y,N,N,N,N,N,N,659,1,1,N,N,N,0,N,N,N,0,0,0,60,Y,90,133891,500,19760625,238684,119342031500,12.0,,0,,N,N,Y,1563,-60,-106,-104,-5.96,20250331.0,1572,,N,N,N
001525,KR7001521004,동양우,ST,0.0,27,10,0,,Y,N,0,N,N,N,,N,N,N,N,N,N,N,N,N,3,N,N,N,N,N,N,N,N,4235,1,1,N,N,N,0,N,N,N,0,0,0,100,N,90,696,500,19890930,617,308865500,12.0,,1,,N,N,N,0,0,0,0,0.0,,26,,N,N,N
001527,KR7001522002,동양2우B,ST,0.0,27,10,0,,Y,N,0,N,N,N,,N,N,N,N,N,N,N,N,N,0,N,N,N,N,N,N,N,N,8350,1,1,N,N,N,0,N,N,N,0,0,0,100,N,90,352,500,19990128,308,154284500,12.0,,2,,N,N,N,0,0,0,0,0.0,,25,,N,N,N
001530,KR7001530005,DI동일,ST,2.0,16,0,0,,N,N,0,N,N,Y,,N,N,N,N,N,N,N,N,N,0,N,N,N,N,N,N,N,N,43300,1,1,N,N,N,0,N,N,N,0,0,0,100,N,90,32522,500,19640104,19715,13740511500,12.0,,0,,N,Y,Y,1625,16,0,-15,-1.01,20250331.0,8536,,N,N,N
001550,KR7001550003,조비,ST,3.0,27,8,0,,N,N,0,N,N,N,,N,N,N,N,N,N,N,N,N,0,N,N,N,N,N,N,N,N,13760,1,1,N,N,N,0,N,N,N,0,0,0,100,N,90,12747,5000,19761228,5192,25961195000,12.0,,0,,N,N,Y,1024,48,4,6,1.22,20241231.0,714,,N,N,N
001560,KR7001560002,제일연마,ST,3.0,27,10,0,,N,N,0,N,N,N,,N,N,N,N,N,N,N,N,N,0,N,N,N,N,N,N,N,N,9920,1,1,N,N,N,0,N,N,N,0,0,0,100,N,90,5714,500,20051209,9800,5000000000,12.0,,0,,N,N,Y,190,9,11,9,3.47,20250331.0,972,,N,N,N
001570,KR7001570001,금양,ST,2.0,27,8,0,,N,N,0,N,N,N,,N,N,N,N,N,N,N,N,N,0,N,N,N,N,N,N,N,N,9900,1,1,Y,N,Y,0,N,N,N,0,0,0,100,N,90,0,500,19761217,63967,31983598000,12.0,,0,,N,N,Y,351,-135,-169,-224,-17.56,20250331.0,6332,,N,N,N
0015B0,KR70015B0004,KoAct 미국나스닥성장기업액티브,EF,,0,0,0,N,N,,0,N,N,N,2.0,N,N,,,,,N,,,0,,,Y,,,,,,11910,1,1,N,N,N,0,N,N,N,0,0,0,60,Y,90,20167,0,20250225,3450,0,12.0,,0,,N,N,N,0,0,0,0,0.0,,410,,N,N,N
0015E0,KR70015E0001,KIWOOM 엔비디아미국30년국채혼합액티브(H),EF,,0,0,0,N,N,,0,N,N,N,2.0,N,N,,,,,N,,,0,,,Y,,,,,,10615,1,1,N,N,N,0,N,N,N,0,0,0,100,N,90,9192,0,20250211,600,0,12.0,,0,,N,N,N,0,0,0,0,0.0,,63,,N,N,N
0015F0,KR70015F0000,KIWOOM 팔란티어미국30년국채혼합액티브(H),EF,,0,0,0,N,N,,0,N,N,N,2.0,N,N,,,,,N,,,0,,,Y,,,,,,11085,1,1,N,N,N,0,N,N,N,0,0,0,100,N,90,50952,0,20250211,1800,0,12.0,,0,,N,N,N,0,0,0,0,0.0,,199,,N,N,N
0015K0,KR70015K0003,TIGER 미국소비트렌드액티브,EF,,0,0,0,N,N,,0,N,N,N,2.0,N,N,,,,,N,,,0,,,Y,,,,,,8490,1,1,N,N,N,0,N,N,N,0,0,0,100,N,90,4686,0,20250218,1000,0,12.0,,0,,N,N,N,0,0,0,0,0.0,,84,,N,N,N
001620,KR7001620004,케이비아이동국실업,ST,3.0,27,15,0,,N,N,0,N,N,N,,N,N,N,N,N,N,N,N,N,0,N,N,N,N,N,N,N,N,493,1,1,N,N,N,0,N,N,N,0,0,0,100,N,90,33528,500,19900915,111293,55646515500,12.0,,0,,N,N,Y,1712,-65,-42,-55,-9.19,20250331.0,548,,N,N,N
001630,KR7001630003,종근당홀딩스,ST,3.0,27,9,0,,N,N,0,N,N,Y,,N,N,N,N,Y,N,N,N,N,0,N,N,N,N,N,N,N,N,49000,1,1,N,N,N,0,N,N,N,0,0,0,40,Y,90,5034,2500,19760630,5009,12524652500,12.0,,0,,N,N,Y,2466,119,85,78,4.05,20250331.0,2454,,N,N,N
001680,KR7001680008,대상,ST,2.0,27,5,0,,N,N,7,N,N,Y,,N,N,N,N,N,N,N,N,N,0,N,N,N,N,N,N,N,N,24600,1,1,N,N,N,0,N,N,N,0,0,0,30,Y,90,190759,1000,19700401,34648,34648025000,12.0,,0,,N,Y,Y,11304,573,388,284,8.0,20250331.0,8523,,N,N,Y
001685,KR7001681006,대상우,ST,0.0,27,5,0,,N,N,0,N,N,N,,N,N,N,N,N,N,N,N,N,0,N,N,N,N,N,N,N,N,17430,1,1,N,N,N,0,N,N,N,0,0,0,100,N,90,6817,1000,19891121,1370,1370223000,12.0,,1,,N,N,N,0,0,0,0,0.0,,238,,N,N,N
0016X0,KR70016X0007,SOL 중단기회사채(A-이상)액티브,EF,,0,0,0,N,N,,0,N,N,N,2.0,N,N,,,,,N,,,0,,,Y,,,,,,51020,1,1,N,N,N,0,N,N,N,0,0,0,60,Y,90,62858,0,20250218,5104,0,12.0,,0,,N,N,N,0,0,0,0,0.0,,2604,,N,N,N
001720,KR7001720002,신영증권,ST,2.0,21,24,0,,N,N,0,N,N,Y,,N,N,N,N,N,N,N,N,N,0,N,N,N,Y,N,N,N,N,130400,1,1,N,N,N,0,N,N,N,0,0,0,100,N,90,20628,5000,19870824,16440,82200000000,3.0,,0,,N,N,Y,24664,1361,1492,1123,6.45,20250331.0,21437,,N,N,N
001740,KR7001740000,SK네트웍스,ST,2.0,16,0,0,,N,N,0,N,N,Y,,N,N,N,N,N,N,N,N,N,0,N,N,N,N,N,N,N,N,4515,1,1,N,N,N,0,N,N,N,0,0,0,40,Y,90,291751,2500,19770630,221277,620469117500,12.0,,0,,N,Y,Y,16367,165,6,-54,-0.99,20250331.0,9990,535,N,N,Y
001750,KR7001750009,한양증권,ST,3.0,21,24,0,,N,N,0,N,N,N,,N,N,N,N,N,N,N,N,N,0,N,N,N,N,N,N,N,N,17220,1,1,N,N,N,0,N,N,N,0,0,0,60,Y,90,13673,5000,19880304,12728,63642670000,12.0,,0,,N,N,Y,2003,294,287,211,16.29,20250331.0,2191,,N,N,Y
001755,KR7001751007,한양증권우,ST,0.0,21,24,0,,N,N,0,N,N,N,,N,N,N,N,N,N,N,N,N,0,N,N,N,N,N,N,N,N,16760,1,1,N,N,N,0,N,N,N,0,0,0,100,N,90,790,5000,19891024,525,2625000000,12.0,,1,,N,N,N,0,0,0,0,0.0,,87,,N,N,N
001770,KR7001770007,SHD,ST,3.0,27,11,0,,N,N,0,N,N,N,,N,N,N,N,N,N,N,N,N,0,N,N,N,N,N,N,N,N,17060,1,1,N,N,N,0,N,N,N,0,0,0,100,N,90,4501,5000,19881123,1214,6074390000,12.0,,0,,N,N,Y,1066,-40,12,29,5.58,20241231.0,207,,N,N,N
001780,KR7001780006,알루코,ST,3.0,27,11,0,,N,N,0,N,N,N,,N,N,N,N,N,N,N,N,N,0,N,N,N,N,N,N,N,N,2410,1,1,N,N,N,0,N,N,N,0,0,0,60,Y,90,302538,500,20070607,96830,48415066000,12.0,,0,,N,N,Y,1689,161,120,114,14.13,20250331.0,2333,,N,N,Y
001790,KR7001790005,대한제당,ST,3.0,27,5,0,,N,N,0,N,N,N,,N,N,N,N,N,N,N,N,N,0,N,N,N,N,N,N,N,N,3035,1,1,N,N,N,0,N,N,N,0,0,0,40,Y,90,191260,500,19681227,89696,44848290000,12.0,,0,,N,N,Y,3294,83,506,387,27.14,20250331.0,2722,,N,N,Y
001795,KR7001791003,대한제당우,ST,0.0,27,5,0,,N,N,0,N,N,N,,N,N,N,N,N,N,N,N,N,0,N,N,N,N,N,N,N,N,2495,1,1,N,N,N,0,N,N,N,0,0,0,100,N,90,18404,500,19950121,6482,3241380000,12.0,,1,,N,N,N,0,0,0,0,0.0,,161,,N,N,N
0017Y0,KR70017Y0005,1Q 종합채권(AA-이상)액티브,EF,,0,0,0,N,N,,0,N,N,N,2.0,N,N,,,,,N,,,0,,,Y,,,,,,101605,1,1,N,N,N,0,N,N,N,0,0,0,100,N,90,4,0,20250225,348,0,12.0,,0,,N,N,N,0,0,0,0,0.0,,353,,N,N,N
001800,KR7001800002,오리온홀딩스,ST,2.0,21,0,0,,N,N,7,N,N,Y,,N,N,N,N,N,N,N,N,N,0,N,N,N,N,N,N,N,N,21250,1,1,N,N,N,0,N,N,N,0,0,0,30,Y,90,48304,500,19750627,62645,31322711000,12.0,,0,,N,Y,Y,8130,1164,1283,967,6.41,20250331.0,13312,,N,N,Y
001820,KR7001820000,삼화콘덴서,ST,3.0,27,13,0,,N,N,0,N,N,N,,N,N,N,N,N,N,N,N,N,0,N,N,N,N,N,N,N,N,26850,1,1,N,N,N,0,N,N,N,0,0,0,40,Y,90,31169,1000,19760626,10395,10395000000,12.0,,0,,N,N,Y,724,48,50,41,6.07,20250331.0,2791,,N,N,Y
0018C0,KR70018C0000,PLUS 고배당주위클리고정커버드콜,EF,,0,0,0,N,N,,0,N,N,N,2.0,N,N,,,,,N,,,0,,,Y,,,,,,12135,1,1,N,N,N,0,N,N,N,0,0,0,100,N,90,168362,0,20250305,4300,0,12.0,,0,,N,N,N,0,0,0,0,0.0,,521,,N,N,N
0018Z0,KR70018Z0003,RISE 미국양자컴퓨팅,EF,,0,0,0,N,N,,0,N,N,N,2.0,N,N,,,,,N,,,0,,,Y,,,,,,13130,1,1,N,N,N,0,N,N,N,0,0,0,100,N,90,10312,0,20250311,700,0,12.0,,0,,N,N,N,0,0,0,0,0.0,,91,,N,N,N
001940,KR7001940006,KISCO홀딩스,ST,3.0,27,11,0,,N,N,0,N,N,N,,N,N,N,N,N,N,N,N,N,0,N,N,N,N,N,N,N,N,24500,1,1,N,N,N,0,N,N,N,0,0,0,60,Y,90,5492,1000,19891113,14176,18476380000,12.0,,0,,N,N,Y,1906,-196,-87,-66,-1.65,20250331.0,3473,,N,N,N
0019K0,KR70019K0009,TIMEFOLIO 미국나스닥100채권혼합50액티브,EF,,0,0,0,N,N,,0,N,N,N,2.0,N,N,,,,,N,,,0,,,Y,,,,,,10990,1,1,N,N,N,0,N,N,N,0,0,0,100,N,90,94029,0,20250325,4200,0,12.0,,0,,N,N,N,0,0,0,0,0.0,,461,,N,N,N
002020,KR7002020006,코오롱,ST,3.0,21,0,0,,N,N,0,N,N,N,,N,N,N,N,N,N,N,N,N,0,N,N,N,N,N,N,N,N,44750,1,1,N,N,N,0,N,N,N,0,0,0,40,Y,90,191268,5000,19750623,12626,63132130000,12.0,,0,,N,N,Y,14481,397,-397,-289,-3.87,20250331.0,5650,KOL,N,N,Y
002025,KR7002021004,코오롱우,ST,0.0,21,0,0,,N,N,0,N,N,N,,N,N,N,N,N,N,N,N,N,0,N,N,N,N,N,N,N,N,23300,1,1,N,N,N,0,N,N,N,0,0,0,100,N,90,3589,5000,19890822,1076,5381950000,12.0,,1,,N,N,N,0,0,0,0,0.0,,250,,N,N,N
002030,KR7002030005,아세아,ST,2.0,26,0,0,,N,N,0,N,N,N,,N,N,N,N,N,N,N,N,N,0,N,N,N,N,N,N,N,N,331500,1,1,N,N,N,0,N,N,N,0,0,0,30,Y,90,540,5000,19740603,2084,10955120000,12.0,,0,,N,N,Y,4331,256,197,150,3.08,20250331.0,6908,,N,N,N
002070,KR7002070001,비비안,ST,3.0,27,6,0,,N,N,0,N,N,N,,N,N,N,N,N,N,N,N,N,0,N,N,N,N,N,N,N,N,740,1,1,N,N,N,0,N,N,N,0,0,0,100,N,90,190738,500,19760713,45196,22598038500,12.0,,0,,N,N,Y,572,17,-20,-20,-8.04,20250331.0,334,,N,N,N
0020H0,KR70020H0001,KoAct 글로벌양자컴퓨팅액티브,EF,,0,0,0,N,N,,0,N,N,N,2.0,N,N,,,,,N,,,0,,,Y,,,,,,13835,1,1,N,N,N,0,N,N,N,0,0,0,100,N,90,43446,0,20250311,650,0,12.0,,0,,N,N,N,0,0,0,0,0.0,,89,,N,N,N
002100,KR7002100006,경농,ST,3.0,27,8,0,,N,N,0,N,N,N,,N,N,N,N,N,N,N,N,N,0,N,N,N,N,N,N,N,N,9800,1,1,N,N,N,0,N,N,N,0,0,0,60,Y,90,24830,500,19770630,19522,10845875000,12.0,,0,,N,N,Y,1367,336,340,263,39.24,20250331.0,1913,,N,N,N
002140,KR7002140002,고려산업,ST,3.0,27,5,0,,N,N,0,N,N,N,,N,N,N,N,N,N,N,N,N,0,N,N,N,N,N,N,N,N,2830,1,1,N,N,N,0,N,N,N,0,0,0,100,N,90,74301,1000,19910114,24939,24939425000,12.0,,0,,N,N,Y,784,36,31,24,9.12,20250331.0,705,,N,N,N
002150,KR7002150001,도화엔지니어링,ST,3.0,26,0,0,,N,N,0,N,N,N,,N,N,N,N,N,N,N,N,N,0,N,N,N,N,N,N,N,N,6610,1,1,N,N,N,0,N,N,N,0,0,0,60,Y,90,21931,500,20100812,33720,16860000000,12.0,,0,,N,N,Y,1575,35,56,38,6.93,20250331.0,2228,,N,N,N
002170,KR7002170009,삼양통상,ST,3.0,27,6,0,,N,N,0,N,N,N,,N,N,N,N,N,N,N,N,N,0,N,N,N,N,N,N,N,N,57300,1,1,N,N,N,0,N,N,N,0,0,0,60,Y,90,644,5000,19891110,3000,15000000000,12.0,,0,,N,N,Y,484,50,44,32,2.96,20250331.0,1719,FN4,N,N,N
0021C0,KR70021C0005,ACE 장기자산배분액티브,EF,,0,0,0,N,N,,0,N,N,N,2.0,N,N,,,,,N,,,0,,,Y,,,,,,10740,1,1,N,N,N,0,N,N,N,0,0,0,100,N,90,153,0,20250311,1000,0,12.0,,0,,N,N,N,0,0,0,0,0.0,,107,,N,N,N
0021D0,KR70021D0004,ACE TDF2030액티브,EF,,0,0,0,N,N,,0,N,N,N,2.0,N,N,,,,,N,,,0,,,Y,,,,,,10450,1,1,N,N,N,0,N,N,N,0,0,0,100,N,90,7976,0,20250311,1000,0,12.0,,0,,N,N,N,0,0,0,0,0.0,,104,,N,N,N
0021E0,KR70021E0003,ACE TDF2050액티브,EF,,0,0,0,N,N,,0,N,N,N,2.0,N,N,,,,,N,,,0,,,Y,,,,,,10615,1,1,N,N,N,0,N,N,N,0,0,0,100,N,90,17478,0,20250311,1350,0,12.0,,0,,N,N,N,0,0,0,0,0.0,,143,,N,N,N
002200,KR7002200004,한국수출포장,ST,3.0,27,7,0,,N,N,0,N,N,N,,N,N,N,N,N,N,N,N,N,0,N,N,N,N,N,N,N,N,2905,1,1,N,N,N,0,N,N,N,0,0,0,60,Y,90,15126,500,19740628,40000,20000000000,12.0,,0,,N,N,Y,710,-8,-2,-2,-0.25,20250331.0,1162,,N,N,N
002210,KR7002210003,동성제약,ST,3.0,27,9,0,,N,N,0,N,N,N,,N,N,N,N,N,N,N,N,N,0,N,N,N,N,N,N,N,N,973,1,1,Y,N,Y,0,N,N,N,0,0,0,100,N,90,0,1000,19900119,26619,26619507000,12.0,,0,,N,N,Y,884,-66,-77,-73,-15.27,20241231.0,259,,N,N,N
002220,KR7002220002,한일철강,ST,3.0,27,11,0,,N,N,0,N,N,N,,N,N,N,N,N,N,N,N,N,0,N,N,N,N,N,N,N,N,2805,1,1,N,N,N,0,N,N,N,0,0,0,100,N,90,25283,500,19881007,26697,13348730000,12.0,,0,,N,N,Y,498,2,-2,-1,-0.45,20250331.0,748,,N,N,N
002240,KR7002240000,고려제강,ST,3.0,27,11,0,,N,N,0,N,N,Y,,N,N,N,N,N,N,N,N,Y,0,N,N,N,N,N,N,N,N,18280,1,1,N,N,N,0,N,N,N,0,0,0,40,Y,90,8846,1000,19760525,27000,27000000000,12.0,,0,,N,N,Y,4427,83,103,61,1.82,20250331.0,4935,,N,N,N
0022T0,KR70022T0005,SOL 국제금커버드콜액티브,EF,,0,0,0,N,N,,0,N,N,N,2.0,N,N,,,,,N,,,0,,,Y,,,,,,10825,1,1,N,N,N,0,N,N,N,0,0,0,100,N,90,95683,0,20250311,2400,0,12.0,,0,,N,N,N,0,0,0,0,0.0,,259,,N,N,N
002310,KR7002310001,아세아제지,ST,3.0,27,7,0,,N,N,0,N,N,N,,N,N,N,N,N,N,N,N,N,0,N,N,N,N,N,N,N,N,7900,1,1,N,N,N,0,N,N,N,0,0,0,40,Y,90,33541,1000,19881215,41632,44782510000,12.0,,0,,N,N,Y,2111,133,159,120,5.74,20250331.0,3288,,N,N,N
002320,KR7002320000,한진,ST,3.0,19,0,0,,N,N,0,N,N,Y,,N,N,N,N,N,N,N,N,N,0,N,N,N,N,N,N,Y,N,21350,1,1,N,N,N,0,N,N,N,0,0,0,40,Y,90,81479,5000,19740812,14951,74757595000,12.0,,0,,N,N,Y,7291,273,14,5,-0.34,20250331.0,3192,926,N,N,N
002350,KR7002350007,넥센타이어,ST,2.0,27,8,0,,N,N,0,N,N,Y,,N,N,Y,N,N,N,N,N,N,0,N,N,N,N,N,N,N,N,5850,1,1,N,N,N,0,N,N,N,0,0,0,40,Y,90,112531,500,19760519,97667,50833938500,12.0,,0,,N,N,Y,7712,407,475,399,8.44,20250331.0,5713,,N,N,N
002355,KR7002351005,넥센타이어1우B,ST,0.0,27,8,0,,N,N,0,N,N,N,,N,N,N,N,N,N,N,N,N,0,N,N,N,N,N,N,N,N,3335,1,1,N,N,N,0,N,N,N,0,0,0,100,N,90,15775,500,19990608,6500,3250000000,12.0,,2,,N,N,N,0,0,0,0,0.0,,216,,N,N,N
002360,KR7002360006,SH에너지화학,ST,3.0,27,8,0,,N,N,0,N,N,N,,N,N,N,N,N,N,N,N,N,0,N,N,N,N,N,N,N,N,458,1,1,N,N,N,0,N,N,N,0,0,0,100,N,90,210368,500,19851223,111133,55566865000,12.0,,0,,N,N,Y,264,-34,-33,-27,-13.7,20250331.0,508,,N,N,N
002380,KR7002380004,KCC,ST,2.0,27,8,0,,N,N,4,N,N,Y,,N,N,N,N,N,N,N,N,N,0,N,Y,N,N,N,N,N,N,385000,1,1,N,N,N,0,N,N,N,0,0,0,40,Y,90,29854,5000,19730625,8886,48084660000,12.0,,0,,N,Y,Y,15993,1034,754,441,3.12,20250331.0,34212,KCC,N,N,N
002390,KR7002390003,한독,ST,3.0,27,9,0,,N,N,0,N,N,Y,,N,N,N,N,Y,N,N,N,N,0,N,N,N,N,N,N,N,N,11800,1,1,N,N,N,0,N,N,N,0,0,0,60,Y,90,1841,500,19760630,13763,6881766500,12.0,,0,,N,N,Y,1199,-17,-86,-77,-10.88,20250331.0,1624,,N,N,N
0023A0,KR70023A0005,SOL 미국양자컴퓨팅TOP10,EF,,0,0,0,N,N,,0,N,N,N,2.0,N,N,,,,,N,,,0,,,Y,,,,,,16860,1,1,N,N,N,0,N,N,N,0,0,0,100,N,90,411703,0,20250311,5400,0,12.0,,0,,N,N,N,0,0,0,0,0.0,,910,,N,N,N
0023B0,KR70023B0004,PLUS 미국양자컴퓨팅TOP10,EF,,0,0,0,N,N,,0,N,N,N,2.0,N,N,,,,,N,,,0,,,Y,,,,,,13160,1,1,N,N,N,0,N,N,N,0,0,0,100,N,90,31968,0,20250311,700,0,12.0,,0,,N,N,N,0,0,0,0,0.0,,92,,N,N,N
002410,KR7002410009,범양건영,ST,3.0,18,0,0,,N,N,0,N,N,N,,N,N,N,N,N,N,N,N,N,0,N,N,N,N,N,N,N,N,1935,1,1,Y,N,Y,0,N,N,N,0,0,0,100,N,90,0,1000,19880525,27479,27479820000,12.0,,0,,N,N,Y,364,-4,-84,-90,-251.19,20250331.0,531,,N,N,N
002420,KR7002420008,세기상사,ST,3.0,16,0,0,,N,N,0,N,N,N,,N,N,N,N,N,N,N,N,N,0,N,N,N,N,N,N,N,N,5510,1,1,N,N,N,0,N,N,N,0,0,0,100,N,90,6184,500,19681227,5969,2984974000,12.0,,0,,N,N,Y,320,-20,-27,-28,-10.99,20241231.0,328,,N,N,N
002450,KR7002450005,삼익악기,ST,3.0,27,0,0,,N,N,0,N,N,N,,N,N,N,N,N,N,N,N,N,0,N,N,N,N,N,N,N,N,1283,1,1,N,N,N,0,N,N,N,0,0,0,60,Y,90,87759,500,19880930,90530,45265457500,12.0,,0,,N,N,Y,753,62,50,48,7.08,20250331.0,1161,,N,N,N
002460,KR7002460004,HS화성,ST,3.0,18,0,0,,N,N,0,N,N,N,,N,N,N,N,N,N,N,N,N,0,N,N,N,N,N,N,N,N,10530,1,1,N,N,N,0,N,N,N,0,0,0,100,N,90,2220,5000,19880929,10150,62254000000,12.0,,0,,N,N,Y,1511,106,105,69,4.87,20250331.0,1068,,N,N,N
0025N0,KR70025N0008,TIGER TDF2045,EF,,0,0,0,N,N,,0,N,N,N,2.0,N,N,,,,,N,,,0,,,Y,,,,,,10515,1,1,N,N,N,0,N,N,N,0,0,0,30,Y,90,265469,0,20250325,13200,0,12.0,,0,,N,N,N,0,0,0,0,0.0,,1387,,N,N,N
002600,KR7002600005,조흥,ST,3.0,27,5,0,,N,N,0,N,N,N,,N,N,N,N,N,N,N,N,N,0,N,N,N,N,N,N,N,N,151700,1,1,N,N,N,0,N,N,N,0,0,0,100,N,90,13,5000,19761223,600,3000000000,12.0,,0,,N,N,Y,1150,37,-7,-5,-1.25,20250331.0,910,,N,N,N
002620,KR7002620003,제일파마홀딩스,ST,3.0,26,0,0,,N,N,0,N,N,Y,,N,N,N,N,Y,N,N,N,N,0,N,N,N,N,N,N,N,N,8560,1,1,N,N,N,0,N,N,N,0,0,0,60,Y,90,1748,500,19880120,15973,7986677500,12.0,,0,,N,N,Y,1820,71,55,46,2.98,20250331.0,1367,,N,N,N
002630,KR7002630002,오리엔트바이오,ST,3.0,27,9,0,,N,N,0,N,N,Y,,N,N,N,N,Y,N,N,N,N,0,N,N,N,N,N,N,N,N,679,1,1,N,N,N,0,N,N,N,0,0,0,100,N,90,829731,500,19761228,118583,59291502500,3.0,,0,,N,N,Y,294,-31,-132,-132,-16.81,20250331.0,805,,N,N,N
002690,KR7002690006,동일제강,ST,3.0,27,11,0,,N,N,0,N,N,N,,N,N,N,N,N,N,N,N,N,0,N,N,N,N,N,N,N,N,1577,1,1,N,N,N,0,N,N,N,0,0,0,100,N,90,13082,500,20150924,20300,10150180000,12.0,,0,,N,N,Y,1511,-58,-7,-5,-0.32,20241231.0,320,,N,N,N
0026E0,KR70026E0008,KODEX 미국S&P500버퍼3월액티브,EF,,0,0,0,N,N,,0,N,N,N,2.0,N,N,,,,,N,,,0,,,Y,,,,,,10070,1,1,N,N,N,0,N,N,N,0,0,0,60,Y,90,2017,0,20250325,6750,0,3.0,,0,,N,N,N,0,0,0,0,0.0,,679,,N,N,N
0026S0,KR70026S0002,1Q 미국S&P500,EF,,0,0,0,N,N,,0,N,N,N,2.0,N,N,,,,,N,,,0,,,Y,,,,,,10710,1,1,N,N,N,0,N,N,N,0,0,0,30,Y,90,226627,0,20250318,9800,0,12.0,,0,,N,N,N,0,0,0,0,0.0,,1049,,N,N,N
002700,KR7002700003,신일전자,ST,3.0,16,0,0,,N,N,0,N,N,N,,N,N,N,N,N,N,N,N,N,0,N,N,N,N,N,N,N,N,1405,1,1,N,N,N,0,N,N,N,0,0,0,100,N,90,217780,500,19750930,71047,35523760500,12.0,,0,,N,N,Y,1783,40,19,14,1.76,20241231.0,998,,N,N,N
002710,KR7002710002,TCC스틸,ST,2.0,27,11,0,,N,N,3,N,N,Y,,N,N,N,N,N,N,N,N,N,0,N,N,N,N,N,N,N,N,18280,1,1,N,N,N,0,N,N,N,0,0,0,60,Y,90,106337,1000,19841221,26213,26213697000,12.0,,0,,N,Y,Y,1557,18,-9,-1,0.15,20250331.0,4791,,N,N,Y
002720,KR7002720001,국제약품,ST,3.0,27,9,0,,N,N,0,N,N,N,,N,N,N,N,N,N,N,N,N,0,N,N,N,N,N,N,N,N,4710,1,1,N,N,N,0,N,N,N,0,0,0,100,N,90,37572,1000,19751227,21159,21159832000,12.0,,0,,N,N,Y,415,23,22,19,8.23,20250331.0,996,,N,N,N
002760,KR7002760007,보락,ST,3.0,27,8,0,,N,N,0,N,N,N,,N,N,N,N,N,N,N,N,N,0,N,N,N,N,N,N,N,N,1041,1,1,N,N,N,0,N,N,N,0,0,0,100,N,90,9561945,200,19891130,59900,11980000000,12.0,,0,,N,N,Y,476,-18,-16,-15,-3.16,20241231.0,623,,N,N,N
002780,KR7002780005,진흥기업,ST,3.0,18,0,0,,N,N,0,N,N,N,,N,N,N,N,N,N,N,N,N,0,N,N,N,N,N,N,N,N,741,1,1,N,N,N,0,N,N,N,0,0,0,60,Y,90,149777,500,19770625,145471,72735872500,12.0,,0,,N,N,Y,7262,-47,6,22,0.81,20241231.0,1077,971,N,N,N
002785,KR7002781003,진흥기업우B,ST,0.0,18,0,0,,Y,N,0,N,N,N,,N,N,N,N,N,N,N,N,N,3,N,N,N,N,N,N,N,N,3410,1,1,N,N,N,0,N,N,N,0,0,0,100,N,90,2877,500,20030616,857,428609000,12.0,,2,,N,N,N,0,0,0,0,0.0,,29,,N,N,N
002787,KR7002782001,진흥기업2우B,ST,0.0,18,0,0,,Y,N,0,N,N,N,,N,N,N,N,N,N,N,N,N,0,N,N,N,N,N,N,N,N,8000,1,1,N,N,N,0,N,N,N,0,0,0,100,N,90,55,500,20061205,294,147404000,12.0,,2,,N,N,N,0,0,0,0,0.0,,23,,N,N,N
002790,KR7002790004,아모레퍼시픽홀딩스,ST,2.0,27,8,0,,N,N,7,N,N,Y,,N,N,N,N,N,N,N,N,N,0,N,N,N,N,N,N,N,N,29300,1,1,N,N,N,0,N,N,N,0,0,0,30,Y,90,83089,500,19730430,79458,41229090000,12.0,,0,,N,Y,Y,11648,1289,1571,1400,7.03,20250331.0,23281,,N,N,Y
002795,KR7002791002,아모레퍼시픽홀딩스우,ST,0.0,27,8,0,,N,N,0,N,N,N,,N,N,N,N,N,N,N,N,N,0,N,N,N,N,N,N,N,N,11760,1,1,N,N,N,0,N,N,N,0,0,0,100,N,90,23379,500,19890630,6443,3221885000,12.0,,1,,N,N,N,0,0,0,0,0.0,,757,,N,N,N
00279K,KR700279K010,아모레퍼시픽홀딩스3우C,ST,0.0,27,8,0,,N,,0,N,N,N,,N,N,,,,,N,,,0,,,N,,,,,,22200,1,1,N,N,N,0,N,N,N,0,0,0,50,Y,90,4925,500,20191226,7092,3546100000,12.0,,2,,N,N,N,0,0,0,0,0.0,,1574,,N,N,N
002810,KR7002810000,삼영무역,ST,3.0,16,0,0,,N,N,0,N,N,N,,N,N,N,N,N,N,N,N,N,0,N,N,N,N,N,N,N,N,16650,1,1,N,N,N,0,N,N,N,0,0,0,100,N,90,12630,500,19880328,18466,9233474000,12.0,,0,,N,N,Y,1160,53,202,181,11.86,20250331.0,3074,,N,N,N
002820,KR7002820009,SUN&L,ST,3.0,27,7,0,,N,N,0,N,N,N,,N,N,N,N,N,N,N,N,N,0,N,N,N,N,N,N,N,N,2900,1,1,N,N,N,0,N,N,N,0,0,0,100,N,90,3756,1000,19760522,12607,12607989000,12.0,,0,,N,N,Y,710,-20,-45,-37,-6.32,20250331.0,365,,N,N,N
002840,KR7002840007,미원상사,ST,2.0,27,8,0,,N,N,4,N,N,N,,N,N,N,N,N,N,N,N,N,0,N,N,N,N,N,N,N,N,159000,1,1,N,N,N,0,N,N,N,0,0,0,30,Y,90,2816,500,19890925,4750,6661780000,12.0,,0,,N,N,Y,1082,135,160,131,12.99,20250331.0,7552,,N,N,N
002870,KR7002870004,신풍,ST,3.0,16,0,0,,N,N,0,N,N,N,,N,N,N,N,N,N,N,N,N,0,N,N,N,N,N,N,N,N,1097,1,1,N,N,N,0,N,N,N,0,0,0,100,N,90,81531,500,19760630,34958,17479350000,12.0,,0,,N,N,Y,58,-9,7,7,3.89,20250331.0,383,,N,N,N
002880,KR7002880003,대유에이텍,ST,3.0,27,15,0,,N,N,0,N,N,N,,N,N,N,N,N,N,N,N,N,0,N,N,N,N,N,N,N,N,1109,1,1,N,N,N,0,N,N,N,0,0,0,100,N,90,57272,500,19770218,46744,23372010000,12.0,,0,,N,N,Y,1474,108,29,15,13.56,20250331.0,518,,N,N,N
0028X0,KR70028X0003,KODEX 미국금융테크액티브,EF,,0,0,0,N,N,,0,N,N,N,2.0,N,N,,,,,N,,,0,,,Y,,,,,,11885,1,1,N,N,N,0,N,N,N,0,0,0,100,N,90,30271,0,20250527,2100,0,12.0,,0,,N,N,N,0,0,0,0,0.0,,249,,N,N,N
002900,KR7002900009,TYM,ST,3.0,27,12,0,,N,N,0,N,N,N,,N,N,N,N,N,N,N,N,N,0,N,N,N,N,N,N,N,N,5570,1,1,N,N,N,0,N,N,N,0,0,0,100,N,90,444800,2500,19730626,45050,112627390000,12.0,,0,,N,N,Y,2257,151,136,103,10.1,20250331.0,2509,,N,N,N
002920,KR7002920007,유성기업,ST,3.0,27,15,0,,N,N,0,N,N,N,,N,N,N,N,N,N,N,N,N,0,N,N,N,N,N,N,N,N,2415,1,1,N,N,N,0,N,N,N,0,0,0,100,N,90,13711,500,19881010,25947,12973750000,12.0,,0,,N,N,Y,782,-5,39,30,2.64,20250331.0,626,,N,N,N
002960,KR7002960003,한국쉘석유,ST,3.0,27,8,0,,N,N,0,N,N,Y,,N,N,N,N,N,N,N,Y,N,0,N,N,N,N,N,N,N,N,444000,1,1,N,N,N,0,N,N,N,0,0,0,100,N,90,970,5000,19880810,1300,7000000000,12.0,,0,,N,N,Y,3272,460,508,367,28.93,20241231.0,5772,,N,N,N
002990,KR7002990000,금호건설,ST,3.0,18,0,0,,N,N,0,N,N,Y,,N,N,N,N,N,N,N,N,N,0,N,Y,N,N,N,N,N,N,3520,1,1,N,N,N,0,N,N,N,0,0,0,100,N,90,41842,5000,19760626,36996,184983800000,12.0,,0,,N,N,Y,4680,57,12,8,2.25,20250331.0,1302,,N,N,N
002995,KR7002991008,금호건설우,ST,0.0,18,0,0,,Y,N,0,N,N,N,,N,N,N,N,N,N,N,N,N,0,N,N,N,N,N,N,N,N,11480,1,1,N,N,N,0,N,N,N,0,0,0,100,N,90,1157,5000,19881006,292,1461330000,12.0,,1,,N,N,N,0,0,0,0,0.0,,33,,N,N,N
003000,KR7003000007,부광약품,ST,3.0,27,9,0,,N,N,0,N,N,Y,,N,N,N,N,Y,N,N,N,N,0,N,N,N,N,N,N,N,N,3355,1,1,N,N,N,0,N,N,N,0,0,0,100,N,90,246099,500,19880805,98664,51506993000,12.0,,0,,N,N,Y,478,30,-3,-1,-0.11,20250331.0,3310,378,N,N,N
003010,KR7003010006,혜인,ST,3.0,16,0,0,,N,N,0,N,N,N,,N,N,N,N,N,N,N,N,N,0,N,N,N,N,N,N,N,N,5300,1,1,N,N,N,0,N,N,N,0,0,0,100,N,90,47121,500,19880920,12712,6356373500,12.0,,0,,N,N,Y,2488,142,97,73,6.19,20241231.0,673,,N,N,N
003030,KR7003030004,세아제강지주,ST,2.0,21,0,0,,N,N,3,N,N,Y,,N,N,N,N,N,N,N,N,Y,0,N,N,N,N,N,N,N,N,198300,1,1,N,N,N,0,N,N,N,0,0,0,30,Y,90,6887,5000,19690513,4141,20708285000,12.0,,0,,N,Y,Y,9470,650,692,597,9.16,20250331.0,8212,474,N,N,N
003060,KR7003060001,에이프로젠바이오로직스,ST,3.0,27,9,0,,N,N,0,N,N,Y,,N,N,N,N,Y,N,N,N,N,0,N,N,N,N,N,N,N,N,622,1,1,N,N,N,0,N,N,N,0,0,0,100,N,90,302256,500,19841019,198407,99203922500,12.0,,0,,N,N,Y,168,-157,-431,-431,-48.3,20250331.0,1234,,N,N,N
003070,KR7003070000,코오롱글로벌,ST,3.0,18,0,0,,N,N,0,N,N,N,,N,N,N,N,N,N,N,N,N,0,N,N,N,N,N,N,N,N,9560,1,1,N,N,N,0,N,N,N,0,0,0,60,Y,90,8815,5000,19780915,18932,94663565000,12.0,,0,,N,N,Y,6440,96,-490,-369,-24.28,20250331.0,1809,KOL,N,N,N
003075,KR7003071008,코오롱글로벌우,ST,0.0,18,0,0,,N,N,0,N,N,N,,N,N,N,N,N,N,N,N,N,3,N,N,N,N,N,N,N,N,14840,1,1,N,N,N,0,N,N,N,0,0,0,100,N,90,2189,5000,19891211,740,3703685000,12.0,,1,,N,N,N,0,0,0,0,0.0,,109,,N,N,N
003080,KR7003080009,SB성보,ST,3.0,27,8,0,,N,N,0,N,N,N,,N,N,N,N,N,N,N,N,N,0,N,N,N,N,N,N,N,N,2840,1,1,N,N,N,0,N,N,N,0,0,0,100,N,90,11312,500,19761223,20020,10010000000,12.0,,0,,N,N,Y,449,76,70,53,16.73,20250331.0,568,,N,N,N
003090,KR7003090008,대웅,ST,2.0,27,9,0,,N,N,A,N,N,Y,,N,N,N,N,Y,N,N,N,N,0,N,N,N,N,N,N,N,N,22050,1,1,N,N,N,0,N,N,N,0,0,0,30,Y,90,110698,500,19730626,58141,29070990000,12.0,,0,,N,N,Y,4814,611,446,345,10.42,20250331.0,12820,,N,N,Y
0030R0,KR70030R0007,대신밸류리츠,RT,0.0,21,0,0,,N,,0,N,N,N,,N,N,,,,,N,,,0,,,Y,,,,,,4340,1,1,N,N,N,0,N,N,N,0,0,0,100,N,90,57063,500,20250710,59780,29890000000,,,0,,N,N,Y,0,0,0,0,0.0,,2594,,N,N,N
003120,KR7003120003,일성아이에스,ST,3.0,27,9,0,,N,N,0,N,N,N,,N,N,N,N,N,N,N,N,N,0,N,N,N,N,N,N,N,N,24900,1,1,N,N,N,0,N,N,N,0,0,0,100,N,90,7050,1000,19850114,13300,13300000000,12.0,,0,,N,N,Y,690,-95,112,131,3.41,20241231.0,3311,,N,N,N
003160,KR7003160009,디아이,ST,3.0,27,14,0,,N,N,0,N,N,N,,N,N,N,N,N,N,N,N,N,0,N,N,N,N,N,N,N,N,13620,1,1,N,N,N,0,N,N,N,0,0,0,100,N,90,115814,500,19960731,28300,17248392500,12.0,,0,,N,N,Y,1100,99,89,73,13.7,20250331.0,3854,,N,N,N
003200,KR7003200003,일신방직,ST,3.0,27,6,0,,N,N,0,N,N,N,,N,N,N,N,N,N,N,N,N,0,N,N,N,N,N,N,N,N,10290,1,1,N,N,N,0,N,N,N,0,0,0,50,Y,90,34110,500,19730523,22960,12000000000,12.0,,0,,N,N,Y,1364,28,229,190,8.44,20250331.0,2362,,N,N,N
003220,KR7003220001,대원제약,ST,3.0,27,9,0,,N,N,0,N,N,Y,,N,N,N,N,Y,N,N,N,N,0,N,N,N,N,N,N,N,N,13130,1,1,N,N,N,0,N,N,N,0,0,0,40,Y,90,15500,500,19991215,22427,11213791500,12.0,,0,,N,N,Y,1578,94,61,49,7.9,20250331.0,2944,,N,N,N
003230,KR7003230000,삼양식품,ST,1.0,27,5,0,,N,N,7,Y,N,Y,,Y,Y,N,N,N,N,N,N,N,0,N,N,N,N,N,N,N,N,1435000,1,1,N,N,N,0,N,N,N,0,0,0,20,Y,90,24576,5000,19750630,7533,37665075000,12.0,,0,,N,Y,Y,5290,1340,1350,990,46.11,20250331.0,108098,,N,N,N
003240,KR7003240009,태광산업,ST,2.0,27,8,0,,N,N,4,N,N,Y,,N,N,N,N,N,N,N,N,N,0,N,N,N,N,N,N,N,N,986000,1,1,N,N,N,0,N,Y,N,0,0,0,30,Y,90,1055,5000,19751227,1113,5567000000,12.0,,0,,N,Y,Y,5075,27,822,758,7.63,20250331.0,10978,,N,N,N
003280,KR7003280005,흥아해운,ST,3.0,19,0,0,,N,N,0,N,N,N,,N,N,N,N,N,N,N,N,N,0,N,N,N,N,N,N,N,N,1770,1,1,N,N,N,0,N,N,N,0,0,0,60,Y,90,1662538,500,19760629,240424,120212449500,12.0,,0,,N,N,Y,458,47,32,31,5.46,20250331.0,4255,LA2,N,N,Y
003300,KR7003300001,한일홀딩스,ST,3.0,27,10,0,,N,N,0,N,N,Y,,N,N,N,N,N,N,N,N,N,0,N,Y,N,N,N,N,N,N,19310,1,1,N,N,N,0,N,N,N,0,0,0,40,Y,90,8530,1000,19691120,30832,33359554000,12.0,,0,,N,N,Y,4105,127,136,103,0.48,20250331.0,5953,,N,N,N
003350,KR7003350006,한국화장품제조,ST,3.0,27,8,0,,N,N,0,N,N,N,,N,N,N,N,N,N,N,N,N,0,N,N,N,N,N,N,N,N,69900,1,1,N,N,N,0,N,N,N,0,0,0,60,Y,90,131551,500,19780206,4532,2266000000,12.0,,0,,N,N,Y,1675,265,278,231,36.48,20241231.0,3167,,N,N,N
003460,KR7003460003,유화증권,ST,3.0,21,24,0,,N,N,0,N,N,N,,N,N,N,N,N,N,N,N,N,0,N,N,N,N,N,N,N,N,2795,1,1,N,N,N,0,N,N,N,0,0,0,100,N,90,30912,1000,19870824,56702,56702415000,12.0,,0,,N,N,Y,377,122,218,178,3.5,20241231.0,1584,,N,N,N
003465,KR7003461001,유화증권우,ST,0.0,21,24,0,,Y,N,0,N,N,N,,N,N,N,N,N,N,N,N,N,0,N,N,N,N,N,N,N,N,2715,1,1,N,N,N,0,N,N,N,0,0,0,100,N,90,50,1000,19900220,17476,17476425000,12.0,,1,,N,N,N,0,0,0,0,0.0,,474,,N,N,N
003470,KR7003470002,유안타증권,ST,2.0,21,24,0,,N,N,0,N,N,Y,,N,N,N,N,N,N,N,N,N,0,N,N,N,Y,N,N,N,N,3650,1,1,N,N,N,0,N,N,N,0,0,0,60,Y,90,311359,5000,19880121,199596,997982880000,12.0,,0,,N,N,Y,7637,129,117,91,2.27,20250331.0,7285,,N,N,N
003475,KR7003471000,유안타증권우,ST,0.0,21,24,0,,N,N,0,N,N,N,,N,N,N,N,N,N,N,N,N,0,N,N,N,N,N,N,N,N,3630,1,1,N,N,N,0,N,N,N,0,0,0,100,N,90,28431,5000,19890322,12912,64561060000,12.0,,1,,N,N,N,0,0,0,0,0.0,,468,,N,N,N
003480,KR7003480001,한진중공업홀딩스,ST,3.0,17,0,0,,N,N,0,N,N,N,,N,N,N,N,N,N,N,N,N,0,N,N,N,N,N,N,N,N,5130,1,1,N,N,N,0,N,N,N,0,0,0,60,Y,90,374762,5000,19560303,29529,155149060000,12.0,,0,,N,N,Y,4932,384,328,280,26.38,20250331.0,1514,,N,N,N
003490,KR7003490000,대한항공,ST,1.0,19,0,0,,N,N,9,Y,N,Y,,N,Y,N,N,N,N,N,N,N,0,N,N,N,N,N,N,Y,N,23950,1,1,N,N,N,0,N,N,N,0,0,0,20,Y,90,646023,5000,19660318,368220,1841103305000,12.0,,0,,N,Y,Y,64919,4310,4522,3499,10.87,20250331.0,88188,926,N,N,Y
003495,KR7003491008,대한항공우,ST,0.0,19,0,0,,N,N,0,N,N,N,,N,N,N,N,N,N,N,N,N,0,N,N,N,N,N,N,N,N,24350,1,1,N,N,N,0,N,N,N,0,0,0,100,N,90,2005,5000,19900331,1110,5553970000,12.0,,1,,N,N,N,0,0,0,0,0.0,,270,,N,N,N
003520,KR7003520004,영진약품,ST,3.0,27,9,0,,N,N,0,N,N,Y,,N,N,N,N,Y,N,N,N,N,0,N,N,N,N,N,N,N,N,2130,1,1,N,N,N,0,N,N,N,0,0,0,100,N,90,139491,500,19730625,182892,91446365500,12.0,,0,,N,N,Y,2520,87,29,12,1.37,20241231.0,3895,KTG,N,N,N
003530,KR7003530003,한화투자증권,ST,2.0,21,24,0,,N,N,0,N,N,Y,,N,N,N,N,N,N,N,N,N,0,N,N,N,Y,N,N,N,N,5700,1,1,N,N,N,0,N,N,N,0,0,0,60,Y,90,1112591,5000,19861125,214547,1072738875000,12.0,,0,,N,Y,Y,8370,472,474,372,8.63,20250331.0,12229,913,N,N,Y
003535,KR7003531001,한화투자증권우,ST,0.0,21,24,0,,N,N,0,N,N,N,,N,N,N,N,N,N,N,N,N,0,N,N,N,N,N,N,N,N,7630,1,1,N,N,N,0,N,N,N,0,0,0,100,N,90,12839,5000,19890506,4800,24000000000,12.0,,1,,N,N,N,0,0,0,0,0.0,,366,,N,N,N
003540,KR7003540002,대신증권,ST,2.0,21,24,0,,N,N,0,N,N,Y,,N,N,N,N,N,N,N,N,N,0,N,N,N,Y,N,N,N,N,25100,1,1,N,N,N,0,N,N,N,0,0,0,40,Y,90,116010,5000,19751001,50773,254867000000,12.0,,0,,N,Y,Y,11247,388,1247,769,9.29,20250331.0,12744,,N,N,Y
003545,KR7003541000,대신증권우,ST,0.0,21,24,0,,N,N,0,N,N,N,,N,N,N,N,N,N,N,N,N,0,N,N,N,N,N,N,N,N,19730,1,1,N,N,N,0,N,N,N,0,0,0,60,Y,90,81112,5000,19880901,26000,130000000000,12.0,,1,,N,N,N,0,0,0,0,0.0,,5129,,N,N,N
003547,KR7003542008,대신증권2우B,ST,0.0,21,24,0,,N,N,0,N,N,N,,N,N,N,N,N,N,N,N,N,0,N,N,N,N,N,N,N,N,18860,1,1,N,N,N,0,N,N,N,0,0,0,60,Y,90,25904,5000,20071109,10000,50000000000,12.0,,2,,N,N,N,0,0,0,0,0.0,,1886,,N,N,N
003550,KR7003550001,LG,ST,1.0,21,0,0,,N,Y,5,Y,Y,Y,,N,Y,N,N,N,N,N,N,N,0,N,N,N,N,N,N,N,Y,77000,1,1,N,N,N,0,N,N,N,0,0,0,20,Y,90,160327,5000,19700213,157251,786255825000,12.0,,0,,N,Y,Y,19361,6380,6640,6085,8.5,20250331.0,121083,282,N,N,Y
003555,KR7003551009,LG우,ST,0.0,21,0,0,,N,N,0,N,N,N,,N,N,N,N,N,N,N,N,N,0,N,N,N,N,N,N,N,N,62300,1,1,N,N,N,0,N,N,N,0,0,0,60,Y,90,934,5000,19881118,3011,15055995000,12.0,,1,,N,N,N,0,0,0,0,0.0,,1875,,N,N,N
003560,KR7003560000,IHQ,ST,3.0,30,0,0,,N,N,0,N,N,N,,N,N,N,N,N,N,N,N,N,0,N,N,N,N,N,N,N,N,10760,1,1,Y,N,Y,0,N,N,N,0,0,0,100,N,90,0,500,19731218,7083,3541865000,12.0,,0,,N,N,Y,67,-18,-15,-15,-6.04,20250331.0,762,,N,N,N
003570,KR7003570009,SNT다이내믹스,ST,2.0,27,15,0,,N,N,0,N,N,Y,,N,N,N,N,N,N,N,N,N,0,N,N,N,N,N,N,N,N,54500,1,1,N,N,N,0,N,N,N,0,0,0,30,Y,90,189193,2500,19760708,33252,85631742500,12.0,,0,,N,Y,Y,1501,177,229,178,9.02,20250331.0,18122,,N,N,N
003580,KR7003580008,HLB글로벌,ST,3.0,16,0,0,,N,N,0,N,N,N,,N,N,N,N,N,N,N,N,N,0,N,N,N,N,N,N,N,N,2350,1,1,N,N,N,0,N,N,N,0,0,0,100,N,90,113977,500,19900323,50316,25158289000,12.0,,0,,N,N,Y,252,-42,-49,-50,-21.27,20250331.0,1182,,N,N,N
0035T0,KR70035T0000,PLUS 글로벌휴머노이드로봇액티브,EF,,0,0,0,N,N,,0,N,N,N,2.0,N,N,,,,,N,,,0,,,Y,,,,,,11820,1,1,N,N,N,0,N,N,N,0,0,0,100,N,90,10762,0,20250415,950,0,12.0,,0,,N,N,N,0,0,0,0,0.0,,112,,N,N,N
003610,KR7003610003,방림,ST,3.0,27,6,0,,N,N,0,N,N,N,,N,N,N,N,N,N,N,N,N,0,N,N,N,N,N,N,N,N,4285,1,1,N,N,N,0,N,N,N,0,0,0,100,N,90,17841,500,19890530,40202,21157045000,9.0,,0,,N,N,Y,588,-3,70,54,6.07,20250331.0,1722,,N,N,N
003620,KR7003620002,KG모빌리티,ST,2.0,27,15,0,,N,N,8,N,N,Y,,N,N,Y,N,N,N,N,N,N,0,N,N,N,N,N,N,N,N,3390,1,1,N,N,N,0,N,N,N,0,0,0,100,N,90,278506,1000,19750529,202374,202374912000,12.0,,0,,N,Y,Y,9166,57,31,30,0.84,20250331.0,6860,,N,N,N
003650,KR7003650009,미창석유,ST,3.0,27,8,0,,N,N,0,N,N,N,,N,N,N,N,N,N,N,N,N,0,N,N,N,N,N,N,N,N,114900,1,1,N,N,N,0,N,N,N,0,0,0,100,N,90,821,5000,19890927,1739,8698360000,12.0,,0,,N,N,Y,4319,456,675,526,13.54,20241231.0,1998,,N,N,N
003670,KR7003670007,포스코퓨처엠,ST,1.0,27,13,0,,N,N,9,Y,Y,Y,,Y,Y,N,N,N,N,N,N,N,0,N,Y,N,N,N,N,N,Y,151500,1,1,N,N,N,0,N,N,N,0,0,0,20,Y,90,239762,500,20190529,88946,44473110000,12.0,,0,,N,Y,Y,8454,172,608,489,6.56,20250331.0,134753,853,N,N,N
003680,KR7003680006,한성기업,ST,3.0,27,5,0,,N,N,0,N,N,N,,N,N,N,N,N,N,N,N,N,0,N,N,N,N,N,N,N,N,5850,1,1,N,N,N,0,N,N,N,0,0,0,100,N,90,2460454,5000,19890126,6209,31047575000,12.0,,0,,N,N,Y,3325,110,33,28,4.25,20241231.0,363,,N,N,N
003690,KR7003690005,코리안리,ST,2.0,21,25,0,,N,N,0,N,N,Y,,N,N,N,N,N,N,N,N,N,0,N,N,N,N,N,Y,N,N,10760,1,1,N,N,N,0,N,N,N,0,0,0,30,Y,90,201027,500,19691222,194821,97410515500,12.0,,0,,N,Y,Y,16071,1235,1210,952,11.1,20250331.0,20962,,N,N,N
0036D0,KR70036D0007,TIMEFOLIO 미국배당다우존스액티브,EF,,0,0,0,N,N,,0,N,N,N,2.0,N,N,,,,,N,,,0,,,Y,,,,,,10090,1,1,N,N,N,0,N,N,N,0,0,0,100,N,90,107552,0,20250429,1700,0,12.0,,0,,N,N,N,0,0,0,0,0.0,,171,,N,N,N
0036R0,KR70036R0001,RISE 미국휴머노이드로봇,EF,,0,0,0,N,N,,0,N,N,N,2.0,N,N,,,,,N,,,0,,,Y,,,,,,12385,1,1,N,N,N,0,N,N,N,0,0,0,100,N,90,53690,0,20250415,1100,0,12.0,,0,,N,N,N,0,0,0,0,0.0,,136,,N,N,N
0036Z0,KR70036Z0001,RISE 미국천연가스밸류체인,EF,,0,0,0,N,N,,0,N,N,N,2.0,N,N,,,,,N,,,0,,,Y,,,,,,10125,1,1,N,N,N,0,N,N,N,0,0,0,100,N,90,4250,0,20250422,1000,0,12.0,,0,,N,N,N,0,0,0,0,0.0,,101,,N,N,N
003720,KR7003720000,삼영,ST,3.0,27,8,0,,N,N,0,N,N,N,,N,N,N,N,N,N,N,N,N,0,N,N,N,N,N,N,N,N,4270,1,1,N,N,N,0,N,N,N,0,0,0,60,Y,90,145968,500,19760630,34000,17000000000,12.0,,0,,N,N,Y,313,23,24,25,11.82,20250331.0,1451,,N,N,N
003780,KR7003780004,진양산업,ST,3.0,27,8,0,,N,N,0,N,N,N,,N,N,N,N,N,N,N,N,N,0,N,N,N,N,N,N,N,N,5750,1,1,N,N,N,0,N,N,N,0,0,0,100,N,90,63982,500,19730626,13000,6500000000,12.0,,0,,N,N,Y,226,22,21,16,10.15,20250331.0,747,,N,N,N
003830,KR7003830007,대한화섬,ST,3.0,27,8,0,,N,N,0,N,N,N,,N,N,N,N,N,N,N,N,N,0,N,N,N,N,N,N,N,N,130700,1,1,N,N,N,0,N,N,N,0,0,0,100,N,90,139,5000,19851223,1328,6640000000,12.0,,0,,N,N,Y,1238,-15,-64,-25,-0.35,20241231.0,1735,,N,N,N
003850,KR7003850005,보령,ST,2.0,27,9,0,,N,N,0,N,N,Y,,N,N,N,N,Y,N,N,N,N,0,N,N,N,N,N,N,N,N,8400,1,1,N,N,N,0,N,N,N,0,0,0,30,Y,90,66354,500,19881024,85787,43393603500,12.0,,0,,N,Y,Y,2406,109,-29,3,0.18,20250331.0,7206,,N,N,Y
0038A0,KR70038A0008,KODEX 미국휴머노이드로봇,EF,,0,0,0,N,N,,0,N,N,N,2.0,N,N,,,,,N,,,0,,,Y,,,,,,13280,1,1,N,N,N,0,N,N,N,0,0,0,100,N,90,526317,0,20250415,6700,0,12.0,,0,,N,N,N,0,0,0,0,0.0,,889,,N,N,N
003920,KR7003920006,남양유업,ST,3.0,27,5,0,,N,N,0,N,N,N,,N,N,N,N,N,N,N,N,N,0,N,N,N,N,N,N,N,N,61700,1,1,N,N,N,0,N,N,N,0,0,0,100,N,90,2851,500,19780624,6000,3600000000,12.0,,0,,N,N,Y,2156,1,18,12,0.78,20250331.0,3702,,N,N,N
003925,KR7003921004,남양유업우,ST,0.0,27,5,0,,N,N,0,N,N,N,,N,N,N,N,N,N,N,N,N,0,N,N,N,N,N,N,N,N,37700,1,1,N,N,N,0,N,N,N,0,0,0,100,N,90,3176,500,19880620,2000,1000000000,12.0,,1,,N,N,N,0,0,0,0,0.0,,754,,N,N,N
003960,KR7003960002,사조대림,ST,3.0,27,5,0,,N,N,0,N,N,N,,N,N,N,N,N,N,N,N,N,0,N,N,N,N,N,N,N,N,41900,1,1,N,N,N,0,N,N,N,0,0,0,40,Y,90,29363,5000,19760916,9164,45822335000,12.0,,0,,N,N,Y,8537,153,103,86,5.28,20250331.0,3839,,N,N,N
004000,KR7004000006,롯데정밀화학,ST,2.0,27,8,0,,N,N,4,N,N,Y,,N,N,N,N,N,N,N,Y,N,0,N,N,N,N,N,N,N,N,41350,1,1,N,N,N,0,N,N,N,0,0,0,60,Y,90,53673,5000,19760415,25800,129000000000,12.0,,0,,N,Y,Y,4456,188,339,284,4.8,20250331.0,10668,283,N,N,Y
004020,KR7004020004,현대제철,ST,2.0,27,11,0,,N,N,3,Y,N,Y,,N,Y,N,N,N,N,N,N,Y,0,N,N,N,N,N,N,N,Y,33950,1,1,N,N,N,0,N,N,N,0,0,0,30,Y,90,368956,5000,19870523,133445,667228925000,12.0,,0,,N,Y,Y,55635,-190,-670,-544,-1.17,20250331.0,45304,BH1,N,N,Y
004060,KR7004060000,SG세계물산,ST,3.0,16,0,0,,N,N,0,N,N,N,,N,N,N,N,N,N,N,N,N,0,N,N,N,N,N,N,N,N,333,1,1,N,N,N,0,N,N,N,0,0,0,100,N,90,352483,500,19760419,202424,101212480000,12.0,,0,,N,N,Y,337,-8,6,2,0.35,20250331.0,674,,N,N,N
004080,KR7004080008,신흥,ST,3.0,16,0,0,,N,N,0,N,N,N,,N,N,N,N,N,N,N,N,N,0,N,N,N,N,N,N,N,N,14000,1,1,N,N,N,0,N,N,N,0,0,0,100,N,90,5054,500,19910208,9500,6733070000,12.0,,0,,N,N,Y,236,7,7,3,0.98,20250331.0,1330,,N,N,N
004090,KR7004090007,한국석유,ST,3.0,27,10,0,,N,N,0,N,N,N,,N,N,N,N,N,N,N,N,N,0,N,N,N,N,N,N,N,N,13970,1,1,N,N,N,0,N,N,N,0,0,0,60,Y,90,33876,500,19770625,12694,6347060000,12.0,,0,,N,N,Y,1587,6,-3,-6,-1.07,20250331.0,1773,,N,N,Y
0040S0,KR70040S0004,HANARO 글로벌피지컬AI액티브,EF,,0,0,0,N,N,,0,N,N,N,2.0,N,N,,,,,N,,,0,,,Y,,,,,,13285,1,1,N,N,N,0,N,N,N,0,0,0,100,N,90,177649,0,20250422,1750,0,12.0,,0,,N,N,N,0,0,0,0,0.0,,232,,N,N,N
0040X0,KR70040X0007,SOL 팔란티어미국채커버드콜혼합,EF,,0,0,0,N,N,,0,N,N,N,2.0,N,N,,,,,N,,,0,,,Y,,,,,,11635,1,1,N,N,N,0,N,N,N,0,0,0,100,N,90,268460,0,20250422,2000,0,12.0,,0,,N,N,N,0,0,0,0,0.0,,232,,N,N,N
0040Y0,KR70040Y0006,SOL 팔란티어커버드콜OTM채권혼합,EF,,0,0,0,N,N,,0,N,N,N,2.0,N,N,,,,,N,,,0,,,Y,,,,,,10690,1,1,N,N,N,0,N,N,N,0,0,0,100,N,90,489915,0,20250422,6750,0,12.0,,0,,N,N,N,0,0,0,0,0.0,,721,,N,N,N
004100,KR7004100004,태양금속,ST,3.0,27,15,0,,N,N,0,N,N,N,,N,N,N,N,N,N,N,N,N,0,N,N,N,N,N,N,N,N,2315,1,1,N,N,N,0,N,N,N,0,0,0,100,N,90,114797,500,19760525,36700,18350000000,12.0,,0,,N,N,Y,1545,76,37,35,12.39,20250331.0,849,,N,N,N
004105,KR7004101002,태양금속우,ST,0.0,27,15,0,,N,N,0,N,N,N,,N,N,N,N,N,N,N,N,N,0,N,N,N,N,N,N,N,N,3255,1,1,N,N,N,0,N,N,N,0,0,0,100,N,90,8862,500,19900108,3300,1650000000,12.0,,1,,N,N,N,0,0,0,0,0.0,,107,,N,N,N
004140,KR7004140000,동방,ST,3.0,19,0,0,,N,N,0,N,N,N,,N,N,N,N,N,N,N,N,N,0,N,N,N,N,N,N,N,N,3060,1,1,N,N,N,0,N,N,N,0,0,0,60,Y,90,1402401,1000,19880810,47971,47971766000,12.0,,0,,N,N,Y,2051,87,79,62,15.61,20250331.0,1467,,N,N,Y
004150,KR7004150009,한솔홀딩스,ST,3.0,21,0,0,,N,N,0,N,N,N,,N,N,N,N,N,N,N,N,N,0,N,N,N,N,N,N,N,N,3245,1,1,N,N,N,0,N,N,N,0,0,0,100,N,90,80854,1000,19720517,41026,42008577000,12.0,,0,,N,N,Y,2766,83,89,67,2.73,20250331.0,1331,,N,N,N
004170,KR7004170007,신세계,ST,2.0,16,0,0,,N,N,8,N,N,Y,,N,N,N,N,N,N,N,N,N,0,N,N,N,N,N,N,N,Y,178300,1,1,N,N,N,0,N,N,N,0,0,0,30,Y,90,33150,5000,19850819,9645,49225905000,12.0,,0,,N,Y,Y,16658,1323,1048,771,5.41,20250331.0,17197,577,N,N,N
0041D0,KR70041D0000,KODEX 미국AI소프트웨어TOP10,EF,,0,0,0,N,N,,0,N,N,N,2.0,N,N,,,,,N,,,0,,,Y,,,,,,13900,1,1,N,N,N,0,N,N,N,0,0,0,100,N,90,145843,0,20250422,3400,0,12.0,,0,,N,N,N,0,0,0,0,0.0,,472,,N,N,N
0041E0,KR70041E0009,KODEX 미국S&P500액티브,EF,,0,0,0,N,N,,0,N,N,N,2.0,N,N,,,,,N,,,0,,,Y,,,,,,12025,1,1,N,N,N,0,N,N,N,0,0,0,100,N,90,11328,0,20250422,2000,0,12.0,,0,,N,N,N,0,0,0,0,0.0,,240,,N,N,N
004250,KR7004250007,NPC,ST,3.0,27,8,0,,N,N,0,N,N,N,,N,N,N,N,N,N,N,N,N,0,N,N,N,N,N,N,N,N,4315,1,1,N,N,N,0,N,N,N,0,0,0,60,Y,90,12419,500,19690908,36720,18360000000,12.0,,0,,N,N,Y,999,37,26,20,1.87,20250331.0,1584,,N,N,N
004255,KR7004251005,NPC우,ST,0.0,27,8,0,,N,N,0,N,N,N,,N,N,N,N,N,N,N,N,N,0,N,N,N,N,N,N,N,N,2520,1,1,N,N,N,0,N,N,N,0,0,0,100,N,90,13663,500,19900115,5280,2640000000,12.0,,1,,N,N,N,0,0,0,0,0.0,,133,,N,N,N
004270,KR7004270005,남성,ST,3.0,16,0,0,,N,N,0,N,N,N,,N,N,N,N,N,N,N,N,N,0,N,N,N,N,N,N,N,N,1050,1,1,N,N,N,0,N,N,N,0,0,0,100,N,90,11515,500,19891114,36212,18106080000,12.0,,0,,N,N,Y,199,16,1,0,0.17,20250331.0,380,,N,N,N
004310,KR7004310009,현대약품,ST,3.0,27,9,0,,N,N,0,N,N,N,,N,N,N,N,N,N,N,N,N,0,N,N,N,N,N,N,N,N,3795,1,1,N,N,N,0,N,N,N,0,0,0,60,Y,90,193326,500,19780628,32000,16000000000,11.0,,0,,N,N,Y,1757,2,-17,-6,-0.7,20241130.0,1214,,N,N,Y
004360,KR7004360004,세방,ST,3.0,19,0,0,,N,N,0,N,N,N,,N,N,N,N,N,N,N,N,N,0,N,N,N,N,N,N,N,N,13710,1,1,N,N,N,0,N,N,N,0,0,0,40,Y,90,50837,500,19770519,19308,9654345000,12.0,,0,,N,N,Y,3254,107,262,280,9.78,20250331.0,2647,,N,N,N
004365,KR7004361002,세방우,ST,0.0,19,0,0,,N,N,0,N,N,N,,N,N,N,N,N,N,N,N,N,0,N,N,N,N,N,N,N,N,9430,1,1,N,N,N,0,N,N,N,0,0,0,100,N,90,10599,500,19891021,3689,1844625000,12.0,,1,,N,N,N,0,0,0,0,0.0,,347,,N,N,N
004370,KR7004370003,농심,ST,2.0,27,5,0,,N,N,7,N,N,Y,,N,N,N,N,N,N,N,N,N,0,N,N,N,N,N,N,N,N,384500,1,1,N,N,N,0,N,N,N,0,0,0,30,Y,90,16937,5000,19760630,6082,30413210000,12.0,,0,,N,Y,Y,8930,561,685,522,7.77,20250331.0,23387,,N,N,N
004380,KR7004380002,삼익THK,ST,3.0,27,12,0,,N,N,0,N,N,Y,,N,N,N,N,N,N,N,N,N,0,N,N,N,N,Y,N,N,N,9960,1,1,Y,N,N,0,N,N,N,0,0,0,100,N,90,0,500,19890926,21000,10500000000,12.0,,0,,N,N,Y,594,-62,-87,-68,-14.05,20250331.0,2091,,N,N,N
0043B0,KR70043B0000,TIGER 머니마켓액티브,EF,,0,0,0,N,N,,0,N,N,N,2.0,N,N,,,,,N,,,0,,,Y,,,,,,100925,1,1,N,N,N,0,N,N,N,0,0,0,100,N,90,103421,0,20250422,20466,0,12.0,,0,,N,N,N,0,0,0,0,0.0,,20655,,N,N,N
0043Y0,KR70043Y0003,TIMEFOLIO 차이나AI테크액티브,EF,,0,0,0,N,N,,0,N,N,N,2.0,N,N,,,,,N,,,0,,,Y,,,,,,11080,1,1,N,N,N,0,N,N,N,0,0,0,100,N,90,84435,0,20250513,4450,0,12.0,,0,,N,N,N,0,0,0,0,0.0,,493,,N,N,N
004410,KR7004410007,서울식품,ST,3.0,27,5,0,,N,N,0,N,N,N,,N,N,N,N,N,N,N,N,N,0,N,N,N,N,N,N,N,N,161,1,1,N,N,N,0,N,N,N,0,0,0,100,N,90,2883926,100,19731228,374755,37475555900,12.0,,0,,N,N,Y,586,-22,-30,-30,-12.02,20241231.0,603,,N,N,N
004415,KR7004411005,서울식품우,ST,0.0,27,5,0,,Y,N,0,N,N,N,,N,N,N,N,N,N,N,N,N,3,N,N,N,N,N,N,N,N,1258,1,1,N,N,N,0,N,N,N,0,0,0,100,N,90,1663,100,19890522,2224,222450000,12.0,,1,,N,N,N,0,0,0,0,0.0,,27,,N,N,N
004430,KR7004430005,송원산업,ST,3.0,27,8,0,,N,N,0,N,N,Y,,N,N,N,N,N,N,N,Y,N,0,N,N,N,N,N,N,N,N,10750,1,1,N,N,N,0,N,N,N,0,0,0,40,Y,90,88053,500,19770625,24000,12000000000,12.0,,0,,N,N,Y,2758,109,94,49,2.57,20250331.0,2580,,N,N,Y
004440,KR7004440004,삼일씨엔에스,ST,3.0,27,10,0,,N,N,0,N,N,Y,,N,N,N,N,N,N,N,N,N,0,N,Y,N,N,N,N,N,N,4925,1,1,N,N,N,0,N,N,N,0,0,0,100,N,90,22075,1000,20160330,12731,12731947000,12.0,,0,,N,N,Y,2213,-17,-26,-20,-0.75,20241231.0,627,,N,N,N
004450,KR7004450003,삼화왕관,ST,3.0,27,11,0,,N,N,0,N,N,N,,N,N,N,N,N,N,N,N,N,0,N,N,N,N,N,N,N,N,34950,1,1,N,N,N,0,N,N,N,0,0,0,100,N,90,1399,5000,19760528,2154,10771895000,12.0,,0,,N,N,Y,418,16,23,20,6.99,20250331.0,752,,N,N,N
004490,KR7004490009,세방전지,ST,2.0,27,13,0,,N,N,8,N,N,Y,,N,N,Y,N,N,N,N,N,N,0,N,N,N,N,N,N,N,N,65000,1,1,N,N,N,0,N,N,N,0,0,0,30,Y,90,51213,500,19871128,14000,7000000000,12.0,,0,,N,Y,Y,5271,506,606,485,12.78,20250331.0,9100,,N,N,Y
004540,KR7004540001,깨끗한나라,ST,3.0,27,7,0,,N,N,0,N,N,N,,N,N,N,N,N,N,N,N,N,0,N,N,N,N,N,N,N,N,2005,1,1,N,N,N,0,N,N,N,0,0,0,100,N,90,137589,1000,19750625,37240,37240693000,12.0,,0,,N,N,Y,1308,-39,-81,-83,-17.89,20250331.0,746,,N,N,N
004545,KR7004541009,깨끗한나라우,ST,0.0,27,7,0,,Y,N,0,N,N,N,,N,N,N,N,N,N,N,N,N,0,N,N,N,N,N,N,N,N,12100,1,1,N,N,N,0,N,N,N,0,0,0,100,N,90,212,1000,19881121,366,366160000,12.0,,1,,N,N,N,0,0,0,0,0.0,,44,,N,N,N
004560,KR7004560009,현대비앤지스틸,ST,3.0,27,11,0,,N,N,0,N,N,Y,,N,N,N,N,N,N,N,N,Y,0,N,N,N,N,N,N,N,N,12360,1,1,N,N,N,0,N,N,N,0,0,0,50,Y,90,11306,5000,19870324,15078,75394055000,12.0,,0,,N,N,Y,1875,25,17,10,0.79,20250331.0,1863,BH1,N,N,Y
004690,KR7004690004,삼천리,ST,3.0,17,0,0,,N,N,0,N,N,N,,N,N,N,N,N,N,N,N,N,0,N,N,N,N,N,N,N,N,139300,1,1,N,N,N,0,N,N,N,0,0,0,40,Y,90,8931,5000,19761223,4055,20275125000,12.0,,0,,N,N,Y,18141,969,1123,896,20.14,20250331.0,5648,,N,N,N
0046A0,KR70046A0008,TIGER 미국초단기(3개월이하)국채,EF,,0,0,0,N,N,,0,N,N,N,2.0,N,N,,,,,N,,,0,,,Y,,,,,,9550,1,1,N,N,N,0,N,N,N,0,0,0,100,N,90,218361,0,20250429,9410,0,12.0,,0,,N,N,N,0,0,0,0,0.0,,898,,N,N,N
0046Y0,KR70046Y0000,ACE 미국배당퀄리티,EF,,0,0,0,N,N,,0,N,N,N,2.0,N,N,,,,,N,,,0,,,Y,,,,,,10760,1,1,N,N,N,0,N,N,N,0,0,0,100,N,90,15886,0,20250513,3250,0,12.0,,0,,N,N,N,0,0,0,0,0.0,,349,,N,N,N
004700,KR7004700001,조광피혁,ST,3.0,27,6,0,,N,N,0,N,N,N,,N,N,N,N,N,N,N,N,N,0,N,N,N,N,N,N,N,N,65500,1,1,N,N,N,0,N,N,N,0,0,0,100,N,90,7269,5000,19770527,6649,34245690000,12.0,,0,,N,N,Y,902,72,155,126,2.58,20241231.0,4355,,N,N,N
004710,KR7004710000,한솔테크닉스,ST,3.0,27,13,0,,N,N,0,N,N,Y,,N,N,N,Y,N,N,N,N,N,0,N,N,N,N,N,N,N,N,5690,1,1,N,N,N,0,N,N,N,0,0,0,50,Y,90,146032,5000,19880706,32109,160549390000,12.0,,0,,N,N,Y,3378,193,188,163,11.23,20250331.0,1827,,N,N,N
004720,KR7004720009,팜젠사이언스,ST,3.0,27,9,0,,N,N,0,N,N,N,,N,N,N,N,N,N,N,N,N,0,N,N,N,N,N,N,N,N,4580,1,1,N,N,N,0,N,N,N,0,0,0,100,N,90,207718,500,19900615,18664,9332011000,12.0,,0,,N,N,Y,429,20,-7,-7,-1.16,20250331.0,854,,N,N,N
004770,KR7004770004,써니전자,ST,3.0,27,13,0,,N,N,0,N,N,N,,N,N,N,N,N,N,N,N,N,0,N,N,N,N,N,N,N,N,1732,1,1,N,N,N,0,N,N,N,0,0,0,100,N,90,812500,500,19870422,36702,19301442000,12.0,,0,,N,N,Y,128,26,55,44,5.36,20241231.0,635,,N,N,N
0047A0,KR70047A0007,TIGER 차이나테크TOP10,EF,,0,0,0,N,N,,0,N,N,N,2.0,N,N,,,,,N,,,0,,,Y,,,,,,10080,1,1,N,N,N,0,N,N,N,0,0,0,100,N,90,152734,0,20250513,10950,0,12.0,,0,,N,N,N,0,0,0,0,0.0,,1103,,N,N,N
0047N0,KR70047N0002,PLUS 차이나AI테크TOP10,EF,,0,0,0,N,N,,0,N,N,N,2.0,N,N,,,,,N,,,0,,,Y,,,,,,10250,1,1,N,N,N,0,N,N,N,0,0,0,100,N,90,7044,0,20250513,950,0,12.0,,0,,N,N,N,0,0,0,0,0.0,,97,,N,N,N
0047P0,KR70047P0000,RISE 테슬라고정테크100,EF,,0,0,0,N,N,,0,N,N,N,2.0,N,N,,,,,N,,,0,,,Y,,,,,,11530,1,1,N,N,N,0,N,N,N,0,0,0,100,N,90,29169,0,20250513,1050,0,12.0,,0,,N,N,N,0,0,0,0,0.0,,121,,N,N,N
0047R0,KR70047R0008,RISE 팔란티어고정테크100,EF,,0,0,0,N,N,,0,N,N,N,2.0,N,N,,,,,N,,,0,,,Y,,,,,,12475,1,1,N,N,N,0,N,N,N,0,0,0,100,N,90,137518,0,20250513,2050,0,12.0,,0,,N,N,N,0,0,0,0,0.0,,255,,N,N,N
004800,KR7004800009,효성,ST,2.0,21,0,0,,N,N,0,N,N,Y,,N,N,N,N,N,N,N,Y,N,0,N,N,N,N,N,N,N,N,87500,1,1,N,N,N,0,N,N,N,0,0,0,30,Y,90,43671,5000,19730630,16740,86725490000,12.0,,0,,N,N,Y,5539,818,809,722,12.01,20250331.0,14647,971,N,N,Y
004830,KR7004830006,덕성,ST,3.0,27,8,0,,N,N,0,N,N,N,,N,N,N,N,N,N,N,N,N,0,N,N,N,N,N,N,N,N,5890,1,1,N,N,N,0,N,N,N,0,0,0,100,N,90,57233,500,19870925,15680,7840000000,12.0,,0,,N,N,Y,385,29,28,22,9.6,20250331.0,923,,N,N,N
004835,KR7004831004,덕성우,ST,0.0,27,8,0,,N,N,0,N,N,N,,N,N,N,N,N,N,N,N,N,0,N,N,N,N,N,N,N,N,7900,1,1,N,N,N,0,N,N,N,0,0,0,100,N,90,4950,500,19891219,1392,696000000,12.0,,1,,N,N,N,0,0,0,0,0.0,,109,,N,N,N
004840,KR7004840005,DRB동일,ST,3.0,27,8,0,,N,N,0,N,N,N,,N,N,N,N,N,N,N,N,N,0,N,N,N,N,N,N,N,N,5270,1,1,N,N,N,0,N,N,N,0,0,0,100,N,90,9875,500,19760521,19930,9965000000,12.0,,0,,N,N,Y,1847,50,57,46,2.95,20250331.0,1050,,N,N,N
004870,KR7004870002,티웨이홀딩스,ST,3.0,27,10,0,,N,N,0,N,N,N,,N,N,N,N,N,N,N,N,N,0,N,N,N,N,N,N,N,N,648,1,1,N,N,N,0,N,N,N,0,0,0,100,N,90,193750,500,19770630,113163,56581747000,12.0,,0,,N,N,Y,52,-52,-250,-208,-13.15,20241231.0,733,,N,N,N
004890,KR7004890000,동일산업,ST,3.0,27,11,0,,N,N,0,N,N,N,,N,N,N,N,N,N,N,N,N,0,N,N,N,N,N,N,N,N,42800,1,1,N,N,N,0,N,N,N,0,0,0,100,N,90,1620,5000,20050630,2425,12126075000,12.0,,0,,N,N,Y,909,14,10,8,0.77,20250331.0,1037,,N,N,N
0048J0,KR70048J0007,KODEX 미국머니마켓액티브,EF,,0,0,0,N,N,,0,N,N,N,2.0,N,N,,,,,N,,,0,,,Y,,,,,,13835,1,1,N,N,N,0,N,N,N,0,0,0,100,N,90,79179,0,20250513,22097,0,12.0,,0,,N,N,N,0,0,0,0,0.0,,3057,,N,N,N
0048K0,KR70048K0004,KODEX 차이나휴머노이드로봇,EF,,0,0,0,N,N,,0,N,N,N,2.0,N,N,,,,,N,,,0,,,Y,,,,,,9765,1,1,N,N,N,0,N,N,N,0,0,0,100,N,90,698541,0,20250513,8200,0,12.0,,0,,N,N,N,0,0,0,0,0.0,,800,,N,N,N
004910,KR7004910006,조광페인트,ST,3.0,27,8,0,,N,N,0,N,N,N,,N,N,N,N,N,N,N,N,N,0,N,N,N,N,N,N,N,N,6030,1,1,N,N,N,0,N,N,N,0,0,0,100,N,90,50575,500,19761227,12800,6400000000,12.0,,0,,N,N,Y,491,-30,7,11,2.36,20250331.0,771,,N,N,N
004920,KR7004920005,씨아이테크,ST,3.0,27,13,0,,N,N,0,N,N,N,,N,N,N,N,N,N,N,N,N,0,N,N,N,N,N,N,N,N,1205,1,1,N,N,N,0,N,N,N,0,0,0,100,N,90,61599,500,19891130,50065,25032896500,12.0,,0,,N,N,Y,134,-1,4,3,2.05,20250331.0,603,,N,N,N
004960,KR7004960001,한신공영,ST,3.0,18,0,0,,N,N,0,N,N,N,,N,N,N,N,N,N,N,N,N,0,N,N,N,N,N,N,N,N,8530,1,1,N,N,N,0,N,N,N,0,0,0,100,N,90,17913,5000,19760707,11570,57853510000,12.0,,0,,N,N,Y,3045,165,82,40,2.05,20250331.0,986,,N,N,N
004970,KR7004970000,신라교역,ST,3.0,0,0,0,,N,N,0,N,N,N,,N,N,N,N,N,N,N,N,N,0,N,N,N,N,N,N,N,N,9870,1,1,N,N,N,0,N,N,N,0,0,0,60,Y,90,14176,500,19760630,16000,8000000000,12.0,,0,,N,N,Y,1177,24,11,13,0.72,20250331.0,1579,,N,N,N
004980,KR7004980009,성신양회,ST,3.0,27,10,0,,N,N,0,N,N,Y,,N,N,N,N,N,N,N,N,N,0,N,Y,N,N,N,N,N,N,10440,1,1,N,N,N,0,N,N,N,0,0,0,50,Y,90,63260,5000,19760630,24516,124830365000,12.0,,0,,N,N,Y,2286,-63,-105,-94,-6.62,20250331.0,2559,,N,N,N
004985,KR7004981007,성신양회우,ST,0.0,27,10,0,,N,N,0,N,N,N,,N,N,N,N,N,N,N,N,N,0,N,N,N,N,N,N,N,N,11880,1,1,N,N,N,0,N,N,N,0,0,0,100,N,90,2733,5000,19881221,735,3678225000,12.0,,1,,N,N,N,0,0,0,0,0.0,,87,,N,N,N
004990,KR7004990008,롯데지주,ST,2.0,21,0,0,,N,N,7,Y,N,Y,,N,N,N,N,N,N,N,N,N,0,N,N,N,N,N,N,N,Y,28000,1,1,N,N,N,0,N,N,N,0,0,0,40,Y,90,144389,200,19740216,104909,20981847400,12.0,,0,,N,Y,Y,35853,180,-754,-919,-7.1,20250331.0,29374,283,N,N,Y
00499K,KR700499K014,롯데지주우,ST,0.0,21,0,0,,N,,0,N,N,N,,N,N,,,,,N,,,0,,,N,,,,,,32150,1,1,N,N,N,0,N,N,N,0,0,0,100,N,90,1047,200,20171030,805,161120600,12.0,,1,,N,N,N,0,0,0,0,0.0,,259,,N,N,N
0049K0,KR70049K0003,ACE 미국배당퀄리티채권혼합50,EF,,0,0,0,N,N,,0,N,N,N,2.0,N,N,,,,,N,,,0,,,Y,,,,,,10360,1,1,N,N,N,0,N,N,N,0,0,0,100,N,90,11075,0,20250513,1500,0,12.0,,0,,N,N,N,0,0,0,0,0.0,,155,,N,N,N
0049M0,KR70049M0001,ACE 미국배당퀄리티+커버드콜액티브,EF,,0,0,0,N,N,,0,N,N,N,2.0,N,N,,,,,N,,,0,,,Y,,,,,,10430,1,1,N,N,N,0,N,N,N,0,0,0,100,N,90,148528,0,20250513,2700,0,12.0,,0,,N,N,N,0,0,0,0,0.0,,281,,N,N,N
005010,KR7005010004,휴스틸,ST,3.0,27,11,0,,N,N,0,N,N,N,,N,N,N,N,N,N,N,N,N,0,N,N,N,N,N,N,N,N,4405,1,1,N,N,N,0,N,N,N,0,0,0,40,Y,90,225518,1000,19730629,56188,56188075000,12.0,,0,,N,N,Y,1540,-5,10,-24,-0.87,20250331.0,2475,,N,N,Y
005030,KR7005030002,부산주공,ST,3.0,27,15,0,,N,N,0,N,N,N,,N,N,N,N,N,N,N,N,N,0,N,N,N,N,N,N,N,N,486,1,1,Y,N,Y,0,N,N,N,0,0,0,100,N,90,0,500,19751226,78782,39391494000,12.0,,0,,N,N,Y,2130,73,-30,-6,-3.75,20241231.0,382,,N,N,N
005070,KR7005070008,코스모신소재,ST,2.0,27,8,0,,N,N,0,N,N,Y,,N,Y,N,N,N,N,N,N,N,0,N,N,N,N,N,N,N,N,41950,1,1,N,N,N,0,N,N,N,0,0,0,60,Y,90,272258,1000,19870928,32510,32510756000,12.0,,0,,N,Y,Y,5697,250,200,176,3.62,20241231.0,13638,FN4,N,N,Y
005090,KR7005090006,SGC에너지,ST,3.0,17,0,0,,N,N,0,N,N,N,,N,N,N,N,N,N,N,N,N,0,N,N,N,N,N,N,N,N,24550,1,1,N,N,N,0,N,N,N,0,0,0,50,Y,90,10024,5000,19930106,14409,73385020000,12.0,,0,,N,N,Y,6185,176,-59,-23,-1.49,20250331.0,3537,378,N,N,N
0050E0,KR70050E0007,PLUS 미국AI에이전트,EF,,0,0,0,N,N,,0,N,N,N,2.0,N,N,,,,,N,,,0,,,Y,,,,,,9470,1,1,N,N,N,0,N,N,N,0,0,0,100,N,90,3365,0,20250520,750,0,12.0,,0,,N,N,N,0,0,0,0,0.0,,71,,N,N,N
005110,KR7005110002,한창,ST,3.0,16,0,0,,N,N,0,N,N,N,,N,N,N,N,N,N,N,N,N,0,N,N,N,N,N,N,N,N,1254,1,1,Y,N,Y,0,N,N,N,0,0,0,100,N,90,0,500,19760601,21106,10553203500,12.0,,0,,N,N,Y,3,-12,-14,23,-36100000.0,20250331.0,264,,N,N,N
005180,KR7005180005,빙그레,ST,2.0,27,5,0,,N,N,0,N,N,Y,,N,N,N,N,N,N,N,N,N,0,N,N,N,N,N,N,N,N,79300,1,1,N,N,N,0,N,N,N,0,0,0,30,Y,90,30396,5000,19780831,9555,49756205000,12.0,,0,,N,Y,Y,3085,135,144,116,6.5,20250331.0,7577,,N,N,Y
0051A0,KR70051A0000,KoAct 브로드컴밸류체인액티브,EF,,0,0,0,N,N,,0,N,N,N,2.0,N,N,,,,,N,,,0,,,Y,,,,,,12380,1,1,N,N,N,0,N,N,N,0,0,0,100,N,90,3068,0,20250520,900,0,12.0,,0,,N,N,N,0,0,0,0,0.0,,111,,N,N,N
0051G0,KR70051G0004,SOL 미국원자력SMR,EF,,0,0,0,N,N,,0,N,N,N,2.0,N,N,,,,,N,,,0,,,Y,,,,,,15165,1,1,N,N,N,0,N,N,N,0,0,0,100,N,90,706622,0,20250520,13100,0,12.0,,0,,N,N,N,0,0,0,0,0.0,,1986,,N,N,N
005250,KR7005250006,녹십자홀딩스,ST,2.0,26,0,0,,N,N,A,N,N,Y,,N,N,N,N,Y,N,N,N,N,0,N,N,N,N,N,N,N,N,15540,1,1,N,N,N,0,N,N,N,0,0,0,40,Y,90,40965,500,19780828,47028,25321905000,12.0,,0,,N,N,Y,4946,-48,140,182,1.2,20250331.0,7308,,N,N,N
005257,KR7005252002,녹십자홀딩스2우,ST,0.0,26,0,0,,Y,N,0,N,N,N,,N,N,N,N,N,N,N,N,N,3,N,N,N,N,N,N,N,N,28450,1,1,N,N,N,0,N,N,N,0,0,0,100,N,90,1088,500,19970319,845,422995000,12.0,,2,,N,N,N,0,0,0,0,0.0,,240,,N,N,N
0052D0,KR70052D0006,TIGER 코리아배당다우존스,EF,,0,0,0,N,N,,0,N,N,N,2.0,N,N,,,,,N,,,0,,,Y,,,,,,12140,1,1,N,N,N,0,N,N,N,0,0,0,100,N,90,1961286,0,20250520,34750,0,12.0,,0,,N,N,N,0,0,0,0,0.0,,4218,,N,N,N
0052S0,KR70052S0009,1Q 미국S&P500미국채혼합50액티브,EF,,0,0,0,N,N,,0,N,N,N,2.0,N,N,,,,,N,,,0,,,Y,,,,,,10490,1,1,N,N,N,0,N,N,N,0,0,0,100,N,90,403261,0,20250610,3800,0,12.0,,0,,N,N,N,0,0,0,0,0.0,,398,,N,N,N
0052T0,KR70052T0008,1Q 중단기회사채(A-이상)액티브,EF,,0,0,0,N,N,,0,N,N,N,2.0,N,N,,,,,N,,,0,,,Y,,,,,,50270,1,1,N,N,N,0,N,N,N,0,0,0,100,N,90,0,0,20250527,2426,0,12.0,,0,,N,N,N,0,0,0,0,0.0,,1219,,N,N,N
005300,KR7005300009,롯데칠성,ST,2.0,27,5,0,,N,N,7,N,N,Y,,N,N,N,N,N,N,N,N,N,0,N,N,N,N,N,N,N,N,130600,1,1,N,N,N,0,N,N,N,0,0,0,40,Y,90,16985,500,19730621,9278,4639442000,12.0,,0,,N,Y,Y,9103,250,107,54,1.89,20250331.0,12118,283,N,N,N
005305,KR7005301007,롯데칠성우,ST,0.0,27,5,0,,N,N,0,N,N,N,,N,N,N,N,N,N,N,N,N,0,N,N,N,N,N,N,N,N,72700,1,1,N,N,N,0,N,N,N,0,0,0,100,N,90,221,500,19890921,775,387655000,12.0,,1,,N,N,N,0,0,0,0,0.0,,563,,N,N,N
005320,KR7005320007,온타이드,ST,3.0,16,0,0,,N,N,0,N,N,N,,N,N,N,N,N,N,N,N,N,0,N,N,N,N,N,N,N,N,612,1,1,N,N,N,0,N,N,N,0,0,0,100,N,90,647691,500,19961224,68375,34187845000,12.0,,0,,N,N,Y,617,36,10,3,0.99,20250331.0,418,,N,N,N
005360,KR7005360003,모나미,ST,3.0,16,0,0,,N,N,0,N,N,N,,N,N,N,N,N,N,N,N,N,0,N,N,N,N,N,N,N,N,2060,1,1,N,N,N,0,N,N,N,0,0,0,100,N,90,18675,1000,19740626,18897,18897307000,12.0,,0,,N,N,Y,335,-7,-22,-24,-10.7,20250331.0,389,,N,N,N
005380,KR7005380001,현대차,ST,1.0,27,15,0,,N,N,8,Y,Y,Y,,Y,Y,Y,N,N,N,N,N,N,0,N,N,N,N,N,N,N,N,212500,1,1,N,N,N,0,N,N,N,0,0,0,20,Y,90,421547,5000,19740628,204757,1157982395000,12.0,,0,,N,Y,Y,444078,36336,44646,33822,11.52,20250331.0,435110,BH1,N,N,Y
005385,KR7005381009,현대차우,ST,0.0,27,15,0,,N,N,0,N,N,N,,N,N,N,N,N,N,N,N,N,0,N,N,N,N,N,N,N,N,162600,1,1,N,N,N,0,N,N,N,0,0,0,40,Y,90,61042,5000,19890911,23340,125549910000,12.0,,1,,N,N,N,0,0,0,0,0.0,,37952,,N,N,N
005387,KR7005382007,현대차2우B,ST,0.0,27,15,0,,N,N,0,N,N,N,,N,N,N,N,N,N,N,N,N,0,N,N,N,N,N,N,N,N,165500,1,1,N,N,N,0,N,N,N,0,0,0,20,Y,90,79677,5000,19981202,34963,193069325000,12.0,,2,,N,N,N,0,0,0,0,0.0,,57865,,N,N,N
005389,KR7005383005,현대차3우B,ST,0.0,27,15,0,,N,N,0,N,N,N,,N,N,N,N,N,N,N,N,N,0,N,N,N,N,N,N,N,N,162400,1,1,N,N,N,0,N,N,N,0,0,0,40,Y,90,9408,5000,19990415,2327,12391495000,12.0,,2,,N,N,N,0,0,0,0,0.0,,3779,,N,N,N
005390,KR7005390000,신성통상,ST,3.0,16,0,0,,N,N,0,N,N,N,,N,N,N,N,N,N,N,N,N,0,N,N,N,N,N,N,N,N,4045,1,1,N,N,N,0,N,N,N,0,0,0,40,Y,90,25973,500,19751222,143708,71854195000,6.0,,0,,N,N,Y,10915,399,308,263,7.02,20250331.0,5813,,N,N,N
0053L0,KR70053L0005,TIGER 차이나휴머노이드로봇,EF,,0,0,0,N,N,,0,N,N,N,2.0,N,N,,,,,N,,,0,,,Y,,,,,,10495,1,1,N,N,N,0,N,N,N,0,0,0,100,N,90,433189,0,20250527,4550,0,12.0,,0,,N,N,N,0,0,0,0,0.0,,477,,N,N,N
0053M0,KR70053M0004,더제이 중소형포커스액티브,EF,,0,0,0,N,N,,0,N,N,N,2.0,N,N,,,,,N,,,0,,,Y,,,,,,9810,1,1,N,N,N,0,N,N,N,0,0,0,100,N,90,2474,0,20250722,1000,0,12.0,,0,,N,N,N,0,0,0,0,0.0,,98,,N,N,N
005420,KR7005420005,코스모화학,ST,2.0,27,8,0,,N,N,4,N,N,Y,,N,N,N,N,N,N,N,N,N,0,N,N,N,N,N,N,N,N,17270,1,1,N,N,N,0,N,N,N,0,0,0,60,Y,90,136635,1000,19870723,38408,38408228000,12.0,,0,,N,Y,Y,1616,10,-17,-6,-3.44,20250331.0,6633,FN4,N,N,Y
005430,KR7005430004,한국공항,ST,3.0,19,0,0,,N,N,0,N,N,N,,N,N,N,N,N,N,N,N,N,0,N,N,N,N,N,N,N,N,63900,1,1,N,N,N,0,N,N,N,0,0,0,60,Y,90,5546,5000,19761228,3166,15831775000,12.0,,0,,N,N,Y,1569,145,148,114,12.21,20250331.0,2023,926,N,N,N
005440,KR7005440003,현대지에프홀딩스,ST,2.0,21,0,0,,N,N,0,N,N,N,,N,N,N,N,N,N,N,N,N,0,N,N,N,N,N,N,N,N,8570,1,1,N,N,N,0,N,N,N,0,0,0,30,Y,90,151464,500,19890822,155904,78845933500,12.0,,0,,N,N,Y,20721,956,2476,2038,20.07,20250331.0,13360,Z35,N,N,N
005490,KR7005490008,POSCO홀딩스,ST,1.0,27,11,0,,N,Y,3,Y,Y,Y,,Y,Y,N,N,N,N,N,N,Y,0,N,N,N,N,N,N,N,Y,297500,1,1,N,N,N,0,N,N,N,0,0,0,20,Y,90,213210,5000,19880610,80932,482403125000,12.0,,0,,N,Y,Y,174368,5684,5100,3442,2.18,20250331.0,240775,853,N,N,Y
005500,KR7005500004,삼진제약,ST,3.0,27,9,0,,N,N,0,N,N,Y,,N,N,N,N,Y,N,N,N,N,0,N,N,N,N,N,N,N,N,20050,1,1,N,N,N,0,N,N,N,0,0,0,40,Y,90,22468,1000,19880618,13900,13900000000,12.0,,0,,N,N,Y,3083,316,436,392,14.89,20241231.0,2786,,N,N,N
005610,KR7005610001,SPC삼립,ST,3.0,27,5,0,,N,N,0,N,N,N,,N,N,N,N,N,N,N,N,N,0,N,N,N,N,N,N,N,N,55000,1,1,N,N,N,0,N,N,N,0,0,0,40,Y,90,3924,5000,19750502,8629,43145045000,12.0,,0,,N,N,Y,8148,161,126,97,8.14,20250331.0,4745,,N,N,N
005680,KR7005680004,삼영전자,ST,3.0,27,13,0,,N,N,0,N,N,N,,N,N,N,N,N,N,N,N,N,0,N,N,N,N,N,N,N,N,10930,1,1,N,N,N,0,N,N,N,0,0,0,40,Y,90,8974,500,19761228,20000,10000000000,12.0,,0,,N,N,Y,404,33,58,46,3.46,20250331.0,2186,,N,N,N
005690,KR7005690003,파미셀,ST,2.0,27,9,0,,N,N,0,N,N,Y,,N,N,N,N,Y,N,N,N,N,0,N,N,N,N,N,N,N,N,13230,1,1,N,N,N,0,N,N,N,0,0,0,60,Y,90,341110,500,19880520,60016,30008482000,12.0,,0,,N,N,Y,649,47,63,63,7.59,20241231.0,7940,,N,N,Y
005720,KR7005720008,넥센,ST,3.0,27,8,0,,N,N,0,N,N,N,,N,N,N,N,N,N,N,N,N,0,N,N,N,N,N,N,N,N,6050,1,1,N,N,N,0,N,N,N,0,0,0,40,Y,90,17244,500,19871219,53543,26771988500,12.0,,0,,N,N,Y,8674,489,568,462,7.31,20250331.0,3239,,N,N,N
005725,KR7005721006,넥센우,ST,0.0,27,8,0,,Y,N,0,N,N,N,,N,N,N,N,N,N,N,N,N,0,N,N,N,N,N,N,N,N,4495,1,1,N,N,N,0,N,N,N,0,0,0,100,N,90,1982,500,19890923,3600,1800300000,12.0,,1,,N,N,N,0,0,0,0,0.0,,161,,N,N,N
005740,KR7005740006,크라운해태홀딩스,ST,3.0,21,0,0,,N,N,0,N,N,N,,N,N,N,N,N,N,N,N,N,0,N,N,N,N,N,N,N,N,7580,1,1,N,N,N,0,N,N,N,0,0,0,100,N,90,39659,500,19760630,14847,7423673500,12.0,,0,,N,N,Y,2638,204,164,125,8.23,20250331.0,1125,,N,N,N
005745,KR7005741004,크라운해태홀딩스우,ST,0.0,21,0,0,,Y,N,0,N,N,N,,N,N,N,N,N,N,N,N,N,0,N,N,N,N,N,N,N,N,8510,1,1,N,N,N,0,N,N,N,0,0,0,100,N,90,35,500,19941122,600,300363000,12.0,,1,,N,N,N,0,0,0,0,0.0,,51,,N,N,N
005750,KR7005750005,대림바스,ST,3.0,27,10,0,,N,N,0,N,N,N,,N,N,N,N,N,N,N,N,N,0,N,N,N,N,N,N,N,N,4440,1,1,N,N,N,0,N,N,N,0,0,0,100,N,90,124348,1000,19921223,16672,16672240000,12.0,,0,,N,N,Y,742,40,39,30,6.66,20250331.0,740,,N,N,N
0057H0,KR70057H0007,PLUS 미국S&P500미국채혼합50액티브,EF,,0,0,0,N,N,,0,N,N,N,2.0,N,N,,,,,N,,,0,,,Y,,,,,,10555,1,1,N,N,N,0,N,N,N,0,0,0,100,N,90,23547,0,20250610,1000,0,12.0,,0,,N,N,N,0,0,0,0,0.0,,105,,N,N,N
005800,KR7005800008,신영와코루,ST,3.0,27,6,0,,N,N,0,N,N,N,,N,N,N,N,N,N,N,N,N,0,N,N,N,N,N,N,N,N,12860,1,1,N,N,N,0,N,N,N,0,0,0,100,N,90,1029,500,19761228,9000,4500000000,12.0,,0,,N,N,Y,462,20,26,20,2.16,20250331.0,1157,,N,N,N
005810,KR7005810007,풍산홀딩스,ST,3.0,21,0,0,,N,N,0,N,N,N,,N,N,N,N,N,N,N,N,N,0,N,N,N,N,N,N,N,N,43450,1,1,N,N,N,0,N,N,N,0,0,0,40,Y,90,35210,5000,19880728,14417,84749515000,12.0,,0,,N,N,Y,979,170,172,164,5.96,20250331.0,6264,,N,N,Y
005820,KR7005820006,원림,ST,3.0,27,6,0,,N,N,0,N,N,N,,N,N,N,N,N,N,N,N,N,0,N,N,N,N,N,N,N,N,15250,1,1,N,N,N,0,N,N,N,0,0,0,100,N,90,885,5000,19900420,2297,11489850000,12.0,,0,,N,N,Y,209,16,16,13,2.68,20250331.0,350,,N,N,N
005830,KR7005830005,DB손해보험,ST,1.0,21,25,0,,N,Y,6,Y,N,Y,,N,Y,N,N,N,N,N,N,N,0,N,N,N,N,N,Y,N,Y,129400,1,1,N,N,N,0,N,N,N,0,0,0,20,Y,90,169860,500,19730628,70800,35400000000,12.0,,0,,N,Y,Y,56202,6198,6206,4314,19.86,20250331.0,91615,LB9,N,N,N
005850,KR7005850003,에스엘,ST,2.0,27,15,0,,N,N,8,N,N,Y,,N,N,Y,N,N,N,N,N,N,0,N,N,N,N,N,N,N,N,34000,1,1,N,N,N,0,N,N,N,0,0,0,30,Y,90,175994,500,19881108,46448,23224260000,12.0,,0,,N,Y,Y,12337,1193,1368,1040,17.22,20250331.0,15792,,N,N,Y
005870,KR7005870001,휴니드,ST,3.0,27,13,0,,N,N,0,N,N,N,,N,N,N,N,N,N,N,N,N,0,N,N,N,N,N,N,N,N,9710,1,1,N,N,N,0,N,N,N,0,0,0,60,Y,90,117793,5000,19910903,14116,70580075000,12.0,,0,,N,N,Y,2308,91,137,107,6.45,20241231.0,1370,,N,N,Y
005880,KR7005880000,대한해운,ST,2.0,19,0,0,,N,N,0,N,N,Y,,N,N,N,N,N,N,N,N,N,0,N,N,N,N,N,N,Y,N,1824,1,1,N,N,N,0,N,N,N,0,0,0,30,Y,90,2180864,500,19920423,322747,161373670000,12.0,,0,,N,N,Y,3305,639,658,621,13.15,20250331.0,5886,LB8,N,N,Y
005930,KR7005930003,삼성전자,ST,1.0,27,13,0,,N,N,5,Y,Y,Y,,Y,Y,N,N,N,N,N,N,N,0,N,N,N,N,N,N,N,Y,70500,1,1,N,N,N,0,N,N,N,0,0,0,20,Y,90,15008213,100,19750611,5919637,778046685000,12.0,,0,,N,Y,Y,791405,66853,91516,82229,8.16,20250331.0,4173344,511,N,N,Y
005935,KR7005931001,삼성전자우,ST,0.0,27,13,0,,N,N,0,N,N,N,,N,N,N,N,N,N,N,N,N,0,N,N,N,N,N,N,N,N,57600,1,1,N,N,N,0,N,N,N,0,0,0,20,Y,90,1212996,100,19890925,815974,119467135000,12.0,,1,,N,N,N,0,0,0,0,0.0,,470001,,N,N,Y
005940,KR7005940002,NH투자증권,ST,1.0,21,24,0,,N,Y,6,Y,N,Y,,N,N,N,N,N,N,N,N,N,0,N,N,N,Y,N,N,N,Y,19600,1,1,N,N,N,0,N,N,N,0,0,0,30,Y,90,478848,5000,19750930,324086,1683205360000,12.0,,0,,N,Y,Y,30068,2890,2768,2082,10.35,20250331.0,63520,E56,N,N,Y
005945,KR7005941000,NH투자증권우,ST,0.0,21,24,0,,N,N,0,N,N,N,,N,N,N,N,N,N,N,N,N,0,N,N,N,N,N,N,N,N,17250,1,1,N,N,N,0,N,N,N,0,0,0,60,Y,90,49283,5000,19880913,18870,99354840000,12.0,,1,,N,N,N,0,0,0,0,0.0,,3255,,N,N,N
005950,KR7005950001,이수화학,ST,3.0,27,8,0,,N,N,0,N,N,N,,N,N,N,N,N,N,N,N,N,0,N,N,N,N,N,N,N,N,6150,1,1,N,N,N,0,N,N,N,0,0,0,100,N,90,24953,5000,19880428,26294,131470845000,12.0,,0,,N,N,Y,4006,0,-116,-138,-29.96,20250331.0,1617,,N,N,N
005960,KR7005960000,동부건설,ST,3.0,18,0,0,,N,N,0,N,N,N,,N,N,N,N,N,N,N,N,N,0,N,N,N,N,N,N,N,N,5930,1,1,N,N,N,0,N,N,N,0,0,0,100,N,90,171842,5000,19781030,22946,114733315000,12.0,,0,,N,N,Y,4162,150,262,167,14.84,20250331.0,1360,365,N,N,N
005965,KR7005961008,동부건설우,ST,0.0,18,0,0,,N,N,0,N,N,N,,N,N,N,N,N,N,N,N,N,0,N,N,N,N,N,N,N,N,19590,1,1,N,N,N,0,N,N,N,0,0,0,100,N,90,208,5000,19900621,225,1128660000,12.0,,1,,N,N,N,0,0,0,0,0.0,,44,,N,N,N
006040,KR7006040000,동원산업,ST,2.0,21,0,0,,N,N,7,N,N,N,,N,N,N,N,N,N,N,N,N,0,N,N,N,N,N,N,N,N,45150,1,1,N,N,N,0,N,N,N,0,0,0,30,Y,90,36171,1000,19890307,44147,44147986000,12.0,,0,,N,N,Y,23193,1248,958,748,9.32,20250331.0,19932,,N,N,N
006060,KR7006060008,화승인더,ST,3.0,16,0,0,,N,N,0,N,N,Y,,N,N,N,N,N,N,N,Y,N,0,N,N,N,N,N,N,N,N,4420,1,1,N,N,N,0,N,N,N,0,0,0,40,Y,90,42517,500,19910204,55320,27660000000,12.0,,0,,N,N,Y,4855,237,103,57,5.82,20250331.0,2445,,N,N,N
006090,KR7006090005,사조오양,ST,3.0,27,5,0,,N,N,0,N,N,N,,N,N,N,N,N,N,N,N,N,0,N,N,N,N,N,N,N,N,9850,1,1,N,N,N,0,N,N,N,0,0,0,100,N,90,6037,5000,19861224,9422,47113695000,12.0,,0,,N,N,Y,4007,209,164,126,5.61,20241231.0,928,,N,N,N
0060H0,KR70060H0002,TIGER 토탈월드스탁액티브,EF,,0,0,0,N,N,,0,N,N,N,2.0,N,N,,,,,N,,,0,,,Y,,,,,,10480,1,1,N,N,N,0,N,N,N,0,0,0,100,N,90,174605,0,20250624,17000,0,12.0,,0,,N,N,N,0,0,0,0,0.0,,1781,,N,N,N
006110,KR7006110001,삼아알미늄,ST,2.0,27,11,0,,N,N,0,N,N,N,,N,N,N,N,N,N,N,N,N,1,N,N,N,N,N,N,N,N,25900,1,1,N,N,N,0,N,N,N,0,0,0,60,Y,90,135541,500,19801205,14711,7355958000,12.0,,0,,N,N,Y,661,-25,-38,-39,-6.47,20250331.0,3810,,N,N,N
006120,KR7006120000,SK디스커버리,ST,2.0,21,0,0,,N,N,0,N,N,Y,,N,N,N,N,N,N,N,Y,N,0,N,N,N,N,N,N,N,N,55300,1,1,N,N,N,0,N,N,N,5,0,0,30,Y,90,10375,5000,19760629,18347,104884875000,12.0,,0,,N,N,Y,24061,1107,893,735,6.56,20250331.0,10146,535,N,N,N
006125,KR7006121008,SK디스커버리우,ST,0.0,21,0,0,,N,N,0,N,N,N,,N,N,N,N,N,N,N,N,N,0,N,N,N,N,N,N,N,N,39500,1,1,N,N,N,0,N,N,N,5,0,0,100,N,90,2541,5000,19891124,1312,6792275000,12.0,,1,,N,N,N,0,0,0,0,0.0,,518,,N,N,N
0061Z0,KR70061Z0009,RISE 단기특수은행채액티브,EF,,0,0,0,N,N,,0,N,N,N,2.0,N,N,,,,,N,,,0,,,Y,,,,,,50185,1,1,N,N,N,0,N,N,N,0,0,0,100,N,90,855,0,20250624,20756,0,12.0,,0,,N,N,N,0,0,0,0,0.0,,10416,,N,N,N
006200,KR7006200000,한국전자홀딩스,ST,3.0,21,0,0,,N,N,0,N,N,N,,N,N,N,N,N,N,N,N,N,0,N,N,N,N,N,N,N,N,752,1,1,N,N,N,0,N,N,N,0,0,0,100,N,90,20407,500,19791130,46803,23401568000,12.0,,0,,N,N,Y,753,-3,7,7,6.19,20250331.0,351,,N,N,N
006220,KR7006220008,제주은행,ST,3.0,21,0,0,,N,N,0,N,N,Y,,N,N,N,N,N,Y,N,N,N,0,N,N,N,N,N,N,N,N,14210,1,1,N,N,N,0,N,N,N,0,0,0,60,Y,90,134963,5000,19721228,37798,188992785000,12.0,,0,,N,N,Y,912,13,32,29,1.97,20250331.0,5371,,N,N,Y
006260,KR7006260004,LS,ST,1.0,21,0,0,,N,N,9,N,N,Y,,Y,Y,N,N,N,N,N,N,N,0,N,N,N,N,Y,N,N,N,170300,1,1,N,N,N,0,N,N,N,0,0,0,40,Y,90,93095,5000,19770630,32200,161000000000,12.0,,0,,N,Y,Y,69136,3105,1949,1411,7.34,20250331.0,54836,FN2,N,N,Y
006280,KR7006280002,녹십자,ST,2.0,27,9,0,,N,N,A,N,N,Y,,N,N,N,N,Y,N,N,N,N,0,N,N,N,N,N,N,N,N,137700,1,1,N,N,N,0,N,N,N,0,0,0,30,Y,90,29093,5000,19890801,11686,58432690000,12.0,,0,,N,Y,Y,3838,80,167,223,9.49,20250331.0,16092,,N,N,Y
006340,KR7006340004,대원전선,ST,3.0,27,13,0,,N,N,0,N,N,N,,N,N,N,N,N,N,N,N,N,0,N,N,N,N,N,N,N,N,3080,1,1,N,N,N,0,N,N,N,0,0,0,100,N,90,2209039,500,19880504,74979,37489587500,12.0,,0,,N,N,Y,1513,83,94,85,16.77,20250331.0,2309,,N,N,N
006345,KR7006341002,대원전선우,ST,0.0,27,13,0,,N,N,0,N,N,N,,N,N,N,N,N,N,N,N,N,0,N,N,N,N,N,N,N,N,3685,1,1,N,N,N,0,N,N,N,0,0,0,100,N,90,33169,500,19890621,2621,1310600000,12.0,,1,,N,N,N,0,0,0,0,0.0,,96,,N,N,N
006360,KR7006360002,GS건설,ST,2.0,18,0,0,,N,N,1,N,N,Y,,N,N,N,N,N,N,N,N,N,0,N,Y,N,N,N,N,N,Y,19540,1,1,N,N,N,0,N,N,N,0,0,0,40,Y,90,355649,5000,19810803,85581,427907450000,12.0,,0,,N,Y,Y,30629,704,425,137,2.55,20250331.0,16722,FN4,N,N,Y
006370,KR7006370001,대구백화점,ST,3.0,16,0,0,,N,N,0,N,N,N,,N,N,N,N,N,N,N,N,N,0,N,N,N,N,N,N,N,N,6150,1,1,N,N,N,0,N,N,N,0,0,0,100,N,90,4997,5000,19881010,10821,54108055000,12.0,,0,,N,N,Y,141,-38,-84,-83,-20.4,20250331.0,665,,N,N,N
006380,KR7006380000,카프로,ST,2.0,27,8,0,,N,N,0,N,N,N,,N,N,N,N,N,N,N,N,N,0,N,N,N,N,N,N,N,N,3660,1,1,Y,N,N,0,N,N,N,0,0,0,100,N,90,0,500,19740528,168999,84499998000,12.0,,0,,N,N,Y,71,-324,338,332,102.36,20241231.0,6185,,N,N,N
006390,KR7006390009,한일현대시멘트,ST,3.0,27,10,0,,N,N,0,N,N,Y,,N,N,N,N,N,N,N,N,N,0,N,Y,N,N,N,N,N,N,20450,1,1,N,N,N,0,N,N,N,0,0,0,40,Y,90,43979,5000,19751226,19327,96638360000,12.0,,0,,N,N,Y,5134,791,689,600,14.6,20241231.0,3952,,N,N,N
006400,KR7006400006,삼성SDI,ST,1.0,27,13,0,,N,N,5,Y,Y,Y,,Y,Y,N,N,N,N,N,N,N,0,N,N,N,N,N,N,N,Y,217000,1,1,N,N,N,0,N,N,N,0,0,0,20,Y,90,467950,5000,19790227,80585,407577650000,12.0,,0,,N,Y,Y,31768,-5435,-3571,-2160,-4.48,20250331.0,174870,511,N,N,Y
006405,KR7006401004,삼성SDI우,ST,0.0,27,13,0,,N,N,0,N,N,N,,N,N,N,N,N,N,N,N,N,0,N,N,N,N,N,N,N,N,138500,1,1,N,N,N,0,N,N,N,0,0,0,50,Y,90,14004,5000,19891124,1617,8239480000,12.0,,1,,N,N,N,0,0,0,0,0.0,,2240,,N,N,N
006490,KR7006490007,인스코비,ST,3.0,20,0,0,,N,N,0,N,N,N,,N,N,N,N,N,N,N,N,N,0,N,N,N,N,N,N,N,N,1190,1,1,N,N,N,0,N,N,N,0,0,0,100,N,90,565271,500,19850117,124501,62250538000,12.0,,0,,N,N,Y,243,-2,-199,-199,-208.85,20250331.0,1481,,N,N,N
0064K0,KR70064K0003,KODEX 금액티브,EF,,0,0,0,N,N,,0,N,N,N,2.0,N,N,,,,,N,,,0,,,Y,,,,,,9895,1,1,N,N,N,0,N,N,N,0,0,0,100,N,90,323210,0,20250617,10300,0,12.0,,0,,N,N,N,0,0,0,0,0.0,,1019,,N,N,N
006570,KR7006570006,대림통상,ST,3.0,27,11,0,,N,N,0,N,N,N,,N,N,N,N,N,N,N,N,N,0,N,N,N,N,N,N,N,N,2850,1,1,N,N,N,0,N,N,N,0,0,0,100,N,90,3144,1000,19751120,15225,16425000000,12.0,,0,,N,N,Y,288,-12,-26,-26,-18.29,20250331.0,433,,N,N,N
0065G0,KR70065G0008,KODEX 차이나테크TOP10,EF,,0,0,0,N,N,,0,N,N,N,2.0,N,N,,,,,N,,,0,,,Y,,,,,,10190,1,1,N,N,N,0,N,N,N,0,0,0,100,N,90,12050,0,20250617,7000,0,12.0,,0,,N,N,N,0,0,0,0,0.0,,713,,N,N,N
006650,KR7006650006,대한유화,ST,2.0,27,8,0,,N,N,4,N,N,Y,,N,N,N,N,N,N,N,Y,N,0,N,N,N,N,N,N,N,N,99500,1,1,N,N,N,0,N,N,N,0,0,0,40,Y,90,16138,5000,19990811,6500,41000000000,12.0,,0,,N,N,Y,7416,-99,34,30,0.66,20250331.0,6467,,N,N,Y
006660,KR7006660005,삼성공조,ST,3.0,27,15,0,,N,N,0,N,N,N,,N,N,N,N,N,N,N,N,N,0,N,N,N,N,N,N,N,N,13820,1,1,N,N,N,0,N,N,N,0,0,0,60,Y,90,12524,500,19871128,8126,4063157000,12.0,,0,,N,N,Y,294,13,9,8,1.25,20250331.0,1123,,N,N,Y
0066W0,KR70066W0007,SOL 국제금,EF,,0,0,0,N,N,,0,N,N,N,2.0,N,N,,,,,N,,,0,,,Y,,,,,,9920,1,1,N,N,N,0,N,N,N,0,0,0,100,N,90,100885,0,20250617,1200,0,12.0,,0,,N,N,N,0,0,0,0,0.0,,119,,N,N,N
006740,KR7006740005,영풍제지,ST,3.0,27,7,0,,N,N,0,N,N,N,,N,N,N,N,N,N,N,N,N,0,N,N,N,N,N,N,N,N,997,1,1,N,N,N,0,N,N,N,0,0,0,100,N,90,103703,500,19960703,55907,29110528000,12.0,,0,,N,N,Y,213,-37,-49,-49,-19.01,20250331.0,557,,N,N,N
0067V0,KR70067V0007,TIGER 차이나글로벌리더스TOP3+,EF,,0,0,0,N,N,,0,N,N,N,2.0,N,N,,,,,N,,,0,,,Y,,,,,,10235,1,1,N,N,N,0,N,N,N,0,0,0,100,N,90,10180,0,20250617,5500,0,12.0,,0,,N,N,N,0,0,0,0,0.0,,562,,N,N,N
0067Y0,KR70067Y0004,TIGER 차이나AI소프트웨어,EF,,0,0,0,N,N,,0,N,N,N,2.0,N,N,,,,,N,,,0,,,Y,,,,,,11110,1,1,N,N,N,0,N,N,N,0,0,0,100,N,90,14473,0,20250617,2000,0,12.0,,0,,N,N,N,0,0,0,0,0.0,,222,,N,N,N
006800,KR7006800007,미래에셋증권,ST,1.0,21,24,0,,N,Y,6,Y,N,Y,,N,N,N,N,N,N,N,N,N,0,N,N,N,Y,N,N,N,Y,18900,1,1,N,N,N,0,N,N,N,0,0,0,20,Y,90,3544745,5000,19750930,570316,3331582040000,12.0,,0,,N,Y,Y,60526,3462,3461,2582,8.53,20250331.0,107789,FB2,N,N,Y
006805,KR7006801005,미래에셋증권우,ST,0.0,21,24,0,,N,N,0,N,N,N,,N,N,N,N,N,N,N,N,N,0,N,N,N,N,N,N,N,N,9000,1,1,N,N,N,0,N,N,N,0,0,0,100,N,90,88327,5000,19890408,14075,70378750000,12.0,,1,,N,N,N,0,0,0,0,0.0,,1266,,N,N,N
00680K,KR700680K019,미래에셋증권2우B,ST,0.0,21,24,0,,N,,0,N,N,N,,N,N,,,,,N,,,0,,,N,,,,,,8500,1,1,N,N,N,0,N,N,N,0,0,0,40,Y,90,538206,5000,20180314,137500,700000000000,12.0,,2,,N,N,N,0,0,0,0,0.0,,11687,,N,N,N
006840,KR7006840003,AK홀딩스,ST,3.0,21,0,0,,N,N,0,N,N,Y,,N,N,N,N,N,N,N,Y,N,0,N,N,N,N,N,N,N,N,11670,1,1,N,N,N,0,N,N,N,0,0,0,100,N,90,2955,5000,19990811,13247,66237805000,12.0,,0,,N,N,Y,9509,-244,-10,-50,2.27,20250331.0,1545,,N,N,N
006880,KR7006880009,신송홀딩스,ST,3.0,16,0,0,,N,N,0,N,N,N,,N,N,N,N,N,N,N,N,N,0,N,N,N,N,N,N,N,N,7850,1,1,N,N,N,0,N,N,N,0,0,0,100,N,90,158500,500,20131121,11828,5914429000,12.0,,0,,N,N,Y,431,25,14,9,3.29,20250331.0,928,,N,N,N
006890,KR7006890008,태경케미컬,ST,3.0,27,8,0,,N,N,0,N,N,N,,N,N,N,N,N,N,N,N,N,0,N,N,N,N,N,N,N,N,10140,1,1,N,N,N,0,N,N,N,0,0,0,60,Y,90,16791,500,20030128,11600,5800000000,12.0,,0,,N,N,Y,158,11,27,22,5.49,20250331.0,1176,,N,N,N
0068M0,KR70068M0007,KODEX 미국S&P500버퍼6월액티브,EF,,0,0,0,N,N,,0,N,N,N,2.0,N,N,,,,,N,,,0,,,Y,,,,,,10465,1,1,N,N,N,0,N,N,N,0,0,0,100,N,90,230942,0,20250624,5000,0,6.0,,0,,N,N,N,0,0,0,0,0.0,,523,,N,N,N
006980,KR7006980007,우성,ST,3.0,27,5,0,,N,N,0,N,N,N,,N,N,N,N,N,N,N,N,N,0,N,N,N,N,N,N,N,N,16360,1,1,N,N,N,0,N,N,N,0,0,0,100,N,90,1588,5000,19881010,3090,15450000000,12.0,,0,,N,N,Y,1393,35,14,8,1.69,20250331.0,505,,N,N,N
0069M0,KR70069M0006,1Q 미국나스닥100,EF,,0,0,0,N,N,,0,N,N,N,2.0,N,N,,,,,N,,,0,,,Y,,,,,,10750,1,1,N,N,N,0,N,N,N,0,0,0,100,N,90,221548,0,20250624,2500,0,12.0,,0,,N,N,N,0,0,0,0,0.0,,268,,N,N,N
007070,KR7007070006,GS리테일,ST,2.0,16,0,0,,N,N,7,N,N,Y,,N,N,N,N,N,N,N,N,N,0,N,N,N,N,N,N,N,N,16390,1,1,N,N,N,0,N,N,N,0,0,0,30,Y,90,103114,1000,20111223,83607,83607415000,12.0,,0,,N,Y,Y,27613,387,121,48,0.84,20250331.0,13703,FN4,N,N,Y
007110,KR7007110000,일신석재,ST,3.0,16,0,0,,N,N,0,N,N,N,,N,N,N,N,N,N,N,N,N,0,N,N,N,N,N,N,N,N,2355,1,1,N,N,N,0,N,N,N,0,0,0,60,Y,90,1232303,500,19860304,77456,38728305000,12.0,,0,,N,N,Y,787,38,22,14,2.45,20241231.0,1824,,N,N,Y
007120,KR7007120009,미래아이앤지,ST,3.0,29,0,0,,N,N,0,N,N,N,,N,N,N,N,N,N,N,N,N,0,N,N,N,N,N,N,N,N,1003,1,1,N,N,N,0,N,N,N,0,0,0,100,N,90,36901,500,19991126,28878,14439304000,12.0,,0,,N,N,Y,117,20,-61,-80,-14.73,20241231.0,289,,N,N,N
007160,KR7007160005,사조산업,ST,3.0,27,5,0,,N,N,0,N,N,N,,N,N,N,N,N,N,N,N,N,0,N,N,N,N,N,N,N,N,46900,1,1,N,N,N,0,N,N,N,0,0,0,60,Y,90,9601,5000,19890725,5000,25000000000,12.0,,0,,N,N,Y,1550,109,173,144,8.85,20250331.0,2345,,N,N,Y
007210,KR7007210008,벽산,ST,3.0,27,10,0,,N,N,0,N,N,Y,,N,N,N,N,N,N,N,N,N,0,N,Y,N,N,N,N,N,N,2335,1,1,N,N,N,0,N,N,N,0,0,0,60,Y,90,323132,500,19720104,66860,34280000000,12.0,,0,,N,N,Y,1348,17,-12,-11,-2.67,20250331.0,1561,,N,N,N
007280,KR7007280001,한국특강,ST,3.0,27,11,0,,N,N,0,N,N,N,,N,N,N,N,N,N,N,N,N,0,N,N,N,N,N,N,N,N,1465,1,1,N,N,N,0,N,N,N,0,0,0,100,N,90,18796,500,19891113,60813,30406655500,12.0,,0,,N,N,Y,7688,106,-20,-29,-1.3,20241231.0,890,,N,N,N
0072R0,KR70072R0006,TIGER KRX금현물,EF,,0,0,0,N,N,,0,N,N,N,2.0,N,N,,,,,N,,,0,,,Y,,,,,,10145,1,1,N,N,N,0,N,N,N,0,0,0,100,N,90,348908,0,20250624,12900,0,12.0,,0,,N,N,N,0,0,0,0,0.0,,1308,,N,N,N
007310,KR7007310006,오뚜기,ST,2.0,27,5,0,,N,N,7,N,N,Y,,N,N,N,N,N,N,N,N,N,0,N,N,N,N,N,N,N,N,401000,1,1,N,N,N,0,N,N,N,0,0,0,30,Y,90,4932,5000,19940812,4007,20039150000,12.0,,0,,N,Y,Y,9208,575,462,332,6.54,20250331.0,16071,,N,N,N
007340,KR7007340003,DN오토모티브,ST,2.0,27,13,0,,N,N,8,N,N,Y,,N,N,Y,N,N,N,N,N,N,0,N,N,N,N,N,N,N,N,25900,1,1,N,N,N,0,N,N,N,0,0,0,30,Y,90,121707,100,19880924,58510,6056496500,12.0,,0,,N,Y,Y,8787,1377,1170,868,17.25,20250331.0,15154,,N,N,Y
0073X0,KR70073X0007,FOCUS 알리바바미국채커버드콜혼합,EF,,0,0,0,N,N,,0,N,N,N,2.0,N,N,,,,,N,,,0,,,Y,,,,,,10360,1,1,N,N,N,0,N,N,N,0,0,0,100,N,90,4902,0,20250701,800,0,12.0,,0,,N,N,N,0,0,0,0,0.0,,82,,N,N,N
007460,KR7007460009,에이프로젠,ST,3.0,27,11,0,,N,N,0,N,N,N,,N,N,N,N,N,N,N,N,N,0,N,N,N,N,N,N,N,N,675,1,1,N,N,N,0,N,N,N,0,0,0,100,N,90,4502059,500,19950708,319267,159633576000,12.0,,0,,N,N,Y,267,-225,-299,-301,-38.49,20250331.0,2155,,N,N,N
0074K0,KR70074K0001,KoAct K수출핵심기업TOP30액티브,EF,,0,0,0,N,N,,0,N,N,N,2.0,N,N,,,,,N,,,0,,,Y,,,,,,11030,1,1,N,N,N,0,N,N,N,0,0,0,100,N,90,647712,0,20250708,7550,0,12.0,,0,,N,N,N,0,0,0,0,0.0,,832,,N,N,N
007540,KR7007540008,샘표,ST,3.0,21,0,0,,N,N,0,N,N,N,,N,N,N,N,N,N,N,N,N,0,N,N,N,N,N,N,N,N,47800,1,1,N,N,N,0,N,N,N,0,0,0,60,Y,90,2460,1000,19760629,2875,2875800000,12.0,,0,,N,N,Y,1006,12,15,15,1.78,20250331.0,1374,,N,N,N
007570,KR7007570005,일양약품,ST,3.0,27,9,0,,N,N,0,N,N,Y,,N,N,N,N,Y,N,N,N,N,0,N,N,N,N,N,N,N,N,13250,1,1,N,N,N,0,N,N,N,0,0,0,50,Y,90,14502,2500,19740828,19085,47714160000,12.0,,0,,N,N,Y,620,34,34,38,5.94,20250331.0,2528,,N,N,Y
007575,KR7007571003,일양약품우,ST,0.0,27,9,0,,Y,N,0,N,N,N,,N,N,N,N,N,N,N,N,N,0,N,N,N,N,N,N,N,N,13160,1,1,N,N,N,0,N,N,N,0,0,0,100,N,90,626,2500,19891221,445,1112700000,12.0,,1,,N,N,N,0,0,0,0,0.0,,58,,N,N,N
007590,KR7007590003,동방아그로,ST,3.0,27,8,0,,N,N,0,N,N,N,,N,N,N,N,N,N,N,N,N,0,N,N,N,N,N,N,N,N,6300,1,1,N,N,N,0,N,N,N,0,0,0,100,N,90,11454,500,19770629,13617,6808788500,12.0,,0,,N,N,Y,1041,192,198,152,35.58,20250331.0,857,,N,N,N
007610,KR7007610009,선도전기,ST,3.0,27,13,0,,N,N,0,N,N,N,,N,N,N,N,N,N,N,N,N,0,N,N,N,N,N,N,N,N,3000,1,1,Y,N,N,0,N,N,N,0,0,0,100,N,90,0,500,19891130,18000,9000000000,12.0,,0,,N,N,Y,73,-12,-30,-30,-41.6,20250331.0,540,,N,N,N
007660,KR7007660004,이수페타시스,ST,2.0,27,13,0,,N,N,0,N,N,Y,,N,N,N,N,N,N,N,N,N,0,N,N,N,N,N,N,N,N,64300,1,1,N,N,N,0,N,N,N,0,0,0,60,Y,90,710694,1000,20031007,73409,73409219000,12.0,,0,,N,Y,Y,2525,477,465,383,44.8,20250331.0,47202,,N,N,Y
007690,KR7007690001,국도화학,ST,3.0,27,8,0,,N,N,0,N,N,Y,,N,N,N,N,N,N,N,Y,N,0,N,N,N,N,N,N,N,N,36400,1,1,N,N,N,0,N,N,N,0,0,0,40,Y,90,48117,5000,19890805,9260,46304160000,12.0,,0,,N,N,Y,3191,129,93,58,2.71,20250331.0,3370,,N,N,N
007700,KR7007700008,F&F홀딩스,ST,3.0,21,0,0,,N,N,0,N,N,N,,N,N,N,N,N,N,N,N,N,0,N,N,N,N,N,N,N,N,18370,1,1,N,N,N,0,N,N,N,0,0,0,100,N,90,22049,500,19841004,39114,19557183500,12.0,,0,,N,N,Y,5057,1156,1048,756,4.87,20250331.0,7185,,N,N,N
007810,KR7007810005,코리아써키트,ST,3.0,27,13,0,,N,N,0,N,N,N,,N,N,N,N,N,N,N,N,N,0,N,N,N,N,N,N,N,N,11550,1,1,N,N,N,0,N,N,N,0,0,0,60,Y,90,28072,500,19850909,23620,11810375500,12.0,,0,,N,N,Y,3546,-17,43,-22,1.23,20250331.0,2728,632,N,N,Y
007815,KR7007811003,코리아써우,ST,0.0,27,13,0,,N,N,0,N,N,N,,N,N,N,N,N,N,N,N,N,0,N,N,N,N,N,N,N,N,6130,1,1,N,N,N,0,N,N,N,0,0,0,100,N,90,76,500,19890704,2964,1482345000,12.0,,1,,N,N,N,0,0,0,0,0.0,,181,,N,N,N
00781K,KR700781K015,코리아써키트2우B,ST,0.0,27,13,0,,Y,N,0,N,N,N,,N,N,N,N,N,N,N,N,N,0,N,N,N,N,N,N,N,N,5970,1,1,N,N,N,0,N,N,N,0,0,0,100,N,90,423,500,20130617,783,391849500,12.0,,9,,N,N,N,0,0,0,0,0.0,,46,,N,N,N
007860,KR7007860000,서연,ST,3.0,21,0,0,,N,N,0,N,N,N,,N,N,N,N,N,N,N,N,N,0,N,N,N,N,N,N,N,N,9450,1,1,N,N,N,0,N,N,N,0,0,0,50,Y,90,59505,500,19890909,23479,11739922000,12.0,,0,,N,N,Y,11665,536,437,252,6.53,20250331.0,2218,,N,N,Y
0078V0,KR70078V0004,PLUS 미국로보택시,EF,,0,0,0,N,N,,0,N,N,N,2.0,N,N,,,,,N,,,0,,,Y,,,,,,9865,1,1,N,N,N,0,N,N,N,0,0,0,100,N,90,209071,0,20250722,800,0,12.0,,0,,N,N,N,0,0,0,0,0.0,,78,,N,N,N
007980,KR7007980006,TP,ST,3.0,27,6,0,,N,N,0,N,N,N,,N,N,N,N,N,N,N,N,N,0,N,N,N,N,N,N,N,N,1516,1,1,N,N,N,0,N,N,N,0,0,0,100,N,90,1165215,500,19941227,51175,26468642500,12.0,,0,,N,N,Y,2572,152,113,86,14.26,20250331.0,775,,N,N,N
0079X0,KR70079X0001,ACE BYD밸류체인액티브,EF,,0,0,0,N,N,,0,N,N,N,2.0,N,N,,,,,N,,,0,,,Y,,,,,,10320,1,1,N,N,N,0,N,N,N,0,0,0,100,N,90,292948,0,20250715,1400,0,12.0,,0,,N,N,N,0,0,0,0,0.0,,144,,N,N,N
008040,KR7008040008,사조동아원,ST,3.0,27,5,0,,N,N,0,N,N,N,,N,N,N,N,N,N,N,N,N,0,N,N,N,N,N,N,N,N,1097,1,1,N,N,N,0,N,N,N,0,0,0,60,Y,90,122606,500,19890624,141144,70572300000,12.0,,0,,N,N,Y,6781,500,341,243,9.45,20241231.0,1548,,N,N,N
008060,KR7008060006,대덕,ST,3.0,21,0,0,,N,N,0,N,N,N,,N,N,N,N,N,N,N,N,N,0,N,N,N,N,N,N,N,N,8240,1,1,N,N,N,0,N,N,N,0,0,0,40,Y,90,42616,500,19890126,33890,16945075000,12.0,,0,,N,N,Y,3008,-176,-131,-112,-1.04,20250331.0,2792,,N,N,N
00806K,KR700806K010,대덕1우,ST,0.0,21,0,0,,N,,0,N,N,N,,N,N,,,,,N,,,0,,,N,,,,,,8470,1,1,N,N,N,0,N,N,N,0,0,0,100,N,90,3094,500,20181219,1212,606178500,12.0,,9,,N,N,N,0,0,0,0,0.0,,102,,N,N,N
0080G0,KR70080G0009,KODEX K방산TOP10,EF,,0,0,0,N,N,,0,N,N,N,2.0,N,N,,,,,N,,,0,,,Y,,,,,,10455,1,1,N,N,N,0,N,N,N,0,0,0,100,N,90,772344,0,20250715,16000,0,12.0,,0,,N,N,N,0,0,0,0,0.0,,1672,,N,N,N
0080X0,KR70080X0008,SOL 미국S&P500미국채혼합50,EF,,0,0,0,N,N,,0,N,N,N,2.0,N,N,,,,,N,,,0,,,Y,,,,,,10175,1,1,N,N,N,0,N,N,N,0,0,0,100,N,90,128558,0,20250715,1200,0,12.0,,0,,N,N,N,0,0,0,0,0.0,,122,,N,N,N
0080Y0,KR70080Y0007,SOL 조선TOP3플러스레버리지,EF,,0,0,0,N,N,,0,N,N,N,2.0,N,N,,,,,N,,,0,,,N,,,,,,15470,1,1,N,N,N,0,N,N,N,0,0,0,100,N,90,793175,0,20250715,10000,0,12.0,,0,,N,N,N,0,0,0,0,0.0,,1547,,N,N,N
008110,KR7008110009,대동전자,ST,3.0,27,13,0,,N,N,0,N,N,N,,N,N,N,N,N,N,N,N,N,0,N,N,N,N,N,N,N,N,15040,1,1,Y,N,Y,0,N,N,N,0,0,0,100,N,90,0,500,19900605,10490,5245223500,3.0,,0,,N,N,Y,301,68,173,126,4.92,20250331.0,1577,,N,N,N
008250,KR7008250003,이건산업,ST,3.0,27,7,0,,N,N,0,N,N,N,,N,N,N,N,N,N,N,N,N,0,N,N,N,N,N,N,N,N,5220,1,1,N,N,N,0,N,N,N,0,0,0,100,N,90,14951,5000,19881021,10952,54763175000,12.0,,0,,N,N,Y,775,9,-12,-12,-2.3,20250331.0,571,,N,N,N
008260,KR7008260002,NI스틸,ST,3.0,27,11,0,,N,N,0,N,N,N,,N,N,N,N,N,N,N,N,N,0,N,N,N,N,N,N,N,N,3635,1,1,N,N,N,0,N,N,N,0,0,0,100,N,90,23282,500,19750628,28600,14300058500,12.0,,0,,N,N,Y,2753,371,331,257,10.53,20241231.0,1039,,N,N,N
0082F0,KR70082F0008,HANARO 유럽방산,EF,,0,0,0,N,N,,0,N,N,N,2.0,N,N,,,,,N,,,0,,,Y,,,,,,10270,1,1,N,N,N,0,N,N,N,0,0,0,100,N,90,272266,0,20250729,800,0,12.0,,0,,N,N,N,0,0,0,0,0.0,,82,,N,N,N
0082V0,KR70082V0008,KODEX TDF2060액티브,EF,,0,0,0,N,N,,0,N,N,N,2.0,N,N,,,,,N,,,0,,,Y,,,,,,10050,1,1,N,N,N,0,N,N,N,0,0,0,100,N,90,58613,0,20250722,2000,0,12.0,,0,,N,N,N,0,0,0,0,0.0,,201,,N,N,N
008350,KR7008350001,남선알미늄,ST,3.0,27,11,0,,N,N,0,N,N,N,,N,N,N,N,N,N,N,N,N,0,N,N,N,N,N,N,N,N,1176,1,1,N,N,N,0,N,N,N,0,0,0,100,N,90,449119,500,19780522,129079,64539545000,12.0,,0,,N,N,Y,637,5,75,66,8.73,20250331.0,1517,LB8,N,N,N
008355,KR7008351009,남선알미우,ST,0.0,27,11,0,,N,N,0,N,N,N,,N,N,N,N,N,N,N,N,N,0,N,N,N,N,N,N,N,N,12940,1,1,N,N,N,0,N,N,N,0,0,0,100,N,90,490,500,19891223,307,153945000,12.0,,1,,N,N,N,0,0,0,0,0.0,,39,,N,N,N
0083S0,KR70083S0002,1Q 미국메디컬AI,EF,,0,0,0,N,N,,0,N,N,N,2.0,N,N,,,,,N,,,0,,,Y,,,,,,9650,1,1,N,N,N,0,N,N,N,0,0,0,100,N,90,384742,0,20250722,2500,0,12.0,,0,,N,N,N,0,0,0,0,0.0,,241,,N,N,N
008420,KR7008420002,문배철강,ST,3.0,27,11,0,,N,N,0,N,N,N,,N,N,N,N,N,N,N,N,N,0,N,N,N,N,N,N,N,N,2320,1,1,N,N,N,0,N,N,N,0,0,0,100,N,90,26820,500,19941105,20503,10251752500,12.0,,0,,N,N,Y,1402,-21,59,66,3.58,20241231.0,475,,N,N,N
008490,KR7008490005,서흥,ST,3.0,27,8,0,,N,N,0,N,N,N,,N,N,N,N,N,N,N,N,N,0,N,N,N,N,N,N,N,N,18330,1,1,N,N,N,0,N,N,N,0,0,0,50,Y,90,11528,500,19900327,11569,6084556500,12.0,,0,,N,N,Y,1808,116,91,66,5.2,20250331.0,2120,,N,N,N
0084D0,KR70084D0008,KIWOOM 미국테크100월간목표헤지액티브,EF,,0,0,0,N,N,,0,N,N,N,2.0,N,N,,,,,N,,,0,,,Y,,,,,,9930,1,1,N,N,N,0,N,N,N,0,0,0,100,N,90,433587,0,20250722,1100,0,12.0,,0,,N,N,N,0,0,0,0,0.0,,109,,N,N,N
008500,KR7008500001,일정실업,ST,3.0,27,6,0,,N,N,0,N,N,N,,N,N,N,N,N,N,N,N,N,0,N,N,N,N,N,N,N,N,13020,1,1,N,N,N,0,N,N,N,0,0,0,100,N,90,470568,5000,19940812,1200,6000000000,12.0,,0,,N,N,Y,100,12,12,121,397.89,20250331.0,156,,N,N,N
0085N0,KR70085N0005,ACE 미국10년국채액티브(H),EF,,0,0,0,N,N,,0,N,N,N,2.0,N,N,,,,,N,,,0,,,Y,,,,,,10140,1,1,N,N,N,0,N,N,N,0,0,0,100,N,90,200454,0,20250722,800,0,12.0,,0,,N,N,N,0,0,0,0,0.0,,81,,N,N,N
0085P0,KR70085P0003,ACE 미국10년국채액티브,EF,,0,0,0,N,N,,0,N,N,N,2.0,N,N,,,,,N,,,0,,,Y,,,,,,10135,1,1,N,N,N,0,N,N,N,0,0,0,100,N,90,210000,0,20250722,800,0,12.0,,0,,N,N,N,0,0,0,0,0.0,,81,,N,N,N
008600,KR7008600009,윌비스,ST,3.0,16,0,0,,N,N,0,N,N,N,,N,N,N,N,N,N,N,N,N,0,N,N,N,N,N,N,N,N,397,1,1,N,N,N,0,N,N,N,0,0,0,100,N,90,203715,1000,19890728,67236,72882179000,12.0,,0,,N,N,Y,487,-6,-36,-36,-16.64,20250331.0,266,,N,N,N
0086B0,KR70086B0008,TIGER 리츠부동산인프라TOP10액티브,EF,,0,0,0,N,N,,0,N,N,N,2.0,N,N,,,,,N,,,0,,,Y,,,,,,10210,1,1,N,N,N,0,N,N,N,0,0,0,100,N,90,520103,0,20250729,10000,0,12.0,,0,,N,N,N,0,0,0,0,0.0,,1021,,N,N,N
0086C0,KR70086C0007,TIGER 리츠부동산인프라10채권혼합액티브,EF,,0,0,0,N,N,,0,N,N,N,2.0,N,N,,,,,N,,,0,,,Y,,,,,,10090,1,1,N,N,N,0,N,N,N,0,0,0,100,N,90,455598,0,20250729,1500,0,12.0,,0,,N,N,N,0,0,0,0,0.0,,151,,N,N,N
008700,KR7008700007,아남전자,ST,3.0,27,13,0,,N,N,0,N,N,N,,N,N,N,N,N,N,N,N,N,0,N,N,N,N,N,N,N,N,1426,1,1,N,N,N,0,N,N,N,0,0,0,60,Y,90,178900,500,19840811,77124,38562410000,12.0,,0,,N,N,Y,516,20,24,21,6.26,20250331.0,1099,,N,N,Y
008730,KR7008730004,율촌화학,ST,2.0,27,8,0,,N,N,3,N,N,Y,,N,N,N,N,N,N,N,N,N,0,N,N,N,N,N,N,N,N,35300,1,1,N,N,N,0,N,N,N,0,0,0,100,N,90,118543,500,19880830,24800,14776380000,12.0,,0,,N,Y,Y,1328,102,94,86,11.8,20250331.0,8754,,N,N,N
008770,KR7008770000,호텔신라,ST,2.0,16,0,0,,N,N,8,N,N,Y,,N,N,N,N,N,N,N,N,N,0,N,N,N,N,N,N,N,N,50100,1,1,N,N,N,0,N,N,N,0,0,0,60,Y,90,235755,5000,19910312,39248,196240605000,12.0,,0,,N,Y,Y,9718,-25,-43,-62,-1.93,20250331.0,19663,511,N,N,Y
008775,KR7008771008,호텔신라우,ST,0.0,16,0,0,,N,N,0,N,N,N,,N,N,N,N,N,N,N,N,N,0,N,N,N,N,N,N,N,N,45150,1,1,N,N,N,0,N,N,N,0,0,0,100,N,90,1894,5000,19910809,751,3759395000,12.0,,1,,N,N,N,0,0,0,0,0.0,,339,,N,N,N
0087F0,KR70087F0003,ACE 차이나AI빅테크TOP2+액티브,EF,,0,0,0,N,N,,0,N,N,N,2.0,N,N,,,,,N,,,0,,,Y,,,,,,9775,1,1,N,N,N,0,N,N,N,0,0,0,100,N,90,112992,0,20250729,800,0,12.0,,0,,N,N,N,0,0,0,0,0.0,,78,,N,N,N
008870,KR7008870008,금비,ST,3.0,27,10,0,,N,N,0,N,N,N,,N,N,N,N,N,N,N,N,N,0,N,N,N,N,N,N,N,N,57800,1,1,N,N,N,0,N,N,N,0,0,0,100,N,90,482,5000,19900608,1000,5000000000,9.0,,0,,N,N,Y,1262,9,4,13,0.89,20250331.0,578,,N,N,N
008930,KR7008930000,한미사이언스,ST,2.0,21,0,0,,N,N,A,N,N,Y,,N,N,N,N,Y,N,N,N,N,0,N,N,N,N,N,N,N,N,43750,1,1,N,N,N,0,N,N,N,0,0,0,30,Y,90,307961,500,19880620,68391,34978470000,12.0,,0,,N,Y,Y,3520,271,267,244,11.86,20250331.0,29921,,N,N,Y
008970,KR7008970006,동양철관,ST,3.0,27,11,0,,N,N,0,N,N,N,,N,N,N,N,N,N,N,N,N,0,N,N,N,N,N,N,N,N,1607,1,1,N,N,N,0,N,N,N,0,0,0,60,Y,90,9768143,500,19770305,159801,79900907500,12.0,,0,,N,N,Y,437,0,-12,-12,-4.46,20250331.0,2568,,N,N,N
009070,KR7009070004,KCTC,ST,3.0,19,0,0,,N,N,0,N,N,N,,N,N,N,N,N,N,N,N,N,0,N,N,N,N,N,N,N,N,5460,1,1,N,N,N,0,N,N,N,0,0,0,60,Y,90,2170981,500,19780929,30000,15000000000,12.0,,0,,N,N,Y,2219,67,44,36,5.48,20250331.0,1638,,N,N,Y
009140,KR7009140005,경인전자,ST,3.0,27,13,0,,N,N,0,N,N,N,,N,N,N,N,N,N,N,N,N,0,N,N,N,N,N,N,N,N,20300,1,1,N,N,N,0,N,N,N,0,0,0,100,N,90,2452,5000,19890620,1570,7853985000,12.0,,0,,N,N,Y,75,1,-4,-6,-3.25,20250331.0,318,,N,N,N
009150,KR7009150004,삼성전기,ST,1.0,27,13,0,,N,Y,5,Y,Y,Y,,Y,Y,N,N,N,N,N,N,N,0,N,N,N,N,N,N,N,Y,155300,1,1,N,N,N,0,N,N,N,0,0,0,20,Y,90,645193,5000,19790227,74693,373468480000,12.0,,0,,N,Y,Y,27386,2005,1738,1416,6.08,20250331.0,115999,511,N,N,Y
009155,KR7009151002,삼성전기우,ST,0.0,27,13,0,,N,N,0,N,N,N,,N,N,N,N,N,N,N,N,N,0,N,N,N,N,N,N,N,N,70500,1,1,N,N,N,0,N,N,N,0,0,0,60,Y,90,23999,5000,19891010,2906,14534920000,12.0,,1,,N,N,N,0,0,0,0,0.0,,2049,,N,N,N
009160,KR7009160003,SIMPAC,ST,3.0,27,11,0,,N,N,0,N,N,N,,N,N,N,N,N,N,N,N,N,0,N,N,N,N,N,N,N,N,5130,1,1,N,N,N,0,N,N,N,0,0,0,60,Y,90,73184,500,19890729,65429,32714758000,12.0,,0,,N,N,Y,2302,76,32,39,2.57,20250331.0,3356,,N,N,N
009180,KR7009180001,한솔로지스틱스,ST,3.0,19,0,0,,N,N,0,N,N,N,,N,N,N,N,N,N,N,N,N,0,N,N,N,N,N,N,N,N,3035,1,1,N,N,N,0,N,N,N,0,0,0,100,N,90,37899,500,19891113,28155,14680141000,12.0,,0,,N,N,Y,1741,57,55,43,13.26,20250331.0,854,,N,N,N
009190,KR7009190000,대양금속,ST,3.0,27,11,0,,N,N,0,N,N,N,,N,N,N,N,N,N,N,N,N,0,N,N,N,N,N,N,N,N,1630,1,1,N,N,N,0,N,N,N,0,0,0,100,N,90,167222,500,19940429,43192,21596312500,12.0,,0,,N,N,Y,2156,19,-151,-153,-16.25,20241231.0,704,,N,N,N
009200,KR7009200007,무림페이퍼,ST,3.0,27,7,0,,N,N,0,N,N,N,,N,N,N,N,N,N,N,N,N,0,N,N,N,N,N,N,N,N,2160,1,1,N,N,N,0,N,N,N,0,0,0,100,N,90,63515,2500,19900609,41609,104023275000,12.0,,0,,N,N,Y,3191,51,-26,-15,1.6,20250331.0,898,,N,N,N
009240,KR7009240003,한샘,ST,2.0,16,0,0,,N,N,8,N,N,Y,,N,N,N,N,N,N,N,N,N,0,N,N,N,N,N,N,N,N,45650,1,1,N,N,N,0,N,N,N,0,0,0,60,Y,90,23800,1000,20020716,23533,23533928000,12.0,,0,,N,Y,Y,4434,64,112,96,10.8,20250331.0,10743,,N,N,Y
009270,KR7009270000,신원,ST,3.0,27,6,0,,N,N,0,N,N,N,,N,N,N,N,N,N,N,N,N,0,N,N,N,N,N,N,N,N,1732,1,1,N,N,N,0,N,N,N,0,0,0,60,Y,90,1514089,500,19880824,110625,56579916000,12.0,,0,,N,N,Y,2595,62,-6,-16,-2.34,20250331.0,1916,,N,N,Y
009290,KR7009290008,광동제약,ST,3.0,27,9,0,,N,N,0,N,N,Y,,N,N,N,N,Y,N,N,N,N,0,N,N,N,N,N,N,N,N,6100,1,1,N,N,N,0,N,N,N,0,0,0,40,Y,90,48855,1000,19891117,52420,52420851000,12.0,,0,,N,N,Y,3776,33,52,41,2.59,20250331.0,3197,,N,N,N
009310,KR7009310004,참엔지니어링,ST,3.0,27,12,0,,N,N,0,N,N,N,,N,N,N,N,N,N,N,N,N,0,N,N,N,N,N,N,N,N,1304,1,1,N,N,N,0,N,N,N,0,0,0,100,N,90,28906,500,19871112,16973,8911740000,12.0,,0,,N,N,Y,101,-88,-90,-72,-44.88,20250331.0,221,,N,N,N
009320,KR7009320003,아진전자부품,ST,3.0,27,15,0,,N,N,0,N,N,N,,N,N,N,N,N,N,N,N,N,0,N,N,N,N,N,N,N,N,1000,1,1,N,N,N,0,N,N,N,0,0,0,100,N,90,39101,500,19890825,49299,24649885000,12.0,,0,,N,N,Y,334,6,6,6,8.05,20250331.0,492,,N,N,N
009410,KR7009410002,태영건설,ST,2.0,18,0,0,,N,N,0,N,N,Y,,N,N,N,N,N,N,N,N,N,0,N,Y,N,N,N,N,N,N,2195,1,1,N,N,N,0,N,N,N,0,0,0,100,N,90,111916,500,19891113,294467,147233937000,12.0,,0,,N,N,Y,6354,155,-334,-385,-29.47,20250331.0,6463,,N,N,N
009415,KR7009411000,태영건설우,ST,0.0,18,0,0,,N,N,0,N,N,N,,N,N,N,N,N,N,N,N,N,3,N,N,N,N,N,N,N,N,5770,1,1,N,N,N,0,N,N,N,0,0,0,100,N,90,970,500,19941122,649,324987000,12.0,,1,,N,N,N,0,0,0,0,0.0,,37,,N,N,N
009420,KR7009420001,한올바이오파마,ST,2.0,27,9,0,,N,N,A,N,N,Y,,N,N,N,N,Y,N,N,N,N,0,N,N,N,N,N,N,N,N,27600,1,1,N,N,N,0,N,N,N,0,0,0,60,Y,90,164983,500,19891218,52240,26120319000,12.0,,0,,N,Y,Y,362,-4,-4,-2,-0.51,20250331.0,14418,,N,N,Y
009440,KR7009440009,KC그린홀딩스,ST,3.0,21,0,0,,N,N,0,N,N,N,,N,N,N,N,N,N,N,N,N,0,N,N,N,N,N,N,N,N,756,1,1,Y,N,Y,0,N,N,N,0,0,0,100,N,90,0,500,19941105,23239,11619570500,12.0,,0,,N,N,Y,258,-14,9,-10,-1.88,20250331.0,175,,N,N,N
009450,KR7009450008,경동나비엔,ST,2.0,27,13,0,,N,N,0,N,N,Y,,N,N,N,N,N,N,N,N,N,0,N,Y,N,N,N,N,N,N,92500,1,1,N,N,N,0,N,N,N,0,0,0,40,Y,90,53531,1000,19930831,14568,14568592000,12.0,,0,,N,Y,Y,3652,394,509,377,21.29,20250331.0,13475,,N,N,Y
009460,KR7009460007,한창제지,ST,3.0,27,7,0,,N,N,0,N,N,N,,N,N,N,N,N,N,N,N,N,0,N,N,N,N,N,N,N,N,676,1,1,N,N,N,0,N,N,N,0,0,0,100,N,90,53996,500,19871223,59667,29833743000,12.0,,0,,N,N,Y,2943,11,-66,26,2.85,20241231.0,403,,N,N,N
009470,KR7009470006,삼화전기,ST,3.0,27,13,0,,N,N,0,N,N,N,,N,N,N,N,N,N,N,N,N,0,N,N,N,N,N,N,N,N,27150,1,1,N,N,N,0,N,N,N,0,0,0,60,Y,90,19731,1000,19861124,6613,6613820000,12.0,,0,,N,N,Y,617,57,15,12,4.4,20250331.0,1795,,N,N,Y
009540,KR7009540006,HD한국조선해양,ST,1.0,21,0,0,,N,N,2,Y,Y,Y,,Y,Y,N,N,N,N,N,N,N,0,N,N,N,N,Y,N,N,Y,364000,1,1,N,N,N,0,N,N,N,0,0,0,20,Y,90,259675,5000,19990824,70773,353865580000,12.0,,0,,N,Y,Y,67717,8592,7992,6116,17.64,20250331.0,257614,IC5,N,N,Y
009580,KR7009580002,무림P&P,ST,3.0,27,7,0,,N,N,0,N,N,N,,N,N,N,N,N,N,N,N,N,0,N,N,N,N,N,N,N,N,2770,1,1,N,N,N,0,N,N,N,0,0,0,60,Y,90,21803,2500,19890620,62368,155920810000,12.0,,0,,N,N,Y,1730,-89,-122,-87,-5.46,20250331.0,1727,,N,N,N
009680,KR7009680000,모토닉,ST,3.0,27,15,0,,N,N,0,N,N,N,,N,N,N,N,N,N,N,N,N,0,N,N,N,N,N,N,N,N,10560,1,1,N,N,N,0,N,N,N,0,0,0,40,Y,90,38543,500,19940114,28050,16500000000,12.0,,0,,N,N,Y,714,46,84,72,6.2,20250331.0,2962,,N,N,N
009770,KR7009770009,삼정펄프,ST,3.0,27,7,0,,N,N,0,N,N,N,,N,N,N,N,N,N,N,N,N,0,N,N,N,N,N,N,N,N,28850,1,1,N,N,N,0,N,N,N,0,0,0,100,N,90,546,5000,20061017,2499,12499855000,12.0,,0,,N,N,Y,1639,49,473,380,15.76,20241231.0,721,,N,N,N
009810,KR7009810003,플레이그램,ST,3.0,16,0,0,,N,N,0,N,N,N,,N,N,N,N,N,N,N,N,N,0,N,N,N,N,N,N,N,N,354,1,1,N,N,N,0,N,N,N,0,0,0,100,N,90,202677,100,19880831,151887,15188750000,12.0,,0,,N,N,Y,673,-14,-32,5,8.84,20250331.0,537,,N,N,N
009830,KR7009830001,한화솔루션,ST,1.0,27,8,0,,N,N,4,Y,N,Y,,Y,Y,N,N,N,N,N,Y,N,0,N,N,N,N,N,N,N,N,30200,1,1,N,N,N,0,N,N,N,0,0,0,60,Y,90,1363395,5000,19740619,171892,875692165000,12.0,,0,,N,Y,Y,30945,303,-681,-302,-1.9,20250331.0,51911,913,N,N,Y
009835,KR7009831009,한화솔루션우,ST,0.0,27,8,0,,N,N,0,N,N,N,,N,N,N,N,N,N,N,N,N,0,N,N,N,N,N,N,N,N,23950,1,1,N,N,N,0,N,N,N,0,0,0,100,N,90,18837,5000,19891121,2575,12876745000,12.0,,1,,N,N,N,0,0,0,0,0.0,,616,,N,N,N
009900,KR7009900002,명신산업,ST,2.0,27,15,0,,N,,0,N,N,N,,N,N,,,,,N,,,0,,,N,,,,,,8490,1,1,N,N,N,0,N,N,N,0,0,0,40,Y,90,79644,500,20201207,52470,26235066500,12.0,,0,,N,N,Y,3596,301,286,167,9.54,20250331.0,4454,,N,N,Y
009970,KR7009970005,영원무역홀딩스,ST,2.0,21,0,0,,N,N,8,N,N,Y,,N,N,N,N,N,N,N,N,N,0,N,N,N,N,N,N,N,N,135900,1,1,N,N,N,0,N,N,N,0,0,0,30,Y,90,18439,500,19881107,13499,6817796000,12.0,,0,,N,Y,Y,10057,1325,1515,1087,10.22,20250331.0,18345,,N,N,N
010040,KR7010040004,한국내화,ST,3.0,27,10,0,,N,N,0,N,N,N,,N,N,N,N,N,N,N,N,N,0,N,N,N,N,N,N,N,N,2295,1,1,N,N,N,0,N,N,N,0,0,0,100,N,90,18432,500,20001016,41067,20533531000,12.0,,0,,N,N,Y,1044,-14,-8,-10,-2.18,20250331.0,942,,N,N,N
010060,KR7010060002,OCI홀딩스,ST,2.0,21,0,0,,N,N,4,N,N,Y,,N,N,N,N,N,N,N,Y,N,0,N,N,N,N,N,N,N,Y,96800,1,1,N,N,N,0,N,N,N,0,0,0,60,Y,90,104652,5000,19850709,18814,106852180000,12.0,,0,,N,Y,Y,9481,487,288,-149,-0.22,20250331.0,18212,378,N,N,Y
010100,KR7010100006,한국무브넥스,ST,3.0,27,15,0,,N,N,0,N,N,N,,N,N,N,N,N,N,N,N,N,0,N,N,N,N,N,N,N,N,4215,1,1,N,N,N,0,N,N,N,0,0,0,100,N,90,127509,1000,19871002,30450,30450420000,12.0,,0,,N,N,Y,4300,177,159,132,13.92,20250331.0,1283,,N,N,N
010120,KR7010120004,LS ELECTRIC,ST,1.0,27,13,0,,N,N,9,Y,N,Y,,Y,Y,N,N,N,N,N,N,N,0,N,N,N,N,Y,N,N,N,325500,1,1,N,N,N,0,N,N,N,0,0,0,20,Y,90,160661,5000,19940711,30000,150000000000,12.0,,0,,N,Y,Y,10321,873,835,674,15.22,20250331.0,97650,FN2,N,N,Y
010130,KR7010130003,고려아연,ST,1.0,27,11,0,,N,N,3,Y,Y,Y,,Y,Y,N,N,N,N,N,N,Y,0,N,N,N,N,N,N,N,Y,815000,1,1,N,N,N,0,N,N,N,0,0,0,40,Y,90,45731,5000,19900728,20023,104542940000,12.0,,0,,N,Y,Y,38328,2711,2387,1625,8.83,20250331.0,163189,632,N,N,N
010140,KR7010140002,삼성중공업,ST,1.0,27,15,0,,N,N,2,Y,N,Y,,Y,Y,N,N,N,N,N,N,N,0,N,N,N,N,Y,N,N,Y,19590,1,1,N,N,N,0,N,N,N,0,0,0,20,Y,90,5319173,1000,19940128,880000,880000000000,12.0,,0,,N,Y,Y,24943,1231,909,901,9.63,20250331.0,172392,511,N,N,Y
010400,KR7010400000,우진아이엔에스,ST,3.0,18,0,0,,N,,0,N,N,N,,N,N,,,,,N,,,0,,,N,,,,,,2435,1,1,N,N,N,0,N,N,N,0,0,0,100,N,90,21376,500,20180914,7622,3811000000,12.0,,0,,N,N,Y,302,-40,-31,-31,-17.27,20250331.0,185,,N,N,N
010420,KR7010420008,한솔PNS,ST,3.0,16,0,0,,N,N,0,N,N,N,,N,N,N,N,N,N,N,N,N,0,N,N,N,N,N,N,N,N,1877,1,1,N,N,N,0,N,N,N,0,0,0,100,N,90,1531,500,19890531,20493,10246506000,12.0,,0,,N,N,Y,721,4,5,8,8.73,20250331.0,384,,N,N,N
010580,KR7010580009,에스엠벡셀,ST,3.0,27,15,0,,N,N,0,N,N,N,,N,N,N,N,N,N,N,N,N,0,N,N,N,N,N,N,N,N,1503,1,1,N,N,N,0,N,N,N,0,0,0,100,N,90,52073,500,19941227,111251,55625880000,12.0,,0,,N,N,Y,1725,52,10,11,1.67,20241231.0,1672,LB8,N,N,N
010600,KR7010600005,웰바이오텍,ST,3.0,16,0,0,,N,N,0,N,N,N,,N,N,N,N,N,N,N,N,N,0,N,N,N,N,N,N,N,N,545,1,1,Y,N,Y,0,N,N,N,0,0,0,100,N,90,0,500,19970718,90923,45461703500,12.0,,0,,N,N,Y,216,3,-4,-6,-11.82,20250331.0,495,,N,N,N
010620,KR7010620003,HD현대미포,ST,1.0,27,15,0,,N,N,2,N,N,Y,,N,Y,N,N,N,N,N,N,N,0,N,N,N,N,Y,N,N,N,199700,1,1,N,N,N,0,N,N,N,0,0,0,30,Y,90,288393,5000,19831220,39942,199710745000,12.0,,0,,N,Y,Y,11838,685,598,517,9.52,20250331.0,79764,IC5,N,N,Y
010640,KR7010640001,진양폴리,ST,3.0,27,8,0,,N,N,0,N,N,N,,N,N,N,N,N,N,N,N,N,0,N,N,N,N,N,N,N,N,3995,1,1,N,N,N,0,N,N,N,0,0,0,100,N,90,20701,500,19890930,10000,5000000000,12.0,,0,,N,N,Y,540,40,40,32,9.74,20241231.0,399,,N,N,N
010660,KR7010660009,화천기계,ST,3.0,27,12,0,,N,N,0,N,N,N,,N,N,N,N,N,N,N,N,N,0,N,N,N,N,N,N,N,N,5170,1,1,N,N,N,0,N,N,N,0,0,0,100,N,90,5221567,500,19881212,22000,11000000000,12.0,,0,,N,N,Y,2324,20,66,59,4.28,20241231.0,1137,,N,N,N
010690,KR7010690006,화신,ST,3.0,27,15,0,,N,N,0,N,N,N,,N,N,N,N,N,N,N,N,N,0,N,N,N,N,N,N,N,N,8730,1,1,N,N,N,0,N,N,N,0,0,0,60,Y,90,225446,500,19940114,34920,17460205000,12.0,,0,,N,N,Y,4735,305,346,291,22.05,20250331.0,3048,,N,N,Y
010770,KR7010770006,평화홀딩스,ST,3.0,27,15,0,,N,N,0,N,N,N,,N,N,N,N,N,N,N,N,N,0,N,N,N,N,N,N,N,N,5070,1,1,N,N,N,0,N,N,N,0,0,0,100,N,90,153619,500,19860331,14625,7312733000,12.0,,0,,N,N,Y,2119,78,62,59,19.15,20250331.0,741,,N,N,N
010780,KR7010780005,아이에스동서,ST,2.0,27,10,0,,N,N,0,N,N,Y,,N,N,N,N,N,N,N,N,N,0,N,Y,N,N,N,N,N,N,20000,1,1,N,N,N,0,N,N,N,0,0,0,60,Y,90,12101,500,19860127,30186,15446303000,12.0,,0,,N,N,Y,2991,324,24,3,0.55,20250331.0,6037,,N,N,N
010820,KR7010820009,퍼스텍,ST,3.0,27,11,0,,N,N,0,N,N,N,,N,N,N,N,N,N,N,N,N,0,N,N,N,N,N,N,N,N,4450,1,1,N,N,N,0,N,N,N,0,0,0,100,N,90,620624,500,19890510,48771,24385969000,12.0,,0,,N,N,Y,2073,43,71,109,17.33,20241231.0,2170,,N,N,N
010950,KR7010950004,S-Oil,ST,1.0,27,8,0,,N,Y,4,Y,Y,Y,,N,Y,N,N,N,N,N,Y,N,0,N,N,N,N,N,N,N,Y,62200,1,1,N,N,N,0,N,N,N,0,0,0,20,Y,90,117025,2500,19870527,112582,281456980000,12.0,,0,,N,Y,Y,89905,-215,-674,-446,-2.05,20250331.0,70026,AU7,N,N,Y
010955,KR7010951002,S-Oil우,ST,0.0,27,8,0,,N,N,0,N,N,N,,N,N,N,N,N,N,N,N,N,0,N,N,N,N,N,N,N,N,40800,1,1,N,N,N,0,N,N,N,0,0,0,60,Y,90,1987,2500,19920528,4021,10054817500,12.0,,1,,N,N,N,0,0,0,0,0.0,,1640,,N,N,N
010960,KR7010960003,삼호개발,ST,3.0,18,0,0,,N,N,0,N,N,N,,N,N,N,N,N,N,N,N,N,0,N,N,N,N,N,N,N,N,3390,1,1,N,N,N,0,N,N,N,0,0,0,100,N,90,14421,500,20050512,25000,12500000000,12.0,,0,,N,N,Y,950,47,76,57,10.09,20250331.0,847,,N,N,N
011000,KR7011000007,진원생명과학,ST,3.0,27,9,0,,N,N,0,N,N,N,,N,N,N,N,N,N,N,N,N,0,N,N,N,N,N,N,N,N,2385,1,1,N,N,N,0,N,N,N,0,0,0,100,N,90,1191190,1000,19871116,84917,84917083000,12.0,,0,,N,N,Y,85,-91,-88,-88,-43.65,20250331.0,2025,,N,N,N
011070,KR7011070000,LG이노텍,ST,1.0,27,13,0,,N,N,5,Y,N,Y,,N,Y,N,N,N,N,N,N,N,0,N,N,N,N,N,N,N,Y,157700,1,1,N,N,N,0,N,N,N,0,0,0,30,Y,90,170755,5000,20080724,23667,118335535000,12.0,,0,,N,Y,Y,49828,1251,1038,856,6.38,20250331.0,37323,282,N,N,N
011090,KR7011090008,에넥스,ST,3.0,27,0,0,,N,N,0,N,N,N,,N,N,N,N,N,N,N,N,N,0,N,N,N,N,N,N,N,N,612,1,1,N,N,N,0,N,N,N,0,0,0,100,N,90,113977,500,19950708,59991,29995820500,12.0,,0,,N,N,Y,603,16,16,15,14.22,20250331.0,367,,N,N,N
011150,KR7011150000,CJ씨푸드,ST,3.0,27,5,0,,N,N,0,N,N,N,,N,N,N,N,N,N,N,N,N,0,N,N,N,N,N,N,N,N,3010,1,1,N,N,N,0,N,N,N,0,0,0,60,Y,90,1605038,500,19881126,35930,17965386500,12.0,,0,,N,N,Y,525,-10,2,2,1.1,20250331.0,1081,720,N,N,N
011155,KR7011151008,CJ씨푸드1우,ST,0.0,27,5,0,,N,N,0,N,N,N,,N,N,N,N,N,N,N,N,N,0,N,N,N,N,N,N,N,N,17350,1,1,N,N,N,0,N,N,N,0,0,0,100,N,90,335,500,19900113,200,100000000,12.0,,1,,N,N,N,0,0,0,0,0.0,,34,,N,N,N
011170,KR7011170008,롯데케미칼,ST,2.0,27,8,0,,N,N,4,Y,N,Y,,N,Y,N,N,N,N,N,Y,N,0,N,N,N,N,N,N,N,Y,62500,1,1,N,N,N,0,N,N,N,0,0,0,60,Y,90,178712,5000,19910530,42775,213877095000,12.0,,0,,N,Y,Y,49018,-1266,-2411,-2463,-5.31,20250331.0,26734,283,N,N,Y
011200,KR7011200003,HMM,ST,1.0,19,0,0,,N,N,9,Y,Y,Y,,Y,Y,N,N,N,N,N,N,N,0,N,N,N,N,N,N,N,N,23200,1,1,N,N,N,0,N,N,N,0,0,0,20,Y,90,697335,5000,19951005,1025039,5125197480000,12.0,,0,,N,Y,Y,28547,6139,7531,7397,10.6,20250331.0,237809,LA1,N,N,Y
011210,KR7011210002,현대위아,ST,2.0,27,15,0,,N,N,8,N,N,Y,,N,N,Y,N,N,N,N,N,N,0,N,N,N,N,N,N,N,Y,49750,1,1,N,N,N,0,N,N,N,0,0,0,30,Y,90,57747,5000,20110221,27195,135975415000,12.0,,0,,N,Y,Y,20618,485,1034,1020,10.6,20250331.0,13529,BH1,N,N,Y
011230,KR7011230000,삼화전자,ST,3.0,27,13,0,,N,N,0,N,N,N,,N,N,N,N,N,N,N,N,N,0,N,N,N,N,N,N,N,N,5370,1,1,N,N,N,0,N,N,N,0,0,0,100,N,90,165729,1000,19870525,16902,16902700000,12.0,,0,,N,N,Y,81,-21,-23,-23,-59.49,20250331.0,907,,N,N,N
011280,KR7011280005,태림포장,ST,3.0,27,7,0,,N,N,0,N,N,N,,N,N,N,N,N,N,N,N,N,0,N,N,N,N,N,N,N,N,2060,1,1,N,N,N,0,N,N,N,0,0,0,60,Y,90,14480,500,19881220,70805,35402970000,12.0,,0,,N,N,Y,1850,-23,-53,-40,-5.48,20250331.0,1458,,N,N,N
011300,KR7011300001,성안머티리얼스,ST,3.0,27,6,0,,N,N,0,N,N,N,,N,N,N,N,N,N,N,N,N,0,N,N,N,N,N,N,N,N,429,1,1,N,N,N,0,N,N,N,0,0,0,100,N,90,187356,100,19951110,155617,15561767500,12.0,,0,,N,N,Y,43,12,-6,-6,-7.17,20250331.0,667,,N,N,N
011330,KR7011330008,유니켐,ST,3.0,27,6,0,,N,N,0,N,N,N,,N,N,N,N,N,N,N,N,N,0,N,N,N,N,N,N,N,N,1734,1,1,N,N,N,0,N,N,N,0,0,0,60,Y,90,92455,500,19891214,93078,49071474000,12.0,,0,,N,N,Y,682,-63,-104,-102,-7.68,20241231.0,1613,,N,N,N
011390,KR7011390002,부산산업,ST,3.0,27,10,0,,N,N,0,N,N,N,,N,N,N,N,N,N,N,N,N,0,N,N,N,N,N,N,N,N,98000,1,1,N,N,N,0,N,N,N,0,0,0,100,N,90,5738,5000,19900914,1056,5280000000,12.0,,0,,N,N,Y,309,7,-13,-10,-1.31,20250331.0,1034,,N,N,N
011420,KR7011420007,갤럭시아에스엠,ST,3.0,30,0,0,,N,N,0,N,N,N,,N,N,N,N,N,N,N,N,N,0,N,N,N,N,N,N,N,N,2410,1,1,N,N,N,0,N,N,N,0,0,0,100,N,90,168348,500,19891114,27549,13774822000,12.0,,0,,N,N,Y,325,32,38,29,4.21,20241231.0,663,971,N,N,N
011500,KR7011500006,한농화성,ST,3.0,27,8,0,,N,N,0,N,N,N,,N,N,N,N,N,N,N,N,N,0,N,N,N,N,N,N,N,N,15250,1,1,N,N,N,0,N,N,N,0,0,0,60,Y,90,65977,500,20030109,15637,7818521000,12.0,,0,,N,N,Y,2475,61,52,45,2.74,20241231.0,2384,,N,N,Y
011690,KR7011690005,와이투솔루션,ST,3.0,27,13,0,,N,N,0,N,N,N,,N,N,N,N,N,N,N,N,N,0,N,N,N,N,N,N,N,N,3405,1,1,N,N,N,0,N,N,N,0,0,0,100,N,90,102041,2500,19951221,36574,91435985000,12.0,,0,,N,N,Y,1545,29,47,66,6.25,20241231.0,1245,,N,N,N
011700,KR7011700002,한신기계,ST,3.0,27,12,0,,N,N,0,N,N,N,,N,N,N,N,N,N,N,N,N,0,N,N,N,N,N,N,N,N,3700,1,1,N,N,N,0,N,N,N,0,0,0,100,N,90,242461,500,19870724,32446,16223075500,12.0,,0,,N,N,Y,90,-5,2,2,1.08,20250331.0,1200,,N,N,N
011760,KR7011760006,현대코퍼레이션,ST,3.0,16,0,0,,N,N,0,N,N,N,,N,N,N,N,N,N,N,N,N,0,N,N,N,N,N,N,N,N,23350,1,1,N,N,N,0,N,N,N,0,0,0,40,Y,90,78456,5000,19771201,13228,66144830000,12.0,,0,,N,N,Y,18569,369,292,238,14.48,20250331.0,3088,,N,N,Y
011780,KR7011780004,금호석유화학,ST,2.0,27,8,0,,N,N,4,Y,N,Y,,N,Y,N,N,N,N,N,Y,N,0,N,N,N,N,N,N,N,N,111700,1,1,N,N,N,0,N,N,N,0,0,0,30,Y,90,132824,5000,19880122,26459,152338455000,12.0,,0,,N,Y,Y,19082,1206,1573,1248,8.24,20250331.0,29555,,N,N,Y
011785,KR7011781002,금호석유화학우,ST,0.0,27,8,0,,N,N,0,N,N,N,,N,N,N,N,N,N,N,N,N,0,N,N,N,N,N,N,N,N,58800,1,1,N,N,N,0,N,N,N,0,0,0,60,Y,90,10752,5000,19881020,3023,15117430000,12.0,,1,,N,N,N,0,0,0,0,0.0,,1777,,N,N,N
011790,KR7011790003,SKC,ST,1.0,27,8,0,,N,N,4,Y,N,Y,,Y,Y,N,N,N,N,N,Y,N,0,N,N,N,N,N,N,N,Y,99700,1,1,N,N,N,0,N,N,N,0,0,0,60,Y,90,128719,5000,19970718,37868,189341490000,12.0,,0,,N,Y,Y,4385,-745,-1270,-1178,-36.46,20250331.0,37754,535,N,N,Y
011810,KR7011810009,STX,ST,3.0,16,0,0,,N,N,0,N,N,N,,N,N,N,N,N,N,N,N,N,0,N,N,N,N,N,N,N,N,3530,1,1,Y,N,N,0,N,N,N,0,0,0,100,N,90,0,2500,19900912,31017,77544817500,12.0,,0,,N,N,Y,1798,-29,-52,-52,-39.64,20250331.0,1094,,N,N,N
011930,KR7011930005,신성이엔지,ST,3.0,27,13,0,,N,N,0,N,N,N,,N,N,N,N,N,N,N,N,N,0,N,N,N,N,N,N,N,N,1538,1,1,N,N,N,0,N,N,N,0,0,0,60,Y,90,9937654,500,19960731,205848,103034075500,12.0,,0,,N,N,Y,1163,-52,-74,-69,-12.07,20250331.0,3165,,N,N,Y
012030,KR7012030003,DB,ST,3.0,29,0,0,,N,N,0,N,N,N,,N,N,N,N,N,N,N,N,N,0,N,N,N,N,N,N,N,N,1330,1,1,N,N,N,0,N,N,N,0,0,0,40,Y,90,115283,500,19930106,201173,100586966500,12.0,,0,,N,N,Y,1419,174,239,212,21.1,20250331.0,2675,LB9,N,N,Y
012160,KR7012160008,영흥,ST,3.0,27,11,0,,N,N,0,N,N,Y,,N,N,N,N,N,N,N,N,Y,0,N,N,N,N,N,N,N,N,535,1,1,N,N,N,0,N,N,N,0,0,0,100,N,90,118162,500,20100125,101310,50655186000,12.0,,0,,N,N,Y,1110,-16,14,6,2.29,20250331.0,542,,N,N,N
012170,KR7012170007,아센디오,ST,3.0,30,0,0,,N,N,0,N,N,N,,N,N,N,N,N,N,N,N,N,0,N,N,N,N,N,N,N,N,3450,1,1,N,N,N,0,N,N,N,0,0,0,100,N,90,5679583,500,19891220,10873,5436871500,12.0,,0,,N,N,Y,6,-11,-19,-22,-44.14,20250331.0,375,,N,N,N
012200,KR7012200002,계양전기,ST,3.0,27,12,0,,N,N,0,N,N,N,,N,N,N,N,N,N,N,N,N,0,N,N,N,N,N,N,N,N,1505,1,1,N,N,N,0,N,N,N,0,0,0,100,N,90,52843,500,19880706,27222,13611414500,12.0,,0,,N,N,Y,939,-27,2,2,1.47,20250331.0,409,,N,N,N
012205,KR7012201000,계양전기우,ST,0.0,27,12,0,,Y,N,0,N,N,N,,N,N,N,N,N,N,N,N,N,3,N,N,N,N,N,N,N,N,3500,1,1,N,N,N,0,N,N,N,0,0,0,100,N,90,292,500,19890802,1169,584539500,12.0,,1,,N,N,N,0,0,0,0,0.0,,40,,N,N,N
012280,KR7012280004,영화금속,ST,3.0,27,15,0,,N,N,0,N,N,N,,N,N,N,N,N,N,N,N,N,0,N,N,N,N,N,N,N,N,859,1,1,N,N,N,0,N,N,N,0,0,0,100,N,90,24331,500,19900125,51664,27569082500,12.0,,0,,N,N,Y,3017,99,87,87,12.32,20241231.0,443,,N,N,N
012320,KR7012320008,경동인베스트,ST,3.0,21,0,0,,N,N,0,N,N,N,,N,N,N,N,N,N,N,N,N,0,N,N,N,N,N,N,N,N,62000,1,1,N,N,N,0,N,N,N,0,0,0,60,Y,90,4176,5000,19970307,2365,11825115000,12.0,,0,,N,N,Y,665,22,33,41,3.4,20250331.0,1466,,N,N,N
012330,KR7012330007,현대모비스,ST,1.0,27,15,0,,N,N,8,Y,Y,Y,,Y,Y,Y,N,N,N,N,N,N,0,N,N,N,N,N,N,N,N,295000,1,1,N,N,N,0,N,N,N,5,0,0,20,Y,90,174355,5000,19890905,91795,490969315000,12.0,,0,,N,Y,Y,147520,7767,14711,10317,8.9,20250331.0,270795,BH1,N,N,Y
012450,KR7012450003,한화에어로스페이스,ST,1.0,27,15,0,,N,N,9,Y,Y,Y,,Y,Y,N,N,N,N,N,N,N,0,N,N,N,N,N,N,N,N,932000,1,1,N,N,N,0,N,N,N,0,0,0,20,Y,90,155826,5000,19870527,51563,270317005000,12.0,,0,,N,Y,Y,54842,5607,2610,2093,7.76,20250331.0,480570,913,N,N,Y
012510,KR7012510004,더존비즈온,ST,2.0,29,0,0,,N,N,0,N,N,Y,,N,N,N,N,N,N,N,N,N,0,N,N,N,N,N,N,N,N,68300,1,1,N,N,N,0,N,N,N,0,0,0,60,Y,90,222385,500,19881028,30382,15191392000,12.0,,0,,N,Y,Y,986,216,165,120,9.54,20250331.0,20751,,N,N,Y
012610,KR7012610002,경인양행,ST,3.0,27,8,0,,N,N,0,N,N,N,,N,N,N,N,N,N,N,N,N,0,N,N,N,N,N,N,N,N,3335,1,1,N,N,N,0,N,N,N,0,0,0,60,Y,90,29086,500,19951005,41616,20808182500,12.0,,0,,N,N,Y,994,53,34,27,4.19,20250331.0,1387,,N,N,N
012630,KR7012630000,HDC,ST,2.0,21,0,0,,N,N,1,N,N,Y,,N,N,N,N,N,N,N,N,N,0,N,Y,N,N,N,N,N,N,23500,1,1,N,N,N,0,N,N,N,0,0,0,30,Y,90,435846,5000,19961016,59741,298708605000,12.0,,0,,N,Y,Y,15657,1548,1355,1095,10.55,20250331.0,14039,HDC,N,N,N
012690,KR7012690004,모나리자,ST,3.0,27,7,0,,N,N,0,N,N,N,,N,N,N,N,N,N,N,N,N,0,N,N,N,N,N,N,N,N,2620,1,1,N,N,N,0,N,N,N,0,0,0,100,N,90,30312,500,19881014,36571,18885627500,12.0,,0,,N,N,Y,1263,10,11,12,1.53,20241231.0,958,,N,N,N
012750,KR7012750006,에스원,ST,2.0,26,0,0,,N,N,9,N,N,Y,,N,N,N,N,N,N,N,N,N,0,N,N,N,N,N,N,N,N,73600,1,1,N,N,N,0,N,N,N,0,0,0,30,Y,90,92515,500,19960130,37999,18999589000,12.0,,0,,N,Y,Y,6741,551,550,420,10.27,20250331.0,27967,511,N,N,N
012800,KR7012800009,대창,ST,3.0,27,11,0,,N,N,0,N,N,N,,N,N,N,N,N,N,N,N,N,0,N,N,N,N,N,N,N,N,1396,1,1,N,N,N,0,N,N,N,0,0,0,60,Y,90,923754,500,19891205,91140,45570249500,12.0,,0,,N,N,Y,3724,146,46,39,4.94,20250331.0,1272,,N,N,Y
013000,KR7013000005,세우글로벌,ST,3.0,16,0,0,,N,N,0,N,N,N,,N,N,N,N,N,N,N,N,N,0,N,N,N,N,N,N,N,N,1108,1,1,N,N,N,0,N,N,N,0,0,0,100,N,90,20335,500,19890905,28705,14352515500,12.0,,0,,N,N,Y,359,25,44,35,6.9,20241231.0,318,,N,N,N
013360,KR7013360003,일성건설,ST,3.0,18,0,0,,N,N,0,N,N,N,,N,N,N,N,N,N,N,N,N,0,N,N,N,N,N,N,N,N,1506,1,1,N,N,N,0,N,N,N,0,0,0,100,N,90,134814,500,19891202,54024,27012440000,12.0,,0,,N,N,Y,1141,30,9,7,4.39,20250331.0,813,,N,N,N
013520,KR7013520002,화승코퍼레이션,ST,3.0,27,15,0,,N,N,0,N,N,N,,N,N,N,N,N,N,N,N,N,0,N,N,N,N,N,N,N,N,1903,1,1,N,N,N,0,N,N,N,0,0,0,100,N,90,80508,500,19910222,50051,25025626000,12.0,,0,,N,N,Y,4559,309,344,256,29.54,20250331.0,952,,N,N,N
013570,KR7013570007,디와이,ST,3.0,21,0,0,,N,N,0,N,N,N,,N,N,N,N,N,N,N,N,N,0,N,N,N,N,N,N,N,N,4470,1,1,N,N,N,0,N,N,N,0,0,0,100,N,90,43793,500,19890530,26319,13159816500,12.0,,0,,N,N,Y,3122,166,161,134,7.97,20250331.0,1176,,N,N,N
013580,KR7013580006,계룡건설,ST,3.0,18,0,0,,N,N,0,N,N,N,,N,N,N,N,N,N,N,N,N,0,N,N,N,N,N,N,N,N,20050,1,1,N,N,N,0,N,N,N,0,0,0,100,N,90,46073,5000,19960130,8930,44654535000,12.0,,0,,N,N,Y,6686,311,224,165,7.41,20250331.0,1790,,N,N,N
013700,KR7013700000,까뮤이앤씨,ST,3.0,18,0,0,,N,N,0,N,N,N,,N,N,N,N,N,N,N,N,N,0,N,N,N,N,N,N,N,N,1145,1,1,N,N,N,0,N,N,N,0,0,0,100,N,90,116682,500,19891130,59750,29875415000,12.0,,0,,N,N,Y,560,37,34,25,10.62,20250331.0,684,,N,N,N
013870,KR7013870001,지엠비코리아,ST,3.0,27,15,0,,N,N,0,N,N,N,,N,N,N,N,N,N,N,N,N,0,N,N,N,N,N,N,N,N,4030,1,1,N,N,N,0,N,N,N,0,0,0,100,N,90,10746,500,20121120,19072,9536140000,12.0,,0,,N,N,Y,1797,14,27,26,4.07,20250331.0,768,,N,N,N
013890,KR7013890009,지누스,ST,2.0,27,0,0,,N,,0,N,N,N,,N,N,,,,,N,,,0,,,N,,,,,,19590,1,1,N,N,N,0,N,N,N,0,0,0,40,Y,90,151357,500,20191030,22254,11364474000,12.0,,0,,N,N,Y,2499,275,249,187,10.95,20250331.0,4359,Z35,N,N,Y
014130,KR7014130009,한익스프레스,ST,3.0,19,0,0,,N,N,0,N,N,N,,N,N,N,N,N,N,N,N,N,0,N,N,N,N,N,N,N,N,3435,1,1,N,N,N,0,N,N,N,0,0,0,100,N,90,18472,500,19890725,12000,6000000000,12.0,,0,,N,N,Y,1561,-26,-53,-59,-23.91,20250331.0,412,,N,N,N
014160,KR7014160006,대영포장,ST,3.0,27,7,0,,N,N,0,N,N,N,,N,N,N,N,N,N,N,N,N,0,N,N,N,N,N,N,N,N,1260,1,1,N,N,N,0,N,N,N,0,0,0,60,Y,90,5486119,500,19900306,108394,54197274500,12.0,,0,,N,N,Y,2808,9,0,0,-0.02,20241231.0,1365,,N,N,N
014280,KR7014280002,금강공업,ST,3.0,27,11,0,,N,N,0,N,N,Y,,N,N,N,N,N,N,N,N,Y,0,N,N,N,N,N,N,N,N,4460,1,1,N,N,N,0,N,N,N,0,0,0,50,Y,90,80327,1000,19880910,29329,29329357000,12.0,,0,,N,N,Y,1979,71,34,23,0.3,20250331.0,1308,,N,N,N
014285,KR7014281000,금강공업우,ST,0.0,27,11,0,,Y,N,0,N,N,N,,N,N,N,N,N,N,N,N,N,3,N,N,N,N,N,N,N,N,7040,1,1,N,N,N,0,N,N,N,0,0,0,100,N,90,152,1000,19890731,589,589875000,12.0,,1,,N,N,N,0,0,0,0,0.0,,41,,N,N,N
014440,KR7014440002,영보화학,ST,3.0,27,8,0,,N,N,0,N,N,N,,N,N,N,N,N,N,N,N,N,0,N,N,N,N,N,N,N,N,4495,1,1,N,N,N,0,N,N,N,0,0,0,100,N,90,25771,500,19970827,20000,10000000000,12.0,,0,,N,N,Y,264,34,41,35,7.8,20250331.0,899,,N,N,N
014530,KR7014530000,극동유화,ST,3.0,27,8,0,,N,N,0,N,N,N,,N,N,N,N,N,N,N,N,N,0,N,N,N,N,N,N,N,N,3480,1,1,N,N,N,0,N,N,N,0,0,0,60,Y,90,65284,500,19910131,34869,17434710000,12.0,,0,,N,N,Y,2459,52,29,18,3.57,20250331.0,1213,,N,N,N
014580,KR7014580005,태경비케이,ST,3.0,27,10,0,,N,N,0,N,N,N,,N,N,N,N,N,N,N,N,N,0,N,N,N,N,N,N,N,N,5200,1,1,N,N,N,0,N,N,N,0,0,0,60,Y,90,246457,500,19910307,27583,13791550000,12.0,,0,,N,N,Y,696,72,98,78,11.9,20250331.0,1434,,N,N,Y
014680,KR7014680003,한솔케미칼,ST,2.0,27,8,0,,N,N,4,N,N,Y,,N,N,N,N,N,N,N,Y,N,0,N,N,N,N,N,N,N,N,174700,1,1,N,N,N,0,N,N,N,0,0,0,40,Y,90,38018,5000,19890520,11335,56675975000,12.0,,0,,N,Y,Y,2096,417,458,355,14.82,20250331.0,19802,,N,N,Y
014710,KR7014710008,사조씨푸드,ST,3.0,27,5,0,,N,N,0,N,N,N,,N,N,N,N,N,N,N,N,N,0,N,N,N,N,N,N,N,N,8360,1,1,N,N,N,0,N,N,N,0,0,0,100,N,90,34484,1000,20120629,17218,17218543000,12.0,,0,,N,N,Y,474,41,49,41,6.97,20250331.0,1439,,N,N,N
014790,KR7014790000,HL D&I,ST,3.0,18,0,0,,N,N,0,N,N,N,,N,N,N,N,N,N,N,N,N,0,N,N,N,N,N,N,N,N,2615,1,1,N,N,N,0,N,N,N,0,0,0,100,N,90,21392,5000,19940812,37858,194374710000,12.0,,0,,N,N,Y,3249,142,39,34,2.84,20250331.0,990,,N,N,N
014820,KR7014820005,동원시스템즈,ST,2.0,27,8,0,,N,N,3,N,N,Y,,N,N,N,N,N,N,N,N,N,0,N,N,N,N,N,N,N,N,30500,1,1,N,N,N,0,N,N,N,0,0,0,60,Y,90,12113,5000,19940329,28991,144956410000,12.0,,0,,N,Y,Y,3368,125,122,106,5.1,20250331.0,8842,,N,N,N
014825,KR7014821003,동원시스템즈우,ST,0.0,27,8,0,,N,N,0,N,N,N,,N,N,N,N,N,N,N,N,N,0,N,N,N,N,N,N,N,N,17620,1,1,N,N,N,0,N,N,N,0,0,0,100,N,90,82,5000,19950121,264,1320555000,12.0,,1,,N,N,N,0,0,0,0,0.0,,46,,N,N,N
014830,KR7014830004,유니드,ST,3.0,27,8,0,,N,N,0,N,N,Y,,N,N,N,N,N,N,N,Y,N,0,N,N,N,N,N,N,N,N,79700,1,1,N,N,N,0,N,N,N,0,0,0,40,Y,90,52263,5000,20041203,6767,33838000000,12.0,,0,,N,N,Y,3225,287,284,223,8.77,20250331.0,5393,378,N,N,Y
014910,KR7014910004,성문전자,ST,3.0,27,13,0,,N,N,0,N,N,N,,N,N,N,N,N,N,N,N,N,0,N,N,N,N,N,N,N,N,1211,1,1,N,N,N,0,N,N,N,0,0,0,100,N,90,10514,500,19900324,22460,11230492500,12.0,,0,,N,N,Y,135,8,10,9,8.36,20250331.0,272,,N,N,N
014915,KR7014911002,성문전자우,ST,0.0,27,13,0,,Y,N,0,N,N,N,,N,N,N,N,N,N,N,N,N,3,N,N,N,N,N,N,N,N,4200,1,1,N,N,N,0,N,N,N,0,0,0,100,N,90,4241,500,19900324,600,300000000,12.0,,1,,N,N,N,0,0,0,0,0.0,,25,,N,N,N
014990,KR7014990006,인디에프,ST,3.0,27,6,0,,N,N,0,N,N,N,,N,N,N,N,N,N,N,N,N,0,N,N,N,N,N,N,N,N,1353,1,1,N,N,N,0,N,N,N,0,0,0,100,N,90,843290,500,19890620,75112,37556497500,12.0,,0,,N,N,Y,249,-11,-18,-18,-19.49,20250331.0,1016,,N,N,N
015020,KR7015020001,이스타코,ST,3.0,28,0,0,,N,N,0,N,N,N,,N,N,N,N,N,N,N,N,N,0,N,N,N,N,N,N,N,N,645,1,1,N,N,N,0,N,N,N,0,0,0,100,N,90,180360,500,19881223,42851,21425800000,12.0,,0,,N,N,Y,115,-33,-49,-49,-12.39,20241231.0,276,,N,N,N
015230,KR7015230006,대창단조,ST,3.0,27,15,0,,N,N,0,N,N,N,,N,N,N,N,N,N,N,N,N,0,N,N,N,N,N,N,N,N,6100,1,1,N,N,N,0,N,N,N,0,0,0,50,Y,90,55672,500,19890725,28572,14286115000,12.0,,0,,N,N,Y,872,113,121,91,12.56,20250331.0,1742,,N,N,N
015260,KR7015260003,에이엔피,ST,3.0,27,13,0,,N,N,0,N,N,N,,N,N,N,N,N,N,N,N,N,0,N,N,N,N,N,N,N,N,475,1,1,N,N,N,0,N,N,N,0,0,0,100,N,90,109742,500,19880118,45116,22558447000,12.0,,0,,N,N,Y,305,-22,-39,-39,-64.7,20250331.0,214,,N,N,N
015360,KR7015360001,INVENI,ST,3.0,26,0,0,,N,N,0,N,N,N,,N,N,N,N,N,N,N,N,N,0,N,N,N,N,N,N,N,N,60400,1,1,N,N,N,0,N,N,N,0,0,0,40,Y,90,3260,5000,19961224,6000,30000000000,12.0,,0,,N,N,Y,5326,242,236,198,16.48,20250331.0,3624,FN2,N,N,N
015590,KR7015590003,DKME,ST,3.0,27,12,0,,N,N,0,N,N,N,,N,N,N,N,N,N,N,N,N,0,N,N,N,N,N,N,N,N,515,1,1,Y,N,N,0,N,N,N,0,0,0,100,N,90,0,500,19890527,236981,118490772000,12.0,,0,,N,N,Y,371,35,38,35,10.88,20250331.0,1220,,N,N,N
015760,KR7015760002,한국전력,ST,1.0,17,0,0,,N,N,7,Y,Y,Y,,Y,Y,N,N,N,N,N,N,N,0,N,N,N,N,N,N,N,Y,42000,1,1,N,N,N,0,N,N,N,0,0,0,20,Y,90,7678304,5000,19890810,641964,3209820385000,12.0,,0,,N,Y,Y,242240,37536,32319,23617,22.75,20250331.0,269624,,N,N,Y
015860,KR7015860000,일진홀딩스,ST,3.0,21,0,0,,N,N,0,N,N,Y,,N,N,N,N,N,N,N,N,N,0,N,N,N,N,Y,N,N,N,5950,1,1,N,N,N,0,N,N,N,0,0,0,50,Y,90,112462,1000,19900322,49347,49852615000,12.0,,0,,N,N,Y,5056,325,358,251,11.4,20250331.0,2936,,N,N,N
015890,KR7015890007,태경산업,ST,3.0,27,8,0,,N,N,0,N,N,N,,N,N,N,N,N,N,N,N,N,0,N,N,N,N,N,N,N,N,5460,1,1,N,N,N,0,N,N,N,0,0,0,60,Y,90,47416,500,19960130,29228,14614375000,12.0,,0,,N,N,Y,1693,120,103,69,3.84,20250331.0,1595,,N,N,N
016090,KR7016090003,대현,ST,3.0,27,6,0,,N,N,0,N,N,N,,N,N,N,N,N,N,N,N,N,0,N,N,N,N,N,N,N,N,1899,1,1,N,N,N,0,N,N,N,0,0,0,100,N,90,20105,500,19900920,44282,26906155000,12.0,,0,,N,N,Y,2593,144,201,159,5.99,20241231.0,840,,N,N,N
016360,KR7016360000,삼성증권,ST,1.0,21,24,0,,N,Y,6,Y,N,Y,,N,N,N,N,N,N,N,N,N,0,N,N,N,Y,N,N,N,Y,70600,1,1,N,N,N,0,N,N,N,0,0,0,30,Y,90,240838,5000,19880328,89300,458478080000,12.0,,0,,N,Y,Y,32712,3346,3354,2484,13.62,20250331.0,63045,511,N,N,Y
016380,KR7016380008,KG스틸,ST,2.0,27,11,0,,N,N,0,N,N,N,,N,N,N,N,N,N,N,N,N,0,N,N,N,N,N,N,N,N,5740,1,1,N,N,N,0,N,N,N,0,0,0,30,Y,90,189494,5000,19860203,100008,500044485000,12.0,,0,,N,N,Y,8126,652,586,465,9.43,20250331.0,5740,365,N,N,Y
016450,KR7016450009,한세예스24홀딩스,ST,3.0,27,6,0,,N,N,0,N,N,N,,N,N,N,N,N,N,N,N,N,0,N,N,N,N,N,N,N,N,4300,1,1,N,N,N,0,N,N,N,0,0,0,50,Y,90,14269,500,20000106,40000,20000000000,12.0,,0,,N,N,Y,8531,207,48,0,-3.93,20250331.0,1720,,N,N,N
016580,KR7016580003,환인제약,ST,3.0,27,9,0,,N,N,0,N,N,Y,,N,N,N,N,Y,N,N,N,N,0,N,N,N,N,N,N,N,N,11940,1,1,N,N,N,0,N,N,N,0,0,0,100,N,90,52193,500,19960703,18600,9700035000,12.0,,0,,N,N,Y,602,53,57,51,5.45,20250331.0,2220,,N,N,N
016590,KR7016590002,신대양제지,ST,3.0,27,7,0,,N,N,0,N,N,N,,N,N,N,N,N,N,N,N,N,0,N,N,N,N,N,N,N,N,10510,1,1,N,N,N,0,N,N,N,0,0,0,40,Y,90,31613,500,19951221,40297,20148910000,12.0,,0,,N,N,Y,1573,59,82,65,4.73,20250331.0,4235,,N,N,N
016610,KR7016610008,DB증권,ST,3.0,21,24,0,,N,N,0,N,N,N,,N,N,N,N,N,N,N,N,N,0,N,N,N,N,N,N,N,N,9100,1,1,N,N,N,0,N,N,N,0,0,0,60,Y,90,119356,5000,19880627,42446,212231945000,12.0,,0,,N,N,Y,4373,242,250,206,7.19,20250331.0,3862,LB9,N,N,N
016710,KR7016710006,대성홀딩스,ST,3.0,26,0,0,,N,N,0,N,N,N,,N,N,N,N,N,N,N,N,N,0,N,N,N,N,N,N,N,N,9100,1,1,N,N,N,0,N,N,N,0,0,0,100,N,90,28249,1000,19991222,16089,16089459000,12.0,,0,,N,N,Y,4946,295,329,247,16.91,20250331.0,1464,,N,N,N
016740,KR7016740003,두올,ST,3.0,27,15,0,,N,N,0,N,N,N,,N,N,N,N,N,N,N,N,N,0,N,N,N,N,N,N,N,N,3605,1,1,N,N,N,0,N,N,N,0,0,0,100,N,90,117304,2500,20160729,31304,81229017500,12.0,,0,,N,N,Y,2021,171,194,127,20.69,20250331.0,1128,,N,N,N
016800,KR7016800005,퍼시스,ST,3.0,27,0,0,,N,N,0,N,N,N,,N,N,N,N,N,N,N,N,N,0,N,N,N,N,N,N,N,N,44300,1,1,N,N,N,0,N,N,N,0,0,0,100,N,90,618,1000,19961224,11500,14300000000,12.0,,0,,N,N,Y,1037,51,60,46,3.26,20250331.0,5094,,N,N,N
016880,KR7016880007,웅진,ST,3.0,26,0,0,,N,N,0,N,N,N,,N,N,N,N,N,N,N,N,N,0,N,N,N,N,N,N,N,N,3275,1,1,N,N,N,0,N,N,N,0,0,0,100,N,90,836804,500,19941105,79927,42213540000,12.0,,0,,N,N,Y,2337,-92,721,750,246.08,20250331.0,2617,,N,N,N
017040,KR7017040007,광명전기,ST,3.0,27,13,0,,N,N,0,N,N,N,,N,N,N,N,N,N,N,N,N,0,N,N,N,N,N,N,N,N,1124,1,1,N,N,N,0,N,N,N,0,0,0,100,N,90,2335350,500,19900914,43337,21668807500,12.0,,0,,N,N,Y,1424,-88,-378,-432,-44.3,20241231.0,487,,N,N,N
017180,KR7017180001,명문제약,ST,3.0,27,9,0,,N,N,0,N,N,N,,N,N,N,N,N,N,N,N,N,0,N,N,N,N,N,N,N,N,1619,1,1,N,N,N,0,N,N,N,0,0,0,100,N,90,45414,500,20080710,33953,16976727000,12.0,,0,,N,N,Y,459,-9,-22,-22,-8.06,20250331.0,549,,N,N,N
017370,KR7017370008,우신시스템,ST,3.0,27,12,0,,N,N,0,N,N,N,,N,N,N,N,N,N,N,N,N,0,N,N,N,N,N,N,N,N,7650,1,1,N,N,N,0,N,N,N,0,0,0,100,N,90,15234,500,20020528,18314,9157027000,12.0,,0,,N,N,Y,1025,91,64,54,16.27,20250331.0,1401,,N,N,N
017390,KR7017390006,서울가스,ST,3.0,17,0,0,,N,N,0,N,N,N,,N,N,N,N,N,N,N,N,N,0,N,N,N,N,N,N,N,N,62900,1,1,N,N,N,0,N,N,N,0,0,0,100,N,90,6672,5000,19950818,5000,35000000000,12.0,,0,,N,N,Y,7889,249,322,254,9.19,20250331.0,3145,,N,N,N
017550,KR7017550005,수산세보틱스,ST,3.0,27,12,0,,N,N,0,N,N,N,,N,N,N,N,N,N,N,N,N,0,N,N,N,N,N,N,N,N,1842,1,1,N,N,N,0,N,N,N,0,0,0,60,Y,90,89759,500,19910830,62399,31199565000,12.0,,0,,N,N,Y,483,35,36,32,6.81,20250331.0,1149,,N,N,N
017670,KR7017670001,SK텔레콤,ST,1.0,20,0,0,,N,Y,B,Y,Y,Y,,Y,Y,N,N,N,N,N,N,N,0,Y,N,N,N,N,N,N,Y,55500,1,1,N,N,N,0,N,N,N,0,0,0,40,Y,90,907842,100,19891107,214790,30492715900,12.0,,0,,N,Y,Y,44537,5674,5079,3616,12.4,20250331.0,119208,535,N,N,Y
017800,KR7017800004,현대엘리베이터,ST,2.0,27,12,0,,N,N,2,N,N,Y,,N,N,N,N,N,N,N,N,N,0,N,N,N,N,Y,N,N,N,82700,1,1,N,N,N,0,N,N,N,0,0,0,40,Y,90,159773,5000,19960703,39092,212235955000,12.0,,0,,N,Y,Y,5944,484,494,349,11.9,20250331.0,32329,,N,N,Y
017810,KR7017810003,풀무원,ST,3.0,27,5,0,,N,N,0,N,N,N,,N,N,N,N,N,N,N,N,N,0,N,N,N,N,N,N,N,N,16510,1,1,N,N,N,0,N,N,N,0,0,0,60,Y,90,1366645,500,19951005,38120,19060271000,12.0,,0,,N,N,Y,7935,113,-30,-30,-2.34,20250331.0,6293,,N,N,N
017860,KR7017860008,DS단석,ST,3.0,27,8,0,,N,,0,N,N,N,,N,N,,,,,N,,,0,,,N,,,,,,24850,1,1,N,N,N,0,N,N,N,0,0,0,60,Y,90,38849,500,20231222,17584,8792106000,12.0,,0,,N,N,Y,2481,90,75,63,8.81,20250331.0,4369,,N,N,Y
017900,KR7017900002,광전자,ST,3.0,27,13,0,,N,N,0,N,N,N,,N,N,N,N,N,N,N,N,N,0,N,N,N,N,N,N,N,N,1908,1,1,N,N,N,0,N,N,N,0,0,0,100,N,90,22791,500,19961016,57943,28971881500,12.0,,0,,N,N,Y,355,19,29,23,4.0,20250331.0,1105,,N,N,N
017940,KR7017940008,E1,ST,3.0,16,0,0,,N,N,0,N,N,N,,N,N,N,N,N,N,N,N,N,0,N,N,N,N,N,N,N,N,82600,1,1,N,N,N,0,N,N,N,0,0,0,100,N,90,9103,5000,19970827,6860,34300000000,12.0,,0,,N,N,Y,27658,1052,907,636,13.65,20250331.0,5666,FN2,N,N,N
017960,KR7017960006,한국카본,ST,2.0,27,11,0,,N,N,4,N,N,N,,N,N,N,N,N,N,N,N,N,0,N,N,N,N,N,N,N,N,32450,1,1,N,N,N,0,N,N,N,0,0,0,60,Y,90,669568,500,19950708,51908,25954226000,12.0,,0,,N,N,Y,2246,311,289,219,18.16,20250331.0,16844,,N,N,Y
018250,KR7018250001,애경산업,ST,3.0,27,8,0,,N,,0,N,N,N,,N,N,,,,,N,,,0,,,N,,,,,,16750,1,1,N,N,N,0,N,N,N,0,0,0,40,Y,90,34402,1000,20180322,26409,26409935000,12.0,,0,,N,N,Y,1511,60,72,50,5.17,20250331.0,4423,,N,N,Y
018260,KR7018260000,삼성에스디에스,ST,1.0,29,0,0,,N,N,5,Y,Y,Y,,N,Y,N,N,N,N,N,N,N,0,N,N,N,N,N,N,N,N,155500,1,1,N,N,N,0,N,N,N,0,0,0,20,Y,90,152240,500,20141114,77377,38688900000,12.0,,0,,N,Y,Y,34898,2685,3017,2177,9.06,20250331.0,120322,511,N,N,Y
018470,KR7018470005,조일알미늄,ST,3.0,27,11,0,,N,N,0,N,N,N,,N,N,N,N,N,N,N,N,N,0,N,N,N,N,N,N,N,N,1497,1,1,N,N,N,0,N,N,N,0,0,0,60,Y,90,451728,500,19881122,126631,63315860500,12.0,,0,,N,N,Y,4984,201,123,110,5.62,20241231.0,1895,,N,N,Y
018500,KR7018500009,동원금속,ST,3.0,27,15,0,,N,N,0,N,N,N,,N,N,N,N,N,N,N,N,N,0,N,N,N,N,N,N,N,N,1421,1,1,N,N,N,0,N,N,N,0,0,0,100,N,90,123698,500,19951110,46754,23377466500,3.0,,0,,N,N,Y,6262,420,290,212,17.68,20250331.0,664,,N,N,N
018670,KR7018670000,SK가스,ST,2.0,16,0,0,,N,N,0,N,N,Y,,N,N,N,N,N,N,N,Y,N,0,N,N,N,N,N,N,N,N,252000,1,1,N,N,N,0,N,N,N,0,0,0,40,Y,90,18567,5000,19970827,9245,46226220000,12.0,,0,,N,Y,Y,18270,1129,1068,873,12.74,20250331.0,23298,535,N,N,N
018880,KR7018880005,한온시스템,ST,2.0,27,12,0,,N,N,8,Y,N,Y,,N,N,Y,N,N,N,N,N,N,0,N,N,N,N,N,N,N,N,3425,1,1,N,N,N,0,N,N,N,0,0,0,60,Y,90,937066,100,19960731,678762,67876255200,12.0,,0,,N,Y,Y,26173,211,-173,-226,-3.35,20250331.0,23247,912,N,N,Y
019170,KR7019170000,신풍제약,ST,2.0,27,9,0,,N,N,0,N,N,Y,,N,N,N,N,Y,N,N,N,N,0,N,N,N,N,N,N,N,N,12130,1,1,N,N,N,0,N,N,N,0,0,0,100,N,90,80998,500,19900120,52984,26492495000,12.0,,0,,N,N,Y,554,-18,-15,-13,-2.01,20250331.0,6427,,N,N,N
019175,KR7019171008,신풍제약우,ST,0.0,27,9,0,,N,N,0,N,N,N,,N,N,N,N,N,N,N,N,N,3,N,N,N,N,N,N,N,N,21750,1,1,N,N,N,0,N,N,N,0,0,0,100,N,90,5899,500,19900120,2200,1100000000,12.0,,1,,N,N,N,0,0,0,0,0.0,,478,,N,N,N
019180,KR7019180009,티에이치엔,ST,3.0,27,13,0,,N,N,0,N,N,N,,N,N,N,N,N,N,N,N,N,0,N,N,N,N,N,N,N,N,2845,1,1,N,N,N,0,N,N,N,0,0,0,100,N,90,29500,500,19960731,18000,9000000000,12.0,,0,,N,N,Y,1704,34,45,40,10.8,20250331.0,512,,N,N,N
019440,KR7019440007,세아특수강,ST,3.0,27,11,0,,N,N,0,N,N,N,,N,N,N,N,N,N,N,N,N,0,N,N,N,N,N,N,N,N,15560,1,1,N,N,N,0,N,N,N,0,0,0,100,N,90,15628,5000,20110601,8570,42850000000,12.0,,0,,N,N,Y,2435,84,63,53,6.06,20250331.0,1333,474,N,N,N
019490,KR7019490002,엑시큐어하이트론,ST,3.0,27,13,0,,N,N,0,N,N,N,,N,N,N,N,N,N,N,N,N,0,N,N,N,N,N,N,N,N,671,1,1,N,N,N,0,N,N,N,0,0,0,100,N,90,698007,500,19981104,76432,38216135000,12.0,,0,,N,N,Y,12,-59,-54,-69,-74.41,20250331.0,512,,N,N,N
019680,KR7019680008,대교,ST,3.0,26,0,0,,N,N,0,N,N,N,,N,N,N,N,N,N,N,N,N,0,N,N,N,N,N,N,N,N,2190,1,1,N,N,N,0,N,N,N,0,0,0,100,N,90,35994,500,20040203,84702,42351425000,12.0,,0,,N,N,Y,1657,9,2,2,0.24,20250331.0,1854,,N,N,N
019685,KR7019681006,대교우B,ST,0.0,26,0,0,,N,N,0,N,N,N,,N,N,N,N,N,N,N,N,N,0,N,N,N,N,N,N,N,N,1283,1,1,N,N,N,0,N,N,N,0,0,0,100,N,90,8471,500,20040203,19426,9713495000,12.0,,2,,N,N,N,0,0,0,0,0.0,,249,,N,N,N
020000,KR7020000006,한섬,ST,3.0,27,6,0,,N,N,0,N,N,N,,N,N,N,N,N,N,N,N,N,0,N,N,N,N,N,N,N,N,15520,1,1,N,N,N,0,N,N,N,0,0,0,40,Y,90,58252,500,19960703,22437,12315000000,12.0,,0,,N,N,Y,3803,218,218,184,5.22,20250331.0,3482,Z35,N,N,N
020120,KR7020120002,키다리스튜디오,ST,3.0,29,0,0,,N,N,0,N,N,N,,N,N,N,N,N,N,N,N,N,0,N,N,N,N,N,N,N,N,3920,1,1,N,N,N,0,N,N,N,0,0,0,60,Y,90,172920,500,19960703,37063,18531883000,12.0,,0,,N,N,Y,482,5,25,20,3.86,20250331.0,1452,,N,N,Y
020150,KR7020150009,롯데에너지머티리얼즈,ST,2.0,27,13,0,,N,N,0,N,N,Y,,N,Y,N,N,N,N,N,N,N,0,N,N,N,N,N,N,N,N,25950,1,1,N,N,N,0,N,N,N,0,0,0,60,Y,90,120294,500,20110304,52365,26182731500,12.0,,0,,N,Y,Y,1580,-460,-649,-548,-12.16,20250331.0,13588,283,N,N,Y
020560,KR7020560009,아시아나항공,ST,2.0,19,0,0,,N,N,0,N,N,Y,,N,N,N,N,N,N,N,N,N,0,N,N,N,N,N,N,Y,N,9510,1,1,N,N,N,0,N,N,N,0,0,0,100,N,90,47905,5000,20080328,205990,1029953555000,12.0,,0,,N,N,Y,20744,554,1835,1442,52.5,20250331.0,19589,926,N,N,N
020760,KR7020760005,일진디스플,ST,3.0,27,13,0,,N,N,0,N,N,N,,N,N,N,N,N,N,N,N,N,0,N,N,N,N,N,N,N,N,882,1,1,N,N,N,0,N,N,N,0,0,0,100,N,90,94640,500,20020109,51513,25756870500,12.0,,0,,N,N,Y,218,-7,-12,-13,-14.75,20250331.0,454,,N,N,N
021050,KR7021050000,서원,ST,3.0,27,11,0,,N,N,0,N,N,N,,N,N,N,N,N,N,N,N,N,0,N,N,N,N,N,N,N,N,1271,1,1,N,N,N,0,N,N,N,0,0,0,100,N,90,109027,500,19960130,47474,23737295000,12.0,,0,,N,N,Y,4398,152,42,35,3.62,20250331.0,603,,N,N,N
021240,KR7021240007,코웨이,ST,1.0,26,0,0,,N,N,8,Y,N,Y,,N,Y,N,N,N,N,N,N,N,0,N,N,N,N,N,N,N,Y,108600,1,1,N,N,N,0,N,N,N,0,0,0,20,Y,90,100243,500,20010807,71909,40335092000,12.0,,0,,N,Y,Y,11749,2112,1952,1388,17.49,20250331.0,78093,LB6,N,N,N
021820,KR7021820006,세원정공,ST,3.0,27,15,0,,N,N,0,N,N,N,,N,N,N,N,N,N,N,N,N,0,N,N,N,N,N,N,N,N,10810,1,1,N,N,N,0,N,N,N,0,0,0,100,N,90,4995,500,19960703,10000,5000000000,6.0,,0,,N,N,Y,1187,89,366,327,6.83,20250331.0,1081,,N,N,N
022100,KR7022100002,포스코DX,ST,2.0,26,0,0,,N,N,5,Y,N,Y,,Y,Y,N,N,N,N,N,N,N,0,N,N,N,N,N,N,N,N,23850,1,1,N,N,N,0,N,N,N,0,0,0,40,Y,90,159162,500,20240102,152034,76017364500,12.0,,0,,N,Y,Y,2968,229,283,217,16.29,20250331.0,36260,853,N,N,Y
023000,KR7023000003,삼원강재,ST,3.0,27,15,0,,N,N,0,N,N,N,,N,N,N,N,N,N,N,N,N,0,N,N,N,N,N,N,N,N,2550,1,1,N,N,N,0,N,N,N,0,0,0,100,N,90,17826,500,20110722,40000,20000000000,12.0,,0,,N,N,Y,3436,118,152,132,5.37,20241231.0,1020,Z35,N,N,N
023150,KR7023150006,MH에탄올,ST,3.0,27,5,0,,N,N,0,N,N,N,,N,N,N,N,N,N,N,N,N,0,N,N,N,N,N,N,N,N,5360,1,1,N,N,N,0,N,N,N,0,0,0,100,N,90,2664,500,19961224,7378,4596763000,12.0,,0,,N,N,Y,216,8,55,51,15.58,20250331.0,395,,N,N,N
023350,KR7023350002,한국종합기술,ST,3.0,26,0,0,,N,N,0,N,N,N,,N,N,N,N,N,N,N,N,N,0,N,N,N,N,N,N,N,N,5150,1,1,N,N,N,0,N,N,N,0,0,0,100,N,90,24483,500,20110428,10950,5475000000,12.0,,0,,N,N,Y,3989,9,85,62,3.97,20241231.0,563,,N,N,N
023450,KR7023450000,동남합성,ST,3.0,27,8,0,,N,N,0,N,N,N,,N,N,N,N,N,N,N,N,N,0,N,N,N,N,N,N,N,N,32200,1,1,N,N,N,0,N,N,N,0,0,0,100,N,90,61,500,19961224,3500,3125564000,12.0,,0,,N,N,Y,1864,89,82,67,12.72,20241231.0,1127,,N,N,N
023530,KR7023530009,롯데쇼핑,ST,2.0,16,0,0,,N,N,8,N,N,Y,,N,N,N,N,N,N,N,N,N,0,N,N,N,N,N,N,N,N,73100,1,1,N,N,N,0,N,N,N,0,0,0,60,Y,90,41079,5000,20060209,28288,141443775000,12.0,,0,,N,Y,Y,34568,1482,446,181,0.42,20250331.0,20679,283,N,N,Y
023590,KR7023590003,다우기술,ST,2.0,29,0,0,,N,N,0,N,N,Y,,N,N,N,N,N,N,N,N,N,0,N,N,N,N,N,N,N,N,33650,1,1,N,N,N,0,N,N,N,0,0,0,30,Y,90,63266,500,19970827,44866,22433308500,12.0,,0,,N,Y,Y,37476,3444,3385,2375,14.03,20250331.0,15097,,N,N,Y
023800,KR7023800006,인지컨트롤스,ST,3.0,27,15,0,,N,N,0,N,N,N,,N,N,N,N,N,N,N,N,N,0,N,N,N,N,N,N,N,N,5760,1,1,N,N,N,0,N,N,N,0,0,0,100,N,90,38518,500,19970623,15809,7904598500,12.0,,0,,N,N,Y,1813,97,122,128,21.7,20250331.0,910,,N,N,N
023810,KR7023810005,인팩,ST,3.0,27,15,0,,N,N,0,N,N,N,,N,N,N,N,N,N,N,N,N,0,N,N,N,N,N,N,N,N,6230,1,1,N,N,N,0,N,N,N,0,0,0,100,N,90,8442,500,20040921,10000,5000000000,12.0,,0,,N,N,Y,1461,72,48,40,8.56,20250331.0,623,,N,N,N
023960,KR7023960008,에쓰씨엔지니어링,ST,3.0,18,0,0,,N,N,0,N,N,N,,N,N,N,N,N,N,N,N,N,0,N,N,N,N,N,N,N,N,1298,1,1,N,N,N,0,N,N,N,0,0,0,100,N,90,150325,500,19970623,37061,18530849000,12.0,,0,,N,N,Y,361,-13,-12,-15,-13.07,20250331.0,481,,N,N,N
024070,KR7024070005,WISCOM,ST,3.0,27,8,0,,N,N,0,N,N,N,,N,N,N,N,N,N,N,N,N,0,N,N,N,N,N,N,N,N,1971,1,1,N,N,N,0,N,N,N,0,0,0,100,N,90,2011,500,19961122,15326,7663219000,12.0,,0,,N,N,Y,256,-8,-3,-3,-1.42,20250331.0,302,,N,N,N
024090,KR7024090003,디씨엠,ST,3.0,27,11,0,,N,N,0,N,N,N,,N,N,N,N,N,N,N,N,N,0,N,N,N,N,N,N,N,N,12800,1,1,N,N,N,0,N,N,N,0,0,0,100,N,90,10919,500,19990818,11400,6000000000,12.0,,0,,N,N,Y,2409,170,230,189,7.54,20241231.0,1459,,N,N,N
024110,KR7024110009,기업은행,ST,1.0,21,0,0,,N,Y,6,Y,Y,Y,,N,Y,N,N,N,Y,N,N,N,0,N,N,N,N,N,N,N,Y,19370,1,1,N,N,N,0,N,N,N,0,0,0,20,Y,90,738073,5000,20031224,797425,3987129345000,12.0,,0,,N,Y,Y,72191,10240,10491,8142,9.52,20250331.0,154461,,N,N,Y
024720,KR7024720005,콜마홀딩스,ST,3.0,21,0,0,,N,N,0,N,N,N,,N,N,N,N,N,N,N,N,N,0,N,N,N,N,N,N,N,N,14340,1,1,N,N,N,0,N,N,N,0,0,0,40,Y,90,105063,500,20020409,34296,18480739500,12.0,,0,,N,N,Y,1524,3,31,11,0.25,20250331.0,4918,,N,N,Y
024890,KR7024890006,대원화성,ST,3.0,27,8,0,,N,N,0,N,N,N,,N,N,N,N,N,N,N,N,N,0,N,N,N,N,N,N,N,N,900,1,1,N,N,N,0,N,N,N,0,0,0,100,N,90,35185,500,19971028,41249,20624576000,12.0,,0,,N,N,Y,353,4,-2,-7,-7.29,20250331.0,371,,N,N,N
024900,KR7024900003,디와이덕양,ST,3.0,27,15,0,,N,N,0,N,N,N,,N,N,N,N,N,N,N,N,N,0,N,N,N,N,N,N,N,N,2505,1,1,N,N,N,0,N,N,N,0,0,0,100,N,90,34949,500,19970623,32564,16282490000,12.0,,0,,N,N,Y,4350,31,37,33,12.24,20250331.0,815,,N,N,N
025000,KR7025000001,KPX케미칼,ST,3.0,27,8,0,,N,N,0,N,N,N,,N,N,N,N,N,N,N,N,N,0,N,N,N,N,N,N,N,N,52300,1,1,N,N,N,0,N,N,N,0,0,0,40,Y,90,1861,5000,19941227,4840,24200000000,12.0,,0,,N,N,Y,2213,103,44,35,1.99,20250331.0,2531,,N,N,N
025530,KR7025530007,SJM홀딩스,ST,3.0,16,0,0,,N,N,0,N,N,N,,N,N,N,N,N,N,N,N,N,0,N,N,N,N,N,N,N,N,3625,1,1,N,N,N,0,N,N,N,0,0,0,100,N,90,6235,500,19970212,14934,7467004000,12.0,,0,,N,N,Y,545,39,77,61,7.82,20250331.0,541,,N,N,N
025540,KR7025540006,한국단자,ST,2.0,27,13,0,,N,N,0,N,N,Y,,N,N,N,N,N,N,N,N,N,0,N,N,N,N,Y,N,N,N,64500,1,1,N,N,N,0,N,N,N,0,0,0,30,Y,90,28274,500,19961016,10115,5207500000,12.0,,0,,N,N,Y,3575,287,366,271,10.04,20250331.0,6524,,N,N,Y
025560,KR7025560004,미래산업,ST,3.0,27,14,0,,N,N,0,N,N,N,,N,N,N,N,N,N,N,N,N,0,N,N,N,N,N,N,N,N,10420,1,1,N,N,N,0,N,N,N,0,0,0,100,N,90,68806,500,19961122,4482,2241327000,12.0,,0,,N,N,Y,47,3,1,1,0.35,20250331.0,467,,N,N,N
025620,KR7025620006,제이준코스메틱,ST,3.0,27,8,0,,N,N,0,N,N,N,,N,N,N,N,N,N,N,N,N,0,N,N,N,N,N,N,N,N,8320,1,1,N,N,N,0,N,N,N,0,0,0,100,N,90,29937,500,19950708,8030,4015374000,12.0,,0,,N,N,Y,18,-19,-24,-24,-33.19,20250331.0,668,,N,N,N
025750,KR7025750001,한솔홈데코,ST,3.0,27,7,0,,N,N,0,N,N,N,,N,N,N,N,N,N,N,N,N,0,N,N,N,N,N,N,N,N,727,1,1,N,N,N,0,N,N,N,0,0,0,100,N,90,205843,1000,20031104,80565,83765149000,12.0,,0,,N,N,Y,743,12,10,6,2.06,20250331.0,585,,N,N,N
025820,KR7025820002,이구산업,ST,3.0,27,11,0,,N,N,0,N,N,N,,N,N,N,N,N,N,N,N,N,0,N,N,N,N,N,N,N,N,4930,1,1,N,N,N,0,N,N,N,0,0,0,60,Y,90,232942,500,19950818,33442,16721000000,12.0,,0,,N,N,Y,4723,252,160,126,9.61,20241231.0,1648,,N,N,N
025860,KR7025860008,남해화학,ST,3.0,27,8,0,,N,N,0,N,N,Y,,N,N,N,N,N,N,N,Y,N,0,N,N,N,N,N,N,N,N,7450,1,1,N,N,N,0,N,N,N,0,0,0,60,Y,90,47314,1000,19951110,49678,49678843000,12.0,,0,,N,N,Y,4377,207,186,136,10.72,20250331.0,3701,E56,N,N,Y
025890,KR7025890005,한국주강,ST,3.0,27,12,0,,N,N,0,N,N,N,,N,N,N,N,N,N,N,N,N,0,N,N,N,N,N,N,N,N,1862,1,1,N,N,N,0,N,N,N,0,0,0,100,N,90,4803,500,19970718,11309,5654629500,12.0,,0,,N,N,Y,473,11,8,8,2.27,20241231.0,210,,N,N,N
026890,KR7026890004,스틱인베스트먼트,ST,3.0,21,0,0,,N,N,0,N,N,N,,N,N,N,N,N,N,N,N,N,0,N,N,N,N,N,N,N,N,9760,1,1,N,N,N,0,N,N,N,0,0,0,60,Y,90,41828,500,19971125,41678,20839087500,12.0,,0,,N,N,Y,166,-57,-57,-46,-7.35,20250331.0,4067,,N,N,N
026940,KR7026940007,부국철강,ST,3.0,27,11,0,,N,N,0,N,N,N,,N,N,N,N,N,N,N,N,N,0,N,N,N,N,N,N,N,N,2335,1,1,N,N,N,0,N,N,N,0,0,0,100,N,90,37193,500,20081014,20000,10000000000,12.0,,0,,N,N,Y,1818,1,30,23,1.77,20241231.0,467,,N,N,N
026960,KR7026960005,동서,ST,2.0,16,0,0,,N,N,7,N,N,Y,,N,N,N,N,N,N,N,N,N,0,N,N,N,N,N,N,N,N,28950,1,1,N,N,N,0,N,N,N,0,0,0,30,Y,90,58583,500,20160715,99700,49850000000,12.0,,0,,N,Y,Y,1288,118,484,443,10.5,20250331.0,28863,,N,N,Y
027410,KR7027410000,BGF,ST,3.0,21,0,0,,N,N,0,N,N,N,,N,N,N,N,N,N,N,N,N,0,N,N,N,N,N,N,N,N,3995,1,1,N,N,N,0,N,N,N,0,0,0,40,Y,90,79935,1000,20140519,95716,95716791000,12.0,,0,,N,N,Y,1059,52,41,45,1.14,20250331.0,3823,,N,N,N
027740,KR7027740000,마니커,ST,3.0,27,5,0,,N,N,0,N,N,N,,N,N,N,N,N,N,N,N,N,0,N,N,N,N,N,N,N,N,861,1,1,N,N,N,0,N,N,N,0,0,0,100,N,90,119188,500,20021029,63511,31755614000,12.0,,0,,N,N,Y,766,-34,-39,-39,-38.22,20250331.0,546,,N,N,N
027970,KR7027970003,한국제지,ST,3.0,27,7,0,,N,N,0,N,N,N,,N,N,N,N,N,N,N,N,N,0,N,N,N,N,N,N,N,N,834,1,1,N,N,N,0,N,N,N,0,0,0,100,N,90,31586,1000,19960703,190178,190178237000,12.0,,0,,N,N,Y,1991,42,26,31,2.79,20250331.0,1586,,N,N,N
028050,KR7028050003,삼성E&A,ST,1.0,26,0,0,,N,N,1,Y,N,Y,,N,Y,N,N,N,N,N,N,N,0,N,Y,N,N,N,N,N,Y,26700,1,1,N,N,N,0,N,N,N,0,0,0,40,Y,90,525570,5000,19961224,196000,980000000000,12.0,,0,,N,Y,Y,20980,1573,2046,1572,14.14,20250331.0,52332,511,N,N,Y
028100,KR7028100006,동아지질,ST,3.0,18,0,0,,N,N,0,N,N,N,,N,N,N,N,N,N,N,N,N,0,N,N,N,N,N,N,N,N,15950,1,1,N,N,N,0,N,N,N,0,0,0,100,N,90,10959,500,20090612,13389,7026323000,12.0,,0,,N,N,Y,1039,35,39,29,5.04,20250331.0,2135,,N,N,N
028260,KR7028260008,삼성물산,ST,1.0,16,0,0,,N,N,1,Y,Y,Y,,Y,Y,N,N,N,N,N,N,N,0,N,N,N,N,N,N,N,N,165100,1,1,N,N,N,0,N,N,N,0,0,0,20,Y,90,217014,100,20141218,169976,18370278100,12.0,,0,,N,Y,Y,97368,7244,12036,9372,9.3,20250331.0,280631,511,N,N,Y
02826K,KR702826K016,삼성물산우B,ST,0.0,16,0,0,,N,N,0,N,N,N,,N,N,N,N,N,N,N,N,N,0,N,N,N,N,N,N,N,N,118000,1,1,N,N,N,0,N,N,N,0,0,0,50,Y,90,3367,100,20150915,1467,146759000,12.0,,9,,N,N,N,0,0,0,0,0.0,,1731,,N,N,N
028670,KR7028670008,팬오션,ST,2.0,19,0,0,,N,N,9,N,N,Y,,N,Y,N,N,N,N,N,N,N,0,N,N,N,N,N,N,Y,N,4200,1,1,N,N,N,0,N,N,N,0,0,0,30,Y,90,913746,1000,20070921,534569,534569512000,12.0,,0,,N,Y,Y,13934,1133,754,720,5.11,20250331.0,22451,HRM,N,N,Y
029460,KR7029460003,케이씨,ST,3.0,27,14,0,,N,N,0,N,N,Y,,N,N,N,Y,N,N,N,N,N,0,N,N,N,N,N,N,N,N,22650,1,1,N,N,N,0,N,N,N,0,0,0,40,Y,90,16970,500,19971125,13231,6777022000,12.0,,0,,N,N,Y,2367,255,309,265,11.68,20250331.0,2996,,N,N,N
029530,KR7029530003,신도리코,ST,3.0,27,13,0,,N,N,0,N,N,N,,N,N,N,N,N,N,N,N,N,0,N,N,N,N,N,N,N,N,48500,1,1,N,N,N,0,N,N,N,0,0,0,40,Y,90,24740,5000,19961224,10080,50400145000,12.0,,0,,N,N,Y,790,34,154,130,4.9,20250331.0,4888,,N,N,N
029780,KR7029780004,삼성카드,ST,1.0,21,0,0,,N,Y,6,Y,N,Y,,N,N,N,N,N,N,N,N,N,0,N,N,N,N,N,N,N,Y,50400,1,1,N,N,N,0,N,N,N,0,0,0,30,Y,90,35975,5000,20070627,115858,614794455000,12.0,,0,,N,Y,Y,43832,8854,8880,6646,8.0,20241231.0,58392,511,N,N,N
030000,KR7030000004,제일기획,ST,2.0,26,0,0,,N,N,B,N,N,Y,,N,N,N,N,N,N,N,N,N,0,N,N,N,N,N,N,N,N,20050,1,1,N,N,N,0,N,N,N,0,0,0,30,Y,90,199640,200,19980303,115041,23008245000,12.0,,0,,N,Y,Y,10394,585,419,280,7.98,20250331.0,23065,511,N,N,N
030190,KR7030190003,NICE평가정보,ST,2.0,29,0,0,,N,N,0,N,N,N,,N,N,N,N,N,N,N,N,N,0,N,N,N,N,N,N,N,N,15290,1,1,N,N,N,0,N,N,N,0,0,0,30,Y,90,85173,500,20230808,59506,30357410000,12.0,,0,,N,N,Y,1422,250,245,195,18.67,20250331.0,9098,,N,N,N
030200,KR7030200000,KT,ST,1.0,20,0,0,,N,Y,B,Y,Y,Y,,Y,Y,N,N,N,N,N,N,N,0,Y,N,N,N,N,N,N,Y,54300,1,1,N,N,N,0,N,N,N,0,0,0,20,Y,90,493409,5000,19981223,252021,1564498835000,12.0,,0,,N,Y,Y,68451,6888,7118,5668,13.16,20250331.0,136847,905,N,N,Y
030210,KR7030210009,다올투자증권,ST,3.0,21,24,0,,N,N,0,N,N,Y,,N,N,N,N,N,N,N,N,N,0,N,N,N,Y,N,N,N,N,3500,1,1,N,N,N,0,N,N,N,0,0,0,100,N,90,65378,5000,19961119,60911,304555530000,12.0,,0,,N,N,Y,4372,60,127,95,6.79,20250331.0,2131,,N,N,N
030610,KR7030610000,교보증권,ST,2.0,21,24,0,,N,N,0,N,N,Y,,N,N,N,N,N,N,N,N,N,0,N,N,N,Y,N,N,N,N,8810,1,1,N,N,N,0,N,N,N,0,0,0,60,Y,90,68137,5000,20020718,113962,569814805000,12.0,,0,,N,N,Y,11083,672,693,517,10.29,20250331.0,10040,,N,N,N
030720,KR7030720007,동원수산,ST,3.0,0,0,0,,N,N,0,N,N,N,,N,N,N,N,N,N,N,N,N,0,N,N,N,N,N,N,N,N,5990,1,1,N,N,N,0,N,N,N,0,0,0,100,N,90,9800,5000,19961122,4653,23269025000,12.0,,0,,N,N,Y,451,22,23,18,14.53,20250331.0,278,,N,N,N
031210,KR7031210008,서울보증보험,ST,0.0,21,25,0,,N,,0,N,N,N,,N,N,,,,,N,,,0,,,N,,,,,,42600,1,1,N,N,N,0,N,N,N,0,0,0,30,Y,90,78082,2500,20250314,69821,174553995000,12.0,,0,,N,N,Y,6735,273,257,194,1.52,20250331.0,29744,,N,N,Y
031430,KR7031430002,신세계인터내셔날,ST,3.0,16,0,0,,N,N,0,N,N,N,,N,N,N,N,N,N,N,N,N,0,N,N,N,N,N,N,N,N,11640,1,1,N,N,N,0,N,N,N,0,0,0,40,Y,90,45001,1000,20110714,35343,35700000000,12.0,,0,,N,N,Y,3042,47,60,45,2.16,20250331.0,4113,577,N,N,Y
031440,KR7031440001,신세계푸드,ST,3.0,26,0,0,,N,N,0,N,N,N,,N,N,N,N,N,N,N,N,N,0,N,N,N,N,N,N,N,N,37000,1,1,N,N,N,0,N,N,N,0,0,0,60,Y,90,5376,5000,20100429,3872,19362400000,12.0,,0,,N,N,Y,3586,79,64,54,7.3,20250331.0,1432,577,N,N,N
031820,KR7031820004,아이티센씨티에스,ST,3.0,29,0,0,,N,N,0,N,N,N,,N,N,N,N,N,N,N,N,N,0,N,N,N,N,N,N,N,N,630,1,1,N,N,N,0,N,N,N,0,0,0,100,N,90,289891,500,19970212,121051,60525733000,12.0,,0,,N,N,Y,2010,-77,-59,-60,-9.25,20250331.0,762,,N,N,N
032350,KR7032350001,롯데관광개발,ST,2.0,26,0,0,,N,N,0,N,N,Y,,N,N,N,N,N,N,N,N,N,0,N,N,N,N,N,N,N,N,17680,1,1,N,N,N,0,N,N,N,0,0,0,100,N,90,1053901,500,20060608,79539,39769742000,12.0,,0,,N,Y,Y,2796,461,-190,-178,-10.79,20250630.0,14062,,N,N,N
032560,KR7032560005,황금에스티,ST,3.0,27,11,0,,N,N,0,N,N,N,,N,N,N,N,N,N,N,N,N,0,N,N,N,N,N,N,N,N,5870,1,1,N,N,N,0,N,N,N,0,0,0,100,N,90,20946,500,20091029,17000,8500000000,12.0,,0,,N,N,Y,726,51,79,63,5.93,20250331.0,997,,N,N,N
032640,KR7032640005,LG유플러스,ST,1.0,20,0,0,,N,N,B,Y,N,Y,,N,N,N,N,N,N,N,N,N,0,Y,N,N,N,N,N,N,Y,14560,1,1,N,N,N,0,N,N,N,0,0,0,30,Y,90,930353,5000,20080421,436611,2573969175000,12.0,,0,,N,Y,Y,37481,2554,2005,1625,7.75,20250331.0,63570,282,N,N,N
032830,KR7032830002,삼성생명,ST,1.0,21,25,0,,N,Y,6,Y,Y,Y,,N,Y,N,N,N,N,N,N,N,0,N,N,N,N,N,Y,N,Y,124200,1,1,N,N,N,0,N,N,N,0,0,0,20,Y,90,188041,500,20100512,200000,100000000000,12.0,,0,,N,Y,Y,84099,7540,8425,6775,8.44,20250331.0,248400,511,N,N,Y
033180,KR7033180001,KH 필룩스,ST,3.0,27,13,0,,N,N,0,N,N,N,,N,N,N,N,N,N,N,N,N,0,N,N,N,N,N,N,N,N,5310,1,1,Y,N,Y,0,N,N,N,0,0,0,100,N,90,0,100,20011226,26020,2752002000,12.0,,0,,N,N,Y,396,-15,-92,-94,-6.76,20250331.0,1381,,N,N,N
033240,KR7033240003,자화전자,ST,3.0,27,13,0,,N,N,0,N,N,N,,N,N,N,N,N,N,N,N,N,0,N,N,N,N,N,N,N,N,19410,1,1,N,N,N,0,N,N,N,0,0,0,100,N,90,149997,500,19990106,21756,11077935000,12.0,,0,,N,N,Y,1612,50,69,51,5.1,20250331.0,4222,,N,N,N
033250,KR7033250002,체시스,ST,3.0,27,15,0,,N,N,0,N,N,N,,N,N,N,N,N,N,N,N,N,0,N,N,N,N,N,N,N,N,1131,1,1,N,N,N,0,N,N,N,0,0,0,100,N,90,154340,500,19990811,32000,16000000000,12.0,,0,,N,N,Y,244,25,23,24,24.02,20250331.0,361,,N,N,N
033270,KR7033270000,유나이티드제약,ST,3.0,27,9,0,,N,N,0,N,N,Y,,N,N,N,N,Y,N,N,N,N,0,N,N,N,N,N,N,N,N,20850,1,1,N,N,N,0,N,N,N,0,0,0,40,Y,90,21671,500,20071023,16333,8166911000,12.0,,0,,N,N,Y,2887,563,461,325,8.27,20241231.0,3405,,N,N,N
033530,KR7033530007,SJG세종,ST,3.0,27,15,0,,N,N,0,N,N,N,,N,N,N,N,N,N,N,N,N,0,N,N,N,N,N,N,N,N,4405,1,1,N,N,N,0,N,N,N,0,0,0,60,Y,90,16304,500,20020925,27820,13910480500,12.0,,0,,N,N,Y,4536,222,283,232,19.27,20250331.0,1225,,N,N,N
033780,KR7033780008,KT&G,ST,1.0,27,5,0,,N,Y,7,Y,Y,Y,,N,Y,N,N,N,N,N,N,N,0,N,N,N,N,N,N,N,N,138500,1,1,N,N,N,0,N,N,N,0,0,0,20,Y,90,471443,5000,19991008,122062,954959485000,12.0,,0,,N,Y,Y,14911,2856,3374,2579,11.17,20250331.0,169056,KTG,N,N,Y
033920,KR7033920000,무학,ST,3.0,27,5,0,,N,N,0,N,N,N,,N,N,N,N,N,N,N,N,N,0,N,N,N,N,N,N,N,N,7970,1,1,N,N,N,0,N,N,N,0,0,0,50,Y,90,33336,200,20100720,28500,5700000000,12.0,,0,,N,N,Y,374,30,136,112,7.76,20250331.0,2271,,N,N,N
034020,KR7034020008,두산에너빌리티,ST,1.0,27,12,0,,N,N,2,Y,Y,Y,,Y,Y,N,N,N,N,N,N,N,0,N,N,N,N,Y,N,N,Y,65400,1,1,N,N,N,0,N,N,N,0,0,0,20,Y,90,7028428,5000,20001025,640561,3202805730000,12.0,,0,,N,Y,Y,37486,1425,302,-212,-3.65,20250331.0,418926,391,N,N,Y
034120,KR7034120006,SBS,ST,3.0,30,0,0,,N,N,0,N,N,Y,,N,N,N,N,N,N,N,N,N,0,Y,N,N,N,N,N,N,N,20900,1,1,N,N,N,0,N,N,N,0,0,0,40,Y,90,55356,5000,20030625,18551,92756190000,12.0,,0,,N,N,Y,2063,-69,-79,-69,-3.06,20250331.0,3877,,N,N,Y
034220,KR7034220004,LG디스플레이,ST,1.0,27,13,0,,N,N,5,Y,N,Y,,N,Y,N,N,N,N,N,N,N,0,N,N,N,N,N,N,N,Y,11000,1,1,N,N,N,0,N,N,N,0,0,0,60,Y,90,1429370,5000,20040723,500000,2500000000000,12.0,,0,,N,Y,Y,60653,335,-1485,-2370,-16.4,20250331.0,55000,282,N,N,Y
034230,KR7034230003,파라다이스,ST,2.0,30,0,0,,N,N,0,N,N,Y,,N,N,N,N,N,N,N,N,N,0,N,N,N,N,N,N,N,N,19500,1,1,N,N,N,0,N,N,N,0,0,0,50,Y,90,1527534,500,20240624,91461,47562238000,12.0,,0,,N,Y,Y,2833,573,496,431,7.57,20250331.0,17834,,N,N,Y
034310,KR7034310003,NICE,ST,3.0,26,0,0,,N,N,0,N,N,N,,N,N,N,N,N,N,N,N,N,0,N,N,N,N,N,N,N,N,12890,1,1,N,N,N,0,N,N,N,0,0,0,40,Y,90,49303,500,20040204,37128,18941150000,12.0,,0,,N,N,Y,7450,306,253,152,4.24,20250331.0,4785,,N,N,N
034590,KR7034590000,인천도시가스,ST,3.0,17,0,0,,N,N,0,N,N,N,,N,N,N,N,N,N,N,N,N,0,N,N,N,N,N,N,N,N,25800,1,1,N,N,N,0,N,N,N,0,0,0,100,N,90,2459,5000,20061107,4374,21873770000,12.0,,0,,N,N,Y,9436,194,244,193,8.85,20241231.0,1128,,N,N,N
034730,KR7034730002,SK,ST,1.0,21,0,0,,N,Y,4,Y,Y,Y,,N,Y,N,N,N,N,N,N,N,0,N,N,N,N,N,N,N,Y,192400,1,1,N,N,N,0,N,N,N,0,0,0,20,Y,90,113064,200,20091111,72502,16029865800,12.0,,0,,N,Y,Y,312299,2290,16424,35907,36.06,20250331.0,139495,535,N,N,Y
03473K,KR703473K016,SK우,ST,0.0,21,0,0,,N,N,0,N,N,N,,N,N,N,N,N,N,N,N,N,0,N,N,N,N,N,N,N,N,153500,1,1,N,N,N,0,N,N,N,0,0,0,100,N,90,1688,200,20150817,566,113227000,12.0,,9,,N,N,N,0,0,0,0,0.0,,869,,N,N,N
034830,KR7034830000,한국토지신탁,ST,3.0,21,0,0,,N,N,0,N,N,N,,N,N,N,N,N,N,N,N,N,0,N,N,N,N,N,N,N,N,1247,1,1,N,N,N,0,N,N,N,0,0,0,100,N,90,186124,1000,20160711,252489,252489230000,12.0,,0,,N,N,Y,372,-46,110,84,3.59,20250331.0,3148,,N,N,N
035000,KR7035000009,HS애드,ST,3.0,26,0,0,,N,N,0,N,N,N,,N,N,N,N,N,N,N,N,N,0,N,N,N,N,N,N,N,N,8140,1,1,N,N,N,0,N,N,N,0,0,0,50,Y,90,7301,1000,19990811,16567,17571493000,12.0,,0,,N,N,Y,808,-95,-93,-78,-16.02,20250331.0,1348,282,N,N,N
035150,KR7035150002,백산,ST,3.0,27,8,0,,N,N,0,N,N,N,,N,N,N,N,N,N,N,N,N,0,N,N,N,N,N,N,N,N,14360,1,1,N,N,N,0,N,N,N,0,0,0,40,Y,90,14376,500,19990811,21001,14145000000,12.0,,0,,N,N,Y,1342,190,173,131,21.2,20250331.0,3015,,N,N,N
035250,KR7035250000,강원랜드,ST,1.0,30,0,0,,N,Y,8,Y,N,Y,,N,Y,N,N,N,N,N,N,N,0,N,N,N,N,N,N,N,N,19020,1,1,N,N,N,0,N,N,N,0,0,0,30,Y,90,335181,500,20030904,213940,106970250000,12.0,,0,,N,Y,Y,3663,743,971,746,7.85,20250331.0,40691,,N,N,Y
035420,KR7035420009,NAVER,ST,1.0,29,0,0,,N,N,B,Y,Y,Y,,Y,Y,N,N,N,N,N,N,N,0,N,N,N,N,N,N,N,N,235500,1,1,N,N,N,0,N,N,N,0,0,0,20,Y,90,1019496,100,20081128,158437,16481339500,12.0,,0,,N,Y,Y,27868,5053,5801,4237,6.55,20250331.0,373119,LB4,N,N,Y
035510,KR7035510007,신세계 I&C,ST,3.0,29,0,0,,N,N,0,N,N,N,,N,N,N,N,N,N,N,N,N,0,N,N,N,N,N,N,N,N,16520,1,1,N,N,N,0,N,N,N,0,0,0,50,Y,90,155568,500,20060518,13980,6990450000,12.0,,0,,N,N,Y,1721,107,122,94,9.15,20250331.0,2309,577,N,N,Y
035720,KR7035720002,카카오,ST,1.0,29,0,0,,N,N,B,Y,Y,Y,,Y,Y,N,N,N,N,N,N,N,0,N,N,N,N,N,N,N,N,63600,1,1,N,N,N,0,N,N,N,0,0,0,20,Y,90,11910000,100,20170710,442124,44262479900,12.0,,0,,N,Y,Y,18637,1054,1929,2003,6.7,20250331.0,281191,KAO,N,N,Y
036420,KR7036420008,콘텐트리중앙,ST,3.0,30,0,0,,N,N,0,N,N,N,,N,N,N,N,N,N,N,N,N,0,N,N,N,N,N,N,N,N,10880,1,1,N,N,N,0,N,N,N,0,0,0,100,N,90,74797,5000,20191018,19262,96311540000,12.0,,0,,N,N,Y,2252,-121,-373,-374,-126.65,20250331.0,2095,,N,N,N
036460,KR7036460004,한국가스공사,ST,2.0,17,0,0,,N,N,7,Y,N,Y,,Y,N,N,N,N,N,N,N,N,0,N,N,N,N,N,N,N,Y,42300,1,1,N,N,N,0,N,N,N,0,0,0,60,Y,90,166028,5000,19991215,92313,461565000000,12.0,,0,,N,Y,Y,127327,8339,4825,3672,13.43,20250331.0,39048,,N,N,N
036530,KR7036530004,SNT홀딩스,ST,3.0,21,0,0,,N,N,0,N,N,Y,,N,N,Y,N,N,N,N,N,N,0,N,N,N,N,N,N,N,N,53800,1,1,N,N,N,0,N,N,N,0,0,0,30,Y,90,18111,500,20021022,16303,8351943000,12.0,,0,,N,N,Y,4666,531,620,462,8.42,20250331.0,8771,,N,N,N
036570,KR7036570000,엔씨소프트,ST,1.0,29,0,0,,N,N,B,Y,N,Y,,N,Y,N,N,N,N,N,N,N,0,N,N,N,N,N,N,N,N,203500,1,1,N,N,N,0,N,N,N,0,0,0,30,Y,90,85477,500,20030522,21544,10977011000,12.0,,0,,N,Y,Y,3603,52,313,375,4.97,20250331.0,43842,,N,N,Y
036580,KR7036580009,팜스코,ST,3.0,27,5,0,,N,N,0,N,N,N,,N,N,N,N,N,N,N,N,N,0,N,N,N,N,N,N,N,N,2915,1,1,N,N,N,0,N,N,N,0,0,0,100,N,90,18907,500,19991025,36727,18363971500,12.0,,0,,N,N,Y,3745,200,36,13,3.2,20250331.0,1070,HRM,N,N,N
037270,KR7037270006,YG PLUS,ST,3.0,29,0,0,,N,N,0,N,N,N,,N,N,N,N,N,N,N,N,N,0,N,N,N,N,N,N,N,N,9550,1,1,N,N,N,0,N,N,N,0,0,0,60,Y,90,7802173,500,20030801,63541,32395730000,12.0,,0,,N,N,Y,590,45,79,70,15.09,20250331.0,6068,,N,N,N
037560,KR7037560000,LG헬로비전,ST,3.0,30,0,0,,N,N,0,N,N,Y,,N,N,N,N,N,N,N,N,N,0,Y,N,N,N,N,N,N,N,3000,1,1,N,N,N,0,N,N,N,0,0,0,60,Y,90,189147,2500,20121109,77446,193617162500,12.0,,0,,N,N,Y,3135,71,45,30,2.67,20250331.0,2323,282,N,N,Y
037710,KR7037710001,광주신세계,ST,3.0,16,0,0,,N,N,0,N,N,N,,N,N,N,N,N,N,N,N,N,0,N,N,N,N,N,N,N,N,31200,1,1,N,N,N,0,N,N,N,0,0,0,40,Y,90,13307,1000,20020207,7957,7957190000,12.0,,0,,N,N,Y,1836,523,613,462,5.58,20241231.0,2482,577,N,N,N
039130,KR7039130000,하나투어,ST,2.0,26,0,0,,N,N,8,N,N,Y,,N,N,N,N,N,N,N,N,N,0,N,N,N,N,N,N,N,N,53800,1,1,N,N,N,0,N,N,N,0,0,0,100,N,90,114020,500,20111101,15489,8019592500,12.0,,0,,N,Y,Y,1685,123,153,144,29.12,20250331.0,8333,,N,N,N
039490,KR7039490008,키움증권,ST,2.0,21,24,0,,N,N,6,N,N,Y,,N,N,N,N,N,N,N,N,N,0,N,N,N,Y,N,N,N,N,209500,1,1,N,N,N,0,N,N,N,0,0,0,30,Y,90,104023,5000,20090803,26125,139378565000,12.0,,0,,N,Y,Y,36600,3255,3261,2356,16.78,20250331.0,54733,,N,N,Y
039570,KR7039570007,HDC랩스,ST,3.0,18,0,0,,N,N,0,N,N,N,,N,N,N,N,N,N,N,N,N,0,N,N,N,N,N,N,N,N,9260,1,1,N,N,N,0,N,N,N,0,0,0,40,Y,90,3443,500,20150924,25957,12978800500,12.0,,0,,N,N,Y,1626,30,42,26,4.0,20250331.0,2403,HDC,N,N,N
041650,KR7041650003,상신브레이크,ST,3.0,27,15,0,,N,N,0,N,N,N,,N,N,N,N,N,N,N,N,N,0,N,N,N,N,N,N,N,N,2940,1,1,N,N,N,0,N,N,N,0,0,0,100,N,90,21556,500,20041027,21471,10735725000,12.0,,0,,N,N,Y,1440,28,3,-5,-0.35,20250331.0,631,,N,N,N
042660,KR7042660001,한화오션,ST,1.0,27,15,0,,N,N,2,Y,Y,Y,,Y,Y,N,N,N,N,N,N,N,0,N,N,N,N,Y,N,N,Y,117000,1,1,N,N,N,0,N,N,N,0,0,0,100,N,90,3705475,5000,20010202,306413,1537066970000,12.0,,0,,N,Y,Y,31431,2586,2172,2157,17.36,20250331.0,358503,913,N,N,N
042670,KR7042670000,HD현대인프라코어,ST,2.0,27,12,0,,N,Y,2,N,N,Y,,N,N,N,N,N,N,N,N,N,0,N,N,N,N,Y,N,N,Y,16510,1,1,N,N,N,0,N,N,N,0,0,0,30,Y,90,2140111,1000,20010202,192591,199538618000,12.0,,0,,N,Y,Y,10185,678,564,399,8.53,20250331.0,31796,IC5,N,N,Y
042700,KR7042700005,한미반도체,ST,1.0,27,12,0,,N,N,5,Y,Y,Y,,Y,Y,N,Y,N,N,N,N,N,0,N,N,N,N,N,N,N,N,87500,1,1,N,N,N,0,N,N,N,0,0,0,20,Y,90,346646,100,20050722,95312,12716420500,12.0,,0,,N,Y,Y,1474,696,704,547,41.22,20250331.0,83398,,N,N,Y
044380,KR7044380004,주연테크,ST,3.0,27,13,0,,N,N,0,N,N,N,,N,N,N,N,N,N,N,N,N,0,N,N,N,N,N,N,N,N,429,1,1,N,N,N,0,N,N,N,0,0,0,100,N,90,225914,200,20061115,66403,13280770400,12.0,,0,,N,N,Y,159,-4,-4,-4,-4.32,20250331.0,284,,N,N,N
044450,KR7044450005,KSS해운,ST,3.0,19,0,0,,N,N,0,N,N,N,,N,N,N,N,N,N,N,N,N,0,N,N,N,N,N,N,N,N,10210,1,1,N,N,N,0,N,N,N,0,0,0,50,Y,90,44219,500,20071026,23085,11592940000,12.0,,0,,N,N,Y,1377,297,124,116,8.74,20250331.0,2357,,N,N,N
044820,KR7044820009,코스맥스비티아이,ST,3.0,21,0,0,,N,N,0,N,N,N,,N,N,N,N,N,N,N,N,N,0,N,N,N,N,N,N,N,N,20850,1,1,N,N,N,0,N,N,N,0,0,0,100,N,90,15064,500,20061113,9603,4801960500,12.0,,0,,N,N,Y,1543,65,15,-14,1.05,20250331.0,2002,,N,N,N
047040,KR7047040001,대우건설,ST,2.0,18,0,0,,N,N,1,N,N,Y,,N,N,N,N,N,N,N,N,N,0,N,Y,N,N,N,N,N,N,3810,1,1,N,N,N,0,N,N,N,0,0,0,40,Y,90,789430,5000,20010323,415622,2078113190000,12.0,,0,,N,Y,Y,20767,1513,957,580,5.18,20250331.0,15835,123,N,N,N
047050,KR7047050000,포스코인터내셔널,ST,1.0,16,0,0,,N,N,9,Y,Y,Y,,Y,Y,N,N,N,N,N,N,N,0,N,N,N,N,N,N,N,N,48200,1,1,N,N,N,0,N,N,N,0,0,0,20,Y,90,198397,5000,20010323,175922,879613940000,12.0,,0,,N,Y,Y,81537,2702,2665,2038,12.3,20250331.0,84794,853,N,N,Y
047400,KR7047400007,유니온머티리얼,ST,3.0,27,10,0,,N,N,0,N,N,N,,N,N,N,N,N,N,N,N,N,0,N,N,N,N,N,N,N,N,1663,1,1,N,N,N,0,N,N,N,0,0,0,100,N,90,88280,500,20090929,42000,21000000000,12.0,,0,,N,N,Y,275,14,6,3,8.17,20250331.0,698,,N,N,N
047810,KR7047810007,한국항공우주,ST,1.0,27,15,0,,N,N,9,Y,N,Y,,Y,Y,N,N,N,N,N,N,N,0,N,N,N,N,N,N,N,N,93500,1,1,N,N,N,0,N,N,N,0,0,0,20,Y,90,329504,5000,20110630,97475,487375535000,12.0,,0,,N,Y,Y,6993,468,357,292,7.09,20250331.0,91139,,N,N,Y
049800,KR7049800006,우진플라임,ST,3.0,27,12,0,,N,N,0,N,N,N,,N,N,N,N,N,N,N,N,N,0,N,N,N,N,N,N,N,N,1994,1,1,N,N,N,0,N,N,N,0,0,0,100,N,90,13092,500,20060524,20000,10000000000,12.0,,0,,N,N,Y,381,-25,-29,-29,-11.11,20250331.0,398,,N,N,N
051600,KR7051600005,한전KPS,ST,2.0,18,0,0,,N,N,9,N,N,Y,,N,N,N,N,N,N,N,N,N,0,N,N,N,N,N,N,N,Y,53500,1,1,N,N,N,0,N,N,N,0,0,0,30,Y,90,219558,200,20071214,45000,9000000000,12.0,,0,,N,Y,Y,2880,78,156,112,3.52,20250331.0,24075,,N,N,Y
051630,KR7051630002,진양화학,ST,3.0,27,8,0,,N,N,0,N,N,N,,N,N,N,N,N,N,N,N,N,0,N,N,N,N,N,N,N,N,1975,1,1,N,N,N,0,N,N,N,0,0,0,100,N,90,11306,500,20010129,21200,10600000000,12.0,,0,,N,N,Y,245,-41,-45,-45,-12.58,20241231.0,418,,N,N,N
051900,KR7051900009,LG생활건강,ST,1.0,27,8,0,,N,N,7,Y,N,Y,,N,Y,N,N,N,N,N,N,N,0,N,N,N,N,N,N,N,Y,299000,1,1,N,N,N,0,N,N,N,0,0,0,40,Y,90,32973,5000,20010425,15618,78090985000,12.0,,0,,N,Y,Y,16979,1424,1421,1035,7.02,20250331.0,46698,282,N,N,N
051905,KR7051901007,LG생활건강우,ST,0.0,27,8,0,,N,N,0,N,N,N,,N,N,N,N,N,N,N,N,N,0,N,N,N,N,N,N,N,N,123000,1,1,N,N,N,0,N,N,N,0,0,0,60,Y,90,6737,5000,20010425,2099,10498485000,12.0,,1,,N,N,N,0,0,0,0,0.0,,2582,,N,N,N
051910,KR7051910008,LG화학,ST,1.0,27,8,0,,N,N,4,Y,Y,Y,,Y,Y,N,N,N,N,N,Y,N,0,N,N,N,N,N,N,N,Y,292500,1,1,N,N,N,0,N,N,N,0,0,0,20,Y,90,257418,5000,20010425,70592,352961715000,12.0,,0,,N,Y,Y,121710,-107,4439,2604,-1.29,20250331.0,206482,282,N,N,N
051915,KR7051911006,LG화학우,ST,0.0,27,8,0,,N,N,0,N,N,N,,N,N,N,N,N,N,N,N,N,0,N,N,N,N,N,N,N,N,149300,1,1,N,N,N,0,N,N,N,0,0,0,30,Y,90,36311,5000,20010425,7688,38444000000,12.0,,1,,N,N,N,0,0,0,0,0.0,,11479,,N,N,Y
052690,KR7052690005,한전기술,ST,2.0,26,0,0,,N,N,1,N,N,Y,,N,N,N,N,N,N,N,N,N,0,N,Y,N,N,N,N,N,N,97000,1,1,N,N,N,0,N,N,N,0,0,0,40,Y,90,481556,200,20091214,38220,7644000000,12.0,,0,,N,Y,Y,964,12,853,659,44.75,20250331.0,37073,,N,N,Y
053210,KR7053210001,스카이라이프,ST,3.0,30,0,0,,N,N,0,N,N,Y,,N,N,N,N,N,N,N,N,N,0,Y,N,N,N,N,N,N,N,5130,1,1,N,N,N,0,N,N,N,0,0,0,100,N,90,37167,2500,20110603,47522,119554915000,12.0,,0,,N,N,Y,2429,51,37,16,2.96,20250331.0,2437,905,N,N,N
053690,KR7053690004,한미글로벌,ST,3.0,26,0,0,,N,N,0,N,N,N,,N,N,N,N,N,N,N,N,N,0,N,N,N,N,N,N,N,N,20300,1,1,N,N,N,0,N,N,N,0,0,0,100,N,90,242190,500,20090623,10957,5478775000,12.0,,0,,N,N,Y,1225,98,84,67,12.71,20250331.0,2224,,N,N,N
055490,KR7055490007,테이팩스,ST,3.0,27,8,0,,N,,0,N,N,N,,N,N,,,,,N,,,0,,,N,,,,,,15820,1,1,N,N,N,0,N,N,N,0,0,0,100,N,90,15730,500,20171031,4769,3797825000,12.0,,0,,N,N,Y,311,-5,-13,-11,-2.98,20250331.0,754,,N,N,N
055550,KR7055550008,신한지주,ST,1.0,21,0,0,,N,Y,6,Y,Y,Y,,Y,Y,N,N,N,Y,N,N,N,0,N,N,N,N,N,N,N,Y,69200,1,1,N,N,N,0,N,N,N,0,0,0,20,Y,90,951223,5000,20010910,485494,2695586060000,12.0,,0,,N,Y,Y,114439,19442,20056,15170,10.55,20250331.0,335962,,N,N,Y
057050,KR7057050007,현대홈쇼핑,ST,2.0,16,0,0,,N,N,0,N,N,N,,N,N,N,N,N,N,N,N,N,0,N,N,N,N,N,N,N,N,54500,1,1,N,N,N,0,N,N,N,0,0,0,30,Y,90,21737,5000,20100913,12000,60000000000,12.0,,0,,N,N,Y,9599,481,578,338,5.25,20250331.0,6540,Z35,N,N,N
058430,KR7058430000,포스코스틸리온,ST,3.0,27,11,0,,N,N,0,N,N,N,,N,N,N,N,N,N,N,N,N,0,N,N,N,N,N,N,N,N,39750,1,1,N,N,N,0,N,N,N,0,0,0,60,Y,90,14651,5000,20020816,6000,30000000000,12.0,,0,,N,N,Y,2772,119,125,101,9.89,20250331.0,2385,853,N,N,Y
058650,KR7058650003,세아홀딩스,ST,3.0,27,11,0,,N,N,0,N,N,N,,N,N,N,N,N,N,N,N,N,0,N,N,N,N,N,N,N,N,131900,1,1,N,N,N,0,N,N,N,0,0,0,100,N,90,1878,5000,20010730,4000,20000000000,12.0,,0,,N,N,Y,15304,389,295,213,3.05,20250331.0,5276,474,N,N,N
058730,KR7058730003,다스코,ST,3.0,27,11,0,,N,N,0,N,N,N,,N,N,N,N,N,N,N,N,N,0,N,N,N,N,N,N,N,N,3060,1,1,N,N,N,0,N,N,N,0,0,0,100,N,90,84719,500,20040802,18796,9998470500,12.0,,0,,N,N,Y,500,-26,-33,-24,-6.94,20250331.0,575,,N,N,N
058850,KR7058850009,KTcs,ST,3.0,29,0,0,,N,N,0,N,N,N,,N,N,N,N,N,N,N,N,N,0,N,N,N,N,N,N,N,N,2685,1,1,N,N,N,0,N,N,N,0,0,0,60,Y,90,783233,500,20100916,42685,23842500000,12.0,,0,,N,N,Y,2352,66,67,53,10.36,20250331.0,1146,905,N,N,N
058860,KR7058860008,KTis,ST,3.0,29,0,0,,N,N,0,N,N,N,,N,N,N,N,N,N,N,N,N,0,N,N,N,N,N,N,N,N,2805,1,1,N,N,N,0,N,N,N,0,0,0,100,N,90,581421,500,20101217,34802,17401000000,12.0,,0,,N,N,Y,6039,210,161,119,5.76,20241231.0,976,905,N,N,N
060980,KR7060980000,HL홀딩스,ST,3.0,21,0,0,,N,N,0,N,N,Y,,N,N,Y,N,N,N,N,N,N,0,N,N,N,N,N,N,N,N,39500,1,1,N,N,N,0,N,N,N,0,0,0,40,Y,90,8343,5000,20100519,9403,55086180000,12.0,,0,,N,N,Y,3303,174,66,67,2.81,20250331.0,3714,,N,N,N
062040,KR7062040001,산일전기,ST,2.0,27,13,0,,N,,0,N,N,Y,,N,N,,,,,N,,,0,,,N,,,,,,120800,1,1,N,N,N,0,N,N,N,0,0,0,60,Y,90,1236167,500,20240729,30445,15222600000,12.0,,0,,N,Y,Y,3340,1092,1053,837,29.88,20241231.0,36777,,N,N,Y
063160,KR7063160006,종근당바이오,ST,3.0,27,9,0,,N,N,0,N,N,N,,N,N,N,N,N,N,N,N,N,0,N,N,N,N,N,N,N,N,22800,1,1,N,N,N,0,N,N,N,0,0,0,100,N,90,14977,2500,20011211,5485,13714905000,12.0,,0,,N,N,Y,1718,110,92,87,6.85,20241231.0,1250,,N,N,N
064350,KR7064350002,현대로템,ST,1.0,27,15,0,,N,N,2,Y,N,Y,,Y,Y,N,N,N,N,N,N,N,0,N,N,N,N,Y,N,N,N,192900,1,1,N,N,N,0,N,N,N,0,0,0,20,Y,90,825713,5000,20131030,109142,545711465000,12.0,,0,,N,Y,Y,11761,2029,2026,1571,29.95,20250331.0,210535,BH1,N,N,Y
064400,KR7064400005,LG씨엔에스,ST,0.0,29,0,0,,N,,0,N,N,N,,N,N,,,,,N,,,0,,,N,,,,,,69600,1,1,N,N,N,0,N,N,N,0,0,0,30,Y,90,1517177,500,20250205,96885,52042708500,12.0,,0,,N,N,Y,12114,789,882,573,9.59,20250331.0,67432,282,N,N,Y
064960,KR7064960008,SNT모티브,ST,2.0,27,15,0,,N,N,0,N,N,Y,,N,N,Y,N,N,N,N,N,N,0,N,N,N,N,N,N,N,N,32650,1,1,N,N,N,0,N,N,N,0,0,0,30,Y,90,40867,5000,20020311,26540,132701360000,12.0,,0,,N,N,Y,2262,230,278,213,8.61,20250331.0,8665,,N,N,N
066570,KR7066570003,LG전자,ST,1.0,27,13,0,,N,N,5,Y,Y,Y,,Y,Y,N,N,N,N,N,N,N,0,N,N,N,N,N,N,N,Y,77200,1,1,N,N,N,0,N,N,N,0,0,0,20,Y,90,250257,5000,20020422,163647,818239070000,12.0,,0,,N,Y,Y,227398,12591,11181,8756,14.87,20250331.0,126336,282,N,N,Y
066575,KR7066571001,LG전자우,ST,0.0,27,13,0,,N,N,0,N,N,N,,N,N,N,N,N,N,N,N,N,0,N,N,N,N,N,N,N,N,38650,1,1,N,N,N,0,N,N,N,0,0,0,40,Y,90,36681,5000,20020422,17185,85929960000,12.0,,1,,N,N,N,0,0,0,0,0.0,,6642,,N,N,N
066970,KR7066970005,엘앤에프,ST,2.0,27,13,0,,N,N,9,Y,N,Y,,Y,Y,N,N,N,N,N,N,N,0,N,N,N,N,N,N,N,N,72700,1,1,N,N,N,0,N,N,N,0,0,0,100,N,90,356403,500,20240129,36316,18158087000,12.0,,0,,N,Y,Y,3648,-1403,-1454,-1112,-67.54,20250331.0,26401,,N,N,N
067830,KR7067830000,세이브존I&C,ST,3.0,16,0,0,,N,N,0,N,N,N,,N,N,N,N,N,N,N,N,N,0,N,N,N,N,N,N,N,N,2660,1,1,N,N,N,0,N,N,N,0,0,0,100,N,90,23654,1000,20020725,41040,41040895000,12.0,,0,,N,N,Y,1172,78,161,126,2.64,20241231.0,1091,,N,N,N
068270,KR7068270008,셀트리온,ST,1.0,27,9,0,,N,N,A,Y,Y,Y,,Y,Y,N,N,Y,N,N,N,N,0,N,N,N,N,N,N,N,N,172500,1,1,N,N,N,0,N,N,N,0,0,0,20,Y,90,789658,1000,20180209,230920,239321029000,12.0,,0,,N,Y,Y,8419,1494,1955,1083,2.51,20250331.0,398337,LB3,N,N,Y
068290,KR7068290006,삼성출판사,ST,3.0,30,0,0,,N,N,0,N,N,N,,N,N,N,N,N,N,N,N,N,0,N,N,N,N,N,N,N,N,17050,1,1,N,N,N,0,N,N,N,0,0,0,100,N,90,16483,500,20020805,10000,5000000000,12.0,,0,,N,N,Y,406,-2,126,109,6.34,20241231.0,1705,,N,N,N
069260,KR7069260008,TKG휴켐스,ST,2.0,27,8,0,,N,N,4,N,N,Y,,N,N,N,N,N,N,N,Y,N,0,N,N,N,N,N,N,N,N,18220,1,1,N,N,N,0,N,N,N,0,0,0,30,Y,90,54336,1000,20021007,40878,40878588000,12.0,,0,,N,Y,Y,2693,126,184,140,6.72,20250331.0,7448,,N,N,N
069460,KR7069460004,대호에이엘,ST,3.0,27,11,0,,N,N,0,N,N,N,,N,N,N,N,N,N,N,N,N,0,N,N,N,N,N,N,N,N,1875,1,1,N,N,N,0,N,N,N,0,0,0,60,Y,90,882973,500,20021111,83582,41791211000,12.0,,0,,N,N,Y,521,46,37,41,16.59,20250331.0,1567,,N,N,N
069500,KR7069500007,KODEX 200,EF,,0,0,0,N,N,N,0,N,N,N,2.0,N,N,N,N,N,N,N,N,N,0,N,N,Y,N,N,N,N,N,43550,1,1,N,N,N,0,N,N,N,0,0,0,30,Y,90,9515224,0,20021014,159150,0,12.0,,0,,N,N,N,0,0,0,0,0.0,,69309,,N,N,Y
069620,KR7069620003,대웅제약,ST,2.0,27,9,0,,N,N,A,N,N,Y,,N,N,N,N,Y,N,N,N,N,0,N,N,N,N,N,N,N,N,134400,1,1,N,N,N,0,N,N,N,0,0,0,30,Y,90,43356,2500,20021101,11586,28966437500,12.0,,0,,N,Y,Y,3565,387,247,198,10.95,20250331.0,15572,,N,N,Y
069640,KR7069640001,한세엠케이,ST,3.0,16,0,0,,N,N,0,N,N,N,,N,N,N,N,N,N,N,N,N,0,N,N,N,N,N,N,N,N,920,1,1,N,N,N,0,N,N,N,0,0,0,100,N,90,72018,500,20110621,44806,22403251000,12.0,,0,,N,N,Y,615,-81,-108,-108,-106.81,20250331.0,412,,N,N,N
069660,KR7069660009,KIWOOM 200,EF,,0,0,0,N,N,N,0,N,N,N,2.0,N,N,N,N,N,N,N,N,N,0,N,N,Y,N,N,N,N,N,43560,1,1,N,N,N,0,N,N,N,0,0,0,30,Y,90,87740,0,20021014,9900,0,12.0,,0,,N,N,N,0,0,0,0,0.0,,4312,,N,N,N
069730,KR7069730000,DSR제강,ST,3.0,27,11,0,,N,N,0,N,N,N,,N,N,N,N,N,N,N,N,N,0,N,N,N,N,N,N,N,N,3605,1,1,N,N,N,0,N,N,N,0,0,0,100,N,90,5557,500,20030128,14400,7200000000,12.0,,0,,N,N,Y,524,60,76,61,14.61,20250331.0,519,,N,N,N
069960,KR7069960003,현대백화점,ST,2.0,16,0,0,,N,N,8,N,N,Y,,N,N,N,N,N,N,N,N,N,0,N,N,N,N,N,N,N,Y,74000,1,1,N,N,N,0,N,N,N,0,0,0,30,Y,90,128953,5000,20021125,22628,117012205000,12.0,,0,,N,Y,Y,10981,1125,1210,883,6.16,20250331.0,16745,Z35,N,N,N
070960,KR7070960000,모나용평,ST,3.0,26,0,0,,N,N,0,N,N,N,,N,N,N,N,N,N,N,N,N,0,N,N,N,N,N,N,N,N,4380,1,1,N,N,N,0,N,N,N,0,0,0,60,Y,90,213305,5000,20160527,48133,240666665000,12.0,,0,,N,N,Y,707,133,100,79,8.0,20250331.0,2108,,N,N,N
071050,KR7071050009,한국금융지주,ST,1.0,21,0,0,,N,N,6,Y,N,Y,,N,N,N,N,N,N,N,N,N,0,N,N,N,Y,N,N,N,N,139500,1,1,N,N,N,0,N,N,N,0,0,0,30,Y,90,377666,5000,20030721,55725,278629960000,12.0,,0,,N,Y,Y,53638,5296,6150,4593,18.76,20250331.0,77737,,N,N,Y
071055,KR7071051007,한국금융지주우,ST,0.0,21,0,0,,N,N,0,N,N,N,,N,N,N,N,N,N,N,N,N,0,N,N,N,N,N,N,N,N,95100,1,1,N,N,N,0,N,N,N,0,0,0,60,Y,90,29533,5000,20030721,5858,29291255000,12.0,,1,,N,N,N,0,0,0,0,0.0,,5571,,N,N,N
071090,KR7071090005,하이스틸,ST,3.0,27,11,0,,N,N,0,N,N,N,,N,N,N,N,N,N,N,N,N,0,N,N,N,N,N,N,N,N,4750,1,1,N,N,N,0,N,N,N,0,0,0,100,N,90,770041,500,20030217,20191,10095735500,12.0,,0,,N,N,Y,705,4,2,6,1.58,20250331.0,959,,N,N,N
071320,KR7071320006,지역난방공사,ST,2.0,17,0,0,,N,N,7,N,N,Y,,N,N,N,N,N,N,N,N,N,0,N,N,N,N,N,N,N,N,82800,1,1,N,N,N,0,N,N,N,0,0,0,50,Y,90,175891,5000,20100129,11578,57893720000,12.0,,0,,N,Y,Y,15768,3238,3002,2335,39.6,20250331.0,9587,,N,N,N
071840,KR7071840003,롯데하이마트,ST,3.0,16,0,0,,N,N,0,N,N,N,,N,N,N,N,N,N,N,N,N,0,N,N,N,N,N,N,N,N,9120,1,1,N,N,N,0,N,N,N,0,0,0,60,Y,90,17929,5000,20110629,23607,118038560000,12.0,,0,,N,N,Y,23567,17,-2869,-3054,-28.05,20241231.0,2153,283,N,N,N
071950,KR7071950000,코아스,ST,3.0,27,0,0,,N,N,0,N,N,N,,N,N,N,N,N,N,N,N,N,0,N,N,N,N,N,N,N,N,8950,1,1,N,N,N,0,N,N,N,0,0,0,100,N,90,11017,500,20050804,3290,1645360000,12.0,,0,,N,N,Y,203,0,-10,-10,-244.56,20250331.0,294,,N,N,N
071970,KR7071970008,HD현대마린엔진,ST,2.0,27,12,0,,N,N,0,N,N,Y,,N,N,N,N,N,N,N,N,N,0,N,N,N,N,N,N,N,N,81800,1,1,N,N,N,0,N,N,N,0,0,0,60,Y,90,655086,2500,20090515,33921,84803737500,12.0,,0,,N,Y,Y,830,103,168,139,17.43,20250331.0,27747,IC5,N,N,Y
072130,KR7072130008,유엔젤,ST,3.0,29,0,0,,N,N,0,N,N,N,,N,N,N,N,N,N,N,N,N,0,N,N,N,N,N,N,N,N,5340,1,1,N,N,N,0,N,N,N,0,0,0,100,N,90,51701,500,20030701,12895,6597727000,12.0,,0,,N,N,Y,179,7,18,15,10.13,20250331.0,688,,N,N,N
072710,KR7072710007,농심홀딩스,ST,3.0,21,0,0,,N,N,0,N,N,N,,N,N,N,N,N,N,N,N,N,0,N,N,N,N,N,N,N,N,83400,1,1,N,N,N,0,N,N,N,0,0,0,40,Y,90,5012,5000,20030730,4637,23188950000,12.0,,0,,N,N,Y,1911,253,258,233,7.63,20250331.0,3867,,N,N,N
073240,KR7073240004,금호타이어,ST,2.0,27,8,0,,N,N,8,N,N,Y,,N,N,Y,N,N,N,N,N,N,0,N,N,N,N,N,N,N,N,4785,1,1,N,N,N,0,N,N,N,0,0,0,40,Y,90,378133,5000,20050217,287260,1436301435000,12.0,,0,,N,Y,Y,12062,1466,1323,1030,21.87,20250331.0,13745,,N,N,N
074610,KR7074610007,이엔플러스,ST,3.0,27,12,0,,N,N,0,N,N,N,,N,N,N,N,N,N,N,N,N,0,N,N,N,N,N,N,N,N,511,1,1,Y,N,Y,0,N,N,N,0,0,0,100,N,90,0,500,20031223,73374,36687364500,12.0,,0,,N,N,Y,99,-41,146,146,345.41,20250331.0,374,,N,N,N
075180,KR7075180000,새론오토모티브,ST,3.0,27,15,0,,N,N,0,N,N,N,,N,N,N,N,N,N,N,N,N,0,N,N,N,N,N,N,N,N,3485,1,1,N,N,N,0,N,N,N,0,0,0,100,N,90,15241,500,20051021,19200,9600000000,12.0,,0,,N,N,Y,319,2,17,18,2.91,20250331.0,669,,N,N,N
075580,KR7075580001,세진중공업,ST,2.0,27,15,0,,N,N,0,N,N,N,,N,N,N,N,N,N,N,N,N,0,N,N,N,N,N,N,N,N,14190,1,1,N,N,N,0,N,N,N,0,0,0,60,Y,90,1808463,500,20151130,56849,31224728000,12.0,,0,,N,N,Y,985,178,174,132,27.55,20250331.0,8066,,N,N,N
077500,KR7077500007,유니퀘스트,ST,3.0,16,0,0,,N,N,0,N,N,N,,N,N,N,N,N,N,N,N,N,0,N,N,N,N,N,N,N,N,5990,1,1,N,N,N,0,N,N,N,0,0,0,60,Y,90,34089,500,20040805,21600,11491026000,12.0,,0,,N,N,Y,1769,99,85,64,11.26,20250331.0,1293,,N,N,Y
077970,KR7077970002,STX엔진,ST,2.0,27,12,0,,N,N,0,N,N,N,,N,N,N,N,N,N,N,N,N,0,N,N,N,N,N,N,N,N,27450,1,1,N,N,N,0,N,N,N,0,0,0,60,Y,90,985097,2500,20040510,40148,100370157500,12.0,,0,,N,N,Y,1391,155,103,105,15.02,20250331.0,11020,,N,N,N
078000,KR7078000007,텔코웨어,ST,3.0,29,0,0,,N,N,0,N,N,N,,N,N,N,N,N,N,N,N,N,0,N,N,N,N,N,N,N,N,14620,1,1,N,N,N,0,N,N,N,0,0,0,100,N,90,6782,500,20040720,9240,5026353000,12.0,,0,,N,N,Y,64,-18,-9,-11,-4.14,20250331.0,1350,,N,N,N
078520,KR7078520004,에이블씨엔씨,ST,3.0,27,8,0,,N,N,0,N,N,N,,N,N,N,N,N,N,N,N,N,0,N,N,N,N,N,N,N,N,10540,1,1,N,N,N,0,N,N,N,0,0,0,100,N,90,1596139,500,20110907,26014,13516729500,12.0,,0,,N,N,Y,603,52,55,45,19.97,20250331.0,2741,,N,N,N
078930,KR7078930005,GS,ST,1.0,21,0,0,,N,N,4,Y,N,Y,,N,Y,N,N,N,N,N,Y,N,0,N,N,N,N,N,N,N,N,48200,1,1,N,N,N,0,N,N,N,0,0,0,30,Y,90,178443,5000,20040805,92915,464576890000,12.0,,0,,N,Y,Y,62388,8002,7354,2915,5.83,20250331.0,44785,FN4,N,N,Y
078935,KR7078931003,GS우,ST,0.0,21,0,0,,N,N,0,N,N,N,,N,N,N,N,N,N,N,N,N,0,N,N,N,N,N,N,N,N,43850,1,1,N,N,N,0,N,N,N,0,0,0,100,N,90,5270,5000,20040805,1784,8924130000,12.0,,1,,N,N,N,0,0,0,0,0.0,,782,,N,N,N
079160,KR7079160008,CJ CGV,ST,2.0,30,0,0,,N,N,0,N,N,N,,N,N,N,N,N,N,N,N,N,0,N,N,N,N,N,N,N,N,4975,1,1,N,N,N,0,N,N,N,0,0,0,100,N,90,242352,500,20041224,165580,82790388000,12.0,,0,,N,N,Y,5336,32,-335,-381,-22.43,20250331.0,8237,720,N,N,N
079430,KR7079430005,현대리바트,ST,3.0,27,0,0,,N,N,0,N,N,N,,N,N,N,N,N,N,N,N,N,0,N,N,N,N,N,N,N,N,7690,1,1,N,N,N,0,N,N,N,0,0,0,60,Y,90,15738,1000,20051122,20535,20535282000,12.0,,0,,N,N,Y,4378,95,82,66,6.34,20250331.0,1579,Z35,N,N,N
079550,KR7079550000,LIG넥스원,ST,1.0,27,11,0,,N,N,9,Y,N,Y,,Y,Y,N,N,N,N,N,N,N,0,N,N,N,N,N,N,N,N,603000,1,1,N,N,N,0,N,N,N,0,0,0,20,Y,90,154473,5000,20151002,22000,110000000000,12.0,,0,,N,Y,Y,9076,1136,1026,828,27.47,20250331.0,132660,,N,N,N
079900,KR7079900007,전진건설로봇,ST,2.0,27,12,0,,N,,0,N,N,N,,N,N,,,,,N,,,0,,,N,,,,,,51000,1,1,N,N,N,0,N,N,N,0,0,0,60,Y,90,99747,500,20240819,14592,8774543000,12.0,,0,,N,N,Y,489,87,98,77,21.29,20250331.0,7442,,N,N,Y
079980,KR7079980009,휴비스,ST,3.0,27,8,0,,N,N,0,N,N,N,,N,N,N,N,N,N,N,N,N,0,N,N,N,N,N,N,N,N,3160,1,1,N,N,N,0,N,N,N,0,0,0,100,N,90,27421,5000,20120223,34500,172500000000,12.0,,0,,N,N,Y,2401,64,50,33,5.61,20250331.0,1090,,N,N,N
081000,KR7081000002,일진다이아,ST,3.0,27,8,0,,N,N,0,N,N,N,,N,N,N,N,N,N,N,N,N,0,N,N,N,N,N,N,N,N,12550,1,1,N,N,N,0,N,N,N,0,0,0,60,Y,90,3708,1000,20041222,14202,14202975000,12.0,,0,,N,N,Y,301,-22,13,12,1.36,20250331.0,1782,,N,N,N
081660,KR7081660003,미스토홀딩스,ST,2.0,16,0,0,,N,N,8,N,N,Y,,N,N,N,N,N,N,N,N,N,0,N,N,N,N,N,N,N,N,37600,1,1,N,N,N,0,N,N,N,0,0,0,30,Y,90,85209,1000,20100928,60095,61674420000,12.0,,0,,N,Y,Y,12375,1627,1905,1515,16.44,20250331.0,22596,,N,N,N
082640,KR7082640004,동양생명,ST,2.0,21,25,0,,N,N,0,N,N,Y,,N,N,N,N,N,N,N,N,N,0,N,N,N,N,N,Y,N,N,8630,1,1,N,N,N,0,N,N,N,0,0,0,30,Y,90,94331,5000,20091008,161358,806792925000,12.0,,0,,N,Y,Y,8552,587,537,462,10.72,20250331.0,13925,,N,N,N
082740,KR7082740002,한화엔진,ST,2.0,27,12,0,,N,N,0,N,N,Y,,N,N,N,N,N,N,N,N,N,0,N,N,N,N,Y,N,N,Y,37900,1,1,N,N,N,0,N,N,N,0,0,0,100,N,90,818407,1000,20110104,83447,83447142000,12.0,,0,,N,Y,Y,12022,715,774,792,25.64,20241231.0,31626,913,N,N,N
083420,KR7083420000,그린케미칼,ST,3.0,27,8,0,,N,N,0,N,N,N,,N,N,N,N,N,N,N,N,N,0,N,N,N,N,N,N,N,N,7610,1,1,N,N,N,0,N,N,N,0,0,0,60,Y,90,60097,500,20051020,24000,12000000000,12.0,,0,,N,N,Y,3303,107,99,82,6.75,20241231.0,1826,,N,N,Y
084010,KR7084010008,대한제강,ST,3.0,27,11,0,,N,N,0,N,N,Y,,N,N,N,N,N,N,N,N,Y,0,N,N,N,N,N,N,N,N,15710,1,1,N,N,N,0,N,N,N,0,0,0,40,Y,90,9333,1000,20051031,23414,24646734000,12.0,,0,,N,N,Y,2896,19,59,68,3.43,20250331.0,3678,,N,N,N
084670,KR7084670009,동양고속,ST,3.0,19,0,0,,N,N,0,N,N,N,,N,N,N,N,N,N,N,N,N,0,N,N,N,N,N,N,N,N,8160,1,1,N,N,N,0,N,N,N,0,0,0,100,N,90,5483,5000,20050725,2895,16959295000,12.0,,0,,N,N,Y,292,-3,-7,-8,-6.37,20250331.0,236,,N,N,N
084680,KR7084680008,이월드,ST,3.0,27,0,0,,N,N,0,N,N,N,,N,N,N,N,N,N,N,N,N,0,N,N,N,N,N,N,N,N,1612,1,1,N,N,N,0,N,N,N,0,0,0,100,N,90,133050,1000,20050726,141806,141806193000,12.0,,0,,N,N,Y,1085,-4,-227,-206,-8.78,20241231.0,2285,652,N,N,N
084690,KR7084690007,대상홀딩스,ST,3.0,21,0,0,,N,N,0,N,N,N,,N,N,N,N,N,N,N,N,N,0,N,N,N,N,N,N,N,N,10120,1,1,N,N,N,0,N,N,N,0,0,0,40,Y,90,52303,1000,20050817,36212,36212538000,12.0,,0,,N,N,Y,14092,527,282,179,-0.09,20250331.0,3664,,N,N,Y
084695,KR7084691005,대상홀딩스우,ST,0.0,21,0,0,,N,N,0,N,N,N,,N,N,N,N,N,N,N,N,N,0,N,N,N,N,N,N,N,N,13590,1,1,N,N,N,0,N,N,N,0,0,0,100,N,90,4492,1000,20050817,913,913482000,12.0,,1,,N,N,N,0,0,0,0,0.0,,124,,N,N,N
084870,KR7084870005,TBH글로벌,ST,3.0,27,6,0,,N,N,0,N,N,N,,N,N,N,N,N,N,N,N,N,0,N,N,N,N,N,N,N,N,1316,1,1,N,N,N,0,N,N,N,0,0,0,100,N,90,23961,500,20051219,20856,10428409500,12.0,,0,,N,N,Y,404,-28,-27,-27,-18.41,20250331.0,274,,N,N,N
085310,KR7085310001,엔케이,ST,3.0,27,11,0,,N,N,0,N,N,Y,,N,N,N,N,N,N,N,N,N,0,N,N,N,N,Y,N,N,N,1093,1,1,N,N,N,0,N,N,N,0,0,0,100,N,90,5048029,500,20080124,78880,39991676000,12.0,,0,,N,N,Y,239,-10,-4,-4,0.34,20250331.0,862,,N,N,N
085620,KR7085620003,미래에셋생명,ST,2.0,21,25,0,,N,N,0,N,N,Y,,N,N,N,N,N,N,N,N,N,0,N,N,N,N,N,Y,N,N,7250,1,1,N,N,N,0,N,N,N,0,0,0,30,Y,90,79774,5000,20150708,177016,885080945000,12.0,,0,,N,N,Y,10776,394,384,248,3.93,20250331.0,12833,FB2,N,N,N
086280,KR7086280005,현대글로비스,ST,1.0,19,0,0,,N,N,9,Y,Y,Y,,N,Y,N,N,N,N,N,N,N,0,N,N,N,N,N,N,Y,N,166700,1,1,N,N,N,0,N,N,N,0,0,0,20,Y,90,390135,500,20051226,75000,37500000000,12.0,,0,,N,Y,Y,72234,5019,5146,3982,17.97,20250331.0,125025,BH1,N,N,N
086790,KR7086790003,하나금융지주,ST,1.0,21,0,0,,N,Y,6,Y,Y,Y,,Y,Y,N,N,N,Y,N,N,N,0,N,N,N,N,N,N,N,Y,85800,1,1,N,N,N,0,N,N,N,5,0,0,20,Y,90,684997,5000,20051212,284723,1501210310000,12.0,,0,,N,Y,Y,169221,14889,15354,11384,10.47,20250331.0,244293,,N,N,Y
088260,KR7088260005,이리츠코크렙,RT,3.0,28,0,0,,N,,0,N,N,N,,N,N,,,,,N,,,0,,,Y,,,,,,4425,1,1,N,N,N,0,N,N,N,0,0,0,100,N,90,37708,500,20180627,63341,31670795000,,,0,,N,N,Y,0,0,0,0,0.0,,2802,652,N,N,N
088350,KR7088350004,한화생명,ST,2.0,21,25,0,,N,Y,6,N,N,Y,,N,N,N,N,N,N,N,N,N,0,N,N,N,N,N,Y,N,Y,3425,1,1,N,N,N,0,N,N,N,0,0,0,30,Y,90,1488965,5000,20100317,868530,4342650000000,12.0,,0,,N,Y,Y,64550,3714,3773,2957,7.75,20250331.0,29747,913,N,N,N
088790,KR7088790001,진도,ST,3.0,16,0,0,,N,N,0,N,N,N,,N,N,N,N,N,N,N,N,N,0,N,N,N,N,N,N,N,N,1940,1,1,N,N,N,0,N,N,N,0,0,0,100,N,90,18324,500,20060328,12447,6223872000,12.0,,0,,N,N,Y,442,11,11,9,0.84,20241231.0,241,,N,N,N
088980,KR7088980008,맥쿼리인프라,IF,1.0,21,0,0,,N,N,0,N,N,N,,N,N,N,N,N,N,N,N,N,0,N,N,Y,N,N,N,N,N,11560,1,1,N,N,N,0,N,N,N,0,0,0,20,Y,90,477451,0,20060315,478921,3297209055534,,,0,,N,N,Y,0,0,0,0,0.0,,55363,,N,N,N
089470,KR7089470009,HDC현대EP,ST,3.0,27,8,0,,N,N,0,N,N,N,,N,N,N,N,N,N,N,N,N,0,N,N,N,N,N,N,N,N,4000,1,1,N,N,N,0,N,N,N,0,0,0,100,N,90,21875,500,20060925,31900,17200000000,12.0,,0,,N,N,Y,2540,117,114,71,9.48,20250331.0,1276,HDC,N,N,N
089590,KR7089590004,제주항공,ST,2.0,19,0,0,,N,N,0,N,N,Y,,N,N,N,N,N,N,N,N,N,0,N,N,N,N,N,N,Y,N,6940,1,1,N,N,N,0,N,N,N,0,0,0,100,N,90,54847,1000,20151106,80640,80640985000,12.0,,0,,N,N,Y,3847,-326,-306,-327,-42.59,20250331.0,5596,,N,N,N
089860,KR7089860001,롯데렌탈,ST,2.0,26,0,0,,N,,0,N,N,Y,,N,N,,,,,N,,,0,,,N,,,,,,29300,1,1,N,N,N,0,N,N,N,0,0,0,60,Y,90,344483,5000,20210819,36309,183170315000,12.0,,0,,N,Y,Y,6856,670,383,298,8.09,20250331.0,10638,283,N,N,N
090080,KR7090080003,평화산업,ST,3.0,27,15,0,,N,N,0,N,N,N,,N,N,N,N,N,N,N,N,N,0,N,N,N,N,N,N,N,N,1064,1,1,N,N,N,0,N,N,N,0,0,0,100,N,90,212837,500,20060602,54902,27451129500,12.0,,0,,N,N,Y,1503,21,16,14,12.34,20250331.0,584,,N,N,N
090350,KR7090350000,노루페인트,ST,3.0,27,8,0,,N,N,0,N,N,N,,N,N,N,N,N,N,N,N,N,0,N,N,N,N,N,N,N,N,8760,1,1,N,N,N,0,N,N,N,0,0,0,50,Y,90,24860,500,20060703,20000,10000000000,12.0,,0,,N,N,Y,1721,47,48,34,3.35,20250331.0,1752,,N,N,N
090355,KR7090351008,노루페인트우,ST,0.0,27,8,0,,N,N,0,N,N,N,,N,N,N,N,N,N,N,N,N,0,N,N,N,N,N,N,N,N,13460,1,1,N,N,N,0,N,N,N,0,0,0,100,N,90,412,500,20060703,463,231563000,12.0,,1,,N,N,N,0,0,0,0,0.0,,62,,N,N,N
090370,KR7090370008,메타랩스,ST,3.0,27,6,0,,N,N,0,N,N,N,,N,N,N,N,N,N,N,N,N,0,N,N,N,N,N,N,N,N,1347,1,1,N,N,N,0,N,N,N,0,0,0,100,N,90,7608,2500,20061226,24904,62261722500,12.0,,0,,N,N,Y,84,-8,-1,-1,-0.26,20250331.0,335,,N,N,N
090430,KR7090430000,아모레퍼시픽,ST,1.0,27,8,0,,N,N,7,Y,Y,Y,,Y,Y,N,N,N,N,N,N,N,0,N,N,N,N,N,N,N,Y,130200,1,1,N,N,N,0,N,N,N,0,0,0,20,Y,90,312653,500,20060629,58492,29246379500,12.0,,0,,N,Y,Y,10675,1177,1410,1190,8.41,20250331.0,76157,,N,N,Y
090435,KR7090431008,아모레퍼시픽우,ST,0.0,27,8,0,,N,N,0,N,N,N,,N,N,N,N,N,N,N,N,N,0,N,N,N,N,N,N,N,N,43250,1,1,N,N,N,0,N,N,N,0,0,0,40,Y,90,25717,500,20060629,10557,5278915000,12.0,,1,,N,N,N,0,0,0,0,0.0,,4566,,N,N,N
090460,KR7090460007,비에이치,ST,2.0,27,13,0,,N,N,0,N,N,N,,N,N,N,N,N,N,N,N,N,0,N,N,N,N,N,N,N,N,15240,1,1,N,N,N,0,N,N,N,0,0,0,40,Y,90,504130,500,20230620,34464,17232189500,12.0,,0,,N,N,Y,3324,-254,-245,-255,-16.3,20250331.0,5252,,N,N,Y
091090,KR7091090001,세원이앤씨,ST,3.0,27,11,0,,N,N,0,N,N,Y,,N,N,N,N,N,N,N,N,N,0,N,N,N,N,Y,N,N,N,1270,1,1,Y,N,Y,0,N,N,N,0,0,0,100,N,90,0,500,20060731,52754,26377361500,12.0,,0,,N,N,Y,236,62,79,79,18.85,20250331.0,669,,N,N,N
091160,KR7091160002,KODEX 반도체,EF,,0,0,0,N,N,N,0,N,N,N,2.0,N,N,N,N,N,N,N,N,N,0,N,N,Y,N,N,N,N,N,36720,1,1,N,N,N,0,N,N,N,0,0,0,30,Y,90,525687,0,20060627,18900,0,12.0,,0,,N,N,N,0,0,0,0,0.0,,6940,,N,N,N
091170,KR7091170001,KODEX 은행,EF,,0,0,0,N,N,N,0,N,N,N,2.0,N,N,N,N,N,N,N,N,N,0,N,N,Y,N,N,N,N,N,11890,1,1,N,N,N,0,N,N,N,0,0,0,30,Y,90,666308,0,20060627,33550,0,12.0,,0,,N,N,N,0,0,0,0,0.0,,3989,,N,N,N
091180,KR7091180000,KODEX 자동차,EF,,0,0,0,N,N,N,0,N,N,N,2.0,N,N,N,N,N,N,N,N,N,0,N,N,Y,N,N,N,N,N,19395,1,1,N,N,N,0,N,N,N,0,0,0,30,Y,90,467525,0,20060627,25900,0,12.0,,0,,N,N,N,0,0,0,0,0.0,,5023,,N,N,N
091220,KR7091220004,TIGER 은행,EF,,0,0,0,N,N,N,0,N,N,N,2.0,N,N,N,N,N,N,N,N,N,0,N,N,Y,N,N,N,N,N,12265,1,1,N,N,N,0,N,N,N,0,0,0,100,N,90,63883,0,20060627,2880,0,12.0,,0,,N,N,N,0,0,0,0,0.0,,353,,N,N,N
091230,KR7091230003,TIGER 반도체,EF,,0,0,0,N,N,N,0,N,N,N,2.0,N,N,N,N,N,N,N,N,N,0,N,N,Y,N,N,N,N,N,38165,1,1,N,N,N,0,N,N,N,0,0,0,30,Y,90,163881,0,20060627,7360,0,12.0,,0,,N,N,N,0,0,0,0,0.0,,2808,,N,N,N
091810,KR7091810002,티웨이항공,ST,2.0,19,0,0,,N,,0,N,N,N,,N,N,,,,,N,,,0,,,N,,,,,,1949,1,1,N,N,N,0,N,N,N,0,0,0,100,N,90,666409,500,20180801,215378,107689488000,12.0,,0,,N,N,Y,4466,-355,-432,-448,-308.33,20250331.0,4197,,N,N,N
092200,KR7092200005,디아이씨,ST,3.0,27,15,0,,N,N,0,N,N,N,,N,N,N,N,N,N,N,N,N,0,N,N,N,N,N,N,N,N,4200,1,1,N,N,N,0,N,N,N,0,0,0,60,Y,90,69676,500,20071018,38888,19444284500,12.0,,0,,N,N,Y,1931,83,36,26,3.5,20250331.0,1633,,N,N,N
092220,KR7092220003,KEC,ST,3.0,27,13,0,,N,N,0,N,N,N,,N,N,N,N,N,N,N,N,N,0,N,N,N,N,N,N,N,N,760,1,1,N,N,N,0,N,N,N,0,0,0,100,N,90,1890776,500,20061016,200763,100381570500,12.0,,0,,N,N,Y,636,-31,-23,-23,-2.62,20250331.0,1525,,N,N,N
092230,KR7092230002,KPX홀딩스,ST,3.0,27,8,0,,N,N,0,N,N,N,,N,N,N,N,N,N,N,N,N,0,N,N,N,N,N,N,N,N,68800,1,1,N,N,N,0,N,N,N,0,0,0,100,N,90,1720,5000,20061012,4224,21123230000,12.0,,0,,N,N,Y,2957,133,-158,-143,-5.65,20250331.0,2906,,N,N,N
092440,KR7092440007,기신정기,ST,3.0,27,12,0,,N,N,0,N,N,N,,N,N,N,N,N,N,N,N,N,0,N,N,N,N,N,N,N,N,2550,1,1,N,N,N,0,N,N,N,0,0,0,100,N,90,6140,500,20071030,29200,14600000000,3.0,,0,,N,N,Y,1313,10,34,31,1.25,20250331.0,744,,N,N,N
092780,KR7092780006,DYP,ST,3.0,27,15,0,,N,,0,N,N,N,,N,N,,,,,N,,,0,,,N,,,,,,4175,1,1,N,N,N,0,N,N,N,0,0,0,100,N,90,5796,500,20171208,13168,6584230000,12.0,,0,,N,N,Y,1064,18,10,11,2.88,20250331.0,549,,N,N,N
092790,KR7092790005,넥스틸,ST,3.0,27,11,0,,N,,0,N,N,N,,N,N,,,,,N,,,0,,,N,,,,,,14560,1,1,N,N,N,0,N,N,N,0,0,0,60,Y,90,333280,500,20230821,26002,13001000000,12.0,,0,,N,N,Y,1568,230,257,200,16.98,20250331.0,3785,,N,N,Y
093050,KR7093050003,LF,ST,3.0,27,6,0,,N,N,0,N,N,N,,N,N,N,N,N,N,N,N,N,0,N,N,N,N,N,N,N,N,19270,1,1,N,N,N,0,N,N,N,0,0,0,40,Y,90,94409,5000,20061201,29240,146200000000,12.0,,0,,N,N,Y,4303,301,307,229,5.24,20250331.0,5634,,N,N,N
093230,KR7093230001,이아이디,ST,3.0,16,0,0,,N,N,0,N,N,N,,N,N,N,N,N,N,N,N,N,0,N,N,N,N,N,N,N,N,1392,1,1,Y,N,Y,0,N,N,N,0,0,0,100,N,90,0,200,20071101,254384,50876872000,12.0,,0,,N,N,Y,379,-9,-11,-11,-2.12,20250331.0,3541,,N,N,N
093240,KR7093240000,형지엘리트,ST,3.0,27,6,0,,N,N,0,N,N,N,,N,N,N,N,N,N,N,N,N,0,N,N,N,N,N,N,N,N,2985,1,1,N,N,N,0,N,N,N,0,0,0,100,N,90,472743,500,20090928,38390,19195129500,6.0,,0,,N,N,Y,1092,2,-13,-18,-3.02,20250331.0,1145,,N,N,N
093370,KR7093370005,후성,ST,2.0,27,8,0,,N,N,4,N,N,Y,,N,N,N,N,N,N,N,Y,N,0,N,N,N,N,N,N,N,N,5030,1,1,N,N,N,0,N,N,N,0,0,0,100,N,90,228988,500,20061222,107255,53627665000,12.0,,0,,N,N,Y,1071,-1,-14,-19,-0.1,20250331.0,5394,,N,N,N
094280,KR7094280005,효성ITX,ST,3.0,26,0,0,,N,N,0,N,N,N,,N,N,N,N,N,N,N,N,N,0,N,N,N,N,N,N,N,N,13300,1,1,N,N,N,0,N,N,N,0,0,0,100,N,90,4816,500,20071025,11558,5779100000,12.0,,0,,N,N,Y,1221,37,41,32,18.31,20250331.0,1537,971,N,N,N
094800,KR7094800000,맵스리얼티1,MF,,0,0,0,N,N,N,0,N,N,N,,N,N,N,N,N,N,N,N,N,0,N,N,N,N,N,N,N,N,4520,1,1,N,N,N,0,N,N,N,0,0,0,60,Y,90,146393,0,20070409,92834,464171655000,,,0,,N,N,N,0,0,0,0,0.0,,4196,,N,N,N
095570,KR7095570008,AJ네트웍스,ST,3.0,26,0,0,,N,N,0,N,N,N,,N,N,N,N,N,N,N,N,N,0,N,N,N,N,N,N,N,N,4275,1,1,N,N,N,0,N,N,N,0,0,0,50,Y,90,152612,1000,20150821,45252,46822295000,12.0,,0,,N,N,Y,2611,159,32,52,4.83,20250331.0,1934,,N,N,N
095720,KR7095720009,웅진씽크빅,ST,3.0,26,0,0,,N,N,0,N,N,N,,N,N,N,N,N,N,N,N,N,0,N,N,N,N,N,N,N,N,1952,1,1,N,N,N,0,N,N,N,0,0,0,60,Y,90,108706,500,20070531,115505,58700796000,12.0,,0,,N,N,Y,1970,-107,-139,-112,-15.56,20250331.0,2254,,N,N,N
096760,KR7096760004,JW홀딩스,ST,3.0,21,0,0,,N,N,0,N,N,Y,,N,N,N,N,Y,N,N,N,N,0,N,N,N,N,N,N,N,N,3475,1,1,N,N,N,0,N,N,N,0,0,0,40,Y,90,82238,500,20070731,73924,36962471000,12.0,,0,,N,N,Y,2395,418,382,294,17.77,20250331.0,2568,,N,N,N
096770,KR7096770003,SK이노베이션,ST,1.0,27,8,0,,N,N,4,Y,Y,Y,,Y,Y,N,N,N,N,N,Y,N,0,N,N,N,N,N,N,N,Y,108500,1,1,N,N,N,0,N,N,N,0,0,0,20,Y,90,151708,5000,20070725,151034,779773750000,12.0,,0,,N,Y,Y,211466,-2154,-3324,-1256,-3.76,20250331.0,163872,535,N,N,Y
096775,KR7096771001,SK이노베이션우,ST,0.0,27,8,0,,N,N,0,N,N,N,,N,N,N,N,N,N,N,N,N,0,N,N,N,N,N,N,N,N,72100,1,1,N,N,N,0,N,N,N,0,0,0,100,N,90,1147,5000,20070725,1248,6242130000,12.0,,1,,N,N,N,0,0,0,0,0.0,,900,,N,N,N
097230,KR7097230007,HJ중공업,ST,2.0,18,0,0,,N,N,0,N,N,Y,,N,N,N,N,N,N,N,N,N,2,N,N,N,N,Y,N,N,N,13700,1,1,N,N,N,0,N,N,N,0,0,0,100,N,90,21560164,5000,20070831,83274,416371405000,12.0,,0,,N,N,Y,4101,55,57,56,6.42,20250331.0,11408,,N,N,N
097520,KR7097520001,엠씨넥스,ST,3.0,27,13,0,,N,N,0,N,N,N,,N,N,N,N,N,N,N,N,N,0,N,N,N,N,N,N,N,N,29950,1,1,N,N,N,0,N,N,N,0,0,0,40,Y,90,86581,500,20210706,17977,9118563000,12.0,,0,,N,N,Y,3479,209,229,201,21.76,20250331.0,5384,,N,N,Y
097950,KR7097950000,CJ제일제당,ST,1.0,27,5,0,,N,N,7,Y,N,Y,,N,Y,N,N,N,N,N,N,N,0,N,N,N,N,N,N,N,Y,251000,1,1,N,N,N,0,N,N,N,0,0,0,30,Y,90,57191,5000,20070928,15054,75270930000,12.0,,0,,N,Y,Y,72085,3332,1820,574,0.9,20250331.0,37786,720,N,N,Y
097955,KR7097951008,CJ제일제당 우,ST,0.0,27,5,0,,N,N,0,N,N,N,,N,N,N,N,N,N,N,N,N,0,N,N,N,N,N,N,N,N,143100,1,1,N,N,N,0,N,N,N,0,0,0,50,Y,90,2444,5000,20070928,1327,6637165000,12.0,,1,,N,N,N,0,0,0,0,0.0,,1899,,N,N,N
098560,KR7098560006,TIGER 방송통신,EF,,0,0,0,N,N,N,0,N,N,N,2.0,N,N,N,N,N,N,N,N,N,0,N,N,Y,N,N,N,N,N,8310,1,1,N,N,N,0,N,N,N,0,0,0,100,N,90,19130,0,20070907,340,0,12.0,,0,,N,N,N,0,0,0,0,0.0,,28,,N,N,N
099140,KR7099140006,KODEX 차이나H,EF,,0,0,0,N,N,N,0,N,N,N,2.0,N,N,N,N,N,N,N,N,N,0,N,N,Y,N,N,N,N,N,22780,1,1,N,N,N,0,N,N,N,0,0,0,30,Y,90,7432,0,20071010,2050,0,12.0,,0,,N,N,N,0,0,0,0,0.0,,466,,N,N,N
100090,KR7100090000,SK오션플랜트,ST,2.0,27,11,0,,N,N,0,N,N,Y,,N,N,N,N,N,N,N,N,N,0,N,N,N,N,N,N,N,N,21850,1,1,N,N,N,0,N,N,N,0,0,0,60,Y,90,567027,500,20230419,60180,30090168000,12.0,,0,,N,Y,Y,2571,110,62,43,2.47,20250331.0,13149,535,N,N,N
100220,KR7100220003,비상교육,ST,3.0,30,0,0,,N,N,0,N,N,N,,N,N,N,N,N,N,N,N,N,0,N,N,N,N,N,N,N,N,6080,1,1,N,N,N,0,N,N,N,0,0,0,100,N,90,29241,500,20080630,12996,6498370500,12.0,,0,,N,N,Y,875,191,259,227,47.97,20250331.0,790,,N,N,N
100250,KR7100250000,진양홀딩스,ST,3.0,27,8,0,,N,N,0,N,N,N,,N,N,N,N,N,N,N,N,N,0,N,N,N,N,N,N,N,N,3295,1,1,N,N,N,0,N,N,N,0,0,0,100,N,90,15232,500,20080215,55895,27947646000,12.0,,0,,N,N,Y,706,22,-113,-96,-11.44,20250331.0,1841,,N,N,N
100840,KR7100840008,SNT에너지,ST,2.0,27,12,0,,N,N,0,N,N,N,,N,N,N,N,N,N,N,N,N,0,N,N,N,N,N,N,N,N,49000,1,1,N,N,N,2,N,N,N,0,0,0,100,N,90,236552,500,20080222,20680,10340391500,12.0,,0,,N,N,Y,1153,129,115,84,10.89,20250331.0,10133,,N,N,N
100910,KR7100910009,KIWOOM KRX100,EF,,0,0,0,N,N,N,0,N,N,N,2.0,N,N,N,N,N,N,N,N,N,0,N,N,Y,N,N,N,N,N,6735,1,1,N,N,N,0,N,N,N,0,0,0,100,N,90,4374,0,20080123,2100,0,12.0,,0,,N,N,N,0,0,0,0,0.0,,141,,N,N,N
101140,KR7101140002,인바이오젠,ST,3.0,16,0,0,,N,N,0,N,N,N,,N,N,N,N,N,N,N,N,N,0,N,N,N,N,N,N,N,N,9830,1,1,N,N,N,0,N,N,N,0,0,0,100,N,90,7950,500,20080402,10044,5022108000,12.0,,0,,N,N,Y,70,-61,161,161,10.64,20241231.0,987,,N,N,N
101280,KR7101280006,KODEX 일본TOPIX100,EF,,0,0,0,N,N,N,0,N,N,N,2.0,N,N,N,N,N,N,N,N,N,0,N,N,Y,N,N,N,N,N,23445,1,1,N,N,N,0,N,N,N,0,0,0,30,Y,90,3224,0,20080220,1080,0,12.0,,0,,N,N,N,0,0,0,0,0.0,,253,,N,N,N
101530,KR7101530004,해태제과식품,ST,3.0,27,5,0,,N,N,0,N,N,N,,N,N,N,N,N,N,N,N,N,0,N,N,N,N,N,N,N,N,7130,1,1,N,N,N,0,N,N,N,0,0,0,60,Y,90,27353,500,20160511,29116,14558411000,12.0,,0,,N,N,Y,1590,135,101,75,10.35,20250331.0,2076,,N,N,Y
102110,KR7102110004,TIGER 200,EF,,0,0,0,N,N,N,0,N,N,N,2.0,N,N,N,N,N,N,N,N,N,0,N,N,Y,N,N,N,N,N,43585,1,1,N,N,N,0,N,N,N,0,0,0,30,Y,90,1251315,0,20080403,66600,0,12.0,,0,,N,N,N,0,0,0,0,0.0,,29027,,N,N,N
102260,KR7102260007,동성케미컬,ST,3.0,27,8,0,,N,N,0,N,N,Y,,N,N,N,N,N,N,N,Y,N,0,N,N,N,N,N,N,N,N,4300,1,1,N,N,N,0,N,N,N,0,0,0,50,Y,90,51420,1000,20080623,50176,50176791000,12.0,,0,,N,N,Y,2854,212,206,137,5.61,20250331.0,2157,,N,N,N
102280,KR7102280005,쌍방울,ST,3.0,27,6,0,,N,N,0,N,N,N,,N,N,N,N,N,N,N,N,N,0,N,N,N,N,N,N,N,N,2690,1,1,Y,N,N,0,N,N,N,0,0,0,100,N,90,0,100,20080610,26259,2625921000,12.0,,0,,N,N,Y,186,-17,-16,-16,-6.58,20250331.0,706,,N,N,N
102460,KR7102460003,이연제약,ST,3.0,27,9,0,,N,N,0,N,N,N,,N,N,N,N,N,N,N,N,N,0,N,N,N,N,N,N,N,N,11350,1,1,N,N,N,0,N,N,N,0,0,0,40,Y,90,9294,500,20100610,18586,9293405500,12.0,,0,,N,N,Y,368,-40,9,2,0.35,20250331.0,2109,,N,N,Y
102780,KR7102780004,KODEX 삼성그룹,EF,,0,0,0,N,N,N,0,N,N,N,2.0,N,N,N,N,N,N,N,N,N,0,N,N,Y,N,N,N,N,N,10115,1,1,N,N,N,0,N,N,N,0,0,0,30,Y,90,572392,0,20080521,140800,0,12.0,,0,,N,N,N,0,0,0,0,0.0,,14241,,N,N,N
102960,KR7102960002,KODEX 기계장비,EF,,0,0,0,N,N,N,0,N,N,N,2.0,N,N,N,N,N,N,N,N,N,0,N,N,Y,N,N,N,N,N,11600,1,1,N,N,N,0,N,N,N,0,0,0,100,N,90,339816,0,20080529,2100,0,12.0,,0,,N,N,N,0,0,0,0,0.0,,243,,N,N,N
102970,KR7102970001,KODEX 증권,EF,,0,0,0,N,N,N,0,N,N,N,2.0,N,N,N,N,N,N,N,N,N,0,N,N,Y,N,N,N,N,N,13075,1,1,N,N,N,0,N,N,N,0,0,0,30,Y,90,3613268,0,20080529,29450,0,12.0,,0,,N,N,N,0,0,0,0,0.0,,3850,,N,N,N
103140,KR7103140000,풍산,ST,2.0,27,11,0,,N,N,3,N,N,Y,,N,N,N,N,N,N,N,N,Y,0,N,N,N,N,N,N,N,N,127000,1,1,N,N,N,0,N,N,N,0,0,0,30,Y,90,562122,5000,20080730,28024,140121390000,12.0,,0,,N,Y,Y,11559,697,578,416,7.61,20250331.0,35590,,N,N,Y
103590,KR7103590006,일진전기,ST,2.0,27,13,0,,N,N,0,N,N,Y,,N,N,N,N,N,N,N,N,N,0,N,N,N,N,N,N,N,N,41800,1,1,N,N,N,0,N,N,N,0,0,0,60,Y,90,547891,1000,20080801,47685,47685390000,12.0,,0,,N,Y,Y,4574,340,333,229,18.13,20250331.0,19932,,N,N,Y
104520,KR7104520002,KIWOOM 블루칩,EF,,0,0,0,N,N,N,0,N,N,N,2.0,N,N,N,N,N,N,N,N,N,0,N,N,Y,N,N,N,N,N,10500,1,1,N,N,N,0,N,N,N,0,0,0,100,N,90,1272,0,20080729,1200,0,12.0,,0,,N,N,N,0,0,0,0,0.0,,126,,N,N,N
104530,KR7104530001,KIWOOM 고배당,EF,,0,0,0,N,N,N,0,N,N,N,2.0,N,N,N,N,N,N,N,N,N,0,N,N,Y,N,N,N,N,N,14780,1,1,N,N,N,0,N,N,N,0,0,0,100,N,90,168007,0,20080729,3300,0,12.0,,0,,N,N,N,0,0,0,0,0.0,,487,,N,N,N
104700,KR7104700000,한국철강,ST,3.0,27,11,0,,N,N,0,N,N,Y,,N,N,N,N,N,N,N,N,Y,0,N,N,N,N,N,N,N,N,9040,1,1,N,N,N,0,N,N,N,0,0,0,60,Y,90,16811,1000,20080929,36450,46050000000,12.0,,0,,N,N,Y,6000,18,318,235,2.82,20241231.0,3295,,N,N,N
105010,KR7105010003,TIGER 라틴35,EF,,0,0,0,N,N,N,0,N,N,N,2.0,N,N,N,N,N,N,N,N,N,0,N,N,Y,N,N,N,N,N,4655,1,1,N,N,N,0,N,N,N,0,0,0,100,N,90,10772,0,20080827,1200,0,12.0,,0,,N,N,N,0,0,0,0,0.0,,55,,N,N,N
105190,KR7105190003,ACE 200,EF,,0,0,0,N,N,N,0,N,N,N,2.0,N,N,N,N,N,N,N,N,N,0,N,N,Y,N,N,N,N,N,43760,1,1,N,N,N,0,N,N,N,0,0,0,30,Y,90,279056,0,20080925,11600,0,12.0,,0,,N,N,N,0,0,0,0,0.0,,5076,,N,N,N
105560,KR7105560007,KB금융,ST,1.0,21,0,0,,N,Y,6,Y,Y,Y,,Y,Y,N,N,N,Y,N,N,N,0,N,N,N,N,N,N,N,Y,115000,1,1,N,N,N,0,N,N,N,5,0,0,20,Y,90,685853,5000,20081010,381462,2090557685000,12.0,,0,,N,Y,Y,197228,22930,23066,16991,11.69,20250331.0,438681,,N,N,Y
105630,KR7105630008,한세실업,ST,2.0,27,6,0,,N,N,0,N,N,N,,N,N,N,N,N,N,N,N,N,0,N,N,N,N,N,N,N,N,10520,1,1,N,N,N,0,N,N,N,0,0,0,40,Y,90,36402,500,20090320,40000,20000000000,12.0,,0,,N,N,Y,4673,203,147,94,5.37,20250331.0,4208,,N,N,Y
105780,KR7105780001,RISE 5대그룹주,EF,,0,0,0,N,N,N,0,N,N,N,2.0,N,N,N,N,N,N,N,N,N,0,N,N,Y,N,N,N,N,N,6730,1,1,N,N,N,0,N,N,N,0,0,0,100,N,90,8924,0,20081022,2000,0,12.0,,0,,N,N,N,0,0,0,0,0.0,,134,,N,N,N
105840,KR7105840003,우진,ST,3.0,27,14,0,,N,N,0,N,N,N,,N,N,N,N,N,N,N,N,N,0,N,N,N,N,N,N,N,N,11270,1,1,N,N,N,0,N,N,N,0,0,0,60,Y,90,220501,500,20100726,20197,10161807000,12.0,,0,,N,N,Y,272,-7,-9,-11,-1.69,20250331.0,2276,,N,N,Y
107590,KR7107590002,미원홀딩스,ST,3.0,21,0,0,,Y,N,0,N,N,N,,N,N,N,N,N,N,N,N,N,0,N,N,N,N,N,N,N,N,73600,1,1,N,N,N,0,N,N,N,0,0,0,100,N,90,200,500,20090302,2320,1315887000,12.0,,0,,N,N,Y,1284,68,122,108,14.19,20250331.0,1707,,N,N,N
108320,KR7108320003,LX세미콘,ST,2.0,27,13,0,,N,N,0,N,N,Y,,N,N,N,Y,N,N,N,N,N,0,N,N,N,N,N,N,N,N,55100,1,1,N,N,N,0,N,N,N,0,0,0,30,Y,90,18787,500,20221103,16264,8132150000,12.0,,0,,N,Y,Y,4762,597,580,454,16.75,20250331.0,8961,LD1,N,N,Y
108450,KR7108450008,ACE 삼성그룹섹터가중,EF,,0,0,0,N,N,N,0,N,N,N,2.0,N,N,N,N,N,N,N,N,N,0,N,N,Y,N,N,N,N,N,16905,1,1,N,N,N,0,N,N,N,0,0,0,30,Y,90,5281,0,20090203,2900,0,12.0,,0,,N,N,N,0,0,0,0,0.0,,490,,N,N,N
108590,KR7108590001,TREX 200,EF,,0,0,0,N,N,N,0,N,N,N,2.0,N,N,N,N,N,N,N,N,N,0,N,N,Y,N,N,N,N,N,43670,1,1,N,N,N,0,N,N,N,0,0,0,100,N,90,37,0,20090123,200,0,12.0,,0,,N,N,N,0,0,0,0,0.0,,87,,N,N,N
108670,KR7108670001,LX하우시스,ST,3.0,27,8,0,,N,N,0,N,N,Y,,N,N,N,N,N,N,N,N,N,0,N,Y,N,N,N,N,N,N,30850,1,1,N,N,N,0,N,N,N,0,0,0,40,Y,90,16269,5000,20090420,8967,44838350000,12.0,,0,,N,N,Y,7814,71,-12,-24,-1.13,20250331.0,2766,LD1,N,N,N
108675,KR7108671009,LX하우시스우,ST,0.0,27,8,0,,N,N,0,N,N,N,,N,N,N,N,N,N,N,N,N,0,N,N,N,N,N,N,N,N,18450,1,1,N,N,N,0,N,N,N,0,0,0,100,N,90,579,5000,20090420,1032,5161650000,12.0,,1,,N,N,N,0,0,0,0,0.0,,190,,N,N,N
109070,KR7109070003,주성코퍼레이션,ST,3.0,27,13,0,,N,N,0,N,N,N,,N,N,N,N,N,N,N,N,N,0,N,N,N,N,N,N,N,N,842,1,1,N,N,N,0,N,N,N,0,0,0,100,N,90,205532,500,20090317,52810,26405115000,12.0,,0,,N,N,Y,198,10,13,13,18.41,20250331.0,444,,N,N,N
111110,KR7111110003,호전실업,ST,3.0,27,6,0,,N,,0,N,N,N,,N,N,,,,,N,,,0,,,N,,,,,,8030,1,1,N,N,N,0,N,N,N,0,0,0,100,N,90,5725,500,20170202,9376,5532872000,12.0,,0,,N,N,Y,1048,44,22,10,2.72,20250331.0,752,,N,N,N
111380,KR7111380002,동인기연,ST,3.0,27,6,0,,N,,0,N,N,N,,N,N,,,,,N,,,0,,,N,,,,,,15150,1,1,N,N,N,0,N,N,N,0,0,0,100,N,90,4262,100,20231121,6128,612800000,12.0,,0,,N,N,Y,576,42,28,12,3.65,20250331.0,928,,N,N,N
111770,KR7111770004,영원무역,ST,2.0,16,0,0,,N,N,8,N,N,Y,,N,N,N,N,N,N,N,N,N,0,N,N,N,N,N,N,N,N,59200,1,1,N,N,N,0,N,N,N,0,0,0,30,Y,90,25077,500,20090730,44311,22155734000,12.0,,0,,N,Y,Y,8113,823,983,702,9.67,20250331.0,26232,,N,N,N
112610,KR7112610001,씨에스윈드,ST,2.0,27,11,0,,N,N,2,N,N,Y,,N,N,N,N,N,N,N,N,N,0,N,N,N,N,Y,N,N,N,47250,1,1,N,N,N,0,N,N,N,0,0,0,60,Y,90,155210,500,20141127,42171,21085701500,12.0,,0,,N,Y,Y,9019,1252,1086,954,32.17,20250331.0,19925,,N,N,Y
114090,KR7114090004,GKL,ST,2.0,30,0,0,,N,N,8,N,N,Y,,N,N,N,N,N,N,N,N,N,0,N,N,N,N,N,N,N,N,16570,1,1,N,N,N,0,N,N,N,0,0,0,100,N,90,225100,500,20091119,61855,30927835000,12.0,,0,,N,Y,Y,1099,202,212,161,15.53,20250331.0,10249,,N,N,N
114100,KR7114100001,RISE 국고채3년,EF,,0,0,0,N,N,N,0,N,N,N,2.0,N,N,N,N,N,N,N,N,N,0,N,N,Y,N,N,N,N,N,110335,1,1,N,N,N,0,N,N,N,0,0,0,30,Y,90,71,0,20090729,464,0,12.0,,0,,N,N,N,0,0,0,0,0.0,,511,,N,N,N
114260,KR7114260003,KODEX 국고채3년,EF,,0,0,0,N,N,N,0,N,N,N,2.0,N,N,N,N,N,N,N,N,N,0,N,N,Y,N,N,N,N,N,63010,1,1,N,N,N,0,N,N,N,0,0,0,30,Y,90,27321,0,20090729,9434,0,12.0,,0,,N,N,N,0,0,0,0,0.0,,5944,,N,N,N
114460,KR7114460009,ACE 국고채3년,EF,,0,0,0,N,N,N,0,N,N,N,2.0,N,N,N,N,N,N,N,N,N,0,N,N,Y,N,N,N,N,N,104065,1,1,N,N,N,0,N,N,N,0,0,0,100,N,90,2139,0,20090731,120,0,12.0,,0,,N,N,N,0,0,0,0,0.0,,124,,N,N,N
114470,KR7114470008,KIWOOM 국고채3년,EF,,0,0,0,N,N,N,0,N,N,N,2.0,N,N,N,N,N,N,N,N,N,0,N,N,Y,N,N,N,N,N,111285,1,1,N,N,N,0,N,N,N,0,0,0,100,N,90,279,0,20090731,270,0,12.0,,0,,N,N,N,0,0,0,0,0.0,,300,,N,N,N
114800,KR7114800006,KODEX 인버스,EF,,0,0,0,N,N,N,0,N,N,N,2.0,N,N,N,N,N,N,N,N,N,0,N,N,N,N,N,N,N,N,3460,1,1,N,N,N,0,N,N,N,0,0,0,60,Y,90,28561768,0,20090916,219500,0,12.0,,0,,N,N,N,0,0,0,0,0.0,,7594,,N,N,N
114820,KR7114820004,TIGER 국채3년,EF,,0,0,0,N,N,N,0,N,N,N,2.0,N,N,N,N,N,N,N,N,N,0,N,N,Y,N,N,N,N,N,106850,1,1,N,N,N,0,N,N,N,0,0,0,30,Y,90,3275,0,20090827,927,0,12.0,,0,,N,N,N,0,0,0,0,0.0,,990,,N,N,N
117460,KR7117460006,KODEX 에너지화학,EF,,0,0,0,N,N,N,0,N,N,N,2.0,N,N,N,N,N,N,N,N,N,0,N,N,Y,N,N,N,N,N,11575,1,1,N,N,N,0,N,N,N,0,0,0,100,N,90,28753,0,20091012,2520,0,12.0,,0,,N,N,N,0,0,0,0,0.0,,291,,N,N,N
117580,KR7117580001,대성에너지,ST,3.0,17,0,0,,N,N,0,N,N,N,,N,N,N,N,N,N,N,N,N,0,N,N,N,N,N,N,N,N,8300,1,1,N,N,N,0,N,N,N,0,0,0,60,Y,90,26824,1000,20101224,27500,27500000000,12.0,,0,,N,N,Y,4242,265,276,209,24.89,20250331.0,2282,,N,N,Y
117680,KR7117680009,KODEX 철강,EF,,0,0,0,N,N,N,0,N,N,N,2.0,N,N,N,N,N,N,N,N,N,0,N,N,Y,N,N,N,N,N,11695,1,1,N,N,N,0,N,N,N,0,0,0,100,N,90,84649,0,20091030,2800,0,12.0,,0,,N,N,N,0,0,0,0,0.0,,327,,N,N,N
117690,KR7117690008,TIGER 차이나항셍30,EF,,0,0,0,N,N,N,0,N,N,N,2.0,N,N,N,N,N,N,N,N,N,0,N,N,Y,N,N,N,N,N,21440,1,1,N,N,N,0,N,N,N,0,0,0,100,N,90,6202,0,20091021,550,0,12.0,,0,,N,N,N,0,0,0,0,0.0,,117,,N,N,N
117700,KR7117700005,KODEX 건설,EF,,0,0,0,N,N,N,0,N,N,N,2.0,N,N,N,N,N,N,N,N,N,0,N,N,Y,N,N,N,N,N,4285,1,1,N,N,N,0,N,N,N,0,0,0,30,Y,90,548576,0,20091030,10500,0,12.0,,0,,N,N,N,0,0,0,0,0.0,,449,,N,N,N
118000,KR7118000009,메타케어,ST,3.0,16,0,0,,N,N,0,N,N,N,,N,N,N,N,N,N,N,N,N,0,N,N,N,N,N,N,N,N,323,1,1,N,N,N,0,N,N,N,0,0,0,100,N,90,546707,500,20091230,171777,85888682000,12.0,,0,,N,N,Y,60,5,0,0,-0.03,20250331.0,554,,N,N,N
119650,KR7119650000,KC코트렐,ST,3.0,27,12,0,,N,N,0,N,N,N,,N,N,N,N,N,N,N,N,N,0,N,N,N,N,N,N,N,N,918,1,1,Y,N,Y,0,N,N,N,0,0,0,100,N,90,0,500,20100129,109785,54892654500,12.0,,0,,N,N,Y,522,-2,-37,-39,-19.14,20250331.0,1007,,N,N,N
120030,KR7120030002,조선선재,ST,3.0,27,11,0,,N,N,0,N,N,N,,N,N,N,N,N,N,N,N,N,0,N,N,N,N,N,N,N,N,103800,1,1,N,N,N,0,N,N,N,0,0,0,60,Y,90,2373,500,20100219,1257,628825500,12.0,,0,,N,N,Y,509,87,205,163,10.73,20241231.0,1305,,N,N,N
120110,KR7120110002,코오롱인더,ST,2.0,27,8,0,,N,N,4,N,N,Y,,N,N,N,N,N,N,N,Y,N,0,N,N,N,N,N,N,N,N,40400,1,1,N,N,N,0,N,N,N,0,0,0,30,Y,90,165482,5000,20100201,27519,137595455000,12.0,,0,,N,Y,Y,12316,269,253,198,1.78,20250331.0,11117,KOL,N,N,Y
120115,KR7120111000,코오롱인더우,ST,0.0,27,8,0,,N,N,0,N,N,N,,N,N,N,N,N,N,N,N,N,0,N,N,N,N,N,N,N,N,24250,1,1,N,N,N,0,N,N,N,0,0,0,100,N,90,8271,5000,20100201,2767,13839300000,12.0,,1,,N,N,N,0,0,0,0,0.0,,671,,N,N,N
122090,KR7122090004,PLUS 코스피50,EF,,0,0,0,N,N,N,0,N,N,N,2.0,N,N,N,N,N,N,N,N,N,0,N,N,Y,N,N,N,N,N,29470,1,1,N,N,N,0,N,N,N,0,0,0,100,N,90,2007,0,20100107,780,0,12.0,,0,,N,N,N,0,0,0,0,0.0,,229,,N,N,N
122260,KR7122260003,KIWOOM 통안채1년,EF,,0,0,0,N,N,N,0,N,N,N,2.0,N,N,N,N,N,N,N,N,N,0,N,N,Y,N,N,N,N,N,104825,1,1,N,N,N,0,N,N,N,0,0,0,30,Y,90,142,0,20100114,410,0,12.0,,0,,N,N,N,0,0,0,0,0.0,,429,,N,N,N
122630,KR7122630007,KODEX 레버리지,EF,,0,0,0,N,N,N,0,N,N,N,2.0,N,N,N,N,N,N,N,N,N,0,N,N,N,N,N,N,N,N,25230,1,1,N,N,N,0,N,N,N,0,0,0,100,N,90,19907556,0,20100222,94750,0,12.0,,0,,N,N,N,0,0,0,0,0.0,,23905,,N,N,N
122900,KR7122900004,아이마켓코리아,ST,3.0,16,0,0,,N,N,0,N,N,N,,N,N,N,N,N,N,N,N,N,0,N,N,N,N,N,N,N,N,8500,1,1,N,N,N,0,N,N,N,0,0,0,40,Y,90,36689,500,20100730,33428,18166670000,12.0,,0,,N,N,Y,7475,97,66,38,2.25,20250331.0,2841,,N,N,N
123310,KR7123310005,TIGER 인버스,EF,,0,0,0,N,N,N,0,N,N,N,2.0,N,N,N,N,N,N,N,N,N,0,N,N,N,N,N,N,N,N,3865,1,1,N,N,N,0,N,N,N,0,0,0,60,Y,90,128246,0,20100329,9500,0,12.0,,0,,N,N,N,0,0,0,0,0.0,,367,,N,N,N
123320,KR7123320004,TIGER 레버리지,EF,,0,0,0,N,N,N,0,N,N,N,2.0,N,N,N,N,N,N,N,N,N,0,N,N,N,N,N,N,N,N,25050,1,1,N,N,N,0,N,N,N,0,0,0,100,N,90,89659,0,20100409,2500,0,12.0,,0,,N,N,N,0,0,0,0,0.0,,626,,N,N,N
123690,KR7123690000,한국화장품,ST,3.0,16,0,0,,N,N,0,N,N,N,,N,N,N,N,N,N,N,N,N,0,N,N,N,N,N,N,N,N,11260,1,1,N,N,N,0,N,N,N,0,0,0,100,N,90,602457,500,20100601,16068,8034000000,12.0,,0,,N,N,Y,246,17,20,20,24.74,20250331.0,1809,,N,N,N
123700,KR7123700007,SJM,ST,3.0,27,15,0,,N,N,0,N,N,N,,N,N,N,N,N,N,N,N,N,0,N,N,N,N,N,N,N,N,3545,1,1,N,N,N,0,N,N,N,0,0,0,100,N,90,25977,500,20100531,15604,7802449000,12.0,,0,,N,N,Y,532,36,62,47,8.82,20250331.0,553,,N,N,N
123890,KR7123890006,한국자산신탁,ST,3.0,21,0,0,,N,N,0,N,N,N,,N,N,N,N,N,N,N,N,N,0,N,N,N,N,N,N,N,N,2485,1,1,N,N,N,0,N,N,N,0,0,0,60,Y,90,95217,500,20160713,122373,61988876000,12.0,,0,,N,N,Y,519,177,183,142,5.42,20250331.0,3040,,N,N,N
126560,KR7126560002,현대퓨처넷,ST,3.0,20,0,0,,N,N,0,N,N,Y,,N,N,N,N,N,N,N,N,N,0,Y,N,N,N,N,N,N,N,3375,1,1,N,N,N,0,N,N,N,0,0,0,100,N,90,20197,500,20101223,110202,55101472500,12.0,,0,,N,N,Y,667,38,87,-40,0.39,20250331.0,3719,Z35,N,N,N
126720,KR7126720002,수산인더스트리,ST,3.0,18,0,0,,N,,0,N,N,N,,N,N,,,,,N,,,0,,,N,,,,,,23150,1,1,N,N,N,0,N,N,N,0,0,0,60,Y,90,16154,200,20220801,14286,2857200000,12.0,,0,,N,N,Y,793,105,122,94,7.3,20250331.0,3307,,N,N,Y
128820,KR7128820008,대성산업,ST,3.0,16,0,0,,N,N,0,N,N,N,,N,N,N,N,N,N,N,N,N,0,N,N,N,N,N,N,N,N,4450,1,1,N,N,N,0,N,N,N,0,0,0,60,Y,90,133271,1000,20100730,45235,45235478000,12.0,,0,,N,N,Y,4165,142,102,119,6.83,20250331.0,2012,,N,N,N
128940,KR7128940004,한미약품,ST,1.0,27,9,0,,N,N,A,Y,N,Y,,N,Y,N,N,Y,N,N,N,N,0,N,N,N,N,N,N,N,N,285000,1,1,N,N,N,0,N,N,N,0,0,0,40,Y,90,42019,2500,20100730,12810,32027477500,12.0,,0,,N,Y,Y,3909,590,532,447,15.5,20250331.0,36511,,N,N,Y
129260,KR7129260006,인터지스,ST,3.0,19,0,0,,N,N,0,N,N,N,,N,N,N,N,N,N,N,N,N,0,N,N,N,N,N,N,N,N,2900,1,1,N,N,N,0,N,N,N,0,0,0,100,N,90,76137,500,20111216,29747,14873937000,12.0,,0,,N,N,Y,1739,83,77,60,7.96,20250331.0,862,,N,N,N
130660,KR7130660004,한전산업,ST,3.0,26,0,0,,N,N,0,N,N,N,,N,N,N,N,N,N,N,N,N,0,N,N,N,N,N,N,N,N,12670,1,1,N,N,N,0,N,N,N,0,0,0,60,Y,90,91041,500,20101216,32600,16300000000,12.0,,0,,N,N,Y,904,75,76,59,21.05,20250331.0,4130,,N,N,Y
130680,KR7130680002,TIGER 원유선물Enhanced(H),EF,,0,0,0,N,N,N,0,N,N,N,2.0,N,N,N,N,N,N,N,N,N,0,N,N,N,N,N,N,N,N,4175,1,1,N,N,N,0,N,N,N,0,0,0,100,N,90,77221,0,20100802,4050,0,12.0,,0,,N,N,N,0,0,0,0,0.0,,169,,N,N,N
130730,KR7130730005,KIWOOM 단기자금,EF,,0,0,0,N,N,N,0,N,N,N,2.0,N,N,N,N,N,N,N,N,N,0,N,N,Y,N,N,N,N,N,103450,1,1,N,N,N,0,N,N,N,0,0,0,30,Y,90,7303,0,20100729,1487,0,12.0,,0,,N,N,N,0,0,0,0,0.0,,1538,,N,N,N
131890,KR7131890006,ACE 삼성그룹동일가중,EF,,0,0,0,N,N,N,0,N,N,N,2.0,N,N,N,N,N,N,N,N,N,0,N,N,Y,N,N,N,N,N,21435,1,1,N,N,N,0,N,N,N,0,0,0,100,N,90,2605,0,20100917,500,0,12.0,,0,,N,N,N,0,0,0,0,0.0,,107,,N,N,N
132030,KR7132030008,KODEX 골드선물(H),EF,,0,0,0,N,N,N,0,N,N,N,2.0,N,N,N,N,N,N,N,N,N,0,N,N,N,N,N,N,N,N,20055,1,1,N,N,N,0,N,N,N,0,0,0,30,Y,90,109923,0,20101001,13400,0,12.0,,0,,N,N,N,0,0,0,0,0.0,,2687,,N,N,N
133690,KR7133690008,TIGER 미국나스닥100,EF,,0,0,0,N,N,N,0,N,N,N,2.0,N,N,N,N,N,N,N,N,N,0,N,N,Y,N,N,N,N,N,143220,1,1,N,N,N,0,N,N,N,0,0,0,30,Y,90,295390,0,20101018,38030,0,12.0,,0,,N,N,N,0,0,0,0,0.0,,54466,,N,N,N
133820,KR7133820001,화인베스틸,ST,3.0,27,11,0,,N,N,0,N,N,N,,N,N,N,N,N,N,N,N,N,0,N,N,N,N,N,N,N,N,1400,1,1,N,N,N,0,N,N,N,0,0,0,100,N,90,1224218,500,20140722,30826,16688059000,12.0,,0,,N,N,Y,366,-55,-68,-66,-83.95,20250331.0,431,,N,N,N
134380,KR7134380005,미원화학,ST,3.0,27,8,0,,Y,N,0,N,N,N,,N,N,N,N,N,N,N,N,N,0,N,N,N,N,N,N,N,N,84900,1,1,N,N,N,0,N,N,N,0,0,0,100,N,90,2405,1000,20110215,2199,2404080000,12.0,,0,,N,N,Y,2561,286,341,269,17.55,20241231.0,1867,,N,N,N
134790,KR7134790005,시디즈,ST,3.0,27,0,0,,N,N,0,N,N,N,,N,N,N,N,N,N,N,N,N,0,N,N,N,N,N,N,N,N,29450,1,1,N,N,N,0,N,N,N,0,0,0,100,N,90,6558,500,20110125,2000,1000000000,12.0,,0,,N,N,Y,550,-3,7,6,3.82,20250331.0,589,,N,N,N
136340,KR7136340007,RISE 중기우량회사채,EF,,0,0,0,N,N,N,0,N,N,N,2.0,N,N,N,N,N,N,N,N,N,0,N,N,Y,N,N,N,N,N,107675,1,1,N,N,N,0,N,N,N,0,0,0,30,Y,90,1342,0,20110415,1672,0,12.0,,0,,N,N,N,0,0,0,0,0.0,,1800,,N,N,N
136490,KR7136490000,선진,ST,3.0,27,5,0,,N,N,0,N,N,N,,N,N,N,N,N,N,N,N,N,0,N,N,N,N,N,N,N,N,13410,1,1,N,N,N,0,N,N,N,0,0,0,60,Y,90,52901,500,20110216,23779,11889802000,12.0,,0,,N,N,Y,4562,562,514,456,37.11,20250331.0,3188,HRM,N,N,N
137310,KR7137310009,에스디바이오센서,ST,2.0,27,14,0,,N,,A,N,N,Y,,N,N,,,,,N,,,0,,,N,,,,,,10210,1,1,N,N,N,0,N,N,N,0,0,0,100,N,90,71734,500,20210716,121749,62239087500,12.0,,0,,N,Y,Y,1853,-146,-229,-188,-2.58,20250331.0,12430,,N,N,N
137610,KR7137610002,TIGER 농산물선물Enhanced(H),EF,,0,0,0,N,N,N,0,N,N,N,2.0,N,N,N,N,N,N,N,N,N,0,N,N,N,N,N,N,N,N,5075,1,1,N,N,N,0,N,N,N,0,0,0,100,N,90,7068,0,20110111,2700,0,12.0,,0,,N,N,N,0,0,0,0,0.0,,137,,N,N,N
138040,KR7138040001,메리츠금융지주,ST,1.0,21,0,0,,N,N,6,Y,Y,Y,,N,Y,N,N,N,N,N,N,N,0,N,N,N,N,N,N,N,N,114000,1,1,N,N,N,0,N,N,N,0,0,0,20,Y,90,203609,500,20110513,180014,113093927000,12.0,,0,,N,Y,Y,82303,7217,8391,6208,24.59,20250331.0,205216,,N,N,Y
138230,KR7138230008,KIWOOM 미국달러선물,EF,,0,0,0,N,N,N,0,N,N,N,2.0,N,N,N,N,N,N,N,N,N,0,N,N,N,N,N,N,N,N,15810,1,1,N,N,N,0,N,N,N,0,0,0,30,Y,90,1108,0,20110224,2300,0,12.0,,0,,N,N,N,0,0,0,0,0.0,,363,,N,N,N
138490,KR7138490008,코오롱ENP,ST,3.0,27,8,0,,N,N,0,N,N,N,,N,N,N,N,N,N,N,N,N,0,N,N,N,N,N,N,N,N,6860,1,1,N,N,N,0,N,N,N,0,0,0,60,Y,90,436617,1000,20110615,38000,38000000000,12.0,,0,,N,N,Y,1239,128,151,121,14.88,20250331.0,2606,KOL,N,N,N
138520,KR7138520002,TIGER 삼성그룹펀더멘털,EF,,0,0,0,N,N,N,0,N,N,N,2.0,N,N,N,N,N,N,N,N,N,0,N,N,Y,N,N,N,N,N,13670,1,1,N,N,N,0,N,N,N,0,0,0,30,Y,90,76859,0,20110307,15960,0,12.0,,0,,N,N,N,0,0,0,0,0.0,,2181,,N,N,N
138530,KR7138530001,TIGER LG그룹+펀더멘털,EF,,0,0,0,N,N,N,0,N,N,N,2.0,N,N,N,N,N,N,N,N,N,0,N,N,Y,N,N,N,N,N,7535,1,1,N,N,N,0,N,N,N,0,0,0,100,N,90,25946,0,20110310,1620,0,12.0,,0,,N,N,N,0,0,0,0,0.0,,122,,N,N,N
138540,KR7138540000,TIGER 현대차그룹+펀더멘털,EF,,0,0,0,N,N,N,0,N,N,N,2.0,N,N,N,N,N,N,N,N,N,0,N,N,Y,N,N,N,N,N,35035,1,1,N,N,N,0,N,N,N,0,0,0,30,Y,90,23214,0,20110310,2340,0,12.0,,0,,N,N,N,0,0,0,0,0.0,,819,,N,N,N
138910,KR7138910005,KODEX 구리선물(H),EF,,0,0,0,N,N,N,0,N,N,N,2.0,N,N,N,N,N,N,N,N,N,0,N,N,N,N,N,N,N,N,7185,1,1,N,N,N,0,N,N,N,0,0,0,100,N,90,123859,0,20110315,3400,0,12.0,,0,,N,N,N,0,0,0,0,0.0,,244,,N,N,N
138920,KR7138920004,KODEX 콩선물(H),EF,,0,0,0,N,N,N,0,N,N,N,2.0,N,N,N,N,N,N,N,N,N,0,N,N,N,N,N,N,N,N,10535,1,1,N,N,N,0,N,N,N,0,0,0,100,N,90,1287,0,20110315,500,0,12.0,,0,,N,N,N,0,0,0,0,0.0,,52,,N,N,N
138930,KR7138930003,BNK금융지주,ST,1.0,21,0,0,,N,Y,6,N,N,Y,,N,N,N,N,N,Y,N,N,N,0,N,N,N,N,N,N,N,Y,14620,1,1,N,N,N,0,N,N,N,0,0,0,30,Y,90,596038,5000,20110330,318383,1629676230000,12.0,,0,,N,Y,Y,26471,2058,2277,1718,6.28,20250331.0,46547,,N,N,Y
139130,KR7139130009,iM금융지주,ST,2.0,21,0,0,,N,Y,6,N,N,Y,,N,N,N,N,N,Y,N,N,N,0,N,N,N,N,N,N,N,Y,14050,1,1,N,N,N,0,N,N,N,0,0,0,60,Y,90,493893,5000,20110607,162054,845729165000,12.0,,0,,N,Y,Y,18351,2091,2061,1587,10.34,20250331.0,22768,,N,N,N
139220,KR7139220008,TIGER 200 건설,EF,,0,0,0,N,N,N,0,N,N,N,2.0,N,N,N,N,N,N,N,N,N,0,N,N,Y,N,N,N,N,N,4400,1,1,N,N,N,0,N,N,N,0,0,0,30,Y,90,390441,0,20110406,9460,0,12.0,,0,,N,N,N,0,0,0,0,0.0,,416,,N,N,N
139230,KR7139230007,TIGER 200 중공업,EF,,0,0,0,N,N,N,0,N,N,N,2.0,N,N,N,N,N,N,N,N,N,0,N,N,Y,N,N,N,N,N,11765,1,1,N,N,N,0,N,N,N,0,0,0,30,Y,90,2755569,0,20110406,24800,0,12.0,,0,,N,N,N,0,0,0,0,0.0,,2917,,N,N,N
139240,KR7139240006,TIGER 200 철강소재,EF,,0,0,0,N,N,N,0,N,N,N,2.0,N,N,N,N,N,N,N,N,N,0,N,N,Y,N,N,N,N,N,11680,1,1,N,N,N,0,N,N,N,0,0,0,100,N,90,9039,0,20110406,500,0,12.0,,0,,N,N,N,0,0,0,0,0.0,,58,,N,N,N
139250,KR7139250005,TIGER 200 에너지화학,EF,,0,0,0,N,N,N,0,N,N,N,2.0,N,N,N,N,N,N,N,N,N,0,N,N,Y,N,N,N,N,N,12015,1,1,N,N,N,0,N,N,N,0,0,0,100,N,90,20216,0,20110406,1740,0,12.0,,0,,N,N,N,0,0,0,0,0.0,,209,,N,N,N
139260,KR7139260004,TIGER 200 IT,EF,,0,0,0,N,N,N,0,N,N,N,2.0,N,N,N,N,N,N,N,N,N,0,N,N,Y,N,N,N,N,N,32440,1,1,N,N,N,0,N,N,N,0,0,0,30,Y,90,35101,0,20110406,17740,0,12.0,,0,,N,N,N,0,0,0,0,0.0,,5754,,N,N,N
139270,KR7139270003,TIGER 200 금융,EF,,0,0,0,N,N,N,0,N,N,N,2.0,N,N,N,N,N,N,N,N,N,0,N,N,Y,N,N,N,N,N,11725,1,1,N,N,N,0,N,N,N,0,0,0,100,N,90,55566,0,20110406,2620,0,12.0,,0,,N,N,N,0,0,0,0,0.0,,307,,N,N,N
139280,KR7139280002,TIGER 경기방어,EF,,0,0,0,N,N,N,0,N,N,N,2.0,N,N,N,N,N,N,N,N,N,0,N,N,Y,N,N,N,N,N,11680,1,1,N,N,N,0,N,N,N,0,0,0,30,Y,90,21021,0,20110406,5820,0,12.0,,0,,N,N,N,0,0,0,0,0.0,,679,,N,N,N
139290,KR7139290001,TIGER 200 경기소비재,EF,,0,0,0,N,N,N,0,N,N,N,2.0,N,N,N,N,N,N,N,N,N,0,N,N,Y,N,N,N,N,N,17725,1,1,N,N,N,0,N,N,N,0,0,0,100,N,90,340,0,20110406,340,0,12.0,,0,,N,N,N,0,0,0,0,0.0,,60,,N,N,N
139310,KR7139310007,TIGER 금속선물(H),EF,,0,0,0,N,N,N,0,N,N,N,2.0,N,N,N,N,N,N,N,N,N,0,N,N,N,N,N,N,N,N,0,1,1,Y,N,Y,0,N,N,N,0,0,0,100,N,90,0,0,20110408,400,0,12.0,,0,,N,N,N,0,0,0,0,0.0,,0,,N,N,N
139320,KR7139320006,TIGER 금은선물(H),EF,,0,0,0,N,N,N,0,N,N,N,2.0,N,N,N,N,N,N,N,N,N,0,N,N,N,N,N,N,N,N,14630,1,1,N,N,N,0,N,N,N,0,0,0,100,N,90,4861,0,20110408,700,0,12.0,,0,,N,N,N,0,0,0,0,0.0,,102,,N,N,N
139480,KR7139480008,이마트,ST,2.0,16,0,0,,N,N,7,N,N,Y,,N,N,N,N,N,N,N,N,N,0,N,N,N,N,N,N,N,N,90400,1,1,N,N,N,0,N,N,N,0,0,0,60,Y,90,73415,5000,20110610,27595,139379095000,12.0,,0,,N,Y,Y,72189,1593,1192,836,2.74,20250331.0,24946,577,N,N,Y
139660,KR7139660005,KIWOOM 미국달러선물인버스,EF,,0,0,0,N,N,N,0,N,N,N,2.0,N,N,N,N,N,N,N,N,N,0,N,N,N,N,N,N,N,N,8470,1,1,N,N,N,0,N,N,N,0,0,0,60,Y,90,222,0,20110401,6820,0,12.0,,0,,N,N,N,0,0,0,0,0.0,,577,,N,N,N
139990,KR7139990006,아주스틸,ST,3.0,27,11,0,,N,,0,N,N,N,,N,N,,,,,N,,,0,,,N,,,,,,3850,1,1,N,N,N,0,N,N,N,0,0,0,100,N,90,8398,500,20210820,38755,19377707000,12.0,,0,,N,N,Y,2847,-68,-179,-181,-51.99,20250331.0,1492,,N,N,N
140570,KR7140570003,RISE 수출주,EF,,0,0,0,N,N,N,0,N,N,N,2.0,N,N,N,N,N,N,N,N,N,0,N,N,Y,N,N,N,N,N,15075,1,1,N,N,N,0,N,N,N,0,0,0,100,N,90,326,0,20110415,400,0,12.0,,0,,N,N,N,0,0,0,0,0.0,,60,,N,N,N
140580,KR7140580002,RISE 우량업종대표주,EF,,0,0,0,N,N,N,0,N,N,N,2.0,N,N,N,N,N,N,N,N,N,0,N,N,Y,N,N,N,N,N,15935,1,1,N,N,N,0,N,N,N,0,0,0,100,N,90,176,0,20110415,600,0,12.0,,0,,N,N,N,0,0,0,0,0.0,,95,,N,N,N
140700,KR7140700006,KODEX 보험,EF,,0,0,0,N,N,N,0,N,N,N,2.0,N,N,N,N,N,N,N,N,N,0,N,N,Y,N,N,N,N,N,11545,1,1,N,N,N,0,N,N,N,0,0,0,100,N,90,696167,0,20110426,5400,0,12.0,,0,,N,N,N,0,0,0,0,0.0,,623,,N,N,N
140710,KR7140710005,KODEX 운송,EF,,0,0,0,N,N,N,0,N,N,N,2.0,N,N,N,N,N,N,N,N,N,0,N,N,Y,N,N,N,N,N,6145,1,1,N,N,N,0,N,N,N,0,0,0,100,N,90,121974,0,20110426,1900,0,12.0,,0,,N,N,N,0,0,0,0,0.0,,116,,N,N,N
140910,KR7140910001,에이리츠,RT,3.0,28,0,0,,N,N,0,N,N,N,,N,N,N,N,N,N,N,N,N,0,N,N,Y,N,N,N,N,N,3130,1,1,Y,N,N,0,N,N,N,0,0,0,100,N,90,0,5000,20110714,4463,22315160000,,,0,,N,N,Y,0,0,0,0,0.0,,139,,N,N,N
140950,KR7140950007,파워 코스피100,EF,,0,0,0,N,N,N,0,N,N,N,2.0,N,N,N,N,N,N,N,N,N,0,N,N,Y,N,N,N,N,N,32865,1,1,N,N,N,0,N,N,N,0,0,0,100,N,90,419,0,20110503,560,0,12.0,,0,,N,N,N,0,0,0,0,0.0,,184,,N,N,N
143210,KR7143210003,핸즈코퍼레이션,ST,3.0,27,15,0,,N,,0,N,N,N,,N,N,,,,,N,,,0,,,N,,,,,,1669,1,1,N,N,N,0,N,N,N,0,0,0,100,N,90,36095,500,20161202,21875,10937873500,12.0,,0,,N,N,Y,2118,2,-30,-36,-8.4,20250331.0,365,,N,N,N
143850,KR7143850006,TIGER 미국S&P500선물(H),EF,,0,0,0,N,N,N,0,N,N,N,2.0,N,N,N,N,N,N,N,N,N,0,N,N,N,N,N,N,N,N,67420,1,1,N,N,N,0,N,N,N,0,0,0,30,Y,90,45976,0,20110718,1850,0,12.0,,0,,N,N,N,0,0,0,0,0.0,,1247,,N,N,N
143860,KR7143860005,TIGER 헬스케어,EF,,0,0,0,N,N,N,0,N,N,N,2.0,N,N,N,N,N,N,N,N,N,0,N,N,Y,N,N,N,N,N,40665,1,1,N,N,N,0,N,N,N,0,0,0,30,Y,90,163879,0,20110718,4900,0,12.0,,0,,N,N,N,0,0,0,0,0.0,,1992,,N,N,N
144600,KR7144600004,KODEX 은선물(H),EF,,0,0,0,N,N,N,0,N,N,N,2.0,N,N,N,N,N,N,N,N,N,0,N,N,N,N,N,N,N,N,6660,1,1,N,N,N,0,N,N,N,0,0,0,30,Y,90,397632,0,20110718,22500,0,12.0,,0,,N,N,N,0,0,0,0,0.0,,1498,,N,N,N
145210,KR7145210001,다이나믹디자인,ST,3.0,27,12,0,,N,N,0,N,N,N,,N,N,N,N,N,N,N,N,N,0,N,N,N,N,N,N,N,N,830,1,1,N,N,Y,0,N,N,N,0,0,0,100,N,90,133550,500,20150319,36312,18156115500,12.0,,0,,N,N,Y,200,-2,-18,-17,-14.16,20250331.0,301,,N,N,N
145270,KR7145270005,케이탑리츠,RT,3.0,28,0,0,,N,N,0,N,N,N,,N,N,N,N,N,N,N,N,N,0,N,N,Y,N,N,N,N,N,966,1,1,N,N,N,0,N,N,N,0,0,0,100,N,90,118778,1000,20120131,48060,48060774000,,,0,,N,N,Y,0,0,0,0,0.0,,464,,N,N,N
145670,KR7145670006,ACE 인버스,EF,,0,0,0,N,N,N,0,N,N,N,2.0,N,N,N,N,N,N,N,N,N,0,N,N,N,N,N,N,N,N,4330,1,1,N,N,N,0,N,N,N,0,0,0,100,N,90,4103,0,20110908,500,0,12.0,,0,,N,N,N,0,0,0,0,0.0,,21,,N,N,N
145720,KR7145720009,덴티움,ST,2.0,27,14,0,,N,,A,N,N,Y,,N,N,,,,,N,,,0,,,N,,,,,,63200,1,1,N,N,N,0,N,N,N,0,0,0,30,Y,90,20586,500,20170315,11068,6184415000,12.0,,0,,N,Y,Y,768,96,76,127,9.04,20250331.0,6995,,N,N,Y
145850,KR7145850004,TREX 펀더멘탈 200,EF,,0,0,0,N,N,N,0,N,N,N,2.0,N,N,N,N,N,N,N,N,N,0,N,N,Y,N,N,N,N,N,48640,1,1,N,N,N,0,N,N,N,0,0,0,100,N,90,1,0,20110923,250,0,12.0,,0,,N,N,N,0,0,0,0,0.0,,121,,N,N,N
145990,KR7145990008,삼양사,ST,3.0,27,5,0,,N,N,0,N,N,N,,N,N,N,N,N,N,N,N,N,0,N,N,N,N,N,N,N,N,52900,1,1,N,N,N,0,N,N,N,0,0,0,40,Y,90,13419,5000,20111205,10313,51567245000,12.0,,0,,N,N,Y,6200,241,441,337,7.68,20250331.0,5455,,N,N,N
145995,KR7145991006,삼양사우,ST,0.0,27,5,0,,N,N,0,N,N,N,,N,N,N,N,N,N,N,N,N,0,N,N,N,N,N,N,N,N,35500,1,1,N,N,N,0,N,N,N,0,0,0,100,N,90,315,5000,20111205,370,1850350000,12.0,,1,,N,N,N,0,0,0,0,0.0,,131,,N,N,N
147970,KR7147970008,TIGER 모멘텀,EF,,0,0,0,N,N,N,0,N,N,N,2.0,N,N,N,N,N,N,N,N,N,0,N,N,Y,N,N,N,N,N,45315,1,1,N,N,N,0,N,N,N,0,0,0,100,N,90,12902,0,20111026,520,0,12.0,,0,,N,N,N,0,0,0,0,0.0,,235,,N,N,N
148020,KR7148020001,RISE 200,EF,,0,0,0,N,N,N,0,N,N,N,2.0,N,N,N,N,N,N,N,N,N,0,N,N,Y,N,N,N,N,N,43900,1,1,N,N,N,0,N,N,N,0,0,0,30,Y,90,493999,0,20111020,34550,0,12.0,,0,,N,N,N,0,0,0,0,0.0,,15167,,N,N,N
148070,KR7148070006,KIWOOM 국고채10년,EF,,0,0,0,N,N,N,0,N,N,N,2.0,N,N,N,N,N,N,N,N,N,0,N,N,Y,N,N,N,N,N,117135,1,1,N,N,N,0,N,N,N,0,0,0,30,Y,90,5998,0,20111020,5061,0,12.0,,0,,N,N,N,0,0,0,0,0.0,,5928,,N,N,N
150460,KR7150460004,TIGER 중국소비테마,EF,,0,0,0,N,N,N,0,N,N,N,2.0,N,N,N,N,N,N,N,N,N,0,N,N,Y,N,N,N,N,N,8120,1,1,N,N,N,0,N,N,N,0,0,0,30,Y,90,73721,0,20111216,11640,0,12.0,,0,,N,N,N,0,0,0,0,0.0,,945,,N,N,N
152100,KR7152100004,PLUS 200,EF,,0,0,0,N,N,N,0,N,N,N,2.0,N,N,N,N,N,N,N,N,N,0,N,N,Y,N,N,N,N,N,44320,1,1,N,N,N,0,N,N,N,0,0,0,30,Y,90,105802,0,20120110,17550,0,12.0,,0,,N,N,N,0,0,0,0,0.0,,7778,,N,N,N
152380,KR7152380002,KODEX 국채선물10년,EF,,0,0,0,N,N,N,0,N,N,N,2.0,N,N,N,N,N,N,N,N,N,0,N,N,N,N,N,N,N,N,71175,1,1,N,N,N,0,N,N,N,0,0,0,30,Y,90,1323,0,20120120,1650,0,12.0,,0,,N,N,N,0,0,0,0,0.0,,1174,,N,N,N
152500,KR7152500005,ACE 레버리지,EF,,0,0,0,N,N,N,0,N,N,N,2.0,N,N,N,N,N,N,N,N,N,0,N,N,N,N,N,N,N,N,10315,1,1,N,N,N,0,N,N,N,0,0,0,100,N,90,54441,0,20120127,1500,0,12.0,,0,,N,N,N,0,0,0,0,0.0,,154,,N,N,N
152550,KR7152550000,한국ANKOR유전,MF,,0,0,0,N,N,N,0,N,N,N,,N,N,N,N,N,N,N,N,N,0,N,N,N,N,N,N,N,N,248,1,1,N,N,N,0,N,N,N,0,0,0,100,N,90,711020,0,20120308,70020,350100000000,,,0,,N,N,N,0,0,0,0,0.0,,173,,N,N,N
152870,KR7152870002,파워 200,EF,,0,0,0,N,N,N,0,N,N,N,2.0,N,N,N,N,N,N,N,N,N,0,N,N,Y,N,N,N,N,N,43950,1,1,N,N,N,0,N,N,N,0,0,0,30,Y,90,192,0,20120213,1900,0,12.0,,0,,N,N,N,0,0,0,0,0.0,,835,,N,N,N
153130,KR7153130000,KODEX 단기채권,EF,,0,0,0,N,N,N,0,N,N,N,2.0,N,N,N,N,N,N,N,N,N,0,N,N,Y,N,N,N,N,N,113840,1,1,N,N,N,0,N,N,N,0,0,0,30,Y,90,5891,0,20120222,5317,0,12.0,,0,,N,N,N,0,0,0,0,0.0,,6052,,N,N,N
153270,KR7153270004,KIWOOM 코스피100,EF,,0,0,0,N,N,N,0,N,N,N,2.0,N,N,N,N,N,N,N,N,N,0,N,N,Y,N,N,N,N,N,32370,1,1,N,N,N,0,N,N,N,0,0,0,100,N,90,2398,0,20120228,320,0,12.0,,0,,N,N,N,0,0,0,0,0.0,,103,,N,N,N
155660,KR7155660004,DSR,ST,3.0,27,11,0,,N,N,0,N,N,N,,N,N,N,N,N,N,N,N,N,0,N,N,N,N,N,N,N,N,3875,1,1,N,N,N,0,N,N,N,0,0,0,100,N,90,1839,500,20130515,16000,8000000000,12.0,,0,,N,N,Y,741,57,53,42,7.3,20250331.0,620,,N,N,N
156080,KR7156080004,KODEX MSCI Korea,EF,,0,0,0,N,N,N,0,N,N,N,2.0,N,N,N,N,N,N,N,N,N,0,N,N,Y,N,N,N,N,N,19560,1,1,N,N,N,0,N,N,N,0,0,0,100,N,90,182,0,20120430,700,0,12.0,,0,,N,N,N,0,0,0,0,0.0,,136,,N,N,N
157450,KR7157450008,TIGER 단기통안채,EF,,0,0,0,N,N,N,0,N,N,N,2.0,N,N,N,N,N,N,N,N,N,0,N,N,Y,N,N,N,N,N,111030,1,1,N,N,N,0,N,N,N,0,0,0,30,Y,90,6257,0,20120516,8434,0,12.0,,0,,N,N,N,0,0,0,0,0.0,,9364,,N,N,N
157490,KR7157490004,TIGER 소프트웨어,EF,,0,0,0,N,N,N,0,N,N,N,2.0,N,N,N,N,N,N,N,N,N,0,N,N,Y,N,N,N,N,N,9600,1,1,N,N,N,0,N,N,N,0,0,0,30,Y,90,1310580,0,20120516,19020,0,12.0,,0,,N,N,N,0,0,0,0,0.0,,1825,,N,N,N
157500,KR7157500000,TIGER 증권,EF,,0,0,0,N,N,N,0,N,N,N,2.0,N,N,N,N,N,N,N,N,N,0,N,N,Y,N,N,N,N,N,8935,1,1,N,N,N,0,N,N,N,0,0,0,100,N,90,1133247,0,20120516,7380,0,12.0,,0,,N,N,N,0,0,0,0,0.0,,659,,N,N,N
159800,KR7159800002,마이티 코스피100,EF,,0,0,0,N,N,N,0,N,N,N,2.0,N,N,N,N,N,N,N,N,N,0,N,N,Y,N,N,N,N,N,33585,1,1,N,N,N,0,N,N,N,0,0,0,100,N,90,91,0,20120705,360,0,12.0,,0,,N,N,N,0,0,0,0,0.0,,120,,N,N,N
160580,KR7160580007,TIGER 구리실물,EF,,0,0,0,N,N,N,0,N,N,N,2.0,N,N,N,N,N,N,N,N,N,0,N,N,Y,N,N,N,N,N,11605,1,1,N,N,N,0,N,N,N,0,0,0,30,Y,90,68535,0,20121217,3225,0,12.0,,0,,N,N,N,0,0,0,0,0.0,,374,,N,N,N
161000,KR7161000005,애경케미칼,ST,3.0,27,8,0,,N,N,0,N,N,Y,,N,N,N,N,N,N,N,Y,N,0,N,N,N,N,N,N,N,N,12030,1,1,N,N,N,0,N,N,N,0,0,0,60,Y,90,105190,500,20120917,48648,24324354500,12.0,,0,,N,N,Y,3700,35,1,-14,-0.6,20250331.0,5852,,N,N,Y
161390,KR7161390000,한국타이어앤테크놀로지,ST,1.0,27,8,0,,N,N,8,Y,N,Y,,N,Y,Y,N,N,N,N,N,N,0,N,N,N,N,N,N,N,Y,44700,1,1,N,N,N,0,N,N,N,0,0,0,30,Y,90,172597,500,20121004,123875,61937534500,12.0,,0,,N,Y,Y,49637,3546,3934,3122,11.5,20250331.0,55372,912,N,N,Y
161510,KR7161510003,PLUS 고배당주,EF,,0,0,0,N,N,N,0,N,N,N,2.0,N,N,N,N,N,N,N,N,N,0,N,N,Y,N,N,N,N,N,19560,1,1,N,N,N,0,N,N,N,0,0,0,30,Y,90,1035609,0,20120829,77430,0,12.0,,0,,N,N,N,0,0,0,0,0.0,,15145,,N,N,N
161890,KR7161890009,한국콜마,ST,2.0,27,8,0,,N,N,7,N,N,Y,,N,N,N,N,N,N,N,N,N,0,N,N,N,N,N,N,N,N,102100,1,1,N,N,N,0,N,N,N,0,0,0,30,Y,90,263340,500,20121019,23605,11802538500,12.0,,0,,N,Y,Y,6531,599,324,232,6.7,20250331.0,24100,,N,N,Y
163560,KR7163560006,동일고무벨트,ST,3.0,27,8,0,,N,N,0,N,N,N,,N,N,N,N,N,N,N,N,N,0,N,N,N,N,N,N,N,N,7130,1,1,N,N,N,0,N,N,N,0,0,0,100,N,90,30940,500,20121019,13900,6950000000,12.0,,0,,N,N,Y,874,28,25,18,3.7,20250331.0,991,,N,N,N
166400,KR7166400002,TIGER 200커버드콜OTM,EF,,0,0,0,N,N,N,0,N,N,N,2.0,N,N,N,N,N,N,N,N,N,0,N,N,Y,N,N,N,N,N,14360,1,1,N,N,N,0,N,N,N,0,0,0,100,N,90,1407,0,20121025,500,0,12.0,,0,,N,N,N,0,0,0,0,0.0,,71,,N,N,N
167860,KR7167860006,KIWOOM 국고채10년레버리지,EF,,0,0,0,N,N,N,0,N,N,N,2.0,N,N,N,N,N,N,N,N,N,0,N,N,N,N,N,N,N,N,115430,1,1,N,N,N,0,N,N,N,0,0,0,100,N,90,145,0,20121030,290,0,12.0,,0,,N,N,N,0,0,0,0,0.0,,334,,N,N,N
168580,KR7168580009,ACE 중국본토CSI300,EF,,0,0,0,N,N,N,0,N,N,N,2.0,N,N,N,N,N,N,N,N,N,0,N,N,Y,N,N,N,N,N,28945,1,1,N,N,N,0,N,N,N,0,0,0,30,Y,90,2118,0,20121129,3860,0,12.0,,0,,N,N,N,0,0,0,0,0.0,,1117,,N,N,N
169950,KR7169950003,KODEX 차이나A50,EF,,0,0,0,N,N,N,0,N,N,N,2.0,N,N,N,N,N,N,N,N,N,0,N,N,Y,N,N,N,N,N,22310,1,1,N,N,N,0,N,N,N,0,0,0,30,Y,90,3076,0,20130121,1000,0,12.0,,0,,N,N,N,0,0,0,0,0.0,,223,,N,N,N
170900,KR7170900005,동아에스티,ST,2.0,27,9,0,,N,N,0,N,N,Y,,N,N,N,N,Y,N,N,N,N,0,N,N,N,N,N,N,N,N,45900,1,1,N,N,N,0,N,N,N,0,0,0,40,Y,90,14637,5000,20130408,9352,46763225000,12.0,,0,,N,N,Y,1821,-48,-105,-123,-4.93,20250331.0,4292,,N,N,Y
174350,KR7174350009,TIGER 로우볼,EF,,0,0,0,N,N,N,0,N,N,N,2.0,N,N,N,N,N,N,N,N,N,0,N,N,Y,N,N,N,N,N,16395,1,1,N,N,N,0,N,N,N,0,0,0,100,N,90,353,0,20130620,380,0,12.0,,0,,N,N,N,0,0,0,0,0.0,,62,,N,N,N
174360,KR7174360008,RISE 중국본토대형주CSI100,EF,,0,0,0,N,N,N,0,N,N,N,2.0,N,N,N,N,N,N,N,N,N,0,N,N,Y,N,N,N,N,N,19070,1,1,N,N,N,0,N,N,N,0,0,0,30,Y,90,5790,0,20130604,3500,0,12.0,,0,,N,N,N,0,0,0,0,0.0,,667,,N,N,N
175330,KR7175330000,JB금융지주,ST,1.0,21,0,0,,N,N,6,N,N,Y,,N,N,N,N,N,Y,N,N,N,0,N,N,N,N,N,N,N,N,22500,1,1,N,N,N,0,N,N,N,0,0,0,60,Y,90,284366,5000,20130718,191183,984914470000,12.0,,0,,N,Y,Y,11229,2175,2191,1669,11.61,20250331.0,43016,,N,N,N
176950,KR7176950004,KODEX 국채선물10년인버스,EF,,0,0,0,N,N,N,0,N,N,N,2.0,N,N,N,N,N,N,N,N,N,0,N,N,N,N,N,N,N,N,53970,1,1,N,N,N,0,N,N,N,0,0,0,100,N,90,2045,0,20130531,120,0,12.0,,0,,N,N,N,0,0,0,0,0.0,,64,,N,N,N
178920,KR7178920005,PI첨단소재,ST,2.0,27,8,0,,N,N,0,N,N,Y,,N,N,N,N,N,N,N,Y,N,0,N,N,N,N,N,N,N,N,17610,1,1,N,N,N,0,N,N,N,0,0,0,60,Y,90,147138,500,20210809,29366,14683161000,12.0,,0,,N,N,Y,2513,349,301,234,7.16,20241231.0,5171,,N,N,Y
180640,KR7180640005,한진칼,ST,1.0,21,0,0,,N,N,8,Y,N,Y,,N,N,N,N,N,N,N,N,N,0,N,N,N,N,N,N,Y,N,118700,1,1,N,N,N,0,N,N,N,0,0,0,20,Y,90,158820,2500,20130916,66762,166905697500,12.0,,0,,N,Y,Y,627,68,789,731,8.9,20250331.0,79246,926,N,N,Y
18064K,KR718064K016,한진칼우,ST,0.0,21,0,0,,N,N,0,N,N,N,,N,N,N,N,N,N,N,N,N,0,N,N,N,N,N,N,N,N,38100,1,1,N,N,N,0,N,N,N,0,0,0,100,N,90,13821,2500,20130916,536,1341915000,12.0,,9,,N,N,N,0,0,0,0,0.0,,204,,N,N,N
181480,KR7181480005,ACE 미국부동산리츠(합성 H),EF,,0,0,0,N,N,N,0,N,N,N,2.0,N,N,N,N,N,N,N,N,N,0,N,N,N,N,N,N,N,N,81365,1,1,N,N,N,0,N,N,N,0,0,0,100,N,90,101,0,20130801,120,0,12.0,,0,,N,N,N,0,0,0,0,0.0,,97,,N,N,N
181710,KR7181710005,NHN,ST,2.0,29,0,0,,N,N,0,N,N,N,,N,N,N,N,N,N,N,N,N,0,N,N,N,N,N,N,N,N,28700,1,1,N,N,N,0,N,N,N,0,0,0,40,Y,90,122817,500,20130829,33766,18758957500,12.0,,0,,N,N,Y,6001,276,241,-2,-1.03,20250331.0,9690,,N,N,Y
182480,KR7182480004,TIGER 미국MSCI리츠(합성 H),EF,,0,0,0,N,N,N,0,N,N,N,2.0,N,N,N,N,N,N,N,N,N,0,N,N,Y,N,N,N,N,N,12170,1,1,N,N,N,0,N,N,N,0,0,0,60,Y,90,12761,0,20131010,10200,0,12.0,,0,,N,N,N,0,0,0,0,0.0,,1241,,N,N,N
182490,KR7182490003,TIGER 단기선진하이일드(합성 H),EF,,0,0,0,N,N,N,0,N,N,N,2.0,N,N,N,N,N,N,N,N,N,0,N,N,Y,N,N,N,N,N,13625,1,1,N,N,N,0,N,N,N,0,0,0,100,N,90,1028,0,20140324,600,0,12.0,,0,,N,N,N,0,0,0,0,0.0,,81,,N,N,N
183190,KR7183190008,아세아시멘트,ST,3.0,27,10,0,,N,N,0,N,N,Y,,N,N,N,N,N,N,N,N,N,0,N,Y,N,N,N,N,N,N,14450,1,1,N,N,N,0,N,N,N,0,0,0,40,Y,90,75269,500,20131106,37346,19479045000,12.0,,0,,N,N,Y,2205,100,15,11,0.33,20250331.0,5396,,N,N,N
183700,KR7183700004,RISE 채권혼합,EF,,0,0,0,N,N,N,0,N,N,N,2.0,N,N,N,N,N,N,N,N,N,0,N,N,Y,N,N,N,N,N,66250,1,1,N,N,N,0,N,N,N,0,0,0,100,N,90,103,0,20131017,240,0,12.0,,0,,N,N,N,0,0,0,0,0.0,,159,,N,N,N
183710,KR7183710003,RISE 주식혼합,EF,,0,0,0,N,N,N,0,N,N,N,2.0,N,N,N,N,N,N,N,N,N,0,N,N,Y,N,N,N,N,N,46705,1,1,N,N,N,0,N,N,N,0,0,0,100,N,90,4,0,20131017,200,0,12.0,,0,,N,N,N,0,0,0,0,0.0,,93,,N,N,N
185680,KR7185680006,KODEX 미국S&P바이오(합성),EF,,0,0,0,N,N,N,0,N,N,N,2.0,N,N,N,N,N,N,N,N,N,0,N,N,Y,N,N,N,N,N,25595,1,1,N,N,N,0,N,N,N,0,0,0,100,N,90,3277,0,20131031,566,0,12.0,,0,,N,N,N,0,0,0,0,0.0,,144,,N,N,N
185750,KR7185750007,종근당,ST,2.0,27,9,0,,N,N,A,N,N,Y,,N,N,N,N,Y,N,N,N,N,0,N,N,N,N,N,N,N,N,82000,1,1,N,N,N,0,N,N,N,0,0,0,30,Y,90,31157,2500,20131206,13802,34506950000,12.0,,0,,N,Y,Y,4010,125,136,119,5.28,20250331.0,11318,,N,N,Y
189400,KR7189400005,PLUS 글로벌MSCI(합성 H),EF,,0,0,0,N,N,N,0,N,N,N,2.0,N,N,N,N,N,N,N,N,N,0,N,N,Y,N,N,N,N,N,21615,1,1,N,N,N,0,N,N,N,0,0,0,100,N,90,82,0,20131210,300,0,12.0,,0,,N,N,N,0,0,0,0,0.0,,64,,N,N,N
190620,KR7190620005,ACE 단기통안채,EF,,0,0,0,N,N,N,0,N,N,N,2.0,N,N,N,N,N,N,N,N,N,0,N,N,Y,N,N,N,N,N,102115,1,1,N,N,N,0,N,N,N,0,0,0,30,Y,90,4670,0,20131223,1337,0,12.0,,0,,N,N,N,0,0,0,0,0.0,,1365,,N,N,N
192080,KR7192080000,더블유게임즈,ST,2.0,29,0,0,,N,N,8,N,N,Y,,N,N,N,N,N,N,N,N,N,0,N,N,N,N,N,N,N,N,56300,1,1,N,N,N,0,N,N,N,0,0,0,30,Y,90,25045,500,20190312,21495,10839825500,12.0,,0,,N,Y,Y,1620,548,611,458,12.02,20250331.0,12102,,N,N,Y
192090,KR7192090009,TIGER 차이나CSI300,EF,,0,0,0,N,N,N,0,N,N,N,2.0,N,N,N,N,N,N,N,N,N,0,N,N,Y,N,N,N,N,N,10555,1,1,N,N,N,0,N,N,N,0,0,0,30,Y,90,83394,0,20140217,16900,0,12.0,,0,,N,N,N,0,0,0,0,0.0,,1783,,N,N,N
192400,KR7192400000,쿠쿠홀딩스,ST,2.0,21,0,0,,N,N,0,N,N,N,,N,N,N,N,N,N,N,N,N,0,N,N,N,N,N,N,N,N,31500,1,1,N,N,N,0,N,N,N,0,0,0,30,Y,90,10677,100,20140806,35562,3556218500,12.0,,0,,N,N,Y,2242,276,415,333,11.18,20250331.0,11202,,N,N,N
192650,KR7192650000,드림텍,ST,2.0,27,13,0,,N,,0,N,N,N,,N,N,,,,,N,,,0,,,N,,,,,,6400,1,1,N,N,N,0,N,N,N,0,0,0,60,Y,90,169668,100,20190314,68890,7178358500,12.0,,0,,N,N,Y,3412,99,90,56,1.46,20250331.0,4408,,N,N,Y
192720,KR7192720001,파워 고배당저변동성,EF,,0,0,0,N,N,N,0,N,N,N,2.0,N,N,N,N,N,N,N,N,N,0,N,N,Y,N,N,N,N,N,42615,1,1,N,N,N,0,N,N,N,0,0,0,100,N,90,1671,0,20140220,270,0,12.0,,0,,N,N,N,0,0,0,0,0.0,,115,,N,N,N
192820,KR7192820009,코스맥스,ST,2.0,27,8,0,,N,N,7,N,N,Y,,N,N,N,N,N,N,N,N,N,0,N,N,N,N,N,N,N,N,266000,1,1,N,N,N,0,N,N,N,0,0,0,50,Y,90,110397,500,20140407,11349,5674754500,12.0,,0,,N,Y,Y,5886,513,252,106,7.14,20250331.0,30189,,N,N,Y
194370,KR7194370003,제이에스코퍼레이션,ST,3.0,27,6,0,,N,N,0,N,N,N,,N,N,N,N,N,N,N,N,N,0,N,N,N,N,N,N,N,N,10640,1,1,N,N,N,0,N,N,N,0,0,0,60,Y,90,107227,100,20160204,29016,2901675800,12.0,,0,,N,N,Y,2937,283,199,142,10.37,20250331.0,3087,,N,N,Y
195870,KR7195870001,해성디에스,ST,3.0,27,13,0,,N,N,0,N,N,Y,,N,N,N,Y,N,N,N,N,N,0,N,N,N,N,N,N,N,N,24000,1,1,N,N,N,0,N,N,N,0,0,0,40,Y,90,71169,5000,20160624,17000,85000000000,12.0,,0,,N,N,Y,1375,4,0,6,0.42,20250331.0,4080,,N,N,Y
195920,KR7195920004,TIGER 일본TOPIX(합성 H),EF,,0,0,0,N,N,N,0,N,N,N,2.0,N,N,N,N,N,N,N,N,N,0,N,N,Y,N,N,N,N,N,25330,1,1,N,N,N,0,N,N,N,0,0,0,100,N,90,1626,0,20140430,500,0,12.0,,0,,N,N,N,0,0,0,0,0.0,,126,,N,N,N
195930,KR7195930003,TIGER 유로스탁스50(합성 H),EF,,0,0,0,N,N,N,0,N,N,N,2.0,N,N,N,N,N,N,N,N,N,0,N,N,Y,N,N,N,N,N,19200,1,1,N,N,N,0,N,N,N,0,0,0,60,Y,90,3746,0,20140430,2150,0,12.0,,0,,N,N,N,0,0,0,0,0.0,,412,,N,N,N
195970,KR7195970009,PLUS 선진국MSCI(합성 H),EF,,0,0,0,N,N,N,0,N,N,N,2.0,N,N,N,N,N,N,N,N,N,0,N,N,Y,N,N,N,N,N,13665,1,1,N,N,N,0,N,N,N,0,0,0,60,Y,90,13161,0,20140513,2320,0,12.0,,0,,N,N,N,0,0,0,0,0.0,,317,,N,N,N
195980,KR7195980008,PLUS 신흥국MSCI(합성 H),EF,,0,0,0,N,N,N,0,N,N,N,2.0,N,N,N,N,N,N,N,N,N,0,N,N,Y,N,N,N,N,N,11260,1,1,N,N,N,0,N,N,N,0,0,0,60,Y,90,19161,0,20140513,6660,0,12.0,,0,,N,N,N,0,0,0,0,0.0,,749,,N,N,N
196030,KR7196030001,ACE 일본TOPIX레버리지(H),EF,,0,0,0,N,N,N,0,N,N,N,2.0,N,N,N,N,N,N,N,N,N,0,N,N,N,N,N,N,N,N,49045,1,1,N,N,N,0,N,N,N,0,0,0,100,N,90,531,0,20140616,500,0,12.0,,0,,N,N,N,0,0,0,0,0.0,,245,,N,N,N
196230,KR7196230007,RISE 단기통안채,EF,,0,0,0,N,N,N,0,N,N,N,2.0,N,N,N,N,N,N,N,N,N,0,N,N,Y,N,N,N,N,N,115705,1,1,N,N,N,0,N,N,N,0,0,0,30,Y,90,1803,0,20140519,2795,0,12.0,,0,,N,N,N,0,0,0,0,0.0,,3233,,N,N,N
200030,KR7200030005,KODEX 미국S&P500산업재(합성),EF,,0,0,0,N,N,N,0,N,N,N,2.0,N,N,N,N,N,N,N,N,N,0,N,N,Y,N,N,N,N,N,36235,1,1,N,N,N,0,N,N,N,0,0,0,60,Y,90,5920,0,20140612,1139,0,12.0,,0,,N,N,N,0,0,0,0,0.0,,412,,N,N,N
200250,KR7200250009,KIWOOM 인도Nifty50(합성),EF,,0,0,0,N,N,N,0,N,N,N,2.0,N,N,N,N,N,N,N,N,N,0,N,N,Y,N,N,N,N,N,24115,1,1,N,N,N,0,N,N,N,0,0,0,60,Y,90,64815,0,20140626,9000,0,12.0,,0,,N,N,N,0,0,0,0,0.0,,2170,,N,N,N
200880,KR7200880003,서연이화,ST,3.0,27,15,0,,N,N,0,N,N,Y,,N,N,Y,N,N,N,N,N,N,0,N,N,N,N,N,N,N,N,12240,1,1,N,N,N,0,N,N,N,0,0,0,40,Y,90,37326,500,20140808,27028,13514218500,12.0,,0,,N,N,Y,10552,386,300,169,5.95,20250331.0,3308,,N,N,Y
203780,KR7203780002,TIGER 미국나스닥바이오,EF,,0,0,0,N,N,N,0,N,N,N,2.0,N,N,N,N,N,N,N,N,N,0,N,N,Y,N,N,N,N,N,22580,1,1,N,N,N,0,N,N,N,0,0,0,30,Y,90,18046,0,20140827,2560,0,12.0,,0,,N,N,N,0,0,0,0,0.0,,578,,N,N,N
204210,KR7204210009,스타에스엠리츠,RT,3.0,28,0,0,,N,,0,N,N,N,,N,N,,,,,N,,,0,,,Y,,,,,,2035,1,1,Y,N,Y,0,N,N,N,0,0,0,100,N,90,0,5000,20160922,7826,39134075000,,,0,,N,N,Y,0,0,0,0,0.0,,159,,N,N,N
204320,KR7204320006,HL만도,ST,2.0,27,15,0,,N,N,8,N,N,Y,,N,N,Y,N,N,N,N,N,N,0,N,N,N,N,N,N,N,N,34700,1,1,N,N,N,0,N,N,N,0,0,0,40,Y,90,270274,1000,20141006,46957,46957120000,12.0,,0,,N,Y,Y,22710,792,616,346,4.53,20250331.0,16294,,N,N,Y
204450,KR7204450001,KODEX 차이나H레버리지(H),EF,,0,0,0,N,N,N,0,N,N,N,2.0,N,N,N,N,N,N,N,N,N,0,N,N,N,N,N,N,N,N,2865,1,1,N,N,N,0,N,N,N,0,0,0,100,N,90,166292,0,20140912,18700,0,12.0,,0,,N,N,N,0,0,0,0,0.0,,535,,N,N,N
204480,KR7204480008,TIGER 차이나CSI300레버리지(합성),EF,,0,0,0,N,N,N,0,N,N,N,2.0,N,N,N,N,N,N,N,N,N,0,N,N,N,N,N,N,N,N,18810,1,1,N,N,N,0,N,N,N,0,0,0,100,N,90,38687,0,20140901,4960,0,12.0,,0,,N,N,N,0,0,0,0,0.0,,932,,N,N,N
205720,KR7205720006,ACE 일본TOPIX인버스(합성 H),EF,,0,0,0,N,N,N,0,N,N,N,2.0,N,N,N,N,N,N,N,N,N,0,N,N,N,N,N,N,N,N,2140,1,1,N,N,N,0,N,N,N,0,0,0,100,N,90,135875,0,20140929,3000,0,12.0,,0,,N,N,N,0,0,0,0,0.0,,64,,N,N,N
207940,KR7207940008,삼성바이오로직스,ST,1.0,27,9,0,,N,,A,Y,Y,Y,,Y,Y,,,,,N,,,0,,,N,,,,,,1029000,1,1,N,N,N,0,N,N,N,0,0,0,20,Y,90,38580,2500,20161110,71174,177935000000,12.0,,0,,N,Y,Y,12983,4867,4994,3756,13.54,20250331.0,732380,511,N,N,N
210540,KR7210540001,디와이파워,ST,3.0,27,12,0,,N,N,0,N,N,N,,N,N,N,N,N,N,N,N,N,0,N,N,N,N,N,N,N,N,13380,1,1,N,N,N,0,N,N,N,0,0,0,60,Y,90,110660,500,20150115,11041,5520854000,12.0,,0,,N,N,Y,936,98,111,89,11.96,20250331.0,1477,,N,N,N
210780,KR7210780003,TIGER 코스피고배당,EF,,0,0,0,N,N,N,0,N,N,N,2.0,N,N,N,N,N,N,N,N,N,0,N,N,Y,N,N,N,N,N,19045,1,1,N,N,N,0,N,N,N,0,0,0,30,Y,90,54869,0,20141205,3270,0,12.0,,0,,N,N,N,0,0,0,0,0.0,,622,,N,N,N
210980,KR7210980009,SK디앤디,ST,3.0,28,0,0,,N,N,0,N,N,N,,N,N,N,N,N,N,N,N,N,0,N,N,N,N,N,N,N,N,9710,1,1,N,N,N,0,N,N,N,0,0,0,60,Y,90,22002,1000,20150623,18617,18617382000,12.0,,0,,N,N,Y,907,71,27,63,4.4,20250331.0,1807,535,N,N,N
211560,KR7211560008,TIGER 배당성장,EF,,0,0,0,N,N,N,0,N,N,N,2.0,N,N,N,N,N,N,N,N,N,0,N,N,Y,N,N,N,N,N,24500,1,1,N,N,N,0,N,N,N,0,0,0,30,Y,90,30405,0,20141217,2190,0,12.0,,0,,N,N,N,0,0,0,0,0.0,,536,,N,N,N
211900,KR7211900006,KODEX 배당성장,EF,,0,0,0,N,N,N,0,N,N,N,2.0,N,N,N,N,N,N,N,N,N,0,N,N,Y,N,N,N,N,N,19630,1,1,N,N,N,0,N,N,N,0,0,0,100,N,90,23706,0,20141217,2450,0,12.0,,0,,N,N,N,0,0,0,0,0.0,,480,,N,N,N
213500,KR7213500002,한솔제지,ST,3.0,27,7,0,,N,N,0,N,N,N,,N,N,N,N,N,N,N,N,N,0,N,N,N,N,N,N,N,N,8810,1,1,N,N,N,0,N,N,N,0,0,0,60,Y,90,24414,5000,20150126,23800,119002880000,12.0,,0,,N,N,Y,5756,203,84,67,3.91,20250331.0,2096,,N,N,N
213610,KR7213610009,KODEX 삼성그룹밸류,EF,,0,0,0,N,N,N,0,N,N,N,2.0,N,N,N,N,N,N,N,N,N,0,N,N,Y,N,N,N,N,N,9835,1,1,N,N,N,0,N,N,N,0,0,0,30,Y,90,30553,0,20150108,17200,0,12.0,,0,,N,N,N,0,0,0,0,0.0,,1691,,N,N,N
213630,KR7213630007,PLUS 미국다우존스고배당주(합성 H),EF,,0,0,0,N,N,N,0,N,N,N,2.0,N,N,N,N,N,N,N,N,N,0,N,N,Y,N,N,N,N,N,17525,1,1,N,N,N,0,N,N,N,0,0,0,100,N,90,3166,0,20150126,1020,0,12.0,,0,,N,N,N,0,0,0,0,0.0,,178,,N,N,N
214320,KR7214320004,이노션,ST,2.0,26,0,0,,N,N,0,N,N,N,,N,N,N,N,N,N,N,N,N,0,N,N,N,N,N,N,N,N,19660,1,1,N,N,N,0,N,N,N,0,0,0,40,Y,90,37639,500,20150717,40000,20000000000,12.0,,0,,N,N,Y,5034,298,274,169,5.0,20250331.0,7864,BH1,N,N,N
214330,KR7214330003,금호에이치티,ST,3.0,27,15,0,,N,N,0,N,N,N,,N,N,N,N,N,N,N,N,N,0,N,N,N,N,N,N,N,N,617,1,1,N,N,N,0,N,N,N,0,0,0,60,Y,90,185207,500,20151111,217952,111476294500,12.0,,0,,N,N,Y,1029,26,17,16,2.05,20250331.0,1344,,N,N,N
214390,KR7214390007,경보제약,ST,3.0,27,9,0,,N,N,0,N,N,Y,,N,N,N,N,Y,N,N,N,N,0,N,N,N,N,N,N,N,N,5060,1,1,N,N,N,0,N,N,N,0,0,0,50,Y,90,10964,500,20150629,23906,11953430000,12.0,,0,,N,N,Y,2386,105,49,46,3.19,20241231.0,1209,,N,N,N
214420,KR7214420002,토니모리,ST,3.0,27,8,0,,N,N,0,N,N,N,,N,N,N,N,N,N,N,N,N,0,N,N,N,N,N,N,N,N,11700,1,1,N,N,N,0,N,N,N,0,0,0,100,N,90,365692,200,20150710,24054,4810959800,12.0,,0,,N,N,Y,489,36,22,17,7.56,20250331.0,2814,,N,N,N
214980,KR7214980005,KODEX 단기채권PLUS,EF,,0,0,0,N,N,N,0,N,N,N,2.0,N,N,N,N,N,N,N,N,N,0,N,N,Y,N,N,N,N,N,115155,1,1,N,N,N,0,N,N,N,0,0,0,30,Y,90,42252,0,20150303,13974,0,12.0,,0,,N,N,N,0,0,0,0,0.0,,16091,,N,N,N
215620,KR7215620006,HK S&P코리아로우볼,EF,,0,0,0,N,N,N,0,N,N,N,2.0,N,N,N,N,N,N,N,N,N,0,N,N,Y,N,N,N,N,N,15930,1,1,N,N,N,0,N,N,N,0,0,0,100,N,90,0,0,20150325,630,0,12.0,,0,,N,N,N,0,0,0,0,0.0,,100,,N,N,N
217770,KR7217770007,TIGER 원유선물인버스(H),EF,,0,0,0,N,N,N,0,N,N,N,2.0,N,N,N,N,N,N,N,N,N,0,N,N,N,N,N,N,N,N,2640,1,1,N,N,N,0,N,N,N,0,0,0,100,N,90,118050,0,20150429,3200,0,12.0,,0,,N,N,N,0,0,0,0,0.0,,84,,N,N,N
217780,KR7217780006,TIGER 차이나CSI300인버스(합성),EF,,0,0,0,N,N,N,0,N,N,N,2.0,N,N,N,N,N,N,N,N,N,0,N,N,N,N,N,N,N,N,7150,1,1,N,N,N,0,N,N,N,0,0,0,100,N,90,315,0,20150610,1600,0,12.0,,0,,N,N,N,0,0,0,0,0.0,,114,,N,N,N
218420,KR7218420008,KODEX 미국S&P500에너지(합성),EF,,0,0,0,N,N,N,0,N,N,N,2.0,N,N,N,N,N,N,N,N,N,0,N,N,Y,N,N,N,N,N,13680,1,1,N,N,N,0,N,N,N,0,0,0,60,Y,90,16086,0,20150428,1816,0,12.0,,0,,N,N,N,0,0,0,0,0.0,,248,,N,N,N
219390,KR7219390002,RISE 미국S&P원유생산기업(합성 H),EF,,0,0,0,N,N,N,0,N,N,N,2.0,N,N,N,N,N,N,N,N,N,0,N,N,Y,N,N,N,N,N,5580,1,1,N,N,N,0,N,N,N,0,0,0,100,N,90,16252,0,20150602,2750,0,12.0,,0,,N,N,N,0,0,0,0,0.0,,153,,N,N,N
219480,KR7219480001,KODEX 미국S&P500선물(H),EF,,0,0,0,N,N,N,0,N,N,N,2.0,N,N,N,N,N,N,N,N,N,0,N,N,N,N,N,N,N,N,28265,1,1,N,N,N,0,N,N,N,0,0,0,30,Y,90,23649,0,20150529,5200,0,12.0,,0,,N,N,N,0,0,0,0,0.0,,1469,,N,N,N
219900,KR7219900008,ACE 중국본토CSI300레버리지(합성),EF,,0,0,0,N,N,N,0,N,N,N,2.0,N,N,N,N,N,N,N,N,N,0,N,N,N,N,N,N,N,N,3235,1,1,N,N,N,0,N,N,N,0,0,0,100,N,90,12313,0,20150528,1900,0,12.0,,0,,N,N,N,0,0,0,0,0.0,,61,,N,N,N
220130,KR7220130009,SOL 차이나강소기업CSI500(합성 H),EF,,0,0,0,N,N,N,0,N,N,N,2.0,N,N,N,N,N,N,N,N,N,0,N,N,Y,N,N,N,N,N,5135,1,1,N,N,N,0,N,N,N,0,0,0,100,N,90,319,0,20150608,800,0,12.0,,0,,N,N,N,0,0,0,0,0.0,,41,,N,N,N
223190,KR7223190000,KODEX 200가치저변동,EF,,0,0,0,N,N,N,0,N,N,N,2.0,N,N,N,N,N,N,N,N,N,0,N,N,Y,N,N,N,N,N,14115,1,1,N,N,N,0,N,N,N,0,0,0,100,N,90,3555,0,20150626,1000,0,12.0,,0,,N,N,N,0,0,0,0,0.0,,141,,N,N,N
225030,KR7225030006,TIGER 미국S&P500선물인버스(H),EF,,0,0,0,N,N,N,0,N,N,N,2.0,N,N,N,N,N,N,N,N,N,0,N,N,N,N,N,N,N,N,2720,1,1,N,N,N,0,N,N,N,0,0,0,100,N,90,64537,0,20150729,2950,0,12.0,,0,,N,N,N,0,0,0,0,0.0,,80,,N,N,N
225040,KR7225040005,TIGER 미국S&P500레버리지(합성 H),EF,,0,0,0,N,N,N,0,N,N,N,2.0,N,N,N,N,N,N,N,N,N,0,N,N,N,N,N,N,N,N,49890,1,1,N,N,N,0,N,N,N,0,0,0,100,N,90,7185,0,20150729,1160,0,12.0,,0,,N,N,N,0,0,0,0,0.0,,578,,N,N,N
225050,KR7225050004,TIGER 유로스탁스레버리지(합성 H),EF,,0,0,0,N,N,N,0,N,N,N,2.0,N,N,N,N,N,N,N,N,N,0,N,N,N,N,N,N,N,N,12075,1,1,N,N,N,0,N,N,N,0,0,0,100,N,90,1674,0,20150729,650,0,12.0,,0,,N,N,N,0,0,0,0,0.0,,78,,N,N,N
225060,KR7225060003,TIGER 이머징마켓MSCI레버리지(합성 H),EF,,0,0,0,N,N,N,0,N,N,N,2.0,N,N,N,N,N,N,N,N,N,0,N,N,N,N,N,N,N,N,9650,1,1,N,N,N,0,N,N,N,0,0,0,100,N,90,502,0,20150729,1060,0,12.0,,0,,N,N,N,0,0,0,0,0.0,,102,,N,N,N
225130,KR7225130004,ACE 골드선물 레버리지(합성 H),EF,,0,0,0,N,N,N,0,N,N,N,2.0,N,N,N,N,N,N,N,N,N,0,N,N,N,N,N,N,N,N,36015,1,1,N,N,N,0,N,N,N,0,0,0,100,N,90,3850,0,20150728,300,0,12.0,,0,,N,N,N,0,0,0,0,0.0,,108,,N,N,N
225800,KR7225800002,KIWOOM 미국달러선물레버리지,EF,,0,0,0,N,N,N,0,N,N,N,2.0,N,N,N,N,N,N,N,N,N,0,N,N,N,N,N,N,N,N,14720,1,1,N,N,N,0,N,N,N,0,0,0,100,N,90,246,0,20150810,920,0,12.0,,0,,N,N,N,0,0,0,0,0.0,,135,,N,N,N
226320,KR7226320000,잇츠한불,ST,3.0,27,8,0,,N,N,0,N,N,N,,N,N,N,N,N,N,N,N,N,0,N,N,N,N,N,N,N,N,13640,1,1,N,N,N,0,N,N,N,0,0,0,40,Y,90,22263,500,20151228,21929,10964657500,12.0,,0,,N,N,Y,363,56,94,63,2.35,20250331.0,2991,,N,N,N
226380,KR7226380004,ACE Fn성장소비주도주,EF,,0,0,0,N,N,N,0,N,N,N,2.0,N,N,N,N,N,N,N,N,N,0,N,N,Y,N,N,N,N,N,7365,1,1,N,N,N,0,N,N,N,0,0,0,100,N,90,394,0,20150819,800,0,12.0,,0,,N,N,N,0,0,0,0,0.0,,58,,N,N,N
226490,KR7226490001,KODEX 코스피,EF,,0,0,0,N,N,N,0,N,N,N,2.0,N,N,N,N,N,N,N,N,N,0,N,N,Y,N,N,N,N,N,32885,1,1,N,N,N,0,N,N,N,0,0,0,30,Y,90,209534,0,20150824,16650,0,12.0,,0,,N,N,N,0,0,0,0,0.0,,5475,,N,N,N
226980,KR7226980001,KODEX 200 중소형,EF,,0,0,0,N,N,N,0,N,N,N,2.0,N,N,N,N,N,N,N,N,N,0,N,N,Y,N,N,N,N,N,18490,1,1,N,N,N,0,N,N,N,0,0,0,100,N,90,12561,0,20150901,800,0,12.0,,0,,N,N,N,0,0,0,0,0.0,,147,,N,N,N
227540,KR7227540002,TIGER 200 헬스케어,EF,,0,0,0,N,N,N,0,N,N,N,2.0,N,N,N,N,N,N,N,N,N,0,N,N,Y,N,N,N,N,N,19320,1,1,N,N,N,0,N,N,N,0,0,0,30,Y,90,439772,0,20150923,1940,0,12.0,,0,,N,N,N,0,0,0,0,0.0,,374,,N,N,N
227550,KR7227550001,TIGER 200 산업재,EF,,0,0,0,N,N,N,0,N,N,N,2.0,N,N,N,N,N,N,N,N,N,0,N,N,Y,N,N,N,N,N,10085,1,1,N,N,N,0,N,N,N,0,0,0,100,N,90,12418,0,20150923,280,0,12.0,,0,,N,N,N,0,0,0,0,0.0,,28,,N,N,N
227560,KR7227560000,TIGER 200 생활소비재,EF,,0,0,0,N,N,N,0,N,N,N,2.0,N,N,N,N,N,N,N,N,N,0,N,N,Y,N,N,N,N,N,12170,1,1,N,N,N,0,N,N,N,0,0,0,100,N,90,25399,0,20150923,780,0,12.0,,0,,N,N,N,0,0,0,0,0.0,,94,,N,N,N
227570,KR7227570009,TIGER 우량가치,EF,,0,0,0,N,N,N,0,N,N,N,2.0,N,N,N,N,N,N,N,N,N,0,N,N,Y,N,N,N,N,N,15510,1,1,N,N,N,0,N,N,N,0,0,0,100,N,90,5304,0,20150923,570,0,12.0,,0,,N,N,N,0,0,0,0,0.0,,88,,N,N,N
227830,KR7227830007,PLUS 코스피,EF,,0,0,0,N,N,N,0,N,N,N,2.0,N,N,N,N,N,N,N,N,N,0,N,N,Y,N,N,N,N,N,33245,1,1,N,N,N,0,N,N,N,0,0,0,100,N,90,3052,0,20150923,250,0,12.0,,0,,N,N,N,0,0,0,0,0.0,,83,,N,N,N
227840,KR7227840006,현대코퍼레이션홀딩스,ST,3.0,16,0,0,,N,N,0,N,N,N,,N,N,N,N,N,N,N,N,N,0,N,N,N,N,N,N,N,N,12500,1,1,N,N,N,0,N,N,N,0,0,0,100,N,90,7571,5000,20151023,9100,45504180000,12.0,,0,,N,N,Y,621,50,112,99,13.2,20250331.0,1137,,N,N,N
228790,KR7228790002,TIGER 화장품,EF,,0,0,0,N,N,N,0,N,N,N,2.0,N,N,N,N,N,N,N,N,N,0,N,N,Y,N,N,N,N,N,4345,1,1,N,N,N,0,N,N,N,0,0,0,30,Y,90,8752381,0,20151007,73770,0,12.0,,0,,N,N,N,0,0,0,0,0.0,,3205,,N,N,N
228800,KR7228800009,TIGER 여행레저,EF,,0,0,0,N,N,N,0,N,N,N,2.0,N,N,N,N,N,N,N,N,N,0,N,N,Y,N,N,N,N,N,3755,1,1,N,N,N,0,N,N,N,0,0,0,30,Y,90,802336,0,20151007,32910,0,12.0,,0,,N,N,N,0,0,0,0,0.0,,1235,,N,N,N
228810,KR7228810008,TIGER 미디어컨텐츠,EF,,0,0,0,N,N,N,0,N,N,N,2.0,N,N,N,N,N,N,N,N,N,0,N,N,Y,N,N,N,N,N,7005,1,1,N,N,N,0,N,N,N,0,0,0,30,Y,90,551378,0,20151007,19800,0,12.0,,0,,N,N,N,0,0,0,0,0.0,,1386,,N,N,N
228820,KR7228820007,TIGER KTOP30,EF,,0,0,0,N,N,N,0,N,N,N,2.0,N,N,N,N,N,N,N,N,N,0,N,N,Y,N,N,N,N,N,9190,1,1,N,N,N,0,N,N,N,0,0,0,100,N,90,4743,0,20151014,800,0,12.0,,0,,N,N,N,0,0,0,0,0.0,,73,,N,N,N
229200,KR7229200001,KODEX 코스닥150,EF,,0,0,0,N,N,N,0,N,N,N,2.0,N,N,N,N,N,N,N,N,N,0,N,N,Y,N,N,N,N,N,13375,1,1,N,N,N,0,N,N,N,0,0,0,30,Y,90,5850144,0,20151001,89400,0,12.0,,0,,N,N,N,0,0,0,0,0.0,,11957,,N,N,N
229640,KR7229640008,LS에코에너지,ST,2.0,21,0,0,,N,,0,N,N,Y,,N,N,,,,,N,,,0,,,N,,,,,,43300,1,1,N,N,N,0,N,N,N,0,0,0,60,Y,90,557360,500,20160922,30624,15312439500,12.0,,0,,N,Y,Y,2283,153,138,127,24.27,20250331.0,13260,FN2,N,N,Y
229720,KR7229720008,KODEX KTOP30,EF,,0,0,0,N,N,N,0,N,N,N,2.0,N,N,N,N,N,N,N,N,N,0,N,N,Y,N,N,N,N,N,18250,1,1,N,N,N,0,N,N,N,0,0,0,100,N,90,590,0,20151014,500,0,12.0,,0,,N,N,N,0,0,0,0,0.0,,91,,N,N,N
230480,KR7230480006,KIWOOM 미국달러선물인버스2X,EF,,0,0,0,N,N,N,0,N,N,N,2.0,N,N,N,N,N,N,N,N,N,0,N,N,N,N,N,N,N,N,4860,1,1,N,N,N,0,N,N,N,0,0,0,100,N,90,1363,0,20151116,2410,0,12.0,,0,,N,N,N,0,0,0,0,0.0,,117,,N,N,N
232080,KR7232080002,TIGER 코스닥150,EF,,0,0,0,N,N,N,0,N,N,N,2.0,N,N,N,N,N,N,N,N,N,0,N,N,Y,N,N,N,N,N,13710,1,1,N,N,N,0,N,N,N,0,0,0,30,Y,90,335595,0,20151112,13240,0,12.0,,0,,N,N,N,0,0,0,0,0.0,,1815,,N,N,N
233160,KR7233160001,TIGER 코스닥150 레버리지,EF,,0,0,0,N,N,N,0,N,N,N,2.0,N,N,N,N,N,N,N,N,N,0,N,N,N,N,N,N,N,N,10000,1,1,N,N,N,0,N,N,N,0,0,0,100,N,90,260708,0,20151217,6900,0,12.0,,0,,N,N,N,0,0,0,0,0.0,,690,,N,N,N
233740,KR7233740000,KODEX 코스닥150레버리지,EF,,0,0,0,N,N,N,0,N,N,N,2.0,N,N,N,N,N,N,N,N,N,0,N,N,N,N,N,N,N,N,8890,1,1,N,N,N,0,N,N,N,0,0,0,100,N,90,13056598,0,20151217,205300,0,12.0,,0,,N,N,N,0,0,0,0,0.0,,18251,,N,N,N
234080,KR7234080000,JW생명과학,ST,3.0,27,9,0,,N,,0,N,N,N,,N,N,,,,,N,,,0,,,N,,,,,,12090,1,1,N,N,N,0,N,N,N,0,0,0,50,Y,90,43200,2500,20161027,15834,39586385000,12.0,,0,,N,N,Y,762,92,88,61,12.24,20250331.0,1914,,N,N,N
234310,KR7234310001,RISE V&S셀렉트밸류,EF,,0,0,0,N,N,N,0,N,N,N,2.0,N,N,N,N,N,N,N,N,N,0,N,N,Y,N,N,N,N,N,16295,1,1,N,N,N,0,N,N,N,0,0,0,100,N,90,11,0,20160202,500,0,12.0,,0,,N,N,N,0,0,0,0,0.0,,81,,N,N,N
236350,KR7236350005,TIGER 인도니프티50레버리지(합성),EF,,0,0,0,N,N,N,0,N,N,N,2.0,N,N,N,N,N,N,N,N,N,0,N,N,N,N,N,N,N,N,37400,1,1,N,N,N,0,N,N,N,0,0,0,100,N,90,6052,0,20160513,760,0,12.0,,0,,N,N,N,0,0,0,0,0.0,,284,,N,N,N
237350,KR7237350004,KODEX 코스피100,EF,,0,0,0,N,N,N,0,N,N,N,2.0,N,N,N,N,N,N,N,N,N,0,N,N,Y,N,N,N,N,N,33460,1,1,N,N,N,0,N,N,N,0,0,0,30,Y,90,80086,0,20160127,3900,0,12.0,,0,,N,N,N,0,0,0,0,0.0,,1304,,N,N,N
237370,KR7237370002,KODEX 배당성장채권혼합,EF,,0,0,0,N,N,N,0,N,N,N,2.0,N,N,N,N,N,N,N,N,N,0,N,N,Y,N,N,N,N,N,14365,1,1,N,N,N,0,N,N,N,0,0,0,30,Y,90,38745,0,20160127,4800,0,12.0,,0,,N,N,N,0,0,0,0,0.0,,689,,N,N,N
237440,KR7237440003,TIGER 경기방어채권혼합,EF,,0,0,0,N,N,N,0,N,N,N,2.0,N,N,N,N,N,N,N,N,N,0,N,N,Y,N,N,N,N,N,10015,1,1,N,N,N,0,N,N,N,0,0,0,100,N,90,4934,0,20160127,800,0,12.0,,0,,N,N,N,0,0,0,0,0.0,,80,,N,N,N
238670,KR7238670004,PLUS 스마트베타Quality채권혼합,EF,,0,0,0,N,N,N,0,N,N,N,2.0,N,N,N,N,N,N,N,N,N,0,N,N,Y,N,N,N,N,N,11875,1,1,N,N,N,0,N,N,N,0,0,0,100,N,90,2154,0,20160224,300,0,12.0,,0,,N,N,N,0,0,0,0,0.0,,35,,N,N,N
238720,KR7238720007,ACE 일본Nikkei225(H),EF,,0,0,0,N,N,N,0,N,N,N,2.0,N,N,N,N,N,N,N,N,N,0,N,N,Y,N,N,N,N,N,29335,1,1,N,N,N,0,N,N,N,0,0,0,100,N,90,606,0,20160303,1000,0,12.0,,0,,N,N,N,0,0,0,0,0.0,,293,,N,N,N
239660,KR7239660004,PLUS 우량회사채50,EF,,0,0,0,N,N,N,0,N,N,N,2.0,N,N,N,N,N,N,N,N,N,0,N,N,Y,N,N,N,N,N,121160,1,1,N,N,N,0,N,N,N,0,0,0,100,N,90,1209,0,20160322,140,0,12.0,,0,,N,N,N,0,0,0,0,0.0,,169,,N,N,N
241180,KR7241180009,TIGER 일본니케이225,EF,,0,0,0,N,N,N,0,N,N,N,2.0,N,N,N,N,N,N,N,N,N,0,N,N,Y,N,N,N,N,N,23220,1,1,N,N,N,0,N,N,N,0,0,0,30,Y,90,25610,0,20160331,10640,0,12.0,,0,,N,N,N,0,0,0,0,0.0,,2470,,N,N,N
241390,KR7241390004,RISE V&S셀렉트밸류채권혼합,EF,,0,0,0,N,N,N,0,N,N,N,2.0,N,N,N,N,N,N,N,N,N,0,N,N,Y,N,N,N,N,N,12785,1,1,N,N,N,0,N,N,N,0,0,0,100,N,90,15390,0,20160412,1200,0,12.0,,0,,N,N,N,0,0,0,0,0.0,,153,,N,N,N
241560,KR7241560002,두산밥캣,ST,1.0,27,12,0,,N,,2,Y,N,Y,,N,Y,,,,,N,,,0,,,N,,,,,,56700,1,1,N,N,N,0,N,N,N,0,0,0,30,Y,90,234779,500,20161118,95856,50124583000,12.0,,0,,N,Y,Y,20982,2000,1698,1134,6.58,20250331.0,54350,391,N,N,Y
241590,KR7241590009,화승엔터프라이즈,ST,2.0,27,6,0,,N,,0,N,N,N,,N,N,,,,,N,,,0,,,N,,,,,,7520,1,1,N,N,N,0,N,N,N,0,0,0,40,Y,90,77359,500,20161004,60589,30294638000,12.0,,0,,N,N,Y,4234,134,33,10,0.19,20250331.0,4556,,N,N,N
243880,KR7243880002,TIGER 200IT레버리지,EF,,0,0,0,N,N,N,0,N,N,N,2.0,N,N,N,N,N,N,N,N,N,0,N,N,N,N,N,N,N,N,33550,1,1,N,N,N,0,N,N,N,0,0,0,100,N,90,7811,0,20160513,725,0,12.0,,0,,N,N,N,0,0,0,0,0.0,,243,,N,N,N
243890,KR7243890001,TIGER 200에너지화학레버리지,EF,,0,0,0,N,N,N,0,N,N,N,2.0,N,N,N,N,N,N,N,N,N,0,N,N,N,N,N,N,N,N,5285,1,1,N,N,N,0,N,N,N,0,0,0,100,N,90,13396,0,20160513,750,0,12.0,,0,,N,N,N,0,0,0,0,0.0,,39,,N,N,N
244580,KR7244580007,KODEX 바이오,EF,,0,0,0,N,N,N,0,N,N,N,2.0,N,N,N,N,N,N,N,N,N,0,N,N,Y,N,N,N,N,N,9330,1,1,N,N,N,0,N,N,N,0,0,0,30,Y,90,293480,0,20160513,16480,0,12.0,,0,,N,N,N,0,0,0,0,0.0,,1537,,N,N,N
244620,KR7244620001,KODEX 모멘텀Plus,EF,,0,0,0,N,N,N,0,N,N,N,2.0,N,N,N,N,N,N,N,N,N,0,N,N,Y,N,N,N,N,N,14820,1,1,N,N,N,0,N,N,N,0,0,0,100,N,90,48,0,20160513,600,0,12.0,,0,,N,N,N,0,0,0,0,0.0,,88,,N,N,N
244660,KR7244660007,KODEX 퀄리티Plus,EF,,0,0,0,N,N,N,0,N,N,N,2.0,N,N,N,N,N,N,N,N,N,0,N,N,Y,N,N,N,N,N,9160,1,1,N,N,N,0,N,N,N,0,0,0,100,N,90,0,0,20160513,500,0,12.0,,0,,N,N,N,0,0,0,0,0.0,,45,,N,N,N
244670,KR7244670006,KODEX 밸류Plus,EF,,0,0,0,N,N,N,0,N,N,N,2.0,N,N,N,N,N,N,N,N,N,0,N,N,Y,N,N,N,N,N,9930,1,1,N,N,N,0,N,N,N,0,0,0,100,N,90,2811,0,20160513,600,0,12.0,,0,,N,N,N,0,0,0,0,0.0,,59,,N,N,N
244920,KR7244920005,에이플러스에셋,ST,3.0,21,0,0,,N,,0,N,N,N,,N,N,,,,,N,,,0,,,N,,,,,,6190,1,1,N,N,N,0,N,N,N,0,0,0,100,N,90,33434,500,20201120,22607,11303846500,12.0,,0,,N,N,Y,1583,74,63,66,14.97,20250331.0,1399,,N,N,N
245340,KR7245340005,TIGER 미국다우존스30,EF,,0,0,0,N,N,N,0,N,N,N,2.0,N,N,N,N,N,N,N,N,N,0,N,N,Y,N,N,N,N,N,29815,1,1,N,N,N,0,N,N,N,0,0,0,30,Y,90,9617,0,20160701,3600,0,12.0,,0,,N,N,N,0,0,0,0,0.0,,1073,,N,N,N
245350,KR7245350004,TIGER 유로스탁스배당30,EF,,0,0,0,N,N,N,0,N,N,N,2.0,N,N,N,N,N,N,N,N,N,0,N,N,Y,N,N,N,N,N,16225,1,1,N,N,N,0,N,N,N,0,0,0,30,Y,90,6207,0,20160701,1600,0,12.0,,0,,N,N,N,0,0,0,0,0.0,,259,,N,N,N
245360,KR7245360003,TIGER 차이나HSCEI,EF,,0,0,0,N,N,N,0,N,N,N,2.0,N,N,N,N,N,N,N,N,N,0,N,N,Y,N,N,N,N,N,13070,1,1,N,N,N,0,N,N,N,0,0,0,30,Y,90,12166,0,20160616,4000,0,12.0,,0,,N,N,N,0,0,0,0,0.0,,522,,N,N,N
245710,KR7245710009,ACE 베트남VN30(합성),EF,,0,0,0,N,N,N,0,N,N,N,2.0,N,N,N,N,N,N,N,N,N,0,N,N,Y,N,N,N,N,N,25735,1,1,N,N,N,0,N,N,N,0,0,0,60,Y,90,98740,0,20160701,10800,0,12.0,,0,,N,N,N,0,0,0,0,0.0,,2779,,N,N,N
248070,KR7248070005,솔루엠,ST,2.0,27,13,0,,N,,0,N,N,Y,,N,N,,,,,N,,,0,,,N,,,,,,15890,1,1,N,N,N,0,N,N,N,0,0,0,40,Y,90,106794,500,20210202,47816,25002775500,12.0,,0,,N,Y,Y,3974,115,62,25,2.81,20250331.0,7597,,N,N,Y
248170,KR7248170003,샘표식품,ST,3.0,27,5,0,,N,N,0,N,N,N,,N,N,N,N,N,N,N,N,N,0,N,N,N,N,N,N,N,N,26700,1,1,N,N,N,0,N,N,N,0,0,0,60,Y,90,3801,500,20160809,4568,2284143000,12.0,,0,,N,N,Y,1004,14,16,16,2.65,20250331.0,1219,,N,N,Y
248270,KR7248270001,TIGER S&P글로벌헬스케어(합성),EF,,0,0,0,N,N,N,0,N,N,N,2.0,N,N,N,N,N,N,N,N,N,0,N,N,Y,N,N,N,N,N,21165,1,1,N,N,N,0,N,N,N,0,0,0,60,Y,90,4516,0,20160701,1060,0,12.0,,0,,N,N,N,0,0,0,0,0.0,,224,,N,N,N
249420,KR7249420001,일동제약,ST,3.0,27,9,0,,N,N,0,N,N,N,,N,N,N,N,N,N,N,N,N,0,N,N,N,N,N,N,N,N,19940,1,1,N,N,N,0,N,N,N,0,0,0,100,N,90,175977,1000,20160831,31013,31013252000,12.0,,0,,N,N,Y,1360,42,11,5,2.55,20250331.0,6184,,N,N,N
250730,KR7250730009,RISE 차이나HSCEI(H),EF,,0,0,0,N,N,N,0,N,N,N,2.0,N,N,N,N,N,N,N,N,N,0,N,N,Y,N,N,N,N,N,10810,1,1,N,N,N,0,N,N,N,0,0,0,30,Y,90,13339,0,20160810,2800,0,12.0,,0,,N,N,N,0,0,0,0,0.0,,302,,N,N,N
250780,KR7250780004,TIGER 코스닥150선물인버스,EF,,0,0,0,N,N,N,0,N,N,N,2.0,N,N,N,N,N,N,N,N,N,0,N,N,N,N,N,N,N,N,3460,1,1,N,N,N,0,N,N,N,0,0,0,100,N,90,300638,0,20160810,4800,0,12.0,,0,,N,N,N,0,0,0,0,0.0,,166,,N,N,N
251270,KR7251270005,넷마블,ST,1.0,29,0,0,,N,,B,Y,N,Y,,N,Y,,,,,N,,,0,,,N,,,,,,61900,1,1,N,N,N,0,N,N,N,0,0,0,60,Y,90,559985,100,20170512,85953,8595350200,12.0,,0,,N,Y,Y,6239,497,976,802,5.59,20250331.0,53205,LB6,N,N,Y
251340,KR7251340006,KODEX 코스닥150선물인버스,EF,,0,0,0,N,N,N,0,N,N,N,2.0,N,N,N,N,N,N,N,N,N,0,N,N,N,N,N,N,N,N,3430,1,1,N,N,N,0,N,N,N,0,0,0,60,Y,90,23037428,0,20160810,77500,0,12.0,,0,,N,N,N,0,0,0,0,0.0,,2658,,N,N,N
251350,KR7251350005,KODEX MSCI선진국,EF,,0,0,0,N,N,N,0,N,N,N,2.0,N,N,N,N,N,N,N,N,N,0,N,N,Y,N,N,N,N,N,32435,1,1,N,N,N,0,N,N,N,0,0,0,30,Y,90,27706,0,20160817,11900,0,12.0,,0,,N,N,N,0,0,0,0,0.0,,3859,,N,N,N
251590,KR7251590006,PLUS 고배당저변동50,EF,,0,0,0,N,N,N,0,N,N,N,2.0,N,N,N,N,N,N,N,N,N,0,N,N,Y,N,N,N,N,N,15550,1,1,N,N,N,0,N,N,N,0,0,0,100,N,90,3080,0,20160811,650,0,12.0,,0,,N,N,N,0,0,0,0,0.0,,101,,N,N,N
251600,KR7251600003,PLUS 고배당주채권혼합,EF,,0,0,0,N,N,N,0,N,N,N,2.0,N,N,N,N,N,N,N,N,N,0,N,N,Y,N,N,N,N,N,13975,1,1,N,N,N,0,N,N,N,0,0,0,30,Y,90,296472,0,20160811,25500,0,12.0,,0,,N,N,N,0,0,0,0,0.0,,3563,,N,N,N
252000,KR7252000005,TIGER 200동일가중,EF,,0,0,0,N,N,,0,N,N,N,2.0,N,N,,,,,N,,,0,,,Y,,,,,,14805,1,1,N,N,N,0,N,N,N,0,0,0,100,N,90,52,0,20160920,150,0,12.0,,0,,N,N,N,0,0,0,0,0.0,,22,,N,N,N
252400,KR7252400007,RISE 200선물레버리지,EF,,0,0,0,N,N,,0,N,N,N,2.0,N,N,,,,,N,,,0,,,N,,,,,,23150,1,1,N,N,N,0,N,N,N,0,0,0,100,N,90,27372,0,20160912,1000,0,12.0,,0,,N,N,N,0,0,0,0,0.0,,231,,N,N,N
252410,KR7252410006,RISE 200선물인버스,EF,,0,0,0,N,N,,0,N,N,N,2.0,N,N,,,,,N,,,0,,,N,,,,,,4445,1,1,N,N,N,0,N,N,N,0,0,0,100,N,90,1983,0,20160912,1000,0,12.0,,0,,N,N,N,0,0,0,0,0.0,,44,,N,N,N
252420,KR7252420005,RISE 200선물인버스2X,EF,,0,0,0,N,N,,0,N,N,N,2.0,N,N,,,,,N,,,0,,,N,,,,,,1318,1,1,N,N,N,0,N,N,N,0,0,0,100,N,90,485113,0,20160922,10800,0,12.0,,0,,N,N,N,0,0,0,0,0.0,,142,,N,N,N
252650,KR7252650007,KODEX 200동일가중,EF,,0,0,0,N,N,,0,N,N,N,2.0,N,N,,,,,N,,,0,,,Y,,,,,,14075,1,1,N,N,N,0,N,N,N,0,0,0,100,N,90,219,0,20160920,600,0,12.0,,0,,N,N,N,0,0,0,0,0.0,,84,,N,N,N
252670,KR7252670005,KODEX 200선물인버스2X,EF,,0,0,0,N,N,,0,N,N,N,2.0,N,N,,,,,N,,,0,,,N,,,,,,1286,1,1,N,N,N,0,N,N,N,0,0,0,100,N,90,290189792,0,20160922,1193200,0,12.0,,0,,N,N,N,0,0,0,0,0.0,,15344,,N,N,N
252710,KR7252710009,TIGER 200선물인버스2X,EF,,0,0,0,N,N,,0,N,N,N,2.0,N,N,,,,,N,,,0,,,N,,,,,,1365,1,1,N,N,N,0,N,N,N,0,0,0,100,N,90,5179119,0,20160922,51500,0,12.0,,0,,N,N,N,0,0,0,0,0.0,,702,,N,N,N
253150,KR7253150007,PLUS 200선물레버리지,EF,,0,0,0,N,N,,0,N,N,N,2.0,N,N,,,,,N,,,0,,,N,,,,,,46730,1,1,N,N,N,0,N,N,N,0,0,0,100,N,90,186,0,20160929,250,0,12.0,,0,,N,N,N,0,0,0,0,0.0,,116,,N,N,N
253160,KR7253160006,PLUS 200선물인버스2X,EF,,0,0,0,N,N,,0,N,N,N,2.0,N,N,,,,,N,,,0,,,N,,,,,,2640,1,1,N,N,N,0,N,N,N,0,0,0,100,N,90,15708,0,20160922,1450,0,12.0,,0,,N,N,N,0,0,0,0,0.0,,38,,N,N,N
253230,KR7253230007,KIWOOM 200선물인버스2X,EF,,0,0,0,N,N,,0,N,N,N,2.0,N,N,,,,,N,,,0,,,N,,,,,,1308,1,1,N,N,N,0,N,N,N,0,0,0,100,N,90,76504,0,20160922,3190,0,12.0,,0,,N,N,N,0,0,0,0,0.0,,41,,N,N,N
253240,KR7253240006,KIWOOM 200선물인버스,EF,,0,0,0,N,N,,0,N,N,N,2.0,N,N,,,,,N,,,0,,,N,,,,,,4495,1,1,N,N,N,0,N,N,N,0,0,0,100,N,90,3229,0,20160912,600,0,12.0,,0,,N,N,N,0,0,0,0,0.0,,26,,N,N,N
253250,KR7253250005,KIWOOM 200선물레버리지,EF,,0,0,0,N,N,,0,N,N,N,2.0,N,N,,,,,N,,,0,,,N,,,,,,22935,1,1,N,N,N,0,N,N,N,0,0,0,100,N,90,1935,0,20160912,510,0,12.0,,0,,N,N,N,0,0,0,0,0.0,,116,,N,N,N
253280,KR7253280002,RISE 헬스케어,EF,,0,0,0,N,N,,0,N,N,N,2.0,N,N,,,,,N,,,0,,,Y,,,,,,14765,1,1,N,N,N,0,N,N,N,0,0,0,100,N,90,394937,0,20160923,1400,0,12.0,,0,,N,N,N,0,0,0,0,0.0,,206,,N,N,N
253290,KR7253290001,RISE 헬스케어채권혼합,EF,,0,0,0,N,N,,0,N,N,N,2.0,N,N,,,,,N,,,0,,,Y,,,,,,12330,1,1,N,N,N,0,N,N,N,0,0,0,100,N,90,3406,0,20160923,1200,0,12.0,,0,,N,N,N,0,0,0,0,0.0,,147,,N,N,N
256440,KR7256440009,ACE 인도네시아MSCI(합성),EF,,0,0,0,N,N,,0,N,N,N,2.0,N,N,,,,,N,,,0,,,Y,,,,,,8370,1,1,N,N,N,0,N,N,N,0,0,0,60,Y,90,16173,0,20161101,3500,0,12.0,,0,,N,N,N,0,0,0,0,0.0,,292,,N,N,N
256450,KR7256450008,PLUS 심천차이넥스트(합성),EF,,0,0,0,N,N,,0,N,N,N,2.0,N,N,,,,,N,,,0,,,Y,,,,,,9895,1,1,N,N,N,0,N,N,N,0,0,0,100,N,90,40,0,20161108,500,0,12.0,,0,,N,N,N,0,0,0,0,0.0,,49,,N,N,N
256750,KR7256750001,KODEX 차이나심천ChiNext(합성),EF,,0,0,0,N,N,,0,N,N,N,2.0,N,N,,,,,N,,,0,,,Y,,,,,,9995,1,1,N,N,N,0,N,N,N,0,0,0,60,Y,90,11433,0,20161108,3051,0,12.0,,0,,N,N,N,0,0,0,0,0.0,,304,,N,N,N
259960,KR7259960003,크래프톤,ST,1.0,29,0,0,,N,,B,Y,Y,Y,,Y,Y,,,,,N,,,0,,,N,,,,,,325500,1,1,N,N,N,0,N,N,N,0,0,0,20,Y,90,86016,100,20210810,47392,4927498600,12.0,,0,,N,Y,Y,8742,4573,4989,3715,21.23,20250331.0,154261,,N,N,Y
261060,KR7261060008,TIGER 코스닥150IT,EF,,0,0,0,N,N,,0,N,N,N,2.0,N,N,,,,,N,,,0,,,Y,,,,,,13350,1,1,N,N,N,0,N,N,N,0,0,0,100,N,90,2270,0,20161215,240,0,12.0,,0,,N,N,N,0,0,0,0,0.0,,32,,N,N,N
261070,KR7261070007,TIGER 코스닥150바이오테크,EF,,0,0,0,N,N,,0,N,N,N,2.0,N,N,,,,,N,,,0,,,Y,,,,,,15820,1,1,N,N,N,0,N,N,N,0,0,0,30,Y,90,32036,0,20161215,1660,0,12.0,,0,,N,N,N,0,0,0,0,0.0,,262,,N,N,N
261110,KR7261110001,TIGER 미국달러선물레버리지,EF,,0,0,0,N,N,,0,N,N,N,2.0,N,N,,,,,N,,,0,,,N,,,,,,15605,1,1,N,N,N,0,N,N,N,0,0,0,100,N,90,474,0,20161227,600,0,12.0,,0,,N,N,N,0,0,0,0,0.0,,93,,N,N,N
261120,KR7261120000,TIGER 미국달러선물인버스2X,EF,,0,0,0,N,N,,0,N,N,N,2.0,N,N,,,,,N,,,0,,,N,,,,,,5585,1,1,N,N,N,0,N,N,N,0,0,0,100,N,90,8015,0,20161227,4200,0,12.0,,0,,N,N,N,0,0,0,0,0.0,,234,,N,N,N
261140,KR7261140008,TIGER 우선주,EF,,0,0,0,N,N,,0,N,N,N,2.0,N,N,,,,,N,,,0,,,Y,,,,,,14365,1,1,N,N,N,0,N,N,N,0,0,0,100,N,90,17649,0,20170106,1340,0,12.0,,0,,N,N,N,0,0,0,0,0.0,,192,,N,N,N
261220,KR7261220008,KODEX WTI원유선물(H),EF,,0,0,0,N,N,,0,N,N,N,2.0,N,N,,,,,N,,,0,,,N,,,,,,14620,1,1,N,N,N,0,N,N,N,0,0,0,100,N,90,213893,0,20161227,3725,0,12.0,,0,,N,N,N,0,0,0,0,0.0,,544,,N,N,N
261240,KR7261240006,KODEX 미국달러선물,EF,,0,0,0,N,N,,0,N,N,N,2.0,N,N,,,,,N,,,0,,,N,,,,,,13905,1,1,N,N,N,0,N,N,N,0,0,0,30,Y,90,46657,0,20161227,4150,0,12.0,,0,,N,N,N,0,0,0,0,0.0,,577,,N,N,N
261250,KR7261250005,KODEX 미국달러선물레버리지,EF,,0,0,0,N,N,,0,N,N,N,2.0,N,N,,,,,N,,,0,,,N,,,,,,15500,1,1,N,N,N,0,N,N,N,0,0,0,100,N,90,69057,0,20161227,2360,0,12.0,,0,,N,N,N,0,0,0,0,0.0,,365,,N,N,N
261260,KR7261260004,KODEX 미국달러선물인버스2X,EF,,0,0,0,N,N,,0,N,N,N,2.0,N,N,,,,,N,,,0,,,N,,,,,,5580,1,1,N,N,N,0,N,N,N,0,0,0,100,N,90,508246,0,20161227,54570,0,12.0,,0,,N,N,N,0,0,0,0,0.0,,3045,,N,N,N
261270,KR7261270003,KODEX 미국달러선물인버스,EF,,0,0,0,N,N,,0,N,N,N,2.0,N,N,,,,,N,,,0,,,N,,,,,,8140,1,1,N,N,N,0,N,N,N,0,0,0,60,Y,90,22069,0,20161227,9100,0,12.0,,0,,N,N,N,0,0,0,0,0.0,,740,,N,N,N
261920,KR7261920003,ACE 필리핀MSCI(합성),EF,,0,0,0,N,N,,0,N,N,N,2.0,N,N,,,,,N,,,0,,,Y,,,,,,13685,1,1,N,N,N,0,N,N,N,0,0,0,100,N,90,566,0,20161228,400,0,12.0,,0,,N,N,N,0,0,0,0,0.0,,54,,N,N,N
264900,KR7264900002,크라운제과,ST,3.0,27,5,0,,N,,0,N,N,N,,N,N,,,,,N,,,0,,,N,,,,,,9280,1,1,N,N,N,0,N,N,N,0,0,0,100,N,90,5710,200,20170411,12523,2504770000,12.0,,0,,N,N,Y,4381,210,214,168,7.99,20241231.0,1162,,N,N,N
26490K,KR726490K013,크라운제과우,ST,0.0,27,5,0,,N,,0,N,N,N,,N,N,,,,,N,,,0,,,N,,,,,,9890,1,1,N,N,N,0,N,N,N,0,0,0,100,N,90,570,200,20170411,773,154712000,12.0,,2,,N,N,N,0,0,0,0,0.0,,76,,N,N,N
265690,KR7265690008,ACE 러시아MSCI(합성),EF,,0,0,0,N,N,,0,N,N,N,2.0,N,N,,,,,N,,,0,,,Y,,,,,,8535,1,1,Y,N,N,0,N,N,N,0,0,0,100,N,90,0,0,20170321,1850,0,12.0,,0,,N,N,N,0,0,0,0,0.0,,157,,N,N,N
266160,KR7266160001,RISE 고배당,EF,,0,0,0,N,N,,0,N,N,N,2.0,N,N,,,,,N,,,0,,,Y,,,,,,16635,1,1,N,N,N,0,N,N,N,0,0,0,30,Y,90,39880,0,20170414,5500,0,12.0,,0,,N,N,N,0,0,0,0,0.0,,914,,N,N,N
266360,KR7266360007,KODEX K콘텐츠,EF,,0,0,0,N,N,,0,N,N,N,2.0,N,N,,,,,N,,,0,,,Y,,,,,,13890,1,1,N,N,N,0,N,N,N,0,0,0,30,Y,90,437040,0,20170328,7300,0,12.0,,0,,N,N,N,0,0,0,0,0.0,,1013,,N,N,N
266370,KR7266370006,KODEX IT,EF,,0,0,0,N,N,,0,N,N,N,2.0,N,N,,,,,N,,,0,,,Y,,,,,,18240,1,1,N,N,N,0,N,N,N,0,0,0,100,N,90,8773,0,20170328,1300,0,12.0,,0,,N,N,N,0,0,0,0,0.0,,237,,N,N,N
266390,KR7266390004,KODEX 경기소비재,EF,,0,0,0,N,N,,0,N,N,N,2.0,N,N,,,,,N,,,0,,,Y,,,,,,9915,1,1,N,N,N,0,N,N,N,0,0,0,100,N,90,23783,0,20170328,600,0,12.0,,0,,N,N,N,0,0,0,0,0.0,,59,,N,N,N
266410,KR7266410000,KODEX 필수소비재,EF,,0,0,0,N,N,,0,N,N,N,2.0,N,N,,,,,N,,,0,,,Y,,,,,,8640,1,1,N,N,N,0,N,N,N,0,0,0,100,N,90,72766,0,20170328,2000,0,12.0,,0,,N,N,N,0,0,0,0,0.0,,172,,N,N,N
266420,KR7266420009,KODEX 헬스케어,EF,,0,0,0,N,N,,0,N,N,N,2.0,N,N,,,,,N,,,0,,,Y,,,,,,18390,1,1,N,N,N,0,N,N,N,0,0,0,30,Y,90,102344,0,20170328,4400,0,12.0,,0,,N,N,N,0,0,0,0,0.0,,809,,N,N,N
266550,KR7266550003,PLUS 중형주저변동50,EF,,0,0,0,N,N,,0,N,N,N,2.0,N,N,,,,,N,,,0,,,Y,,,,,,15130,1,1,N,N,N,0,N,N,N,0,0,0,100,N,90,383,0,20170328,250,0,12.0,,0,,N,N,N,0,0,0,0,0.0,,37,,N,N,N
267250,KR7267250009,HD현대,ST,1.0,21,0,0,,N,,4,Y,N,Y,,N,Y,,,,,N,,,0,,,N,,,,,,136700,1,1,N,N,N,0,N,N,N,0,0,0,20,Y,90,173023,1000,20170510,78993,81433085000,12.0,,0,,N,Y,Y,170869,12864,10642,7774,9.78,20250331.0,107983,IC5,N,N,Y
267260,KR7267260008,HD현대일렉트릭,ST,1.0,27,13,0,,N,,2,Y,N,Y,,Y,Y,,,,,N,,,0,,,N,,,,,,502000,1,1,N,N,N,0,N,N,N,0,0,0,20,Y,90,122445,5000,20170510,36047,180235675000,12.0,,0,,N,Y,Y,10147,2182,2076,1534,41.01,20250331.0,180956,IC5,N,N,N
267270,KR7267270007,HD현대건설기계,ST,2.0,27,12,0,,N,,0,N,N,Y,,N,N,,,,,N,,,0,,,N,,,,,,99900,1,1,N,N,N,0,N,N,N,0,0,0,30,Y,90,127681,5000,20170510,17661,93976495000,12.0,,0,,N,Y,Y,9068,417,387,257,6.79,20250331.0,17644,IC5,N,N,N
267290,KR7267290005,경동도시가스,ST,3.0,17,0,0,,N,,0,N,N,N,,N,N,,,,,N,,,0,,,N,,,,,,20550,1,1,N,N,N,0,N,N,N,0,0,0,100,N,90,9243,2500,20170512,5895,14738515000,12.0,,0,,N,N,Y,6875,179,211,157,13.88,20250331.0,1211,,N,N,N
267440,KR7267440006,RISE 미국장기국채선물(H),EF,,0,0,0,N,N,,0,N,N,N,2.0,N,N,,,,,N,,,0,,,N,,,,,,8565,1,1,N,N,N,0,N,N,N,0,0,0,100,N,90,905,0,20170420,900,0,12.0,,0,,N,N,N,0,0,0,0,0.0,,77,,N,N,N
267450,KR7267450005,RISE 미국장기국채선물인버스(H),EF,,0,0,0,N,N,,0,N,N,N,2.0,N,N,,,,,N,,,0,,,N,,,,,,10990,1,1,N,N,N,0,N,N,N,0,0,0,100,N,90,0,0,20170420,500,0,12.0,,0,,N,N,N,0,0,0,0,0.0,,54,,N,N,N
267490,KR7267490001,RISE 미국장기국채선물레버리지(합성 H),EF,,0,0,0,N,N,,0,N,N,N,2.0,N,N,,,,,N,,,0,,,N,,,,,,5655,1,1,N,N,N,0,N,N,N,0,0,0,100,N,90,1488,0,20170420,1200,0,12.0,,0,,N,N,N,0,0,0,0,0.0,,67,,N,N,N
267770,KR7267770006,TIGER 200선물레버리지,EF,,0,0,0,N,N,,0,N,N,N,2.0,N,N,,,,,N,,,0,,,N,,,,,,19330,1,1,N,N,N,0,N,N,N,0,0,0,100,N,90,183439,0,20170425,5500,0,12.0,,0,,N,N,N,0,0,0,0,0.0,,1063,,N,N,N
267850,KR7267850006,아시아나IDT,ST,3.0,29,0,0,,N,,0,N,N,N,,N,N,,,,,N,,,0,,,N,,,,,,11950,1,1,N,N,N,0,N,N,N,0,0,0,60,Y,90,1462,500,20181123,11100,5550000000,12.0,,0,,N,N,Y,1940,92,134,118,7.06,20241231.0,1326,926,N,N,N
268280,KR7268280005,미원에스씨,ST,2.0,27,8,0,,N,,4,N,N,N,,N,N,,,,,N,,,0,,,N,,,,,,143300,1,1,N,N,N,0,N,N,N,0,0,0,30,Y,90,861,500,20170522,5000,2633945500,12.0,,0,,N,N,Y,1379,180,204,164,16.05,20250331.0,7165,,N,N,N
269370,KR7269370003,TIGER S&P글로벌인프라(합성),EF,,0,0,0,N,N,,0,N,N,N,2.0,N,N,,,,,N,,,0,,,Y,,,,,,15895,1,1,N,N,N,0,N,N,N,0,0,0,100,N,90,198,0,20170516,800,0,12.0,,0,,N,N,N,0,0,0,0,0.0,,127,,N,N,N
269420,KR7269420006,KODEX S&P글로벌인프라(합성),EF,,0,0,0,N,N,,0,N,N,N,2.0,N,N,,,,,N,,,0,,,Y,,,,,,20085,1,1,N,N,N,0,N,N,N,0,0,0,100,N,90,2568,0,20170516,959,0,12.0,,0,,N,N,N,0,0,0,0,0.0,,192,,N,N,N
269530,KR7269530002,PLUS S&P글로벌인프라,EF,,0,0,0,N,N,,0,N,N,N,2.0,N,N,,,,,N,,,0,,,Y,,,,,,18475,1,1,N,N,N,0,N,N,N,0,0,0,100,N,90,1301,0,20170516,550,0,12.0,,0,,N,N,N,0,0,0,0,0.0,,101,,N,N,N
269540,KR7269540001,PLUS 미국S&P500(H),EF,,0,0,0,N,N,,0,N,N,N,2.0,N,N,,,,,N,,,0,,,Y,,,,,,25215,1,1,N,N,N,0,N,N,N,0,0,0,30,Y,90,4631,0,20170516,2700,0,12.0,,0,,N,N,N,0,0,0,0,0.0,,680,,N,N,N
270800,KR7270800006,RISE KQ고배당,EF,,0,0,0,N,N,,0,N,N,N,2.0,N,N,,,,,N,,,0,,,Y,,,,,,12910,1,1,N,N,N,0,N,N,N,0,0,0,100,N,90,1013,0,20170707,600,0,12.0,,0,,N,N,N,0,0,0,0,0.0,,77,,N,N,N
270810,KR7270810005,RISE 코스닥150,EF,,0,0,0,N,N,,0,N,N,N,2.0,N,N,,,,,N,,,0,,,Y,,,,,,13310,1,1,N,N,N,0,N,N,N,0,0,0,30,Y,90,49510,0,20170616,7240,0,12.0,,0,,N,N,N,0,0,0,0,0.0,,963,,N,N,N
271050,KR7271050007,KODEX WTI원유선물인버스(H),EF,,0,0,0,N,N,,0,N,N,N,2.0,N,N,,,,,N,,,0,,,N,,,,,,4045,1,1,N,N,N,0,N,N,N,0,0,0,100,N,90,744429,0,20170613,7400,0,12.0,,0,,N,N,N,0,0,0,0,0.0,,299,,N,N,N
271060,KR7271060006,KODEX 3대농산물선물(H),EF,,0,0,0,N,N,,0,N,N,N,2.0,N,N,,,,,N,,,0,,,N,,,,,,7625,1,1,N,N,N,0,N,N,N,0,0,0,30,Y,90,23498,0,20170613,3840,0,12.0,,0,,N,N,N,0,0,0,0,0.0,,292,,N,N,N
271560,KR7271560005,오리온,ST,1.0,27,5,0,,N,,7,Y,N,Y,,N,Y,,,,,N,,,0,,,N,,,,,,111100,1,1,N,N,N,0,N,N,N,0,0,0,30,Y,90,118234,500,20170707,39536,19768066000,12.0,,0,,N,Y,Y,8018,1314,1450,1061,11.93,20250331.0,43924,,N,N,Y
271940,KR7271940009,일진하이솔루스,ST,2.0,27,15,0,,N,,0,N,N,N,,N,N,,,,,N,,,0,,,N,,,,,,17170,1,1,N,N,N,0,N,N,N,0,0,0,100,N,90,24018,500,20210901,36313,18156595000,12.0,,0,,N,N,Y,793,-95,6,18,0.57,20241231.0,6234,,N,N,N
271980,KR7271980005,제일약품,ST,3.0,27,9,0,,N,,0,N,N,N,,N,N,,,,,N,,,0,,,N,,,,,,13840,1,1,N,N,N,0,N,N,N,0,0,0,100,N,90,10296,500,20170717,14704,7352436000,12.0,,0,,N,N,Y,1630,57,48,36,5.5,20250331.0,2035,,N,N,N
272210,KR7272210006,한화시스템,ST,1.0,27,13,0,,N,,9,Y,N,Y,,Y,N,,,,,N,,,0,,,N,,,,,,56700,1,1,N,N,N,0,N,N,N,0,0,0,100,N,90,768069,5000,20191113,188919,944596945000,12.0,,0,,N,Y,Y,6901,582,393,410,5.18,20250331.0,107117,913,N,N,N
272450,KR7272450008,진에어,ST,2.0,19,0,0,,N,,0,N,N,N,,N,N,,,,,N,,,0,,,N,,,,,,8990,1,1,N,N,N,0,N,N,N,0,0,0,100,N,90,40857,1000,20171208,52200,52200000000,12.0,,0,,N,N,Y,14613,1631,1227,957,51.15,20241231.0,4692,926,N,N,N
272550,KR7272550005,삼양패키징,ST,3.0,27,8,0,,N,,0,N,N,N,,N,N,,,,,N,,,0,,,N,,,,,,13920,1,1,N,N,N,0,N,N,N,0,0,0,60,Y,90,10367,5000,20171129,15330,78943355000,12.0,,0,,N,N,Y,920,-16,-25,-37,-4.0,20250331.0,2134,,N,N,N
272560,KR7272560004,RISE 단기국공채액티브,EF,,0,0,0,N,N,,0,N,N,N,2.0,N,N,,,,,N,,,0,,,Y,,,,,,113770,1,1,N,N,N,0,N,N,N,0,0,0,60,Y,90,3086,0,20170629,1440,0,12.0,,0,,N,N,N,0,0,0,0,0.0,,1638,,N,N,N
272570,KR7272570003,RISE 중장기국공채액티브,EF,,0,0,0,N,N,,0,N,N,N,2.0,N,N,,,,,N,,,0,,,Y,,,,,,112070,1,1,N,N,N,0,N,N,N,0,0,0,100,N,90,43,0,20170629,225,0,12.0,,0,,N,N,N,0,0,0,0,0.0,,252,,N,N,N
272580,KR7272580002,TIGER 단기채권액티브,EF,,0,0,0,N,N,,0,N,N,N,2.0,N,N,,,,,N,,,0,,,Y,,,,,,56025,1,1,N,N,N,0,N,N,N,0,0,0,60,Y,90,19289,0,20170629,13550,0,12.0,,0,,N,N,N,0,0,0,0,0.0,,7591,,N,N,N
272910,KR7272910001,ACE 중장기국공채액티브,EF,,0,0,0,N,N,,0,N,N,N,2.0,N,N,,,,,N,,,0,,,Y,,,,,,109495,1,1,N,N,N,0,N,N,N,0,0,0,60,Y,90,26,0,20170629,567,0,12.0,,0,,N,N,N,0,0,0,0,0.0,,620,,N,N,N
273130,KR7273130005,KODEX 종합채권(AA-이상)액티브,EF,,0,0,0,N,N,,0,N,N,N,2.0,N,N,,,,,N,,,0,,,Y,,,,,,119170,1,1,N,N,N,0,N,N,N,0,0,0,60,Y,90,23662,0,20170629,30434,0,12.0,,0,,N,N,N,0,0,0,0,0.0,,36268,,N,N,N
273140,KR7273140004,KODEX 단기변동금리부채권액티브,EF,,0,0,0,N,N,,0,N,N,N,2.0,N,N,,,,,N,,,0,,,Y,,,,,,114830,1,1,N,N,N,0,N,N,N,0,0,0,60,Y,90,3059,0,20170629,2486,0,12.0,,0,,N,N,N,0,0,0,0,0.0,,2854,,N,N,N
275280,KR7275280006,KODEX 모멘텀주,EF,,0,0,0,N,N,,0,N,N,N,2.0,N,N,,,,,N,,,0,,,Y,,,,,,18890,1,1,N,N,N,0,N,N,N,0,0,0,100,N,90,1290,0,20170711,700,0,12.0,,0,,N,N,N,0,0,0,0,0.0,,132,,N,N,N
275290,KR7275290005,KODEX 가치주,EF,,0,0,0,N,N,,0,N,N,N,2.0,N,N,,,,,N,,,0,,,Y,,,,,,13020,1,1,N,N,N,0,N,N,N,0,0,0,100,N,90,1417,0,20170711,900,0,12.0,,0,,N,N,N,0,0,0,0,0.0,,117,,N,N,N
275300,KR7275300002,KODEX 우량주,EF,,0,0,0,N,N,,0,N,N,N,2.0,N,N,,,,,N,,,0,,,Y,,,,,,10495,1,1,N,N,N,0,N,N,N,0,0,0,100,N,90,7,0,20170711,1300,0,12.0,,0,,N,N,N,0,0,0,0,0.0,,136,,N,N,N
275750,KR7275750008,RISE 코스닥150선물인버스,EF,,0,0,0,N,N,,0,N,N,N,2.0,N,N,,,,,N,,,0,,,N,,,,,,3480,1,1,N,N,N,0,N,N,N,0,0,0,100,N,90,7280,0,20170801,600,0,12.0,,0,,N,N,N,0,0,0,0,0.0,,20,,N,N,N
275980,KR7275980001,TIGER 글로벌4차산업혁신기술(합성 H),EF,,0,0,0,N,N,,0,N,N,N,2.0,N,N,,,,,N,,,0,,,Y,,,,,,18130,1,1,N,N,N,0,N,N,N,0,0,0,60,Y,90,6301,0,20170801,4600,0,12.0,,0,,N,N,N,0,0,0,0,0.0,,833,,N,N,N
276000,KR7276000007,TIGER 글로벌자원생산기업(합성 H),EF,,0,0,0,N,N,,0,N,N,N,2.0,N,N,,,,,N,,,0,,,Y,,,,,,15305,1,1,N,N,N,0,N,N,N,0,0,0,100,N,90,775,0,20170801,850,0,12.0,,0,,N,N,N,0,0,0,0,0.0,,130,,N,N,N
276650,KR7276650009,RISE 글로벌테크놀로지(합성 H),EF,,0,0,0,N,N,,0,N,N,N,2.0,N,N,,,,,N,,,0,,,Y,,,,,,35180,1,1,N,N,N,0,N,N,N,0,0,0,60,Y,90,112,0,20170817,750,0,12.0,,0,,N,N,N,0,0,0,0,0.0,,263,,N,N,N
276970,KR7276970001,KODEX 미국S&P500배당귀족커버드콜(합성 H),EF,,0,0,0,N,N,,0,N,N,N,2.0,N,N,,,,,N,,,0,,,Y,,,,,,7710,1,1,N,N,N,0,N,N,N,0,0,0,60,Y,90,7284,0,20170810,4700,0,12.0,,0,,N,N,N,0,0,0,0,0.0,,362,,N,N,N
276990,KR7276990009,KODEX 글로벌로봇(합성),EF,,0,0,0,N,N,,0,N,N,N,2.0,N,N,,,,,N,,,0,,,Y,,,,,,20055,1,1,N,N,N,0,N,N,N,0,0,0,60,Y,90,3461,0,20170817,1205,0,12.0,,0,,N,N,N,0,0,0,0,0.0,,241,,N,N,N
277540,KR7277540001,ACE 아시아TOP50S&P,EF,,0,0,0,N,N,,0,N,N,N,2.0,N,N,,,,,N,,,0,,,Y,,,,,,19480,1,1,N,N,N,0,N,N,N,0,0,0,100,N,90,1022,0,20170823,800,0,12.0,,0,,N,N,N,0,0,0,0,0.0,,155,,N,N,N
277630,KR7277630000,TIGER 코스피,EF,,0,0,0,N,N,,0,N,N,N,2.0,N,N,,,,,N,,,0,,,Y,,,,,,33430,1,1,N,N,N,0,N,N,N,0,0,0,30,Y,90,54993,0,20170831,7100,0,12.0,,0,,N,N,N,0,0,0,0,0.0,,2373,,N,N,N
277640,KR7277640009,TIGER 코스피대형주,EF,,0,0,0,N,N,,0,N,N,N,2.0,N,N,,,,,N,,,0,,,Y,,,,,,16165,1,1,N,N,N,0,N,N,N,0,0,0,100,N,90,7320,0,20170831,700,0,12.0,,0,,N,N,N,0,0,0,0,0.0,,113,,N,N,N
277650,KR7277650008,TIGER 코스피중형주,EF,,0,0,0,N,N,,0,N,N,N,2.0,N,N,,,,,N,,,0,,,Y,,,,,,18010,1,1,N,N,N,0,N,N,N,0,0,0,100,N,90,396,0,20170831,250,0,12.0,,0,,N,N,N,0,0,0,0,0.0,,45,,N,N,N
278240,KR7278240007,RISE 코스닥150선물레버리지,EF,,0,0,0,N,N,,0,N,N,N,2.0,N,N,,,,,N,,,0,,,N,,,,,,10035,1,1,N,N,N,0,N,N,N,0,0,0,100,N,90,32419,0,20170831,8740,0,12.0,,0,,N,N,N,0,0,0,0,0.0,,877,,N,N,N
278470,KR7278470000,에이피알,ST,2.0,27,8,0,,N,,7,N,N,Y,,N,N,,,,,N,,,0,,,N,,,,,,219500,1,1,N,N,N,0,N,N,N,0,0,0,30,Y,90,1187549,100,20240227,38044,3892839000,12.0,,0,,N,Y,Y,2660,546,592,499,59.72,20250331.0,83506,,N,N,Y
278530,KR7278530001,KODEX 200TR,EF,,0,0,0,N,N,,0,N,N,N,2.0,N,N,,,,,N,,,0,,,Y,,,,,,15590,1,1,N,N,N,0,N,N,N,0,0,0,30,Y,90,513359,0,20171121,182700,0,12.0,,0,,N,N,N,0,0,0,0,0.0,,28482,,N,N,N
278540,KR7278540000,KODEX MSCI Korea TR,EF,,0,0,0,N,N,,0,N,N,N,2.0,N,N,,,,,N,,,0,,,Y,,,,,,14445,1,1,N,N,N,0,N,N,N,0,0,0,30,Y,90,4486,0,20171109,49500,0,12.0,,0,,N,N,N,0,0,0,0,0.0,,7150,,N,N,N
278620,KR7278620000,PLUS 단기채권액티브,EF,,0,0,0,N,N,,0,N,N,N,2.0,N,N,,,,,N,,,0,,,Y,,,,,,118055,1,1,N,N,N,0,N,N,N,0,0,0,60,Y,90,1250,0,20170926,392,0,12.0,,0,,N,N,N,0,0,0,0,0.0,,462,,N,N,N
279530,KR7279530000,KODEX 고배당주,EF,,0,0,0,N,N,,0,N,N,N,2.0,N,N,,,,,N,,,0,,,Y,,,,,,13025,1,1,N,N,N,0,N,N,N,0,0,0,30,Y,90,449216,0,20171017,20400,0,12.0,,0,,N,N,N,0,0,0,0,0.0,,2657,,N,N,N
279540,KR7279540009,KODEX 최소변동성,EF,,0,0,0,N,N,,0,N,N,N,2.0,N,N,,,,,N,,,0,,,Y,,,,,,12355,1,1,N,N,N,0,N,N,N,0,0,0,100,N,90,1,0,20171017,600,0,12.0,,0,,N,N,N,0,0,0,0,0.0,,74,,N,N,N
280320,KR7280320003,ACE 미국IT인터넷S&P(합성 H),EF,,0,0,0,N,N,,0,N,N,N,2.0,N,N,,,,,N,,,0,,,Y,,,,,,21270,1,1,N,N,N,0,N,N,N,0,0,0,100,N,90,2740,0,20171017,800,0,12.0,,0,,N,N,N,0,0,0,0,0.0,,170,,N,N,N
280360,KR7280360009,롯데웰푸드,ST,2.0,27,5,0,,N,,7,N,N,Y,,N,N,,,,,N,,,0,,,N,,,,,,118400,1,1,N,N,N,0,N,N,N,0,0,0,30,Y,90,17802,500,20171030,9304,4652287000,12.0,,0,,N,Y,Y,9751,164,312,227,4.42,20250331.0,11016,283,N,N,N
280920,KR7280920000,PLUS 주도업종,EF,,0,0,0,N,N,,0,N,N,N,2.0,N,N,,,,,N,,,0,,,Y,,,,,,13365,1,1,N,N,N,0,N,N,N,0,0,0,100,N,90,127,0,20171017,550,0,12.0,,0,,N,N,N,0,0,0,0,0.0,,73,,N,N,N
280930,KR7280930009,KODEX 미국러셀2000(H),EF,,0,0,0,N,N,,0,N,N,N,2.0,N,N,,,,,N,,,0,,,N,,,,,,13120,1,1,N,N,N,0,N,N,N,0,0,0,30,Y,90,9747,0,20171109,3750,0,12.0,,0,,N,N,N,0,0,0,0,0.0,,492,,N,N,N
280940,KR7280940008,KODEX 골드선물인버스(H),EF,,0,0,0,N,N,,0,N,N,N,2.0,N,N,,,,,N,,,0,,,N,,,,,,4455,1,1,N,N,N,0,N,N,N,0,0,0,100,N,90,6696,0,20171109,800,0,12.0,,0,,N,N,N,0,0,0,0,0.0,,35,,N,N,N
281820,KR7281820001,케이씨텍,ST,2.0,27,14,0,,N,,0,N,N,Y,,N,N,,,,,N,,,0,,,N,,,,,,31150,1,1,N,N,N,0,N,N,N,0,0,0,30,Y,90,175335,500,20171205,20690,10430778000,12.0,,0,,N,Y,Y,3854,498,664,527,11.28,20241231.0,6445,,N,N,N
281990,KR7281990002,RISE 중소형고배당,EF,,0,0,0,N,N,,0,N,N,N,2.0,N,N,,,,,N,,,0,,,Y,,,,,,15100,1,1,N,N,N,0,N,N,N,0,0,0,100,N,90,3016,0,20171102,700,0,12.0,,0,,N,N,N,0,0,0,0,0.0,,105,,N,N,N
282000,KR7282000009,RISE 국고채3년선물인버스,EF,,0,0,0,N,N,,0,N,N,N,2.0,N,N,,,,,N,,,0,,,N,,,,,,110610,1,1,N,N,N,0,N,N,N,0,0,0,100,N,90,4,0,20171109,202,0,12.0,,0,,N,N,N,0,0,0,0,0.0,,223,,N,N,N
282330,KR7282330000,BGF리테일,ST,2.0,16,0,0,,N,,7,N,N,Y,,N,N,,,,,N,,,0,,,N,,,,,,122400,1,1,N,N,N,0,N,N,N,0,0,0,40,Y,90,45833,1000,20171208,17283,17283906000,12.0,,0,,N,Y,Y,20165,226,173,134,4.62,20250331.0,21155,,N,N,Y
283580,KR7283580009,KODEX 차이나CSI300,EF,,0,0,0,N,N,,0,N,N,N,2.0,N,N,,,,,N,,,0,,,Y,,,,,,12840,1,1,N,N,N,0,N,N,N,0,0,0,30,Y,90,59970,0,20171213,11750,0,12.0,,0,,N,N,N,0,0,0,0,0.0,,1508,,N,N,N
284430,KR7284430006,KODEX 200미국채혼합,EF,,0,0,0,N,N,,0,N,N,N,2.0,N,N,,,,,N,,,0,,,Y,,,,,,14440,1,1,N,N,N,0,N,N,N,0,0,0,30,Y,90,181177,0,20171130,12560,0,12.0,,0,,N,N,N,0,0,0,0,0.0,,1813,,N,N,N
284740,KR7284740008,쿠쿠홈시스,ST,3.0,26,0,0,,N,,0,N,N,N,,N,N,,,,,N,,,0,,,N,,,,,,28800,1,1,N,N,N,0,N,N,N,0,0,0,40,Y,90,32437,100,20180111,22437,2243733000,12.0,,0,,N,N,Y,2711,425,426,317,11.95,20250331.0,6461,,N,N,N
284980,KR7284980000,RISE 200금융,EF,,0,0,0,N,N,,0,N,N,N,2.0,N,N,,,,,N,,,0,,,Y,,,,,,15550,1,1,N,N,N,0,N,N,N,0,0,0,100,N,90,15946,0,20171208,1240,0,12.0,,0,,N,N,N,0,0,0,0,0.0,,192,,N,N,N
285130,KR7285130001,SK케미칼,ST,2.0,27,8,0,,N,,4,N,N,Y,,N,N,,,,,N,,,0,,,N,,,,,,67300,1,1,N,N,N,0,N,N,N,0,0,0,30,Y,90,41453,5000,20180105,17253,88216360000,12.0,,0,,N,Y,Y,5366,243,195,211,3.62,20250331.0,11611,535,N,N,Y
28513K,KR728513K010,SK케미칼우,ST,0.0,27,8,0,,N,,0,N,N,N,,N,N,,,,,N,,,0,,,N,,,,,,27450,1,1,N,N,N,0,N,N,N,0,0,0,100,N,90,4252,5000,20180105,2115,10577145000,12.0,,9,,N,N,N,0,0,0,0,0.0,,580,,N,N,N
285690,KR7285690004,FOCUS ESG리더스,EF,,0,0,0,N,N,,0,N,N,N,2.0,N,N,,,,,N,,,0,,,Y,,,,,,13805,1,1,N,N,N,0,N,N,N,0,0,0,100,N,90,2,0,20171213,900,0,12.0,,0,,N,N,N,0,0,0,0,0.0,,124,,N,N,N
286940,KR7286940002,롯데이노베이트,ST,3.0,29,0,0,,N,,0,N,N,N,,N,N,,,,,N,,,0,,,N,,,,,,22550,1,1,N,N,N,0,N,N,N,0,0,0,40,Y,90,39921,5000,20180727,15129,75646835000,12.0,,0,,N,N,Y,2848,70,56,34,4.33,20250331.0,3411,283,N,N,Y
287180,KR7287180004,PLUS 미국나스닥테크,EF,,0,0,0,N,N,,0,N,N,N,2.0,N,N,,,,,N,,,0,,,Y,,,,,,37350,1,1,N,N,N,0,N,N,N,0,0,0,30,Y,90,984,0,20171213,800,0,12.0,,0,,N,N,N,0,0,0,0,0.0,,298,,N,N,N
289040,KR7289040008,KODEX MSCI KOREA ESG유니버설,EF,,0,0,0,N,N,,0,N,N,N,2.0,N,N,,,,,N,,,0,,,Y,,,,,,12555,1,1,N,N,N,0,N,N,N,0,0,0,100,N,90,1381,0,20180207,700,0,12.0,,0,,N,N,N,0,0,0,0,0.0,,87,,N,N,N
289250,KR7289250003,TIGER MSCI KOREA ESG유니버설,EF,,0,0,0,N,N,,0,N,N,N,2.0,N,N,,,,,N,,,0,,,Y,,,,,,12690,1,1,N,N,N,0,N,N,N,0,0,0,100,N,90,65,0,20180207,660,0,12.0,,0,,N,N,N,0,0,0,0,0.0,,83,,N,N,N
289260,KR7289260002,TIGER MSCI KOREA ESG리더스,EF,,0,0,0,N,N,,0,N,N,N,2.0,N,N,,,,,N,,,0,,,Y,,,,,,11165,1,1,N,N,N,0,N,N,N,0,0,0,100,N,90,1166,0,20180207,810,0,12.0,,0,,N,N,N,0,0,0,0,0.0,,90,,N,N,N
289480,KR7289480006,TIGER 200커버드콜,EF,,0,0,0,N,N,,0,N,N,N,2.0,N,N,,,,,N,,,0,,,Y,,,,,,8750,1,1,N,N,N,0,N,N,N,0,0,0,60,Y,90,27283,0,20180209,3000,0,12.0,,0,,N,N,N,0,0,0,0,0.0,,262,,N,N,N
289670,KR7289670002,PLUS 국채선물10년,EF,,0,0,0,N,N,,0,N,N,N,2.0,N,N,,,,,N,,,0,,,N,,,,,,56990,1,1,N,N,N,0,N,N,N,0,0,0,100,N,90,127,0,20180207,124,0,12.0,,0,,N,N,N,0,0,0,0,0.0,,70,,N,N,N
290080,KR7290080001,RISE 200고배당커버드콜ATM,EF,,0,0,0,N,N,,0,N,N,N,2.0,N,N,,,,,N,,,0,,,N,,,,,,9335,1,1,N,N,N,0,N,N,N,0,0,0,100,N,90,16575,0,20180227,1950,0,12.0,,0,,N,N,N,0,0,0,0,0.0,,182,,N,N,N
290130,KR7290130004,RISE ESG사회책임투자,EF,,0,0,0,N,N,,0,N,N,N,2.0,N,N,,,,,N,,,0,,,Y,,,,,,15820,1,1,N,N,N,0,N,N,N,0,0,0,30,Y,90,20425,0,20180227,5150,0,12.0,,0,,N,N,N,0,0,0,0,0.0,,814,,N,N,N
291130,KR7291130003,ACE 멕시코MSCI(합성),EF,,0,0,0,N,N,,0,N,N,N,2.0,N,N,,,,,N,,,0,,,Y,,,,,,14690,1,1,N,N,N,0,N,N,N,0,0,0,100,N,90,1050,0,20180309,900,0,12.0,,0,,N,N,N,0,0,0,0,0.0,,132,,N,N,N
291620,KR7291620003,KIWOOM 코스닥150선물인버스,EF,,0,0,0,N,N,,0,N,N,N,2.0,N,N,,,,,N,,,0,,,N,,,,,,6150,1,1,N,N,N,0,N,N,N,0,0,0,100,N,90,181,0,20180316,570,0,12.0,,0,,N,N,N,0,0,0,0,0.0,,35,,N,N,N
291630,KR7291630002,KIWOOM 코스닥150선물레버리지,EF,,0,0,0,N,N,,0,N,N,N,2.0,N,N,,,,,N,,,0,,,N,,,,,,4425,1,1,N,N,N,0,N,N,N,0,0,0,100,N,90,10091,0,20180316,590,0,12.0,,0,,N,N,N,0,0,0,0,0.0,,26,,N,N,N
291680,KR7291680007,RISE 차이나H선물인버스(H),EF,,0,0,0,N,N,,0,N,N,N,2.0,N,N,,,,,N,,,0,,,N,,,,,,7810,1,1,N,N,N,0,N,N,N,0,0,0,100,N,90,52,0,20180323,500,0,12.0,,0,,N,N,N,0,0,0,0,0.0,,39,,N,N,N
291890,KR7291890002,KODEX MSCI EM선물(H),EF,,0,0,0,N,N,,0,N,N,N,2.0,N,N,,,,,N,,,0,,,N,,,,,,9405,1,1,N,N,N,0,N,N,N,0,0,0,100,N,90,14,0,20180323,550,0,12.0,,0,,N,N,N,0,0,0,0,0.0,,51,,N,N,N
292050,KR7292050002,RISE KRX300,EF,,0,0,0,N,N,,0,N,N,N,2.0,N,N,,,,,N,,,0,,,Y,,,,,,20805,1,1,N,N,N,0,N,N,N,0,0,0,100,N,90,279,0,20180326,350,0,12.0,,0,,N,N,N,0,0,0,0,0.0,,72,,N,N,N
292150,KR7292150000,TIGER TOP10,EF,,0,0,0,N,N,,0,N,N,N,2.0,N,N,,,,,N,,,0,,,Y,,,,,,13080,1,1,N,N,N,0,N,N,N,0,0,0,30,Y,90,221924,0,20180330,85200,0,12.0,,0,,N,N,N,0,0,0,0,0.0,,11144,,N,N,N
292160,KR7292160009,TIGER KRX300,EF,,0,0,0,N,N,,0,N,N,N,2.0,N,N,,,,,N,,,0,,,Y,,,,,,20385,1,1,N,N,N,0,N,N,N,0,0,0,100,N,90,417,0,20180326,600,0,12.0,,0,,N,N,N,0,0,0,0,0.0,,122,,N,N,N
292190,KR7292190006,KODEX KRX300,EF,,0,0,0,N,N,,0,N,N,N,2.0,N,N,,,,,N,,,0,,,Y,,,,,,20380,1,1,N,N,N,0,N,N,N,0,0,0,100,N,90,13244,0,20180326,1200,0,12.0,,0,,N,N,N,0,0,0,0,0.0,,244,,N,N,N
292500,KR7292500006,SOL KRX300,EF,,0,0,0,N,N,,0,N,N,N,2.0,N,N,,,,,N,,,0,,,Y,,,,,,20615,1,1,N,N,N,0,N,N,N,0,0,0,100,N,90,11,0,20180326,500,0,12.0,,0,,N,N,N,0,0,0,0,0.0,,103,,N,N,N
292560,KR7292560000,TIGER 일본엔선물,EF,,0,0,0,N,N,,0,N,N,N,2.0,N,N,,,,,N,,,0,,,N,,,,,,8870,1,1,N,N,N,0,N,N,N,0,0,0,30,Y,90,46731,0,20180417,6600,0,12.0,,0,,N,N,N,0,0,0,0,0.0,,585,,N,N,N
292730,KR7292730009,FOCUS KRX300,EF,,0,0,0,N,N,,0,N,N,N,2.0,N,N,,,,,N,,,0,,,Y,,,,,,21020,1,1,N,N,Y,0,N,N,N,0,0,0,100,N,90,668,0,20180326,200,0,12.0,,0,,N,N,N,0,0,0,0,0.0,,42,,N,N,N
292770,KR7292770005,KODEX 국채선물3년인버스,EF,,0,0,0,N,N,,0,N,N,N,2.0,N,N,,,,,N,,,0,,,N,,,,,,55425,1,1,N,N,N,0,N,N,N,0,0,0,100,N,90,8,0,20180413,222,0,12.0,,0,,N,N,N,0,0,0,0,0.0,,123,,N,N,N
293180,KR7293180006,HANARO 200,EF,,0,0,0,N,N,,0,N,N,N,2.0,N,N,,,,,N,,,0,,,Y,,,,,,43680,1,1,N,N,N,0,N,N,N,0,0,0,30,Y,90,151073,0,20180330,8850,0,12.0,,0,,N,N,N,0,0,0,0,0.0,,3865,,N,N,N
293480,KR7293480000,하나제약,ST,3.0,27,9,0,,N,,0,N,N,N,,N,N,,,,,N,,,0,,,N,,,,,,12000,1,1,N,N,N,0,N,N,N,0,0,0,50,Y,90,13416,500,20181002,17772,8886473000,12.0,,0,,N,N,Y,2253,252,254,213,7.24,20241231.0,2132,,N,N,N
293940,KR7293940003,신한알파리츠,RT,2.0,28,0,0,,N,,0,N,N,N,,N,N,,,,,N,,,0,,,Y,,,,,,5580,1,1,N,N,N,0,N,N,N,0,0,0,60,Y,90,169054,1000,20180808,120940,120940123000,,,0,,N,N,Y,0,0,0,0,0.0,,6748,,N,N,N
294400,KR7294400007,KIWOOM 200TR,EF,,0,0,0,N,N,,0,N,N,N,2.0,N,N,,,,,N,,,0,,,Y,,,,,,56605,1,1,N,N,N,0,N,N,N,0,0,0,30,Y,90,84426,0,20180423,17500,0,12.0,,0,,N,N,N,0,0,0,0,0.0,,9905,,N,N,N
294870,KR7294870001,HDC현대산업개발,ST,2.0,18,0,0,,N,,0,N,N,Y,,N,N,,,,,N,,,0,,,N,,,,,,24100,1,1,N,N,N,0,N,N,N,0,0,0,30,Y,90,121310,5000,20180612,65907,329536650000,12.0,,0,,N,Y,Y,9057,540,577,542,6.95,20250331.0,15883,HDC,N,N,Y
295000,KR7295000004,RISE 국채선물10년,EF,,0,0,0,N,N,,0,N,N,N,2.0,N,N,,,,,N,,,0,,,N,,,,,,56125,1,1,N,N,N,0,N,N,N,0,0,0,100,N,90,17,0,20180511,374,0,12.0,,0,,N,N,N,0,0,0,0,0.0,,209,,N,N,N
295020,KR7295020002,RISE 국채선물10년인버스,EF,,0,0,0,N,N,,0,N,N,N,2.0,N,N,,,,,N,,,0,,,N,,,,,,54355,1,1,N,N,N,0,N,N,N,0,0,0,100,N,90,7,0,20180511,2426,0,12.0,,0,,N,N,N,0,0,0,0,0.0,,1318,,N,N,N
295040,KR7295040000,SOL 200TR,EF,,0,0,0,N,N,,0,N,N,N,2.0,N,N,,,,,N,,,0,,,Y,,,,,,16140,1,1,N,N,N,0,N,N,N,0,0,0,30,Y,90,61803,0,20180423,13500,0,12.0,,0,,N,N,N,0,0,0,0,0.0,,2178,,N,N,N
298000,KR7298000001,효성화학,ST,3.0,27,8,0,,N,,0,N,N,N,,N,N,,,,,N,,,0,,,N,,,,,,38900,1,1,Y,N,N,0,N,N,N,0,0,0,100,N,90,0,5000,20180713,3791,18959055000,12.0,,0,,N,N,Y,6150,-597,5070,3742,1286.25,20250331.0,1475,971,N,N,N
298020,KR7298020009,효성티앤씨,ST,2.0,27,8,0,,N,,4,N,N,Y,,N,N,,,,,N,,,0,,,N,,,,,,232000,1,1,N,N,N,0,N,N,N,0,0,0,40,Y,90,8469,5000,20180713,4327,21638410000,12.0,,0,,N,Y,Y,19527,774,410,245,5.67,20250331.0,10040,971,N,N,N
298040,KR7298040007,효성중공업,ST,1.0,27,13,0,,N,,2,N,N,Y,,N,N,,,,,N,,,0,,,N,,,,,,1224000,1,1,N,N,N,2,N,N,N,0,0,0,100,N,90,88400,5000,20180713,9324,46622740000,12.0,,0,,N,Y,Y,10761,1024,1304,1036,21.1,20250331.0,114132,971,N,N,N
298050,KR7298050006,HS효성첨단소재,ST,2.0,27,8,0,,N,,4,N,N,Y,,N,N,,,,,N,,,0,,,N,,,,,,188800,1,1,N,N,N,0,N,N,N,0,0,0,40,Y,90,16535,5000,20180713,4479,22399740000,12.0,,0,,N,Y,Y,8536,491,190,101,0.94,20250331.0,8458,971,N,N,Y
298340,KR7298340001,PLUS 국채선물3년,EF,,0,0,0,N,N,,0,N,N,N,2.0,N,N,,,,,N,,,0,,,N,,,,,,57360,1,1,N,N,N,0,N,N,N,0,0,0,100,N,90,24,0,20180608,344,0,12.0,,0,,N,N,N,0,0,0,0,0.0,,197,,N,N,N
298690,KR7298690009,에어부산,ST,3.0,19,0,0,,N,,0,N,N,N,,N,N,,,,,N,,,0,,,N,,,,,,2110,1,1,N,N,N,0,N,N,N,0,0,0,100,N,90,142550,1000,20181227,116640,116640000000,12.0,,0,,N,N,Y,10068,1463,35,24,1.48,20241231.0,2461,926,N,N,N
298770,KR7298770009,KODEX 한국대만IT프리미어,EF,,0,0,0,N,N,,0,N,N,N,2.0,N,N,,,,,N,,,0,,,Y,,,,,,29770,1,1,N,N,N,0,N,N,N,0,0,0,30,Y,90,34483,0,20180611,1100,0,12.0,,0,,N,N,N,0,0,0,0,0.0,,327,,N,N,N
300610,KR7300610003,TIGER K게임,EF,,0,0,0,N,N,,0,N,N,N,2.0,N,N,,,,,N,,,0,,,Y,,,,,,7460,1,1,N,N,N,0,N,N,N,0,0,0,100,N,90,23984,0,20180724,1950,0,12.0,,0,,N,N,N,0,0,0,0,0.0,,145,,N,N,N
300640,KR7300640000,RISE 게임테마,EF,,0,0,0,N,N,,0,N,N,N,2.0,N,N,,,,,N,,,0,,,Y,,,,,,8870,1,1,N,N,N,0,N,N,N,0,0,0,30,Y,90,25912,0,20180724,3350,0,12.0,,0,,N,N,N,0,0,0,0,0.0,,297,,N,N,N
300720,KR7300720000,한일시멘트,ST,2.0,27,10,0,,N,,1,N,N,Y,,N,N,,,,,N,,,0,,,N,,,,,,21150,1,1,N,N,N,0,N,N,N,0,0,0,30,Y,90,97815,500,20180806,69261,34630770000,12.0,,0,,N,Y,Y,2982,170,161,106,2.3,20250331.0,14648,,N,N,N
300950,KR7300950003,KODEX 게임산업,EF,,0,0,0,N,N,,0,N,N,N,2.0,N,N,,,,,N,,,0,,,Y,,,,,,7125,1,1,N,N,N,0,N,N,N,0,0,0,30,Y,90,266514,0,20180724,3200,0,12.0,,0,,N,N,N,0,0,0,0,0.0,,228,,N,N,N
301400,KR7301400008,PLUS 코스닥150,EF,,0,0,0,N,N,,0,N,N,N,2.0,N,N,,,,,N,,,0,,,Y,,,,,,13550,1,1,N,N,N,0,N,N,N,0,0,0,100,N,90,502,0,20180705,400,0,12.0,,0,,N,N,N,0,0,0,0,0.0,,54,,N,N,N
301410,KR7301410007,PLUS 코스닥150선물인버스,EF,,0,0,0,N,N,,0,N,N,N,2.0,N,N,,,,,N,,,0,,,N,,,,,,5205,1,1,N,N,N,0,N,N,N,0,0,0,100,N,90,2,0,20180711,300,0,12.0,,0,,N,N,N,0,0,0,0,0.0,,15,,N,N,N
302190,KR7302190004,TIGER 중장기국채,EF,,0,0,0,N,N,,0,N,N,N,2.0,N,N,,,,,N,,,0,,,Y,,,,,,52870,1,1,N,N,N,0,N,N,N,0,0,0,30,Y,90,6278,0,20180720,5880,0,12.0,,0,,N,N,N,0,0,0,0,0.0,,3108,,N,N,N
302440,KR7302440003,SK바이오사이언스,ST,1.0,27,9,0,,N,,A,Y,N,Y,,N,N,,,,,N,,,0,,,N,,,,,,46050,1,1,N,N,N,0,N,N,N,0,0,0,40,Y,90,79161,500,20210318,78369,39184572500,12.0,,0,,N,Y,Y,1546,-151,-138,-41,-1.65,20250331.0,36088,535,N,N,Y
302450,KR7302450002,RISE 코스피,EF,,0,0,0,N,N,,0,N,N,N,2.0,N,N,,,,,N,,,0,,,Y,,,,,,33400,1,1,N,N,N,0,N,N,N,0,0,0,30,Y,90,6690,0,20180724,4700,0,12.0,,0,,N,N,N,0,0,0,0,0.0,,1569,,N,N,N
304660,KR7304660004,KODEX 미국30년국채울트라선물(H),EF,,0,0,0,N,N,,0,N,N,N,2.0,N,N,,,,,N,,,0,,,N,,,,,,7600,1,1,N,N,N,0,N,N,N,0,0,0,60,Y,90,430068,0,20180912,37600,0,12.0,,0,,N,N,N,0,0,0,0,0.0,,2857,,N,N,N
304670,KR7304670003,KODEX 미국30년국채울트라선물인버스(H),EF,,0,0,0,N,N,,0,N,N,N,2.0,N,N,,,,,N,,,0,,,N,,,,,,11860,1,1,N,N,N,0,N,N,N,0,0,0,100,N,90,443,0,20180912,500,0,12.0,,0,,N,N,N,0,0,0,0,0.0,,59,,N,N,N
304760,KR7304760002,HANARO KRX300,EF,,0,0,0,N,N,,0,N,N,N,2.0,N,N,,,,,N,,,0,,,Y,,,,,,19945,1,1,N,N,N,0,N,N,N,0,0,0,100,N,90,85,0,20180814,400,0,12.0,,0,,N,N,N,0,0,0,0,0.0,,79,,N,N,N
304770,KR7304770001,HANARO 코스닥150,EF,,0,0,0,N,N,,0,N,N,N,2.0,N,N,,,,,N,,,0,,,Y,,,,,,13430,1,1,N,N,N,0,N,N,N,0,0,0,100,N,90,610,0,20180814,1200,0,12.0,,0,,N,N,N,0,0,0,0,0.0,,161,,N,N,N
304780,KR7304780000,HANARO 200선물레버리지,EF,,0,0,0,N,N,,0,N,N,N,2.0,N,N,,,,,N,,,0,,,N,,,,,,28095,1,1,N,N,N,0,N,N,N,0,0,0,100,N,90,132,0,20180814,1900,0,12.0,,0,,N,N,N,0,0,0,0,0.0,,533,,N,N,N
304940,KR7304940000,KODEX 미국나스닥100선물(H),EF,,0,0,0,N,N,,0,N,N,N,2.0,N,N,,,,,N,,,0,,,N,,,,,,26730,1,1,N,N,N,0,N,N,N,0,0,0,30,Y,90,18586,0,20180830,4300,0,12.0,,0,,N,N,N,0,0,0,0,0.0,,1149,,N,N,N
305050,KR7305050007,ACE 코스피,EF,,0,0,0,N,N,,0,N,N,N,2.0,N,N,,,,,N,,,0,,,Y,,,,,,33260,1,1,N,N,N,0,N,N,N,0,0,0,100,N,90,4053,0,20181005,400,0,12.0,,0,,N,N,N,0,0,0,0,0.0,,133,,N,N,N
305080,KR7305080004,TIGER 미국채10년선물,EF,,0,0,0,N,N,,0,N,N,N,2.0,N,N,,,,,N,,,0,,,N,,,,,,12495,1,1,N,N,N,0,N,N,N,0,0,0,60,Y,90,192918,0,20180830,14200,0,12.0,,0,,N,N,N,0,0,0,0,0.0,,1774,,N,N,N
305540,KR7305540007,TIGER 2차전지테마,EF,,0,0,0,N,N,,0,N,N,N,2.0,N,N,,,,,N,,,0,,,Y,,,,,,15660,1,1,N,N,N,0,N,N,N,0,0,0,30,Y,90,1331757,0,20180912,61000,0,12.0,,0,,N,N,N,0,0,0,0,0.0,,9552,,N,N,N
305720,KR7305720005,KODEX 2차전지산업,EF,,0,0,0,N,N,,0,N,N,N,2.0,N,N,,,,,N,,,0,,,Y,,,,,,12515,1,1,N,N,N,0,N,N,N,0,0,0,30,Y,90,2917943,0,20180912,89600,0,12.0,,0,,N,N,N,0,0,0,0,0.0,,11213,,N,N,N
306200,KR7306200007,세아제강,ST,3.0,27,11,0,,N,,0,N,N,N,,N,N,,,,,N,,,0,,,N,,,,,,144500,1,1,N,N,N,0,N,N,N,0,0,0,30,Y,90,6451,5000,20181005,2836,14181500000,12.0,,0,,N,N,Y,3789,256,267,188,6.77,20250331.0,4098,474,N,N,N
306520,KR7306520008,HANARO 200선물인버스,EF,,0,0,0,N,N,,0,N,N,N,2.0,N,N,,,,,N,,,0,,,N,,,,,,8025,1,1,N,N,N,0,N,N,N,0,0,0,100,N,90,2877,0,20180918,350,0,12.0,,0,,N,N,N,0,0,0,0,0.0,,28,,N,N,N
306530,KR7306530007,HANARO 코스닥150선물레버리지,EF,,0,0,0,N,N,,0,N,N,N,2.0,N,N,,,,,N,,,0,,,N,,,,,,8920,1,1,N,N,N,0,N,N,N,0,0,0,100,N,90,2967,0,20180918,300,0,12.0,,0,,N,N,N,0,0,0,0,0.0,,26,,N,N,N
306950,KR7306950007,KODEX KRX300레버리지,EF,,0,0,0,N,N,,0,N,N,N,2.0,N,N,,,,,N,,,0,,,N,,,,,,19505,1,1,N,N,N,0,N,N,N,0,0,0,100,N,90,3221,0,20181016,1000,0,12.0,,0,,N,N,N,0,0,0,0,0.0,,195,,N,N,N
307510,KR7307510008,TIGER 의료기기,EF,,0,0,0,N,N,,0,N,N,N,2.0,N,N,,,,,N,,,0,,,Y,,,,,,17415,1,1,N,N,N,0,N,N,N,0,0,0,100,N,90,125458,0,20181108,300,0,12.0,,0,,N,N,N,0,0,0,0,0.0,,52,,N,N,N
307520,KR7307520007,TIGER 지주회사,EF,,0,0,0,N,N,,0,N,N,N,2.0,N,N,,,,,N,,,0,,,Y,,,,,,14010,1,1,N,N,N,0,N,N,N,0,0,0,100,N,90,312392,0,20181108,13700,0,12.0,,0,,N,N,N,0,0,0,0,0.0,,1919,,N,N,N
307950,KR7307950006,현대오토에버,ST,1.0,29,0,0,,N,,0,N,N,Y,,N,Y,,,,,N,,,0,,,N,,,,,,150500,1,1,N,N,N,0,N,N,N,0,0,0,30,Y,90,36526,500,20190328,27423,13711991000,12.0,,0,,N,Y,Y,8330,267,282,199,4.63,20250331.0,41273,BH1,N,N,Y
308170,KR7308170000,씨티알모빌리티,ST,3.0,27,15,0,,N,,0,N,N,N,,N,N,,,,,N,,,0,,,N,,,,,,5010,1,1,N,N,N,0,N,N,N,0,0,0,100,N,90,6392,500,20191125,8610,4305000000,12.0,,0,,N,N,Y,1154,10,-11,-11,-6.13,20250331.0,431,,N,N,N
308620,KR7308620004,KODEX 미국10년국채선물,EF,,0,0,0,N,N,,0,N,N,N,2.0,N,N,,,,,N,,,0,,,N,,,,,,11790,1,1,N,N,N,0,N,N,N,0,0,0,30,Y,90,128710,0,20181019,7200,0,12.0,,0,,N,N,N,0,0,0,0,0.0,,848,,N,N,N
309230,KR7309230001,ACE 미국WideMoat동일가중,EF,,0,0,0,N,N,,0,N,N,N,2.0,N,N,,,,,N,,,0,,,Y,,,,,,26840,1,1,N,N,N,0,N,N,N,0,0,0,30,Y,90,14992,0,20181025,5200,0,12.0,,0,,N,N,N,0,0,0,0,0.0,,1395,,N,N,N
310080,KR7310080007,RISE 중국MSCI China(H),EF,,0,0,0,N,N,,0,N,N,N,2.0,N,N,,,,,N,,,0,,,Y,,,,,,10405,1,1,N,N,N,0,N,N,N,0,0,0,100,N,90,2855,0,20181128,1200,0,12.0,,0,,N,N,N,0,0,0,0,0.0,,124,,N,N,N
310960,KR7310960000,TIGER 200TR,EF,,0,0,0,N,N,,0,N,N,N,2.0,N,N,,,,,N,,,0,,,Y,,,,,,25290,1,1,N,N,N,0,N,N,N,0,0,0,30,Y,90,14582,0,20181120,4600,0,12.0,,0,,N,N,N,0,0,0,0,0.0,,1163,,N,N,N
310970,KR7310970009,TIGER MSCI Korea TR,EF,,0,0,0,N,N,,0,N,N,N,2.0,N,N,,,,,N,,,0,,,Y,,,,,,18140,1,1,N,N,N,0,N,N,N,0,0,0,30,Y,90,11236,0,20181120,87200,0,12.0,,0,,N,N,N,0,0,0,0,0.0,,15818,,N,N,N
314250,KR7314250002,KODEX 미국빅테크10(H),EF,,0,0,0,N,N,,0,N,N,N,2.0,N,N,,,,,N,,,0,,,Y,,,,,,53140,1,1,N,N,N,0,N,N,N,0,0,0,30,Y,90,108041,0,20190110,12940,0,12.0,,0,,N,N,N,0,0,0,0,0.0,,6876,,N,N,N
314700,KR7314700006,HANARO 농업융복합산업,EF,,0,0,0,N,N,,0,N,N,N,2.0,N,N,,,,,N,,,0,,,Y,,,,,,10435,1,1,N,N,N,0,N,N,N,0,0,0,100,N,90,1166,0,20181221,550,0,12.0,,0,,N,N,N,0,0,0,0,0.0,,57,,N,N,N
315270,KR7315270009,TIGER 200커뮤니케이션서비스,EF,,0,0,0,N,N,,0,N,N,N,2.0,N,N,,,,,N,,,0,,,Y,,,,,,22230,1,1,N,N,N,0,N,N,N,0,0,0,100,N,90,7605,0,20190115,300,0,12.0,,0,,N,N,N,0,0,0,0,0.0,,66,,N,N,N
315930,KR7315930008,KODEX Top5PlusTR,EF,,0,0,0,N,N,,0,N,N,N,2.0,N,N,,,,,N,,,0,,,Y,,,,,,26905,1,1,N,N,N,0,N,N,N,0,0,0,30,Y,90,29660,0,20190122,33700,0,12.0,,0,,N,N,N,0,0,0,0,0.0,,9066,,N,N,N
315960,KR7315960005,RISE 대형고배당10TR,EF,,0,0,0,N,N,,0,N,N,N,2.0,N,N,,,,,N,,,0,,,Y,,,,,,23965,1,1,N,N,N,0,N,N,N,0,0,0,30,Y,90,779122,0,20190122,3800,0,12.0,,0,,N,N,N,0,0,0,0,0.0,,910,,N,N,N
316140,KR7316140003,우리금융지주,ST,1.0,21,0,0,,N,,6,Y,Y,Y,,N,Y,,,,,N,,,0,,,N,,,,,,25350,1,1,N,N,N,0,N,N,N,0,0,0,20,Y,90,1573285,5000,20190213,742591,3802676300000,12.0,,0,,N,Y,Y,96252,8693,8646,6546,7.27,20250331.0,188246,,N,N,Y
316300,KR7316300003,ACE 싱가포르리츠,EF,,0,0,0,N,N,,0,N,N,N,2.0,N,N,,,,,N,,,0,,,N,,,,,,13100,1,1,N,N,N,0,N,N,N,0,0,0,100,N,90,468,0,20190129,500,0,12.0,,0,,N,N,N,0,0,0,0,0.0,,65,,N,N,N
316670,KR7316670009,KIWOOM 코스닥150,EF,,0,0,0,N,N,,0,N,N,N,2.0,N,N,,,,,N,,,0,,,Y,,,,,,6670,1,1,N,N,N,0,N,N,N,0,0,0,100,N,90,4352,0,20190122,2380,0,12.0,,0,,N,N,N,0,0,0,0,0.0,,158,,N,N,N
317400,KR7317400000,자이에스앤디,ST,3.0,28,0,0,,N,,0,N,N,N,,N,N,,,,,N,,,0,,,N,,,,,,3605,1,1,N,N,N,0,N,N,N,0,0,0,100,N,90,61760,1000,20191106,38782,38782520000,12.0,,0,,N,N,Y,3127,-106,-23,-81,-0.48,20250331.0,1398,FN4,N,N,N
319640,KR7319640009,TIGER 골드선물(H),EF,,0,0,0,N,N,,0,N,N,N,2.0,N,N,,,,,N,,,0,,,N,,,,,,21260,1,1,N,N,N,0,N,N,N,0,0,0,30,Y,90,16868,0,20190409,5000,0,12.0,,0,,N,N,N,0,0,0,0,0.0,,1063,,N,N,N
321410,KR7321410003,KODEX 멀티에셋하이인컴(H),EF,,0,0,0,N,N,,0,N,N,N,2.0,N,N,,,,,N,,,0,,,Y,,,,,,10190,1,1,N,N,N,0,N,N,N,0,0,0,100,N,90,8,0,20190605,500,0,12.0,,0,,N,N,N,0,0,0,0,0.0,,50,,N,N,N
322000,KR7322000001,HD현대에너지솔루션,ST,3.0,27,13,0,,N,,0,N,N,N,,N,N,,,,,N,,,0,,,N,,,,,,45150,1,1,N,N,N,0,N,N,N,0,0,0,60,Y,90,70200,5000,20191119,11200,56000000000,12.0,,0,,N,N,Y,853,-30,-18,-11,-1.17,20250331.0,5056,IC5,N,N,Y
322400,KR7322400003,HANARO e커머스,EF,,0,0,0,N,N,,0,N,N,N,2.0,N,N,,,,,N,,,0,,,Y,,,,,,12385,1,1,N,N,N,0,N,N,N,0,0,0,30,Y,90,44193,0,20190423,4550,0,12.0,,0,,N,N,N,0,0,0,0,0.0,,563,,N,N,N
322410,KR7322410002,HANARO 고배당,EF,,0,0,0,N,N,,0,N,N,N,2.0,N,N,,,,,N,,,0,,,Y,,,,,,17130,1,1,N,N,N,0,N,N,N,0,0,0,100,N,90,15564,0,20190423,1150,0,12.0,,0,,N,N,N,0,0,0,0,0.0,,196,,N,N,N
323410,KR7323410001,카카오뱅크,ST,1.0,21,0,0,,N,,6,Y,Y,Y,,N,Y,,,,,N,,,0,,,N,,,,,,27200,1,1,N,N,N,0,N,N,N,0,0,0,20,Y,90,2022258,5000,20210806,476990,2384952185000,12.0,,0,,N,Y,Y,29456,6069,5889,4401,6.95,20241231.0,129741,KAO,N,N,Y
325010,KR7325010007,KODEX 성장주,EF,,0,0,0,N,N,,0,N,N,N,2.0,N,N,,,,,N,,,0,,,Y,,,,,,17725,1,1,N,N,N,0,N,N,N,0,0,0,30,Y,90,27948,0,20190531,6000,0,12.0,,0,,N,N,N,0,0,0,0,0.0,,1063,,N,N,N
325020,KR7325020006,KODEX 배당가치,EF,,0,0,0,N,N,,0,N,N,N,2.0,N,N,,,,,N,,,0,,,Y,,,,,,16840,1,1,N,N,N,0,N,N,N,0,0,0,30,Y,90,13074,0,20190531,6400,0,12.0,,0,,N,N,N,0,0,0,0,0.0,,1077,,N,N,N
326030,KR7326030004,SK바이오팜,ST,1.0,26,0,0,,N,,A,Y,Y,Y,,Y,N,,,,,N,,,0,,,N,,,,,,99600,1,1,N,N,N,0,N,N,N,0,0,0,20,Y,90,373640,500,20200702,78313,39156625000,12.0,,0,,N,Y,Y,1444,257,203,196,16.74,20250331.0,77999,535,N,N,Y
326230,KR7326230000,RISE 내수주플러스,EF,,0,0,0,N,N,,0,N,N,N,2.0,N,N,,,,,N,,,0,,,Y,,,,,,10190,1,1,N,N,N,0,N,N,N,0,0,0,30,Y,90,4861,0,20190620,3200,0,12.0,,0,,N,N,N,0,0,0,0,0.0,,326,,N,N,N
326240,KR7326240009,RISE IT플러스,EF,,0,0,0,N,N,,0,N,N,N,2.0,N,N,,,,,N,,,0,,,Y,,,,,,17535,1,1,N,N,N,0,N,N,N,0,0,0,30,Y,90,14454,0,20190620,8040,0,12.0,,0,,N,N,N,0,0,0,0,0.0,,1409,,N,N,N
328370,KR7328370002,PLUS 코스피TR,EF,,0,0,0,N,N,,0,N,N,N,2.0,N,N,,,,,N,,,0,,,Y,,,,,,17760,1,1,N,N,N,0,N,N,N,0,0,0,30,Y,90,196,0,20190625,6400,0,12.0,,0,,N,N,N,0,0,0,0,0.0,,1136,,N,N,N
329180,KR7329180004,HD현대중공업,ST,1.0,27,15,0,,N,,2,Y,Y,Y,,Y,Y,,,,,N,,,0,,,N,,,,,,475000,1,1,N,N,N,0,N,N,N,0,0,0,20,Y,90,259830,5000,20210917,88773,443865580000,12.0,,0,,N,Y,Y,38225,4337,3763,2842,19.75,20250331.0,421672,IC5,N,N,N
329200,KR7329200000,TIGER 리츠부동산인프라,EF,,0,0,0,N,N,,0,N,N,N,2.0,N,N,,,,,N,,,0,,,Y,,,,,,4270,1,1,N,N,N,0,N,N,N,0,0,0,30,Y,90,986920,0,20190719,165750,0,12.0,,0,,N,N,N,0,0,0,0,0.0,,7077,,N,N,N
329650,KR7329650006,KODEX TRF3070,EF,,0,0,0,N,N,,0,N,N,N,2.0,N,N,,,,,N,,,0,,,Y,,,,,,13950,1,1,N,N,N,0,N,N,N,0,0,0,30,Y,90,50672,0,20190704,16700,0,12.0,,0,,N,N,N,0,0,0,0,0.0,,2329,,N,N,N
329660,KR7329660005,KODEX TRF5050,EF,,0,0,0,N,N,,0,N,N,N,2.0,N,N,,,,,N,,,0,,,Y,,,,,,16665,1,1,N,N,N,0,N,N,N,0,0,0,30,Y,90,40404,0,20190704,5200,0,12.0,,0,,N,N,N,0,0,0,0,0.0,,866,,N,N,N
329670,KR7329670004,KODEX TRF7030,EF,,0,0,0,N,N,,0,N,N,N,2.0,N,N,,,,,N,,,0,,,Y,,,,,,19520,1,1,N,N,N,0,N,N,N,0,0,0,30,Y,90,18726,0,20190704,3500,0,12.0,,0,,N,N,N,0,0,0,0,0.0,,683,,N,N,N
329750,KR7329750004,TIGER 미국달러단기채권액티브,EF,,0,0,0,N,N,,0,N,N,N,2.0,N,N,,,,,N,,,0,,,Y,,,,,,12695,1,1,N,N,N,0,N,N,N,0,0,0,60,Y,90,324396,0,20190724,34070,0,12.0,,0,,N,N,N,0,0,0,0,0.0,,4325,,N,N,N
330590,KR7330590001,롯데리츠,RT,2.0,28,0,0,,N,,0,N,N,N,,N,N,,,,,N,,,0,,,Y,,,,,,3980,1,1,N,N,N,0,N,N,N,0,0,0,60,Y,90,366767,500,20191030,288968,144484442000,,,0,,N,N,Y,0,0,0,0,0.0,,11500,283,N,N,N
332500,KR7332500008,ACE 200TR,EF,,0,0,0,N,N,,0,N,N,N,2.0,N,N,,,,,N,,,0,,,Y,,,,,,29060,1,1,N,N,N,0,N,N,N,0,0,0,30,Y,90,1387,0,20190828,1900,0,12.0,,0,,N,N,N,0,0,0,0,0.0,,552,,N,N,N
332610,KR7332610005,PLUS 미국단기회사채(AAA~A),EF,,0,0,0,N,N,,0,N,N,N,2.0,N,N,,,,,N,,,0,,,Y,,,,,,125890,1,1,N,N,N,0,N,N,N,0,0,0,100,N,90,619,0,20190820,256,0,12.0,,0,,N,N,N,0,0,0,0,0.0,,322,,N,N,N
332620,KR7332620004,PLUS 미국장기우량회사채,EF,,0,0,0,N,N,,0,N,N,N,2.0,N,N,,,,,N,,,0,,,Y,,,,,,93090,1,1,N,N,N,0,N,N,N,0,0,0,30,Y,90,1483,0,20190820,357,0,12.0,,0,,N,N,N,0,0,0,0,0.0,,332,,N,N,N
332930,KR7332930007,HANARO 200TR,EF,,0,0,0,N,N,,0,N,N,N,2.0,N,N,,,,,N,,,0,,,Y,,,,,,56630,1,1,N,N,N,0,N,N,N,0,0,0,30,Y,90,15270,0,20190828,2000,0,12.0,,0,,N,N,N,0,0,0,0,0.0,,1132,,N,N,N
332940,KR7332940006,HANARO MSCI Korea TR,EF,,0,0,0,N,N,,0,N,N,N,2.0,N,N,,,,,N,,,0,,,Y,,,,,,18080,1,1,N,N,N,0,N,N,N,0,0,0,30,Y,90,141,0,20190828,2400,0,12.0,,0,,N,N,N,0,0,0,0,0.0,,433,,N,N,N
334690,KR7334690005,RISE 팔라듐선물(H),EF,,0,0,0,N,N,,0,N,N,N,2.0,N,N,,,,,N,,,0,,,N,,,,,,5750,1,1,N,N,N,0,N,N,N,0,0,0,100,N,90,8425,0,20190924,700,0,12.0,,0,,N,N,N,0,0,0,0,0.0,,40,,N,N,N
334700,KR7334700002,RISE 팔라듐선물인버스(H),EF,,0,0,0,N,N,,0,N,N,N,2.0,N,N,,,,,N,,,0,,,N,,,,,,4680,1,1,N,N,N,0,N,N,N,0,0,0,100,N,90,5087,0,20190924,500,0,12.0,,0,,N,N,N,0,0,0,0,0.0,,23,,N,N,N
334890,KR7334890001,이지스밸류플러스리츠,RT,3.0,28,0,0,,N,,0,N,N,N,,N,N,,,,,N,,,0,,,Y,,,,,,4315,1,1,N,N,N,0,N,N,N,0,0,0,60,Y,90,125430,1000,20200716,51443,51443469000,,,0,,N,N,Y,0,0,0,0,0.0,,2219,,N,N,N
336160,KR7336160007,RISE 금융채액티브,EF,,0,0,0,N,N,,0,N,N,N,2.0,N,N,,,,,N,,,0,,,Y,,,,,,103855,1,1,N,N,N,0,N,N,N,0,0,0,60,Y,90,948,0,20191029,430,0,12.0,,0,,N,N,N,0,0,0,0,0.0,,446,,N,N,N
336260,KR7336260005,두산퓨얼셀,ST,2.0,27,13,0,,N,,0,N,N,Y,,N,N,,,,,N,,,0,,,N,,,,,,23700,1,1,N,N,N,0,N,N,N,0,0,0,60,Y,90,145635,100,20191018,65493,6549372600,12.0,,0,,N,Y,Y,997,-115,-152,-101,-8.2,20250331.0,15522,391,N,N,Y
33626K,KR733626K013,두산퓨얼셀1우,ST,0.0,27,13,0,,N,,0,N,N,N,,N,N,,,,,N,,,0,,,N,,,,,,6200,1,1,N,N,N,0,N,N,N,0,0,0,100,N,90,55920,100,20191018,13364,1336420000,12.0,,1,,N,N,N,0,0,0,0,0.0,,828,,N,N,N
33626L,KR733626K021,두산퓨얼셀2우B,ST,0.0,27,13,0,,N,,0,N,N,N,,N,N,,,,,N,,,0,,,N,,,,,,11040,1,1,N,N,N,0,N,N,N,0,0,0,100,N,90,3659,100,20191018,2986,298630000,12.0,,2,,N,N,N,0,0,0,0,0.0,,329,,N,N,N
336370,KR7336370002,솔루스첨단소재,ST,2.0,27,13,0,,N,,0,N,N,Y,,N,N,,,,,N,,,0,,,N,,,,,,8760,1,1,N,N,N,0,N,N,N,0,0,0,100,N,90,101235,100,20191018,70217,7021734400,12.0,,0,,N,Y,Y,1576,-153,-293,-319,-8.25,20250331.0,6151,,N,N,N
33637K,KR733637K010,솔루스첨단소재1우,ST,0.0,27,13,0,,N,,0,N,N,N,,N,N,,,,,N,,,0,,,N,,,,,,1870,1,1,N,N,N,0,N,N,N,0,0,0,100,N,90,10270,100,20191018,16908,1690876600,12.0,,1,,N,N,N,0,0,0,0,0.0,,316,,N,N,N
33637L,KR733637K028,솔루스첨단소재2우B,ST,0.0,27,13,0,,N,,0,N,N,N,,N,N,,,,,N,,,0,,,N,,,,,,4140,1,1,N,N,N,0,N,N,N,0,0,0,100,N,90,3169,100,20191018,3778,377829600,12.0,,2,,N,N,N,0,0,0,0,0.0,,156,,N,N,N
337120,KR7337120000,KODEX 멀티팩터,EF,,0,0,0,N,N,,0,N,N,N,2.0,N,N,,,,,N,,,0,,,Y,,,,,,15300,1,1,N,N,N,0,N,N,N,0,0,0,100,N,90,0,0,20191114,600,0,12.0,,0,,N,N,N,0,0,0,0,0.0,,91,,N,N,N
337140,KR7337140008,KODEX 코스피대형주,EF,,0,0,0,N,N,,0,N,N,N,2.0,N,N,,,,,N,,,0,,,Y,,,,,,15575,1,1,N,N,N,0,N,N,N,0,0,0,100,N,90,8051,0,20191114,1100,0,12.0,,0,,N,N,N,0,0,0,0,0.0,,171,,N,N,N
337150,KR7337150007,KODEX 200exTOP,EF,,0,0,0,N,N,,0,N,N,N,2.0,N,N,,,,,N,,,0,,,Y,,,,,,15665,1,1,N,N,N,0,N,N,N,0,0,0,100,N,90,2740,0,20191114,900,0,12.0,,0,,N,N,N,0,0,0,0,0.0,,140,,N,N,N
337160,KR7337160006,KODEX 200ESG,EF,,0,0,0,N,N,,0,N,N,N,2.0,N,N,,,,,N,,,0,,,Y,,,,,,16815,1,1,N,N,N,0,N,N,N,0,0,0,30,Y,90,1411,0,20191114,2300,0,12.0,,0,,N,N,N,0,0,0,0,0.0,,386,,N,N,N
338100,KR7338100001,NH프라임리츠,RT,3.0,28,0,0,,N,,0,N,N,N,,N,N,,,,,N,,,0,,,Y,,,,,,4665,1,1,N,N,N,0,N,N,N,0,0,0,100,N,90,32145,500,20191205,18660,9330000000,,,0,,N,N,Y,0,0,0,0,0.0,,870,,N,N,N
339770,KR7339770000,교촌에프앤비,ST,3.0,16,0,0,,N,,0,N,N,N,,N,N,,,,,N,,,0,,,N,,,,,,5130,1,1,N,N,N,0,N,N,N,0,0,0,60,Y,90,42791,500,20201112,49965,25070420000,12.0,,0,,N,N,Y,1246,107,92,66,14.93,20250331.0,2563,,N,N,Y
341850,KR7341850006,TIGER 리츠부동산인프라채권,EF,,0,0,0,N,N,,0,N,N,N,2.0,N,N,,,,,N,,,0,,,Y,,,,,,4745,1,1,N,N,N,0,N,N,N,0,0,0,100,N,90,984,0,20200522,3700,0,12.0,,0,,N,N,N,0,0,0,0,0.0,,175,,N,N,N
344820,KR7344820006,KCC글라스,ST,2.0,27,10,0,,N,,0,N,N,N,,N,N,,,,,N,,,0,,,N,,,,,,30950,1,1,N,N,N,0,N,N,N,0,0,0,40,Y,90,39774,1000,20200121,15970,15970512000,12.0,,0,,N,N,Y,4487,-56,-108,-112,-3.04,20250331.0,4942,KCC,N,N,N
346000,KR7346000003,HANARO KAP초장기국고채,EF,,0,0,0,N,N,,0,N,N,N,2.0,N,N,,,,,N,,,0,,,Y,,,,,,41270,1,1,N,N,N,0,N,N,N,0,0,0,100,N,90,523,0,20200116,90,0,12.0,,0,,N,N,N,0,0,0,0,0.0,,37,,N,N,N
348950,KR7348950007,제이알글로벌리츠,RT,2.0,28,0,0,,N,,0,N,N,N,,N,N,,,,,N,,,0,,,Y,,,,,,2605,1,1,N,N,N,0,N,N,N,0,0,0,60,Y,90,848653,1000,20200807,197376,197376000000,,,0,,N,N,Y,0,0,0,0,0.0,,5141,,N,N,N
350520,KR7350520003,이지스레지던스리츠,RT,3.0,28,0,0,,N,,0,N,N,N,,N,N,,,,,N,,,0,,,Y,,,,,,4010,1,1,N,N,N,0,N,N,N,0,0,0,60,Y,90,67076,1000,20200805,36866,36866202000,,,0,,N,N,Y,0,0,0,0,0.0,,1478,,N,N,N
352540,KR7352540009,KODEX 일본부동산리츠(H),EF,,0,0,0,N,N,,0,N,N,N,2.0,N,N,,,,,N,,,0,,,Y,,,,,,12170,1,1,N,N,N,0,N,N,N,0,0,0,30,Y,90,41469,0,20200513,2100,0,12.0,,0,,N,N,N,0,0,0,0,0.0,,255,,N,N,N
352560,KR7352560007,KODEX 미국부동산리츠(H),EF,,0,0,0,N,N,,0,N,N,N,2.0,N,N,,,,,N,,,0,,,Y,,,,,,11800,1,1,N,N,N,0,N,N,N,0,0,0,30,Y,90,20616,0,20200513,2800,0,12.0,,0,,N,N,N,0,0,0,0,0.0,,330,,N,N,N
352820,KR7352820005,하이브,ST,1.0,30,0,0,,N,,B,Y,Y,Y,,Y,Y,,,,,N,,,0,,,N,,,,,,277500,1,1,N,N,N,0,N,N,N,0,0,0,20,Y,90,578454,500,20201015,41652,20826048500,12.0,,0,,N,Y,Y,5006,216,802,544,7.41,20250331.0,115584,,N,N,Y
353200,KR7353200009,대덕전자,ST,2.0,27,13,0,,N,,0,N,N,Y,,N,N,,,,,N,,,1,,,N,,,,,,22250,1,1,N,N,N,0,N,N,N,0,0,0,30,Y,90,453712,500,20200521,49416,24708462500,12.0,,0,,N,Y,Y,2154,-62,-63,-57,-2.64,20250331.0,10995,,N,N,Y
35320K,KR735320K011,대덕전자1우,ST,0.0,27,13,0,,N,,0,N,N,N,,N,N,,,,,N,,,0,,,N,,,,,,8640,1,1,N,N,N,0,N,N,N,0,0,0,100,N,90,3213,500,20200521,2095,1047759500,12.0,,9,,N,N,N,0,0,0,0,0.0,,181,,N,N,N
354240,KR7354240004,RISE 미국고정배당우선증권,EF,,0,0,0,N,N,,0,N,N,N,2.0,N,N,,,,,N,,,0,,,Y,,,,,,11425,1,1,N,N,N,0,N,N,N,0,0,0,100,N,90,3216,0,20200519,1400,0,12.0,,0,,N,N,N,0,0,0,0,0.0,,159,,N,N,N
354350,KR7354350001,HANARO 글로벌럭셔리S&P(합성),EF,,0,0,0,N,N,,0,N,N,N,2.0,N,N,,,,,N,,,0,,,Y,,,,,,19400,1,1,N,N,N,0,N,N,N,0,0,0,100,N,90,1133,0,20200512,870,0,12.0,,0,,N,N,N,0,0,0,0,0.0,,168,,N,N,N
354500,KR7354500001,ACE 코스닥150,EF,,0,0,0,N,N,,0,N,N,N,2.0,N,N,,,,,N,,,0,,,Y,,,,,,13475,1,1,N,N,N,0,N,N,N,0,0,0,100,N,90,5530,0,20200507,1800,0,12.0,,0,,N,N,N,0,0,0,0,0.0,,242,,N,N,N
356540,KR7356540005,ACE 종합채권(AA-이상)KIS액티브,EF,,0,0,0,N,N,,0,N,N,N,2.0,N,N,,,,,N,,,0,,,Y,,,,,,109245,1,1,N,N,N,0,N,N,N,0,0,0,60,Y,90,2311,0,20200721,8102,0,12.0,,0,,N,N,N,0,0,0,0,0.0,,8851,,N,N,N
357120,KR7357120005,코람코라이프인프라리츠,RT,3.0,28,0,0,,N,,0,N,N,N,,N,N,,,,,N,,,0,,,Y,,,,,,4435,1,1,N,N,N,0,N,N,N,0,0,0,60,Y,90,82318,500,20200831,97335,48667677000,,,0,,N,N,Y,0,0,0,0,0.0,,4316,,N,N,N
357250,KR7357250000,미래에셋맵스리츠,RT,3.0,28,0,0,,N,,0,N,N,N,,N,N,,,,,N,,,0,,,Y,,,,,,2665,1,1,N,N,N,0,N,N,N,0,0,0,100,N,90,15543,1000,20200805,24995,24995105000,,,0,,N,N,Y,0,0,0,0,0.0,,666,,N,N,N
357430,KR7357430008,마스턴프리미어리츠,RT,3.0,28,0,0,,N,,0,N,N,N,,N,N,,,,,N,,,0,,,Y,,,,,,1559,1,1,N,N,N,0,N,N,N,0,0,0,100,N,90,32085,1000,20220531,30505,30505307000,,,0,,N,N,Y,0,0,0,0,0.0,,475,,N,N,N
357870,KR7357870005,TIGER CD금리투자KIS(합성),EF,,0,0,0,N,N,,0,N,N,N,2.0,N,N,,,,,N,,,0,,,Y,,,,,,56390,1,1,N,N,N,0,N,N,N,0,0,0,60,Y,90,117546,0,20200707,84580,0,12.0,,0,,N,N,N,0,0,0,0,0.0,,47694,,N,N,N
359210,KR7359210002,KODEX 코스피TR,EF,,0,0,0,N,N,,0,N,N,N,2.0,N,N,,,,,N,,,0,,,Y,,,,,,16420,1,1,N,N,N,0,N,N,N,0,0,0,30,Y,90,11212,0,20200721,3700,0,12.0,,0,,N,N,N,0,0,0,0,0.0,,607,,N,N,N
360140,KR7360140008,KODEX 200롱코스닥150숏선물,EF,,0,0,0,N,N,,0,N,N,N,2.0,N,N,,,,,N,,,0,,,N,,,,,,10500,1,1,N,N,N,0,N,N,N,0,0,0,60,Y,90,406,0,20200821,2900,0,12.0,,0,,N,N,N,0,0,0,0,0.0,,304,,N,N,N
360150,KR7360150007,KODEX 코스닥150롱코스피200숏선물,EF,,0,0,0,N,N,,0,N,N,N,2.0,N,N,,,,,N,,,0,,,N,,,,,,8175,1,1,N,N,N,0,N,N,N,0,0,0,100,N,90,852,0,20200821,900,0,12.0,,0,,N,N,N,0,0,0,0,0.0,,73,,N,N,N
360200,KR7360200000,ACE 미국S&P500,EF,,0,0,0,N,N,,0,N,N,N,2.0,N,N,,,,,N,,,0,,,Y,,,,,,22030,1,1,N,N,N,0,N,N,N,0,0,0,30,Y,90,699285,0,20200807,100200,0,12.0,,0,,N,N,N,0,0,0,0,0.0,,22074,,N,N,N
360750,KR7360750004,TIGER 미국S&P500,EF,,0,0,0,N,N,,0,N,N,N,2.0,N,N,,,,,N,,,0,,,Y,,,,,,21810,1,1,N,N,N,0,N,N,N,0,0,0,60,Y,90,9282466,0,20200807,402950,0,12.0,,0,,N,N,N,0,0,0,0,0.0,,87883,,N,N,N
361580,KR7361580004,RISE 200TR,EF,,0,0,0,N,N,,0,N,N,N,2.0,N,N,,,,,N,,,0,,,Y,,,,,,24505,1,1,N,N,N,0,N,N,N,0,0,0,30,Y,90,39026,0,20200821,9750,0,12.0,,0,,N,N,N,0,0,0,0,0.0,,2389,,N,N,N
361610,KR7361610009,SK아이이테크놀로지,ST,2.0,27,13,0,,N,,9,N,N,Y,,N,Y,,,,,N,,,0,,,N,,,,,,28300,1,1,N,N,N,0,N,N,N,0,0,0,100,N,90,105883,1000,20210511,71297,71297592000,12.0,,0,,N,Y,Y,582,-696,-469,-217,-3.66,20250331.0,20177,535,N,N,N
363280,KR7363280009,티와이홀딩스,ST,3.0,21,0,0,,N,,0,N,N,N,,N,N,,,,,N,,,0,,,N,,,,,,3780,1,1,N,N,N,0,N,N,N,0,0,0,100,N,90,128162,500,20200922,50429,25214634000,12.0,,0,,N,N,Y,110,-51,-119,-117,-4.63,20250331.0,1906,,N,N,N
36328K,KR736328K013,티와이홀딩스우,ST,0.0,21,0,0,,N,,0,N,N,N,,N,N,,,,,N,,,3,,,N,,,,,,5800,1,1,N,N,N,0,N,N,N,0,0,0,100,N,90,6373,500,20200922,1243,621507000,12.0,,9,,N,N,N,0,0,0,0,0.0,,72,,N,N,N
363510,KR7363510009,SOL KIS단기통안채,EF,,0,0,0,N,N,,0,N,N,N,2.0,N,N,,,,,N,,,0,,,Y,,,,,,110950,1,1,N,N,N,0,N,N,N,0,0,0,100,N,90,44,0,20200909,279,0,12.0,,0,,N,N,N,0,0,0,0,0.0,,309,,N,N,N
363570,KR7363570003,KODEX 장기종합채권(AA-이상)액티브,EF,,0,0,0,N,N,,0,N,N,N,2.0,N,N,,,,,N,,,0,,,Y,,,,,,103180,1,1,N,N,N,0,N,N,N,0,0,0,60,Y,90,111,0,20200925,3438,0,12.0,,0,,N,N,N,0,0,0,0,0.0,,3547,,N,N,N
363580,KR7363580002,KODEX 200IT TR,EF,,0,0,0,N,N,,0,N,N,N,2.0,N,N,,,,,N,,,0,,,Y,,,,,,12785,1,1,N,N,N,0,N,N,N,0,0,0,30,Y,90,2714,0,20200925,3200,0,12.0,,0,,N,N,N,0,0,0,0,0.0,,409,,N,N,N
364690,KR7364690008,KODEX 혁신기술테마액티브,EF,,0,0,0,N,N,,0,N,N,N,2.0,N,N,,,,,N,,,0,,,Y,,,,,,16765,1,1,N,N,N,0,N,N,N,0,0,0,100,N,90,385,0,20200929,600,0,12.0,,0,,N,N,N,0,0,0,0,0.0,,100,,N,N,N
364960,KR7364960005,TIGER BBIG,EF,,0,0,0,N,N,,0,N,N,N,2.0,N,N,,,,,N,,,0,,,Y,,,,,,6760,1,1,N,N,N,0,N,N,N,0,0,0,30,Y,90,58200,0,20201007,20400,0,12.0,,0,,N,N,N,0,0,0,0,0.0,,1379,,N,N,N
364970,KR7364970004,TIGER 바이오TOP10,EF,,0,0,0,N,N,,0,N,N,N,2.0,N,N,,,,,N,,,0,,,Y,,,,,,7820,1,1,N,N,N,0,N,N,N,0,0,0,30,Y,90,1131051,0,20201007,22300,0,12.0,,0,,N,N,N,0,0,0,0,0.0,,1743,,N,N,N
364980,KR7364980003,TIGER 2차전지TOP10,EF,,0,0,0,N,N,,0,N,N,N,2.0,N,N,,,,,N,,,0,,,Y,,,,,,8430,1,1,N,N,N,0,N,N,N,0,0,0,30,Y,90,2104672,0,20201007,54200,0,12.0,,0,,N,N,N,0,0,0,0,0.0,,4569,,N,N,N
364990,KR7364990002,TIGER 게임TOP10,EF,,0,0,0,N,N,,0,N,N,N,2.0,N,N,,,,,N,,,0,,,Y,,,,,,5815,1,1,N,N,N,0,N,N,N,0,0,0,30,Y,90,367053,0,20201007,6250,0,12.0,,0,,N,N,N,0,0,0,0,0.0,,363,,N,N,N
365000,KR7365000009,TIGER 인터넷TOP10,EF,,0,0,0,N,N,,0,N,N,N,2.0,N,N,,,,,N,,,0,,,Y,,,,,,4570,1,1,N,N,N,0,N,N,N,0,0,0,30,Y,90,2402883,0,20201007,22200,0,12.0,,0,,N,N,N,0,0,0,0,0.0,,1014,,N,N,N
365040,KR7365040005,TIGER AI코리아그로스액티브,EF,,0,0,0,N,N,,0,N,N,N,2.0,N,N,,,,,N,,,0,,,Y,,,,,,16245,1,1,N,N,N,0,N,N,N,0,0,0,100,N,90,17365,0,20200929,1500,0,12.0,,0,,N,N,N,0,0,0,0,0.0,,243,,N,N,N
365550,KR7365550003,ESR켄달스퀘어리츠,RT,2.0,28,0,0,,N,,0,N,N,N,,N,N,,,,,N,,,0,,,Y,,,,,,4465,1,1,N,N,N,0,N,N,N,0,0,0,60,Y,90,369432,1000,20201223,246089,246089000000,,,0,,N,N,Y,0,0,0,0,0.0,,10987,,N,N,N
365780,KR7365780006,ACE 국고채10년,EF,,0,0,0,N,N,,0,N,N,N,2.0,N,N,,,,,N,,,0,,,Y,,,,,,92050,1,1,N,N,N,0,N,N,N,0,0,0,30,Y,90,7692,0,20201015,3229,0,12.0,,0,,N,N,N,0,0,0,0,0.0,,2972,,N,N,N
367380,KR7367380003,ACE 미국나스닥100,EF,,0,0,0,N,N,,0,N,N,N,2.0,N,N,,,,,N,,,0,,,Y,,,,,,24625,1,1,N,N,N,0,N,N,N,0,0,0,30,Y,90,891976,0,20201029,68200,0,12.0,,0,,N,N,N,0,0,0,0,0.0,,16794,,N,N,N
367740,KR7367740008,HANARO Fn5G산업,EF,,0,0,0,N,N,,0,N,N,N,2.0,N,N,,,,,N,,,0,,,Y,,,,,,14815,1,1,N,N,N,0,N,N,N,0,0,0,100,N,90,42,0,20201029,550,0,12.0,,0,,N,N,N,0,0,0,0,0.0,,81,,N,N,N
367760,KR7367760006,RISE 5G테크,EF,,0,0,0,N,N,,0,N,N,N,2.0,N,N,,,,,N,,,0,,,Y,,,,,,12785,1,1,N,N,N,0,N,N,N,0,0,0,30,Y,90,24550,0,20201029,2400,0,12.0,,0,,N,N,N,0,0,0,0,0.0,,306,,N,N,N
367770,KR7367770005,RISE 수소경제테마,EF,,0,0,0,N,N,,0,N,N,N,2.0,N,N,,,,,N,,,0,,,Y,,,,,,15030,1,1,N,N,N,0,N,N,N,0,0,0,30,Y,90,48302,0,20201029,8100,0,12.0,,0,,N,N,N,0,0,0,0,0.0,,1217,,N,N,N
368190,KR7368190005,HANARO Fn K-뉴딜디지털플러스,EF,,0,0,0,N,N,,0,N,N,N,2.0,N,N,,,,,N,,,0,,,Y,,,,,,7930,1,1,N,N,N,0,N,N,N,0,0,0,30,Y,90,1334,0,20201110,4600,0,12.0,,0,,N,N,N,0,0,0,0,0.0,,364,,N,N,N
368590,KR7368590006,RISE 미국나스닥100,EF,,0,0,0,N,N,,0,N,N,N,2.0,N,N,,,,,N,,,0,,,Y,,,,,,23860,1,1,N,N,N,0,N,N,N,0,0,0,30,Y,90,310765,0,20201106,46000,0,12.0,,0,,N,N,N,0,0,0,0,0.0,,10975,,N,N,N
368680,KR7368680005,KODEX K-뉴딜디지털플러스,EF,,0,0,0,N,N,,0,N,N,N,2.0,N,N,,,,,N,,,0,,,Y,,,,,,8000,1,1,N,N,N,0,N,N,N,0,0,0,100,N,90,2683,0,20201110,1100,0,12.0,,0,,N,N,N,0,0,0,0,0.0,,88,,N,N,N
371150,KR7371150004,RISE 차이나항셍테크,EF,,0,0,0,N,N,,0,N,N,N,2.0,N,N,,,,,N,,,0,,,Y,,,,,,8275,1,1,N,N,N,0,N,N,N,0,0,0,100,N,90,11550,0,20201216,2400,0,12.0,,0,,N,N,N,0,0,0,0,0.0,,198,,N,N,N
371160,KR7371160003,TIGER 차이나항셍테크,EF,,0,0,0,N,N,,0,N,N,N,2.0,N,N,,,,,N,,,0,,,Y,,,,,,8425,1,1,N,N,N,0,N,N,N,0,0,0,30,Y,90,1488950,0,20201216,122950,0,12.0,,0,,N,N,N,0,0,0,0,0.0,,10358,,N,N,N
371450,KR7371450008,TIGER 글로벌클라우드컴퓨팅INDXX,EF,,0,0,0,N,N,,0,N,N,N,2.0,N,N,,,,,N,,,0,,,Y,,,,,,11295,1,1,N,N,N,0,N,N,N,0,0,0,30,Y,90,10832,0,20201208,2560,0,12.0,,0,,N,N,N,0,0,0,0,0.0,,289,,N,N,N
371460,KR7371460007,TIGER 차이나전기차SOLACTIVE,EF,,0,0,0,N,N,,0,N,N,N,2.0,N,N,,,,,N,,,0,,,Y,,,,,,9420,1,1,N,N,N,0,N,N,N,0,0,0,60,Y,90,531234,0,20201208,162280,0,12.0,,0,,N,N,N,0,0,0,0,0.0,,15286,,N,N,N
371470,KR7371470006,TIGER 차이나바이오테크SOLACTIVE,EF,,0,0,0,N,N,,0,N,N,N,2.0,N,N,,,,,N,,,0,,,Y,,,,,,8580,1,1,N,N,N,0,N,N,N,0,0,0,60,Y,90,106955,0,20201208,5960,0,12.0,,0,,N,N,N,0,0,0,0,0.0,,511,,N,N,N
371870,KR7371870007,ACE 차이나항셍테크,EF,,0,0,0,N,N,,0,N,N,N,2.0,N,N,,,,,N,,,0,,,Y,,,,,,8220,1,1,N,N,N,0,N,N,N,0,0,0,100,N,90,19446,0,20201216,1800,0,12.0,,0,,N,N,N,0,0,0,0,0.0,,147,,N,N,N
372330,KR7372330001,KODEX 차이나항셍테크,EF,,0,0,0,N,N,,0,N,N,N,2.0,N,N,,,,,N,,,0,,,Y,,,,,,8405,1,1,N,N,N,0,N,N,N,0,0,0,30,Y,90,101235,0,20201216,20750,0,12.0,,0,,N,N,N,0,0,0,0,0.0,,1744,,N,N,N
372910,KR7372910000,한컴라이프케어,ST,3.0,27,14,0,,N,,0,N,N,N,,N,N,,,,,N,,,0,,,N,,,,,,2880,1,1,N,N,N,0,N,N,N,0,0,0,100,N,90,198054,200,20210817,27674,5534881200,12.0,,0,,N,N,Y,66,-34,-36,-28,-8.23,20250331.0,797,,N,N,N
373220,KR7373220003,LG에너지솔루션,ST,1.0,27,13,0,,N,,9,Y,Y,Y,,Y,Y,,,,,N,,,0,,,N,,,,,,386500,1,1,N,N,N,0,N,N,N,0,0,0,20,Y,90,208461,500,20220127,234000,117000000000,12.0,,0,,N,Y,Y,62650,-830,3645,2266,-2.76,20250331.0,904410,282,N,N,Y
373490,KR7373490002,KODEX 코리아혁신성장액티브,EF,,0,0,0,N,N,,0,N,N,N,2.0,N,N,,,,,N,,,0,,,Y,,,,,,13870,1,1,N,N,N,0,N,N,N,0,0,0,100,N,90,954,0,20201224,500,0,12.0,,0,,N,N,N,0,0,0,0,0.0,,69,,N,N,N
373530,KR7373530005,PLUS 신흥국MSCI인버스(합성 H),EF,,0,0,0,N,N,,0,N,N,N,2.0,N,N,,,,,N,,,0,,,N,,,,,,9625,1,1,N,N,N,0,N,N,N,0,0,0,100,N,90,41,0,20201216,520,0,12.0,,0,,N,N,N,0,0,0,0,0.0,,50,,N,N,N
373790,KR7373790005,KIWOOM 미국방어배당성장나스닥,EF,,0,0,0,N,N,,0,N,N,N,2.0,N,N,,,,,N,,,0,,,Y,,,,,,14855,1,1,N,N,N,0,N,N,N,0,0,0,100,N,90,487,0,20201224,340,0,12.0,,0,,N,N,N,0,0,0,0,0.0,,50,,N,N,N
375270,KR7375270006,RISE 글로벌데이터센터리츠(합성),EF,,0,0,0,N,N,,0,N,N,N,2.0,N,N,,,,,N,,,0,,,Y,,,,,,12295,1,1,N,N,N,0,N,N,N,0,0,0,100,N,90,4071,0,20210114,650,0,12.0,,0,,N,N,N,0,0,0,0,0.0,,79,,N,N,N
375500,KR7375500006,DL이앤씨,ST,2.0,18,0,0,,N,,1,N,N,Y,,N,N,,,,,N,,,0,,,N,,,,,,47450,1,1,N,N,N,0,N,N,N,0,0,0,30,Y,90,211010,5000,20210125,38693,208163500000,12.0,,0,,N,Y,Y,18082,810,425,302,2.47,20250331.0,18360,321,N,N,Y
37550K,KR737550K011,DL이앤씨우,ST,0.0,18,0,0,,N,,0,N,N,N,,N,N,,,,,N,,,0,,,N,,,,,,22900,1,1,N,N,N,0,N,N,N,0,0,0,100,N,90,5733,5000,20210125,2113,10569425000,12.0,,9,,N,N,N,0,0,0,0,0.0,,484,,N,N,N
37550L,KR737550K029,DL이앤씨2우(전환),ST,0.0,18,0,0,,N,,0,N,N,N,,N,N,,,,,N,,,0,,,N,,,,,,32100,1,1,N,N,N,0,N,N,N,0,0,0,100,N,90,1078,5000,20220428,2111,10559755000,12.0,,2,,N,N,N,0,0,0,0,0.0,,677,,N,N,N
375760,KR7375760006,HANARO 탄소효율그린뉴딜,EF,,0,0,0,N,N,,0,N,N,N,2.0,N,N,,,,,N,,,0,,,Y,,,,,,10515,1,1,N,N,N,0,N,N,N,0,0,0,100,N,90,5091,0,20210205,900,0,12.0,,0,,N,N,N,0,0,0,0,0.0,,94,,N,N,N
375770,KR7375770005,KODEX 탄소효율그린뉴딜,EF,,0,0,0,N,N,,0,N,N,N,2.0,N,N,,,,,N,,,0,,,Y,,,,,,10685,1,1,N,N,N,0,N,N,N,0,0,0,30,Y,90,410,0,20210205,2400,0,12.0,,0,,N,N,N,0,0,0,0,0.0,,256,,N,N,N
376410,KR7376410007,TIGER 탄소효율그린뉴딜,EF,,0,0,0,N,N,,0,N,N,N,2.0,N,N,,,,,N,,,0,,,Y,,,,,,10625,1,1,N,N,N,0,N,N,N,0,0,0,100,N,90,3674,0,20210205,1100,0,12.0,,0,,N,N,N,0,0,0,0,0.0,,116,,N,N,N
377190,KR7377190004,디앤디플랫폼리츠,RT,3.0,28,0,0,,N,,0,N,N,N,,N,N,,,,,N,,,0,,,Y,,,,,,3290,1,1,N,N,N,0,N,N,N,0,0,0,60,Y,90,43834,1000,20210827,88400,88400000000,,,0,,N,N,Y,0,0,0,0,0.0,,2908,,N,N,N
377300,KR7377300009,카카오페이,ST,1.0,21,0,0,,N,,6,Y,N,Y,,N,Y,,,,,N,,,0,,,N,,,,,,66100,1,1,N,N,N,0,N,N,N,0,0,0,60,Y,90,2190463,500,20211103,134991,67495894000,12.0,,0,,N,Y,Y,2119,44,204,144,2.85,20250331.0,89229,KAO,N,N,Y
377740,KR7377740006,바이오노트,ST,2.0,27,9,0,,N,,0,N,N,N,,N,N,,,,,N,,,0,,,N,,,,,,5220,1,1,N,N,N,0,N,N,N,0,0,0,40,Y,90,79423,500,20221222,102056,51028024000,12.0,,0,,N,N,Y,284,47,60,40,0.99,20250331.0,5327,,N,N,N
377990,KR7377990007,TIGER Fn신재생에너지,EF,,0,0,0,N,N,,0,N,N,N,2.0,N,N,,,,,N,,,0,,,Y,,,,,,14565,1,1,N,N,N,0,N,N,N,0,0,0,100,N,90,118621,0,20210305,4050,0,12.0,,0,,N,N,N,0,0,0,0,0.0,,589,,N,N,N
378850,KR7378850002,화승알앤에이,ST,3.0,27,15,0,,N,,0,N,N,N,,N,N,,,,,N,,,0,,,N,,,,,,3200,1,1,N,N,N,0,N,N,N,0,0,0,100,N,90,24350,500,20210315,18993,9496811500,12.0,,0,,N,N,Y,1732,78,73,51,13.3,20250331.0,607,,N,N,N
379780,KR7379780000,RISE 미국S&P500,EF,,0,0,0,N,N,,0,N,N,N,2.0,N,N,,,,,N,,,0,,,Y,,,,,,19060,1,1,N,N,N,0,N,N,N,0,0,0,30,Y,90,236413,0,20210409,56800,0,12.0,,0,,N,N,N,0,0,0,0,0.0,,10826,,N,N,N
379790,KR7379790009,RISE 유로스탁스50(H),EF,,0,0,0,N,N,,0,N,N,N,2.0,N,N,,,,,N,,,0,,,Y,,,,,,14765,1,1,N,N,N,0,N,N,N,0,0,0,100,N,90,15460,0,20210409,800,0,12.0,,0,,N,N,N,0,0,0,0,0.0,,118,,N,N,N
379800,KR7379800006,KODEX 미국S&P500,EF,,0,0,0,N,N,,0,N,N,N,2.0,N,N,,,,,N,,,0,,,Y,,,,,,20025,1,1,N,N,N,0,N,N,N,0,0,0,30,Y,90,7426101,0,20210409,243150,0,12.0,,0,,N,N,N,0,0,0,0,0.0,,48690,,N,N,N
379810,KR7379810005,KODEX 미국나스닥100,EF,,0,0,0,N,N,,0,N,N,N,2.0,N,N,,,,,N,,,0,,,Y,,,,,,21510,1,1,N,N,N,0,N,N,N,0,0,0,30,Y,90,2351041,0,20210409,136300,0,12.0,,0,,N,N,N,0,0,0,0,0.0,,29318,,N,N,N
380340,KR7380340000,ACE Fn5G플러스,EF,,0,0,0,N,N,,0,N,N,N,2.0,N,N,,,,,N,,,0,,,Y,,,,,,10930,1,1,N,N,N,0,N,N,N,0,0,0,100,N,90,681,0,20210402,600,0,12.0,,0,,N,N,N,0,0,0,0,0.0,,65,,N,N,N
381170,KR7381170000,TIGER 미국테크TOP10 INDXX,EF,,0,0,0,N,N,,0,N,N,N,2.0,N,N,,,,,N,,,0,,,Y,,,,,,26370,1,1,N,N,N,0,N,N,N,0,0,0,60,Y,90,1651740,0,20210409,125000,0,12.0,,0,,N,N,N,0,0,0,0,0.0,,32962,,N,N,N
381180,KR7381180009,TIGER 미국필라델피아반도체나스닥,EF,,0,0,0,N,N,,0,N,N,N,2.0,N,N,,,,,N,,,0,,,Y,,,,,,20340,1,1,N,N,N,0,N,N,N,0,0,0,30,Y,90,938026,0,20210409,120250,0,12.0,,0,,N,N,N,0,0,0,0,0.0,,24458,,N,N,N
381560,KR7381560002,HANARO Fn전기&수소차,EF,,0,0,0,N,N,,0,N,N,N,2.0,N,N,,,,,N,,,0,,,Y,,,,,,8145,1,1,N,N,N,0,N,N,N,0,0,0,100,N,90,6110,0,20210402,2100,0,12.0,,0,,N,N,N,0,0,0,0,0.0,,171,,N,N,N
381570,KR7381570001,HANARO Fn친환경에너지,EF,,0,0,0,N,N,,0,N,N,N,2.0,N,N,,,,,N,,,0,,,Y,,,,,,7710,1,1,N,N,N,0,N,N,N,0,0,0,100,N,90,15363,0,20210402,1000,0,12.0,,0,,N,N,N,0,0,0,0,0.0,,77,,N,N,N
381970,KR7381970003,케이카,ST,2.0,16,0,0,,N,,0,N,N,N,,N,N,,,,,N,,,0,,,N,,,,,,15690,1,1,N,N,N,0,N,N,N,0,0,0,60,Y,90,92038,500,20211013,48182,24091036500,12.0,,0,,N,N,Y,23015,681,571,440,19.09,20241231.0,7559,,N,N,N
383220,KR7383220001,F&F,ST,2.0,27,6,0,,N,,8,Y,N,Y,,N,Y,,,,,N,,,0,,,N,,,,,,65300,1,1,N,N,N,0,N,N,N,0,0,0,30,Y,90,59222,100,20210521,38307,3830707500,12.0,,0,,N,Y,Y,5056,1236,1107,826,21.13,20250331.0,25014,,N,N,Y
383800,KR7383800000,LX홀딩스,ST,2.0,21,0,0,,N,,0,N,N,N,,N,N,,,,,N,,,0,,,N,,,,,,8130,1,1,N,N,N,0,N,N,N,0,0,0,40,Y,90,97682,1000,20210527,76280,76280690000,12.0,,0,,N,N,Y,797,714,736,705,14.89,20250331.0,6201,LD1,N,N,Y
38380K,KR738380K012,LX홀딩스1우,ST,0.0,21,0,0,,N,,0,N,N,N,,N,N,,,,,N,,,0,,,N,,,,,,8950,1,1,N,N,N,0,N,N,N,0,0,0,100,N,90,77,1000,20210527,1465,1465285000,12.0,,9,,N,N,N,0,0,0,0,0.0,,131,,N,N,N
385510,KR7385510003,KODEX 신재생에너지액티브,EF,,0,0,0,N,N,,0,N,N,N,2.0,N,N,,,,,N,,,0,,,Y,,,,,,25985,1,1,N,N,N,0,N,N,N,0,0,0,60,Y,90,308737,0,20210525,7850,0,12.0,,0,,N,N,N,0,0,0,0,0.0,,2039,,N,N,N
385520,KR7385520002,KODEX 자율주행액티브,EF,,0,0,0,N,N,,0,N,N,N,2.0,N,N,,,,,N,,,0,,,Y,,,,,,8225,1,1,N,N,N,0,N,N,N,0,0,0,100,N,90,5337,0,20210525,2150,0,12.0,,0,,N,N,N,0,0,0,0,0.0,,176,,N,N,N
385540,KR7385540000,RISE 종합채권(A-이상)액티브,EF,,0,0,0,N,N,,0,N,N,N,2.0,N,N,,,,,N,,,0,,,Y,,,,,,110785,1,1,N,N,N,0,N,N,N,0,0,0,60,Y,90,8407,0,20210526,14780,0,12.0,,0,,N,N,N,0,0,0,0,0.0,,16374,,N,N,N
385550,KR7385550009,RISE 단기채권알파액티브,EF,,0,0,0,N,N,,0,N,N,N,2.0,N,N,,,,,N,,,0,,,Y,,,,,,113250,1,1,N,N,N,0,N,N,N,0,0,0,60,Y,90,1001,0,20210526,2786,0,12.0,,0,,N,N,N,0,0,0,0,0.0,,3155,,N,N,N
385560,KR7385560008,RISE KIS국고채30년Enhanced,EF,,0,0,0,N,N,,0,N,N,N,2.0,N,N,,,,,N,,,0,,,Y,,,,,,82000,1,1,N,N,N,0,N,N,N,0,0,0,30,Y,90,21015,0,20210526,6373,0,12.0,,0,,N,N,N,0,0,0,0,0.0,,5225,,N,N,N
385590,KR7385590005,ACE ESG액티브,EF,,0,0,0,N,N,,0,N,N,N,2.0,N,N,,,,,N,,,0,,,Y,,,,,,9875,1,1,N,N,N,0,N,N,N,0,0,0,100,N,90,7204,0,20210525,2300,0,12.0,,0,,N,N,N,0,0,0,0,0.0,,227,,N,N,N
385600,KR7385600002,ACE 2차전지&친환경차액티브,EF,,0,0,0,N,N,,0,N,N,N,2.0,N,N,,,,,N,,,0,,,Y,,,,,,6715,1,1,N,N,N,0,N,N,N,0,0,0,100,N,90,13565,0,20210525,2300,0,12.0,,0,,N,N,N,0,0,0,0,0.0,,154,,N,N,N
385710,KR7385710009,TIMEFOLIO K이노베이션액티브,EF,,0,0,0,N,N,,0,N,N,N,2.0,N,N,,,,,N,,,0,,,Y,,,,,,8895,1,1,N,N,N,0,N,N,N,0,0,0,100,N,90,2526,0,20210525,1200,0,12.0,,0,,N,N,N,0,0,0,0,0.0,,106,,N,N,N
385720,KR7385720008,TIMEFOLIO 코스피액티브,EF,,0,0,0,N,N,,0,N,N,N,2.0,N,N,,,,,N,,,0,,,Y,,,,,,11840,1,1,N,N,N,0,N,N,N,0,0,0,60,Y,90,63968,0,20210525,7300,0,12.0,,0,,N,N,N,0,0,0,0,0.0,,864,,N,N,N
387270,KR7387270002,TIGER 글로벌이노베이션액티브,EF,,0,0,0,N,N,,0,N,N,N,2.0,N,N,,,,,N,,,0,,,Y,,,,,,18055,1,1,N,N,N,0,N,N,N,0,0,0,60,Y,90,4146,0,20210525,1370,0,12.0,,0,,N,N,N,0,0,0,0,0.0,,247,,N,N,N
387280,KR7387280001,TIGER 퓨처모빌리티액티브,EF,,0,0,0,N,N,,0,N,N,N,2.0,N,N,,,,,N,,,0,,,Y,,,,,,7420,1,1,N,N,N,0,N,N,N,0,0,0,100,N,90,7295,0,20210525,1840,0,12.0,,0,,N,N,N,0,0,0,0,0.0,,136,,N,N,N
388280,KR7388280000,RISE 컨택트대표,EF,,0,0,0,N,N,,0,N,N,N,2.0,N,N,,,,,N,,,0,,,Y,,,,,,7550,1,1,N,N,N,0,N,N,N,0,0,0,30,Y,90,5214,0,20210610,5080,0,12.0,,0,,N,N,N,0,0,0,0,0.0,,383,,N,N,N
388420,KR7388420002,RISE 비메모리반도체액티브,EF,,0,0,0,N,N,,0,N,N,N,2.0,N,N,,,,,N,,,0,,,Y,,,,,,11180,1,1,N,N,N,0,N,N,N,0,0,0,60,Y,90,123010,0,20210610,22600,0,12.0,,0,,N,N,N,0,0,0,0,0.0,,2526,,N,N,N
390390,KR7390390003,KODEX 미국반도체,EF,,0,0,0,N,N,,0,N,N,N,2.0,N,N,,,,,N,,,0,,,Y,,,,,,27310,1,1,N,N,N,0,N,N,N,0,0,0,30,Y,90,494149,0,20210630,17400,0,12.0,,0,,N,N,N,0,0,0,0,0.0,,4751,,N,N,N
390400,KR7390400000,KODEX 미국스마트모빌리티S&P,EF,,0,0,0,N,N,,0,N,N,N,2.0,N,N,,,,,N,,,0,,,Y,,,,,,6035,1,1,N,N,N,0,N,N,N,0,0,0,100,N,90,3008,0,20210630,1400,0,12.0,,0,,N,N,N,0,0,0,0,0.0,,84,,N,N,N
391600,KR7391600004,ACE 미국친환경그린테마INDXX,EF,,0,0,0,N,N,,0,N,N,N,2.0,N,N,,,,,N,,,0,,,Y,,,,,,9050,1,1,N,N,N,0,N,N,N,0,0,0,100,N,90,1560,0,20210805,1350,0,12.0,,0,,N,N,N,0,0,0,0,0.0,,122,,N,N,N
391670,KR7391670007,HK 베스트일레븐액티브,EF,,0,0,0,N,N,,0,N,N,N,2.0,N,N,,,,,N,,,0,,,Y,,,,,,12195,1,1,N,N,N,0,N,N,N,0,0,0,100,N,90,483,0,20210706,950,0,12.0,,0,,N,N,N,0,0,0,0,0.0,,115,,N,N,N
394350,KR7394350003,KIWOOM 글로벌퓨처모빌리티,EF,,0,0,0,N,N,,0,N,N,N,2.0,N,N,,,,,N,,,0,,,Y,,,,,,12595,1,1,N,N,N,0,N,N,N,0,0,0,30,Y,90,7545,0,20210720,1700,0,12.0,,0,,N,N,N,0,0,0,0,0.0,,214,,N,N,N
394660,KR7394660005,TIGER 글로벌자율주행&전기차SOLACTIVE,EF,,0,0,0,N,N,,0,N,N,N,2.0,N,N,,,,,N,,,0,,,Y,,,,,,11170,1,1,N,N,N,0,N,N,N,0,0,0,60,Y,90,13045,0,20210720,23800,0,12.0,,0,,N,N,N,0,0,0,0,0.0,,2658,,N,N,N
394670,KR7394670004,TIGER 글로벌리튬&2차전지SOLACTIVE(합성),EF,,0,0,0,N,N,,0,N,N,N,2.0,N,N,,,,,N,,,0,,,Y,,,,,,6380,1,1,N,N,N,0,N,N,N,0,0,0,60,Y,90,59009,0,20210720,33280,0,12.0,,0,,N,N,N,0,0,0,0,0.0,,2123,,N,N,N
395150,KR7395150006,KODEX 웹툰&드라마,EF,,0,0,0,N,N,,0,N,N,N,2.0,N,N,,,,,N,,,0,,,Y,,,,,,3465,1,1,N,N,N,0,N,N,N,0,0,0,100,N,90,232614,0,20210730,5000,0,12.0,,0,,N,N,N,0,0,0,0,0.0,,173,,N,N,N
395160,KR7395160005,KODEX AI반도체,EF,,0,0,0,N,N,,0,N,N,N,2.0,N,N,,,,,N,,,0,,,Y,,,,,,10630,1,1,N,N,N,0,N,N,N,0,0,0,30,Y,90,275264,0,20210730,27700,0,12.0,,0,,N,N,N,0,0,0,0,0.0,,2944,,N,N,N
395170,KR7395170004,KODEX Top10동일가중,EF,,0,0,0,N,N,,0,N,N,N,2.0,N,N,,,,,N,,,0,,,Y,,,,,,8425,1,1,N,N,N,0,N,N,N,0,0,0,30,Y,90,3761,0,20210730,6900,0,12.0,,0,,N,N,N,0,0,0,0,0.0,,581,,N,N,N
395270,KR7395270002,HANARO Fn K-반도체,EF,,0,0,0,N,N,,0,N,N,N,2.0,N,N,,,,,N,,,0,,,Y,,,,,,11895,1,1,N,N,N,0,N,N,N,0,0,0,30,Y,90,331004,0,20210730,20800,0,12.0,,0,,N,N,N,0,0,0,0,0.0,,2474,,N,N,N
395280,KR7395280001,HANARO Fn K-게임,EF,,0,0,0,N,N,,0,N,N,N,2.0,N,N,,,,,N,,,0,,,Y,,,,,,4350,1,1,N,N,N,0,N,N,N,0,0,0,100,N,90,8303,0,20210730,2900,0,12.0,,0,,N,N,N,0,0,0,0,0.0,,126,,N,N,N
395290,KR7395290000,HANARO Fn K-POP&미디어,EF,,0,0,0,N,N,,0,N,N,N,2.0,N,N,,,,,N,,,0,,,Y,,,,,,9350,1,1,N,N,N,0,N,N,N,0,0,0,30,Y,90,428442,0,20210730,7350,0,12.0,,0,,N,N,N,0,0,0,0,0.0,,687,,N,N,N
395400,KR7395400005,SK리츠,RT,2.0,28,0,0,,N,,0,N,N,N,,N,N,,,,,N,,,0,,,Y,,,,,,4925,1,1,N,N,N,0,N,N,N,0,0,0,60,Y,90,207158,500,20210914,290868,145434384500,,,0,,N,N,Y,0,0,0,0,0.0,,14325,535,N,N,N
395750,KR7395750003,PLUS ESG가치주액티브,EF,,0,0,0,N,N,,0,N,N,N,2.0,N,N,,,,,N,,,0,,,Y,,,,,,9810,1,1,N,N,N,0,N,N,N,0,0,0,100,N,90,253,0,20210730,550,0,12.0,,0,,N,N,N,0,0,0,0,0.0,,53,,N,N,N
395760,KR7395760002,PLUS ESG성장주액티브,EF,,0,0,0,N,N,,0,N,N,N,2.0,N,N,,,,,N,,,0,,,Y,,,,,,10685,1,1,N,N,N,0,N,N,N,0,0,0,100,N,90,287,0,20210730,950,0,12.0,,0,,N,N,N,0,0,0,0,0.0,,101,,N,N,N
396500,KR7396500001,TIGER Fn반도체TOP10,EF,,0,0,0,N,N,,0,N,N,N,2.0,N,N,,,,,N,,,0,,,Y,,,,,,11790,1,1,N,N,N,0,N,N,N,0,0,0,30,Y,90,948080,0,20210810,60600,0,12.0,,0,,N,N,N,0,0,0,0,0.0,,7144,,N,N,N
396510,KR7396510000,TIGER 차이나클린에너지SOLACTIVE,EF,,0,0,0,N,N,,0,N,N,N,2.0,N,N,,,,,N,,,0,,,Y,,,,,,5750,1,1,N,N,N,0,N,N,N,0,0,0,100,N,90,6103,0,20210810,2760,0,12.0,,0,,N,N,N,0,0,0,0,0.0,,158,,N,N,N
396520,KR7396520009,TIGER 차이나반도체FACTSET,EF,,0,0,0,N,N,,0,N,N,N,2.0,N,N,,,,,N,,,0,,,Y,,,,,,7010,1,1,N,N,N,0,N,N,N,0,0,0,30,Y,90,74154,0,20210810,6000,0,12.0,,0,,N,N,N,0,0,0,0,0.0,,420,,N,N,N
396690,KR7396690000,미래에셋글로벌리츠,RT,3.0,28,0,0,,N,,0,N,N,N,,N,N,,,,,N,,,0,,,Y,,,,,,2730,1,1,N,N,N,0,N,N,N,0,0,0,60,Y,90,32708,1000,20211203,39605,39605940000,,,0,,N,N,Y,0,0,0,0,0.0,,1081,,N,N,N
397420,KR7397420001,RISE 국채선물5년추종,EF,,0,0,0,N,N,,0,N,N,N,2.0,N,N,,,,,N,,,0,,,N,,,,,,52405,1,1,N,N,N,0,N,N,N,0,0,0,100,N,90,4,0,20210831,102,0,12.0,,0,,N,N,N,0,0,0,0,0.0,,53,,N,N,N
399110,KR7399110006,SOL 미국S&P500ESG,EF,,0,0,0,N,N,,0,N,N,N,2.0,N,N,,,,,N,,,0,,,Y,,,,,,16975,1,1,N,N,N,0,N,N,N,0,0,0,30,Y,90,22457,0,20210914,4600,0,12.0,,0,,N,N,N,0,0,0,0,0.0,,780,,N,N,N
399580,KR7399580000,RISE 글로벌클린에너지,EF,,0,0,0,N,N,,0,N,N,N,2.0,N,N,,,,,N,,,0,,,Y,,,,,,6995,1,1,N,N,N,0,N,N,N,0,0,0,100,N,90,3659,0,20211021,1000,0,12.0,,0,,N,N,N,0,0,0,0,0.0,,69,,N,N,N
400570,KR7400570008,KODEX 유럽탄소배출권선물ICE(H),EF,,0,0,0,N,N,,0,N,N,N,2.0,N,N,,,,,N,,,0,,,N,,,,,,10070,1,1,N,N,N,0,N,N,N,0,0,0,30,Y,90,5788,0,20210930,2790,0,12.0,,0,,N,N,N,0,0,0,0,0.0,,280,,N,N,N
400580,KR7400580007,SOL 유럽탄소배출권선물S&P(H),EF,,0,0,0,N,N,,0,N,N,N,2.0,N,N,,,,,N,,,0,,,N,,,,,,10370,1,1,N,N,N,0,N,N,N,0,0,0,100,N,90,1264,0,20210930,700,0,12.0,,0,,N,N,N,0,0,0,0,0.0,,72,,N,N,N
400590,KR7400590006,SOL 글로벌탄소배출권선물ICE(합성),EF,,0,0,0,N,N,,0,N,N,N,2.0,N,N,,,,,N,,,0,,,Y,,,,,,12200,1,1,N,N,N,0,N,N,N,0,0,0,100,N,90,334,0,20210930,700,0,12.0,,0,,N,N,N,0,0,0,0,0.0,,85,,N,N,N
400760,KR7400760005,NH올원리츠,RT,3.0,28,0,0,,N,,0,N,N,N,,N,N,,,,,N,,,0,,,Y,,,,,,3205,1,1,N,N,N,0,N,N,N,0,0,0,60,Y,90,80195,500,20211118,43767,21883944000,,,0,,N,N,Y,0,0,0,0,0.0,,1402,,N,N,N
400970,KR7400970000,TIGER Fn메타버스,EF,,0,0,0,N,N,,0,N,N,N,2.0,N,N,,,,,N,,,0,,,Y,,,,,,7690,1,1,N,N,N,0,N,N,N,0,0,0,30,Y,90,43051,0,20211013,11350,0,12.0,,0,,N,N,N,0,0,0,0,0.0,,872,,N,N,N
401170,KR7401170006,RISE 메타버스,EF,,0,0,0,N,N,,0,N,N,N,2.0,N,N,,,,,N,,,0,,,Y,,,,,,6995,1,1,N,N,N,0,N,N,N,0,0,0,30,Y,90,43255,0,20211013,15460,0,12.0,,0,,N,N,N,0,0,0,0,0.0,,1081,,N,N,N
401470,KR7401470000,KODEX 메타버스액티브,EF,,0,0,0,N,N,,0,N,N,N,2.0,N,N,,,,,N,,,0,,,Y,,,,,,8135,1,1,N,N,N,0,N,N,N,0,0,0,60,Y,90,60338,0,20211013,13150,0,12.0,,0,,N,N,N,0,0,0,0,0.0,,1069,,N,N,N
401590,KR7401590005,HANARO 글로벌탄소배출권선물ICE(합성),EF,,0,0,0,N,N,,0,N,N,N,2.0,N,N,,,,,N,,,0,,,Y,,,,,,9865,1,1,N,N,N,0,N,N,N,0,0,0,100,N,90,70,0,20210930,550,0,12.0,,0,,N,N,N,0,0,0,0,0.0,,54,,N,N,N
402340,KR7402340004,SK스퀘어,ST,1.0,21,0,0,,N,,5,Y,Y,Y,,N,Y,,,,,N,,,0,,,N,,,,,,141900,1,1,N,N,N,0,N,N,N,0,0,0,20,Y,90,324029,100,20211129,132540,14146757100,12.0,,0,,N,Y,Y,20876,16523,16874,16123,32.65,20250331.0,188075,535,N,N,Y
402460,KR7402460000,HANARO Fn K-메타버스MZ,EF,,0,0,0,N,N,,0,N,N,N,2.0,N,N,,,,,N,,,0,,,Y,,,,,,7760,1,1,N,N,N,0,N,N,N,0,0,0,100,N,90,229,0,20211013,700,0,12.0,,0,,N,N,N,0,0,0,0,0.0,,54,,N,N,N
402970,KR7402970008,ACE 미국배당다우존스,EF,,0,0,0,N,N,,0,N,N,N,2.0,N,N,,,,,N,,,0,,,Y,,,,,,11930,1,1,N,N,N,0,N,N,N,0,0,0,30,Y,90,468446,0,20211021,53700,0,12.0,,0,,N,N,N,0,0,0,0,0.0,,6406,,N,N,N
403550,KR7403550007,쏘카,ST,2.0,26,0,0,,N,,0,N,N,N,,N,N,,,,,N,,,0,,,N,,,,,,12940,1,1,N,N,N,0,N,N,N,0,0,0,100,N,90,3093,100,20220822,32841,3284190200,12.0,,0,,N,N,Y,1315,14,-35,-35,-7.71,20250331.0,4249,,N,N,N
403790,KR7403790009,마이다스 코스피액티브,EF,,0,0,0,N,N,,0,N,N,N,2.0,N,N,,,,,N,,,0,,,Y,,,,,,26860,1,1,N,N,N,0,N,N,N,0,0,0,60,Y,90,445,0,20211013,2100,0,12.0,,0,,N,N,N,0,0,0,0,0.0,,564,,N,N,N
404120,KR7404120008,TIMEFOLIO K신재생에너지액티브,EF,,0,0,0,N,N,,0,N,N,N,2.0,N,N,,,,,N,,,0,,,Y,,,,,,14745,1,1,N,N,N,0,N,N,N,0,0,0,100,N,90,1202,0,20211029,800,0,12.0,,0,,N,N,N,0,0,0,0,0.0,,117,,N,N,N
404260,KR7404260002,KODEX 기후변화솔루션,EF,,0,0,0,N,N,,0,N,N,N,2.0,N,N,,,,,N,,,0,,,Y,,,,,,12510,1,1,N,N,N,0,N,N,N,0,0,0,100,N,90,476,0,20211029,900,0,12.0,,0,,N,N,N,0,0,0,0,0.0,,112,,N,N,N
404540,KR7404540007,TIGER KRX기후변화솔루션,EF,,0,0,0,N,N,,0,N,N,N,2.0,N,N,,,,,N,,,0,,,Y,,,,,,12655,1,1,N,N,N,0,N,N,N,0,0,0,100,N,90,414,0,20211029,550,0,12.0,,0,,N,N,N,0,0,0,0,0.0,,69,,N,N,N
404650,KR7404650004,SOL KRX기후변화솔루션,EF,,0,0,0,N,N,,0,N,N,N,2.0,N,N,,,,,N,,,0,,,Y,,,,,,12555,1,1,N,N,N,0,N,N,N,0,0,0,100,N,90,667,0,20211029,600,0,12.0,,0,,N,N,N,0,0,0,0,0.0,,75,,N,N,N
404990,KR7404990004,신한서부티엔디리츠,RT,3.0,28,0,0,,N,,0,N,N,N,,N,N,,,,,N,,,0,,,Y,,,,,,3585,1,1,N,N,N,0,N,N,N,0,0,0,60,Y,90,89577,1000,20211210,57005,57005358000,,,0,,N,N,Y,0,0,0,0,0.0,,2043,,N,N,N
407160,KR7407160001,KCGI 테크미디어텔레콤액티브,EF,,0,0,0,N,N,,0,N,N,N,2.0,N,N,,,,,N,,,0,,,Y,,,,,,9585,1,1,N,N,N,0,N,N,N,0,0,0,100,N,90,2224,0,20211116,400,0,12.0,,0,,N,N,N,0,0,0,0,0.0,,38,,N,N,N
407170,KR7407170000,KCGI 스마트커머스액티브,EF,,0,0,0,N,N,,0,N,N,N,2.0,N,N,,,,,N,,,0,,,Y,,,,,,9985,1,1,N,N,N,0,N,N,N,0,0,0,100,N,90,1608,0,20211116,250,0,12.0,,0,,N,N,N,0,0,0,0,0.0,,24,,N,N,N
407300,KR7407300003,HANARO Fn골프테마,EF,,0,0,0,N,N,,0,N,N,N,2.0,N,N,,,,,N,,,0,,,Y,,,,,,8350,1,1,N,N,N,0,N,N,N,0,0,0,100,N,90,1868,0,20211124,550,0,12.0,,0,,N,N,N,0,0,0,0,0.0,,45,,N,N,N
407310,KR7407310002,HANARO 200 TOP10,EF,,0,0,0,N,N,,0,N,N,N,2.0,N,N,,,,,N,,,0,,,Y,,,,,,9055,1,1,N,N,N,0,N,N,N,0,0,0,100,N,90,2068,0,20211124,1500,0,12.0,,0,,N,N,N,0,0,0,0,0.0,,135,,N,N,N
407820,KR7407820000,에셋플러스 코리아플랫폼액티브,EF,,0,0,0,N,N,,0,N,N,N,2.0,N,N,,,,,N,,,0,,,Y,,,,,,8095,1,1,N,N,N,0,N,N,N,0,0,0,100,N,90,5787,0,20211116,2100,0,12.0,,0,,N,N,N,0,0,0,0,0.0,,169,,N,N,N
407830,KR7407830009,에셋플러스 글로벌플랫폼액티브,EF,,0,0,0,N,N,,0,N,N,N,2.0,N,N,,,,,N,,,0,,,Y,,,,,,14865,1,1,N,N,N,0,N,N,N,0,0,0,60,Y,90,4598,0,20211116,3500,0,12.0,,0,,N,N,N,0,0,0,0,0.0,,520,,N,N,N
409810,KR7409810009,KODEX 미국나스닥100선물인버스(H),EF,,0,0,0,N,N,,0,N,N,N,2.0,N,N,,,,,N,,,0,,,N,,,,,,6850,1,1,N,N,N,0,N,N,N,0,0,0,100,N,90,200432,0,20211209,3400,0,12.0,,0,,N,N,N,0,0,0,0,0.0,,232,,N,N,N
409820,KR7409820008,KODEX 미국나스닥100레버리지(합성 H),EF,,0,0,0,N,N,,0,N,N,N,2.0,N,N,,,,,N,,,0,,,N,,,,,,13865,1,1,N,N,N,0,N,N,N,0,0,0,100,N,90,148255,0,20211209,16000,0,12.0,,0,,N,N,N,0,0,0,0,0.0,,2218,,N,N,N
410870,KR7410870000,TIMEFOLIO K컬처액티브,EF,,0,0,0,N,N,,0,N,N,N,2.0,N,N,,,,,N,,,0,,,Y,,,,,,13400,1,1,N,N,N,0,N,N,N,0,0,0,100,N,90,231555,0,20211215,2400,0,12.0,,0,,N,N,N,0,0,0,0,0.0,,321,,N,N,N
411050,KR7411050008,ACE 글로벌메타버스테크액티브,EF,,0,0,0,N,N,,0,N,N,N,2.0,N,N,,,,,N,,,0,,,Y,,,,,,15705,1,1,N,N,Y,0,N,N,N,0,0,0,100,N,90,877,0,20211222,300,0,12.0,,0,,N,N,N,0,0,0,0,0.0,,47,,N,N,N
411060,KR7411060007,ACE KRX금현물,EF,,0,0,0,N,N,,0,N,N,N,2.0,N,N,,,,,N,,,0,,,Y,,,,,,21170,1,1,N,N,N,0,N,N,N,0,0,0,30,Y,90,927553,0,20211215,62800,0,12.0,,0,,N,N,N,0,0,0,0,0.0,,13294,,N,N,N
411420,KR7411420003,KODEX 미국나스닥AI테크액티브,EF,,0,0,0,N,N,,0,N,N,N,2.0,N,N,,,,,N,,,0,,,Y,,,,,,17905,1,1,N,N,N,0,N,N,N,0,0,0,60,Y,90,45808,0,20211222,4000,0,12.0,,0,,N,N,N,0,0,0,0,0.0,,716,,N,N,N
411540,KR7411540008,SOL 200 Top10,EF,,0,0,0,N,N,,0,N,N,N,2.0,N,N,,,,,N,,,0,,,Y,,,,,,9260,1,1,N,N,N,0,N,N,N,0,0,0,100,N,90,7610,0,20211209,900,0,12.0,,0,,N,N,N,0,0,0,0,0.0,,83,,N,N,N
411860,KR7411860000,KIWOOM 독일DAX,EF,,0,0,0,N,N,,0,N,N,N,2.0,N,N,,,,,N,,,0,,,Y,,,,,,16520,1,1,N,N,N,0,N,N,N,0,0,0,30,Y,90,7819,0,20211222,2150,0,12.0,,0,,N,N,N,0,0,0,0,0.0,,355,,N,N,N
412560,KR7412560005,TIGER BBIG레버리지,EF,,0,0,0,N,N,,0,N,N,N,2.0,N,N,,,,,N,,,0,,,N,,,,,,2270,1,1,N,N,N,0,N,N,N,0,0,0,100,N,90,11567,0,20211215,700,0,12.0,,0,,N,N,N,0,0,0,0,0.0,,15,,N,N,N
412570,KR7412570004,TIGER 2차전지TOP10레버리지,EF,,0,0,0,N,N,,0,N,N,N,2.0,N,N,,,,,N,,,0,,,N,,,,,,1226,1,1,N,N,N,0,N,N,N,0,0,0,100,N,90,6057478,0,20211215,96950,0,12.0,,0,,N,N,N,0,0,0,0,0.0,,1188,,N,N,N
412770,KR7412770000,TIGER 글로벌AI플랫폼액티브,EF,,0,0,0,N,N,,0,N,N,N,2.0,N,N,,,,,N,,,0,,,Y,,,,,,13235,1,1,N,N,N,0,N,N,N,0,0,0,60,Y,90,14089,0,20211222,8770,0,12.0,,0,,N,N,N,0,0,0,0,0.0,,1160,,N,N,N
413220,KR7413220005,SOL 차이나태양광CSI(합성),EF,,0,0,0,N,N,,0,N,N,N,2.0,N,N,,,,,N,,,0,,,Y,,,,,,3900,1,1,N,N,N,0,N,N,N,0,0,0,100,N,90,7509,0,20211222,1000,0,12.0,,0,,N,N,N,0,0,0,0,0.0,,39,,N,N,N
413930,KR7413930009,WON AI ESG액티브,EF,,0,0,0,N,N,,0,N,N,N,2.0,N,N,,,,,N,,,0,,,Y,,,,,,11820,1,1,N,N,N,0,N,N,N,0,0,0,100,N,90,12,0,20220105,850,0,12.0,,0,,N,N,N,0,0,0,0,0.0,,100,,N,N,N
414270,KR7414270009,ACE 글로벌자율주행액티브,EF,,0,0,0,N,N,,0,N,N,N,2.0,N,N,,,,,N,,,0,,,Y,,,,,,11475,1,1,N,N,N,0,N,N,N,0,0,0,60,Y,90,407172,0,20220215,3550,0,12.0,,0,,N,N,N,0,0,0,0,0.0,,407,,N,N,N
414780,KR7414780007,TIGER 차이나과창판STAR50(합성),EF,,0,0,0,N,N,,0,N,N,N,2.0,N,N,,,,,N,,,0,,,Y,,,,,,8265,1,1,N,N,N,0,N,N,N,0,0,0,30,Y,90,18163,0,20220113,17100,0,12.0,,0,,N,N,N,0,0,0,0,0.0,,1413,,N,N,N
415340,KR7415340009,KODEX 차이나과창판STAR50(합성),EF,,0,0,0,N,N,,0,N,N,N,2.0,N,N,,,,,N,,,0,,,Y,,,,,,8525,1,1,N,N,N,0,N,N,N,0,0,0,100,N,90,1640,0,20220113,2010,0,12.0,,0,,N,N,N,0,0,0,0,0.0,,171,,N,N,N
415640,KR7415640002,KB발해인프라,IF,2.0,21,0,0,,N,,0,N,N,N,,N,N,,,,,N,,,0,,,Y,,,,,,8170,1,1,N,N,N,0,N,N,N,0,0,0,100,N,90,29859,0,20241129,122545,825615834098,,,0,,N,N,Y,0,0,0,0,0.0,,10011,,N,N,N
415760,KR7415760008,SOL 차이나육성산업액티브(합성),EF,,0,0,0,N,N,,0,N,N,N,2.0,N,N,,,,,N,,,0,,,Y,,,,,,8020,1,1,N,N,N,0,N,N,N,0,0,0,100,N,90,9642,0,20220113,1020,0,12.0,,0,,N,N,N,0,0,0,0,0.0,,81,,N,N,N
415920,KR7415920008,PLUS 글로벌희토류&전략자원생산기업,EF,,0,0,0,N,N,,0,N,N,N,2.0,N,N,,,,,N,,,0,,,Y,,,,,,5015,1,1,N,N,N,0,N,N,N,0,0,0,100,N,90,80827,0,20220118,1750,0,12.0,,0,,N,N,N,0,0,0,0,0.0,,87,,N,N,N
416090,KR7416090009,ACE 중국과창판STAR50,EF,,0,0,0,N,N,,0,N,N,N,2.0,N,N,,,,,N,,,0,,,Y,,,,,,7770,1,1,N,N,N,0,N,N,N,0,0,0,100,N,90,1769,0,20220113,900,0,12.0,,0,,N,N,N,0,0,0,0,0.0,,69,,N,N,N
417310,KR7417310000,코람코더원리츠,RT,3.0,28,0,0,,N,,0,N,N,N,,N,N,,,,,N,,,0,,,Y,,,,,,5290,1,1,N,N,N,0,N,N,N,0,0,0,60,Y,90,59968,500,20220328,40400,20200000000,,,0,,N,N,Y,0,0,0,0,0.0,,2137,,N,N,N
417450,KR7417450004,RISE 글로벌수소경제,EF,,0,0,0,N,N,,0,N,N,N,2.0,N,N,,,,,N,,,0,,,Y,,,,,,8255,1,1,N,N,N,0,N,N,N,0,0,0,100,N,90,5511,0,20220215,1650,0,12.0,,0,,N,N,N,0,0,0,0,0.0,,136,,N,N,N
417630,KR7417630001,TIGER KEDI혁신기업ESG30,EF,,0,0,0,N,N,,0,N,N,N,2.0,N,N,,,,,N,,,0,,,Y,,,,,,11885,1,1,N,N,N,0,N,N,N,0,0,0,100,N,90,6884,0,20220208,1300,0,12.0,,0,,N,N,N,0,0,0,0,0.0,,154,,N,N,N
418660,KR7418660007,TIGER 미국나스닥100레버리지(합성),EF,,0,0,0,N,N,,0,N,N,N,2.0,N,N,,,,,N,,,0,,,N,,,,,,27500,1,1,N,N,N,0,N,N,N,0,0,0,100,N,90,69864,0,20220222,6950,0,12.0,,0,,N,N,N,0,0,0,0,0.0,,1911,,N,N,N
418670,KR7418670006,TIGER 글로벌AI사이버보안,EF,,0,0,0,N,N,,0,N,N,N,2.0,N,N,,,,,N,,,0,,,Y,,,,,,14450,1,1,N,N,N,0,N,N,N,0,0,0,30,Y,90,19109,0,20220222,2000,0,12.0,,0,,N,N,N,0,0,0,0,0.0,,289,,N,N,N
419420,KR7419420005,KODEX 미국클린에너지나스닥,EF,,0,0,0,N,N,,0,N,N,N,2.0,N,N,,,,,N,,,0,,,Y,,,,,,6290,1,1,N,N,N,0,N,N,N,0,0,0,100,N,90,4712,0,20220322,1500,0,12.0,,0,,N,N,N,0,0,0,0,0.0,,94,,N,N,N
419430,KR7419430004,KODEX 차이나2차전지MSCI(합성),EF,,0,0,0,N,N,,0,N,N,N,2.0,N,N,,,,,N,,,0,,,Y,,,,,,7100,1,1,N,N,N,0,N,N,N,0,0,0,60,Y,90,5230,0,20220322,3500,0,12.0,,0,,N,N,N,0,0,0,0,0.0,,248,,N,N,N
419650,KR7419650007,PLUS 글로벌수소&차세대연료전지,EF,,0,0,0,N,N,,0,N,N,N,2.0,N,N,,,,,N,,,0,,,Y,,,,,,3495,1,1,N,N,N,0,N,N,N,0,0,0,100,N,90,36551,0,20220215,3600,0,12.0,,0,,N,N,N,0,0,0,0,0.0,,125,,N,N,N
419890,KR7419890009,KIWOOM 단기채권ESG액티브,EF,,0,0,0,N,N,,0,N,N,N,2.0,N,N,,,,,N,,,0,,,Y,,,,,,108810,1,1,N,N,N,0,N,N,N,0,0,0,60,Y,90,48,0,20220303,960,0,12.0,,0,,N,N,N,0,0,0,0,0.0,,1044,,N,N,N
421320,KR7421320003,PLUS 우주항공&UAM,EF,,0,0,0,N,N,,0,N,N,N,2.0,N,N,,,,,N,,,0,,,Y,,,,,,23775,1,1,N,N,N,0,N,N,N,0,0,0,30,Y,90,15848,0,20220329,2100,0,12.0,,0,,N,N,N,0,0,0,0,0.0,,499,,N,N,N
422260,KR7422260000,VITA MZ소비액티브,EF,,0,0,0,N,N,,0,N,N,N,2.0,N,N,,,,,N,,,0,,,Y,,,,,,10900,1,1,N,N,N,0,N,N,N,0,0,0,100,N,90,1062,0,20220329,1500,0,12.0,,0,,N,N,N,0,0,0,0,0.0,,163,,N,N,N
422420,KR7422420000,RISE 2차전지액티브,EF,,0,0,0,N,N,,0,N,N,N,2.0,N,N,,,,,N,,,0,,,Y,,,,,,6155,1,1,N,N,N,0,N,N,N,0,0,0,60,Y,90,554667,0,20220408,27360,0,12.0,,0,,N,N,N,0,0,0,0,0.0,,1684,,N,N,N
423160,KR7423160001,KODEX KOFR금리액티브(합성),EF,,0,0,0,N,N,,0,N,N,N,2.0,N,N,,,,,N,,,0,,,Y,,,,,,110700,1,1,N,N,N,0,N,N,N,0,0,0,60,Y,90,392759,0,20220426,35786,0,12.0,,0,,N,N,N,0,0,0,0,0.0,,39615,,N,N,N
423170,KR7423170000,SOL 한국형글로벌반도체액티브,EF,,0,0,0,N,N,,0,N,N,N,2.0,N,N,,,,,N,,,0,,,Y,,,,,,21090,1,1,N,N,N,0,N,N,N,0,0,0,60,Y,90,39202,0,20220412,2480,0,12.0,,0,,N,N,N,0,0,0,0,0.0,,523,,N,N,N
423920,KR7423920008,TIGER 미국필라델피아반도체레버리지(합성),EF,,0,0,0,N,N,,0,N,N,N,2.0,N,N,,,,,N,,,0,,,N,,,,,,23800,1,1,N,N,N,0,N,N,N,0,0,0,100,N,90,117397,0,20220419,9460,0,12.0,,0,,N,N,N,0,0,0,0,0.0,,2251,,N,N,N
424460,KR7424460004,HANARO 글로벌워터MSCI(합성),EF,,0,0,0,N,N,,0,N,N,N,2.0,N,N,,,,,N,,,0,,,Y,,,,,,15125,1,1,N,N,N,0,N,N,N,0,0,0,100,N,90,207,0,20220419,600,0,12.0,,0,,N,N,N,0,0,0,0,0.0,,90,,N,N,N
426020,KR7426020004,TIMEFOLIO 미국S&P500액티브,EF,,0,0,0,N,N,,0,N,N,N,2.0,N,N,,,,,N,,,0,,,Y,,,,,,24025,1,1,N,N,N,0,N,N,N,0,0,0,60,Y,90,18637,0,20220511,2220,0,12.0,,0,,N,N,N,0,0,0,0,0.0,,533,,N,N,N
426030,KR7426030003,TIMEFOLIO 미국나스닥100액티브,EF,,0,0,0,N,N,,0,N,N,N,2.0,N,N,,,,,N,,,0,,,Y,,,,,,31660,1,1,N,N,N,0,N,N,N,0,0,0,60,Y,90,408828,0,20220511,14000,0,12.0,,0,,N,N,N,0,0,0,0,0.0,,4432,,N,N,N
426150,KR7426150009,WON 대한민국국고채액티브,EF,,0,0,0,N,N,,0,N,N,N,2.0,N,N,,,,,N,,,0,,,Y,,,,,,58925,1,1,N,N,N,0,N,N,N,0,0,0,60,Y,90,70,0,20220511,1006,0,12.0,,0,,N,N,N,0,0,0,0,0.0,,592,,N,N,N
426330,KR7426330007,KIWOOM 미국ETF산업STOXX,EF,,0,0,0,N,N,,0,N,N,N,2.0,N,N,,,,,N,,,0,,,Y,,,,,,15790,1,1,N,N,N,0,N,N,N,0,0,0,100,N,90,1178,0,20220426,200,0,12.0,,0,,N,N,N,0,0,0,0,0.0,,31,,N,N,N
427120,KR7427120001,RISE 플랫폼테마,EF,,0,0,0,N,N,,0,N,N,N,2.0,N,N,,,,,N,,,0,,,Y,,,,,,8335,1,1,N,N,N,0,N,N,N,0,0,0,100,N,90,584494,0,20220517,5600,0,12.0,,0,,N,N,N,0,0,0,0,0.0,,466,,N,N,N
428510,KR7428510002,KODEX 차이나AI테크액티브,EF,,0,0,0,N,N,,0,N,N,N,2.0,N,N,,,,,N,,,0,,,Y,,,,,,13105,1,1,N,N,N,0,N,N,N,0,0,0,100,N,90,5013,0,20220517,1550,0,12.0,,0,,N,N,N,0,0,0,0,0.0,,203,,N,N,N
428560,KR7428560007,KODEX 미국ETF산업Top10 Indxx,EF,,0,0,0,N,N,,0,N,N,N,2.0,N,N,,,,,N,,,0,,,Y,,,,,,17880,1,1,N,N,N,0,N,N,N,0,0,0,100,N,90,6113,0,20220517,850,0,12.0,,0,,N,N,N,0,0,0,0,0.0,,151,,N,N,N
429000,KR7429000003,TIGER 미국S&P500배당귀족,EF,,0,0,0,N,N,,0,N,N,N,2.0,N,N,,,,,N,,,0,,,Y,,,,,,12050,1,1,N,N,N,0,N,N,N,0,0,0,30,Y,90,31759,0,20220517,9300,0,12.0,,0,,N,N,N,0,0,0,0,0.0,,1120,,N,N,N
429010,KR7429010002,TIGER 미국나스닥넥스트100,EF,,0,0,0,N,N,,0,N,N,N,2.0,N,N,,,,,N,,,0,,,Y,,,,,,14750,1,1,N,N,N,0,N,N,N,0,0,0,100,N,90,9,0,20220517,500,0,12.0,,0,,N,N,N,0,0,0,0,0.0,,73,,N,N,N
429740,KR7429740004,PLUS K리츠,EF,,0,0,0,N,N,,0,N,N,N,2.0,N,N,,,,,N,,,0,,,Y,,,,,,6720,1,1,N,N,N,0,N,N,N,0,0,0,100,N,90,15476,0,20220524,1500,0,12.0,,0,,N,N,N,0,0,0,0,0.0,,100,,N,N,N
429760,KR7429760002,PLUS 미국S&P500,EF,,0,0,0,N,N,,0,N,N,N,2.0,N,N,,,,,N,,,0,,,Y,,,,,,16195,1,1,N,N,N,0,N,N,N,0,0,0,100,N,90,5283,0,20220531,1300,0,12.0,,0,,N,N,N,0,0,0,0,0.0,,210,,N,N,N
429980,KR7429980006,SOL 한국형글로벌전기차&2차전지액티브,EF,,0,0,0,N,N,,0,N,N,N,2.0,N,N,,,,,N,,,0,,,Y,,,,,,12255,1,1,N,N,N,0,N,N,N,0,0,0,100,N,90,1234,0,20220614,500,0,12.0,,0,,N,N,N,0,0,0,0,0.0,,61,,N,N,N
430500,KR7430500009,KIWOOM 물가채KIS,EF,,0,0,0,N,N,,0,N,N,N,2.0,N,N,,,,,N,,,0,,,Y,,,,,,117570,1,1,N,N,N,0,N,N,N,0,0,0,100,N,90,130,0,20220531,100,0,12.0,,0,,N,N,N,0,0,0,0,0.0,,117,,N,N,N
432320,KR7432320000,KB스타리츠,RT,3.0,28,0,0,,N,,0,N,N,N,,N,N,,,,,N,,,0,,,Y,,,,,,3825,1,1,N,N,N,0,N,N,N,0,0,0,60,Y,90,31022,500,20221006,101414,50707142500,,,0,,N,N,Y,0,0,0,0,0.0,,3879,,N,N,N
432600,KR7432600005,RISE 국채선물3년,EF,,0,0,0,N,N,,0,N,N,N,2.0,N,N,,,,,N,,,0,,,N,,,,,,55775,1,1,N,N,N,0,N,N,N,0,0,0,100,N,90,4,0,20220614,102,0,12.0,,0,,N,N,N,0,0,0,0,0.0,,56,,N,N,N
432840,KR7432840007,HANARO 미국S&P500,EF,,0,0,0,N,N,,0,N,N,N,2.0,N,N,,,,,N,,,0,,,Y,,,,,,16410,1,1,N,N,N,0,N,N,N,0,0,0,100,N,90,1045,0,20220608,700,0,12.0,,0,,N,N,N,0,0,0,0,0.0,,114,,N,N,N
433220,KR7433220001,에셋플러스 글로벌대장장이액티브,EF,,0,0,0,N,N,,0,N,N,N,2.0,N,N,,,,,N,,,0,,,Y,,,,,,21090,1,1,N,N,N,0,N,N,N,0,0,0,100,N,90,247,0,20220628,620,0,12.0,,0,,N,N,N,0,0,0,0,0.0,,130,,N,N,N
433250,KR7433250008,UNICORN R&D 액티브,EF,,0,0,0,N,N,,0,N,N,N,2.0,N,N,,,,,N,,,0,,,Y,,,,,,14030,1,1,N,N,N,0,N,N,N,0,0,0,100,N,90,4,0,20220706,400,0,12.0,,0,,N,N,N,0,0,0,0,0.0,,56,,N,N,N
433330,KR7433330008,SOL 미국S&P500,EF,,0,0,0,N,N,,0,N,N,N,2.0,N,N,,,,,N,,,0,,,Y,,,,,,18240,1,1,N,N,N,0,N,N,N,0,0,0,30,Y,90,29810,0,20220621,8400,0,12.0,,0,,N,N,N,0,0,0,0,0.0,,1532,,N,N,N
433500,KR7433500006,ACE 원자력테마딥서치,EF,,0,0,0,N,N,,0,N,N,N,2.0,N,N,,,,,N,,,0,,,Y,,,,,,33695,1,1,N,N,N,0,N,N,N,0,0,0,30,Y,90,60115,0,20220628,1900,0,12.0,,0,,N,N,N,0,0,0,0,0.0,,640,,N,N,N
433860,KR7433860004,PLUS TDF2040액티브,EF,,0,0,0,N,N,,0,N,N,N,2.0,N,N,,,,,N,,,0,,,Y,,,,,,13285,1,1,N,N,Y,0,N,N,N,0,0,0,100,N,90,1134,0,20220630,210,0,12.0,,0,,N,N,N,0,0,0,0,0.0,,27,,N,N,N
433870,KR7433870003,PLUS TDF2050액티브,EF,,0,0,0,N,N,,0,N,N,N,2.0,N,N,,,,,N,,,0,,,Y,,,,,,14790,1,1,N,N,N,0,N,N,N,0,0,0,100,N,90,1699,0,20220630,200,0,12.0,,0,,N,N,N,0,0,0,0,0.0,,29,,N,N,N
433880,KR7433880002,PLUS TDF2060액티브,EF,,0,0,0,N,N,,0,N,N,N,2.0,N,N,,,,,N,,,0,,,Y,,,,,,15740,1,1,N,N,N,0,N,N,N,0,0,0,100,N,90,4234,0,20220630,1000,0,12.0,,0,,N,N,N,0,0,0,0,0.0,,157,,N,N,N
433970,KR7433970001,KODEX TDF2030액티브,EF,,0,0,0,N,N,,0,N,N,N,2.0,N,N,,,,,N,,,0,,,Y,,,,,,13205,1,1,N,N,N,0,N,N,N,0,0,0,60,Y,90,16762,0,20220630,3800,0,12.0,,0,,N,N,N,0,0,0,0,0.0,,501,,N,N,N
433980,KR7433980000,KODEX TDF2040액티브,EF,,0,0,0,N,N,,0,N,N,N,2.0,N,N,,,,,N,,,0,,,Y,,,,,,14195,1,1,N,N,N,0,N,N,N,0,0,0,60,Y,90,22975,0,20220630,3250,0,12.0,,0,,N,N,N,0,0,0,0,0.0,,461,,N,N,N
434060,KR7434060000,KODEX TDF2050액티브,EF,,0,0,0,N,N,,0,N,N,N,2.0,N,N,,,,,N,,,0,,,Y,,,,,,14915,1,1,N,N,N,0,N,N,N,0,0,0,60,Y,90,104973,0,20220630,17000,0,12.0,,0,,N,N,N,0,0,0,0,0.0,,2535,,N,N,N
434730,KR7434730008,HANARO 원자력iSelect,EF,,0,0,0,N,N,,0,N,N,N,2.0,N,N,,,,,N,,,0,,,Y,,,,,,38680,1,1,N,N,N,0,N,N,N,0,0,0,30,Y,90,1007510,0,20220628,10050,0,12.0,,0,,N,N,N,0,0,0,0,0.0,,3887,,N,N,N
434960,KR7434960001,DAISHIN343 K200,EF,,0,0,0,N,N,,0,N,N,N,2.0,N,N,,,,,N,,,0,,,Y,,,,,,43965,1,1,N,N,N,0,N,N,N,0,0,0,30,Y,90,4747,0,20220628,900,0,12.0,,0,,N,N,N,0,0,0,0,0.0,,395,,N,N,N
435040,KR7435040001,ACE 글로벌브랜드TOP10블룸버그,EF,,0,0,0,N,N,,0,N,N,N,2.0,N,N,,,,,N,,,0,,,Y,,,,,,17485,1,1,N,N,N,0,N,N,N,0,0,0,100,N,90,201,0,20220628,700,0,12.0,,0,,N,N,N,0,0,0,0,0.0,,122,,N,N,N
435420,KR7435420005,TIGER 미국나스닥100채권혼합Fn,EF,,0,0,0,N,N,,0,N,N,N,2.0,N,N,,,,,N,,,0,,,Y,,,,,,13245,1,1,N,N,N,0,N,N,N,0,0,0,30,Y,90,80031,0,20220706,16050,0,12.0,,0,,N,N,N,0,0,0,0,0.0,,2125,,N,N,N
435530,KR7435530001,KIWOOM TDF2030액티브,EF,,0,0,0,N,N,,0,N,N,N,2.0,N,N,,,,,N,,,0,,,Y,,,,,,13400,1,1,N,N,N,0,N,N,N,0,0,0,100,N,90,16,0,20220630,500,0,12.0,,0,,N,N,N,0,0,0,0,0.0,,67,,N,N,N
435540,KR7435540000,KIWOOM TDF2040액티브,EF,,0,0,0,N,N,,0,N,N,N,2.0,N,N,,,,,N,,,0,,,Y,,,,,,14500,1,1,N,N,N,0,N,N,N,0,0,0,100,N,90,402,0,20220630,500,0,12.0,,0,,N,N,N,0,0,0,0,0.0,,72,,N,N,N
435550,KR7435550009,KIWOOM TDF2050액티브,EF,,0,0,0,N,N,,0,N,N,N,2.0,N,N,,,,,N,,,0,,,Y,,,,,,14655,1,1,N,N,N,0,N,N,N,0,0,0,100,N,90,1149,0,20220630,500,0,12.0,,0,,N,N,N,0,0,0,0,0.0,,73,,N,N,N
436140,KR7436140008,SOL 종합채권(AA-이상)액티브,EF,,0,0,0,N,N,,0,N,N,N,2.0,N,N,,,,,N,,,0,,,Y,,,,,,115720,1,1,N,N,N,0,N,N,N,0,0,0,60,Y,90,50,0,20220809,8345,0,12.0,,0,,N,N,N,0,0,0,0,0.0,,9656,,N,N,N
437070,KR7437070006,KODEX 아시아달러채권ESG플러스액티브,EF,,0,0,0,N,N,,0,N,N,N,2.0,N,N,,,,,N,,,0,,,Y,,,,,,60700,1,1,N,N,N,0,N,N,N,0,0,0,60,Y,90,522,0,20220809,1032,0,12.0,,0,,N,N,N,0,0,0,0,0.0,,626,,N,N,N
437080,KR7437080005,KODEX 미국종합채권ESG액티브(H),EF,,0,0,0,N,N,,0,N,N,N,2.0,N,N,,,,,N,,,0,,,Y,,,,,,101700,1,1,N,N,N,0,N,N,N,0,0,0,60,Y,90,22141,0,20220809,2921,0,12.0,,0,,N,N,N,0,0,0,0,0.0,,2970,,N,N,N
437350,KR7437350002,RISE 미국단기투자등급회사채액티브,EF,,0,0,0,N,N,,0,N,N,N,2.0,N,N,,,,,N,,,0,,,Y,,,,,,12080,1,1,N,N,N,0,N,N,N,0,0,0,60,Y,90,6824,0,20220729,2050,0,12.0,,0,,N,N,N,0,0,0,0,0.0,,247,,N,N,N
437370,KR7437370000,RISE 글로벌농업경제,EF,,0,0,0,N,N,,0,N,N,N,2.0,N,N,,,,,N,,,0,,,Y,,,,,,9240,1,1,N,N,N,0,N,N,N,0,0,0,100,N,90,5803,0,20220729,600,0,12.0,,0,,N,N,N,0,0,0,0,0.0,,55,,N,N,N
438080,KR7438080004,ACE 미국S&P500채권혼합액티브,EF,,0,0,0,N,N,,0,N,N,N,2.0,N,N,,,,,N,,,0,,,Y,,,,,,13000,1,1,N,N,N,0,N,N,N,0,0,0,30,Y,90,262799,0,20220826,29800,0,12.0,,0,,N,N,N,0,0,0,0,0.0,,3874,,N,N,N
438100,KR7438100000,ACE 미국나스닥100채권혼합액티브,EF,,0,0,0,N,N,,0,N,N,N,2.0,N,N,,,,,N,,,0,,,Y,,,,,,13650,1,1,N,N,N,0,N,N,N,0,0,0,60,Y,90,198615,0,20220826,17100,0,12.0,,0,,N,N,N,0,0,0,0,0.0,,2334,,N,N,N
438320,KR7438320004,TIGER 차이나항셍테크레버리지(합성 H),EF,,0,0,0,N,N,,0,N,N,N,2.0,N,N,,,,,N,,,0,,,N,,,,,,8925,1,1,N,N,N,0,N,N,N,0,0,0,100,N,90,46467,0,20220823,3870,0,12.0,,0,,N,N,N,0,0,0,0,0.0,,345,,N,N,N
438330,KR7438330003,TIGER 우량회사채액티브,EF,,0,0,0,N,N,,0,N,N,N,2.0,N,N,,,,,N,,,0,,,Y,,,,,,117740,1,1,N,N,N,0,N,N,N,0,0,0,60,Y,90,34128,0,20220823,4650,0,12.0,,0,,N,N,N,0,0,0,0,0.0,,5474,,N,N,N
438560,KR7438560005,SOL 국고채3년,EF,,0,0,0,N,N,,0,N,N,N,2.0,N,N,,,,,N,,,0,,,Y,,,,,,103590,1,1,N,N,N,0,N,N,N,0,0,0,100,N,90,106,0,20220906,206,0,12.0,,0,,N,N,N,0,0,0,0,0.0,,213,,N,N,N
438570,KR7438570004,SOL 국고채10년,EF,,0,0,0,N,N,,0,N,N,N,2.0,N,N,,,,,N,,,0,,,Y,,,,,,110005,1,1,N,N,N,0,N,N,N,0,0,0,30,Y,90,49,0,20220906,1196,0,12.0,,0,,N,N,N,0,0,0,0,0.0,,1315,,N,N,N
438740,KR7438740003,마이다스 중소형액티브,EF,,0,0,0,N,N,,0,N,N,N,2.0,N,N,,,,,N,,,0,,,Y,,,,,,28820,1,1,N,N,N,0,N,N,N,0,0,0,100,N,90,12,0,20220817,300,0,12.0,,0,,N,N,N,0,0,0,0,0.0,,86,,N,N,N
438900,KR7438900003,HANARO Fn K-푸드,EF,,0,0,0,N,N,,0,N,N,N,2.0,N,N,,,,,N,,,0,,,Y,,,,,,12640,1,1,N,N,N,0,N,N,N,0,0,0,100,N,90,57101,0,20220817,1600,0,12.0,,0,,N,N,N,0,0,0,0,0.0,,202,,N,N,N
439260,KR7439260001,대한조선,ST,0.0,27,15,0,,N,,0,N,N,N,,N,N,,,,,N,,,0,,,N,,,,,,108700,1,1,N,N,N,0,N,N,N,0,0,0,100,N,90,2592543,5000,20250801,38526,192631560000,12.0,,0,,N,N,Y,3077,697,725,606,50.08,20250331.0,41878,,N,N,N
439860,KR7439860008,KODEX ESG종합채권(A-이상)액티브,EF,,0,0,0,N,N,,0,N,N,N,2.0,N,N,,,,,N,,,0,,,Y,,,,,,116190,1,1,N,N,N,0,N,N,N,0,0,0,60,Y,90,8732,0,20220823,2511,0,12.0,,0,,N,N,N,0,0,0,0,0.0,,2917,,N,N,N
439870,KR7439870007,KODEX 국고채30년액티브,EF,,0,0,0,N,N,,0,N,N,N,2.0,N,N,,,,,N,,,0,,,Y,,,,,,122400,1,1,N,N,N,0,N,N,N,0,0,0,60,Y,90,9231,0,20220823,5151,0,12.0,,0,,N,N,N,0,0,0,0,0.0,,6304,,N,N,N
440340,KR7440340008,TIGER 글로벌멀티에셋TIF액티브,EF,,0,0,0,N,N,,0,N,N,N,2.0,N,N,,,,,N,,,0,,,Y,,,,,,11175,1,1,N,N,N,0,N,N,N,0,0,0,100,N,90,1301,0,20220830,1400,0,12.0,,0,,N,N,N,0,0,0,0,0.0,,156,,N,N,N
440640,KR7440640001,ACE 단기채권알파액티브,EF,,0,0,0,N,N,,0,N,N,N,2.0,N,N,,,,,N,,,0,,,Y,,,,,,111110,1,1,N,N,N,0,N,N,N,0,0,0,60,Y,90,1810,0,20220823,678,0,12.0,,0,,N,N,N,0,0,0,0,0.0,,753,,N,N,N
440650,KR7440650000,ACE 미국달러단기채권액티브,EF,,0,0,0,N,N,,0,N,N,N,2.0,N,N,,,,,N,,,0,,,Y,,,,,,11550,1,1,N,N,N,0,N,N,N,0,0,0,100,N,90,32556,0,20220823,1600,0,12.0,,0,,N,N,N,0,0,0,0,0.0,,184,,N,N,N
440910,KR7440910008,WON 미국우주항공방산,EF,,0,0,0,N,N,,0,N,N,N,2.0,N,N,,,,,N,,,0,,,Y,,,,,,20720,1,1,N,N,N,0,N,N,N,0,0,0,30,Y,90,16166,0,20220826,1400,0,12.0,,0,,N,N,N,0,0,0,0,0.0,,290,,N,N,N
441330,KR7441330008,KIWOOM 차이나A50커넥트MSCI,EF,,0,0,0,N,N,,0,N,N,N,2.0,N,N,,,,,N,,,0,,,Y,,,,,,9990,1,1,N,N,N,0,N,N,N,0,0,0,100,N,90,600,0,20220920,650,0,12.0,,0,,N,N,N,0,0,0,0,0.0,,64,,N,N,N
441540,KR7441540002,HANARO Fn조선해운,EF,,0,0,0,N,N,,0,N,N,N,2.0,N,N,,,,,N,,,0,,,Y,,,,,,27865,1,1,N,N,N,0,N,N,N,0,0,0,30,Y,90,160083,0,20220915,4050,0,12.0,,0,,N,N,N,0,0,0,0,0.0,,1128,,N,N,N
441640,KR7441640000,KODEX 미국배당커버드콜액티브,EF,,0,0,0,N,N,,0,N,N,N,2.0,N,N,,,,,N,,,0,,,Y,,,,,,11760,1,1,N,N,N,0,N,N,N,0,0,0,60,Y,90,517717,0,20220927,43650,0,12.0,,0,,N,N,N,0,0,0,0,0.0,,5133,,N,N,N
441680,KR7441680006,TIGER 미국나스닥100커버드콜(합성),EF,,0,0,0,N,N,,0,N,N,N,2.0,N,N,,,,,N,,,0,,,Y,,,,,,9990,1,1,N,N,N,0,N,N,N,0,0,0,60,Y,90,132283,0,20220922,39050,0,12.0,,0,,N,N,N,0,0,0,0,0.0,,3901,,N,N,N
441800,KR7441800000,TIMEFOLIO Korea플러스배당액티브,EF,,0,0,0,N,N,,0,N,N,N,2.0,N,N,,,,,N,,,0,,,Y,,,,,,16175,1,1,N,N,N,0,N,N,N,0,0,0,60,Y,90,123970,0,20220927,9980,0,12.0,,0,,N,N,N,0,0,0,0,0.0,,1614,,N,N,N
442090,KR7442090007,에셋플러스 코리아대장장이액티브,EF,,0,0,0,N,N,,0,N,N,N,2.0,N,N,,,,,N,,,0,,,Y,,,,,,15410,1,1,N,N,N,0,N,N,N,0,0,0,100,N,90,1677,0,20220920,900,0,12.0,,0,,N,N,N,0,0,0,0,0.0,,138,,N,N,N
442260,KR7442260006,마이티 다이나믹퀀트액티브,EF,,0,0,0,N,N,,0,N,N,N,2.0,N,N,,,,,N,,,0,,,Y,,,,,,15365,1,1,N,N,N,0,N,N,N,0,0,0,100,N,90,44,0,20221025,1680,0,12.0,,0,,N,N,N,0,0,0,0,0.0,,258,,N,N,N
442320,KR7442320008,RISE 글로벌원자력,EF,,0,0,0,N,N,,0,N,N,N,2.0,N,N,,,,,N,,,0,,,Y,,,,,,33135,1,1,N,N,N,0,N,N,N,0,0,0,30,Y,90,335204,0,20221013,8100,0,12.0,,0,,N,N,N,0,0,0,0,0.0,,2683,,N,N,N
442550,KR7442550000,RISE TDF2030액티브,EF,,0,0,0,N,N,,0,N,N,N,2.0,N,N,,,,,N,,,0,,,Y,,,,,,13175,1,1,N,N,N,0,N,N,N,0,0,0,100,N,90,2864,0,20220922,550,0,12.0,,0,,N,N,N,0,0,0,0,0.0,,72,,N,N,N
442560,KR7442560009,RISE TDF2040액티브,EF,,0,0,0,N,N,,0,N,N,N,2.0,N,N,,,,,N,,,0,,,Y,,,,,,13715,1,1,N,N,N,0,N,N,N,0,0,0,100,N,90,5727,0,20220922,700,0,12.0,,0,,N,N,N,0,0,0,0,0.0,,96,,N,N,N
442570,KR7442570008,RISE TDF2050액티브,EF,,0,0,0,N,N,,0,N,N,N,2.0,N,N,,,,,N,,,0,,,Y,,,,,,14060,1,1,N,N,N,0,N,N,N,0,0,0,60,Y,90,40289,0,20220922,2250,0,12.0,,0,,N,N,N,0,0,0,0,0.0,,316,,N,N,N
442580,KR7442580007,PLUS 글로벌HBM반도체,EF,,0,0,0,N,N,,0,N,N,N,2.0,N,N,,,,,N,,,0,,,Y,,,,,,19990,1,1,N,N,N,0,N,N,N,0,0,0,100,N,90,11392,0,20220922,350,0,12.0,,0,,N,N,N,0,0,0,0,0.0,,69,,N,N,N
443060,KR7443060009,HD현대마린솔루션,ST,1.0,26,0,0,,N,,2,Y,N,Y,,N,N,,,,,N,,,0,,,N,,,,,,208500,1,1,N,N,N,0,N,N,N,0,0,0,20,Y,90,91574,500,20240508,44829,22414605000,12.0,,0,,N,Y,Y,4856,830,839,633,34.02,20250331.0,93468,IC5,N,N,N
444200,KR7444200000,SOL 코리아메가테크액티브,EF,,0,0,0,N,N,,0,N,N,N,2.0,N,N,,,,,N,,,0,,,Y,,,,,,23480,1,1,N,N,N,0,N,N,N,0,0,0,100,N,90,148802,0,20221018,4600,0,12.0,,0,,N,N,N,0,0,0,0,0.0,,1080,,N,N,N
444490,KR7444490007,WON 미국S&P500,EF,,0,0,0,N,N,,0,N,N,N,2.0,N,N,,,,,N,,,0,,,Y,,,,,,16605,1,1,N,N,N,0,N,N,N,0,0,0,30,Y,90,21112,0,20221006,2250,0,12.0,,0,,N,N,N,0,0,0,0,0.0,,373,,N,N,N
445150,KR7445150006,KODEX 친환경조선해운액티브,EF,,0,0,0,N,N,,0,N,N,N,2.0,N,N,,,,,N,,,0,,,Y,,,,,,28110,1,1,N,N,N,0,N,N,N,0,0,0,60,Y,90,70238,0,20221115,1950,0,12.0,,0,,N,N,N,0,0,0,0,0.0,,548,,N,N,N
445290,KR7445290000,KODEX 로봇액티브,EF,,0,0,0,N,N,,0,N,N,N,2.0,N,N,,,,,N,,,0,,,Y,,,,,,16650,1,1,N,N,N,0,N,N,N,0,0,0,60,Y,90,111590,0,20221115,9900,0,12.0,,0,,N,N,N,0,0,0,0,0.0,,1648,,N,N,N
445690,KR7445690001,BNK 주주가치액티브,EF,,0,0,0,N,N,,0,N,N,N,2.0,N,N,,,,,N,,,0,,,Y,,,,,,18025,1,1,N,N,N,0,N,N,N,0,0,0,100,N,90,24,0,20221027,1100,0,12.0,,0,,N,N,N,0,0,0,0,0.0,,198,,N,N,N
445910,KR7445910003,TIGER MKF배당귀족,EF,,0,0,0,N,N,,0,N,N,N,2.0,N,N,,,,,N,,,0,,,Y,,,,,,15810,1,1,N,N,N,0,N,N,N,0,0,0,100,N,90,1490,0,20221018,700,0,12.0,,0,,N,N,N,0,0,0,0,0.0,,110,,N,N,N
446070,KR7446070005,유니드비티플러스,ST,3.0,27,7,0,,N,,0,N,N,N,,N,N,,,,,N,,,0,,,N,,,,,,4020,1,1,N,N,N,0,N,N,N,0,0,0,100,N,90,10511,1000,20221128,10611,10611215000,12.0,,0,,N,N,Y,1949,31,82,64,3.31,20241231.0,426,378,N,N,N
446690,KR7446690000,KODEX 아시아AI반도체exChina액티브,EF,,0,0,0,N,N,,0,N,N,N,2.0,N,N,,,,,N,,,0,,,Y,,,,,,18230,1,1,N,N,N,0,N,N,N,0,0,0,100,N,90,622,0,20230201,500,0,12.0,,0,,N,N,N,0,0,0,0,0.0,,91,,N,N,N
446700,KR7446700007,RISE 배터리 리사이클링,EF,,0,0,0,N,N,,0,N,N,N,2.0,N,N,,,,,N,,,0,,,Y,,,,,,9240,1,1,N,N,N,0,N,N,N,0,0,0,100,N,90,35550,0,20221101,1540,0,12.0,,0,,N,N,N,0,0,0,0,0.0,,142,,N,N,N
446720,KR7446720005,SOL 미국배당다우존스,EF,,0,0,0,N,N,,0,N,N,N,2.0,N,N,,,,,N,,,0,,,Y,,,,,,10770,1,1,N,N,N,0,N,N,N,0,0,0,30,Y,90,246093,0,20221115,72400,0,12.0,,0,,N,N,N,0,0,0,0,0.0,,7797,,N,N,N
446770,KR7446770000,ACE 글로벌반도체TOP4 Plus SOLACTIVE,EF,,0,0,0,N,N,,0,N,N,N,2.0,N,N,,,,,N,,,0,,,Y,,,,,,30700,1,1,N,N,N,0,N,N,N,0,0,0,60,Y,90,143870,0,20221115,11150,0,12.0,,0,,N,N,N,0,0,0,0,0.0,,3423,,N,N,N
447430,KR7447430000,ACE 주주환원가치주액티브,EF,,0,0,0,N,N,,0,N,N,N,2.0,N,N,,,,,N,,,0,,,Y,,,,,,15475,1,1,N,N,N,0,N,N,N,0,0,0,60,Y,90,46753,0,20221115,5450,0,12.0,,0,,N,N,N,0,0,0,0,0.0,,843,,N,N,N
447620,KR7447620006,SOL 미국TOP5채권혼합40 Solactive,EF,,0,0,0,N,N,,0,N,N,N,2.0,N,N,,,,,N,,,0,,,Y,,,,,,13945,1,1,N,N,N,0,N,N,N,0,0,0,60,Y,90,53491,0,20221129,4500,0,12.0,,0,,N,N,N,0,0,0,0,0.0,,627,,N,N,N
447660,KR7447660002,PLUS 애플채권혼합,EF,,0,0,0,N,N,,0,N,N,N,2.0,N,N,,,,,N,,,0,,,Y,,,,,,12315,1,1,N,N,N,0,N,N,N,0,0,0,100,N,90,35133,0,20221129,1650,0,12.0,,0,,N,N,N,0,0,0,0,0.0,,203,,N,N,N
447770,KR7447770009,TIGER 테슬라채권혼합Fn,EF,,0,0,0,N,N,,0,N,N,N,2.0,N,N,,,,,N,,,0,,,Y,,,,,,13640,1,1,N,N,N,0,N,N,N,0,0,0,30,Y,90,345822,0,20221129,35600,0,12.0,,0,,N,N,N,0,0,0,0,0.0,,4855,,N,N,N
448100,KR7448100008,WON 200,EF,,0,0,0,N,N,,0,N,N,N,2.0,N,N,,,,,N,,,0,,,Y,,,,,,45065,1,1,N,N,N,0,N,N,N,0,0,0,100,N,90,910,0,20221216,925,0,12.0,,0,,N,N,N,0,0,0,0,0.0,,416,,N,N,N
448290,KR7448290007,TIGER 미국S&P500(H),EF,,0,0,0,N,N,,0,N,N,N,2.0,N,N,,,,,N,,,0,,,Y,,,,,,15055,1,1,N,N,N,0,N,N,N,0,0,0,30,Y,90,124794,0,20221125,29150,0,12.0,,0,,N,N,N,0,0,0,0,0.0,,4388,,N,N,N
448300,KR7448300004,TIGER 미국나스닥100(H),EF,,0,0,0,N,N,,0,N,N,N,2.0,N,N,,,,,N,,,0,,,Y,,,,,,18635,1,1,N,N,N,0,N,N,N,0,0,0,30,Y,90,265980,0,20221125,14200,0,12.0,,0,,N,N,N,0,0,0,0,0.0,,2646,,N,N,N
448330,KR7448330001,KODEX 삼성전자채권혼합,EF,,0,0,0,N,N,,0,N,N,N,2.0,N,N,,,,,N,,,0,,,Y,,,,,,11465,1,1,N,N,N,0,N,N,N,0,0,0,30,Y,90,497575,0,20221129,9900,0,12.0,,0,,N,N,N,0,0,0,0,0.0,,1135,,N,N,N
448490,KR7448490003,HANARO 32-10 국고채액티브,EF,,0,0,0,N,N,,0,N,N,N,2.0,N,N,,,,,N,,,0,,,Y,,,,,,58190,1,1,N,N,N,0,N,N,N,0,0,0,60,Y,90,133,0,20221122,614,0,12.0,,0,,N,N,N,0,0,0,0,0.0,,357,,N,N,N
448540,KR7448540005,ACE 엔비디아채권혼합블룸버그,EF,,0,0,0,N,N,,0,N,N,N,2.0,N,N,,,,,N,,,0,,,Y,,,,,,24585,1,1,N,N,N,0,N,N,N,0,0,0,30,Y,90,75437,0,20221129,9100,0,12.0,,0,,N,N,N,0,0,0,0,0.0,,2237,,N,N,N
448570,KR7448570002,FOCUS AI코리아액티브,EF,,0,0,0,N,N,,0,N,N,N,2.0,N,N,,,,,N,,,0,,,Y,,,,,,15800,1,1,N,N,N,0,N,N,N,0,0,0,60,Y,90,190,0,20221115,2200,0,12.0,,0,,N,N,N,0,0,0,0,0.0,,347,,N,N,N
448600,KR7448600007,RISE 25-11 회사채(AA-이상)액티브,EF,,0,0,0,N,N,,0,N,N,N,2.0,N,N,,,,,N,,,0,,,Y,,,,,,52525,1,1,N,N,N,0,N,N,N,0,0,0,60,Y,90,11464,0,20221122,2462,0,12.0,,0,,N,N,N,0,0,0,0,0.0,,1293,,N,N,N
448630,KR7448630004,RISE 삼성그룹Top3채권혼합,EF,,0,0,0,N,N,,0,N,N,N,2.0,N,N,,,,,N,,,0,,,Y,,,,,,10310,1,1,N,N,N,0,N,N,N,0,0,0,100,N,90,23389,0,20221129,1600,0,12.0,,0,,N,N,N,0,0,0,0,0.0,,164,,N,N,N
448730,KR7448730002,삼성FN리츠,RT,3.0,28,0,0,,N,,0,N,N,N,,N,N,,,,,N,,,0,,,Y,,,,,,4295,1,1,N,N,N,0,N,N,N,0,0,0,60,Y,90,54682,500,20230410,91050,45525000000,,,0,,N,N,Y,0,0,0,0,0.0,,3910,511,N,N,N
449170,KR7449170000,TIGER KOFR금리액티브(합성),EF,,0,0,0,N,N,,0,N,N,N,2.0,N,N,,,,,N,,,0,,,Y,,,,,,109420,1,1,N,N,N,0,N,N,N,0,0,0,60,Y,90,258526,0,20221130,26112,0,12.0,,0,,N,N,N,0,0,0,0,0.0,,28571,,N,N,N
449180,KR7449180009,KODEX 미국S&P500(H),EF,,0,0,0,N,N,,0,N,N,N,2.0,N,N,,,,,N,,,0,,,Y,,,,,,14540,1,1,N,N,N,0,N,N,N,0,0,0,30,Y,90,133340,0,20221202,52250,0,12.0,,0,,N,N,N,0,0,0,0,0.0,,7597,,N,N,N
449190,KR7449190008,KODEX 미국나스닥100(H),EF,,0,0,0,N,N,,0,N,N,N,2.0,N,N,,,,,N,,,0,,,Y,,,,,,18075,1,1,N,N,N,0,N,N,N,0,0,0,30,Y,90,167929,0,20221202,27000,0,12.0,,0,,N,N,N,0,0,0,0,0.0,,4880,,N,N,N
449450,KR7449450006,PLUS K방산,EF,,0,0,0,N,N,,0,N,N,N,2.0,N,N,,,,,N,,,0,,,Y,,,,,,54090,1,1,N,N,N,0,N,N,N,0,0,0,30,Y,90,1028640,0,20230105,23150,0,12.0,,0,,N,N,N,0,0,0,0,0.0,,12521,,N,N,N
449580,KR7449580000,RISE 테슬라애플아마존채권혼합,EF,,0,0,0,N,N,,0,N,N,N,2.0,N,N,,,,,N,,,0,,,Y,,,,,,15115,1,1,N,N,N,0,N,N,N,0,0,0,100,N,90,30570,0,20221220,600,0,12.0,,0,,N,N,N,0,0,0,0,0.0,,90,,N,N,N
449680,KR7449680008,TIGER 한중전기차(합성),EF,,0,0,0,N,N,,0,N,N,N,2.0,N,N,,,,,N,,,0,,,Y,,,,,,8390,1,1,N,N,N,0,N,N,N,0,0,0,100,N,90,122,0,20221222,850,0,12.0,,0,,N,N,N,0,0,0,0,0.0,,71,,N,N,N
449690,KR7449690007,TIGER 한중반도체(합성),EF,,0,0,0,N,N,,0,N,N,N,2.0,N,N,,,,,N,,,0,,,Y,,,,,,17150,1,1,N,N,N,0,N,N,N,0,0,0,100,N,90,187,0,20221222,750,0,12.0,,0,,N,N,N,0,0,0,0,0.0,,128,,N,N,N
449770,KR7449770007,KIWOOM 미국S&P500,EF,,0,0,0,N,N,,0,N,N,N,2.0,N,N,,,,,N,,,0,,,Y,,,,,,17515,1,1,N,N,N,0,N,N,N,0,0,0,30,Y,90,1403,0,20221220,3900,0,12.0,,0,,N,N,N,0,0,0,0,0.0,,683,,N,N,N
449780,KR7449780006,KIWOOM 미국S&P500(H),EF,,0,0,0,N,N,,0,N,N,N,2.0,N,N,,,,,N,,,0,,,Y,,,,,,15850,1,1,N,N,N,0,N,N,N,0,0,0,100,N,90,13948,0,20221220,1800,0,12.0,,0,,N,N,N,0,0,0,0,0.0,,285,,N,N,N
450080,KR7450080007,에코프로머티,ST,1.0,27,13,0,,N,,9,Y,N,Y,,Y,Y,,,,,N,,,0,,,N,,,,,,51900,1,1,N,N,N,0,N,N,N,0,0,0,60,Y,90,398412,500,20231117,69932,35594212000,12.0,,0,,N,Y,Y,2998,-647,-633,-427,-5.56,20241231.0,36294,,N,N,Y
450140,KR7450140009,코오롱모빌리티그룹,ST,3.0,16,0,0,,N,,0,N,N,N,,N,N,,,,,N,,,0,,,N,,,,,,3325,1,1,N,N,N,0,N,N,N,0,0,0,100,N,90,8157902,500,20230131,62777,31388625000,12.0,,0,,N,N,Y,5463,68,50,25,4.05,20250331.0,2087,KOL,N,N,N
45014K,KR745014K018,코오롱모빌리티그룹우,ST,0.0,16,0,0,,N,,0,N,N,N,,N,N,,,,,N,,,3,,,N,,,,,,4750,1,1,N,N,N,0,N,N,N,0,0,0,100,N,90,47074,500,20230131,2456,1228060000,12.0,,9,,N,N,N,0,0,0,0,0.0,,116,,N,N,N
450180,KR7450180005,KODEX 한중전기차(합성),EF,,0,0,0,N,N,,0,N,N,N,2.0,N,N,,,,,N,,,0,,,Y,,,,,,8720,1,1,N,N,N,0,N,N,N,0,0,0,100,N,90,15,0,20221222,650,0,12.0,,0,,N,N,N,0,0,0,0,0.0,,56,,N,N,N
450190,KR7450190004,KODEX 한중반도체(합성),EF,,0,0,0,N,N,,0,N,N,N,2.0,N,N,,,,,N,,,0,,,Y,,,,,,17230,1,1,N,N,N,0,N,N,N,0,0,0,100,N,90,1,0,20221222,600,0,12.0,,0,,N,N,N,0,0,0,0,0.0,,103,,N,N,N
450910,KR7450910005,SOL 코스닥150,EF,,0,0,0,N,N,,0,N,N,N,2.0,N,N,,,,,N,,,0,,,Y,,,,,,13110,1,1,N,N,N,0,N,N,N,0,0,0,30,Y,90,3242,0,20230131,1940,0,12.0,,0,,N,N,N,0,0,0,0,0.0,,254,,N,N,N
451000,KR7451000004,PLUS 종합채권(AA-이상)액티브,EF,,0,0,0,N,N,,0,N,N,N,2.0,N,N,,,,,N,,,0,,,Y,,,,,,116290,1,1,N,N,N,0,N,N,N,0,0,0,60,Y,90,56,0,20230110,4280,0,12.0,,0,,N,N,N,0,0,0,0,0.0,,4977,,N,N,N
451060,KR7451060008,1Q K200액티브,EF,,0,0,0,N,N,,0,N,N,N,2.0,N,N,,,,,N,,,0,,,Y,,,,,,14185,1,1,N,N,N,0,N,N,N,0,0,0,60,Y,90,10676,0,20230131,9450,0,12.0,,0,,N,N,N,0,0,0,0,0.0,,1340,,N,N,N
451150,KR7451150007,에셋플러스 글로벌영에이지액티브,EF,,0,0,0,N,N,,0,N,N,N,2.0,N,N,,,,,N,,,0,,,Y,,,,,,19595,1,1,N,N,N,0,N,N,N,0,0,0,100,N,90,46,0,20230131,620,0,12.0,,0,,N,N,N,0,0,0,0,0.0,,121,,N,N,N
451530,KR7451530000,TIGER 국고채30년스트립액티브,EF,,0,0,0,N,N,,0,N,N,N,2.0,N,N,,,,,N,,,0,,,Y,,,,,,60765,1,1,N,N,N,0,N,N,N,0,0,0,60,Y,90,6862,0,20230201,2396,0,12.0,,0,,N,N,N,0,0,0,0,0.0,,1455,,N,N,N
451540,KR7451540009,TIGER 종합채권(AA-이상)액티브,EF,,0,0,0,N,N,,0,N,N,N,2.0,N,N,,,,,N,,,0,,,Y,,,,,,57165,1,1,N,N,N,0,N,N,N,0,0,0,60,Y,90,10210,0,20230201,17892,0,12.0,,0,,N,N,N,0,0,0,0,0.0,,10227,,N,N,N
451600,KR7451600001,PLUS 국고채30년액티브,EF,,0,0,0,N,N,,0,N,N,N,2.0,N,N,,,,,N,,,0,,,Y,,,,,,117035,1,1,N,N,N,0,N,N,N,0,0,0,100,N,90,13,0,20230207,147,0,12.0,,0,,N,N,N,0,0,0,0,0.0,,172,,N,N,N
451670,KR7451670004,RISE 국채30년레버리지(합성),EF,,0,0,0,N,N,,0,N,N,N,2.0,N,N,,,,,N,,,0,,,N,,,,,,25235,1,1,N,N,N,0,N,N,N,0,0,0,100,N,90,226,0,20230214,500,0,12.0,,0,,N,N,N,0,0,0,0,0.0,,126,,N,N,N
451800,KR7451800007,한화리츠,RT,2.0,28,0,0,,N,,0,N,N,N,,N,N,,,,,N,,,0,,,Y,,,,,,4030,1,1,N,N,N,0,N,N,N,0,0,0,60,Y,90,191129,500,20230327,179600,89800000000,,,0,,N,N,Y,0,0,0,0,0.0,,7237,913,N,N,N
452250,KR7452250004,ACE 미국30년국채선물레버리지(합성 H),EF,,0,0,0,N,N,,0,N,N,N,2.0,N,N,,,,,N,,,0,,,N,,,,,,5540,1,1,N,N,N,0,N,N,N,0,0,0,100,N,90,65724,0,20230207,13850,0,12.0,,0,,N,N,N,0,0,0,0,0.0,,767,,N,N,N
452260,KR7452260003,한화갤러리아,ST,3.0,16,0,0,,N,,0,N,N,N,,N,N,,,,,N,,,0,,,N,,,,,,1146,1,1,N,N,N,0,N,N,N,0,0,0,100,N,90,255093,500,20230331,193859,96929805000,12.0,,0,,N,N,Y,1293,18,-51,-45,-2.22,20250331.0,2221,913,N,N,N
45226K,KR745226K018,한화갤러리아우,ST,0.0,16,0,0,,N,,0,N,N,N,,N,N,,,,,N,,,3,,,N,,,,,,2225,1,1,N,N,N,0,N,N,N,0,0,0,100,N,90,3351,500,20230331,2904,1452235000,12.0,,9,,N,N,N,0,0,0,0,0.0,,64,,N,N,N
452360,KR7452360001,SOL 미국배당다우존스(H),EF,,0,0,0,N,N,,0,N,N,N,2.0,N,N,,,,,N,,,0,,,Y,,,,,,10730,1,1,N,N,N,0,N,N,N,0,0,0,30,Y,90,62583,0,20230321,21400,0,12.0,,0,,N,N,N,0,0,0,0,0.0,,2296,,N,N,N
452440,KR7452440001,VITA 밸류알파액티브,EF,,0,0,0,N,N,,0,N,N,N,2.0,N,N,,,,,N,,,0,,,Y,,,,,,15115,1,1,N,N,N,0,N,N,N,0,0,0,100,N,90,112857,0,20230221,700,0,12.0,,0,,N,N,N,0,0,0,0,0.0,,105,,N,N,N
453010,KR7453010001,PLUS KOFR금리,EF,,0,0,0,N,N,,0,N,N,N,2.0,N,N,,,,,N,,,0,,,Y,,,,,,108095,1,1,N,N,N,0,N,N,N,0,0,0,100,N,90,474,0,20230314,211,0,12.0,,0,,N,N,N,0,0,0,0,0.0,,228,,N,N,N
453060,KR7453060006,HANARO KOFR금리액티브(합성),EF,,0,0,0,N,N,,0,N,N,N,2.0,N,N,,,,,N,,,0,,,Y,,,,,,108390,1,1,N,N,N,0,N,N,N,0,0,0,100,N,90,65,0,20230314,110,0,12.0,,0,,N,N,N,0,0,0,0,0.0,,119,,N,N,N
453080,KR7453080004,KIWOOM 미국나스닥100(H),EF,,0,0,0,N,N,,0,N,N,N,2.0,N,N,,,,,N,,,0,,,Y,,,,,,18690,1,1,N,N,N,0,N,N,N,0,0,0,30,Y,90,95611,0,20230314,3500,0,12.0,,0,,N,N,N,0,0,0,0,0.0,,654,,N,N,N
453330,KR7453330003,RISE 미국S&P500(H),EF,,0,0,0,N,N,,0,N,N,N,2.0,N,N,,,,,N,,,0,,,Y,,,,,,15320,1,1,N,N,N,0,N,N,N,0,0,0,30,Y,90,18892,0,20230321,6200,0,12.0,,0,,N,N,N,0,0,0,0,0.0,,949,,N,N,N
453340,KR7453340002,현대그린푸드,ST,3.0,16,0,0,,N,,0,N,N,N,,N,N,,,,,N,,,0,,,N,,,,,,16940,1,1,N,N,N,0,N,N,N,0,0,0,40,Y,90,73973,500,20230410,33135,16940457000,12.0,,0,,N,N,Y,5706,322,343,264,15.27,20250331.0,5613,Z35,N,N,N
453540,KR7453540007,TIGER 25-10 회사채(A+이상)액티브,EF,,0,0,0,N,N,,0,N,N,N,2.0,N,N,,,,,N,,,0,,,Y,,,,,,55250,1,1,N,N,N,0,N,N,N,0,0,0,60,Y,90,91355,0,20230323,30978,0,12.0,,0,,N,N,N,0,0,0,0,0.0,,17115,,N,N,N
453630,KR7453630006,KODEX 미국S&P500필수소비재,EF,,0,0,0,N,N,,0,N,N,N,2.0,N,N,,,,,N,,,0,,,Y,,,,,,12020,1,1,N,N,N,0,N,N,N,0,0,0,100,N,90,5618,0,20230321,1050,0,12.0,,0,,N,N,N,0,0,0,0,0.0,,126,,N,N,N
453640,KR7453640005,KODEX 미국S&P500헬스케어,EF,,0,0,0,N,N,,0,N,N,N,2.0,N,N,,,,,N,,,0,,,Y,,,,,,10990,1,1,N,N,N,0,N,N,N,0,0,0,30,Y,90,97905,0,20230321,2750,0,12.0,,0,,N,N,N,0,0,0,0,0.0,,302,,N,N,N
453650,KR7453650004,KODEX 미국S&P500금융,EF,,0,0,0,N,N,,0,N,N,N,2.0,N,N,,,,,N,,,0,,,Y,,,,,,17665,1,1,N,N,N,0,N,N,N,0,0,0,30,Y,90,10610,0,20230321,2650,0,12.0,,0,,N,N,N,0,0,0,0,0.0,,468,,N,N,N
453660,KR7453660003,KODEX 미국S&P500경기소비재,EF,,0,0,0,N,N,,0,N,N,N,2.0,N,N,,,,,N,,,0,,,Y,,,,,,16675,1,1,N,N,N,0,N,N,N,0,0,0,100,N,90,226,0,20230321,700,0,12.0,,0,,N,N,N,0,0,0,0,0.0,,116,,N,N,N
453810,KR7453810004,KODEX 인도Nifty50,EF,,0,0,0,N,N,,0,N,N,N,2.0,N,N,,,,,N,,,0,,,Y,,,,,,13075,1,1,N,N,N,0,N,N,N,0,0,0,30,Y,90,381288,0,20230421,32400,0,12.0,,0,,N,N,N,0,0,0,0,0.0,,4236,,N,N,N
453820,KR7453820003,KODEX 인도Nifty50레버리지(합성),EF,,0,0,0,N,N,,0,N,N,N,2.0,N,N,,,,,N,,,0,,,N,,,,,,15430,1,1,N,N,N,0,N,N,N,0,0,0,100,N,90,22725,0,20230421,1500,0,12.0,,0,,N,N,N,0,0,0,0,0.0,,231,,N,N,N
453850,KR7453850000,ACE 미국30년국채액티브(H),EF,,0,0,0,N,N,,0,N,N,N,2.0,N,N,,,,,N,,,0,,,Y,,,,,,7745,1,1,N,N,N,0,N,N,N,0,0,0,60,Y,90,1396717,0,20230314,295900,0,12.0,,0,,N,N,N,0,0,0,0,0.0,,22917,,N,N,N
453870,KR7453870008,TIGER 인도니프티50,EF,,0,0,0,N,N,,0,N,N,N,2.0,N,N,,,,,N,,,0,,,Y,,,,,,12840,1,1,N,N,N,0,N,N,N,0,0,0,30,Y,90,283551,0,20230414,38050,0,12.0,,0,,N,N,N,0,0,0,0,0.0,,4885,,N,N,N
453950,KR7453950008,TIGER TSMC파운드리밸류체인,EF,,0,0,0,N,N,,0,N,N,N,2.0,N,N,,,,,N,,,0,,,Y,,,,,,16980,1,1,N,N,N,0,N,N,N,0,0,0,100,N,90,12323,0,20230404,1250,0,12.0,,0,,N,N,N,0,0,0,0,0.0,,212,,N,N,N
454180,KR7454180001,KIWOOM 차이나내수소비TOP CSI,EF,,0,0,0,N,N,,0,N,N,N,2.0,N,N,,,,,N,,,0,,,Y,,,,,,8795,1,1,N,N,N,0,N,N,N,0,0,0,100,N,90,1954,0,20230404,450,0,12.0,,0,,N,N,N,0,0,0,0,0.0,,39,,N,N,N
454320,KR7454320003,HANARO CAPEX설비투자iSelect,EF,,0,0,0,N,N,,0,N,N,N,2.0,N,N,,,,,N,,,0,,,Y,,,,,,25945,1,1,N,N,N,0,N,N,N,0,0,0,30,Y,90,467833,0,20230418,2400,0,12.0,,0,,N,N,N,0,0,0,0,0.0,,622,,N,N,N
454780,KR7454780008,KIWOOM 종합채권(AA-이상)액티브,EF,,0,0,0,N,N,,0,N,N,N,2.0,N,N,,,,,N,,,0,,,Y,,,,,,109870,1,1,N,N,N,0,N,N,N,0,0,0,60,Y,90,18,0,20230411,4542,0,12.0,,0,,N,N,N,0,0,0,0,0.0,,4990,,N,N,N
454910,KR7454910001,두산로보틱스,ST,1.0,27,12,0,,N,,2,Y,N,Y,,Y,Y,,,,,N,,,0,,,N,,,,,,61900,1,1,N,N,N,0,N,N,N,0,0,0,60,Y,90,193352,500,20231005,64819,32409990000,12.0,,0,,N,Y,Y,53,-121,-94,-94,-9.47,20250331.0,40123,391,N,N,N
455030,KR7455030007,KODEX 미국달러SOFR금리액티브(합성),EF,,0,0,0,N,N,,0,N,N,N,2.0,N,N,,,,,N,,,0,,,Y,,,,,,11885,1,1,N,N,N,0,N,N,N,0,0,0,60,Y,90,56959,0,20230404,39400,0,12.0,,0,,N,N,N,0,0,0,0,0.0,,4682,,N,N,N
455660,KR7455660001,ACE 미국하이일드액티브(H),EF,,0,0,0,N,N,,0,N,N,N,2.0,N,N,,,,,N,,,0,,,Y,,,,,,9920,1,1,N,N,N,0,N,N,N,0,0,0,100,N,90,14732,0,20230418,1500,0,12.0,,0,,N,N,N,0,0,0,0,0.0,,148,,N,N,N
455850,KR7455850008,SOL AI반도체소부장,EF,,0,0,0,N,N,,0,N,N,N,2.0,N,N,,,,,N,,,0,,,Y,,,,,,12320,1,1,N,N,N,0,N,N,N,0,0,0,30,Y,90,290298,0,20230425,27500,0,12.0,,0,,N,N,N,0,0,0,0,0.0,,3388,,N,N,N
455860,KR7455860007,SOL 2차전지소부장Fn,EF,,0,0,0,N,N,,0,N,N,N,2.0,N,N,,,,,N,,,0,,,Y,,,,,,4095,1,1,N,N,N,0,N,N,N,0,0,0,30,Y,90,496153,0,20230425,32150,0,12.0,,0,,N,N,N,0,0,0,0,0.0,,1316,,N,N,N
455890,KR7455890004,RISE 머니마켓액티브,EF,,0,0,0,N,N,,0,N,N,N,2.0,N,N,,,,,N,,,0,,,Y,,,,,,54525,1,1,N,N,N,0,N,N,N,0,0,0,60,Y,90,261882,0,20230509,44114,0,12.0,,0,,N,N,N,0,0,0,0,0.0,,24053,,N,N,N
455960,KR7455960005,RISE 미국달러SOFR금리액티브(합성),EF,,0,0,0,N,N,,0,N,N,N,2.0,N,N,,,,,N,,,0,,,Y,,,,,,11590,1,1,N,N,N,0,N,N,N,0,0,0,60,Y,90,1075,0,20230516,4350,0,12.0,,0,,N,N,N,0,0,0,0,0.0,,504,,N,N,N
456040,KR7456040005,OCI,ST,2.0,27,8,0,,N,,4,N,N,N,,N,N,,,,,N,,,0,,,N,,,,,,58500,1,1,N,N,N,0,N,N,N,0,0,0,60,Y,90,27731,5000,20230530,8952,44762475000,12.0,,0,,N,N,Y,5388,102,-160,-173,-5.3,20250331.0,5237,378,N,N,Y
456200,KR7456200005,PLUS 미국달러SOFR금리액티브(합성),EF,,0,0,0,N,N,,0,N,N,N,2.0,N,N,,,,,N,,,0,,,Y,,,,,,57600,1,1,N,N,N,0,N,N,N,0,0,0,100,N,90,2,0,20230509,110,0,12.0,,0,,N,N,N,0,0,0,0,0.0,,63,,N,N,N
456250,KR7456250000,KODEX 유럽명품TOP10 STOXX,EF,,0,0,0,N,N,,0,N,N,N,2.0,N,N,,,,,N,,,0,,,Y,,,,,,9295,1,1,N,N,N,0,N,N,N,0,0,0,100,N,90,16906,0,20230425,1300,0,12.0,,0,,N,N,N,0,0,0,0,0.0,,120,,N,N,N
456600,KR7456600006,TIMEFOLIO 글로벌AI인공지능액티브,EF,,0,0,0,N,N,,0,N,N,N,2.0,N,N,,,,,N,,,0,,,Y,,,,,,32230,1,1,N,N,N,0,N,N,N,0,0,0,60,Y,90,375378,0,20230516,21780,0,12.0,,0,,N,N,N,0,0,0,0,0.0,,7019,,N,N,N
456610,KR7456610005,TIGER 미국달러SOFR금리액티브(합성),EF,,0,0,0,N,N,,0,N,N,N,2.0,N,N,,,,,N,,,0,,,Y,,,,,,57585,1,1,N,N,N,0,N,N,N,0,0,0,60,Y,90,15170,0,20230509,9322,0,12.0,,0,,N,N,N,0,0,0,0,0.0,,5368,,N,N,N
456680,KR7456680008,TIGER 차이나전기차레버리지(합성),EF,,0,0,0,N,N,,0,N,N,N,2.0,N,N,,,,,N,,,0,,,N,,,,,,5735,1,1,N,N,N,0,N,N,N,0,0,0,100,N,90,20185,0,20230509,7480,0,12.0,,0,,N,N,N,0,0,0,0,0.0,,428,,N,N,N
456880,KR7456880004,ACE 미국달러SOFR금리(합성),EF,,0,0,0,N,N,,0,N,N,N,2.0,N,N,,,,,N,,,0,,,Y,,,,,,11670,1,1,N,N,N,0,N,N,N,0,0,0,60,Y,90,92517,0,20230425,20580,0,12.0,,0,,N,N,N,0,0,0,0,0.0,,2401,,N,N,N
457190,KR7457190007,이수스페셜티케미컬,ST,2.0,27,8,0,,N,,4,N,N,Y,,N,N,,,,,N,,,0,,,N,,,,,,49900,1,1,N,N,N,0,N,N,N,0,0,0,60,Y,90,407779,1000,20230531,30208,30208280000,12.0,,0,,N,Y,Y,3321,142,74,105,9.7,20241231.0,15073,,N,N,Y
457480,KR7457480002,ACE 테슬라밸류체인액티브,EF,,0,0,0,N,N,,0,N,N,N,2.0,N,N,,,,,N,,,0,,,Y,,,,,,15225,1,1,N,N,N,0,N,N,N,0,0,0,60,Y,90,1346879,0,20230516,59850,0,12.0,,0,,N,N,N,0,0,0,0,0.0,,9112,,N,N,N
457690,KR7457690006,KODEX 33-06 국고채액티브,EF,,0,0,0,N,N,,0,N,N,N,2.0,N,N,,,,,N,,,0,,,Y,,,,,,11290,1,1,N,N,N,0,N,N,N,0,0,0,60,Y,90,10147,0,20230531,2400,0,12.0,,0,,N,N,N,0,0,0,0,0.0,,270,,N,N,N
457700,KR7457700003,KODEX 53-09 국고채액티브,EF,,0,0,0,N,N,,0,N,N,N,2.0,N,N,,,,,N,,,0,,,Y,,,,,,12385,1,1,N,N,N,0,N,N,N,0,0,0,100,N,90,3236,0,20230531,1740,0,12.0,,0,,N,N,N,0,0,0,0,0.0,,215,,N,N,N
457930,KR7457930006,BNK 미래전략기술액티브,EF,,0,0,0,N,N,,0,N,N,N,2.0,N,N,,,,,N,,,0,,,Y,,,,,,14855,1,1,N,N,N,0,N,N,N,0,0,0,100,N,90,1,0,20230620,600,0,12.0,,0,,N,N,N,0,0,0,0,0.0,,89,,N,N,N
457990,KR7457990000,PLUS 태양광&ESS,EF,,0,0,0,N,N,,0,N,N,N,2.0,N,N,,,,,N,,,0,,,Y,,,,,,17525,1,1,N,N,N,0,N,N,N,0,0,0,100,N,90,39213,0,20230620,2050,0,12.0,,0,,N,N,N,0,0,0,0,0.0,,359,,N,N,N
458030,KR7458030004,WON 국공채머니마켓액티브,EF,,0,0,0,N,N,,0,N,N,N,2.0,N,N,,,,,N,,,0,,,Y,,,,,,54105,1,1,N,N,N,0,N,N,N,0,0,0,60,Y,90,316,0,20230531,688,0,12.0,,0,,N,N,N,0,0,0,0,0.0,,372,,N,N,N
458210,KR7458210002,KIWOOM CD금리액티브(합성),EF,,0,0,0,N,N,,0,N,N,N,2.0,N,N,,,,,N,,,0,,,Y,,,,,,107490,1,1,N,N,N,0,N,N,N,0,0,0,60,Y,90,536,0,20230523,1675,0,12.0,,0,,N,N,N,0,0,0,0,0.0,,1800,,N,N,N
458250,KR7458250008,TIGER 미국30년국채스트립액티브(합성 H),EF,,0,0,0,N,N,,0,N,N,N,2.0,N,N,,,,,N,,,0,,,Y,,,,,,38385,1,1,N,N,N,0,N,N,N,0,0,0,60,Y,90,189861,0,20230531,22406,0,12.0,,0,,N,N,N,0,0,0,0,0.0,,8600,,N,N,N
458260,KR7458260007,TIGER 미국투자등급회사채액티브(H),EF,,0,0,0,N,N,,0,N,N,N,2.0,N,N,,,,,N,,,0,,,Y,,,,,,48910,1,1,N,N,N,0,N,N,N,0,0,0,60,Y,90,7115,0,20230531,4630,0,12.0,,0,,N,N,N,0,0,0,0,0.0,,2264,,N,N,N
458730,KR7458730009,TIGER 미국배당다우존스,EF,,0,0,0,N,N,,0,N,N,N,2.0,N,N,,,,,N,,,0,,,Y,,,,,,11755,1,1,N,N,N,0,N,N,N,0,0,0,30,Y,90,948057,0,20230620,181550,0,12.0,,0,,N,N,N,0,0,0,0,0.0,,21341,,N,N,N
458750,KR7458750007,TIGER 미국배당다우존스타겟커버드콜1호,EF,,0,0,0,N,N,,0,N,N,N,2.0,N,N,,,,,N,,,0,,,Y,,,,,,10630,1,1,N,N,N,0,N,N,N,0,0,0,60,Y,90,25783,0,20230620,6100,0,12.0,,0,,N,N,N,0,0,0,0,0.0,,648,,N,N,N
458760,KR7458760006,TIGER 미국배당다우존스타겟커버드콜2호,EF,,0,0,0,N,N,,0,N,N,N,2.0,N,N,,,,,N,,,0,,,Y,,,,,,9380,1,1,N,N,N,0,N,N,N,0,0,0,60,Y,90,338024,0,20230620,103200,0,12.0,,0,,N,N,N,0,0,0,0,0.0,,9680,,N,N,N
459370,KR7459370003,SOL 유럽탄소배출권선물인버스ICE(H),EF,,0,0,0,N,N,,0,N,N,N,2.0,N,N,,,,,N,,,0,,,N,,,,,,11480,1,1,N,N,N,0,N,N,N,0,0,0,100,N,90,10596,0,20230620,500,0,12.0,,0,,N,N,N,0,0,0,0,0.0,,57,,N,N,N
459560,KR7459560009,KODEX 테슬라밸류체인FactSet,EF,,0,0,0,N,N,,0,N,N,N,2.0,N,N,,,,,N,,,0,,,Y,,,,,,15520,1,1,N,N,N,0,N,N,N,0,0,0,100,N,90,10809,0,20230608,1300,0,12.0,,0,,N,N,N,0,0,0,0,0.0,,201,,N,N,N
459580,KR7459580007,KODEX CD금리액티브(합성),EF,,0,0,0,N,N,,0,N,N,N,2.0,N,N,,,,,N,,,0,,,Y,,,,,,1074135,1,1,N,N,N,0,N,N,N,0,0,0,60,Y,90,182051,0,20230608,8282,0,12.0,,0,,N,N,N,0,0,0,0,0.0,,88962,,N,N,N
459750,KR7459750006,RISE 글로벌주식분산액티브,EF,,0,0,0,N,N,,0,N,N,N,2.0,N,N,,,,,N,,,0,,,Y,,,,,,14700,1,1,N,N,N,0,N,N,N,0,0,0,100,N,90,15300,0,20230627,1100,0,12.0,,0,,N,N,N,0,0,0,0,0.0,,161,,N,N,N
459790,KR7459790002,KIWOOM 미국성장기업30액티브,EF,,0,0,0,N,N,,0,N,N,N,2.0,N,N,,,,,N,,,0,,,Y,,,,,,15810,1,1,N,N,N,0,N,N,N,0,0,0,100,N,90,357,0,20230627,1350,0,12.0,,0,,N,N,N,0,0,0,0,0.0,,213,,N,N,N
460270,KR7460270002,KIWOOM 미국달러SOFR금리액티브(합성),EF,,0,0,0,N,N,,0,N,N,N,2.0,N,N,,,,,N,,,0,,,Y,,,,,,12040,1,1,N,N,N,0,N,N,N,0,0,0,100,N,90,161,0,20230620,810,0,12.0,,0,,N,N,N,0,0,0,0,0.0,,97,,N,N,N
460280,KR7460280001,KIWOOM Fn유전자혁신기술,EF,,0,0,0,N,N,,0,N,N,N,2.0,N,N,,,,,N,,,0,,,Y,,,,,,9875,1,1,N,N,N,0,N,N,N,0,0,0,100,N,90,1228,0,20230627,750,0,12.0,,0,,N,N,N,0,0,0,0,0.0,,74,,N,N,N
460660,KR7460660004,RISE 미국S&P배당킹,EF,,0,0,0,N,N,,0,N,N,N,2.0,N,N,,,,,N,,,0,,,Y,,,,,,10710,1,1,N,N,N,0,N,N,N,0,0,0,100,N,90,5817,0,20230627,1450,0,12.0,,0,,N,N,N,0,0,0,0,0.0,,155,,N,N,N
460850,KR7460850001,동국씨엠,ST,3.0,27,11,0,,N,,0,N,N,N,,N,N,,,,,N,,,0,,,N,,,,,,5960,1,1,N,N,N,0,N,N,N,0,0,0,60,Y,90,60932,5000,20230616,29898,149493280000,12.0,,0,,N,N,Y,7460,49,-79,-110,-1.65,20250331.0,1781,,N,N,N
460860,KR7460860000,동국제강,ST,3.0,27,11,0,,N,,0,N,N,N,,N,N,,,,,N,,,0,,,N,,,,,,10420,1,1,N,N,N,0,N,N,N,0,0,0,60,Y,90,295839,5000,20230616,49608,248040085000,12.0,,0,,N,N,Y,35275,1025,449,348,2.04,20241231.0,5169,,N,N,Y
460960,KR7460960008,ACE 글로벌인컴TOP10 SOLACTIVE,EF,,0,0,0,N,N,,0,N,N,N,2.0,N,N,,,,,N,,,0,,,Y,,,,,,10800,1,1,N,N,N,0,N,N,N,0,0,0,60,Y,90,26081,0,20230711,5650,0,12.0,,0,,N,N,N,0,0,0,0,0.0,,610,,N,N,N
461270,KR7461270001,ACE 26-06 회사채(AA-이상)액티브,EF,,0,0,0,N,N,,0,N,N,N,2.0,N,N,,,,,N,,,0,,,Y,,,,,,11145,1,1,N,N,N,0,N,N,N,0,0,0,60,Y,90,12201,0,20230620,17610,0,12.0,,0,,N,N,N,0,0,0,0,0.0,,1962,,N,N,N
461340,KR7461340002,HANARO 글로벌생성형AI액티브,EF,,0,0,0,N,N,,0,N,N,N,2.0,N,N,,,,,N,,,0,,,Y,,,,,,23900,1,1,N,N,N,0,N,N,N,0,0,0,60,Y,90,32887,0,20230711,1450,0,12.0,,0,,N,N,N,0,0,0,0,0.0,,346,,N,N,N
461450,KR7461450009,KODEX 코스닥글로벌,EF,,0,0,0,N,N,,0,N,N,N,2.0,N,N,,,,,N,,,0,,,Y,,,,,,13060,1,1,N,N,N,0,N,N,N,0,0,0,100,N,90,1515,0,20230629,1000,0,12.0,,0,,N,N,N,0,0,0,0,0.0,,130,,N,N,N
461460,KR7461460008,PLUS 국고채10년액티브,EF,,0,0,0,N,N,,0,N,N,N,2.0,N,N,,,,,N,,,0,,,Y,,,,,,56635,1,1,N,N,N,0,N,N,N,0,0,0,60,Y,90,2231,0,20230718,844,0,12.0,,0,,N,N,N,0,0,0,0,0.0,,477,,N,N,N
461490,KR7461490005,RISE 글로벌자산배분액티브,EF,,0,0,0,N,N,,0,N,N,N,2.0,N,N,,,,,N,,,0,,,Y,,,,,,13520,1,1,N,N,N,0,N,N,N,0,0,0,60,Y,90,145029,0,20230627,19050,0,12.0,,0,,N,N,N,0,0,0,0,0.0,,2575,,N,N,N
461500,KR7461500001,HANARO 종합채권(AA-이상)액티브,EF,,0,0,0,N,N,,0,N,N,N,2.0,N,N,,,,,N,,,0,,,Y,,,,,,115380,1,1,N,N,N,0,N,N,N,0,0,0,60,Y,90,321,0,20231026,934,0,12.0,,0,,N,N,N,0,0,0,0,0.0,,1077,,N,N,N
461580,KR7461580003,TIGER 코스닥글로벌,EF,,0,0,0,N,N,,0,N,N,N,2.0,N,N,,,,,N,,,0,,,Y,,,,,,13370,1,1,N,N,N,0,N,N,N,0,0,0,100,N,90,1811,0,20230629,400,0,12.0,,0,,N,N,N,0,0,0,0,0.0,,53,,N,N,N
461600,KR7461600009,SOL 미국30년국채액티브(H),EF,,0,0,0,N,N,,0,N,N,N,2.0,N,N,,,,,N,,,0,,,Y,,,,,,8895,1,1,N,N,N,0,N,N,N,0,0,0,60,Y,90,68933,0,20230711,6250,0,12.0,,0,,N,N,N,0,0,0,0,0.0,,555,,N,N,N
461900,KR7461900003,PLUS 미국테크TOP10,EF,,0,0,0,N,N,,0,N,N,N,2.0,N,N,,,,,N,,,0,,,Y,,,,,,19650,1,1,N,N,N,0,N,N,N,0,0,0,100,N,90,3653,0,20230718,600,0,12.0,,0,,N,N,N,0,0,0,0,0.0,,117,,N,N,N
461910,KR7461910002,PLUS 미국테크TOP10레버리지(합성),EF,,0,0,0,N,N,,0,N,N,N,2.0,N,N,,,,,N,,,0,,,N,,,,,,30615,1,1,N,N,N,0,N,N,N,0,0,0,100,N,90,5671,0,20230718,500,0,12.0,,0,,N,N,N,0,0,0,0,0.0,,153,,N,N,N
461950,KR7461950008,KODEX 2차전지핵심소재10,EF,,0,0,0,N,N,,0,N,N,N,2.0,N,N,,,,,N,,,0,,,Y,,,,,,4250,1,1,N,N,N,0,N,N,N,0,0,0,30,Y,90,1583669,0,20230704,33000,0,12.0,,0,,N,N,N,0,0,0,0,0.0,,1402,,N,N,N
462010,KR7462010000,TIGER 2차전지소재Fn,EF,,0,0,0,N,N,,0,N,N,N,2.0,N,N,,,,,N,,,0,,,Y,,,,,,4180,1,1,N,N,N,0,N,N,N,0,0,0,30,Y,90,4127377,0,20230713,122800,0,12.0,,0,,N,N,N,0,0,0,0,0.0,,5133,,N,N,N
462330,KR7462330002,KODEX 2차전지산업레버리지,EF,,0,0,0,N,N,,0,N,N,N,2.0,N,N,,,,,N,,,0,,,N,,,,,,1155,1,1,N,N,N,0,N,N,N,0,0,0,100,N,90,31847368,0,20230704,280600,0,12.0,,0,,N,N,N,0,0,0,0,0.0,,3240,,N,N,N
462340,KR7462340001,에셋플러스 글로벌다이나믹시니어액티브,EF,,0,0,0,N,N,,0,N,N,N,2.0,N,N,,,,,N,,,0,,,Y,,,,,,16000,1,1,N,N,N,0,N,N,N,0,0,0,100,N,90,861,0,20230725,520,0,12.0,,0,,N,N,N,0,0,0,0,0.0,,83,,N,N,N
462520,KR7462520008,조선내화,ST,3.0,27,10,0,,N,,0,N,N,N,,N,N,,,,,N,,,0,,,N,,,,,,13730,1,1,N,N,N,0,N,N,N,0,0,0,100,N,90,3839,500,20230728,11855,5927584000,12.0,,0,,N,N,Y,1308,58,-12,-19,-3.95,20250331.0,1627,,N,N,N
462540,KR7462540006,SOL 25-09 회사채(AA-이상)액티브,EF,,0,0,0,N,N,,0,N,N,N,2.0,N,N,,,,,N,,,0,,,Y,,,,,,54610,1,1,N,N,N,0,N,N,N,0,0,0,60,Y,90,13330,0,20230808,2130,0,12.0,,0,,N,N,N,0,0,0,0,0.0,,1163,,N,N,N
462870,KR7462870007,시프트업,ST,1.0,29,0,0,,N,,0,N,N,Y,,N,N,,,,,N,,,0,,,N,,,,,,44000,1,1,N,N,N,0,N,N,N,0,0,0,60,Y,90,55458,200,20240711,58781,11756344000,12.0,,0,,N,Y,Y,2241,1527,1788,1480,31.3,20241231.0,25863,,N,N,N
462900,KR7462900002,KoAct 바이오헬스케어액티브,EF,,0,0,0,N,N,,0,N,N,N,2.0,N,N,,,,,N,,,0,,,Y,,,,,,16190,1,1,N,N,N,0,N,N,N,0,0,0,60,Y,90,728086,0,20230803,10800,0,12.0,,0,,N,N,N,0,0,0,0,0.0,,1748,,N,N,N
463050,KR7463050005,TIMEFOLIO K바이오액티브,EF,,0,0,0,N,N,,0,N,N,N,2.0,N,N,,,,,N,,,0,,,Y,,,,,,13540,1,1,N,N,N,0,N,N,N,0,0,0,60,Y,90,720605,0,20230817,9550,0,12.0,,0,,N,N,N,0,0,0,0,0.0,,1293,,N,N,N
463250,KR7463250001,TIGER K방산&우주,EF,,0,0,0,N,N,,0,N,N,N,2.0,N,N,,,,,N,,,0,,,Y,,,,,,30555,1,1,N,N,N,0,N,N,N,0,0,0,30,Y,90,475559,0,20230725,10300,0,12.0,,0,,N,N,N,0,0,0,0,0.0,,3147,,N,N,N
463290,KR7463290007,1Q 단기금융채액티브,EF,,0,0,0,N,N,,0,N,N,N,2.0,N,N,,,,,N,,,0,,,Y,,,,,,108025,1,1,N,N,N,0,N,N,N,0,0,0,60,Y,90,8303,0,20230803,2033,0,12.0,,0,,N,N,N,0,0,0,0,0.0,,2196,,N,N,N
463300,KR7463300004,RISE 중국본토CSI300,EF,,0,0,0,N,N,,0,N,N,N,2.0,N,N,,,,,N,,,0,,,Y,,,,,,11120,1,1,N,N,N,0,N,N,N,0,0,0,30,Y,90,748,0,20230808,2800,0,12.0,,0,,N,N,N,0,0,0,0,0.0,,311,,N,N,N
463640,KR7463640003,KODEX 미국S&P500유틸리티,EF,,0,0,0,N,N,,0,N,N,N,2.0,N,N,,,,,N,,,0,,,Y,,,,,,13800,1,1,N,N,N,0,N,N,N,0,0,0,100,N,90,8280,0,20230801,1150,0,12.0,,0,,N,N,N,0,0,0,0,0.0,,158,,N,N,N
463680,KR7463680009,KODEX 미국S&P500테크놀로지,EF,,0,0,0,N,N,,0,N,N,N,2.0,N,N,,,,,N,,,0,,,Y,,,,,,15935,1,1,N,N,N,0,N,N,N,0,0,0,30,Y,90,9674,0,20230801,1650,0,12.0,,0,,N,N,N,0,0,0,0,0.0,,262,,N,N,N
463690,KR7463690008,KODEX 미국S&P500커뮤니케이션,EF,,0,0,0,N,N,,0,N,N,N,2.0,N,N,,,,,N,,,0,,,Y,,,,,,17015,1,1,N,N,N,0,N,N,N,0,0,0,100,N,90,383,0,20230801,650,0,12.0,,0,,N,N,N,0,0,0,0,0.0,,110,,N,N,N
464060,KR7464060003,HANARO 글로벌반도체TOP10 SOLACTIVE,EF,,0,0,0,N,N,,0,N,N,N,2.0,N,N,,,,,N,,,0,,,Y,,,,,,18935,1,1,N,N,N,0,N,N,N,0,0,0,100,N,90,758,0,20230801,350,0,12.0,,0,,N,N,N,0,0,0,0,0.0,,66,,N,N,N
464240,KR7464240001,KIWOOM 26-09회사채(AA-이상)액티브,EF,,0,0,0,N,N,,0,N,N,N,2.0,N,N,,,,,N,,,0,,,Y,,,,,,52880,1,1,N,N,N,0,N,N,N,0,0,0,60,Y,90,711,0,20230817,2920,0,12.0,,0,,N,N,N,0,0,0,0,0.0,,1544,,N,N,N
464310,KR7464310002,TIGER 글로벌AI&로보틱스 INDXX,EF,,0,0,0,N,N,,0,N,N,N,2.0,N,N,,,,,N,,,0,,,Y,,,,,,13210,1,1,N,N,N,0,N,N,N,0,0,0,30,Y,90,73635,0,20230817,6800,0,12.0,,0,,N,N,N,0,0,0,0,0.0,,898,,N,N,N
464470,KR7464470004,PLUS 미국채30년액티브,EF,,0,0,0,N,N,,0,N,N,N,2.0,N,N,,,,,N,,,0,,,Y,,,,,,50570,1,1,N,N,N,0,N,N,N,0,0,0,60,Y,90,20739,0,20230822,1134,0,12.0,,0,,N,N,N,0,0,0,0,0.0,,573,,N,N,N
464600,KR7464600006,SOL 자동차소부장Fn,EF,,0,0,0,N,N,,0,N,N,N,2.0,N,N,,,,,N,,,0,,,Y,,,,,,9455,1,1,N,N,N,0,N,N,N,0,0,0,100,N,90,6134,0,20230822,800,0,12.0,,0,,N,N,N,0,0,0,0,0.0,,75,,N,N,N
464610,KR7464610005,SOL 의료기기소부장Fn,EF,,0,0,0,N,N,,0,N,N,N,2.0,N,N,,,,,N,,,0,,,Y,,,,,,12700,1,1,N,N,N,0,N,N,N,0,0,0,100,N,90,509791,0,20230822,1550,0,12.0,,0,,N,N,N,0,0,0,0,0.0,,196,,N,N,N
464920,KR7464920008,PLUS 일본반도체소부장,EF,,0,0,0,N,N,,0,N,N,N,2.0,N,N,,,,,N,,,0,,,Y,,,,,,12560,1,1,N,N,N,0,N,N,N,0,0,0,100,N,90,8157,0,20230831,1000,0,12.0,,0,,N,N,N,0,0,0,0,0.0,,125,,N,N,N
464930,KR7464930007,TIGER 글로벌혁신블루칩TOP10,EF,,0,0,0,N,N,,0,N,N,N,2.0,N,N,,,,,N,,,0,,,Y,,,,,,15900,1,1,N,N,N,0,N,N,N,0,0,0,30,Y,90,22557,0,20230829,8250,0,12.0,,0,,N,N,N,0,0,0,0,0.0,,1311,,N,N,N
465330,KR7465330009,RISE 2차전지TOP10,EF,,0,0,0,N,N,,0,N,N,N,2.0,N,N,,,,,N,,,0,,,Y,,,,,,8525,1,1,N,N,N,0,N,N,N,0,0,0,30,Y,90,346126,0,20230912,5875,0,12.0,,0,,N,N,N,0,0,0,0,0.0,,500,,N,N,N
465350,KR7465350007,RISE 2차전지TOP10인버스(합성),EF,,0,0,0,N,N,,0,N,N,N,2.0,N,N,,,,,N,,,0,,,N,,,,,,32390,1,1,N,N,N,0,N,N,N,0,0,0,60,Y,90,255140,0,20230912,2875,0,12.0,,0,,N,N,N,0,0,0,0,0.0,,931,,N,N,N
465580,KR7465580009,ACE 미국빅테크TOP7 Plus,EF,,0,0,0,N,N,,0,N,N,N,2.0,N,N,,,,,N,,,0,,,Y,,,,,,19310,1,1,N,N,N,0,N,N,N,0,0,0,30,Y,90,454957,0,20230912,37150,0,12.0,,0,,N,N,N,0,0,0,0,0.0,,7173,,N,N,N
465610,KR7465610004,ACE 미국빅테크TOP7 Plus레버리지(합성),EF,,0,0,0,N,N,,0,N,N,N,2.0,N,N,,,,,N,,,0,,,N,,,,,,29740,1,1,N,N,N,0,N,N,N,0,0,0,100,N,90,37759,0,20230912,3400,0,12.0,,0,,N,N,N,0,0,0,0,0.0,,1011,,N,N,N
465620,KR7465620003,ACE 미국빅테크TOP7 Plus인버스(합성),EF,,0,0,0,N,N,,0,N,N,N,2.0,N,N,,,,,N,,,0,,,N,,,,,,8915,1,1,N,N,N,0,N,N,N,0,0,0,100,N,90,1010,0,20230912,250,0,12.0,,0,,N,N,N,0,0,0,0,0.0,,22,,N,N,N
465660,KR7465660009,TIGER 일본반도체FACTSET,EF,,0,0,0,N,N,,0,N,N,N,2.0,N,N,,,,,N,,,0,,,Y,,,,,,12255,1,1,N,N,N,0,N,N,N,0,0,0,100,N,90,6587,0,20230919,1250,0,12.0,,0,,N,N,N,0,0,0,0,0.0,,153,,N,N,N
465670,KR7465670008,TIGER 미국캐시카우100,EF,,0,0,0,N,N,,0,N,N,N,2.0,N,N,,,,,N,,,0,,,Y,,,,,,12235,1,1,N,N,N,0,N,N,N,0,0,0,100,N,90,6451,0,20230919,1050,0,12.0,,0,,N,N,N,0,0,0,0,0.0,,128,,N,N,N
465770,KR7465770006,STX그린로지스,ST,3.0,19,0,0,,N,,0,N,N,N,,N,N,,,,,N,,,0,,,N,,,,,,8000,1,1,N,N,N,0,N,N,N,0,0,0,100,N,90,19340,2500,20230915,7171,17927580000,12.0,,0,,N,N,Y,479,-5,-9,-9,-4.87,20250331.0,573,,N,N,N
465780,KR7465780005,마이티 26-09 특수채(AAA)액티브,EF,,0,0,0,N,N,,0,N,N,N,2.0,N,N,,,,,N,,,0,,,Y,,,,,,106780,1,1,N,N,N,0,N,N,N,0,0,0,60,Y,90,1,0,20230921,1011,0,12.0,,0,,N,N,N,0,0,0,0,0.0,,1079,,N,N,N
466400,KR7466400009,1Q 25-08 회사채(A+이상)액티브,EF,,0,0,0,N,N,,0,N,N,N,2.0,N,N,,,,,N,,,0,,,Y,,,,,,109235,1,1,N,N,N,0,N,N,N,0,0,0,60,Y,90,471,0,20230919,924,0,12.0,,0,,N,N,N,0,0,0,0,0.0,,1009,,N,N,N
466810,KR7466810009,BNK 2차전지양극재,EF,,0,0,0,N,N,,0,N,N,N,2.0,N,N,,,,,N,,,0,,,Y,,,,,,4980,1,1,N,N,N,0,N,N,N,0,0,0,100,N,90,25302,0,20231019,1000,0,12.0,,0,,N,N,N,0,0,0,0,0.0,,49,,N,N,N
466920,KR7466920006,SOL 조선TOP3플러스,EF,,0,0,0,N,N,,0,N,N,N,2.0,N,N,,,,,N,,,0,,,Y,,,,,,30820,1,1,N,N,N,0,N,N,N,0,0,0,30,Y,90,4255471,0,20231005,43750,0,12.0,,0,,N,N,N,0,0,0,0,0.0,,13483,,N,N,N
466930,KR7466930005,SOL 자동차TOP3플러스,EF,,0,0,0,N,N,,0,N,N,N,2.0,N,N,,,,,N,,,0,,,Y,,,,,,11305,1,1,N,N,N,0,N,N,N,0,0,0,30,Y,90,130591,0,20231005,5100,0,12.0,,0,,N,N,N,0,0,0,0,0.0,,576,,N,N,N
466940,KR7466940004,TIGER 은행고배당플러스TOP10,EF,,0,0,0,N,N,,0,N,N,N,2.0,N,N,,,,,N,,,0,,,Y,,,,,,19460,1,1,N,N,N,0,N,N,N,0,0,0,30,Y,90,1300472,0,20231017,35050,0,12.0,,0,,N,N,N,0,0,0,0,0.0,,6820,,N,N,N
466950,KR7466950003,TIGER 글로벌AI액티브,EF,,0,0,0,N,N,,0,N,N,N,2.0,N,N,,,,,N,,,0,,,Y,,,,,,20390,1,1,N,N,N,0,N,N,N,0,0,0,60,Y,90,201500,0,20231011,13920,0,12.0,,0,,N,N,N,0,0,0,0,0.0,,2838,,N,N,N
467620,KR7467620001,KIWOOM 25-09 미국채권(AA-이상)액티브,EF,,0,0,0,N,N,,0,N,N,N,2.0,N,N,,,,,N,,,0,,,Y,,,,,,54440,1,1,N,N,N,0,N,N,N,0,0,0,100,N,90,2465,0,20231017,280,0,12.0,,0,,N,N,N,0,0,0,0,0.0,,152,,N,N,N
467940,KR7467940003,KODEX 25-11 회사채(A+이상)액티브,EF,,0,0,0,N,N,,0,N,N,N,2.0,N,N,,,,,N,,,0,,,Y,,,,,,10925,1,1,N,N,N,0,N,N,N,0,0,0,60,Y,90,37195,0,20231011,23130,0,12.0,,0,,N,N,N,0,0,0,0,0.0,,2526,,N,N,N
468370,KR7468370002,KODEX iShares미국인플레이션국채액티브,EF,,0,0,0,N,N,,0,N,N,N,2.0,N,N,,,,,N,,,0,,,Y,,,,,,10925,1,1,N,N,N,0,N,N,N,0,0,0,100,N,90,20979,0,20231019,1140,0,12.0,,0,,N,N,N,0,0,0,0,0.0,,124,,N,N,N
468380,KR7468380001,KODEX iShares미국하이일드액티브,EF,,0,0,0,N,N,,0,N,N,N,2.0,N,N,,,,,N,,,0,,,Y,,,,,,11145,1,1,N,N,N,0,N,N,N,0,0,0,60,Y,90,40189,0,20231019,4510,0,12.0,,0,,N,N,N,0,0,0,0,0.0,,502,,N,N,N
468630,KR7468630009,KODEX iShares미국투자등급회사채액티브,EF,,0,0,0,N,N,,0,N,N,N,2.0,N,N,,,,,N,,,0,,,Y,,,,,,11205,1,1,N,N,N,0,N,N,N,0,0,0,60,Y,90,13041,0,20231019,1910,0,12.0,,0,,N,N,N,0,0,0,0,0.0,,214,,N,N,N
468820,KR7468820006,WON 25-09 회사채(AA-이상)액티브,EF,,0,0,0,N,N,,0,N,N,N,2.0,N,N,,,,,N,,,0,,,Y,,,,,,54975,1,1,N,N,N,0,N,N,N,0,0,0,60,Y,90,44,0,20231019,1266,0,12.0,,0,,N,N,N,0,0,0,0,0.0,,695,,N,N,N
469050,KR7469050009,RISE 미국반도체NYSE(H),EF,,0,0,0,N,N,,0,N,N,N,2.0,N,N,,,,,N,,,0,,,Y,,,,,,14895,1,1,N,N,N,0,N,N,N,0,0,0,30,Y,90,9285,0,20231024,2250,0,12.0,,0,,N,N,N,0,0,0,0,0.0,,335,,N,N,N
469060,KR7469060008,RISE 미국반도체NYSE,EF,,0,0,0,N,N,,0,N,N,N,2.0,N,N,,,,,N,,,0,,,Y,,,,,,15885,1,1,N,N,N,0,N,N,N,0,0,0,100,N,90,2409,0,20231024,950,0,12.0,,0,,N,N,N,0,0,0,0,0.0,,150,,N,N,N
469070,KR7469070007,RISE AI&로봇,EF,,0,0,0,N,N,,0,N,N,N,2.0,N,N,,,,,N,,,0,,,Y,,,,,,9730,1,1,N,N,N,0,N,N,N,0,0,0,30,Y,90,515896,0,20231024,15850,0,12.0,,0,,N,N,N,0,0,0,0,0.0,,1542,,N,N,N
469150,KR7469150007,ACE AI반도체포커스,EF,,0,0,0,N,N,,0,N,N,N,2.0,N,N,,,,,N,,,0,,,Y,,,,,,15350,1,1,N,N,N,0,N,N,N,0,0,0,30,Y,90,212222,0,20231017,3550,0,12.0,,0,,N,N,N,0,0,0,0,0.0,,544,,N,N,N
469160,KR7469160006,ACE 일본반도체,EF,,0,0,0,N,N,,0,N,N,N,2.0,N,N,,,,,N,,,0,,,Y,,,,,,11990,1,1,N,N,N,0,N,N,N,0,0,0,100,N,90,2424,0,20231017,400,0,12.0,,0,,N,N,N,0,0,0,0,0.0,,47,,N,N,N
469170,KR7469170005,ACE 포스코그룹포커스,EF,,0,0,0,N,N,,0,N,N,N,2.0,N,N,,,,,N,,,0,,,Y,,,,,,5135,1,1,N,N,N,0,N,N,N,0,0,0,30,Y,90,249968,0,20231017,14000,0,12.0,,0,,N,N,N,0,0,0,0,0.0,,718,,N,N,N
469530,KR7469530000,RISE 미국달러선물인버스,EF,,0,0,0,N,N,,0,N,N,N,2.0,N,N,,,,,N,,,0,,,N,,,,,,9455,1,1,N,N,N,0,N,N,N,0,0,0,100,N,90,702,0,20231109,640,0,12.0,,0,,N,N,N,0,0,0,0,0.0,,60,,N,N,N
469790,KR7469790000,KIWOOM K-테크TOP10,EF,,0,0,0,N,N,,0,N,N,N,2.0,N,N,,,,,N,,,0,,,Y,,,,,,12605,1,1,N,N,N,0,N,N,N,0,0,0,100,N,90,2041,0,20231031,700,0,12.0,,0,,N,N,N,0,0,0,0,0.0,,88,,N,N,N
469830,KR7469830004,SOL 초단기채권액티브,EF,,0,0,0,N,N,,0,N,N,N,2.0,N,N,,,,,N,,,0,,,Y,,,,,,53490,1,1,N,N,N,0,N,N,N,0,0,0,60,Y,90,123943,0,20231107,16816,0,12.0,,0,,N,N,N,0,0,0,0,0.0,,8994,,N,N,N
470310,KR7470310004,UNICORN 생성형AI강소기업액티브,EF,,0,0,0,N,N,,0,N,N,N,2.0,N,N,,,,,N,,,0,,,Y,,,,,,8725,1,1,N,N,Y,0,N,N,N,0,0,0,100,N,90,2889,0,20231121,250,0,12.0,,0,,N,N,N,0,0,0,0,0.0,,21,,N,N,N
471040,KR7471040006,KoAct 글로벌AI&로봇액티브,EF,,0,0,0,N,N,,0,N,N,N,2.0,N,N,,,,,N,,,0,,,Y,,,,,,16725,1,1,N,N,N,0,N,N,N,0,0,0,60,Y,90,54430,0,20231121,4100,0,12.0,,0,,N,N,N,0,0,0,0,0.0,,685,,N,N,N
471230,KR7471230003,KODEX 국고채10년액티브,EF,,0,0,0,N,N,,0,N,N,N,2.0,N,N,,,,,N,,,0,,,Y,,,,,,114830,1,1,N,N,N,0,N,N,N,0,0,0,60,Y,90,7442,0,20231114,3747,0,12.0,,0,,N,N,N,0,0,0,0,0.0,,4302,,N,N,N
471460,KR7471460006,KIWOOM 국고채30년액티브,EF,,0,0,0,N,N,,0,N,N,N,2.0,N,N,,,,,N,,,0,,,Y,,,,,,64705,1,1,N,N,N,0,N,N,N,0,0,0,60,Y,90,4311,0,20231107,880,0,12.0,,0,,N,N,N,0,0,0,0,0.0,,569,,N,N,N
471760,KR7471760009,TIGER AI반도체핵심공정,EF,,0,0,0,N,N,,0,N,N,N,2.0,N,N,,,,,N,,,0,,,Y,,,,,,9040,1,1,N,N,N,0,N,N,N,0,0,0,30,Y,90,335180,0,20231121,9150,0,12.0,,0,,N,N,N,0,0,0,0,0.0,,827,,N,N,N
471780,KR7471780007,TIGER 코리아테크액티브,EF,,0,0,0,N,N,,0,N,N,N,2.0,N,N,,,,,N,,,0,,,Y,,,,,,10880,1,1,N,N,N,0,N,N,N,0,0,0,100,N,90,2450,0,20231128,1000,0,12.0,,0,,N,N,N,0,0,0,0,0.0,,108,,N,N,N
471990,KR7471990002,KODEX AI반도체핵심장비,EF,,0,0,0,N,N,,0,N,N,N,2.0,N,N,,,,,N,,,0,,,Y,,,,,,10300,1,1,N,N,N,0,N,N,N,0,0,0,30,Y,90,450235,0,20231121,12950,0,12.0,,0,,N,N,N,0,0,0,0,0.0,,1333,,N,N,N
472150,KR7472150002,TIGER 배당커버드콜액티브,EF,,0,0,0,N,N,,0,N,N,N,2.0,N,N,,,,,N,,,0,,,Y,,,,,,11645,1,1,N,N,N,0,N,N,N,0,0,0,60,Y,90,63113,0,20231212,9270,0,12.0,,0,,N,N,N,0,0,0,0,0.0,,1079,,N,N,N
472160,KR7472160001,TIGER 미국테크TOP10 INDXX(H),EF,,0,0,0,N,N,,0,N,N,N,2.0,N,N,,,,,N,,,0,,,Y,,,,,,16505,1,1,N,N,N,0,N,N,N,0,0,0,30,Y,90,901725,0,20231205,14550,0,12.0,,0,,N,N,N,0,0,0,0,0.0,,2401,,N,N,N
472170,KR7472170000,TIGER 미국테크TOP10채권혼합,EF,,0,0,0,N,N,,0,N,N,N,2.0,N,N,,,,,N,,,0,,,Y,,,,,,13235,1,1,N,N,N,0,N,N,N,0,0,0,30,Y,90,131855,0,20231205,17350,0,12.0,,0,,N,N,N,0,0,0,0,0.0,,2296,,N,N,N
472350,KR7472350008,1Q 차이나H(H),EF,,0,0,0,N,N,,0,N,N,N,2.0,N,N,,,,,N,,,0,,,Y,,,,,,16295,1,1,N,N,N,0,N,N,N,0,0,0,100,N,90,297,0,20231212,800,0,12.0,,0,,N,N,N,0,0,0,0,0.0,,130,,N,N,N
472720,KR7472720002,TRUSTON 주주가치액티브,EF,,0,0,0,N,N,,0,N,N,N,2.0,N,N,,,,,N,,,0,,,Y,,,,,,15675,1,1,N,N,N,0,N,N,N,0,0,0,100,N,90,8264,0,20231214,1340,0,12.0,,0,,N,N,N,0,0,0,0,0.0,,210,,N,N,N
472830,KR7472830009,RISE 미국30년국채커버드콜(합성),EF,,0,0,0,N,N,,0,N,N,N,2.0,N,N,,,,,N,,,0,,,Y,,,,,,8790,1,1,N,N,N,0,N,N,N,0,0,0,60,Y,90,36481,0,20231214,5700,0,12.0,,0,,N,N,N,0,0,0,0,0.0,,501,,N,N,N
472840,KR7472840008,ITF 200,EF,,0,0,0,N,N,,0,N,N,N,2.0,N,N,,,,,N,,,0,,,Y,,,,,,43620,1,1,N,N,N,0,N,N,N,0,0,0,100,N,90,203,0,20231221,275,0,12.0,,0,,N,N,N,0,0,0,0,0.0,,119,,N,N,N
472870,KR7472870005,RISE 미국30년국채엔화노출(합성 H),EF,,0,0,0,N,N,,0,N,N,N,2.0,N,N,,,,,N,,,0,,,Y,,,,,,8250,1,1,N,N,N,0,N,N,N,0,0,0,60,Y,90,345110,0,20231227,50650,0,12.0,,0,,N,N,N,0,0,0,0,0.0,,4178,,N,N,N
472920,KR7472920008,HK 종합채권(AA-이상)액티브,EF,,0,0,0,N,N,,0,N,N,N,2.0,N,N,,,,,N,,,0,,,Y,,,,,,111990,1,1,N,N,N,0,N,N,N,0,0,0,60,Y,90,0,0,20231128,1489,0,12.0,,0,,N,N,N,0,0,0,0,0.0,,1667,,N,N,N
473290,KR7473290005,KODEX 26-12 회사채(AA-이상)액티브,EF,,0,0,0,N,N,,0,N,N,N,2.0,N,N,,,,,N,,,0,,,Y,,,,,,10855,1,1,N,N,N,0,N,N,N,0,0,0,60,Y,90,79477,0,20231212,71480,0,12.0,,0,,N,N,N,0,0,0,0,0.0,,7759,,N,N,N
473330,KR7473330009,SOL 미국30년국채커버드콜(합성),EF,,0,0,0,N,N,,0,N,N,N,2.0,N,N,,,,,N,,,0,,,Y,,,,,,8870,1,1,N,N,N,0,N,N,N,0,0,0,60,Y,90,386162,0,20231227,34200,0,12.0,,0,,N,N,N,0,0,0,0,0.0,,3033,,N,N,N
473440,KR7473440006,ACE 11월만기자동연장회사채AA-이상액티브,EF,,0,0,0,N,N,,0,N,N,N,2.0,N,N,,,,,N,,,0,,,Y,,,,,,10705,1,1,N,N,N,0,N,N,N,0,0,0,60,Y,90,117105,0,20231219,9750,0,12.0,,0,,N,N,N,0,0,0,0,0.0,,1043,,N,N,N
473460,KR7473460004,KODEX 미국서학개미,EF,,0,0,0,N,N,,0,N,N,N,2.0,N,N,,,,,N,,,0,,,Y,,,,,,20585,1,1,N,N,N,0,N,N,N,0,0,0,30,Y,90,256099,0,20231227,10650,0,12.0,,0,,N,N,N,0,0,0,0,0.0,,2192,,N,N,N
473490,KR7473490001,KIWOOM 글로벌AI반도체,EF,,0,0,0,N,N,,0,N,N,N,2.0,N,N,,,,,N,,,0,,,Y,,,,,,18855,1,1,N,N,N,0,N,N,N,0,0,0,100,N,90,43731,0,20231221,1300,0,12.0,,0,,N,N,N,0,0,0,0,0.0,,245,,N,N,N
473590,KR7473590008,ACE 미국주식베스트셀러,EF,,0,0,0,N,N,,0,N,N,N,2.0,N,N,,,,,N,,,0,,,Y,,,,,,17675,1,1,N,N,N,0,N,N,N,0,0,0,30,Y,90,75845,0,20231227,4450,0,12.0,,0,,N,N,N,0,0,0,0,0.0,,786,,N,N,N
473640,KR7473640001,HANARO 글로벌금채굴기업,EF,,0,0,0,N,N,,0,N,N,N,2.0,N,N,,,,,N,,,0,,,Y,,,,,,20190,1,1,N,N,N,0,N,N,N,0,0,0,100,N,90,11205,0,20240118,550,0,12.0,,0,,N,N,N,0,0,0,0,0.0,,111,,N,N,N
474220,KR7474220001,TIGER 미국테크TOP10타겟커버드콜,EF,,0,0,0,N,N,,0,N,N,N,2.0,N,N,,,,,N,,,0,,,Y,,,,,,14200,1,1,N,N,N,0,N,N,N,0,0,0,60,Y,90,227392,0,20240116,35650,0,12.0,,0,,N,N,N,0,0,0,0,0.0,,5062,,N,N,N
474390,KR7474390002,SOL 국고채30년액티브,EF,,0,0,0,N,N,,0,N,N,N,2.0,N,N,,,,,N,,,0,,,Y,,,,,,56760,1,1,N,N,N,0,N,N,N,0,0,0,100,N,90,98,0,20240116,160,0,12.0,,0,,N,N,N,0,0,0,0,0.0,,90,,N,N,N
474590,KR7474590007,WON 반도체밸류체인액티브,EF,,0,0,0,N,N,,0,N,N,N,2.0,N,N,,,,,N,,,0,,,Y,,,,,,11290,1,1,N,N,N,0,N,N,N,0,0,0,100,N,90,5853,0,20240116,1500,0,12.0,,0,,N,N,N,0,0,0,0,0.0,,169,,N,N,N
474800,KR7474800000,KIWOOM 미국원유에너지기업,EF,,0,0,0,N,N,,0,N,N,N,2.0,N,N,,,,,N,,,0,,,Y,,,,,,10790,1,1,N,N,N,0,N,N,N,0,0,0,100,N,90,8625,0,20240116,700,0,12.0,,0,,N,N,N,0,0,0,0,0.0,,75,,N,N,N
474920,KR7474920006,에셋플러스 차이나일등기업포커스10액티브,EF,,0,0,0,N,N,,0,N,N,N,2.0,N,N,,,,,N,,,0,,,Y,,,,,,16260,1,1,N,N,N,0,N,N,N,0,0,0,100,N,90,1956,0,20240116,1040,0,12.0,,0,,N,N,N,0,0,0,0,0.0,,169,,N,N,N
475050,KR7475050001,ACE KPOP포커스,EF,,0,0,0,N,N,,0,N,N,N,2.0,N,N,,,,,N,,,0,,,Y,,,,,,12395,1,1,N,N,N,0,N,N,N,0,0,0,30,Y,90,1856065,0,20240130,14950,0,12.0,,0,,N,N,N,0,0,0,0,0.0,,1853,,N,N,N
475070,KR7475070009,KoAct 글로벌친환경전력인프라액티브,EF,,0,0,0,N,N,,0,N,N,N,2.0,N,N,,,,,N,,,0,,,Y,,,,,,19230,1,1,N,N,N,0,N,N,N,0,0,0,100,N,90,5569,0,20240118,600,0,12.0,,0,,N,N,N,0,0,0,0,0.0,,115,,N,N,N
475080,KR7475080008,KODEX 테슬라커버드콜채권혼합액티브,EF,,0,0,0,N,N,,0,N,N,N,2.0,N,N,,,,,N,,,0,,,Y,,,,,,8670,1,1,N,N,N,0,N,N,N,0,0,0,60,Y,90,170683,0,20240123,35700,0,12.0,,0,,N,N,N,0,0,0,0,0.0,,3095,,N,N,N
475150,KR7475150009,SK이터닉스,ST,3.0,18,0,0,,N,,0,N,N,N,,N,N,,,,,N,,,0,,,N,,,,,,24150,1,1,N,N,N,0,N,N,N,0,0,0,60,Y,90,286512,200,20240329,33754,6750808400,12.0,,0,,N,N,Y,259,11,2,10,1.62,20250331.0,8151,535,N,N,Y
475260,KR7475260006,ACE 2월만기자동연장회사채AA-이상액티브,EF,,0,0,0,N,N,,0,N,N,N,2.0,N,N,,,,,N,,,0,,,Y,,,,,,10580,1,1,N,N,N,0,N,N,N,0,0,0,60,Y,90,2403,0,20240123,4700,0,12.0,,0,,N,N,N,0,0,0,0,0.0,,497,,N,N,N
475270,KR7475270005,ACE 5월만기자동연장회사채AA-이상액티브,EF,,0,0,0,N,N,,0,N,N,N,2.0,N,N,,,,,N,,,0,,,Y,,,,,,10565,1,1,N,N,N,0,N,N,N,0,0,0,60,Y,90,1451,0,20240123,4060,0,12.0,,0,,N,N,N,0,0,0,0,0.0,,428,,N,N,N
475280,KR7475280004,ACE 8월만기자동연장회사채AA-이상액티브,EF,,0,0,0,N,N,,0,N,N,N,2.0,N,N,,,,,N,,,0,,,Y,,,,,,10575,1,1,N,N,N,0,N,N,N,0,0,0,60,Y,90,2717,0,20240123,8430,0,12.0,,0,,N,N,N,0,0,0,0,0.0,,891,,N,N,N
475300,KR7475300000,SOL 반도체전공정,EF,,0,0,0,N,N,,0,N,N,N,2.0,N,N,,,,,N,,,0,,,Y,,,,,,8605,1,1,N,N,N,0,N,N,N,0,0,0,100,N,90,71903,0,20240214,2400,0,12.0,,0,,N,N,N,0,0,0,0,0.0,,206,,N,N,N
475310,KR7475310009,SOL 반도체후공정,EF,,0,0,0,N,N,,0,N,N,N,2.0,N,N,,,,,N,,,0,,,Y,,,,,,12015,1,1,N,N,N,0,N,N,N,0,0,0,100,N,90,22101,0,20240214,1150,0,12.0,,0,,N,N,N,0,0,0,0,0.0,,138,,N,N,N
475350,KR7475350005,RISE 버크셔포트폴리오TOP10,EF,,0,0,0,N,N,,0,N,N,N,2.0,N,N,,,,,N,,,0,,,Y,,,,,,12090,1,1,N,N,N,0,N,N,N,0,0,0,30,Y,90,68623,0,20240227,5800,0,12.0,,0,,N,N,N,0,0,0,0,0.0,,701,,N,N,N
475380,KR7475380002,RISE 글로벌리얼티인컴,EF,,0,0,0,N,N,,0,N,N,N,2.0,N,N,,,,,N,,,0,,,Y,,,,,,10040,1,1,N,N,N,0,N,N,N,0,0,0,30,Y,90,24386,0,20240220,3500,0,12.0,,0,,N,N,N,0,0,0,0,0.0,,351,,N,N,N
475560,KR7475560009,더본코리아,ST,3.0,16,0,0,,N,,0,N,N,N,,N,N,,,,,N,,,0,,,N,,,,,,26650,1,1,N,N,N,0,N,N,N,0,0,0,60,Y,90,18019,500,20241106,14776,7527040000,12.0,,0,,N,N,Y,1107,62,83,63,9.42,20250331.0,3937,,N,N,N
475630,KR7475630000,TIGER CD1년금리액티브(합성),EF,,0,0,0,N,N,,0,N,N,N,2.0,N,N,,,,,N,,,0,,,Y,,,,,,1050395,1,1,N,N,N,0,N,N,N,0,0,0,60,Y,90,6367,0,20240206,926,0,12.0,,0,,N,N,N,0,0,0,0,0.0,,9729,,N,N,N
475720,KR7475720009,RISE 200위클리커버드콜,EF,,0,0,0,N,N,,0,N,N,N,2.0,N,N,,,,,N,,,0,,,Y,,,,,,9485,1,1,N,N,N,0,N,N,N,0,0,0,60,Y,90,686035,0,20240305,46850,0,12.0,,0,,N,N,N,0,0,0,0,0.0,,4443,,N,N,N
476000,KR7476000005,UNICORN 포스트IPO액티브,EF,,0,0,0,N,N,,0,N,N,N,2.0,N,N,,,,,N,,,0,,,Y,,,,,,9145,1,1,N,N,N,0,N,N,N,0,0,0,100,N,90,14285,0,20240227,450,0,12.0,,0,,N,N,N,0,0,0,0,0.0,,41,,N,N,N
476030,KR7476030002,SOL 미국나스닥100,EF,,0,0,0,N,N,,0,N,N,N,2.0,N,N,,,,,N,,,0,,,Y,,,,,,13570,1,1,N,N,N,0,N,N,N,0,0,0,30,Y,90,21361,0,20240312,3650,0,12.0,,0,,N,N,N,0,0,0,0,0.0,,495,,N,N,N
476070,KR7476070008,KODEX 글로벌비만치료제TOP2 Plus,EF,,0,0,0,N,N,,0,N,N,N,2.0,N,N,,,,,N,,,0,,,Y,,,,,,8740,1,1,N,N,N,0,N,N,N,0,0,0,30,Y,90,109826,0,20240214,6600,0,12.0,,0,,N,N,N,0,0,0,0,0.0,,576,,N,N,N
476260,KR7476260005,HANARO 반도체핵심공정주도주,EF,,0,0,0,N,N,,0,N,N,N,2.0,N,N,,,,,N,,,0,,,Y,,,,,,6160,1,1,N,N,N,0,N,N,N,0,0,0,100,N,90,16177,0,20240227,800,0,12.0,,0,,N,N,N,0,0,0,0,0.0,,49,,N,N,N
476310,KR7476310008,RISE 글로벌비만산업TOP2+,EF,,0,0,0,N,N,,0,N,N,N,2.0,N,N,,,,,N,,,0,,,Y,,,,,,7895,1,1,N,N,N,0,N,N,N,0,0,0,100,N,90,13291,0,20240227,550,0,12.0,,0,,N,N,N,0,0,0,0,0.0,,43,,N,N,N
476450,KR7476450002,KIWOOM 머니마켓액티브,EF,,0,0,0,N,N,,0,N,N,N,2.0,N,N,,,,,N,,,0,,,Y,,,,,,52620,1,1,N,N,N,0,N,N,N,0,0,0,60,Y,90,47,0,20240229,6336,0,12.0,,0,,N,N,N,0,0,0,0,0.0,,3334,,N,N,N
476550,KR7476550009,TIGER 미국30년국채커버드콜액티브(H),EF,,0,0,0,N,N,,0,N,N,N,2.0,N,N,,,,,N,,,0,,,Y,,,,,,7955,1,1,N,N,N,0,N,N,N,0,0,0,60,Y,90,953157,0,20240227,165600,0,12.0,,0,,N,N,N,0,0,0,0,0.0,,13173,,N,N,N
476690,KR7476690003,TIGER 글로벌비만치료제TOP2Plus,EF,,0,0,0,N,N,,0,N,N,N,2.0,N,N,,,,,N,,,0,,,Y,,,,,,8240,1,1,N,N,N,0,N,N,N,0,0,0,30,Y,90,128587,0,20240229,6550,0,12.0,,0,,N,N,N,0,0,0,0,0.0,,539,,N,N,N
476750,KR7476750005,ACE 미국30년국채엔화노출액티브(H),EF,,0,0,0,N,N,,0,N,N,N,2.0,N,N,,,,,N,,,0,,,Y,,,,,,8865,1,1,N,N,N,0,N,N,N,0,0,0,60,Y,90,74828,0,20240312,13300,0,12.0,,0,,N,N,N,0,0,0,0,0.0,,1179,,N,N,N
476760,KR7476760004,ACE 미국30년국채액티브,EF,,0,0,0,N,N,,0,N,N,N,2.0,N,N,,,,,N,,,0,,,Y,,,,,,9525,1,1,N,N,N,0,N,N,N,0,0,0,60,Y,90,283757,0,20240312,29400,0,12.0,,0,,N,N,N,0,0,0,0,0.0,,2800,,N,N,N
476800,KR7476800008,KODEX 한국부동산리츠인프라,EF,,0,0,0,N,N,,0,N,N,N,2.0,N,N,,,,,N,,,0,,,Y,,,,,,4730,1,1,N,N,N,0,N,N,N,0,0,0,30,Y,90,802462,0,20240305,86500,0,12.0,,0,,N,N,N,0,0,0,0,0.0,,4091,,N,N,N
476810,KR7476810007,KODEX 25-11 은행채(AA-이상)PLUS액티브,EF,,0,0,0,N,N,,0,N,N,N,2.0,N,N,,,,,N,,,0,,,Y,,,,,,10610,1,1,N,N,N,0,N,N,N,0,0,0,60,Y,90,22444,0,20240305,70370,0,12.0,,0,,N,N,N,0,0,0,0,0.0,,7466,,N,N,N
476850,KR7476850003,KoAct 배당성장액티브,EF,,0,0,0,N,N,,0,N,N,N,2.0,N,N,,,,,N,,,0,,,Y,,,,,,11360,1,1,N,N,N,0,N,N,N,0,0,0,60,Y,90,20522,0,20240227,2150,0,12.0,,0,,N,N,N,0,0,0,0,0.0,,244,,N,N,N
477050,KR7477050009,PLUS 머니마켓액티브,EF,,0,0,0,N,N,,0,N,N,N,2.0,N,N,,,,,N,,,0,,,Y,,,,,,52525,1,1,N,N,N,0,N,N,N,0,0,0,60,Y,90,40052,0,20240326,7796,0,12.0,,0,,N,N,N,0,0,0,0,0.0,,4094,,N,N,N
477080,KR7477080006,RISE CD금리액티브(합성),EF,,0,0,0,N,N,,0,N,N,N,2.0,N,N,,,,,N,,,0,,,Y,,,,,,104435,1,1,N,N,N,0,N,N,N,0,0,0,60,Y,90,2436,0,20240326,10076,0,12.0,,0,,N,N,N,0,0,0,0,0.0,,10522,,N,N,N
477490,KR7477490007,에셋플러스 글로벌일등기업포커스10액티브,EF,,0,0,0,N,N,,0,N,N,N,2.0,N,N,,,,,N,,,0,,,Y,,,,,,16240,1,1,N,N,N,0,N,N,N,0,0,0,100,N,90,3238,0,20240319,800,0,12.0,,0,,N,N,N,0,0,0,0,0.0,,129,,N,N,N
477730,KR7477730006,KODEX 인도타타그룹,EF,,0,0,0,N,N,,0,N,N,N,2.0,N,N,,,,,N,,,0,,,Y,,,,,,8340,1,1,N,N,N,0,N,N,N,0,0,0,30,Y,90,32503,0,20240508,4150,0,12.0,,0,,N,N,N,0,0,0,0,0.0,,346,,N,N,N
478150,KR7478150006,TIMEFOLIO 글로벌우주테크&방산액티브,EF,,0,0,0,N,N,,0,N,N,N,2.0,N,N,,,,,N,,,0,,,Y,,,,,,18235,1,1,N,N,N,0,N,N,N,0,0,0,60,Y,90,281938,0,20240423,10000,0,12.0,,0,,N,N,N,0,0,0,0,0.0,,1823,,N,N,N
479080,KR7479080004,1Q 머니마켓액티브,EF,,0,0,0,N,N,,0,N,N,N,2.0,N,N,,,,,N,,,0,,,Y,,,,,,52525,1,1,N,N,N,0,N,N,N,0,0,0,60,Y,90,78508,0,20240402,19932,0,12.0,,0,,N,N,N,0,0,0,0,0.0,,10469,,N,N,N
479520,KR7479520009,RISE KOFR금리액티브(합성),EF,,0,0,0,N,N,,0,N,N,N,2.0,N,N,,,,,N,,,0,,,Y,,,,,,104095,1,1,N,N,N,0,N,N,N,0,0,0,60,Y,90,1715,0,20240430,3294,0,12.0,,0,,N,N,N,0,0,0,0,0.0,,3428,,N,N,N
479620,KR7479620007,SOL 미국AI반도체칩메이커,EF,,0,0,0,N,N,,0,N,N,N,2.0,N,N,,,,,N,,,0,,,Y,,,,,,11840,1,1,N,N,N,0,N,N,N,0,0,0,30,Y,90,11566,0,20240416,2200,0,12.0,,0,,N,N,N,0,0,0,0,0.0,,260,,N,N,N
479730,KR7479730004,TIGER 인도빌리언컨슈머,EF,,0,0,0,N,N,,0,N,N,N,2.0,N,N,,,,,N,,,0,,,Y,,,,,,9935,1,1,N,N,N,0,N,N,N,0,0,0,30,Y,90,59841,0,20240514,12750,0,12.0,,0,,N,N,N,0,0,0,0,0.0,,1266,,N,N,N
479850,KR7479850000,HANARO K-뷰티,EF,,0,0,0,N,N,,0,N,N,N,2.0,N,N,,,,,N,,,0,,,Y,,,,,,17535,1,1,N,N,N,0,N,N,N,0,0,0,100,N,90,537938,0,20240416,2950,0,12.0,,0,,N,N,N,0,0,0,0,0.0,,517,,N,N,N
480020,KR7480020007,ACE 미국빅테크7+데일리타겟커버드콜(합성),EF,,0,0,0,N,N,,0,N,N,N,2.0,N,N,,,,,N,,,0,,,Y,,,,,,11380,1,1,N,N,N,0,N,N,N,0,0,0,60,Y,90,114595,0,20240423,16100,0,12.0,,0,,N,N,N,0,0,0,0,0.0,,1832,,N,N,N
480030,KR7480030006,ACE 미국500데일리타겟커버드콜(합성),EF,,0,0,0,N,N,,0,N,N,N,2.0,N,N,,,,,N,,,0,,,Y,,,,,,10155,1,1,N,N,N,0,N,N,N,0,0,0,60,Y,90,110615,0,20240423,15500,0,12.0,,0,,N,N,N,0,0,0,0,0.0,,1574,,N,N,N
480040,KR7480040005,ACE 미국반도체데일리타겟커버드콜(합성),EF,,0,0,0,N,N,,0,N,N,N,2.0,N,N,,,,,N,,,0,,,Y,,,,,,9700,1,1,N,N,N,0,N,N,N,0,0,0,60,Y,90,80752,0,20240423,9200,0,12.0,,0,,N,N,N,0,0,0,0,0.0,,892,,N,N,N
480260,KR7480260009,TIGER 27-04회사채(A+이상)액티브,EF,,0,0,0,N,N,,0,N,N,N,2.0,N,N,,,,,N,,,0,,,Y,,,,,,53650,1,1,N,N,N,0,N,N,N,0,0,0,60,Y,90,10602,0,20240423,8122,0,12.0,,0,,N,N,N,0,0,0,0,0.0,,4357,,N,N,N
480310,KR7480310002,TIGER 글로벌온디바이스AI,EF,,0,0,0,N,N,,0,N,N,N,2.0,N,N,,,,,N,,,0,,,Y,,,,,,11265,1,1,N,N,N,0,N,N,N,0,0,0,30,Y,90,23516,0,20240416,6750,0,12.0,,0,,N,N,N,0,0,0,0,0.0,,760,,N,N,N
480370,KR7480370006,씨케이솔루션,ST,0.0,18,0,0,,N,,0,N,N,N,,N,N,,,,,N,,,0,,,N,,,,,,11040,1,1,N,N,N,0,N,N,N,0,0,0,50,Y,90,25591,100,20250317,10934,1093486100,12.0,,0,,N,N,Y,790,-80,-81,-69,-27.93,20250331.0,1207,,N,N,Y
480460,KR7480460005,WON 한국부동산TOP3플러스,EF,,0,0,0,N,N,,0,N,N,N,2.0,N,N,,,,,N,,,0,,,Y,,,,,,9750,1,1,N,N,N,0,N,N,N,0,0,0,100,N,90,426,0,20240430,1000,0,12.0,,0,,N,N,N,0,0,0,0,0.0,,97,,N,N,N
481050,KR7481050003,KODEX CD1년금리플러스액티브(합성),EF,,0,0,0,N,N,,0,N,N,N,2.0,N,N,,,,,N,,,0,,,Y,,,,,,1022570,1,1,N,N,N,0,N,N,N,0,0,0,60,Y,90,8189,0,20240423,2245,0,12.0,,0,,N,N,N,0,0,0,0,0.0,,22964,,N,N,N
481060,KR7481060002,KODEX 미국30년국채타겟커버드콜(합성 H),EF,,0,0,0,N,N,,0,N,N,N,2.0,N,N,,,,,N,,,0,,,Y,,,,,,8680,1,1,N,N,N,0,N,N,N,0,0,0,60,Y,90,1089136,0,20240430,82250,0,12.0,,0,,N,N,N,0,0,0,0,0.0,,7139,,N,N,N
481180,KR7481180008,SOL 미국AI소프트웨어,EF,,0,0,0,N,N,,0,N,N,N,2.0,N,N,,,,,N,,,0,,,Y,,,,,,14760,1,1,N,N,N,0,N,N,N,0,0,0,30,Y,90,769915,0,20240514,20850,0,12.0,,0,,N,N,N,0,0,0,0,0.0,,3077,,N,N,N
481190,KR7481190007,SOL 미국테크TOP10,EF,,0,0,0,N,N,,0,N,N,N,2.0,N,N,,,,,N,,,0,,,Y,,,,,,14260,1,1,N,N,N,0,N,N,N,0,0,0,30,Y,90,332246,0,20240521,13400,0,12.0,,0,,N,N,N,0,0,0,0,0.0,,1910,,N,N,N
481200,KR7481200004,SOL 미국테크TOP10인버스(합성),EF,,0,0,0,N,N,,0,N,N,N,2.0,N,N,,,,,N,,,0,,,N,,,,,,6820,1,1,N,N,N,0,N,N,N,0,0,0,100,N,90,247,0,20240521,800,0,12.0,,0,,N,N,N,0,0,0,0,0.0,,54,,N,N,N
481340,KR7481340008,RISE 미국30년국채액티브,EF,,0,0,0,N,N,,0,N,N,N,2.0,N,N,,,,,N,,,0,,,Y,,,,,,9440,1,1,N,N,N,0,N,N,N,0,0,0,60,Y,90,68013,0,20240528,3300,0,12.0,,0,,N,N,N,0,0,0,0,0.0,,311,,N,N,N
481430,KR7481430007,RISE 국고채10년액티브,EF,,0,0,0,N,N,,0,N,N,N,2.0,N,N,,,,,N,,,0,,,Y,,,,,,108405,1,1,N,N,N,0,N,N,N,0,0,0,60,Y,90,486,0,20240521,1575,0,12.0,,0,,N,N,N,0,0,0,0,0.0,,1707,,N,N,N
481850,KR7481850006,신한글로벌액티브리츠,RT,3.0,21,0,0,,N,,0,N,N,N,,N,N,,,,,N,,,0,,,Y,,,,,,1531,1,1,N,N,N,0,N,N,N,0,0,0,100,N,90,97883,1000,20240701,43477,43477664000,,,0,,N,N,Y,0,0,0,0,0.0,,665,,N,N,N
482030,KR7482030004,KoAct 테크핵심소재공급망액티브,EF,,0,0,0,N,N,,0,N,N,N,2.0,N,N,,,,,N,,,0,,,Y,,,,,,7255,1,1,N,N,N,0,N,N,N,0,0,0,100,N,90,3107,0,20240514,450,0,12.0,,0,,N,N,N,0,0,0,0,0.0,,32,,N,N,N
482730,KR7482730009,TIGER 미국S&P500타겟데일리커버드콜,EF,,0,0,0,N,N,,0,N,N,N,2.0,N,N,,,,,N,,,0,,,Y,,,,,,10860,1,1,N,N,N,0,N,N,N,0,0,0,60,Y,90,223968,0,20240521,30550,0,12.0,,0,,N,N,N,0,0,0,0,0.0,,3317,,N,N,N
482870,KR7482870003,HANARO 주주가치성장코리아액티브,EF,,0,0,0,N,N,,0,N,N,N,2.0,N,N,,,,,N,,,0,,,Y,,,,,,12730,1,1,N,N,N,0,N,N,N,0,0,0,100,N,90,471,0,20240611,850,0,12.0,,0,,N,N,N,0,0,0,0,0.0,,108,,N,N,N
483020,KR7483020004,KIWOOM 의료AI,EF,,0,0,0,N,N,,0,N,N,N,2.0,N,N,,,,,N,,,0,,,Y,,,,,,9525,1,1,N,N,N,0,N,N,N,0,0,0,100,N,90,6777,0,20240528,600,0,12.0,,0,,N,N,N,0,0,0,0,0.0,,57,,N,N,N
483030,KR7483030003,KIWOOM 미국블록버스터바이오테크의약품+,EF,,0,0,0,N,N,,0,N,N,N,2.0,N,N,,,,,N,,,0,,,Y,,,,,,8880,1,1,N,N,N,0,N,N,N,0,0,0,100,N,90,16893,0,20240528,350,0,12.0,,0,,N,N,N,0,0,0,0,0.0,,31,,N,N,N
483240,KR7483240008,TIGER 미국나스닥100ETF선물,EF,,0,0,0,N,N,,0,N,N,N,2.0,N,N,,,,,N,,,0,,,N,,,,,,11155,1,1,N,N,N,0,N,N,N,0,0,0,100,N,90,653,0,20241119,2000,0,12.0,,0,,N,N,N,0,0,0,0,0.0,,223,,N,N,N
483280,KR7483280004,KODEX 미국AI테크TOP10타겟커버드콜,EF,,0,0,0,N,N,,0,N,N,N,2.0,N,N,,,,,N,,,0,,,Y,,,,,,11565,1,1,N,N,N,0,N,N,N,0,0,0,60,Y,90,467798,0,20240528,38500,0,12.0,,0,,N,N,N,0,0,0,0,0.0,,4452,,N,N,N
483290,KR7483290003,KODEX 미국배당다우존스타겟커버드콜,EF,,0,0,0,N,N,,0,N,N,N,2.0,N,N,,,,,N,,,0,,,Y,,,,,,9010,1,1,N,N,N,0,N,N,N,0,0,0,60,Y,90,220407,0,20240528,18900,0,12.0,,0,,N,N,N,0,0,0,0,0.0,,1702,,N,N,N
483320,KR7483320008,ACE 엔비디아밸류체인액티브,EF,,0,0,0,N,N,,0,N,N,N,2.0,N,N,,,,,N,,,0,,,Y,,,,,,10555,1,1,N,N,N,0,N,N,N,0,0,0,60,Y,90,411306,0,20240611,11550,0,12.0,,0,,N,N,N,0,0,0,0,0.0,,1219,,N,N,N
483330,KR7483330007,ACE 마이크로소프트밸류체인액티브,EF,,0,0,0,N,N,,0,N,N,N,2.0,N,N,,,,,N,,,0,,,Y,,,,,,13125,1,1,N,N,N,0,N,N,N,0,0,0,100,N,90,189593,0,20240611,1550,0,12.0,,0,,N,N,N,0,0,0,0,0.0,,203,,N,N,N
483340,KR7483340006,ACE 구글밸류체인액티브,EF,,0,0,0,N,N,,0,N,N,N,2.0,N,N,,,,,N,,,0,,,Y,,,,,,11905,1,1,N,N,N,0,N,N,N,0,0,0,60,Y,90,132405,0,20240611,2200,0,12.0,,0,,N,N,N,0,0,0,0,0.0,,261,,N,N,N
483420,KR7483420006,ACE 애플밸류체인액티브,EF,,0,0,0,N,N,,0,N,N,N,2.0,N,N,,,,,N,,,0,,,Y,,,,,,11035,1,1,N,N,N,0,N,N,N,0,0,0,100,N,90,45683,0,20240611,1050,0,12.0,,0,,N,N,N,0,0,0,0,0.0,,115,,N,N,N
483570,KR7483570008,KCGI 미국S&P500 TOP10,EF,,0,0,0,N,N,,0,N,N,N,2.0,N,N,,,,,N,,,0,,,Y,,,,,,13195,1,1,N,N,N,0,N,N,N,0,0,0,100,N,90,6227,0,20240528,1600,0,12.0,,0,,N,N,N,0,0,0,0,0.0,,211,,N,N,N
483650,KR7483650008,달바글로벌,ST,0.0,27,8,0,,N,,0,N,N,N,,N,N,,,,,N,,,0,,,N,,,,,,238000,1,1,N,N,N,0,N,N,N,0,0,0,100,N,90,536902,100,20250522,12286,1228641500,12.0,,0,,N,N,Y,1138,301,325,247,87.33,20250331.0,29241,,N,N,N
484790,KR7484790001,KODEX 미국30년국채액티브(H),EF,,0,0,0,N,N,,0,N,N,N,2.0,N,N,,,,,N,,,0,,,Y,,,,,,8970,1,1,N,N,N,0,N,N,N,0,0,0,60,Y,90,778426,0,20240618,73480,0,12.0,,0,,N,N,N,0,0,0,0,0.0,,6591,,N,N,N
484870,KR7484870001,엠앤씨솔루션,ST,0.0,27,12,0,,N,,0,N,N,N,,N,N,,,,,N,,,0,,,N,,,,,,166800,1,1,N,N,N,0,N,N,N,0,0,0,60,Y,90,29632,100,20241216,9153,915390000,12.0,,0,,N,N,Y,2828,348,344,270,21.82,20241231.0,15268,,N,N,Y
484880,KR7484880000,SOL 금융지주플러스고배당,EF,,0,0,0,N,N,,0,N,N,N,2.0,N,N,,,,,N,,,0,,,Y,,,,,,15840,1,1,N,N,N,0,N,N,N,0,0,0,30,Y,90,307122,0,20240625,14100,0,12.0,,0,,N,N,N,0,0,0,0,0.0,,2233,,N,N,N
484890,KR7484890009,SOL 머니마켓액티브,EF,,0,0,0,N,N,,0,N,N,N,2.0,N,N,,,,,N,,,0,,,Y,,,,,,51810,1,1,N,N,N,0,N,N,N,0,0,0,100,N,90,3525,0,20240625,222,0,12.0,,0,,N,N,N,0,0,0,0,0.0,,115,,N,N,N
485540,KR7485540009,KODEX 미국AI테크TOP10,EF,,0,0,0,N,N,,0,N,N,N,2.0,N,N,,,,,N,,,0,,,Y,,,,,,12685,1,1,N,N,N,0,N,N,N,0,0,0,30,Y,90,607618,0,20240625,12200,0,12.0,,0,,N,N,N,0,0,0,0,0.0,,1547,,N,N,N
485690,KR7485690002,RISE 미국AI밸류체인TOP3Plus,EF,,0,0,0,N,N,,0,N,N,N,2.0,N,N,,,,,N,,,0,,,Y,,,,,,14800,1,1,N,N,N,0,N,N,N,0,0,0,30,Y,90,35599,0,20240723,3650,0,12.0,,0,,N,N,N,0,0,0,0,0.0,,540,,N,N,N
485810,KR7485810006,TIMEFOLIO 글로벌안티에이징바이오액티브,EF,,0,0,0,N,N,,0,N,N,N,2.0,N,N,,,,,N,,,0,,,Y,,,,,,8135,1,1,N,N,N,0,N,N,N,0,0,0,100,N,90,4960,0,20240702,550,0,12.0,,0,,N,N,N,0,0,0,0,0.0,,44,,N,N,N
486240,KR7486240005,DAISHIN343 AI반도체&인프라액티브,EF,,0,0,0,N,N,,0,N,N,N,2.0,N,N,,,,,N,,,0,,,Y,,,,,,9815,1,1,N,N,N,0,N,N,N,0,0,0,100,N,90,406,0,20240618,1700,0,12.0,,0,,N,N,N,0,0,0,0,0.0,,166,,N,N,N
486290,KR7486290000,TIGER 미국나스닥100타겟데일리커버드콜,EF,,0,0,0,N,N,,0,N,N,N,2.0,N,N,,,,,N,,,0,,,Y,,,,,,9900,1,1,N,N,N,0,N,N,N,0,0,0,60,Y,90,619916,0,20240625,79250,0,12.0,,0,,N,N,N,0,0,0,0,0.0,,7845,,N,N,N
486450,KR7486450000,SOL 미국AI전력인프라,EF,,0,0,0,N,N,,0,N,N,N,2.0,N,N,,,,,N,,,0,,,Y,,,,,,18140,1,1,N,N,N,0,N,N,N,0,0,0,30,Y,90,245196,0,20240716,12300,0,12.0,,0,,N,N,N,0,0,0,0,0.0,,2231,,N,N,N
486780,KR7486780000,HANARO 200선물레버리지1.5X,EF,,0,0,0,N,N,,0,N,N,N,2.0,N,N,,,,,N,,,0,,,N,,,,,,17010,1,1,N,N,N,0,N,N,N,0,0,0,100,N,90,1865,0,20240709,240,0,12.0,,0,,N,N,N,0,0,0,0,0.0,,40,,N,N,N
486790,KR7486790009,HANARO 코스닥150선물레버리지1.5X,EF,,0,0,0,N,N,,0,N,N,N,2.0,N,N,,,,,N,,,0,,,N,,,,,,12965,1,1,N,N,N,0,N,N,N,0,0,0,100,N,90,171,0,20240709,300,0,12.0,,0,,N,N,N,0,0,0,0,0.0,,38,,N,N,N
486830,KR7486830003,HANARO 머니마켓액티브,EF,,0,0,0,N,N,,0,N,N,N,2.0,N,N,,,,,N,,,0,,,Y,,,,,,51855,1,1,N,N,N,0,N,N,N,0,0,0,60,Y,90,1885,0,20240716,1458,0,12.0,,0,,N,N,N,0,0,0,0,0.0,,756,,N,N,N
487130,KR7487130007,KoAct AI인프라액티브,EF,,0,0,0,N,N,,0,N,N,N,2.0,N,N,,,,,N,,,0,,,Y,,,,,,11095,1,1,N,N,N,0,N,N,N,0,0,0,100,N,90,2960,0,20240709,650,0,12.0,,0,,N,N,N,0,0,0,0,0.0,,72,,N,N,N
487230,KR7487230005,KODEX 미국AI전력핵심인프라,EF,,0,0,0,N,N,,0,N,N,N,2.0,N,N,,,,,N,,,0,,,Y,,,,,,17410,1,1,N,N,N,0,N,N,N,0,0,0,30,Y,90,2225242,0,20240709,43900,0,12.0,,0,,N,N,N,0,0,0,0,0.0,,7642,,N,N,N
487240,KR7487240004,KODEX AI전력핵심설비,EF,,0,0,0,N,N,,0,N,N,N,2.0,N,N,,,,,N,,,0,,,Y,,,,,,16845,1,1,N,N,N,0,N,N,N,0,0,0,30,Y,90,2533429,0,20240709,25600,0,12.0,,0,,N,N,N,0,0,0,0,0.0,,4312,,N,N,N
487340,KR7487340002,ACE 머니마켓액티브,EF,,0,0,0,N,N,,0,N,N,N,2.0,N,N,,,,,N,,,0,,,Y,,,,,,103810,1,1,N,N,N,0,N,N,N,0,0,0,60,Y,90,24245,0,20240709,2994,0,12.0,,0,,N,N,N,0,0,0,0,0.0,,3108,,N,N,N
487570,KR7487570004,HS효성,ST,3.0,21,0,0,,N,,0,N,N,N,,N,N,,,,,N,,,0,,,N,,,,,,60500,1,1,N,N,N,0,N,N,N,0,0,0,60,Y,90,20668,5000,20240729,3725,18629635000,12.0,,0,,N,N,Y,4545,96,33,-4,-0.32,20250331.0,2254,971,N,N,Y
487750,KR7487750002,BNK 온디바이스AI,EF,,0,0,0,N,N,,0,N,N,N,2.0,N,N,,,,,N,,,0,,,Y,,,,,,8510,1,1,N,N,N,0,N,N,N,0,0,0,100,N,90,3313,0,20240723,550,0,12.0,,0,,N,N,N,0,0,0,0,0.0,,46,,N,N,N
487910,KR7487910002,ACE 인도컨슈머파워액티브,EF,,0,0,0,N,N,,0,N,N,N,2.0,N,N,,,,,N,,,0,,,Y,,,,,,8985,1,1,N,N,N,0,N,N,N,0,0,0,60,Y,90,55717,0,20240910,5650,0,12.0,,0,,N,N,N,0,0,0,0,0.0,,507,,N,N,N
487920,KR7487920001,ACE 인도시장대표BIG5그룹액티브,EF,,0,0,0,N,N,,0,N,N,N,2.0,N,N,,,,,N,,,0,,,Y,,,,,,8210,1,1,N,N,N,0,N,N,N,0,0,0,100,N,90,10918,0,20240910,1300,0,12.0,,0,,N,N,N,0,0,0,0,0.0,,106,,N,N,N
487950,KR7487950008,KODEX 대만테크고배당다우존스,EF,,0,0,0,N,N,,0,N,N,N,2.0,N,N,,,,,N,,,0,,,Y,,,,,,9865,1,1,N,N,N,0,N,N,N,0,0,0,100,N,90,2162,0,20240723,1150,0,12.0,,0,,N,N,N,0,0,0,0,0.0,,113,,N,N,N
488080,KR7488080003,TIGER 반도체TOP10레버리지,EF,,0,0,0,N,N,,0,N,N,N,2.0,N,N,,,,,N,,,0,,,N,,,,,,6590,1,1,N,N,N,0,N,N,N,0,0,0,100,N,90,339280,0,20240723,3700,0,12.0,,0,,N,N,N,0,0,0,0,0.0,,243,,N,N,N
488200,KR7488200007,KIWOOM K-2차전지북미공급망,EF,,0,0,0,N,N,,0,N,N,N,2.0,N,N,,,,,N,,,0,,,Y,,,,,,8670,1,1,N,N,N,0,N,N,N,0,0,0,100,N,90,16033,0,20240723,900,0,12.0,,0,,N,N,N,0,0,0,0,0.0,,78,,N,N,N
488210,KR7488210006,KIWOOM K-반도체북미공급망,EF,,0,0,0,N,N,,0,N,N,N,2.0,N,N,,,,,N,,,0,,,Y,,,,,,8790,1,1,N,N,N,0,N,N,N,0,0,0,100,N,90,2286,0,20240723,350,0,12.0,,0,,N,N,N,0,0,0,0,0.0,,30,,N,N,N
488290,KR7488290008,마이다스 일본테크액티브,EF,,0,0,0,N,N,,0,N,N,N,2.0,N,N,,,,,N,,,0,,,Y,,,,,,24525,1,1,N,N,N,0,N,N,N,0,0,0,100,N,90,37,0,20240806,325,0,12.0,,0,,N,N,N,0,0,0,0,0.0,,79,,N,N,N
488480,KR7488480005,RISE 일본섹터TOP4Plus,EF,,0,0,0,N,N,,0,N,N,N,2.0,N,N,,,,,N,,,0,,,Y,,,,,,10820,1,1,N,N,N,0,N,N,N,0,0,0,100,N,90,709,0,20240820,700,0,12.0,,0,,N,N,N,0,0,0,0,0.0,,75,,N,N,N
488500,KR7488500000,TIGER 미국S&P500동일가중,EF,,0,0,0,N,N,,0,N,N,N,2.0,N,N,,,,,N,,,0,,,Y,,,,,,10705,1,1,N,N,N,0,N,N,N,0,0,0,30,Y,90,76602,0,20240723,12100,0,12.0,,0,,N,N,N,0,0,0,0,0.0,,1295,,N,N,N
488720,KR7488720004,WON 종합채권(AA-이상)액티브,EF,,0,0,0,N,N,,0,N,N,N,2.0,N,N,,,,,N,,,0,,,Y,,,,,,52305,1,1,N,N,N,0,N,N,N,0,0,0,60,Y,90,253,0,20240806,692,0,12.0,,0,,N,N,N,0,0,0,0,0.0,,361,,N,N,N
488770,KR7488770009,KODEX 머니마켓액티브,EF,,0,0,0,N,N,,0,N,N,N,2.0,N,N,,,,,N,,,0,,,Y,,,,,,103485,1,1,N,N,N,0,N,N,N,0,0,0,60,Y,90,444449,0,20240806,66358,0,12.0,,0,,N,N,N,0,0,0,0,0.0,,68670,,N,N,N
488980,KR7488980004,SOL 26-12 회사채(AA-이상)액티브,EF,,0,0,0,N,N,,0,N,N,N,2.0,N,N,,,,,N,,,0,,,Y,,,,,,52135,1,1,N,N,N,0,N,N,N,0,0,0,60,Y,90,77,0,20241008,4660,0,12.0,,0,,N,N,N,0,0,0,0,0.0,,2429,,N,N,N
489000,KR7489000000,PLUS 일본엔화초단기국채(합성),EF,,0,0,0,N,N,,0,N,N,N,2.0,N,N,,,,,N,,,0,,,Y,,,,,,10060,1,1,N,N,N,0,N,N,N,0,0,0,100,N,90,27743,0,20240813,1800,0,12.0,,0,,N,N,N,0,0,0,0,0.0,,181,,N,N,N
489010,KR7489010009,PLUS 글로벌AI인프라,EF,,0,0,0,N,N,,0,N,N,N,2.0,N,N,,,,,N,,,0,,,Y,,,,,,14545,1,1,N,N,N,0,N,N,N,0,0,0,100,N,90,968,0,20240813,600,0,12.0,,0,,N,N,N,0,0,0,0,0.0,,87,,N,N,N
489030,KR7489030007,PLUS 고배당주위클리커버드콜,EF,,0,0,0,N,N,,0,N,N,N,2.0,N,N,,,,,N,,,0,,,N,,,,,,10525,1,1,N,N,N,0,N,N,N,0,0,0,60,Y,90,184226,0,20240813,10950,0,12.0,,0,,N,N,N,0,0,0,0,0.0,,1152,,N,N,N
489250,KR7489250001,KODEX 미국배당다우존스,EF,,0,0,0,N,N,,0,N,N,N,2.0,N,N,,,,,N,,,0,,,Y,,,,,,10105,1,1,N,N,N,0,N,N,N,0,0,0,30,Y,90,290095,0,20240813,34700,0,12.0,,0,,N,N,N,0,0,0,0,0.0,,3506,,N,N,N
489290,KR7489290007,WON 미국빌리어네어,EF,,0,0,0,N,N,,0,N,N,N,2.0,N,N,,,,,N,,,0,,,Y,,,,,,13725,1,1,N,N,N,0,N,N,N,0,0,0,30,Y,90,32666,0,20240903,1950,0,12.0,,0,,N,N,N,0,0,0,0,0.0,,267,,N,N,N
489570,KR7489570002,HANARO 25-12 은행채(AA+이상)액티브,EF,,0,0,0,N,N,,0,N,N,N,2.0,N,N,,,,,N,,,0,,,Y,,,,,,10280,1,1,N,N,N,0,N,N,N,0,0,0,60,Y,90,515,0,20241015,10990,0,12.0,,0,,N,N,N,0,0,0,0,0.0,,1129,,N,N,N
489790,KR7489790006,한화비전,ST,2.0,27,13,0,,N,,2,N,N,Y,,N,Y,,,,,N,,,0,,,N,,,,,,56200,1,1,N,N,N,0,N,N,N,0,0,0,60,Y,90,377570,500,20240927,50488,25244195000,12.0,,0,,N,Y,Y,4518,443,-131,-33,-1.16,20250331.0,28374,913,N,N,Y
489860,KR7489860007,KIWOOM 글로벌전력GRID인프라,EF,,0,0,0,N,N,,0,N,N,N,2.0,N,N,,,,,N,,,0,,,Y,,,,,,11930,1,1,N,N,N,0,N,N,N,0,0,0,100,N,90,20842,0,20240827,450,0,12.0,,0,,N,N,N,0,0,0,0,0.0,,53,,N,N,N
489870,KR7489870006,KIWOOM 25-09 회사채(AA-이상)액티브,EF,,0,0,0,N,N,,0,N,N,N,2.0,N,N,,,,,N,,,0,,,Y,,,,,,51565,1,1,N,N,N,0,N,N,N,0,0,0,60,Y,90,0,0,20240924,2160,0,12.0,,0,,N,N,N,0,0,0,0,0.0,,1113,,N,N,N
490090,KR7490090008,TIGER 미국AI빅테크10,EF,,0,0,0,N,N,,0,N,N,N,2.0,N,N,,,,,N,,,0,,,Y,,,,,,12670,1,1,N,N,N,0,N,N,N,0,0,0,30,Y,90,740832,0,20240827,10450,0,12.0,,0,,N,N,N,0,0,0,0,0.0,,1324,,N,N,N
490330,KR7490330008,KoAct 미국뇌질환치료제액티브,EF,,0,0,0,N,N,,0,N,N,N,2.0,N,N,,,,,N,,,0,,,Y,,,,,,8485,1,1,N,N,N,0,N,N,N,0,0,0,100,N,90,3528,0,20240903,750,0,12.0,,0,,N,N,N,0,0,0,0,0.0,,63,,N,N,N
490480,KR7490480001,SOL K방산,EF,,0,0,0,N,N,,0,N,N,N,2.0,N,N,,,,,N,,,0,,,Y,,,,,,25950,1,1,N,N,N,0,N,N,N,0,0,0,30,Y,90,220097,0,20241002,3800,0,12.0,,0,,N,N,N,0,0,0,0,0.0,,986,,N,N,N
490490,KR7490490000,SOL 미국배당미국채혼합50,EF,,0,0,0,N,N,,0,N,N,N,2.0,N,N,,,,,N,,,0,,,Y,,,,,,9935,1,1,N,N,N,0,N,N,N,0,0,0,30,Y,90,182728,0,20240924,29000,0,12.0,,0,,N,N,N,0,0,0,0,0.0,,2881,,N,N,N
490590,KR7490590007,RISE 미국AI밸류체인데일리고정커버드콜,EF,,0,0,0,N,N,,0,N,N,N,2.0,N,N,,,,,N,,,0,,,Y,,,,,,12070,1,1,N,N,N,0,N,N,N,0,0,0,60,Y,90,487640,0,20241002,13200,0,12.0,,0,,N,N,N,0,0,0,0,0.0,,1593,,N,N,N
490600,KR7490600004,RISE 미국배당100데일리고정커버드콜,EF,,0,0,0,N,N,,0,N,N,N,2.0,N,N,,,,,N,,,0,,,Y,,,,,,8565,1,1,N,N,N,0,N,N,N,0,0,0,60,Y,90,152626,0,20240924,9050,0,12.0,,0,,N,N,N,0,0,0,0,0.0,,775,,N,N,N
491010,KR7491010005,TIGER 글로벌AI전력인프라액티브,EF,,0,0,0,N,N,,0,N,N,N,2.0,N,N,,,,,N,,,0,,,Y,,,,,,17020,1,1,N,N,N,0,N,N,N,0,0,0,60,Y,90,186962,0,20240910,9940,0,12.0,,0,,N,N,N,0,0,0,0,0.0,,1691,,N,N,N
491080,KR7491080008,KODEX 25-12 은행채(AAA)액티브,EF,,0,0,0,N,N,,0,N,N,N,2.0,N,N,,,,,N,,,0,,,Y,,,,,,103215,1,1,N,N,N,0,N,N,N,0,0,0,60,Y,90,520,0,20240910,9661,0,12.0,,0,,N,N,N,0,0,0,0,0.0,,9971,,N,N,N
491090,KR7491090007,KODEX 미국테크TOP3플러스,EF,,0,0,0,N,N,,0,N,N,N,2.0,N,N,,,,,N,,,0,,,Y,,,,,,13880,1,1,N,N,N,0,N,N,N,0,0,0,30,Y,90,27335,0,20240910,1950,0,12.0,,0,,N,N,N,0,0,0,0,0.0,,270,,N,N,N
491220,KR7491220000,PLUS 200TR,EF,,0,0,0,N,N,,0,N,N,N,2.0,N,N,,,,,N,,,0,,,Y,,,,,,51300,1,1,N,N,N,0,N,N,N,0,0,0,30,Y,90,135,0,20240910,600,0,12.0,,0,,N,N,N,0,0,0,0,0.0,,307,,N,N,N
491230,KR7491230009,PLUS 국공채머니마켓액티브,EF,,0,0,0,N,N,,0,N,N,N,2.0,N,N,,,,,N,,,0,,,Y,,,,,,51585,1,1,N,N,N,0,N,N,N,0,0,0,60,Y,90,855,0,20240910,2584,0,12.0,,0,,N,N,N,0,0,0,0,0.0,,1332,,N,N,N
491510,KR7491510004,파워 K-주주가치액티브,EF,,0,0,0,N,N,,0,N,N,N,2.0,N,N,,,,,N,,,0,,,Y,,,,,,12850,1,1,N,N,N,0,N,N,N,0,0,0,100,N,90,108,0,20240924,1300,0,12.0,,0,,N,N,N,0,0,0,0,0.0,,167,,N,N,N
491610,KR7491610002,1Q CD금리액티브(합성),EF,,0,0,0,N,N,,0,N,N,N,2.0,N,N,,,,,N,,,0,,,Y,,,,,,102645,1,1,N,N,N,0,N,N,N,0,0,0,60,Y,90,2436,0,20240924,2544,0,12.0,,0,,N,N,N,0,0,0,0,0.0,,2611,,N,N,N
491620,KR7491620001,RISE 미국테크100데일리고정커버드콜,EF,,0,0,0,N,N,,0,N,N,N,2.0,N,N,,,,,N,,,0,,,Y,,,,,,10185,1,1,N,N,N,0,N,N,N,0,0,0,60,Y,90,189486,0,20241002,10450,0,12.0,,0,,N,N,N,0,0,0,0,0.0,,1064,,N,N,N
491630,KR7491630000,RISE 미국반도체인버스(합성 H),EF,,0,0,0,N,N,,0,N,N,N,2.0,N,N,,,,,N,,,0,,,N,,,,,,16530,1,1,N,N,N,0,N,N,N,0,0,0,100,N,90,5210,0,20241022,450,0,12.0,,0,,N,N,N,0,0,0,0,0.0,,74,,N,N,N
491700,KR7491700001,HK 200,EF,,0,0,0,N,N,,0,N,N,N,2.0,N,N,,,,,N,,,0,,,Y,,,,,,43950,1,1,N,N,N,0,N,N,N,0,0,0,100,N,90,10,0,20240910,500,0,12.0,,0,,N,N,N,0,0,0,0,0.0,,219,,N,N,N
491820,KR7491820007,HANARO 전력설비투자,EF,,0,0,0,N,N,,0,N,N,N,2.0,N,N,,,,,N,,,0,,,Y,,,,,,20370,1,1,N,N,N,0,N,N,N,0,0,0,100,N,90,155416,0,20240924,1550,0,12.0,,0,,N,N,N,0,0,0,0,0.0,,315,,N,N,N
491830,KR7491830006,TIGER 미국AI반도체팹리스,EF,,0,0,0,N,N,,0,N,N,N,2.0,N,N,,,,,N,,,0,,,Y,,,,,,13120,1,1,N,N,N,0,N,N,N,0,0,0,100,N,90,82611,0,20240924,1650,0,12.0,,0,,N,N,N,0,0,0,0,0.0,,216,,N,N,N
492500,KR7492500004,1Q 현대차그룹채권(A+이상)&국고통안,EF,,0,0,0,N,N,,0,N,N,N,2.0,N,N,,,,,N,,,0,,,Y,,,,,,51680,1,1,N,N,N,0,N,N,N,0,0,0,30,Y,90,3252,0,20241002,2826,0,12.0,,0,,N,N,N,0,0,0,0,0.0,,1460,,N,N,N
493420,KR7493420004,SOL 미국배당다우존스2호,EF,,0,0,0,N,N,,0,N,N,N,2.0,N,N,,,,,N,,,0,,,Y,,,,,,9970,1,1,N,N,N,0,N,N,N,0,0,0,30,Y,90,91089,0,20241008,2900,0,12.0,,0,,N,N,N,0,0,0,0,0.0,,289,,N,N,N
493810,KR7493810006,TIGER 미국AI빅테크10타겟데일리커버드콜,EF,,0,0,0,N,N,,0,N,N,N,2.0,N,N,,,,,N,,,0,,,Y,,,,,,10835,1,1,N,N,N,0,N,N,N,0,0,0,60,Y,90,341911,0,20241015,16700,0,12.0,,0,,N,N,N,0,0,0,0,0.0,,1809,,N,N,N
494180,KR7494180003,TIMEFOLIO 글로벌소비트렌드액티브,EF,,0,0,0,N,N,,0,N,N,N,2.0,N,N,,,,,N,,,0,,,Y,,,,,,11985,1,1,N,N,N,0,N,N,N,0,0,0,100,N,90,3540,0,20241029,1300,0,12.0,,0,,N,N,N,0,0,0,0,0.0,,155,,N,N,N
494210,KR7494210008,SOL 미국500타겟데일리커버드콜액티브,EF,,0,0,0,N,N,,0,N,N,N,2.0,N,N,,,,,N,,,0,,,Y,,,,,,10145,1,1,N,N,N,0,N,N,N,0,0,0,100,N,90,95092,0,20241015,900,0,12.0,,0,,N,N,N,0,0,0,0,0.0,,91,,N,N,N
494220,KR7494220007,UNICORN SK하이닉스밸류체인액티브,EF,,0,0,0,N,N,,0,N,N,N,2.0,N,N,,,,,N,,,0,,,Y,,,,,,11845,1,1,N,N,N,0,N,N,N,0,0,0,100,N,90,51291,0,20241107,1200,0,12.0,,0,,N,N,N,0,0,0,0,0.0,,142,,N,N,N
494300,KR7494300007,KODEX 미국나스닥100데일리커버드콜OTM,EF,,0,0,0,N,N,,0,N,N,N,2.0,N,N,,,,,N,,,0,,,Y,,,,,,9525,1,1,N,N,N,0,N,N,N,0,0,0,60,Y,90,412950,0,20241022,34300,0,12.0,,0,,N,N,N,0,0,0,0,0.0,,3267,,N,N,N
494310,KR7494310006,KODEX 반도체레버리지,EF,,0,0,0,N,N,,0,N,N,N,2.0,N,N,,,,,N,,,0,,,N,,,,,,11345,1,1,N,N,N,0,N,N,N,0,0,0,100,N,90,484000,0,20241022,9050,0,12.0,,0,,N,N,N,0,0,0,0,0.0,,1026,,N,N,N
494330,KR7494330004,ACE 라이프자산주주가치액티브,EF,,0,0,0,N,N,,0,N,N,N,2.0,N,N,,,,,N,,,0,,,Y,,,,,,13790,1,1,N,N,N,0,N,N,N,0,0,0,60,Y,90,16789,0,20241015,3750,0,12.0,,0,,N,N,N,0,0,0,0,0.0,,517,,N,N,N
494340,KR7494340003,ACE 글로벌AI맞춤형반도체,EF,,0,0,0,N,N,,0,N,N,N,2.0,N,N,,,,,N,,,0,,,Y,,,,,,12525,1,1,N,N,N,0,N,N,N,0,0,0,100,N,90,6995,0,20241022,1200,0,12.0,,0,,N,N,N,0,0,0,0,0.0,,150,,N,N,N
494410,KR7494410004,PLUS 미국S&P500성장주,EF,,0,0,0,N,N,,0,N,N,N,2.0,N,N,,,,,N,,,0,,,Y,,,,,,11730,1,1,N,N,N,0,N,N,N,0,0,0,30,Y,90,6199,0,20241022,2300,0,12.0,,0,,N,N,N,0,0,0,0,0.0,,269,,N,N,N
494420,KR7494420003,PLUS 미국배당증가성장주데일리커버드콜,EF,,0,0,0,N,N,,0,N,N,N,2.0,N,N,,,,,N,,,0,,,Y,,,,,,9260,1,1,N,N,N,0,N,N,N,0,0,0,100,N,90,30772,0,20241022,1900,0,12.0,,0,,N,N,N,0,0,0,0,0.0,,175,,N,N,N
494670,KR7494670003,TIGER 조선TOP10,EF,,0,0,0,N,N,,0,N,N,N,2.0,N,N,,,,,N,,,0,,,Y,,,,,,24310,1,1,N,N,N,0,N,N,N,0,0,0,30,Y,90,2357764,0,20241022,19450,0,12.0,,0,,N,N,N,0,0,0,0,0.0,,4728,,N,N,N
494840,KR7494840002,TIGER 미국방산TOP10,EF,,0,0,0,N,N,,0,N,N,N,2.0,N,N,,,,,N,,,0,,,Y,,,,,,11235,1,1,N,N,N,0,N,N,N,0,0,0,100,N,90,45603,0,20241029,1900,0,12.0,,0,,N,N,N,0,0,0,0,0.0,,213,,N,N,N
494890,KR7494890007,KODEX 200액티브,EF,,0,0,0,N,N,,0,N,N,N,2.0,N,N,,,,,N,,,0,,,Y,,,,,,12545,1,1,N,N,N,0,N,N,N,0,0,0,60,Y,90,180730,0,20241029,28500,0,12.0,,0,,N,N,N,0,0,0,0,0.0,,3575,,N,N,N
494900,KR7494900004,TIGER 25-12 금융채(AA-이상),EF,,0,0,0,N,N,,0,N,N,N,2.0,N,N,,,,,N,,,0,,,Y,,,,,,51475,1,1,N,N,N,0,N,N,N,0,0,0,30,Y,90,135,0,20241029,25564,0,12.0,,0,,N,N,N,0,0,0,0,0.0,,13159,,N,N,N
495040,KR7495040008,PLUS 코리아밸류업,EF,,0,0,0,N,N,,0,N,N,N,2.0,N,N,,,,,N,,,0,,,Y,,,,,,12460,1,1,N,N,N,0,N,N,N,0,0,0,30,Y,90,2800,0,20241104,2500,0,12.0,,0,,N,N,N,0,0,0,0,0.0,,311,,N,N,N
495050,KR7495050007,RISE 코리아밸류업,EF,,0,0,0,N,N,,0,N,N,N,2.0,N,N,,,,,N,,,0,,,Y,,,,,,12585,1,1,N,N,N,0,N,N,N,0,0,0,30,Y,90,77553,0,20241104,14550,0,12.0,,0,,N,N,N,0,0,0,0,0.0,,1831,,N,N,N
495060,KR7495060006,TIMEFOLIO 코리아밸류업액티브,EF,,0,0,0,N,N,,0,N,N,N,2.0,N,N,,,,,N,,,0,,,Y,,,,,,12265,1,1,N,N,N,0,N,N,N,0,0,0,100,N,90,26509,0,20241104,2450,0,12.0,,0,,N,N,N,0,0,0,0,0.0,,300,,N,N,N
495230,KR7495230005,KoAct 코리아밸류업액티브,EF,,0,0,0,N,N,,0,N,N,N,2.0,N,N,,,,,N,,,0,,,Y,,,,,,12640,1,1,N,N,N,0,N,N,N,0,0,0,60,Y,90,236180,0,20241104,3800,0,12.0,,0,,N,N,N,0,0,0,0,0.0,,480,,N,N,N
495330,KR7495330003,1Q 코리아밸류업,EF,,0,0,0,N,N,,0,N,N,N,2.0,N,N,,,,,N,,,0,,,Y,,,,,,12415,1,1,N,N,N,0,N,N,N,0,0,0,30,Y,90,5112,0,20241104,2600,0,12.0,,0,,N,N,N,0,0,0,0,0.0,,322,,N,N,N
495550,KR7495550006,SOL 코리아밸류업TR,EF,,0,0,0,N,N,,0,N,N,N,2.0,N,N,,,,,N,,,0,,,Y,,,,,,12695,1,1,N,N,N,0,N,N,N,0,0,0,30,Y,90,17808,0,20241104,3400,0,12.0,,0,,N,N,N,0,0,0,0,0.0,,431,,N,N,N
495710,KR7495710006,BNK 26-06 특수채(AAA이상)액티브,EF,,0,0,0,N,N,,0,N,N,N,2.0,N,N,,,,,N,,,0,,,Y,,,,,,51175,1,1,N,N,N,0,N,N,N,0,0,0,60,Y,90,1,0,20241203,2114,0,12.0,,0,,N,N,N,0,0,0,0,0.0,,1081,,N,N,N
495750,KR7495750002,HANARO 코리아밸류업,EF,,0,0,0,N,N,,0,N,N,N,2.0,N,N,,,,,N,,,0,,,Y,,,,,,12455,1,1,N,N,N,0,N,N,N,0,0,0,30,Y,90,1231,0,20241104,2200,0,12.0,,0,,N,N,N,0,0,0,0,0.0,,274,,N,N,N
495850,KR7495850000,KODEX 코리아밸류업,EF,,0,0,0,N,N,,0,N,N,N,2.0,N,N,,,,,N,,,0,,,Y,,,,,,12550,1,1,N,N,N,0,N,N,N,0,0,0,30,Y,90,67395,0,20241104,17350,0,12.0,,0,,N,N,N,0,0,0,0,0.0,,2177,,N,N,N
495940,KR7495940009,RISE 미국AI테크액티브,EF,,0,0,0,N,N,,0,N,N,N,2.0,N,N,,,,,N,,,0,,,Y,,,,,,11925,1,1,N,N,N,0,N,N,N,0,0,0,60,Y,90,16198,0,20241126,2650,0,12.0,,0,,N,N,N,0,0,0,0,0.0,,316,,N,N,N
496020,KR7496020009,WON 전단채플러스액티브,EF,,0,0,0,N,N,,0,N,N,N,2.0,N,N,,,,,N,,,0,,,Y,,,,,,51465,1,1,N,N,N,0,N,N,N,0,0,0,60,Y,90,2127,0,20241119,2340,0,12.0,,0,,N,N,N,0,0,0,0,0.0,,1204,,N,N,N
496080,KR7496080003,TIGER 코리아밸류업,EF,,0,0,0,N,N,,0,N,N,N,2.0,N,N,,,,,N,,,0,,,Y,,,,,,12575,1,1,N,N,N,0,N,N,N,0,0,0,30,Y,90,66983,0,20241104,10350,0,12.0,,0,,N,N,N,0,0,0,0,0.0,,1301,,N,N,N
496090,KR7496090002,KIWOOM 코리아밸류업,EF,,0,0,0,N,N,,0,N,N,N,2.0,N,N,,,,,N,,,0,,,Y,,,,,,12485,1,1,N,N,N,0,N,N,N,0,0,0,30,Y,90,2359,0,20241104,4550,0,12.0,,0,,N,N,N,0,0,0,0,0.0,,568,,N,N,N
496120,KR7496120007,ACE 코리아밸류업,EF,,0,0,0,N,N,,0,N,N,N,2.0,N,N,,,,,N,,,0,,,Y,,,,,,12710,1,1,N,N,N,0,N,N,N,0,0,0,100,N,90,1498,0,20241104,900,0,12.0,,0,,N,N,N,0,0,0,0,0.0,,114,,N,N,N
496130,KR7496130006,TRUSTON 코리아밸류업액티브,EF,,0,0,0,N,N,,0,N,N,N,2.0,N,N,,,,,N,,,0,,,Y,,,,,,12795,1,1,N,N,N,0,N,N,N,0,0,0,100,N,90,311,0,20241104,1240,0,12.0,,0,,N,N,N,0,0,0,0,0.0,,158,,N,N,N
496770,KR7496770009,PLUS 글로벌방산,EF,,0,0,0,N,N,,0,N,N,N,2.0,N,N,,,,,N,,,0,,,Y,,,,,,16435,1,1,N,N,N,0,N,N,N,0,0,0,30,Y,90,32860,0,20241112,2650,0,12.0,,0,,N,N,N,0,0,0,0,0.0,,435,,N,N,N
497510,KR7497510008,ACE 글로벌빅파마,EF,,0,0,0,N,N,,0,N,N,N,2.0,N,N,,,,,N,,,0,,,Y,,,,,,9415,1,1,N,N,N,0,N,N,N,0,0,0,100,N,90,7663,0,20241119,800,0,12.0,,0,,N,N,N,0,0,0,0,0.0,,75,,N,N,N
497520,KR7497520007,ACE 일라이릴리밸류체인,EF,,0,0,0,N,N,,0,N,N,N,2.0,N,N,,,,,N,,,0,,,Y,,,,,,10150,1,1,N,N,N,0,N,N,N,0,0,0,100,N,90,514,0,20241119,800,0,12.0,,0,,N,N,N,0,0,0,0,0.0,,81,,N,N,N
497570,KR7497570002,TIGER 미국필라델피아AI반도체나스닥,EF,,0,0,0,N,N,,0,N,N,N,2.0,N,N,,,,,N,,,0,,,Y,,,,,,12275,1,1,N,N,N,0,N,N,N,0,0,0,30,Y,90,843829,0,20241126,43100,0,12.0,,0,,N,N,N,0,0,0,0,0.0,,5290,,N,N,N
497780,KR7497780007,KoAct 미국천연가스인프라액티브,EF,,0,0,0,N,N,,0,N,N,N,2.0,N,N,,,,,N,,,0,,,Y,,,,,,9140,1,1,N,N,N,0,N,N,N,0,0,0,60,Y,90,23080,0,20241210,2400,0,12.0,,0,,N,N,N,0,0,0,0,0.0,,219,,N,N,N
497880,KR7497880005,SOL CD금리&머니마켓액티브,EF,,0,0,0,N,N,,0,N,N,N,2.0,N,N,,,,,N,,,0,,,Y,,,,,,50050,1,1,N,N,N,0,N,N,N,0,0,0,60,Y,90,17735,0,20241126,1622,0,12.0,,0,,N,N,N,0,0,0,0,0.0,,811,,N,N,N
498050,KR7498050004,HANARO 바이오코리아액티브,EF,,0,0,0,N,N,,0,N,N,N,2.0,N,N,,,,,N,,,0,,,Y,,,,,,12155,1,1,N,N,N,0,N,N,N,0,0,0,100,N,90,15137,0,20241126,800,0,12.0,,0,,N,N,N,0,0,0,0,0.0,,97,,N,N,N
498180,KR7498180009,파워 종합채권(AA-이상)액티브,EF,,0,0,0,N,N,,0,N,N,N,2.0,N,N,,,,,N,,,0,,,Y,,,,,,103200,1,1,N,N,N,0,N,N,N,0,0,0,60,Y,90,0,0,20241126,1271,0,12.0,,0,,N,N,N,0,0,0,0,0.0,,1311,,N,N,N
498270,KR7498270008,KIWOOM 미국양자컴퓨팅,EF,,0,0,0,N,N,,0,N,N,N,2.0,N,N,,,,,N,,,0,,,Y,,,,,,11020,1,1,N,N,N,0,N,N,N,0,0,0,30,Y,90,383378,0,20241217,13450,0,12.0,,0,,N,N,N,0,0,0,0,0.0,,1482,,N,N,N
498400,KR7498400001,KODEX 200타겟위클리커버드콜,EF,,0,0,0,N,N,,0,N,N,N,2.0,N,N,,,,,N,,,0,,,Y,,,,,,11320,1,1,N,N,N,0,N,N,N,0,0,0,60,Y,90,2319759,0,20241203,71800,0,12.0,,0,,N,N,N,0,0,0,0,0.0,,8127,,N,N,N
498410,KR7498410000,KODEX 금융고배당TOP10타겟위클리커버드콜,EF,,0,0,0,N,N,,0,N,N,N,2.0,N,N,,,,,N,,,0,,,Y,,,,,,12560,1,1,N,N,N,0,N,N,N,0,0,0,60,Y,90,594024,0,20241217,33300,0,12.0,,0,,N,N,N,0,0,0,0,0.0,,4182,,N,N,N
498610,KR7498610005,RISE 인도디지털성장,EF,,0,0,0,N,N,,0,N,N,N,2.0,N,N,,,,,N,,,0,,,Y,,,,,,9720,1,1,N,N,N,0,N,N,N,0,0,0,100,N,90,2142,0,20250401,800,0,12.0,,0,,N,N,N,0,0,0,0,0.0,,77,,N,N,N
498860,KR7498860006,RISE 코리아금융고배당,EF,,0,0,0,N,N,,0,N,N,N,2.0,N,N,,,,,N,,,0,,,Y,,,,,,13605,1,1,N,N,N,0,N,N,N,0,0,0,100,N,90,786598,0,20241210,5450,0,12.0,,0,,N,N,N,0,0,0,0,0.0,,741,,N,N,N
499150,KR7499150001,SOL 미국S&P500엔화노출(H),EF,,0,0,0,N,N,,0,N,N,N,2.0,N,N,,,,,N,,,0,,,Y,,,,,,10165,1,1,N,N,N,0,N,N,N,0,0,0,100,N,90,1740,0,20241203,800,0,12.0,,0,,N,N,N,0,0,0,0,0.0,,81,,N,N,N
499660,KR7499660009,TIGER CD금리플러스액티브(합성),EF,,0,0,0,N,N,,0,N,N,N,2.0,N,N,,,,,N,,,0,,,Y,,,,,,1000735,1,1,N,N,N,0,N,N,N,0,0,0,60,Y,90,9394,0,20241217,345,0,12.0,,0,,N,N,N,0,0,0,0,0.0,,3453,,N,N,N
499790,KR7499790004,GS피앤엘,ST,3.0,21,0,0,,N,,0,N,N,N,,N,N,,,,,N,,,0,,,N,,,,,,48500,1,1,N,N,N,0,N,N,N,0,0,0,100,N,90,186603,1000,20241223,19830,19830841000,12.0,,0,,N,N,Y,945,152,110,83,2.57,20250331.0,9617,FN4,N,N,N
950210,KR8702070002,프레스티지바이오파마,DR,,0,0,0,N,N,,0,N,N,N,,N,N,,,,,N,,,0,,,N,,,,,,14520,1,1,N,N,N,0,N,N,N,0,0,0,100,N,90,60837,0,20210205,60096,0,6.0,,0,,N,N,N,88,-530,132,133,9.4,20250331.0,8725,,N,N,N
J0036221D,KRA0036221D6,KG모빌리티 122WR,SW,,0,0,0,N,N,,0,N,N,N,,N,N,,,,,N,,,0,,,N,,,,,,840,1,0,N,N,N,0,N,N,N,0,0,0,100,N,90,7913,0,20231219,17892,0,,,0,,N,N,N,0,0,0,0,0.0,,150,,N,N,N
J0113321D,KRA0113321D0,유니켐 38WR,SW,,0,0,0,N,N,,0,N,N,N,,N,N,,,,,N,,,0,,,N,,,,,,504,1,0,N,N,N,0,N,N,N,0,0,0,100,N,90,0,0,20230208,585,0,,,0,,N,N,N,0,0,0,0,0.0,,2,,N,N,N
J0180021D,KRA0180021D4,유니슨 15WR,SW,,0,0,0,N,N,,0,N,N,N,,N,N,,,,,N,,,0,,,N,,,,,,600,1,0,N,N,N,0,N,N,N,0,0,0,100,N,90,35503,0,20230627,13126,0,,,0,,N,N,N,0,0,0,0,0.0,,78,,N,N,N
J1099621D,KRA1099621D9,AP헬스케어 6WR,SW,,0,0,0,N,N,,0,N,N,N,,N,N,,,,,N,,,0,,,N,,,,,,64,1,0,N,N,N,0,N,N,N,0,0,0,100,N,90,813317,0,20230808,17021,0,,,0,,N,N,N,0,0,0,0,0.0,,10,,N,N,N
J1432121D,KRA1432121D6,핸즈코퍼레이션 2WR,SW,,0,0,0,N,N,,0,N,N,N,,N,N,,,,,N,,,0,,,N,,,,,,151,1,0,N,N,N,0,N,N,N,0,0,0,100,N,90,136845,0,20230629,4271,0,,,0,,N,N,N,0,0,0,0,0.0,,6,,N,N,N
J2177301F,KRA2177301F6,강스템바이오텍 25R,SR,,0,0,0,N,N,,0,N,N,N,,N,N,,,,,N,,,0,,,N,,,,,,0,1,0,N,N,N,0,N,N,N,0,0,0,100,N,90,0,0,20250730,37990,0,,,0,,N,N,N,0,0,0,0,0.0,,0,,N,N,N
J2552221D,KRA2552221D6,SG 17WR,SW,,0,0,0,N,N,,0,N,N,N,,N,N,,,,,N,,,0,,,N,,,,,,1527,1,0,N,N,N,0,N,N,N,0,0,0,100,N,90,27152,0,20230420,1296,0,,,0,,N,N,N,0,0,0,0,0.0,,19,,N,N,N
J2901221D,KRA2901221D4,DH오토리드 9WR,SW,,0,0,0,N,N,,0,N,N,N,,N,N,,,,,N,,,0,,,N,,,,,,350,1,0,N,N,N,0,N,N,N,0,0,0,100,N,90,4600,0,20230621,3095,0,,,0,,N,N,N,0,0,0,0,0.0,,10,,N,N,N
J3652701F,KRA3652701F9,큐라클 57R,SR,,0,0,0,N,N,,0,N,N,N,,N,N,,,,,N,,,0,,,N,,,,,,0,1,0,N,N,N,0,N,N,N,0,0,0,100,N,90,0,0,20250725,6980,0,,,0,,N,N,N,0,0,0,0,0.0,,0,,N,N,N
Q500055,KRG500000556,신한 인버스 Russell 2000 ETN,EN,,0,0,0,N,N,,0,N,N,N,3.0,N,N,,,,,N,,,0,,,N,,,,,,9560,1,1,N,N,N,0,N,N,N,0,0,0,100,N,90,1036,0,20201202,1000,0,,,0,,N,N,N,0,0,0,0,0.0,,95,,N,N,N
Q500056,KRG500000564,신한 레버리지 Russell 2000 ETN,EN,,0,0,0,N,N,,0,N,N,N,3.0,N,N,,,,,N,,,0,,,N,,,,,,12185,1,1,N,N,N,0,N,N,N,0,0,0,100,N,90,596,0,20201202,1000,0,,,0,,N,N,N,0,0,0,0,0.0,,121,,N,N,N
Q500057,KRG500000572,신한 인버스 2X Russell 2000 ETN,EN,,0,0,0,N,N,,0,N,N,N,3.0,N,N,,,,,N,,,0,,,N,,,,,,5000,1,1,N,N,N,0,N,N,N,0,0,0,100,N,90,4145,0,20201202,1000,0,,,0,,N,N,N,0,0,0,0,0.0,,50,,N,N,N
Q500061,KRG500000614,신한 인버스 코스피 200 선물 ETN,EN,,0,0,0,N,N,,0,N,N,N,3.0,N,N,,,,,N,,,0,,,N,,,,,,8640,1,1,N,N,N,0,N,N,N,0,0,0,100,N,90,501,0,20211021,2000,0,,,0,,N,N,N,0,0,0,0,0.0,,172,,N,N,N
Q500063,KRG500000630,신한 인버스 코스닥 150 선물 ETN,EN,,0,0,0,N,N,,0,N,N,N,3.0,N,N,,,,,N,,,0,,,N,,,,,,7755,1,1,N,N,N,0,N,N,N,0,0,0,100,N,90,3,0,20211021,2000,0,,,0,,N,N,N,0,0,0,0,0.0,,155,,N,N,N
Q500067,KRG500000671,신한 레버리지 10년 국채선물 ETN,EN,,0,0,0,N,N,,0,N,N,N,3.0,N,N,,,,,N,,,0,,,N,,,,,,11560,1,1,N,N,N,0,N,N,N,0,0,0,100,N,90,2,0,20220613,700,0,,,0,,N,N,N,0,0,0,0,0.0,,80,,N,N,N
Q500068,KRG500000689,신한 인버스 2X 10년 국채선물 ETN,EN,,0,0,0,N,N,,0,N,N,N,3.0,N,N,,,,,N,,,0,,,N,,,,,,9770,1,1,N,N,N,0,N,N,N,0,0,0,100,N,90,2,0,20220613,700,0,,,0,,N,N,N,0,0,0,0,0.0,,68,,N,N,N
Q500069,KRG500000697,신한 레버리지 코스피 200 선물 ETN,EN,,0,0,0,N,N,,0,N,N,N,3.0,N,N,,,,,N,,,0,,,N,,,,,,41180,1,1,N,N,N,0,N,N,N,0,0,0,100,N,90,49,0,20221017,1000,0,,,0,,N,N,N,0,0,0,0,0.0,,411,,N,N,N
Q500070,KRG500000705,신한 인버스 2X 코스피 200 선물 ETN,EN,,0,0,0,N,N,,0,N,N,N,3.0,N,N,,,,,N,,,0,,,N,,,,,,7290,1,1,N,N,N,0,N,N,N,0,0,0,100,N,90,24,0,20221017,1000,0,,,0,,N,N,N,0,0,0,0,0.0,,72,,N,N,N
Q500071,KRG500000713,신한 레버리지 코스닥 150 선물 ETN,EN,,0,0,0,N,N,,0,N,N,N,3.0,N,N,,,,,N,,,0,,,N,,,,,,29705,1,1,N,N,N,0,N,N,N,0,0,0,100,N,90,3,0,20221017,2500,0,,,0,,N,N,N,0,0,0,0,0.0,,742,,N,N,N
Q500072,KRG500000721,신한 인버스 2X 코스닥 150 선물 ETN,EN,,0,0,0,N,N,,0,N,N,N,3.0,N,N,,,,,N,,,0,,,N,,,,,,5020,1,1,N,N,N,0,N,N,N,0,0,0,100,N,90,32638,0,20221017,10000,0,,,0,,N,N,N,0,0,0,0,0.0,,502,,N,N,N
Q500077,KRG500000770,신한 인버스0.5X S&P500 VIX S/T선물 ETN,EN,,0,0,0,N,N,,0,N,N,N,3.0,N,N,,,,,N,,,0,,,N,,,,,,30280,1,1,N,N,N,0,N,N,N,0,0,0,100,N,90,102,0,20230330,6000,0,,,0,,N,N,N,0,0,0,0,0.0,,1816,,N,N,N
Q500078,KRG500000788,신한 S&P 유로 선물 ETN(H),EN,,0,0,0,N,N,,0,N,N,N,3.0,N,N,,,,,N,,,0,,,N,,,,,,11525,1,1,N,N,N,0,N,N,N,0,0,0,100,N,90,0,0,20230602,1000,0,,,0,,N,N,N,0,0,0,0,0.0,,115,,N,N,N
Q500079,KRG500000796,신한 S&P 인버스 유로 선물 ETN(H),EN,,0,0,0,N,N,,0,N,N,N,3.0,N,N,,,,,N,,,0,,,N,,,,,,10455,1,1,N,N,N,0,N,N,N,0,0,0,100,N,90,0,0,20230602,1000,0,,,0,,N,N,N,0,0,0,0,0.0,,104,,N,N,N
Q500080,KRG500000804,신한 S&P 레버리지 유로 선물 ETN(H),EN,,0,0,0,N,N,,0,N,N,N,3.0,N,N,,,,,N,,,0,,,N,,,,,,11830,1,1,N,N,N,0,N,N,N,0,0,0,100,N,90,10,0,20230602,1000,0,,,0,,N,N,N,0,0,0,0,0.0,,118,,N,N,N
Q500081,KRG500000812,신한 S&P 인버스 2X 유로 선물 ETN(H),EN,,0,0,0,N,N,,0,N,N,N,3.0,N,N,,,,,N,,,0,,,N,,,,,,9725,1,1,N,N,N,0,N,N,N,0,0,0,100,N,90,19,0,20230602,1000,0,,,0,,N,N,N,0,0,0,0,0.0,,97,,N,N,N
Q500082,KRG500000820,신한 블룸버그 2X 천연가스 선물 ETN,EN,,0,0,0,N,N,,0,N,N,N,3.0,N,N,,,,,N,,,0,,,N,,,,,,3995,1,1,N,N,N,0,N,N,N,0,0,0,100,N,90,48199,0,20230623,15000,0,,,0,,N,N,N,0,0,0,0,0.0,,599,,N,N,N
Q500085,KRG500000853,신한 코스피 200 TR ETN,EN,,0,0,0,N,N,,0,N,N,N,3.0,N,N,,,,,N,,,0,,,N,,,,,,13305,1,1,N,N,N,0,N,N,N,0,0,0,100,N,90,14,0,20231205,1000,0,,,0,,N,N,N,0,0,0,0,0.0,,133,,N,N,N
Q500086,KRG500000861,신한 코스닥 150 TR ETN,EN,,0,0,0,N,N,,0,N,N,N,3.0,N,N,,,,,N,,,0,,,N,,,,,,10470,1,1,N,N,N,0,N,N,N,0,0,0,100,N,90,3,0,20231205,1000,0,,,0,,N,N,N,0,0,0,0,0.0,,104,,N,N,N
Q500087,KRG500000879,신한 26-05 은행채(AAA) ETN,EN,,0,0,0,N,N,,0,N,N,N,3.0,N,N,,,,,N,,,0,,,N,,,,,,10485,1,1,N,N,N,0,N,N,N,0,0,0,100,N,90,0,0,20240605,2000,0,,,0,,N,N,N,0,0,0,0,0.0,,209,,N,N,N
Q500088,KRG500000887,신한 2X 26-05 은행채(AAA) ETN,EN,,0,0,0,N,N,,0,N,N,N,3.0,N,N,,,,,N,,,0,,,N,,,,,,10565,1,1,N,N,N,0,N,N,N,0,0,0,100,N,90,0,0,20240605,2000,0,,,0,,N,N,N,0,0,0,0,0.0,,211,,N,N,N
Q500089,KRG500000895,신한 26-05 공사채(AAA) ETN,EN,,0,0,0,N,N,,0,N,N,N,3.0,N,N,,,,,N,,,0,,,N,,,,,,10490,1,1,N,N,N,0,N,N,N,0,0,0,100,N,90,0,0,20240605,2000,0,,,0,,N,N,N,0,0,0,0,0.0,,209,,N,N,N
Q500090,KRG500000903,신한 2X 26-05 공사채(AAA) ETN,EN,,0,0,0,N,N,,0,N,N,N,3.0,N,N,,,,,N,,,0,,,N,,,,,,10575,1,1,N,N,N,0,N,N,N,0,0,0,100,N,90,0,0,20240605,2000,0,,,0,,N,N,N,0,0,0,0,0.0,,211,,N,N,N
Q500091,KRG500000911,신한 33-12 국고채 플러스 ETN,EN,,0,0,0,N,N,,0,N,N,N,3.0,N,N,,,,,N,,,0,,,N,,,,,,10975,1,1,N,N,N,0,N,N,N,0,0,0,100,N,90,0,0,20240605,2000,0,,,0,,N,N,N,0,0,0,0,0.0,,219,,N,N,N
Q500093,KRG500000937,신한 블룸버그 레버리지 WTI원유선물 ETN B,EN,,0,0,0,N,N,,0,N,N,N,3.0,N,N,,,,,N,,,0,,,N,,,,,,22080,1,1,N,N,N,0,N,N,N,0,0,0,100,N,90,5982,0,20250417,1000,0,,,0,,N,N,N,0,0,0,0,0.0,,220,,N,N,N
Q500094,KRG500000945,신한 블룸버그 인버스2X WTI원유선물 ETN B,EN,,0,0,0,N,N,,0,N,N,N,3.0,N,N,,,,,N,,,0,,,N,,,,,,14150,1,1,N,N,N,0,N,N,N,0,0,0,100,N,90,5436,0,20250417,1000,0,,,0,,N,N,N,0,0,0,0,0.0,,141,,N,N,N
Q500095,KRG500000952,신한 S&P500 VIX S/T 선물 ETN E,EN,,0,0,0,N,N,,0,N,N,N,3.0,N,N,,,,,N,,,0,,,N,,,,,,16650,1,1,N,N,N,0,N,N,N,0,0,0,100,N,90,5730,0,20250619,6000,0,,,0,,N,N,N,0,0,0,0,0.0,,999,,N,N,N
Q500096,KRG500000960,신한 인버스2X 천연가스 선물 ETN B,EN,,0,0,0,N,N,,0,N,N,N,3.0,N,N,,,,,N,,,0,,,N,,,,,,25350,1,1,N,N,N,0,N,N,N,0,0,0,100,N,90,98335,0,20250619,5000,0,,,0,,N,N,N,0,0,0,0,0.0,,1267,,N,N,N
Q500035,KRG501500356,신한 레버리지 미국달러 선물 ETN,EN,,0,0,0,N,N,,0,N,N,N,3.0,N,N,,,,,N,,,0,,,N,,,,,,15145,1,1,N,N,N,0,N,N,N,0,0,0,100,N,90,12,0,20180530,2000,0,,,0,,N,N,N,0,0,0,0,0.0,,302,,N,N,N
Q500036,KRG501500364,신한 인버스 2X 미국달러 선물 ETN,EN,,0,0,0,N,N,,0,N,N,N,3.0,N,N,,,,,N,,,0,,,N,,,,,,4280,1,1,N,N,N,0,N,N,N,0,0,0,100,N,90,1022,0,20180530,2000,0,,,0,,N,N,N,0,0,0,0,0.0,,85,,N,N,N
Q500020,KRG502100206,신한 레버리지 다우존스지수 선물 ETN(H),EN,,0,0,0,N,N,N,0,N,N,N,3.0,N,N,N,N,N,N,N,N,N,0,N,N,N,N,N,N,N,N,48550,1,1,N,N,N,0,N,N,N,0,0,0,100,N,90,5,0,20160706,1000,0,,,0,,N,N,N,0,0,0,0,0.0,,485,,N,N,N
Q500028,KRG502100289,신한 인버스 2X 다우존스지수 선물 ETN(H),EN,,0,0,0,N,N,,0,N,N,N,3.0,N,N,,,,,N,,,0,,,N,,,,,,1355,1,1,N,N,N,0,N,N,N,0,0,0,100,N,90,157968,0,20170807,10000,0,,,0,,N,N,N,0,0,0,0,0.0,,135,,N,N,N
Q500050,KRG502100503,신한 레버리지 S&P500 선물 ETN,EN,,0,0,0,N,N,,0,N,N,N,3.0,N,N,,,,,N,,,0,,,N,,,,,,38235,1,1,N,N,N,0,N,N,N,0,0,0,100,N,90,12907,0,20190725,2000,0,,,0,,N,N,N,0,0,0,0,0.0,,764,,N,N,N
Q500051,KRG502100511,신한 인버스 2X S&P500 선물 ETN,EN,,0,0,0,N,N,,0,N,N,N,3.0,N,N,,,,,N,,,0,,,N,,,,,,1619,1,1,N,N,N,0,N,N,N,0,0,0,100,N,90,63092,0,20190725,2000,0,,,0,,N,N,N,0,0,0,0,0.0,,32,,N,N,N
Q500013,KRG502400135,신한 옥수수 선물 ETN(H),EN,,0,0,0,N,N,N,0,N,N,N,3.0,N,N,N,N,N,N,N,N,N,0,N,N,N,N,N,N,N,N,7200,1,1,N,N,N,0,N,N,N,0,0,0,100,N,90,282,0,20151028,2000,0,,,0,,N,N,N,0,0,0,0,0.0,,144,,N,N,N
Q500014,KRG502400143,신한 인버스 옥수수 선물 ETN(H),EN,,0,0,0,N,N,N,0,N,N,N,3.0,N,N,N,N,N,N,N,N,N,0,N,N,N,N,N,N,N,N,10965,1,1,N,N,N,0,N,N,N,0,0,0,100,N,90,3,0,20151028,2000,0,,,0,,N,N,N,0,0,0,0,0.0,,219,,N,N,N
Q500015,KRG502400150,신한 WTI원유 선물 ETN(H),EN,,0,0,0,N,N,N,0,N,N,N,3.0,N,N,N,N,N,N,N,N,N,0,N,N,N,N,N,N,N,N,7480,1,1,N,N,N,0,N,N,N,0,0,0,100,N,90,125,0,20151028,10000,0,,,0,,N,N,N,0,0,0,0,0.0,,748,,N,N,N
Q500016,KRG502400168,신한 금 선물 ETN(H),EN,,0,0,0,N,N,N,0,N,N,N,3.0,N,N,N,N,N,N,N,N,N,0,N,N,N,N,N,N,N,N,24520,1,1,N,N,N,0,N,N,N,0,0,0,100,N,90,650,0,20151028,2000,0,,,0,,N,N,N,0,0,0,0,0.0,,490,,N,N,N
Q500017,KRG502400176,신한 은 선물 ETN(H),EN,,0,0,0,N,N,N,0,N,N,N,3.0,N,N,N,N,N,N,N,N,N,0,N,N,N,N,N,N,N,N,19920,1,1,N,N,N,0,N,N,N,0,0,0,100,N,90,45,0,20151028,2000,0,,,0,,N,N,N,0,0,0,0,0.0,,398,,N,N,N
Q500018,KRG502400184,신한 구리 선물 ETN(H),EN,,0,0,0,N,N,N,0,N,N,N,3.0,N,N,N,N,N,N,N,N,N,0,N,N,N,N,N,N,N,N,19750,1,1,N,N,N,0,N,N,N,0,0,0,100,N,90,1289,0,20160225,2000,0,,,0,,N,N,N,0,0,0,0,0.0,,395,,N,N,N
Q500019,KRG502400192,신한 레버리지 WTI원유 선물 ETN(H),EN,,0,0,0,N,N,N,0,N,N,N,3.0,N,N,N,N,N,N,N,N,N,0,N,N,N,N,N,N,N,N,866,1,1,N,N,N,0,N,N,N,0,0,0,100,N,90,1632027,0,20160225,500000,0,,,0,,N,N,N,0,0,0,0,0.0,,4330,,N,N,N
Q500023,KRG502400234,신한 콩 선물 ETN(H),EN,,0,0,0,N,N,,0,N,N,N,3.0,N,N,,,,,N,,,0,,,N,,,,,,11420,1,1,N,N,N,0,N,N,N,0,0,0,100,N,90,0,0,20161027,2000,0,,,0,,N,N,N,0,0,0,0,0.0,,228,,N,N,N
Q500024,KRG502400242,신한 인버스 콩 선물 ETN(H),EN,,0,0,0,N,N,,0,N,N,N,3.0,N,N,,,,,N,,,0,,,N,,,,,,8320,1,1,N,N,N,0,N,N,N,0,0,0,100,N,90,22,0,20161027,2000,0,,,0,,N,N,N,0,0,0,0,0.0,,166,,N,N,N
Q500027,KRG502400275,신한 인버스 2X WTI원유 선물 ETN(H),EN,,0,0,0,N,N,,0,N,N,N,3.0,N,N,,,,,N,,,0,,,N,,,,,,65,1,1,N,N,N,0,N,N,N,0,0,0,100,N,90,19743526,0,20170807,633000,0,,,0,,N,N,N,0,0,0,0,0.0,,411,,N,N,N
Q500029,KRG502400291,신한 레버리지 은 선물 ETN(H),EN,,0,0,0,N,N,,0,N,N,N,3.0,N,N,,,,,N,,,0,,,N,,,,,,14050,1,1,N,N,N,0,N,N,N,0,0,0,100,N,90,32435,0,20170915,10000,0,,,0,,N,N,N,0,0,0,0,0.0,,1405,,N,N,N
Q500030,KRG502400309,신한 인버스 2X 은 선물 ETN(H),EN,,0,0,0,N,N,,0,N,N,N,3.0,N,N,,,,,N,,,0,,,N,,,,,,546,1,1,N,N,N,0,N,N,N,0,0,0,100,N,90,7467,0,20170915,5000,0,,,0,,N,N,N,0,0,0,0,0.0,,27,,N,N,N
Q500037,KRG502400374,신한 레버리지 금 선물 ETN,EN,,0,0,0,N,N,,0,N,N,N,3.0,N,N,,,,,N,,,0,,,N,,,,,,49925,1,1,N,N,N,0,N,N,N,0,0,0,100,N,90,300,0,20180614,2000,0,,,0,,N,N,N,0,0,0,0,0.0,,998,,N,N,N
Q500038,KRG502400382,신한 인버스 2X 금 선물 ETN,EN,,0,0,0,N,N,,0,N,N,N,3.0,N,N,,,,,N,,,0,,,N,,,,,,2075,1,1,N,N,N,0,N,N,N,0,0,0,100,N,90,3813,0,20180614,1000,0,,,0,,N,N,N,0,0,0,0,0.0,,20,,N,N,N
Q500040,KRG502400408,신한 레버리지 구리 선물 ETN,EN,,0,0,0,N,N,,0,N,N,N,3.0,N,N,,,,,N,,,0,,,N,,,,,,17840,1,1,N,N,N,0,N,N,N,0,0,0,100,N,90,11706,0,20180920,1000,0,,,0,,N,N,N,0,0,0,0,0.0,,178,,N,N,N
Q500041,KRG502400416,신한 인버스 2X 구리 선물 ETN,EN,,0,0,0,N,N,,0,N,N,N,3.0,N,N,,,,,N,,,0,,,N,,,,,,1828,1,1,N,N,N,0,N,N,N,0,0,0,100,N,90,8585,0,20180920,5000,0,,,0,,N,N,N,0,0,0,0,0.0,,91,,N,N,N
Q510015,KRG510000158,대신 밀 선물 ETN(H),EN,,0,0,0,N,N,,0,N,N,N,3.0,N,N,,,,,N,,,0,,,N,,,,,,5320,1,1,N,N,N,0,N,N,N,0,0,0,100,N,90,1662,0,20210308,2000,0,,,0,,N,N,N,0,0,0,0,0.0,,106,,N,N,N
Q510016,KRG510000166,대신 천연가스 선물 ETN(H),EN,,0,0,0,N,N,,0,N,N,N,3.0,N,N,,,,,N,,,0,,,N,,,,,,3970,1,1,N,N,N,0,N,N,N,0,0,0,100,N,90,9915,0,20210603,3000,0,,,0,,N,N,N,0,0,0,0,0.0,,119,,N,N,N
Q510027,KRG510000273,대신 인버스 2X 코스닥 150 선물 ETN,EN,,0,0,0,N,N,,0,N,N,N,3.0,N,N,,,,,N,,,0,,,N,,,,,,5035,1,1,N,N,N,0,N,N,N,0,0,0,100,N,90,124,0,20221017,3000,0,,,0,,N,N,N,0,0,0,0,0.0,,151,,N,N,N
Q510029,KRG510000299,대신 S&P 인버스 2X 천연가스 선물 ETN,EN,,0,0,0,N,N,,0,N,N,N,3.0,N,N,,,,,N,,,0,,,N,,,,,,28195,1,1,N,N,N,0,N,N,N,0,0,0,100,N,90,148,0,20221020,1000,0,,,0,,N,N,N,0,0,0,0,0.0,,281,,N,N,N
Q510043,KRG510000430,대신 인버스 천연가스 선물 ETN(H) B,EN,,0,0,0,N,N,,0,N,N,N,3.0,N,N,,,,,N,,,0,,,N,,,,,,7285,1,1,N,N,N,0,N,N,N,0,0,0,100,N,90,2990,0,20241031,1000,0,,,0,,N,N,N,0,0,0,0,0.0,,72,,N,N,N
Q520037,KRG520000370,미래에셋 코스피200 선물 ETN,EN,,0,0,0,N,N,,0,N,N,N,3.0,N,N,,,,,N,,,0,,,N,,,,,,11005,1,1,N,N,N,0,N,N,N,0,0,0,100,N,90,43,0,20211021,2000,0,,,0,,N,N,N,0,0,0,0,0.0,,220,,N,N,N
Q520038,KRG520000388,미래에셋 인버스 코스피200 선물 ETN,EN,,0,0,0,N,N,,0,N,N,N,3.0,N,N,,,,,N,,,0,,,N,,,,,,8655,1,1,N,N,N,0,N,N,N,0,0,0,100,N,90,195,0,20211021,2000,0,,,0,,N,N,N,0,0,0,0,0.0,,173,,N,N,N
Q520039,KRG520000396,미래에셋 코스닥150 선물 ETN,EN,,0,0,0,N,N,,0,N,N,N,3.0,N,N,,,,,N,,,0,,,N,,,,,,9760,1,1,N,N,N,0,N,N,N,0,0,0,100,N,90,2,0,20211021,2000,0,,,0,,N,N,N,0,0,0,0,0.0,,195,,N,N,N
Q520040,KRG520000404,미래에셋 인버스 코스닥150 선물 ETN,EN,,0,0,0,N,N,,0,N,N,N,3.0,N,N,,,,,N,,,0,,,N,,,,,,7670,1,1,N,N,N,0,N,N,N,0,0,0,100,N,90,2,0,20211021,2000,0,,,0,,N,N,N,0,0,0,0,0.0,,153,,N,N,N
Q520043,KRG520000438,미래에셋 S&P 유럽탄소배출권 선물 ETN,EN,,0,0,0,N,N,,0,N,N,N,3.0,N,N,,,,,N,,,0,,,N,,,,,,12545,1,1,N,N,N,0,N,N,N,0,0,0,100,N,90,0,0,20211108,1000,0,,,0,,N,N,N,0,0,0,0,0.0,,125,,N,N,N
Q520046,KRG520000461,미래에셋 레버리지 옥수수 선물 ETN,EN,,0,0,0,N,N,,0,N,N,N,3.0,N,N,,,,,N,,,0,,,N,,,,,,9575,1,1,N,N,N,0,N,N,N,0,0,0,100,N,90,8882,0,20211216,1000,0,,,0,,N,N,N,0,0,0,0,0.0,,95,,N,N,N
Q520047,KRG520000479,미래에셋 인버스 2X 옥수수 선물 ETN,EN,,0,0,0,N,N,,0,N,N,N,3.0,N,N,,,,,N,,,0,,,N,,,,,,33410,1,1,N,N,N,0,N,N,N,0,0,0,100,N,90,250,0,20211216,1000,0,,,0,,N,N,N,0,0,0,0,0.0,,334,,N,N,N
Q520050,KRG520000503,미래에셋 인버스 2X 원유선물혼합 ETN(H),EN,,0,0,0,N,N,,0,N,N,N,3.0,N,N,,,,,N,,,0,,,N,,,,,,10870,1,1,N,N,N,0,N,N,N,0,0,0,100,N,90,28702,0,20220427,2500,0,,,0,,N,N,N,0,0,0,0,0.0,,271,,N,N,N
Q520052,KRG520000529,미래에셋 천연가스 선물 ETN(H),EN,,0,0,0,N,N,,0,N,N,N,3.0,N,N,,,,,N,,,0,,,N,,,,,,0,1,1,N,N,N,0,N,N,N,0,0,0,100,N,90,0,0,20220727,6000,0,,,0,,N,N,N,0,0,0,0,0.0,,0,,N,N,N
Q520053,KRG520000537,미래에셋 인버스 천연가스 선물 ETN(H),EN,,0,0,0,N,N,,0,N,N,N,3.0,N,N,,,,,N,,,0,,,N,,,,,,0,1,1,N,N,N,0,N,N,N,0,0,0,100,N,90,0,0,20220727,1000,0,,,0,,N,N,N,0,0,0,0,0.0,,0,,N,N,N
Q520054,KRG520000545,미래에셋 레버리지 코스피200 선물 ETN,EN,,0,0,0,N,N,,0,N,N,N,3.0,N,N,,,,,N,,,0,,,N,,,,,,41255,1,1,N,N,N,0,N,N,N,0,0,0,100,N,90,7399,0,20221017,2000,0,,,0,,N,N,N,0,0,0,0,0.0,,825,,N,N,N
Q520055,KRG520000552,미래에셋 인버스 2X 코스피200 선물 ETN,EN,,0,0,0,N,N,,0,N,N,N,3.0,N,N,,,,,N,,,0,,,N,,,,,,7275,1,1,N,N,N,0,N,N,N,0,0,0,100,N,90,1226369,0,20221017,5000,0,,,0,,N,N,N,0,0,0,0,0.0,,363,,N,N,N
Q520056,KRG520000560,미래에셋 레버리지 코스닥150 선물 ETN,EN,,0,0,0,N,N,,0,N,N,N,3.0,N,N,,,,,N,,,0,,,N,,,,,,29685,1,1,N,N,N,0,N,N,N,0,0,0,100,N,90,15098,0,20221017,2000,0,,,0,,N,N,N,0,0,0,0,0.0,,593,,N,N,N
Q520057,KRG520000578,미래에셋 인버스 2X 코스닥150 선물 ETN,EN,,0,0,0,N,N,,0,N,N,N,3.0,N,N,,,,,N,,,0,,,N,,,,,,4980,1,1,N,N,N,0,N,N,N,0,0,0,100,N,90,849740,0,20221017,15000,0,,,0,,N,N,N,0,0,0,0,0.0,,747,,N,N,N
Q520061,KRG520000610,미래에셋 인도네시아 Top5 ETN,EN,,0,0,0,N,N,,0,N,N,N,3.0,N,N,,,,,N,,,0,,,N,,,,,,11750,1,1,N,N,N,0,N,N,N,0,0,0,100,N,90,23,0,20221128,1000,0,,,0,,N,N,N,0,0,0,0,0.0,,117,,N,N,N
Q520064,KRG520000644,미래에셋 2X 미국채울트라30년 선물 ETN,EN,,0,0,0,N,N,,0,N,N,N,3.0,N,N,,,,,N,,,0,,,N,,,,,,6940,1,1,N,N,N,0,N,N,N,0,0,0,100,N,90,822,0,20230705,2000,0,,,0,,N,N,N,0,0,0,0,0.0,,138,,N,N,N
Q520065,KRG520000651,미래에셋 -2X 미국채울트라30년 선물 ETN,EN,,0,0,0,N,N,,0,N,N,N,3.0,N,N,,,,,N,,,0,,,N,,,,,,13300,1,1,N,N,N,0,N,N,N,0,0,0,100,N,90,0,0,20230705,2000,0,,,0,,N,N,N,0,0,0,0,0.0,,266,,N,N,N
Q520066,KRG520000669,미래에셋 KRX금현물 Auto-KO-C 2810-01 ETN,EN,,0,0,0,N,N,,0,N,N,N,4.0,N,N,,,,,N,,,0,,,N,,,,,,17610,1,1,N,N,N,0,N,N,N,0,0,0,100,N,90,47091,0,20231026,6000,0,,,0,,N,N,N,0,0,0,0,0.0,,1056,,N,N,N
Q520068,KRG520000685,미래에셋 2X 홍콩H 선물 ETN,EN,,0,0,0,N,N,,0,N,N,N,3.0,N,N,,,,,N,,,0,,,N,,,,,,39130,1,1,N,N,N,0,N,N,N,0,0,0,100,N,90,204,0,20231115,1000,0,,,0,,N,N,N,0,0,0,0,0.0,,391,,N,N,N
Q520069,KRG520000693,미래에셋 -2X 홍콩H 선물 ETN(H),EN,,0,0,0,N,N,,0,N,N,N,3.0,N,N,,,,,N,,,0,,,N,,,,,,6405,1,1,N,N,N,0,N,N,N,0,0,0,100,N,90,1215,0,20231115,1000,0,,,0,,N,N,N,0,0,0,0,0.0,,64,,N,N,N
Q520070,KRG520000701,미래에셋 0.5X 코스피200 선물 ETN,EN,,0,0,0,N,N,,0,N,N,N,3.0,N,N,,,,,N,,,0,,,N,,,,,,11835,1,1,N,N,N,0,N,N,N,0,0,0,100,N,90,0,0,20231222,5000,0,,,0,,N,N,N,0,0,0,0,0.0,,591,,N,N,N
Q520071,KRG520000719,미래에셋 0.5X 코스닥150 선물 ETN,EN,,0,0,0,N,N,,0,N,N,N,3.0,N,N,,,,,N,,,0,,,N,,,,,,10575,1,1,N,N,N,0,N,N,N,0,0,0,100,N,90,0,0,20231222,5000,0,,,0,,N,N,N,0,0,0,0,0.0,,528,,N,N,N
Q520072,KRG520000727,미래에셋 미국 AI TOP3 ETN,EN,,0,0,0,N,N,,0,N,N,N,3.0,N,N,,,,,N,,,0,,,N,,,,,,15110,1,1,N,N,N,0,N,N,N,0,0,0,100,N,90,317,0,20240423,3000,0,,,0,,N,N,N,0,0,0,0,0.0,,453,,N,N,N
Q520073,KRG520000735,미래에셋 레버리지 미국 AI TOP3 ETN,EN,,0,0,0,N,N,,0,N,N,N,3.0,N,N,,,,,N,,,0,,,N,,,,,,37840,1,1,N,N,N,0,N,N,N,0,0,0,100,N,90,4173,0,20240423,1000,0,,,0,,N,N,N,0,0,0,0,0.0,,378,,N,N,N
Q520074,KRG520000743,미래에셋 미국 방위산업 TOP3 ETN,EN,,0,0,0,N,N,,0,N,N,N,3.0,N,N,,,,,N,,,0,,,N,,,,,,12760,1,1,N,N,N,0,N,N,N,0,0,0,100,N,90,127,0,20240423,3000,0,,,0,,N,N,N,0,0,0,0,0.0,,382,,N,N,N
Q520075,KRG520000750,미래에셋 레버리지 미국 방위산업 TOP3 ETN,EN,,0,0,0,N,N,,0,N,N,N,3.0,N,N,,,,,N,,,0,,,N,,,,,,29240,1,1,N,N,N,0,N,N,N,0,0,0,100,N,90,41,0,20240423,1000,0,,,0,,N,N,N,0,0,0,0,0.0,,292,,N,N,N
Q520076,KRG520000768,미래에셋 1.5X 천연가스 선물 ETN,EN,,0,0,0,N,N,,0,N,N,N,3.0,N,N,,,,,N,,,0,,,N,,,,,,9875,1,1,N,N,N,0,N,N,N,0,0,0,100,N,90,7654,0,20240530,2500,0,,,0,,N,N,N,0,0,0,0,0.0,,246,,N,N,N
Q520077,KRG520000776,미래에셋 -1.5X 천연가스 선물 ETN,EN,,0,0,0,N,N,,0,N,N,N,3.0,N,N,,,,,N,,,0,,,N,,,,,,17050,1,1,N,N,N,0,N,N,N,0,0,0,100,N,90,12233,0,20240530,2500,0,,,0,,N,N,N,0,0,0,0,0.0,,426,,N,N,N
Q520078,KRG520000784,미래에셋 미국 제약 TOP3 ETN,EN,,0,0,0,N,N,,0,N,N,N,3.0,N,N,,,,,N,,,0,,,N,,,,,,8705,1,1,N,N,N,0,N,N,N,0,0,0,100,N,90,250,0,20240920,3000,0,,,0,,N,N,N,0,0,0,0,0.0,,261,,N,N,N
Q520079,KRG520000792,미래에셋 레버리지 미국 제약 TOP3 ETN,EN,,0,0,0,N,N,,0,N,N,N,3.0,N,N,,,,,N,,,0,,,N,,,,,,13550,1,1,N,N,N,0,N,N,N,0,0,0,100,N,90,1008,0,20240920,1000,0,,,0,,N,N,N,0,0,0,0,0.0,,135,,N,N,N
Q520080,KRG520000800,미래에셋 미국 테크&반도체 TOP3 ETN,EN,,0,0,0,N,N,,0,N,N,N,3.0,N,N,,,,,N,,,0,,,N,,,,,,16140,1,1,N,N,N,0,N,N,N,0,0,0,100,N,90,535,0,20240920,3000,0,,,0,,N,N,N,0,0,0,0,0.0,,484,,N,N,N
Q520081,KRG520000818,미래에셋 2X 미국 테크&반도체 TOP3 ETN,EN,,0,0,0,N,N,,0,N,N,N,3.0,N,N,,,,,N,,,0,,,N,,,,,,41770,1,1,N,N,N,0,N,N,N,0,0,0,100,N,90,352,0,20240920,1000,0,,,0,,N,N,N,0,0,0,0,0.0,,417,,N,N,N
Q520082,KRG520000826,미래에셋 미국 자율주행대표기업 ETN,EN,,0,0,0,N,N,,0,N,N,N,3.0,N,N,,,,,N,,,0,,,N,,,,,,10590,1,1,N,N,N,0,N,N,N,0,0,0,100,N,90,560,0,20241211,3000,0,,,0,,N,N,N,0,0,0,0,0.0,,317,,N,N,N
Q520083,KRG520000834,미래에셋 2X 미국 자율주행대표기업 ETN,EN,,0,0,0,N,N,,0,N,N,N,3.0,N,N,,,,,N,,,0,,,N,,,,,,19965,1,1,N,N,N,0,N,N,N,0,0,0,100,N,90,2533,0,20241211,1000,0,,,0,,N,N,N,0,0,0,0,0.0,,199,,N,N,N
Q520084,KRG520000842,미래에셋 -2X 미국 자율주행대표기업 ETN,EN,,0,0,0,N,N,,0,N,N,N,3.0,N,N,,,,,N,,,0,,,N,,,,,,12825,1,1,N,N,N,0,N,N,N,0,0,0,100,N,90,2743,0,20241211,1000,0,,,0,,N,N,N,0,0,0,0,0.0,,128,,N,N,N
Q520085,KRG520000859,미래에셋 -2X 미국 AI TOP3 ETN,EN,,0,0,0,N,N,,0,N,N,N,3.0,N,N,,,,,N,,,0,,,N,,,,,,11680,1,1,N,N,N,0,N,N,N,0,0,0,100,N,90,1932,0,20241211,1000,0,,,0,,N,N,N,0,0,0,0,0.0,,116,,N,N,N
Q520086,KRG520000867,미래에셋-0.5X S&P500 VIX S/T선물 ETN(H)B,EN,,0,0,0,N,N,,0,N,N,N,3.0,N,N,,,,,N,,,0,,,N,,,,,,17785,1,1,N,N,N,0,N,N,N,0,0,0,100,N,90,7568,0,20250210,2500,0,,,0,,N,N,N,0,0,0,0,0.0,,444,,N,N,N
Q520087,KRG520000875,미래에셋 레버리지 KRX 금현물 ETN,EN,,0,0,0,N,N,,0,N,N,N,3.0,N,N,,,,,N,,,0,,,N,,,,,,22340,1,1,N,N,N,0,N,N,N,0,0,0,100,N,90,129608,0,20250522,2000,0,,,0,,N,N,N,0,0,0,0,0.0,,446,,N,N,N
Q520088,KRG520000883,미래에셋 S&P500 VIX S/T 선물 ETN(H),EN,,0,0,0,N,N,,0,N,N,N,3.0,N,N,,,,,N,,,0,,,N,,,,,,15610,1,1,N,N,N,0,N,N,N,0,0,0,100,N,90,75633,0,20250522,2000,0,,,0,,N,N,N,0,0,0,0,0.0,,312,,N,N,N
Q520089,KRG520000891,미래에셋 CAPE 실러 US Core Sector ETN,EN,,0,0,0,N,N,,0,N,N,N,3.0,N,N,,,,,N,,,0,,,N,,,,,,10130,1,1,N,N,N,0,N,N,N,0,0,0,100,N,90,210003,0,20250709,5000,0,,,0,,N,N,N,0,0,0,0,0.0,,506,,N,N,N
Q520090,KRG520000909,미래에셋 천연가스 선물 ETN B,EN,,0,0,0,N,N,,0,N,N,N,3.0,N,N,,,,,N,,,0,,,N,,,,,,9175,1,1,N,N,N,0,N,N,N,0,0,0,100,N,90,17960,0,20250709,4000,0,,,0,,N,N,N,0,0,0,0,0.0,,367,,N,N,N
Q520091,KRG520000917,미래에셋 인버스 천연가스 선물 ETN B,EN,,0,0,0,N,N,,0,N,N,N,3.0,N,N,,,,,N,,,0,,,N,,,,,,11160,1,1,N,N,N,0,N,N,N,0,0,0,100,N,90,1006,0,20250709,4000,0,,,0,,N,N,N,0,0,0,0,0.0,,446,,N,N,N
Q520009,KRG522100095,미래에셋 레버리지 원유선물혼합 ETN(H),EN,,0,0,0,N,N,N,0,N,N,N,3.0,N,N,N,N,N,N,N,N,N,0,N,N,N,N,N,N,N,N,6640,1,1,N,N,N,0,N,N,N,0,0,0,100,N,90,31239,0,20160421,41000,0,,,0,,N,N,N,0,0,0,0,0.0,,2722,,N,N,N
Q520011,KRG522100111,미래에셋 인버스 원유선물혼합 ETN(H),EN,,0,0,0,N,N,N,0,N,N,N,3.0,N,N,N,N,N,N,N,N,N,0,N,N,N,N,N,N,N,N,3730,1,1,N,N,N,0,N,N,N,0,0,0,100,N,90,719,0,20160421,1000,0,,,0,,N,N,N,0,0,0,0,0.0,,37,,N,N,N
Q530083,KRG530000832,삼성 금 선물 ETN(H),EN,,0,0,0,N,N,,0,N,N,N,3.0,N,N,,,,,N,,,0,,,N,,,,,,17935,1,1,N,N,N,0,N,N,N,0,0,0,100,N,90,717,0,20210805,1000,0,,,0,,N,N,N,0,0,0,0,0.0,,179,,N,N,N
Q530084,KRG530000840,삼성 인버스 금 선물 ETN(H),EN,,0,0,0,N,N,,0,N,N,N,3.0,N,N,,,,,N,,,0,,,N,,,,,,6500,1,1,N,N,N,0,N,N,N,0,0,0,100,N,90,1010,0,20210805,1000,0,,,0,,N,N,N,0,0,0,0,0.0,,65,,N,N,N
Q530089,KRG530000899,삼성 은 선물 ETN(H),EN,,0,0,0,N,N,,0,N,N,N,3.0,N,N,,,,,N,,,0,,,N,,,,,,14750,1,1,N,N,N,0,N,N,N,0,0,0,100,N,90,595,0,20210913,1000,0,,,0,,N,N,N,0,0,0,0,0.0,,147,,N,N,N
Q530090,KRG530000907,삼성 인버스 은 선물 ETN(H),EN,,0,0,0,N,N,,0,N,N,N,3.0,N,N,,,,,N,,,0,,,N,,,,,,6250,1,1,N,N,N,0,N,N,N,0,0,0,100,N,90,1288,0,20210913,1000,0,,,0,,N,N,N,0,0,0,0,0.0,,62,,N,N,N
Q530092,KRG530000923,삼성 인버스 코스피 200 선물 ETN,EN,,0,0,0,N,N,,0,N,N,N,3.0,N,N,,,,,N,,,0,,,N,,,,,,8590,1,1,N,N,N,0,N,N,N,0,0,0,100,N,90,3750,0,20211021,1000,0,,,0,,N,N,N,0,0,0,0,0.0,,85,,N,N,N
Q530094,KRG530000949,삼성 인버스 코스닥 150 선물 ETN,EN,,0,0,0,N,N,,0,N,N,N,3.0,N,N,,,,,N,,,0,,,N,,,,,,7705,1,1,N,N,N,0,N,N,N,0,0,0,100,N,90,5,0,20211021,1000,0,,,0,,N,N,N,0,0,0,0,0.0,,77,,N,N,N
Q530095,KRG530000956,삼성 구리 선물 ETN(H),EN,,0,0,0,N,N,,0,N,N,N,3.0,N,N,,,,,N,,,0,,,N,,,,,,10360,1,1,N,N,N,0,N,N,N,0,0,0,100,N,90,1917,0,20211109,1000,0,,,0,,N,N,N,0,0,0,0,0.0,,103,,N,N,N
Q530096,KRG530000964,삼성 인버스 구리 선물 ETN(H),EN,,0,0,0,N,N,,0,N,N,N,3.0,N,N,,,,,N,,,0,,,N,,,,,,9285,1,1,N,N,N,0,N,N,N,0,0,0,100,N,90,830,0,20211109,1000,0,,,0,,N,N,N,0,0,0,0,0.0,,92,,N,N,N
Q530104,KRG530001046,삼성 레버리지 코스피200 선물 ETN,EN,,0,0,0,N,N,,0,N,N,N,3.0,N,N,,,,,N,,,0,,,N,,,,,,41345,1,1,N,N,N,0,N,N,N,0,0,0,100,N,90,16500,0,20221017,1000,0,,,0,,N,N,N,0,0,0,0,0.0,,413,,N,N,N
Q530105,KRG530001053,삼성 인버스 2X 코스피200 선물 ETN,EN,,0,0,0,N,N,,0,N,N,N,3.0,N,N,,,,,N,,,0,,,N,,,,,,7295,1,1,N,N,N,0,N,N,N,0,0,0,100,N,90,671707,0,20221017,3000,0,,,0,,N,N,N,0,0,0,0,0.0,,218,,N,N,N
Q530106,KRG530001061,삼성 레버리지 코스닥150 선물 ETN,EN,,0,0,0,N,N,,0,N,N,N,3.0,N,N,,,,,N,,,0,,,N,,,,,,29600,1,1,N,N,N,0,N,N,N,0,0,0,100,N,90,3366,0,20221017,1000,0,,,0,,N,N,N,0,0,0,0,0.0,,296,,N,N,N
Q530107,KRG530001079,삼성 인버스 2X 코스닥150 선물 ETN,EN,,0,0,0,N,N,,0,N,N,N,3.0,N,N,,,,,N,,,0,,,N,,,,,,4955,1,1,N,N,N,0,N,N,N,0,0,0,100,N,90,2381466,0,20221017,40000,0,,,0,,N,N,N,0,0,0,0,0.0,,1982,,N,N,N
Q530111,KRG530001111,삼성 레버리지 천연가스 선물 ETN C,EN,,0,0,0,N,N,,0,N,N,N,3.0,N,N,,,,,N,,,0,,,N,,,,,,2980,1,1,N,N,N,0,N,N,N,0,0,0,100,N,90,1978526,0,20230428,50000,0,,,0,,N,N,N,0,0,0,0,0.0,,1490,,N,N,N
Q530112,KRG530001129,삼성 S&P500 ETN,EN,,0,0,0,N,N,,0,N,N,N,3.0,N,N,,,,,N,,,0,,,N,,,,,,15990,1,1,N,N,N,0,N,N,N,0,0,0,100,N,90,962,0,20230628,1000,0,,,0,,N,N,N,0,0,0,0,0.0,,159,,N,N,N
Q530113,KRG530001137,삼성 레버리지 S&P500 선물 ETN,EN,,0,0,0,N,N,,0,N,N,N,3.0,N,N,,,,,N,,,0,,,N,,,,,,38785,1,1,N,N,N,0,N,N,N,0,0,0,100,N,90,206,0,20230628,1000,0,,,0,,N,N,N,0,0,0,0,0.0,,387,,N,N,N
Q530114,KRG530001145,삼성 인버스 2X S&P500 선물 ETN,EN,,0,0,0,N,N,,0,N,N,N,3.0,N,N,,,,,N,,,0,,,N,,,,,,11440,1,1,N,N,N,0,N,N,N,0,0,0,100,N,90,3388,0,20230628,1000,0,,,0,,N,N,N,0,0,0,0,0.0,,114,,N,N,N
Q530115,KRG530001152,삼성 레버리지 나스닥 100 ETN,EN,,0,0,0,N,N,,0,N,N,N,3.0,N,N,,,,,N,,,0,,,N,,,,,,45335,1,1,N,N,N,0,N,N,N,0,0,0,100,N,90,44,0,20231108,1000,0,,,0,,N,N,N,0,0,0,0,0.0,,453,,N,N,N
Q530116,KRG530001160,삼성 인버스 2X 나스닥 100 ETN,EN,,0,0,0,N,N,,0,N,N,N,3.0,N,N,,,,,N,,,0,,,N,,,,,,7410,1,1,N,N,N,0,N,N,N,0,0,0,100,N,90,183453,0,20231108,5000,0,,,0,,N,N,N,0,0,0,0,0.0,,370,,N,N,N
Q530117,KRG530001178,삼성 코스피 200 TR ETN,EN,,0,0,0,N,N,,0,N,N,N,3.0,N,N,,,,,N,,,0,,,N,,,,,,13350,1,1,N,N,N,0,N,N,N,0,0,0,100,N,90,7179,0,20231219,1000,0,,,0,,N,N,N,0,0,0,0,0.0,,133,,N,N,N
Q530118,KRG530001186,삼성 코스닥 150 TR ETN,EN,,0,0,0,N,N,,0,N,N,N,3.0,N,N,,,,,N,,,0,,,N,,,,,,10140,1,1,N,N,N,0,N,N,N,0,0,0,100,N,90,15717,0,20231219,3000,0,,,0,,N,N,N,0,0,0,0,0.0,,304,,N,N,N
Q530119,KRG530001194,삼성 레버리지 항셍테크 ETN(H) B,EN,,0,0,0,N,N,,0,N,N,N,3.0,N,N,,,,,N,,,0,,,N,,,,,,38725,1,1,N,N,N,0,N,N,N,0,0,0,100,N,90,239,0,20240326,1000,0,,,0,,N,N,N,0,0,0,0,0.0,,387,,N,N,N
Q530120,KRG530001202,삼성 나스닥 100 ETN,EN,,0,0,0,N,N,,0,N,N,N,3.0,N,N,,,,,N,,,0,,,N,,,,,,12595,1,1,N,N,N,0,N,N,N,0,0,0,100,N,90,33,0,20240603,1000,0,,,0,,N,N,N,0,0,0,0,0.0,,125,,N,N,N
Q530121,KRG530001210,삼성 항셍테크 ETN(H) B,EN,,0,0,0,N,N,,0,N,N,N,3.0,N,N,,,,,N,,,0,,,N,,,,,,15025,1,1,N,N,N,0,N,N,N,0,0,0,100,N,90,240,0,20240625,1000,0,,,0,,N,N,N,0,0,0,0,0.0,,150,,N,N,N
Q530122,KRG530001228,삼성 인버스 2X 항셍테크 ETN(H) B,EN,,0,0,0,N,N,,0,N,N,N,3.0,N,N,,,,,N,,,0,,,N,,,,,,5470,1,1,N,N,N,0,N,N,N,0,0,0,100,N,90,2044,0,20240625,1000,0,,,0,,N,N,N,0,0,0,0,0.0,,54,,N,N,N
Q530123,KRG530001236,삼성 일본니케이225선물 ETN(H),EN,,0,0,0,N,N,,0,N,N,N,3.0,N,N,,,,,N,,,0,,,N,,,,,,10695,1,1,N,N,N,0,N,N,N,0,0,0,100,N,90,1,0,20240910,1000,0,,,0,,N,N,N,0,0,0,0,0.0,,106,,N,N,N
Q530124,KRG530001244,삼성 레버리지 일본니케이225선물 ETN(H),EN,,0,0,0,N,N,,0,N,N,N,3.0,N,N,,,,,N,,,0,,,N,,,,,,21665,1,1,N,N,N,0,N,N,N,0,0,0,100,N,90,54,0,20240910,1000,0,,,0,,N,N,N,0,0,0,0,0.0,,216,,N,N,N
Q530125,KRG530001251,삼성 인버스 2X 일본니케이225선물 ETN(H),EN,,0,0,0,N,N,,0,N,N,N,3.0,N,N,,,,,N,,,0,,,N,,,,,,14705,1,1,N,N,N,0,N,N,N,0,0,0,100,N,90,5957,0,20240910,1000,0,,,0,,N,N,N,0,0,0,0,0.0,,147,,N,N,N
Q530126,KRG530001269,삼성 코리아 밸류업 TR ETN,EN,,0,0,0,N,N,,0,N,N,N,3.0,N,N,,,,,N,,,0,,,N,,,,,,12805,1,1,N,N,N,0,N,N,N,0,0,0,100,N,90,2,0,20241104,2000,0,,,0,,N,N,N,0,0,0,0,0.0,,256,,N,N,N
Q530127,KRG530001277,삼성 미국다우존스 ETN,EN,,0,0,0,N,N,,0,N,N,N,3.0,N,N,,,,,N,,,0,,,N,,,,,,9815,1,1,N,N,N,0,N,N,N,0,0,0,100,N,90,0,0,20241224,1000,0,,,0,,N,N,N,0,0,0,0,0.0,,98,,N,N,N
Q530128,KRG530001285,삼성 레버리지 미국다우존스 선물 ETN,EN,,0,0,0,N,N,,0,N,N,N,3.0,N,N,,,,,N,,,0,,,N,,,,,,18660,1,1,N,N,N,0,N,N,N,0,0,0,100,N,90,191,0,20241224,1000,0,,,0,,N,N,N,0,0,0,0,0.0,,186,,N,N,N
Q530129,KRG530001293,삼성 인버스 2X 미국다우존스 선물 ETN,EN,,0,0,0,N,N,,0,N,N,N,3.0,N,N,,,,,N,,,0,,,N,,,,,,18765,1,1,N,N,N,0,N,N,N,0,0,0,100,N,90,0,0,20241224,1000,0,,,0,,N,N,N,0,0,0,0,0.0,,187,,N,N,N
Q530130,KRG530001301,삼성 S&P500 VIX S/T 선물 ETN B,EN,,0,0,0,N,N,,0,N,N,N,3.0,N,N,,,,,N,,,0,,,N,,,,,,17415,1,1,N,N,N,0,N,N,N,0,0,0,100,N,90,80601,0,20250210,3000,0,,,0,,N,N,N,0,0,0,0,0.0,,522,,N,N,N
Q530131,KRG530001319,삼성 인버스0.5X S&P500 VIX S/T선물 ETN B,EN,,0,0,0,N,N,,0,N,N,N,3.0,N,N,,,,,N,,,0,,,N,,,,,,16700,1,1,N,N,N,0,N,N,N,0,0,0,100,N,90,372,0,20250210,3000,0,,,0,,N,N,N,0,0,0,0,0.0,,501,,N,N,N
Q530132,KRG530001327,삼성 블룸버그 WTI원유 선물 ETN B,EN,,0,0,0,N,N,,0,N,N,N,3.0,N,N,,,,,N,,,0,,,N,,,,,,10565,1,1,N,N,N,0,N,N,N,0,0,0,100,N,90,71,0,20250417,1000,0,,,0,,N,N,N,0,0,0,0,0.0,,105,,N,N,N
Q530133,KRG530001335,삼성 블룸버그 레버리지 WTI원유선물 ETN B,EN,,0,0,0,N,N,,0,N,N,N,3.0,N,N,,,,,N,,,0,,,N,,,,,,22090,1,1,N,N,N,0,N,N,N,0,0,0,100,N,90,22968,0,20250417,1000,0,,,0,,N,N,N,0,0,0,0,0.0,,220,,N,N,N
Q530134,KRG530001343,삼성 블룸버그 인버스2X WTI원유선물 ETN B,EN,,0,0,0,N,N,,0,N,N,N,3.0,N,N,,,,,N,,,0,,,N,,,,,,14165,1,1,N,N,N,0,N,N,N,0,0,0,100,N,90,72464,0,20250417,4000,0,,,0,,N,N,N,0,0,0,0,0.0,,566,,N,N,N
Q530135,KRG530001350,삼성 인버스 China A50 선물 ETN(H) B,EN,,0,0,0,N,N,,0,N,N,N,3.0,N,N,,,,,N,,,0,,,N,,,,,,9330,1,1,N,N,N,0,N,N,N,0,0,0,100,N,90,3416,0,20250509,1000,0,,,0,,N,N,N,0,0,0,0,0.0,,93,,N,N,N
Q530136,KRG530001368,삼성 인버스 2X 천연가스 선물 ETN D,EN,,0,0,0,N,N,,0,N,N,N,3.0,N,N,,,,,N,,,0,,,N,,,,,,22895,1,1,N,N,N,0,N,N,N,0,0,0,100,N,90,92600,0,20250509,4000,0,,,0,,N,N,N,0,0,0,0,0.0,,915,,N,N,N
Q530137,KRG530001376,삼성 KRX 2차전지 TOP10 TR ETN,EN,,0,0,0,N,N,,0,N,N,N,3.0,N,N,,,,,N,,,0,,,N,,,,,,10575,1,1,N,N,N,0,N,N,N,0,0,0,100,N,90,30808,0,20250721,1000,0,,,0,,N,N,N,0,0,0,0,0.0,,105,,N,N,N
Q530138,KRG530001384,삼성 KRX 레버리지 2차전지 TOP10 TR ETN,EN,,0,0,0,N,N,,0,N,N,N,3.0,N,N,,,,,N,,,0,,,N,,,,,,22025,1,1,N,N,N,0,N,N,N,0,0,0,100,N,90,105529,0,20250721,1000,0,,,0,,N,N,N,0,0,0,0,0.0,,220,,N,N,N
Q530139,KRG530001392,삼성 iSelect 조선 TOP10 TR ETN,EN,,0,0,0,N,N,,0,N,N,N,3.0,N,N,,,,,N,,,0,,,N,,,,,,12695,1,1,N,N,N,0,N,N,N,0,0,0,100,N,90,121517,0,20250721,1000,0,,,0,,N,N,N,0,0,0,0,0.0,,126,,N,N,N
Q530140,KRG530001400,삼성 iSelect 레버리지 조선 TOP10 TR ETN,EN,,0,0,0,N,N,,0,N,N,N,3.0,N,N,,,,,N,,,0,,,N,,,,,,31830,1,1,N,N,N,0,N,N,N,0,0,0,100,N,90,129144,0,20250721,1000,0,,,0,,N,N,N,0,0,0,0,0.0,,318,,N,N,N
Q530067,KRG531400676,삼성 KRX 금현물 ETN,EN,,0,0,0,N,N,,0,N,N,N,3.0,N,N,,,,,N,,,0,,,N,,,,,,25855,1,1,N,N,N,0,N,N,N,0,0,0,100,N,90,5901,0,20191105,2000,0,,,0,,N,N,N,0,0,0,0,0.0,,517,,N,N,N
Q530060,KRG531800602,삼성 코스피 양매도 5% OTM ETN,EN,,0,0,0,N,N,,0,N,N,N,3.0,N,N,,,,,N,,,0,,,N,,,,,,8520,1,1,N,N,N,0,N,N,N,0,0,0,100,N,90,0,0,20181107,1000,0,,,0,,N,N,N,0,0,0,0,0.0,,85,,N,N,N
Q530015,KRG532100150,삼성 미국 대형 성장주 ETN(H),EN,,0,0,0,N,N,N,0,N,N,N,3.0,N,N,N,N,N,N,N,N,N,0,N,N,N,N,N,N,N,N,28035,1,1,N,N,N,0,N,N,N,0,0,0,100,N,90,6,0,20151209,2000,0,,,0,,N,N,N,0,0,0,0,0.0,,560,,N,N,N
Q530016,KRG532100168,삼성 미국 대형 가치주 ETN(H),EN,,0,0,0,N,N,N,0,N,N,N,3.0,N,N,N,N,N,N,N,N,N,0,N,N,N,N,N,N,N,N,19780,1,1,N,N,N,0,N,N,N,0,0,0,100,N,90,0,0,20151209,2000,0,,,0,,N,N,N,0,0,0,0,0.0,,395,,N,N,N
Q530019,KRG532100192,삼성 미국 대형 성장주 ETN,EN,,0,0,0,N,N,N,0,N,N,N,3.0,N,N,N,N,N,N,N,N,N,0,N,N,N,N,N,N,N,N,33910,1,1,N,N,N,0,N,N,N,0,0,0,100,N,90,1,0,20151209,2000,0,,,0,,N,N,N,0,0,0,0,0.0,,678,,N,N,N
Q530020,KRG532100200,삼성 미국 대형 가치주 ETN,EN,,0,0,0,N,N,N,0,N,N,N,3.0,N,N,N,N,N,N,N,N,N,0,N,N,N,N,N,N,N,N,23815,1,1,N,N,N,0,N,N,N,0,0,0,100,N,90,0,0,20151209,2000,0,,,0,,N,N,N,0,0,0,0,0.0,,476,,N,N,N
Q530031,KRG532400311,삼성 레버리지 WTI원유 선물 ETN,EN,,0,0,0,N,N,,0,N,N,N,3.0,N,N,,,,,N,,,0,,,N,,,,,,1269,1,1,N,N,N,0,N,N,N,0,0,0,100,N,90,2531533,0,20170703,404000,0,,,0,,N,N,N,0,0,0,0,0.0,,5126,,N,N,N
Q530036,KRG532400360,삼성 인버스 2X WTI원유 선물 ETN,EN,,0,0,0,N,N,,0,N,N,N,3.0,N,N,,,,,N,,,0,,,N,,,,,,78,1,1,N,N,N,0,N,N,N,0,0,0,100,N,90,64452000,0,20170920,1497000,0,,,0,,N,N,N,0,0,0,0,0.0,,1167,,N,N,N
Q530055,KRG532400550,삼성 레버리지 금 선물 ETN(H),EN,,0,0,0,N,N,,0,N,N,N,3.0,N,N,,,,,N,,,0,,,N,,,,,,77465,1,1,N,N,N,0,N,N,N,0,0,0,100,N,90,2982,0,20180614,1000,0,,,0,,N,N,N,0,0,0,0,0.0,,774,,N,N,N
Q530056,KRG532400568,삼성 인버스 2X 금 선물 ETN(H),EN,,0,0,0,N,N,,0,N,N,N,3.0,N,N,,,,,N,,,0,,,N,,,,,,3225,1,1,N,N,N,0,N,N,N,0,0,0,100,N,90,11539,0,20180614,4000,0,,,0,,N,N,N,0,0,0,0,0.0,,129,,N,N,N
Q530061,KRG532400618,삼성 레버리지 은 선물 ETN(H),EN,,0,0,0,N,N,,0,N,N,N,3.0,N,N,,,,,N,,,0,,,N,,,,,,23300,1,1,N,N,N,0,N,N,N,0,0,0,100,N,90,5250,0,20181113,3000,0,,,0,,N,N,N,0,0,0,0,0.0,,699,,N,N,N
Q530062,KRG532400626,삼성 인버스 2X 은 선물 ETN(H),EN,,0,0,0,N,N,,0,N,N,N,3.0,N,N,,,,,N,,,0,,,N,,,,,,376,1,1,N,N,N,0,N,N,N,0,0,0,100,N,90,135619,0,20181113,20000,0,,,0,,N,N,N,0,0,0,0,0.0,,75,,N,N,N
Q530063,KRG532400634,삼성 레버리지 구리 선물 ETN(H),EN,,0,0,0,N,N,,0,N,N,N,3.0,N,N,,,,,N,,,0,,,N,,,,,,13735,1,1,N,N,N,0,N,N,N,0,0,0,100,N,90,41074,0,20181113,1000,0,,,0,,N,N,N,0,0,0,0,0.0,,137,,N,N,N
Q530064,KRG532400642,삼성 인버스 2X 구리 선물 ETN(H),EN,,0,0,0,N,N,,0,N,N,N,3.0,N,N,,,,,N,,,0,,,N,,,,,,1606,1,1,N,N,N,0,N,N,N,0,0,0,100,N,90,36805,0,20181113,15000,0,,,0,,N,N,N,0,0,0,0,0.0,,240,,N,N,N
Q530014,KRG536100149,삼성 China A50 선물 ETN(H),EN,,0,0,0,N,N,N,0,N,N,N,3.0,N,N,N,N,N,N,N,N,N,0,N,N,N,N,N,N,N,N,18275,1,1,N,N,N,0,N,N,N,0,0,0,100,N,90,0,0,20151209,2000,0,,,0,,N,N,N,0,0,0,0,0.0,,365,,N,N,N
Q530023,KRG536100230,삼성 레버리지 China A50 선물 ETN(H),EN,,0,0,0,N,N,N,0,N,N,N,3.0,N,N,N,N,N,N,N,N,N,0,N,N,N,N,N,N,N,N,39100,1,1,N,N,N,0,N,N,N,0,0,0,100,N,90,11,0,20160316,1000,0,,,0,,N,N,N,0,0,0,0,0.0,,391,,N,N,N
Q550062,KRG550000621,N2 레버리지 금 선물 ETN(H),EN,,0,0,0,N,N,,0,N,N,N,3.0,N,N,,,,,N,,,0,,,N,,,,,,50940,1,1,N,N,N,0,N,N,N,0,0,0,100,N,90,2,0,20210805,1000,0,,,0,,N,N,N,0,0,0,0,0.0,,509,,N,N,N
Q550063,KRG550000639,N2 인버스 레버리지 금 선물 ETN(H),EN,,0,0,0,N,N,,0,N,N,N,3.0,N,N,,,,,N,,,0,,,N,,,,,,6765,1,1,N,N,N,0,N,N,N,0,0,0,100,N,90,3,0,20210805,1000,0,,,0,,N,N,N,0,0,0,0,0.0,,67,,N,N,N
Q550064,KRG550000647,N2 레버리지 은 선물 ETN(H),EN,,0,0,0,N,N,,0,N,N,N,3.0,N,N,,,,,N,,,0,,,N,,,,,,27110,1,1,N,N,N,0,N,N,N,0,0,0,100,N,90,2,0,20210913,1000,0,,,0,,N,N,N,0,0,0,0,0.0,,271,,N,N,N
Q550065,KRG550000654,N2 인버스 레버리지 은 선물 ETN(H),EN,,0,0,0,N,N,,0,N,N,N,3.0,N,N,,,,,N,,,0,,,N,,,,,,4940,1,1,N,N,N,0,N,N,N,0,0,0,100,N,90,81,0,20210913,1000,0,,,0,,N,N,N,0,0,0,0,0.0,,49,,N,N,N
Q550069,KRG550000696,N2 레버리지 구리 선물 ETN(H),EN,,0,0,0,N,N,,0,N,N,N,3.0,N,N,,,,,N,,,0,,,N,,,,,,13800,1,1,N,N,N,0,N,N,N,0,0,0,100,N,90,21,0,20211109,1000,0,,,0,,N,N,N,0,0,0,0,0.0,,138,,N,N,N
Q550070,KRG550000704,N2 인버스 레버리지 구리 선물 ETN(H),EN,,0,0,0,N,N,,0,N,N,N,3.0,N,N,,,,,N,,,0,,,N,,,,,,11575,1,1,N,N,N,0,N,N,N,0,0,0,100,N,90,16,0,20211109,1000,0,,,0,,N,N,N,0,0,0,0,0.0,,115,,N,N,N
Q550074,KRG550000746,N2 블룸버그 2X 천연가스 선물 ETN(H),EN,,0,0,0,N,N,,0,N,N,N,3.0,N,N,,,,,N,,,0,,,N,,,,,,203,1,1,N,N,N,0,N,N,N,0,0,0,100,N,90,1360320,0,20221020,59000,0,,,0,,N,N,N,0,0,0,0,0.0,,119,,N,N,N
Q550082,KRG550000829,N2 KIS CD금리투자 ETN,EN,,0,0,0,N,N,,0,N,N,N,3.0,N,N,,,,,N,,,0,,,N,,,,,,54145,1,1,N,N,N,0,N,N,N,0,0,0,100,N,90,0,0,20230406,14000,0,,,0,,N,N,N,0,0,0,0,0.0,,7580,,N,N,N
Q550084,KRG550000845,N2 코스피 200 TR ETN,EN,,0,0,0,N,N,,0,N,N,N,3.0,N,N,,,,,N,,,0,,,N,,,,,,13135,1,1,N,N,N,0,N,N,N,0,0,0,100,N,90,6092,0,20231227,2000,0,,,0,,N,N,N,0,0,0,0,0.0,,262,,N,N,N
Q550085,KRG550000852,N2 코스닥 150 TR ETN,EN,,0,0,0,N,N,,0,N,N,N,3.0,N,N,,,,,N,,,0,,,N,,,,,,9715,1,1,N,N,N,0,N,N,N,0,0,0,100,N,90,3,0,20231227,2000,0,,,0,,N,N,N,0,0,0,0,0.0,,194,,N,N,N
Q550086,KRG550000860,N2 미국달러 SOFR금리 플러스 ETN,EN,,0,0,0,N,N,,0,N,N,N,3.0,N,N,,,,,N,,,0,,,N,,,,,,11510,1,1,N,N,N,0,N,N,N,0,0,0,100,N,90,263,0,20231215,2000,0,,,0,,N,N,N,0,0,0,0,0.0,,230,,N,N,N
Q550087,KRG550000878,N2 선진국 1등주 ETN,EN,,0,0,0,N,N,,0,N,N,N,3.0,N,N,,,,,N,,,0,,,N,,,,,,9570,1,1,N,N,N,0,N,N,N,0,0,0,100,N,90,134,0,20240430,2000,0,,,0,,N,N,N,0,0,0,0,0.0,,191,,N,N,N
Q550088,KRG550000886,N2 월간 레버리지 선진국 1등주 ETN,EN,,0,0,0,N,N,,0,N,N,N,3.0,N,N,,,,,N,,,0,,,N,,,,,,16700,1,1,N,N,N,0,N,N,N,0,0,0,100,N,90,0,0,20240430,1000,0,,,0,,N,N,N,0,0,0,0,0.0,,167,,N,N,N
Q550089,KRG550000894,N2 월간 레버리지 코스피 200 선물 ETN,EN,,0,0,0,N,N,,0,N,N,N,3.0,N,N,,,,,N,,,0,,,N,,,,,,27395,1,1,N,N,N,0,N,N,N,0,0,0,100,N,90,0,0,20240430,1000,0,,,0,,N,N,N,0,0,0,0,0.0,,273,,N,N,N
Q550091,KRG550000910,N2 방위산업 Top5 ETN,EN,,0,0,0,N,N,,0,N,N,N,3.0,N,N,,,,,N,,,0,,,N,,,,,,29975,1,1,N,N,N,0,N,N,N,0,0,0,100,N,90,13068,0,20240801,2000,0,,,0,,N,N,N,0,0,0,0,0.0,,599,,N,N,N
Q550092,KRG550000928,N2 월간 레버리지 방위산업 Top5 ETN,EN,,0,0,0,N,N,,0,N,N,N,3.0,N,N,,,,,N,,,0,,,N,,,,,,111175,1,1,N,N,N,0,N,N,N,0,0,0,100,N,90,19149,0,20240801,1000,0,,,0,,N,N,N,0,0,0,0,0.0,,1111,,N,N,N
Q550093,KRG550000936,N2 전력인프라 Top5 ETN,EN,,0,0,0,N,N,,0,N,N,N,3.0,N,N,,,,,N,,,0,,,N,,,,,,18435,1,1,N,N,N,0,N,N,N,0,0,0,100,N,90,87,0,20240801,2000,0,,,0,,N,N,N,0,0,0,0,0.0,,368,,N,N,N
Q550095,KRG550000951,N2 레버리지 국채10년 ETN,EN,,0,0,0,N,N,,0,N,N,N,3.0,N,N,,,,,N,,,0,,,N,,,,,,20810,1,1,N,N,N,0,N,N,N,0,0,0,100,N,90,0,0,20241031,500,0,,,0,,N,N,N,0,0,0,0,0.0,,104,,N,N,N
Q550096,KRG550000969,N2 레버리지 국채30년 ETN,EN,,0,0,0,N,N,,0,N,N,N,3.0,N,N,,,,,N,,,0,,,N,,,,,,21735,1,1,N,N,N,0,N,N,N,0,0,0,100,N,90,0,0,20241031,500,0,,,0,,N,N,N,0,0,0,0,0.0,,108,,N,N,N
Q550097,KRG550000977,N2 레버리지 코스닥150 선물 ETN,EN,,0,0,0,N,N,,0,N,N,N,3.0,N,N,,,,,N,,,0,,,N,,,,,,21460,1,1,N,N,N,0,N,N,N,0,0,0,100,N,90,3,0,20250619,1000,0,,,0,,N,N,N,0,0,0,0,0.0,,214,,N,N,N
Q550098,KRG550000985,N2 인버스 2X 코스닥150 선물 ETN,EN,,0,0,0,N,N,,0,N,N,N,3.0,N,N,,,,,N,,,0,,,N,,,,,,18015,1,1,N,N,N,0,N,N,N,0,0,0,100,N,90,9891,0,20250619,1000,0,,,0,,N,N,N,0,0,0,0,0.0,,180,,N,N,N
Q550041,KRG552100411,N2 미국 IT TOP5 ETN(H),EN,,0,0,0,N,N,,0,N,N,N,3.0,N,N,,,,,N,,,0,,,N,,,,,,52935,1,1,N,N,N,0,N,N,N,0,0,0,100,N,90,1,0,20170731,700,0,,,0,,N,N,N,0,0,0,0,0.0,,370,,N,N,N
Q550044,KRG552100445,N2 레버리지 S&P500 ETN,EN,,0,0,0,N,N,,0,N,N,N,3.0,N,N,,,,,N,,,0,,,N,,,,,,51325,1,1,N,N,N,0,N,N,N,0,0,0,100,N,90,1554,0,20171103,2000,0,,,0,,N,N,N,0,0,0,0,0.0,,1026,,N,N,N
Q550045,KRG552100452,N2 인버스 레버리지 S&P500 ETN,EN,,0,0,0,N,N,,0,N,N,N,3.0,N,N,,,,,N,,,0,,,N,,,,,,1036,1,1,N,N,N,0,N,N,N,0,0,0,100,N,90,662,0,20171103,2000,0,,,0,,N,N,N,0,0,0,0,0.0,,20,,N,N,N
Q550043,KRG552400431,N2 인버스 레버리지 WTI원유 선물 ETN(H),EN,,0,0,0,N,N,,0,N,N,N,3.0,N,N,,,,,N,,,0,,,N,,,,,,60,1,1,N,N,N,0,N,N,N,0,0,0,100,N,90,3525128,0,20170830,150000,0,,,0,,N,N,N,0,0,0,0,0.0,,90,,N,N,N
Q570047,KRG570000478,한투 FTSE100 ETN,EN,,0,0,0,N,N,,0,N,N,N,3.0,N,N,,,,,N,,,0,,,N,,,,,,22580,1,1,N,N,N,0,N,N,N,0,0,0,100,N,90,5,0,20200522,1000,0,,,0,,N,N,N,0,0,0,0,0.0,,225,,N,N,N
Q570050,KRG570000502,한투 S&P500 선물 ETN,EN,,0,0,0,N,N,,0,N,N,N,3.0,N,N,,,,,N,,,0,,,N,,,,,,22245,1,1,N,N,N,0,N,N,N,0,0,0,100,N,90,2,0,20200821,5000,0,,,0,,N,N,N,0,0,0,0,0.0,,1112,,N,N,N
Q570051,KRG570000510,한투 나스닥 100 ETN,EN,,0,0,0,N,N,,0,N,N,N,3.0,N,N,,,,,N,,,0,,,N,,,,,,24315,1,1,N,N,N,0,N,N,N,0,0,0,100,N,90,3604,0,20200821,5000,0,,,0,,N,N,N,0,0,0,0,0.0,,1215,,N,N,N
Q570052,KRG570000528,한투 플래티넘 선물 ETN,EN,,0,0,0,N,N,,0,N,N,N,3.0,N,N,,,,,N,,,0,,,N,,,,,,12825,1,1,N,N,N,0,N,N,N,0,0,0,100,N,90,414,0,20210225,1000,0,,,0,,N,N,N,0,0,0,0,0.0,,128,,N,N,N
Q570053,KRG570000536,한투 인버스 플래티넘 선물 ETN,EN,,0,0,0,N,N,,0,N,N,N,3.0,N,N,,,,,N,,,0,,,N,,,,,,9330,1,1,N,N,N,0,N,N,N,0,0,0,100,N,90,431,0,20210225,1000,0,,,0,,N,N,N,0,0,0,0,0.0,,93,,N,N,N
Q570054,KRG570000544,한투 레버리지 유로스탁스50 ETN(H) B,EN,,0,0,0,N,N,,0,N,N,N,3.0,N,N,,,,,N,,,0,,,N,,,,,,19045,1,1,N,N,N,0,N,N,N,0,0,0,100,N,90,1,0,20210322,1000,0,,,0,,N,N,N,0,0,0,0,0.0,,190,,N,N,N
Q570055,KRG570000551,한투 금 선물 ETN,EN,,0,0,0,N,N,,0,N,N,N,3.0,N,N,,,,,N,,,0,,,N,,,,,,21575,1,1,N,N,N,0,N,N,N,0,0,0,100,N,90,2190,0,20210524,1000,0,,,0,,N,N,N,0,0,0,0,0.0,,215,,N,N,N
Q570056,KRG570000569,한투 인버스 금 선물 ETN,EN,,0,0,0,N,N,,0,N,N,N,3.0,N,N,,,,,N,,,0,,,N,,,,,,8020,1,1,N,N,N,0,N,N,N,0,0,0,100,N,90,3,0,20210524,1000,0,,,0,,N,N,N,0,0,0,0,0.0,,80,,N,N,N
Q570057,KRG570000577,한투 은 선물 ETN,EN,,0,0,0,N,N,,0,N,N,N,3.0,N,N,,,,,N,,,0,,,N,,,,,,16395,1,1,N,N,N,0,N,N,N,0,0,0,100,N,90,529,0,20210524,1000,0,,,0,,N,N,N,0,0,0,0,0.0,,163,,N,N,N
Q570058,KRG570000585,한투 인버스 은 선물 ETN,EN,,0,0,0,N,N,,0,N,N,N,3.0,N,N,,,,,N,,,0,,,N,,,,,,8180,1,1,N,N,N,0,N,N,N,0,0,0,100,N,90,216,0,20210524,1000,0,,,0,,N,N,N,0,0,0,0,0.0,,81,,N,N,N
Q570059,KRG570000593,한투 레버리지 금 선물 ETN,EN,,0,0,0,N,N,,0,N,N,N,3.0,N,N,,,,,N,,,0,,,N,,,,,,61965,1,1,N,N,N,0,N,N,N,0,0,0,100,N,90,331,0,20210805,1000,0,,,0,,N,N,N,0,0,0,0,0.0,,619,,N,N,N
Q570060,KRG570000601,한투 인버스 2X 금 선물 ETN,EN,,0,0,0,N,N,,0,N,N,N,3.0,N,N,,,,,N,,,0,,,N,,,,,,8275,1,1,N,N,N,0,N,N,N,0,0,0,100,N,90,4,0,20210805,1000,0,,,0,,N,N,N,0,0,0,0,0.0,,82,,N,N,N
Q570061,KRG570000619,한투 레버리지 은 선물 ETN,EN,,0,0,0,N,N,,0,N,N,N,3.0,N,N,,,,,N,,,0,,,N,,,,,,32915,1,1,N,N,N,0,N,N,N,0,0,0,100,N,90,324,0,20210913,1000,0,,,0,,N,N,N,0,0,0,0,0.0,,329,,N,N,N
Q570062,KRG570000627,한투 인버스 2X 은 선물 ETN,EN,,0,0,0,N,N,,0,N,N,N,3.0,N,N,,,,,N,,,0,,,N,,,,,,5880,1,1,N,N,N,0,N,N,N,0,0,0,100,N,90,5657,0,20210913,1000,0,,,0,,N,N,N,0,0,0,0,0.0,,58,,N,N,N
Q570063,KRG570000635,한투 베트남 VN30 선물 ETN(H),EN,,0,0,0,N,N,,0,N,N,N,3.0,N,N,,,,,N,,,0,,,N,,,,,,12995,1,1,N,N,N,0,N,N,N,0,0,0,100,N,90,138,0,20211001,1000,0,,,0,,N,N,N,0,0,0,0,0.0,,129,,N,N,N
Q570064,KRG570000643,한투 인버스 베트남 VN30 선물 ETN(H),EN,,0,0,0,N,N,,0,N,N,N,3.0,N,N,,,,,N,,,0,,,N,,,,,,7190,1,1,N,N,N,0,N,N,N,0,0,0,100,N,90,68,0,20211001,1000,0,,,0,,N,N,N,0,0,0,0,0.0,,71,,N,N,N
Q570065,KRG570000650,한투 레버리지 베트남 VN30 선물 ETN(H),EN,,0,0,0,N,N,,0,N,N,N,3.0,N,N,,,,,N,,,0,,,N,,,,,,26085,1,1,N,N,N,0,N,N,N,0,0,0,100,N,90,292,0,20211001,1000,0,,,0,,N,N,N,0,0,0,0,0.0,,260,,N,N,N
Q570066,KRG570000668,한투 인버스 2X 베트남 VN30 선물 ETN(H),EN,,0,0,0,N,N,,0,N,N,N,3.0,N,N,,,,,N,,,0,,,N,,,,,,8125,1,1,N,N,N,0,N,N,N,0,0,0,100,N,90,2493,0,20211001,1000,0,,,0,,N,N,N,0,0,0,0,0.0,,81,,N,N,N
Q570069,KRG570000692,한투 레버리지 플래티넘 선물 ETN,EN,,0,0,0,N,N,,0,N,N,N,3.0,N,N,,,,,N,,,0,,,N,,,,,,28115,1,1,N,N,N,0,N,N,N,0,0,0,100,N,90,1330,0,20220411,1000,0,,,0,,N,N,N,0,0,0,0,0.0,,281,,N,N,N
Q570070,KRG570000700,한투 인버스 2X 플래티넘 선물 ETN,EN,,0,0,0,N,N,,0,N,N,N,3.0,N,N,,,,,N,,,0,,,N,,,,,,6680,1,1,N,N,N,0,N,N,N,0,0,0,100,N,90,2166,0,20220411,1000,0,,,0,,N,N,N,0,0,0,0,0.0,,66,,N,N,N
Q570071,KRG570000718,한투 구리 선물 ETN,EN,,0,0,0,N,N,,0,N,N,N,3.0,N,N,,,,,N,,,0,,,N,,,,,,12265,1,1,N,N,N,0,N,N,N,0,0,0,100,N,90,145,0,20211109,1000,0,,,0,,N,N,N,0,0,0,0,0.0,,122,,N,N,N
Q570072,KRG570000726,한투 레버리지 구리 선물 ETN,EN,,0,0,0,N,N,,0,N,N,N,3.0,N,N,,,,,N,,,0,,,N,,,,,,16145,1,1,N,N,N,0,N,N,N,0,0,0,100,N,90,561,0,20211109,1000,0,,,0,,N,N,N,0,0,0,0,0.0,,161,,N,N,N
Q570073,KRG570000734,한투 인버스 2X 구리 선물 ETN,EN,,0,0,0,N,N,,0,N,N,N,3.0,N,N,,,,,N,,,0,,,N,,,,,,13615,1,1,N,N,N,0,N,N,N,0,0,0,100,N,90,439,0,20211109,1000,0,,,0,,N,N,N,0,0,0,0,0.0,,136,,N,N,N
Q570074,KRG570000742,한투 S&P 유럽탄소배출권 선물 ETN(H),EN,,0,0,0,N,N,,0,N,N,N,3.0,N,N,,,,,N,,,0,,,N,,,,,,10445,1,1,N,N,N,0,N,N,N,0,0,0,100,N,90,53,0,20211108,1000,0,,,0,,N,N,N,0,0,0,0,0.0,,104,,N,N,N
Q570081,KRG570000817,한투 레버리지 코스닥150선물 ETN,EN,,0,0,0,N,N,,0,N,N,N,3.0,N,N,,,,,N,,,0,,,N,,,,,,30205,1,1,N,N,N,0,N,N,N,0,0,0,100,N,90,2,0,20221017,1000,0,,,0,,N,N,N,0,0,0,0,0.0,,302,,N,N,N
Q570082,KRG570000825,한투 인버스 2X 코스닥150선물 ETN,EN,,0,0,0,N,N,,0,N,N,N,3.0,N,N,,,,,N,,,0,,,N,,,,,,5025,1,1,N,N,N,0,N,N,N,0,0,0,100,N,90,84585,0,20221017,20000,0,,,0,,N,N,N,0,0,0,0,0.0,,1005,,N,N,N
Q570084,KRG570000841,한투 블룸버그 인버스 2X 천연가스선물 ETN,EN,,0,0,0,N,N,,0,N,N,N,3.0,N,N,,,,,N,,,0,,,N,,,,,,28340,1,1,N,N,N,0,N,N,N,0,0,0,100,N,90,99966,0,20221020,4000,0,,,0,,N,N,N,0,0,0,0,0.0,,1133,,N,N,N
Q570085,KRG570000858,한투 블룸버그 인도네시아 대표원자재 ETN,EN,,0,0,0,N,N,,0,N,N,N,3.0,N,N,,,,,N,,,0,,,N,,,,,,11670,1,1,N,N,N,0,N,N,N,0,0,0,100,N,90,292,0,20221128,1000,0,,,0,,N,N,N,0,0,0,0,0.0,,116,,N,N,N
Q570090,KRG570000908,한투 KIS CD금리투자 ETN,EN,,0,0,0,N,N,,0,N,N,N,3.0,N,N,,,,,N,,,0,,,N,,,,,,54145,1,1,N,N,N,0,N,N,N,0,0,0,100,N,90,0,0,20230406,6000,0,,,0,,N,N,N,0,0,0,0,0.0,,3248,,N,N,N
Q570091,KRG570000916,한투 인버스 유로스탁스50 ETN(H) C,EN,,0,0,0,N,N,,0,N,N,N,3.0,N,N,,,,,N,,,0,,,N,,,,,,7680,1,1,N,N,N,0,N,N,N,0,0,0,100,N,90,231,0,20230321,1000,0,,,0,,N,N,N,0,0,0,0,0.0,,76,,N,N,N
Q570092,KRG570000924,한투 인버스 2X 유로스탁스50 ETN(H) B,EN,,0,0,0,N,N,,0,N,N,N,3.0,N,N,,,,,N,,,0,,,N,,,,,,10470,1,1,N,N,N,0,N,N,N,0,0,0,100,N,90,592,0,20230321,1000,0,,,0,,N,N,N,0,0,0,0,0.0,,104,,N,N,N
Q570093,KRG570000932,한투 레버리지 천연가스 선물 ETN B,EN,,0,0,0,N,N,,0,N,N,N,3.0,N,N,,,,,N,,,0,,,N,,,,,,4020,1,1,N,N,N,0,N,N,N,0,0,0,100,N,90,160461,0,20230621,10000,0,,,0,,N,N,N,0,0,0,0,0.0,,402,,N,N,N
Q570094,KRG570000940,한투 일본 엔선물 ETN C,EN,,0,0,0,N,N,,0,N,N,N,3.0,N,N,,,,,N,,,0,,,N,,,,,,9565,1,1,N,N,N,0,N,N,N,0,0,0,100,N,90,12,0,20230810,1000,0,,,0,,N,N,N,0,0,0,0,0.0,,95,,N,N,N
Q570095,KRG570000957,한투 레버리지 일본 엔선물 ETN C,EN,,0,0,0,N,N,,0,N,N,N,3.0,N,N,,,,,N,,,0,,,N,,,,,,8380,1,1,N,N,N,0,N,N,N,0,0,0,100,N,90,929,0,20230810,1000,0,,,0,,N,N,N,0,0,0,0,0.0,,83,,N,N,N
Q570096,KRG570000965,한투 인버스 2X 일본 엔선물 ETN,EN,,0,0,0,N,N,,0,N,N,N,3.0,N,N,,,,,N,,,0,,,N,,,,,,10245,1,1,N,N,N,0,N,N,N,0,0,0,100,N,90,0,0,20230810,1000,0,,,0,,N,N,N,0,0,0,0,0.0,,102,,N,N,N
Q570097,KRG570000973,한투 S&P 엔달러 선물 ETN(H),EN,,0,0,0,N,N,,0,N,N,N,3.0,N,N,,,,,N,,,0,,,N,,,,,,8745,1,1,N,N,N,0,N,N,N,0,0,0,100,N,90,25,0,20230810,1000,0,,,0,,N,N,N,0,0,0,0,0.0,,87,,N,N,N
Q570098,KRG570000981,한투 S&P 레버리지 엔달러 선물 ETN(H),EN,,0,0,0,N,N,,0,N,N,N,3.0,N,N,,,,,N,,,0,,,N,,,,,,7505,1,1,N,N,N,0,N,N,N,0,0,0,100,N,90,5728,0,20230810,1000,0,,,0,,N,N,N,0,0,0,0,0.0,,75,,N,N,N
Q570099,KRG570000999,한투 S&P 인버스 2X 엔달러 선물 ETN(H),EN,,0,0,0,N,N,,0,N,N,N,3.0,N,N,,,,,N,,,0,,,N,,,,,,12205,1,1,N,N,N,0,N,N,N,0,0,0,100,N,90,2,0,20230810,1000,0,,,0,,N,N,N,0,0,0,0,0.0,,122,,N,N,N
Q570100,KRG570001005,한투 일본종합상사TOP5 ETN,EN,,0,0,0,N,N,,0,N,N,N,3.0,N,N,,,,,N,,,0,,,N,,,,,,14500,1,1,N,N,N,0,N,N,N,0,0,0,100,N,90,4395,0,20240104,1000,0,,,0,,N,N,N,0,0,0,0,0.0,,145,,N,N,N
Q570101,KRG570001013,한투 인버스 나스닥100 ETN B,EN,,0,0,0,N,N,,0,N,N,N,3.0,N,N,,,,,N,,,0,,,N,,,,,,8540,1,1,N,N,N,0,N,N,N,0,0,0,100,N,90,35,0,20240628,1000,0,,,0,,N,N,N,0,0,0,0,0.0,,85,,N,N,N
Q570102,KRG570001021,한투 레버리지 나스닥100 ETN B,EN,,0,0,0,N,N,,0,N,N,N,3.0,N,N,,,,,N,,,0,,,N,,,,,,12295,1,1,N,N,N,0,N,N,N,0,0,0,100,N,90,856,0,20240628,2000,0,,,0,,N,N,N,0,0,0,0,0.0,,245,,N,N,N
Q570103,KRG570001039,한투 인버스2X 나스닥100 ETN B,EN,,0,0,0,N,N,,0,N,N,N,3.0,N,N,,,,,N,,,0,,,N,,,,,,6555,1,1,N,N,N,0,N,N,N,0,0,0,100,N,90,16550,0,20240628,10000,0,,,0,,N,N,N,0,0,0,0,0.0,,655,,N,N,N
Q570104,KRG570001047,한투 일본니케이225선물 ETN(H),EN,,0,0,0,N,N,,0,N,N,N,3.0,N,N,,,,,N,,,0,,,N,,,,,,10760,1,1,N,N,N,0,N,N,N,0,0,0,100,N,90,3,0,20240806,3000,0,,,0,,N,N,N,0,0,0,0,0.0,,322,,N,N,N
Q570105,KRG570001054,한투 인버스일본니케이225선물 ETN(H),EN,,0,0,0,N,N,,0,N,N,N,3.0,N,N,,,,,N,,,0,,,N,,,,,,8450,1,1,N,N,N,0,N,N,N,0,0,0,100,N,90,10675,0,20240806,3000,0,,,0,,N,N,N,0,0,0,0,0.0,,253,,N,N,N
Q570106,KRG570001062,한투 레버리지일본니케이225선물 ETN(H),EN,,0,0,0,N,N,,0,N,N,N,3.0,N,N,,,,,N,,,0,,,N,,,,,,21110,1,1,N,N,N,0,N,N,N,0,0,0,100,N,90,27,0,20240806,2500,0,,,0,,N,N,N,0,0,0,0,0.0,,527,,N,N,N
Q570107,KRG570001070,한투 인버스2X일본니케이225선물 ETN(H),EN,,0,0,0,N,N,,0,N,N,N,3.0,N,N,,,,,N,,,0,,,N,,,,,,13085,1,1,N,N,N,0,N,N,N,0,0,0,100,N,90,24057,0,20240806,2500,0,,,0,,N,N,N,0,0,0,0,0.0,,327,,N,N,N
Q570108,KRG570001088,한투 레버리지국채30년 ETN,EN,,0,0,0,N,N,,0,N,N,N,3.0,N,N,,,,,N,,,0,,,N,,,,,,21720,1,1,N,N,N,0,N,N,N,0,0,0,100,N,90,0,0,20241008,500,0,,,0,,N,N,N,0,0,0,0,0.0,,108,,N,N,N
Q570109,KRG570001096,한투 레버리지미국채30년 ETN,EN,,0,0,0,N,N,,0,N,N,N,3.0,N,N,,,,,N,,,0,,,N,,,,,,16805,1,1,N,N,N,0,N,N,N,0,0,0,100,N,90,0,0,20241008,500,0,,,0,,N,N,N,0,0,0,0,0.0,,84,,N,N,N
Q570110,KRG570001104,한투 3X레버리지국채30년 ETN,EN,,0,0,0,N,N,,0,N,N,N,3.0,N,N,,,,,N,,,0,,,N,,,,,,48725,1,1,N,N,N,0,N,N,N,0,0,0,100,N,90,0,0,20241224,200,0,,,0,,N,N,N,0,0,0,0,0.0,,97,,N,N,N
Q570111,KRG570001112,한투 3X레버리지미국채30년 ETN,EN,,0,0,0,N,N,,0,N,N,N,3.0,N,N,,,,,N,,,0,,,N,,,,,,42685,1,1,N,N,N,0,N,N,N,0,0,0,100,N,90,11,0,20241224,200,0,,,0,,N,N,N,0,0,0,0,0.0,,85,,N,N,N
Q570114,KRG570001146,한투 S&P500 VIX S/T선물 ETN(H) B,EN,,0,0,0,N,N,,0,N,N,N,3.0,N,N,,,,,N,,,0,,,N,,,,,,18580,1,1,N,N,N,0,N,N,N,0,0,0,100,N,90,3117,0,20250307,1000,0,,,0,,N,N,N,0,0,0,0,0.0,,185,,N,N,N
Q570115,KRG570001153,한투 인버스0.5X S&P500 VIX S/T선물 ETN B,EN,,0,0,0,N,N,,0,N,N,N,3.0,N,N,,,,,N,,,0,,,N,,,,,,17115,1,1,N,N,N,0,N,N,N,0,0,0,100,N,90,36,0,20250307,1000,0,,,0,,N,N,N,0,0,0,0,0.0,,171,,N,N,N
Q570116,KRG570001161,한투 블룸버그레버리지WTI원유선물 ETN B,EN,,0,0,0,N,N,,0,N,N,N,3.0,N,N,,,,,N,,,0,,,N,,,,,,22120,1,1,N,N,N,0,N,N,N,0,0,0,100,N,90,22293,0,20250417,2000,0,,,0,,N,N,N,0,0,0,0,0.0,,442,,N,N,N
Q570117,KRG570001179,한투 블룸버그인버스2XWTI원유선물 ETN B,EN,,0,0,0,N,N,,0,N,N,N,3.0,N,N,,,,,N,,,0,,,N,,,,,,14200,1,1,N,N,N,0,N,N,N,0,0,0,100,N,90,10246,0,20250417,2000,0,,,0,,N,N,N,0,0,0,0,0.0,,284,,N,N,N
Q570019,KRG571100194,한투 코스피 양매도 5% OTM ETN,EN,,0,0,0,N,N,,0,N,N,N,3.0,N,N,,,,,N,,,0,,,N,,,,,,8795,1,1,N,N,N,0,N,N,N,0,0,0,100,N,90,10149,0,20170529,15000,0,,,0,,N,N,N,0,0,0,0,0.0,,1319,,N,N,N
Q570029,KRG571100293,한투 코스피 양매도 3% OTM ETN,EN,,0,0,0,N,N,,0,N,N,N,3.0,N,N,,,,,N,,,0,,,N,,,,,,7985,1,1,N,N,N,0,N,N,N,0,0,0,100,N,90,0,0,20180828,5000,0,,,0,,N,N,N,0,0,0,0,0.0,,399,,N,N,N
Q570022,KRG572100227,한투 레버리지 S&P500 선물 ETN(H),EN,,0,0,0,N,N,,0,N,N,N,3.0,N,N,,,,,N,,,0,,,N,,,,,,42325,1,1,N,N,N,0,N,N,N,0,0,0,100,N,90,8,0,20171103,5000,0,,,0,,N,N,N,0,0,0,0,0.0,,2116,,N,N,N
Q570023,KRG572100235,한투 인버스 2X S&P500 선물 ETN(H),EN,,0,0,0,N,N,,0,N,N,N,3.0,N,N,,,,,N,,,0,,,N,,,,,,937,1,1,N,N,N,0,N,N,N,0,0,0,100,N,90,6339,0,20171103,5000,0,,,0,,N,N,N,0,0,0,0,0.0,,46,,N,N,N
Q580014,KRG580000146,KB 인버스 2X 나스닥 100 ETN,EN,,0,0,0,N,N,,0,N,N,N,3.0,N,N,,,,,N,,,0,,,N,,,,,,2320,1,1,N,N,N,0,N,N,N,0,0,0,100,N,90,152945,0,20201223,4000,0,,,0,,N,N,N,0,0,0,0,0.0,,92,,N,N,N
Q580015,KRG580000153,KB 레버리지 나스닥 100 ETN,EN,,0,0,0,N,N,,0,N,N,N,3.0,N,N,,,,,N,,,0,,,N,,,,,,29630,1,1,N,N,N,0,N,N,N,0,0,0,100,N,90,1196,0,20201223,3000,0,,,0,,N,N,N,0,0,0,0,0.0,,888,,N,N,N
Q580016,KRG580000161,KB 레버리지 S&P 500 선물 ETN(H),EN,,0,0,0,N,N,,0,N,N,N,3.0,N,N,,,,,N,,,0,,,N,,,,,,19210,1,1,N,N,N,0,N,N,N,0,0,0,100,N,90,662,0,20210422,4000,0,,,0,,N,N,N,0,0,0,0,0.0,,768,,N,N,N
Q580017,KRG580000179,KB 인버스 2X S&P 500 선물 ETN,EN,,0,0,0,N,N,,0,N,N,N,3.0,N,N,,,,,N,,,0,,,N,,,,,,4905,1,1,N,N,N,0,N,N,N,0,0,0,100,N,90,3266,0,20210422,1000,0,,,0,,N,N,N,0,0,0,0,0.0,,49,,N,N,N
Q580019,KRG580000195,KB 인버스 2X 항셍테크 선물 ETN,EN,,0,0,0,N,N,,0,N,N,N,3.0,N,N,,,,,N,,,0,,,N,,,,,,3390,1,1,N,N,N,0,N,N,N,0,0,0,100,N,90,10473,0,20210602,3000,0,,,0,,N,N,N,0,0,0,0,0.0,,101,,N,N,N
Q580020,KRG580000203,KB 천연가스 선물 ETN(H),EN,,0,0,0,N,N,,0,N,N,N,3.0,N,N,,,,,N,,,0,,,N,,,,,,4030,1,1,N,N,N,0,N,N,N,0,0,0,100,N,90,44253,0,20210603,10000,0,,,0,,N,N,N,0,0,0,0,0.0,,403,,N,N,N
Q580021,KRG580000211,KB 인버스 천연가스 선물 ETN,EN,,0,0,0,N,N,,0,N,N,N,3.0,N,N,,,,,N,,,0,,,N,,,,,,12690,1,1,N,N,N,0,N,N,N,0,0,0,100,N,90,8647,0,20210603,4500,0,,,0,,N,N,N,0,0,0,0,0.0,,571,,N,N,N
Q580022,KRG580000229,KB 레버리지 금 선물 ETN(H),EN,,0,0,0,N,N,,0,N,N,N,3.0,N,N,,,,,N,,,0,,,N,,,,,,51515,1,1,N,N,N,0,N,N,N,0,0,0,100,N,90,319,0,20210805,500,0,,,0,,N,N,N,0,0,0,0,0.0,,257,,N,N,N
Q580023,KRG580000237,KB 인버스 2X 금 선물 ETN(H),EN,,0,0,0,N,N,,0,N,N,N,3.0,N,N,,,,,N,,,0,,,N,,,,,,6770,1,1,N,N,N,0,N,N,N,0,0,0,100,N,90,190,0,20210805,500,0,,,0,,N,N,N,0,0,0,0,0.0,,33,,N,N,N
Q580026,KRG580000260,KB 레버리지 은 선물 ETN(H),EN,,0,0,0,N,N,,0,N,N,N,3.0,N,N,,,,,N,,,0,,,N,,,,,,27630,1,1,N,N,N,0,N,N,N,0,0,0,100,N,90,2711,0,20210913,500,0,,,0,,N,N,N,0,0,0,0,0.0,,138,,N,N,N
Q580027,KRG580000278,KB 인버스 2X 은 선물 ETN(H),EN,,0,0,0,N,N,,0,N,N,N,3.0,N,N,,,,,N,,,0,,,N,,,,,,4935,1,1,N,N,N,0,N,N,N,0,0,0,100,N,90,3879,0,20210913,500,0,,,0,,N,N,N,0,0,0,0,0.0,,24,,N,N,N
Q580032,KRG580000328,KB 레버리지 구리 선물 ETN(H),EN,,0,0,0,N,N,,0,N,N,N,3.0,N,N,,,,,N,,,0,,,N,,,,,,13830,1,1,N,N,N,0,N,N,N,0,0,0,100,N,90,2867,0,20211109,500,0,,,0,,N,N,N,0,0,0,0,0.0,,69,,N,N,N
Q580033,KRG580000336,KB 인버스 2X 구리 선물 ETN(H),EN,,0,0,0,N,N,,0,N,N,N,3.0,N,N,,,,,N,,,0,,,N,,,,,,11610,1,1,N,N,N,0,N,N,N,0,0,0,100,N,90,1026,0,20211109,500,0,,,0,,N,N,N,0,0,0,0,0.0,,58,,N,N,N
Q580034,KRG580000344,KB 레버리지 FANG 플러스 ETN(H),EN,,0,0,0,N,N,,0,N,N,N,3.0,N,N,,,,,N,,,0,,,N,,,,,,75790,1,1,N,N,N,0,N,N,N,0,0,0,100,N,90,55,0,20220419,500,0,,,0,,N,N,N,0,0,0,0,0.0,,378,,N,N,N
Q580035,KRG580000351,KB S&P 유럽탄소배출권 선물 ETN(H),EN,,0,0,0,N,N,,0,N,N,N,3.0,N,N,,,,,N,,,0,,,N,,,,,,8005,1,1,N,N,N,0,N,N,N,0,0,0,100,N,90,0,0,20220407,1000,0,,,0,,N,N,N,0,0,0,0,0.0,,80,,N,N,N
Q580039,KRG580000393,KB 레버리지 KOSPI 200 선물 ETN,EN,,0,0,0,N,N,,0,N,N,N,3.0,N,N,,,,,N,,,0,,,N,,,,,,41170,1,1,N,N,N,0,N,N,N,0,0,0,100,N,90,328,0,20221017,500,0,,,0,,N,N,N,0,0,0,0,0.0,,205,,N,N,N
Q580040,KRG580000401,KB 인버스 2X KOSPI 200 선물 ETN,EN,,0,0,0,N,N,,0,N,N,N,3.0,N,N,,,,,N,,,0,,,N,,,,,,7295,1,1,N,N,N,0,N,N,N,0,0,0,100,N,90,5848,0,20221017,500,0,,,0,,N,N,N,0,0,0,0,0.0,,36,,N,N,N
Q580043,KRG580000435,KB 레버리지 KOSDAQ 150 선물 ETN,EN,,0,0,0,N,N,,0,N,N,N,3.0,N,N,,,,,N,,,0,,,N,,,,,,29720,1,1,N,N,N,0,N,N,N,0,0,0,100,N,90,103,0,20221017,500,0,,,0,,N,N,N,0,0,0,0,0.0,,148,,N,N,N
Q580044,KRG580000443,KB 인버스 2X KOSDAQ 150 선물 ETN,EN,,0,0,0,N,N,,0,N,N,N,3.0,N,N,,,,,N,,,0,,,N,,,,,,4985,1,1,N,N,N,0,N,N,N,0,0,0,100,N,90,931579,0,20221017,3000,0,,,0,,N,N,N,0,0,0,0,0.0,,149,,N,N,N
Q580046,KRG580000468,KB 블룸버그 인버스2X 천연가스선물 ETN(H),EN,,0,0,0,N,N,,0,N,N,N,3.0,N,N,,,,,N,,,0,,,N,,,,,,29250,1,1,N,N,N,0,N,N,N,0,0,0,100,N,90,7779,0,20221020,2500,0,,,0,,N,N,N,0,0,0,0,0.0,,731,,N,N,N
Q580047,KRG580000476,KB 레버리지 항셍테크 선물 ETN(H) B,EN,,0,0,0,N,N,,0,N,N,N,3.0,N,N,,,,,N,,,0,,,N,,,,,,19970,1,1,N,N,N,0,N,N,N,0,0,0,100,N,90,3392,0,20221215,1000,0,,,0,,N,N,N,0,0,0,0,0.0,,199,,N,N,N
Q580048,KRG580000484,KB CSI 300 ETN,EN,,0,0,0,N,N,,0,N,N,N,3.0,N,N,,,,,N,,,0,,,N,,,,,,10620,1,1,N,N,N,0,N,N,N,0,0,0,100,N,90,0,0,20230425,2000,0,,,0,,N,N,N,0,0,0,0,0.0,,212,,N,N,N
Q580049,KRG580000492,KB CSI 500 ETN,EN,,0,0,0,N,N,,0,N,N,N,3.0,N,N,,,,,N,,,0,,,N,,,,,,10305,1,1,N,N,N,0,N,N,N,0,0,0,100,N,90,0,0,20230425,2000,0,,,0,,N,N,N,0,0,0,0,0.0,,206,,N,N,N
Q580050,KRG580000500,KB STAR 50 ETN,EN,,0,0,0,N,N,,0,N,N,N,3.0,N,N,,,,,N,,,0,,,N,,,,,,9610,1,1,N,N,N,0,N,N,N,0,0,0,100,N,90,1,0,20230425,1000,0,,,0,,N,N,N,0,0,0,0,0.0,,96,,N,N,N
Q580051,KRG580000518,KB 레버리지 밀 선물 ETN,EN,,0,0,0,N,N,,0,N,N,N,3.0,N,N,,,,,N,,,0,,,N,,,,,,6405,1,1,N,N,N,0,N,N,N,0,0,0,100,N,90,25482,0,20230707,1500,0,,,0,,N,N,N,0,0,0,0,0.0,,96,,N,N,N
Q580052,KRG580000526,KB 인버스 2X 밀 선물 ETN,EN,,0,0,0,N,N,,0,N,N,N,3.0,N,N,,,,,N,,,0,,,N,,,,,,41690,1,1,N,N,N,0,N,N,N,0,0,0,100,N,90,127,0,20230707,500,0,,,0,,N,N,N,0,0,0,0,0.0,,208,,N,N,N
Q580053,KRG580000534,KB 레버리지 콩 선물 ETN,EN,,0,0,0,N,N,,0,N,N,N,3.0,N,N,,,,,N,,,0,,,N,,,,,,11830,1,1,N,N,N,0,N,N,N,0,0,0,100,N,90,1799,0,20230707,500,0,,,0,,N,N,N,0,0,0,0,0.0,,59,,N,N,N
Q580054,KRG580000542,KB 인버스 2X 콩 선물 ETN,EN,,0,0,0,N,N,,0,N,N,N,3.0,N,N,,,,,N,,,0,,,N,,,,,,34290,1,1,N,N,N,0,N,N,N,0,0,0,100,N,90,15,0,20230707,500,0,,,0,,N,N,N,0,0,0,0,0.0,,171,,N,N,N
Q580055,KRG580000559,KB 블룸버그 레버리지 천연가스 선물 ETN,EN,,0,0,0,N,N,,0,N,N,N,3.0,N,N,,,,,N,,,0,,,N,,,,,,3450,1,1,N,N,N,0,N,N,N,0,0,0,100,N,90,109187,0,20230623,2500,0,,,0,,N,N,N,0,0,0,0,0.0,,86,,N,N,N
Q580056,KRG580000567,KB 일본 로보틱스 TOP 10 ETN,EN,,0,0,0,N,N,,0,N,N,N,3.0,N,N,,,,,N,,,0,,,N,,,,,,17440,1,1,N,N,N,0,N,N,N,0,0,0,100,N,90,62,0,20231215,2000,0,,,0,,N,N,N,0,0,0,0,0.0,,348,,N,N,N
Q580057,KRG580000575,KB 일본 컨슈머 TOP 10 ETN,EN,,0,0,0,N,N,,0,N,N,N,3.0,N,N,,,,,N,,,0,,,N,,,,,,13675,1,1,N,N,N,0,N,N,N,0,0,0,100,N,90,15,0,20231215,2000,0,,,0,,N,N,N,0,0,0,0,0.0,,273,,N,N,N
Q580058,KRG580000583,KB KIS CD금리투자 ETN,EN,,0,0,0,N,N,,0,N,N,N,3.0,N,N,,,,,N,,,0,,,N,,,,,,52275,1,1,N,N,N,0,N,N,N,0,0,0,100,N,90,0,0,20240320,10000,0,,,0,,N,N,N,0,0,0,0,0.0,,5227,,N,N,N
Q580059,KRG580000591,KB 미국채 10년 ETN,EN,,0,0,0,N,N,,0,N,N,N,3.0,N,N,,,,,N,,,0,,,N,,,,,,10480,1,1,N,N,N,0,N,N,N,0,0,0,100,N,90,21,0,20240702,1000,0,,,0,,N,N,N,0,0,0,0,0.0,,104,,N,N,N
Q580060,KRG580000609,KB 레버리지 미국채 10년 ETN,EN,,0,0,0,N,N,,0,N,N,N,3.0,N,N,,,,,N,,,0,,,N,,,,,,20770,1,1,N,N,N,0,N,N,N,0,0,0,100,N,90,1,0,20240702,500,0,,,0,,N,N,N,0,0,0,0,0.0,,103,,N,N,N
Q580061,KRG580000617,KB 미국채 30년 ETN,EN,,0,0,0,N,N,,0,N,N,N,3.0,N,N,,,,,N,,,0,,,N,,,,,,9695,1,1,N,N,N,0,N,N,N,0,0,0,100,N,90,0,0,20240702,1000,0,,,0,,N,N,N,0,0,0,0,0.0,,96,,N,N,N
Q580062,KRG580000625,KB 레버리지 미국채 30년 ETN,EN,,0,0,0,N,N,,0,N,N,N,3.0,N,N,,,,,N,,,0,,,N,,,,,,17475,1,1,N,N,N,0,N,N,N,0,0,0,100,N,90,215,0,20240702,500,0,,,0,,N,N,N,0,0,0,0,0.0,,87,,N,N,N
Q580063,KRG580000633,KB 레버리지 미국채 10년 선물 ETN,EN,,0,0,0,N,N,,0,N,N,N,3.0,N,N,,,,,N,,,0,,,N,,,,,,20125,1,1,N,N,N,0,N,N,N,0,0,0,100,N,90,0,0,20240702,500,0,,,0,,N,N,N,0,0,0,0,0.0,,100,,N,N,N
Q580064,KRG580000641,KB 인버스 2X 미국채 10년 선물 ETN,EN,,0,0,0,N,N,,0,N,N,N,3.0,N,N,,,,,N,,,0,,,N,,,,,,19435,1,1,N,N,N,0,N,N,N,0,0,0,100,N,90,0,0,20240702,500,0,,,0,,N,N,N,0,0,0,0,0.0,,97,,N,N,N
Q580065,KRG580000658,KB 코스닥 150 TR ETN,EN,,0,0,0,N,N,,0,N,N,N,3.0,N,N,,,,,N,,,0,,,N,,,,,,10295,1,1,N,N,N,0,N,N,N,0,0,0,100,N,90,2,0,20241022,1000,0,,,0,,N,N,N,0,0,0,0,0.0,,102,,N,N,N
Q580066,KRG580000666,KB 인디아 대형 성장주 Select 5 ETN,EN,,0,0,0,N,N,,0,N,N,N,3.0,N,N,,,,,N,,,0,,,N,,,,,,10140,1,1,N,N,N,0,N,N,N,0,0,0,100,N,90,1,0,20250411,2000,0,,,0,,N,N,N,0,0,0,0,0.0,,202,,N,N,N
Q580067,KRG580000674,KB 인디아 디지털 Select 5 ETN,EN,,0,0,0,N,N,,0,N,N,N,3.0,N,N,,,,,N,,,0,,,N,,,,,,11610,1,1,N,N,N,0,N,N,N,0,0,0,100,N,90,11,0,20250411,2000,0,,,0,,N,N,N,0,0,0,0,0.0,,232,,N,N,N
Q580068,KRG580000682,KB S&P 레버리지 WTI원유 선물 ETN B,EN,,0,0,0,N,N,,0,N,N,N,3.0,N,N,,,,,N,,,0,,,N,,,,,,22130,1,1,N,N,N,0,N,N,N,0,0,0,100,N,90,32682,0,20250417,1000,0,,,0,,N,N,N,0,0,0,0,0.0,,221,,N,N,N
Q580069,KRG580000690,KB S&P 인버스 2X WTI원유 선물 ETN B,EN,,0,0,0,N,N,,0,N,N,N,3.0,N,N,,,,,N,,,0,,,N,,,,,,14200,1,1,N,N,N,0,N,N,N,0,0,0,100,N,90,77364,0,20250417,1000,0,,,0,,N,N,N,0,0,0,0,0.0,,142,,N,N,N
Q580070,KRG580000708,KB 레버리지 2차전지 TOP 10 TR ETN,EN,,0,0,0,N,N,,0,N,N,N,3.0,N,N,,,,,N,,,0,,,N,,,,,,21860,1,1,N,N,N,0,N,N,N,0,0,0,100,N,90,40908,0,20250721,1000,0,,,0,,N,N,N,0,0,0,0,0.0,,218,,N,N,N
Q580010,KRG581100101,KB Wise 분할매매 ETN,EN,,0,0,0,N,N,,0,N,N,N,3.0,N,N,,,,,N,,,0,,,N,,,,,,11320,1,1,N,N,N,0,N,N,N,0,0,0,100,N,90,0,0,20190927,6000,0,,,0,,N,N,N,0,0,0,0,0.0,,679,,N,N,N
Q610001,KRG610000017,메리츠 인플레이션 국채 ETN,EN,,0,0,0,N,N,,0,N,N,N,3.0,N,N,,,,,N,,,0,,,N,,,,,,12490,1,1,N,N,N,0,N,N,N,0,0,0,100,N,90,0,0,20210617,2000,0,,,0,,N,N,N,0,0,0,0,0.0,,249,,N,N,N
Q610003,KRG610000033,메리츠 미국 인플레이션 국채 ETN(H),EN,,0,0,0,N,N,,0,N,N,N,3.0,N,N,,,,,N,,,0,,,N,,,,,,9125,1,1,N,N,N,0,N,N,N,0,0,0,100,N,90,0,0,20210617,2000,0,,,0,,N,N,N,0,0,0,0,0.0,,182,,N,N,N
Q610007,KRG610000074,메리츠 국채30년 ETN,EN,,0,0,0,N,N,,0,N,N,N,3.0,N,N,,,,,N,,,0,,,N,,,,,,9355,1,1,N,N,N,0,N,N,N,0,0,0,100,N,90,0,0,20210909,5000,0,,,0,,N,N,N,0,0,0,0,0.0,,467,,N,N,N
Q610008,KRG610000082,메리츠 레버리지 국채30년 ETN,EN,,0,0,0,N,N,,0,N,N,N,3.0,N,N,,,,,N,,,0,,,N,,,,,,7175,1,1,N,N,N,0,N,N,N,0,0,0,100,N,90,560,0,20210909,4000,0,,,0,,N,N,N,0,0,0,0,0.0,,287,,N,N,N
Q610009,KRG610000090,메리츠 인버스 국채30년 ETN,EN,,0,0,0,N,N,,0,N,N,N,3.0,N,N,,,,,N,,,0,,,N,,,,,,11595,1,1,N,N,N,0,N,N,N,0,0,0,100,N,90,0,0,20210909,1000,0,,,0,,N,N,N,0,0,0,0,0.0,,115,,N,N,N
Q610012,KRG610000124,메리츠 레버리지 금 선물 ETN(H),EN,,0,0,0,N,N,,0,N,N,N,3.0,N,N,,,,,N,,,0,,,N,,,,,,51090,1,1,N,N,N,0,N,N,N,0,0,0,100,N,90,14,0,20210909,1000,0,,,0,,N,N,N,0,0,0,0,0.0,,510,,N,N,N
Q610013,KRG610000132,메리츠 인버스 2X 금 선물 ETN(H),EN,,0,0,0,N,N,,0,N,N,N,3.0,N,N,,,,,N,,,0,,,N,,,,,,6945,1,1,N,N,N,0,N,N,N,0,0,0,100,N,90,17,0,20210909,1000,0,,,0,,N,N,N,0,0,0,0,0.0,,69,,N,N,N
Q610016,KRG610000165,메리츠 레버리지 은 선물 ETN(H),EN,,0,0,0,N,N,,0,N,N,N,3.0,N,N,,,,,N,,,0,,,N,,,,,,27620,1,1,N,N,N,0,N,N,N,0,0,0,100,N,90,9,0,20210913,1000,0,,,0,,N,N,N,0,0,0,0,0.0,,276,,N,N,N
Q610017,KRG610000173,메리츠 인버스 2X 은 선물 ETN(H),EN,,0,0,0,N,N,,0,N,N,N,3.0,N,N,,,,,N,,,0,,,N,,,,,,4960,1,1,N,N,N,0,N,N,N,0,0,0,100,N,90,4711,0,20210913,1000,0,,,0,,N,N,N,0,0,0,0,0.0,,49,,N,N,N
Q610018,KRG610000181,메리츠 국채10년 ETN,EN,,0,0,0,N,N,,0,N,N,N,3.0,N,N,,,,,N,,,0,,,N,,,,,,10860,1,1,N,N,N,0,N,N,N,0,0,0,100,N,90,2,0,20211108,2000,0,,,0,,N,N,N,0,0,0,0,0.0,,217,,N,N,N
Q610020,KRG610000207,메리츠 인버스 국채10년 ETN,EN,,0,0,0,N,N,,0,N,N,N,3.0,N,N,,,,,N,,,0,,,N,,,,,,10645,1,1,N,N,N,0,N,N,N,0,0,0,100,N,90,0,0,20211108,1000,0,,,0,,N,N,N,0,0,0,0,0.0,,106,,N,N,N
Q610022,KRG610000223,메리츠 미국채10년 ETN(H),EN,,0,0,0,N,N,,0,N,N,N,3.0,N,N,,,,,N,,,0,,,N,,,,,,8465,1,1,N,N,N,0,N,N,N,0,0,0,100,N,90,512,0,20211108,3000,0,,,0,,N,N,N,0,0,0,0,0.0,,253,,N,N,N
Q610023,KRG610000231,메리츠 레버리지 미국채10년 ETN(H),EN,,0,0,0,N,N,,0,N,N,N,3.0,N,N,,,,,N,,,0,,,N,,,,,,6230,1,1,N,N,N,0,N,N,N,0,0,0,100,N,90,1906,0,20211108,1000,0,,,0,,N,N,N,0,0,0,0,0.0,,62,,N,N,N
Q610024,KRG610000249,메리츠 인버스 미국채10년 ETN(H),EN,,0,0,0,N,N,,0,N,N,N,3.0,N,N,,,,,N,,,0,,,N,,,,,,13095,1,1,N,N,N,0,N,N,N,0,0,0,100,N,90,2,0,20211108,1000,0,,,0,,N,N,N,0,0,0,0,0.0,,130,,N,N,N
Q610025,KRG610000256,메리츠 인버스 2X 미국채10년 ETN(H),EN,,0,0,0,N,N,,0,N,N,N,3.0,N,N,,,,,N,,,0,,,N,,,,,,15335,1,1,N,N,N,0,N,N,N,0,0,0,100,N,90,4,0,20211108,1000,0,,,0,,N,N,N,0,0,0,0,0.0,,153,,N,N,N
Q610028,KRG610000280,메리츠 레버리지 구리 선물 ETN(H),EN,,0,0,0,N,N,,0,N,N,N,3.0,N,N,,,,,N,,,0,,,N,,,,,,13855,1,1,N,N,N,0,N,N,N,0,0,0,100,N,90,3904,0,20211109,1000,0,,,0,,N,N,N,0,0,0,0,0.0,,138,,N,N,N
Q610029,KRG610000298,메리츠 인버스 2X 구리 선물 ETN(H),EN,,0,0,0,N,N,,0,N,N,N,3.0,N,N,,,,,N,,,0,,,N,,,,,,11620,1,1,N,N,N,0,N,N,N,0,0,0,100,N,90,116,0,20211109,1000,0,,,0,,N,N,N,0,0,0,0,0.0,,116,,N,N,N
Q610030,KRG610000306,메리츠 S&P 유럽탄소배출권 선물 ETN(H),EN,,0,0,0,N,N,,0,N,N,N,3.0,N,N,,,,,N,,,0,,,N,,,,,,10555,1,1,N,N,N,0,N,N,N,0,0,0,100,N,90,0,0,20211108,1000,0,,,0,,N,N,N,0,0,0,0,0.0,,105,,N,N,N
Q610032,KRG610000322,메리츠 CSI 300 ETN,EN,,0,0,0,N,N,,0,N,N,N,3.0,N,N,,,,,N,,,0,,,N,,,,,,9490,1,1,N,N,N,0,N,N,N,0,0,0,100,N,90,0,0,20211129,1000,0,,,0,,N,N,N,0,0,0,0,0.0,,94,,N,N,N
Q610033,KRG610000330,메리츠 STAR 50 ETN,EN,,0,0,0,N,N,,0,N,N,N,3.0,N,N,,,,,N,,,0,,,N,,,,,,7635,1,1,N,N,N,0,N,N,N,0,0,0,100,N,90,1,0,20211129,1000,0,,,0,,N,N,N,0,0,0,0,0.0,,76,,N,N,N
Q610034,KRG610000348,메리츠 대표 농산물 선물 ETN(H),EN,,0,0,0,N,N,,0,N,N,N,3.0,N,N,,,,,N,,,0,,,N,,,,,,7805,1,1,N,N,N,0,N,N,N,0,0,0,100,N,90,3,0,20211216,1000,0,,,0,,N,N,N,0,0,0,0,0.0,,78,,N,N,N
Q610035,KRG610000355,메리츠 레버리지 대표 농산물 선물 ETN(H),EN,,0,0,0,N,N,,0,N,N,N,3.0,N,N,,,,,N,,,0,,,N,,,,,,9130,1,1,N,N,N,0,N,N,N,0,0,0,100,N,90,225,0,20211216,1000,0,,,0,,N,N,N,0,0,0,0,0.0,,91,,N,N,N
Q610036,KRG610000363,메리츠 인버스 2X 대표 농산물 선물 ETN(H),EN,,0,0,0,N,N,,0,N,N,N,3.0,N,N,,,,,N,,,0,,,N,,,,,,29600,1,1,N,N,N,0,N,N,N,0,0,0,100,N,90,54,0,20211216,1000,0,,,0,,N,N,N,0,0,0,0,0.0,,296,,N,N,N
Q610037,KRG610000371,메리츠 미국채30년 ETN(H),EN,,0,0,0,N,N,,0,N,N,N,3.0,N,N,,,,,N,,,0,,,N,,,,,,7495,1,1,N,N,N,0,N,N,N,0,0,0,100,N,90,2702,0,20220613,14000,0,,,0,,N,N,N,0,0,0,0,0.0,,1049,,N,N,N
Q610038,KRG610000389,메리츠 레버리지 미국채30년 ETN(H),EN,,0,0,0,N,N,,0,N,N,N,3.0,N,N,,,,,N,,,0,,,N,,,,,,4645,1,1,N,N,N,0,N,N,N,0,0,0,100,N,90,25236,0,20220613,10000,0,,,0,,N,N,N,0,0,0,0,0.0,,464,,N,N,N
Q610039,KRG610000397,메리츠 인버스 미국채30년 ETN(H),EN,,0,0,0,N,N,,0,N,N,N,3.0,N,N,,,,,N,,,0,,,N,,,,,,13940,1,1,N,N,N,0,N,N,N,0,0,0,100,N,90,1501,0,20220613,1000,0,,,0,,N,N,N,0,0,0,0,0.0,,139,,N,N,N
Q610040,KRG610000405,메리츠 인버스 2X 미국채30년 ETN(H),EN,,0,0,0,N,N,,0,N,N,N,3.0,N,N,,,,,N,,,0,,,N,,,,,,16510,1,1,N,N,N,0,N,N,N,0,0,0,100,N,90,840,0,20220613,1000,0,,,0,,N,N,N,0,0,0,0,0.0,,165,,N,N,N
Q610043,KRG610000439,메리츠 천연가스 선물 ETN(H),EN,,0,0,0,N,N,,0,N,N,N,3.0,N,N,,,,,N,,,0,,,N,,,,,,0,1,1,N,N,N,0,N,N,N,0,0,0,100,N,90,0,0,20220727,3000,0,,,0,,N,N,N,0,0,0,0,0.0,,0,,N,N,N
Q610044,KRG610000447,메리츠 인버스 천연가스 선물 ETN(H),EN,,0,0,0,N,N,,0,N,N,N,3.0,N,N,,,,,N,,,0,,,N,,,,,,0,1,1,N,N,N,0,N,N,N,0,0,0,100,N,90,0,0,20220727,1000,0,,,0,,N,N,N,0,0,0,0,0.0,,0,,N,N,N
Q610045,KRG610000454,메리츠 국채3년 ETN,EN,,0,0,0,N,N,,0,N,N,N,3.0,N,N,,,,,N,,,0,,,N,,,,,,11325,1,1,N,N,N,0,N,N,N,0,0,0,100,N,90,0,0,20221031,1000,0,,,0,,N,N,N,0,0,0,0,0.0,,113,,N,N,N
Q610047,KRG610000470,메리츠 인버스 국채3년 ETN,EN,,0,0,0,N,N,,0,N,N,N,3.0,N,N,,,,,N,,,0,,,N,,,,,,10330,1,1,N,N,N,0,N,N,N,0,0,0,100,N,90,0,0,20221031,2000,0,,,0,,N,N,N,0,0,0,0,0.0,,206,,N,N,N
Q610049,KRG610000496,메리츠 국채5년 ETN,EN,,0,0,0,N,N,,0,N,N,N,3.0,N,N,,,,,N,,,0,,,N,,,,,,11715,1,1,N,N,N,0,N,N,N,0,0,0,100,N,90,0,0,20221031,1000,0,,,0,,N,N,N,0,0,0,0,0.0,,117,,N,N,N
Q610051,KRG610000512,메리츠 인버스 국채5년 ETN,EN,,0,0,0,N,N,,0,N,N,N,3.0,N,N,,,,,N,,,0,,,N,,,,,,9970,1,1,N,N,N,0,N,N,N,0,0,0,100,N,90,0,0,20221031,1000,0,,,0,,N,N,N,0,0,0,0,0.0,,99,,N,N,N
Q610054,KRG610000546,메리츠 블룸버그 -2X 천연가스 선물 ETN(H),EN,,0,0,0,N,N,,0,N,N,N,3.0,N,N,,,,,N,,,0,,,N,,,,,,29580,1,1,N,N,N,0,N,N,N,0,0,0,100,N,90,2975,0,20221020,1000,0,,,0,,N,N,N,0,0,0,0,0.0,,295,,N,N,N
Q610055,KRG610000553,메리츠 3X 레버리지 국채3년 ETN,EN,,0,0,0,N,N,,0,N,N,N,3.0,N,N,,,,,N,,,0,,,N,,,,,,22715,1,1,N,N,N,0,N,N,N,0,0,0,100,N,90,0,0,20221221,500,0,,,0,,N,N,N,0,0,0,0,0.0,,113,,N,N,N
Q610056,KRG610000561,메리츠 인버스 3X 국채3년 ETN,EN,,0,0,0,N,N,,0,N,N,N,3.0,N,N,,,,,N,,,0,,,N,,,,,,19260,1,1,N,N,N,0,N,N,N,0,0,0,100,N,90,0,0,20221221,500,0,,,0,,N,N,N,0,0,0,0,0.0,,96,,N,N,N
Q610057,KRG610000579,메리츠 3X 레버리지 국채5년 ETN,EN,,0,0,0,N,N,,0,N,N,N,3.0,N,N,,,,,N,,,0,,,N,,,,,,23410,1,1,N,N,N,0,N,N,N,0,0,0,100,N,90,0,0,20221221,500,0,,,0,,N,N,N,0,0,0,0,0.0,,117,,N,N,N
Q610058,KRG610000587,메리츠 인버스 3X 국채5년 ETN,EN,,0,0,0,N,N,,0,N,N,N,3.0,N,N,,,,,N,,,0,,,N,,,,,,18405,1,1,N,N,N,0,N,N,N,0,0,0,100,N,90,0,0,20221221,500,0,,,0,,N,N,N,0,0,0,0,0.0,,92,,N,N,N
Q610059,KRG610000595,메리츠 3X 레버리지 국채10년 ETN,EN,,0,0,0,N,N,,0,N,N,N,3.0,N,N,,,,,N,,,0,,,N,,,,,,23795,1,1,N,N,N,0,N,N,N,0,0,0,100,N,90,87,0,20221221,500,0,,,0,,N,N,N,0,0,0,0,0.0,,118,,N,N,N
Q610060,KRG610000603,메리츠 인버스 3X 국채10년 ETN,EN,,0,0,0,N,N,,0,N,N,N,3.0,N,N,,,,,N,,,0,,,N,,,,,,16570,1,1,N,N,N,0,N,N,N,0,0,0,100,N,90,0,0,20221221,500,0,,,0,,N,N,N,0,0,0,0,0.0,,82,,N,N,N
Q610061,KRG610000611,메리츠 3X 레버리지 국채30년 ETN,EN,,0,0,0,N,N,,0,N,N,N,3.0,N,N,,,,,N,,,0,,,N,,,,,,69060,1,1,N,N,N,0,N,N,N,0,0,0,100,N,90,542,0,20221221,2000,0,,,0,,N,N,N,0,0,0,0,0.0,,1381,,N,N,N
Q610062,KRG610000629,메리츠 인버스 3X 국채30년 ETN,EN,,0,0,0,N,N,,0,N,N,N,3.0,N,N,,,,,N,,,0,,,N,,,,,,26940,1,1,N,N,N,0,N,N,N,0,0,0,100,N,90,3,0,20221221,200,0,,,0,,N,N,N,0,0,0,0,0.0,,53,,N,N,N
Q610063,KRG610000637,메리츠 KIS CD금리투자 ETN,EN,,0,0,0,N,N,,0,N,N,N,3.0,N,N,,,,,N,,,0,,,N,,,,,,54150,1,1,N,N,N,0,N,N,N,0,0,0,100,N,90,17,0,20230406,23850,0,,,0,,N,N,N,0,0,0,0,0.0,,12914,,N,N,N
Q610064,KRG610000645,메리츠 KAP 통안채 6개월 ETN,EN,,0,0,0,N,N,,0,N,N,N,3.0,N,N,,,,,N,,,0,,,N,,,,,,53765,1,1,N,N,N,0,N,N,N,0,0,0,100,N,90,0,0,20230517,600,0,,,0,,N,N,N,0,0,0,0,0.0,,322,,N,N,N
Q610066,KRG610000660,메리츠 KAP 통안채 3개월 ETN,EN,,0,0,0,N,N,,0,N,N,N,3.0,N,N,,,,,N,,,0,,,N,,,,,,53725,1,1,N,N,N,0,N,N,N,0,0,0,100,N,90,0,0,20230517,1200,0,,,0,,N,N,N,0,0,0,0,0.0,,644,,N,N,N
Q610067,KRG610000678,메리츠 블룸버그 2X 천연가스선물 ETN(H) B,EN,,0,0,0,N,N,,0,N,N,N,3.0,N,N,,,,,N,,,0,,,N,,,,,,3210,1,1,N,N,N,0,N,N,N,0,0,0,100,N,90,41557,0,20230623,3500,0,,,0,,N,N,N,0,0,0,0,0.0,,112,,N,N,N
Q610068,KRG610000686,메리츠 KAP 일본 엔화 ETN,EN,,0,0,0,N,N,,0,N,N,N,3.0,N,N,,,,,N,,,0,,,N,,,,,,10435,1,1,N,N,N,0,N,N,N,0,0,0,100,N,90,205,0,20231020,1000,0,,,0,,N,N,N,0,0,0,0,0.0,,104,,N,N,N
Q610069,KRG610000694,메리츠 KAP 레버리지 일본 엔화 ETN,EN,,0,0,0,N,N,,0,N,N,N,3.0,N,N,,,,,N,,,0,,,N,,,,,,20050,1,1,N,N,N,0,N,N,N,0,0,0,100,N,90,7066,0,20231020,1500,0,,,0,,N,N,N,0,0,0,0,0.0,,300,,N,N,N
Q610070,KRG610000702,메리츠 KAP 인버스 2X 일본 엔화 ETN,EN,,0,0,0,N,N,,0,N,N,N,3.0,N,N,,,,,N,,,0,,,N,,,,,,20150,1,1,N,N,N,0,N,N,N,0,0,0,100,N,90,2,0,20231020,500,0,,,0,,N,N,N,0,0,0,0,0.0,,100,,N,N,N
Q610071,KRG610000710,메리츠 KAP 중국 위안화 ETN,EN,,0,0,0,N,N,,0,N,N,N,3.0,N,N,,,,,N,,,0,,,N,,,,,,11200,1,1,N,N,N,0,N,N,N,0,0,0,100,N,90,0,0,20231020,1000,0,,,0,,N,N,N,0,0,0,0,0.0,,112,,N,N,N
Q610072,KRG610000728,메리츠 KAP 레버리지 중국 위안화 ETN,EN,,0,0,0,N,N,,0,N,N,N,3.0,N,N,,,,,N,,,0,,,N,,,,,,23345,1,1,N,N,N,0,N,N,N,0,0,0,100,N,90,0,0,20231020,500,0,,,0,,N,N,N,0,0,0,0,0.0,,116,,N,N,N
Q610073,KRG610000736,메리츠 KAP 인버스 2X 중국 위안화 ETN,EN,,0,0,0,N,N,,0,N,N,N,3.0,N,N,,,,,N,,,0,,,N,,,,,,18180,1,1,N,N,N,0,N,N,N,0,0,0,100,N,90,0,0,20231020,500,0,,,0,,N,N,N,0,0,0,0,0.0,,90,,N,N,N
Q610074,KRG610000744,메리츠 미국채10년 ETN,EN,,0,0,0,N,N,,0,N,N,N,3.0,N,N,,,,,N,,,0,,,N,,,,,,10950,1,1,N,N,N,0,N,N,N,0,0,0,100,N,90,5,0,20240425,1000,0,,,0,,N,N,N,0,0,0,0,0.0,,109,,N,N,N
Q610075,KRG610000751,메리츠 3X 레버리지 미국채10년 ETN,EN,,0,0,0,N,N,,0,N,N,N,3.0,N,N,,,,,N,,,0,,,N,,,,,,54905,1,1,N,N,N,0,N,N,N,0,0,0,100,N,90,396,0,20240425,600,0,,,0,,N,N,N,0,0,0,0,0.0,,329,,N,N,N
Q610076,KRG610000769,메리츠 인버스 3X 미국채10년 ETN,EN,,0,0,0,N,N,,0,N,N,N,3.0,N,N,,,,,N,,,0,,,N,,,,,,45575,1,1,N,N,N,0,N,N,N,0,0,0,100,N,90,11,0,20240425,200,0,,,0,,N,N,N,0,0,0,0,0.0,,91,,N,N,N
Q610077,KRG610000777,메리츠 미국채30년 ETN,EN,,0,0,0,N,N,,0,N,N,N,3.0,N,N,,,,,N,,,0,,,N,,,,,,10370,1,1,N,N,N,0,N,N,N,0,0,0,100,N,90,0,0,20240425,1000,0,,,0,,N,N,N,0,0,0,0,0.0,,103,,N,N,N
Q610078,KRG610000785,메리츠 3X 레버리지 미국채30년 ETN,EN,,0,0,0,N,N,,0,N,N,N,3.0,N,N,,,,,N,,,0,,,N,,,,,,44070,1,1,N,N,N,0,N,N,N,0,0,0,100,N,90,14129,0,20240425,1200,0,,,0,,N,N,N,0,0,0,0,0.0,,528,,N,N,N
Q610079,KRG610000793,메리츠 인버스 3X 미국채30년 ETN,EN,,0,0,0,N,N,,0,N,N,N,3.0,N,N,,,,,N,,,0,,,N,,,,,,47255,1,1,N,N,N,0,N,N,N,0,0,0,100,N,90,1388,0,20240425,200,0,,,0,,N,N,N,0,0,0,0,0.0,,94,,N,N,N
Q610080,KRG610000801,메리츠 멕시코 페소화 ETN,EN,,0,0,0,N,N,,0,N,N,N,3.0,N,N,,,,,N,,,0,,,N,,,,,,11450,1,1,N,N,N,0,N,N,N,0,0,0,100,N,90,0,0,20240814,1000,0,,,0,,N,N,N,0,0,0,0,0.0,,114,,N,N,N
Q610081,KRG610000819,메리츠 레버리지 멕시코 페소화 ETN,EN,,0,0,0,N,N,,0,N,N,N,3.0,N,N,,,,,N,,,0,,,N,,,,,,25015,1,1,N,N,N,0,N,N,N,0,0,0,100,N,90,0,0,20240814,500,0,,,0,,N,N,N,0,0,0,0,0.0,,125,,N,N,N
Q610082,KRG610000827,메리츠 인도 루피화 ETN,EN,,0,0,0,N,N,,0,N,N,N,3.0,N,N,,,,,N,,,0,,,N,,,,,,10200,1,1,N,N,N,0,N,N,N,0,0,0,100,N,90,0,0,20240814,1000,0,,,0,,N,N,N,0,0,0,0,0.0,,102,,N,N,N
Q610083,KRG610000835,메리츠 레버리지 인도 루피화 ETN,EN,,0,0,0,N,N,,0,N,N,N,3.0,N,N,,,,,N,,,0,,,N,,,,,,20005,1,1,N,N,N,0,N,N,N,0,0,0,100,N,90,0,0,20240814,500,0,,,0,,N,N,N,0,0,0,0,0.0,,100,,N,N,N
Q610084,KRG610000843,메리츠 미국채30년 스트립 ETN(H),EN,,0,0,0,N,N,,0,N,N,N,3.0,N,N,,,,,N,,,0,,,N,,,,,,9480,1,1,N,N,N,0,N,N,N,0,0,0,100,N,90,1307,0,20250227,1000,0,,,0,,N,N,N,0,0,0,0,0.0,,94,,N,N,N
Q610085,KRG610000850,메리츠 레버리지 미국채30년 스트립 ETN(H),EN,,0,0,0,N,N,,0,N,N,N,3.0,N,N,,,,,N,,,0,,,N,,,,,,41920,1,1,N,N,N,0,N,N,N,0,0,0,100,N,90,6350,0,20250227,600,0,,,0,,N,N,N,0,0,0,0,0.0,,251,,N,N,N
Q610086,KRG610000868,메리츠 인버스2X 미국채30년 스트립 ETN(H),EN,,0,0,0,N,N,,0,N,N,N,3.0,N,N,,,,,N,,,0,,,N,,,,,,51500,1,1,N,N,N,0,N,N,N,0,0,0,100,N,90,0,0,20250227,200,0,,,0,,N,N,N,0,0,0,0,0.0,,103,,N,N,N
Q610087,KRG610000876,메리츠 솔랙티브 WTI원유 선물 ETN(H),EN,,0,0,0,N,N,,0,N,N,N,3.0,N,N,,,,,N,,,0,,,N,,,,,,10840,1,1,N,N,N,0,N,N,N,0,0,0,100,N,90,32,0,20250507,1000,0,,,0,,N,N,N,0,0,0,0,0.0,,108,,N,N,N
Q610088,KRG610000884,메리츠 솔랙티브 2X WTI원유 선물 ETN(H),EN,,0,0,0,N,N,,0,N,N,N,3.0,N,N,,,,,N,,,0,,,N,,,,,,22605,1,1,N,N,N,0,N,N,N,0,0,0,100,N,90,1404,0,20250507,1000,0,,,0,,N,N,N,0,0,0,0,0.0,,226,,N,N,N
Q610089,KRG610000892,메리츠 솔랙티브 -2X WTI원유 선물 ETN(H),EN,,0,0,0,N,N,,0,N,N,N,3.0,N,N,,,,,N,,,0,,,N,,,,,,15555,1,1,N,N,N,0,N,N,N,0,0,0,100,N,90,9335,0,20250507,1000,0,,,0,,N,N,N,0,0,0,0,0.0,,155,,N,N,N
Q610090,KRG610000900,메리츠 일본 국채 10년 ETN,EN,,0,0,0,N,N,,0,N,N,N,3.0,N,N,,,,,N,,,0,,,N,,,,,,10090,1,1,N,N,N,0,N,N,N,0,0,0,100,N,90,1,0,20250730,1000,0,,,0,,N,N,N,0,0,0,0,0.0,,100,,N,N,N
Q610091,KRG610000918,메리츠 3X 레버리지 일본 국채 10년 ETN,EN,,0,0,0,N,N,,0,N,N,N,3.0,N,N,,,,,N,,,0,,,N,,,,,,20590,1,1,N,N,N,0,N,N,N,0,0,0,100,N,90,1,0,20250730,500,0,,,0,,N,N,N,0,0,0,0,0.0,,102,,N,N,N
Q610092,KRG610000926,메리츠 인버스 일본 국채 10년 ETN,EN,,0,0,0,N,N,,0,N,N,N,3.0,N,N,,,,,N,,,0,,,N,,,,,,9890,1,1,N,N,N,0,N,N,N,0,0,0,100,N,90,3,0,20250730,1000,0,,,0,,N,N,N,0,0,0,0,0.0,,98,,N,N,N
Q610093,KRG610000934,메리츠 인버스 3X 일본 국채 10년 ETN,EN,,0,0,0,N,N,,0,N,N,N,3.0,N,N,,,,,N,,,0,,,N,,,,,,19395,1,1,N,N,N,0,N,N,N,0,0,0,100,N,90,107,0,20250730,500,0,,,0,,N,N,N,0,0,0,0,0.0,,96,,N,N,N
Q700011,KRG700000117,하나 레버리지 옥수수 선물 ETN(H),EN,,0,0,0,N,N,,0,N,N,N,3.0,N,N,,,,,N,,,0,,,N,,,,,,8165,1,1,N,N,N,0,N,N,N,0,0,0,100,N,90,487,0,20211216,1000,0,,,0,,N,N,N,0,0,0,0,0.0,,81,,N,N,N
Q700012,KRG700000125,하나 인버스 2X 옥수수 선물 ETN(H),EN,,0,0,0,N,N,,0,N,N,N,3.0,N,N,,,,,N,,,0,,,N,,,,,,28360,1,1,N,N,N,0,N,N,N,0,0,0,100,N,90,2,0,20211216,1000,0,,,0,,N,N,N,0,0,0,0,0.0,,283,,N,N,N
Q700013,KRG700000133,하나 레버리지 콩 선물 ETN(H),EN,,0,0,0,N,N,,0,N,N,N,3.0,N,N,,,,,N,,,0,,,N,,,,,,17900,1,1,N,N,N,0,N,N,N,0,0,0,100,N,90,1,0,20211216,1000,0,,,0,,N,N,N,0,0,0,0,0.0,,179,,N,N,N
Q700014,KRG700000141,하나 인버스 2X 콩 선물 ETN(H),EN,,0,0,0,N,N,,0,N,N,N,3.0,N,N,,,,,N,,,0,,,N,,,,,,15610,1,1,N,N,N,0,N,N,N,0,0,0,100,N,90,1,0,20211216,1000,0,,,0,,N,N,N,0,0,0,0,0.0,,156,,N,N,N
Q700017,KRG700000174,하나 레버리지 코스닥150 선물 ETN,EN,,0,0,0,N,N,,0,N,N,N,3.0,N,N,,,,,N,,,0,,,N,,,,,,30185,1,1,N,N,N,0,N,N,N,0,0,0,100,N,90,20,0,20221017,1000,0,,,0,,N,N,N,0,0,0,0,0.0,,301,,N,N,N
Q700018,KRG700000182,하나 인버스 2X 코스닥150 선물 ETN,EN,,0,0,0,N,N,,0,N,N,N,3.0,N,N,,,,,N,,,0,,,N,,,,,,5015,1,1,N,N,N,0,N,N,N,0,0,0,100,N,90,80096,0,20221017,1000,0,,,0,,N,N,N,0,0,0,0,0.0,,50,,N,N,N
Q700020,KRG700000208,하나 블룸버그 -2X 천연가스 선물 ETN(H),EN,,0,0,0,N,N,,0,N,N,N,3.0,N,N,,,,,N,,,0,,,N,,,,,,29740,1,1,N,N,N,0,N,N,N,0,0,0,100,N,90,2778,0,20221020,1000,0,,,0,,N,N,N,0,0,0,0,0.0,,297,,N,N,N
Q700022,KRG700000224,하나 Solactive US Tech Top 10 ETN(H),EN,,0,0,0,N,N,,0,N,N,N,3.0,N,N,,,,,N,,,0,,,N,,,,,,26650,1,1,N,N,N,0,N,N,N,0,0,0,100,N,90,0,0,20221222,2000,0,,,0,,N,N,N,0,0,0,0,0.0,,533,,N,N,N
Q700023,KRG700000232,하나 Solactive 2X US Tech Top 10 ETN(H),EN,,0,0,0,N,N,,0,N,N,N,3.0,N,N,,,,,N,,,0,,,N,,,,,,110190,1,1,N,N,N,0,N,N,N,0,0,0,100,N,90,2,0,20221222,1000,0,,,0,,N,N,N,0,0,0,0,0.0,,1101,,N,N,N
Q700025,KRG700000257,하나 블룸버그 2X 천연가스 선물 ETN(H) B,EN,,0,0,0,N,N,,0,N,N,N,3.0,N,N,,,,,N,,,0,,,N,,,,,,3200,1,1,N,N,N,0,N,N,N,0,0,0,100,N,90,7899,0,20230623,1000,0,,,0,,N,N,N,0,0,0,0,0.0,,32,,N,N,N
Q700026,KRG700000265,하나 CD금리투자 ETN,EN,,0,0,0,N,N,,0,N,N,N,3.0,N,N,,,,,N,,,0,,,N,,,,,,104550,1,1,N,N,N,0,N,N,N,0,0,0,100,N,90,15308,0,20240320,9500,0,,,0,,N,N,N,0,0,0,0,0.0,,9932,,N,N,N
Q700027,KRG700000273,하나 반도체 ETN,EN,,0,0,0,N,N,,0,N,N,N,3.0,N,N,,,,,N,,,0,,,N,,,,,,11575,1,1,N,N,N,0,N,N,N,0,0,0,100,N,90,6933,0,20250312,1000,0,,,0,,N,N,N,0,0,0,0,0.0,,115,,N,N,N
Q700028,KRG700000281,하나 레버리지 반도체 ETN,EN,,0,0,0,N,N,,0,N,N,N,3.0,N,N,,,,,N,,,0,,,N,,,,,,25220,1,1,N,N,N,0,N,N,N,0,0,0,100,N,90,9750,0,20250312,1500,0,,,0,,N,N,N,0,0,0,0,0.0,,378,,N,N,N
Q700029,KRG700000299,하나 S&P 레버리지 WTI원유 선물 ETN B,EN,,0,0,0,N,N,,0,N,N,N,3.0,N,N,,,,,N,,,0,,,N,,,,,,22140,1,1,N,N,N,0,N,N,N,0,0,0,100,N,90,10,0,20250417,1000,0,,,0,,N,N,N,0,0,0,0,0.0,,221,,N,N,N
Q700030,KRG700000307,하나 S&P 인버스 2X WTI원유 선물 ETN B,EN,,0,0,0,N,N,,0,N,N,N,3.0,N,N,,,,,N,,,0,,,N,,,,,,14165,1,1,N,N,N,0,N,N,N,0,0,0,100,N,90,110,0,20250417,1000,0,,,0,,N,N,N,0,0,0,0,0.0,,141,,N,N,N
Q760004,KRG760000049,키움 인버스 미국달러선물 ETN,EN,,0,0,0,N,N,,0,N,N,N,3.0,N,N,,,,,N,,,0,,,N,,,,,,9690,1,1,N,N,N,0,N,N,N,0,0,0,100,N,90,1,0,20221213,2000,0,,,0,,N,N,N,0,0,0,0,0.0,,193,,N,N,N
Q760005,KRG760000056,키움 INDXX 미국테크탑10 ETN,EN,,0,0,0,N,N,,0,N,N,N,3.0,N,N,,,,,N,,,0,,,N,,,,,,29070,1,1,N,N,N,0,N,N,N,0,0,0,100,N,90,1,0,20221222,1000,0,,,0,,N,N,N,0,0,0,0,0.0,,290,,N,N,N
Q760006,KRG760000064,키움 KPOP ETN,EN,,0,0,0,N,N,,0,N,N,N,3.0,N,N,,,,,N,,,0,,,N,,,,,,12465,1,1,N,N,N,0,N,N,N,0,0,0,100,N,90,7470,0,20231018,1000,0,,,0,,N,N,N,0,0,0,0,0.0,,124,,N,N,N
Q760007,KRG760000072,키움 코스피 200 TR ETN,EN,,0,0,0,N,N,,0,N,N,N,3.0,N,N,,,,,N,,,0,,,N,,,,,,13155,1,1,N,N,N,0,N,N,N,0,0,0,100,N,90,6354,0,20231227,4000,0,,,0,,N,N,N,0,0,0,0,0.0,,526,,N,N,N
Q760008,KRG760000080,키움 코스닥 150 TR ETN,EN,,0,0,0,N,N,,0,N,N,N,3.0,N,N,,,,,N,,,0,,,N,,,,,,9730,1,1,N,N,N,0,N,N,N,0,0,0,100,N,90,7,0,20231227,2000,0,,,0,,N,N,N,0,0,0,0,0.0,,194,,N,N,N
Q760009,KRG760000098,키움 CD금리투자 ETN,EN,,0,0,0,N,N,,0,N,N,N,3.0,N,N,,,,,N,,,0,,,N,,,,,,104235,1,1,N,N,N,0,N,N,N,0,0,0,100,N,90,0,0,20240419,6220,0,,,0,,N,N,N,0,0,0,0,0.0,,6483,,N,N,N
Q760010,KRG760000106,키움 2차전지산업 ETN,EN,,0,0,0,N,N,,0,N,N,N,3.0,N,N,,,,,N,,,0,,,N,,,,,,7455,1,1,N,N,N,0,N,N,N,0,0,0,100,N,90,3,0,20240808,700,0,,,0,,N,N,N,0,0,0,0,0.0,,52,,N,N,N
Q760011,KRG760000114,키움 레버리지 2차전지산업 ETN,EN,,0,0,0,N,N,,0,N,N,N,3.0,N,N,,,,,N,,,0,,,N,,,,,,8995,1,1,N,N,N,0,N,N,N,0,0,0,100,N,90,6320,0,20240808,500,0,,,0,,N,N,N,0,0,0,0,0.0,,44,,N,N,N
Q760012,KRG760000122,키움 반도체TOP10 ETN,EN,,0,0,0,N,N,,0,N,N,N,3.0,N,N,,,,,N,,,0,,,N,,,,,,9650,1,1,N,N,N,0,N,N,N,0,0,0,100,N,90,3,0,20240808,700,0,,,0,,N,N,N,0,0,0,0,0.0,,67,,N,N,N
Q760013,KRG760000130,키움 레버리지 반도체TOP10 ETN,EN,,0,0,0,N,N,,0,N,N,N,3.0,N,N,,,,,N,,,0,,,N,,,,,,15485,1,1,N,N,N,0,N,N,N,0,0,0,100,N,90,4031,0,20240808,1500,0,,,0,,N,N,N,0,0,0,0,0.0,,232,,N,N,N
Q760014,KRG760000148,키움 바이오TOP10 ETN,EN,,0,0,0,N,N,,0,N,N,N,3.0,N,N,,,,,N,,,0,,,N,,,,,,10935,1,1,N,N,N,0,N,N,N,0,0,0,100,N,90,7,0,20241108,700,0,,,0,,N,N,N,0,0,0,0,0.0,,76,,N,N,N
Q760015,KRG760000155,키움 레버리지 바이오TOP10 ETN,EN,,0,0,0,N,N,,0,N,N,N,3.0,N,N,,,,,N,,,0,,,N,,,,,,21435,1,1,N,N,N,0,N,N,N,0,0,0,100,N,90,878,0,20241108,500,0,,,0,,N,N,N,0,0,0,0,0.0,,107,,N,N,N
Q760016,KRG760000163,키움 레버리지 조선TOP10 ETN,EN,,0,0,0,N,N,,0,N,N,N,3.0,N,N,,,,,N,,,0,,,N,,,,,,95350,1,1,N,N,N,0,N,N,N,0,0,0,100,N,90,9316,0,20241108,1000,0,,,0,,N,N,N,0,0,0,0,0.0,,953,,N,N,N
Q760017,KRG760000171,키움 조선TOP10 ETN,EN,,0,0,0,N,N,,0,N,N,N,3.0,N,N,,,,,N,,,0,,,N,,,,,,23610,1,1,N,N,N,0,N,N,N,0,0,0,100,N,90,1504,0,20241108,700,0,,,0,,N,N,N,0,0,0,0,0.0,,165,,N,N,N
Q760018,KRG760000189,키움 미국달러선물 ETN B,EN,,0,0,0,N,N,,0,N,N,N,3.0,N,N,,,,,N,,,0,,,N,,,,,,9755,1,1,N,N,N,0,N,N,N,0,0,0,100,N,90,12,0,20250411,6000,0,,,0,,N,N,N,0,0,0,0,0.0,,585,,N,N,N
Q760019,KRG760000197,키움 리츠부동산인프라 ETN,EN,,0,0,0,N,N,,0,N,N,N,3.0,N,N,,,,,N,,,0,,,N,,,,,,10180,1,1,N,N,N,0,N,N,N,0,0,0,100,N,90,11,0,20250509,1000,0,,,0,,N,N,N,0,0,0,0,0.0,,101,,N,N,N
Q760020,KRG760000205,키움 레버리지 리츠부동산인프라 ETN,EN,,0,0,0,N,N,,0,N,N,N,3.0,N,N,,,,,N,,,0,,,N,,,,,,20580,1,1,N,N,N,0,N,N,N,0,0,0,100,N,90,1,0,20250509,500,0,,,0,,N,N,N,0,0,0,0,0.0,,102,,N,N,N
Q760021,KRG760000213,키움 코스피200 선물 달러노출 ETN,EN,,0,0,0,N,N,,0,N,N,N,3.0,N,N,,,,,N,,,0,,,N,,,,,,10700,1,1,N,N,N,0,N,N,N,0,0,0,100,N,90,1,0,20250703,700,0,,,0,,N,N,N,0,0,0,0,0.0,,74,,N,N,N
900140,KYG5307W1015,엘브이엠씨홀딩스,FS,,0,0,0,N,N,N,0,N,N,N,,N,N,N,N,N,N,N,N,N,0,N,N,N,N,N,N,N,N,1939,1,1,N,N,N,0,N,N,N,0,0,0,100,N,90,215786,0,20101130,193240,48310108,12.0,,0,,N,N,N,1039,86,47,42,2.02,20250331.0,3746,,N,N,N
