date,code,raw_score,smoothed
2026-04-28,000020,0.3041856205807968,0.3041856205807968
2026-04-29,000020,0.20857564904235448,0.2723156300679827
2026-04-28,000040,-0.5020360395049057,-0.5020360395049057
2026-04-29,000040,-0.46896257715549916,-0.4910115520551036
2026-04-28,000050,0.3746064733172453,0.3746064733172453
2026-04-29,000050,0.275113121937315,0.34144202285726855
2026-04-28,000070,-0.6014184304884416,-0.6014184304884416
2026-04-29,000070,-0.34816284936265335,-0.5169999034465123
2026-04-28,000075,0.0121894164142022,0.0121894164142022
2026-04-29,000075,0.014059688253584649,0.012812840360663017
2026-04-28,000080,-0.1102729456273828,-0.1102729456273828
2026-04-29,000080,-0.10296580287769821,-0.10783723137748794
2026-04-28,000087,-0.3396980028519935,-0.3396980028519935
2026-04-29,000087,-0.4208129723588013,-0.3667363260209294
2026-04-28,0000D0,0.0924424596127451,0.0924424596127451
2026-04-29,0000D0,-0.020144824719133085,0.05491336483545237
2026-04-28,0000H0,-0.044013319652138,-0.044013319652138
2026-04-29,0000H0,0.04932772892325605,-0.01289963679367332
2026-04-28,0000J0,0.0867037362972192,0.0867037362972192
2026-04-29,0000J0,-0.17998025315049407,-0.0021909268520185488
2026-04-28,0000Y0,-0.4378215436628238,-0.4378215436628238
2026-04-29,0000Y0,-0.3013229913715265,-0.39232202623239143
2026-04-28,0000Z0,0.0487161660716551,0.0487161660716551
2026-04-29,0000Z0,-0.14871407479766358,-0.01709391421811779
2026-04-28,000100,0.0439890030047814,0.0439890030047814
2026-04-29,000100,0.15065136840259805,0.07954312480405362
2026-04-28,000105,-0.6230363535698384,-0.6230363535698384
2026-04-29,000105,-0.6952734024781126,-0.6471153698725965
2026-04-28,000120,0.1162002372920411,0.1162002372920411
2026-04-29,000120,0.21178457673553294,0.14806168377320506
2026-04-28,000140,-0.5691048316416623,-0.5691048316416623
2026-04-29,000140,-0.399312761711713,-0.5125074749983458
2026-04-28,000145,-0.3663228457117884,-0.3663228457117884
2026-04-29,000145,-0.3639994725650373,-0.3655483879962047
2026-04-28,000150,-0.1633691263064764,-0.1633691263064764
2026-04-29,000150,-0.26190398416431865,-0.19621407892575715
2026-04-28,000155,-0.308481332365995,-0.308481332365995
2026-04-29,000155,-0.3142984639804485,-0.31042037623747953
2026-04-28,000157,-0.050878641123228,-0.050878641123228
2026-04-29,000157,-0.13263211233822852,-0.07812979819489485
2026-04-28,000180,-0.0241743479315379,-0.0241743479315379
2026-04-29,000180,-0.052262692197047024,-0.03353712935337427
2026-04-28,0001P0,-0.1291998844666821,-0.1291998844666821
2026-04-29,0001P0,-0.25152098201818485,-0.16997358365051635
2026-04-28,0001S0,-0.0599370415586263,-0.0599370415586263
2026-04-29,0001S0,-0.057107406702628274,-0.0589938299399603
2026-04-28,000210,-0.1219404844928417,-0.1219404844928417
2026-04-29,000210,0.32238331096496164,0.026167447326426063
2026-04-28,000215,-0.1472327494144562,-0.1472327494144562
2026-04-29,000215,0.09997241515167372,-0.06483102789241289
2026-04-28,000220,0.4081826113749741,0.4081826113749741
2026-04-29,000220,0.5335503814856227,0.44997186807852363
2026-04-28,000225,0.1397862636148724,0.1397862636148724
2026-04-29,000225,-0.0756599721875565,0.06797085168072944
2026-04-28,000227,-0.4131766119636472,-0.4131766119636472
2026-04-29,000227,-0.41209826865530474,-0.4128171641941998
2026-04-28,000230,0.269187703025358,0.269187703025358
2026-04-29,000230,0.2829993701384124,0.2737915920630428
2026-04-28,000240,0.1083308609555049,0.1083308609555049
2026-04-29,000240,0.11166191151664437,0.1094412111425514
2026-04-28,000270,0.2780094095385875,0.2780094095385875
2026-04-29,000270,0.21338024693969182,0.2564663553389556
2026-04-28,0002C0,-0.2754267271435895,-0.2754267271435895
2026-04-29,0002C0,-0.24764899491841924,-0.2661674830685328
2026-04-28,000300,0.099816712764646,0.099816712764646
2026-04-29,000300,0.1026920939665534,0.10077517316528181
2026-04-28,000320,0.1726519864625667,0.1726519864625667
2026-04-29,000320,0.2665530398640727,0.20395233759640202
2026-04-28,000325,-0.3663228457117884,-0.3663228457117884
2026-04-29,000325,-0.3639994725650373,-0.3655483879962047
2026-04-28,000370,0.4890993829213794,0.4890993829213794
2026-04-29,000370,0.3822074971995917,0.4534687543474502
2026-04-28,000390,0.3259186995075663,0.3259186995075663
2026-04-29,000390,0.28336272982582933,0.31173337628032066
2026-04-28,000400,-0.6729585325905889,-0.6729585325905889
2026-04-29,000400,-0.8609760880702624,-0.7356310510838134
2026-04-28,000430,0.085931270569026,0.085931270569026
2026-04-29,000430,0.027464608563280028,0.06644238323377735
2026-04-28,000480,-0.498424410741381,-0.498424410741381
2026-04-29,000480,-0.4398323905270046,-0.4788937373365889
2026-04-28,000490,0.0500285123121838,0.0500285123121838
2026-04-29,000490,0.07162639889431313,0.057227807839560246
2026-04-28,0004G0,-0.3336508998185432,-0.3336508998185432
2026-04-29,0004G0,-0.31621541994113556,-0.32783907319274064
2026-04-28,000500,0.2080175348284769,0.2080175348284769
2026-04-29,000500,0.26959976328295243,0.22854494431330208
2026-04-28,000520,-0.8050758265272059,-0.8050758265272059
2026-04-29,000520,-0.8119311340571728,-0.8073609290371948
2026-04-28,000540,0.2387841680835431,0.2387841680835431
2026-04-29,000540,0.13029096372811208,0.20261976663173278
2026-04-28,000545,-0.4021753503234001,-0.4021753503234001
2026-04-29,000545,-0.40310491663087544,-0.4024852057592253
2026-04-28,000590,0.1488602626254453,0.1488602626254453
2026-04-29,000590,0.17364016228207071,0.15712022917765378
2026-04-28,0005A0,-0.3577833012282079,-0.3577833012282079
2026-04-29,0005A0,-0.4046767952001413,-0.3734144658855191
2026-04-28,0005C0,0.0264627451093321,0.0264627451093321
2026-04-29,0005C0,-0.043907872711894246,0.003005872502256656
2026-04-28,0005D0,-0.4665245429968673,-0.4665245429968673
2026-04-29,0005D0,-0.4494744767725001,-0.4608411875887449
2026-04-28,0005G0,-0.4624898610073354,-0.4624898610073354
2026-04-29,0005G0,-0.3874882683782186,-0.4374893301309632
2026-04-28,000640,0.4356859814161642,0.4356859814161642
2026-04-29,000640,0.41923062670842887,0.43020086318025247
2026-04-28,000650,-0.6451492073083421,-0.6451492073083421
2026-04-29,000650,-0.7308594318731215,-0.6737192821632687
2026-04-28,000660,0.5052228690175797,0.5052228690175797
2026-04-29,000660,0.5145874425197707,0.5083443935183101
2026-04-28,000670,-0.0683525977460349,-0.0683525977460349
2026-04-29,000670,0.10151263712305955,-0.011730852789670086
2026-04-28,000680,-0.0210057513430976,-0.0210057513430976
2026-04-29,000680,-0.42809807482244344,-0.15670319250287956
2026-04-28,000700,0.3567206557663878,0.3567206557663878
2026-04-29,000700,0.5467706769637417,0.4200706628321724
2026-04-28,000720,-0.1938062027656995,-0.1938062027656995
2026-04-29,000720,-0.17288796610765123,-0.18683345721301675
2026-04-28,000725,-0.3033751491864181,-0.3033751491864181
2026-04-29,000725,-0.2889046948006445,-0.29855166439116027
2026-04-28,000760,-0.0554723518789774,-0.0554723518789774
2026-04-29,000760,-0.15680734721937736,-0.08925068365911074
2026-04-28,0007F0,-0.4181943371678582,-0.4181943371678582
2026-04-29,0007F0,-0.18238265147565888,-0.3395904419371252
2026-04-28,0007G0,-0.3731278066843581,-0.3731278066843581
2026-04-29,0007G0,-0.3725678163256709,-0.3729411432314624
2026-04-28,0007N0,-0.2929111290351478,-0.2929111290351478
2026-04-29,0007N0,0.11913814362901612,-0.15556137148042654
2026-04-28,000810,0.0738906558999794,0.0738906558999794
2026-04-29,000810,0.038153850184484986,0.06197838732814793
2026-04-28,000815,-0.3770166705651369,-0.3770166705651369
2026-04-29,000815,-0.4473054403015131,-0.4004462604772623
2026-04-28,000850,0.3423389575395522,0.3423389575395522
2026-04-29,000850,0.556698528435027,0.4137921478380438
2026-04-28,000860,-0.1610216946849789,-0.1610216946849789
2026-04-29,000860,-0.05574460614356845,-0.1259293318378421
2026-04-28,000880,-0.4215532569145356,-0.4215532569145356
2026-04-29,000880,-0.3332313037296442,-0.3921126058529052
2026-04-28,00088K,-0.27972101998303,-0.27972101998303
2026-04-29,00088K,-0.2891805924258662,-0.2828742107973088
2026-04-28,000890,0.598756939504446,0.598756939504446
2026-04-29,000890,0.4243239650416049,0.540612614683499
2026-04-28,0008E0,-0.4792725415319383,-0.4792725415319383
2026-04-29,0008E0,-0.3294441616475496,-0.4293297482371421
2026-04-28,0008S0,0.0632254284686643,0.0632254284686643
2026-04-29,0008S0,0.07282309172066215,0.06642464955266358
2026-04-28,0008T0,-0.3926907701533652,-0.3926907701533652
2026-04-29,0008T0,-0.5043885268575892,-0.42992335572143986
2026-04-28,000910,0.8250731699756237,0.8250731699756237
2026-04-29,000910,0.7864673326760933,0.812204557542447
2026-04-28,000950,0.9759655146851614,0.9759655146851614
2026-04-29,000950,0.8563731870765825,0.9361014054823018
2026-04-28,000970,0.1619888649186638,0.1619888649186638
2026-04-29,000970,0.4782081914852502,0.2673953071075259
2026-04-28,000990,0.3738722731972085,0.3738722731972085
2026-04-29,000990,0.47972958798564375,0.4091580447933536
2026-04-28,001020,0.0086658963850685,0.0086658963850685
2026-04-29,001020,-0.01444896408822878,0.0009609428939694083
2026-04-28,001040,-0.0595068465056059,-0.0595068465056059
2026-04-29,001040,-0.025853542931544897,-0.04828907864758557
2026-04-28,001045,-0.0809376560024458,-0.0809376560024458
2026-04-29,001045,-0.32668066252856165,-0.1628519915111511
2026-04-28,00104K,0.0433077161464569,0.0433077161464569
2026-04-29,00104K,0.026147813214446536,0.037587748502453444
2026-04-28,001060,0.4323225780840752,0.4323225780840752
2026-04-29,001060,0.3849964465493121,0.41654720090582087
2026-04-28,001065,-0.5985312772082398,-0.5985312772082398
2026-04-29,001065,-0.5949875083710324,-0.5973500209291707
2026-04-28,001067,-0.4131766119636472,-0.4131766119636472
2026-04-29,001067,-0.41209826865530474,-0.4128171641941998
2026-04-28,001070,-0.1393829156540476,-0.1393829156540476
2026-04-29,001070,0.42779675642236953,0.049676975038091445
2026-04-28,001080,0.0920304348401547,0.0920304348401547
2026-04-29,001080,-0.150495909531091,0.011188320049739478
2026-04-28,0010E0,-0.1696705109775324,-0.1696705109775324
2026-04-29,0010E0,-0.1653812975534993,-0.16824077316952138
2026-04-28,001120,0.1000734305076167,0.1000734305076167
2026-04-29,001120,0.06806815856782576,0.0894050065276864
2026-04-28,001130,-0.0370517742678033,-0.0370517742678033
2026-04-29,001130,-0.04369209099032087,-0.03926521317530916
2026-04-28,001140,0.6000000000000001,0.6000000000000001
2026-04-29,001140,0.6000000000000001,0.6000000000000001
2026-04-28,001200,0.7820550988845812,0.7820550988845812
2026-04-29,001200,0.6197930513622087,0.7279677497104571
2026-04-28,001210,-0.4100350253431234,-0.4100350253431234
2026-04-29,001210,-0.6019491621834813,-0.47400640428990937
2026-04-28,001230,-0.0771788992026132,-0.0771788992026132
2026-04-29,001230,-0.06206809966277064,-0.07214196602266568
2026-04-28,001250,0.1098186307150252,0.1098186307150252
2026-04-29,001250,0.052470314355307676,0.09070252526178604
2026-04-28,001260,0.0774557588952242,0.0774557588952242
2026-04-29,001260,-0.03363074436052224,0.04042692447664206
2026-04-28,001270,0.1555034318588721,0.1555034318588721
2026-04-29,001270,0.2543845476432912,0.18846380378701183
2026-04-28,001275,-0.5227316182780525,-0.5227316182780525
2026-04-29,001275,-0.5429969758467554,-0.5294867374676202
2026-04-28,001290,-0.7034898495048997,-0.7034898495048997
2026-04-29,001290,-0.5625079066332388,-0.6564958685476794
2026-04-28,001340,-0.0603647624667696,-0.0603647624667696
2026-04-29,001340,-0.01784356739414908,-0.04619103077589609
2026-04-28,001360,-0.0970362734559926,-0.0970362734559926
2026-04-29,001360,-0.30107983351249856,-0.16505079347482793
2026-04-28,001380,0.0040811732004491,0.0040811732004491
2026-04-29,001380,0.036113927229757606,0.014758757876885268
2026-04-28,001390,0.1676626893636149,0.1676626893636149
2026-04-29,001390,0.1303534595283887,0.1552262794185395
2026-04-28,0013P0,0.0430064871897541,0.0430064871897541
2026-04-29,0013P0,0.2622757735293102,0.11609624930293946
2026-04-28,0013R0,-0.309243242604587,-0.309243242604587
2026-04-29,0013R0,-0.257063580028678,-0.2918500217459507
2026-04-28,001420,0.9619426476270988,0.9619426476270988
2026-04-29,001420,1.1779814096311896,1.0339555682951291
2026-04-28,001430,0.3190798768199476,0.3190798768199476
2026-04-29,001430,0.30064408656906744,0.31293461340298756
2026-04-28,001440,-0.083918654712973,-0.083918654712973
2026-04-29,001440,-0.07619785015737934,-0.08134505319444178
2026-04-28,001450,0.8415220970450613,0.8415220970450613
2026-04-29,001450,0.9190075362471489,0.8673505767790906
2026-04-28,001460,-0.1975139396439333,-0.1975139396439333
2026-04-29,001460,-0.10382301829335576,-0.16628363252707415
2026-04-28,001465,-0.7573706195597305,-0.7573706195597305
2026-04-29,001465,-0.6691491544339074,-0.7279634645177896
2026-04-28,001470,-0.4173631800735205,-0.4173631800735205
2026-04-29,001470,-0.41443093126385566,-0.41638576380363224
2026-04-28,001500,0.1429911928896093,0.1429911928896093
2026-04-29,001500,0.20072037639686974,0.16223425405869613
2026-04-28,001510,0.1921912333415671,0.1921912333415671
2026-04-29,001510,0.2152285928118592,0.1998703531649978
2026-04-28,001515,-0.3470135617386778,-0.3470135617386778
2026-04-29,001515,-0.24472228205137897,-0.3129164685095782
2026-04-28,001520,0.2234247832431453,0.2234247832431453
2026-04-29,001520,0.4215607042977915,0.2894700902613607
2026-04-28,001525,-0.4427997430709784,-0.4427997430709784
2026-04-29,001525,-0.5560112868560554,-0.48053692433267076
2026-04-28,001527,-0.4356180054090893,-0.4356180054090893
2026-04-29,001527,-0.6016313461568319,-0.49095578565833686
2026-04-28,001530,0.0431831985887006,0.0431831985887006
2026-04-29,001530,-0.1263073318879834,-0.013313644903527398
2026-04-28,001550,-0.1813891090587822,-0.1813891090587822
2026-04-29,001550,-0.006484662103553099,-0.12308762674037252
2026-04-28,001560,0.7242399099803397,0.7242399099803397
2026-04-29,001560,0.5342207571110298,0.6609001923572364
2026-04-28,001570,-0.5490490116145631,-0.5490490116145631
2026-04-29,001570,-0.5445587960658835,-0.5475522730983367
2026-04-28,0015B0,-0.2639369030823314,-0.2639369030823314
2026-04-29,0015B0,-0.3320932963274762,-0.286655700830713
2026-04-28,0015E0,-0.0637635944855152,-0.0637635944855152
2026-04-29,0015E0,-0.10191234628320806,-0.07647984508474616
2026-04-28,0015F0,-0.0106761640373282,-0.0106761640373282
2026-04-29,0015F0,-0.041824089013876735,-0.021058805696177713
2026-04-28,0015K0,-0.0799068603241494,-0.0799068603241494
2026-04-29,0015K0,-0.10520870301147695,-0.08834080788659192
2026-04-28,001620,0.1631805523725713,0.1631805523725713
2026-04-29,001620,0.18672069423823004,0.17102726632779092
2026-04-28,001630,0.5479577656493575,0.5479577656493575
2026-04-29,001630,0.4696969741257637,0.5218708351414929
2026-04-28,001680,-0.9774259903700624,-0.9774259903700624
2026-04-29,001680,-1.080214627040187,-1.011688869260104
2026-04-28,001685,0.0006057413483061,0.0006057413483061
2026-04-29,001685,-0.1055649751031679,-0.0347844974688519
2026-04-28,0016X0,-0.1835147411916592,-0.1835147411916592
2026-04-29,0016X0,-0.2601000921137563,-0.2090431914990249
2026-04-28,001720,0.2762012290308123,0.2762012290308123
2026-04-29,001720,0.1263365180088,0.2262463253568082
2026-04-28,001740,0.134275408577094,0.134275408577094
2026-04-29,001740,0.0011988567950413417,0.08991655798307645
2026-04-28,001750,-0.1106377820739739,-0.1106377820739739
2026-04-29,001750,-0.3790499681434957,-0.20010851076381447
2026-04-28,001755,-0.3556667461938145,-0.3556667461938145
2026-04-29,001755,-0.22877588284670664,-0.3133697917447785
2026-04-28,001770,0.8691690511698735,0.8691690511698735
2026-04-29,001770,0.7923462415059616,0.8435614479485696
2026-04-28,001780,0.729784755113144,0.729784755113144
2026-04-29,001780,0.5859503635913387,0.6818399579392089
2026-04-28,001790,-0.6163129974488247,-0.6163129974488247
2026-04-29,001790,-0.6383944978559659,-0.6236734975845385
2026-04-28,001795,-0.4777446144556092,-0.4777446144556092
2026-04-29,001795,-0.40458363655904667,-0.4533576218234217
2026-04-28,0017Y0,-0.3010979253900672,-0.3010979253900672
2026-04-29,0017Y0,-0.17281916165862515,-0.2583383374795865
2026-04-28,001800,-0.2545432918139786,-0.2545432918139786
2026-04-29,001800,-0.1189978665710201,-0.20936148339965913
2026-04-28,001820,0.1973878610493964,0.1973878610493964
2026-04-29,001820,0.6516958849800257,0.3488238690262728
2026-04-28,0018C0,0.0339903402773582,0.0339903402773582
2026-04-29,0018C0,0.04456893857348194,0.037516539709399443
2026-04-28,0018Z0,-0.0776414415143517,-0.0776414415143517
2026-04-29,0018Z0,-0.11090007895333454,-0.08872765399401264
2026-04-28,001940,-0.1012211205205917,-0.1012211205205917
2026-04-29,001940,0.006158878083467781,-0.06542778765257189
2026-04-28,0019K0,-0.4501757171947862,-0.4501757171947862
2026-04-29,0019K0,-0.25584682263188263,-0.3853994190071517
2026-04-28,002020,-0.1170496358277007,-0.1170496358277007
2026-04-29,002020,0.029143628314011422,-0.06831854778046334
2026-04-28,002025,-0.1367283627838856,-0.1367283627838856
2026-04-29,002025,-0.10378854279717475,-0.12574842278831533
2026-04-28,002030,0.1212481742185114,0.1212481742185114
2026-04-29,002030,0.08879431122400035,0.11043021988700771
2026-04-28,002070,-0.4975314034300585,-0.4975314034300585
2026-04-29,002070,-0.4636196035378515,-0.4862274701326562
2026-04-28,0020H0,-0.1918095249818533,-0.1918095249818533
2026-04-29,0020H0,-0.22433943531321937,-0.202652828425642
2026-04-28,002100,0.2487918655500101,0.2487918655500101
2026-04-29,002100,0.2111062408107931,0.23622999063693778
2026-04-28,002140,0.1659362534638529,0.1659362534638529
2026-04-29,002140,0.17616340893257643,0.16934530528676076
2026-04-28,002150,-0.0521825120468804,-0.0521825120468804
2026-04-29,002150,0.019982258323001358,-0.028127588590253154
2026-04-28,002170,0.4219552208115744,0.4219552208115744
2026-04-29,002170,0.5259442490648387,0.45661823022932924
2026-04-28,0021C0,-0.1808568285293657,-0.1808568285293657
2026-04-29,0021C0,-0.06715813244705143,-0.14295726316859428
2026-04-28,0021D0,-0.1843053027720391,-0.1843053027720391
2026-04-29,0021D0,-0.14692519251309966,-0.1718452660190593
2026-04-28,0021E0,-0.2080412743288796,-0.2080412743288796
2026-04-29,0021E0,-0.026633731678817267,-0.14757209344552552
2026-04-28,002200,0.0463192555327791,0.0463192555327791
2026-04-29,002200,0.15805767021282674,0.08356539375946165
2026-04-28,002210,-0.3753747675107624,-0.3753747675107624
2026-04-29,002210,-0.3729720173071177,-0.3745738507762142
2026-04-28,002220,0.0329233784875306,0.0329233784875306
2026-04-29,002220,-0.3284092827196953,-0.08752084191487802
2026-04-28,002240,0.4651038171416465,0.4651038171416465
2026-04-29,002240,0.3841092943275485,0.43810564287028053
2026-04-28,0022T0,-0.1722333507466419,-0.1722333507466419
2026-04-29,0022T0,-0.12486283308125765,-0.15644317819151382
2026-04-28,002310,0.5062814537814494,0.5062814537814494
2026-04-29,002310,0.5175524678850885,0.5100384584826625
2026-04-28,002320,0.1408429012032513,0.1408429012032513
2026-04-29,002320,0.31869048252833293,0.20012542831161184
2026-04-28,002350,0.0468580803676414,0.0468580803676414
2026-04-29,002350,0.06311290752057586,0.05227635608528622
2026-04-28,002355,-0.1119825687919203,-0.1119825687919203
2026-04-29,002355,-0.08083712225684107,-0.10160075328022722
2026-04-28,002360,-0.3559946132517889,-0.3559946132517889
2026-04-29,002360,-0.3650358334569931,-0.3590083533201903
2026-04-28,002380,0.049172388836942,0.049172388836942
2026-04-29,002380,0.21131175616046216,0.10321884461144873
2026-04-28,002390,-0.1230498822492045,-0.1230498822492045
2026-04-29,002390,-0.04982396025529423,-0.09864124158456775
2026-04-28,0023A0,-0.1201233301710452,-0.1201233301710452
2026-04-29,0023A0,-0.12000640794741368,-0.12008435609650137
2026-04-28,0023B0,0.0349940693816412,0.0349940693816412
2026-04-29,0023B0,0.058607925030201076,0.04286535459782782
2026-04-28,002410,-0.343172946854309,-0.343172946854309
2026-04-29,002410,-0.3402406980446442,-0.34219553058442076
2026-04-28,002420,-0.3472649866516488,-0.3472649866516488
2026-04-29,002420,-0.36979413547275536,-0.35477470292535096
2026-04-28,002450,0.3747442610049672,0.3747442610049672
2026-04-29,002450,0.24876314911708225,0.3327505570423389
2026-04-28,002460,0.2358529706388459,0.2358529706388459
2026-04-29,002460,0.2685528231487161,0.2467529214754693
2026-04-28,0025N0,-0.5342635418987339,-0.5342635418987339
2026-04-29,0025N0,-0.5479547471102155,-0.5388272769692278
2026-04-28,002600,-0.0348631033989047,-0.0348631033989047
2026-04-29,002600,-0.03311694427894816,-0.034281050358919186
2026-04-28,002620,0.2124307811019748,0.2124307811019748
2026-04-29,002620,0.17709698450950373,0.20065284890448448
2026-04-28,002630,-0.2887345680675771,-0.2887345680675771
2026-04-29,002630,-0.34084351074207486,-0.306104215625743
2026-04-28,002690,0.0234100397010156,0.0234100397010156
2026-04-29,002690,0.10675342999458487,0.05119116979887202
2026-04-28,0026E0,0.0183655690266964,0.0183655690266964
2026-04-29,0026E0,0.1026199641451345,0.0464503673995091
2026-04-28,0026S0,-0.4016684674293984,-0.4016684674293984
2026-04-29,0026S0,-0.33222455539766216,-0.378520496752153
2026-04-28,002700,-0.3868515215348087,-0.3868515215348087
2026-04-29,002700,-0.4246051934010443,-0.3994360788235539
2026-04-28,002710,-0.3954601706174495,-0.3954601706174495
2026-04-29,002710,-0.39795932089732683,-0.39629322071074197
2026-04-28,002720,-0.0901176828045128,-0.0901176828045128
2026-04-29,002720,0.030305075730818275,-0.04997676329273578
2026-04-28,002760,-0.2932974995229923,-0.2932974995229923
2026-04-29,002760,-0.31107484758305887,-0.29922328220968114
2026-04-28,002780,-0.1137690381823231,-0.1137690381823231
2026-04-29,002780,-0.12382395085581983,-0.11712067574015535
2026-04-28,002785,0.2948447204603487,0.2948447204603487
2026-04-29,002785,0.19798410545085968,0.262557848790519
2026-04-28,002787,-0.2929658631254491,-0.2929658631254491
2026-04-29,002787,-0.2900336143157841,-0.2919884468555608
2026-04-28,002790,0.3393299401885408,0.3393299401885408
2026-04-29,002790,0.07627775549480637,0.2516458786239627
2026-04-28,002795,-0.3170030726618176,-0.3170030726618176
2026-04-29,002795,-0.44059634168996953,-0.3582008290045349
2026-04-28,00279K,-0.1318832280236215,-0.1318832280236215
2026-04-29,00279K,-0.20974783483902426,-0.15783809696208911
2026-04-28,002810,0.2241461809355771,0.2241461809355771
2026-04-29,002810,0.2729446722992666,0.24041234472347361
2026-04-28,002820,0.1378329636442997,0.1378329636442997
2026-04-29,002820,0.129391162783115,0.1350190300239048
2026-04-28,002840,0.3576162337518082,0.3576162337518082
2026-04-29,002840,0.3609324114679762,0.35872162632386423
2026-04-28,002870,-0.1275489527384406,-0.1275489527384406
2026-04-29,002870,-0.041937406044548306,-0.09901177050714317
2026-04-28,002880,-0.9908637622048816,-0.9908637622048816
2026-04-29,002880,-0.8965341634195493,-0.9594205626097708
2026-04-28,0028X0,-0.0789055034266586,-0.0789055034266586
2026-04-29,0028X0,-0.28687286269117096,-0.1482279565148294
2026-04-28,002900,0.519441214926514,0.519441214926514
2026-04-29,002900,0.6599651135072282,0.5662825144534187
2026-04-28,002920,-0.1307337133397195,-0.1307337133397195
2026-04-29,002920,-0.18039960870185512,-0.14728901179376472
2026-04-28,002960,0.2390028709101827,0.2390028709101827
2026-04-29,002960,0.43897235126353423,0.3056593643612999
2026-04-28,002990,0.6254445559953962,0.6254445559953962
2026-04-29,002990,0.5369260155043609,0.5959383758317178
2026-04-28,002995,-0.3233502613233266,-0.3233502613233266
2026-04-29,002995,-0.2819706502410856,-0.3095570576292463
2026-04-28,003000,0.5076256712768502,0.5076256712768502
2026-04-29,003000,0.41634411075340116,0.47719848443570057
2026-04-28,003010,-0.5146574538968932,-0.5146574538968932
2026-04-29,003010,-0.34954071207561294,-0.45961853995646645
2026-04-28,003030,0.1703280286682553,0.1703280286682553
2026-04-29,003030,-0.021410176740087203,0.10641529353214116
2026-04-28,003060,-0.7943483260967746,-0.7943483260967746
2026-04-29,003060,-0.7688912524705701,-0.7858626348880399
2026-04-28,003070,-0.810997336929042,-0.810997336929042
2026-04-29,003070,-0.43800003567533086,-0.6866649031778049
2026-04-28,003075,-0.6194050662670588,-0.6194050662670588
2026-04-29,003075,-0.6004307805049142,-0.613080304346344
2026-04-28,003080,0.3855196154810305,0.3855196154810305
2026-04-29,003080,0.4567473965770248,0.4092622091796953
2026-04-28,003090,0.5061331723684276,0.5061331723684276
2026-04-29,003090,0.3606473473297609,0.4576378973555387
2026-04-28,0030R0,0.03598941740712,0.03598941740712
2026-04-29,0030R0,0.019714776447715257,0.03056453708731842
2026-04-28,003120,0.3139932889126003,0.3139932889126003
2026-04-29,003120,0.3352753807821959,0.32108731953579883
2026-04-28,003160,0.4644870656459207,0.4644870656459207
2026-04-29,003160,0.44091139620149616,0.45662850916444586
2026-04-28,003200,0.3228277010647675,0.3228277010647675
2026-04-29,003200,0.4328036187621071,0.35948634029721405
2026-04-28,003220,-0.391301482387735,-0.391301482387735
2026-04-29,003220,-0.4107193764116267,-0.39777411372903226
2026-04-28,003230,0.7211807077727563,0.7211807077727563
2026-04-29,003230,0.9537852341101817,0.7987155498852315
2026-04-28,003240,0.1302149137618626,0.1302149137618626
2026-04-29,003240,0.1963444339021218,0.152258087141949
2026-04-28,003280,0.0549533869438419,0.0549533869438419
2026-04-29,003280,-0.09405049179558839,0.005285427364031807
2026-04-28,003300,0.2942597777893858,0.2942597777893858
2026-04-29,003300,0.20243805701138745,0.263652537530053
2026-04-28,003350,-0.4332384990644661,-0.4332384990644661
2026-04-29,003350,-0.3569228469230809,-0.40779994835067107
2026-04-28,003460,0.1009762376734668,0.1009762376734668
2026-04-29,003460,-0.012400994367862128,0.06318382699302383
2026-04-28,003465,-0.2856999560320562,-0.2856999560320562
2026-04-29,003465,-0.29164277879697686,-0.2876808969536965
2026-04-28,003470,0.1619852950087883,0.1619852950087883
2026-04-29,003470,0.042003110283454964,0.1219912334336772
2026-04-28,003475,-0.2844168379552008,-0.2844168379552008
2026-04-29,003475,-0.21240552642925387,-0.26041306744655185
2026-04-28,003480,0.6036003252867745,0.6036003252867745
2026-04-29,003480,0.481317514195654,0.562839388256401
2026-04-28,003490,0.1022524311896672,0.1022524311896672
2026-04-29,003490,0.2763178561598072,0.1602742395130472
2026-04-28,003495,-0.4126467479485791,-0.4126467479485791
2026-04-29,003495,-0.4631693761571387,-0.429487624018099
2026-04-28,003520,-0.2087400159895711,-0.2087400159895711
2026-04-29,003520,-0.2551107534192895,-0.22419692846614392
2026-04-28,003530,0.1609538056991698,0.1609538056991698
2026-04-29,003530,0.35598279244826514,0.22596346794886826
2026-04-28,003535,-0.1155202164034174,-0.1155202164034174
2026-04-29,003535,-0.2705353178602055,-0.16719191688901344
2026-04-28,003540,-0.0211644100354964,-0.0211644100354964
2026-04-29,003540,-0.0589287322593255,-0.033752517443439434
2026-04-28,003545,-0.4954537040823947,-0.4954537040823947
2026-04-29,003545,-0.4400342665817564,-0.47698055824884866
2026-04-28,003547,-0.329105961347248,-0.329105961347248
2026-04-29,003547,-0.2416983217237923,-0.29997008147276283
2026-04-28,003550,-0.153471871298984,-0.153471871298984
2026-04-29,003550,-0.18078140469740472,-0.16257504909845757
2026-04-28,003555,-0.4224168792161596,-0.4224168792161596
2026-04-29,003555,-0.3940550533158882,-0.4129629372494025
2026-04-28,003560,0.0245964560088992,0.0245964560088992
2026-04-29,003560,0.02630170026662327,0.02516487076147389
2026-04-28,003570,-0.1793648768833583,-0.1793648768833583
2026-04-29,003570,0.03760757419330692,-0.10704072652446991
2026-04-28,003580,-0.2952099025992535,-0.2952099025992535
2026-04-29,003580,-0.21459275677367737,-0.2683375206573948
2026-04-28,0035T0,-0.0481226537657399,-0.0481226537657399
2026-04-29,0035T0,-0.24666277812655252,-0.11430269521934411
2026-04-28,003610,-0.2669099540113674,-0.2669099540113674
2026-04-29,003610,-0.18267779204246515,-0.23883256668840003
2026-04-28,003620,0.1791066593728488,0.1791066593728488
2026-04-29,003620,0.2114262003307347,0.18987983969214411
2026-04-28,003650,0.4003764963907035,0.4003764963907035
2026-04-29,003650,0.6524073668460468,0.4843867865424846
2026-04-28,003670,0.2220232554144229,0.2220232554144229
2026-04-29,003670,0.12991084799033714,0.1913191196063943
2026-04-28,003680,-0.0204241038879783,-0.0204241038879783
2026-04-29,003680,-0.0813308269824882,-0.0407263449194816
2026-04-28,003690,0.4493129159620992,0.4493129159620992
2026-04-29,003690,0.432652322279361,0.4437593847345198
2026-04-28,0036D0,-0.0094551868641255,-0.0094551868641255
2026-04-29,0036D0,-0.09681744035762244,-0.038575938028624475
2026-04-28,0036R0,-0.2561744661044976,-0.2561744661044976
2026-04-29,0036R0,-0.2767055339436362,-0.2630181553842105
2026-04-28,0036Z0,-0.2739598632782071,-0.2739598632782071
2026-04-29,0036Z0,-0.35481038567373063,-0.3009100374100483
2026-04-28,003720,-0.190925722686732,-0.190925722686732
2026-04-29,003720,-0.14711860584198275,-0.17632335040514893
2026-04-28,003780,0.2276773235449666,0.2276773235449666
2026-04-29,003780,0.06471258829642414,0.1733557451287858
2026-04-28,003830,0.0948627055148643,0.0948627055148643
2026-04-29,003830,0.11016635480481997,0.09996392194484953
2026-04-28,003850,0.4094183343746223,0.4094183343746223
2026-04-29,003850,0.24208536299749553,0.35364067724891335
2026-04-28,0038A0,-0.413367933503045,-0.413367933503045
2026-04-29,0038A0,-0.5042008046031514,-0.4436455572030805
2026-04-28,003920,0.2215082546525275,0.2215082546525275
2026-04-29,003920,0.2791224566252739,0.24071298864344298
2026-04-28,003925,0.1014712879339084,0.1014712879339084
2026-04-29,003925,-0.028300833779324665,0.05821391402949738
2026-04-28,003960,-0.5327136783158571,-0.5327136783158571
2026-04-29,003960,-0.5805637751037578,-0.5486637105784907
2026-04-28,004000,0.2000715373646339,0.2000715373646339
2026-04-29,004000,-0.17483831160663116,0.07510158770754558
2026-04-28,004020,-0.0912292982256921,-0.0912292982256921
2026-04-29,004020,-0.07007307849665578,-0.08417722498268
2026-04-28,004060,-0.0157592167862514,-0.0157592167862514
2026-04-29,004060,0.012559475953362681,-0.006319652539713375
2026-04-28,004080,-0.1233432774913264,-0.1233432774913264
2026-04-29,004080,-0.2471609249088176,-0.16461582663049013
2026-04-28,004090,0.1691007333472461,0.1691007333472461
2026-04-29,004090,-0.06476119807952324,0.09114675620498967
2026-04-28,0040S0,-0.4128344979695184,-0.4128344979695184
2026-04-29,0040S0,-0.363559527078558,-0.39640950767253164
2026-04-28,0040X0,-0.132269942910177,-0.132269942910177
2026-04-29,0040X0,-0.026479907114539007,-0.09700659764496433
2026-04-28,0040Y0,-0.2400040327169587,-0.2400040327169587
2026-04-29,0040Y0,-0.2312141630701539,-0.23707407616802378
2026-04-28,004100,-0.4450093407342096,-0.4450093407342096
2026-04-29,004100,-0.3928144052121673,-0.42761102889352887
2026-04-28,004105,-0.4440349127464249,-0.4440349127464249
2026-04-29,004105,-0.4095911447096149,-0.43255365673415497
2026-04-28,004140,0.1270312809770331,0.1270312809770331
2026-04-29,004140,0.3084524067742802,0.18750498957611547
2026-04-28,004150,0.093048677129481,0.093048677129481
2026-04-29,004150,-0.13200988951739825,0.018029154913854595
2026-04-28,004170,0.1064263578273947,0.1064263578273947
2026-04-29,004170,-0.03521940933174824,0.059211102107680394
2026-04-28,0041D0,0.0175470728316388,0.0175470728316388
2026-04-29,0041D0,0.02713033701480925,0.02074149422602895
2026-04-28,0041E0,-0.4466356003180547,-0.4466356003180547
2026-04-29,0041E0,-0.43984645793595234,-0.44437255285735394
2026-04-28,004250,0.0713188836872452,0.0713188836872452
2026-04-29,004250,0.18569479938769862,0.10944418892072968
2026-04-28,004255,-0.1630536349511348,-0.1630536349511348
2026-04-29,004255,-0.23407475823426382,-0.18672734271217784
2026-04-28,004270,-0.1405137576895822,-0.1405137576895822
2026-04-29,004270,-0.11222949672020646,-0.1310856706997903
2026-04-28,004310,-0.2911039635525745,-0.2911039635525745
2026-04-29,004310,-0.3684453414068254,-0.3168844228373248
2026-04-28,004360,0.7343702598186522,0.7343702598186522
2026-04-29,004360,0.7598264017142686,0.7428556404505244
2026-04-28,004365,-0.1141499863600435,-0.1141499863600435
2026-04-29,004365,-0.18048353622215899,-0.13626116964741536
2026-04-28,004370,0.2107496299459489,0.2107496299459489
2026-04-29,004370,0.4528033035327509,0.2914341878082162
2026-04-28,004380,-0.4290745085239736,-0.4290745085239736
2026-04-29,004380,-0.43193305233781176,-0.4300273564619197
2026-04-28,0043B0,0.0403843815650771,0.0403843815650771
2026-04-29,0043B0,-0.09283701405121245,-0.004022750307019412
2026-04-28,0043Y0,-0.3551187496281662,-0.3551187496281662
2026-04-29,0043Y0,-0.19412156917618106,-0.30145302281083786
2026-04-28,004410,-0.7472235944562119,-0.7472235944562119
2026-04-29,004410,-0.961608196252857,-0.8186851283884269
2026-04-28,004415,-0.3371125788869588,-0.3371125788869588
2026-04-29,004415,-0.3345413420167762,-0.3362554999302313
2026-04-28,004430,0.0549585527860106,0.0549585527860106
2026-04-29,004430,0.5821091683908184,0.23067542465427987
2026-04-28,004440,-0.3407234158190577,-0.3407234158190577
2026-04-29,004440,-0.33939362015594,-0.34028015059801847
2026-04-28,004450,0.8726473248682811,0.8726473248682811
2026-04-29,004450,0.843524938275029,0.8629398626705305
2026-04-28,004490,0.4909333376868956,0.4909333376868956
2026-04-29,004490,0.734991657519028,0.5722861109642732
2026-04-28,004540,-1.2624996936592825,-1.2624996936592825
2026-04-29,004540,-1.1670457319669159,-1.2306817064284936
2026-04-28,004545,-0.398934199619414,-0.398934199619414
2026-04-29,004545,-0.39544987885840754,-0.3977727593657452
2026-04-28,004560,0.1866099041504365,0.1866099041504365
2026-04-29,004560,0.2500388161746309,0.20775287482516797
2026-04-28,004690,0.4048430891078505,0.4048430891078505
2026-04-29,004690,0.38405236854653646,0.39791284892074585
2026-04-28,0046A0,0.0470940379210146,0.0470940379210146
2026-04-29,0046A0,-0.04361915721632947,0.016856306208566586
2026-04-28,0046Y0,-0.3217589921683446,-0.3217589921683446
2026-04-29,0046Y0,-0.13772060376541975,-0.260412862700703
2026-04-28,004700,-0.0389827032714479,-0.0389827032714479
2026-04-29,004700,0.1763610040173444,0.03279853249148286
2026-04-28,004710,-0.0304087395183396,-0.0304087395183396
2026-04-29,004710,0.021688453557250513,-0.0130430084931429
2026-04-28,004720,0.5652793065327023,0.5652793065327023
2026-04-29,004720,1.083250123918807,0.7379362456614039
2026-04-28,004770,0.350855943724593,0.350855943724593
2026-04-29,004770,0.48845351375017176,0.39672180039978594
2026-04-28,0047A0,-0.2147617319967051,-0.2147617319967051
2026-04-29,0047A0,-0.20512774445130294,-0.2115504028149044
2026-04-28,0047N0,-0.4581763595494967,-0.4581763595494967
2026-04-29,0047N0,-0.4423799457422176,-0.4529108882804037
2026-04-28,0047P0,0.026993559267974,0.026993559267974
2026-04-29,0047P0,0.029175361719662264,0.02772082675187009
2026-04-28,0047R0,0.1387216612397548,0.1387216612397548
2026-04-29,0047R0,0.026162030449761044,0.10120178430975689
2026-04-28,004800,0.2818200660654111,0.2818200660654111
2026-04-29,004800,0.2161356995881414,0.25992527723965453
2026-04-28,004830,-0.0007667674438566,-0.0007667674438566
2026-04-29,004830,-0.018103848581210537,-0.006545794489641246
2026-04-28,004835,-0.3912971722888176,-0.3912971722888176
2026-04-29,004835,-0.3712170790375521,-0.3846038078717291
2026-04-28,004840,0.4638014757719264,0.4638014757719264
2026-04-29,004840,0.5105469580904567,0.4793833032114365
2026-04-28,004870,-0.0537293157515262,-0.0537293157515262
2026-04-29,004870,-0.25329269898348616,-0.12025044349551285
2026-04-28,004890,0.2813439415939506,0.2813439415939506
2026-04-29,004890,0.32647474962014494,0.2963875442693487
2026-04-28,0048J0,0.0215180002891247,0.0215180002891247
2026-04-29,0048J0,0.07583575103739257,0.03962391720521399
2026-04-28,0048K0,-0.4444282626706169,-0.4444282626706169
2026-04-29,0048K0,-0.40396947450447707,-0.4309419999485703
2026-04-28,004910,0.1563011756824168,0.1563011756824168
2026-04-29,004910,0.39001101408173694,0.23420445514885685
2026-04-28,004920,0.8338997979798546,0.8338997979798546
2026-04-29,004920,0.6813520972278062,0.7830505643958385
2026-04-28,004960,0.4187402189177203,0.4187402189177203
2026-04-29,004960,0.40233419829567146,0.41327154537703736
2026-04-28,004970,0.0853837201991276,0.0853837201991276
2026-04-29,004970,-0.07072224886944023,0.033348397176271666
2026-04-28,004980,0.1518743227092887,0.1518743227092887
2026-04-29,004980,0.16002257276637818,0.15459040606165186
2026-04-28,004985,-0.2917135103763483,-0.2917135103763483
2026-04-29,004985,-0.36769215855898957,-0.3170397264372287
2026-04-28,004990,-0.6214519848083861,-0.6214519848083861
2026-04-29,004990,0.05903267917578339,-0.3946237634803297
2026-04-28,00499K,-0.2581464577252328,-0.2581464577252328
2026-04-29,00499K,-0.3375372368266937,-0.2846100507590531
2026-04-28,0049K0,0.0734111674703965,0.0734111674703965
2026-04-29,0049K0,0.008615819510265778,0.05181271815035293
2026-04-28,0049M0,-0.1763052622149832,-0.1763052622149832
2026-04-29,0049M0,-0.2502628965653858,-0.20095780699845073
2026-04-28,005010,0.3826701218418257,0.3826701218418257
2026-04-29,005010,0.540191762025719,0.4351773352364568
2026-04-28,005030,-0.5350303459973393,-0.5350303459973393
2026-04-29,005030,-0.5324868368348009,-0.5341825096098266
2026-04-28,005070,-0.3780407618270103,-0.3780407618270103
2026-04-29,005070,-0.39964360839287344,-0.385241710682298
2026-04-28,005090,-1.3711299872552762,-1.3711299872552762
2026-04-29,005090,-1.5640849784085746,-1.4354483176397093
2026-04-28,0050E0,-0.1448766589186949,-0.1448766589186949
2026-04-29,0050E0,-0.17728679844864814,-0.15568003876201264
2026-04-28,005110,1.1765998033251073,1.1765998033251073
2026-04-29,005110,1.1797557228496012,1.1776517764999386
2026-04-28,005180,0.1090942388692743,0.1090942388692743
2026-04-29,005180,0.34320531848657176,0.18713126540837344
2026-04-28,0051A0,-0.2602085944472218,-0.2602085944472218
2026-04-29,0051A0,-0.30139824785789027,-0.2739384789174446
2026-04-28,0051G0,-0.235977700288855,-0.235977700288855
2026-04-29,0051G0,-0.2180619074990955,-0.23000576935893519
2026-04-28,005250,-0.4752477600374657,-0.4752477600374657
2026-04-29,005250,-0.505938773599274,-0.48547809789140184
2026-04-28,005257,-0.4537572692731845,-0.4537572692731845
2026-04-29,005257,-0.4523461840526378,-0.45328690753300227
2026-04-28,0052D0,0.3838241680829199,0.3838241680829199
2026-04-29,0052D0,0.0658101601083679,0.27781949875806927
2026-04-28,0052S0,-0.3018837237714338,-0.3018837237714338
2026-04-29,0052S0,-0.3438723019121269,-0.3158799164849982
2026-04-28,0052T0,-0.1325882843960452,-0.1325882843960452
2026-04-29,0052T0,0.176028145557473,-0.029716141078205804
2026-04-28,005300,0.4443079872290597,0.4443079872290597
2026-04-29,005300,0.4722189970632702,0.4536116571737966
2026-04-28,005305,0.0336024858024189,0.0336024858024189
2026-04-29,005305,-0.13037268130853966,-0.021055903234567283
2026-04-28,005320,-0.1370419540545035,-0.1370419540545035
2026-04-29,005320,-0.27682610183542083,-0.18363666998147593
2026-04-28,005360,-0.0633507589717046,-0.0633507589717046
2026-04-29,005360,-0.18117875306566916,-0.10262675700302612
2026-04-28,005380,0.3425150483695211,0.3425150483695211
2026-04-29,005380,0.12193878539748826,0.2689896273788435
2026-04-28,005385,-0.2681178216820228,-0.2681178216820228
2026-04-29,005385,-0.6306453765506386,-0.38896033997156143
2026-04-28,005387,-0.1622589727009416,-0.1622589727009416
2026-04-29,005387,-0.22606551998511532,-0.18352782179566618
2026-04-28,005389,-0.1348555496401276,-0.1348555496401276
2026-04-29,005389,-0.2912121859882315,-0.1869744284228289
2026-04-28,005390,-0.017198668636451,-0.017198668636451
2026-04-29,005390,-0.0149375022110989,-0.01644494649466697
2026-04-28,0053L0,0.1629805387200209,0.1629805387200209
2026-04-29,0053L0,0.09560909128260706,0.1405233895742163
2026-04-28,0053M0,-0.2163647335367996,-0.2163647335367996
2026-04-29,0053M0,-0.10818624676962021,-0.1803052379477398
2026-04-28,005420,-0.6525951882513725,-0.6525951882513725
2026-04-29,005420,-0.5168916590204535,-0.6073606785077329
2026-04-28,005430,0.7632493690462459,0.7632493690462459
2026-04-29,005430,0.7385306286279887,0.7550097889068268
2026-04-28,005440,0.5525753881651316,0.5525753881651316
2026-04-29,005440,0.49305575382250844,0.5327355100509239
2026-04-28,005490,0.3817501620681634,0.3817501620681634
2026-04-29,005490,0.19129526264081037,0.3182651955923791
2026-04-28,005500,-0.1902992249514541,-0.1902992249514541
2026-04-29,005500,-0.19221036833405,-0.19093627274565275
2026-04-28,005610,-0.104306771073107,-0.104306771073107
2026-04-29,005610,-0.06836317925646604,-0.09232557380089336
2026-04-28,005680,0.341295037263122,0.341295037263122
2026-04-29,005680,0.5996786735108062,0.42742291601235005
2026-04-28,005690,0.3125812426348472,0.3125812426348472
2026-04-29,005690,0.21837755678129062,0.28118001401699505
2026-04-28,005720,0.379513067510926,0.379513067510926
2026-04-29,005720,0.38143361626421024,0.3801532504286875
2026-04-28,005725,-0.3737765587902886,-0.3737765587902886
2026-04-29,005725,-0.3768480468720405,-0.3748003881508726
2026-04-28,005740,0.6685319861935374,0.6685319861935374
2026-04-29,005740,0.4144456702414721,0.5838365475428491
2026-04-28,005745,-0.3663228457117884,-0.3663228457117884
2026-04-29,005745,-0.3639994725650373,-0.3655483879962047
2026-04-28,005750,0.4541624879896914,0.4541624879896914
2026-04-29,005750,0.34162312857722227,0.41664936818553505
2026-04-28,0057H0,0.0618147513724834,0.0618147513724834
2026-04-29,0057H0,0.30358367742994175,0.14240439339163619
2026-04-28,005800,0.0801012127739204,0.0801012127739204
2026-04-29,005800,0.09685312001313096,0.08568518185365726
2026-04-28,005810,0.3152175828398332,0.3152175828398332
2026-04-29,005810,0.22505834869500851,0.2851645047915583
2026-04-28,005820,0.3339496269497123,0.3339496269497123
2026-04-29,005820,0.3390752246825273,0.33565815952731737
2026-04-28,005830,0.5061830053696771,0.5061830053696771
2026-04-29,005830,0.4696775315855475,0.49401451410830055
2026-04-28,005850,-0.1062667705208216,-0.1062667705208216
2026-04-29,005850,0.1159738506569844,-0.03218656346155294
2026-04-28,005870,0.199199595932534,0.199199595932534
2026-04-29,005870,0.08920325778359381,0.16253414988288728
2026-04-28,005880,0.3580145283665202,0.3580145283665202
2026-04-29,005880,0.1918606121884194,0.30262988964048665
2026-04-28,005930,0.4882662578786396,0.4882662578786396
2026-04-29,005930,0.5252553940080438,0.5005959699217744
2026-04-28,005935,-0.5842724644416989,-0.5842724644416989
2026-04-29,005935,-0.7499133412104618,-0.6394860900312865
2026-04-28,005940,-0.0161536928795406,-0.0161536928795406
2026-04-29,005940,0.08330864428508974,0.017000419508669512
2026-04-28,005945,-0.3498073482920719,-0.3498073482920719
2026-04-29,005945,-0.5099954023489285,-0.4032033663110241
2026-04-28,005950,-0.923711114031914,-0.923711114031914
2026-04-29,005950,-0.6150842055217609,-0.8208354778618631
2026-04-28,005960,0.5443903795813892,0.5443903795813892
2026-04-29,005960,0.5170452580328978,0.5352753390652255
2026-04-28,005965,-0.3073421802443762,-0.3073421802443762
2026-04-29,005965,-0.414066241848159,-0.3429168674456371
2026-04-28,006040,0.2141208286138251,0.2141208286138251
2026-04-29,006040,0.16022681275716416,0.1961561566616048
2026-04-28,006060,-0.0984685593038946,-0.0984685593038946
2026-04-29,006060,-0.008877641494932247,-0.06860492003424049
2026-04-28,006090,0.9361074366549328,0.9361074366549328
2026-04-29,006090,0.7485697898862632,0.873594887732043
2026-04-28,0060H0,-0.3386800628523395,-0.3386800628523395
2026-04-29,0060H0,-0.48493037236458236,-0.3874301660230871
2026-04-28,006110,-0.3884832162372403,-0.3884832162372403
2026-04-29,006110,-0.46498975894105327,-0.4139853971385113
2026-04-28,006120,-0.056779908053293,-0.056779908053293
2026-04-29,006120,0.001682555089982704,-0.03729242033886777
2026-04-28,006125,-0.3487040292791437,-0.3487040292791437
2026-04-29,006125,-0.3052424938378288,-0.33421685079870544
2026-04-28,0061Z0,0.1781778260332041,0.1781778260332041
2026-04-29,0061Z0,0.21721500467387037,0.1911902189134262
2026-04-28,006200,-0.3054032208433723,-0.3054032208433723
2026-04-29,006200,-0.22140821888168385,-0.27740488685614284
2026-04-28,006220,-0.5196327610755802,-0.5196327610755802
2026-04-29,006220,-0.37331876450002766,-0.4708614288837294
2026-04-28,006260,-0.1182422413788581,-0.1182422413788581
2026-04-29,006260,-0.06321105123102329,-0.09989851132957983
2026-04-28,006280,-0.4212452925059141,-0.4212452925059141
2026-04-29,006280,-0.44444991800252553,-0.42898016767145125
2026-04-28,006340,0.3164809457694176,0.3164809457694176
2026-04-29,006340,0.5315283533353016,0.3881634149580456
2026-04-28,006345,-0.4157018561548906,-0.4157018561548906
2026-04-29,006345,-0.47426644773814947,-0.4352233866826436
2026-04-28,006360,-0.0321708825255943,-0.0321708825255943
2026-04-29,006360,-0.02880989740462906,-0.031050554151939223
2026-04-28,006370,-0.3125735882432029,-0.3125735882432029
2026-04-29,006370,-0.2760897652942996,-0.3004123139269018
2026-04-28,006380,0.4832123065672912,0.4832123065672912
2026-04-29,006380,0.48699052502099693,0.48447171271852646
2026-04-28,006390,-0.1181538814004916,-0.1181538814004916
2026-04-29,006390,-0.11454989709412185,-0.11695255329836836
2026-04-28,006400,-0.3918058195646809,-0.3918058195646809
2026-04-29,006400,-0.11384430911728619,-0.2991519827488827
2026-04-28,006405,0.0871683597321313,0.0871683597321313
2026-04-29,006405,0.06527366736655418,0.0798701289436056
2026-04-28,006490,-0.9241611659708108,-0.9241611659708108
2026-04-29,006490,-0.9792036901197159,-0.9425086740204459
2026-04-28,0064K0,0.3912381280234961,0.3912381280234961
2026-04-29,0064K0,0.21224899153199525,0.33157508252632917
2026-04-28,006570,-1.0295982945527882,-1.0295982945527882
2026-04-29,006570,-1.209627972518435,-1.089608187208004
2026-04-28,0065G0,-0.0738231860711087,-0.0738231860711087
2026-04-29,0065G0,-0.051466154795998316,-0.06637084231273857
2026-04-28,006650,0.3036160546005491,0.3036160546005491
2026-04-29,006650,0.3725935123822072,0.32660854052776844
2026-04-28,006660,0.1130589049611514,0.1130589049611514
2026-04-29,006660,0.022859376578543436,0.08299239550028208
2026-04-28,0066W0,0.259320712028381,0.259320712028381
2026-04-29,0066W0,0.2022667983990721,0.24030274081861136
2026-04-28,006740,-0.8406522097501568,-0.8406522097501568
2026-04-29,006740,-0.7785558460577434,-0.8199534218526857
2026-04-28,0067V0,-0.4540953783852397,-0.4540953783852397
2026-04-29,0067V0,-0.33350084261807394,-0.4138971997961845
2026-04-28,0067Y0,-0.351412103818843,-0.351412103818843
2026-04-29,0067Y0,-0.413883555417342,-0.3722359210183427
2026-04-28,006800,0.1326053629089495,0.1326053629089495
2026-04-29,006800,0.21275302183713835,0.15932124921834578
2026-04-28,006805,0.0311862324542724,0.0311862324542724
2026-04-29,006805,-0.07987026701646092,-0.0058326007026387044
2026-04-28,00680K,-0.3855775236523072,-0.3855775236523072
2026-04-29,00680K,-0.24450589222849434,-0.33855364651103625
2026-04-28,006840,-0.8916097544804993,-0.8916097544804993
2026-04-29,006840,-0.8581220864356095,-0.8804471984655361
2026-04-28,006880,-0.2104019558185038,-0.2104019558185038
2026-04-29,006880,-0.2454581594204691,-0.22208735701915894
2026-04-28,006890,-0.0242006323602435,-0.0242006323602435
2026-04-29,006890,0.007152050452425632,-0.013749738089353794
2026-04-28,0068M0,-0.2428178412883861,-0.2428178412883861
2026-04-29,0068M0,-0.3177114789212303,-0.26778238716600083
2026-04-28,006980,0.3091533183710594,0.3091533183710594
2026-04-29,006980,0.3488581354475534,0.3223882573965574
2026-04-28,0069M0,-0.3065637632489392,-0.3065637632489392
2026-04-29,0069M0,-0.41370576713125573,-0.3422777645430447
2026-04-28,007070,-0.0130296032688742,-0.0130296032688742
2026-04-29,007070,0.048357173075770574,0.0074326555126740575
2026-04-28,007110,-0.3719001700125386,-0.3719001700125386
2026-04-29,007110,-0.3555268856695284,-0.36644240856486854
2026-04-28,007120,-1.3491988118913736,-1.3491988118913736
2026-04-29,007120,-1.293772308964654,-1.3307233109158005
2026-04-28,007160,0.0684862801000091,0.0684862801000091
2026-04-29,007160,-0.1314284086039775,0.001848050532013569
2026-04-28,007210,0.5079030894156108,0.5079030894156108
2026-04-29,007210,0.4912725092767349,0.5023595627026523
2026-04-28,007280,-0.4691182321734503,-0.4691182321734503
2026-04-29,007280,-0.4253727978426828,-0.45453642072986117
2026-04-28,0072R0,0.0357581584092475,0.0357581584092475
2026-04-29,0072R0,0.11344825356679664,0.06165485679509722
2026-04-28,007310,0.1228118552974695,0.1228118552974695
2026-04-29,007310,0.08124600483777183,0.10895657181090362
2026-04-28,007340,0.539786232248654,0.539786232248654
2026-04-29,007340,0.42533687849917823,0.5016364476654954
2026-04-28,0073X0,-0.0603235699272882,-0.0603235699272882
2026-04-29,0073X0,-0.1487850697019522,-0.08981073651884287
2026-04-28,007460,-1.008328242764621,-1.008328242764621
2026-04-29,007460,-0.9861966331090104,-1.000951039546084
2026-04-28,0074K0,-0.4691481208149431,-0.4691481208149431
2026-04-29,0074K0,-0.4678798363358263,-0.4687253593219042
2026-04-28,007540,0.3997525148719035,0.3997525148719035
2026-04-29,007540,0.3098312109067553,0.3697787468835208
2026-04-28,007570,0.3782153158540607,0.3782153158540607
2026-04-29,007570,0.48329076253025516,0.4132404647461255
2026-04-28,007575,-0.5226181473264753,-0.5226181473264753
2026-04-29,007575,-0.5002470995552257,-0.5151611314027255
2026-04-28,007590,0.477759040303239,0.477759040303239
2026-04-29,007590,0.35559828955616585,0.43703879005421464
2026-04-28,007610,0.4194815687068431,0.4194815687068431
2026-04-29,007610,0.9261921185439291,0.5883850853192052
2026-04-28,007660,0.2771695673191477,0.2771695673191477
2026-04-29,007660,0.040920053787443095,0.1984197294752462
2026-04-28,007690,-0.1067400634298658,-0.1067400634298658
2026-04-29,007690,0.08145880521414689,-0.04400710721519492
2026-04-28,007700,0.3289955252631422,0.3289955252631422
2026-04-29,007700,0.29654723640084035,0.3181794289757083
2026-04-28,007810,0.0865380905784918,0.0865380905784918
2026-04-29,007810,0.22509524724269728,0.1327238094665603
2026-04-28,007815,-0.3514769933621136,-0.3514769933621136
2026-04-29,007815,-0.4075439609480532,-0.37016598255742683
2026-04-28,00781K,-0.1782782199629812,-0.1782782199629812
2026-04-29,00781K,-0.21857946553905858,-0.19171196848834032
2026-04-28,007860,0.4126141948719029,0.4126141948719029
2026-04-29,007860,0.8216197604934846,0.5489493834124302
2026-04-28,0078V0,-0.0757171554379901,-0.0757171554379901
2026-04-29,0078V0,-0.051911304869617404,-0.0677818719151992
2026-04-28,007980,0.1178111211782836,0.1178111211782836
2026-04-29,007980,0.13205776154333365,0.12256000129996696
2026-04-28,0079X0,-0.4257247607999438,-0.4257247607999438
2026-04-29,0079X0,-0.3505543852775487,-0.40066796895914547
2026-04-28,008040,0.4802305260199047,0.4802305260199047
2026-04-29,008040,0.32194659178763174,0.42746921460914705
2026-04-28,008060,-0.3053940587006285,-0.3053940587006285
2026-04-29,008060,-0.33512268507840703,-0.31530360082655473
2026-04-28,00806K,-0.0036752743729995,-0.0036752743729995
2026-04-29,00806K,0.07625140506909706,0.02296695210769935
2026-04-28,0080G0,-0.4403229813626771,-0.4403229813626771
2026-04-29,0080G0,-0.39970102601568724,-0.4267823295803472
2026-04-28,0080X0,-0.4328505194122137,-0.4328505194122137
2026-04-29,0080X0,-0.24741074486540926,-0.3710372612299456
2026-04-28,0080Y0,0.3418069106929037,0.3418069106929037
2026-04-29,0080Y0,0.2189962771616714,0.30087003284915964
2026-04-28,008110,-0.0684767273936404,-0.0684767273936404
2026-04-29,008110,-0.06553350511086595,-0.06749565329938226
2026-04-28,008250,0.0549452364192412,0.0549452364192412
2026-04-29,008250,0.14873822009385324,0.08620956431077856
2026-04-28,008260,0.3207082309611002,0.3207082309611002
2026-04-29,008260,0.20537296084745532,0.2822631409232186
2026-04-28,0082F0,-0.248903675023033,-0.248903675023033
2026-04-29,0082F0,-0.104038846620397,-0.20061539888882102
2026-04-28,0082V0,-0.3177958475787353,-0.3177958475787353
2026-04-29,0082V0,-0.29739869991777645,-0.3109967983584157
2026-04-28,008350,-0.1925549175693544,-0.1925549175693544
2026-04-29,008350,-0.11415434261496132,-0.1664213925845567
2026-04-28,008355,-0.4600050323249568,-0.4600050323249568
2026-04-29,008355,-0.4408734539684598,-0.45362783953945784
2026-04-28,0083S0,-0.1447485080330124,-0.1447485080330124
2026-04-29,0083S0,-0.27894467374964177,-0.18948056327188884
2026-04-28,008420,0.3729916022897275,0.3729916022897275
2026-04-29,008420,0.18921859986783593,0.31173393481576367
2026-04-28,008490,0.0526250231814361,0.0526250231814361
2026-04-29,008490,0.035683783921530675,0.04697794342813429
2026-04-28,0084D0,0.0328048241948254,0.0328048241948254
2026-04-29,0084D0,-0.21522568335701034,-0.04987201165578651
2026-04-28,008500,0.3689726844833615,0.3689726844833615
2026-04-29,008500,0.35310731462578143,0.3636842278641682
2026-04-28,0085N0,-0.0925033358454519,-0.0925033358454519
2026-04-29,0085N0,-0.1404074458016279,-0.10847137249751057
2026-04-28,0085P0,0.0187716405973249,0.0187716405973249
2026-04-29,0085P0,-0.22035070852471597,-0.06093580911002205
2026-04-28,008600,-0.2143147800457147,-0.2143147800457147
2026-04-29,008600,-0.20900898832404305,-0.2125461828051575
2026-04-28,0086B0,-0.3313111945326047,-0.3313111945326047
2026-04-29,0086B0,-0.37742732972623383,-0.34668323959714775
2026-04-28,0086C0,-0.1872041430746597,-0.1872041430746597
2026-04-29,0086C0,-0.28067876034509054,-0.21836234883147
2026-04-28,008700,0.1066064702335305,0.1066064702335305
2026-04-29,008700,0.39307687395050883,0.20209660480585662
2026-04-28,008730,-0.3572712584490617,-0.3572712584490617
2026-04-29,008730,-0.2592055567923768,-0.32458269123016675
2026-04-28,008770,-0.0465415697518173,-0.0465415697518173
2026-04-29,008770,-0.2666913888213249,-0.1199248427749865
2026-04-28,008775,-0.0677681665818411,-0.0677681665818411
2026-04-29,008775,-0.2181775830074816,-0.11790463872372127
2026-04-28,0087F0,-0.2125887575538067,-0.2125887575538067
2026-04-29,0087F0,-0.2150508491784777,-0.21340945476203038
2026-04-28,008870,-0.0364630847975732,-0.0364630847975732
2026-04-29,008870,-0.06372627546536451,-0.045550815020170304
2026-04-28,008930,0.2387448740790929,0.2387448740790929
2026-04-29,008930,0.28185034858339164,0.25311336558052583
2026-04-28,008970,0.0479392954541153,0.0479392954541153
2026-04-29,008970,0.056535727296640303,0.05080477273495697
2026-04-28,009070,0.4968101969777835,0.4968101969777835
2026-04-29,009070,0.49087007195552124,0.4948301553036961
2026-04-28,009140,0.7894107398233012,0.7894107398233012
2026-04-29,009140,1.0453841098526329,0.8747351964997452
2026-04-28,009150,0.1014851639145609,0.1014851639145609
2026-04-29,009150,0.010939856171914467,0.07130339466701209
2026-04-28,009155,-0.5138301064318936,-0.5138301064318936
2026-04-29,009155,-0.4253730675442252,-0.48434442680267087
2026-04-28,009160,0.400015728076198,0.400015728076198
2026-04-29,009160,0.16137347402531457,0.3204683100592369
2026-04-28,009180,-0.0878108199260974,-0.0878108199260974
2026-04-29,009180,0.033641423800371474,-0.04732673868394112
2026-04-28,009190,-0.0086947135374906,-0.0086947135374906
2026-04-29,009190,-0.0013177575498777988,-0.006235728208286334
2026-04-28,009200,-0.2888492664775827,-0.2888492664775827
2026-04-29,009200,-0.24570167251155894,-0.2744667351555748
2026-04-28,009240,0.3802006434936195,0.3802006434936195
2026-04-29,009240,0.5025385837385147,0.4209799569085846
2026-04-28,009270,-0.6468227130973548,-0.6468227130973548
2026-04-29,009270,-0.40212046369080745,-0.5652552966285058
2026-04-28,009290,0.0671493581832124,0.0671493581832124
2026-04-29,009290,0.1230936943019647,0.0857974702227965
2026-04-28,009310,-0.4799223685749775,-0.4799223685749775
2026-04-29,009310,-0.4798208883995761,-0.47988854184984375
2026-04-28,009320,-0.0845527640977442,-0.0845527640977442
2026-04-29,009320,-0.20156828818158234,-0.12355793879235691
2026-04-28,009410,-0.0430071740283612,-0.0430071740283612
2026-04-29,009410,-0.002301912503329284,-0.02943875352001723
2026-04-28,009415,-0.3893649713011221,-0.3893649713011221
2026-04-29,009415,-0.3507334539439301,-0.3764877988487248
2026-04-28,009420,0.066065403809922,0.066065403809922
2026-04-29,009420,-0.08369887879715447,0.016143976274229848
2026-04-28,009440,-0.668297048445826,-0.668297048445826
2026-04-29,009440,-0.6627893579311797,-0.6664611516076107
2026-04-28,009450,0.2949436907509214,0.2949436907509214
2026-04-29,009450,0.3456748013061612,0.3118540609360013
2026-04-28,009460,0.2143191348460016,0.2143191348460016
2026-04-29,009460,-0.024615698323725135,0.1346741904560927
2026-04-28,009470,0.0999309261296383,0.0999309261296383
2026-04-29,009470,0.2676946114544279,0.15585215457123486
2026-04-28,009540,0.6360049455853862,0.6360049455853862
2026-04-29,009540,0.4939067027730814,0.5886388646479513
2026-04-28,009580,-0.3484878136978952,-0.3484878136978952
2026-04-29,009580,-0.3140567666048791,-0.33701079800022316
2026-04-28,009680,0.3688769077951948,0.3688769077951948
2026-04-29,009680,0.2871893656275899,0.34164772707265983
2026-04-28,009770,0.707501638395021,0.707501638395021
2026-04-29,009770,0.8137720712988088,0.742925116029617
2026-04-28,009810,-0.1579735131846646,-0.1579735131846646
2026-04-29,009810,-0.3338761229315528,-0.21660771643362733
2026-04-28,009830,-0.2964726016096838,-0.2964726016096838
2026-04-29,009830,-0.7213679037806828,-0.4381043690000168
2026-04-28,009835,-0.0400904249105481,-0.0400904249105481
2026-04-29,009835,-0.2769477041127546,-0.11904285131128359
2026-04-28,009900,0.122719620964375,0.122719620964375
2026-04-29,009900,-0.11389142538144148,0.043849272182436186
2026-04-28,009970,0.0180067628764591,0.0180067628764591
2026-04-29,009970,0.14173364966534735,0.05924905847275518
2026-04-28,010040,-0.7355058255648277,-0.7355058255648277
2026-04-29,010040,-0.6881706447713494,-0.7197274319670016
2026-04-28,010060,-0.1950083119121831,-0.1950083119121831
2026-04-29,010060,-0.2616597453677098,-0.21722545639735868
2026-04-28,010100,0.1208681764402656,0.1208681764402656
2026-04-29,010100,0.3194355841810713,0.18705731235386752
2026-04-28,010120,0.1495544873191459,0.1495544873191459
2026-04-29,010120,0.1387168131710313,0.14594192926977437
2026-04-28,010130,0.2298668710023076,0.2298668710023076
2026-04-29,010130,0.24629220440019467,0.23534198213493665
2026-04-28,010140,-0.0003645082969397,-0.0003645082969397
2026-04-29,010140,-0.10692611294797051,-0.03588504318061663
2026-04-28,010400,0.3412652828040061,0.3412652828040061
2026-04-29,010400,0.483839773205063,0.3887901129376917
2026-04-28,010420,-0.0250120010903494,-0.0250120010903494
2026-04-29,010420,-0.0226469085551693,-0.024223636911956038
2026-04-28,010580,-0.2817352367976514,-0.2817352367976514
2026-04-29,010580,-0.16852561033442243,-0.24399869464324175
2026-04-28,010600,0.2488802751173554,0.2488802751173554
2026-04-29,010600,0.24760229231353403,0.24845428084941495
2026-04-28,010620,-0.1998950196471561,-0.1998950196471561
2026-04-29,010620,-0.1952037862622379,-0.19833127518551671
2026-04-28,010640,0.0676795037789682,0.0676795037789682
2026-04-29,010640,0.02672291020689736,0.05402730592161126
2026-04-28,010660,-0.3274779088492748,-0.3274779088492748
2026-04-29,010660,-0.2121658163587136,-0.28904054468575446
2026-04-28,010690,-0.2822846165169562,-0.2822846165169562
2026-04-29,010690,-0.023640651205618042,-0.1960699614131768
2026-04-28,010770,0.4977940669173223,0.4977940669173223
2026-04-29,010770,0.7060977556955084,0.5672286298433844
2026-04-28,010780,-0.1836342082767633,-0.1836342082767633
2026-04-29,010780,-0.08612718901018374,-0.15113186852123678
2026-04-28,010820,-0.0599061123392014,-0.0599061123392014
2026-04-29,010820,-0.205709744067276,-0.10850732291522626
2026-04-28,010950,-0.1684153582891495,-0.1684153582891495
2026-04-29,010950,0.17688402365497158,-0.053315564307775815
2026-04-28,010955,-0.1448711118935026,-0.1448711118935026
2026-04-29,010955,0.19222770298963804,-0.03250484026578908
2026-04-28,010960,0.4581158615806636,0.4581158615806636
2026-04-29,010960,0.5194964384543763,0.4785760538719012
2026-04-28,011000,-1.3385031740136697,-1.3385031740136697
2026-04-29,011000,-1.259366821567663,-1.312124389865001
2026-04-28,011070,-0.1405895485760025,-0.1405895485760025
2026-04-29,011070,-0.09225954266973785,-0.12447954660724764
2026-04-28,011090,-0.3911397243160028,-0.3911397243160028
2026-04-29,011090,-0.40478386046490666,-0.3956877696989708
2026-04-28,011150,0.0074159828261132,0.0074159828261132
2026-04-29,011150,-0.027873670172850883,-0.00434723484020816
2026-04-28,011155,-0.200312882036859,-0.200312882036859
2026-04-29,011155,-0.11756020137629453,-0.17272865515000418
2026-04-28,011170,-0.0267698133349341,-0.0267698133349341
2026-04-29,011170,0.24275565146309772,0.06307200826440983
2026-04-28,011200,0.0360054571209035,0.0360054571209035
2026-04-29,011200,-0.017371017071020574,0.01821329905692881
2026-04-28,011210,0.0637535916566887,0.0637535916566887
2026-04-29,011210,0.20579401784820234,0.11110040038719324
2026-04-28,011230,-0.9945931026752554,-0.9945931026752554
2026-04-29,011230,-0.958972647083845,-0.9827196174781186
2026-04-28,011280,-0.3643679055955179,-0.3643679055955179
2026-04-29,011280,-0.3154828221655314,-0.3480728777855224
2026-04-28,011300,-1.109347444534372,-1.109347444534372
2026-04-29,011300,-1.0881040668501973,-1.1022663186396473
2026-04-28,011330,-0.2199680036836247,-0.2199680036836247
2026-04-29,011330,-0.2102646091492077,-0.21673353883881905
2026-04-28,011390,-0.2211888946006738,-0.2211888946006738
2026-04-29,011390,-0.18218377375730083,-0.20818718765288285
2026-04-28,011420,0.1077831273125216,0.1077831273125216
2026-04-29,011420,0.16502772091500925,0.12686465851335083
2026-04-28,011500,-0.1206781908657311,-0.1206781908657311
2026-04-29,011500,0.1038113794523752,-0.045848334093029006
2026-04-28,011690,-0.0711548504407643,-0.0711548504407643
2026-04-29,011690,-0.03839050798377017,-0.060233402955099595
2026-04-28,011700,-0.6348227255809491,-0.6348227255809491
2026-04-29,011700,-0.6570603892154566,-0.642235280125785
2026-04-28,011760,0.3144140325107267,0.3144140325107267
2026-04-29,011760,0.3125768492872082,0.3138016381028872
2026-04-28,011780,0.1719979345959869,0.1719979345959869
2026-04-29,011780,0.24033737866085741,0.19477774928427707
2026-04-28,011785,0.0898100129876718,0.0898100129876718
2026-04-29,011785,0.0666375740764172,0.08208586668392027
2026-04-28,011790,-1.1155617896318728,-1.1155617896318728
2026-04-29,011790,-1.1397204523531714,-1.123614677205639
2026-04-28,011810,-0.4514187250026933,-0.4514187250026933
2026-04-29,011810,-0.4494287703609741,-0.45075540678878695
2026-04-28,011930,-0.4909658455412415,-0.4909658455412415
2026-04-29,011930,-0.5681791643354,-0.5167036184726277
2026-04-28,012030,0.3173348200783836,0.3173348200783836
2026-04-29,012030,0.2386313987476216,0.291100346301463
2026-04-28,012160,-0.6257019275078025,-0.6257019275078025
2026-04-29,012160,-0.45837070523850953,-0.5699248534180382
2026-04-28,012170,-1.0978865684981551,-1.0978865684981551
2026-04-29,012170,-0.938176736055992,-1.0446499576841008
2026-04-28,012200,-1.25139241224398,-1.25139241224398
2026-04-29,012200,-1.4029975796246468,-1.3019274680375357
2026-04-28,012205,-0.5342406859821905,-0.5342406859821905
2026-04-29,012205,-0.4739275170984769,-0.514136296354286
2026-04-28,012280,-0.2944091485093865,-0.2944091485093865
2026-04-29,012280,-0.30013503238574946,-0.29631777646817414
2026-04-28,012320,0.1248860559324302,0.1248860559324302
2026-04-29,012320,0.1253630052814102,0.12504503904875686
2026-04-28,012330,-0.1197354084847338,-0.1197354084847338
2026-04-29,012330,-0.23508871132673695,-0.1581865094320682
2026-04-28,012450,0.1998028488172054,0.1998028488172054
2026-04-29,012450,0.12335850553284516,0.174321401055752
2026-04-28,012510,0.6034407168022686,0.6034407168022686
2026-04-29,012510,0.4611447547855853,0.5560087294633742
2026-04-28,012610,-0.0666106771644153,-0.0666106771644153
2026-04-29,012610,0.03334162087907565,-0.03329324448325165
2026-04-28,012630,0.5355302667209886,0.5355302667209886
2026-04-29,012630,0.6987288255709343,0.5899297863376372
2026-04-28,012690,0.2350524615882884,0.2350524615882884
2026-04-29,012690,0.261634927731752,0.24391328363610962
2026-04-28,012750,-0.2552949146128185,-0.2552949146128185
2026-04-29,012750,-0.15254999414151552,-0.22104660778905086
2026-04-28,012800,0.1103620791440939,0.1103620791440939
2026-04-29,012800,0.10053413033671299,0.10708609620830027
2026-04-28,013000,-0.1602723162737277,-0.1602723162737277
2026-04-29,013000,-0.01560124295081089,-0.11204862516608878
2026-04-28,013360,0.0261259692474762,0.0261259692474762
2026-04-29,013360,0.09365832081125625,0.04863675310206955
2026-04-28,013520,0.7753153299346494,0.7753153299346494
2026-04-29,013520,0.7038295644053036,0.7514867414248675
2026-04-28,013570,0.2941631880361761,0.2941631880361761
2026-04-29,013570,0.3977058565045223,0.3286774108589582
2026-04-28,013580,0.7203452673323675,0.7203452673323675
2026-04-29,013580,0.6667266874619027,0.702472407375546
2026-04-28,013700,0.8417632004353657,0.8417632004353657
2026-04-29,013700,0.9262101427205148,0.8699121811970821
2026-04-28,013870,-0.05575172507199,-0.05575172507199
2026-04-29,013870,0.04800182249005515,-0.021167209217974957
2026-04-28,013890,0.2676315884132165,0.2676315884132165
2026-04-29,013890,0.20340666121043213,0.24622327934562172
2026-04-28,014130,0.2614082804600059,0.2614082804600059
2026-04-29,014130,0.383664462185797,0.3021603410352696
2026-04-28,014160,-0.0368127324454825,-0.0368127324454825
2026-04-29,014160,0.11744025452659546,0.014604929878543484
2026-04-28,014280,0.0523182116242899,0.0523182116242899
2026-04-29,014280,-0.13460905776909618,-0.009990878173505455
2026-04-28,014285,-0.4945021392330386,-0.4945021392330386
2026-04-29,014285,-0.4802453829268934,-0.4897498871309902
2026-04-28,014440,0.397665096121135,0.397665096121135
2026-04-29,014440,0.3869304168022656,0.3940868696815119
2026-04-28,014530,-0.1334905067461031,-0.1334905067461031
2026-04-29,014530,-0.2765741993139876,-0.18118507093539793
2026-04-28,014580,0.3324296661903027,0.3324296661903027
2026-04-29,014580,0.26817710413617524,0.31101214550559353
2026-04-28,014680,0.0568148565293322,0.0568148565293322
2026-04-29,014680,-0.03230876309234497,0.027106983322106485
2026-04-28,014710,-0.2947651503673091,-0.2947651503673091
2026-04-29,014710,-0.258494793500417,-0.2826750314116784
2026-04-28,014790,0.0402035644765117,0.0402035644765117
2026-04-29,014790,0.2464031633726373,0.10893676410855356
2026-04-28,014820,-0.0628606917181534,-0.0628606917181534
2026-04-29,014820,0.10607192773971773,-0.006549818565529698
2026-04-28,014825,-0.3954265089043708,-0.3954265089043708
2026-04-29,014825,-0.3937126087567774,-0.394855208855173
2026-04-28,014830,0.0628143927934164,0.0628143927934164
2026-04-29,014830,0.03878995571271368,0.054806247099848826
2026-04-28,014910,0.2409163933482099,0.2409163933482099
2026-04-29,014910,0.1920693920723661,0.22463405958959531
2026-04-28,014915,-0.4104602922930521,-0.4104602922930521
2026-04-29,014915,-0.40796507280796473,-0.40962855246468965
2026-04-28,014990,-0.5827357693839517,-0.5827357693839517
2026-04-29,014990,-0.5618657962477616,-0.5757791116718883
2026-04-28,015020,0.0401506762520208,0.0401506762520208
2026-04-29,015020,0.043210165445112046,0.04117050598305122
2026-04-28,015230,0.4311493303734617,0.4311493303734617
2026-04-29,015230,0.5464149050401792,0.4695711885957009
2026-04-28,015260,-1.0233789618985591,-1.0233789618985591
2026-04-29,015260,-1.0214732571384548,-1.0227437269785244
2026-04-28,015360,0.5828067396608508,0.5828067396608508
2026-04-29,015360,0.5025722088912138,0.5560618960709719
2026-04-28,015590,-0.1687822731338956,-0.1687822731338956
2026-04-29,015590,-0.16701980166288852,-0.16819478264355991
2026-04-28,015760,0.0290834832235211,0.0290834832235211
2026-04-29,015760,0.06598881744059376,0.04138526129587866
2026-04-28,015860,0.4382710250911792,0.4382710250911792
2026-04-29,015860,0.543288259594788,0.4732767699257155
2026-04-28,015890,0.1039523968527141,0.1039523968527141
2026-04-29,015890,0.4539789369426377,0.22062791021602196
2026-04-28,016090,-0.4958950637717011,-0.4958950637717011
2026-04-29,016090,-0.1927346545552522,-0.3948415940328848
2026-04-28,016360,0.0858714172007811,0.0858714172007811
2026-04-29,016360,0.1486943222221896,0.10681238554125061
2026-04-28,016380,0.5370961350830068,0.5370961350830068
2026-04-29,016380,0.5334705524135713,0.5358876075265283
2026-04-28,016450,-0.3630304850089652,-0.3630304850089652
2026-04-29,016450,-0.5146419897525552,-0.41356765325682854
2026-04-28,016580,1.0043629239078595,1.0043629239078595
2026-04-29,016580,0.9463536332065513,0.9850264936740902
2026-04-28,016590,0.184131326619819,0.184131326619819
2026-04-29,016590,0.2932714746159939,0.2205113759518773
2026-04-28,016610,0.602963836127115,0.602963836127115
2026-04-29,016610,0.4520582516468891,0.5526619746337065
2026-04-28,016710,0.5658383351390793,0.5658383351390793
2026-04-29,016710,0.5390025113956066,0.5568930605579218
2026-04-28,016740,0.3499126725497979,0.3499126725497979
2026-04-29,016740,0.3970089561211351,0.3656114337402437
2026-04-28,016800,0.1436378156973552,0.1436378156973552
2026-04-29,016800,0.20462878668540943,0.16396813936003996
2026-04-28,016880,0.3731567343787075,0.3731567343787075
2026-04-29,016880,0.5122853594430473,0.41953294273348746
2026-04-28,017040,-0.4701489430778887,-0.4701489430778887
2026-04-29,017040,-0.4401464679849895,-0.46014811804692235
2026-04-28,017180,0.0994911362330981,0.0994911362330981
2026-04-29,017180,0.16069573848718438,0.11989267031779353
2026-04-28,017370,0.1871767715810285,0.1871767715810285
2026-04-29,017370,0.16221835313392918,0.17885729876532874
2026-04-28,017390,0.6025974504315758,0.6025974504315758
2026-04-29,017390,0.6548770039488387,0.6200239682706634
2026-04-28,017550,0.3313204329893237,0.3313204329893237
2026-04-29,017550,0.4953702212024164,0.3860036957270213
2026-04-28,017670,-0.1968158629414032,-0.1968158629414032
2026-04-29,017670,-0.1987475449727449,-0.19745975695185047
2026-04-28,017800,0.1960511611393022,0.1960511611393022
2026-04-29,017800,0.16181221391991835,0.18463817873284094
2026-04-28,017810,-0.4038992743347229,-0.4038992743347229
2026-04-29,017810,-0.26445836392974514,-0.357418970866397
2026-04-28,017860,-0.4036262316942612,-0.4036262316942612
2026-04-29,017860,-0.6523879145932832,-0.48654679266060186
2026-04-28,017900,0.4073565416721094,0.4073565416721094
2026-04-29,017900,0.5841599843606965,0.4662910225683051
2026-04-28,017940,0.6606581336387247,0.6606581336387247
2026-04-29,017940,0.6326366568321489,0.6513176413698661
2026-04-28,017960,0.3503793828213996,0.3503793828213996
2026-04-29,017960,0.2799093719766402,0.32688937920647976
2026-04-28,018250,0.0750962292457895,0.0750962292457895
2026-04-29,018250,0.057253809160777144,0.06914875588411871
2026-04-28,018260,-0.3254598851226736,-0.3254598851226736
2026-04-29,018260,-0.4057927253802579,-0.35223749854186837
2026-04-28,018470,0.1138683892385343,0.1138683892385343
2026-04-29,018470,-0.048362534949159174,0.05979141450930315
2026-04-28,018500,-0.0047270211435673,-0.0047270211435673
2026-04-29,018500,0.06546091275357557,0.01866895682214699
2026-04-28,018670,0.2259700554134586,0.2259700554134586
2026-04-29,018670,0.2910080179801987,0.24764937626903866
2026-04-28,018880,-0.498038291592353,-0.498038291592353
2026-04-29,018880,-0.37062049691148247,-0.4555656933653962
2026-04-28,019170,0.3400474508095098,0.3400474508095098
2026-04-29,019170,0.3481830362456168,0.3427593126215455
2026-04-28,019175,-0.4596029180426282,-0.4596029180426282
2026-04-29,019175,-0.5311958883579004,-0.48346724148105236
2026-04-28,019180,1.0093525350945731,1.0093525350945731
2026-04-29,019180,0.8937329450864725,0.9708126717585396
2026-04-28,019440,-0.0420699613994006,-0.0420699613994006
2026-04-29,019440,-0.039477978805851494,-0.0412059672015509
2026-04-28,019490,-1.0858463971682275,-1.0858463971682275
2026-04-29,019490,-1.0819251910001864,-1.0845393284455471
2026-04-28,019680,-0.5673092523223977,-0.5673092523223977
2026-04-29,019680,-0.6235949241072213,-0.586071142917339
2026-04-28,019685,-0.6053781127058264,-0.6053781127058264
2026-04-29,019685,-0.5829031367644268,-0.5978864540586932
2026-04-28,020000,-0.0427519355769216,-0.0427519355769216
2026-04-29,020000,0.08430312933535725,-0.0004002472728286549
2026-04-28,020120,0.2420521477384875,0.2420521477384875
2026-04-29,020120,0.18396681696478867,0.22269037081392123
2026-04-28,020150,-0.13768472147583,-0.13768472147583
2026-04-29,020150,-0.27224037883957647,-0.1825366072637455
2026-04-28,020560,-0.618175965753603,-0.618175965753603
2026-04-29,020560,-0.616049078051741,-0.6174670031863156
2026-04-28,020760,-0.4155721579844669,-0.4155721579844669
2026-04-29,020760,-0.4113062574018133,-0.4141501911235824
2026-04-28,021050,-0.4471010752858357,-0.4471010752858357
2026-04-29,021050,-0.4674646049305303,-0.45388891850073393
2026-04-28,021240,0.0947435271478846,0.0947435271478846
2026-04-29,021240,0.010487239766033479,0.0666580980206009
2026-04-28,021820,0.2285888107585017,0.2285888107585017
2026-04-29,021820,0.29892670954209855,0.2520347770197007
2026-04-28,022100,-0.4309625180212448,-0.4309625180212448
2026-04-29,022100,-0.3491352068455066,-0.4036867476293321
2026-04-28,023000,-0.7282036934583782,-0.7282036934583782
2026-04-29,023000,-0.7554679694705854,-0.7372917854624472
2026-04-28,023150,-0.7051629154242138,-0.7051629154242138
2026-04-29,023150,-0.6591088818155819,-0.6898115708880033
2026-04-28,023350,0.4608230925906182,0.4608230925906182
2026-04-29,023350,0.4355818884679174,0.4524093578830513
2026-04-28,023450,-0.0441006642842619,-0.0441006642842619
2026-04-29,023450,0.07013003029805126,-0.00602376609015752
2026-04-28,023530,0.2340421843716848,0.2340421843716848
2026-04-29,023530,0.2022301093887056,0.22343815937735842
2026-04-28,023590,0.0819422920002513,0.0819422920002513
2026-04-29,023590,0.1928828766584041,0.11892248688630223
2026-04-28,023800,-0.0036902118734687,-0.0036902118734687
2026-04-29,023800,-0.13483663997160528,-0.04740568790618089
2026-04-28,023810,-0.2711853717940543,-0.2711853717940543
2026-04-29,023810,-0.26758116602799764,-0.26998396987203543
2026-04-28,023960,-0.6924811212910724,-0.6924811212910724
2026-04-29,023960,-0.6781347777156341,-0.6876990067659263
2026-04-28,024070,0.2073168835534191,0.2073168835534191
2026-04-29,024070,0.10394699723670554,0.17286025478118125
2026-04-28,024090,0.2649440416481026,0.2649440416481026
2026-04-29,024090,0.24274552542327843,0.25754453623982787
2026-04-28,024110,0.2514644226569725,0.2514644226569725
2026-04-29,024110,0.31683183764033107,0.2732535609847587
2026-04-28,024720,0.1768616815625804,0.1768616815625804
2026-04-29,024720,0.04744449713315313,0.13372262008610467
2026-04-28,024890,-0.4993600045851151,-0.4993600045851151
2026-04-29,024890,-0.32507026274885464,-0.4412634239730283
2026-04-28,024900,-0.5154351966809907,-0.5154351966809907
2026-04-29,024900,-0.4191089028920964,-0.4833264320846926
2026-04-28,025000,0.4405709950359361,0.4405709950359361
2026-04-29,025000,0.7643231207386819,0.5484883702701847
2026-04-28,025530,0.2985194795803135,0.2985194795803135
2026-04-29,025530,0.1896821492497354,0.2622403694701208
2026-04-28,025540,0.3938667115414472,0.3938667115414472
2026-04-29,025540,0.5032505405600736,0.43032798788098936
2026-04-28,025560,0.8095542395606534,0.8095542395606534
2026-04-29,025560,0.6232765577932412,0.747461678971516
2026-04-28,025620,-0.2086295243829387,-0.2086295243829387
2026-04-29,025620,-0.30710968167771535,-0.2414562434811976
2026-04-28,025750,-0.6662586392483391,-0.6662586392483391
2026-04-29,025750,-0.6561331166237961,-0.662883465040158
2026-04-28,025820,0.1214957836940727,0.1214957836940727
2026-04-29,025820,0.16818897358910206,0.13706018032574915
2026-04-28,025860,0.1996005263688159,0.1996005263688159
2026-04-29,025860,0.24967187126179424,0.21629097466647534
2026-04-28,025890,0.1884510012560464,0.1884510012560464
2026-04-29,025890,0.06782913118107553,0.14824371123105612
2026-04-28,026890,0.5953292466022737,0.5953292466022737
2026-04-29,026890,0.27507052790792097,0.48857634037082287
2026-04-28,026940,-0.4342208067210635,-0.4342208067210635
2026-04-29,026940,-0.19621029142108204,-0.3548839682877364
2026-04-28,026960,-0.220886055416956,-0.220886055416956
2026-04-29,026960,-0.216785956295035,-0.219519355709649
2026-04-28,027410,0.3880513641840605,0.3880513641840605
2026-04-29,027410,0.6440166837176413,0.47337313736192077
2026-04-28,027740,-0.606027961852978,-0.606027961852978
2026-04-29,027740,-0.6600001228898102,-0.6240186821985888
2026-04-28,027970,-0.2901238431053028,-0.2901238431053028
2026-04-29,027970,-0.18847605279594978,-0.2562412463355185
2026-04-28,028050,0.0668921830862325,0.0668921830862325
2026-04-29,028050,0.08008884818902294,0.07129107145382932
2026-04-28,028100,0.4368545620641856,0.4368545620641856
2026-04-29,028100,0.4615690863843747,0.445092736837582
2026-04-28,028260,-0.1818295347000313,-0.1818295347000313
2026-04-29,028260,-0.2572046509205151,-0.20695457344019258
2026-04-28,02826K,-0.2592152544294906,-0.2592152544294906
2026-04-29,02826K,-0.3440125732835673,-0.2874810273808495
2026-04-28,028670,0.2045581530806981,0.2045581530806981
2026-04-29,028670,0.20843052566563813,0.20584894394234482
2026-04-28,029460,0.4698626542629754,0.4698626542629754
2026-04-29,029460,0.5001229419296291,0.47994941681852665
2026-04-28,029530,0.934737187096208,0.934737187096208
2026-04-29,029530,0.7703929300250935,0.8799557680725032
2026-04-28,029780,0.0773892239076264,0.0773892239076264
2026-04-29,029780,-0.03287062580634841,0.0406359406696348
2026-04-28,030000,-0.0061162292342661,-0.0061162292342661
2026-04-29,030000,-0.06983324120739386,-0.027355233225308688
2026-04-28,030190,0.5213661903215271,0.5213661903215271
2026-04-29,030190,0.44758704789729287,0.49677314284678237
2026-04-28,030200,-0.070641999410405,-0.070641999410405
2026-04-29,030200,0.013515375541272537,-0.042589541093179153
2026-04-28,030210,0.2248809497160098,0.2248809497160098
2026-04-29,030210,0.2083808221771945,0.21938090720307138
2026-04-28,030610,0.5132342264512714,0.5132342264512714
2026-04-29,030610,0.5126665806782028,0.5130450111935818
2026-04-28,030720,0.3906841393425108,0.3906841393425108
2026-04-29,030720,0.30163934183802327,0.3610025401743483
2026-04-28,031210,0.1521264967196611,0.1521264967196611
2026-04-29,031210,-0.02194966313878105,0.09410111010018041
2026-04-28,031430,-0.1536490782893846,-0.1536490782893846
2026-04-29,031430,-0.06864951789557949,-0.12531589149144956
2026-04-28,031440,0.8968346360319012,0.8968346360319012
2026-04-29,031440,0.9541817534697519,0.9159503418445181
2026-04-28,031820,0.9218873319880724,0.9218873319880724
2026-04-29,031820,0.9562384574054686,0.9333377071272044
2026-04-28,032350,-0.0299414166441097,-0.0299414166441097
2026-04-29,032350,-0.17241608151990556,-0.07743297160270832
2026-04-28,032560,0.6551133188397856,0.6551133188397856
2026-04-29,032560,0.5390896728184797,0.616438770166017
2026-04-28,032640,-0.1069564273063173,-0.1069564273063173
2026-04-29,032640,0.020200737353621837,-0.06457070575300426
2026-04-28,032830,-0.2661397963405956,-0.2661397963405956
2026-04-29,032830,-0.4188700514641248,-0.31704988138177204
2026-04-28,033180,0.0281623940867097,0.0281623940867097
2026-04-29,033180,0.029820207357143625,0.028714998510187675
2026-04-28,033240,-0.0004251225456574,-0.0004251225456574
2026-04-29,033240,0.07342198561932275,0.024190580176002653
2026-04-28,033250,-0.0064409153683878,-0.0064409153683878
2026-04-29,033250,0.03285579325873625,0.006657987507320215
2026-04-28,033270,0.3196474383220648,0.3196474383220648
2026-04-29,033270,0.3465304471692601,0.32860844127113
2026-04-28,033530,0.0630372416648679,0.0630372416648679
2026-04-29,033530,0.09399107245175564,0.07335518526049715
2026-04-28,033780,0.6892689690622122,0.6892689690622122
2026-04-29,033780,0.3451879345986987,0.5745752909077078
2026-04-28,033920,0.8732631253993577,0.8732631253993577
2026-04-29,033920,0.7373686695465795,0.8279649734484317
2026-04-28,034020,-0.1385045813718538,-0.1385045813718538
2026-04-29,034020,-0.11681000002557149,-0.13127305425642638
2026-04-28,034120,0.6273913894178673,0.6273913894178673
2026-04-29,034120,0.6432642390833189,0.6326823393063512
2026-04-28,034220,-0.3643175628573832,-0.3643175628573832
2026-04-29,034220,-0.4355645008414316,-0.3880665421853994
2026-04-28,034230,0.1483634995686537,0.1483634995686537
2026-04-29,034230,0.1402746370753108,0.14566721207087274
2026-04-28,034310,0.0989784780154173,0.0989784780154173
2026-04-29,034310,0.46395911080525964,0.22063868894536476
2026-04-28,034590,0.0855736839811547,0.0855736839811547
2026-04-29,034590,-0.013289419796588889,0.05261931605524018
2026-04-28,034730,0.1286059772163838,0.1286059772163838
2026-04-29,034730,0.2836240872199956,0.18027868055092106
2026-04-28,03473K,-0.0466940966671052,-0.0466940966671052
2026-04-29,03473K,0.21125185997943413,0.03928788888174123
2026-04-28,034830,0.4075093147192348,0.4075093147192348
2026-04-29,034830,0.459236333206422,0.42475165421496386
2026-04-28,035000,0.0227340660811884,0.0227340660811884
2026-04-29,035000,0.0862463225055565,0.043904818222644436
2026-04-28,035150,-0.0565962690081054,-0.0565962690081054
2026-04-29,035150,-0.12471078198632021,-0.07930110666751033
2026-04-28,035250,0.5129501883907785,0.5129501883907785
2026-04-29,035250,0.4454225627299022,0.4904409798371531
2026-04-28,035420,-0.0124811582182317,-0.0124811582182317
2026-04-29,035420,-0.19178175928035937,-0.07224802523894093
2026-04-28,035510,0.1936120621978293,0.1936120621978293
2026-04-29,035510,0.34976997483854777,0.24566469974473548
2026-04-28,035720,-0.4309099509986944,-0.4309099509986944
2026-04-29,035720,-0.46377617945004446,-0.4418653604824778
2026-04-28,036420,-1.0021335618460143,-1.0021335618460143
2026-04-29,036420,-0.8781704203950009,-0.9608125146956765
2026-04-28,036460,-0.0084049066598671,-0.0084049066598671
2026-04-29,036460,-0.22812815619204352,-0.08164598983725924
2026-04-28,036530,0.3801946525836774,0.3801946525836774
2026-04-29,036530,0.45465745045608297,0.4050155852078126
2026-04-28,036570,-0.1233116266344548,-0.1233116266344548
2026-04-29,036570,0.005931501599890445,-0.08023058388967307
2026-04-28,036580,0.226834005963504,0.226834005963504
2026-04-29,036580,0.28047162368840794,0.24471321187180534
2026-04-28,037270,0.4265300866539568,0.4265300866539568
2026-04-29,037270,0.3410748809530559,0.3980450180869899
2026-04-28,037560,0.1697088401163875,0.1697088401163875
2026-04-29,037560,-0.027325105833974045,0.10403085813293368
2026-04-28,037710,-0.5491636465819115,-0.5491636465819115
2026-04-29,037710,-0.4159941868146983,-0.5047738266595071
2026-04-28,039130,-0.3341867257418481,-0.3341867257418481
2026-04-29,039130,0.040251878613783175,-0.20937385762330438
2026-04-28,039490,0.4075446074769187,0.4075446074769187
2026-04-29,039490,0.484901795419741,0.4333303367911928
2026-04-28,039570,0.135368955469588,0.135368955469588
2026-04-29,039570,0.05791235893225492,0.10955008995714365
2026-04-28,041650,-0.1011735507040282,-0.1011735507040282
2026-04-29,041650,-0.11138747654846838,-0.10457819265217494
2026-04-28,042660,0.3054359665634432,0.3054359665634432
2026-04-29,042660,0.24126815681701438,0.28404669664796695
2026-04-28,042670,0.0342204934495214,0.0342204934495214
2026-04-29,042670,0.03579772718446987,0.03474623802783756
2026-04-28,042700,0.979854841767804,0.979854841767804
2026-04-29,042700,0.9190861055821793,0.9595985963725959
2026-04-28,044380,0.1099113791847091,0.1099113791847091
2026-04-29,044380,-0.007566422100709222,0.07075211208956968
2026-04-28,044450,0.0162937257730296,0.0162937257730296
2026-04-29,044450,-0.023226059053649342,0.003120464164136621
2026-04-28,044820,0.0175235489852959,0.0175235489852959
2026-04-29,044820,0.06167566129405486,0.03224091975488222
2026-04-28,047040,-0.6889951092159925,-0.6889951092159925
2026-04-29,047040,-0.7929975666430251,-0.7236625950250034
2026-04-28,047050,0.1940761392705838,0.1940761392705838
2026-04-29,047050,0.10003765988620712,0.1627299794757916
2026-04-28,047400,-0.2947683810945364,-0.2947683810945364
2026-04-29,047400,-0.38112806246792846,-0.3235549415523338
2026-04-28,047810,-0.3730403307737264,-0.3730403307737264
2026-04-29,047810,-0.5600519024713749,-0.4353775213396093
2026-04-28,049800,0.4544268892656229,0.4544268892656229
2026-04-29,049800,0.35051142552449827,0.4197884013519147
2026-04-28,051600,0.6122093568298678,0.6122093568298678
2026-04-29,051600,0.4482961009494533,0.5575716048697297
2026-04-28,051630,-0.6440048644076493,-0.6440048644076493
2026-04-29,051630,-0.4898201901478838,-0.5926099729877274
2026-04-28,051900,-0.1716688000126168,-0.1716688000126168
2026-04-29,051900,-0.18358291752848216,-0.17564017251790526
2026-04-28,051905,-0.2462595590960863,-0.2462595590960863
2026-04-29,051905,-0.5942389875201126,-0.3622527019040951
2026-04-28,051910,-0.2311360279439822,-0.2311360279439822
2026-04-29,051910,-0.10264210347278928,-0.18830471978691793
2026-04-28,051915,-0.2699672563309789,-0.2699672563309789
2026-04-29,051915,-0.37510259609801017,-0.305012369586656
2026-04-28,052690,0.0069151145052575,0.0069151145052575
2026-04-29,052690,-0.031172880109906785,-0.0057808836997972615
2026-04-28,053210,0.2670484356545606,0.2670484356545606
2026-04-29,053210,0.20461993979326243,0.24623893703412789
2026-04-28,053690,-0.1935466034468901,-0.1935466034468901
2026-04-29,053690,-0.21948958592212098,-0.20219426427196707
2026-04-28,055490,0.2745548586628576,0.2745548586628576
2026-04-29,055490,0.20645080105666577,0.2518535061274604
2026-04-28,055550,-0.3343767474287914,-0.3343767474287914
2026-04-29,055550,-0.3981448085257575,-0.3556327677944468
2026-04-28,057050,0.0328883417476108,0.0328883417476108
2026-04-29,057050,0.2149711279160551,0.0935826038037589
2026-04-28,058430,0.2366780240341576,0.2366780240341576
2026-04-29,058430,0.19034499780986736,0.2212336819593942
2026-04-28,058650,0.4509669931393893,0.4509669931393893
2026-04-29,058650,0.680149089485246,0.5273610252546749
2026-04-28,058730,-0.0857439497864394,-0.0857439497864394
2026-04-29,058730,-0.18338947490297905,-0.11829245815861929
2026-04-28,058850,0.4224782159432119,0.4224782159432119
2026-04-29,058850,0.537337972327309,0.4607648014045776
2026-04-28,058860,-1.4808592850023812,-1.4808592850023812
2026-04-29,058860,-1.296192721825082,-1.4193037639432815
2026-04-28,060980,0.0747150987846582,0.0747150987846582
2026-04-29,060980,0.3599068301851954,0.16977900925150394
2026-04-28,062040,0.129825056875296,0.129825056875296
2026-04-29,062040,0.029920150869570505,0.09652342154005418
2026-04-28,063160,0.303174897604375,0.303174897604375
2026-04-29,063160,0.26623865609891706,0.2908628171025557
2026-04-28,064350,0.4833085691972972,0.4833085691972972
2026-04-29,064350,0.8328016796920252,0.5998062726955399
2026-04-28,064400,0.0086867099105838,0.0086867099105838
2026-04-29,064400,-0.13629430892710137,-0.03964029636864459
2026-04-28,064960,-0.1529504986569356,-0.1529504986569356
2026-04-29,064960,-0.10474888418923159,-0.1368832938343676
2026-04-28,066570,0.0516743657351317,0.0516743657351317
2026-04-29,066570,-0.11498462290732377,-0.003878630479020116
2026-04-28,066575,0.0323916126049712,0.0323916126049712
2026-04-29,066575,-0.2437126596483141,-0.05964314481279056
2026-04-28,066970,-1.0916963299764393,-1.0916963299764393
2026-04-29,066970,-1.1277059677343857,-1.1036995425624214
2026-04-28,067830,0.1871286061528784,0.1871286061528784
2026-04-29,067830,0.11550408733793616,0.16325376654789767
2026-04-28,068270,0.3513512582812479,0.3513512582812479
2026-04-29,068270,0.23628914083186986,0.3129972191314553
2026-04-28,068290,0.0336138866195951,0.0336138866195951
2026-04-29,068290,0.09057633767990611,0.05260137030636544
2026-04-28,069260,0.1960626257004191,0.1960626257004191
2026-04-29,069260,0.2862642843204303,0.22612984524042284
2026-04-28,069460,-0.8296957598996892,-0.8296957598996892
2026-04-29,069460,-0.8278009461390036,-0.8290641553127941
2026-04-28,069500,-0.3707822208460865,-0.3707822208460865
2026-04-29,069500,-0.3616584854291881,-0.3677409757071204
2026-04-28,069620,0.3826798218738517,0.3826798218738517
2026-04-29,069620,0.31351241903730137,0.35962402092833495
2026-04-28,069640,-0.7707700992863182,-0.7707700992863182
2026-04-29,069640,-0.9813981506869253,-0.8409794497531873
2026-04-28,069660,-0.5036369765399838,-0.5036369765399838
2026-04-29,069660,-0.2627062822121348,-0.42332674509736756
2026-04-28,069730,0.9419711842652668,0.9419711842652668
2026-04-29,069730,0.8405250232240645,0.9081557972515328
2026-04-28,069960,0.5817869159710015,0.5817869159710015
2026-04-29,069960,0.3859925718690194,0.5165221346036741
2026-04-28,070960,-0.1367529133536238,-0.1367529133536238
2026-04-29,070960,-0.1431331112563983,-0.13887964598788197
2026-04-28,071050,0.0136031625472354,0.0136031625472354
2026-04-29,071050,0.041134635030729505,0.022780320041733436
2026-04-28,071055,-0.5399129762382451,-0.5399129762382451
2026-04-29,071055,-0.6029161715161835,-0.5609140413308913
2026-04-28,071090,-0.1469866281991774,-0.1469866281991774
2026-04-29,071090,-0.07895951111649589,-0.12431092250495024
2026-04-28,071320,0.3700087610065835,0.3700087610065835
2026-04-29,071320,0.34321913552001876,0.36107888584439524
2026-04-28,071840,0.2696323871001846,0.2696323871001846
2026-04-29,071840,0.18971887117669672,0.242994548459022
2026-04-28,071950,-0.823222373566183,-0.823222373566183
2026-04-29,071950,-0.7978876958495851,-0.8147774809939838
2026-04-28,071970,0.569911020067354,0.569911020067354
2026-04-29,071970,0.29557209694697195,0.47846471236056
2026-04-28,072130,-0.0778267474987734,-0.0778267474987734
2026-04-29,072130,-0.06292818627138841,-0.07286056042297841
2026-04-28,072710,0.7351963457403266,0.7351963457403266
2026-04-29,072710,0.4235866136116271,0.6313264350307601
2026-04-28,073240,-0.0822361872217469,-0.0822361872217469
2026-04-29,073240,0.020452679113969086,-0.04800656510984158
2026-04-28,074610,0.1331429970138185,0.1331429970138185
2026-04-29,074610,0.13548766284313232,0.13392455229025643
2026-04-28,075180,-0.1892843539440352,-0.1892843539440352
2026-04-29,075180,-0.348249617470591,-0.2422727751195538
2026-04-28,075580,0.4160037253154982,0.4160037253154982
2026-04-29,075580,0.4585886467978906,0.4301986991429623
2026-04-28,077500,0.3152339116868263,0.3152339116868263
2026-04-29,077500,0.12317089548919614,0.2512129062876163
2026-04-28,077970,-0.0152527939298494,-0.0152527939298494
2026-04-29,077970,0.2125318282558271,0.060675413465376096
2026-04-28,078000,-0.1502952031862065,-0.1502952031862065
2026-04-29,078000,-0.3086342573909131,-0.20307488792110873
2026-04-28,078520,0.1052592885640479,0.1052592885640479
2026-04-29,078520,-0.08322859564229573,0.042429993828600035
2026-04-28,078930,0.1290709199706554,0.1290709199706554
2026-04-29,078930,0.3552343850090215,0.20445874165011077
2026-04-28,078935,-0.2926404464081942,-0.2926404464081942
2026-04-29,078935,-0.0707330227447946,-0.21867130518706102
2026-04-28,079160,-0.6074638681426892,-0.6074638681426892
2026-04-29,079160,-0.634179802073333,-0.6163691794529038
2026-04-28,079430,0.3573864717103637,0.3573864717103637
2026-04-29,079430,0.4249065126264559,0.3798931520157278
2026-04-28,079550,-0.0518064805594356,-0.0518064805594356
2026-04-29,079550,0.206079482264664,0.034155507048597586
2026-04-28,079900,0.4018016774720765,0.4018016774720765
2026-04-29,079900,0.4680520904177822,0.4238851484539784
2026-04-28,079980,0.1843136422727914,0.1843136422727914
2026-04-29,079980,0.025644670869146152,0.131423985138243
2026-04-28,081000,0.5648149687180192,0.5648149687180192
2026-04-29,081000,0.6256014397120582,0.5850771257160322
2026-04-28,081660,0.0167822871762912,0.0167822871762912
2026-04-29,081660,0.16753112548349078,0.06703189994535773
2026-04-28,082640,-0.0418946661316561,-0.0418946661316561
2026-04-29,082640,-0.10641546869923804,-0.06340160032085009
2026-04-28,082740,0.253522823184145,0.253522823184145
2026-04-29,082740,0.24984510123417772,0.25229691586748926
2026-04-28,083420,0.1504273092405631,0.1504273092405631
2026-04-29,083420,0.19113307286322528,0.16399589711478385
2026-04-28,084010,0.1855590561445898,0.1855590561445898
2026-04-29,084010,0.37990145902069067,0.2503398571032901
2026-04-28,084670,0.0568969957450349,0.0568969957450349
2026-04-29,084670,0.15564600955970295,0.08981333368325758
2026-04-28,084680,-0.2053689643525419,-0.2053689643525419
2026-04-29,084680,-0.26974502713121945,-0.22682765194543442
2026-04-28,084690,-0.8065771476860837,-0.8065771476860837
2026-04-29,084690,-0.8890317137063589,-0.8340620030261754
2026-04-28,084695,-0.3478282316832327,-0.3478282316832327
2026-04-29,084695,-0.4005680041667778,-0.36540815584441444
2026-04-28,084870,0.4036983938078379,0.4036983938078379
2026-04-29,084870,0.28600092250279385,0.36446590337282325
2026-04-28,085310,-0.3869578999773694,-0.3869578999773694
2026-04-29,085310,-0.37623024510227,-0.38338201501900293
2026-04-28,085620,-0.5442245445860152,-0.5442245445860152
2026-04-29,085620,-0.6207959253329207,-0.569748338168317
2026-04-28,086280,0.1384646392309484,0.1384646392309484
2026-04-29,086280,0.028428316312724085,0.10178586492487364
2026-04-28,086790,-0.0679165888869459,-0.0679165888869459
2026-04-29,086790,0.018291241420870463,-0.03918064545100712
2026-04-28,088260,0.4639786319117033,0.4639786319117033
2026-04-29,088260,0.18021892341735873,0.36939206241358846
2026-04-28,088350,0.3116201948797718,0.3116201948797718
2026-04-29,088350,0.17754205868338765,0.26692748281431045
2026-04-28,088790,0.1883217814406544,0.1883217814406544
2026-04-29,088790,0.24536410242403514,0.20733588843511463
2026-04-28,088980,0.0024595730796181,0.0024595730796181
2026-04-29,088980,-0.08687087610612906,-0.027317243315630953
2026-04-28,089470,0.32787386645602,0.32787386645602
2026-04-29,089470,0.4634669817618197,0.37307157155795323
2026-04-28,089590,-0.6756389119990747,-0.6756389119990747
2026-04-29,089590,-0.6739730119741392,-0.6750836119907628
2026-04-28,089860,0.1992550432294348,0.1992550432294348
2026-04-29,089860,0.08916522419358139,0.16255843688415034
2026-04-28,090080,0.6035068998036924,0.6035068998036924
2026-04-29,090080,0.6134033341728868,0.6068057112600906
2026-04-28,090350,0.3240596246891977,0.3240596246891977
2026-04-29,090350,0.5914934936947975,0.41320424769106434
2026-04-28,090355,-0.3954265089043708,-0.3954265089043708
2026-04-29,090355,-0.3937126087567774,-0.394855208855173
2026-04-28,090370,-0.5098496419268143,-0.5098496419268143
2026-04-29,090370,-0.4158279556673095,-0.47850907984031266
2026-04-28,090430,0.5490953543552797,0.5490953543552797
2026-04-29,090430,0.3213142638702551,0.47316832419360483
2026-04-28,090435,-0.0293280607593674,-0.0293280607593674
2026-04-29,090435,-0.2637798097967639,-0.10747864377183289
2026-04-28,090460,0.2245062514225996,0.2245062514225996
2026-04-29,090460,0.16425054999901598,0.2044210176147384
2026-04-28,091090,0.1905120791558397,0.1905120791558397
2026-04-29,091090,0.19001045900902203,0.19034487244023382
2026-04-28,091160,-0.3683874783251005,-0.3683874783251005
2026-04-29,091160,-0.2881128789892826,-0.34162927854649455
2026-04-28,091170,-0.0136675631326704,-0.0136675631326704
2026-04-29,091170,-0.06215593131773193,-0.02983035252769091
2026-04-28,091180,-0.3526985267512272,-0.3526985267512272
2026-04-29,091180,-0.36710035325297785,-0.3574991355851441
2026-04-28,091220,-0.3988426165207528,-0.3988426165207528
2026-04-29,091220,-0.4003582572874131,-0.3993478301096396
2026-04-28,091230,-0.5580147026160879,-0.5580147026160879
2026-04-29,091230,-0.5241056249850744,-0.5467116767390834
2026-04-28,091810,-1.553521298733366,-1.553521298733366
2026-04-29,091810,-1.5401264444679859,-1.5490563473115726
2026-04-28,092200,-0.7316841690877087,-0.7316841690877087
2026-04-29,092200,-0.7995788926679493,-0.7543157436144556
2026-04-28,092220,-0.0785130748136925,-0.0785130748136925
2026-04-29,092220,-0.40510173448810366,-0.18737596137182955
2026-04-28,092230,0.2020638685247932,0.2020638685247932
2026-04-29,092230,0.3353127913351614,0.24648017612824927
2026-04-28,092440,0.5765518937576999,0.5765518937576999
2026-04-29,092440,0.5983763397967852,0.5838267091040616
2026-04-28,092780,-0.1255283579587001,-0.1255283579587001
2026-04-29,092780,0.06671103276280993,-0.061448561051530105
2026-04-28,092790,0.8501426584038703,0.8501426584038703
2026-04-29,092790,0.84884301784365,0.849709444883797
2026-04-28,093050,0.0352539871795123,0.0352539871795123
2026-04-29,093050,-0.018317865580904334,0.017396702926040092
2026-04-28,093230,0.2574077225986836,0.2574077225986836
2026-04-29,093230,0.25601631515195516,0.2569439201164408
2026-04-28,093240,-0.1819226773456667,-0.1819226773456667
2026-04-29,093240,-0.16665896969884358,-0.17683477479672566
2026-04-28,093370,-0.2133951197973885,-0.2133951197973885
2026-04-29,093370,-0.07021276569003036,-0.16566766842826913
2026-04-28,094280,0.1627029033606895,0.1627029033606895
2026-04-29,094280,0.14356463651980764,0.15632348108039557
2026-04-28,094800,0.2023526276589627,0.2023526276589627
2026-04-29,094800,-0.2362345716563143,0.05615689455387039
2026-04-28,095570,0.4269498461685623,0.4269498461685623
2026-04-29,095570,0.5067299002373782,0.4535431975248343
2026-04-28,095720,-0.7755860617069897,-0.7755860617069897
2026-04-29,095720,-0.6939812758279261,-0.7483844664139686
2026-04-28,096760,1.1843361939482837,1.1843361939482837
2026-04-29,096760,0.9265734381957272,1.0984152753640983
2026-04-28,096770,-0.1945959039168299,-0.1945959039168299
2026-04-29,096770,0.08716147923419257,-0.10067677619982245
2026-04-28,096775,-0.6940435130361094,-0.6940435130361094
2026-04-29,096775,-0.5265195290869428,-0.6382021850530539
2026-04-28,097230,0.2582107363990062,0.2582107363990062
2026-04-29,097230,0.057107578468770084,0.19117635042226086
2026-04-28,097520,0.4329983546307481,0.4329983546307481
2026-04-29,097520,0.45973239803780336,0.4419097024330999
2026-04-28,097950,-0.5228428230135698,-0.5228428230135698
2026-04-29,097950,-0.20456108157714836,-0.4167489092014293
2026-04-28,097955,-0.3865796067513868,-0.3865796067513868
2026-04-29,097955,-0.5024374934721599,-0.42519890232497787
2026-04-28,098560,-0.0350430096331239,-0.0350430096331239
2026-04-29,098560,-0.03254449340176117,-0.034210170889336325
2026-04-28,099140,-0.1474329693505789,-0.1474329693505789
2026-04-29,099140,-0.048338467797483915,-0.11440146883288058
2026-04-28,100090,0.3118374947007187,0.3118374947007187
2026-04-29,100090,0.1550656994875224,0.2595802296296533
2026-04-28,100220,0.567823716212557,0.567823716212557
2026-04-29,100220,0.48974263176692767,0.5417966880640139
2026-04-28,100250,0.0271877996541617,0.0271877996541617
2026-04-29,100250,0.09022494913095584,0.04820018281309308
2026-04-28,100840,0.6493578808561419,0.6493578808561419
2026-04-29,100840,0.6087679503185676,0.6358279040102838
2026-04-28,100910,-0.0350479318731498,-0.0350479318731498
2026-04-29,100910,-0.0834079788376387,-0.051167947527979436
2026-04-28,101140,-0.1724044195466692,-0.1724044195466692
2026-04-29,101140,0.08778778037108165,-0.08567368624075228
2026-04-28,101280,0.4327807845962939,0.4327807845962939
2026-04-29,101280,0.3172917081566049,0.3942844257830642
2026-04-28,101530,0.2801414917285906,0.2801414917285906
2026-04-29,101530,0.10853655148276206,0.2229398449799811
2026-04-28,102110,-0.4894315887558669,-0.4894315887558669
2026-04-29,102110,-0.466264902219542,-0.4817093599104253
2026-04-28,102260,-0.0491975314980519,-0.0491975314980519
2026-04-29,102260,0.0458099007848076,-0.017528387403765402
2026-04-28,102280,0.6000000000000001,0.6000000000000001
2026-04-29,102280,0.6000000000000001,0.6000000000000001
2026-04-28,102460,-0.0615506331100008,-0.0615506331100008
2026-04-29,102460,-0.2662467221134661,-0.12978266277782258
2026-04-28,102780,-0.2711407171628541,-0.2711407171628541
2026-04-29,102780,-0.22281735679428108,-0.25503293037332975
2026-04-28,102960,-0.4722259811317106,-0.4722259811317106
2026-04-29,102960,-0.5140821825589433,-0.48617804827412153
2026-04-28,102970,-0.4292119185877083,-0.4292119185877083
2026-04-29,102970,-0.407407727921851,-0.4219438550324226
2026-04-28,103140,0.3294235178842292,0.3294235178842292
2026-04-29,103140,0.34809958805498153,0.33564887460781334
2026-04-28,103590,0.5873284565321544,0.5873284565321544
2026-04-29,103590,0.5473328345151778,0.5739965825264955
2026-04-28,104520,0.347857643983949,0.347857643983949
2026-04-29,104520,0.023955985003250337,0.23989042432371616
2026-04-28,104530,-0.1909817086717312,-0.1909817086717312
2026-04-29,104530,-0.1934517847317257,-0.19180506735839603
2026-04-28,104700,0.1199952524017719,0.1199952524017719
2026-04-29,104700,0.24809436880187574,0.16269495786847318
2026-04-28,105010,0.2029569339612607,0.2029569339612607
2026-04-29,105010,0.1445820244148219,0.18349863077911444
2026-04-28,105190,-0.2976999911884118,-0.2976999911884118
2026-04-29,105190,-0.2831427609489454,-0.29284758110858966
2026-04-28,105560,-0.3220198420555177,-0.3220198420555177
2026-04-29,105560,-0.1948304405637747,-0.2796233748916034
2026-04-28,105630,-0.077995620129457,-0.077995620129457
2026-04-29,105630,0.11470060114426694,-0.01376354637154903
2026-04-28,105780,-0.4287591251643862,-0.4287591251643862
2026-04-29,105780,-0.41696321102237976,-0.42482715378371744
2026-04-28,105840,0.2554466155898377,0.2554466155898377
2026-04-29,105840,0.3513409966830671,0.2874114092875809
2026-04-28,107590,0.3191103613226264,0.3191103613226264
2026-04-29,107590,0.307211443400631,0.31514405534862794
2026-04-28,108320,0.5395049920871133,0.5395049920871133
2026-04-29,108320,0.4174492386364587,0.4988197409368952
2026-04-28,108450,-0.227137804709776,-0.227137804709776
2026-04-29,108450,-0.28374393289838734,-0.2460065141059798
2026-04-28,108590,-0.1244482862978952,-0.1244482862978952
2026-04-29,108590,-0.15597229906055268,-0.13495629055211436
2026-04-28,108670,-0.3700932887300947,-0.3700932887300947
2026-04-29,108670,-0.17517205297699037,-0.30511954347905995
2026-04-28,108675,-0.3488343896090563,-0.3488343896090563
2026-04-29,108675,-0.3519133885773052,-0.3498607225984726
2026-04-28,109070,0.1032023811643685,0.1032023811643685
2026-04-29,109070,0.1542611499566116,0.12022197076178287
2026-04-28,111110,0.2262027566399062,0.2262027566399062
2026-04-29,111110,0.03154895473033929,0.1613181560033839
2026-04-28,111380,0.0401373849711931,0.0401373849711931
2026-04-29,111380,0.02241602141318838,0.034230263785191534
2026-04-28,111770,-0.0887671013680389,-0.0887671013680389
2026-04-29,111770,-0.029006972185520084,-0.06884705830719931
2026-04-28,112610,0.3001291973983857,0.3001291973983857
2026-04-29,112610,0.11278051112373301,0.23767963530683484
2026-04-28,114090,0.6909288719810941,0.6909288719810941
2026-04-29,114090,0.49063622649148575,0.6241646568178914
2026-04-28,114100,-0.0956898844102009,-0.0956898844102009
2026-04-29,114100,-0.18422603626988932,-0.12520193503009705
2026-04-28,114260,-0.2518373055973186,-0.2518373055973186
2026-04-29,114260,-0.1629044935825691,-0.22219303492573544
2026-04-28,114460,-0.4479972851339732,-0.4479972851339732
2026-04-29,114460,-0.433178643363615,-0.44305773787718716
2026-04-28,114470,-0.2899797290185499,-0.2899797290185499
2026-04-29,114470,-0.2489051175036993,-0.27628819184693304
2026-04-28,114800,-0.1516176664669776,-0.1516176664669776
2026-04-29,114800,-0.3665840931869562,-0.2232731420403038
2026-04-28,114820,-0.2547695319792069,-0.2547695319792069
2026-04-29,114820,-0.2737453713587588,-0.26109481177239086
2026-04-28,117460,0.0303975386574241,0.0303975386574241
2026-04-29,117460,-0.2476060356632327,-0.062270319449461486
2026-04-28,117580,0.0352487262926147,0.0352487262926147
2026-04-29,117580,-0.07685378915442197,-0.0021187788563975206
2026-04-28,117680,-0.2334173958600065,-0.2334173958600065
2026-04-29,117680,-0.3517369430292583,-0.2728572449164238
2026-04-28,117690,-0.1672979448023664,-0.1672979448023664
2026-04-29,117690,-0.0907801124300949,-0.1417920006782759
2026-04-28,117700,-0.203341346975577,-0.203341346975577
2026-04-29,117700,-0.16585241997967495,-0.190845037976943
2026-04-28,118000,0.3031982513388663,0.3031982513388663
2026-04-29,118000,0.25952916029589135,0.2886418876578747
2026-04-28,119650,-0.5939994244868795,-0.5939994244868795
2026-04-29,119650,-0.5919030684711719,-0.5933006391483103
2026-04-28,120030,-0.2154247680981013,-0.2154247680981013
2026-04-29,120030,-0.43642263400942666,-0.2890907234018764
2026-04-28,120110,0.5125478805394029,0.5125478805394029
2026-04-29,120110,0.2568854276696378,0.4273270629161479
2026-04-28,120115,-0.0918367807565577,-0.0918367807565577
2026-04-29,120115,-0.08534807674888444,-0.08967387942066662
2026-04-28,122090,-0.4513847966753139,-0.4513847966753139
2026-04-29,122090,-0.39089549648128513,-0.4312216966106377
2026-04-28,122260,-0.4110865992557255,-0.4110865992557255
2026-04-29,122260,-0.28905399825475353,-0.3704090655887349
2026-04-28,122630,-0.3096282392384774,-0.3096282392384774
2026-04-29,122630,-0.19352529108467503,-0.2709272565205433
2026-04-28,122900,-0.1261356562815866,-0.1261356562815866
2026-04-29,122900,0.001144861022506563,-0.08370881718022222
2026-04-28,123310,-0.1345397869694198,-0.1345397869694198
2026-04-29,123310,-0.011431558154900066,-0.09350371069791322
2026-04-28,123320,-0.4030889139304327,-0.4030889139304327
2026-04-29,123320,-0.27646056341623015,-0.3608794637590319
2026-04-28,123690,-0.2378218259033609,-0.2378218259033609
2026-04-29,123690,-0.4805146716962749,-0.3187194411676656
2026-04-28,123700,0.3124116761980638,0.3124116761980638
2026-04-29,123700,0.2637458409149692,0.29618973110369895
2026-04-28,123890,0.3936832186140844,0.3936832186140844
2026-04-29,123890,0.5380436252397174,0.4418033541559621
2026-04-28,126560,0.1769407683615309,0.1769407683615309
2026-04-29,126560,0.2684266699430563,0.20743606888870603
2026-04-28,126720,0.4829302806018097,0.4829302806018097
2026-04-29,126720,0.2474941565529683,0.4044515725855293
2026-04-28,128820,0.0259572018681924,0.0259572018681924
2026-04-29,128820,0.13578369491678113,0.06256603288438864
2026-04-28,128940,0.1026298960366995,0.1026298960366995
2026-04-29,128940,0.08035155061220166,0.09520378089520024
2026-04-28,129260,0.2770467669583515,0.2770467669583515
2026-04-29,129260,0.4348477807198003,0.3296471048788344
2026-04-28,130660,-0.0806281783189462,-0.0806281783189462
2026-04-29,130660,0.030994621524741785,-0.043420578371050206
2026-04-28,130680,0.1628861495520553,0.1628861495520553
2026-04-29,130680,0.22846984238876475,0.18474738049762512
2026-04-28,130730,-0.109960210124079,-0.109960210124079
2026-04-29,130730,-0.21290703636675856,-0.14427581887163887
2026-04-28,131890,0.0928644749316658,0.0928644749316658
2026-04-29,131890,0.06573983196415897,0.0838229272758302
2026-04-28,132030,-0.0104763264535275,-0.0104763264535275
2026-04-29,132030,0.04581229061814066,0.00828654590369522
2026-04-28,133690,-0.3848043045715722,-0.3848043045715722
2026-04-29,133690,-0.3829409378909936,-0.3841831823447127
2026-04-28,133820,-0.4506074376466838,-0.4506074376466838
2026-04-29,133820,-0.6658028508798279,-0.5223392420577319
2026-04-28,134380,-0.6549738132854416,-0.6549738132854416
2026-04-29,134380,-0.6604547273385822,-0.6568007846364885
2026-04-28,134790,0.1886354107842657,0.1886354107842657
2026-04-29,134790,0.296913128782235,0.22472798345025552
2026-04-28,136340,-0.1102310855044514,-0.1102310855044514
2026-04-29,136340,-0.15962991827281178,-0.12669736309390486
2026-04-28,136490,0.6777963766190027,0.6777963766190027
2026-04-29,136490,1.2364444940758534,0.8640124157712863
2026-04-28,137310,-0.6991886486186406,-0.6991886486186406
2026-04-29,137310,-0.7657474813949278,-0.7213749262107364
2026-04-28,137610,-0.0726097451578079,-0.0726097451578079
2026-04-29,137610,-0.29296735936234125,-0.1460622832259857
2026-04-28,138040,0.3708676518468948,0.3708676518468948
2026-04-29,138040,0.11959320703262546,0.2871095035754717
2026-04-28,138230,-0.0881023953211747,-0.0881023953211747
2026-04-29,138230,-0.11665127261526909,-0.0976186877525395
2026-04-28,138490,-0.1975590968648231,-0.1975590968648231
2026-04-29,138490,-0.19289893388028256,-0.1960057092033096
2026-04-28,138520,-0.3422717244354412,-0.3422717244354412
2026-04-29,138520,-0.21546654437114354,-0.30000333108067534
2026-04-28,138530,-0.529131408462628,-0.529131408462628
2026-04-29,138530,-0.5214458908249997,-0.5265695692500852
2026-04-28,138540,-0.1576842786273246,-0.1576842786273246
2026-04-29,138540,-0.31929303858803354,-0.21155386528089426
2026-04-28,138910,-0.0623673245121749,-0.0623673245121749
2026-04-29,138910,-0.1296703701751263,-0.08480167306649204
2026-04-28,138920,0.0193243806936478,0.0193243806936478
2026-04-29,138920,0.4067152943099923,0.1484546852324293
2026-04-28,138930,-0.0588813726042328,-0.0588813726042328
2026-04-29,138930,0.024547462539793563,-0.031071760889557352
2026-04-28,139130,-0.2250564155191313,-0.2250564155191313
2026-04-29,139130,-0.1857054122285581,-0.2119394144222736
2026-04-28,139220,-0.0160517814330242,-0.0160517814330242
2026-04-29,139220,0.028701079551032384,-0.001134161105005341
2026-04-28,139230,-0.1459781182438893,-0.1459781182438893
2026-04-29,139230,-0.29445436481073717,-0.19547020043283858
2026-04-28,139240,-0.4171277145509006,-0.4171277145509006
2026-04-29,139240,-0.6467821112642955,-0.49367918012203227
2026-04-28,139250,0.1123585511931743,0.1123585511931743
2026-04-29,139250,-0.17267259124815776,0.01734817037939696
2026-04-28,139260,-0.4538875712209316,-0.4538875712209316
2026-04-29,139260,-0.4401477130408953,-0.4493076184942528
2026-04-28,139270,-0.3124590402176507,-0.3124590402176507
2026-04-29,139270,-0.3730373741912573,-0.3326518182088529
2026-04-28,139280,0.0596504868557571,0.0596504868557571
2026-04-29,139280,-0.07309651172333667,0.015401487329392512
2026-04-28,139290,-0.3586116805121406,-0.3586116805121406
2026-04-29,139290,-0.01858615772066357,-0.2452698395816483
2026-04-28,139310,-0.0581769322679748,-0.0581769322679748
2026-04-29,139310,-0.05537070884525818,-0.05724152446040259
2026-04-28,139320,0.1109422871966316,0.1109422871966316
2026-04-29,139320,-0.11362668691222194,0.03608596249368043
2026-04-28,139480,0.4635452574044209,0.4635452574044209
2026-04-29,139480,0.5869217701322322,0.5046707616470247
2026-04-28,139660,-0.0655708541358821,-0.0655708541358821
2026-04-29,139660,0.0035048244627035943,-0.04254562793635354
2026-04-28,139990,-1.115176926330964,-1.115176926330964
2026-04-29,139990,-1.260582091352913,-1.163645314671614
2026-04-28,140570,-0.3309454049667365,-0.3309454049667365
2026-04-29,140570,-0.19107496772271074,-0.2843219258853946
2026-04-28,140580,-0.4798675925080791,-0.4798675925080791
2026-04-29,140580,-0.4143782448970976,-0.45803780997108534
2026-04-28,140700,-0.2924778795029884,-0.2924778795029884
2026-04-29,140700,-0.3406018221973015,-0.30851919373442616
2026-04-28,140710,-0.1183432667308463,-0.1183432667308463
2026-04-29,140710,-0.15915584504163988,-0.13194745950111084
2026-04-28,140910,-0.2530000514829789,-0.2530000514829789
2026-04-29,140910,-0.2520398689847905,-0.25267999065024943
2026-04-28,140950,-0.2031868281522333,-0.2031868281522333
2026-04-29,140950,-0.027733132532691655,-0.14470226294571942
2026-04-28,143210,-1.0724934610377077,-1.0724934610377077
2026-04-29,143210,-1.0691674067832713,-1.071384776286229
2026-04-28,143850,-0.3264818434912157,-0.3264818434912157
2026-04-29,143850,-0.2829567648364433,-0.3119734839396249
2026-04-28,143860,-0.0372771820597121,-0.0372771820597121
2026-04-29,143860,-0.08478125669083902,-0.05311187360342108
2026-04-28,144600,-0.3913960374020022,-0.3913960374020022
2026-04-29,144600,-0.34983071898158546,-0.3775409312618633
2026-04-28,145210,0.0485260263428069,0.0485260263428069
2026-04-29,145210,0.047852377246925634,0.04830147664417982
2026-04-28,145270,0.7900675924633382,0.7900675924633382
2026-04-29,145270,0.6545881355689838,0.7449077734985534
2026-04-28,145670,-0.2827496065504898,-0.2827496065504898
2026-04-29,145670,-0.23251688180577218,-0.26600536496891725
2026-04-28,145720,-0.0707823366393868,-0.0707823366393868
2026-04-29,145720,-0.135498850960643,-0.09235450807980554
2026-04-28,145850,0.015316470412149,0.015316470412149
2026-04-29,145850,0.19987535955948352,0.07683610012792716
2026-04-28,145990,-0.319203270023818,-0.319203270023818
2026-04-29,145990,-0.15975428576155656,-0.2660536086030642
2026-04-28,145995,-0.320040200029103,-0.320040200029103
2026-04-29,145995,-0.31739643146751206,-0.319158943841906
2026-04-28,147970,-0.4931302576547581,-0.4931302576547581
2026-04-29,147970,-0.3362619489876927,-0.440840821432403
2026-04-28,148020,-0.3574876836862259,-0.3574876836862259
2026-04-29,148020,0.2540959042670241,-0.15362648770180926
2026-04-28,148070,-0.0942154255417569,-0.0942154255417569
2026-04-29,148070,0.0723945062583671,-0.038678781608382236
2026-04-28,150460,-0.1871701118863631,-0.1871701118863631
2026-04-29,150460,-0.23185781946298634,-0.2020660144119042
2026-04-28,152100,-0.4212850113220165,-0.4212850113220165
2026-04-29,152100,-0.39563989759722085,-0.412736640080418
2026-04-28,152380,-0.3036478327858047,-0.3036478327858047
2026-04-29,152380,-0.32439629318248836,-0.31056398625136594
2026-04-28,152500,-0.181002724617477,-0.181002724617477
2026-04-29,152500,-0.22832222380715736,-0.19677589101403714
2026-04-28,152550,0.0572327183292206,0.0572327183292206
2026-04-29,152550,-0.07172268657907512,0.014247583359788697
2026-04-28,152870,-0.4218229183761834,-0.4218229183761834
2026-04-29,152870,-0.28482269857266695,-0.3761561784416779
2026-04-28,153130,-0.4524145407725817,-0.4524145407725817
2026-04-29,153130,-0.45377495958950165,-0.45286801371155505
2026-04-28,153270,-0.323882061449523,-0.323882061449523
2026-04-29,153270,-0.1666244805168484,-0.27146286780529816
2026-04-28,155660,0.5850437589953645,0.5850437589953645
2026-04-29,155660,0.6475599426939201,0.6058824868948831
2026-04-28,156080,-0.4046872175220568,-0.4046872175220568
2026-04-29,156080,-0.2786439350728737,-0.3626727900389958
2026-04-28,157450,-0.0251965065874162,-0.0251965065874162
2026-04-29,157450,-0.0515219583264822,-0.033971657167104874
2026-04-28,157490,-0.1477451882877607,-0.1477451882877607
2026-04-29,157490,-0.08707468462641108,-0.12752168706731082
2026-04-28,157500,-0.0446534713592869,-0.0446534713592869
2026-04-29,157500,0.03937997445543937,-0.016642322754378144
2026-04-28,159800,-0.2989557150382159,-0.2989557150382159
2026-04-29,159800,-0.31074467215295737,-0.30288536740979644
2026-04-28,160580,0.0052113413034169,0.0052113413034169
2026-04-29,160580,-0.05972815809246316,-0.016435158495209785
2026-04-28,161000,-0.6899656047429892,-0.6899656047429892
2026-04-29,161000,-0.6276633251968361,-0.6691981782276049
2026-04-28,161390,0.1226415341539618,0.1226415341539618
2026-04-29,161390,0.2322533977387538,0.15917882201555913
2026-04-28,161510,-0.0918912311849543,-0.0918912311849543
2026-04-29,161510,-0.03440029201635019,-0.0727275847954196
2026-04-28,161890,0.2346715253126009,0.2346715253126009
2026-04-29,161890,0.20607118788487253,0.22513807950335812
2026-04-28,163560,0.0690188219583601,0.0690188219583601
2026-04-29,163560,0.09606845947838191,0.07803536779836737
2026-04-28,166400,-0.2473283507701686,-0.2473283507701686
2026-04-29,166400,-0.36432898245141815,-0.28632856133058515
2026-04-28,167860,-0.2570364879256399,-0.2570364879256399
2026-04-29,167860,-0.5388153062978671,-0.3509627607163823
2026-04-28,168580,-0.3044588061168427,-0.3044588061168427
2026-04-29,168580,0.14645764411120102,-0.15415332270749482
2026-04-28,169950,-0.4981759749733235,-0.4981759749733235
2026-04-29,169950,-0.5461811001019026,-0.5141776833495166
2026-04-28,170900,-0.3346654604774555,-0.3346654604774555
2026-04-29,170900,-0.3340653310171502,-0.3344654173240204
2026-04-28,174350,-0.1023424417592742,-0.1023424417592742
2026-04-29,174350,-0.07230951379786363,-0.09233146577213736
2026-04-28,174360,-0.3133721349847557,-0.3133721349847557
2026-04-29,174360,0.05661795778002591,-0.19004210406316185
2026-04-28,175330,0.0397212437839625,0.0397212437839625
2026-04-29,175330,-0.024785241620497167,0.01821908198247595
2026-04-28,176950,-0.2907102856063646,-0.2907102856063646
2026-04-29,176950,-0.2477646546462256,-0.2763950752863183
2026-04-28,178920,0.2593724641530169,0.2593724641530169
2026-04-29,178920,0.158832363728394,0.22585909734480927
2026-04-28,180640,-0.1463069138025343,-0.1463069138025343
2026-04-29,180640,-0.19727328218298856,-0.16329570326268572
2026-04-28,18064K,-0.0594653542971899,-0.0594653542971899
2026-04-29,18064K,-0.10351550003278409,-0.07414873620905463
2026-04-28,181480,-0.2022014716111966,-0.2022014716111966
2026-04-29,181480,-0.1942180846838178,-0.19954034263540366
2026-04-28,181710,-0.3134993199962939,-0.3134993199962939
2026-04-29,181710,-0.3202144452570764,-0.3157376950832214
2026-04-28,182480,-0.0756138341232914,-0.0756138341232914
2026-04-29,182480,-0.16047359665743674,-0.10390042163467318
2026-04-28,182490,-0.0345083261247669,-0.0345083261247669
2026-04-29,182490,-0.1819806881222385,-0.0836657801239241
2026-04-28,183190,0.1486593499516343,0.1486593499516343
2026-04-29,183190,0.14645622643079736,0.14792497544468866
2026-04-28,183700,0.0629234011038793,0.0629234011038793
2026-04-29,183700,0.016882057520008854,0.047576286575922486
2026-04-28,183710,0.0459851502057338,0.0459851502057338
2026-04-29,183710,-0.0067449730609881395,0.028408442450159825
2026-04-28,185680,-0.3563448410940332,-0.3563448410940332
2026-04-29,185680,-0.1180926258442899,-0.27692743601078545
2026-04-28,185750,0.1613452159850549,0.1613452159850549
2026-04-29,185750,0.11736029529078541,0.14668357575363178
2026-04-28,189400,-0.3628179742538255,-0.3628179742538255
2026-04-29,189400,-0.3109062642367544,-0.3455140709148018
2026-04-28,190620,-0.0342154515849391,-0.0342154515849391
2026-04-29,190620,-0.031054371610424507,-0.0331617582601009
2026-04-28,192080,0.7960208250635167,0.7960208250635167
2026-04-29,192080,0.6604927737401707,0.7508448079557347
2026-04-28,192090,0.0915914818411945,0.0915914818411945
2026-04-29,192090,0.2146109950261664,0.13259798623618513
2026-04-28,192400,0.7324797195324178,0.7324797195324178
2026-04-29,192400,0.8205769445820814,0.761845461215639
2026-04-28,192650,0.2086300029937581,0.2086300029937581
2026-04-29,192650,0.23923900077894036,0.21883300225548555
2026-04-28,192720,-0.0687764022825864,-0.0687764022825864
2026-04-29,192720,-0.30779663170264926,-0.14844981208927402
2026-04-28,192820,0.0928431547576305,0.0928431547576305
2026-04-29,192820,-0.06945519755268509,0.03874370398752531
2026-04-28,194370,0.4118941886930955,0.4118941886930955
2026-04-29,194370,0.41867680884429276,0.41415506207682795
2026-04-28,195870,0.4020233317949721,0.4020233317949721
2026-04-29,195870,0.35549527650712964,0.386513980032358
2026-04-28,195920,-0.0649244677215298,-0.0649244677215298
2026-04-29,195920,-0.17498903495744833,-0.10161265680016932
2026-04-28,195930,0.3787560047000226,0.3787560047000226
2026-04-29,195930,0.17246766154776813,0.3099932236492711
2026-04-28,195970,-0.1416070554143976,-0.1416070554143976
2026-04-29,195970,0.016848781064167075,-0.08878844325487606
2026-04-28,195980,0.0294605719249441,0.0294605719249441
2026-04-29,195980,-0.0002859090521228,0.019545078265921802
2026-04-28,196030,-0.0804693381456606,-0.0804693381456606
2026-04-29,196030,-0.12267672629118423,-0.09453846752750181
2026-04-28,196230,-0.2044467816143218,-0.2044467816143218
2026-04-29,196230,-0.16685703053424672,-0.19191686458763013
2026-04-28,200030,-0.2544049886676821,-0.2544049886676821
2026-04-29,200030,-0.22202823432374505,-0.24361273721970308
2026-04-28,200250,-0.5287145286718613,-0.5287145286718613
2026-04-29,200250,-0.46723048025408964,-0.5082198458659375
2026-04-28,200880,-0.0486380347081109,-0.0486380347081109
2026-04-29,200880,0.026941350841388163,-0.023444906191611218
2026-04-28,203780,-0.3995854451322078,-0.3995854451322078
2026-04-29,203780,-0.4188225890876328,-0.40599782645068283
2026-04-28,204210,-0.4196158048475967,-0.4196158048475967
2026-04-29,204210,-0.4224876096849207,-0.4205730731267047
2026-04-28,204320,-0.0288462113400281,-0.0288462113400281
2026-04-29,204320,-0.15510867702948603,-0.07093369990318074
2026-04-28,204450,-0.3163053733787281,-0.3163053733787281
2026-04-29,204450,-0.13160512363962162,-0.25473862346569265
2026-04-28,204480,-0.237989439024755,-0.237989439024755
2026-04-29,204480,-0.24164024937364242,-0.23920637580771748
2026-04-28,205720,-0.1454851871928196,-0.1454851871928196
2026-04-29,205720,-0.21186605417629248,-0.16761214285397724
2026-04-28,207940,0.1689216815543804,0.1689216815543804
2026-04-29,207940,0.09988680970798428,0.1459100576055817
2026-04-28,210540,0.5694640713279712,0.5694640713279712
2026-04-29,210540,0.5397618065523622,0.5595633164027682
2026-04-28,210780,0.0038866369478748,0.0038866369478748
2026-04-29,210780,0.23213757393447007,0.07997028261007322
2026-04-28,210980,0.567485438620976,0.567485438620976
2026-04-29,210980,0.8179480843411367,0.6509729871943629
2026-04-28,211560,-0.121010426759625,-0.121010426759625
2026-04-29,211560,-0.2050060919876883,-0.1490089818356461
2026-04-28,211900,-0.3221308025388764,-0.3221308025388764
2026-04-29,211900,-0.2946890549014689,-0.31298355332640726
2026-04-28,213500,0.2662214686027375,0.2662214686027375
2026-04-29,213500,-0.02165167886116383,0.17026375278143707
2026-04-28,213610,-0.3642439453410285,-0.3642439453410285
2026-04-29,213610,-0.43279473654378786,-0.38709420907528164
2026-04-28,213630,-0.2985336518858779,-0.2985336518858779
2026-04-29,213630,-0.10583227872090656,-0.23429986083088744
2026-04-28,214320,0.2720270968972572,0.2720270968972572
2026-04-29,214320,0.12647900853693797,0.22351106744381746
2026-04-28,214330,-0.430833305569147,-0.430833305569147
2026-04-29,214330,-0.40587486278504303,-0.42251382464111237
2026-04-28,214390,0.5228511634148278,0.5228511634148278
2026-04-29,214390,0.4072433034447915,0.48431521009148243
2026-04-28,214420,0.0436901594395778,0.0436901594395778
2026-04-29,214420,-0.12495524080250871,-0.012524973974451029
2026-04-28,214980,-0.0205094894349907,-0.0205094894349907
2026-04-29,214980,-0.10637632812536266,-0.04913176899844802
2026-04-28,215620,-0.1379574201316482,-0.1379574201316482
2026-04-29,215620,-0.1363030052875523,-0.13740594851694957
2026-04-28,217770,-0.2522650223914582,-0.2522650223914582
2026-04-29,217770,-0.3193263385110121,-0.27461879443130954
2026-04-28,217780,-0.2428969406500601,-0.2428969406500601
2026-04-29,217780,-0.3465231869874139,-0.2774390227625114
2026-04-28,218420,-0.3746407532856526,-0.3746407532856526
2026-04-29,218420,-0.31252952990589067,-0.3539370121590653
2026-04-28,219390,0.0720752669538356,0.0720752669538356
2026-04-29,219390,-0.016341908021278793,0.042602875295464145
2026-04-28,219480,-0.0741969073335031,-0.0741969073335031
2026-04-29,219480,-0.007998073470289961,-0.05213062937909873
2026-04-28,219900,-0.4559954337662594,-0.4559954337662594
2026-04-29,219900,-0.4221664367182967,-0.4447191014169385
2026-04-28,220130,-0.2483468398304811,-0.2483468398304811
2026-04-29,220130,-0.2551592878070542,-0.25061765582267215
2026-04-28,223190,0.1216623647720351,0.1216623647720351
2026-04-29,223190,-0.052154014311062945,0.06372357174433577
2026-04-28,225030,-0.107763384140192,-0.107763384140192
2026-04-29,225030,0.020927368281401744,-0.06486646666632742
2026-04-28,225040,-0.1460306908289013,-0.1460306908289013
2026-04-29,225040,-0.17241382657904294,-0.15482506941228186
2026-04-28,225050,-0.1106728107671934,-0.1106728107671934
2026-04-29,225050,-0.09888747293541036,-0.10674436482326573
2026-04-28,225060,-0.1490376376707201,-0.1490376376707201
2026-04-29,225060,-0.2638096485484158,-0.187294974629952
2026-04-28,225130,-0.193163409902763,-0.193163409902763
2026-04-29,225130,-0.16347911559938785,-0.18326864513497132
2026-04-28,225800,-0.1977668471508028,-0.1977668471508028
2026-04-29,225800,-0.19382009592172209,-0.1964512634077759
2026-04-28,226320,0.3862272230709417,0.3862272230709417
2026-04-29,226320,0.04055256739045825,0.2710023378441139
2026-04-28,226380,-0.0287829873400262,-0.0287829873400262
2026-04-29,226380,-0.10382661945753238,-0.053797531379194935
2026-04-28,226490,-0.395414300654468,-0.395414300654468
2026-04-29,226490,-0.4030290583719931,-0.39795255322697637
2026-04-28,226980,-0.3780648828736535,-0.3780648828736535
2026-04-29,226980,-0.24478907049358756,-0.33363961208029824
2026-04-28,227540,-0.1376867533949123,-0.1376867533949123
2026-04-29,227540,0.1361066123747969,-0.04642229813834257
2026-04-28,227550,0.0829298785024968,0.0829298785024968
2026-04-29,227550,0.02540505034681404,0.06375493578393589
2026-04-28,227560,-0.0527357872975106,-0.0527357872975106
2026-04-29,227560,-0.043875934216883135,-0.04978250293730145
2026-04-28,227570,-0.3519195483948666,-0.3519195483948666
2026-04-29,227570,-0.038725327036286276,-0.2475214746086732
2026-04-28,227830,-0.3890190192420639,-0.3890190192420639
2026-04-29,227830,0.01656535510059879,-0.2538242277945097
2026-04-28,227840,0.4791197609755097,0.4791197609755097
2026-04-29,227840,0.8702850617719035,0.6095081945743076
2026-04-28,228790,-0.1126097881275512,-0.1126097881275512
2026-04-29,228790,-0.35448575399884297,-0.19323511008464844
2026-04-28,228800,0.3489846507805491,0.3489846507805491
2026-04-29,228800,0.24076823671032474,0.312912512757141
2026-04-28,228810,-0.2585074962093201,-0.2585074962093201
2026-04-29,228810,-0.16376224284852048,-0.2269257450890536
2026-04-28,228820,-0.4247122965491858,-0.4247122965491858
2026-04-29,228820,-0.3491176790187236,-0.39951409070569843
2026-04-28,229200,0.1570132844014646,0.1570132844014646
2026-04-29,229200,0.013628021819290438,0.10921819687407322
2026-04-28,229640,0.629850550664517,0.629850550664517
2026-04-29,229640,0.3965541720483308,0.5520850911257883
2026-04-28,229720,-0.3393953957750016,-0.3393953957750016
2026-04-29,229720,-0.4561031800971589,-0.37829799054905405
2026-04-28,230480,0.0013572218737011,0.0013572218737011
2026-04-29,230480,-0.09693490639406727,-0.03140682088222169
2026-04-28,232080,-0.0016318434714719,-0.0016318434714719
2026-04-29,232080,-0.08761046998504768,-0.030291385642663825
2026-04-28,233160,0.0008703236743964,0.0008703236743964
2026-04-29,233160,-0.16894616306537621,-0.055735171905527806
2026-04-28,233740,0.1496669186244743,0.1496669186244743
2026-04-29,233740,0.0007675435968526947,0.1000337936152671
2026-04-28,234080,0.5692066689548444,0.5692066689548444
2026-04-29,234080,0.2926378446271468,0.4770170608456119
2026-04-28,234310,-0.3120049236042834,-0.3120049236042834
2026-04-29,234310,-0.12312594216149753,-0.2490452631233548
2026-04-28,236350,-0.3403102144706925,-0.3403102144706925
2026-04-29,236350,-0.2763133805086564,-0.31897793648334716
2026-04-28,237350,-0.5172598457237086,-0.5172598457237086
2026-04-29,237350,-0.5281041438851357,-0.5208746117775177
2026-04-28,237370,-0.4336970272775328,-0.4336970272775328
2026-04-29,237370,-0.3100025905105601,-0.3924655483552086
2026-04-28,237440,-0.1134959855482835,-0.1134959855482835
2026-04-29,237440,0.047829479244262875,-0.05972083061743471
2026-04-28,238670,0.0301489063768741,0.0301489063768741
2026-04-29,238670,-0.047779263696691866,0.004172849685685449
2026-04-28,238720,-0.3678259213410694,-0.3678259213410694
2026-04-29,238720,-0.3269719618227656,-0.35420793483496815
2026-04-28,239660,-0.3755715213224916,-0.3755715213224916
2026-04-29,239660,-0.33688120096961927,-0.3626747478715342
2026-04-28,241180,-0.3877923058814205,-0.3877923058814205
2026-04-29,241180,-0.1965266964733704,-0.32403710274540387
2026-04-28,241390,-0.043951315788769,-0.043951315788769
2026-04-29,241390,-0.0695039081682631,-0.0524688465819337
2026-04-28,241560,0.0106047322866242,0.0106047322866242
2026-04-29,241560,0.07822885155762094,0.03314610537695645
2026-04-28,241590,-0.5199558999565165,-0.5199558999565165
2026-04-29,241590,-0.4632706876722008,-0.501060829195078
2026-04-28,243880,-0.3004542449808076,-0.3004542449808076
2026-04-29,243880,-0.27243881896278965,-0.2911157696414683
2026-04-28,243890,-0.029718317607781,-0.029718317607781
2026-04-29,243890,-0.3038653187602366,-0.12110065132526619
2026-04-28,244580,-0.5145610895551039,-0.5145610895551039
2026-04-29,244580,-0.5161230361955543,-0.5150817384352541
2026-04-28,244620,-0.6000954283286005,-0.6000954283286005
2026-04-29,244620,-0.5595069835217434,-0.5865659467263149
2026-04-28,244660,-0.3042865086862596,-0.3042865086862596
2026-04-29,244660,-0.4263053203322179,-0.34495944590157906
2026-04-28,244670,0.0942893097280442,0.0942893097280442
2026-04-29,244670,0.049705481803255576,0.07942803375311466
2026-04-28,244920,0.4290010680499661,0.4290010680499661
2026-04-29,244920,0.44175530619542824,0.4332524807651202
2026-04-28,245340,0.0668636302034023,0.0668636302034023
2026-04-29,245340,0.11321820412415276,0.08231515484365245
2026-04-28,245350,-0.4659209519142065,-0.4659209519142065
2026-04-29,245350,-0.377194994039621,-0.436345632622678
2026-04-28,245360,-0.1261208887270789,-0.1261208887270789
2026-04-29,245360,-0.22583395098323483,-0.15935857614579757
2026-04-28,245710,-0.0418264387794393,-0.0418264387794393
2026-04-29,245710,0.18053106680116945,0.032292729747430284
2026-04-28,248070,-0.0781473172094086,-0.0781473172094086
2026-04-29,248070,-0.0005684275460703381,-0.05228768732162918
2026-04-28,248170,0.5101324920227642,0.5101324920227642
2026-04-29,248170,0.49909221713673463,0.5064524003940878
2026-04-28,248270,-0.0043840259802181,-0.0043840259802181
2026-04-29,248270,-0.07135718325292331,-0.026708411737786503
2026-04-28,249420,0.0639463741329743,0.0639463741329743
2026-04-29,249420,0.10570284699947871,0.07786519842180911
2026-04-28,250730,0.2827827172563488,0.2827827172563488
2026-04-29,250730,0.1395827720881482,0.23504940220028195
2026-04-28,250780,-0.4031573340996972,-0.4031573340996972
2026-04-29,250780,-0.334513684053951,-0.3802761174177818
2026-04-28,251270,-0.1597749601099114,-0.1597749601099114
2026-04-29,251270,-0.025653345471161586,-0.11506775523032814
2026-04-28,251340,-0.0228392331090626,-0.0228392331090626
2026-04-29,251340,-0.04453932678343892,-0.03007259766718804
2026-04-28,251350,0.0590134310059741,0.0590134310059741
2026-04-29,251350,-0.008056053261220185,0.03665693625024268
2026-04-28,251590,-0.2613569060545042,-0.2613569060545042
2026-04-29,251590,-0.289075269964975,-0.2705963606913278
2026-04-28,251600,0.0531102092853433,0.0531102092853433
2026-04-29,251600,-0.04407108152246907,0.020716445682739185
2026-04-28,252000,0.0482228763942096,0.0482228763942096
2026-04-29,252000,0.03267773709907832,0.043041163295832505
2026-04-28,252400,-0.1055713481296944,-0.1055713481296944
2026-04-29,252400,-0.14487867949201383,-0.11867379191713422
2026-04-28,252410,-0.194019952397185,-0.194019952397185
2026-04-29,252410,-0.29282364718530035,-0.2269545173265568
2026-04-28,252420,-0.1928194058214096,-0.1928194058214096
2026-04-29,252420,-0.06120462035710871,-0.14894781066664264
2026-04-28,252650,-0.0824062388002163,-0.0824062388002163
2026-04-29,252650,-0.21893860055398445,-0.12791702605147237
2026-04-28,252670,-0.0548314456747764,-0.0548314456747764
2026-04-29,252670,-0.24516025509146783,-0.11827438214700689
2026-04-28,252710,-0.1404951933587525,-0.1404951933587525
2026-04-29,252710,-0.14067178932993932,-0.14055405868248144
2026-04-28,253150,0.0872860553748168,0.0872860553748168
2026-04-29,253150,0.06360871915517982,0.07939360996827115
2026-04-28,253160,-0.1177335836482811,-0.1177335836482811
2026-04-29,253160,-0.07082707578889477,-0.10209808102848567
2026-04-28,253230,-0.1530810814878531,-0.1530810814878531
2026-04-29,253230,-0.0350571485946173,-0.11373977052344118
2026-04-28,253240,-0.2836585521384205,-0.2836585521384205
2026-04-29,253240,-0.08908297734400494,-0.2188000272069487
2026-04-28,253250,-0.3198395650313164,-0.3198395650313164
2026-04-29,253250,-0.2399699025297119,-0.29321634419744824
2026-04-28,253280,-0.2467683122242303,-0.2467683122242303
2026-04-29,253280,-0.25885045898915376,-0.2507956944792048
2026-04-28,253290,0.0991100633198146,0.0991100633198146
2026-04-29,253290,-0.07918438692650584,0.03967857990437447
2026-04-28,256440,-0.3801902982616357,-0.3801902982616357
2026-04-29,256440,-0.46781211216454865,-0.4093975695626067
2026-04-28,256450,-0.1046736781039249,-0.1046736781039249
2026-04-29,256450,-0.06860918945070044,-0.09265218188618343
2026-04-28,256750,-0.0761243291839596,-0.0761243291839596
2026-04-29,256750,-0.27261705834104255,-0.14162190556965393
2026-04-28,259960,-0.0128901627214635,-0.0128901627214635
2026-04-29,259960,-0.14939977940534802,-0.05839336828275834
2026-04-28,261060,-0.355442706684028,-0.355442706684028
2026-04-29,261060,-0.35168725446091764,-0.3541908892763246
2026-04-28,261070,-0.3764390370545256,-0.3764390370545256
2026-04-29,261070,-0.3306859497819754,-0.36118800796367556
2026-04-28,261110,-0.0009096726841079,-0.0009096726841079
2026-04-29,261110,0.11292903004736501,0.0370365615597164
2026-04-28,261120,-0.2002777476222179,-0.2002777476222179
2026-04-29,261120,-0.2528576739441823,-0.21780438972953936
2026-04-28,261140,-0.3303983244662752,-0.3303983244662752
2026-04-29,261140,-0.3615883609045062,-0.3407950032790189
2026-04-28,261220,0.1307577525799514,0.1307577525799514
2026-04-29,261220,0.2229091514149835,0.1614748855249621
2026-04-28,261240,-0.2016335136231485,-0.2016335136231485
2026-04-29,261240,-0.11359500233294734,-0.17228734319308148
2026-04-28,261250,0.0368712431789425,0.0368712431789425
2026-04-29,261250,0.11577931128244032,0.0631739325467751
2026-04-28,261260,-0.1510920025871145,-0.1510920025871145
2026-04-29,261260,-0.21576236602547355,-0.17264879039990086
2026-04-28,261270,-0.2525409210380852,-0.2525409210380852
2026-04-29,261270,-0.25779477652219335,-0.2542922061994546
2026-04-28,261920,-0.2725348355954261,-0.2725348355954261
2026-04-29,261920,-0.4615178193701235,-0.33552916352032525
2026-04-28,264900,-0.2255968011452109,-0.2255968011452109
2026-04-29,264900,-0.35426077336258843,-0.26848479188433677
2026-04-28,26490K,0.0814331669148542,0.0814331669148542
2026-04-29,26490K,0.00546901065387969,0.05611178149452937
2026-04-28,265690,-0.155029798989504,-0.155029798989504
2026-04-29,265690,-0.15314830230412246,-0.15440263342771016
2026-04-28,266160,-0.1205859795085371,-0.1205859795085371
2026-04-29,266160,-0.018889043949210142,-0.08668700098876146
2026-04-28,266360,0.3230319241689197,0.3230319241689197
2026-04-29,266360,0.432792009442293,0.3596186192600441
2026-04-28,266370,-0.429764087619648,-0.429764087619648
2026-04-29,266370,-0.3365754308956548,-0.3987012020449836
2026-04-28,266390,-0.2782279263468784,-0.2782279263468784
2026-04-29,266390,-0.308701098200983,-0.2883856502982466
2026-04-28,266410,-0.1186135351659653,-0.1186135351659653
2026-04-29,266410,-0.17785424385892332,-0.13836043806361797
2026-04-28,266420,-0.4007731789767109,-0.4007731789767109
2026-04-29,266420,-0.300618852839371,-0.3673884035975976
2026-04-28,266550,-0.1676340057468995,-0.1676340057468995
2026-04-29,266550,-0.19401065970875514,-0.1764262237341847
2026-04-28,267250,0.0845967833676261,0.0845967833676261
2026-04-29,267250,0.3479738268779383,0.17238913120439686
2026-04-28,267260,0.4362132448966542,0.4362132448966542
2026-04-29,267260,0.2740189907694847,0.38214849352093105
2026-04-28,267270,0.0399702269738982,0.0399702269738982
2026-04-29,267270,-0.035508786993984895,0.014810555651270506
2026-04-28,267290,0.0350171587532878,0.0350171587532878
2026-04-29,267290,0.16212155466865197,0.07738529072507586
2026-04-28,267440,-0.0894079364860795,-0.0894079364860795
2026-04-29,267440,-0.23677617347550262,-0.13853068214922054
2026-04-28,267450,-0.2278760580925095,-0.2278760580925095
2026-04-29,267450,-0.24129713376531692,-0.23234974998344532
2026-04-28,267490,-0.077670116738982,-0.077670116738982
2026-04-29,267490,-0.15934725694896987,-0.1048958301423113
2026-04-28,267770,-0.1299758615782486,-0.1299758615782486
2026-04-29,267770,-0.047003953623599916,-0.10231855892669905
2026-04-28,267850,0.2440214929876973,0.2440214929876973
2026-04-29,267850,0.22513610576340604,0.23772636391293356
2026-04-28,268280,0.2169171029837924,0.2169171029837924
2026-04-29,268280,0.11950625910649953,0.18444682169136145
2026-04-28,269370,0.0202528431762369,0.0202528431762369
2026-04-29,269370,0.0586933187298932,0.033066335027455665
2026-04-28,269420,0.1051438747479739,0.1051438747479739
2026-04-29,269420,0.01912006900398997,0.0764692728333126
2026-04-28,269530,-0.191617598695916,-0.191617598695916
2026-04-29,269530,-0.1855439766269313,-0.18959305800625445
2026-04-28,269540,-0.226638463623567,-0.226638463623567
2026-04-29,269540,-0.13211078389802933,-0.19512923704838778
2026-04-28,270800,-0.3314683351591328,-0.3314683351591328
2026-04-29,270800,-0.32707537797283964,-0.3300040160970351
2026-04-28,270810,0.1331368184584708,0.1331368184584708
2026-04-29,270810,-0.018912297907066465,0.0824537796699584
2026-04-28,271050,-0.2551530583450285,-0.2551530583450285
2026-04-29,271050,-0.3037489624196613,-0.2713516930365728
2026-04-28,271060,-0.4183334041167921,-0.4183334041167921
2026-04-29,271060,-0.24601128675064976,-0.360892698328078
2026-04-28,271560,0.4552403901342999,0.4552403901342999
2026-04-29,271560,0.2918298135245047,0.40077019793103486
2026-04-28,271940,0.0647936447054341,0.0647936447054341
2026-04-29,271940,-0.20968079388193597,-0.026697834823689245
2026-04-28,271980,0.391506533256074,0.391506533256074
2026-04-29,271980,0.3411358935983712,0.37471632003683975
2026-04-28,272210,-0.0377781316187879,-0.0377781316187879
2026-04-29,272210,0.05964112808781724,-0.005305045049919525
2026-04-28,272450,0.1632995098202675,0.1632995098202675
2026-04-29,272450,0.0656308699535604,0.13074329653136516
2026-04-28,272550,0.1858970911944945,0.1858970911944945
2026-04-29,272550,0.2555310238093621,0.20910840206611703
2026-04-28,272560,0.1533683559320038,0.1533683559320038
2026-04-29,272560,0.09741353758681923,0.13471674981694226
2026-04-28,272570,0.0456640382162477,0.0456640382162477
2026-04-29,272570,0.07523686280315356,0.05552164641188299
2026-04-28,272580,-0.0583706353669906,-0.0583706353669906
2026-04-29,272580,-0.18152026701798332,-0.09942051258398818
2026-04-28,272910,-0.3928028423925203,-0.3928028423925203
2026-04-29,272910,-0.17629641325387024,-0.32063403267963697
2026-04-28,273130,-0.4865261756679128,-0.4865261756679128
2026-04-29,273130,-0.45643415180118796,-0.4764955010456712
2026-04-28,273140,-0.3387430869430508,-0.3387430869430508
2026-04-29,273140,-0.39257212296240684,-0.3566860989495028
2026-04-28,275280,-0.2581024574953959,-0.2581024574953959
2026-04-29,275280,-0.27008166374536047,-0.2620955262453841
2026-04-28,275290,-0.457179153443819,-0.457179153443819
2026-04-29,275290,-0.49239531705161355,-0.4689178746464172
2026-04-28,275300,-0.4082413197545378,-0.4082413197545378
2026-04-29,275300,-0.4236786705200084,-0.41338710334302803
2026-04-28,275750,-0.216799442879674,-0.216799442879674
2026-04-29,275750,-0.5080076116423378,-0.31386883246722863
2026-04-28,275980,-0.0677072891976568,-0.0677072891976568
2026-04-29,275980,-0.13498425422736737,-0.09013294420756032
2026-04-28,276000,-0.4724180454750775,-0.4724180454750775
2026-04-29,276000,-0.3508021115320237,-0.43187940082739296
2026-04-28,276650,0.1091846909502055,0.1091846909502055
2026-04-29,276650,0.11394480755981148,0.11077139648674084
2026-04-28,276970,-0.3095078743814365,-0.3095078743814365
2026-04-29,276970,-0.09044019079619361,-0.23648531318635557
2026-04-28,276990,-0.3634166925885752,-0.3634166925885752
2026-04-29,276990,-0.48235144446423206,-0.4030616098804608
2026-04-28,277540,-0.1474005681474498,-0.1474005681474498
2026-04-29,277540,-0.13163009639267065,-0.1421437442291901
2026-04-28,277630,-0.4555180620496833,-0.4555180620496833
2026-04-29,277630,-0.34505006919321934,-0.41869539776419534
2026-04-28,277640,-0.4348337960132928,-0.4348337960132928
2026-04-29,277640,-0.2764054840011553,-0.38202435867591367
2026-04-28,277650,-0.4937286080276927,-0.4937286080276927
2026-04-29,277650,-0.5243251668633524,-0.5039274609729126
2026-04-28,278240,0.1354574183610375,0.1354574183610375
2026-04-29,278240,-0.1364018066936986,0.04483767667612547
2026-04-28,278470,0.5597447835065839,0.5597447835065839
2026-04-29,278470,0.4133650790187004,0.5109515486772894
2026-04-28,278530,-0.3804939537117921,-0.3804939537117921
2026-04-29,278530,-0.36012735884323926,-0.3737050887556079
2026-04-28,278540,-0.5106957300556425,-0.5106957300556425
2026-04-29,278540,-0.44517655266469847,-0.48885600425866116
2026-04-28,278620,-0.1271243746840105,-0.1271243746840105
2026-04-29,278620,-0.08531428352717227,-0.1131876776317311
2026-04-28,279530,0.3378872799806908,0.3378872799806908
2026-04-29,279530,0.1668605929683268,0.2808783843099028
2026-04-28,279540,0.0297282256016552,0.0297282256016552
2026-04-29,279540,0.0958478991503087,0.0517681167845397
2026-04-28,280320,-0.2380308305562727,-0.2380308305562727
2026-04-29,280320,-0.5644867822361872,-0.3468494811162442
2026-04-28,280360,0.5789402142909316,0.5789402142909316
2026-04-29,280360,0.4833316006232102,0.5470706764016912
2026-04-28,280920,-0.1294210956679943,-0.1294210956679943
2026-04-29,280920,-0.20085996555678334,-0.15323405229759066
2026-04-28,280930,-0.561227294651886,-0.561227294651886
2026-04-29,280930,-0.37116917789410964,-0.4978745890659606
2026-04-28,280940,0.1272920751893903,0.1272920751893903
2026-04-29,280940,0.12962630178630188,0.1280701507216942
2026-04-28,281820,0.1232855042020029,0.1232855042020029
2026-04-29,281820,0.3751299104116839,0.20723363960522992
2026-04-28,281990,-0.1293792119597545,-0.1293792119597545
2026-04-29,281990,-0.21501539197686426,-0.1579246052987911
2026-04-28,282000,-0.3019286125405833,-0.3019286125405833
2026-04-29,282000,-0.2905851072212239,-0.29814744410079685
2026-04-28,282330,-0.1111096729692488,-0.1111096729692488
2026-04-29,282330,-0.02750033489760547,-0.08323989361203438
2026-04-28,283580,-0.1853247550252248,-0.1853247550252248
2026-04-29,283580,-0.056601684605328474,-0.14241706488525938
2026-04-28,284430,-0.3489695326688794,-0.3489695326688794
2026-04-29,284430,-0.46034420361635586,-0.3860944229847049
2026-04-28,284740,0.4628256358188045,0.4628256358188045
2026-04-29,284740,0.5493499317725052,0.49166706780337144
2026-04-28,284980,0.0931824895241416,0.0931824895241416
2026-04-29,284980,-0.11760490819579356,0.02292002361749656
2026-04-28,285130,-0.0274985635389265,-0.0274985635389265
2026-04-29,285130,0.12847939508652365,0.024494089336223546
2026-04-28,28513K,-0.4548132187980317,-0.4548132187980317
2026-04-29,28513K,-0.23127774141865412,-0.3803013930049059
2026-04-28,285690,0.078461961565756,0.078461961565756
2026-04-29,285690,-0.021537620356172148,0.04512876759177995
2026-04-28,286940,-0.1934129985877803,-0.1934129985877803
2026-04-29,286940,-0.22571651582051408,-0.20418083766535824
2026-04-28,287180,-0.2784661742588638,-0.2784661742588638
2026-04-29,287180,-0.17068891059918412,-0.24254041970563722
2026-04-28,289040,0.2755421193397167,0.2755421193397167
2026-04-29,289040,0.06499573762484345,0.2053599921014256
2026-04-28,289250,-0.3061271726461367,-0.3061271726461367
2026-04-29,289250,-0.2955388017242008,-0.3025977156721581
2026-04-28,289260,0.2031228605051131,0.2031228605051131
2026-04-29,289260,0.22291860368250963,0.2097214415642453
2026-04-28,289480,-0.2434049258372395,-0.2434049258372395
2026-04-29,289480,-0.23717244372450913,-0.2413274317996627
2026-04-28,289670,-0.1782529866483549,-0.1782529866483549
2026-04-29,289670,-0.2518556063499583,-0.20278719321555605
2026-04-28,290080,-0.2365347162554114,-0.2365347162554114
2026-04-29,290080,-0.29555292079600737,-0.2562074511022767
2026-04-28,290130,-0.5635067471274094,-0.5635067471274094
2026-04-29,290130,-0.4520328265667082,-0.5263487736071757
2026-04-28,291130,-0.1834985290648962,-0.1834985290648962
2026-04-29,291130,-0.21569647644616183,-0.19423117819198477
2026-04-28,291620,-0.1669830061986992,-0.1669830061986992
2026-04-29,291620,-0.2514479577699136,-0.19513799005577068
2026-04-28,291630,-0.039443319310466,-0.039443319310466
2026-04-29,291630,-0.2536118391118367,-0.11083282591092289
2026-04-28,291680,-0.5429082194800546,-0.5429082194800546
2026-04-29,291680,-0.5759491676956938,-0.5539218688852677
2026-04-28,291890,-0.3796446709049733,-0.3796446709049733
2026-04-29,291890,-0.3355450578799158,-0.36494479989662076
2026-04-28,292050,-0.0540701606342834,-0.0540701606342834
2026-04-29,292050,-0.15725802748836087,-0.08846611625230924
2026-04-28,292150,-0.3355731877287903,-0.3355731877287903
2026-04-29,292150,-0.31962546370199996,-0.3302572797198602
2026-04-28,292160,-0.4987081390228058,-0.4987081390228058
2026-04-29,292160,-0.36817750528594906,-0.45519792777718693
2026-04-28,292190,-0.501279071444126,-0.501279071444126
2026-04-29,292190,-0.4129700711523425,-0.4718427380135315
2026-04-28,292500,-0.2842560099193111,-0.2842560099193111
2026-04-29,292500,-0.23208543004942772,-0.26686581662935
2026-04-28,292560,0.0072329588313259,0.0072329588313259
2026-04-29,292560,0.09296309031511787,0.03580966932592323
2026-04-28,292730,0.0373172623713289,0.0373172623713289
2026-04-29,292730,0.038853305596468775,0.03782927677970886
2026-04-28,292770,0.2510931218699662,0.2510931218699662
2026-04-29,292770,-0.08452659964398407,0.13921988136531613
2026-04-28,293180,-0.5324933268129592,-0.5324933268129592
2026-04-29,293180,-0.5289204479745264,-0.5313023672001483
2026-04-28,293480,0.5002599491805726,0.5002599491805726
2026-04-29,293480,0.4489800495300172,0.48316664929705416
2026-04-28,293940,0.0308172874688442,0.0308172874688442
2026-04-29,293940,-0.17411920677618764,-0.037494877279499746
2026-04-28,294400,-0.1309163823605727,-0.1309163823605727
2026-04-29,294400,-0.33649671908551104,-0.1994431612688855
2026-04-28,294870,0.3405349461541179,0.3405349461541179
2026-04-29,294870,0.14396325032149088,0.27501104754324224
2026-04-28,295000,-0.1291436374881253,-0.1291436374881253
2026-04-29,295000,-0.1799293862382961,-0.1460722204048489
2026-04-28,295020,-0.4176060709584699,-0.4176060709584699
2026-04-29,295020,-0.38015442016696044,-0.4051221873613001
2026-04-28,295040,-0.340290086081961,-0.340290086081961
2026-04-29,295040,-0.48054124574850143,-0.3870404726374745
2026-04-28,298000,1.06174390552211,1.06174390552211
2026-04-29,298000,1.069057204238124,1.0641816717607813
2026-04-28,298020,-0.3134164542932526,-0.3134164542932526
2026-04-29,298020,-0.3055176453171803,-0.31078351796789516
2026-04-28,298040,0.3565049639369766,0.3565049639369766
2026-04-29,298040,0.25146522702954255,0.3214917183011653
2026-04-28,298050,-0.3870043979751313,-0.3870043979751313
2026-04-29,298050,-0.34213057355426696,-0.37204645650150986
2026-04-28,298340,-0.3930984329820605,-0.3930984329820605
2026-04-29,298340,-0.4165368821414467,-0.40091124936852257
2026-04-28,298690,-0.3135750169979071,-0.3135750169979071
2026-04-29,298690,-0.24279802333121658,-0.28998268577567693
2026-04-28,298770,-0.2616177988098765,-0.2616177988098765
2026-04-29,298770,-0.33252203330749885,-0.2852525436424173
2026-04-28,300610,-0.1267649965599337,-0.1267649965599337
2026-04-29,300610,-0.12043640781026813,-0.12465546697671184
2026-04-28,300640,0.1343611880014836,0.1343611880014836
2026-04-29,300640,0.07165529480715802,0.1134592236033751
2026-04-28,300720,0.1110940866775327,0.1110940866775327
2026-04-29,300720,0.2470115867278262,0.15639992002763053
2026-04-28,300950,-0.1133369254722047,-0.1133369254722047
2026-04-29,300950,-0.174965799418207,-0.13387988345420548
2026-04-28,301400,0.1148285167251852,0.1148285167251852
2026-04-29,301400,-0.007137167382536634,0.07417328868927793
2026-04-28,301410,-0.2695316695886042,-0.2695316695886042
2026-04-29,301410,-0.18095213855619904,-0.24000515924446916
2026-04-28,302190,-0.0534917089562207,-0.0534917089562207
2026-04-29,302190,0.004081760108509004,-0.034300552601310805
2026-04-28,302440,-0.1268617255209461,-0.1268617255209461
2026-04-29,302440,-0.17309978105113424,-0.1422744106976755
2026-04-28,302450,-0.4168568760316409,-0.4168568760316409
2026-04-29,302450,-0.3714768290347188,-0.40173019369933355
2026-04-28,304660,-0.1480651691632588,-0.1480651691632588
2026-04-29,304660,-0.09177877010279734,-0.12930303614310498
2026-04-28,304670,-0.0995113405307365,-0.0995113405307365
2026-04-29,304670,-0.056086926946074055,-0.08503653600251569
2026-04-28,304760,-0.3537705385200046,-0.3537705385200046
2026-04-29,304760,-0.3750626044883405,-0.3608678938427833
2026-04-28,304770,-0.0177191114196448,-0.0177191114196448
2026-04-29,304770,-0.06051606635408998,-0.03198476306445986
2026-04-28,304780,-0.1153053246846458,-0.1153053246846458
2026-04-29,304780,-0.40229539108156,-0.21096868015028386
2026-04-28,304940,0.2609050962800626,0.2609050962800626
2026-04-29,304940,0.1187008014286253,0.21350366466291684
2026-04-28,305050,-0.5746540187837547,-0.5746540187837547
2026-04-29,305050,-0.5252829696179522,-0.5581970023951539
2026-04-28,305080,-0.1749571750245074,-0.1749571750245074
2026-04-29,305080,-0.038671310108942474,-0.12952855338598576
2026-04-28,305540,-0.2911101967714469,-0.2911101967714469
2026-04-29,305540,-0.2656414502861991,-0.2826206146096977
2026-04-28,305720,-0.4004444014580878,-0.4004444014580878
2026-04-29,305720,-0.3355263956802179,-0.3788050661987979
2026-04-28,306200,0.3959203022274726,0.3959203022274726
2026-04-29,306200,0.3039718145082171,0.36527080632105413
2026-04-28,306520,-0.2985299004032726,-0.2985299004032726
2026-04-29,306520,-0.32807712177995413,-0.3083789741954998
2026-04-28,306530,-0.0001755656793246,-0.0001755656793246
2026-04-29,306530,-0.027668758278788057,-0.009339963212479084
2026-04-28,306950,-0.0744214940528388,-0.0744214940528388
2026-04-29,306950,-0.10855650196604322,-0.08579983002390694
2026-04-28,307510,-0.0244606785943803,-0.0244606785943803
2026-04-29,307510,-0.06664116178189111,-0.03852083965688391
2026-04-28,307520,-0.4541887543426941,-0.4541887543426941
2026-04-29,307520,-0.4624255191982948,-0.45693434262789434
2026-04-28,307950,0.3339994598408879,0.3339994598408879
2026-04-29,307950,0.1583737537814869,0.2754575578210876
2026-04-28,308170,-0.5034334034653957,-0.5034334034653957
2026-04-29,308170,-0.4266774536013491,-0.47784808684404684
2026-04-28,308620,-0.3262325026713073,-0.3262325026713073
2026-04-29,308620,-0.3107981921368462,-0.3210877324931536
2026-04-28,309230,0.165054846986755,0.165054846986755
2026-04-29,309230,-0.017088317741507673,0.10434045874400079
2026-04-28,310080,-0.4117707950229114,-0.4117707950229114
2026-04-29,310080,-0.3888299113469873,-0.4041238337976034
2026-04-28,310960,-0.1604522871047732,-0.1604522871047732
2026-04-29,310960,-0.2988262011473386,-0.20657692511896167
2026-04-28,310970,-0.5023513494919155,-0.5023513494919155
2026-04-29,310970,-0.46688651235905376,-0.490529737114295
2026-04-28,314250,0.1142897994602052,0.1142897994602052
2026-04-29,314250,0.09730818901044777,0.1086292626436194
2026-04-28,314700,-0.3876389616911639,-0.3876389616911639
2026-04-29,314700,-0.2594063747654467,-0.3448947660492582
2026-04-28,315270,-0.1927735524251339,-0.1927735524251339
2026-04-29,315270,-0.34404041124329426,-0.24319583869785402
2026-04-28,315930,-0.1816773414054771,-0.1816773414054771
2026-04-29,315930,-0.09724528410838332,-0.15353332230644584
2026-04-28,315960,-0.3475045725322676,-0.3475045725322676
2026-04-29,315960,-0.3557137134412929,-0.350240952835276
2026-04-28,316140,-0.2546651407576604,-0.2546651407576604
2026-04-29,316140,-0.2328536787710007,-0.24739465342877384
2026-04-28,316300,-0.0439847944763144,-0.0439847944763144
2026-04-29,316300,-0.1687836096856082,-0.085584399546079
2026-04-28,316670,0.1834567287099315,0.1834567287099315
2026-04-29,316670,0.024149104072787315,0.1303541871642168
2026-04-28,317400,0.7509262333953107,0.7509262333953107
2026-04-29,317400,0.7226906009840535,0.7415143559248917
2026-04-28,319640,0.344030544806619,0.344030544806619
2026-04-29,319640,0.24963498060342634,0.31256535673888813
2026-04-28,321410,-0.2537277874257175,-0.2537277874257175
2026-04-29,321410,-0.30709436562915315,-0.2715166468268627
2026-04-28,322000,0.9559976746847276,0.9559976746847276
2026-04-29,322000,0.8875520391298275,0.9331824628330944
2026-04-28,322400,0.0565673406436006,0.0565673406436006
2026-04-29,322400,0.047623837400107706,0.05358617289576964
2026-04-28,322410,0.0323013527158922,0.0323013527158922
2026-04-29,322410,0.053554866365615246,0.03938585726579988
2026-04-28,323410,-0.69047754092821,-0.69047754092821
2026-04-29,323410,-0.7063512601727444,-0.6957687806763881
2026-04-28,325010,-0.4106666722794298,-0.4106666722794298
2026-04-29,325010,-0.5010585809379176,-0.44079730849892573
2026-04-28,325020,0.2718845032329782,0.2718845032329782
2026-04-29,325020,0.26681150679120647,0.2701935044190543
2026-04-28,326030,0.1572946452704968,0.1572946452704968
2026-04-29,326030,0.22621895150294002,0.18026941401464455
2026-04-28,326230,-0.1416378827462174,-0.1416378827462174
2026-04-29,326230,-0.29359419623518695,-0.1922899872425406
2026-04-28,326240,-0.2096604943011869,-0.2096604943011869
2026-04-29,326240,-0.1972527451423338,-0.20552457791490256
2026-04-28,328370,-0.4241372645773159,-0.4241372645773159
2026-04-29,328370,-0.32230503242494535,-0.3901931871931924
2026-04-28,329180,0.4539184016375855,0.4539184016375855
2026-04-29,329180,0.4248291092335232,0.44422197083623144
2026-04-28,329200,-0.4071938769151112,-0.4071938769151112
2026-04-29,329200,-0.21384475437234746,-0.3427441694008566
2026-04-28,329650,0.1674615128611463,0.1674615128611463
2026-04-29,329650,0.3316003251961652,0.22217445030615263
2026-04-28,329660,-0.2445646739006322,-0.2445646739006322
2026-04-29,329660,-0.23998497143458186,-0.24303810641194876
2026-04-28,329670,-0.1606366684839317,-0.1606366684839317
2026-04-29,329670,-0.1638178925746377,-0.16169707651416704
2026-04-28,329750,-0.0937872257753413,-0.0937872257753413
2026-04-29,329750,-0.014264295110367996,-0.06727958222035021
2026-04-28,330590,-0.3201735570742516,-0.3201735570742516
2026-04-29,330590,-0.6982907417222406,-0.4462126186235813
2026-04-28,332500,-0.2605197185524719,-0.2605197185524719
2026-04-29,332500,-0.21598430522800494,-0.2456745807776496
2026-04-28,332610,-0.1695762260665072,-0.1695762260665072
2026-04-29,332610,-0.27452124473573836,-0.20455789895625093
2026-04-28,332620,-0.1636478961608904,-0.1636478961608904
2026-04-29,332620,-0.24452062936003705,-0.19060547389393928
2026-04-28,332930,-0.5054225181762884,-0.5054225181762884
2026-04-29,332930,-0.37272978099476994,-0.4611916057824489
2026-04-28,332940,-0.2698811298213363,-0.2698811298213363
2026-04-29,332940,-0.15377291637696652,-0.23117839200654638
2026-04-28,334690,-0.4482566368015549,-0.4482566368015549
2026-04-29,334690,-0.5759987476036396,-0.49083734040224986
2026-04-28,334700,-0.0964538831274813,-0.0964538831274813
2026-04-29,334700,-0.0055436657234647566,-0.06615047732614246
2026-04-28,334890,-0.1165661061796628,-0.1165661061796628
2026-04-29,334890,-0.32565272663780737,-0.18626164633237766
2026-04-28,336160,-0.4358003315625169,-0.4358003315625169
2026-04-29,336160,-0.39080758074295274,-0.4208027479559956
2026-04-28,336260,-0.5840804260265189,-0.5840804260265189
2026-04-29,336260,-0.6151184585355318,-0.5944264368628566
2026-04-28,33626K,-0.2192941583470037,-0.2192941583470037
2026-04-29,33626K,-0.03331303883916461,-0.15730045184439068
2026-04-28,33626L,0.0883521266886997,0.0883521266886997
2026-04-29,33626L,-0.2949421908170983,-0.03941264581323297
2026-04-28,336370,-0.4203957683080133,-0.4203957683080133
2026-04-29,336370,-0.4432331795841126,-0.4280082387333798
2026-04-28,33637K,-0.2001337689637658,-0.2001337689637658
2026-04-29,33637K,-0.19743037140524056,-0.19923263644425743
2026-04-28,33637L,-0.1536054194819536,-0.1536054194819536
2026-04-29,33637L,-0.3239053982457853,-0.21037207906989752
2026-04-28,337120,-0.273315405333924,-0.273315405333924
2026-04-29,337120,-0.28550461818497463,-0.27737847628427426
2026-04-28,337140,-0.4290968729800115,-0.4290968729800115
2026-04-29,337140,-0.44606322309845425,-0.4347523230194924
2026-04-28,337150,-0.5308608635120665,-0.5308608635120665
2026-04-29,337150,-0.32565702399422636,-0.4624595836727865
2026-04-28,337160,-0.4394696987336911,-0.4394696987336911
2026-04-29,337160,-0.48335848568061945,-0.4540992943826673
2026-04-28,338100,-0.3301597198858642,-0.3301597198858642
2026-04-29,338100,-0.27667978703635787,-0.3123330756026954
2026-04-28,339770,0.249630223511657,0.249630223511657
2026-04-29,339770,0.09360405763854632,0.19762150155395347
2026-04-28,341850,-0.140805350126104,-0.140805350126104
2026-04-29,341850,-0.1342567070561556,-0.1386224691027879
2026-04-28,344820,-0.2944351837212464,-0.2944351837212464
2026-04-29,344820,-0.18897094677783358,-0.25928043807344214
2026-04-28,346000,-0.0007805574986005,-0.0007805574986005
2026-04-29,346000,0.0012622295820418944,-9.962847171970203e-05
2026-04-28,348950,0.5690014322044669,0.5690014322044669
2026-04-29,348950,0.5950660028572897,0.5776896224220744
2026-04-28,350520,0.4258059380154463,0.4258059380154463
2026-04-29,350520,0.2838926693312703,0.37850151512072094
2026-04-28,352540,-0.0293372149269486,-0.0293372149269486
2026-04-29,352540,-0.044018009986772154,-0.03423081328022312
2026-04-28,352560,-0.0460781032034171,-0.0460781032034171
2026-04-29,352560,0.10807175671587912,0.005305183436348303
2026-04-28,352820,-0.4382995200932539,-0.4382995200932539
2026-04-29,352820,-0.3894221497666872,-0.4220070633177317
2026-04-28,353200,0.2987006126347665,0.2987006126347665
2026-04-29,353200,0.12433812649146739,0.24057978392033347
2026-04-28,35320K,-0.2829718816618427,-0.2829718816618427
2026-04-29,35320K,-0.3135333010935985,-0.29315902147242795
2026-04-28,354240,-0.1904977698347852,-0.1904977698347852
2026-04-29,354240,-0.30117588281072094,-0.2273904741600971
2026-04-28,354350,-0.1949231939265892,-0.1949231939265892
2026-04-29,354350,-0.09772438710118794,-0.16252359165145547
2026-04-28,354500,0.1499236726612196,0.1499236726612196
2026-04-29,354500,0.01726155458331472,0.1057029666352513
2026-04-28,356540,-0.1641859278160244,-0.1641859278160244
2026-04-29,356540,-0.3258111359039132,-0.21806099717865401
2026-04-28,357120,-0.187243958118298,-0.187243958118298
2026-04-29,357120,-0.2537207495304844,-0.2094028885890268
2026-04-28,357250,-0.0448908335675962,-0.0448908335675962
2026-04-29,357250,-0.10947336414396398,-0.06641834375971879
2026-04-28,357430,0.2532037492180602,0.2532037492180602
2026-04-29,357430,0.5743922964291913,0.3602665982884372
2026-04-28,357870,0.1088143815448217,0.1088143815448217
2026-04-29,357870,0.030557853423748678,0.0827288721711307
2026-04-28,359210,-0.4209744098809135,-0.4209744098809135
2026-04-29,359210,0.018391678787774125,-0.274519046991351
2026-04-28,360140,-0.4734775834200067,-0.4734775834200067
2026-04-29,360140,-0.3865018093225349,-0.44448565872084944
2026-04-28,360150,0.3307796749990672,0.3307796749990672
2026-04-29,360150,0.07310079356669816,0.24488671452161087
2026-04-28,360200,-0.2650581210320529,-0.2650581210320529
2026-04-29,360200,-0.2949540830577523,-0.27502344170728604
2026-04-28,360750,-0.3718683170110732,-0.3718683170110732
2026-04-29,360750,-0.3910819856959229,-0.37827287323935643
2026-04-28,361580,-0.3760565128981928,-0.3760565128981928
2026-04-29,361580,-0.16998774099869418,-0.30736692226502665
2026-04-28,361610,-0.1940312380603373,-0.1940312380603373
2026-04-29,361610,0.11942959460295599,-0.08954429383923958
2026-04-28,363280,-0.0962053763012969,-0.0962053763012969
2026-04-29,363280,-0.027936108888803525,-0.07344895383046578
2026-04-28,36328K,-0.2737713259461847,-0.2737713259461847
2026-04-29,36328K,-0.3737029988187856,-0.307081883570385
2026-04-28,363510,-0.2022226868720288,-0.2022226868720288
2026-04-29,363510,-0.07978181679028357,-0.16140906351144707
2026-04-28,363570,-0.3910409495971758,-0.3910409495971758
2026-04-29,363570,-0.3970006726492249,-0.39302752394785884
2026-04-28,363580,-0.3912679020008868,-0.3912679020008868
2026-04-29,363580,-0.33813207824707026,-0.3735559607496146
2026-04-28,364690,-0.2716647931888295,-0.2716647931888295
2026-04-29,364690,-0.2195678904965216,-0.2542991589580602
2026-04-28,364960,0.1352672803931575,0.1352672803931575
2026-04-29,364960,0.01140956031392324,0.09398137370007942
2026-04-28,364970,-0.4964821133412425,-0.4964821133412425
2026-04-29,364970,-0.4692523167130125,-0.4874055144651659
2026-04-28,364980,-0.3101539605313833,-0.3101539605313833
2026-04-29,364980,-0.3460894679569532,-0.3221324630065733
2026-04-28,364990,0.0287171723178668,0.0287171723178668
2026-04-29,364990,-0.1257052180940189,-0.02275695781942843
2026-04-28,365000,-0.3899380204747038,-0.3899380204747038
2026-04-29,365000,-0.47129643670720567,-0.4170574925522045
2026-04-28,365040,-0.4677952719977326,-0.4677952719977326
2026-04-29,365040,-0.403331324650009,-0.4463072895484914
2026-04-28,365550,-0.130320109111564,-0.130320109111564
2026-04-29,365550,0.006862980760576377,-0.08459241248751721
2026-04-28,365780,-0.2742841400228274,-0.2742841400228274
2026-04-29,365780,-0.1268269144797412,-0.22513173150846535
2026-04-28,367380,-0.3539027834466084,-0.3539027834466084
2026-04-29,367380,-0.37603450900059987,-0.3612800252979389
2026-04-28,367740,0.0458403388253627,0.0458403388253627
2026-04-29,367740,0.06425684275146001,0.05197917346739514
2026-04-28,367760,-0.2359325584673129,-0.2359325584673129
2026-04-29,367760,-0.13009701773461785,-0.2006540448897479
2026-04-28,367770,-0.3899431763947436,-0.3899431763947436
2026-04-29,367770,-0.3968686943554007,-0.3922516823816293
2026-04-28,368190,0.1437766637714529,0.1437766637714529
2026-04-29,368190,0.04543621186258504,0.11099651313516362
2026-04-28,368590,-0.1950070821435909,-0.1950070821435909
2026-04-29,368590,-0.33107931961120024,-0.24036449463279402
2026-04-28,368680,0.1225827319621439,0.1225827319621439
2026-04-29,368680,-0.03344856399580683,0.07057229997616034
2026-04-28,371150,-0.0239292099527558,-0.0239292099527558
2026-04-29,371150,0.05855912905345693,0.003566903049315104
2026-04-28,371160,-0.4553682762344004,-0.4553682762344004
2026-04-29,371160,-0.4404851651713666,-0.45040723921338915
2026-04-28,371450,-0.1570510284197595,-0.1570510284197595
2026-04-29,371450,-0.05231744657232692,-0.1221398344706153
2026-04-28,371460,-0.2310088797402266,-0.2310088797402266
2026-04-29,371460,-0.08120567058228187,-0.18107447668757837
2026-04-28,371470,-0.2341459475857288,-0.2341459475857288
2026-04-29,371470,-0.224434311403238,-0.23090873552489855
2026-04-28,371870,0.0559270167951623,0.0559270167951623
2026-04-29,371870,0.12387315355967501,0.07857572904999988
2026-04-28,372330,-0.3437921555160099,-0.3437921555160099
2026-04-29,372330,-0.23758412665242962,-0.30838947922814985
2026-04-28,372910,-0.1935267903240067,-0.1935267903240067
2026-04-29,372910,-0.19985493205232152,-0.19563617090011165
2026-04-28,373220,-0.4071806360286178,-0.4071806360286178
2026-04-29,373220,-0.49598127539977954,-0.4367808491523384
2026-04-28,373490,-0.3221749115333366,-0.3221749115333366
2026-04-29,373490,-0.23828365557174835,-0.2942111595461405
2026-04-28,373530,-0.0965683367418843,-0.0965683367418843
2026-04-29,373530,-0.09325146445821736,-0.09546271264732867
2026-04-28,373790,0.0180050741357578,0.0180050741357578
2026-04-29,373790,0.005187898368218209,0.013732682213244606
2026-04-28,375270,-0.4611660587509287,-0.4611660587509287
2026-04-29,375270,-0.3854029614830338,-0.4359116929949638
2026-04-28,375500,0.3666132622852164,0.3666132622852164
2026-04-29,375500,0.25543745479128377,0.32955465978723886
2026-04-28,37550K,-0.4849768601447297,-0.4849768601447297
2026-04-29,37550K,-0.5803502868886323,-0.5167680023926973
2026-04-28,37550L,-0.4901752612470574,-0.4901752612470574
2026-04-29,37550L,-0.5120946431153087,-0.4974817218698079
2026-04-28,375760,-0.198868862590274,-0.198868862590274
2026-04-29,375760,-0.07169442862686656,-0.15647738460247154
2026-04-28,375770,-0.1999832177109644,-0.1999832177109644
2026-04-29,375770,-0.19611322282692334,-0.19869321941628404
2026-04-28,376410,-0.4369694034213762,-0.4369694034213762
2026-04-29,376410,-0.4166937978590177,-0.4302108682339234
2026-04-28,377190,0.8362266308061164,0.8362266308061164
2026-04-29,377190,0.6148966000813121,0.7624499538978483
2026-04-28,377300,-0.2065706285840886,-0.2065706285840886
2026-04-29,377300,-0.10434883717978319,-0.17249669811598678
2026-04-28,377740,0.170201417735051,0.170201417735051
2026-04-29,377740,0.10803489095834573,0.14947924214281594
2026-04-28,377990,-0.397501061819586,-0.397501061819586
2026-04-29,377990,-0.4402501462391839,-0.41175075662611865
2026-04-28,378850,0.099661346435082,0.099661346435082
2026-04-29,378850,0.19758208150056253,0.13230159145690884
2026-04-28,379780,-0.182178816196415,-0.182178816196415
2026-04-29,379780,-0.23993483345364197,-0.201430821948824
2026-04-28,379790,-0.3794594503446927,-0.3794594503446927
2026-04-29,379790,-0.3080586837815845,-0.35565919482365665
2026-04-28,379800,-0.3713870931844261,-0.3713870931844261
2026-04-29,379800,-0.36651573951790783,-0.36976330862892004
2026-04-28,379810,-0.2883618346089714,-0.2883618346089714
2026-04-29,379810,-0.3035399270261988,-0.29342119874804723
2026-04-28,380340,-0.4199340452933118,-0.4199340452933118
2026-04-29,380340,-0.3460003585464202,-0.39528948304434797
2026-04-28,381170,-0.295835469908749,-0.295835469908749
2026-04-29,381170,-0.3131209009439454,-0.3015972802538145
2026-04-28,381180,-0.3212552697584283,-0.3212552697584283
2026-04-29,381180,-0.37785770123692564,-0.34012274691792743
2026-04-28,381560,-0.3441383144795548,-0.3441383144795548
2026-04-29,381560,-0.27740251699418317,-0.3218930486510976
2026-04-28,381570,-0.3236270362049106,-0.3236270362049106
2026-04-29,381570,-0.33599099003227384,-0.32774835414736503
2026-04-28,381970,-0.0755541663863458,-0.0755541663863458
2026-04-29,381970,-0.09493287393030085,-0.08201373556766414
2026-04-28,383220,0.0358618736556153,0.0358618736556153
2026-04-29,383220,0.0026748143888973702,0.024799520566709327
2026-04-28,383800,0.4277394198419593,0.4277394198419593
2026-04-29,383800,0.5029536629192872,0.4528108342010686
2026-04-28,38380K,-0.1223262764274047,-0.1223262764274047
2026-04-29,38380K,-0.24083595876526148,-0.16182950387335698
2026-04-28,385510,-0.1962778731909841,-0.1962778731909841
2026-04-29,385510,-0.3486618571467296,-0.24707253450956596
2026-04-28,385520,-0.4151291954112199,-0.4151291954112199
2026-04-29,385520,-0.4109101032050526,-0.4137228313424975
2026-04-28,385540,-0.2507485887919396,-0.2507485887919396
2026-04-29,385540,-0.3686536014073354,-0.2900502596637382
2026-04-28,385550,-0.1781981275480202,-0.1781981275480202
2026-04-29,385550,-0.13476298361498742,-0.1637197462370093
2026-04-28,385560,-0.5309748838100342,-0.5309748838100342
2026-04-29,385560,-0.519875915499928,-0.5272752277066655
2026-04-28,385590,-0.5169511669312201,-0.5169511669312201
2026-04-29,385590,-0.4303625743120718,-0.4880883027248374
2026-04-28,385600,-0.3431810027894834,-0.3431810027894834
2026-04-29,385600,-0.09154517128617995,-0.25930239228838226
2026-04-28,385710,-0.28806312837577,-0.28806312837577
2026-04-29,385710,-0.1217808781323037,-0.23263571162794788
2026-04-28,385720,-0.5322756111314019,-0.5322756111314019
2026-04-29,385720,-0.44567800313024497,-0.5034097417976829
2026-04-28,387270,-0.507048141316806,-0.507048141316806
2026-04-29,387270,-0.42852937953762393,-0.48087522072374533
2026-04-28,387280,-0.2044797533508869,-0.2044797533508869
2026-04-29,387280,-0.15229762188499832,-0.18708570952892403
2026-04-28,388280,0.0585741737551294,0.0585741737551294
2026-04-29,388280,-0.14902771977671997,-0.010626457422153714
2026-04-28,388420,-0.2884440732855681,-0.2884440732855681
2026-04-29,388420,-0.422089717637288,-0.33299262140280805
2026-04-28,390390,-0.2527625485354418,-0.2527625485354418
2026-04-29,390390,-0.2985393141518453,-0.2680214704075763
2026-04-28,390400,-0.1966717487146821,-0.1966717487146821
2026-04-29,390400,-0.2497270924540556,-0.2143568632944733
2026-04-28,391600,-0.1291235806702627,-0.1291235806702627
2026-04-29,391600,-0.15427895431956543,-0.13750870522003028
2026-04-28,391670,-0.0318845816228164,-0.0318845816228164
2026-04-29,391670,-0.2159344001723869,-0.0932345211393399
2026-04-28,394350,-0.2314254474800799,-0.2314254474800799
2026-04-29,394350,-0.22631482394054783,-0.2297219063002359
2026-04-28,394660,-0.4294727563971691,-0.4294727563971691
2026-04-29,394660,-0.46705259742298333,-0.4419993700724405
2026-04-28,394670,-0.1912490866847602,-0.1912490866847602
2026-04-29,394670,-0.16428002790268592,-0.1822594004240688
2026-04-28,395150,-0.064525934037884,-0.064525934037884
2026-04-29,395150,0.0897327498428164,-0.0131063727443172
2026-04-28,395160,-0.4418948733305932,-0.4418948733305932
2026-04-29,395160,-0.3803502110512874,-0.4213799859041579
2026-04-28,395170,-0.4731501618448561,-0.4731501618448561
2026-04-29,395170,-0.40228222289795734,-0.4495275155292232
2026-04-28,395270,-0.3372232575883325,-0.3372232575883325
2026-04-29,395270,-0.07035207023811454,-0.24826619513825987
2026-04-28,395280,-0.0791254376158563,-0.0791254376158563
2026-04-29,395280,-0.052176565265812457,-0.0701424801658417
2026-04-28,395290,-0.1277929243455863,-0.1277929243455863
2026-04-29,395290,-0.09268846545331075,-0.11609143804816113
2026-04-28,395400,0.7877661230612442,0.7877661230612442
2026-04-29,395400,0.33954278255240083,0.6383583428916297
2026-04-28,395750,-0.2454278719562763,-0.2454278719562763
2026-04-29,395750,-0.3156621267305456,-0.2688392902143661
2026-04-28,395760,-0.3531577881877453,-0.3531577881877453
2026-04-29,395760,-0.4387771305174303,-0.38169756896430695
2026-04-28,396500,-0.2344965988593328,-0.2344965988593328
2026-04-29,396500,-0.25682334822986597,-0.24193884864951054
2026-04-28,396510,-0.2799479083211584,-0.2799479083211584
2026-04-29,396510,-0.21419260700930193,-0.2580294745505396
2026-04-28,396520,0.0378231413121592,0.0378231413121592
2026-04-29,396520,-0.03217394874472267,0.014490777959865244
2026-04-28,396690,-0.2914304266701095,-0.2914304266701095
2026-04-29,396690,-0.26572400159761106,-0.28286161831261003
2026-04-28,397420,0.2967907964748291,0.2967907964748291
2026-04-29,397420,0.2136165115645862,0.26906603483808145
2026-04-28,399110,-0.2494985206595953,-0.2494985206595953
2026-04-29,399110,-0.25160989771581255,-0.25020231301166773
2026-04-28,399580,-0.5724357748311001,-0.5724357748311001
2026-04-29,399580,-0.5161743569401598,-0.5536819688674534
2026-04-28,400570,0.1073663292687249,0.1073663292687249
2026-04-29,400570,0.142046013854056,0.11892622413050194
2026-04-28,400580,-0.2206385594698586,-0.2206385594698586
2026-04-29,400580,-0.33840603874072894,-0.25989438589348207
2026-04-28,400590,-0.0079037140468318,-0.0079037140468318
2026-04-29,400590,-0.021251962086572228,-0.012353130060078609
2026-04-28,400760,0.0931716997113517,0.0931716997113517
2026-04-29,400760,0.05245507363522103,0.07959949101930815
2026-04-28,400970,0.0677681346785399,0.0677681346785399
2026-04-29,400970,-0.005923066590034408,0.043204400922348465
2026-04-28,401170,-0.0011303256714589,-0.0011303256714589
2026-04-29,401170,-0.06081604501010133,-0.021025565451006378
2026-04-28,401470,0.007668273861857,0.007668273861857
2026-04-29,401470,-0.0339817355317262,-0.0062150626026707305
2026-04-28,401590,-0.434398310712358,-0.434398310712358
2026-04-29,401590,-0.38148702704168735,-0.41676121615546785
2026-04-28,402340,1.0641199993713255,1.0641199993713255
2026-04-29,402340,0.9175357581283388,1.0152585856236633
2026-04-28,402460,-0.1187167480676399,-0.1187167480676399
2026-04-29,402460,-0.14576811831074088,-0.1277338714820069
2026-04-28,402970,-0.076984478020645,-0.076984478020645
2026-04-29,402970,0.08490240850509437,-0.023022182512065212
2026-04-28,403550,-0.4954822871506253,-0.4954822871506253
2026-04-29,403550,-0.568982198475776,-0.5199822575923423
2026-04-28,403790,-0.2316186203946418,-0.2316186203946418
2026-04-29,403790,-0.04878774314303209,-0.17067499464410524
2026-04-28,404120,-0.2548155937387075,-0.2548155937387075
2026-04-29,404120,-0.23559951797994544,-0.24841023515245347
2026-04-28,404260,-0.2884451409995403,-0.2884451409995403
2026-04-29,404260,-0.3086226596065056,-0.2951709805351954
2026-04-28,404540,0.0105152056600869,0.0105152056600869
2026-04-29,404540,-0.01650371336175368,0.001508899319473375
2026-04-28,404650,-0.3046075367411867,-0.3046075367411867
2026-04-29,404650,-0.37181117460344604,-0.3270087493619398
2026-04-28,404990,0.4558157825334248,0.4558157825334248
2026-04-29,404990,0.3816058596093345,0.43107914155872806
2026-04-28,407160,0.2959823658006305,0.2959823658006305
2026-04-29,407160,0.2940778722117677,0.29534753460434293
2026-04-28,407170,0.2442940736382596,0.2442940736382596
2026-04-29,407170,0.24307709247252568,0.24388841324968163
2026-04-28,407300,-0.0941453846428981,-0.0941453846428981
2026-04-29,407300,0.055732454760277585,-0.04418610484183954
2026-04-28,407310,0.0670543539963248,0.0670543539963248
2026-04-29,407310,0.008865407165892382,0.047658038386180664
2026-04-28,407820,-0.1036576099286877,-0.1036576099286877
2026-04-29,407820,-0.10430569134042264,-0.1038736370659327
2026-04-28,407830,0.2564331219683384,0.2564331219683384
2026-04-29,407830,-0.008516419115310835,0.16811660827378866
2026-04-28,409810,-0.3858573361207849,-0.3858573361207849
2026-04-29,409810,-0.448690797777592,-0.4068018233397206
2026-04-28,409820,-0.1598747185987634,-0.1598747185987634
2026-04-29,409820,-0.13650941474273298,-0.1520862839800866
2026-04-28,410870,-0.3975697169263115,-0.3975697169263115
2026-04-29,410870,-0.28429255035935674,-0.3598106614039933
2026-04-28,411050,-0.1868514036154922,-0.1868514036154922
2026-04-29,411050,-0.1823336649948452,-0.18534549074194323
2026-04-28,411060,0.2508987798791804,0.2508987798791804
2026-04-29,411060,0.1865441144282912,0.22944722472888401
2026-04-28,411420,-0.2217053602666766,-0.2217053602666766
2026-04-29,411420,-0.30932664947859967,-0.250912456670651
2026-04-28,411540,-0.0656098135873407,-0.0656098135873407
2026-04-29,411540,-0.036372077009914565,-0.05586390139486533
2026-04-28,411860,0.2318739585617857,0.2318739585617857
2026-04-29,411860,0.23402651004149164,0.2325914757216877
2026-04-28,412560,-0.0786249995002058,-0.0786249995002058
2026-04-29,412560,-0.1675809554749406,-0.1082769848251174
2026-04-28,412570,-0.2846228253863054,-0.2846228253863054
2026-04-29,412570,-0.24158002412803514,-0.270275224966882
2026-04-28,412770,0.0322592416614502,0.0322592416614502
2026-04-29,412770,-0.07894218770205905,-0.0048079014597195435
2026-04-28,413220,-0.1064271042600192,-0.1064271042600192
2026-04-29,413220,-0.0009718277630329994,-0.07127534542769047
2026-04-28,413930,-0.4392633326302433,-0.4392633326302433
2026-04-29,413930,-0.4087071062966447,-0.4290779238523771
2026-04-28,414270,-0.2406683502002072,-0.2406683502002072
2026-04-29,414270,-0.3407807214480153,-0.2740391406161432
2026-04-28,414780,-0.2251381084178282,-0.2251381084178282
2026-04-29,414780,-0.26007891972079983,-0.23678504551881874
2026-04-28,415340,-0.2226054548873063,-0.2226054548873063
2026-04-29,415340,-0.20369885683865152,-0.2163032555377547
2026-04-28,415640,0.3192362359787676,0.3192362359787676
2026-04-29,415640,0.24739440040036123,0.2952889574526322
2026-04-28,415760,-0.3055307905534056,-0.3055307905534056
2026-04-29,415760,-0.29738135531270576,-0.302814312139839
2026-04-28,415920,-0.0909404036313305,-0.0909404036313305
2026-04-29,415920,-0.06430258770568578,-0.0820611316561156
2026-04-28,416090,-0.0032674073299229,-0.0032674073299229
2026-04-29,416090,0.038380972532145986,0.010615385957433394
2026-04-28,417310,-0.2333673678687834,-0.2333673678687834
2026-04-29,417310,-0.4684006952447504,-0.3117118103274391
2026-04-28,417450,-0.4294672953517039,-0.4294672953517039
2026-04-29,417450,-0.29795043016239764,-0.3856283402886018
2026-04-28,417630,-0.2593280388296131,-0.2593280388296131
2026-04-29,417630,-0.35302196737197866,-0.290559348343735
2026-04-28,418660,-0.1289686365448083,-0.1289686365448083
2026-04-29,418660,-0.14749110202726462,-0.1351427917056271
2026-04-28,418670,-0.2347313796829099,-0.2347313796829099
2026-04-29,418670,-0.18531877264736032,-0.21826051067106006
2026-04-28,419420,-0.1481001199173522,-0.1481001199173522
2026-04-29,419420,-0.20383336988410175,-0.1666778699062687
2026-04-28,419430,-0.3712269088908303,-0.3712269088908303
2026-04-29,419430,-0.3201655008946266,-0.3542064395587624
2026-04-28,419650,-0.5251441153513261,-0.5251441153513261
2026-04-29,419650,-0.5467648429515152,-0.5323510245513892
2026-04-28,419890,-0.1946267427121109,-0.1946267427121109
2026-04-29,419890,-0.26478182344634626,-0.2180117696235227
2026-04-28,421320,-0.2890961113581013,-0.2890961113581013
2026-04-29,421320,-0.05025561772874298,-0.20948261348164857
2026-04-28,422260,0.0577883318156527,0.0577883318156527
2026-04-29,422260,0.17160151307644247,0.09572605890258262
2026-04-28,422420,-0.2908028736971889,-0.2908028736971889
2026-04-29,422420,-0.13362876431374388,-0.2384115039027072
2026-04-28,423160,-0.237302131913171,-0.237302131913171
2026-04-29,423160,-0.45049238701123295,-0.30836555027919166
2026-04-28,423170,-0.4383973911668625,-0.4383973911668625
2026-04-29,423170,-0.4330122015083948,-0.4366023279473733
2026-04-28,423920,-0.1436187890279115,-0.1436187890279115
2026-04-29,423920,-0.275215516011139,-0.18748436468898733
2026-04-28,424460,-0.164828528858554,-0.164828528858554
2026-04-29,424460,-0.2633873091485894,-0.19768145562189915
2026-04-28,426020,-0.2602245282899761,-0.2602245282899761
2026-04-29,426020,-0.2752290790120352,-0.2652260451973292
2026-04-28,426030,-0.3770162180333847,-0.3770162180333847
2026-04-29,426030,-0.3538379527823693,-0.36929012961637964
2026-04-28,426150,-0.4149629428861011,-0.4149629428861011
2026-04-29,426150,-0.44518010350058845,-0.4250353297575969
2026-04-28,426330,-0.2930389637280434,-0.2930389637280434
2026-04-29,426330,-0.2871088111214634,-0.29106224619251675
2026-04-28,427120,-0.0771645552308244,-0.0771645552308244
2026-04-29,427120,0.14250260271915402,-0.003942169247498267
2026-04-28,428510,-0.348334769499146,-0.348334769499146
2026-04-29,428510,-0.3148011985918822,-0.3371569125300581
2026-04-28,428560,-0.2103794808966124,-0.2103794808966124
2026-04-29,428560,-0.2245428704718712,-0.215100610755032
2026-04-28,429000,-0.0265733471321929,-0.0265733471321929
2026-04-29,429000,0.1718218456815088,0.039558383805707656
2026-04-28,429010,-0.2314005135641845,-0.2314005135641845
2026-04-29,429010,-0.24514668009979812,-0.23598256907605575
2026-04-28,429740,-0.4758020315901358,-0.4758020315901358
2026-04-29,429740,-0.4757788250792129,-0.4757942960864948
2026-04-28,429760,-0.3978672581051982,-0.3978672581051982
2026-04-29,429760,-0.1937143474986578,-0.3298162879030181
2026-04-28,429980,-0.4554146322943777,-0.4554146322943777
2026-04-29,429980,-0.3471405999889364,-0.4193232881925639
2026-04-28,430500,-0.2868644454974122,-0.2868644454974122
2026-04-29,430500,-0.1886821002754045,-0.2541369970900763
2026-04-28,432320,-1.266415174697625,-1.266415174697625
2026-04-29,432320,-1.290502357273277,-1.2744442355561758
2026-04-28,432600,-0.1535758613969209,-0.1535758613969209
2026-04-29,432600,-0.16437775404766397,-0.15717649228050193
2026-04-28,432840,-0.4711705373331516,-0.4711705373331516
2026-04-29,432840,-0.36135051087032866,-0.43456386184554396
2026-04-28,433220,-0.3945522621295806,-0.3945522621295806
2026-04-29,433220,-0.2495538617603531,-0.3462194620065048
2026-04-28,433250,-0.2092474128680381,-0.2092474128680381
2026-04-29,433250,-0.18478568250394015,-0.20109350274667215
2026-04-28,433330,-0.4345347831499635,-0.4345347831499635
2026-04-29,433330,-0.4101780129905872,-0.42641585976350477
2026-04-28,433500,-0.3179035021214372,-0.3179035021214372
2026-04-29,433500,-0.3930528751868465,-0.3429532931432403
2026-04-28,433860,-0.2040475278740092,-0.2040475278740092
2026-04-29,433860,-0.19930106145906293,-0.20246537240236046
2026-04-28,433870,-0.2736767827175627,-0.2736767827175627
2026-04-29,433870,-0.2680041688963958,-0.2717859114438404
2026-04-28,433880,-0.3311658447938385,-0.3311658447938385
2026-04-29,433880,-0.34219929296632323,-0.33484366085133344
2026-04-28,433970,-0.1985102189510266,-0.1985102189510266
2026-04-29,433970,-0.04348835009744125,-0.14683626266649816
2026-04-28,433980,-0.2156820294859543,-0.2156820294859543
2026-04-29,433980,-0.2547910878878864,-0.22871838228659835
2026-04-28,434060,-0.3416903192306776,-0.3416903192306776
2026-04-29,434060,-0.3637889500688887,-0.3490565295100813
2026-04-28,434730,-0.3590629857249462,-0.3590629857249462
2026-04-29,434730,-0.381660335486638,-0.36659543564551017
2026-04-28,434960,-0.2296973561631896,-0.2296973561631896
2026-04-29,434960,-0.2351012419903572,-0.23149865143891213
2026-04-28,435040,0.0448410382758143,0.0448410382758143
2026-04-29,435040,0.253396270867783,0.11435944913980386
2026-04-28,435420,-0.3853233443593932,-0.3853233443593932
2026-04-29,435420,-0.2739163178832007,-0.34818766886732905
2026-04-28,435530,-0.2427793416042846,-0.2427793416042846
2026-04-29,435530,-0.14245532665452681,-0.2093380032876987
2026-04-28,435540,-0.0814770871396258,-0.0814770871396258
2026-04-29,435540,-0.18663627976784172,-0.11653015134903111
2026-04-28,435550,0.1282636145978141,0.1282636145978141
2026-04-29,435550,0.02494433907833641,0.09382385609132154
2026-04-28,436140,0.0295458867128029,0.0295458867128029
2026-04-29,436140,0.15899186974659882,0.0726945477240682
2026-04-28,437070,0.0231405615791455,0.0231405615791455
2026-04-29,437070,0.1634850629262075,0.06992206202816616
2026-04-28,437080,-0.2823917720151443,-0.2823917720151443
2026-04-29,437080,-0.30084176313108457,-0.2885417690537911
2026-04-28,437350,-0.3263687566215596,-0.3263687566215596
2026-04-29,437350,-0.5428068641914526,-0.39851479247819066
2026-04-28,437370,0.0092155731896779,0.0092155731896779
2026-04-29,437370,-0.028936824506761737,-0.0035018927091353116
2026-04-28,438080,-0.3360692691633349,-0.3360692691633349
2026-04-29,438080,-0.3772502395114842,-0.3497962592793847
2026-04-28,438100,-0.0599286783694494,-0.0599286783694494
2026-04-29,438100,-0.15983158000764186,-0.09322964558218022
2026-04-28,438320,-0.3888746839400958,-0.3888746839400958
2026-04-29,438320,-0.43903099022418957,-0.4055934527014604
2026-04-28,438330,-0.1166648760980909,-0.1166648760980909
2026-04-29,438330,-0.10889571319385077,-0.11407515513001086
2026-04-28,438560,-0.2207761609122666,-0.2207761609122666
2026-04-29,438560,-0.28426850948440385,-0.24194027710297902
2026-04-28,438570,-0.4122758397195096,-0.4122758397195096
2026-04-29,438570,-0.2646162193885621,-0.36305596627586045
2026-04-28,438740,-0.2587825280421793,-0.2587825280421793
2026-04-29,438740,-0.39330396755966823,-0.30362300788134233
2026-04-28,438900,0.012999919576628,0.012999919576628
2026-04-29,438900,-0.13716478971128754,-0.037054983519343845
2026-04-28,439260,0.1904634579694794,0.1904634579694794
2026-04-29,439260,0.18220272623653816,0.18770988072516565
2026-04-28,439860,-0.4050727414394736,-0.4050727414394736
2026-04-29,439860,-0.3442180358297432,-0.38478783956956353
2026-04-28,439870,-0.5451422743615324,-0.5451422743615324
2026-04-29,439870,-0.4760263836716949,-0.5221036441315866
2026-04-28,440340,0.1089921812487667,0.1089921812487667
2026-04-29,440340,-0.08347791140066413,0.04483548369895644
2026-04-28,440640,-0.0264949315084052,-0.0264949315084052
2026-04-29,440640,0.07003082666224059,0.005680321215143391
2026-04-28,440650,-0.2097193498565926,-0.2097193498565926
2026-04-29,440650,-0.20656366873746262,-0.20866745615021595
2026-04-28,440910,-0.3789197371577757,-0.3789197371577757
2026-04-29,440910,-0.21162564331254846,-0.32315503920936667
2026-04-28,441330,0.184657433287127,0.184657433287127
2026-04-29,441330,0.1842336865154852,0.1845161843632464
2026-04-28,441540,-0.6289942412171703,-0.6289942412171703
2026-04-29,441540,-0.5329455136841396,-0.5969779987061601
2026-04-28,441640,-0.1020243160937804,-0.1020243160937804
2026-04-29,441640,-0.00020468446257484313,-0.06808443888337856
2026-04-28,441680,-0.1354192864990535,-0.1354192864990535
2026-04-29,441680,-0.10028978739418562,-0.12370945346409754
2026-04-28,441800,-0.2379977771372736,-0.2379977771372736
2026-04-29,441800,-0.14535396247884164,-0.20711650558446296
2026-04-28,442090,-0.559225497880949,-0.559225497880949
2026-04-29,442090,-0.4835915749073777,-0.5340141902230919
2026-04-28,442260,-0.2128199351785856,-0.2128199351785856
2026-04-29,442260,-0.20048641792354957,-0.20870876276024028
2026-04-28,442320,-0.282635269446593,-0.282635269446593
2026-04-29,442320,-0.36150999620324575,-0.30892684503214396
2026-04-28,442550,-0.5161251617375274,-0.5161251617375274
2026-04-29,442550,-0.44865134165539045,-0.4936338883768151
2026-04-28,442560,-0.4387324601617816,-0.4387324601617816
2026-04-29,442560,-0.4124394309196877,-0.4299681170810836
2026-04-28,442570,-0.3006300000297716,-0.3006300000297716
2026-04-29,442570,-0.22396486861148332,-0.2750749562236755
2026-04-28,442580,-0.438063560335213,-0.438063560335213
2026-04-29,442580,-0.4997340144916722,-0.4586203783873661
2026-04-28,443060,0.0567720020875781,0.0567720020875781
2026-04-29,443060,0.03837545224564724,0.05063981880693449
2026-04-28,444200,-0.3821772527562916,-0.3821772527562916
2026-04-29,444200,-0.443932511783686,-0.4027623390987564
2026-04-28,444490,-0.1173258424898737,-0.1173258424898737
2026-04-29,444490,-0.02800676945525659,-0.08755281814500133
2026-04-28,445150,-0.3118092758589778,-0.3118092758589778
2026-04-29,445150,-0.4370962688814739,-0.3535716068664765
2026-04-28,445290,-0.3610915752770013,-0.3610915752770013
2026-04-29,445290,-0.3134411911020666,-0.34520811388535644
2026-04-28,445690,-0.3544857288331733,-0.3544857288331733
2026-04-29,445690,-0.4536875259348978,-0.38755299453374814
2026-04-28,445910,0.0021387002913529,0.0021387002913529
2026-04-29,445910,-0.12607214683155207,-0.04059824874961542
2026-04-28,446070,0.778597716583403,0.778597716583403
2026-04-29,446070,0.8402358199247832,0.7991437510305299
2026-04-28,446690,0.0671971684706303,0.0671971684706303
2026-04-29,446690,-0.011524228486624648,0.04095670281821199
2026-04-28,446700,0.1202641784762688,0.1202641784762688
2026-04-29,446700,0.0967750478180868,0.11243446825687481
2026-04-28,446720,0.0107912361235334,0.0107912361235334
2026-04-29,446720,0.11578304724483271,0.04578850649729983
2026-04-28,446770,-0.3980444578066947,-0.3980444578066947
2026-04-29,446770,-0.36659335208198063,-0.38756075589845673
2026-04-28,447430,-0.399409202766456,-0.399409202766456
2026-04-29,447430,-0.10391303439494823,-0.30091047997595344
2026-04-28,447620,-0.1631164726975683,-0.1631164726975683
2026-04-29,447620,-0.3759191182165775,-0.23405068787057134
2026-04-28,447660,-0.1701540205004837,-0.1701540205004837
2026-04-29,447660,-0.11118045005059479,-0.15049616368385407
2026-04-28,447770,-0.0401451128325474,-0.0401451128325474
2026-04-29,447770,0.18622419355237516,0.03531132262909344
2026-04-28,448100,-0.4185103106785541,-0.4185103106785541
2026-04-29,448100,-0.4570020568860952,-0.43134089274773446
2026-04-28,448290,0.0979148477464728,0.0979148477464728
2026-04-29,448290,0.08805188136685568,0.09462719228660044
2026-04-28,448300,0.027036287743631,0.027036287743631
2026-04-29,448300,-0.2496928674838626,-0.06520676399886687
2026-04-28,448330,-0.2244990025996594,-0.2244990025996594
2026-04-29,448330,-0.0190408622009342,-0.15601295580008437
2026-04-28,448490,-0.1093174465330066,-0.1093174465330066
2026-04-29,448490,-0.1418691720542765,-0.12016802170676323
2026-04-28,448540,-0.2380363007982812,-0.2380363007982812
2026-04-29,448540,-0.229653520727878,-0.23524204077481348
2026-04-28,448570,-0.1665405845465482,-0.1665405845465482
2026-04-29,448570,-0.21818740152177335,-0.1837561902049566
2026-04-28,448600,-0.1667333415132609,-0.1667333415132609
2026-04-29,448600,-0.16248319574673864,-0.1653166262577535
2026-04-28,448630,-0.4477039916179921,-0.4477039916179921
2026-04-29,448630,-0.43100034020795963,-0.442136107814648
2026-04-28,448730,-0.3411437130824795,-0.3411437130824795
2026-04-29,448730,-0.4691130090722238,-0.3838001450790609
2026-04-28,449170,0.2799568445135934,0.2799568445135934
2026-04-29,449170,0.020057448702024673,0.19332371257640382
2026-04-28,449180,-0.0171560074096638,-0.0171560074096638
2026-04-29,449180,-0.1300178508083692,-0.05477662187589893
2026-04-28,449190,-0.114492460199864,-0.114492460199864
2026-04-29,449190,-0.16257735174763194,-0.13052075738245333
2026-04-28,449450,-0.4389615624102639,-0.4389615624102639
2026-04-29,449450,-0.3972968201242493,-0.4250733149815924
2026-04-28,449580,-0.1419106501673063,-0.1419106501673063
2026-04-29,449580,-0.21241344048635288,-0.16541158027365516
2026-04-28,449680,0.0334052574631679,0.0334052574631679
2026-04-29,449680,-0.007009133538506955,0.01993379379594295
2026-04-28,449690,-0.1580239498576802,-0.1580239498576802
2026-04-29,449690,0.1092647626014748,-0.06892771237129522
2026-04-28,449770,-0.2453884664128887,-0.2453884664128887
2026-04-29,449770,-0.2114931086782137,-0.2340900138346637
2026-04-28,449780,-0.3938344538867795,-0.3938344538867795
2026-04-29,449780,-0.3486078512505282,-0.37875891967469577
2026-04-28,450080,-0.4472285832046608,-0.4472285832046608
2026-04-29,450080,-0.49869875131338054,-0.46438530590756744
2026-04-28,450140,-0.0826398966924884,-0.0826398966924884
2026-04-29,450140,-0.07950828832775082,-0.08159602723757589
2026-04-28,45014K,-0.0541465618208771,-0.0541465618208771
2026-04-29,45014K,-0.0513939468583411,-0.053229023500031766
2026-04-28,450180,0.0073725982596782,0.0073725982596782
2026-04-29,450180,-0.0724154393820334,-0.019223414287559
2026-04-28,450190,-0.5729252224277922,-0.5729252224277922
2026-04-29,450190,-0.502679490998545,-0.5495099786180432
2026-04-28,450910,0.1076671617137658,0.1076671617137658
2026-04-29,450910,0.024379718338474778,0.0799046805886688
2026-04-28,451000,-0.2698669437328923,-0.2698669437328923
2026-04-29,451000,-0.08028195894041665,-0.20667194880206707
2026-04-28,451060,-0.4262272057604398,-0.4262272057604398
2026-04-29,451060,-0.457381158672283,-0.4366118567310543
2026-04-28,451150,0.1825458760691861,0.1825458760691861
2026-04-29,451150,0.268005071905008,0.21103227468112673
2026-04-28,451530,0.0484788295956308,0.0484788295956308
2026-04-29,451530,-0.16449004547606536,-0.022510795428267907
2026-04-28,451540,-0.3091768538767303,-0.3091768538767303
2026-04-29,451540,-0.054252647488346385,-0.22420211841393567
2026-04-28,451600,-0.3502846907246564,-0.3502846907246564
2026-04-29,451600,-0.42572223221775474,-0.37543053788902253
2026-04-28,451670,-0.4893514805286498,-0.4893514805286498
2026-04-29,451670,-0.5227293489488194,-0.5004774366687064
2026-04-28,451800,-0.3069508746288995,-0.3069508746288995
2026-04-29,451800,-0.3576869393663259,-0.32386289620804165
2026-04-28,452250,0.0806242087910647,0.0806242087910647
2026-04-29,452250,0.035312518343572415,0.06552031197523395
2026-04-28,452260,-0.2029269981449263,-0.2029269981449263
2026-04-29,452260,-0.1501671832008513,-0.18534039316356798
2026-04-28,45226K,-0.2059354393119819,-0.2059354393119819
2026-04-29,45226K,-0.3021532023460776,-0.23800802699001383
2026-04-28,452360,0.0283358603841845,0.0283358603841845
2026-04-29,452360,-0.0025030471370669147,0.018056224543767364
2026-04-28,452440,-0.1154161878639669,-0.1154161878639669
2026-04-29,452440,0.0608953510643015,-0.056645674887877445
2026-04-28,453010,-0.2636306917583642,-0.2636306917583642
2026-04-29,453010,-0.24855297993572523,-0.2586047878174845
2026-04-28,453060,-0.2596332188402895,-0.2596332188402895
2026-04-29,453060,-0.3042402236605001,-0.2745022204470264
2026-04-28,453080,-0.2157931825695199,-0.2157931825695199
2026-04-29,453080,-0.22426249748528698,-0.2186162875414423
2026-04-28,453330,-0.2784083340691206,-0.2784083340691206
2026-04-29,453330,-0.27810045039870357,-0.2783057061789816
2026-04-28,453340,-0.0315584150226485,-0.0315584150226485
2026-04-29,453340,0.05284317441973394,-0.003424551875187691
2026-04-28,453540,0.1498192101783674,0.1498192101783674
2026-04-29,453540,0.1498588509590124,0.14983242377191575
2026-04-28,453630,0.2343793714849498,0.2343793714849498
2026-04-29,453630,0.021966465560102517,0.16357506951000073
2026-04-28,453640,-0.1446418105261354,-0.1446418105261354
2026-04-29,453640,-0.36261651227309344,-0.21730004444178808
2026-04-28,453650,-0.3716087979181447,-0.3716087979181447
2026-04-29,453650,-0.28401982055069913,-0.3424124721289962
2026-04-28,453660,0.045345038381304,0.045345038381304
2026-04-29,453660,0.009282662120452236,0.03332424629435342
2026-04-28,453810,-0.2992066979338368,-0.2992066979338368
2026-04-29,453810,-0.36872979639391157,-0.3223810640871951
2026-04-28,453820,-0.3173943522450552,-0.3173943522450552
2026-04-29,453820,-0.27850771844936334,-0.3044321409798246
2026-04-28,453850,-0.1877634341044833,-0.1877634341044833
2026-04-29,453850,-0.31179658965447854,-0.22910781928781504
2026-04-28,453870,-0.2319186776698893,-0.2319186776698893
2026-04-29,453870,-0.1607491071250863,-0.2081954874882883
2026-04-28,453950,-0.1865173220420699,-0.1865173220420699
2026-04-29,453950,-0.1874169408439562,-0.186817194976032
2026-04-28,454180,-0.1590752145149463,-0.1590752145149463
2026-04-29,454180,-0.1738362683685325,-0.16399556579947505
2026-04-28,454320,-0.3607146603395705,-0.3607146603395705
2026-04-29,454320,-0.44257115872869,-0.3880001598026104
2026-04-28,454780,-0.0503396495487828,-0.0503396495487828
2026-04-29,454780,-0.21282991418091862,-0.10450307109282808
2026-04-28,454910,-0.5079323400974101,-0.5079323400974101
2026-04-29,454910,-0.5485675903828022,-0.5214774235258741
2026-04-28,455030,-0.2925941620651194,-0.2925941620651194
2026-04-29,455030,-0.28248384529306153,-0.2892240564744335
2026-04-28,455660,-0.0423945592806154,-0.0423945592806154
2026-04-29,455660,-0.05187655164410771,-0.045555223401779504
2026-04-28,455850,-0.5241314910699788,-0.5241314910699788
2026-04-29,455850,-0.5263548207573591,-0.5248726009657723
2026-04-28,455860,0.0462419164600486,0.0462419164600486
2026-04-29,455860,-0.0923991821922732,2.8216909274670493e-05
2026-04-28,455890,-0.3640597908827931,-0.3640597908827931
2026-04-29,455890,-0.3799468917593266,-0.36935549117497096
2026-04-28,455960,0.0637152398984528,0.0637152398984528
2026-04-29,455960,-0.12474611609844505,0.000894787899486861
2026-04-28,456040,-0.3473515216491967,-0.3473515216491967
2026-04-29,456040,-0.38084918190863987,-0.3585174084023445
2026-04-28,456200,-0.1768601522121315,-0.1768601522121315
2026-04-29,456200,-0.19984383479454282,-0.18452137973960195
2026-04-28,456250,-0.2773795743464101,-0.2773795743464101
2026-04-29,456250,-0.35767874517393883,-0.304145964622253
2026-04-28,456600,-0.4342433356909431,-0.4342433356909431
2026-04-29,456600,-0.4122796523185577,-0.42692210790014795
2026-04-28,456610,0.0777140020221111,0.0777140020221111
2026-04-29,456610,0.1488864754144377,0.1014381598195533
2026-04-28,456680,-0.2005846056254908,-0.2005846056254908
2026-04-29,456680,0.3550033898698721,-0.015388607127036519
2026-04-28,456880,-0.0834743887025864,-0.0834743887025864
2026-04-29,456880,-0.016538720291430824,-0.06116249923220122
2026-04-28,457190,-0.4972904492898134,-0.4972904492898134
2026-04-29,457190,-0.435766599968807,-0.47678249951614465
2026-04-28,457480,0.1051689628097925,0.1051689628097925
2026-04-29,457480,-0.13012429667986739,0.026737876313239213
2026-04-28,457690,-0.209085017750802,-0.209085017750802
2026-04-29,457690,-0.05887399894776182,-0.15901467814978862
2026-04-28,457700,-0.5499859304308278,-0.5499859304308278
2026-04-29,457700,0.2506393573985887,-0.283110834487689
2026-04-28,457930,-0.2310151920416916,-0.2310151920416916
2026-04-29,457930,-0.14558630704376996,-0.20253889704238442
2026-04-28,457990,-0.4598294202182654,-0.4598294202182654
2026-04-29,457990,-0.4641466474856726,-0.4612684959740678
2026-04-28,458030,-0.0587193675032394,-0.0587193675032394
2026-04-29,458030,-0.2186480639357502,-0.11202893298074301
2026-04-28,458210,-0.1645071930018689,-0.1645071930018689
2026-04-29,458210,-0.18630072419556915,-0.171771703399769
2026-04-28,458250,-0.2538981344825621,-0.2538981344825621
2026-04-29,458250,-0.229288383753266,-0.2456948842394634
2026-04-28,458260,-0.3884812043016354,-0.3884812043016354
2026-04-29,458260,-0.47548611152518083,-0.4174828400428172
2026-04-28,458730,-0.0869355570694084,-0.0869355570694084
2026-04-29,458730,0.22733949886189833,0.017822794907693826
2026-04-28,458750,-0.0938029109254618,-0.0938029109254618
2026-04-29,458750,0.09147349821693326,-0.03204410787799679
2026-04-28,458760,0.0937933566262581,0.0937933566262581
2026-04-29,458760,0.08081147645994127,0.08946606323748582
2026-04-28,459370,0.078040131557779,0.078040131557779
2026-04-29,459370,0.07903451481893345,0.07837159264483048
2026-04-28,459560,-0.4166920879413733,-0.4166920879413733
2026-04-29,459560,-0.33495207050831954,-0.38944541546368877
2026-04-28,459580,-0.1284193713538205,-0.1284193713538205
2026-04-29,459580,0.0073757807881492735,-0.08315432063983058
2026-04-28,459750,-0.1817626239581985,-0.1817626239581985
2026-04-29,459750,-0.19817816462285395,-0.18723447084641698
2026-04-28,459790,-0.0648458269549348,-0.0648458269549348
2026-04-29,459790,0.2222603355351976,0.030856227208442673
2026-04-28,460270,-0.4038423850319887,-0.4038423850319887
2026-04-29,460270,-0.47729435129895537,-0.42832637378764427
2026-04-28,460280,-0.2626563955512238,-0.2626563955512238
2026-04-29,460280,-0.25713036527475497,-0.26081438545906754
2026-04-28,460660,-0.3588349986742472,-0.3588349986742472
2026-04-29,460660,-0.22096985974445096,-0.3128799523643151
2026-04-28,460850,0.2270483630030249,0.2270483630030249
2026-04-29,460850,0.22218147504281255,0.22542606701628745
2026-04-28,460860,0.0513462688516265,0.0513462688516265
2026-04-29,460860,-0.09211697415472438,0.003525187849509545
2026-04-28,460960,-0.2440278562813697,-0.2440278562813697
2026-04-29,460960,-0.3202855853874199,-0.2694470993167198
2026-04-28,461270,-0.0220306054931594,-0.0220306054931594
2026-04-29,461270,-0.23386825616770296,-0.09264315571800726
2026-04-28,461340,-0.4405142123667758,-0.4405142123667758
2026-04-29,461340,-0.42253011421691766,-0.4345195129834898
2026-04-28,461450,-0.0757418292318095,-0.0757418292318095
2026-04-29,461450,-0.13300429909656916,-0.09482931918672939
2026-04-28,461460,-0.0690121549925644,-0.0690121549925644
2026-04-29,461460,0.2213549110784702,0.027776867031113782
2026-04-28,461490,0.1391167851785479,0.1391167851785479
2026-04-29,461490,0.08272207523212266,0.12031854852973949
2026-04-28,461500,-0.2565199652743857,-0.2565199652743857
2026-04-29,461500,-0.25941581404749736,-0.2574852481987563
2026-04-28,461580,-0.0300900674146519,-0.0300900674146519
2026-04-29,461580,0.18147967036005694,0.04043317851025104
2026-04-28,461600,-0.3088363718606156,-0.3088363718606156
2026-04-29,461600,0.18613757690961538,-0.14384505560387195
2026-04-28,461900,-0.1122799565318156,-0.1122799565318156
2026-04-29,461900,-0.05173516006713127,-0.09209835771025418
2026-04-28,461910,0.0055580847259495,0.0055580847259495
2026-04-29,461910,-0.07263234448394987,-0.020505391677350285
2026-04-28,461950,-0.0761977299594855,-0.0761977299594855
2026-04-29,461950,-0.14873003118434241,-0.10037516370110447
2026-04-28,462010,0.2818874571230166,0.2818874571230166
2026-04-29,462010,0.23666624493339358,0.2668137197264756
2026-04-28,462330,-0.1132584022634161,-0.1132584022634161
2026-04-29,462330,-0.0853668869420866,-0.10396123048963961
2026-04-28,462340,-0.3494903426270502,-0.3494903426270502
2026-04-29,462340,-0.3908995957096785,-0.3632934269879263
2026-04-28,462520,-0.2040143129952023,-0.2040143129952023
2026-04-29,462520,-0.170415793297216,-0.1928148064292069
2026-04-28,462540,0.1782640129123366,0.1782640129123366
2026-04-29,462540,0.17792530582279817,0.17815111054915714
2026-04-28,462870,-0.40016330817229,-0.40016330817229
2026-04-29,462870,-0.5458599088680578,-0.44872884173754596
2026-04-28,462900,0.1086718866329182,0.1086718866329182
2026-04-29,462900,0.13222039917100822,0.11652139081228155
2026-04-28,463050,-0.0909005979525529,-0.0909005979525529
2026-04-29,463050,-0.007523729628493535,-0.06310830851119978
2026-04-28,463250,-0.5078716810981603,-0.5078716810981603
2026-04-29,463250,-0.4964948736176691,-0.5040794119379965
2026-04-28,463290,-0.2596692543745214,-0.2596692543745214
2026-04-29,463290,-0.3189647873516722,-0.27943443203357166
2026-04-28,463300,-0.1969214680683034,-0.1969214680683034
2026-04-29,463300,-0.2308901056604738,-0.20824434726569355
2026-04-28,463640,-0.0047398826879686,-0.0047398826879686
2026-04-29,463640,-0.03748714018073623,-0.015655635185557806
2026-04-28,463680,-0.4282848055059299,-0.4282848055059299
2026-04-29,463680,-0.4174968687026137,-0.4246888265714912
2026-04-28,463690,0.1428322049002014,0.1428322049002014
2026-04-29,463690,0.4018931184986628,0.2291858427663552
2026-04-28,464060,-0.0517858009435668,-0.0517858009435668
2026-04-29,464060,-0.04906458675600879,-0.050878729547714135
2026-04-28,464240,0.2462891297635993,0.2462891297635993
2026-04-29,464240,0.16256363450320319,0.21838063134346725
2026-04-28,464310,-0.1270552405207754,-0.1270552405207754
2026-04-29,464310,0.07403081600876002,-0.06002655501093028
2026-04-28,464470,-0.0647606147509683,-0.0647606147509683
2026-04-29,464470,-0.27265102367285193,-0.13405741772492952
2026-04-28,464600,-0.284043810977969,-0.284043810977969
2026-04-29,464600,-0.3497330101049583,-0.3059402106869654
2026-04-28,464610,0.0749797390585831,0.0749797390585831
2026-04-29,464610,-0.17835868836649257,-0.009466403416442115
2026-04-28,464920,-0.1568760963274408,-0.1568760963274408
2026-04-29,464920,-0.30866727224746804,-0.2074731549674499
2026-04-28,464930,0.0380070624176791,0.0380070624176791
2026-04-29,464930,0.18210347440298966,0.08603919974611596
2026-04-28,465330,-0.4527360915723584,-0.4527360915723584
2026-04-29,465330,-0.29016305515488616,-0.398545079433201
2026-04-28,465350,-0.231180186724799,-0.231180186724799
2026-04-29,465350,-0.33415588669026697,-0.2655054200466217
2026-04-28,465580,-0.1692209559210923,-0.1692209559210923
2026-04-29,465580,-0.11409043104984956,-0.15084411429734473
2026-04-28,465610,-0.1366404586901127,-0.1366404586901127
2026-04-29,465610,-0.11805299703514657,-0.13044463813845733
2026-04-28,465620,-0.3498585874245395,-0.3498585874245395
2026-04-29,465620,-0.34979567763941244,-0.3498376174961638
2026-04-28,465660,-0.2056071200641868,-0.2056071200641868
2026-04-29,465660,0.13716471892198465,-0.09134984040212968
2026-04-28,465670,0.1376065942022341,0.1376065942022341
2026-04-29,465670,0.26502379188180836,0.18007899342875885
2026-04-28,465770,-0.0361126114732482,-0.0361126114732482
2026-04-29,465770,-0.025605244020032027,-0.03261015565550948
2026-04-28,465780,-0.3028060150889366,-0.3028060150889366
2026-04-29,465780,-0.31294422531701055,-0.3061854184982946
2026-04-28,466400,-0.0536064503185866,-0.0536064503185866
2026-04-29,466400,-0.05086101944653154,-0.05269130669456826
2026-04-28,466810,0.0751520783833395,0.0751520783833395
2026-04-29,466810,0.10171538567095331,0.08400651414587744
2026-04-28,466920,-0.0622282545685993,-0.0622282545685993
2026-04-29,466920,-0.03812086753493631,-0.05419245889071164
2026-04-28,466930,-0.4248786128433883,-0.4248786128433883
2026-04-29,466930,-0.42466967735017536,-0.424808967678984
2026-04-28,466940,-0.1921497031134901,-0.1921497031134901
2026-04-29,466940,-0.12695385411125437,-0.17041775344607824
2026-04-28,466950,-0.4247331796928589,-0.4247331796928589
2026-04-29,466950,-0.32787900456697344,-0.3924484546508971
2026-04-28,467620,-0.0239835408779852,-0.0239835408779852
2026-04-29,467620,-0.02163212802040926,-0.023199736592126555
2026-04-28,467940,-0.2890086141309223,-0.2890086141309223
2026-04-29,467940,-0.2831320697071948,-0.2870497659896798
2026-04-28,468370,-0.0677820179533998,-0.0677820179533998
2026-04-29,468370,0.14079170838293284,0.001742557492044404
2026-04-28,468380,0.1171987176374981,0.1171987176374981
2026-04-29,468380,-0.11762743253348415,0.038923334247170704
2026-04-28,468630,-0.3035391324564546,-0.3035391324564546
2026-04-29,468630,-0.2287529517918393,-0.2786104055682495
2026-04-28,468820,-0.1872681266848944,-0.1872681266848944
2026-04-29,468820,-0.18274484517870737,-0.18576036618283207
2026-04-28,469050,-0.1531249598620876,-0.1531249598620876
2026-04-29,469050,-0.008616015986391272,-0.10495531190352217
2026-04-28,469060,-0.3470203862456537,-0.3470203862456537
2026-04-29,469060,-0.4376307814074303,-0.37722385129957925
2026-04-28,469070,-0.007583510722564,-0.007583510722564
2026-04-29,469070,0.015494178449232933,0.00010905233470164324
2026-04-28,469150,-0.3978559759332468,-0.3978559759332468
2026-04-29,469150,-0.2940743242825825,-0.36326209204969206
2026-04-28,469160,-0.2287951507673483,-0.2287951507673483
2026-04-29,469160,-0.1521444880543586,-0.2032449298630184
2026-04-28,469170,0.0443121344165174,0.0443121344165174
2026-04-29,469170,-0.04342512312721939,0.015066381901938474
2026-04-28,469530,0.1842975442512222,0.1842975442512222
2026-04-29,469530,0.06912578072161377,0.1459069564080194
2026-04-28,469790,-0.1819566243644326,-0.1819566243644326
2026-04-29,469790,-0.4012077632393526,-0.2550403373227393
2026-04-28,469830,-0.1839349638370149,-0.1839349638370149
2026-04-29,469830,-0.18692185738712586,-0.18493059502038522
2026-04-28,470310,0.0219772325381675,0.0219772325381675
2026-04-29,470310,-0.1250012663047067,-0.02701560040945723
2026-04-28,471040,-0.2379106847803712,-0.2379106847803712
2026-04-29,471040,-0.22922376799953414,-0.23501504585342553
2026-04-28,471230,-0.4385369672642655,-0.4385369672642655
2026-04-29,471230,-0.45571458287037037,-0.44426283913296716
2026-04-28,471460,-0.3471532383924427,-0.3471532383924427
2026-04-29,471460,-0.4977116590433912,-0.3973393786094256
2026-04-28,471760,-0.6431117142250486,-0.6431117142250486
2026-04-29,471760,-0.5804405692385688,-0.6222213325628887
2026-04-28,471780,-0.4036864298921877,-0.4036864298921877
2026-04-29,471780,-0.3356189833345068,-0.3809972810396275
2026-04-28,471990,-0.382352572551853,-0.382352572551853
2026-04-29,471990,-0.38128147577925997,-0.38199554029432203
2026-04-28,472150,-0.3550854685878732,-0.3550854685878732
2026-04-29,472150,-0.3041679813818473,-0.3381129728525313
2026-04-28,472160,-0.1587286513071869,-0.1587286513071869
2026-04-29,472160,-0.2070674649612646,-0.17484158919187948
2026-04-28,472170,-0.2818882928443448,-0.2818882928443448
2026-04-29,472170,-0.38132301193759355,-0.31503319920876105
2026-04-28,472350,0.3226236752648803,0.3226236752648803
2026-04-29,472350,0.320364822294834,0.32187072427486485
2026-04-28,472720,-0.281506174999256,-0.281506174999256
2026-04-29,472720,0.06309821703298091,-0.1666380443218437
2026-04-28,472830,-0.0304657912259408,-0.0304657912259408
2026-04-29,472830,-0.000360180534515607,-0.020430587662132405
2026-04-28,472840,-0.3518005968194956,-0.3518005968194956
2026-04-29,472840,-0.41480623271269923,-0.3728024754505635
2026-04-28,472870,-0.1176351220010869,-0.1176351220010869
2026-04-29,472870,-0.06770142752105285,-0.10099055717440888
2026-04-28,472920,-0.332738807272899,-0.332738807272899
2026-04-29,472920,-0.4838901226791764,-0.3831225790749915
2026-04-28,473290,0.0088171807007061,0.0088171807007061
2026-04-29,473290,0.19443626581482368,0.07069020907207862
2026-04-28,473330,-0.2601279107819221,-0.2601279107819221
2026-04-29,473330,-0.2398988495106461,-0.2533848903581635
2026-04-28,473440,-0.2186108207835987,-0.2186108207835987
2026-04-29,473440,-0.3354162365259479,-0.25754595936438174
2026-04-28,473460,-0.1034451213978459,-0.1034451213978459
2026-04-29,473460,-0.14689018207479962,-0.1179268082901638
2026-04-28,473490,-0.3847939831110085,-0.3847939831110085
2026-04-29,473490,-0.3045688253699595,-0.3580522638639922
2026-04-28,473590,-0.2035999241530489,-0.2035999241530489
2026-04-29,473590,-0.17013434769090283,-0.19244473199900022
2026-04-28,473640,0.3220772263416962,0.3220772263416962
2026-04-29,473640,0.16704457246375345,0.27039967504904866
2026-04-28,474220,-0.1009978225250103,-0.1009978225250103
2026-04-29,474220,-0.09222386807095795,-0.0980731710403262
2026-04-28,474390,0.1500369112999491,0.1500369112999491
2026-04-29,474390,-0.0711809401039061,0.07629762749866403
2026-04-28,474590,-0.2706861800485116,-0.2706861800485116
2026-04-29,474590,-0.2105549598051685,-0.2506424399673972
2026-04-28,474800,-0.2686792406433132,-0.2686792406433132
2026-04-29,474800,-0.4786186192072388,-0.3386590334979551
2026-04-28,474920,-0.0170676479954765,-0.0170676479954765
2026-04-29,474920,0.2958339482704878,0.08723288409317827
2026-04-28,475050,-0.375725733525484,-0.375725733525484
2026-04-29,475050,-0.31751415096779645,-0.3563218726729215
2026-04-28,475070,-0.2487407529344756,-0.2487407529344756
2026-04-29,475070,-0.33740122422923946,-0.27829424336606357
2026-04-28,475080,-0.1298738282234697,-0.1298738282234697
2026-04-29,475080,-0.1926511198950019,-0.15079959211398045
2026-04-28,475150,0.4426508806424519,0.4426508806424519
2026-04-29,475150,0.41790373503056233,0.43440183210515537
2026-04-28,475260,0.1095535967769102,0.1095535967769102
2026-04-29,475260,0.3070418307115703,0.17538300808846358
2026-04-28,475270,0.1962279857091591,0.1962279857091591
2026-04-29,475270,0.1557483224618593,0.18273476462672583
2026-04-28,475280,0.1593203402502196,0.1593203402502196
2026-04-29,475280,0.05579828660389125,0.12481298903477683
2026-04-28,475300,0.1979881965279904,0.1979881965279904
2026-04-29,475300,0.23149558261920675,0.20915732522506253
2026-04-28,475310,-0.3521594734810099,-0.3521594734810099
2026-04-29,475310,-0.4479339032542927,-0.38408428340543754
2026-04-28,475350,-0.0271012000738678,-0.0271012000738678
2026-04-29,475350,0.006540741340209967,-0.015887219602508548
2026-04-28,475380,-0.2354004173281842,-0.2354004173281842
2026-04-29,475380,-0.38481942751862375,-0.28520675405833074
2026-04-28,475560,-0.3908257571253212,-0.3908257571253212
2026-04-29,475560,-0.48605896929559717,-0.4225701611820799
2026-04-28,475630,-0.0338233408702546,-0.0338233408702546
2026-04-29,475630,-0.13130788487241896,-0.06631818887097606
2026-04-28,475720,-0.2487493921718551,-0.2487493921718551
2026-04-29,475720,-0.2392560924171957,-0.245584958920302
2026-04-28,476000,-0.3622630505082369,-0.3622630505082369
2026-04-29,476000,-0.3463514500576147,-0.3569591836913628
2026-04-28,476030,-0.1562865868065128,-0.1562865868065128
2026-04-29,476030,-0.2059012674911221,-0.17282481370138258
2026-04-28,476070,-0.0612183822919609,-0.0612183822919609
2026-04-29,476070,-0.07213920102026958,-0.06485865520139714
2026-04-28,476260,0.1719427293460518,0.1719427293460518
2026-04-29,476260,0.07219328780213083,0.13869291549807816
2026-04-28,476310,-0.3057116175509404,-0.3057116175509404
2026-04-29,476310,-0.1641788465885684,-0.25853402723014973
2026-04-28,476450,-0.3034571006701637,-0.3034571006701637
2026-04-29,476450,-0.4330284913427288,-0.3466475642276854
2026-04-28,476550,-0.4414686493959701,-0.4414686493959701
2026-04-29,476550,-0.3492065150152279,-0.4107146046023894
2026-04-28,476690,-0.3593328038291248,-0.3593328038291248
2026-04-29,476690,-0.2228459489098939,-0.31383718552271456
2026-04-28,476750,-0.2262089984035161,-0.2262089984035161
2026-04-29,476750,-0.004676645299023695,-0.15236488070201865
2026-04-28,476760,-0.230470431817381,-0.230470431817381
2026-04-29,476760,-0.23427647267777052,-0.23173911210417752
2026-04-28,476800,-0.0927378424742781,-0.0927378424742781
2026-04-29,476800,0.013023299915698651,-0.05748412834428586
2026-04-28,476810,-0.0400526563667329,-0.0400526563667329
2026-04-29,476810,-0.03748750619911966,-0.03919760631086182
2026-04-28,476850,-0.2409004789127297,-0.2409004789127297
2026-04-29,476850,-0.14936667594653716,-0.21038921125733218
2026-04-28,477050,-0.286592212120624,-0.286592212120624
2026-04-29,477050,-0.2469544412575001,-0.2733796218329161
2026-04-28,477080,-0.3797486510378811,-0.3797486510378811
2026-04-29,477080,-0.1702397583541476,-0.3099123534766366
2026-04-28,477490,0.0247369330525385,0.0247369330525385
2026-04-29,477490,0.08662951283778506,0.045367792980954016
2026-04-28,477730,-0.3033812814540707,-0.3033812814540707
2026-04-29,477730,-0.4407009369145847,-0.3491544999409087
2026-04-28,478150,-0.118444727445433,-0.118444727445433
2026-04-29,478150,-0.15131301276384473,-0.12940082255157026
2026-04-28,479080,0.1066697983076042,0.1066697983076042
2026-04-29,479080,0.05781241034489546,0.09038400232003463
2026-04-28,479520,-0.2257593493937585,-0.2257593493937585
2026-04-29,479520,-0.12440966736893272,-0.19197612205214992
2026-04-28,479620,-0.3358383218332487,-0.3358383218332487
2026-04-29,479620,-0.3795639287593183,-0.3504135241419386
2026-04-28,479730,-0.3983366505562842,-0.3983366505562842
2026-04-29,479730,-0.42453291982307784,-0.4070687403118821
2026-04-28,479850,-0.2449950259747358,-0.2449950259747358
2026-04-29,479850,-0.5481932711887678,-0.34606110771274645
2026-04-28,480020,-0.0197338356522454,-0.0197338356522454
2026-04-29,480020,-0.06553280707893253,-0.035000159461141114
2026-04-28,480030,-0.0870696158428884,-0.0870696158428884
2026-04-29,480030,-0.1605080673613485,-0.11154909968237511
2026-04-28,480040,-0.1645131415485592,-0.1645131415485592
2026-04-29,480040,-0.2072140432663627,-0.17874677545449372
2026-04-28,480260,-0.3312633335898612,-0.3312633335898612
2026-04-29,480260,-0.35790390586021026,-0.34014352434664424
2026-04-28,480310,-0.429961028147284,-0.429961028147284
2026-04-29,480310,-0.4708667366647121,-0.44359626431976007
2026-04-28,480370,-1.0382654243302547,-1.0382654243302547
2026-04-29,480370,-0.9800325745823549,-1.018854474414288
2026-04-28,480460,-0.3947132486184128,-0.3947132486184128
2026-04-29,480460,-0.36964143452545317,-0.38635597725409293
2026-04-28,481050,0.0137745729670861,0.0137745729670861
2026-04-29,481050,-0.050112232121269425,-0.007521028729032408
2026-04-28,481060,-0.0209198097296389,-0.0209198097296389
2026-04-29,481060,-0.11431924883267847,-0.052052956097318755
2026-04-28,481180,-0.155208072517986,-0.155208072517986
2026-04-29,481180,-0.03575478480018809,-0.1153903099453867
2026-04-28,481190,-0.1395827787308951,-0.1395827787308951
2026-04-29,481190,-0.07172636861732928,-0.11696397535970651
2026-04-28,481200,-0.1473614928069344,-0.1473614928069344
2026-04-29,481200,-0.14336901441705394,-0.14603066667697426
2026-04-28,481340,0.0303731007069566,0.0303731007069566
2026-04-29,481340,0.06688473655395633,0.04254364598928984
2026-04-28,481430,0.1586943600966483,0.1586943600966483
2026-04-29,481430,0.266928141037198,0.19477228707683153
2026-04-28,481850,-0.2461917486386468,-0.2461917486386468
2026-04-29,481850,-0.35312783123395486,-0.2818371095037495
2026-04-28,482030,-0.4244430813286964,-0.4244430813286964
2026-04-29,482030,-0.5540432005805958,-0.46764312107932954
2026-04-28,482730,-0.2777787276693032,-0.2777787276693032
2026-04-29,482730,-0.35335015268159575,-0.3029692026734008
2026-04-28,482870,0.1255249882004123,0.1255249882004123
2026-04-29,482870,0.12588776945874278,0.12564591528652247
2026-04-28,483020,-0.3847829512732885,-0.3847829512732885
2026-04-29,483020,-0.3598059589540131,-0.3764572871668634
2026-04-28,483030,-0.4474878522045801,-0.4474878522045801
2026-04-29,483030,-0.35072842306105,-0.41523470915673677
2026-04-28,483240,-0.3861719386716013,-0.3861719386716013
2026-04-29,483240,-0.4215774911427459,-0.39797378949531625
2026-04-28,483280,-0.2376070436294989,-0.2376070436294989
2026-04-29,483280,-0.2985643118238589,-0.2579261330276189
2026-04-28,483290,-0.155062995996656,-0.155062995996656
2026-04-29,483290,0.020660150302845633,-0.09648861389682213
2026-04-28,483320,-0.3687558539948299,-0.3687558539948299
2026-04-29,483320,-0.40096673142606143,-0.37949281313857375
2026-04-28,483330,-0.0235175134896919,-0.0235175134896919
2026-04-29,483330,-0.07263637271024762,-0.03989046656321048
2026-04-28,483340,-0.2245368467981736,-0.2245368467981736
2026-04-29,483340,-0.21821564945431332,-0.22242978101688685
2026-04-28,483420,-0.2393279021854373,-0.2393279021854373
2026-04-29,483420,-0.22637735819486723,-0.23501105418858065
2026-04-28,483570,-0.1761217531410216,-0.1761217531410216
2026-04-29,483570,-0.17767304926931424,-0.17663885185045247
2026-04-28,483650,0.5652106066929188,0.5652106066929188
2026-04-29,483650,0.3705476749266241,0.5003229627708206
2026-04-28,484790,-0.5032932430280439,-0.5032932430280439
2026-04-29,484790,-0.496669879664172,-0.5010854552400866
2026-04-28,484870,0.2093799017747834,0.2093799017747834
2026-04-29,484870,0.20967647425974434,0.20947875926977041
2026-04-28,484880,-0.3411046270086,-0.3411046270086
2026-04-29,484880,-0.3642354763873533,-0.3488149101348511
2026-04-28,484890,-0.1512804171950968,-0.1512804171950968
2026-04-29,484890,-0.37938645437843876,-0.22731576292287747
2026-04-28,485540,-0.1728827386608726,-0.1728827386608726
2026-04-29,485540,-0.20074532646256077,-0.18217026792810198
2026-04-28,485690,-0.5047439880804576,-0.5047439880804576
2026-04-29,485690,-0.4544571234719632,-0.4879816998776262
2026-04-28,485810,-0.2670759802067594,-0.2670759802067594
2026-04-29,485810,-0.30238689018495674,-0.27884628353282515
2026-04-28,486240,-0.536424838253228,-0.536424838253228
2026-04-29,486240,-0.4261788476105114,-0.4996761747056558
2026-04-28,486290,-0.1492207036434563,-0.1492207036434563
2026-04-29,486290,-0.22348900606772287,-0.17397680445154518
2026-04-28,486450,-0.4790661474359756,-0.4790661474359756
2026-04-29,486450,-0.46692604824458095,-0.47501944770551074
2026-04-28,486780,0.3796446839848562,0.3796446839848562
2026-04-29,486780,0.3766273874633924,0.3786389184777016
2026-04-28,486790,0.1279053094944575,0.1279053094944575
2026-04-29,486790,0.12823642980226654,0.12801568293039386
2026-04-28,486830,0.2794560492492105,0.2794560492492105
2026-04-29,486830,0.11700105528151164,0.2253043845933109
2026-04-28,487130,-0.4956713435567152,-0.4956713435567152
2026-04-29,487130,-0.505896313241289,-0.49907966678490656
2026-04-28,487230,-0.3379285095932083,-0.3379285095932083
2026-04-29,487230,-0.3910759114024964,-0.3556443101963044
2026-04-28,487240,-0.330432575756317,-0.330432575756317
2026-04-29,487240,-0.3651666002604532,-0.34201058392436245
2026-04-28,487340,0.0162245645860024,0.0162245645860024
2026-04-29,487340,-0.038508400139820424,-0.0020197569892718738
2026-04-28,487570,0.5763229160556479,0.5763229160556479
2026-04-29,487570,0.39346543461221994,0.5153704222411719
2026-04-28,487750,-0.4801800902834993,-0.4801800902834993
2026-04-29,487750,-0.44351330696965063,-0.4679578291788831
2026-04-28,487910,-0.3157528450330409,-0.3157528450330409
2026-04-29,487910,-0.3354692433972015,-0.3223249778210945
2026-04-28,487920,-0.3218646556472768,-0.3218646556472768
2026-04-29,487920,-0.2556001231417596,-0.29977647814543773
2026-04-28,487950,-0.1749081163850748,-0.1749081163850748
2026-04-29,487950,-0.11182899056987147,-0.15388174111334038
2026-04-28,488080,-0.1064499452242823,-0.1064499452242823
2026-04-29,488080,-0.349755412813505,-0.1875517677540232
2026-04-28,488200,-0.0466148281679526,-0.0466148281679526
2026-04-29,488200,-0.1903244150827994,-0.09451802380623486
2026-04-28,488210,-0.2437471961306438,-0.2437471961306438
2026-04-29,488210,-0.2503831830648827,-0.2459591917753901
2026-04-28,488290,-0.1206139359634417,-0.1206139359634417
2026-04-29,488290,-0.22908891239388987,-0.15677226144025774
2026-04-28,488480,-0.3345795755265778,-0.3345795755265778
2026-04-29,488480,0.06564544263386946,-0.20117123613976207
2026-04-28,488500,-0.4700968975797068,-0.4700968975797068
2026-04-29,488500,-0.34803967800414604,-0.42941115772118654
2026-04-28,488720,-0.2038084106784978,-0.2038084106784978
2026-04-29,488720,-0.29024126259117644,-0.23261936131605737
2026-04-28,488770,0.0449735544626948,0.0449735544626948
2026-04-29,488770,-0.2479571269526325,-0.05267000600908096
2026-04-28,488980,-0.1554555009947922,-0.1554555009947922
2026-04-29,488980,0.037881343488091614,-0.09100988616716427
2026-04-28,489000,-0.0036045905492542,-0.0036045905492542
2026-04-29,489000,0.09226940406223175,0.028353407654574447
2026-04-28,489010,-0.1748750835134111,-0.1748750835134111
2026-04-29,489010,-0.23823827809165454,-0.19599614837282558
2026-04-28,489030,-0.3212631652529037,-0.3212631652529037
2026-04-29,489030,-0.2935804190204958,-0.31203558317543445
2026-04-28,489250,0.0129182966385635,0.0129182966385635
2026-04-29,489250,0.08750660709457334,0.03778106679056678
2026-04-28,489290,-0.1836836506580137,-0.1836836506580137
2026-04-29,489290,-0.20459296248093675,-0.1906534212656547
2026-04-28,489570,-0.0989419271354034,-0.0989419271354034
2026-04-29,489570,-0.09559348342976264,-0.09782577923352315
2026-04-28,489790,0.5565597130600327,0.5565597130600327
2026-04-29,489790,0.5588800453785341,0.5573331571661999
2026-04-28,489860,-0.340160866228933,-0.340160866228933
2026-04-29,489860,-0.40536300475717757,-0.36189491240501453
2026-04-28,489870,0.0725892358153844,0.0725892358153844
2026-04-29,489870,0.07365612212090923,0.07294486458389268
2026-04-28,490090,-0.3269278430710774,-0.3269278430710774
2026-04-29,490090,-0.22311471213214745,-0.2923234660914341
2026-04-28,490330,-0.2972464375484335,-0.2972464375484335
2026-04-29,490330,-0.2862689983893081,-0.2935872911620584
2026-04-28,490480,-0.374098557827824,-0.374098557827824
2026-04-29,490480,-0.5070396102332708,-0.41841224196297294
2026-04-28,490490,0.0552848129436765,0.0552848129436765
2026-04-29,490490,0.015132715692151473,0.0419007805265015
2026-04-28,490590,-0.3535388782888635,-0.3535388782888635
2026-04-29,490590,-0.35462618038430793,-0.35390131232067834
2026-04-28,490600,-0.1732861686002452,-0.1732861686002452
2026-04-29,490600,-0.08162810089877562,-0.14273347936642203
2026-04-28,491010,-0.4351447029209597,-0.4351447029209597
2026-04-29,491010,-0.42953762767255654,-0.4332756778381587
2026-04-28,491080,-0.0576444502740495,-0.0576444502740495
2026-04-29,491080,-0.054845309460771076,-0.05671140333629003
2026-04-28,491090,-0.2482839844116264,-0.2482839844116264
2026-04-29,491090,-0.32180951350855824,-0.2727924941106037
2026-04-28,491220,-0.3096693523978748,-0.3096693523978748
2026-04-29,491220,-0.39082775943171266,-0.33672215474248746
2026-04-28,491230,0.0664767592073165,0.0664767592073165
2026-04-29,491230,0.0343827746521096,0.055778764355580865
2026-04-28,491510,0.027244641604958,0.027244641604958
2026-04-29,491510,-0.13544308246703787,-0.026984599752373956
2026-04-28,491610,-0.1628465846454792,-0.1628465846454792
2026-04-29,491610,-0.10387574682136874,-0.14318963870410906
2026-04-28,491620,-0.1665524661562645,-0.1665524661562645
2026-04-29,491620,-0.23343037445365517,-0.18884510225539475
2026-04-28,491630,-0.2937392205439629,-0.2937392205439629
2026-04-29,491630,-0.09629596184550668,-0.22792480097781084
2026-04-28,491700,-0.3563713795195805,-0.3563713795195805
2026-04-29,491700,-0.5261554332398863,-0.4129660640930158
2026-04-28,491820,-0.4446692075812501,-0.4446692075812501
2026-04-29,491820,-0.43582060571679393,-0.4417196736264314
2026-04-28,491830,-0.2479731588660454,-0.2479731588660454
2026-04-29,491830,-0.23671048478937357,-0.24421893417382146
2026-04-28,492500,-0.388407611232687,-0.388407611232687
2026-04-29,492500,-0.23943765190288374,-0.3387509581227526
2026-04-28,493420,0.1290036824783178,0.1290036824783178
2026-04-29,493420,0.22027739799720655,0.15942825431794738
2026-04-28,493810,-0.0527584558481137,-0.0527584558481137
2026-04-29,493810,-0.10591898782208434,-0.07047863317277059
2026-04-28,494180,-0.1787103890737229,-0.1787103890737229
2026-04-29,494180,-0.1657066603017971,-0.1743758128164143
2026-04-28,494210,-0.512486452992678,-0.512486452992678
2026-04-29,494210,-0.41346715121455996,-0.47948001906663873
2026-04-28,494220,-0.0507857042327336,-0.0507857042327336
2026-04-29,494220,-0.1975309751562744,-0.09970079454058053
2026-04-28,494300,-0.4809463885498647,-0.4809463885498647
2026-04-29,494300,-0.4154209950920237,-0.4591045907305844
2026-04-28,494310,-0.2930942666159973,-0.2930942666159973
2026-04-29,494310,-0.30900292790039896,-0.2983971537107979
2026-04-28,494330,-0.4295704933950839,-0.4295704933950839
2026-04-29,494330,-0.30941148380473593,-0.3895174901983013
2026-04-28,494340,-0.4006360858320636,-0.4006360858320636
2026-04-29,494340,-0.4059701762780632,-0.4024141159807302
2026-04-28,494410,-0.2727419706685734,-0.2727419706685734
2026-04-29,494410,-0.16494002975222394,-0.2368079903631236
2026-04-28,494420,-0.3813245895068288,-0.3813245895068288
2026-04-29,494420,-0.4041895548025043,-0.3889462446053873
2026-04-28,494670,-0.3168422150572029,-0.3168422150572029
2026-04-29,494670,-0.14331427852622802,-0.258999569546878
2026-04-28,494840,-0.493374422465786,-0.493374422465786
2026-04-29,494840,-0.3359934450518707,-0.4409140966611476
2026-04-28,494890,-0.3575054421825402,-0.3575054421825402
2026-04-29,494890,-0.42212846787178837,-0.37904645074562293
2026-04-28,494900,-0.2292126480577292,-0.2292126480577292
2026-04-29,494900,-0.22413145723940175,-0.2275189177849534
2026-04-28,495040,-0.2479590683216092,-0.2479590683216092
2026-04-29,495040,-0.2677046558277847,-0.2545409308236677
2026-04-28,495050,-0.4836626878609762,-0.4836626878609762
2026-04-29,495050,-0.39259135220468244,-0.453305575975545
2026-04-28,495060,-0.4186432796232371,-0.4186432796232371
2026-04-29,495060,-0.37609050492672486,-0.4044590213910664
2026-04-28,495230,-0.4362850978746886,-0.4362850978746886
2026-04-29,495230,-0.3629504697492164,-0.41184022183286456
2026-04-28,495330,-0.4168934455286072,-0.4168934455286072
2026-04-29,495330,-0.38974931932790446,-0.4078454034617063
2026-04-28,495550,-0.0326853270048343,-0.0326853270048343
2026-04-29,495550,-0.0027445065895138274,-0.022705053533060814
2026-04-28,495710,-0.1904504148565088,-0.1904504148565088
2026-04-29,495710,-0.1958759848852052,-0.1922589381994076
2026-04-28,495750,0.0241122530679215,0.0241122530679215
2026-04-29,495750,-0.05781225952112041,-0.003195917795092467
2026-04-28,495850,-0.4694048808278295,-0.4694048808278295
2026-04-29,495850,-0.31003328574961986,-0.4162810158017597
2026-04-28,495940,-0.328236624457385,-0.328236624457385
2026-04-29,495940,-0.4267342265168361,-0.36106915847720206
2026-04-28,496020,-0.4466332638818682,-0.4466332638818682
2026-04-29,496020,-0.42384517400327804,-0.4390372339223382
2026-04-28,496080,-0.5291956229456346,-0.5291956229456346
2026-04-29,496080,-0.4588103975462502,-0.5057338811458398
2026-04-28,496090,-0.198590844931465,-0.198590844931465
2026-04-29,496090,-0.4546495971169777,-0.28394376232663593
2026-04-28,496120,-0.1709202370896884,-0.1709202370896884
2026-04-29,496120,-0.16801210098384844,-0.16995085838774177
2026-04-28,496130,-0.4492627482243024,-0.4492627482243024
2026-04-29,496130,-0.14217640947551796,-0.34690063530804094
2026-04-28,496770,-0.227903330861495,-0.227903330861495
2026-04-29,496770,-0.27080593945122367,-0.24220420039140458
2026-04-28,497510,-0.0601056340624728,-0.0601056340624728
2026-04-29,497510,-0.1208118269500969,-0.08034103169168083
2026-04-28,497520,-0.2447731157377188,-0.2447731157377188
2026-04-29,497520,-0.2876551363433677,-0.2590671226062684
2026-04-28,497570,-0.3153464627104904,-0.3153464627104904
2026-04-29,497570,-0.31424541063557165,-0.31497944535218414
2026-04-28,497780,-0.3818881551885967,-0.3818881551885967
2026-04-29,497780,-0.34555257374210924,-0.36977629470643425
2026-04-28,497880,0.0363629503432787,0.0363629503432787
2026-04-29,497880,0.07031767983856321,0.04768119350837354
2026-04-28,498050,-0.2303423253813236,-0.2303423253813236
2026-04-29,498050,-0.2844332904926873,-0.2483726470851115
2026-04-28,498180,0.0257890216323075,0.0257890216323075
2026-04-29,498180,-0.005355095593303626,0.015407649223770461
2026-04-28,498270,-0.1623770771608783,-0.1623770771608783
2026-04-29,498270,-0.18189031858743038,-0.168881490969729
2026-04-28,498400,-0.1626244964749642,-0.1626244964749642
2026-04-29,498400,-0.23945979811745743,-0.1882362636891286
2026-04-28,498410,-0.4048284930907865,-0.4048284930907865
2026-04-29,498410,-0.3041553284696068,-0.37127077155039334
2026-04-28,498610,-0.3641792466206442,-0.3641792466206442
2026-04-29,498610,-0.43198280450575655,-0.38678043258234834
2026-04-28,498860,0.0015155095670859,0.0015155095670859
2026-04-29,498860,-0.023616118307803795,-0.006861699724543998
2026-04-28,499150,-0.1452051781370439,-0.1452051781370439
2026-04-29,499150,-0.2356578901082807,-0.17535608212745618
2026-04-28,499660,-0.231095165638649,-0.231095165638649
2026-04-29,499660,-0.1485099606493798,-0.20356676397555928
2026-04-28,499790,0.1441710924316108,0.1441710924316108
2026-04-29,499790,0.12890538537285431,0.13908252341202532
2026-04-28,900140,0.688723117711146,0.688723117711146
2026-04-29,900140,0.7800115039843022,0.7191525798021982
2026-04-28,950210,0.0104097949280143,0.0104097949280143
2026-04-29,950210,-0.06401587783784189,-0.014398762660604428
2026-04-28,F70100009,0.0121894164142022,0.0121894164142022
2026-04-29,F70100009,0.014059688253584649,0.012812840360663017
2026-04-28,F70100010,0.0121894164142022,0.0121894164142022
2026-04-29,F70100010,0.014059688253584649,0.012812840360663017
2026-04-28,F70100011,0.0121894164142022,0.0121894164142022
2026-04-29,F70100011,0.014059688253584649,0.012812840360663017
2026-04-28,F70100012,0.0121894164142022,0.0121894164142022
2026-04-29,F70100012,0.014059688253584649,0.012812840360663017
2026-04-28,F70100013,0.0121894164142022,0.0121894164142022
2026-04-29,F70100013,0.014059688253584649,0.012812840360663017
2026-04-28,F70100014,0.0121894164142022,0.0121894164142022
2026-04-29,F70100014,0.014059688253584649,0.012812840360663017
2026-04-28,F70100015,0.0121894164142022,0.0121894164142022
2026-04-29,F70100015,0.014059688253584649,0.012812840360663017
2026-04-28,F70100016,0.0121894164142022,0.0121894164142022
2026-04-29,F70100016,0.014059688253584649,0.012812840360663017
2026-04-28,F70100017,0.0121894164142022,0.0121894164142022
2026-04-29,F70100017,0.014059688253584649,0.012812840360663017
2026-04-28,F70100018,0.0121894164142022,0.0121894164142022
2026-04-29,F70100018,0.014059688253584649,0.012812840360663017
2026-04-28,F70100019,0.0121894164142022,0.0121894164142022
2026-04-29,F70100019,0.014059688253584649,0.012812840360663017
2026-04-28,F70100020,0.0121894164142022,0.0121894164142022
2026-04-29,F70100020,0.014059688253584649,0.012812840360663017
2026-04-28,F70100021,0.0121894164142022,0.0121894164142022
2026-04-29,F70100021,0.014059688253584649,0.012812840360663017
2026-04-28,F70100022,0.0121894164142022,0.0121894164142022
2026-04-29,F70100022,0.014059688253584649,0.012812840360663017
2026-04-28,F70100023,0.0121894164142022,0.0121894164142022
2026-04-29,F70100023,0.014059688253584649,0.012812840360663017
2026-04-28,F70100024,0.0121894164142022,0.0121894164142022
2026-04-29,F70100024,0.014059688253584649,0.012812840360663017
2026-04-28,F70100025,0.0121894164142022,0.0121894164142022
2026-04-29,F70100025,0.014059688253584649,0.012812840360663017
2026-04-28,F70101B95,-0.155029798989504,-0.155029798989504
2026-04-29,F70101B95,-0.15314830230412246,-0.15440263342771016
2026-04-28,F70101B96,-0.155029798989504,-0.155029798989504
2026-04-29,F70101B96,-0.15314830230412246,-0.15440263342771016
2026-04-28,F70101B9A,-0.155029798989504,-0.155029798989504
2026-04-29,F70101B9A,-0.15314830230412246,-0.15440263342771016
2026-04-28,F70101BB1,0.0121894164142022,0.0121894164142022
2026-04-29,F70101BB1,0.014059688253584649,0.012812840360663017
2026-04-28,F70102B96,-0.155029798989504,-0.155029798989504
2026-04-29,F70102B96,-0.15314830230412246,-0.15440263342771016
2026-04-28,F70103B96,-0.155029798989504,-0.155029798989504
2026-04-29,F70103B96,-0.15314830230412246,-0.15440263342771016
2026-04-28,F70900001,-0.155029798989504,-0.155029798989504
2026-04-29,F70900001,-0.15314830230412246,-0.15440263342771016
2026-04-28,F70900002,-0.155029798989504,-0.155029798989504
2026-04-29,F70900002,-0.15314830230412246,-0.15440263342771016
2026-04-28,F71201B97,0.0121894164142022,0.0121894164142022
2026-04-29,F71201B97,0.014059688253584649,0.012812840360663017
2026-04-28,F71201B98,-0.155029798989504,-0.155029798989504
2026-04-29,F71201B98,-0.15314830230412246,-0.15440263342771016
2026-04-28,F71202B98,-0.155029798989504,-0.155029798989504
2026-04-29,F71202B98,-0.15314830230412246,-0.15440263342771016
2026-04-28,F71203B98,-0.155029798989504,-0.155029798989504
2026-04-29,F71203B98,-0.15314830230412246,-0.15440263342771016
2026-04-28,F71204B98,-0.155029798989504,-0.155029798989504
2026-04-29,F71204B98,-0.15314830230412246,-0.15440263342771016
2026-04-28,F71205B98,-0.155029798989504,-0.155029798989504
2026-04-29,F71205B98,-0.15314830230412246,-0.15440263342771016
2026-04-28,F71206B98,-0.155029798989504,-0.155029798989504
2026-04-29,F71206B98,-0.15314830230412246,-0.15440263342771016
2026-04-28,F71207B98,-0.155029798989504,-0.155029798989504
2026-04-29,F71207B98,-0.15314830230412246,-0.15440263342771016
2026-04-28,F71208B98,-0.155029798989504,-0.155029798989504
2026-04-29,F71208B98,-0.15314830230412246,-0.15440263342771016
2026-04-28,F71901BBC,0.0121894164142022,0.0121894164142022
2026-04-29,F71901BBC,0.014059688253584649,0.012812840360663017
2026-04-28,F71902BBC,0.0121894164142022,0.0121894164142022
2026-04-29,F71902BBC,0.014059688253584649,0.012812840360663017
2026-04-28,F72501BBC,0.0121894164142022,0.0121894164142022
2026-04-29,F72501BBC,0.014059688253584649,0.012812840360663017
2026-04-28,F72502BBC,0.0121894164142022,0.0121894164142022
2026-04-29,F72502BBC,0.014059688253584649,0.012812840360663017
2026-04-28,F72801BBC,0.0121894164142022,0.0121894164142022
2026-04-29,F72801BBC,0.014059688253584649,0.012812840360663017
2026-04-28,F72802BBC,0.0121894164142022,0.0121894164142022
2026-04-29,F72802BBC,0.014059688253584649,0.012812840360663017
2026-04-28,F73300003,0.0121894164142022,0.0121894164142022
2026-04-29,F73300003,0.014059688253584649,0.012812840360663017
2026-04-28,F73300004,0.0121894164142022,0.0121894164142022
2026-04-29,F73300004,0.014059688253584649,0.012812840360663017
2026-04-28,F73400006,0.0121894164142022,0.0121894164142022
2026-04-29,F73400006,0.014059688253584649,0.012812840360663017
2026-04-28,F73400007,0.0121894164142022,0.0121894164142022
2026-04-29,F73400007,0.014059688253584649,0.012812840360663017
2026-04-28,F73400008,-0.155029798989504,-0.155029798989504
2026-04-29,F73400008,-0.15314830230412246,-0.15440263342771016
2026-04-28,F73400009,-0.155029798989504,-0.155029798989504
2026-04-29,F73400009,-0.15314830230412246,-0.15440263342771016
2026-04-28,F73400010,-0.155029798989504,-0.155029798989504
2026-04-29,F73400010,-0.15314830230412246,-0.15440263342771016
2026-04-28,F73501BBC,0.0121894164142022,0.0121894164142022
2026-04-29,F73501BBC,0.014059688253584649,0.012812840360663017
2026-04-28,F73502BBC,0.0121894164142022,0.0121894164142022
2026-04-29,F73502BBC,0.014059688253584649,0.012812840360663017
2026-04-28,F74100003,0.0121894164142022,0.0121894164142022
2026-04-29,F74100003,0.014059688253584649,0.012812840360663017
2026-04-28,F74100004,0.0121894164142022,0.0121894164142022
2026-04-29,F74100004,0.014059688253584649,0.012812840360663017
2026-04-28,F74100005,0.0121894164142022,0.0121894164142022
2026-04-29,F74100005,0.014059688253584649,0.012812840360663017
2026-04-28,F74201773,-0.3256064808299174,-0.3256064808299174
2026-04-29,F74201773,-0.2952568781476924,-0.31548994660250906
2026-04-28,F7420177B,0.0121894164142022,0.0121894164142022
2026-04-29,F7420177B,0.014059688253584649,0.012812840360663017
2026-04-28,F74201BAA,-0.155029798989504,-0.155029798989504
2026-04-29,F74201BAA,-0.15314830230412246,-0.15440263342771016
2026-04-28,F7420277B,0.0121894164142022,0.0121894164142022
2026-04-29,F7420277B,0.014059688253584649,0.012812840360663017
2026-04-28,F74202BAA,-0.155029798989504,-0.155029798989504
2026-04-29,F74202BAA,-0.15314830230412246,-0.15440263342771016
2026-04-28,F74401777,0.0369088076340178,0.0369088076340178
2026-04-29,F74401777,-0.1517137037168641,-0.02596536281627616
2026-04-28,F74401BAA,-0.155029798989504,-0.155029798989504
2026-04-29,F74401BAA,-0.15314830230412246,-0.15440263342771016
2026-04-28,F74601669,-0.3040709853930026,-0.3040709853930026
2026-04-29,F74601669,-0.25528999739752734,-0.2878106560611775
2026-04-28,F74701776,-0.155029798989504,-0.155029798989504
2026-04-29,F74701776,-0.15314830230412246,-0.15440263342771016
2026-04-28,F74701789,0.0121894164142022,0.0121894164142022
2026-04-29,F74701789,0.014059688253584649,0.012812840360663017
2026-04-28,F74701B8A,0.0121894164142022,0.0121894164142022
2026-04-29,F74701B8A,0.014059688253584649,0.012812840360663017
2026-04-28,F74701B97,-0.155029798989504,-0.155029798989504
2026-04-29,F74701B97,-0.15314830230412246,-0.15440263342771016
2026-04-28,F74701B9A,-0.155029798989504,-0.155029798989504
2026-04-29,F74701B9A,-0.15314830230412246,-0.15440263342771016
2026-04-28,F74702776,-0.155029798989504,-0.155029798989504
2026-04-29,F74702776,-0.15314830230412246,-0.15440263342771016
2026-04-28,F74702B8A,0.0121894164142022,0.0121894164142022
2026-04-29,F74702B8A,0.014059688253584649,0.012812840360663017
2026-04-28,F75601BA2,-0.155029798989504,-0.155029798989504
2026-04-29,F75601BA2,-0.15314830230412246,-0.15440263342771016
2026-04-28,F75602BA2,-0.155029798989504,-0.155029798989504
2026-04-29,F75602BA2,-0.15314830230412246,-0.15440263342771016
2026-04-28,F75701BA7,-0.155029798989504,-0.155029798989504
2026-04-29,F75701BA7,-0.15314830230412246,-0.15440263342771016
2026-04-28,F75702BA7,-0.155029798989504,-0.155029798989504
2026-04-29,F75702BA7,-0.15314830230412246,-0.15440263342771016
2026-04-28,F75801BBC,0.0121894164142022,0.0121894164142022
2026-04-29,F75801BBC,0.014059688253584649,0.012812840360663017
2026-04-28,F75802BBC,0.0121894164142022,0.0121894164142022
2026-04-29,F75802BBC,0.014059688253584649,0.012812840360663017
2026-04-28,F76201BC5,-0.155029798989504,-0.155029798989504
2026-04-29,F76201BC5,-0.15314830230412246,-0.15440263342771016
2026-04-28,F77200001,0.0121894164142022,0.0121894164142022
2026-04-29,F77200001,0.014059688253584649,0.012812840360663017
2026-04-28,F77200002,0.0121894164142022,0.0121894164142022
2026-04-29,F77200002,0.014059688253584649,0.012812840360663017
2026-04-28,F77200003,0.0121894164142022,0.0121894164142022
2026-04-29,F77200003,0.014059688253584649,0.012812840360663017
2026-04-28,F77200004,0.0121894164142022,0.0121894164142022
2026-04-29,F77200004,0.014059688253584649,0.012812840360663017
2026-04-28,F77200005,0.0121894164142022,0.0121894164142022
2026-04-29,F77200005,0.014059688253584649,0.012812840360663017
2026-04-28,F77200006,0.0121894164142022,0.0121894164142022
2026-04-29,F77200006,0.014059688253584649,0.012812840360663017
2026-04-28,F77200007,0.0121894164142022,0.0121894164142022
2026-04-29,F77200007,0.014059688253584649,0.012812840360663017
2026-04-28,F77200008,0.0121894164142022,0.0121894164142022
2026-04-29,F77200008,0.014059688253584649,0.012812840360663017
2026-04-28,F77200009,0.0121894164142022,0.0121894164142022
2026-04-29,F77200009,0.014059688253584649,0.012812840360663017
2026-04-28,F77200010,0.0121894164142022,0.0121894164142022
2026-04-29,F77200010,0.014059688253584649,0.012812840360663017
2026-04-28,F77300001,0.0121894164142022,0.0121894164142022
2026-04-29,F77300001,0.014059688253584649,0.012812840360663017
2026-04-28,F77300002,0.0121894164142022,0.0121894164142022
2026-04-29,F77300002,0.014059688253584649,0.012812840360663017
2026-04-28,F77300003,0.0121894164142022,0.0121894164142022
2026-04-29,F77300003,0.014059688253584649,0.012812840360663017
2026-04-28,F77300004,0.0121894164142022,0.0121894164142022
2026-04-29,F77300004,0.014059688253584649,0.012812840360663017
2026-04-28,J0036221D,-0.4447344365721257,-0.4447344365721257
2026-04-29,J0036221D,-0.33791509024789423,-0.4091279877973819
2026-04-28,J0113321D,0.0121894164142022,0.0121894164142022
2026-04-29,J0113321D,0.014059688253584649,0.012812840360663017
2026-04-28,J0180021D,0.1648638950013093,0.1648638950013093
2026-04-29,J0180021D,0.04573768181421598,0.12515515727227822
2026-04-28,J1099621D,-0.155029798989504,-0.155029798989504
2026-04-29,J1099621D,-0.15314830230412246,-0.15440263342771016
2026-04-28,J1432121D,0.0292617952720579,0.0292617952720579
2026-04-29,J1432121D,0.030904985270154797,0.029809525271423533
2026-04-28,J2552221D,-0.0375193919884447,-0.0375193919884447
2026-04-29,J2552221D,-0.03498793708639902,-0.03667557368776281
2026-04-28,J2901221D,0.1783792634523003,0.1783792634523003
2026-04-29,J2901221D,0.26901351235879223,0.20859067975446427
2026-04-28,Q500013,0.4076592914845833,0.4076592914845833
2026-04-29,Q500013,0.40426936917342166,0.4065293173808628
2026-04-28,Q500014,-0.1765046160690989,-0.1765046160690989
2026-04-29,Q500014,-0.17212450136056096,-0.1750445778329196
2026-04-28,Q500015,0.2916576535699545,0.2916576535699545
2026-04-29,Q500015,0.28981068351806033,0.2910419968859898
2026-04-28,Q500016,0.180285196133321,0.180285196133321
2026-04-29,Q500016,0.17991960503358,0.18016333243340735
2026-04-28,Q500017,0.1376343415521591,0.1376343415521591
2026-04-29,Q500017,0.13783605479069064,0.13770157929833626
2026-04-28,Q500018,0.2090973974321953,0.2090973974321953
2026-04-29,Q500018,0.20834857164811924,0.20884778883750327
2026-04-28,Q500019,0.2344670115204712,0.2344670115204712
2026-04-29,Q500019,0.23338074133407508,0.23410492145833917
2026-04-28,Q500020,-0.2923819036767243,-0.2923819036767243
2026-04-29,Q500020,-0.350599000834082,-0.3117876027291769
2026-04-28,Q500023,-0.2454868222134224,-0.2454868222134224
2026-04-29,Q500023,-0.226229322210658,-0.2390676555458343
2026-04-28,Q500024,-0.155029798989504,-0.155029798989504
2026-04-29,Q500024,-0.15314830230412246,-0.15440263342771016
2026-04-28,Q500027,0.2149880620621947,0.2149880620621947
2026-04-29,Q500027,0.21416088381290488,0.2147123359790981
2026-04-28,Q500028,0.133238253447526,0.133238253447526
2026-04-29,Q500028,-0.031167020025574525,0.07843649562315916
2026-04-28,Q500029,-0.4138339710596899,-0.4138339710596899
2026-04-29,Q500029,-0.3814632824312285,-0.40304374151686945
2026-04-28,Q500030,0.0724396119423152,0.0724396119423152
2026-04-29,Q500030,-0.1426637878673216,0.0007384786724362741
2026-04-28,Q500035,-0.387084503633914,-0.387084503633914
2026-04-29,Q500035,-0.07233678942614555,-0.28216859889799123
2026-04-28,Q500036,-0.3327465447744667,-0.3327465447744667
2026-04-29,Q500036,-0.3251790436408971,-0.3302240443966102
2026-04-28,Q500037,0.1313793296420464,0.1313793296420464
2026-04-29,Q500037,0.17559021372224295,0.14611629100211193
2026-04-28,Q500038,-0.1798921207105932,-0.1798921207105932
2026-04-29,Q500038,-0.19452931574189974,-0.18477118572102874
2026-04-28,Q500040,-0.1873349186883542,-0.1873349186883542
2026-04-29,Q500040,-0.025758477637485504,-0.1334761050047313
2026-04-28,Q500041,-0.0726930725186446,-0.0726930725186446
2026-04-29,Q500041,-0.049690949294398025,-0.06502569811056241
2026-04-28,Q500050,-0.0832646909945909,-0.0832646909945909
2026-04-29,Q500050,-0.21887564271228194,-0.1284683415671546
2026-04-28,Q500051,-0.3618178627441238,-0.3618178627441238
2026-04-29,Q500051,0.1267099650768643,-0.19897525347046113
2026-04-28,Q500055,0.5161305795987717,0.5161305795987717
2026-04-29,Q500055,0.5112978671505897,0.5145196754493777
2026-04-28,Q500056,0.167977678694019,0.167977678694019
2026-04-29,Q500056,0.16777579141933013,0.1679103829357894
2026-04-28,Q500057,0.1567829832417648,0.1567829832417648
2026-04-29,Q500057,0.15672999800803317,0.15676532149718758
2026-04-28,Q500061,-0.325144528771956,-0.325144528771956
2026-04-29,Q500061,-0.2701836990536293,-0.30682425219918047
2026-04-28,Q500063,-0.418211699857048,-0.418211699857048
2026-04-29,Q500063,-0.38475619268511196,-0.4070598641330693
2026-04-28,Q500067,-0.4361179338144335,-0.4361179338144335
2026-04-29,Q500067,-0.40877310320808047,-0.4270029902789825
2026-04-28,Q500068,-0.1962461600988002,-0.1962461600988002
2026-04-29,Q500068,-0.18505101246531683,-0.1925144442209724
2026-04-28,Q500069,-0.3409555207183615,-0.3409555207183615
2026-04-29,Q500069,-0.36556377275931107,-0.34915827139867806
2026-04-28,Q500070,-0.1981527735347555,-0.1981527735347555
2026-04-29,Q500070,-0.19887828426838297,-0.19839461044596468
2026-04-28,Q500071,0.0063800027754815,0.0063800027754815
2026-04-29,Q500071,-0.15493566867522524,-0.04739188770808741
2026-04-28,Q500072,-0.0584416086514509,-0.0584416086514509
2026-04-29,Q500072,-0.20682770246062193,-0.10790363992117458
2026-04-28,Q500077,-0.1123930903327373,-0.1123930903327373
2026-04-29,Q500077,-0.10886573102712574,-0.11121730389753345
2026-04-28,Q500078,-0.155029798989504,-0.155029798989504
2026-04-29,Q500078,-0.15314830230412246,-0.15440263342771016
2026-04-28,Q500079,-0.1379574201316482,-0.1379574201316482
2026-04-29,Q500079,-0.13630300528755232,-0.13740594851694957
2026-04-28,Q500080,-0.4461484431539249,-0.4461484431539249
2026-04-29,Q500080,-0.40049377235580325,-0.430930219554551
2026-04-28,Q500081,-0.4098211056246105,-0.4098211056246105
2026-04-29,Q500081,-0.3598555305226417,-0.3931659139239543
2026-04-28,Q500082,-0.1964050980826703,-0.1964050980826703
2026-04-29,Q500082,-0.36556239781348765,-0.2527908646596094
2026-04-28,Q500085,-0.3639833286585537,-0.3639833286585537
2026-04-29,Q500085,-0.25927825367284296,-0.32908163699665016
2026-04-28,Q500086,-0.1872288818363667,-0.1872288818363667
2026-04-29,Q500086,-0.1938164607287429,-0.18942474146715876
2026-04-28,Q500087,-0.1962461817889792,-0.1962461817889792
2026-04-29,Q500087,-0.3663567604977349,-0.2529497080252311
2026-04-28,Q500088,-0.155029798989504,-0.155029798989504
2026-04-29,Q500088,-0.15314830230412246,-0.15440263342771016
2026-04-28,Q500089,-0.155029798989504,-0.155029798989504
2026-04-29,Q500089,-0.15314830230412246,-0.15440263342771016
2026-04-28,Q500090,-0.155029798989504,-0.155029798989504
2026-04-29,Q500090,-0.15314830230412246,-0.15440263342771016
2026-04-28,Q500091,-0.155029798989504,-0.155029798989504
2026-04-29,Q500091,-0.15314830230412246,-0.15440263342771016
2026-04-28,Q500093,0.1056352638744728,0.1056352638744728
2026-04-29,Q500093,0.008100380010478699,0.07312363591980811
2026-04-28,Q500094,-0.3750023408573568,-0.3750023408573568
2026-04-29,Q500094,-0.43156942060936654,-0.3938580341080268
2026-04-28,Q500095,-0.2963900641097589,-0.2963900641097589
2026-04-29,Q500095,-0.2268530741056385,-0.27321106744171875
2026-04-28,Q500096,-0.1594015634590837,-0.1594015634590837
2026-04-29,Q500096,-0.25450192985721587,-0.19110168559179444
2026-04-28,Q510015,0.2145992487040094,0.2145992487040094
2026-04-29,Q510015,0.2137772421097085,0.21432524650590912
2026-04-28,Q510016,0.2550607771906054,0.2550607771906054
2026-04-29,Q510016,0.25071799232048375,0.25361318223389817
2026-04-28,Q510027,-0.225339707830476,-0.225339707830476
2026-04-29,Q510027,-0.3578655620312986,-0.2695149925640835
2026-04-28,Q510029,0.2110621688103224,0.2110621688103224
2026-04-29,Q510029,0.21028720935700404,0.21080384899254961
2026-04-28,Q510043,-0.1818358341072738,-0.1818358341072738
2026-04-29,Q510043,-0.11247210456249768,-0.15871459092568177
2026-04-28,Q520009,-0.03358720984885,-0.03358720984885
2026-04-29,Q520009,-0.031108057392056045,-0.032760825696585345
2026-04-28,Q520011,-0.2038931834042904,-0.2038931834042904
2026-04-29,Q520011,-0.19914876994439315,-0.20231171225099132
2026-04-28,Q520037,-0.1619111846965239,-0.1619111846965239
2026-04-29,Q520037,-0.3047687227079211,-0.20953036403365632
2026-04-28,Q520038,-0.3364658473991215,-0.3364658473991215
2026-04-29,Q520038,-0.4092710401448469,-0.36073424498103
2026-04-28,Q520039,0.0654730686587113,0.0654730686587113
2026-04-29,Q520039,0.04025108715532006,0.05706574149091423
2026-04-28,Q520040,-0.2423617807740844,-0.2423617807740844
2026-04-29,Q520040,-0.07355985127274806,-0.18609447094030562
2026-04-28,Q520043,0.0121894164142022,0.0121894164142022
2026-04-29,Q520043,0.014059688253584649,0.012812840360663017
2026-04-28,Q520046,-0.1283270792831632,-0.1283270792831632
2026-04-29,Q520046,-0.0904436784876981,-0.11569927901800817
2026-04-28,Q520047,-0.0090637826939594,-0.0090637826939594
2026-04-29,Q520047,0.023401657830651103,0.0017580308142441
2026-04-28,Q520050,0.519090740032323,0.519090740032323
2026-04-29,Q520050,0.5142186541208792,0.5174667113951751
2026-04-28,Q520052,0.3205780141061306,0.3205780141061306
2026-04-29,Q520052,0.31834637073039107,0.31983413298088414
2026-04-28,Q520053,0.5553941374060033,0.5553941374060033
2026-04-29,Q520053,0.550039175476567,0.5536091500961913
2026-04-28,Q520054,-0.163602709812603,-0.163602709812603
2026-04-29,Q520054,0.06480658942186193,-0.08746627673444804
2026-04-28,Q520055,-0.1989979976079997,-0.1989979976079997
2026-04-29,Q520055,-0.2809998663081924,-0.2263319538413973
2026-04-28,Q520056,0.0207724024274256,0.0207724024274256
2026-04-29,Q520056,-0.21808845187692888,-0.058847882340692555
2026-04-28,Q520057,-0.2176514525297423,-0.2176514525297423
2026-04-29,Q520057,-0.2978175409704974,-0.244373482009994
2026-04-28,Q520061,-0.0856954012033779,-0.0856954012033779
2026-04-29,Q520061,-0.08252315119190987,-0.08463798453288857
2026-04-28,Q520064,-0.3389947244108924,-0.3389947244108924
2026-04-29,Q520064,-0.3150456676977223,-0.3310117055065024
2026-04-28,Q520065,-0.1962461600988002,-0.1962461600988002
2026-04-29,Q520065,-0.18505101246531683,-0.1925144442209724
2026-04-28,Q520066,0.1836517910738422,0.1836517910738422
2026-04-29,Q520066,0.07868296231805963,0.14866218148858135
2026-04-28,Q520068,-0.0821971486093059,-0.0821971486093059
2026-04-29,Q520068,-0.03265171848305317,-0.06568200523388833
2026-04-28,Q520069,-0.3659549728840814,-0.3659549728840814
2026-04-29,Q520069,-0.347371166871807,-0.35976037087998997
2026-04-28,Q520070,0.6000000000000001,0.6000000000000001
2026-04-29,Q520070,0.6000000000000001,0.6000000000000001
2026-04-28,Q520071,0.0121894164142022,0.0121894164142022
2026-04-29,Q520071,0.014059688253584649,0.012812840360663017
2026-04-28,Q520072,-0.1286373926122015,-0.1286373926122015
2026-04-29,Q520072,-0.08848460389013887,-0.1152531297048473
2026-04-28,Q520073,0.016566572397478,0.016566572397478
2026-04-29,Q520073,0.007486824981843616,0.013539989925599873
2026-04-28,Q520074,0.0463215743604176,0.0463215743604176
2026-04-29,Q520074,-0.1339132369105147,-0.013756696063226496
2026-04-28,Q520075,-0.5268335328289812,-0.5268335328289812
2026-04-29,Q520075,-0.5010379451468373,-0.5182350036015999
2026-04-28,Q520076,-0.0335907927046011,-0.0335907927046011
2026-04-29,Q520076,-0.33445355643906083,-0.13387838061608767
2026-04-28,Q520077,-0.071098057252314,-0.071098057252314
2026-04-29,Q520077,-0.1708383398463343,-0.10434481811698743
2026-04-28,Q520078,-0.4944707537282776,-0.4944707537282776
2026-04-29,Q520078,-0.34941311146416676,-0.44611820630690735
2026-04-28,Q520079,-0.2235501514461826,-0.2235501514461826
2026-04-29,Q520079,-0.2909517091648345,-0.2460173373523999
2026-04-28,Q520080,-0.1350514938082465,-0.1350514938082465
2026-04-29,Q520080,-0.20498390624642263,-0.1583622979543052
2026-04-28,Q520081,-0.2069383045944121,-0.2069383045944121
2026-04-29,Q520081,-0.3486400209517627,-0.2541722100468623
2026-04-28,Q520082,-0.2034571495105598,-0.2034571495105598
2026-04-29,Q520082,-0.2143547813540907,-0.20708969345840345
2026-04-28,Q520083,-0.1002165415985667,-0.1002165415985667
2026-04-29,Q520083,-0.2171054797438142,-0.13917952098031589
2026-04-28,Q520084,-0.2834708965659779,-0.2834708965659779
2026-04-29,Q520084,-0.007827525238118964,-0.19158977279002495
2026-04-28,Q520085,-0.1967822891522931,-0.1967822891522931
2026-04-29,Q520085,-0.1833075937106616,-0.1922907240050826
2026-04-28,Q520086,-0.2062890348088692,-0.2062890348088692
2026-04-29,Q520086,-0.10363638968754404,-0.17207148643509415
2026-04-28,Q520087,0.2639398254655918,0.2639398254655918
2026-04-29,Q520087,0.166392056289382,0.23142390240685523
2026-04-28,Q520088,-0.3057508644803379,-0.3057508644803379
2026-04-29,Q520088,-0.3453003717192749,-0.31893403355998357
2026-04-28,Q520089,-0.4825800422658617,-0.4825800422658617
2026-04-29,Q520089,-0.4316466816473099,-0.46560225539301114
2026-04-28,Q520090,-0.2404993423026656,-0.2404993423026656
2026-04-29,Q520090,-0.39351736522352454,-0.2915053499429519
2026-04-28,Q520091,-0.1915574682110464,-0.1915574682110464
2026-04-29,Q520091,-0.1444745466711626,-0.17586316103108515
2026-04-28,Q530014,0.0121894164142022,0.0121894164142022
2026-04-29,Q530014,0.014059688253584649,0.012812840360663017
2026-04-28,Q530015,-0.0200096663046715,-0.0200096663046715
2026-04-29,Q530015,-0.017711110448610082,-0.019243481019317693
2026-04-28,Q530016,0.0403533486526291,0.0403533486526291
2026-04-29,Q530016,0.041849008515333116,0.04085190194019711
2026-04-28,Q530019,-0.1308445285286083,-0.1308445285286083
2026-04-29,Q530019,-0.1270717443413928,-0.12958693379953648
2026-04-28,Q530020,0.0121894164142022,0.0121894164142022
2026-04-29,Q530020,0.014059688253584649,0.012812840360663017
2026-04-28,Q530023,0.1268943953655074,0.1268943953655074
2026-04-29,Q530023,0.12723896196827592,0.12700925089976356
2026-04-28,Q530031,0.1493766708535739,0.1493766708535739
2026-04-29,Q530031,0.0809091343820432,0.126554158696397
2026-04-28,Q530036,-0.1811311403771012,-0.1811311403771012
2026-04-29,Q530036,-0.11492305949305559,-0.15906178008241934
2026-04-28,Q530055,-0.1032365873159591,-0.1032365873159591
2026-04-29,Q530055,-0.1544671512852543,-0.12031344197239083
2026-04-28,Q530056,-0.1005169894528909,-0.1005169894528909
2026-04-29,Q530056,-0.08479262764814804,-0.09527553551797663
2026-04-28,Q530060,0.0385519323594754,0.0385519323594754
2026-04-29,Q530060,0.1426260433511957,0.07324330269004883
2026-04-28,Q530061,-0.4585673928002771,-0.4585673928002771
2026-04-29,Q530061,-0.5007864701041145,-0.4726404185682229
2026-04-28,Q530062,-0.039338061983205,-0.039338061983205
2026-04-29,Q530062,0.10571350593171377,0.009012460655101258
2026-04-28,Q530063,-0.2135039676304821,-0.2135039676304821
2026-04-29,Q530063,-0.3053702523402745,-0.24412606253374625
2026-04-28,Q530064,-0.1128380238687064,-0.1128380238687064
2026-04-29,Q530064,0.17544485989083583,-0.016743729282192338
2026-04-28,Q530067,-0.1722333546565507,-0.1722333546565507
2026-04-29,Q530067,-0.40831729506013137,-0.2509280014577443
2026-04-28,Q530083,-0.4050474242608629,-0.4050474242608629
2026-04-29,Q530083,-0.39188755517962337,-0.4006608012337831
2026-04-28,Q530084,0.1251624329364682,0.1251624329364682
2026-04-29,Q530084,0.032060863752807096,0.0941285765419145
2026-04-28,Q530089,-0.4939184018468919,-0.4939184018468919
2026-04-29,Q530089,-0.549976277297606,-0.5126043603304633
2026-04-28,Q530090,-0.0524032393869338,-0.0524032393869338
2026-04-29,Q530090,-0.08349834466832037,-0.06276827448072933
2026-04-28,Q530092,0.1529318821841571,0.1529318821841571
2026-04-29,Q530092,0.18912705123198245,0.16499693853343222
2026-04-28,Q530094,-0.3964955735522089,-0.3964955735522089
2026-04-29,Q530094,0.3285213178455261,-0.1548232764196306
2026-04-28,Q530095,0.0677794188288349,0.0677794188288349
2026-04-29,Q530095,0.055606833713235056,0.06372189045696829
2026-04-28,Q530096,-0.2253377283234432,-0.2253377283234432
2026-04-29,Q530096,0.019536871833732768,-0.14371286160438457
2026-04-28,Q530104,0.2722319449161963,0.2722319449161963
2026-04-29,Q530104,0.17601912607265915,0.24016100530168394
2026-04-28,Q530105,-0.1040304280156375,-0.1040304280156375
2026-04-29,Q530105,-0.20700854043778405,-0.13835646548968636
2026-04-28,Q530106,0.0496275310318551,0.0496275310318551
2026-04-29,Q530106,-0.12876647577837136,-0.00983713790488705
2026-04-28,Q530107,-0.0208480441979259,-0.0208480441979259
2026-04-29,Q530107,-0.23540854059345168,-0.09236820966310116
2026-04-28,Q530111,0.3754561696249901,0.3754561696249901
2026-04-29,Q530111,0.3724945850556222,0.3744689747685342
2026-04-28,Q530112,-0.4032209445678647,-0.4032209445678647
2026-04-29,Q530112,-0.31556957427611887,-0.3740038211372828
2026-04-28,Q530113,-0.1709480968444028,-0.1709480968444028
2026-04-29,Q530113,-0.11952377409915424,-0.15380665592931997
2026-04-28,Q530114,-0.1863937793507633,-0.1863937793507633
2026-04-29,Q530114,-0.2310826958518944,-0.20129008485114033
2026-04-28,Q530115,-0.0951104983127959,-0.0951104983127959
2026-04-29,Q530115,-0.24085693298042365,-0.14369264320200514
2026-04-28,Q530116,-0.3033169734697664,-0.3033169734697664
2026-04-29,Q530116,-0.24735314808942455,-0.2846623650096525
2026-04-28,Q530117,-0.4964516727651611,-0.4964516727651611
2026-04-29,Q530117,-0.4148989801429098,-0.4692674418910774
2026-04-28,Q530118,-0.0044188054310977,-0.0044188054310977
2026-04-29,Q530118,0.15755103462055445,0.04957114125278635
2026-04-28,Q530119,-0.1508808127804905,-0.1508808127804905
2026-04-29,Q530119,-0.07627413646070899,-0.1260119206738967
2026-04-28,Q530120,-0.3153591443901013,-0.3153591443901013
2026-04-29,Q530120,-0.1855210225362497,-0.2720797704388175
2026-04-28,Q530121,-0.3016933066641541,-0.3016933066641541
2026-04-29,Q530121,-0.24644618371303673,-0.2832775990137817
2026-04-28,Q530122,-0.2220541412426395,-0.2220541412426395
2026-04-29,Q530122,-0.29590153297913746,-0.24666993848813884
2026-04-28,Q530123,-0.2696101210609153,-0.2696101210609153
2026-04-29,Q530123,-0.21364677988670813,-0.25095567400284624
2026-04-28,Q530124,-0.4969966861416706,-0.4969966861416706
2026-04-29,Q530124,-0.48939948153241586,-0.4944642846052524
2026-04-28,Q530125,-0.2455009754901499,-0.2455009754901499
2026-04-29,Q530125,-0.36236204840330943,-0.2844546664612031
2026-04-28,Q530126,-0.3036537346893952,-0.3036537346893952
2026-04-29,Q530126,-0.2788171149491156,-0.29537486144263536
2026-04-28,Q530127,-0.0563672937241544,-0.0563672937241544
2026-04-29,Q530127,-0.04417881266272176,-0.052304466703676854
2026-04-28,Q530128,-0.110004813324231,-0.110004813324231
2026-04-29,Q530128,-0.12856546635783697,-0.11619169766876633
2026-04-28,Q530129,-0.1691772537526697,-0.1691772537526697
2026-04-29,Q530129,0.03866326653074557,-0.09989708032486462
2026-04-28,Q530130,-0.2563443638309803,-0.2563443638309803
2026-04-29,Q530130,-0.31886987833499714,-0.2771862019989859
2026-04-28,Q530131,-0.1627668524199478,-0.1627668524199478
2026-04-29,Q530131,-0.027913312653874,-0.1178156724979232
2026-04-28,Q530132,-0.3657153688337461,-0.3657153688337461
2026-04-29,Q530132,-0.29040101879190383,-0.3406105854864654
2026-04-28,Q530133,0.2227457635587905,0.2227457635587905
2026-04-29,Q530133,0.26821218954203996,0.23790123888654033
2026-04-28,Q530134,-0.3095693088160646,-0.3095693088160646
2026-04-29,Q530134,-0.37032681098778286,-0.3298218095399707
2026-04-28,Q530135,-0.155029798989504,-0.155029798989504
2026-04-29,Q530135,-0.15314830230412246,-0.15440263342771016
2026-04-28,Q530136,-0.0588958383182517,-0.0588958383182517
2026-04-29,Q530136,-0.19435706746069728,-0.10404958136573356
2026-04-28,Q530137,-0.0068726432328723,-0.0068726432328723
2026-04-29,Q530137,-0.07109335645882686,-0.02827954764152382
2026-04-28,Q530138,0.0004388770951322,0.0004388770951322
2026-04-29,Q530138,0.011329230381307072,0.004068994857190491
2026-04-28,Q530139,-0.2012320404377443,-0.2012320404377443
2026-04-29,Q530139,-0.21131693085895706,-0.20459367057814856
2026-04-28,Q530140,0.3269902410673813,0.3269902410673813
2026-04-29,Q530140,-0.10635370385481308,0.18254225942664987
2026-04-28,Q550041,0.2761976947756267,0.2761976947756267
2026-04-29,Q550041,0.20942779341809856,0.25394106098978403
2026-04-28,Q550043,-0.1798054950771942,-0.1798054950771942
2026-04-29,Q550043,-0.31042230785527614,-0.22334443266988818
2026-04-28,Q550044,0.0679636542342575,0.0679636542342575
2026-04-29,Q550044,0.06909206597752036,0.06833979148201179
2026-04-28,Q550045,-0.131399359324957,-0.131399359324957
2026-04-29,Q550045,-0.12761919526409388,-0.13013930463800263
2026-04-28,Q550062,-0.2229901409541202,-0.2229901409541202
2026-04-29,Q550062,-0.22846469772515343,-0.2248149932111313
2026-04-28,Q550063,-0.3390769801565098,-0.3390769801565098
2026-04-29,Q550063,-0.38244110683520294,-0.3535316890494075
2026-04-28,Q550064,-0.2572091242145039,-0.2572091242145039
2026-04-29,Q550064,-0.30086524293254235,-0.2717611637871834
2026-04-28,Q550065,0.074040419890165,0.074040419890165
2026-04-29,Q550065,0.07508800381524892,0.07438961453185965
2026-04-28,Q550069,0.1503467677239971,0.1503467677239971
2026-04-29,Q550069,0.06061997959549776,0.12043783834783067
2026-04-28,Q550070,-0.1565012415087971,-0.1565012415087971
2026-04-29,Q550070,-0.22984839123948786,-0.18095029141902735
2026-04-28,Q550074,0.5355505015820253,0.5355505015820253
2026-04-29,Q550074,0.530459482328547,0.5338534951641992
2026-04-28,Q550082,-0.155029798989504,-0.155029798989504
2026-04-29,Q550082,-0.15314830230412246,-0.15440263342771016
2026-04-28,Q550084,-0.1646078424304816,-0.1646078424304816
2026-04-29,Q550084,-0.10174979921058083,-0.14365516135718137
2026-04-28,Q550085,-0.1962461812359403,-0.1962461812359403
2026-04-29,Q550085,-0.36635675995205197,-0.2529497074746442
2026-04-28,Q550086,-0.0404679583805427,-0.0404679583805427
2026-04-29,Q550086,-0.03789728422902715,-0.039611066996704185
2026-04-28,Q550087,0.0180081199788498,0.0180081199788498
2026-04-29,Q550087,-0.1392744890744483,-0.034419416372249566
2026-04-28,Q550088,-0.0149346335173164,-0.0149346335173164
2026-04-29,Q550088,-0.1216098153179794,-0.05049302745087074
2026-04-28,Q550089,-0.1041637532722065,-0.1041637532722065
2026-04-29,Q550089,-0.13705877142730138,-0.1151287593239048
2026-04-28,Q550091,-0.1803793669249923,-0.1803793669249923
2026-04-29,Q550091,-0.19689989474902136,-0.185886209533002
2026-04-28,Q550092,-0.3953573058285489,-0.3953573058285489
2026-04-29,Q550092,-0.6160199941339114,-0.4689115352636698
2026-04-28,Q550093,-0.2554438125267992,-0.2554438125267992
2026-04-29,Q550093,-0.30344964446936873,-0.27144575650765573
2026-04-28,Q550095,-0.155029798989504,-0.155029798989504
2026-04-29,Q550095,-0.15314830230412246,-0.15440263342771016
2026-04-28,Q550096,-0.155029798989504,-0.155029798989504
2026-04-29,Q550096,-0.15314830230412246,-0.15440263342771016
2026-04-28,Q550097,-0.073659392144259,-0.073659392144259
2026-04-29,Q550097,-0.08211919967374467,-0.0764793279874209
2026-04-28,Q550098,-0.2971403113505997,-0.2971403113505997
2026-04-29,Q550098,-0.42786194454008775,-0.34071418908042905
2026-04-28,Q570019,-0.0124849574778989,-0.0124849574778989
2026-04-29,Q570019,-0.20361244115729027,-0.07619411870436268
2026-04-28,Q570022,-0.2158858587571287,-0.2158858587571287
2026-04-29,Q570022,-0.33879003498206184,-0.25685391749877307
2026-04-28,Q570023,-0.0598096725018543,-0.0598096725018543
2026-04-29,Q570023,-0.07160602636743385,-0.06374179045704749
2026-04-28,Q570029,-0.3284509567478819,-0.3284509567478819
2026-04-29,Q570029,-0.28855733709298814,-0.315153083529584
2026-04-28,Q570047,-0.2576229616879989,-0.2576229616879989
2026-04-29,Q570047,-0.2628681162878961,-0.25937134655463134
2026-04-28,Q570050,-0.3033994157861187,-0.3033994157861187
2026-04-29,Q570050,-0.3078195948906897,-0.30487280882097567
2026-04-28,Q570051,0.2377291563781604,0.2377291563781604
2026-04-29,Q570051,0.23036626200616553,0.2352748582541621
2026-04-28,Q570052,0.1365811181761186,0.1365811181761186
2026-04-29,Q570052,0.13679684047018412,0.13665302560747378
2026-04-28,Q570053,0.2602832519885531,0.2602832519885531
2026-04-29,Q570053,0.2588535967666341,0.25980670024791347
2026-04-28,Q570054,-0.0964915614511986,-0.0964915614511986
2026-04-29,Q570054,-0.09317571036525231,-0.09538627775588318
2026-04-28,Q570055,0.0755610949687976,0.0755610949687976
2026-04-29,Q570055,-0.012111186687381058,0.04633700108340472
2026-04-28,Q570056,0.0218922392044022,0.0218922392044022
2026-04-29,Q570056,-0.03826888042867376,0.0018385326600435497
2026-04-28,Q570057,-0.047455217160319,-0.047455217160319
2026-04-29,Q570057,-0.08519729893652772,-0.06003591108572191
2026-04-28,Q570058,-0.2152348038769562,-0.2152348038769562
2026-04-29,Q570058,-0.2919533961465424,-0.2408076679668183
2026-04-28,Q570059,-0.1763166373356773,-0.1763166373356773
2026-04-29,Q570059,-0.3004133626729575,-0.21768221244810404
2026-04-28,Q570060,-0.0696777482755212,-0.0696777482755212
2026-04-29,Q570060,0.17415625903312446,0.011600254160694011
2026-04-28,Q570061,-0.316587094433825,-0.316587094433825
2026-04-29,Q570061,-0.29336047901786383,-0.3088448892951713
2026-04-28,Q570062,0.0819759187266907,0.0819759187266907
2026-04-29,Q570062,0.08291795159164875,0.08228992968167673
2026-04-28,Q570063,-0.1005993216038615,-0.1005993216038615
2026-04-29,Q570063,-0.1013170743902447,-0.1008385725326559
2026-04-28,Q570064,0.4327807845962939,0.4327807845962939
2026-04-29,Q570064,0.30841696458708334,0.39132617792655705
2026-04-28,Q570065,-0.0575720687947763,-0.0575720687947763
2026-04-29,Q570065,-0.12743544560815578,-0.08085986106590279
2026-04-28,Q570066,-0.0747192105637259,-0.0747192105637259
2026-04-29,Q570066,-0.26644416563567813,-0.1386275289210433
2026-04-28,Q570069,-0.3443444224418045,-0.3443444224418045
2026-04-29,Q570069,-0.4955946250334484,-0.3947611566390192
2026-04-28,Q570070,0.0348219289197109,0.0348219289197109
2026-04-29,Q570070,-0.03181646886196612,0.012609129659151898
2026-04-28,Q570071,-0.0511406168121525,-0.0511406168121525
2026-04-29,Q570071,-0.23713561282581747,-0.11313894881670748
2026-04-28,Q570072,-0.5143247106694266,-0.5143247106694266
2026-04-29,Q570072,-0.5094486694346468,-0.5126993635911667
2026-04-28,Q570073,-0.1657901593248643,-0.1657901593248643
2026-04-29,Q570073,-0.041966403912615795,-0.12451557418744814
2026-04-28,Q570074,-0.1962461806386584,-0.1962461806386584
2026-04-29,Q570074,-0.3663567593627146,-0.2529497068800105
2026-04-28,Q570081,0.06800216138447,0.06800216138447
2026-04-29,Q570081,-0.09268746279865964,0.014438953323426797
2026-04-28,Q570082,-0.1724527228529123,-0.1724527228529123
2026-04-29,Q570082,-0.14543075523186674,-0.1634454003125638
2026-04-28,Q570084,0.6000000000000001,0.6000000000000001
2026-04-29,Q570084,0.6000000000000001,0.6000000000000001
2026-04-28,Q570085,-0.1073147875355304,-0.1073147875355304
2026-04-29,Q570085,-0.11489152196363836,-0.10984036567823306
2026-04-28,Q570090,0.2912786428866443,0.2912786428866443
2026-04-29,Q570090,0.05609139879083356,0.2128828948547074
2026-04-28,Q570091,-0.1903238745625636,-0.1903238745625636
2026-04-29,Q570091,-0.46805230569954703,-0.2829000182748914
2026-04-28,Q570092,0.0564872622905524,0.0564872622905524
2026-04-29,Q570092,-0.05893277985409299,0.018013914909003944
2026-04-28,Q570093,0.0529403090335219,0.0529403090335219
2026-04-29,Q570093,-0.1742490084882468,-0.022789463473734325
2026-04-28,Q570094,-0.155029798989504,-0.155029798989504
2026-04-29,Q570094,-0.15314830230412246,-0.15440263342771016
2026-04-28,Q570095,-0.1238192389481177,-0.1238192389481177
2026-04-29,Q570095,-0.2685038114111824,-0.17204742976913928
2026-04-28,Q570096,-0.2443669140026843,-0.2443669140026843
2026-04-29,Q570096,-0.2106617355188773,-0.23313185450808196
2026-04-28,Q570097,-0.0598284461966282,-0.0598284461966282
2026-04-29,Q570097,-0.12687006671065548,-0.08217565303463731
2026-04-28,Q570098,-0.1585885287143177,-0.1585885287143177
2026-04-29,Q570098,-0.16306838830664075,-0.16008181524509205
2026-04-28,Q570099,-0.371112398698495,-0.371112398698495
2026-04-29,Q570099,-0.33371484116092875,-0.3586465461859729
2026-04-28,Q570100,0.0928939608267473,0.0928939608267473
2026-04-29,Q570100,0.19834248019216413,0.12804346728188626
2026-04-28,Q570101,-0.2517007932930614,-0.2517007932930614
2026-04-29,Q570101,-0.3081792058250121,-0.27052693080371165
2026-04-28,Q570102,-0.3850219878708817,-0.3850219878708817
2026-04-29,Q570102,0.2555499386554532,-0.17149801236210344
2026-04-28,Q570103,-0.2316133399138872,-0.2316133399138872
2026-04-29,Q570103,0.08424201646119864,-0.1263282211221919
2026-04-28,Q570104,-0.1233681274337244,-0.1233681274337244
2026-04-29,Q570104,-0.09221644964732242,-0.11298423483825708
2026-04-28,Q570105,-0.1443410132092397,-0.1443410132092397
2026-04-29,Q570105,-0.06213834157142647,-0.11694012266330198
2026-04-28,Q570106,-0.5003372157870563,-0.5003372157870563
2026-04-29,Q570106,-0.5095738720347758,-0.5034161012029628
2026-04-28,Q570107,-0.1213814500008065,-0.1213814500008065
2026-04-29,Q570107,-0.022695891513634346,-0.08848626383841579
2026-04-28,Q570108,-0.4946648555288302,-0.4946648555288302
2026-04-29,Q570108,-0.43860760815614896,-0.47597910640460317
2026-04-28,Q570109,-0.155029798989504,-0.155029798989504
2026-04-29,Q570109,-0.15314830230412246,-0.15440263342771016
2026-04-28,Q570110,-0.0796307066076634,-0.0796307066076634
2026-04-29,Q570110,-0.07153180488127248,-0.07693107269886643
2026-04-28,Q570111,-0.155029798989504,-0.155029798989504
2026-04-29,Q570111,-0.15314830230412246,-0.15440263342771016
2026-04-28,Q570114,-0.1761628222185201,-0.1761628222185201
2026-04-29,Q570114,-0.14006134938934253,-0.1641289979421276
2026-04-28,Q570115,-0.31531393177246,-0.31531393177246
2026-04-29,Q570115,-0.27442482022605885,-0.3016842279236596
2026-04-28,Q570116,0.1567969115190315,0.1567969115190315
2026-04-29,Q570116,0.32008679292841036,0.21122687198882445
2026-04-28,Q570117,-0.3002912078623641,-0.3002912078623641
2026-04-29,Q570117,-0.34248850064371816,-0.31435697212281544
2026-04-28,Q580010,-0.155029798989504,-0.155029798989504
2026-04-29,Q580010,-0.15314830230412246,-0.15440263342771016
2026-04-28,Q580014,0.6000000000000001,0.6000000000000001
2026-04-29,Q580014,0.6000000000000001,0.6000000000000001
2026-04-28,Q580015,-0.2232304130183466,-0.2232304130183466
2026-04-29,Q580015,-0.2182287926546732,-0.22156320623045547
2026-04-28,Q580016,0.0679338214751023,0.0679338214751023
2026-04-29,Q580016,0.06906263002761691,0.06831009099260717
2026-04-28,Q580017,-0.1491022487027654,-0.1491022487027654
2026-04-29,Q580017,-0.14508661630152284,-0.14776370456901788
2026-04-28,Q580019,-0.0244430214995853,-0.0244430214995853
2026-04-29,Q580019,-0.24659547906563584,-0.0984938406882688
2026-04-28,Q580020,-0.3095878119376067,-0.3095878119376067
2026-04-29,Q580020,-0.3666604691736186,-0.32861203101627734
2026-04-28,Q580021,-0.2373363653899072,-0.2373363653899072
2026-04-29,Q580021,-0.19144366332342339,-0.22203879803441262
2026-04-28,Q580022,-0.1214737370768703,-0.1214737370768703
2026-04-29,Q580022,-0.1823367469341617,-0.14176140702930076
2026-04-28,Q580023,0.0044594859996053,0.0044594859996053
2026-04-29,Q580023,-0.03214574073384665,-0.007742256244878683
2026-04-28,Q580026,-0.26945229974793,-0.26945229974793
2026-04-29,Q580026,-0.26350002947025997,-0.2674682096553733
2026-04-28,Q580027,0.1132240639946148,0.1132240639946148
2026-04-29,Q580027,0.11375046138057601,0.1133995297899352
2026-04-28,Q580032,-0.3597453251810913,-0.3597453251810913
2026-04-29,Q580032,-0.3326927091514128,-0.35072778650453185
2026-04-28,Q580033,-0.1796892562390051,-0.1796892562390051
2026-04-29,Q580033,-0.06502120884640311,-0.14146657377480445
2026-04-28,Q580034,-0.1572512577371612,-0.1572512577371612
2026-04-29,Q580034,-0.17075510879118966,-0.16175254142183737
2026-04-28,Q580035,-0.2504043241298587,-0.2504043241298587
2026-04-29,Q580035,-0.25091616679709444,-0.2505749383522706
2026-04-28,Q580039,-0.2303754588772971,-0.2303754588772971
2026-04-29,Q580039,-0.22677952694212022,-0.22917681489890485
2026-04-28,Q580040,-0.1810197248536646,-0.1810197248536646
2026-04-29,Q580040,-0.24935870364495816,-0.20379938445076246
2026-04-28,Q580043,0.2234778469896349,0.2234778469896349
2026-04-29,Q580043,0.026414263359922814,0.1577899857797309
2026-04-28,Q580044,-0.130919446354057,-0.130919446354057
2026-04-29,Q580044,-0.2871525685579671,-0.18299715375536035
2026-04-28,Q580046,0.3375075598459563,0.3375075598459563
2026-04-29,Q580046,0.3350507344700553,0.3366886180539893
2026-04-28,Q580047,-0.2077188158073502,-0.2077188158073502
2026-04-29,Q580047,-0.3123406326030707,-0.24259275473925704
2026-04-28,Q580048,-0.3540328496445089,-0.3540328496445089
2026-04-29,Q580048,-0.3218311162961486,-0.3432989385283888
2026-04-28,Q580049,-0.155029798989504,-0.155029798989504
2026-04-29,Q580049,-0.15314830230412246,-0.15440263342771016
2026-04-28,Q580050,-0.1842882058921317,-0.1842882058921317
2026-04-29,Q580050,-0.16693919110446587,-0.17850520096290978
2026-04-28,Q580051,0.098170566657889,0.098170566657889
2026-04-29,Q580051,0.1077957463479268,0.1013789598879016
2026-04-28,Q580052,-0.3500104740859249,-0.3500104740859249
2026-04-29,Q580052,-0.34245022736335196,-0.34749039184506725
2026-04-28,Q580053,-0.3618569575290774,-0.3618569575290774
2026-04-29,Q580053,-0.3346450069869992,-0.35278630734838473
2026-04-28,Q580054,0.2273041281607861,0.2273041281607861
2026-04-29,Q580054,0.039419436110410634,0.1646758974773276
2026-04-28,Q580055,0.005674598368811,0.005674598368811
2026-04-29,Q580055,-0.05479474853069984,-0.014481850597692612
2026-04-28,Q580056,0.0108447198875307,0.0108447198875307
2026-04-29,Q580056,-0.0639569231269248,-0.014089161117287799
2026-04-28,Q580057,-0.2467204432564662,-0.2467204432564662
2026-04-29,Q580057,-0.3884545604791996,-0.29396514899737736
2026-04-28,Q580058,0.1262075890710966,0.1262075890710966
2026-04-29,Q580058,0.11821446189547127,0.12354321334588816
2026-04-28,Q580059,-0.3380544532771825,-0.3380544532771825
2026-04-29,Q580059,-0.3398245540961217,-0.3386444868834956
2026-04-28,Q580060,-0.155029798989504,-0.155029798989504
2026-04-29,Q580060,-0.15314830230412246,-0.15440263342771016
2026-04-28,Q580061,-0.3711123982505335,-0.3711123982505335
2026-04-29,Q580061,-0.36635675995205197,-0.369527185484373
2026-04-28,Q580062,-0.3950106056980062,-0.3950106056980062
2026-04-29,Q580062,-0.4518921537279703,-0.41397112170799427
2026-04-28,Q580063,-0.155029798989504,-0.155029798989504
2026-04-29,Q580063,-0.15314830230412246,-0.15440263342771016
2026-04-28,Q580064,-0.155029798989504,-0.155029798989504
2026-04-29,Q580064,-0.15314830230412246,-0.15440263342771016
2026-04-28,Q580065,-0.0407610925809562,-0.0407610925809562
2026-04-29,Q580065,0.432792009442293,0.11708994142679352
2026-04-28,Q580066,0.0890820118041399,0.0890820118041399
2026-04-29,Q580066,-0.03265562540018426,0.04850279940269852
2026-04-28,Q580067,-0.1302977388524394,-0.1302977388524394
2026-04-29,Q580067,-0.12874520638472614,-0.12978022802986833
2026-04-28,Q580068,0.1233101311971733,0.1233101311971733
2026-04-29,Q580068,0.10011249255212515,0.11557758498215726
2026-04-28,Q580069,-0.2376166973262081,-0.2376166973262081
2026-04-29,Q580069,-0.34140784989771933,-0.2722137481833785
2026-04-28,Q580070,-0.0056713917236466,-0.0056713917236466
2026-04-29,Q580070,0.09175630495988032,0.026804507170862375
2026-04-28,Q610001,-0.3722436693755893,-0.3722436693755893
2026-04-29,Q610001,-0.3388787500453805,-0.36112202959885303
2026-04-28,Q610003,-0.155029798989504,-0.155029798989504
2026-04-29,Q610003,-0.15314830230412246,-0.15440263342771016
2026-04-28,Q610007,0.0483168668537574,0.0483168668537574
2026-04-29,Q610007,0.16044404666669296,0.08569259345806926
2026-04-28,Q610008,-0.1020285974372138,-0.1020285974372138
2026-04-29,Q610008,-0.05623231495169453,-0.08676316994204072
2026-04-28,Q610009,-0.4051854518077363,-0.4051854518077363
2026-04-29,Q610009,-0.4331092197944324,-0.41449337446996837
2026-04-28,Q610012,0.0147336266857661,0.0147336266857661
2026-04-29,Q610012,0.1081402011281358,0.04586915149988933
2026-04-28,Q610013,-0.0882827557137163,-0.0882827557137163
2026-04-29,Q610013,0.03293299568694245,-0.04787750524683006
2026-04-28,Q610016,0.4178603043160606,0.4178603043160606
2026-04-29,Q610016,0.4143346970604611,0.41668510189752744
2026-04-28,Q610017,0.176559119621673,0.176559119621673
2026-04-29,Q610017,0.1762430895305109,0.17645377625795233
2026-04-28,Q610018,-0.2112726832913894,-0.2112726832913894
2026-04-29,Q610018,-0.2002683737281831,-0.20760458010365399
2026-04-28,Q610020,-0.1962461600988002,-0.1962461600988002
2026-04-29,Q610020,-0.18505101246531683,-0.1925144442209724
2026-04-28,Q610022,0.0933351379284263,0.0933351379284263
2026-04-29,Q610022,-0.10587209273580014,0.026932727707017497
2026-04-28,Q610023,-0.2308765177101451,-0.2308765177101451
2026-04-29,Q610023,-0.18552053021642462,-0.2157578552122383
2026-04-28,Q610024,-0.306401536913715,-0.306401536913715
2026-04-29,Q610024,-0.2611341421502195,-0.2913124053258832
2026-04-28,Q610025,-0.155029798989504,-0.155029798989504
2026-04-29,Q610025,-0.15314830230412246,-0.15440263342771016
2026-04-28,Q610028,-0.1171072472275925,-0.1171072472275925
2026-04-29,Q610028,0.0067934776956152035,-0.07580700558652327
2026-04-28,Q610029,-0.2979631221513155,-0.2979631221513155
2026-04-29,Q610029,-0.18056554428265775,-0.25883059619509624
2026-04-28,Q610030,-0.3683042085770744,-0.3683042085770744
2026-04-29,Q610030,-0.3635859223598136,-0.36673144650465417
2026-04-28,Q610032,0.0121894164142022,0.0121894164142022
2026-04-29,Q610032,0.014059688253584649,0.012812840360663017
2026-04-28,Q610033,0.0121894164142022,0.0121894164142022
2026-04-29,Q610033,0.014059688253584649,0.012812840360663017
2026-04-28,Q610034,-0.2453920962476264,-0.2453920962476264
2026-04-29,Q610034,-0.3134537037421689,-0.26807929874580727
2026-04-28,Q610035,-0.287562979473801,-0.287562979473801
2026-04-29,Q610035,-0.10921855834198732,-0.22811483909652977
2026-04-28,Q610036,-0.1666683657309764,-0.1666683657309764
2026-04-29,Q610036,-0.30803140780787874,-0.21378937975661053
2026-04-28,Q610037,-0.3131626640486723,-0.3131626640486723
2026-04-29,Q610037,-0.25304356583797444,-0.2931229646451064
2026-04-28,Q610038,-0.2964001477630548,-0.2964001477630548
2026-04-29,Q610038,-0.18995573261908621,-0.26091867604839863
2026-04-28,Q610039,-0.1962461600988002,-0.1962461600988002
2026-04-29,Q610039,-0.18505101246531683,-0.1925144442209724
2026-04-28,Q610040,-0.3842056674610683,-0.3842056674610683
2026-04-29,Q610040,-0.36173433875236893,-0.3767152245581685
2026-04-28,Q610043,0.192595232464153,0.192595232464153
2026-04-29,Q610043,0.19206590403526932,0.19241878965452514
2026-04-28,Q610044,0.5844691144209759,0.5844691144209759
2026-04-29,Q610044,0.5787274225946186,0.5825552171455235
2026-04-28,Q610045,-0.155029798989504,-0.155029798989504
2026-04-29,Q610045,-0.15314830230412246,-0.15440263342771016
2026-04-28,Q610047,-0.155029798989504,-0.155029798989504
2026-04-29,Q610047,-0.15314830230412246,-0.15440263342771016
2026-04-28,Q610049,-0.155029798989504,-0.155029798989504
2026-04-29,Q610049,-0.15314830230412246,-0.15440263342771016
2026-04-28,Q610051,-0.155029798989504,-0.155029798989504
2026-04-29,Q610051,-0.15314830230412246,-0.15440263342771016
2026-04-28,Q610054,-0.0619903771944358,-0.0619903771944358
2026-04-29,Q610054,-0.059133430664953995,-0.061038061684608534
2026-04-28,Q610055,-0.155029798989504,-0.155029798989504
2026-04-29,Q610055,-0.15314830230412246,-0.15440263342771016
2026-04-28,Q610056,-0.155029798989504,-0.155029798989504
2026-04-29,Q610056,-0.15314830230412246,-0.15440263342771016
2026-04-28,Q610057,-0.155029798989504,-0.155029798989504
2026-04-29,Q610057,-0.15314830230412246,-0.15440263342771016
2026-04-28,Q610058,-0.155029798989504,-0.155029798989504
2026-04-29,Q610058,-0.15314830230412246,-0.15440263342771016
2026-04-28,Q610059,-0.4173167492018456,-0.4173167492018456
2026-04-29,Q610059,-0.29547400278056235,-0.37670250039475117
2026-04-28,Q610060,-0.1872288816088307,-0.1872288816088307
2026-04-29,Q610060,-0.18491910090809427,-0.18645895470858523
2026-04-28,Q610061,-0.2060007670280068,-0.2060007670280068
2026-04-29,Q610061,-0.3329356952534177,-0.24831240976981045
2026-04-28,Q610062,-0.4414175065525887,-0.4414175065525887
2026-04-29,Q610062,-0.35446490896790184,-0.4124333073576931
2026-04-28,Q610063,0.1714277911169366,0.1714277911169366
2026-04-29,Q610063,0.07190543959454743,0.13825367394280688
2026-04-28,Q610064,-0.155029798989504,-0.155029798989504
2026-04-29,Q610064,-0.15314830230412246,-0.15440263342771016
2026-04-28,Q610066,-0.155029798989504,-0.155029798989504
2026-04-29,Q610066,-0.15314830230412246,-0.15440263342771016
2026-04-28,Q610067,-0.0095080581341242,-0.0095080581341242
2026-04-29,Q610067,-0.08506925326055778,-0.03469512317626872
2026-04-28,Q610068,-0.3982383775663847,-0.3982383775663847
2026-04-29,Q610068,-0.38271750555183454,-0.3930647535615347
2026-04-28,Q610069,0.2644975440841089,0.2644975440841089
2026-04-29,Q610069,0.22313712071223338,0.2507107362934837
2026-04-28,Q610070,-0.4079227414273971,-0.4079227414273971
2026-04-29,Q610070,-0.3709429882759835,-0.39559615704359263
2026-04-28,Q610071,-0.3918232394814228,-0.3918232394814228
2026-04-29,Q610071,-0.3440851507880308,-0.37591054325029216
2026-04-28,Q610072,-0.0831006224520722,-0.0831006224520722
2026-04-29,Q610072,-0.12814491959040294,-0.09811538816484912
2026-04-28,Q610073,-0.2994099259570224,-0.2994099259570224
2026-04-29,Q610073,-0.29774629520662266,-0.29885538237355586
2026-04-28,Q610074,-0.315874051178195,-0.315874051178195
2026-04-29,Q610074,-0.2811589348091194,-0.3043023457218365
2026-04-28,Q610075,-0.081501102985457,-0.081501102985457
2026-04-29,Q610075,-0.25907975007403156,-0.14069398534831518
2026-04-28,Q610076,-0.1825117891941371,-0.1825117891941371
2026-04-29,Q610076,0.10519513119631099,-0.0866094823973211
2026-04-28,Q610077,-0.155029798989504,-0.155029798989504
2026-04-29,Q610077,-0.15314830230412246,-0.15440263342771016
2026-04-28,Q610078,-0.2092667990076665,-0.2092667990076665
2026-04-29,Q610078,-0.30068732266354226,-0.23974030689295844
2026-04-28,Q610079,-0.0078043393285061,-0.0078043393285061
2026-04-29,Q610079,-0.17444827450509867,-0.06335231772070363
2026-04-28,Q610080,-0.155029798989504,-0.155029798989504
2026-04-29,Q610080,0.432792009442293,0.04091080382109498
2026-04-28,Q610081,0.3893211524060717,0.3893211524060717
2026-04-29,Q610081,0.432792009442293,0.4038114380848121
2026-04-28,Q610082,-0.155029798989504,-0.155029798989504
2026-04-29,Q610082,-0.15314830230412246,-0.15440263342771016
2026-04-28,Q610083,0.0991125363197742,0.0991125363197742
2026-04-29,Q610083,0.12321507087767705,0.10714671450574181
2026-04-28,Q610084,-0.1962461600988002,-0.1962461600988002
2026-04-29,Q610084,-0.1850510124653168,-0.1925144442209724
2026-04-28,Q610085,-0.444967623662716,-0.444967623662716
2026-04-29,Q610085,-0.2680808575593967,-0.3860053682949429
2026-04-28,Q610086,-0.2890833094702791,-0.2890833094702791
2026-04-29,Q610086,-0.22324819815586783,-0.2671382723654754
2026-04-28,Q610087,-0.1984338550506771,-0.1984338550506771
2026-04-29,Q610087,-0.032399306821076106,-0.14308900564081012
2026-04-28,Q610088,0.1254362129095762,0.1254362129095762
2026-04-29,Q610088,0.10789222057937023,0.11958821546617422
2026-04-28,Q610089,-0.323473407169831,-0.323473407169831
2026-04-29,Q610089,-0.3646560945692379,-0.3372009696363
2026-04-28,Q610090,-0.1449334890891164,-0.1449334890891164
2026-04-29,Q610090,-0.3157265843256871,-0.20186452083463996
2026-04-28,Q610091,-0.4421303059509754,-0.4421303059509754
2026-04-29,Q610091,-0.31528117995053584,-0.3998472639508289
2026-04-28,Q610092,-0.3711124104521484,-0.3711124104521484
2026-04-29,Q610092,-0.18535062425963197,-0.30919181505464294
2026-04-28,Q610093,0.029894676011354,0.029894676011354
2026-04-29,Q610093,0.0022261608870318486,0.020671837636579954
2026-04-28,Q700011,0.4327807845962939,0.4327807845962939
2026-04-29,Q700011,0.26821051779791105,0.377924028996833
2026-04-28,Q700012,-0.155029798989504,-0.155029798989504
2026-04-29,Q700012,-0.15314830230412246,-0.15440263342771016
2026-04-28,Q700013,-0.1770608674922801,-0.1770608674922801
2026-04-29,Q700013,-0.15314830230412246,-0.1690900124295609
2026-04-28,Q700014,-0.155029798989504,-0.155029798989504
2026-04-29,Q700014,-0.15314830230412246,-0.15440263342771016
2026-04-28,Q700017,0.1632556977311826,0.1632556977311826
2026-04-29,Q700017,0.432792009442293,0.2531011349682194
2026-04-28,Q700018,-0.210671024866404,-0.210671024866404
2026-04-29,Q700018,-0.11693198085299794,-0.17942467686193533
2026-04-28,Q700020,0.2222800917866388,0.2222800917866388
2026-04-29,Q700020,0.22135592134016757,0.2219720349711484
2026-04-28,Q700022,0.4327807845962939,0.4327807845962939
2026-04-29,Q700022,0.3348694174625214,0.4001436622183697
2026-04-28,Q700023,-0.015414525996924,-0.015414525996924
2026-04-29,Q700023,0.3848887289448887,0.11801989231701356
2026-04-28,Q700025,-0.1654705019455192,-0.1654705019455192
2026-04-29,Q700025,-0.34482343715458075,-0.22525481368187306
2026-04-28,Q700026,0.1554252872521357,0.1554252872521357
2026-04-29,Q700026,0.008450249166951286,0.10643360789040757
2026-04-28,Q700027,-0.095097486408912,-0.095097486408912
2026-04-29,Q700027,0.1892971343235416,-0.0002992794980941488
2026-04-28,Q700028,-0.1886032982046042,-0.1886032982046042
2026-04-29,Q700028,-0.36052125300058224,-0.24590928313659688
2026-04-28,Q700029,0.154430800081337,0.154430800081337
2026-04-29,Q700029,0.13388597574075758,0.14758252530114385
2026-04-28,Q700030,-0.3531989592333982,-0.3531989592333982
2026-04-29,Q700030,-0.4755679720659396,-0.3939886301775787
2026-04-28,Q760004,-0.155029798989504,-0.155029798989504
2026-04-29,Q760004,-0.15314830230412246,-0.15440263342771016
2026-04-28,Q760005,-0.2384565203791757,-0.2384565203791757
2026-04-29,Q760005,-0.30780000462740476,-0.2615710151285854
2026-04-28,Q760006,-0.2652936771410317,-0.2652936771410317
2026-04-29,Q760006,-0.3062300578803807,-0.2789391373874814
2026-04-28,Q760007,-0.127545471071575,-0.127545471071575
2026-04-29,Q760007,-0.18195649277786508,-0.14568247830700504
2026-04-28,Q760008,-0.1203842381874331,-0.1203842381874331
2026-04-29,Q760008,-0.19547814763907678,-0.145415541337981
2026-04-28,Q760009,0.0307281156295613,0.0307281156295613
2026-04-29,Q760009,-0.043721848106616244,0.005911461050835454
2026-04-28,Q760010,0.0890293836355978,0.0890293836355978
2026-04-29,Q760010,-0.0704798847367735,0.03585962751147404
2026-04-28,Q760011,0.0657972518264518,0.0657972518264518
2026-04-29,Q760011,0.1486488025137955,0.09341443538889971
2026-04-28,Q760012,-0.2826690675646094,-0.2826690675646094
2026-04-29,Q760012,-0.28199771532509577,-0.28244528348477155
2026-04-28,Q760013,0.1231222395447453,0.1231222395447453
2026-04-29,Q760013,0.07852047513162116,0.1082549847403706
2026-04-28,Q760014,-0.1002032605446584,-0.1002032605446584
2026-04-29,Q760014,-0.06295360826044996,-0.08778670978325559
2026-04-28,Q760015,-0.3525474067575175,-0.3525474067575175
2026-04-29,Q760015,-0.2644975358818167,-0.3231974497989506
2026-04-28,Q760016,-0.0650040224969058,-0.0650040224969058
2026-04-29,Q760016,-0.2934742256250879,-0.1411607568729665
2026-04-28,Q760017,-0.1027939283648041,-0.1027939283648041
2026-04-29,Q760017,-0.10414652213950062,-0.10324479295636962
2026-04-28,Q760018,-0.2133185280396695,-0.2133185280396695
2026-04-29,Q760018,-0.20219591737534964,-0.2096109911515629
2026-04-28,Q760019,-0.1550297940121544,-0.1550297940121544
2026-04-29,Q760019,-0.15314829903002566,-0.15440262901811147
2026-04-28,Q760020,0.4327807845962939,0.4327807845962939
2026-04-29,Q760020,0.432792009442293,0.43278452621162694
2026-04-28,Q760021,-0.2047385986440782,-0.2047385986440782
2026-04-29,Q760021,-0.36936556772975004,-0.2596142550059688
