종목코드,종목명,기준일,외국인_순매수대금(백만원),기관_순매수대금(백만원),외국인+기관_순매수대금(백만원),수급합(5일),수급급증(3vs10_강도),매수우위비율(10일),수급합(5일)_TS_Z,수급급증(3vs10)_TS_Z,매수우위비율(10일)_TS_Z,수급강화점수,랭킹,시가총액,PER,EPS,PBR,섹터,당일등락(%),ROE(%),부채비율(%),매출증가율(%),영업이익증가율(%),raw_score,멀티팩터점수,기준일자
001420,태원물산,2026-05-12,-4.0,-3.0,-7.0,0.0,-0.4000000012,0.6,0.19110086717178942,-0.5244645676668321,1.5380236414416446,1.204659940946602,1,231.0,1.32,2299.0,0.5,운송장비·부품,-2.4,47.06,18.25,25.6,0.0,1.162237104527588,1.226194906678706,2026-05-12
005110,한창,2026-05-12,,,0.0,0.0,-1.0,0.0,0.0,0.0,0.0,0.0,2,265.0,0.41,3053.0,1.53,유통,0.0,1866.08,458.05,160.42,0.0,1.1587194643758998,1.1647419927751506,2026-05-12
031820,아이티센씨티에스,2026-05-12,-281.0,0.0,-281.0,-957.0,1.1297989029131812,0.2,-1.5342975857939731,0.2650423676765079,0.7637625574926441,-0.5054926606248211,3,1039.0,1.97,4364.0,0.45,IT 서비스,-10.06,25.89,145.4,10.04,12.09,1.0070659431371813,1.0245353869362035,2026-05-12
298000,효성화학,2026-05-12,,,0.0,0.0,-1.0,0.0,0.0,0.0,0.0,0.0,4,1475.0,0.38,103670.0,0.4,화학,0.0,260.94,309.76,-4.55,0.0,1.0096535384197096,1.021060953983591,2026-05-12
009140,경인전자,2026-05-12,308.0,0.0,308.0,193.0,5.0,0.6,2.863843724334886,2.6960728173059785,0.8143449605196557,6.374261502160521,5,497.0,12.99,2437.0,0.52,전기·전자,5.32,4.88,8.57,57.24,0.0,1.1591287840096456,0.9213618027213517,2026-05-12
019180,티에이치엔,2026-05-12,-423.0,-15.0,-438.0,-795.0,0.5805626597657001,0.3,-0.23213550350960327,0.9180594898946051,-0.4058396837802481,0.28008430260475364,6,1388.0,2.02,3815.0,0.62,전기·전자,-1.53,36.85,171.05,51.92,126.26,0.8418269371627444,0.9042289867452781,2026-05-12
003230,삼양식품,2026-05-12,-5744.0,7940.0,2196.0,27827.0,1.2692720598401186,0.4,0.9164177110197551,0.6943037691162364,-1.1832158399532682,0.4275056401827233,7,100264.0,25.75,51697.0,7.99,음식료·담배,0.91,37.59,72.74,36.1,52.13,0.8969889917575882,0.8812029215616947,2026-05-12
900140,엘브이엠씨홀딩스,2026-05-12,1151.0,91.0,1242.0,1331.0,5.0,0.7,3.144329442189332,3.235528433198143,0.37454809577631787,6.754405971163793,8,3397.0,251.14,7.0,0.66,외국증권,10.01,3.55,38.8,47.58,358.76,1.0925014374017157,0.8806802743414807,2026-05-12
039490,키움증권,2026-05-12,-38317.0,-10658.0,-48975.0,31789.0,0.23492114908136652,0.5,1.3711768488047302,-0.1660115766195187,1.6922281289987586,2.89739340118397,9,110159.0,10.37,40504.0,1.65,증권,-8.5,18.12,1107.51,51.78,35.51,0.8897330184631084,0.8566648712268249,2026-05-12
001450,현대해상,2026-05-12,-3092.0,-1401.0,-4493.0,-7038.0,0.4701881939698531,0.5,-1.220180272628125,2.6914461919606305,0.8334107188754241,2.30467663820793,10,25660.0,2.64,11407.0,0.46,보험,-0.82,20.6,877.79,4.54,1.36,0.8681841352163036,0.8292413101879601,2026-05-12
031440,신세계푸드,2026-05-12,72.0,686.0,758.0,656.0,2.9564961783695036,0.7,1.3905652790154825,1.0926491782644503,-0.6278955068086847,1.8553189504712482,11,2014.0,2.61,19939.0,0.53,일반서비스,-7.64,23.71,127.3,-2.07,4475.7,0.7542525555272729,0.8282313928347498,2026-05-12
021820,세원정공,2026-05-12,196.0,-3.0,193.0,242.0,3.3657817089826922,0.5,2.3362931783824403,3.1832133760081107,1.6749037039306398,7.194410258321191,12,1445.0,3.11,4646.0,0.23,운송장비·부품,-4.43,6.73,12.09,16.48,49.75,1.0731935999431539,0.8018481272549893,2026-05-12
007860,서연,2026-05-12,-20.0,-2.0,-22.0,908.0,1.7275551410940464,0.6,2.2681638237459856,1.3503610604845604,1.2740439928020924,4.892568877032638,13,2087.0,3.74,2380.0,0.22,금융,-2.31,6.59,128.21,9.28,-17.5,0.8263519965128846,0.8016304166455319,2026-05-12
009770,삼정펄프,2026-05-12,-10.0,2.0,-8.0,-58.0,0.35593220109164037,0.2,-1.6000085978150542,0.5726364902535985,-0.6324554320336933,-1.659827539595149,14,750.0,1.98,15182.0,0.29,종이·목재,-1.64,15.76,15.53,-8.09,-24.64,0.7247175087001959,0.7901995244186694,2026-05-12
100840,SNT에너지,2026-05-12,1577.0,-1777.0,-200.0,-10842.0,-0.2024442661778061,0.5,-0.13662456765367278,-0.12480099938630056,0.9878043581787974,0.7263787911388241,15,10692.0,12.67,4080.0,2.8,기계·장비,-2.64,25.15,61.71,105.98,400.52,0.6544764032530703,0.7563992534782225,2026-05-12
010960,삼호개발,2026-05-12,-76.0,14.0,-62.0,-87.0,1.1119592867257153,0.2,-0.31365933146292846,0.8068343800000631,-0.2662443736736196,0.2269306748635151,16,912.0,4.99,757.0,0.36,건설,-1.56,8.08,51.8,1.98,1135.62,0.6749638210889704,0.7539100293142985,2026-05-12
003080,SB성보,2026-05-12,-19.0,10.0,-9.0,16.0,-0.05882353051903122,0.5,0.1983257430604111,-0.9379918858523709,1.168406516393483,0.42874037360152306,17,507.0,1.47,1721.0,0.32,화학,-1.17,24.66,49.42,7.51,0.0,0.6564896414740158,0.750193412302663,2026-05-12
013520,화승코퍼레이션,2026-05-12,-49.0,-2.0,-51.0,-17.0,0.33974358961476847,0.7,-0.7331770109091905,-0.31405782418070927,0.5351295032822381,-0.5121053318076618,18,1597.0,2.05,1559.0,0.53,운송장비·부품,-1.24,31.51,194.36,4.82,-3.17,0.524513778750515,0.7287269696040191,2026-05-12
004960,한신공영,2026-05-12,-209.0,-430.0,-639.0,1864.0,0.17444958628857576,0.4,1.0391377252381153,-0.1749676002151754,0.11230586967385835,0.9764759946967982,19,1607.0,2.69,5172.0,0.19,건설,-5.89,7.43,162.99,-22.9,73.19,0.6433537979232394,0.7254191760831659,2026-05-12
002900,TYM,2026-05-12,664.0,110.0,774.0,2526.0,1.6708696086459258,0.8,1.1821305759378296,1.426596960070725,1.4239564967542389,4.032684032762793,20,3726.0,10.01,899.0,0.85,기계·장비,-1.53,9.66,102.27,17.82,298.51,0.6735890700911094,0.7055217355304972,2026-05-12
069730,DSR제강,2026-05-12,56.0,-11.0,45.0,-359.0,-0.5687331536969362,0.5,-0.9550339949964279,-0.7981658475708028,1.0467339598820362,-0.7064658826851944,21,740.0,3.0,1713.0,0.39,금속,-0.39,13.97,37.51,5.09,43.69,0.6050894464015926,0.6975636276717805,2026-05-12
136490,선진,2026-05-12,-223.0,-28.0,-251.0,-1451.0,0.692030764112648,0.3,-1.5997486035020259,0.14620252591639218,-2.291879476907414,-3.7454255544930475,22,2435.0,2.05,5002.0,0.43,음식료·담배,-1.35,23.5,133.95,12.75,44.41,0.49539536762028774,0.6968694670705671,2026-05-12
139480,이마트,2026-05-12,984.0,-1013.0,-29.0,28320.0,-0.0399623196196881,0.7,1.5708294292872027,-0.3501027626246918,0.44021048848773664,1.6609371551502476,23,29555.0,21.76,4921.0,0.26,유통,-5.14,1.27,144.61,-0.17,584.83,0.5256743419965114,0.6928244448937766,2026-05-12
278470,에이피알,2026-05-12,-5630.0,-18647.0,-24277.0,182.0,1.1298852986023045,0.3,0.12739919455112675,0.721147631918558,-1.6664479468672517,-0.817901120397567,24,155556.0,53.93,7704.0,34.89,화학,-5.14,75.3,73.11,111.32,197.88,0.6883810640889529,0.6910821598507326,2026-05-12
402340,SK스퀘어,2026-05-12,-31947.0,-27001.0,-58948.0,-512867.0,-0.0681465426458594,0.3,-1.1764558387980588,-0.5165270127995076,-1.9250667202298404,-3.618049571827407,25,1485851.0,16.94,66468.0,5.37,금융,-5.14,37.82,9.01,77.76,124.39,0.6306295985654906,0.6900887147660609,2026-05-12
010770,평화홀딩스,2026-05-12,-82.0,0.0,-82.0,-86.0,0.7287784673720148,0.5,-0.9672188253294349,0.30245489110539203,1.2909943487358135,0.6262304145117706,26,576.0,1.66,2375.0,0.44,운송장비·부품,-1.38,31.18,243.35,5.81,21.07,0.654389285035062,0.6855355806478729,2026-05-12
003650,미창석유,2026-05-12,16.0,-9.0,7.0,223.0,0.4983164980642565,0.5,2.2128486065159674,0.9656234357039593,2.196709203783836,5.375181246003763,27,2088.0,3.97,30250.0,0.49,화학,-1.72,13.54,18.53,5.55,-4.9,0.7811047891533356,0.6811827616951953,2026-05-12
016380,KG스틸,2026-05-12,1268.0,-117.0,1151.0,5544.0,-0.1641051912639676,0.7,1.314229687163827,-0.970872740608642,1.5481483359358985,1.8915052824910834,28,6681.0,4.95,1350.0,0.31,금속,-1.04,6.73,50.85,-3.26,-26.83,0.628293862852863,0.6746851965541497,2026-05-12
145270,케이탑리츠,2026-05-12,1.0,14.0,15.0,-22.0,-0.1578947377285319,0.7,-1.0889322133209214,-0.5199054254434387,1.1832158166199396,-0.42562182214442035,29,404.0,6.51,129.0,0.37,리츠,-4.33,6.01,103.18,24.78,34.17,0.5886779623825025,0.6711514105209828,2026-05-12
071320,지역난방공사,2026-05-12,608.0,-128.0,480.0,-929.0,0.2713143201764452,0.5,1.6290670010657142,1.1354379985654959,2.049390013191929,4.8138950128231395,30,8603.0,2.54,29268.0,0.37,전기·가스,0.81,14.84,257.56,11.98,61.5,0.7131395198019773,0.638946405957473,2026-05-12
034120,SBS,2026-05-12,23.0,-226.0,-203.0,-386.0,0.278011204347548,0.0,0.7132938531810872,1.4084772661315565,0.0,2.1217711193126436,31,2794.0,34.78,433.0,0.22,오락·문화,-1.89,0.73,57.45,-3.65,0.0,0.7108853185435708,0.6385593412402732,2026-05-12
006980,우성,2026-05-12,9.0,0.0,9.0,-12.0,-0.747126436868807,0.5,1.1189783742814947,-1.0665854105429102,1.8193926168958678,1.8717855806344523,32,697.0,5.39,4186.0,0.27,음식료·담배,-1.74,6.27,117.55,1.13,125.49,0.658423981670193,0.63811105413487,2026-05-12
005680,삼영전자,2026-05-12,413.0,-38.0,375.0,528.0,-0.19639357118007084,0.8,1.1196946685452354,-0.4857894716208321,2.302830614177417,2.9367358111018205,33,2796.0,54.61,256.0,0.49,전기·전자,-3.25,0.96,4.39,-8.13,26.56,0.7603818961922256,0.634138855562864,2026-05-12
348950,제이알글로벌리츠,2026-05-12,,,0.0,0.0,-1.0,0.0,0.7166440252336859,-0.5768846977846782,-0.9628223613513169,-0.8230630339023093,34,2333.0,14.41,82.0,0.2,리츠,0.0,3.92,131.38,2.5,5.62,0.6085691613003696,0.6159274382592592,2026-05-12
000590,CS홀딩스,2026-05-12,4.0,-2.0,2.0,64.0,-0.2517006810356798,0.7,0.8913004541731758,-0.562158130797599,1.42302483457578,1.752167157951357,35,876.0,5.07,14967.0,0.24,금융,-2.44,5.36,8.04,-4.99,-9.41,0.5036014799164693,0.6124994393736323,2026-05-12
096760,JW홀딩스,2026-05-12,36.0,-1.0,35.0,-36.0,0.3146233380628327,0.5,-0.41788197830524565,0.2940757960733097,0.4711755805022305,0.34736939827029456,36,2950.0,5.04,791.0,1.03,금융,0.0,23.57,107.05,9.22,14.59,0.6029010418394201,0.6119228547280158,2026-05-12
446070,유니드비티플러스,2026-05-12,-10.0,0.0,-10.0,-174.0,0.15447154415229036,0.3,-1.6937609438371668,-0.14533503924936286,-1.3920678417806414,-3.231163824867171,37,296.0,4.62,603.0,0.15,종이·목재,-3.97,3.31,20.87,15.47,0.0,0.5638919785123673,0.6079772796699026,2026-05-12
097520,엠씨넥스,2026-05-12,-638.0,-14.0,-652.0,-1388.0,0.10770279478160538,0.2,-1.1366161137927695,0.02923219803929151,0.4605661228354838,-0.6468177929179941,38,3933.0,7.86,2877.0,0.95,전기·전자,-1.09,13.61,44.32,21.02,17.19,0.4371398455994653,0.6078961112952642,2026-05-12
029530,신도리코,2026-05-12,-78.0,-85.0,-163.0,-24.0,-0.13513513521305087,0.4,-0.2574224193310266,-0.7698740624137145,-0.3745480957763174,-1.4018445775210586,39,4537.0,23.46,1991.0,0.37,전기·전자,-3.81,1.88,7.6,-6.94,-69.0,0.5224390712969773,0.6051367318472988,2026-05-12
210980,SK디앤디,2026-05-12,-400.0,487.0,87.0,450.0,0.13407525154201227,0.8,2.4702322566472263,-0.3046968167550226,1.5248891905501378,3.6904246304423416,40,2322.0,32.73,381.0,0.41,부동산,-1.58,1.25,174.18,-48.81,-29.58,0.5919534450081643,0.602219470319802,2026-05-12
Q570084,한투 블룸버그 인버스 2X 천연가스선물 ETN,2025-10-01,1.0,2706.0,2707.0,4084.0,5.0,0.8,3.4553411579583395,3.4324336983171073,1.0420638786975749,7.929838734973022,41,,,,,,,,,,,0.6000000000000001,0.6000000000000001,2026-05-12
102280,쌍방울,2025-11-27,-15.0,1435.0,1420.0,1405.0,5.0,0.2,3.394306399491713,1.6011938764711007,2.700308186836679,7.6958084627994925,42,,,,,,,,,,,0.6000000000000001,0.6000000000000001,2026-05-12
002460,HS화성,2026-05-12,-192.0,4.0,-188.0,-217.0,0.6485900213343623,0.5,-0.9904133027191898,1.96145337162302,1.5722823078664172,2.5433223767702473,43,1370.0,4.97,2719.0,0.3,건설,-0.66,6.73,69.49,7.62,82.21,0.6587266698771322,0.5990225680054799,2026-05-12
Q520070,미래에셋 0.5X 코스피200 선물 ETN,2025-12-17,0.0,0.0,0.0,1.0,5.0,0.1,2.4630603569214906,2.4630604152548226,2.463059726921688,7.389180499098002,44,,,,,,,,,,,0.584974000277336,0.5949913334257788,2026-05-12
001140,국보,2026-01-26,2.0,0.0,2.0,4.0,5.0,0.3,3.3146577998438147,1.2353647826512955,2.694410306323201,7.244432888818311,45,,,,,,,,,,,0.5734531318044347,0.590476495085621,2026-05-12
244920,에이플러스에셋,2026-05-12,-13.0,-237.0,-250.0,1256.0,0.5452337582781466,0.7,1.0520925793197022,-0.022129763121189756,0.0,1.0299628161985124,46,2433.0,10.99,979.0,1.43,금융,5.59,13.82,97.3,32.32,-7.09,0.3855095017547268,0.5872319847125324,2026-05-12
Q580014,KB 인버스 2X 나스닥 100 ETN,2025-12-19,0.0,695.0,695.0,1624.0,2.6327000572568195,1.0,2.5769723433353544,2.817998614271498,1.7117732978493039,7.106744255456157,47,,,,,,,,,,,0.5624941071123256,0.583854181569135,2026-05-12
487570,HS효성,2026-05-12,281.0,-1.0,280.0,2132.0,-0.20006516782665207,0.7,1.135845796633479,-0.8030661475795282,1.678292620856563,2.011072269910514,48,2336.0,11.91,5263.0,0.45,금융,-2.34,3.68,73.92,95.32,117.14,0.4657285692848856,0.5761872031285356,2026-05-12
012630,HDC,2026-05-12,-23.0,-1130.0,-1153.0,1994.0,0.44115574345593456,0.6,0.41158444498731533,0.12720135334150154,-0.5351295032822386,0.003656295046578273,49,15085.0,5.01,5038.0,0.43,금융,-7.17,10.82,133.68,6.2,88.24,0.3661092575611432,0.5743179969666614,2026-05-12
000660,SK하이닉스,2026-05-12,-3109270.0,-910002.0,-4019272.0,-8346144.0,1.3940165992446016,0.3,-3.1604686916196205,1.5855037662218356,-0.9698877479540381,-2.544852673351823,50,13078088.0,31.13,58955.0,10.51,전기·전자,-2.39,44.15,45.95,46.76,101.16,0.44217732821156014,0.5732343425556045,2026-05-12
000850,화천기공,2026-05-12,-120.0,10.0,-110.0,-338.0,0.22427983520201455,0.3,-1.0410565836457109,0.0003922850702779848,0.20835267971885543,-0.8323116188565775,51,774.0,6.8,5173.0,0.23,기계·장비,-2.63,3.36,23.85,-0.2,0.0,0.504523074035199,0.5564638686666225,2026-05-12
000950,전방,2026-05-12,9.0,0.0,9.0,-34.0,0.0638297861023085,0.5,-1.5832925706105594,0.1049340889098076,-0.9698877479540373,-2.448246229654789,52,506.0,1.7,17743.0,0.15,섬유·의류,-2.11,13.99,4.34,-28.76,0.0,0.5379547502438604,0.5550028728382598,2026-05-12
Q610044,메리츠 인버스 천연가스 선물 ETN(H),2025-08-04,0.0,82.0,82.0,194.0,5.0,0.9,2.604510696518946,2.6924209318651506,1.410047899350681,6.706979527734777,53,,,,,,,,,,,0.5306757106684471,0.553986817395667,2026-05-12
008420,문배철강,2026-05-12,240.0,32.0,272.0,551.0,0.04142692744295573,0.7,1.6969668527677384,-0.12215489496758804,1.446405890745417,3.021217848545567,54,514.0,7.76,323.0,0.27,금속,-3.65,3.58,20.55,-14.32,0.0,0.6880889080363912,0.5483845268582896,2026-05-12
004770,써니전자,2026-05-12,85.0,8.0,93.0,165.0,-0.26220204321654905,0.6,0.7816068652078663,-0.24114325817244078,-0.6324554320336921,-0.09199182499826664,55,599.0,14.06,120.0,0.74,전기·전자,-2.26,5.36,2.33,0.39,185.71,0.5116332945036581,0.5433937269330398,2026-05-12
044820,코스맥스비티아이,2026-05-12,163.0,-24.0,139.0,838.0,4.578494622936108,0.4,2.386481186918862,2.2843366960997535,1.1346171613106357,5.8054350443292515,56,1935.0,6.63,3041.0,0.7,금융,-6.06,11.08,240.34,7.96,60.68,0.7143002888182663,0.5415058480059556,2026-05-12
072710,농심홀딩스,2026-05-12,-70.0,-6.0,-76.0,422.0,0.16315378596840513,0.6,1.579444901327571,0.49390231236109555,-0.3017563420399915,1.7715908716486752,57,4327.0,3.78,24706.0,0.33,금융,-2.81,9.03,39.05,7.58,-6.37,0.5385159869291527,0.5362180266687633,2026-05-12
025540,한국단자,2026-05-12,885.0,-163.0,722.0,2456.0,-0.07940481158922119,0.9,0.1936898950534175,0.0462834047440457,1.4687519984061184,1.7087252982035817,58,8891.0,8.47,10383.0,0.77,전기·전자,-0.11,9.47,34.11,-4.43,-18.71,0.5905396634224671,0.5350843440626663,2026-05-12
001270,부국증권,2026-05-12,-313.0,346.0,33.0,718.0,0.08589951371767146,0.8,0.3837641718123136,0.03321408222380083,2.1502015569582342,2.5671798109943484,59,7446.0,21.04,3413.0,0.77,증권,-2.97,5.69,117.45,23.91,54.81,0.48673392820840305,0.5340624051356299,2026-05-12
227840,현대코퍼레이션홀딩스,2026-05-12,33.0,1.0,34.0,417.0,0.3502109703217078,0.9,0.2889759465176771,-0.2875320313393789,1.4912688993386631,1.4927128145169615,60,1186.0,3.23,4028.0,0.36,유통,-0.91,11.89,24.38,16.06,9.56,0.41022166086879286,0.5339614676307031,2026-05-12
003240,태광산업,2026-05-12,281.0,-92.0,189.0,2333.0,0.5116279069376839,0.6,1.7223771461141864,0.7508090363857854,0.0,2.4731861824999717,61,12192.0,15.08,72592.0,0.23,화학,-3.35,2.06,13.47,-9.87,0.0,0.6195197683533048,0.5334555643066594,2026-05-12
028670,팬오션,2026-05-12,2163.0,-1069.0,1094.0,12606.0,-0.6907577348626942,0.9,1.1848676561445088,-0.7842887591025707,1.851751878306943,2.2523307753488813,62,31058.0,10.3,564.0,0.54,운송·창고,-0.17,5.3,89.63,5.26,4.41,0.4062101586346516,0.5310862399040976,2026-05-12
001770,SHD,2026-05-12,4.0,0.0,4.0,6.0,0.42857141836734725,0.3,1.6507587269497312,0.8467240901041201,0.7700534726657735,3.267536289719625,63,203.0,6.93,2410.0,0.38,금속,-2.45,5.58,52.89,0.29,0.0,0.6506833735896748,0.5289725865477866,2026-05-12
002450,삼익악기,2026-05-12,369.0,26.0,395.0,374.0,3.170692430554583,0.4,3.006228752184126,2.765439034339528,0.6324554320336909,6.404123218557345,64,1141.0,6.46,195.0,0.34,제조,1.53,6.36,83.8,-2.58,-61.55,0.9659911169420384,0.5287009457713557,2026-05-12
000910,유니온,2026-05-12,-216.0,-2.0,-218.0,-855.0,1.039920159436337,0.2,-2.0031941713386274,1.4373077300916444,-1.9040897469815437,-2.469976188228527,65,665.0,2.85,1496.0,0.62,비금속,-2.74,24.64,157.34,-7.22,0.0,0.503641388998743,0.5285416660195501,2026-05-12
Q520053,미래에셋 인버스 천연가스 선물 ETN(H),2025-08-04,0.0,45.0,45.0,460.0,5.0,1.0,2.344180848178264,2.113477377666676,1.9085696095128815,6.366227835357822,66,,,,,,,,,,,0.5035543273018558,0.526232363282618,2026-05-12
005820,원림,2026-05-12,-11.0,0.0,-11.0,56.0,3.3529411713494808,0.4,1.1976700329264933,1.2259300331659178,-1.2353645664124429,1.1882354996799682,67,373.0,9.99,1622.0,0.26,섬유·의류,0.31,2.98,19.33,8.86,155.29,0.4202010346418192,0.5168826017861767,2026-05-12
016580,환인제약,2026-05-12,61.0,-22.0,39.0,176.0,-0.15000000007083325,0.6,0.18986556414826164,-0.48773426303136824,1.4296999800745704,1.131831281191464,68,2124.0,15.62,731.0,0.5,제약,3.82,3.41,13.75,-1.69,-39.44,0.39276166607091323,0.5136572458245015,2026-05-12
032560,황금에스티,2026-05-12,7.0,6.0,13.0,141.0,-0.5777351248411258,0.5,0.7504574426544522,-1.5881366429457415,-1.0801232747346743,-1.9178024750259635,69,1010.0,5.6,1060.0,0.26,금속,-0.83,4.77,26.5,-1.42,-7.14,0.3626659799825568,0.5078741999533628,2026-05-12
229640,LS에코에너지,2026-05-12,5408.0,5086.0,10494.0,35662.0,0.7096502486729714,0.8,1.7964545500786095,1.0055446426808252,0.8334107188754232,3.6354099116348575,70,27562.0,65.5,1374.0,13.05,금융,1.81,21.43,117.63,10.48,49.16,0.6914762515784683,0.5072019203201383,2026-05-12
Q550074,N2 블룸버그 2X 천연가스 선물 ETN(H),2025-10-01,0.0,282.0,282.0,902.0,3.1014698903601516,0.8,2.6758576612113494,2.6552296290893986,0.802577936789134,6.133665227089882,71,,,,,,,,,,,0.4850440167247578,0.5070270117076949,2026-05-12
058850,KTcs,2026-05-12,52.0,0.0,52.0,-221.0,0.07834101372549851,0.6,0.26482599312066585,-0.4616417429343147,1.5925549910026167,1.3957392411889677,72,1083.0,4.77,548.0,0.47,IT 서비스,-1.88,11.55,109.12,-7.01,327.56,0.6056444011549601,0.5003277034849886,2026-05-12
013580,계룡건설,2026-05-12,353.0,-150.0,203.0,770.0,-0.7833102812405877,0.5,-0.13471921704976933,-1.4173631717004362,-0.13572416929713357,-1.6878065580473391,73,2344.0,2.35,11193.0,0.25,건설,-3.67,11.1,225.45,-7.66,91.49,0.40121404198827976,0.4977867548175526,2026-05-12
317400,자이에스앤디,2026-05-12,-38.0,65.0,27.0,123.0,-0.4549990405226444,0.7,-0.2532643716305594,-0.6177922610872986,-0.8143449605196539,-1.6854015932375117,74,1648.0,5.85,727.0,0.36,부동산,-2.52,6.42,70.96,-12.08,426.28,0.5030622632090778,0.49191360783613863,2026-05-12
Q520050,미래에셋 인버스 2X 원유선물혼합 ETN(H),2026-04-09,-1.0,4111.0,4110.0,9559.0,1.4207973321049345,0.4,2.4248186274428822,2.1496823566042753,1.3662598221280013,5.940760806175159,75,,,,,,,,,,,0.4696902125624271,0.49109668975432286,2026-05-12
004360,세방,2026-05-12,-22.0,-49.0,-71.0,-1.0,-0.6133333333554285,0.6,-0.6369632272067828,-0.9447888158708192,0.24276470454350296,-1.338987338534099,76,2909.0,5.31,2865.0,0.28,운송·창고,-4.28,5.61,23.78,-9.58,11.45,0.30701620347979114,0.49012666460664117,2026-05-12
Q500055,신한 인버스 Russell 2000 ETN,2025-10-20,0.0,13.0,13.0,31.0,3.8245613908125575,0.6,2.2852645990433182,1.4227656670116895,2.198038176410956,5.906068442465964,77,,,,,,,,,,,0.4669289499858955,0.4882317449252189,2026-05-12
025000,KPX케미칼,2026-05-12,14.0,32.0,46.0,87.0,-0.49762389691154973,0.5,1.1658211730064456,-0.6429802537958715,1.6329929618554777,2.1558338810660516,78,2277.0,4.93,10548.0,0.33,화학,-2.44,7.51,31.57,-6.93,-29.64,0.5163730034755032,0.48639729007964555,2026-05-12
200880,서연이화,2026-05-12,-28.0,-136.0,-164.0,181.0,2.893939393778487,0.4,0.9255210829489562,2.199226522372505,1.1832158166199396,4.307963421941401,79,3789.0,6.32,2220.0,0.32,운송장비·부품,-1.68,5.28,159.97,11.47,4.79,0.5332086052341586,0.4797172555475988,2026-05-12
383220,F&F,2026-05-12,4302.0,-1977.0,2325.0,11763.0,0.1819131756368466,0.6,0.8623700033190971,-0.3582422219193751,1.510557045984933,2.014684827384655,80,31986.0,8.03,10404.0,1.67,섬유·의류,-3.02,23.16,41.13,2.0,3.96,0.38443366134992785,0.47958410782462435,2026-05-12
084670,동양고속,2026-05-12,562.0,0.0,562.0,1420.0,2.5627389638273126,0.9,2.707278108365892,2.1376007393093355,1.985580032293611,6.830458879968838,81,964.0,32.52,1024.0,1.59,운송·창고,-4.45,5.63,186.43,2.85,0.0,0.6110542020441468,0.47839456751203535,2026-05-12
004490,세방전지,2026-05-12,-376.0,77.0,-299.0,-3243.0,-0.08681070978470262,0.4,-2.197193764378015,-0.15607991682770433,-1.1660916555018448,-3.5193653367075646,82,8565.0,6.13,10076.0,0.51,전기·전자,-2.98,9.12,34.89,4.01,-14.42,0.31756732787133546,0.47691795306172863,2026-05-12
006090,사조오양,2026-05-12,0.0,5.0,5.0,-23.0,-0.5666666671,0.5,-0.6565780041178657,-0.7529979589280921,1.3522466932799215,-0.05732926976603636,83,775.0,6.13,1342.0,0.34,음식료·담배,-1.32,5.61,80.74,2.34,28.35,0.4252652734655361,0.4738983413230759,2026-05-12
006380,카프로,2026-05-12,,,0.0,0.0,-1.0,0.0,0.0,0.0,0.0,0.0,84,6185.0,12.75,287.0,7.01,화학,0.0,102.36,171.23,-90.64,0.0,0.46690529532914526,0.4729152166144299,2026-05-12
322000,HD현대에너지솔루션,2026-05-12,6677.0,7644.0,14321.0,12556.0,-0.4541227041816409,0.5,-0.5316456292027494,-0.8148278216750646,-0.3567530021881581,-1.7032264530659722,85,23184.0,55.63,3721.0,5.55,전기·전자,8.72,10.59,26.96,16.64,1076.88,0.38439299524567067,0.4722120713811955,2026-05-12
383800,LX홀딩스,2026-05-12,15.0,-203.0,-188.0,-204.0,-0.38098419062410427,0.6,0.3845514077325159,-0.4418049957245224,0.974176309388227,0.9169227213962204,86,6469.0,4.86,1744.0,0.33,금융,-3.09,7.01,17.89,-2.13,-14.5,0.38907873244376207,0.47055806588450827,2026-05-12
042700,한미반도체,2026-05-12,16648.0,32708.0,49356.0,152546.0,-0.47783871343000495,0.8,-0.3011311297485453,-0.712475292041525,1.4278209701292488,0.4142145483391786,87,359804.0,169.06,2233.0,51.87,기계·장비,-5.62,34.76,17.82,3.18,-1.57,0.41178030410429595,0.47018324941056755,2026-05-12
006800,미래에셋증권,2026-05-12,-56890.0,-38460.0,-95350.0,-175857.0,0.015552146806194989,0.4,-1.2013531951225014,-0.4180680493130195,1.1517417006954205,-0.46767954374010046,88,415758.0,34.49,2154.0,3.27,증권,-6.42,12.36,1015.02,31.66,61.19,0.2670828767770033,0.4697769534074512,2026-05-12
008500,일정실업,2026-05-12,-17.0,0.0,-17.0,-121.0,-0.5810564665312988,0.2,-1.21045013804306,-0.5698153287481352,-0.7442083613814073,-2.5244738281726025,89,149.0,4.37,569.0,2.42,섬유·의류,5.3,100.89,112.57,-17.65,-61.75,0.43369222724116946,0.4687918688073518,2026-05-12
016880,웅진,2026-05-12,122.0,-239.0,-117.0,-788.0,-0.38629283491008437,0.2,-0.5027069905140358,-0.6577301488906806,-1.3903401443251238,-2.55077728372984,90,2038.0,1.69,1511.0,1.11,일반서비스,-6.42,96.89,1491.13,14.14,151.3,0.464337406363305,0.4686464818449942,2026-05-12
129260,인터지스,2026-05-12,-105.0,0.0,-105.0,-275.0,0.9625246542517185,0.1,-2.6645396197795175,2.5181426570755803,-1.1832157232866365,-1.3296126859905737,91,689.0,6.99,331.0,0.22,운송·창고,-1.91,3.4,68.48,1.11,-17.19,0.3916757105674299,0.4685201142277294,2026-05-12
107590,미원홀딩스,2026-05-12,0.0,-3.0,-3.0,-7.0,-0.7777777781481482,0.1,1.048517552189247,-0.5028681952554408,1.366259822128004,1.9119091790618101,92,1357.0,5.19,11280.0,0.47,금융,-2.5,9.52,61.58,3.39,-11.67,0.453212496796751,0.4684714545489035,2026-05-12
005430,한국공항,2026-05-12,-134.0,-45.0,-179.0,-88.0,0.5270506106203687,0.3,0.3302171105905097,0.09746090916188453,0.0,0.4276780197523942,93,1957.0,4.83,12805.0,0.47,운송·창고,-2.06,10.46,30.68,5.85,4.46,0.3402752066711259,0.4681294667047805,2026-05-12
003530,한화투자증권,2026-05-12,828.0,-830.0,-2.0,4102.0,-0.41922283336594546,0.5,-0.12460543176648978,-0.6642008415730338,-1.1832157232866372,-1.9720219966261607,94,16327.0,16.37,465.0,0.8,증권,-6.97,5.41,739.27,23.99,3624.18,0.1834733567747527,0.4617170999583741,2026-05-12
109070,주성코퍼레이션,2026-05-12,-593.0,-2.0,-595.0,-230.0,2.7829997095634176,0.5,-0.13340456518467458,2.1751998359801936,0.948683148050536,2.990478418846055,95,996.0,48.36,39.0,3.44,전기·전자,1.4,7.31,45.08,24.05,-15.88,0.49189644774687313,0.4603805129189416,2026-05-12
009970,영원무역홀딩스,2026-05-12,2277.0,326.0,2603.0,4273.0,2.148608349822351,0.4,2.8132332980141137,2.6130933197051323,-0.6059810715880913,4.820345546131154,96,27336.0,7.46,27133.0,0.78,금융,-1.22,12.83,32.34,13.68,42.25,0.7223207748563089,0.4556389814644282,2026-05-12
089470,HDC현대EP,2026-05-12,628.0,105.0,733.0,335.0,2.4883720925725616,0.4,2.5433715885376746,1.0366887484758545,-0.09473307988159667,3.4853272571319325,97,1595.0,4.81,1039.0,0.36,화학,-7.06,9.61,87.1,0.21,52.07,0.5753806084333131,0.45279116729633856,2026-05-12
000370,한화손해보험,2026-05-12,-2671.0,-48.0,-2719.0,-4363.0,1.7970362529029629,0.4,-2.4649570780374623,2.6300460744902168,0.18478726999879014,0.34987626645154457,98,7448.0,3.3,1932.0,0.37,보험,0.0,10.56,656.87,12.92,-1.41,0.3489498792182518,0.44779637486362384,2026-05-12
210540,디와이파워,2026-05-12,283.0,-1.0,282.0,-472.0,0.1668887901154945,0.6,-0.5446569505239908,-0.6845640393689648,0.9192157399221246,-0.310005249970831,99,1589.0,6.32,2277.0,0.51,기계·장비,-3.42,8.3,20.26,-0.48,19.2,0.34502725641699006,0.447098756491699,2026-05-12
007810,코리아써키트,2026-05-12,3236.0,588.0,3824.0,41243.0,-0.3130832124065148,0.7,1.4885380501876042,-0.4938106789302188,1.3228754805323184,2.3176028517897036,100,23551.0,56.89,1726.0,6.11,전기·전자,-1.31,11.54,76.14,7.3,0.0,0.3886496970822906,0.44665981746732847,2026-05-12
007340,DN오토모티브,2026-05-12,5004.0,-4188.0,816.0,3926.0,-0.5063708455882583,0.9,-0.24042563422784535,-0.88906772574928,1.3178654703937498,0.1883721104166245,101,27295.0,9.7,4809.0,1.2,전기·전자,-4.31,15.02,115.36,7.02,0.95,0.34287188938402435,0.4440438872514759,2026-05-12
108320,LX세미콘,2026-05-12,3974.0,-1217.0,2757.0,9344.0,-0.05907864010375552,0.7,1.7833722964547243,-0.4461947322130589,1.0420638786975729,2.3792414429392386,102,9677.0,11.71,5081.0,0.86,전기·전자,-4.19,7.49,24.36,-12.14,-34.85,0.5878694268587612,0.4439177134271964,2026-05-12
020000,한섬,2026-05-12,-124.0,1358.0,1234.0,5920.0,1.0582010581713583,0.8,1.9177833579347976,1.4588085939701676,2.396055816766844,5.772647768671809,103,5744.0,12.42,2061.0,0.38,섬유·의류,2.2,3.25,20.72,0.44,-17.79,0.6211634388343968,0.44216577631299947,2026-05-12
025560,미래산업,2026-05-12,198.0,19.0,217.0,564.0,-0.4671201814240209,0.5,0.41442780497868864,-0.6362359034502837,-1.7748237599298986,-1.9966318584014937,104,856.0,7.03,2391.0,0.61,의료·정밀기기,-4.38,8.85,24.26,87.78,-24.57,0.42712983558632706,0.43976738257612713,2026-05-12
003480,한진중공업홀딩스,2026-05-12,10.0,0.0,10.0,207.0,0.8694885359573734,0.8,-0.7418199127508815,0.6599267981907655,0.378932346449463,0.29703923188934694,105,1683.0,2.85,2001.0,0.33,전기·가스,-3.39,14.18,278.72,3.17,59.68,0.33018569587610425,0.43831059741051986,2026-05-12
002310,아세아제지,2026-05-12,191.0,-181.0,10.0,-120.0,-0.0647810219404753,0.5,-0.08962918911773099,0.18522363623046578,-0.63245543203369,-0.5368609849209552,106,3274.0,11.71,709.0,0.38,종이·목재,-2.35,3.52,22.39,-4.03,2.45,0.35142496458646066,0.4381630779767151,2026-05-12
000050,경방,2026-05-12,59.0,-37.0,22.0,-169.0,1.5352877303145567,0.6,-1.2375872015928757,1.756046234573564,-0.632455432033692,-0.11399639905300385,107,2541.0,5.36,1728.0,0.3,유통,-2.63,6.03,54.67,3.83,37.5,0.27460333423936073,0.43558330511981896,2026-05-12
489790,한화비전,2026-05-12,31962.0,3406.0,35368.0,4780.0,-0.1687078482036659,0.4,-0.1850212475580079,-1.0779662953691913,-0.9211322456709675,-2.1841197885981667,108,40492.0,88.82,903.0,4.67,전기·전자,1.26,5.4,108.88,263.03,2868.57,0.3933626441910837,0.43214391102785316,2026-05-12
453340,현대그린푸드,2026-05-12,127.0,282.0,409.0,2917.0,3.013043478086389,0.5,2.3656552641062745,0.7062703706457675,2.169897816159323,5.241823450911365,109,5961.0,6.96,2635.0,0.82,유통,-4.18,12.46,41.13,2.61,10.47,0.48675369939249563,0.4319509269923615,2026-05-12
035510,신세계 I&C,2026-05-12,510.0,-439.0,71.0,1014.0,-0.23218109515961516,0.7,1.084393863958771,-0.10585086367187321,1.9843133520484517,2.9628563523353493,110,2682.0,9.75,1968.0,0.58,IT 서비스,-0.26,6.73,33.05,9.83,32.91,0.42226079111758164,0.4309607054924745,2026-05-12
025530,SJM홀딩스,2026-05-12,5.0,0.0,5.0,14.0,0.23188405529300593,0.5,1.163547996664487,-0.005786140486787626,2.529821728134767,3.687583584312466,111,554.0,6.58,564.0,0.29,유통,-1.72,4.96,19.76,-0.19,-23.09,0.5730609643814378,0.42788451983955456,2026-05-12
033920,무학,2026-05-12,-21.0,30.0,9.0,-380.0,-0.4192288922275409,0.3,-1.1166382130745627,-0.636546154435343,-0.814344960519656,-2.5675293280295617,112,2448.0,4.86,1766.0,0.38,음식료·담배,-1.94,8.49,17.37,-5.41,-39.35,0.313264251323725,0.4271087550454657,2026-05-12
326030,SK바이오팜,2026-05-12,7845.0,28.0,7873.0,-2482.0,0.4900494066531953,0.2,1.3870227999338762,0.5676821364204337,0.5729699139942851,2.5276748503485953,113,80349.0,30.1,3409.0,9.88,일반서비스,4.06,39.28,45.03,29.06,111.69,0.6071641706467413,0.42661647467676106,2026-05-12
005720,넥센,2026-05-12,-129.0,31.0,-98.0,145.0,0.6697703286772618,0.7,-0.41465368640426603,0.25115973071570064,0.6396345221731096,0.47614056648454417,114,3647.0,4.35,1596.0,0.26,화학,-2.66,6.86,113.35,11.58,-2.6,0.3924806542247945,0.4245879321681389,2026-05-12
033530,SJG세종,2026-05-12,-524.0,0.0,-524.0,-822.0,2.8733705769720643,0.2,-0.33737302561237015,2.94203998766695,-0.5351295032822393,2.0695374587723405,115,2148.0,3.12,2471.0,0.4,운송장비·부품,-5.51,14.05,150.88,4.42,40.89,0.4910128898229663,0.42234298894964495,2026-05-12
003550,LG,2026-05-12,15950.0,-4340.0,11610.0,28153.0,1.9159177151890159,0.7,1.429135845147879,0.8068544251819776,1.632992961855477,3.8689832321853332,116,170261.0,23.85,4628.0,0.59,금융,5.04,2.64,12.03,1.07,-5.65,0.36277045342923986,0.4207492266873848,2026-05-12
005850,에스엘,2026-05-12,-86.0,-1206.0,-1292.0,7405.0,1.8125561710403488,0.5,1.2311086050340094,1.720578958847365,1.1660916555018455,4.11777921938322,117,30052.0,9.67,6692.0,1.17,운송장비·부품,-4.85,12.81,50.74,5.36,3.02,0.47047429499603366,0.4189635257080402,2026-05-12
001060,JW중외제약,2026-05-12,103.0,119.0,222.0,-1290.0,0.018261381780233954,0.4,-0.716500535208647,0.7079153447593025,1.5491931384829913,1.5406079480336468,118,6916.0,12.02,2470.0,1.94,제약,2.41,17.6,63.87,7.77,14.52,0.4881407319868968,0.416305089787105,2026-05-12
023530,롯데쇼핑,2026-05-12,3329.0,7679.0,11008.0,21278.0,1.0807922856316887,0.9,1.2402634492620492,0.5863467076749602,1.9321833328252878,3.758793489762297,119,42914.0,83.26,1822.0,0.28,유통,4.62,0.34,124.77,-1.78,15.63,0.5096861651425315,0.413650560555144,2026-05-12
017550,수산세보틱스,2026-05-12,672.0,0.0,672.0,-97.0,1.0032245062172023,0.6,0.00788870668723354,0.4758945724330594,1.1097814487526358,1.5935647278729288,120,1925.0,12.15,254.0,0.96,기계·장비,-4.64,8.21,34.29,15.92,57.15,0.40499245266256273,0.413171076219393,2026-05-12
084010,대한제강,2026-05-12,-97.0,165.0,68.0,-132.0,-0.3632387346344247,0.5,0.7782154628448069,-0.5658650700901875,1.2652237418886156,1.477574134643235,121,3901.0,27.02,420.0,0.41,금속,-0.26,1.86,34.36,1.84,0.0,0.39474842772486246,0.4125512937957855,2026-05-12
003000,부광약품,2026-05-12,-772.0,236.0,-536.0,260.0,-0.7244461388588694,0.2,0.921431921647244,-0.8159575929834971,-1.2353645664124464,-1.1298902377486995,122,6009.0,41.43,147.0,1.76,제약,2.18,4.3,39.7,25.38,775.57,0.3648530690426366,0.4074299923518049,2026-05-12
092440,기신정기,2026-05-12,-24.0,-21.0,-45.0,-87.0,1.1794871773915188,0.4,-2.5578105515465235,1.4710187175071137,-1.3835186781043125,-2.4703105121437225,123,657.0,21.03,107.0,0.26,기계·장비,-2.6,-0.19,5.78,-9.82,0.0,0.2481235406038157,0.40670047321344016,2026-05-12
005440,현대지에프홀딩스,2026-05-12,-571.0,584.0,13.0,1396.0,-0.4723430429312552,0.6,0.7298078344240877,-0.4484544544095064,0.48304583320632155,0.7643992132209029,124,22185.0,5.38,2643.0,0.55,금융,-1.93,11.18,43.57,9.21,38.35,0.40482592329131933,0.40119926496147157,2026-05-12
002380,KCC,2026-05-12,4913.0,-1737.0,3176.0,-5567.0,-0.10309278350772311,0.4,0.6841134273982782,-0.27608995831555155,1.5157293499004167,1.9237528189831434,125,51630.0,3.36,173128.0,0.55,화학,-4.13,23.51,114.76,-2.63,-9.23,0.43514179140897224,0.40015976085425575,2026-05-12
009470,삼화전기,2026-05-12,206.0,-31.0,175.0,2598.0,-0.883746926001004,0.7,1.8125156487541247,-1.3677716136194038,2.0933819818305195,2.5381260169652404,126,2662.0,28.21,1427.0,2.83,전기·전자,-3.01,10.39,50.0,-1.31,-51.44,0.44399493184700145,0.39917826012005403,2026-05-12
249420,일동제약,2026-05-12,943.0,-884.0,59.0,3476.0,0.45602100486711983,0.7,1.2329464151957445,1.4800526097143116,1.784136651630151,4.497135676540207,127,7245.0,24.57,932.0,2.93,제약,1.1,13.59,139.25,-7.81,48.47,0.4861128003067636,0.39863048506448584,2026-05-12
126560,현대퓨처넷,2026-05-12,-27.0,-27.0,-54.0,-379.0,0.13225963868244128,0.0,0.28079594352903653,0.365324011893925,-0.8704468888083482,-0.22432693338538667,128,3449.0,46.03,68.0,0.47,통신,-2.03,1.03,7.1,22.57,-9.15,0.48287128250485234,0.39824512936900014,2026-05-12
100220,비상교육,2026-05-12,-142.0,-1.0,-143.0,6.0,0.0938511325798852,0.6,-2.131832868679212,-0.4048624050882521,-1.042063878697568,-3.5787591524650315,129,871.0,4.09,1638.0,0.41,오락·문화,-0.89,11.28,99.96,9.05,111.48,0.14789109568088452,0.39788903393459235,2026-05-12
004840,DRB동일,2026-05-12,-68.0,2.0,-66.0,-165.0,1.1662245794430879,0.4,-1.252427919863404,0.8728944227250237,-0.40824824046386904,-0.7877817376022493,130,960.0,22.23,224.0,0.24,화학,-0.1,1.11,84.29,6.65,13.83,0.2649010253733758,0.39558825049668234,2026-05-12
Q610016,메리츠 레버리지 은 선물 ETN(H),2026-02-26,0.0,228.0,228.0,1219.0,1.8582739506842225,0.7,1.7364786568471504,1.191506962822451,1.8263789849673935,4.754364604636995,131,,,,,,,,,,,0.3752616097809364,0.3931224009062959,2026-05-12
088790,진도,2026-05-12,26.0,-10.0,16.0,25.0,0.29629629485596687,0.6,0.9139601826585384,1.0073299017619215,1.9001382412125254,3.8214283256329855,132,302.0,33.22,73.0,0.28,유통,-0.82,0.84,24.88,-21.67,-69.59,0.5127445168262683,0.39119441543055705,2026-05-12
028100,동아지질,2026-05-12,59.0,336.0,395.0,210.0,-0.40014630580101873,0.7,-0.6315263044847841,-0.8427827372311352,0.8486517794597823,-0.6256572622561369,133,2158.0,11.53,1398.0,0.87,건설,-4.05,8.22,99.11,18.87,87.99,0.21650726110351917,0.39088258526613373,2026-05-12
005880,대한해운,2026-05-12,-5169.0,-1481.0,-6650.0,1692.0,0.05023509032105844,0.4,0.5193963966033237,2.085568866131212,-1.6782924583566072,0.9266728043779282,134,7859.0,4.36,559.0,0.36,운송·창고,-3.56,8.63,70.18,-26.91,-36.96,0.37804945933333,0.3890790862603791,2026-05-12
004980,성신양회,2026-05-12,584.0,0.0,584.0,693.0,0.34821013478967444,0.7,0.6161005255941134,0.9380467358606156,1.4620229562664206,3.0161702177211493,135,2545.0,10.09,1029.0,0.44,비금속,-1.8,4.49,120.49,4.61,-18.0,0.4090640276106393,0.38876445923522557,2026-05-12
005810,풍산홀딩스,2026-05-12,730.0,-326.0,404.0,1663.0,-0.21182462004601144,0.7,0.432466980688463,1.0965609252873219,1.7999285177503515,3.328956423726136,136,6012.0,8.08,5163.0,0.49,금융,-2.57,6.57,15.48,-3.75,-36.23,0.4565990741153072,0.3859159029927156,2026-05-12
049800,우진플라임,2026-05-12,106.0,0.0,106.0,-15.0,1.1996124024613533,0.6,0.005563549086766599,0.8886696922248992,0.8779444288685944,1.7721776701802603,137,504.0,22.11,114.0,0.46,기계·장비,-1.56,2.11,186.23,0.97,110.77,0.3995948786410875,0.38497042183925445,2026-05-12
004560,현대비앤지스틸,2026-05-12,895.0,-699.0,196.0,-116.0,-0.3748444577267208,0.6,0.7338804696355168,-0.8032933212456618,1.8387853835883599,1.769372531978215,138,2441.0,16.59,976.0,0.47,금속,-3.0,2.58,36.89,-6.81,-15.46,0.3910797490035215,0.3845274635935334,2026-05-12
Q500013,신한 옥수수 선물 ETN(H),2025-10-29,0.0,26.0,26.0,65.0,1.5308641928440783,0.6,2.4168629905212877,0.14028944914427469,2.077658763966339,4.634811203631902,139,,,,,,,,,,,0.3657460191207086,0.38324951069672597,2026-05-12
000220,유유제약,2026-05-12,-42.0,0.0,-42.0,-371.0,2.4210526300784854,0.2,-2.4619184991856202,1.6110501995931965,0.07543908550999791,-0.7754292140824258,140,683.0,9.64,416.0,0.57,제약,-1.47,6.4,47.44,5.81,-5.8,0.23630385254416442,0.3813539558807856,2026-05-12
016590,신대양제지,2026-05-12,-110.0,-4.0,-114.0,-484.0,0.18918918902848803,0.3,-0.7003971891026534,1.9541564653622454,-0.4394353261261848,0.8143239501334074,141,4610.0,20.21,566.0,0.56,종이·목재,-3.7,3.83,27.98,-2.88,-24.05,0.36841727248066036,0.38107833521323653,2026-05-12
064400,LG씨엔에스,2026-05-12,24429.0,17837.0,42266.0,64046.0,5.0,0.5,2.5868079540114435,2.865683826370525,0.10240551633039408,5.5548972967123635,142,70727.0,16.05,4548.0,2.41,IT 서비스,3.55,17.35,79.68,2.46,7.6,0.6274973085705964,0.38075803950866727,2026-05-12
002810,삼영무역,2026-05-12,240.0,-29.0,211.0,571.0,1.2536873152353354,0.8,2.1312436524444944,0.7615422350086953,1.7589950414554867,4.651780928908677,143,3961.0,6.76,3174.0,0.63,유통,1.18,10.06,15.64,-6.94,-30.49,0.46034167769363993,0.37950528100729064,2026-05-12
060980,HL홀딩스,2026-05-12,335.0,-155.0,180.0,1144.0,0.5668449197023078,0.6,2.5330163124477796,0.8475908620618995,1.6984840454084658,5.079091219918145,144,4040.0,20.04,2221.0,0.38,금융,0.0,1.95,116.74,-2.63,-1.94,0.48880992457889216,0.3766411296836054,2026-05-12
192650,드림텍,2026-05-12,261.0,83.0,344.0,1048.0,0.6495980618329611,0.5,1.1726791061808226,0.30289090154315,1.326263118342368,2.8018331260663407,145,4366.0,6330.0,1.0,1.12,전기·전자,-1.56,0.02,78.27,4.94,33.2,0.44514095924119373,0.37472351751915656,2026-05-12
004920,씨아이테크,2026-05-12,32.0,0.0,32.0,-26.0,0.27789046627223324,0.4,-0.594997999991346,-0.19852278901387585,-1.6550317617977683,-2.44855255080299,146,573.0,3.79,290.0,0.78,전기·전자,-5.91,22.84,73.35,22.79,0.0,0.42074457450623676,0.3727981341218336,2026-05-12
271560,오리온,2026-05-12,2340.0,-764.0,1576.0,3871.0,-0.46823897766024347,0.6,0.37042691934829697,-0.48549390437003564,1.4819169825640335,1.3668499975422947,147,54995.0,14.37,9680.0,1.44,음식료·담배,-0.36,10.51,17.55,7.35,2.7,0.46212850806689787,0.3704145467514365,2026-05-12
010690,화신,2026-05-12,-2387.0,1899.0,-488.0,4011.0,0.9063092336632279,0.4,1.7886413089170314,0.7327724046821398,1.8847023220089218,4.406116035608093,148,5332.0,7.99,1910.0,0.93,운송장비·부품,12.61,12.25,172.88,14.61,56.86,0.45830460592170424,0.36736224661858535,2026-05-12
123700,SJM,2026-05-12,-2.0,0.0,-2.0,97.0,0.6931216924498194,0.3,1.585335938257899,-0.14014845075247137,-0.14564380829633855,1.2995436792090893,149,580.0,4.78,777.0,0.25,운송장비·부품,-1.98,5.4,19.01,-0.25,-20.53,0.465658512016901,0.36573733837889333,2026-05-12
010400,우진아이엔에스,2026-05-12,-10.0,1.0,-9.0,-61.0,-0.30434782669187155,0.2,-1.7063940971448963,-0.5070609652380459,-1.3228754805323226,-3.5363305429152647,150,295.0,3.89,996.0,0.32,건설,-2.89,9.89,31.59,19.53,0.0,0.2679118378315099,0.3643361353174417,2026-05-12
033240,자화전자,2026-05-12,2341.0,330.0,2671.0,4393.0,0.7244186638040677,0.7,0.33171296244892673,0.3420329921130188,1.2353645664124442,1.9091105209743897,151,9301.0,20.02,2150.0,1.99,전기·전자,-7.72,11.15,74.93,24.63,-6.59,0.450809733060593,0.3634840888962272,2026-05-12
013700,까뮤이앤씨,2026-05-12,-13.0,2.0,-11.0,-154.0,-0.019118869737543065,0.4,-1.2519152663619368,-0.3988400900285841,-1.8536701044831605,-3.5044254608736813,152,729.0,3.63,336.0,0.65,건설,-4.91,19.39,165.46,14.24,0.0,0.24444858619215132,0.36238062520350484,2026-05-12
155660,DSR,2026-05-12,23.0,5.0,28.0,-173.0,-0.36698717963934613,0.4,-0.6500117373605954,-0.992981660433874,-0.3789323195263872,-2.0219257173208565,153,674.0,4.5,935.0,0.28,금속,-2.09,6.29,58.32,0.86,25.76,0.35900278631445226,0.3616735633871078,2026-05-12
033780,KT&G,2026-05-12,13069.0,-9250.0,3819.0,10923.0,0.10296869365006511,0.8,-0.30846376360161953,-0.13143087557413258,0.9036959391150953,0.46380129993934316,154,208826.0,20.29,8973.0,2.04,음식료·담배,1.0,11.77,51.98,11.36,13.03,0.3577640879081946,0.3573869656703602,2026-05-12
161390,한국타이어앤테크놀로지,2026-05-12,-3672.0,-2053.0,-5725.0,-15023.0,0.4918999046994956,0.2,-1.4833369329475974,0.2602561264302244,-0.08345760831382003,-1.3065384148311932,155,73334.0,6.73,8795.0,0.6,화학,-3.11,9.39,87.63,125.27,4.47,0.2549917797687761,0.3565821121898103,2026-05-12
486780,HANARO 200선물레버리지1.5X,2025-09-15,0.0,0.0,0.0,10.0,2.749999953125,0.4,1.7880781604553329,0.6647385203493368,1.8536701044831594,4.306486785287829,156,,,,,,,,,,,0.33961375736609345,0.35613601239236725,2026-05-12
375500,DL이앤씨,2026-05-12,33461.0,-13910.0,19551.0,68223.0,-0.3889713166724186,0.5,1.6699659204150037,-0.82895254006548,1.8389492512476917,2.679962631597215,157,33238.0,9.96,8625.0,0.68,건설,-5.91,7.34,84.38,-11.01,42.82,0.4421313087551537,0.3560669344395011,2026-05-12
008700,아남전자,2026-05-12,75.0,0.0,75.0,-276.0,-0.714894750877369,0.6,0.16483651397720742,-0.9591750085850022,1.3262631183423674,0.5319246237345727,158,1051.0,17.93,76.0,0.79,전기·전자,0.22,4.51,54.57,-16.71,-51.57,0.36746077054111387,0.3553450837675309,2026-05-12
016740,두올,2026-05-12,-259.0,586.0,327.0,1109.0,0.041352754007633497,0.7,2.4574200038671457,-0.8560403100567842,0.17939871623105227,1.7807784100414137,159,1376.0,5.08,945.0,0.49,운송장비·부품,-1.13,11.34,96.71,2.96,13.23,0.36987579110816615,0.35492043365781967,2026-05-12
Q530111,삼성 레버리지 천연가스 선물 ETN C,2026-03-25,0.0,7580.0,7580.0,19768.0,0.7401372212618349,0.6,2.431820552675971,0.7157964094837407,1.1097814487526356,4.257398410912347,160,,,,,,,,,,,0.3357066759045364,0.352082224489213,2026-05-12
017960,한국카본,2026-05-12,8681.0,-13088.0,-4407.0,-24407.0,0.8558443012534813,0.2,-1.437317099069534,1.4980681483313887,-2.1331987721096906,-2.072447722847836,161,22741.0,22.19,1960.0,3.78,금속,-3.44,19.3,79.81,22.52,188.14,0.35094307325456986,0.350830177202464,2026-05-12
005960,동부건설,2026-05-12,-82.0,-7.0,-89.0,-337.0,-0.36201163759262234,0.7,-1.5803304132181957,-1.2311318883336926,-0.3338304332552812,-3.1452927348071693,162,1930.0,3.74,2251.0,0.35,건설,-4.0,10.28,206.43,4.16,0.0,0.13316992181136572,0.34930541342389354,2026-05-12
086280,현대글로비스,2026-05-12,-7443.0,39469.0,32026.0,34759.0,1.586372958202508,0.5,2.491833649317426,0.6450241445907917,1.8955162404080577,5.032374034316275,163,199125.0,11.49,23117.0,1.92,운송·창고,5.78,18.13,78.92,4.08,18.26,0.5240908523926943,0.34817166465240634,2026-05-12
000990,DB하이텍,2026-05-12,-9874.0,-6780.0,-16654.0,-30139.0,0.16551474093704321,0.3,-0.07931541279514233,-0.6335381502332562,1.032795358988683,0.3199417959602844,164,72131.0,28.67,5783.0,3.15,전기·전자,-11.19,12.52,33.36,23.52,45.3,0.3709599352668302,0.34613302073333296,2026-05-12
015360,INVENI,2026-05-12,-60.0,18.0,-42.0,-649.0,-0.20863309356584625,0.4,-1.0584708409564785,-0.2551582797207276,0.6085312999959088,-0.7050978206812973,165,4597.0,5.76,2930.0,0.58,일반서비스,-0.76,15.46,141.35,14.41,359.79,0.24217622893029736,0.3453848291812786,2026-05-12
079430,현대리바트,2026-05-12,-2.0,0.0,-2.0,-207.0,0.3665743304370661,0.5,0.31362831369518307,-0.14777930230802636,-0.9211322456709675,-0.7552832342838108,166,1448.0,19.94,361.0,0.35,제조,-1.1,1.79,84.96,-17.34,-34.61,0.3128711074702412,0.3440483429494357,2026-05-12
161890,한국콜마,2026-05-12,8049.0,317.0,8366.0,46011.0,3.684495068286437,0.7,2.7962345396274557,2.6259400547016782,-0.2958039454049878,5.126370648924146,167,23629.0,18.89,5299.0,2.6,화학,0.2,14.69,107.38,11.03,23.6,0.45575101750379265,0.34304854524913375,2026-05-12
009540,HD한국조선해양,2026-05-12,16579.0,-8379.0,8200.0,10666.0,0.20040960591867307,0.7,-0.7637277932279922,-0.32607509599481366,0.06454971618679134,-1.0252531730360144,168,328741.0,15.16,30639.0,2.47,금융,-2.0,17.78,133.86,17.21,172.26,0.3076126756011698,0.34280399000243367,2026-05-12
000240,한국앤컴퍼니,2026-05-12,-500.0,-924.0,-1424.0,-3195.0,0.17209922097418873,0.4,-0.9978470049662113,-0.30690899058991933,1.4905018826083916,0.18574588705226103,169,22500.0,6.48,3658.0,0.47,금융,-3.85,7.52,10.01,4.79,-1.59,0.2714103575358164,0.3421236595186109,2026-05-12
019170,신풍제약,2026-05-12,-911.0,-3.0,-914.0,-2593.0,2.0007265681036395,0.6,0.19609885154319495,0.7340578397582393,0.5030977011288412,1.4332543924302756,170,5834.0,69.56,160.0,2.11,제약,0.09,3.35,30.19,6.15,0.0,0.3277413593282923,0.3418016494709267,2026-05-12
008040,사조동아원,2026-05-12,-135.0,0.0,-135.0,55.0,0.13984674318583834,0.3,0.35328333794246636,-0.4611816018418471,-2.366431633239877,-2.4743298971392576,171,1507.0,6.21,172.0,0.56,음식료·담배,-6.15,9.45,68.18,-0.05,29.47,0.20572614242056592,0.3415072169536868,2026-05-12
067830,세이브존I&C,2026-05-12,-71.0,-8.0,-79.0,-29.0,0.561954624372961,0.4,0.28951861363353487,1.4343206173925245,0.34156499053199063,2.06540422155805,172,1196.0,9.46,308.0,0.24,유통,-2.18,2.64,19.1,-5.29,-29.58,0.49143965848770194,0.3412283202412726,2026-05-12
012320,경동인베스트,2026-05-12,196.0,-14.0,182.0,296.0,-0.2103033384573646,0.6,1.370459980248843,-0.4689078586864275,1.7999285177503543,2.70148063931277,173,1452.0,7.85,7820.0,0.27,금융,-1.92,3.8,23.09,-5.98,-22.85,0.471418974383445,0.3366584115414082,2026-05-12
280360,롯데웰푸드,2026-05-12,852.0,-1405.0,-553.0,-970.0,1.3533976277183228,0.5,-1.4849533402523876,1.1329171821774164,-0.6396345221731089,-0.99167068024808,174,10961.0,15.23,7734.0,0.48,음식료·담배,-3.12,3.34,100.02,4.25,-30.29,0.149538705342169,0.3364875748719225,2026-05-12
329180,HD현대중공업,2026-05-12,71180.0,5869.0,77049.0,37703.0,1.8283788743193368,0.6,0.26949792718858756,1.3644027326573211,0.45969634589708996,2.093597005742999,175,742076.0,45.03,15702.0,7.94,운송장비·부품,3.21,18.82,180.07,21.36,188.92,0.30431299917236404,0.3360534353758849,2026-05-12
006040,동원산업,2026-05-12,-2127.0,459.0,-1668.0,-2869.0,1.5937118922232059,0.2,-1.2664877146983797,1.014197176636725,-0.8143450157828012,-1.0666355538444559,176,16291.0,4.2,8795.0,0.46,금융,-3.91,11.61,110.1,7.15,2.96,0.28447035550891875,0.33511764326841254,2026-05-12
009290,광동제약,2026-05-12,-88.0,2.0,-86.0,436.0,0.22352941169273355,0.4,1.6467644983079033,0.333148989462111,0.3017563420399922,2.2816698298100064,177,3944.0,19.8,400.0,0.6,제약,1.41,3.4,85.49,1.15,3.15,0.3408195913589946,0.3321769862955554,2026-05-12
004890,동일산업,2026-05-12,-3.0,-2.0,-5.0,55.0,-0.3911719941897236,0.7,0.5844695335711667,-0.07425785988351605,1.6817057848349741,2.191917458522625,178,907.0,-7.03,-5321.0,0.2,금속,-0.8,-3.11,11.99,-16.32,0.0,0.2866192801755787,0.33149664653462424,2026-05-12
023350,한국종합기술,2026-05-12,54.0,0.0,54.0,88.0,0.4218455739862961,0.6,0.5099916246219318,1.161639921894816,-0.7409584912820155,0.9306730552347322,179,545.0,6.38,780.0,0.3,일반서비스,-2.35,0.0,147.92,3.51,569.39,0.35576576429115403,0.32622909362798025,2026-05-12
483650,달바글로벌,2026-05-12,12047.0,21266.0,33313.0,33665.0,0.7073903585186743,0.8,-0.18400571846355215,1.6380453337473606,-2.302830614177419,-0.8487909988936104,180,30681.0,37.43,6599.0,15.42,화학,13.04,52.59,28.6,68.17,69.56,0.461164991257502,0.3246783504156303,2026-05-12
013870,지엠비코리아,2026-05-12,23.0,13.0,36.0,65.0,0.12836438888353063,0.5,1.8871189649644684,-0.017509991274097136,1.238986477353125,3.108595451043496,181,830.0,5.71,762.0,0.29,운송장비·부품,-3.55,5.16,126.8,8.33,6.77,0.4901124285009233,0.3242244001479546,2026-05-12
241560,두산밥캣,2026-05-12,4138.0,171.0,4309.0,13249.0,-0.2772523168077866,0.8,1.2661461907694314,-0.5117667321929809,1.5856945579625807,2.340074016539031,182,68825.0,17.23,4168.0,0.96,기계·장비,-1.91,5.78,70.77,2.82,-21.26,0.3763044250121093,0.3232625589039839,2026-05-12
000320,노루홀딩스,2026-05-12,19.0,-6.0,13.0,-21.0,-0.1839557401416413,0.5,0.6743160533080277,0.11860836451575649,0.5384863777168353,1.3314107955406196,183,2731.0,8.58,2395.0,0.43,금융,-3.52,6.66,57.57,-0.69,-11.09,0.3221780532811334,0.32219783994620715,2026-05-12
248170,샘표식품,2026-05-12,-180.0,0.0,-180.0,-777.0,0.5223408460036767,0.0,-2.28996280913883,0.30097260779548074,-1.326263212573115,-3.3152534139164644,184,1172.0,5.87,4366.0,0.44,음식료·담배,-2.29,7.81,43.46,1.0,278.85,0.25630814871741975,0.32052730131158275,2026-05-12
079900,전진건설로봇,2026-05-12,-141.0,238.0,97.0,-827.0,-0.7449211988738509,0.4,-0.00535113019498625,-0.8604016219624221,-0.33383043325528067,-1.199583185412689,185,9252.0,29.34,2161.0,5.92,기계·장비,-3.79,20.58,47.0,12.3,-8.38,0.16796574836001493,0.3200578835258983,2026-05-12
475080,KODEX 테슬라커버드콜채권혼합액티브,2026-05-12,-59.0,2573.0,2514.0,6403.0,2.7178906013058803,0.6,2.3855818385277785,2.524479771162658,2.514333721879851,7.424395331570288,186,3580.0,0.0,0.0,0.0,ETF(Active/수익증권),1.16,,,,,0.42506047098598515,0.31813488547841456,2026-05-12
034230,파라다이스,2026-05-12,-2425.0,311.0,-2114.0,-2821.0,0.0337982761105986,0.1,1.4799444355460187,-0.07121899523989302,-0.09473307988159761,1.3139923604245283,187,13718.0,14.43,1026.0,0.75,오락·문화,-2.82,5.62,84.41,7.25,14.52,0.286963926781696,0.3180317088762211,2026-05-12
025820,이구산업,2026-05-12,875.0,301.0,1176.0,1334.0,-0.09407665506887808,0.7,-0.04928956974757159,-0.2839046137439198,0.2774453621881584,-0.055748821303332974,188,1986.0,15.76,377.0,1.46,금속,2.59,9.61,141.16,8.98,146.38,0.24621670106545446,0.31721548199436594,2026-05-12
005870,휴니드,2026-05-12,121.0,0.0,121.0,-1353.0,-0.5661984543425362,0.4,-1.2563725041585059,-0.7950240192009524,0.449223478695435,-1.6021730446640234,189,1180.0,10.99,761.0,0.65,전기·전자,0.24,6.45,40.3,0.86,-47.39,0.32545583586067983,0.3155472372237148,2026-05-12
Q580046,KB 블룸버그 인버스2X 천연가스선물 ETN(H),2025-10-01,0.0,226.0,226.0,512.0,1.1646202816510298,1.0,1.3209870098617416,0.9055840743310598,1.5860788064060343,3.812649890598836,190,,,,,,,,,,,0.30030789318094775,0.31535425794866356,2026-05-12
439260,대한조선,2026-05-12,426.0,-3121.0,-2695.0,-8733.0,-0.48381580554663783,0.0,0.8965807055356514,-0.7316137599309277,-1.3662599621279616,-1.201293016523238,191,29280.0,10.4,7310.0,2.68,운송장비·부품,-6.29,32.19,40.8,14.21,86.07,0.3664505679576729,0.3140616424426721,2026-05-12
092780,DYP,2026-05-12,24.0,-9.0,15.0,79.0,0.05540897069778139,0.7,0.9826460501652657,0.2124623346873401,2.1974008765798727,3.3925092614324788,192,651.0,8.34,592.0,0.43,운송장비·부품,-2.76,5.54,214.78,6.57,71.79,0.3487689112030814,0.3114470391895416,2026-05-12
472350,1Q 차이나H(H),2026-03-03,0.0,0.0,0.0,6.0,1.380952346938776,0.4,0.9850133675024125,2.1434476975819927,0.5097533011962809,3.6382143662806863,193,,,,,,,,,,,0.2864240803236037,0.30094912379301986,2026-05-12
Q570100,한투 일본종합상사TOP5 ETN,2026-05-12,0.0,468.0,468.0,1049.0,1.4913603516344933,1.0,1.8934103543329497,2.705892547658253,1.8605492459592856,6.459852147950488,194,758.0,0.0,0.0,0.0,ETN(주식),3.95,,,,,0.3482897724338971,0.30055931429427996,2026-05-12
066570,LG전자,2026-05-12,112001.0,58251.0,170252.0,343679.0,0.794777869740765,0.7,2.3858661560431327,0.14681789069648973,0.37893231952639095,2.9116163662660135,195,301177.0,34.75,5321.0,1.39,전기·전자,18.0,4.28,140.33,1.68,-27.53,0.3620983054118354,0.2993215403306174,2026-05-12
Q520052,미래에셋 천연가스 선물 ETN(H),2025-08-04,0.0,92.0,92.0,280.0,0.5343915340435998,0.5,1.6486670356720454,1.5050065541899462,0.46056612283548387,3.6142397126974757,196,,,,,,,,,,,0.28451587037055626,0.2989692627380472,2026-05-12
007610,선도전기,2026-05-12,-79.0,-221.0,-300.0,-4973.0,0.6657381615289557,0.1,-1.091436564395548,-0.24035430060468926,0.9036959391150978,-0.4280949258851394,197,2628.0,49.66,294.0,6.94,전기·전자,13.44,16.0,101.45,59.15,0.0,0.257660969111987,0.29885126876827345,2026-05-12
378850,화승알앤에이,2026-05-12,-40.0,-1.0,-41.0,-126.0,0.3840830445037775,0.5,-1.3542054110547956,0.38656551720204413,0.954599972633182,-0.013039921219569539,198,638.0,3.5,960.0,0.38,운송장비·부품,-0.3,11.49,187.6,1.05,-13.6,0.24042778022681083,0.29871888690394144,2026-05-12
006060,화승인더,2026-05-12,-258.0,-111.0,-369.0,10.0,1.8538812782130276,0.5,0.20490288326199532,2.3694211986354707,1.3353217330211244,3.9096458149185906,199,1820.0,9.4,350.0,0.47,유통,-4.5,5.63,185.01,-4.64,-35.23,0.36055939662101144,0.29755237380987243,2026-05-12
018500,동원금속,2026-05-12,3.0,-2.0,1.0,30.0,-0.059701492677656454,0.4,0.22814649351421853,0.2215379080749243,0.4492235165332624,0.8989079181224052,200,842.0,3.97,453.0,0.63,운송장비·부품,0.0,27.84,273.86,3.81,8.97,0.42763697624288527,0.29700694260654636,2026-05-12
350520,이지스레지던스리츠,2026-05-12,-169.0,-44.0,-213.0,-490.0,1.5559481738711516,0.4,-1.84654450779041,2.9302767614739182,-2.046477933505735,-0.9627456798222265,201,1351.0,11.31,324.0,0.42,리츠,-2.79,4.88,30.37,-19.98,10.25,0.4491393163426063,0.29222708174455414,2026-05-12
003490,대한항공,2026-05-12,-1880.0,-2891.0,-4771.0,56943.0,-0.0766668509515448,0.4,1.5680406400678553,-0.6514326769675052,-1.3178654703937545,-0.40125750729340437,202,91503.0,11.77,2111.0,0.84,운송·창고,-3.5,7.28,339.88,41.16,-47.23,0.13778810187238175,0.2902903268581716,2026-05-12
090080,평화산업,2026-05-12,23.0,1.0,24.0,-238.0,0.1721611719035543,0.6,-1.667473806953845,-0.184093257595523,-0.370479245641008,-2.2220463101903762,203,536.0,3.42,286.0,0.86,운송장비·부품,-0.61,29.03,312.07,6.41,-5.11,0.14342373858883184,0.287907747828376,2026-05-12
104700,한국철강,2026-05-12,-75.0,129.0,54.0,34.0,-0.7296708088251795,0.4,1.2999361234379998,-1.2551264080270328,0.4492234786954358,0.4940331941064028,204,3594.0,17.8,554.0,0.43,금속,-0.5,0.0,0.0,0.0,0.0,0.296512436644319,0.2874849844839514,2026-05-12
013000,세우글로벌,2026-05-12,-190.0,0.0,-190.0,333.0,5.0,0.5,1.8480439521698242,2.1531619316227433,-0.4394353261261838,3.561770557666384,205,449.0,12.93,121.0,0.87,유통,9.21,6.9,9.16,-0.7,3.57,0.33256905851625895,0.2868127321952434,2026-05-12
017370,우신시스템,2026-05-12,35.0,-3.0,32.0,-1.0,0.5742793788083638,0.4,1.161752387138158,0.18287242271272647,0.46056612283548354,1.8051909326863682,206,1042.0,6.95,819.0,0.52,기계·장비,-2.57,10.18,137.05,-31.05,-42.17,0.41041859350904386,0.28302212866777,2026-05-12
012030,DB,2026-05-12,-304.0,351.0,47.0,2697.0,0.255026455006534,0.8,0.9623805309079384,-0.4964771522481926,1.7383392081617437,2.2042425868214894,207,4536.0,9.24,244.0,0.96,IT 서비스,3.68,11.67,119.77,9.54,40.41,0.33290928330018504,0.2823174891591568,2026-05-12
003160,디아이,2026-05-12,1198.0,-116.0,1082.0,-5.0,-0.454352960341456,0.6,0.5863069681677106,-0.500297281856596,0.8298299875611901,0.9158396738723046,208,8603.0,168.89,180.0,4.84,의료·정밀기기,-5.74,3.21,101.07,102.05,1084.8,0.22335316913454578,0.2810907762170613,2026-05-12
004450,삼화왕관,2026-05-12,-9.0,-4.0,-13.0,-20.0,-0.06666666760000006,0.5,-1.130645591600744,-0.34772441766101186,0.2958039672799823,-1.1825660419817736,209,595.0,13.86,1991.0,0.45,금속,-0.36,3.73,80.87,-2.54,-36.43,0.15611897378668124,0.28046642939449024,2026-05-12
007070,GS리테일,2026-05-12,1665.0,14.0,1679.0,15839.0,5.0,0.7,2.2138184271265198,1.8759366997703661,0.5428966403464366,4.632651767243322,210,21445.0,49.42,519.0,0.65,유통,-0.97,1.34,128.42,3.26,14.05,0.38819815173518246,0.2788785661229017,2026-05-12
001390,KG케미칼,2026-05-12,387.0,-7.0,380.0,2195.0,-0.4242815473711431,0.8,1.0632560337932246,-0.4661769671765708,1.2353645664124404,1.8324436330290943,211,3785.0,5.53,1019.0,0.38,화학,-1.23,7.14,111.91,2.69,-4.12,0.35815390362599786,0.27845657061885376,2026-05-12
011780,금호석유화학,2026-05-12,2002.0,-1595.0,407.0,29531.0,2.074296141806376,0.5,2.2534364281209247,1.037988513374003,-0.3726254866732223,2.918799454821705,212,35824.0,14.47,9843.0,0.58,화학,-4.62,4.74,35.67,-3.35,-0.36,0.40042383004808024,0.2775898398530978,2026-05-12
003690,코리안리,2026-05-12,1121.0,-1073.0,48.0,-409.0,-0.5700644661009636,0.4,1.9919257030348294,-1.1978091355771574,1.4270120087526355,2.2211285762103072,213,20924.0,7.16,1653.0,0.57,보험,-0.67,9.03,287.13,-3.64,16.16,0.32263799751276195,0.2771862558874828,2026-05-12
092790,넥스틸,2026-05-12,1372.0,-136.0,1236.0,-315.0,-0.5382067950476008,0.6,-0.17519908201699302,-0.6885456856831323,1.08012336223465,0.21637859453452468,214,4514.0,12.53,1386.0,0.97,금속,-7.07,7.76,50.71,-0.25,-36.81,0.28001982712186585,0.27639438399023636,2026-05-12
075580,세진중공업,2026-05-12,322.0,-138.0,184.0,-2678.0,0.07554574441002382,0.6,-1.2414101719516597,-0.27952889885682736,1.2353646704664705,-0.28557440034201664,215,10330.0,20.39,891.0,4.52,운송장비·부품,-4.72,24.35,112.95,14.28,103.97,0.23576802639343516,0.2756660374941702,2026-05-12
033270,유나이티드제약,2026-05-12,236.0,-11.0,225.0,-213.0,-0.03397734849873568,0.5,0.022357985727965952,-0.16657179554844312,-0.9036959391150954,-1.0479097489355724,216,3090.0,9.76,1989.0,0.73,제약,-0.92,8.27,16.67,3.5,2.43,0.28202133245422034,0.27536382280810145,2026-05-12
407160,KCGI 테크미디어텔레콤액티브,2025-09-17,0.0,0.0,0.0,94.0,3.285714278061225,0.8,1.906154491620846,1.1240262314495386,0.2958039454049889,3.3259846684753733,217,,,,,,,,,,,0.26157284253944907,0.2751647504445134,2026-05-12
029460,케이씨,2026-05-12,134.0,58.0,192.0,-219.0,-0.5331838192657234,0.6,-0.566227979244218,-0.6393142454690255,-1.8708285183869864,-3.07637074310023,218,4193.0,11.51,3305.0,0.49,의료·정밀기기,-3.18,5.45,19.03,7.97,66.07,0.21289709382840258,0.27400890281166324,2026-05-12
128940,한미약품,2026-05-12,10.0,17792.0,17802.0,9624.0,-0.29956696387169746,0.2,2.21557577183282,-0.587878020336883,0.0,1.6276977514959372,219,58226.0,34.34,13235.0,4.61,제약,7.32,14.53,50.23,3.48,19.25,0.44740786116660414,0.2739416239491876,2026-05-12
279530,KODEX 고배당주,2026-05-12,-545.0,3062.0,2517.0,6516.0,1.8088128389619946,0.7,2.2047909170924367,1.5231718020100808,1.5954479431622142,5.323410662264732,220,4163.0,0.0,0.0,0.0,ETF(실물복제/수익증권),-1.06,,,,,0.25783720566311963,0.2739004174186271,2026-05-12
007700,F&F홀딩스,2026-05-12,-226.0,87.0,-139.0,-179.0,2.4642857130484694,0.4,-2.2075072932134705,2.4470892864903884,-0.9466847022216639,-0.707102708944746,221,7483.0,5.95,3214.0,0.32,금융,-4.11,5.56,19.24,1.87,4.28,0.23045477870794337,0.2736632688590033,2026-05-12
000640,동아쏘시오홀딩스,2026-05-12,-1150.0,268.0,-882.0,-2701.0,0.08185460786829268,0.3,-1.511265064220338,-0.1290943645566388,-0.3789322656802605,-2.0192916944572374,222,6329.0,6.96,13508.0,0.55,금융,-1.36,8.32,80.57,7.24,19.1,0.07923288574679425,0.27285621929391174,2026-05-12
058650,세아홀딩스,2026-05-12,-211.0,-12.0,-223.0,-507.0,-0.3841587831913842,0.6,-1.6021944173367537,-1.376883953667471,0.4082482404638698,-2.5708301305403554,223,6263.0,8.99,16154.0,0.25,금속,-3.26,2.93,100.43,9.88,76.91,0.23881727785147594,0.27221849741339843,2026-05-12
Q500015,신한 WTI원유 선물 ETN(H),2025-10-29,0.0,23.0,23.0,197.0,0.1267605629835351,0.8,1.712468962478838,-0.5537698113068239,2.1166009368516785,3.275300088023693,224,,,,,,,,,,,0.2575387145572345,0.2709791455691135,2026-05-12
200030,KODEX 미국S&P500산업재(합성),2026-05-12,-3.0,13.0,10.0,5989.0,5.0,0.5,1.5053522133879047,1.126841486156148,1.8945020521122864,4.526695751656339,225,510.0,0.0,0.0,0.0,ETF(합성복제/수익증권),1.81,,,,,0.1944244302965165,0.2670752461685241,2026-05-12
002100,경농,2026-05-12,-2.0,-12.0,-14.0,97.0,0.5973154361344082,0.7,-0.2698866818544522,0.8193444988776754,0.09473307988159667,0.6441908969048198,226,1931.0,10.36,955.0,0.67,화학,-1.69,7.24,68.7,4.32,7.4,0.19438724243083275,0.26688723159502076,2026-05-12
037270,YG PLUS,2026-05-12,1408.0,-74.0,1334.0,20.0,0.09579504314057785,0.3,1.5636628649567288,-0.05167777238701687,-0.7292343790159986,0.7827507135537134,227,2900.0,12.9,353.0,1.54,IT 서비스,-1.62,12.69,40.71,27.66,948.35,0.450118436604324,0.2664529438069523,2026-05-12
008260,NI스틸,2026-05-12,177.0,0.0,177.0,28.0,-0.5802185164128684,0.4,0.8356391906413012,-0.5394114650865361,-1.2379723029052505,-0.9417445773504854,228,1052.0,4.09,899.0,0.41,금속,-3.16,10.53,86.11,-28.11,-47.45,0.34979991243122244,0.265545713732382,2026-05-12
004690,삼천리,2026-05-12,296.0,267.0,563.0,1707.0,-0.08804385065252396,0.9,-0.21397656170909085,0.1893018629306213,1.4349330361318797,1.41025833735341,229,5121.0,5.13,27498.0,0.29,전기·가스,-2.28,6.84,136.9,3.03,39.66,0.28120299934211357,0.2655201161821664,2026-05-12
001620,케이비아이동국실업,2026-05-12,,,0.0,0.0,-1.0,0.0,0.24334854578713092,-0.6384447772293185,-1.2652237418886154,-1.660319973330803,230,715.0,2.27,283.0,0.27,운송장비·부품,0.0,13.01,221.58,20.89,0.0,0.29562904989393346,0.26538865141749146,2026-05-12
005830,DB손해보험,2026-05-12,13683.0,-12066.0,1617.0,-7084.0,-0.7018529318486288,0.4,0.15884299959940715,-1.0038779389077632,-0.4082482404638691,-1.2532831797722253,231,105783.0,6.39,25263.0,0.9,보험,-0.43,17.75,576.91,5.56,-1.69,0.3346537074812975,0.2653779584541966,2026-05-12
006650,대한유화,2026-05-12,2953.0,-10581.0,-7628.0,-4203.0,0.28303860048829144,0.6,-1.5394044853562425,0.43232822870417303,-0.40824824046386865,-1.5153244971159383,232,9822.0,30.98,4878.0,0.51,화학,-11.07,1.74,29.73,19.56,0.0,0.08168492466566418,0.26521817167201855,2026-05-12
499790,GS피앤엘,2026-05-12,4619.0,-7501.0,-2882.0,-4006.0,0.8338152029710235,0.6,-0.9449608555342255,1.7349315480294234,0.35675297036998516,1.1467236628651831,233,9459.0,48.82,977.0,1.1,금융,-5.36,2.29,95.34,1156.95,0.0,0.28043013737854283,0.26428213460273753,2026-05-12
004370,농심,2026-05-12,-2589.0,-599.0,-3188.0,-8583.0,0.18821105436967733,0.2,-0.9064882993437448,-0.29647514176030715,-0.7888104821910911,-1.991773923295143,234,22232.0,13.07,27970.0,0.75,음식료·담배,-2.01,6.18,35.0,2.2,12.79,0.14327536667828433,0.26320144048957095,2026-05-12
005940,NH투자증권,2026-05-12,8068.0,-6527.0,1541.0,-19858.0,-0.15976881854200253,0.3,-1.2662703278161658,-0.6714058769044238,-0.48783335877598716,-2.425509563496577,235,121157.0,11.77,2888.0,1.35,증권,-5.69,11.76,783.5,36.52,57.66,0.20930506589087644,0.2631149202740924,2026-05-12
002240,고려제강,2026-05-12,75.0,-144.0,-69.0,-274.0,-0.16501650173283666,0.4,-1.0207332097184814,0.47441430308076843,-2.213594012117926,-2.7599129187556386,236,6035.0,62.78,356.0,0.33,금속,-4.28,0.53,35.6,4.0,55.98,0.09458536576620372,0.2627778206794956,2026-05-12
005740,크라운해태홀딩스,2026-05-12,23.0,0.0,23.0,-11.0,-0.2110453651249372,0.5,-0.5941803983818863,-1.0286398854707397,0.816496480927738,-0.806323802924888,237,1027.0,5.84,1185.0,0.29,금융,-2.95,5.34,96.81,2.2,-15.28,0.21961931432497375,0.2626175403202623,2026-05-12
451150,에셋플러스 글로벌영에이지액티브,2026-05-12,0.0,6.0,6.0,28.0,4.99999996,0.6,2.9976901782444347,1.0635931899373592,2.13215075582373,6.193434124005524,238,114.0,0.0,0.0,0.0,ETF(Active/수익증권),-0.19,,,,,0.32708481432267583,0.2624933052191747,2026-05-12
003670,포스코퓨처엠,2026-05-12,20390.0,-10875.0,9515.0,116601.0,-0.6461318192071752,0.6,0.695440161415412,-1.3434637422272975,0.3567529703699841,-0.2912706104419014,239,232150.0,676.17,386.0,5.71,전기·전자,-6.79,0.92,102.65,-20.58,2727.51,0.2304659511647089,0.2574308370496665,2026-05-12
000810,삼성화재,2026-05-12,16290.0,-1079.0,15211.0,48970.0,-0.0363318551896048,0.7,1.985175251618899,-1.1449204305248053,1.6383874294256562,2.4786422505197496,240,225470.0,12.41,40703.0,1.01,보험,0.0,10.97,352.98,9.36,0.36,0.34024076857461283,0.25722748758654235,2026-05-12
009180,한솔로지스틱스,2026-05-12,77.0,-31.0,46.0,-166.0,-0.714183637043853,0.5,0.26116156055274925,-0.7773329021098975,1.3542924181725624,0.8381210766154141,241,905.0,5.71,563.0,0.63,운송·창고,-5.02,11.59,82.02,-1.82,23.33,0.2978917074487941,0.25721807354410997,2026-05-12
009680,모토닉,2026-05-12,-72.0,-37.0,-109.0,-193.0,0.5821812592360567,0.5,-0.6476843365537159,0.44059414999654944,0.7100468780546992,0.5029566914975327,242,2310.0,11.24,946.0,0.48,운송장비·부품,-2.3,5.68,9.89,-3.75,-22.05,0.18572906780877194,0.25662774662620225,2026-05-12
024070,WISCOM,2026-05-12,83.0,-2.0,81.0,286.0,0.8939393934013429,0.5,2.1541278595974185,0.48043378931285846,-0.699375783403486,1.9351858655067908,243,346.0,25.68,88.0,0.39,화학,-2.59,1.53,15.14,4.81,0.0,0.4113825797621018,0.2540198247736067,2026-05-12
016800,퍼시스,2026-05-12,5.0,-21.0,-16.0,-118.0,1.2549019585736256,0.1,-2.31948638177931,0.6139536468480538,0.14564378443270934,-1.5598889504985467,244,3611.0,10.15,3094.0,0.47,제조,-4.99,6.07,12.13,-7.13,-73.29,0.24661018652744543,0.25391483737113085,2026-05-12
002170,삼양통상,2026-05-12,-60.0,-10.0,-70.0,-51.0,0.37522768632735115,0.6,-0.8892532259164958,0.22815497121131764,-0.5825752225792965,-1.2436734772844746,245,1794.0,7.49,7984.0,0.35,섬유·의류,-1.81,5.4,4.58,-8.69,-7.75,0.12997464735796124,0.25317789806291113,2026-05-12
306200,세아제강,2026-05-12,659.0,-216.0,443.0,-1688.0,-0.8104131295997984,0.4,0.33547242267638433,-0.9214101585263448,1.3262631183423683,0.7403253824924079,246,4425.0,14.75,10577.0,0.39,금속,-4.35,2.69,62.94,-17.94,-75.56,0.2973726749609117,0.2524516636592516,2026-05-12
001440,대한전선,2026-05-12,108822.0,-581.0,108241.0,178638.0,1.6984152036279472,0.6,1.073250412496588,2.084846793399705,1.366259822128002,4.524357028024294,247,125293.0,148.67,452.0,7.79,전기·전자,-4.68,5.48,114.0,10.47,11.67,0.45067501427130546,0.2506031260475302,2026-05-12
131890,ACE 삼성그룹동일가중,2026-05-12,0.0,427.0,427.0,214.0,3.040671971170557,0.7,1.0499106861141099,2.202050767270492,1.9724056793690226,5.224367132753624,248,160.0,0.0,0.0,0.0,ETF(실물복제/수익증권),-2.39,,,,,0.24995405322706524,0.248203731748476,2026-05-12
062040,산일전기,2026-05-12,54619.0,-14734.0,39885.0,31768.0,0.025157823668490842,0.6,0.6219821270870067,0.1804078013215503,0.24247193698850894,1.044861865397066,249,95521.0,63.79,4891.0,16.19,전기·전자,-3.7,0.0,16.48,50.29,63.54,0.32758333015935287,0.24447065965657047,2026-05-12
012510,더존비즈온,2026-05-12,495.0,-295.0,200.0,1905.0,-0.6724540414380474,0.9,-0.23173914456030784,-0.5538503307022884,2.026935364570903,1.241345889308307,250,36474.0,40.91,2933.0,5.68,IT 서비스,0.0,16.0,78.85,10.93,45.04,0.19437798898608716,0.2436774115725378,2026-05-12
011500,한농화성,2026-05-12,444.0,0.0,444.0,-269.0,-0.3438815503071,0.7,0.6560661514815626,-0.5403372092322983,2.075497978958781,2.1912269212080453,251,3299.0,73.52,287.0,1.99,화학,-5.38,2.74,41.28,16.52,0.0,0.2165118922217643,0.24270122933426044,2026-05-12
005930,삼성전자,2026-05-12,-2200286.0,-17642.0,-2217928.0,-6407708.0,0.6765883073459131,0.4,-2.650424109269479,-0.08727503001667906,-1.183215781619948,-3.920914920906106,252,16311117.0,42.5,6564.0,4.36,전기·전자,-2.28,10.85,29.94,10.88,33.23,-0.020636319349999335,0.24092713531442622,2026-05-12
Q570053,한투 인버스 플래티넘 선물 ETN,2026-02-20,0.0,0.0,0.0,27.0,0.5686274479046523,0.6,0.840316447099088,0.8319186828430218,1.2353645664124415,2.907599696354551,253,,,,,,,,,,,0.2282724085942622,0.24061392327978173,2026-05-12
411860,KIWOOM 독일DAX,2026-05-12,0.0,3101.0,3101.0,3146.0,5.0,0.8,3.605320848956014,2.7539672733716194,1.1318762045897035,7.491164326917337,254,97.0,0.0,0.0,0.0,ETF(실물복제/수익증권),0.48,,,,,0.43037480268358436,0.2397867210612314,2026-05-12
111770,영원무역,2026-05-12,-306.0,931.0,625.0,-1821.0,0.4369106420979356,0.6,-1.2005162004421854,0.05162415754411525,2.133811703532996,0.9849196606349258,255,36247.0,7.36,11109.0,0.85,유통,0.49,12.66,39.25,15.51,63.01,0.17783453574360986,0.239710715003718,2026-05-12
474920,에셋플러스 차이나일등기업포커스10액티브,2026-05-12,0.0,10.0,10.0,187.0,2.091397848215834,0.8,1.4657622986549865,0.8661928266354988,1.5199443451708883,3.8518994704613734,256,176.0,0.0,0.0,0.0,ETF(Active/수익증권),-0.55,,,,,0.1407155007561374,0.23937451713408575,2026-05-12
001520,동양,2026-05-12,-51.0,-7.0,-58.0,-479.0,0.32542037566882986,0.2,-1.1663636080268005,-0.08792839603124133,-0.7292343790159955,-1.9835263830740373,257,1716.0,8.56,84.0,0.19,비금속,-2.84,2.8,92.21,-15.96,0.0,0.24023815139647908,0.23887221460302976,2026-05-12
014790,HL D&I,2026-05-12,-61.0,2.0,-59.0,-49.0,-0.12390488121102572,0.3,1.1240962109940662,-0.26942012587226544,-1.056147197139968,-0.20147111201816736,258,1170.0,9.54,324.0,0.25,건설,-5.21,2.9,239.56,10.33,37.83,0.25302447093513114,0.23794189616995876,2026-05-12
093230,이아이디,2025-09-10,7.0,0.0,7.0,-48.0,-0.8934550989588763,0.2,0.5139179506741978,-0.5599713742040185,2.9199526115203205,2.8738991879905,259,,,,,,,,,,,0.22559009056785798,0.2378308872783986,2026-05-12
042660,한화오션,2026-05-12,-106449.0,-44664.0,-151113.0,-121551.0,1.8199089482672348,0.6,-2.4178115890383505,2.653972406633464,-0.6370219964010467,-0.4008611788059334,260,373824.0,30.0,4066.0,6.06,운송장비·부품,-6.51,22.59,226.17,18.63,390.84,0.19489286305986603,0.23751324387673567,2026-05-12
Q570057,한투 은 선물 ETN,2026-05-12,-5.0,184.0,179.0,492.0,3.3229166649780275,1.0,2.656060778879729,1.5818252411586866,0.9941001611424812,5.231986181180896,261,384.0,0.0,0.0,0.0,ETN(원자재),6.7,,,,,0.2505604746709126,0.23648104070742493,2026-05-12
476310,RISE 글로벌비만산업TOP2+,2026-05-12,0.0,27.0,27.0,92.0,1.4122806985803322,0.8,2.419516740489149,0.601822870869533,1.4905018826083922,4.511841493967074,262,53.0,0.0,0.0,0.0,ETF(실물복제/수익증권),1.31,,,,,0.19324213824506267,0.23614325247837867,2026-05-12
272450,진에어,2026-05-12,-287.0,8.0,-279.0,-223.0,0.10257198480061769,0.3,0.2917487515081233,-0.4977043923725698,-0.510357799045405,-0.7163134399098515,263,3210.0,3.35,1834.0,1.33,운송·창고,-2.38,51.15,430.65,14.41,-10.46,0.1846389154575511,0.23608484047505157,2026-05-12
017900,광전자,2026-05-12,-764.0,2.0,-762.0,411.0,-0.7045499800887176,0.5,0.34847485775476134,-1.4203599448654876,1.1832157232866356,0.11133063617590944,264,7307.0,172.74,73.0,2.64,전기·전자,-4.47,1.77,7.12,1.92,-18.22,0.23862807121674245,0.2359471993897939,2026-05-12
006120,SK디스커버리,2026-05-12,-200.0,84.0,-116.0,277.0,0.08026131588706797,0.2,0.38100896637718057,0.02449075951637268,-0.5101127498523158,-0.10461302395876254,265,9665.0,8.47,6549.0,0.35,금융,-2.46,4.49,137.91,12.44,109.41,0.2288854992248672,0.23388243934641212,2026-05-12
026890,스틱인베스트먼트,2026-05-12,412.0,49.0,461.0,2042.0,0.3295142617974871,0.7,2.1659815342519817,-0.4827813395123625,0.5400616373673346,2.223261832106954,266,3563.0,25.46,361.0,1.3,금융,-2.75,5.99,20.26,14.79,28.06,0.2702238412496399,0.23326157751032542,2026-05-12
011210,현대위아,2026-05-12,-8190.0,2118.0,-6072.0,6826.0,2.1210852337504895,0.5,0.9435208916832424,1.100001053772849,1.3624022977932917,3.405924243249383,267,25400.0,25.65,3641.0,0.69,운송장비·부품,4.24,2.75,72.8,3.68,-6.58,0.26498331391180546,0.23252091750352658,2026-05-12
002990,금호건설,2026-05-12,-230.0,-325.0,-555.0,-1679.0,1.5379208285680028,0.2,-2.2304488550693238,1.8899956714715338,-1.6373483718558548,-1.9778015554536448,268,1690.0,2.64,1715.0,0.66,건설,-4.63,26.79,520.23,5.45,0.0,0.2826471511473094,0.23242775477981625,2026-05-12
030190,NICE평가정보,2026-05-12,-608.0,97.0,-511.0,-1425.0,0.3833932853094997,0.4,-1.282053363816661,0.2542584909757884,-0.5991446356691289,-1.6269395085100014,269,8142.0,10.64,1299.0,1.74,IT 서비스,-2.19,17.65,37.69,12.54,20.28,0.1572823172734035,0.2323544912910493,2026-05-12
071970,HD현대마린엔진,2026-05-12,6206.0,-6480.0,-274.0,-31051.0,-0.5257189669300605,0.2,-1.1813788844658621,-0.764650550561632,-1.842264661038871,-3.788294096066365,270,29987.0,18.16,4867.0,6.13,기계·장비,-2.54,41.36,66.64,27.42,128.69,0.22639216197022927,0.2303519211812412,2026-05-12
000270,기아,2026-05-12,-104826.0,28598.0,-76228.0,66760.0,1.5761456835421388,0.4,1.1342455993196998,1.5467713549530817,-0.3017563420399922,2.3792606122327893,271,657065.0,8.81,19111.0,1.07,운송장비·부품,-3.66,12.92,61.76,6.23,-28.33,0.33005055635217034,0.23034855436758547,2026-05-12
496130,TRUSTON 코리아밸류업액티브,2026-05-12,0.0,84.0,84.0,112.0,5.0,0.5,3.0840879854255894,3.004229548810304,1.5760675904253125,7.664385124661205,272,151.0,0.0,0.0,0.0,ETF(Active/수익증권),-3.35,,,,,0.43728362337718346,0.22964865831462572,2026-05-12
010600,웰바이오텍,2026-01-23,-8.0,0.0,-8.0,2.0,0.3475177276293948,0.3,0.7710733144851533,-0.09411997156130374,2.097006224841952,2.7739595677658015,273,,,,,,,,,,,0.217635615757423,0.22957773103383042,2026-05-12
027410,BGF,2026-05-12,27.0,-67.0,-40.0,336.0,-0.6738134506318226,0.8,-1.5368601875090493,-1.0364080249963257,-0.5097533011962797,-3.0830215137016546,274,4575.0,7.73,618.0,0.26,금융,-2.94,3.35,18.55,8.15,10.76,0.04462711579861236,0.22926759913649372,2026-05-12
144600,KODEX 은선물(H),2026-05-12,13668.0,39243.0,52911.0,123500.0,3.107661583146186,0.8,2.738817743642282,1.9070337287924441,1.678292458356608,6.324143930791334,275,13346.0,0.0,0.0,0.0,ETF(실물복제/수익증권),5.43,,,,,0.3374883746245551,0.22780054737030536,2026-05-12
207940,삼성바이오로직스,2026-05-12,-3102.0,-4506.0,-7608.0,-116485.0,-0.7912671260524475,0.0,0.7086652778167025,-0.9467029396004139,-1.1660917339501053,-1.4041293957338166,276,667978.0,54.31,26572.0,8.95,제약,-1.03,19.44,48.44,30.31,56.6,0.32098079558992126,0.22579429507599957,2026-05-12
069620,대웅제약,2026-05-12,199.0,-422.0,-223.0,-6510.0,-0.3081942738858999,0.2,-0.25516396947522035,-1.055331948410293,-1.0327953589886807,-2.343291276874194,277,16650.0,8.5,16904.0,1.64,제약,2.79,21.75,108.24,10.42,33.01,0.17000735436953135,0.2257286963560014,2026-05-12
004720,팜젠사이언스,2026-05-12,-187.0,1.0,-186.0,-302.0,0.14243759167614356,0.3,-1.3471921417339094,-0.30693802353145894,-1.9084747578694357,-3.562604923134804,278,865.0,25.58,154.0,0.29,제약,2.87,0.05,36.82,0.87,-32.15,-0.010348178910374317,0.22524933500041017,2026-05-12
407170,KCGI 스마트커머스액티브,2025-09-17,0.0,0.0,0.0,24.0,0.6666666607142859,0.8,1.334341243607812,0.4647369073430912,0.9211322456709685,2.7202103966218716,279,,,,,,,,,,,0.21335756840258135,0.22513904789225425,2026-05-12
014580,태경비케이,2026-05-12,147.0,-5.0,142.0,-157.0,-0.49597151960862074,0.5,0.3024284391220772,-0.5812299377502462,-1.3662598221280047,-1.6450613207561737,280,1262.0,5.28,866.0,0.54,비금속,-2.76,10.6,49.09,25.07,-3.41,0.29905954078105407,0.22406738685246866,2026-05-12
Q610028,메리츠 레버리지 구리 선물 ETN(H),2026-05-12,0.0,68.0,68.0,276.0,4.067750673386652,0.8,2.518082228470567,1.3372795217243658,1.4336772286255148,5.289038978820448,281,258.0,0.0,0.0,0.0,ETN(원자재),4.14,,,,,0.255101466928721,0.22389182901912377,2026-05-12
161510,PLUS 고배당주,2026-05-12,-84.0,4584.0,4500.0,27581.0,0.49095871715790995,0.7,1.5608960994863426,0.25277456107794605,2.0924354251650183,3.906106085729307,282,27552.0,0.0,0.0,0.0,ETF(실물복제/수익증권),-1.41,,,,,0.145029957372425,0.220138847204837,2026-05-12
092230,KPX홀딩스,2026-05-12,-92.0,34.0,-58.0,-184.0,0.425576519467848,0.3,-1.4379694326075954,0.9835784811398683,-1.1832158166199411,-1.637606768087668,283,3671.0,4.63,18774.0,0.31,화학,-1.92,7.5,32.58,-4.92,-15.98,0.24247317324152107,0.21919641317581623,2026-05-12
007570,일양약품,2026-05-12,52.0,0.0,52.0,-504.0,-0.10463192726811621,0.2,0.9363108312136277,-0.39747727891461143,1.7968939147817358,2.335727467080752,284,1903.0,28.16,354.0,0.77,제약,-0.3,2.92,89.44,1.39,-48.43,0.2974595193513957,0.21898409218260617,2026-05-12
069960,현대백화점,2026-05-12,2171.0,767.0,2938.0,7000.0,-0.37352868838389264,0.7,0.5369446619882039,-0.5969563264639264,1.5925549910026167,1.5325433265268942,285,23872.0,12.06,9177.0,0.52,유통,-0.45,4.64,78.26,1.02,33.06,0.2235295817414747,0.21886454477083217,2026-05-12
007590,동방아그로,2026-05-12,-1.0,0.0,-1.0,-21.0,0.30952380484693887,0.4,-2.656477216411083,-0.17351743934870473,-1.5380236414416448,-4.3680182972014325,286,821.0,8.42,716.0,0.44,화학,0.33,5.75,43.81,5.14,-13.4,-0.10555611975898434,0.21737384825777764,2026-05-12
Q500019,신한 레버리지 WTI원유 선물 ETN(H),2026-02-25,0.0,413.0,413.0,4073.0,0.4717324724408971,1.0,1.7684360392431087,0.09564507693308205,0.740958491282015,2.6050396074582056,287,,,,,,,,,,,0.2041908021166925,0.21562808001344044,2026-05-12
950210,프레스티지바이오파마,2026-05-12,66.0,-3.0,63.0,530.0,0.14561027824993467,0.5,2.6120743674079883,-0.3171208330161036,0.7100468780546996,3.0050004124465843,288,4688.0,21.02,371.0,1.14,,-2.26,3.63,37.98,87.52,0.0,0.35317511120918255,0.2154692994859278,2026-05-12
357430,마스턴프리미어리츠,2026-05-12,-2.0,-4.0,-6.0,-249.0,-0.8099762470760151,0.2,-1.006663952510946,-0.9542379165492525,-0.6591529891892769,-2.6200548582494756,289,333.0,16.77,65.0,0.33,리츠,-2.24,-0.6,58.76,9.45,0.0,0.2043741170754303,0.21517057635222922,2026-05-12
192400,쿠쿠홀딩스,2026-05-12,379.0,-131.0,248.0,214.0,-0.20965780792723698,0.5,-0.41135220095330827,-0.48930249129779935,-1.1442835526482753,-2.0449382448993827,290,10011.0,6.88,4094.0,0.66,금융,-4.09,11.56,20.53,10.45,10.44,0.1548172793990103,0.21362278249839417,2026-05-12
000230,일동홀딩스,2026-05-12,-7.0,0.0,-7.0,184.0,0.5809523806512471,0.5,0.8111659623005687,1.539069344499032,-0.6278955068086857,1.7223397999909147,291,991.0,9.07,947.0,0.59,제약,-0.12,6.81,132.32,-6.9,0.0,0.25378165731141467,0.21337172597189633,2026-05-12
273140,KODEX 단기변동금리부채권액티브,2026-05-12,0.0,8.0,8.0,86.0,0.9186046500473228,0.5,1.6444993945160187,1.4059727579927999,2.302830773268294,5.353302925777113,292,3133.0,0.0,0.0,0.0,ETF(Active/수익증권),-0.0,,,,,0.2602164147956089,0.21288441112689035,2026-05-12
018470,조일알미늄,2026-05-12,-427.0,30.0,-397.0,1386.0,-0.5930470347689872,0.4,1.3094085460198086,-0.9978782726868335,0.17939871623105363,0.49092898956402875,293,1965.0,17.84,87.0,0.98,금속,-0.77,5.62,111.24,7.0,137.31,0.2494889743011426,0.21274197080022067,2026-05-12
002820,SUN&L,2026-05-12,-4.0,24.0,20.0,93.0,-0.2691622107295033,0.7,-0.16084729778257698,-0.12138198412128323,1.6733199130681629,1.3910906311643028,294,291.0,-12.39,-186.0,0.13,화학,-1.28,-1.06,112.24,-19.73,0.0,0.22710766610442,0.21251508969610292,2026-05-12
001820,삼화콘덴서,2026-05-12,3468.0,777.0,4245.0,6781.0,0.08036650407494039,0.7,0.48662208466559964,0.09487340157439744,1.0420638786975733,1.6235593649375704,295,6601.0,52.65,1206.0,2.38,전기·전자,-0.94,4.62,21.69,-0.31,-27.89,0.37096080732230696,0.2124003527674428,2026-05-12
Q700013,하나 레버리지 콩 선물 ETN(H),2026-05-12,,,0.0,1.0,5.0,0.1,1.9321835194919263,1.932183558380814,1.9321830994920377,5.796550177364778,296,247.0,0.0,0.0,0.0,ETN(원자재),-0.04,,,,,0.29549570732865477,0.21191056347309267,2026-05-12
003090,대웅,2026-05-12,10.0,25.0,35.0,-2348.0,-0.31356651997574936,0.1,-0.8985730351751,-0.6728613892399364,-0.9466847022216656,-2.518119126636702,297,12530.0,7.16,3011.0,0.75,제약,0.47,16.11,82.88,6.79,-7.14,0.15097080792490214,0.21174698546173115,2026-05-12
441680,TIGER 미국나스닥100커버드콜(합성),2026-05-12,-17.0,2508.0,2491.0,7733.0,3.713298397401535,0.8,2.4392745920907966,2.2149268116911274,0.8500473918451944,5.504248795627118,298,3529.0,0.0,0.0,0.0,ETF(합성복제/수익증권),0.44,,,,,0.27223062014041116,0.21097470504372312,2026-05-12
101530,해태제과식품,2026-05-12,-205.0,-95.0,-300.0,70.0,1.652529761608721,0.3,0.49780005447407394,0.5604568693072676,-1.690660416222123,-0.6324034924407815,299,1811.0,7.78,800.0,0.53,음식료·담배,-4.75,7.77,129.5,1.94,-13.74,0.23453767488752433,0.21002571036186368,2026-05-12
068290,삼성출판사,2026-05-12,21.0,-2.0,19.0,-49.0,-0.8439937597747279,0.7,0.20172399394193713,-1.0274705987034831,0.0754390855099985,-0.7503075192515476,300,780.0,7.19,1085.0,0.44,오락·문화,-3.11,6.34,18.24,-2.97,0.0,0.2915547827452485,0.20967701576786446,2026-05-12
016360,삼성증권,2026-05-12,-48053.0,-4398.0,-52451.0,-243310.0,1.0452837001647648,0.3,-2.652533836944753,-0.07147390280292848,-0.9545999726331822,-3.678607712380864,301,114304.0,11.35,11279.0,1.42,증권,-5.33,13.09,887.64,10.45,14.09,0.09636688023856638,0.209648917478165,2026-05-12
008350,남선알미늄,2026-05-12,346.0,-1.0,345.0,2600.0,-0.7574828193345972,0.6,1.110646531894223,-0.9989557708357035,1.4270120087526355,1.5387027698111548,302,2507.0,69.36,28.0,0.88,금속,-0.97,1.25,53.87,-10.57,0.0,0.21894819877917243,0.20960465579233817,2026-05-12
481190,SOL 미국테크TOP10,2026-05-12,-55.0,1623.0,1568.0,6255.0,0.2589307711026312,0.8,2.043087736132132,-0.18871554528715623,1.9670680513409207,3.821440242185896,303,3501.0,0.0,0.0,0.0,ETF(실물복제/수익증권),0.52,,,,,0.13829116530721505,0.20923121066509504,2026-05-12
000430,대원강업,2026-05-12,91.0,8.0,99.0,150.0,0.6579406629592575,0.3,0.8183046803545422,1.251142439019076,-0.5287134512072904,1.5407336681663275,304,2530.0,6.95,587.0,0.45,운송장비·부품,-1.92,6.72,98.48,16.93,108.32,0.3230966970041717,0.20815861975642294,2026-05-12
077970,STX엔진,2026-05-12,7628.0,-2662.0,4966.0,11253.0,-0.14960274201560664,0.6,0.6889734248836792,-0.37107156394641577,1.973385878541584,2.2912877394788476,305,20596.0,27.73,1850.0,6.0,기계·장비,-4.11,22.26,237.5,8.93,64.77,0.3991777008798948,0.207648706736421,2026-05-12
005750,대림바스,2026-05-12,-23.0,-5.0,-28.0,-336.0,-0.07187323162333792,0.2,-1.1114212313450063,-0.17343068132365033,-1.0394060985313043,-2.324258011199961,306,849.0,6.35,802.0,0.5,비금속,-0.59,8.3,92.97,6.94,84.39,0.13930853633377918,0.20687942435087495,2026-05-12
030200,KT,2026-05-12,-76.0,2099.0,2023.0,-27610.0,-0.19052753484447393,0.3,-1.0256637169143952,-0.43050092311721877,0.33156580314327894,-1.124598836888335,307,150961.0,8.72,6869.0,0.82,통신,1.87,10.22,120.72,6.86,205.03,0.2016061135370691,0.20606821426188254,2026-05-12
267260,HD현대일렉트릭,2026-05-12,-4314.0,-2852.0,-7166.0,-31738.0,-0.4063339671823517,0.3,-0.13488918310442097,-0.7859747257814168,-1.90856960951288,-2.8294335183987176,308,471857.0,64.41,20324.0,23.22,전기·전자,-3.89,41.5,134.63,22.79,48.78,0.20119905015954817,0.20549489822157324,2026-05-12
044450,KSS해운,2026-05-12,249.0,-275.0,-26.0,1422.0,-0.7603159471638252,0.5,0.4148472012438729,-1.1097304188033574,0.33383043325527934,-0.36105278430420523,309,2648.0,7.24,1584.0,0.48,운송·창고,-3.37,6.81,255.33,8.39,6.01,0.21830344848860722,0.20412917611706163,2026-05-12
Q700020,하나 블룸버그 -2X 천연가스 선물 ETN(H),2025-10-01,0.0,101.0,101.0,48.0,2.142076500156768,0.5,0.9151714291958585,1.744243069086365,-0.19720263999221155,2.462211858290012,310,,,,,,,,,,,0.19282274077690414,0.20383316096837298,2026-05-12
269540,PLUS 미국S&P500(H),2026-05-12,0.0,83.0,83.0,514.0,0.15384615366863907,0.8,1.979485245859511,-0.23840332335017006,2.3303008054687155,4.071382727978056,311,993.0,0.0,0.0,0.0,ETF(실물복제/수익증권),0.0,,,,,0.15818478910547631,0.20318094954269797,2026-05-12
005180,빙그레,2026-05-12,-1099.0,-291.0,-1390.0,-5415.0,0.11301892550618486,0.1,-1.4177472541799852,-0.33488035331390165,-0.9036959391150982,-2.6563235466089847,312,6562.0,12.3,5757.0,0.84,음식료·담배,-1.8,7.58,43.7,1.81,-32.69,0.08334064494941425,0.20222094081211672,2026-05-12
Q500040,신한 레버리지 구리 선물 ETN,2026-05-12,0.0,6.0,6.0,91.0,2.3333333301282044,0.8,1.5476804038357093,1.3542466445045738,1.5810715597062237,4.482998608046507,313,361.0,0.0,0.0,0.0,ETN(원자재),5.72,,,,,0.19094645201972418,0.20199171779105135,2026-05-12
017800,현대엘리베이터,2026-05-12,6621.0,-10104.0,-3483.0,-10117.0,-0.26543474270554535,0.5,-1.670888713836815,-0.24695191553797904,0.4830457748730107,-1.4347948545017832,314,36630.0,13.98,6703.0,2.5,기계·장비,-2.9,20.11,157.77,-14.48,-7.32,0.0923487860012273,0.20187940164776988,2026-05-12
012450,한화에어로스페이스,2026-05-12,-33282.0,-14197.0,-47479.0,-290650.0,-0.34444954465243016,0.3,-1.152737229465074,-0.7890556456520991,-1.326263118342366,-3.268055993459539,315,662074.0,44.94,28573.0,6.82,운송장비·부품,-2.36,19.14,221.38,137.57,78.38,0.013513977960621135,0.2009451553173856,2026-05-12
004250,NPC,2026-05-12,-6.0,0.0,-6.0,-245.0,-0.3053545587112365,0.3,-0.5726408649419185,-0.7849494981189648,-0.5163977394943259,-1.873988102555209,316,1298.0,11.48,308.0,0.3,화학,-1.81,2.92,39.15,-1.73,124.63,0.1985735570272514,0.20049811747494828,2026-05-12
214390,경보제약,2026-05-12,68.0,-3.0,65.0,260.0,-0.47112038975597215,0.7,0.3341631849262743,-0.6445469956072344,0.4394353261261831,0.12905151544522298,317,1523.0,32.84,194.0,1.04,제약,1.92,3.19,94.24,10.26,88.53,0.15139810213219126,0.20029040283568514,2026-05-12
008490,서흥,2026-05-12,-298.0,-54.0,-352.0,-1563.0,2.5632183904632933,0.3,-1.9059052079457044,2.552806529272763,-0.9878043581787973,-0.34090303685173884,318,2168.0,4.99,3759.0,0.43,화학,-3.2,9.22,96.14,10.57,48.35,0.22486375061369657,0.19997364189501904,2026-05-12
057050,현대홈쇼핑,2026-05-12,153.0,3.0,156.0,1194.0,-0.6395604395683614,0.9,-0.8402400854318389,-1.1867426041313396,1.2486355076585558,-0.7783471819046226,319,9960.0,10.06,8251.0,0.4,유통,-1.19,4.36,32.47,-1.65,0.49,0.10898759869987744,0.19917359565012394,2026-05-12
Q500027,신한 인버스 2X WTI원유 선물 ETN(H),2026-02-25,0.0,0.0,0.0,363.0,0.5766389657264559,0.4,0.5587692972161383,0.4636893197272192,1.354292418172562,2.3767510351159196,320,,,,,,,,,,,0.1860206740521263,0.1967756844154363,2026-05-12
Q510015,대신 밀 선물 ETN(H),2026-02-24,0.0,30.0,30.0,129.0,0.6091954011890606,0.9,1.5502802314351927,-0.23423319189633812,1.0561471971399699,2.3721942366788245,321,,,,,,,,,,,0.18565798567785985,0.1963993775074073,2026-05-12
004060,SG세계물산,2026-05-12,212.0,1.0,213.0,-978.0,0.027989821804478954,0.2,-1.0726541209209395,-0.17710117824796187,0.8704468888083476,-0.37930841036055374,322,708.0,79.55,44.0,0.27,유통,-4.37,0.34,12.68,-4.65,0.0,0.2386556520520924,0.19488029297666987,2026-05-12
472870,RISE 미국30년국채엔화노출(합성 H),2026-05-12,-11.0,1068.0,1057.0,4742.0,1.2080718591938955,0.7,1.8794863914415132,0.9533202877844349,1.7589949359760513,4.591801615202,323,3056.0,0.0,0.0,0.0,ETF(합성복제/수익증권),0.13,,,,,0.19960638866719269,0.1946698975939078,2026-05-12
Q510029,대신 S&P 인버스 2X 천연가스 선물 ETN,2025-10-01,0.0,109.0,109.0,138.0,1.643678159400185,0.8,0.8472260577260713,0.35705377919249714,1.126460679634332,2.3307405165529005,324,,,,,,,,,,,0.18235856777133677,0.1929760702309874,2026-05-12
058430,포스코스틸리온,2026-05-12,1322.0,-29.0,1293.0,-275.0,-0.21376933738756676,0.5,0.6590593826839899,-0.8245512894146544,1.910426164243852,1.7449342575131874,325,4320.0,25.35,284.0,1.12,금속,-6.86,4.45,30.99,-6.98,-52.9,0.30452467791900206,0.19237155843171502,2026-05-12
004140,동방,2026-05-12,122.0,-75.0,47.0,-1706.0,-0.19191919194296592,0.5,-1.967348085452417,-0.21194081120133804,-0.37893231952639134,-2.5582212161801463,326,1218.0,7.08,359.0,0.69,운송·창고,-3.42,10.36,272.55,5.04,-18.14,-0.025691146883177054,0.19169278516859645,2026-05-12
Q500018,신한 구리 선물 ETN(H),2026-02-25,0.0,8.0,8.0,20.0,-0.24242424328512402,0.7,0.4688580189569832,0.09960327706783263,1.7392525755926191,2.307713871617435,327,,,,,,,,,,,0.18052581248673416,0.19107449708098626,2026-05-12
Q580020,KB 천연가스 선물 ETN(H),2026-05-12,0.0,296.0,296.0,618.0,1.0906068160319276,0.7,1.949105688542769,2.634380156781797,2.1098060566939076,6.6932919020184745,328,345.0,0.0,0.0,0.0,ETN(원자재),4.08,,,,,0.36686989750654614,0.18985631207433168,2026-05-12
441640,KODEX 미국배당커버드콜액티브,2026-05-12,-72.0,9101.0,9029.0,9474.0,0.8196856906467924,0.5,2.320984766946366,2.689423741669922,2.435038102681486,7.445446611297775,329,15924.0,0.0,0.0,0.0,ETF(Active/수익증권),0.66,,,,,0.42673600141068785,0.18867152748900914,2026-05-12
183190,아세아시멘트,2026-05-12,-194.0,-85.0,-279.0,-714.0,-0.031339031390775984,0.0,0.5837279924417854,1.6458652857252962,0.0,2.2295932781670817,330,4067.0,24.65,452.0,0.37,비금속,-1.68,1.55,97.79,-7.89,-45.2,0.28014452938727613,0.18737838214746155,2026-05-12
Q500029,신한 레버리지 은 선물 ETN(H),2026-05-12,-2.0,1811.0,1809.0,3466.0,2.527689030743037,0.8,2.9259474569086086,2.91680342494863,2.0326599699866903,7.875410851843929,331,4013.0,0.0,0.0,0.0,ETN(원자재),12.05,,,,,0.43728362337718346,0.1866736345759834,2026-05-12
033250,체시스,2026-05-12,13.0,0.0,13.0,-179.0,5.0,0.1,-2.097456056562336,1.602081972926389,0.0,-0.4953740836359468,332,285.0,4.53,985.0,0.63,운송장비·부품,1.48,15.0,89.64,3.96,60.99,0.23169155678989856,0.18610065914011814,2026-05-12
028260,삼성물산,2026-05-12,2254.0,10474.0,12728.0,99694.0,0.5910465026010565,0.5,0.8533949803889967,-0.4564048026906863,1.595447943162214,1.9924381208605244,333,705435.0,30.71,14165.0,1.43,유통,-3.76,6.02,50.5,-3.23,10.37,0.12957116580679154,0.18455121517354542,2026-05-12
003280,흥아해운,2026-05-12,-8991.0,-6.0,-8997.0,-1583.0,0.6734185571884825,0.6,-0.9263728763389345,1.6271075065339362,0.7629747460174366,1.4637093762124382,334,6684.0,21.89,127.0,2.62,운송·창고,4.12,12.66,74.22,-3.82,-59.06,0.16888866859130253,0.1840570292765537,2026-05-12
011070,LG이노텍,2026-05-12,-40257.0,37573.0,-2684.0,70576.0,-0.5308656143698294,0.6,1.1201645450460405,-0.9977266346086832,0.6324554820336797,0.754893392471037,335,164723.0,48.27,14419.0,2.86,전기·전자,1.16,6.14,107.02,3.28,-5.81,0.1948107730013662,0.18392847861069714,2026-05-12
016610,DB증권,2026-05-12,-13.0,63.0,50.0,-3566.0,0.1375242119791109,0.4,-2.1088398915627495,-0.3445440019989597,-1.7709979159823324,-4.224381809544042,336,5951.0,7.31,1918.0,0.51,증권,-5.91,7.66,1028.92,45.77,88.65,-0.021456769754342297,0.1839279754591331,2026-05-12
195920,TIGER 일본TOPIX(합성 H),2026-05-12,0.0,41.0,41.0,145.0,4.566666661099999,0.7,2.558330155172176,1.237381568587013,1.4819169825640297,5.277628706323219,337,166.0,0.0,0.0,0.0,ETF(합성복제/수익증권),1.87,,,,,0.2541932913227366,0.18354870726977618,2026-05-12
272550,삼양패키징,2026-05-12,80.0,41.0,121.0,-172.0,0.3573700952961434,0.3,0.2633067298852137,1.6245976878218806,-0.11230586967385826,1.775598548033236,338,1578.0,9.11,1149.0,0.41,화학,-4.56,4.74,68.17,-6.23,-26.99,0.33489044369105436,0.18310299972078448,2026-05-12
281820,케이씨텍,2026-05-12,3875.0,-2727.0,1148.0,5264.0,-0.16038800949867238,0.9,0.42452330708934116,-0.5688052802211293,1.900138370159869,1.755856397028081,339,13542.0,26.53,2578.0,2.54,의료·정밀기기,-3.93,0.0,13.25,-0.67,20.45,0.13710517715949483,0.18288591097166648,2026-05-12
488980,SOL 26-12 회사채(AA-이상)액티브,2026-05-12,0.0,80.0,80.0,306.0,5.0,0.7,2.4977516866473395,2.7934411083650534,0.5428966403464344,5.834089435358827,340,2778.0,0.0,0.0,0.0,ETF(Active/수익증권),0.02,,,,,0.2984835622098792,0.18246147216952063,2026-05-12
003470,유안타증권,2026-05-12,4435.0,-1947.0,2488.0,24434.0,0.06326407024413361,0.5,1.2123399404269475,-0.5594597259070359,-1.2486355076585562,-0.5957552931386446,341,13074.0,14.56,450.0,0.71,증권,-4.24,5.4,950.94,27.59,4.88,0.0331084658412826,0.1824299538851461,2026-05-12
090460,비에이치,2026-05-12,3442.0,1552.0,4994.0,10507.0,0.35105669237944026,0.6,0.42843583157052784,0.7162000158899942,0.20835267971885707,1.3529885271793791,342,10265.0,33.61,906.0,1.32,전기·전자,-3.18,4.24,73.3,2.18,-37.99,0.3379905172094684,0.1822822458093565,2026-05-12
458760,TIGER 미국배당다우존스타겟커버드콜2호,2026-05-12,-10.0,4661.0,4651.0,8939.0,1.1497857512679537,0.7,2.016605378677847,2.4875601724642245,1.4739109809077626,5.978076532049833,343,7321.0,0.0,0.0,0.0,ETF(실물복제/수익증권),1.13,,,,,0.30994389927220894,0.18062494463549625,2026-05-12
407820,에셋플러스 코리아플랫폼액티브,2026-05-12,0.0,2.0,2.0,52.0,0.7610062859855229,0.9,1.6472857695957555,0.07722368003825035,1.6630854299891091,3.387594879623115,344,169.0,0.0,0.0,0.0,ETF(Active/수익증권),-2.14,,,,,0.10376019550394153,0.18037957388144749,2026-05-12
051600,한전KPS,2026-05-12,-957.0,-1261.0,-2218.0,-23277.0,0.4873109702484846,0.4,-1.8908175423583276,0.1773448164570771,-0.9423022595946029,-2.6557749854958534,345,25830.0,20.79,2761.0,1.92,건설,0.53,9.29,26.58,1.25,-33.13,0.00661369366047658,0.17995375575238387,2026-05-12
014160,대영포장,2026-05-12,128.0,26.0,154.0,375.0,-0.1674550615735615,0.6,0.7757916656859764,1.265850230786034,1.0690826148987864,3.1107245113707966,346,1175.0,0.0,0.0,0.6,종이·목재,-2.34,-0.02,28.33,-0.93,-91.67,0.16079796846893896,0.17885879549331496,2026-05-12
017390,서울가스,2026-05-12,-101.0,-59.0,-160.0,-381.0,-0.41365979385221263,0.5,-0.43394533003643554,-1.1939919177807754,0.43204935189385907,-1.1958878959233519,347,3044.0,9.94,6187.0,0.22,전기·가스,-1.6,2.8,60.33,7.29,0.0,0.10849243738275405,0.17777844194885822,2026-05-12
458030,WON 국공채머니마켓액티브,2026-05-12,0.0,0.0,0.0,77.0,1.3049645365550022,0.5,2.343932524302253,0.6916015404376171,1.3922862811383294,4.4278203458781995,348,635.0,0.0,0.0,0.0,ETF(Active/수익증권),0.03,,,,,0.18655465930013457,0.17692237877169503,2026-05-12
Q610043,메리츠 천연가스 선물 ETN(H),2025-08-04,0.0,86.0,86.0,43.0,1.9523809502721088,0.2,1.0012333593019829,2.438680961853301,-1.3256018282508362,2.114312492904448,349,,,,,,,,,,,0.16513245405874544,0.17510313564450639,2026-05-12
002140,고려산업,2026-05-12,-73.0,0.0,-73.0,-509.0,0.13627784056591796,0.3,-1.0467984078013894,0.6878380716503093,-1.8847023220089216,-2.2436626581600017,350,643.0,6.67,387.0,0.53,음식료·담배,-1.15,8.43,120.22,-3.36,-3.65,0.1317855889580145,0.17507337211540752,2026-05-12
461900,PLUS 미국테크TOP10,2026-05-12,-4.0,23.0,19.0,351.0,1.1839080453977253,0.5,2.2147086932761226,0.3278907042045654,2.169897816159323,4.712497213640011,351,206.0,0.0,0.0,0.0,ETF(실물복제/수익증권),0.75,,,,,0.20921289002618296,0.17487672403372423,2026-05-12
118000,메타케어,2026-05-12,,,0.0,0.0,-1.0,0.0,0.340494557077281,-0.5263357986883686,-1.3698319714203888,-1.5556732130314763,352,357.0,69.33,3.0,0.3,유통,0.0,0.42,63.63,62.42,-11.97,0.18892480731006633,0.17414829473711918,2026-05-12
091090,세원이앤씨,2025-10-24,-8.0,0.0,-8.0,-12.0,-0.7530864198362224,0.3,0.6546627029428183,-0.5138821090265616,1.949117846487896,2.0898984404041525,353,,,,,,,,,,,0.16318927111290668,0.17308698840085063,2026-05-12
007210,벽산,2026-05-12,9.0,-1.0,8.0,-529.0,0.0799837595769397,0.4,-0.2929184587744985,-0.36469867878861323,-1.3522466932799224,-2.009863830843034,354,1237.0,5.56,340.0,0.35,비금속,-3.42,7.84,76.3,-5.04,-9.52,0.2066106574227695,0.172946312610919,2026-05-12
030610,교보증권,2026-05-12,-614.0,293.0,-321.0,-2718.0,0.033777589710871414,0.6,-2.4307277327038643,-0.43127772625884325,-1.1087236199927373,-3.9707290789554452,355,15875.0,11.11,1254.0,0.74,증권,-4.46,6.96,809.49,42.34,67.16,-0.08176825448900768,0.17286140987540197,2026-05-12
446720,SOL 미국배당다우존스,2026-05-12,1489.0,-71.0,1418.0,2969.0,1.0184181383338853,0.7,1.984177410830493,2.192474326206387,1.4739109809077626,5.650562717944643,356,9655.0,0.0,0.0,0.0,ETF(실물복제/수익증권),1.22,,,,,0.2838761557835721,0.1726862095614462,2026-05-12
023800,인지컨트롤스,2026-05-12,103.0,31.0,134.0,534.0,-0.04175988079324078,0.6,1.6234361873079908,-0.038038493615730216,-0.9180336914520213,0.6673640022402392,357,1260.0,7.84,1017.0,0.54,운송장비·부품,-0.62,7.15,169.3,10.57,50.16,0.14602516424526596,0.1725565134463917,2026-05-12
001630,종근당홀딩스,2026-05-12,-104.0,-29.0,-133.0,-465.0,0.19047619032158325,0.1,-1.1533280443913416,0.25373210754880465,-2.2013979955775795,-3.1009939324201166,358,2327.0,5.76,8070.0,0.35,제약,-2.21,6.6,78.39,0.13,64.24,0.06931694814250706,0.16981042671318575,2026-05-12
010100,한국무브넥스,2026-05-12,-1285.0,-62.0,-1347.0,-1996.0,5.0,0.4,-3.223872272759585,3.3654010573868236,-0.2581988397471703,-0.11667005511993189,359,1577.0,7.56,685.0,0.39,운송장비·부품,14.1,5.3,132.93,8.42,-42.03,0.11996197144141954,0.1691768985847971,2026-05-12
032640,LG유플러스,2026-05-12,4600.0,-3492.0,1108.0,-12220.0,0.2723594251376906,0.2,-0.6370198871534655,0.20811094771536812,-0.08675759947933048,-0.5156665389174279,360,67612.0,13.02,1208.0,0.76,통신,2.68,6.01,117.06,5.65,3.36,0.18864155001522542,0.16844527127487718,2026-05-12
017670,SK텔레콤,2026-05-12,51036.0,-10146.0,40890.0,31506.0,1.3818599838316379,0.3,3.1048263957065676,2.6804075869446424,-0.6059810715880927,5.179252911063117,361,222093.0,54.39,1901.0,1.71,통신,5.3,3.33,132.4,-4.69,-41.14,0.4148160570751297,0.16783232445783258,2026-05-12
009190,대양금속,2026-05-12,56.0,-2.0,54.0,-87.0,0.2461059188575423,0.5,0.133016511387051,-0.1966770370939118,1.1982892713382596,1.1346287456313988,362,622.0,8.51,169.0,0.8,금속,-0.35,0.0,44.32,3.68,197.45,0.2820040571648949,0.16755974781989103,2026-05-12
441330,KIWOOM 차이나A50커넥트MSCI,2026-03-25,0.0,0.0,0.0,13.0,-0.11111111308641974,0.3,1.241550644361387,-0.25306266194790245,1.0327954256553282,2.021283408068813,363,,,,,,,,,,,0.15772800815131544,0.16742066125935814,2026-05-12
001560,제일연마,2026-05-12,-82.0,-4.0,-86.0,-141.0,1.2278911553259055,0.4,-2.2894587657121903,0.9828760296270322,-1.7472957282208432,-3.0538784643060013,364,845.0,8.03,1385.0,0.68,비금속,-3.05,13.12,11.41,-3.75,-26.28,0.18818651255409463,0.16636438497191533,2026-05-12
Q500024,신한 인버스 콩 선물 ETN(H),2026-05-12,,,0.0,15.0,-1.0,0.1,1.6020819764263887,-0.4830458895952035,1.6020816287597985,2.721117715590984,365,144.0,0.0,0.0,0.0,ETN(원자재),0.0,,,,,0.05071340784250944,0.1656437140690719,2026-05-12
139320,TIGER 금은선물(H),2026-05-12,-184.0,612.0,428.0,2269.0,0.9506380590961729,0.9,2.298435002429977,1.0830655207519946,0.8164964809277361,4.197997004109707,366,561.0,0.0,0.0,0.0,ETF(실물복제/수익증권),1.44,,,,,0.16826237463027874,0.16533989755059242,2026-05-12
413220,SOL 차이나태양광CSI(합성),2026-05-12,0.0,223.0,223.0,255.0,5.0,0.8,1.8201193763507528,3.2807850896062223,1.4441491727451377,6.545053638702113,367,79.0,0.0,0.0,0.0,ETF(합성복제/수익증권),0.15,,,,,0.35507119816346794,0.16527997978475623,2026-05-12
447770,TIGER 테슬라채권혼합Fn,2026-05-12,1216.0,-906.0,310.0,1074.0,1.181372548841391,0.7,1.9275899390176097,0.723277426754727,1.5760675904253107,4.226934956197647,368,6006.0,0.0,0.0,0.0,ETF(실물복제/수익증권),0.92,,,,,0.17056562743863998,0.16519495299224551,2026-05-12
010130,고려아연,2026-05-12,7492.0,-1566.0,5926.0,-119382.0,-0.5437442040439859,0.3,-1.2010649106850475,-0.7659168985532983,-0.2774453621881597,-2.2444271714265054,369,315599.0,39.26,38514.0,2.82,금속,-1.05,8.48,82.36,37.63,70.28,0.08301064285344344,0.1644036261520781,2026-05-12
104530,KIWOOM 고배당,2026-05-12,701.0,28.0,729.0,1125.0,4.0871632321573435,0.8,2.9007596832709597,2.734785145622287,1.0561471971399736,6.691692026033221,370,515.0,0.0,0.0,0.0,ETF(실물복제/수익증권),-3.15,,,,,0.3667425588875289,0.16436942043058622,2026-05-12
035250,강원랜드,2026-05-12,-2527.0,-876.0,-3403.0,-36226.0,-0.2715991097338828,0.3,-1.4616131913561379,-0.6302058660326686,-1.183215723286638,-3.275034780675445,371,33974.0,10.68,1487.0,0.8,오락·문화,-0.81,8.11,22.21,3.5,-17.66,-0.03721868569639453,0.16381739289306896,2026-05-12
Q610069,메리츠 KAP 레버리지 일본 엔화 ETN,2026-05-12,0.0,898.0,898.0,1099.0,2.269372693485655,0.6,2.5595046829488646,2.6202150618305864,0.247797295470625,5.427517040250076,372,300.0,0.0,0.0,0.0,ETN(통화),1.19,,,,,0.2661233244159043,0.16367227066540257,2026-05-12
Q530127,삼성 미국다우존스 ETN,2026-05-12,0.0,86.0,86.0,88.0,5.0,0.4,3.5913958969015294,2.7095702758681526,1.8073920882301393,8.108358260999822,373,120.0,0.0,0.0,0.0,ETN(주식),1.61,,,,,0.43728362337718346,0.16323262013940848,2026-05-12
Q500016,신한 금 선물 ETN(H),2025-10-29,0.0,46.0,46.0,274.0,-0.030034465923677756,0.6,1.2215659700712107,-0.7420260056570992,1.4905018826083913,1.970041847022503,374,,,,,,,,,,,0.15364954852065227,0.16318906013279846,2026-05-12
267250,HD현대,2026-05-12,10162.0,-5650.0,4512.0,-4851.0,-0.6602258528009257,0.5,0.5747389803533081,-1.573374739677311,1.2750710200258675,0.2764352607018645,375,226710.0,23.55,12187.0,2.0,금융,-2.21,10.25,159.39,5.16,104.47,0.1733008121068707,0.1630630050462629,2026-05-12
002320,한진,2026-05-12,-440.0,-10.0,-450.0,-1306.0,0.9481909654068812,0.4,-2.099587238615487,0.608221639308102,-0.09473307988159796,-1.586098679188983,376,2832.0,-177.18,-103.0,0.19,운송·창고,-2.67,-0.11,183.4,1.64,12.1,0.11713328810309463,0.16286673534869228,2026-05-12
440640,ACE 단기채권알파액티브,2026-05-12,0.0,230.0,230.0,392.0,1.0631254806628654,0.7,1.675105488029551,1.9572244979693487,1.0420639527360203,4.67439393873492,377,685.0,0.0,0.0,0.0,ETF(Active/수익증권),0.0,,,,,0.20618014345634236,0.16281750218171281,2026-05-12
Q580055,KB 블룸버그 레버리지 천연가스 선물 ETN,2026-05-12,-3.0,424.0,421.0,589.0,1.5011185678969419,0.7,2.0361382375411283,2.8122874345654663,1.6483943901072797,6.4968200622138745,378,84.0,0.0,0.0,0.0,ETN(원자재),9.07,,,,,0.3512321524643723,0.16254845545957286,2026-05-12
462540,SOL 25-09 회사채(AA-이상)액티브,2025-09-08,0.0,0.0,0.0,129.0,2.014184393956541,0.5,1.9989854782845173,0.4079347134954442,-0.4605661228354835,1.946354068944478,379,,,,,,,,,,,0.15176417179405294,0.16123288966582003,2026-05-12
003300,한일홀딩스,2026-05-12,-7.0,-79.0,-86.0,177.0,1.2753623185108172,0.4,0.5872980880458741,1.3626875074993972,-2.2262275353905885,-0.2762419398453173,380,5599.0,17.73,1024.0,0.33,비금속,0.83,1.91,59.01,-14.15,-55.88,0.14774189086685588,0.16112596532862922,2026-05-12
476070,KODEX 글로벌비만치료제TOP2 Plus,2026-05-12,-11.0,266.0,255.0,742.0,2.512866546347181,0.9,1.8852835559817418,1.8881565482912643,1.376837656029306,5.150277760302313,381,418.0,0.0,0.0,0.0,ETF(실물복제/수익증권),1.38,,,,,0.24405707217430708,0.16048237529803627,2026-05-12
053210,스카이라이프,2026-05-12,121.0,-38.0,83.0,-261.0,1.5721784770151759,0.3,-1.0627212370807637,1.608275947489244,-1.5380236414416453,-0.9924689310331649,382,2160.0,31.13,146.0,0.4,오락·문화,-2.36,1.27,73.34,-3.78,0.0,0.1961765168349333,0.16010951368573967,2026-05-12
294870,HDC현대산업개발,2026-05-12,497.0,1382.0,1879.0,7405.0,-0.6033423206796253,0.6,1.4163829416416822,-1.314574528389838,0.232047713523055,0.3338561267748992,383,14862.0,9.4,2400.0,0.45,건설,-2.17,5.0,136.53,-2.57,34.65,0.24249638081660507,0.1596442961947553,2026-05-12
011420,갤럭시아에스엠,2026-05-12,-11.0,-2.0,-13.0,-14.0,0.4152700178313202,0.7,-1.2156323662107014,0.38796931342252067,0.37893226568025506,-0.4487307871079257,384,478.0,16.51,105.0,0.76,오락·문화,-2.53,4.21,10.9,-1.41,-29.61,0.15521727375268118,0.1596294857670395,2026-05-12
Q610017,메리츠 인버스 2X 은 선물 ETN(H),2026-01-07,0.0,0.0,0.0,62.0,-0.7658402204824352,0.5,1.4024526264454502,-0.7594573076471397,1.2833778134865597,1.92637313228487,385,,,,,,,,,,,0.15017383297757153,0.15958283544514357,2026-05-12
Q610018,메리츠 국채10년 ETN,2026-05-12,0.0,0.0,0.0,2.0,-1.0,0.1,1.6020819612597221,-0.4830458895952035,1.6020816287597985,2.721117700424317,386,202.0,0.0,0.0,0.0,ETN(채권),-0.59,,,,,0.0507134066353519,0.1593433553132429,2026-05-12
007660,이수페타시스,2026-05-12,14444.0,-68799.0,-54355.0,-130177.0,-0.1275306026367612,0.1,-1.2019912800573582,-0.33354571786975495,-1.8209308254743435,-3.3564678234014567,387,94257.0,56.89,2257.0,12.48,전기·전자,-8.35,29.64,70.53,30.01,100.95,0.16856659852523576,0.15920204930331802,2026-05-12
204320,HL만도,2026-05-12,-1159.0,2320.0,1161.0,29979.0,0.7062196898421451,0.6,1.8447578829279676,0.022791648751361485,2.4630601935881766,4.3306097252675055,388,28268.0,28.26,2130.0,1.04,운송장비·부품,-3.06,3.82,148.16,6.86,-0.46,0.26342448313139794,0.15888125726549102,2026-05-12
282330,BGF리테일,2026-05-12,2964.0,-203.0,2761.0,16224.0,5.0,0.7,2.3619874404004473,1.9058154225770945,0.0,4.2678028629775415,389,22918.0,11.74,11297.0,1.74,유통,-0.08,15.64,170.83,4.17,0.92,0.2725641203826059,0.15871019145483528,2026-05-12
069260,TKG휴켐스,2026-05-12,-938.0,-125.0,-1063.0,-5452.0,0.6070708181874751,0.4,-1.235071809823449,-0.17888973008126294,0.0,-1.4139615399047119,390,6949.0,11.6,1466.0,0.72,화학,-1.05,6.77,28.61,-5.1,-18.8,0.04514217628679789,0.158671159353224,2026-05-12
400580,SOL 유럽탄소배출권선물S&P(H),2026-05-12,0.0,105.0,105.0,181.0,5.0,0.7,3.1423192946307084,1.9404320641698791,1.414213462373102,6.496964821173689,391,54.0,0.0,0.0,0.0,ETF(실물복제/수익증권),2.64,,,,,0.3512436742361866,0.15782532676579042,2026-05-12
196030,ACE 일본TOPIX레버리지(H),2026-05-12,0.0,92.0,92.0,341.0,1.9122807009879965,0.8,2.3402236760010564,1.273439390693682,2.133811523803322,5.747474590498061,392,406.0,0.0,0.0,0.0,ETF(실물복제/수익증권),1.58,,,,,0.2915896436608027,0.15665756992994384,2026-05-12
053690,한미글로벌,2026-05-12,2931.0,-326.0,2605.0,-1177.0,0.22204213937619421,0.5,0.25748812439991486,0.5235367390090275,2.213594012117921,2.9946188755268635,393,2789.0,15.04,1692.0,1.19,일반서비스,-4.32,8.56,81.68,5.67,-9.74,0.23805317552643718,0.15658049022205373,2026-05-12
0021D0,ACE TDF2030액티브,2026-05-12,-9.0,-3.0,-12.0,217.0,0.5573770485420586,0.8,1.2892451177541109,0.0007263213492577043,2.0114788758641517,3.3014503149675205,394,176.0,0.0,0.0,0.0,ETF(Active/수익증권),0.09,,,,,0.09690370787603006,0.15605361558052963,2026-05-12
009160,SIMPAC,2026-05-12,34.0,-60.0,-26.0,-806.0,-0.7279651795528486,0.2,-0.2618113558599794,-1.1857563863638843,-0.7071067311865511,-2.154674473410415,395,4171.0,20.25,315.0,0.52,금속,-4.49,3.79,98.98,44.48,134.69,0.15095058891046337,0.1537750166352669,2026-05-12
400570,KODEX 유럽탄소배출권선물ICE(H),2026-05-12,-12.0,201.0,189.0,692.0,0.7017543857409976,0.9,2.559682704828913,0.7501226172925857,1.4464058907454116,4.75621121286691,396,170.0,0.0,0.0,0.0,ETF(실물복제/수익증권),3.01,,,,,0.2126922098888355,0.15363566847340765,2026-05-12
319640,TIGER 골드선물(H),2026-05-12,1.0,475.0,476.0,2609.0,0.9273579378180716,0.9,2.189306428695016,-0.05852049949814731,1.221517523674201,3.3523034528710696,397,1403.0,0.0,0.0,0.0,ETF(실물복제/수익증권),0.72,,,,,0.10095125181882156,0.1515811719408824,2026-05-12
081000,일진다이아,2026-05-12,-80.0,-28.0,-108.0,128.0,-0.34122287976237986,0.6,-0.9863106652928162,-1.3544652819598162,-2.6457506110647673,-4.9865265583174,398,1852.0,27.0,483.0,0.45,화학,-2.32,1.66,13.46,3.41,0.0,-0.17257787595739466,0.1514258263679694,2026-05-12
Q500056,신한 레버리지 Russell 2000 ETN,2025-10-20,0.0,11.0,11.0,198.0,-0.586114819814938,0.8,1.1292264931139904,-0.9253662014076892,1.6219404302332345,1.8258007219395358,399,,,,,,,,,,,0.14216899262578694,0.1512774224907351,2026-05-12
0046Y0,ACE 미국배당퀄리티,2026-05-12,0.0,75.0,75.0,710.0,1.3635195884977165,0.6,2.1906785888552833,0.04946870533955505,1.7771368600330808,4.017284154227919,400,542.0,0.0,0.0,0.0,ETF(실물복제/수익증권),0.82,,,,,0.15387893181676124,0.15084794353768985,2026-05-12
015230,대창단조,2026-05-12,58.0,112.0,170.0,195.0,0.227961003864678,0.7,-1.046387538942334,-0.22402670498203164,-1.1832158166199418,-2.4536300605443078,401,1857.0,6.79,1007.0,0.53,운송장비·부품,-2.84,9.25,24.29,7.46,26.47,0.028706540764053108,0.1505998341153697,2026-05-12
372330,KODEX 차이나항셍테크,2026-05-12,186.0,-79.0,107.0,392.0,0.290592918418777,0.6,1.2652547741674107,0.3662020250719689,2.133198772109688,3.7646555713490675,402,1584.0,0.0,0.0,0.0,ETF(실물복제/수익증권),0.0,,,,,0.1337715140140158,0.14990456324166312,2026-05-12
465580,ACE 미국빅테크TOP7 Plus,2026-05-12,20.0,3663.0,3683.0,14815.0,0.29035020120757116,0.8,1.6931130266815084,0.05390649199017894,2.140518013128956,3.887537531800643,403,11622.0,0.0,0.0,0.0,ETF(실물복제/수익증권),0.41,,,,,0.14355203406073266,0.14962046518357555,2026-05-12
140710,KODEX 운송,2026-05-12,-13.0,196.0,183.0,216.0,2.9024390234384296,0.5,1.7752126493668956,1.6025573498911405,0.46212475494922695,3.839894754207263,404,141.0,0.0,0.0,0.0,ETF(실물복제/수익증권),0.57,,,,,0.13976001170349697,0.14920688557835238,2026-05-12
371450,TIGER 글로벌클라우드컴퓨팅INDXX,2026-05-12,-1.0,63.0,62.0,416.0,0.764309763953338,1.0,1.4557711772248343,0.5967665002790348,1.6383874294256546,3.690925106929524,405,212.0,0.0,0.0,0.0,ETF(실물복제/수익증권),-1.75,,,,,0.1279030994586242,0.14910427649035388,2026-05-12
100090,SK오션플랜트,2026-05-12,-44.0,-900.0,-944.0,-3832.0,-0.5805481486908212,0.1,0.48774743241533575,-1.0923911987837576,-1.4270118814799422,-2.031655647848364,406,12777.0,32.72,625.0,1.57,금속,-2.39,4.96,40.97,45.69,42.38,0.09022587699982201,0.14882826927646425,2026-05-12
138040,메리츠금융지주,2026-05-12,-8101.0,-381.0,-8482.0,-11397.0,0.6293113975145836,0.5,-1.678975102287239,0.5372812717666897,-0.6278955068086849,-1.7695893373292342,407,179898.0,8.47,12698.0,1.75,금융,-4.02,22.53,1102.87,16.25,-9.91,0.09816971079861578,0.14865501932262976,2026-05-12
000020,동화약품,2026-05-12,247.0,84.0,331.0,-140.0,1.6961483591018336,0.1,0.5049084644729394,2.131128920187391,-1.3416407264998758,1.2943966581604545,408,1637.0,18.84,311.0,0.43,제약,1.03,2.31,59.97,6.78,-98.09,0.3084816100838168,0.14766478507257857,2026-05-12
475150,SK이터닉스,2026-05-12,1275.0,7896.0,9171.0,1445.0,-0.3079088985533265,0.5,0.39383370595845557,-0.11416186346571075,1.078291094881529,1.3579629373742739,409,17613.0,56.81,910.0,6.39,건설,4.87,11.93,382.37,16.1,40.81,0.12678514744529473,0.14730242772518604,2026-05-12
483290,KODEX 미국배당다우존스타겟커버드콜,2026-05-12,13.0,1689.0,1702.0,3458.0,0.8552060162823558,0.7,1.936914058329209,1.1839853386951817,1.6384883242076425,4.7593877212320335,410,1663.0,0.0,0.0,0.0,ETF(실물복제/수익증권),1.29,,,,,0.21294503710309445,0.1464743431163394,2026-05-12
234080,JW생명과학,2026-05-12,-168.0,-1.0,-169.0,-432.0,-0.042483660224593045,0.3,-1.0506985700469937,-0.23723152990921104,-1.8853729909373198,-3.1733030908935245,411,1967.0,6.87,1807.0,0.87,제약,-1.43,13.59,44.26,15.89,-7.29,0.14955586975190222,0.1462800885762962,2026-05-12
000390,삼화페인트,2026-05-12,106.0,-1.0,105.0,896.0,-0.5992413118037339,0.6,0.979928111053215,-1.0063212258252914,1.9670680513409196,1.9406749365688432,412,2231.0,29.08,282.0,0.63,화학,-0.61,2.3,82.27,-1.8,-49.69,0.2074732829410386,0.14627871475409443,2026-05-12
Q510027,대신 인버스 2X 코스닥 150 선물 ETN,2026-05-12,0.0,49.0,49.0,103.0,4.404040395852464,0.5,2.5656567326830957,2.607423597147793,2.169229039914326,7.342309369745214,413,46.0,0.0,0.0,0.0,ETN(주식),4.77,,,,,0.4185270189460451,0.1457297389964444,2026-05-12
452360,SOL 미국배당다우존스(H),2026-05-12,11.0,87.0,98.0,1646.0,-0.8077841451835799,0.8,1.2452805290543385,-0.8694095059766954,1.9811568650493756,2.3570278881270186,414,2103.0,0.0,0.0,0.0,ETF(실물복제/수익증권),0.16,,,,,0.02173447681609353,0.14571795121763115,2026-05-12
068270,셀트리온,2026-05-12,28467.0,14019.0,42486.0,-45743.0,0.11379612314590992,0.3,0.13923619038075638,-0.7106790297025577,-0.9261981655730988,-1.4976410048949,415,429007.0,43.47,4447.0,2.46,제약,1.05,5.94,28.71,17.01,137.49,0.18614099671040948,0.14550970937031868,2026-05-12
395750,PLUS ESG가치주액티브,2026-05-12,0.0,-5.0,-5.0,84.0,5.0,0.4,2.3349361205060113,2.3644475852179743,0.6324554320336905,5.331839137757676,416,90.0,0.0,0.0,0.0,ETF(Active/수익증권),-3.12,,,,,0.2585080516784262,0.14431599535188583,2026-05-12
352540,KODEX 일본부동산리츠(H),2026-05-12,0.0,433.0,433.0,2292.0,0.07246376808263566,0.8,1.2640408195461161,-0.7534732487328697,1.4336772286255137,1.9442447994387602,417,513.0,0.0,0.0,0.0,ETF(실물복제/수익증권),-0.85,,,,,-0.011120087507464406,0.14389360337662246,2026-05-12
036580,팜스코,2026-05-12,-78.0,1.0,-77.0,-403.0,-0.2095754291947277,0.2,-1.6774959582237832,-0.7145520271532398,-0.9089716073821389,-3.301019592759162,418,1151.0,2.81,1114.0,0.53,음식료·담배,-2.79,23.16,380.59,-1.3,48.7,0.1382070947941864,0.14324964083387265,2026-05-12
472830,RISE 미국30년국채커버드콜(합성),2026-05-12,-3.0,265.0,262.0,773.0,2.099688473037432,0.6,2.351259071456036,1.5587967299815861,1.734581068294374,5.644636869731996,419,499.0,0.0,0.0,0.0,ETF(합성복제/수익증권),0.62,,,,,0.28340450089603114,0.1415165113496098,2026-05-12
000100,유한양행,2026-05-12,3496.0,311.0,3807.0,-26930.0,-0.3749643151368566,0.1,0.10411014301086981,-0.666405798721426,-0.37626189808654087,-0.938557553797097,420,67621.0,35.54,2389.0,2.75,제약,0.35,8.81,36.35,5.75,90.19,0.22275426038629437,0.14145538964959853,2026-05-12
227560,TIGER 200 생활소비재,2026-05-12,1.0,7.0,8.0,36.0,1.888888884074074,0.8,1.046455528139823,2.0573251677369964,0.414644177589262,3.5184248734660812,421,44.0,0.0,0.0,0.0,ETF(실물복제/수익증권),-1.51,,,,,0.11417332183095205,0.14120433535380753,2026-05-12
003620,KG모빌리티,2026-05-12,959.0,27.0,986.0,1193.0,-0.23076923077934564,0.6,-0.49550616388738444,0.15262265854113466,0.0,-0.3428835053462498,422,8206.0,17.48,232.0,0.55,운송장비·부품,-1.34,3.21,126.95,10.21,2423.23,0.22814672979871534,0.14046489503945575,2026-05-12
Q500057,신한 인버스 2X Russell 2000 ETN,2025-10-20,0.0,29.0,29.0,14.0,0.08225108154832173,0.6,0.24753510203754805,-0.11262058111465063,1.559687080238802,1.6946016011616996,423,,,,,,,,,,,0.1317264864502371,0.14044281214806076,2026-05-12
481180,SOL 미국AI소프트웨어,2026-05-12,-7.0,-1250.0,-1257.0,1584.0,2.140142021622594,0.8,0.6065705304968166,2.3556629162184066,1.1986029749928402,4.160836421708064,424,1685.0,0.0,0.0,0.0,ETF(실물복제/수익증권),0.04,,,,,0.16530465960204102,0.14012532089952795,2026-05-12
429000,TIGER 미국S&P500배당귀족,2026-05-12,9.0,721.0,730.0,2126.0,1.8278451760762051,0.6,2.747208149927114,1.6728623834699157,1.7748237599299035,6.194894293326933,425,1641.0,0.0,0.0,0.0,ETF(실물복제/수익증권),0.57,,,,,0.3272010332962922,0.1393218935347243,2026-05-12
074610,이엔플러스,2026-05-12,,,0.0,0.0,-1.0,0.0,0.0,0.0,0.0,0.0,426,448.0,46.04,111.0,2.64,기계·장비,0.0,6.04,200.5,46.06,0.0,0.1322808297631977,0.13865632567047376,2026-05-12
117690,TIGER 차이나항셍30,2026-05-12,2.0,20.0,22.0,239.0,1.8205128190664035,0.9,1.4820875954253077,0.880254296943991,1.79346129704525,4.155803189414549,427,110.0,0.0,0.0,0.0,ETF(실물복제/수익증권),0.8,,,,,0.16490405052023918,0.13672160934238264,2026-05-12
015760,한국전력,2026-05-12,-6851.0,-18887.0,-25738.0,-83261.0,-0.22407086001602494,0.1,-0.9339912700944262,-0.38559505910938857,-1.7709977776102748,-3.09058410681409,428,264810.0,3.1,13311.0,0.55,전기·가스,-4.51,19.4,416.85,4.32,61.28,-0.04450769374300545,0.13630154793718655,2026-05-12
204450,KODEX 차이나H레버리지(H),2026-05-12,333.0,81.0,414.0,1814.0,-0.08547794121849828,0.7,1.774426553987733,-0.7802136340113979,2.420270641100783,3.4144835610771183,429,333.0,0.0,0.0,0.0,ETF(실물복제/수익증권),-0.57,,,,,0.1059003411121677,0.1351727645936738,2026-05-12
Q610088,메리츠 솔랙티브 2X WTI원유 선물 ETN(H),2026-05-12,0.0,61.0,61.0,285.0,1.5057471258607475,0.8,1.4736614232387075,1.7490768980790827,0.5784952090934902,3.8012335304112805,430,559.0,0.0,0.0,0.0,ETN(원자재),-1.24,,,,,0.13668285641579123,0.1346371755329677,2026-05-12
Q610074,메리츠 미국채10년 ETN,2026-05-12,,,0.0,9.0,0.33333332000000016,0.4,1.64431924188012,-0.3329562623764944,1.6699154131357563,2.981278392639382,431,120.0,0.0,0.0,0.0,ETN(채권),0.75,,,,,0.07142032615573082,0.1345363473657204,2026-05-12
163560,동일고무벨트,2026-05-12,5.0,-1.0,4.0,-59.0,-0.3986254297082581,0.5,0.3712944118645583,-0.16244451892048847,-1.6585767103570503,-1.4497268174129805,432,969.0,9.09,767.0,0.41,화학,-3.46,4.6,48.68,8.2,93.65,0.1587972018088022,0.13428939247377314,2026-05-12
453540,TIGER 25-10 회사채(A+이상)액티브,2025-10-14,0.0,0.0,0.0,27637.0,0.42470645527453965,0.9,1.7614145011205447,-0.06496902621340529,-0.08345760831381915,1.6129878665933202,433,,,,,,,,,,,0.12523062030275633,0.1337030336539947,2026-05-12
214320,이노션,2026-05-12,3152.0,1831.0,4983.0,7140.0,1.7491314682380352,0.7,2.6730029599540788,1.97779662596304,-1.549193138482986,3.1016064474341327,434,8120.0,8.85,2294.0,0.76,일반서비스,3.36,8.88,154.42,1.2,4.59,0.27827093996925606,0.13341381992698928,2026-05-12
Q510016,대신 천연가스 선물 ETN(H),2026-05-12,0.0,35.0,35.0,40.0,1.7564102511094677,0.5,2.400067589721382,1.6109246536722266,1.4778617285614932,5.488853971955102,435,102.0,0.0,0.0,0.0,ETN(원자재),3.34,,,,,0.27100530292552855,0.13337610820087847,2026-05-12
023590,다우기술,2026-05-12,-1400.0,-1494.0,-2894.0,-7956.0,1.09811441352551,0.1,-2.842343694557879,1.3107098548523726,-0.34156499053199035,-1.8731988302374967,436,19155.0,3.93,11260.0,0.55,IT 서비스,-6.94,15.95,1006.86,50.48,32.74,0.16138710811141693,0.13115811852759773,2026-05-12
015860,일진홀딩스,2026-05-12,635.0,326.0,961.0,2896.0,-0.17099873977034896,0.6,0.9592214748880039,-1.0882688175257782,-1.2353645664124344,-1.3644119090502087,437,6864.0,19.51,713.0,1.22,금융,0.0,7.36,103.39,26.82,102.26,0.04552118588447437,0.13102011778153738,2026-05-12
139220,TIGER 200 건설,2026-05-12,216.0,2144.0,2360.0,4782.0,-0.10473685919724329,0.5,1.7502430369488886,-0.11608594468913909,1.0801233797346481,2.714280471994398,438,2092.0,0.0,0.0,0.0,ETF(실물복제/수익증권),-4.94,,,,,0.05016921243892905,0.13064127398490044,2026-05-12
002720,국제약품,2026-05-12,0.0,-1.0,-1.0,-261.0,-0.7922658996683669,0.4,0.283163197816686,-1.2656934248996943,0.29580394540498844,-0.6867262816780199,439,912.0,16.02,269.0,0.93,제약,0.12,6.09,86.56,12.17,-7.71,0.13126329856511987,0.13062255198877312,2026-05-12
078930,GS,2026-05-12,2331.0,-5107.0,-2776.0,-1287.0,-0.5058034393203373,0.7,-1.2403566167570963,-0.5719879932543325,0.3338304332552799,-1.478514176756149,440,70802.0,9.03,8434.0,0.49,금융,-1.55,5.55,86.04,-0.26,-4.59,0.03970865471979253,0.1301765748202606,2026-05-12
353200,대덕전자,2026-05-12,-8045.0,5092.0,-2953.0,15243.0,-0.7846097343809105,0.4,-0.3064654445930189,-1.1414302718413676,-0.8723153432861926,-2.320211059720579,441,63254.0,138.53,924.0,7.35,전기·전자,1.75,5.37,31.28,19.41,335.74,0.1257058198175558,0.13014012795203467,2026-05-12
000890,보해양조,2026-05-12,,,0.0,0.0,-1.0,0.0,-0.04146761415278862,-0.8492683949241306,-2.012390804515364,-2.903126813592283,442,583.0,8.79,48.0,0.67,음식료·담배,0.0,8.75,62.18,-4.8,32.9,0.11382250560543763,0.13011195777050283,2026-05-12
245350,TIGER 유로스탁스배당30,2026-05-12,-6.0,80.0,74.0,147.0,0.5416666660243055,0.8,1.4694597177133502,0.32214673099007957,1.6119815412878065,3.4035879899912365,443,316.0,0.0,0.0,0.0,ETF(실물복제/수익증권),1.13,,,,,0.10503313203579653,0.1300153467868288,2026-05-12
396510,TIGER 차이나클린에너지SOLACTIVE,2026-05-12,2.0,47.0,49.0,232.0,1.104575162573369,0.9,2.1234785496805832,1.3743710212794313,2.3960558167668426,5.893905387726857,444,215.0,0.0,0.0,0.0,ETF(실물복제/수익증권),1.67,,,,,0.30324448170611,0.12923700814520342,2026-05-12
245710,ACE 베트남VN30(합성),2026-05-12,28.0,684.0,712.0,8700.0,5.0,0.7,2.1868504835024276,1.879835492264344,0.0,4.066685975766772,445,3288.0,0.0,0.0,0.0,ETF(합성복제/수익증권),-0.84,,,,,0.15781096141760317,0.1283063945240356,2026-05-12
014910,성문전자,2026-05-12,-1098.0,0.0,-1098.0,-945.0,1.7979867305331974,0.2,-1.4921649949349312,0.6330991043149521,-1.879157511660947,-2.738223402280926,446,554.0,29.14,87.0,1.24,전기·전자,30.0,4.73,89.05,11.68,51.67,0.0443693525682683,0.1279912415929591,2026-05-12
Q610093,메리츠 인버스 3X 일본 국채 10년 ETN,2026-05-12,0.0,0.0,0.0,11.0,1.121212101928375,0.4,1.8387854839657134,0.24733841412777022,1.0467339598820364,3.1328578579755204,447,119.0,0.0,0.0,0.0,ETN(채권),1.62,,,,,0.08348496114318238,0.12679916334242247,2026-05-12
0047R0,RISE 팔란티어고정테크100,2026-05-12,-94.0,395.0,301.0,1212.0,1.028112449646477,1.0,2.7454460615980056,1.2580734589775049,0.6831299110639998,4.68664943163951,448,380.0,0.0,0.0,0.0,ETF(실물복제/수익증권),0.98,,,,,0.20715559252628926,0.1266891923920812,2026-05-12
014680,한솔케미칼,2026-05-12,18578.0,-34346.0,-15768.0,-14447.0,1.174082886458418,0.2,-1.1130229517791508,2.6201033539518392,-1.1442835526482733,0.36279684952441515,449,34111.0,23.09,12993.0,3.02,화학,7.53,14.34,35.94,13.86,21.28,0.16512302027845516,0.12501615598765656,2026-05-12
494300,KODEX 미국나스닥100데일리커버드콜OTM,2026-05-12,155.0,7336.0,7491.0,36562.0,0.2707445846127885,0.6,1.6739163520910987,-0.4685059448096657,2.258866704786802,3.464277112068235,450,8557.0,0.0,0.0,0.0,ETF(실물복제/수익증권),1.1,,,,,0.10986354955933239,0.12491338979864793,2026-05-12
001720,신영증권,2026-05-12,-1962.0,-539.0,-2501.0,-4456.0,0.3508064515985696,0.6,-2.1857768059240748,0.4603784194008128,-0.08345760831382075,-1.8088559948370828,451,30661.0,28.23,6607.0,0.82,증권,-5.71,7.8,539.28,-0.34,29.45,0.08847383031185478,0.12472693850367228,2026-05-12
Q530090,삼성 인버스 은 선물 ETN(H),2026-05-12,0.0,-59.0,-59.0,394.0,4.8047767375478365,0.5,1.8763162286300814,2.1337006798726192,1.0818010154515967,5.091817923954298,452,61.0,0.0,0.0,0.0,ETN(원자재),-6.21,,,,,0.2394040897574546,0.1245599883051928,2026-05-12
468380,KODEX iShares미국하이일드액티브,2026-05-12,-6.0,785.0,779.0,1742.0,3.0693784114772296,0.4,2.752180832714073,3.027747935877759,1.183215723286636,6.963144491878468,453,1088.0,0.0,0.0,0.0,ETF(Active/수익증권),0.89,,,,,0.3883482223565487,0.1235657563061114,2026-05-12
F74201773,하나대체나사부동산1호,2026-05-12,0.0,0.0,0.0,1.0,-1.0,0.1,1.602081943759723,-0.4830458895952035,1.366259822128004,2.4852958762925237,454,141.0,0.0,0.0,0.0,수익증권,-13.45,,,,,0.031943685922088655,0.12236537754650359,2026-05-12
Q500017,신한 은 선물 ETN(H),2025-10-29,0.0,23.0,23.0,187.0,-0.5661605207014837,0.8,1.1594168517263976,-1.4590970560785332,1.7698643602621014,1.4701841559099658,455,,,,,,,,,,,0.1138644722534298,0.1219100997412583,2026-05-12
0067Y0,TIGER 차이나AI소프트웨어,2026-05-12,-2.0,93.0,91.0,336.0,0.2612612609513689,0.7,1.718633851481378,0.2918681813368636,1.5491931384829927,3.559695171301234,456,180.0,0.0,0.0,0.0,ETF(실물복제/수익증권),-2.51,,,,,0.11745814064265839,0.12160546399155411,2026-05-12
071050,한국금융지주,2026-05-12,6225.0,-4259.0,1966.0,-39264.0,-0.7844421705048574,0.3,-1.0414320889561213,-1.5571878218577555,0.7888104821910896,-1.8098094286227875,457,139036.0,7.6,32808.0,1.21,금융,-6.2,18.66,1025.35,6.15,95.49,0.052159495608908535,0.12130234074497454,2026-05-12
280930,KODEX 미국러셀2000(H),2026-05-12,0.0,129.0,129.0,433.0,1.4439288470741074,0.7,2.798781592922635,1.5104394663503613,0.7175948649242088,5.026815924197205,458,293.0,0.0,0.0,0.0,ETF(실물복제/수익증권),0.25,,,,,0.2342303981971587,0.12115317929779923,2026-05-12
Q570052,한투 플래티넘 선물 ETN,2026-02-20,0.0,7.0,7.0,74.0,-0.8039215686562861,0.8,0.5759683462522392,-1.0431944335833945,1.9250667202298408,1.4578406328986855,459,,,,,,,,,,,0.11288201662027353,0.12089075402239849,2026-05-12
Q530128,삼성 레버리지 미국다우존스 선물 ETN,2026-05-12,0.0,76.0,76.0,172.0,2.3587786233902452,0.8,1.4505903624635579,0.894299439138639,2.435038102681483,4.77992790428368,460,245.0,0.0,0.0,0.0,ETN(주식),1.47,,,,,0.21457988790919816,0.12085651082182308,2026-05-12
007310,오뚜기,2026-05-12,-489.0,-726.0,-1215.0,-3877.0,0.1952487007924295,0.3,-2.0135976226098413,-0.13943941819176447,-0.6831299110640013,-2.836166951865607,461,13927.0,20.12,17271.0,0.58,음식료·담배,-2.11,3.35,65.29,3.83,-20.16,0.005534862845066352,0.12037875666006059,2026-05-12
014440,영보화학,2026-05-12,0.0,0.0,0.0,-332.0,-0.1439393941339533,0.2,-1.0596794846936424,-0.27620106117862014,-1.9797542205319643,-3.3156347664042265,462,942.0,5.6,841.0,0.48,화학,-1.05,9.0,10.17,2.16,-0.59,0.044764764931505135,0.12019513682806736,2026-05-12
055490,테이팩스,2026-05-12,500.0,-410.0,90.0,-237.0,-0.4765156217995128,0.6,-0.31679025682712053,-0.845556505914576,-0.11230586967385921,-1.2746526324155558,463,837.0,41.49,423.0,0.54,화학,-5.7,1.3,29.11,3.81,75.61,0.08045494898919783,0.11918998853122927,2026-05-12
251350,KODEX MSCI선진국,2026-05-12,-3.0,305.0,302.0,939.0,-0.22302566287155712,0.7,0.7322577558168774,-0.6897019561479633,1.2818172231438087,1.3243730228127228,464,5246.0,0.0,0.0,0.0,ETF(실물복제/수익증권),1.04,,,,,-0.060457421607647915,0.11770634874383427,2026-05-12
245340,TIGER 미국다우존스30,2026-05-12,0.0,201.0,201.0,1285.0,1.065309584262173,0.8,1.814253460082448,0.4964585425877576,0.6591529891892766,2.969864991859482,465,1441.0,0.0,0.0,0.0,ETF(실물복제/수익증권),1.39,,,,,0.07051190156095058,0.11722351793405178,2026-05-12
0053L0,TIGER 차이나휴머노이드로봇,2026-05-12,4299.0,-1177.0,3122.0,7004.0,2.37134502918062,0.8,2.923984347616314,2.569125840156314,0.14564378443270964,5.638753972205337,466,4075.0,0.0,0.0,0.0,ETF(실물복제/수익증권),-0.07,,,,,0.2829362645741103,0.11579235637539714,2026-05-12
Q520057,미래에셋 인버스 2X 코스닥150 선물 ETN,2026-05-12,-9.0,174.0,165.0,1368.0,-0.5809901863629621,0.9,1.2525724108995295,-0.5975173979219808,1.9795247362097204,2.634579749187269,467,331.0,0.0,0.0,0.0,ETN(주식),5.41,,,,,0.043825608265555455,0.1155465179188525,2026-05-12
251600,PLUS 고배당주채권혼합,2026-05-12,-1.0,515.0,514.0,1476.0,0.5378729915249476,0.7,1.4694650861443663,0.08981353597585809,2.0185567319305853,3.5778353540508094,468,7884.0,0.0,0.0,0.0,ETF(실물복제/수익증권),-0.87,,,,,0.11890196869017103,0.11544139135685033,2026-05-12
400590,SOL 글로벌탄소배출권선물ICE(합성),2026-05-12,0.0,7.0,7.0,92.0,0.4120370360564556,0.7,1.6406839624933955,0.7694478808449217,2.1602465494693393,4.5703783928076565,469,70.0,0.0,0.0,0.0,ETF(합성복제/수익증권),3.99,,,,,0.19790125428194075,0.11470715948802551,2026-05-12
028050,삼성E&A,2026-05-12,-10029.0,-8014.0,-18043.0,-200935.0,1.2810592042792708,0.3,-2.469756104166764,1.3813777181112634,0.13462159442920843,-0.9537567916262921,470,107604.0,17.43,3150.0,2.27,일반서비스,-6.31,13.76,125.8,-9.41,-18.48,-0.09377796508419219,0.1145238560528409,2026-05-12
175330,JB금융지주,2026-05-12,4369.0,-3496.0,873.0,-2788.0,-0.8361030769486182,0.3,1.1034259237172386,-0.8401287336631443,2.7472593165663315,3.010556506620426,471,48381.0,6.97,3688.0,0.81,금융,-1.53,12.36,1084.16,0.15,5.1,0.2607018512011933,0.11424481614186935,2026-05-12
443060,HD현대마린솔루션,2026-05-12,6400.0,1102.0,7502.0,13481.0,-0.26465910867503506,0.5,1.0096954531564417,-0.7315518427939206,-0.5258737239298445,-0.24773011356732344,472,111411.0,41.33,6013.0,13.51,일반서비스,-3.31,33.73,54.27,13.59,28.86,0.25715725298847447,0.11424363383735858,2026-05-12
486790,HANARO 코스닥150선물레버리지1.5X,2025-09-15,0.0,0.0,0.0,13.0,0.13095237893282308,0.5,0.6859940973226869,-0.7414845854543383,1.4116527434518336,1.3561622553201822,473,,,,,,,,,,,0.10478914923298861,0.11249400871795512,2026-05-12
371150,RISE 차이나항셍테크,2026-05-12,6.0,-6.0,0.0,28.0,-0.14728682269695337,0.7,0.6978673939213748,-0.7912397902116098,0.958710379574584,0.865337983284349,474,178.0,0.0,0.0,0.0,ETF(실물복제/수익증권),0.56,,,,,-0.09699330848440339,0.11238522578144701,2026-05-12
Q530023,삼성 레버리지 China A50 선물 ETN(H),2026-03-04,0.0,0.0,0.0,60.0,-0.17460317538926695,0.5,0.40615511971077006,-0.49518315795781975,1.433342624689965,1.3443145864429153,475,,,,,,,,,,,0.1038461600217558,0.11151561134003686,2026-05-12
114090,GKL,2026-05-12,-1646.0,282.0,-1364.0,-7014.0,-0.014719618652223598,0.3,-1.5057469128371186,-0.618774044307438,0.14564380034179442,-1.978877156802762,476,6940.0,14.74,761.0,1.57,오락·문화,-0.53,11.01,47.53,6.7,37.37,0.004184178495734957,0.1103397102465158,2026-05-12
482870,HANARO 주주가치성장코리아액티브,2025-11-25,0.0,0.0,0.0,11.0,-0.8039215687716263,0.3,1.1118618536285685,-0.6336437343493159,0.8500473466839118,1.3282654659631645,477,,,,,,,,,,,0.10256876548794842,0.11019025210203418,2026-05-12
Q610067,메리츠 블룸버그 2X 천연가스선물 ETN(H) B,2026-05-12,2.0,158.0,160.0,190.0,0.08300907890732634,0.7,0.5458993081674486,-0.17810692457287836,1.9040897469815432,2.271882130576113,478,56.0,0.0,0.0,0.0,ETN(원자재),7.86,,,,,0.014957487048358751,0.10929258052995555,2026-05-12
Q580035,KB S&P 유럽탄소배출권 선물 ETN(H),2026-05-12,,,0.0,2.0,2.333333000000033,0.2,1.9001384733177558,0.7379326580311356,1.7968939147817358,4.434965046130627,479,83.0,0.0,0.0,0.0,ETN(기타),2.22,,,,,0.18712332604169582,0.10923386158511914,2026-05-12
329650,KODEX TRF3070,2026-05-12,-10.0,74.0,64.0,554.0,0.061728394930650854,0.9,1.21146075869431,-0.6140100294379264,1.540619909397691,2.1380706386540744,480,2540.0,0.0,0.0,0.0,ETF(실물복제/수익증권),0.03,,,,,0.004307054922966928,0.10904914940398312,2026-05-12
003120,일성아이에스,2026-05-12,-33.0,-11.0,-44.0,-213.0,-0.18949771717254638,0.2,-1.7757875008796642,-1.1569863995301586,-1.6585767103570515,-4.591350610766874,481,2793.0,21.32,985.0,0.57,제약,-0.94,3.41,3.05,-11.58,0.0,-0.062155165620215086,0.10875909580131474,2026-05-12
448490,HANARO 32-10 국고채액티브,2026-05-12,11.0,-7.0,4.0,53.0,-0.6666666670370371,0.6,1.2448651886891957,-0.7112130879838753,1.3938809168192194,1.92753301752454,482,158.0,0.0,0.0,0.0,ETF(Active/수익증권),-0.74,,,,,-0.012450225124310129,0.10866363715018965,2026-05-12
007690,국도화학,2026-05-12,58.0,190.0,248.0,-326.0,0.5863247862434362,0.6,-1.3275047495004373,0.5941835799872606,0.0,-0.7333211695131767,483,3561.0,16.33,2354.0,0.38,화학,0.92,2.56,99.64,6.88,109.88,0.14013265911417896,0.1084487429318407,2026-05-12
0049M0,ACE 미국배당퀄리티+커버드콜액티브,2026-05-12,1.0,576.0,577.0,1356.0,3.0318524724197946,0.6,2.5048918149973645,2.293201480915632,1.7589949359760515,6.557088231889049,484,862.0,0.0,0.0,0.0,ETF(Active/수익증권),0.77,,,,,0.35602906520502847,0.1079496109727276,2026-05-12
002200,한국수출포장,2026-05-12,-331.0,6.0,-325.0,-641.0,0.9970193737709363,0.4,-1.715357162202648,2.229382249956023,-0.14564380034179378,0.3683812874115814,485,1022.0,-27.73,-97.0,0.34,종이·목재,-2.0,-1.35,20.68,-4.03,0.0,0.055617686597051644,0.10745251989737206,2026-05-12
455660,ACE 미국하이일드액티브(H),2026-05-12,13.0,84.0,97.0,90.0,-0.5384357167066918,0.3,1.9271224197636443,-1.00533625785924,2.7672322064940986,3.6890183683985027,486,641.0,0.0,0.0,0.0,ETF(Active/수익증권),-0.1,,,,,0.127751336788514,0.10739165640733148,2026-05-12
473590,ACE 미국주식베스트셀러,2026-05-12,-20.0,478.0,458.0,1278.0,0.3411024786529169,1.0,1.1002586912606538,-0.12139832117092005,2.2918794769074062,3.27073984699714,487,839.0,0.0,0.0,0.0,ETF(실물복제/수익증권),2.16,,,,,0.09445937555479625,0.10668201007899154,2026-05-12
373790,KIWOOM 미국방어배당성장나스닥,2026-05-12,0.0,19.0,19.0,34.0,3.444444423280424,0.3,2.726030245607838,2.9442167686253558,0.08345760831382,5.753704622547014,488,44.0,0.0,0.0,0.0,ETF(실물복제/수익증권),0.25,,,,,0.292085509393434,0.1066759527843614,2026-05-12
Q530089,삼성 은 선물 ETN(H),2026-05-12,-5.0,178.0,173.0,714.0,2.842364531073309,0.7,2.468525119392139,1.066088545227973,0.9999999000000089,4.534613564620121,489,325.0,0.0,0.0,0.0,ETN(원자재),5.43,,,,,0.19505463124817637,0.1066142025823976,2026-05-12
021240,코웨이,2026-05-12,-6783.0,2320.0,-4463.0,-422.0,0.8496552389129193,0.6,-0.02756188485213796,0.8506619175327943,0.1847872699987891,1.0078873026794455,490,64964.0,10.73,8558.0,1.8,일반서비스,-1.08,18.14,93.71,15.16,10.47,0.20223325198016645,0.10655003324161127,2026-05-12
029780,삼성카드,2026-05-12,2034.0,-4167.0,-2133.0,-15291.0,0.19628672599676378,0.3,-1.5007047865636671,-0.5019969641716717,1.3353217330211222,-0.6673800177142166,491,57292.0,8.87,5575.0,0.6,금융,-1.49,7.45,263.01,-0.01,-3.58,0.07792663093000497,0.10609007871462593,2026-05-12
354240,RISE 미국고정배당우선증권,2026-05-12,0.0,-2.0,-2.0,36.0,-0.0804597711718853,0.7,1.6009606269520824,0.0015588791645401883,1.2398607574031977,2.8423802635198205,492,142.0,0.0,0.0,0.0,ETF(실물복제/수익증권),1.33,,,,,0.06036503430236986,0.1056834527526343,2026-05-12
452260,한화갤러리아,2026-05-12,886.0,-1.0,885.0,1475.0,-0.6388888888909642,0.6,1.0125412920099939,-0.7592594778027163,1.5491931384829924,1.80247495269027,493,5428.0,164.71,17.0,0.67,유통,-2.27,0.41,144.61,6.85,177.72,0.19621516923391408,0.10566490926063327,2026-05-12
003465,유화증권우,2026-05-12,0.0,109.0,109.0,129.0,5.0,0.3,3.5191220395729106,1.5115434713663276,2.7003081868366787,7.730973697775918,494,586.0,0.0,0.0,0.0,증권,-0.74,,,,,0.3531511385608493,0.10546103639195693,2026-05-12
117700,KODEX 건설,2026-05-12,812.0,622.0,1434.0,3000.0,-0.4252065389373123,0.5,1.3925659135237887,-0.6854345553134161,1.6320245917736649,2.3391559499840375,495,2747.0,0.0,0.0,0.0,ETF(실물복제/수익증권),-4.83,,,,,0.02031199910953066,0.10490450410172535,2026-05-12
0086C0,TIGER 리츠부동산인프라10채권혼합액티브,2026-05-12,13.0,64.0,77.0,148.0,1.0614035078678055,0.5,2.325682316835995,0.5388152596369984,1.9733858785415843,4.837883455014577,496,169.0,0.0,0.0,0.0,ETF(Active/수익증권),-0.73,,,,,0.21919273281872761,0.10488213470541236,2026-05-12
005800,신영와코루,2026-05-12,1.0,-39.0,-38.0,-228.0,0.5294117641061129,0.1,-0.26590586235401803,0.03534137953624087,-0.7337993318591932,-0.9643638146769704,497,1257.0,20.04,697.0,0.32,섬유·의류,-3.25,1.66,9.86,-5.86,-53.22,0.09335470444844668,0.10395614011421289,2026-05-12
453870,TIGER 인도니프티50,2026-05-12,5.0,606.0,611.0,548.0,0.421356421279508,0.4,3.145870256888261,1.8061670653825765,2.5585380886924396,7.510575410963277,498,3622.0,0.0,0.0,0.0,ETF(실물복제/수익증권),-1.14,,,,,0.4319197853315024,0.10377223145832137,2026-05-12
455890,RISE 머니마켓액티브,2026-05-12,-112.0,3381.0,3269.0,12366.0,1.2744259021342939,0.8,2.0258579149217386,1.8135206565409743,1.7589949359760542,5.598373507438767,499,28623.0,0.0,0.0,0.0,ETF(Active/수익증권),0.01,,,,,0.27972227007325906,0.10330531844403651,2026-05-12
0013R0,RISE 테슬라미국채타겟커버드콜혼합(합성),2026-05-12,-1.0,196.0,195.0,576.0,0.3315339629332166,0.4,2.0739951921420925,-0.2897964509550244,1.5157292781055633,3.2999280192926315,500,360.0,0.0,0.0,0.0,ETF(합성복제/수익증권),1.55,,,,,0.09678254409160994,0.10266854061626315,2026-05-12
001380,SG글로벌,2026-05-12,-89.0,-12.0,-101.0,-369.0,5.0,0.0,-2.8723130232061838,2.4630604152548226,-0.3567529703699888,-0.76600557832135,501,382.0,13.6,125.0,0.25,운송장비·부품,-10.05,1.86,30.57,-5.99,-19.34,0.18715770720841793,0.10076575743727592,2026-05-12
178920,PI첨단소재,2026-05-12,1069.0,-52.0,1017.0,2422.0,0.1341067506841347,0.5,-0.6021828273312136,-0.510229703618232,-1.2057210451054754,-2.318133576054921,502,8560.0,36.62,796.0,2.53,화학,0.52,7.16,56.11,15.46,0.0,-0.13478172557718532,0.09993976169678667,2026-05-12
010120,LS ELECTRIC,2026-05-12,27962.0,-33283.0,-5321.0,-367563.0,-0.3007884972171725,0.0,-0.7471554838068974,-0.5947417527986126,-1.3662598221280033,-2.7081570587335135,503,433500.0,151.23,1911.0,20.76,전기·전자,-4.93,14.67,131.48,9.09,9.42,-0.07833275967998132,0.09983051412238454,2026-05-12
0082F0,HANARO 유럽방산,2026-05-12,0.0,16.0,16.0,105.0,-0.5118549513897399,0.8,1.0755090250246038,-0.6566994772613053,1.6733199130681617,2.09212946083146,504,88.0,0.0,0.0,0.0,ETF(실물복제/수익증권),-1.29,,,,,0.0006504676662806557,0.09869684432359119,2026-05-12
093050,LF,2026-05-12,350.0,-680.0,-330.0,-571.0,0.6703243110214345,0.5,-2.0585460201083006,1.3066892850032006,-0.8334107188754232,-1.5852674539805232,505,7135.0,7.21,3382.0,0.4,섬유·의류,-1.01,6.18,63.89,-3.77,33.27,0.02468959760840287,0.09845678696293109,2026-05-12
195870,해성디에스,2026-05-12,9559.0,-1668.0,7891.0,11200.0,-0.4871334943090898,0.6,-0.4212255864666028,-0.6744871761512578,-0.6157650629803751,-1.711477825598236,506,13821.0,58.03,1401.0,2.45,전기·전자,-4.8,4.25,56.04,8.36,-18.25,0.06700223706666636,0.0983351781088576,2026-05-12
Q580027,KB 인버스 2X 은 선물 ETN(H),2026-01-07,0.0,0.0,0.0,255.0,-0.738195418456541,0.4,1.8065249103180445,-1.6785704954771832,1.056147197139972,1.1841016119808334,507,,,,,,,,,,,0.09109435981681019,0.09828499561756679,2026-05-12
267290,경동도시가스,2026-05-12,-31.0,0.0,-31.0,-197.0,0.20870870843647693,0.2,-1.1593162483712927,-0.3061845972240896,-1.1047681664212587,-2.5702690120166407,508,1309.0,3.98,5572.0,0.28,전기·가스,-1.55,7.13,95.46,-1.81,22.51,0.028981189555279438,0.098100972741586,2026-05-12
472160,TIGER 미국테크TOP10 INDXX(H),2026-05-12,-51.0,629.0,578.0,3578.0,0.19121647879535142,0.9,1.282139575202759,1.033349642171207,2.15020155695823,4.465690774332195,509,3398.0,0.0,0.0,0.0,ETF(실물복제/수익증권),-0.39,,,,,0.189568872967551,0.09802464786056281,2026-05-12
0005A0,KODEX 미국S&P500데일리커버드콜OTM,2026-05-12,3.0,1460.0,1463.0,7065.0,1.2808290990933036,0.6,1.9798254927732806,1.4637382310839886,1.904071877440625,5.3476356012978945,510,1778.0,0.0,0.0,0.0,ETF(실물복제/수익증권),1.34,,,,,0.25976533653744516,0.09797441244017281,2026-05-12
Q580034,KB 레버리지 FANG 플러스 ETN(H),2026-05-12,0.0,41.0,41.0,45.0,5.0,0.5,2.7069566284063717,2.517503847158973,0.35675297036998493,5.581213445935329,511,455.0,0.0,0.0,0.0,ETN(주식),-0.17,,,,,0.2783564526260072,0.09751646302898495,2026-05-12
Q530061,삼성 레버리지 은 선물 ETN(H),2026-05-12,-1.0,4976.0,4975.0,6085.0,2.8078871200468907,0.6,2.7691603998985683,3.296591239047599,1.3501542027933136,7.415905841739481,512,1994.0,0.0,0.0,0.0,ETN(원자재),11.49,,,,,0.42438476866831804,0.09747440862375573,2026-05-12
Q570097,한투 S&P 엔달러 선물 ETN(H),2026-05-12,0.0,-1.0,-1.0,133.0,3.1254125371695585,0.5,1.9288994354490814,0.8922617062712672,1.7709977776102728,4.592158919330621,513,80.0,0.0,0.0,0.0,ETN(통화),-0.25,,,,,0.1996348275054071,0.09699910376112543,2026-05-12
Q570064,한투 인버스 베트남 VN30 선물 ETN(H),2026-05-12,0.0,2.0,2.0,9.0,1.121212101928375,0.5,1.0606888431514092,0.1913242140525429,2.3961993630625757,3.648212420266528,514,58.0,0.0,0.0,0.0,ETN(주식),3.46,,,,,0.12450347687267763,0.09663473343086049,2026-05-12
Q570019,한투 코스피 양매도 5% OTM ETN,2026-05-12,0.0,-87.0,-87.0,-91.0,5.0,0.2,-3.5717708923398472,2.6568895713723206,1.690660416222126,0.7757790952545993,515,803.0,0.0,0.0,0.0,ETN(주식),-2.64,,,,,-0.10412155169046629,0.09647510625402464,2026-05-12
210780,TIGER 코스피고배당,2026-05-12,23.0,-146.0,-123.0,334.0,-0.18222222226583706,0.8,-0.080182047927755,-0.494422687737058,1.247219051146875,0.6726143154820621,516,889.0,0.0,0.0,0.0,ETF(실물복제/수익증권),-2.24,,,,,-0.1123327259993108,0.09599107985690775,2026-05-12
300720,한일시멘트,2026-05-12,-41.0,-453.0,-494.0,-3662.0,-0.3463395973889972,0.3,-0.9476864445582543,-0.4300770030196874,-0.27003084055866255,-1.6477942881366041,517,11841.0,15.17,1061.0,0.63,비금속,-2.72,4.14,62.39,-18.25,-51.09,-0.03645508411866902,0.09574471058740744,2026-05-12
245360,TIGER 차이나HSCEI,2026-05-12,3.0,55.0,58.0,226.0,1.3529411754059089,0.8,1.8814671351271168,1.7068883436926234,1.4333426246899579,5.021698103509698,518,352.0,0.0,0.0,0.0,ETF(실물복제/수익증권),0.51,,,,,0.23382305648771892,0.09531891424411487,2026-05-12
293480,하나제약,2026-05-12,-76.0,-13.0,-89.0,-339.0,0.2482853221025474,0.0,-1.835873035541913,0.04830825401798048,-2.2692343226212706,-4.056799104145203,519,1648.0,7.75,1196.0,0.51,제약,-3.94,7.24,23.56,0.39,-6.94,0.040312062499108015,0.09525642525075893,2026-05-12
005690,파미셀,2026-05-12,5095.0,-794.0,4301.0,-12043.0,-0.2905125849489685,0.4,-1.268558346659425,-0.43587993181172463,-1.6630854299891096,-3.367523708460259,520,10905.0,173.05,105.0,12.6,전기·전자,-0.49,7.59,14.84,15.34,259.23,0.04926276471759647,0.09461866444648315,2026-05-12
009450,경동나비엔,2026-05-12,645.0,123.0,768.0,2079.0,-0.4707635717960036,0.6,0.3206787300221937,-0.7751740316181006,-0.6416889067432796,-1.0961842083391864,521,10475.0,11.68,6157.0,1.35,전기·전자,0.56,12.24,97.56,10.96,8.15,0.22548991322559195,0.09455472036815404,2026-05-12
000300,DH오토넥스,2026-05-12,,,0.0,0.0,-1.0,0.0,0.0,0.0,0.0,0.0,522,1740.0,37.5,112.0,4.81,운송장비·부품,0.0,12.17,59.58,33.86,0.0,0.08606570851771776,0.09437244927503965,2026-05-12
0026E0,KODEX 미국S&P500버퍼3월액티브,2026-05-12,2.0,12.0,14.0,111.0,-0.12280701805683814,0.9,1.3071825464525733,-0.5568383749636704,1.9075309812445176,2.6578751527334203,523,224.0,0.0,0.0,0.0,ETF(Active/수익증권),0.58,,,,,0.04567975480213582,0.09427514024455337,2026-05-12
281990,RISE 중소형고배당,2026-05-12,6.0,-2.0,4.0,80.0,0.8027210865958627,0.8,1.4530198687427378,0.5695402552858585,1.5085537586275857,3.531113882656182,524,138.0,0.0,0.0,0.0,ETF(실물복제/수익증권),-2.07,,,,,0.11518327567853623,0.09373583776484182,2026-05-12
0040Y0,SOL 팔란티어커버드콜OTM채권혼합,2026-05-12,-55.0,1553.0,1498.0,5256.0,-0.31655871118095047,0.5,2.011274693672882,-0.41874558454643723,2.3664317732398548,3.9589608823662994,525,4032.0,0.0,0.0,0.0,ETF(실물복제/수익증권),0.0,,,,,0.14923681895058935,0.09319929794189663,2026-05-12
Q500050,신한 레버리지 S&P500 선물 ETN,2026-05-12,0.0,32.0,32.0,151.0,0.9547325090814409,0.7,0.9359281462123751,0.15542621192680214,2.3897140803619936,3.481068438501171,526,1068.0,0.0,0.0,0.0,ETN(주식),0.97,,,,,0.11120001834762946,0.09313182155947225,2026-05-12
000540,흥국화재,2026-05-12,88.0,-2.0,86.0,-431.0,0.23521681981140397,0.3,-0.8827734266893168,-0.10152776978452777,-1.3662598221280071,-2.3505610186018515,527,2547.0,2.42,1638.0,0.33,보험,-3.06,9.97,1568.87,1.51,-60.95,-0.0033533293934580877,0.09258316802301697,2026-05-12
466940,TIGER 은행고배당플러스TOP10,2026-05-12,956.0,644.0,1600.0,11364.0,-0.30592187892816214,0.8,1.634328687500337,-0.6584799433279633,1.7081104688749187,2.6839592130472925,528,9532.0,0.0,0.0,0.0,ETF(실물복제/수익증권),-2.11,,,,,0.047755858356002295,0.09214642841982569,2026-05-12
272210,한화시스템,2026-05-12,7186.0,421.0,7607.0,13400.0,-0.6849450464362108,0.4,0.9146785508102717,-0.7976589323377297,-0.17939871623105286,-0.062379097758510804,529,211023.0,87.13,1282.0,4.31,전기·전자,-3.79,6.6,106.5,30.69,-45.34,0.14426277628939688,0.09180263758352258,2026-05-12
000670,영풍,2026-05-12,558.0,-228.0,330.0,1263.0,-0.3624536917542228,0.7,-0.13042952392934984,-0.816519391969084,0.8175337643343655,-0.12941515156406824,530,11820.0,-152.13,-422.0,0.33,금속,-1.23,-0.23,49.37,4.36,0.0,-0.01882589897637657,0.09169432208184858,2026-05-12
213630,PLUS 미국다우존스고배당주(합성 H),2026-05-12,0.0,43.0,43.0,75.0,-0.18367346972094967,0.8,0.49136803801666207,-0.4836013719807894,1.6984840454084669,1.7062507114443395,531,180.0,0.0,0.0,0.0,ETF(합성복제/수익증권),-0.53,,,,,-0.030062704797060802,0.09039392820492578,2026-05-12
460660,RISE 미국S&P배당킹,2026-05-12,-5.0,26.0,21.0,193.0,0.5259740254785799,0.7,2.2899786258018175,-0.11759524609022036,2.1393621109662804,4.311745490677877,532,173.0,0.0,0.0,0.0,ETF(실물복제/수익증권),-0.26,,,,,0.17731593586152308,0.09015949243211221,2026-05-12
395400,SK리츠,2026-05-12,490.0,-278.0,212.0,-266.0,-0.7000755205556146,0.6,-0.9791844730010538,-1.2175163639508657,-1.395623160898363,-3.592323997850283,533,18332.0,55.87,109.0,0.94,리츠,-1.77,7.31,168.9,34.25,82.24,0.15564674881430576,0.09013038391944825,2026-05-12
007540,샘표,2026-05-12,-137.0,-70.0,-207.0,-443.0,0.8664383558447879,0.1,-1.260224684346118,0.49294626901390837,-1.842264491341932,-2.6095429066741413,534,1401.0,14.37,3388.0,0.45,금융,-2.6,4.63,35.85,0.99,310.93,0.029314053323801763,0.08980769066468478,2026-05-12
025860,남해화학,2026-05-12,-2601.0,-250.0,-2851.0,-7047.0,-0.32713290291814323,0.4,-1.7791805762047659,-0.746380746238536,0.0,-2.525561322443302,535,4486.0,15.38,587.0,0.79,화학,-1.63,5.41,49.21,5.62,18.93,-0.07196032337109293,0.08921213666996446,2026-05-12
458730,TIGER 미국배당다우존스,2026-05-12,2751.0,7587.0,10338.0,-15004.0,-0.48474099313929364,0.4,2.095774362048902,-0.7183502480190883,2.507906611947804,3.8853307259776177,536,35206.0,0.0,0.0,0.0,ETF(실물복제/수익증권),1.09,,,,,0.1433763881928445,0.0890480441397456,2026-05-12
459750,RISE 글로벌주식분산액티브,2026-05-12,0.0,-90.0,-90.0,24.0,-0.3240901214342998,0.9,-0.12531029959177017,2.0710070361824755,1.4230248345757786,3.3687215711664837,537,356.0,0.0,0.0,0.0,ETF(Active/수익증권),0.78,,,,,0.10225801592420822,0.08837972601636293,2026-05-12
002870,신풍,2026-05-12,11.0,4.0,15.0,-82.0,-0.6911608094703428,0.4,-0.07130595731394712,-1.022011358281349,0.2690980984845063,-0.8242192171107899,538,358.0,17.98,57.0,0.39,유통,-4.21,2.75,3.86,6.36,0.0,0.12593712161110726,0.0883149888708871,2026-05-12
132030,KODEX 골드선물(H),2026-05-12,233.0,629.0,862.0,4445.0,1.312222732087068,0.7,2.6912496471894705,1.068596589588291,0.33383043325528095,4.093676670033043,539,4342.0,0.0,0.0,0.0,ETF(실물복제/수익증권),0.64,,,,,0.15995922651181196,0.08825870152322053,2026-05-12
453630,KODEX 미국S&P500필수소비재,2026-05-12,5.0,-11.0,-6.0,163.0,0.2647058819809689,0.5,1.5722813274671343,0.0728615225166613,0.6324554320336925,2.2775982820174883,540,169.0,0.0,0.0,0.0,ETF(실물복제/수익증권),-0.31,,,,,0.015412451581452017,0.08778844187617763,2026-05-12
298040,효성중공업,2026-05-12,36802.0,-58616.0,-21814.0,-173052.0,-0.05371159271523562,0.2,-1.2837778825096597,-0.34799042489475845,-2.039013204785124,-3.670781512189542,541,391351.0,75.28,55755.0,16.62,전기·전자,-3.14,24.41,190.31,21.93,106.07,-0.09349914552533503,0.087632139328915,2026-05-12
244670,KODEX 밸류Plus,2026-05-12,2.0,8.0,10.0,177.0,-0.44265809235498677,0.6,2.907859927272842,-0.9316516332041587,2.0412412023193465,4.017449496388029,542,76.0,0.0,0.0,0.0,ETF(실물복제/수익증권),-1.82,,,,,0.15389209186324473,0.08758262128583816,2026-05-12
476750,ACE 미국30년국채엔화노출액티브(H),2026-05-12,0.0,268.0,268.0,1624.0,0.5659863944939054,0.7,1.535957233005367,0.06298832093711695,1.080123333067989,2.679068887010473,543,794.0,0.0,0.0,0.0,ETF(Active/수익증권),0.36,,,,,0.04736662358417473,0.08747019616343223,2026-05-12
0007N0,아이엠에셋 200,2026-05-12,-8.0,-15.0,-23.0,65.0,0.5802469124096934,0.6,1.1276895606326591,-0.19899585380930812,0.35675297036998527,1.2854466771933362,544,1076.0,0.0,0.0,0.0,ETF(실물복제/수익증권),-2.31,,,,,-0.06355567868522663,0.08674202085856086,2026-05-12
Q570095,한투 레버리지 일본 엔선물 ETN C,2026-05-12,0.0,25.0,25.0,37.0,0.08465608379524636,0.7,0.680191922461901,0.1587499251300557,2.2013979955775786,3.0403398431695354,545,80.0,0.0,0.0,0.0,ETN(통화),0.88,,,,,0.07612119273350629,0.0852470929166695,2026-05-12
0017Y0,1Q 종합채권(AA-이상)액티브,2026-05-12,0.0,-67.0,-67.0,-53.0,1.7843137222145327,0.6,-1.2827739769461914,1.723663595520178,1.510581457989948,1.9514710765639345,546,855.0,0.0,0.0,0.0,ETF(Active/수익증권),-0.21,,,,,-0.010544927833691544,0.08521277086650478,2026-05-12
009150,삼성전기,2026-05-12,-113260.0,469418.0,356158.0,-24419.0,0.6825454586896986,0.5,0.7820702692469159,0.047591809392321334,-0.762974746017437,0.06668733262180027,547,715566.0,105.29,9099.0,7.58,전기·전자,6.44,7.7,48.98,9.91,24.26,0.213594097220912,0.08514114567142574,2026-05-12
Q550064,N2 레버리지 은 선물 ETN(H),2026-05-12,0.0,95.0,95.0,297.0,3.5034013587060944,0.6,1.7972566905239715,2.2191279299890754,0.788810559968845,4.805195180481892,548,787.0,0.0,0.0,0.0,ETN(원자재),12.43,,,,,0.21659098132335255,0.08466572562304316,2026-05-12
484870,엠앤씨솔루션,2026-05-12,-71.0,-278.0,-349.0,-1533.0,-0.7889479619809616,0.3,-1.2825629318107004,-0.9492956193822684,-0.6667978267184006,-2.898656377911369,549,9191.0,29.88,3360.0,5.56,기계·장비,-6.86,21.82,115.93,54.15,71.5,0.10653684341749015,0.08444927097573607,2026-05-12
016710,대성홀딩스,2026-05-12,-140.0,0.0,-140.0,-621.0,0.5409236394776968,0.4,-1.8848959915526344,-0.5280237946815508,-1.183215723286636,-3.5961355095208214,550,1287.0,7.5,1066.0,0.28,일반서비스,-2.79,3.82,103.08,0.85,20.46,-0.0733089738014752,0.08389959142232746,2026-05-12
002030,아세아,2026-05-12,87.0,-227.0,-140.0,-1076.0,-0.2739090065399865,0.2,-0.8887910263176321,-0.6874323308405837,-0.20835267971885624,-1.784576036877072,551,4663.0,15.27,14837.0,0.31,일반서비스,-6.02,2.65,63.04,-6.13,-35.61,-0.009022774247120516,0.08323865595826788,2026-05-12
289480,TIGER 200커버드콜,2026-05-12,266.0,-78.0,188.0,731.0,1.8850210968181682,0.6,1.3960354919923692,1.277194487521119,1.8422644913419333,4.515494470855422,552,297.0,0.0,0.0,0.0,ETF(실물복제/수익증권),-0.48,,,,,0.1935328889260852,0.08255586862194428,2026-05-12
440650,ACE 미국달러단기채권액티브,2026-05-12,0.0,-156.0,-156.0,45.0,1.575524833193724,0.4,1.0865050270357355,2.068144034335267,0.9281908540922196,4.0828399154632224,553,433.0,0.0,0.0,0.0,ETF(Active/수익증권),1.02,,,,,0.15909669880699687,0.0816635714278978,2026-05-12
139130,iM금융지주,2026-05-12,-75.0,-1514.0,-1589.0,6732.0,-0.033986990478073076,0.8,-0.1130362592014915,-0.08057579068765502,1.4333426246899634,1.239730574800817,554,29667.0,6.85,2696.0,0.48,금융,-3.95,7.27,1435.88,-0.12,121.4,0.010944003792522028,0.08141438520424014,2026-05-12
123890,한국자산신탁,2026-05-12,-45.0,-32.0,-77.0,-1028.0,0.5258751901716585,0.3,-1.5247734533722577,0.11806558653165787,-1.8955162404080592,-3.302224107248659,555,2900.0,5.9,402.0,0.27,금융,-3.27,4.64,60.45,-9.79,-33.88,0.008608121249102284,0.08100552853841672,2026-05-12
002350,넥센타이어,2026-05-12,-554.0,-39.0,-593.0,-1923.0,-0.14562975028883762,0.2,-0.24939990405846846,-0.5357138414600023,-0.6954643428524674,-1.480578088370938,556,6729.0,4.76,1448.0,0.35,화학,-3.09,7.71,129.23,12.0,-1.07,0.1213788780370271,0.08098148733798302,2026-05-12
126720,수산인더스트리,2026-05-12,948.0,-78.0,870.0,674.0,-0.27422632527537205,0.6,0.20642221548318387,-0.5644555798805397,-1.069082614898786,-1.4271159792961419,557,4436.0,9.07,3423.0,0.79,건설,-3.57,9.17,21.53,6.59,-0.97,0.20430647771566388,0.0806973739128297,2026-05-12
488500,TIGER 미국S&P500동일가중,2026-05-12,500.0,-318.0,182.0,1034.0,0.930618401081839,0.7,2.1231766464045085,0.9034479078594518,0.4605661228354845,3.487190677099445,558,1202.0,0.0,0.0,0.0,ETF(실물복제/수익증권),0.67,,,,,0.11168730449704597,0.08005190994374131,2026-05-12
0078V0,PLUS 미국로보택시,2026-05-12,0.0,27.0,27.0,102.0,2.014184393956541,0.7,2.3171762377036362,1.2775603087928387,-0.7175948649242144,2.8771416815722604,559,75.0,0.0,0.0,0.0,ETF(실물복제/수익증권),0.78,,,,,0.06313179310785105,0.07986198799141186,2026-05-12
0030R0,대신밸류리츠,2026-05-12,15.0,-91.0,-76.0,-2852.0,-0.6802794196754358,0.1,-0.09359146257575729,-0.46607527437746554,-0.7992866096039846,-1.3589533465572075,560,2556.0,115.54,37.0,0.87,리츠,0.12,0.0,146.52,0.0,0.0,0.03768317167622988,0.07944691225121565,2026-05-12
0040X0,SOL 팔란티어미국채커버드콜혼합,2026-05-12,-132.0,1328.0,1196.0,501.0,-0.10125940656878463,0.5,2.019152171638146,0.01264073614132307,1.805993386870643,3.8377862946501122,561,2285.0,0.0,0.0,0.0,ETF(실물복제/수익증권),0.93,,,,,0.1395921934908755,0.07916933559997685,2026-05-12
064350,현대로템,2026-05-12,-8129.0,-4729.0,-12858.0,-97669.0,-0.5597778598353399,0.4,-1.7164105874594917,-0.9408517066672166,-2.509979869602244,-5.167242163728952,562,234656.0,30.47,7055.0,7.62,운송장비·부품,-2.05,30.05,206.39,33.42,120.26,-0.09873806178588065,0.07884985223627036,2026-05-12
000120,CJ대한통운,2026-05-12,-155.0,-807.0,-962.0,-12298.0,0.0431224182486849,0.1,-0.6635328733631668,-0.16967180080058653,-1.2496863392172324,-2.0828910133809857,563,21831.0,9.02,10612.0,0.46,운송·창고,-1.54,5.98,132.88,1.39,-4.26,0.0843685751646199,0.07863241577983562,2026-05-12
0051A0,KoAct 브로드컴밸류체인액티브,2026-05-12,18.0,414.0,432.0,529.0,0.9188471746015721,0.8,2.0439362514372603,0.5716691411172218,1.9357216428962594,4.551327035450742,564,260.0,0.0,0.0,0.0,ETF(Active/수익증권),0.97,,,,,0.19638490329061767,0.07787551777740388,2026-05-12
000700,유수홀딩스,2026-05-12,66.0,0.0,66.0,106.0,0.010101009845933984,0.4,1.440655346730936,-0.019217547777530545,-1.2379723029052536,0.18346549604815188,565,1547.0,33.75,176.0,0.46,일반서비스,1.02,1.35,16.38,-3.99,15.86,0.05443528309283336,0.07758269524579463,2026-05-12
167860,KIWOOM 국고채10년레버리지,2026-05-12,0.0,-13.0,-13.0,188.0,5.0,0.4,1.8933775426688675,1.6663177958998894,-0.041045304247059634,3.518650034321697,566,273.0,0.0,0.0,0.0,ETF(실물복제/수익증권),-1.59,,,,,0.11419124301526581,0.077571789191617,2026-05-12
485540,KODEX 미국AI테크TOP10,2026-05-12,1.0,802.0,803.0,2389.0,1.0782812166960771,0.7,1.7800151248578122,1.7610035535716717,0.09473307988159815,3.635751758311082,567,3417.0,0.0,0.0,0.0,ETF(실물복제/수익증권),0.36,,,,,0.1235116978222561,0.07708833882736238,2026-05-12
009410,태영건설,2026-05-12,-639.0,0.0,-639.0,-1750.0,0.5628455583648047,0.1,0.25372848964953865,1.732340134596943,0.4830457748730089,2.4691143991194906,568,5452.0,8.48,216.0,0.9,건설,-3.63,11.28,541.95,-19.05,155.73,0.16715996932781613,0.0750336947526097,2026-05-12
Q570101,한투 인버스 나스닥100 ETN B,2026-05-12,0.0,0.0,0.0,57.0,-1.0,0.2,1.5972441305603373,-0.5505044634510647,0.2083526797188559,1.2550923468281285,569,74.0,0.0,0.0,0.0,ETN(주식),-0.2,,,,,-0.06597166501512058,0.07462253871605878,2026-05-12
494670,TIGER 조선TOP10,2026-05-12,-977.0,5553.0,4576.0,7390.0,0.6166471980039387,0.7,1.1616370370616345,1.2767248518322656,1.9413799900607804,4.379741878954681,570,8190.0,0.0,0.0,0.0,ETF(실물복제/수익증권),-2.64,,,,,0.18272795920654197,0.07459285742190266,2026-05-12
034830,한국토지신탁,2026-05-12,-290.0,-11.0,-301.0,-657.0,0.31736526939534104,0.5,-1.948667968885878,0.041046609786567205,-0.33806167331998027,-2.245683032419291,571,3739.0,17.84,83.0,0.31,금융,-2.69,2.1,91.8,-21.99,0.0,-0.06354952272756789,0.07445275253889935,2026-05-12
003200,일신방직,2026-05-12,98.0,-33.0,65.0,-169.0,-0.5201037614111408,0.3,-0.9764043631001582,-0.7177919898839887,-0.9211322456709669,-2.615328598655114,572,2803.0,8.45,1445.0,0.29,섬유·의류,-1.21,3.67,18.01,-1.24,36.89,0.05121440652060845,0.07428954431733113,2026-05-12
475380,RISE 글로벌리얼티인컴,2026-05-12,-5.0,99.0,94.0,332.0,2.35811647954469,0.6,2.4354288225481677,2.6836260662293046,0.0,5.119054888777472,573,318.0,0.0,0.0,0.0,ETF(실물복제/수익증권),0.83,,,,,0.24157195621633779,0.07363017058336407,2026-05-12
005380,현대차,2026-05-12,-238623.0,-11701.0,-250324.0,308086.0,0.473705765630265,0.5,0.9371862031002375,0.11608641359843021,0.9486831480505368,2.0019557647492046,574,1322735.0,18.28,35331.0,1.47,운송장비·부품,0.0,8.41,188.95,6.29,-19.47,0.09925027833167785,0.07303590412942317,2026-05-12
103590,일진전기,2026-05-12,26558.0,-7890.0,18668.0,11843.0,-0.2625013723855457,0.6,-0.053740312471490366,-0.7135768116419743,-0.6591529891892759,-1.4264701133027406,575,66378.0,63.88,2179.0,11.27,전기·전자,-2.32,19.08,159.23,29.63,89.65,0.09149452375708024,0.07299042344585502,2026-05-12
013570,디와이,2026-05-12,111.0,-31.0,80.0,-204.0,0.9842608203511647,0.5,-1.6116774432569705,1.8300424184357915,-1.5275249983186487,-1.3091600231398277,576,1278.0,9.09,534.0,0.31,금융,-1.72,3.62,75.63,6.55,34.91,0.1251939004620215,0.07264195014027525,2026-05-12
0051G0,SOL 미국원자력SMR,2026-05-12,-107.0,2900.0,2793.0,7744.0,0.3326855250701861,0.8,2.3980942928363533,-0.11566286160111035,1.3228754805323184,3.6053069117675616,577,2774.0,0.0,0.0,0.0,ETF(실물복제/수익증권),2.85,,,,,0.12108850705573623,0.07222803141844122,2026-05-12
003830,대한화섬,2026-05-12,-8.0,0.0,-8.0,-371.0,-0.9513381995204859,0.3,-0.3362294894722316,-0.7160486065017659,-1.3542924181725626,-2.4065705141465603,578,1592.0,-63.84,-1878.0,0.23,화학,-0.5,-0.35,18.8,-7.9,0.0,-0.061829768755396974,0.07207317268091314,2026-05-12
009070,KCTC,2026-05-12,299.0,-24.0,275.0,-198.0,-0.5009220839268929,0.4,0.1365086872339133,-1.071950260429197,-1.3922862811383285,-2.327727854333612,579,1590.0,7.52,705.0,0.5,운송·창고,-3.28,6.92,136.79,11.85,-0.44,0.07281355797354827,0.07178339689464944,2026-05-12
145210,다이나믹디자인,2026-05-12,,,0.0,0.0,-1.0,0.0,0.0,0.0,0.0,0.0,580,95.0,-0.92,-243.0,0.21,기계·장비,0.0,-19.12,166.14,28.15,0.0,0.05404239419594359,0.07097909300784257,2026-05-12
271980,제일약품,2026-05-12,-66.0,-26.0,-92.0,-216.0,-0.2729591837662042,0.3,0.1448669834329337,-0.4765870305660403,-2.197400876579876,-2.5291209237129824,581,1945.0,8.32,1590.0,0.91,제약,0.46,11.72,103.4,-19.49,0.0,-0.004773796375994725,0.07064561202331263,2026-05-12
439870,KODEX 국고채30년액티브,2026-05-12,46.0,-651.0,-605.0,1484.0,4.436211193829398,0.4,1.5206626500748694,1.798895250633068,0.7245687498094828,4.04412665051742,582,3457.0,0.0,0.0,0.0,ETF(Active/수익증권),-2.33,,,,,0.15601540141814627,0.07019293308611274,2026-05-12
002840,미원상사,2026-05-12,-61.0,-36.0,-97.0,-483.0,-0.21761536665137404,0.5,-1.3134631918436652,-0.5520634827817187,0.258198839747171,-1.607327834878213,583,6717.0,15.43,9162.0,1.54,화학,0.64,10.66,18.38,1.23,-27.26,0.004946951907907962,0.07006178231661325,2026-05-12
Q570055,한투 금 선물 ETN,2026-05-12,0.0,-49.0,-49.0,700.0,0.08481262311368654,0.8,1.7035873031542261,-0.9646162551386996,-0.3415649905319922,0.3974060574835343,584,317.0,0.0,0.0,0.0,ETN(원자재),1.34,,,,,-0.1342373235047952,0.06994181169702302,2026-05-12
476550,TIGER 미국30년국채커버드콜액티브(H),2026-05-12,-150.0,2800.0,2650.0,24182.0,0.09342188291667419,0.7,1.6625414611822655,-0.6104074709402628,2.088429421707491,3.1405634119494934,585,10227.0,0.0,0.0,0.0,ETF(Active/수익증권),-0.41,,,,,0.08409826780623161,0.06977152735452574,2026-05-12
463690,KODEX 미국S&P500커뮤니케이션,2026-05-12,0.0,11.0,11.0,42.0,0.17948717767258393,0.6,1.8562038774385046,-0.16623044531491155,1.6749037039306387,3.3648771360542318,586,119.0,0.0,0.0,0.0,ETF(실물복제/수익증권),-0.5,,,,,0.1019520265459016,0.06958125929956938,2026-05-12
226320,잇츠한불,2026-05-12,-62.0,-26.0,-88.0,-371.0,-0.27291886203657334,0.1,-0.0882685222699639,-0.6937745120133858,-1.069082614898787,-1.8511256491821368,587,2658.0,15.91,762.0,0.55,화학,-2.18,4.35,5.81,7.69,7.44,0.08484032121545573,0.06931209083671783,2026-05-12
Q570023,한투 인버스 2X S&P500 선물 ETN(H),2026-05-12,0.0,18.0,18.0,43.0,0.45038167828215125,0.8,1.032148888079652,2.251037304666637,2.5115820272347453,5.794768219981034,588,36.0,0.0,0.0,0.0,ETN(주식),-0.55,,,,,0.2953538763402,0.06805764293591096,2026-05-12
Q570062,한투 인버스 2X 은 선물 ETN,2026-01-13,0.0,0.0,0.0,761.0,-0.8957528957549082,0.5,1.604325434011247,-1.3265061576360557,0.5400616373673335,0.8178809137425247,589,,,,,,,,,,,0.06194582680610919,0.06804196852020462,2026-05-12
Q500081,신한 S&P 인버스 2X 유로 선물 ETN(H),2026-05-12,,,0.0,2.0,-1.0,0.1,1.6020819612597226,-0.4830458895952035,0.7888104821910906,1.9078465538556098,590,100.0,0.0,0.0,0.0,ETN(통화),0.0,,,,,-0.014017126009154087,0.06775777228519046,2026-05-12
225050,TIGER 유로스탁스레버리지(합성 H),2026-05-12,0.0,-3.0,-3.0,81.0,-0.8550724638941398,0.5,1.4173988129176265,-0.5892733972352197,-0.6324554320336901,0.19566998364871668,591,77.0,0.0,0.0,0.0,ETF(합성복제/수익증권),-1.57,,,,,-0.15029406370520007,0.06691841447578539,2026-05-12
Q580044,KB 인버스 2X KOSDAQ 150 선물 ETN,2026-05-12,0.0,55.0,55.0,62.0,0.040100250235551194,0.5,1.2813243128198553,-0.13517673066152883,1.8902158839106389,3.0363634660689653,592,46.0,0.0,0.0,0.0,ETN(주식),5.0,,,,,0.07580470172211201,0.06641071393204376,2026-05-12
Q580021,KB 인버스 천연가스 선물 ETN,2026-05-12,0.0,-17.0,-17.0,71.0,0.4583333323206018,0.7,1.248924738001944,0.2306450971938986,0.5825752013671792,2.062145036563022,593,549.0,0.0,0.0,0.0,ETN(원자재),-3.25,,,,,-0.0017360767993920573,0.06595462558511087,2026-05-12
Q580043,KB 레버리지 KOSDAQ 150 선물 ETN,2026-05-12,0.0,12.0,12.0,100.0,-6.66666721826914e-10,0.8,1.4452795793270992,-0.5418439839174227,1.3283761215257028,2.231811716935379,594,274.0,0.0,0.0,0.0,ETN(주식),-4.65,,,,,0.01176817038663541,0.0658199657255947,2026-05-12
488720,WON 종합채권(AA-이상)액티브,2026-05-12,0.0,0.0,0.0,5.0,4.833333187500004,0.2,1.0845103886982255,1.8008383275310005,0.6324554320336917,3.5178041482629174,595,659.0,0.0,0.0,0.0,ETF(Active/수익증권),-0.4,,,,,0.11412391657023899,0.06565911397492474,2026-05-12
002600,조흥,2026-05-12,0.0,-1.0,-1.0,-1.0,-0.46666666879999996,0.1,1.2431570041269577,-0.7628965199101853,-0.6278955068086853,-0.14763502259191286,596,873.0,10.8,13470.0,0.58,음식료·담배,-0.21,5.41,187.05,14.03,-10.58,0.14532682613353243,0.065235169605221,2026-05-12
269420,KODEX S&P글로벌인프라(합성),2026-05-12,0.0,81.0,81.0,106.0,-0.8124760811435624,0.6,-0.32722839739911835,-0.7636048061618582,1.9491178464878964,0.85828464292692,597,277.0,0.0,0.0,0.0,ETF(합성복제/수익증권),1.66,,,,,-0.09755470363556017,0.06443504917209682,2026-05-12
459370,SOL 유럽탄소배출권선물인버스ICE(H),2025-12-18,0.0,0.0,0.0,38.0,-0.5795795799583368,0.7,-0.12856641816157804,-0.5372696178281064,1.4375904768565282,0.7717544408668437,598,,,,,,,,,,,0.05827449139619994,0.06423277866338994,2026-05-12
017940,E1,2026-05-12,53.0,78.0,131.0,-163.0,-0.8056200051589747,0.7,-0.790727185419667,-1.0833347184203166,0.4605661546536581,-1.4134957491863254,599,6922.0,6.61,15276.0,0.29,유통,1.0,5.29,509.97,-7.15,45.03,-0.06174574239776616,0.06403465245322248,2026-05-12
292560,TIGER 일본엔선물,2026-05-12,-23.0,418.0,395.0,1171.0,0.67326919439691,1.0,1.046640866115332,-0.4008049538945821,1.3698319714203895,2.0156678836411395,600,418.0,0.0,0.0,0.0,ETF(실물복제/수익증권),0.69,,,,,-0.005435323818208356,0.06343742652424225,2026-05-12
083420,그린케미칼,2026-05-12,35.0,0.0,35.0,-376.0,1.355473554300958,0.4,-1.8773277364102054,1.5025378097172988,-0.9486831480505363,-1.323473074743443,601,1318.0,16.1,341.0,1.05,화학,-3.68,6.75,67.41,17.0,115.8,0.02330930170918278,0.06296997298585172,2026-05-12
435040,ACE 글로벌브랜드TOP10블룸버그,2026-05-12,0.0,-8.0,-8.0,37.0,0.7129629605838479,0.9,0.5348257587790112,0.5498732709073898,0.5746342594588415,1.6593332891452426,602,140.0,0.0,0.0,0.0,ETF(실물복제/수익증권),0.86,,,,,-0.03379699409103268,0.06264169994300317,2026-05-12
441800,TIMEFOLIO Korea플러스배당액티브,2026-05-12,-40.0,4131.0,4091.0,-13566.0,0.5108895418528918,0.3,-0.5913500326834796,0.6573299256663446,1.9614162232599484,2.027396116242813,603,9843.0,0.0,0.0,0.0,ETF(Active/수익증권),-2.79,,,,,-0.004501840875295595,0.062344136048875,2026-05-12
Q570082,한투 인버스 2X 코스닥150선물 ETN,2026-05-12,0.0,11.0,11.0,123.0,-0.46540880515752936,0.7,1.1289337522683507,-0.5502652983765913,2.5578102941549647,3.136478748046724,604,312.0,0.0,0.0,0.0,ETN(주식),5.56,,,,,0.08377315794439083,0.06211070526898349,2026-05-12
012610,경인양행,2026-05-12,-1693.0,-19.0,-1712.0,-328.0,0.9761965921486062,0.5,-0.2719886396668364,-0.25743946434135406,0.9698877479540378,0.44045964394584725,605,2193.0,38.75,136.0,0.9,화학,-8.67,2.35,98.78,1.46,-32.86,0.027270298589885708,0.06210304299435075,2026-05-12
Q500037,신한 레버리지 금 선물 ETN,2026-05-12,0.0,39.0,39.0,248.0,-0.3693693695114033,0.7,1.3490164816198627,-0.590190753503613,2.061011464402331,2.8198371925185803,606,1821.0,0.0,0.0,0.0,ETN(원자재),2.1,,,,,0.05857076802413058,0.06110976423428932,2026-05-12
280320,ACE 미국IT인터넷S&P(합성 H),2026-05-12,0.0,12.0,12.0,20.0,1.4358974265285993,0.7,1.8922441745778475,1.6479641525395383,2.420270641100785,5.960478968218171,607,158.0,0.0,0.0,0.0,ETF(합성복제/수익증권),-1.69,,,,,0.3085432597869952,0.0607684406970989,2026-05-12
Q550065,N2 인버스 레버리지 은 선물 ETN(H),2026-01-06,0.0,0.0,0.0,-16.0,2.111111100740741,0.3,-1.0687420779518613,0.5582561958260956,1.235364670466471,0.7248787883407053,608,,,,,,,,,,,0.05454352667566638,0.06036172048351604,2026-05-12
451540,TIGER 종합채권(AA-이상)액티브,2026-05-12,37.0,8.0,45.0,111.0,0.3640469734334111,0.6,0.9225176504041379,0.6670321353289608,1.572282307866418,3.161832093599517,609,10991.0,0.0,0.0,0.0,ETF(Active/수익증권),-0.55,,,,,0.08579110185999222,0.059875175983649866,2026-05-12
474390,SOL 국고채30년액티브,2026-05-12,0.0,5.0,5.0,188.0,-0.7142857143877551,0.7,1.5993419697239855,-0.952897716785819,1.2070254364526394,1.8534696893908058,610,60.0,0.0,0.0,0.0,ETF(Active/수익증권),-2.23,,,,,-0.018345133236750355,0.05958299800143487,2026-05-12
137610,TIGER 농산물선물Enhanced(H),2026-05-12,0.0,11.0,11.0,133.0,-0.2535107170908698,0.5,2.0078265118866923,-0.1706109602148485,1.9001382412125272,3.737353792884371,611,138.0,0.0,0.0,0.0,ETF(실물복제/수익증권),0.36,,,,,0.13159848885553285,0.05955859206035635,2026-05-12
0021C0,ACE 장기자산배분액티브,2026-05-12,1.0,114.0,115.0,303.0,1.5997842494283327,0.9,2.2477016769789873,0.964206821205544,1.6020816287597925,4.813990126944324,612,134.0,0.0,0.0,0.0,ETF(Active/수익증권),0.93,,,,,0.21729099579146086,0.059525430549148,2026-05-12
489870,KIWOOM 25-09 회사채(AA-이상)액티브,2025-09-25,0.0,0.0,0.0,10.0,-1.0,0.2,1.1263359633248884,-0.6766634907967449,0.2581987897471991,0.7078712622753426,613,,,,,,,,,,,0.05318984995195485,0.05895721474659793,2026-05-12
461460,PLUS 국고채10년액티브,2026-05-12,0.0,237.0,237.0,249.0,5.0,0.6,3.431599820925778,2.552314915187701,2.3111203511920486,8.295035087305529,614,824.0,0.0,0.0,0.0,ETF(Active/수익증권),-0.66,,,,,0.43728362337718346,0.0587718250448854,2026-05-12
368680,KODEX K-뉴딜디지털플러스,2026-05-12,0.0,29.0,29.0,87.0,0.4545454532231403,1.0,1.6739194488985998,-0.4794756127378641,0.9845321193520086,2.1789759555127444,615,85.0,0.0,0.0,0.0,ETF(실물복제/수익증권),-3.35,,,,,0.007562823874595779,0.05873000760157863,2026-05-12
438740,마이다스 중소형액티브,2026-05-12,0.0,5.0,5.0,23.0,0.5053763392299688,0.6,1.7426462386598456,0.46947029181386785,1.7577413045047376,3.969857834978451,616,91.0,0.0,0.0,0.0,ETF(Active/수익증권),-1.93,,,,,0.15010413798651304,0.05866376045561843,2026-05-12
473330,SOL 미국30년국채커버드콜(합성),2026-05-12,-6.0,1801.0,1795.0,5348.0,0.5686515747838503,0.5,2.083328535082603,0.7535439240156181,1.8708285183869873,4.707700977485208,617,3540.0,0.0,0.0,0.0,ETF(합성복제/수익증권),0.55,,,,,0.20883114413208712,0.05720942001838179,2026-05-12
00680K,미래에셋증권2우B,2026-05-12,1138.0,-464.0,674.0,30270.0,-0.5958882774382808,0.9,1.1624682689291066,-0.6562197534093787,2.330300890317184,2.836549405836912,618,28665.0,0.0,0.0,0.0,증권,-8.5,,,,,-0.02423154483869404,0.05716145809745632,2026-05-12
253150,PLUS 200선물레버리지,2026-05-12,1.0,10.0,11.0,82.0,-0.9176029962639397,1.0,-0.42422005706543925,-0.7590000126910524,2.0399675042222514,0.8567474344657597,619,747.0,0.0,0.0,0.0,ETF(실물복제/수익증권),-4.75,,,,,-0.09767705437048585,0.05679494584147583,2026-05-12
329670,KODEX TRF7030,2026-05-12,-11.0,63.0,52.0,477.0,-0.25058548018143023,0.7,0.9473121498322129,-0.606018036889878,1.2988407406064746,1.6401348535488096,620,886.0,0.0,0.0,0.0,ETF(실물복제/수익증권),0.84,,,,,-0.035325051452149675,0.05613457942208431,2026-05-12
Q500082,신한 블룸버그 2X 천연가스 선물 ETN,2026-05-12,20.0,99.0,119.0,334.0,-0.6265687175120996,0.6,0.8679160561384867,-0.9797627161369942,2.25092553548457,2.139078875486063,621,323.0,0.0,0.0,0.0,ETN(원자재),8.62,,,,,0.004387303321599782,0.05600599128386066,2026-05-12
337150,KODEX 200exTOP,2026-05-12,0.0,1.0,1.0,147.0,0.5723270430362721,0.6,2.001397202903901,-0.23182835201769805,0.9172319277590103,2.6868007786452135,622,205.0,0.0,0.0,0.0,ETF(실물복제/수익증권),-2.37,,,,,0.04798202653554953,0.05589731323850553,2026-05-12
261250,KODEX 미국달러선물레버리지,2026-05-12,-2.0,318.0,316.0,1314.0,1.3615635177871028,0.6,2.3565832512693583,1.8950411606651374,0.33383043325528033,4.585454845189776,623,358.0,0.0,0.0,0.0,ETF(실물복제/수익증권),2.23,,,,,0.19910123143249084,0.0556311093797493,2026-05-12
007980,TP,2026-05-12,124.0,-2.0,122.0,233.0,-0.04365379770045519,0.6,-0.6670414723639028,1.0970590916734029,-1.7078249526599525,-1.2778073333504523,624,961.0,2.74,747.0,0.33,섬유·의류,1.49,14.54,169.12,-3.3,26.72,0.11099236127743464,0.055344295988541334,2026-05-12
493420,SOL 미국배당다우존스2호,2026-05-12,2.0,74.0,76.0,112.0,1.0969696962071622,0.5,2.697655815688321,1.9598421332036506,0.9172319277590092,5.574729876650981,625,330.0,0.0,0.0,0.0,ETF(실물복제/수익증권),1.4,,,,,0.27784040715336983,0.05502566483848862,2026-05-12
Q550044,N2 레버리지 S&P500 ETN,2025-10-23,0.0,0.0,0.0,8.0,-0.23809524027210882,0.1,0.9363669603391077,-0.4910590741895342,0.20835267971885588,0.6536605658684294,626,,,,,,,,,,,0.048875068506363945,0.05448041819116596,2026-05-12
Q580016,KB 레버리지 S&P 500 선물 ETN(H),2026-04-20,0.0,0.0,0.0,3.0,-0.7979797985919804,0.6,-0.14898254462451674,-0.6618949049819036,1.4641883827592275,0.6533109331528071,627,,,,,,,,,,,0.04884724025743656,0.054451545023309685,2026-05-12
483280,KODEX 미국AI테크TOP10타겟커버드콜,2026-05-12,32.0,4157.0,4189.0,23162.0,1.7659725929733088,0.8,2.1412440969428435,0.8595839825393994,0.2958039454049896,3.2966320248872325,628,5954.0,0.0,0.0,0.0,ETF(실물복제/수익증권),0.56,,,,,0.0965202066481202,0.05438108566261213,2026-05-12
Q580052,KB 인버스 2X 밀 선물 ETN,2026-05-12,0.0,-2.0,-2.0,17.0,0.49659863640149915,0.4,2.3687957348960675,1.3663448618794016,1.0069930027167804,4.7421335994922496,629,159.0,0.0,0.0,0.0,ETN(원자재),-5.21,,,,,0.21157173313769304,0.054098124428938854,2026-05-12
157490,TIGER 소프트웨어,2026-05-12,-1314.0,1173.0,-141.0,638.0,1.0010368064799606,0.7,1.107376449774015,1.0459167316597306,0.9281908540922189,3.081484035525965,630,1077.0,0.0,0.0,0.0,ETF(실물복제/수익증권),-2.35,,,,,0.07939597445630123,0.05384641137571422,2026-05-12
006340,대원전선,2026-05-12,8647.0,-1094.0,7553.0,5458.0,-0.18528172750700433,0.4,0.28947029607677544,-0.7934263543097009,1.1097814487526363,0.6058253905197108,631,12546.0,141.59,113.0,10.48,전기·전자,-6.92,7.45,127.85,12.98,-34.78,0.12377278394280225,0.05371343626771734,2026-05-12
488210,KIWOOM K-반도체북미공급망,2026-05-12,0.0,69.0,69.0,51.0,1.3925667819770386,0.6,1.1531126023109048,0.9880405123785194,1.7078249526599507,3.8489780673493748,632,56.0,0.0,0.0,0.0,ETF(실물복제/수익증권),-2.31,,,,,0.14048297808481572,0.053468795927265195,2026-05-12
314250,KODEX 미국빅테크10(H),2026-05-12,65.0,1361.0,1426.0,7954.0,0.6782383056138763,1.0,1.5192407578481668,-0.7460702971871713,0.8383383411706087,1.6115088018316042,633,7103.0,0.0,0.0,0.0,ETF(실물복제/수익증권),-0.67,,,,,-0.03760347923479243,0.05311219768939955,2026-05-12
143850,TIGER 미국S&P500선물(H),2026-05-12,0.0,162.0,162.0,1199.0,0.875832667049627,0.9,1.6062768541160533,0.2709507799950692,0.37893226568025956,2.256159899791382,634,978.0,0.0,0.0,0.0,ETF(실물복제/수익증권),0.08,,,,,0.01370611058265067,0.05295028006457486,2026-05-12
371160,TIGER 차이나항셍테크,2026-05-12,3902.0,-1486.0,2416.0,2936.0,0.5669926780786649,0.6,1.399116338023482,0.46619278560980676,1.602081803759741,3.46739092739303,635,9043.0,0.0,0.0,0.0,ETF(실물복제/수익증권),0.0,,,,,0.11011138685859104,0.05222598319649653,2026-05-12
012330,현대모비스,2026-05-12,-238711.0,48350.0,-190361.0,-202063.0,4.1239401420760355,0.4,-2.0704339038915998,1.9217401942537722,-0.05451970895538694,-0.2032134185932145,636,497215.0,13.81,39682.0,0.99,운송장비·부품,-0.9,7.68,43.05,6.78,9.24,0.0561957205673969,0.05196101644465719,2026-05-12
453650,KODEX 미국S&P500금융,2026-05-12,-7.0,116.0,109.0,370.0,1.4984066279480421,0.6,2.580930765567086,1.1893930963210504,1.3592233596178582,5.1295472215059945,637,426.0,0.0,0.0,0.0,ETF(실물복제/수익증권),0.6,,,,,0.24240707042033496,0.05165976600600486,2026-05-12
183710,RISE 주식혼합,2026-05-12,0.0,198.0,198.0,-28.0,5.0,0.3,-0.14346865399746056,2.2076368317163926,2.187733479789942,4.251901657508874,638,199.0,0.0,0.0,0.0,ETF(실물복제/수익증권),-1.83,,,,,0.17255279725410758,0.05109283059765821,2026-05-12
0049K0,ACE 미국배당퀄리티채권혼합50,2026-05-12,-6.0,74.0,68.0,190.0,2.8410596001052584,0.7,2.9818483784649588,1.7507852883406894,0.30175634203999163,5.03439000884564,639,231.0,0.0,0.0,0.0,ETF(실물복제/수익증권),0.49,,,,,0.23483324084767734,0.051050132111099614,2026-05-12
269530,PLUS S&P글로벌인프라,2026-05-12,0.0,1.0,1.0,-3.0,-0.509803922289504,0.3,0.8221447659173038,-0.45415546266734996,2.396055816766842,2.764045120016796,640,145.0,0.0,0.0,0.0,ETF(실물복제/수익증권),3.21,,,,,0.05413012041770984,0.04957664927041387,2026-05-12
099140,KODEX 차이나H,2026-05-12,-4.0,23.0,19.0,229.0,-0.0748587572581515,0.8,0.8113435385007153,-0.41325162581801067,1.6020816287597959,2.0001735414425004,641,410.0,0.0,0.0,0.0,ETF(실물복제/수익증권),0.73,,,,,-0.006668561991879903,0.048956083439401936,2026-05-12
0041D0,KODEX 미국AI소프트웨어TOP10,2026-05-12,27.0,430.0,457.0,2057.0,-0.07692307695463518,0.8,1.6385810055771075,-0.17279164535090724,0.8441786253499362,2.3099679855761366,642,608.0,0.0,0.0,0.0,ETF(실물복제/수익증권),-0.92,,,,,0.017988847119073698,0.0483683746350733,2026-05-12
248070,솔루엠,2026-05-12,1290.0,1562.0,2852.0,4847.0,0.7294594986108576,0.6,0.5380501341421846,0.2906771770999063,-1.0868531903392122,-0.25812587909712126,643,10089.0,81.47,259.0,2.11,전기·전자,-0.24,2.74,126.83,6.64,-32.69,0.07141560360857716,0.048199431482575404,2026-05-12
152100,PLUS 200,2026-05-12,1196.0,-402.0,794.0,806.0,1.1839080459268065,0.7,0.19751993594061765,1.1965892778340756,2.187733479789944,3.5818426935646372,644,18327.0,0.0,0.0,0.0,ETF(실물복제/수익증권),-2.05,,,,,0.11922092408691895,0.048163563158947875,2026-05-12
195970,PLUS 선진국MSCI(합성 H),2026-05-12,3.0,60.0,63.0,568.0,-0.005778043494374718,0.9,-0.02033503730992991,-0.4295634221815804,1.0596094304218069,0.6097109709302966,645,229.0,0.0,0.0,0.0,ETF(합성복제/수익증권),-0.76,,,,,-0.11733937970285846,0.04795546421228348,2026-05-12
0022T0,SOL 국제금커버드콜액티브,2026-05-12,-14.0,371.0,357.0,340.0,-0.1626052282161008,0.4,2.568654484846642,-0.6592411103815339,2.1974008765798736,4.106814251044982,646,858.0,0.0,0.0,0.0,ETF(Active/수익증권),1.73,,,,,0.16100488344941652,0.047654501002662844,2026-05-12
000500,가온전선,2026-05-12,-4178.0,23495.0,19317.0,43097.0,0.2547085532175817,0.7,1.4440257982198377,-0.5766376324719651,-1.322875480532316,-0.4554873147844434,647,93303.0,175.32,3217.0,19.29,전기·전자,18.24,10.97,184.82,47.4,75.94,0.06929232058148238,0.04758802163289082,2026-05-12
278620,PLUS 단기채권액티브,2026-05-12,0.0,50.0,50.0,114.0,-0.01709401734604421,0.8,0.41859322679542177,-0.4892293025272892,1.6233588174739193,1.552722741742052,648,645.0,0.0,0.0,0.0,ETF(Active/수익증권),-0.03,,,,,-0.04228242671463786,0.04746233121258023,2026-05-12
259960,크래프톤,2026-05-12,14401.0,-4687.0,9714.0,9835.0,-0.04816259973321524,0.4,0.17251210957122845,-0.7781269611683623,-0.13462159442920818,-0.7402364460263421,649,131558.0,17.98,15438.0,1.76,IT 서비스,-2.46,10.6,31.31,22.76,-10.83,-0.010115359778186034,0.04733909673771659,2026-05-12
332610,PLUS 미국단기회사채(AAA~A),2026-05-12,0.0,29.0,29.0,176.0,0.4403292175142677,0.6,1.6976891709000004,0.7692552147637255,2.0114788758641544,4.47842326152788,650,130.0,0.0,0.0,0.0,ETF(실물복제/수익증권),0.98,,,,,0.19058228735160157,0.04708338203359829,2026-05-12
0073X0,FOCUS 알리바바미국채커버드콜혼합,2026-05-12,0.0,19.0,19.0,31.0,0.15511551040747618,0.7,1.1593175324254374,-0.14479383169078436,1.0327954589886548,2.047319159723308,651,69.0,0.0,0.0,0.0,ETF(실물복제/수익증권),-0.33,,,,,-0.0029161099393916774,0.04612775209433424,2026-05-12
0064K0,KODEX 금액티브,2026-05-12,5.0,1831.0,1836.0,5346.0,0.5234953869469359,0.9,2.2530607572828187,0.1852864392064628,1.2264446075490274,3.664791804038309,652,2433.0,0.0,0.0,0.0,ETF(Active/수익증권),1.56,,,,,0.12582307654984923,0.04608997893053822,2026-05-12
448540,ACE 엔비디아채권혼합블룸버그,2026-05-12,-61.0,154.0,93.0,547.0,1.3500309210234946,0.9,1.8556390579409543,0.31894583359194245,1.18321586911993,3.3578007606528266,653,2572.0,0.0,0.0,0.0,ETF(실물복제/수익증권),0.87,,,,,0.10138879797095698,0.045795642640499415,2026-05-12
000970,한국주철관,2026-05-12,-49.0,-2.0,-51.0,-140.0,-0.5228946526234811,0.3,-1.659068918657931,-1.2496285018188322,-2.040450999409263,-4.9491484198860265,654,1573.0,9.27,744.0,0.41,금속,-1.85,4.75,19.26,-3.05,-13.92,-0.02923398812619797,0.04528591148078538,2026-05-12
Q520087,미래에셋 레버리지 KRX 금현물 ETN,2026-05-12,0.0,209.0,209.0,709.0,-0.35114503819545617,0.8,-0.3408353626040628,-0.567521190437169,1.6906604162221253,0.7823038631808935,655,874.0,0.0,0.0,0.0,ETN(원자재),2.91,,,,,-0.10360222710231046,0.045236176610941856,2026-05-12
305080,TIGER 미국채10년선물,2026-05-12,0.0,593.0,593.0,683.0,0.19508448535199285,0.6,2.8140542436605442,0.6665069368060199,2.5525248487536056,6.03308602922017,656,2383.0,0.0,0.0,0.0,ETF(실물복제/수익증권),0.79,,,,,0.3143222595120451,0.045091012725121477,2026-05-12
489290,WON 미국빌리어네어,2026-05-12,9.0,12.0,21.0,1101.0,5.0,0.8,1.9824066652752128,1.766833085080713,0.5596802069014716,4.308919957257397,657,421.0,0.0,0.0,0.0,ETF(실물복제/수익증권),-0.4,,,,,0.17709104372796572,0.04498480151606574,2026-05-12
091180,KODEX 자동차,2026-05-12,-2025.0,2852.0,827.0,3068.0,1.1185859772505102,0.5,1.4222428222705932,0.5481495755807152,2.2135940121179196,4.183986409969227,658,6220.0,0.0,0.0,0.0,ETF(실물복제/수익증권),-2.07,,,,,0.16714723212804486,0.0448237767426411,2026-05-12
0048K0,KODEX 차이나휴머노이드로봇,2026-05-12,2878.0,-101.0,2777.0,7016.0,0.9909451046746922,0.6,2.2190619875631796,0.9676180839919116,1.8955162404080572,5.082196311963148,659,2426.0,0.0,0.0,0.0,ETF(실물복제/수익증권),0.4,,,,,0.23863827866024115,0.04472650505014005,2026-05-12
103140,풍산,2026-05-12,2269.0,-954.0,1315.0,3829.0,-0.519714013513946,0.4,0.5836098567970444,-0.5370927453226038,-0.7700534726657737,-0.7235363611913331,660,25810.0,17.54,5251.0,1.09,금속,-1.18,6.54,88.38,10.85,-8.14,0.15190749645603746,0.04346850122727965,2026-05-12
Q570111,한투 3X레버리지미국채30년 ETN,2026-05-12,,,0.0,1.0,-1.0,0.1,0.33011151240256104,-0.5660351951401982,1.6020816287597985,1.3661579460221613,661,86.0,0.0,0.0,0.0,ETN(채권),0.0,,,,,-0.05713164231833162,0.04272942125324067,2026-05-12
267450,RISE 미국장기국채선물인버스(H),2026-05-12,0.0,2.0,2.0,4.0,-0.607843139561707,0.4,-0.2368772595079806,-0.3733930623318751,1.7821273785594476,1.1718570567195918,662,54.0,0.0,0.0,0.0,ETF(실물복제/수익증권),0.09,,,,,-0.07259659531822754,0.04219785615681876,2026-05-12
0046A0,TIGER 미국초단기(3개월이하)국채,2026-05-12,-52.0,4936.0,4884.0,8191.0,1.8555049158466863,0.4,2.8088857887971095,2.4566842597034237,1.0394060985313034,6.304976147031837,663,3811.0,0.0,0.0,0.0,ETF(실물복제/수익증권),1.08,,,,,0.33596275692915084,0.041321580038546565,2026-05-12
213500,한솔제지,2026-05-12,-29.0,-75.0,-104.0,-1681.0,0.2787779595871649,0.2,-1.2802453842103723,0.27474364350266844,-1.9504797377551872,-2.955981478462891,664,1790.0,46.13,163.0,0.26,종이·목재,-2.84,0.56,185.78,3.35,127.05,0.038302439807085406,0.041035018593377465,2026-05-12
034310,NICE,2026-05-12,-69.0,-470.0,-539.0,-1061.0,0.21839080454168314,0.5,-2.0029100417005683,-0.22005810484451271,0.4320493518938595,-1.7909187946512213,665,4914.0,13.17,1015.0,0.61,일반서비스,-3.74,4.98,162.04,6.72,13.68,-0.13447655564051286,0.04027990896633487,2026-05-12
381170,TIGER 미국테크TOP10 INDXX,2026-05-12,-1166.0,4699.0,3533.0,24199.0,0.15417967394645626,0.8,1.7442687783177078,-0.3444630063599743,0.0,1.3998057719577335,666,43154.0,0.0,0.0,0.0,ETF(실물복제/수익증권),0.59,,,,,-0.05445351743424022,0.03877936897949261,2026-05-12
307950,현대오토에버,2026-05-12,7971.0,15104.0,23075.0,76654.0,1.8458000484121309,0.5,2.213144421797043,1.1991899086176863,0.4605661228354833,3.872900453250212,667,168657.0,92.43,6654.0,9.13,IT 서비스,-3.15,10.27,92.31,14.5,13.75,0.18641755784691064,0.03863154973697708,2026-05-12
200250,KIWOOM 인도Nifty50(합성),2026-05-12,21.0,169.0,190.0,669.0,1.3106947694405902,0.7,1.447678743577345,1.5406107990456233,1.8791575116609485,4.867447054283916,668,2038.0,0.0,0.0,0.0,ETF(합성복제/수익증권),-1.03,,,,,0.22154578264186112,0.037975811087499166,2026-05-12
102260,동성케미컬,2026-05-12,-132.0,1.0,-131.0,-948.0,0.7110157366199417,0.1,-1.4117546969746604,1.4610203508370294,-1.9399588712547078,-1.8906932173923388,669,2100.0,6.32,656.0,0.45,화학,-0.72,7.39,77.6,13.63,23.08,0.08850375209266655,0.03786510946837665,2026-05-12
26490K,크라운제과우,2026-05-12,5.0,0.0,5.0,24.0,5.0,0.3,2.297356127180856,1.3950266618047653,2.3386116508099386,6.03099443979556,670,71.0,0.0,0.0,0.0,음식료·담배,-0.44,,,,,0.12873560110427437,0.03736201002462442,2026-05-12
004800,효성,2026-05-12,6817.0,-1272.0,5545.0,-22612.0,-0.24373042498218755,0.5,-0.9056593254421925,-0.9479363805095631,-1.1097814487526363,-2.963377154704392,671,41851.0,12.69,19707.0,1.71,금융,-3.85,14.35,88.55,6.99,77.73,0.0529761942583043,0.03718818168330324,2026-05-12
248270,TIGER S&P글로벌헬스케어(합성),2026-05-12,-16.0,58.0,42.0,185.0,0.3994910936134257,0.7,2.388971827504056,-0.11124433206098482,0.3567529703699848,2.6344804658130565,672,290.0,0.0,0.0,0.0,ETF(합성복제/수익증권),0.65,,,,,0.043817706023206615,0.03711619619898165,2026-05-12
004710,한솔테크닉스,2026-05-12,3402.0,8781.0,12183.0,14492.0,3.2371987115052994,0.7,3.0160665128370256,1.7524516463915867,-0.921132245670967,3.8473859135576456,673,4635.0,-34.15,-427.0,1.39,전기·전자,3.11,-4.1,102.16,4.41,-38.79,0.11589371925469161,0.03643890876086712,2026-05-12
Q530107,삼성 인버스 2X 코스닥150 선물 ETN,2026-05-12,-233.0,1350.0,1117.0,3482.0,-0.3948642391139249,0.9,1.1326961512142544,-0.21880256367542858,2.171586708754138,3.085480296292964,674,919.0,0.0,0.0,0.0,ETN(주식),5.08,,,,,0.07971404806450139,0.03554336753039583,2026-05-12
Q530131,삼성 인버스0.5X S&P500 VIX S/T선물 ETN B,2026-05-12,0.0,120.0,120.0,185.0,1.1673525368309932,0.9,0.6534848787160458,2.2489844055639767,1.1832157816199471,4.08568506589997,675,593.0,0.0,0.0,0.0,ETN(변동성),0.15,,,,,0.15932315231392555,0.03547844513385026,2026-05-12
072130,유엔젤,2026-05-12,-228.0,0.0,-228.0,-545.0,-0.03251387795142624,0.3,-0.4210310883952463,0.15168238506933704,-0.1744556599803398,-0.443804363306249,676,614.0,14.39,336.0,0.94,IT 서비스,-4.64,7.07,22.68,16.06,333.63,0.09969285102672246,0.035458860230593366,2026-05-12
402970,ACE 미국배당다우존스,2026-05-12,-8.0,402.0,394.0,-941.0,-0.4070462409656016,0.3,1.9278970000679096,-0.5363874028688571,2.700308186836679,4.091817784035731,677,8589.0,0.0,0.0,0.0,ETF(실물복제/수익증권),1.17,,,,,0.15981127255913694,0.035235630350458014,2026-05-12
371470,TIGER 차이나바이오테크SOLACTIVE,2026-05-12,465.0,200.0,665.0,1590.0,0.652733118864776,0.7,2.358313621244629,0.5056571693276833,0.25819878974720095,3.1221695803195133,678,587.0,0.0,0.0,0.0,ETF(실물복제/수익증권),1.46,,,,,0.08263425113257308,0.03431093350651022,2026-05-12
009900,명신산업,2026-05-12,1634.0,-732.0,902.0,-1960.0,-0.4408354576126928,0.3,-0.4459366624277363,-0.6834697180765849,1.9321830994920377,0.8027767189877166,679,6244.0,9.14,1302.0,0.83,운송장비·부품,-2.86,9.4,84.78,2.88,-30.74,0.14920538330329872,0.03392132912558827,2026-05-12
101140,인바이오젠,2026-05-12,5.0,1.0,6.0,-42.0,-0.8844444444752593,0.3,0.015514865288952701,-0.7494651634440319,-0.5673085806553174,-1.3012588788103967,680,735.0,4.56,1605.0,0.45,유통,-0.41,10.64,1.81,12.82,0.0,0.11330794031647133,0.03379689259586632,2026-05-12
272910,ACE 중장기국공채액티브,2026-05-12,0.0,6.0,6.0,29.0,-0.033816426521039,0.8,0.9820466038032571,-0.5245962481229464,2.0738056673963032,2.531256023076614,681,851.0,0.0,0.0,0.0,ETF(Active/수익증권),-0.19,,,,,0.03560178297164687,0.03365551236815158,2026-05-12
136340,RISE 중기우량회사채,2026-05-12,0.0,-20.0,-20.0,57.0,-0.3672316386325768,0.4,1.2771700587056252,0.06667863673626388,1.4270118814799428,2.770860576921832,682,1566.0,0.0,0.0,0.0,ETF(실물복제/수익증권),-0.12,,,,,0.054672581757374966,0.033645808777412814,2026-05-12
453010,PLUS KOFR금리,2026-05-12,0.0,7.0,7.0,1505.0,-0.358183164666547,0.8,1.7262473101218778,-0.6128451913198101,2.2735940248506252,3.386996143652693,683,157.0,0.0,0.0,0.0,ETF(실물복제/수익증권),0.01,,,,,0.10371254042796554,0.03333732470745485,2026-05-12
401590,HANARO 글로벌탄소배출권선물ICE(합성),2026-05-12,0.0,34.0,34.0,54.0,2.7142857036734696,0.8,2.326818536171086,2.3796881469383444,1.5810715597062275,6.287578242815658,684,57.0,0.0,0.0,0.0,ETF(합성복제/수익증권),4.89,,,,,0.33457800891299055,0.032827879827095466,2026-05-12
190620,ACE 단기통안채,2026-05-12,0.0,37.0,37.0,207.0,0.05809128608753289,0.7,1.4910155261017812,0.3908582818402473,1.894502052112286,3.7763758600543147,685,2419.0,0.0,0.0,0.0,ETF(실물복제/수익증권),0.01,,,,,0.13470436467992095,0.0320984456664687,2026-05-12
001070,대한방직,2026-05-12,-31.0,4.0,-27.0,-131.0,-0.3005464483167608,0.3,-1.5362257920494684,-0.5830636742492353,-0.6087595256703707,-2.7280489919690747,686,341.0,-56.0,-115.0,0.15,섬유·의류,-0.92,-0.42,51.18,18.2,-71.2,-0.07354510331156083,0.031900446645078614,2026-05-12
334890,이지스밸류플러스리츠,2026-05-12,-80.0,-150.0,-230.0,-688.0,-0.3892215569106099,0.4,-0.8855996306907985,-1.1134898309962828,-2.0399675042222483,-4.03905696590933,687,2768.0,16.74,238.0,0.55,리츠,-1.24,0.0,32.78,180.57,215.24,0.3015275849708054,0.031807574492246735,2026-05-12
003850,보령,2026-05-12,360.0,3.0,363.0,-774.0,-0.023962595002221976,0.2,-0.45777484242500155,0.2156942004252584,-1.7303604259237388,-1.972441067923482,688,8167.0,12.73,748.0,0.95,제약,1.06,7.89,64.15,0.03,-7.67,0.0812595583791049,0.031670737203243406,2026-05-12
012690,모나리자,2026-05-12,-105.0,0.0,-105.0,-474.0,-0.0347279191385238,0.4,-0.49520875643585266,-0.4071638629722736,-0.6993757834034847,-1.601748402811611,689,797.0,64.12,34.0,0.99,종이·목재,1.87,1.53,20.41,-2.64,-84.84,0.036325183331987934,0.03153389167903599,2026-05-12
000080,하이트진로,2026-05-12,-188.0,-46.0,-234.0,-1978.0,0.6837782340516678,0.4,-0.6756126519218186,0.6319983137409768,0.1793987162310527,0.13578437805021087,690,11516.0,28.21,582.0,1.02,음식료·담배,-1.38,3.69,186.53,-3.87,-17.2,0.007554774233559769,0.03146804299232812,2026-05-12
001200,유진투자증권,2026-05-12,-1124.0,-291.0,-1415.0,-2753.0,-0.1574114140163655,0.6,-1.1945996626764714,-0.4456869306122072,-1.9321833328252853,-3.572469926113964,691,5996.0,9.29,666.0,0.5,증권,0.0,5.91,875.66,2.51,44.74,-0.1080947528545351,0.031057977327446418,2026-05-12
440910,WON 미국우주항공방산,2026-05-12,-13.0,439.0,426.0,1053.0,0.9471083985515454,0.8,2.156318610492943,0.8458948332074818,1.999999800000022,5.002213243700448,692,837.0,0.0,0.0,0.0,ETF(실물복제/수익증권),2.37,,,,,0.23227220181977973,0.030594999835404854,2026-05-12
466920,SOL 조선TOP3플러스,2026-05-12,-1051.0,10763.0,9712.0,68151.0,0.34299844392643086,0.7,2.0140291624802185,-0.8528956161282814,1.3798714125595728,2.54100495891151,693,20874.0,0.0,0.0,0.0,ETF(실물복제/수익증권),-2.38,,,,,0.036377728130862735,0.030378371503702407,2026-05-12
001230,동국홀딩스,2026-05-12,,,0.0,0.0,-1.0,0.0,-0.513635255684905,-0.7289278314696496,-1.2909944154024728,-2.533557502557027,694,3625.0,22.53,506.0,0.2,금융,0.0,0.94,37.72,-0.71,-31.98,0.06618213164751613,0.029621739653423733,2026-05-12
480460,WON 한국부동산TOP3플러스,2026-05-12,0.0,6.0,6.0,31.0,0.24183006292451625,0.5,2.5613350560817065,0.27621669648374136,1.1776634377995292,4.015215190364977,695,100.0,0.0,0.0,0.0,ETF(실물복제/수익증권),-2.14,,,,,0.1537142571772692,0.0294891061742647,2026-05-12
008870,금비,2026-05-12,2.0,-1.0,1.0,25.0,-0.8122065730344509,0.3,1.4578971774929002,-0.9257736482433062,-0.07543908550999867,0.45668444373959527,696,445.0,20.6,2158.0,0.46,비금속,-1.0,-0.6,119.15,-8.82,0.0,0.02272311685644445,0.028024622021813383,2026-05-12
Q530016,삼성 미국 대형 가치주 ETN(H),2025-11-28,0.0,0.0,0.0,1.0,-0.8039215697808535,0.2,-0.49279105877105517,-0.7020235610586046,1.5248890879639514,0.33007446813429153,697,,,,,,,,,,,0.023119942985114002,0.027758217154524752,2026-05-12
461910,PLUS 미국테크TOP10레버리지(합성),2026-05-12,0.0,67.0,67.0,391.0,0.27627627598882665,0.8,2.3685655790910363,-0.19172231717530536,0.471175580502232,2.648018842417963,698,218.0,0.0,0.0,0.0,ETF(합성복제/수익증권),0.49,,,,,0.04489526340671263,0.027743967257078627,2026-05-12
469070,RISE AI&로봇,2026-05-12,18.0,1345.0,1363.0,4608.0,-0.1140994824544872,0.7,1.409687604607985,-0.4763471435820919,1.4034839473748635,2.336824408400757,699,5400.0,0.0,0.0,0.0,ETF(실물복제/수익증권),-2.36,,,,,0.020126425172467544,0.026684326730468985,2026-05-12
448290,TIGER 미국S&P500(H),2026-05-12,-66.0,-693.0,-759.0,96.0,-0.03715821455860813,0.6,0.03472803931831589,-0.27925589427298136,1.0801232747346707,0.8355954197800053,700,5067.0,0.0,0.0,0.0,ETF(실물복제/수익증권),0.03,,,,,-0.09936060257318559,0.026185716613151055,2026-05-12
000760,이화산업,2026-05-12,-7.0,0.0,-7.0,12.0,-0.23076923195266275,0.2,1.7498460883944273,-0.6374917464590651,-0.17939871623105283,0.9329556257043092,701,430.0,-23.97,-640.0,0.32,유통,-1.6,-1.33,31.58,-6.53,0.0,0.029423917288990922,0.025970846061527282,2026-05-12
002690,동일제강,2026-05-12,-28.0,6.0,-22.0,-105.0,0.02564102529800194,0.2,-0.29269671543815057,-0.19962536195899597,-1.4464058907454185,-1.9387279681425649,702,312.0,-64.08,-24.0,0.2,금속,-2.97,-0.32,11.81,-16.42,0.0,0.021663702207491628,0.025885839057118405,2026-05-12
292730,FOCUS KRX300,2025-10-28,0.0,0.0,0.0,-1.0,5.0,0.0,-1.2637970866256976,2.8936111750978966,-1.335321816603196,0.29449227186900306,703,,,,,,,,,,,0.020287856138517767,0.024819788684994272,2026-05-12
227570,TIGER 우량가치,2026-05-12,29.0,22.0,51.0,53.0,1.1176470575778548,0.5,1.5358868931527405,2.008988986207187,1.9126065300388004,5.457482409398728,704,82.0,0.0,0.0,0.0,ETF(실물복제/수익증권),-2.04,,,,,0.2685083522311233,0.02435022153695275,2026-05-12
195930,TIGER 유로스탁스50(합성 H),2026-05-12,-15.0,27.0,12.0,154.0,-0.4444444445987654,0.7,1.6474442754083778,-0.6764055396289548,1.0801233330679876,2.0511620688474106,705,321.0,0.0,0.0,0.0,ETF(합성복제/수익증권),-0.76,,,,,-0.0026102420187638104,0.023962347322267024,2026-05-12
0023B0,PLUS 미국양자컴퓨팅TOP10,2026-05-12,-24.0,361.0,337.0,1197.0,0.2714392243882491,0.9,0.9332327970682457,-0.03454572474364641,1.2124092808063,2.1110963531308995,706,415.0,0.0,0.0,0.0,ETF(실물복제/수익증권),4.27,,,,,0.002160095846665098,0.023893529624439466,2026-05-12
483030,KIWOOM 미국블록버스터바이오테크의약품+,2026-05-12,0.0,4.0,4.0,62.0,0.17117117011606187,0.7,1.5730474734210151,-0.1840274508457313,0.6591529891892758,2.0481730117645593,707,50.0,0.0,0.0,0.0,ETF(실물복제/수익증권),1.82,,,,,-0.0028481494594668495,0.023844530369255997,2026-05-12
139660,KIWOOM 미국달러선물인버스,2026-05-12,0.0,0.0,0.0,25.0,-0.8765432101051669,0.4,0.30814981907356914,-0.8220800418856051,1.207025368159972,0.6930951453479361,708,63.0,0.0,0.0,0.0,ETF(실물복제/수익증권),-0.32,,,,,-0.11070259927981144,0.023835579291747767,2026-05-12
456880,ACE 미국달러SOFR금리(합성),2026-05-12,6.0,166.0,172.0,82.0,-0.19573643414749342,0.6,1.112134520772853,-0.2579460153699793,2.767232206494098,3.621420711896972,709,3588.0,0.0,0.0,0.0,ETF(합성복제/수익증권),1.05,,,,,0.1223710496243551,0.023506586193403154,2026-05-12
008930,한미사이언스,2026-05-12,-83.0,63.0,-20.0,-7440.0,0.15114190401987826,0.0,-0.8548324492611397,-0.6726335798595041,-1.8523962282050408,-3.3798622573256845,710,24826.0,20.97,1731.0,2.56,금융,3.12,13.13,55.24,5.73,50.07,-0.037557471543624536,0.02300403416770578,2026-05-12
042670,HD현대인프라코어,2026-01-23,0.0,0.0,0.0,0.0,-1.0,0.0,0.25819888974653926,0.0,0.0,0.25819888974653926,711,,,,,,,,,,,0.017399164013917473,0.021822629473992092,2026-05-12
001510,SK증권,2026-05-12,2908.0,-28.0,2880.0,5845.0,-0.40256018341726674,0.4,1.3703233016446332,-0.9013034967581597,1.7093094261294854,2.178329231015959,712,11044.0,39.46,121.0,1.66,증권,-5.26,5.0,1034.52,27.5,0.0,0.10430435071717153,0.021374210948758583,2026-05-12
Q610013,메리츠 인버스 2X 금 선물 ETN(H),2026-05-12,0.0,-1.0,-1.0,5.0,-0.07407407921810694,0.4,0.9755967775293417,-0.3075207496465316,1.230658028979329,1.8987340568621391,713,33.0,0.0,0.0,0.0,ETN(원자재),-2.38,,,,,-0.014742415215094203,0.021213926037488298,2026-05-12
204480,TIGER 차이나CSI300레버리지(합성),2026-05-12,0.0,199.0,199.0,1205.0,3.1756487020947333,0.8,2.2635959585833003,2.3695463278545645,-0.9180336914520167,3.715108594985848,714,1337.0,0.0,0.0,0.0,ETF(합성복제/수익증권),1.45,,,,,0.12982793113338922,0.02099156175132598,2026-05-12
Q550062,N2 레버리지 금 선물 ETN(H),2026-05-12,0.0,20.0,20.0,75.0,5.0,0.6,1.0652820943082555,1.4023597917084027,2.291879476907411,4.759521362924069,715,879.0,0.0,0.0,0.0,ETN(원자재),2.4,,,,,0.21295567402037038,0.020422322822184556,2026-05-12
Q610035,메리츠 레버리지 대표 농산물 선물 ETN(H),2026-05-12,0.0,59.0,59.0,261.0,-0.7506925207894353,0.6,0.9547960045991566,-1.2077631499626786,2.17093910831655,1.917971962953028,716,120.0,0.0,0.0,0.0,ETN(원자재),1.53,,,,,-0.013211216286566853,0.02016372113602109,2026-05-12
Q530139,삼성 iSelect 조선 TOP10 TR ETN,2026-05-12,0.0,-51.0,-51.0,-39.0,5.0,0.5,-3.1677336605348874,3.078418622461539,1.3262631183423643,1.2369480802690158,717,166.0,0.0,0.0,0.0,ETN(주식),-3.04,,,,,-0.06741581810449376,0.01970328793327765,2026-05-12
0060H0,TIGER 토탈월드스탁액티브,2026-05-12,-40.0,-693.0,-733.0,-385.0,2.088128186228104,0.6,-0.6123427245938632,3.301506382632147,1.226444607549027,3.915608265587311,718,3757.0,0.0,0.0,0.0,ETF(Active/수익증권),0.95,,,,,0.14578626253102747,0.01945100175456901,2026-05-12
452250,ACE 미국30년국채선물레버리지(합성 H),2026-05-12,1.0,4.0,5.0,1116.0,0.5196461096914144,0.9,1.7995114760178545,-0.41895656064170306,0.25819878974719707,1.6387537051233485,719,517.0,0.0,0.0,0.0,ETF(합성복제/수익증권),-0.88,,,,,-0.03543498093091996,0.01908805536166453,2026-05-12
011690,와이투솔루션,2026-05-12,757.0,0.0,757.0,-1899.0,0.8528470889173168,0.5,-0.6777388526457508,0.45722805530522603,1.28337781348656,1.0628670161460354,720,2878.0,-29.92,-262.0,2.9,전기·전자,-4.85,0.0,49.94,6.83,0.0,-0.04549102966035197,0.018882028639740187,2026-05-12
284740,쿠쿠홈시스,2026-05-12,-254.0,250.0,-4.0,-220.0,-0.40466161195692263,0.2,0.24998724806405265,-1.417462326000999,-1.8791575116609476,-3.046632589597894,721,5363.0,4.49,5327.0,0.49,일반서비스,-0.42,11.7,24.78,6.07,-0.36,-0.011167174742733994,0.018588651649734816,2026-05-12
363510,SOL KIS단기통안채,2026-05-12,0.0,0.0,0.0,-5.0,-0.9358974360207101,0.4,-0.6594880725283071,-0.7084853107028605,1.548617806107719,0.18064442287655136,722,257.0,0.0,0.0,0.0,ETF(실물복제/수익증권),0.0,,,,,-0.1514899902497089,0.018123283596797476,2026-05-12
308620,KODEX 미국10년국채선물,2026-05-12,-4.0,100.0,96.0,686.0,-0.15715372911964498,0.6,2.1394083057913114,-0.3347260950247763,2.3303008054687147,4.13498301623525,723,1053.0,0.0,0.0,0.0,ETF(실물복제/수익증권),0.89,,,,,0.16324691451420606,0.0171722235866359,2026-05-12
J1432121D,핸즈코퍼레이션 2WR,2026-04-06,0.0,0.0,0.0,0.0,-1.0,0.0,0.6831300370639735,-0.4830458895952035,0.0,0.20008414746876996,724,,,,,,,,,,,0.012773648602471125,0.017023431247574262,2026-05-12
166400,TIGER 200커버드콜OTM,2026-05-12,4.0,144.0,148.0,200.0,1.9232386951872016,0.4,1.5736370402540065,0.9690835327570662,0.833410718875423,3.3761312918864954,725,116.0,0.0,0.0,0.0,ETF(실물복제/수익증권),0.58,,,,,0.1028477763884483,0.016639247854655266,2026-05-12
078520,에이블씨엔씨,2026-05-12,-75.0,58.0,-17.0,-131.0,-0.697122241806432,0.4,1.3107336092224775,-1.228960097286563,0.6278955068086861,0.7096690187446005,726,3611.0,25.56,543.0,4.02,화학,-1.21,15.88,89.12,1.15,-1.33,0.09883904043198208,0.016168931252539206,2026-05-12
373490,KODEX 코리아혁신성장액티브,2026-05-12,0.0,7.0,7.0,226.0,-0.67629046373452,0.6,1.8745320199040774,-1.477669101958972,2.135615133978699,2.532478051923804,727,167.0,0.0,0.0,0.0,ETF(Active/수익증권),-2.17,,,,,0.03569904767668322,0.01603907425688941,2026-05-12
033180,KH 필룩스,2026-01-14,-4.0,0.0,-4.0,-5.0,-0.9252615844879245,0.0,0.6885011068777589,-0.5013016751670007,0.0,0.18719943171075815,728,,,,,,,,,,,0.011748117919982192,0.01595939306053059,2026-05-12
336160,RISE 금융채액티브,2026-05-12,0.0,4.0,4.0,45.0,-0.6929824565443212,0.7,1.1700229508038031,-0.663439699530842,1.707824952659952,2.214408203932913,729,518.0,0.0,0.0,0.0,ETF(Active/수익증권),-0.13,,,,,0.010382975951436028,0.015751945755901553,2026-05-12
461490,RISE 글로벌자산배분액티브,2026-05-12,1.0,189.0,190.0,1205.0,-0.12337082668505428,0.9,1.3193791241075938,-0.6915107539097249,0.8738628338689456,1.5017312040668145,730,3634.0,0.0,0.0,0.0,ETF(Active/수익증권),0.36,,,,,-0.046340986283616326,0.01560917117345759,2026-05-12
101280,KODEX 일본TOPIX100,2026-05-12,33.0,175.0,208.0,773.0,0.025641025572420872,0.9,0.9708046122252474,-0.741250334007277,1.6342052128225322,1.8637594910405024,731,550.0,0.0,0.0,0.0,ETF(실물복제/수익증권),1.21,,,,,-0.01752613904963163,0.015457987380024693,2026-05-12
371460,TIGER 차이나전기차SOLACTIVE,2026-05-12,4050.0,543.0,4593.0,23509.0,0.7852350506801127,1.0,1.7817633773616124,1.2245217722246484,0.0,3.006285149586261,732,13048.0,0.0,0.0,0.0,ETF(실물복제/수익증권),-1.67,,,,,0.07341068411163848,0.014843489626201035,2026-05-12
100250,진양홀딩스,2026-05-12,-96.0,-53.0,-149.0,-696.0,0.44060283668786315,0.2,-1.8430104474216233,-0.45477685015609126,-1.1832157816199564,-3.481003079197671,733,1914.0,9.57,313.0,0.46,화학,-1.96,4.88,55.72,-2.45,17.7,-0.07503066718378573,0.014398927787043575,2026-05-12
001430,세아베스틸지주,2026-05-12,-1879.0,-598.0,-2477.0,-3991.0,-0.31575483515068337,0.4,-0.2731815624995633,-0.25992088140012276,-1.4978615891728222,-2.0309640330725083,734,24099.0,42.88,1567.0,1.24,금속,-7.95,2.89,100.44,0.43,88.05,-0.05695558875589124,0.013589037645213457,2026-05-12
037560,LG헬로비전,2026-05-12,-150.0,0.0,-150.0,-827.0,0.8046430133414839,0.1,-1.7649965783566373,0.08065172317525128,-1.6719387796879774,-3.3562836348693637,735,1646.0,92.39,23.0,0.36,오락·문화,-3.41,0.4,179.64,5.79,39.02,-0.014113350931260295,0.01357338600279043,2026-05-12
371870,ACE 차이나항셍테크,2026-05-12,2.0,20.0,22.0,73.0,1.0085470072594784,0.5,1.8666744872599113,1.7943494735865808,0.07543908550999778,3.73646304635649,736,137.0,0.0,0.0,0.0,ETF(실물복제/수익증권),0.44,,,,,0.13152759183988896,0.013474646859467851,2026-05-12
Q610063,메리츠 KIS CD금리투자 ETN,2026-05-12,0.0,1.0,1.0,1.0,2.333333000000033,0.2,0.6860905105356552,0.7584343721135227,2.1602465494693437,3.604771432118522,737,13177.0,0.0,0.0,0.0,ETN(기타),0.01,,,,,0.12104588672788016,0.013094278477398913,2026-05-12
Q570104,한투 일본니케이225선물 ETN(H),2026-05-12,0.0,0.0,0.0,0.0,-0.3333333399999999,0.3,0.2475979315770532,-0.8566015300070047,0.8640987037877185,0.255095105357767,738,499.0,0.0,0.0,0.0,ETN(주식),0.36,,,,,-0.14556425151781238,0.013027246489763986,2026-05-12
455860,SOL 2차전지소부장Fn,2026-05-12,-2307.0,2845.0,538.0,2409.0,0.04500978471536188,1.0,0.42352492923618296,-0.5268805852328511,1.8033948542230307,1.7000391982263625,739,1833.0,0.0,0.0,0.0,ETF(실물복제/수익증권),-5.96,,,,,-0.0305570965639696,0.012743027108812945,2026-05-12
011760,현대코퍼레이션,2026-05-12,12.0,300.0,312.0,389.0,-0.018798716207730437,0.7,-1.0886583929894729,-0.5060194486640828,-0.052088173999480736,-1.6467660156530364,740,3717.0,4.28,6561.0,0.49,유통,-0.88,12.91,234.59,7.99,4.94,-0.04477471241762142,0.012529297387630884,2026-05-12
003560,IHQ,2026-01-14,-2.0,0.0,-2.0,-7.0,-0.9676375404687844,0.0,0.6651305348785207,-0.5197230342258549,0.0,0.14540750065266583,741,,,,,,,,,,,0.008421780856327069,0.012508155843407146,2026-05-12
Q520086,미래에셋-0.5X S&P500 VIX S/T선물 ETN(H)B,2026-05-12,0.0,43.0,43.0,373.0,-0.344852411948556,1.0,1.1477557789905728,-0.3508793089517444,0.4830457748730068,1.2799222449118353,742,489.0,0.0,0.0,0.0,ETN(변동성),-0.99,,,,,-0.0639953837524097,0.012224165214848343,2026-05-12
010820,퍼스텍,2026-05-12,3557.0,-120.0,3437.0,-1438.0,-0.07658670665013778,0.5,0.4390860872151421,0.41909038486943123,-0.13462159442920843,0.7235548776553649,743,6277.0,57.46,224.0,9.84,금속,-0.46,17.33,450.42,19.74,73.37,0.152215713774277,0.0118618654805989,2026-05-12
105630,한세실업,2026-05-12,178.0,-253.0,-75.0,-3097.0,1.3463618484877204,0.3,-1.9935793781601678,0.6693303014376216,0.301756342039992,-1.022492734682554,744,4252.0,7.43,1431.0,0.57,섬유·의류,1.43,7.93,109.01,8.01,-41.34,-0.03295872529687037,0.01134022104380755,2026-05-12
464930,TIGER 글로벌혁신블루칩TOP10,2026-05-12,14.0,127.0,141.0,825.0,0.026093780594893312,0.9,0.5382650040989789,-0.21893426316400713,1.3006407801751163,1.619971521110088,745,1395.0,0.0,0.0,0.0,ETF(실물복제/수익증권),0.23,,,,,-0.03692990766050455,0.011257570593293874,2026-05-12
256450,PLUS 심천차이넥스트(합성),2026-05-12,0.0,16.0,16.0,48.0,-0.29292929346495256,0.8,0.7234051213231516,-0.46068025644692057,1.3415417366339641,1.6042666015101952,746,91.0,0.0,0.0,0.0,ETF(합성복제/수익증권),0.99,,,,,-0.03817990628043509,0.011078006735565422,2026-05-12
004830,덕성,2026-05-12,-158.0,0.0,-158.0,-298.0,-0.42052980137247264,0.4,-0.41478826450277334,-0.4046502709558343,-0.7292343790159919,-1.5486729144745994,747,674.0,13.35,322.0,0.67,화학,-2.6,5.78,56.68,16.76,-30.02,0.028303171767479287,0.010256284407243552,2026-05-12
015020,이스타코,2026-05-12,,,0.0,0.0,-1.0,0.0,0.0,0.0,0.0,0.0,748,199.0,-4.03,-115.0,0.51,부동산,0.0,-12.39,108.17,-13.4,0.0,-0.0019726429659666827,0.010255951586150735,2026-05-12
385540,RISE 종합채권(A-이상)액티브,2026-05-12,13.0,72.0,85.0,138.0,0.7090069280117768,0.6,1.2232187820235683,2.2035768538735394,1.6020818037597404,5.028877439656848,749,21370.0,0.0,0.0,0.0,ETF(Active/수익증권),-0.6,,,,,0.23439447999733157,0.009954243802007462,2026-05-12
145850,TREX 펀더멘탈 200,2026-05-12,5.0,-12.0,-7.0,4.0,1.2368421023199447,0.4,-0.382933119179006,-0.09180091452110382,0.4492235165332624,-0.025510517166847435,750,304.0,0.0,0.0,0.0,ETF(실물복제/수익증권),-2.62,,,,,-0.16789844041126648,0.009865308438339243,2026-05-12
Q530126,삼성 코리아 밸류업 TR ETN,2026-05-12,0.0,4.0,4.0,3.0,1.0833333072916669,0.2,2.319973176647953,0.2828268260012481,2.5298217281347664,5.132621730783967,751,742.0,0.0,0.0,0.0,ETN(주식),-1.43,,,,,0.24265177924103185,0.009837486996463432,2026-05-12
377300,카카오페이,2026-05-12,-12264.0,-2962.0,-15226.0,-12741.0,0.34419368223411717,0.8,-1.0696465749849278,-0.4498914648211024,0.9211322456709674,-0.5984057941350629,752,77908.0,171.94,335.0,4.1,금융,-3.03,2.41,173.7,25.08,0.0,-0.13076085817890334,0.009708036085134486,2026-05-12
381570,HANARO Fn친환경에너지,2026-05-12,90.0,16.0,106.0,311.0,-0.23406862752137847,0.7,1.9740506671866074,-0.6224228106575531,1.8653980131641255,3.2170258696931797,753,122.0,0.0,0.0,0.0,ETF(실물복제/수익증권),-2.74,,,,,0.09018412937643391,0.009605449723704904,2026-05-12
Q520040,미래에셋 인버스 코스닥150 선물 ETN,2026-05-12,0.0,-78.0,-78.0,49.0,0.09358569891895296,0.4,0.7906322831987533,-0.49698565043753357,0.8334107188754236,1.1270573516366433,754,94.0,0.0,0.0,0.0,ETN(주식),2.97,,,,,-0.07616232955652077,0.009399841407792923,2026-05-12
479520,RISE KOFR금리액티브(합성),2026-05-12,0.0,282.0,282.0,915.0,0.13484952898220648,0.7,1.9119656505213452,0.17643875133145515,1.9321833328252886,4.020587734678089,755,9530.0,0.0,0.0,0.0,ETF,0.0,,,,,0.1541418730548412,0.008677804381953452,2026-05-12
Q570063,한투 베트남 VN30 선물 ETN(H),2026-05-12,0.0,0.0,0.0,3.0,-0.6666666699999999,0.5,0.7502093503124229,-0.40847177400431045,1.7305884288785272,2.0723260051866395,756,158.0,0.0,0.0,0.0,ETN(주식),-1.41,,,,,-0.0009257449382111555,0.008305941271059302,2026-05-12
014830,유니드,2026-05-12,-45.0,57.0,12.0,-2812.0,-0.7761138429456707,0.3,-0.5250599854354556,-0.7319230030568372,-1.2070254364526392,-2.464008424944932,757,5441.0,8.34,9643.0,0.49,화학,-2.31,6.23,40.85,20.43,-7.9,0.05735584940389319,0.007990770403668005,2026-05-12
002960,한국쉘석유,2026-05-12,-456.0,-70.0,-526.0,-1786.0,-0.48535233571974334,0.4,-1.470483424932125,-0.6885150106595185,-2.3237897077244876,-4.482788143316132,758,6162.0,16.81,28196.0,4.84,화학,-1.15,28.93,50.3,2.09,8.65,-0.15077354712620383,0.007726243926657016,2026-05-12
487340,ACE 머니마켓액티브,2026-05-12,2.0,520.0,522.0,252.0,-0.01639344265395981,0.5,0.7400142037785132,0.9208906813082911,0.25819885641383306,1.9191037415006373,759,7727.0,0.0,0.0,0.0,ETF(Active/수익증권),0.01,,,,,-0.01312113485612207,0.007599385268901561,2026-05-12
465610,ACE 미국빅테크TOP7 Plus레버리지(합성),2026-05-12,-95.0,871.0,776.0,4523.0,0.1815856777292142,0.9,1.4009902291654575,-0.5255757586557203,0.8750403637898575,1.7504548342995947,760,1517.0,0.0,0.0,0.0,ETF(합성복제/수익증권),-0.61,,,,,-0.026544374619510203,0.007423063361431583,2026-05-12
250780,TIGER 코스닥150선물인버스,2026-05-12,206.0,-92.0,114.0,503.0,-0.679517690004148,0.8,1.325738774964922,-0.7435434957796784,1.890215883910639,2.4724111630958827,761,87.0,0.0,0.0,0.0,ETF(실물복제/수익증권),2.36,,,,,0.030918155443466405,0.007416282160517118,2026-05-12
326230,RISE 내수주플러스,2026-05-12,-21.0,21.0,0.0,13.0,0.7391304272211723,0.4,0.13775983723189292,1.1005305558189669,0.4605661228354839,1.6988565158863436,762,100.0,0.0,0.0,0.0,ETF(실물복제/수익증권),2.59,,,,,-0.03065122957009145,0.00727413870547455,2026-05-12
418670,TIGER 글로벌AI사이버보안,2026-05-12,626.0,-344.0,282.0,292.0,1.440665957941127,0.5,1.16409330898034,1.1686807637322811,0.8500473466839128,3.182821419396534,763,395.0,0.0,0.0,0.0,ETF(실물복제/수익증권),-0.8,,,,,0.0874617011975223,0.006368736300645245,2026-05-12
Q700018,하나 인버스 2X 코스닥150 선물 ETN,2026-05-12,0.0,2.0,2.0,8.0,-0.4771241840317826,0.6,0.30145264823888096,-0.6089801764350051,1.8880839953647628,1.5805564671686385,764,15.0,0.0,0.0,0.0,ETN(주식),2.21,,,,,-0.040067062404781986,0.006059183347304972,2026-05-12
489000,PLUS 일본엔화초단기국채(합성),2026-05-12,-75.0,104.0,29.0,323.0,-0.5470444211500327,0.7,-0.11173737181332129,-0.9449047463888454,1.4819169825640333,0.4252748643618667,765,220.0,0.0,0.0,0.0,ETF(합성복제/수익증권),0.81,,,,,-0.13201916696375415,0.0056645810246995845,2026-05-12
325020,KODEX 배당가치,2026-05-12,-78.0,98.0,20.0,542.0,-0.8103823438044644,0.8,-0.38101037925044096,-1.0466224603901098,1.8517518783069442,0.42411903866639356,766,1681.0,0.0,0.0,0.0,ETF(실물복제/수익증권),-1.74,,,,,-0.1321111623741752,0.0054263634824254225,2026-05-12
438570,SOL 국고채10년,2026-05-12,15.0,-14.0,1.0,140.0,0.056466301790637496,0.5,1.7223113699216868,-0.30652284998753215,0.5384863777168352,1.9542748976509898,767,1177.0,0.0,0.0,0.0,ETF(실물복제/수익증권),-0.74,,,,,-0.010321763845677541,0.004811836656432085,2026-05-12
0065G0,KODEX 차이나테크TOP10,2026-05-12,-23.0,75.0,52.0,60.0,-0.089874857948258,0.8,-0.09327287273280695,0.482109182527087,1.6390635613562472,2.0278998711505274,768,339.0,0.0,0.0,0.0,ETF(실물복제/수익증권),0.47,,,,,-0.004461745608623198,0.0043093421618741615,2026-05-12
036530,SNT홀딩스,2026-05-12,-188.0,10.0,-178.0,-1273.0,0.09246309241216188,0.1,-1.2727459668160006,-0.5617761935895754,-2.039013338421469,-3.873535498827045,769,9016.0,6.94,7969.0,0.6,금융,-3.83,9.94,36.31,22.81,30.07,0.0005641965780688873,0.004284080357294355,2026-05-12
411060,ACE KRX금현물,2026-05-12,1707.0,9948.0,11655.0,27335.0,0.44196190343276953,0.7,2.037600091203816,-0.26702363290247527,1.5596870802388025,3.330263538540143,770,47980.0,0.0,0.0,0.0,ETF(실물복제/수익증권),1.37,,,,,0.09919703319186132,0.0042584730215656195,2026-05-12
379790,RISE 유로스탁스50(H),2026-05-12,1.0,12.0,13.0,43.0,-0.6645702307134476,0.7,0.848557489538897,-1.0738282556333316,2.052979418686193,1.8277086525917583,771,120.0,0.0,0.0,0.0,ETF(실물복제/수익증권),-0.59,,,,,-0.020395526442648,0.004112911089369655,2026-05-12
025890,한국주강,2026-05-12,-23.0,0.0,-23.0,-145.0,0.08367626841549658,0.3,-1.2681093450345178,0.7756988357661179,-2.1877334797899404,-2.6801439890583403,772,240.0,32.09,67.0,0.69,기계·장비,-1.38,2.27,21.57,-12.13,-55.56,-0.034509283372208835,0.0038730059400482256,2026-05-12
488480,RISE 일본섹터TOP4Plus,2026-05-12,0.0,85.0,85.0,187.0,-0.09498207909633116,0.7,1.7477434442259105,-0.6781232923071173,1.4819169825640317,2.5515371344828246,773,79.0,0.0,0.0,0.0,ETF(실물복제/수익증권),2.36,,,,,0.037216013538519305,0.003701990910792423,2026-05-12
001800,오리온홀딩스,2026-05-12,38.0,-270.0,-232.0,-867.0,-0.5236638106968023,0.6,-0.38730292326957655,-0.8543052296798364,-0.7175948649242107,-1.9592030178736235,774,14878.0,12.3,1931.0,0.58,금융,-1.25,5.01,19.93,6.19,-3.66,-0.01939278273969671,0.0034302170011904195,2026-05-12
289670,PLUS 국채선물10년,2026-05-12,0.0,-2.0,-2.0,-6.0,-0.7727272729855372,0.3,2.348544038449418,-1.3234159110249124,1.852396228205041,2.8775243556295464,775,61.0,0.0,0.0,0.0,ETF(실물복제/수익증권),-0.64,,,,,0.06316225120987753,0.003233074791161257,2026-05-12
0079X0,ACE BYD밸류체인액티브,2026-05-12,0.0,12.0,12.0,111.0,0.8912529537414282,0.8,1.2820336504218377,0.8565333315977154,2.001041201790519,4.139608183810072,776,32.0,0.0,0.0,0.0,ETF(Active/수익증권),-0.51,,,,,0.16361504457999224,0.0029722952509071143,2026-05-12
003920,남양유업,2026-05-12,140.0,32.0,172.0,-18.0,-0.03450459015183549,0.6,-1.504935464949276,0.29007529726281456,-1.7943386910605466,-3.009198858747008,777,3012.0,57.63,871.0,0.42,음식료·담배,1.41,0.9,15.43,-4.06,0.0,0.05311975746234204,0.001773246197561567,2026-05-12
491630,RISE 미국반도체인버스(합성 H),2026-05-12,0.0,-169.0,-169.0,-166.0,0.1588275389586582,0.4,-0.5490983432676306,0.3003718617064725,1.7383392081617433,1.4896127266005852,778,28.0,0.0,0.0,0.0,ETF(합성복제/수익증권),-0.32,,,,,-0.04730552991035028,0.0017576630683462727,2026-05-12
498180,파워 종합채권(AA-이상)액티브,2026-05-12,0.0,0.0,0.0,1.0,-1.0,0.2,1.3542926086376463,-0.8593699463405715,1.6020816287597988,2.097004291056874,779,1136.0,0.0,0.0,0.0,ETF(Active/수익증권),-0.28,,,,,0.0010384690829962333,0.0009989067255418858,2026-05-12
430500,KIWOOM 물가채KIS,2026-05-12,0.0,-55.0,-55.0,48.0,-0.46236559153125745,0.5,1.2437396342091849,-0.3946371821778167,1.3228754805323162,2.171977932563684,780,113.0,0.0,0.0,0.0,ETF(실물복제/수익증권),-0.24,,,,,0.007005831591195192,0.0008208998309034447,2026-05-12
F74100005,흥국플러스공모주하이일드증권2호 C-f,2025-11-27,0.0,0.0,0.0,0.0,-1.0,0.0,0.0,0.0,0.0,0.0,781,,,,,,,,,,,-0.0031516101430525407,0.0005001972448009568,2026-05-12
F70100025,한투미국경제주도2(A-e),2026-02-12,0.0,0.0,0.0,0.0,-1.0,0.0,0.0,0.0,0.0,0.0,782,,,,,,,,,,,-0.0031516101430525407,0.0005001972448009568,2026-05-12
Q520071,미래에셋 0.5X 코스닥150 선물 ETN,2025-12-17,0.0,0.0,0.0,0.0,-1.0,0.0,0.0,0.0,0.0,0.0,783,,,,,,,,,,,-0.0031516101430525407,0.0005001972448009568,2026-05-12
F72802BBC,한화국민참여정책형뉴딜2C,2025-12-12,0.0,0.0,0.0,0.0,-1.0,0.0,0.0,0.0,0.0,0.0,784,,,,,,,,,,,-0.0031516101430525407,0.0005001972448009568,2026-05-12
F74702B8A,이지스229호 Class C-I,2025-10-30,0.0,0.0,0.0,0.0,-1.0,0.0,0.0,0.0,0.0,0.0,785,,,,,,,,,,,-0.0031516101430525407,0.0005001972448009568,2026-05-12
F72501BBC,신한국민참여정책형뉴딜혼합자산2호 C1,2025-12-12,0.0,0.0,0.0,0.0,-1.0,0.0,0.0,0.0,0.0,0.0,786,,,,,,,,,,,-0.0031516101430525407,0.0005001972448009568,2026-05-12
F73300003,다올공모주하이일드만기형증권3 A,2025-10-30,0.0,0.0,0.0,0.0,-1.0,0.0,0.0,0.0,0.0,0.0,787,,,,,,,,,,,-0.0031516101430525407,0.0005001972448009568,2026-05-12
F72502BBC,신한국민참여정책형뉴딜혼합자산2호 A1,2025-12-12,0.0,0.0,0.0,0.0,-1.0,0.0,0.0,0.0,0.0,0.0,788,,,,,,,,,,,-0.0031516101430525407,0.0005001972448009568,2026-05-12
F72801BBC,한화국민참여정책형뉴딜2A,2025-12-12,0.0,0.0,0.0,0.0,-1.0,0.0,0.0,0.0,0.0,0.0,789,,,,,,,,,,,-0.0031516101430525407,0.0005001972448009568,2026-05-12
F73400006,코레이트하이일드공모주만기형2호 A,2026-02-26,0.0,0.0,0.0,0.0,-1.0,0.0,0.0,0.0,0.0,0.0,790,,,,,,,,,,,-0.0031516101430525407,0.0005001972448009568,2026-05-12
F70100011,한투삼성그룹성장테마2호(A),2025-10-31,0.0,0.0,0.0,0.0,-1.0,0.0,0.0,0.0,0.0,0.0,791,,,,,,,,,,,-0.0031516101430525407,0.0005001972448009568,2026-05-12
F73501BBC,GB뉴딜기업2호A,2025-12-12,0.0,0.0,0.0,0.0,-1.0,0.0,0.0,0.0,0.0,0.0,792,,,,,,,,,,,-0.0031516101430525407,0.0005001972448009568,2026-05-12
F70100010,한투삼성그룹성장테마1호(A-e),2025-10-31,0.0,0.0,0.0,0.0,-1.0,0.0,0.0,0.0,0.0,0.0,793,,,,,,,,,,,-0.0031516101430525407,0.0005001972448009568,2026-05-12
F73502BBC,GB뉴딜기업2호Ae,2025-12-12,0.0,0.0,0.0,0.0,-1.0,0.0,0.0,0.0,0.0,0.0,794,,,,,,,,,,,-0.0031516101430525407,0.0005001972448009568,2026-05-12
J0113321D,유니켐 38WR,2025-12-24,0.0,0.0,0.0,0.0,-1.0,0.0,0.0,0.0,0.0,0.0,795,,,,,,,,,,,-0.0031516101430525407,0.0005001972448009568,2026-05-12
F70100013,한투삼성그룹&글로벌성장1(A),2025-10-15,0.0,0.0,0.0,0.0,-1.0,0.0,0.0,0.0,0.0,0.0,796,,,,,,,,,,,-0.0031516101430525407,0.0005001972448009568,2026-05-12
F70101BB1,한국투자서울오피스,2025-09-04,0.0,0.0,0.0,0.0,-1.0,0.0,0.0,0.0,0.0,0.0,797,,,,,,,,,,,-0.0031516101430525407,0.0005001972448009568,2026-05-12
F70100014,한투삼성그룹&글로벌성장1(A1),2025-10-15,0.0,0.0,0.0,0.0,-1.0,0.0,0.0,0.0,0.0,0.0,798,,,,,,,,,,,-0.0031516101430525407,0.0005001972448009568,2026-05-12
F70100015,한투삼성그룹&글로벌성장1(A1-e),2025-10-15,0.0,0.0,0.0,0.0,-1.0,0.0,0.0,0.0,0.0,0.0,799,,,,,,,,,,,-0.0031516101430525407,0.0005001972448009568,2026-05-12
F70100018,한투삼성그룹&글로벌성장2(A1-e),2025-10-15,0.0,0.0,0.0,0.0,-1.0,0.0,0.0,0.0,0.0,0.0,800,,,,,,,,,,,-0.0031516101430525407,0.0005001972448009568,2026-05-12
F77200003,한국밸류K-파워2호 (A),2025-09-23,0.0,0.0,0.0,0.0,-1.0,0.0,0.0,0.0,0.0,0.0,801,,,,,,,,,,,-0.0031516101430525407,0.0005001972448009568,2026-05-12
F77300003,밸류시스템SAFE증권2호(A),2025-08-06,0.0,0.0,0.0,0.0,-1.0,0.0,0.0,0.0,0.0,0.0,802,,,,,,,,,,,-0.0031516101430525407,0.0005001972448009568,2026-05-12
Q610033,메리츠 STAR 50 ETN,2025-10-23,0.0,0.0,0.0,0.0,-1.0,0.0,0.0,0.0,0.0,0.0,803,,,,,,,,,,,-0.0031516101430525407,0.0005001972448009568,2026-05-12
F77200007,한국밸류AI혁신소부장1호(C-F),2026-02-09,0.0,0.0,0.0,0.0,-1.0,0.0,0.0,0.0,0.0,0.0,804,,,,,,,,,,,-0.0031516101430525407,0.0005001972448009568,2026-05-12
F77300002,밸류시스템SAFE증권1호(Ae),2025-08-06,0.0,0.0,0.0,0.0,-1.0,0.0,0.0,0.0,0.0,0.0,805,,,,,,,,,,,-0.0031516101430525407,0.0005001972448009568,2026-05-12
F77300001,밸류시스템SAFE증권1호(A),2025-08-06,0.0,0.0,0.0,0.0,-1.0,0.0,0.0,0.0,0.0,0.0,806,,,,,,,,,,,-0.0031516101430525407,0.0005001972448009568,2026-05-12
000075,삼양홀딩스우,2025-08-19,0.0,0.0,0.0,0.0,-1.0,0.0,0.0,0.0,0.0,0.0,807,,,,,,,,,,,-0.0031516101430525407,0.0005001972448009568,2026-05-12
F74100004,흥국플러스공모주하이일드증권2호 A-e,2025-11-27,0.0,0.0,0.0,0.0,-1.0,0.0,0.0,0.0,0.0,0.0,808,,,,,,,,,,,-0.0031516101430525407,0.0005001972448009568,2026-05-12
F77200005,한국밸류AI혁신소부장1호(A),2026-02-09,0.0,0.0,0.0,0.0,-1.0,0.0,0.0,0.0,0.0,0.0,809,,,,,,,,,,,-0.0031516101430525407,0.0005001972448009568,2026-05-12
F77200006,한국밸류AI혁신소부장1호(A-e),2026-02-09,0.0,0.0,0.0,0.0,-1.0,0.0,0.0,0.0,0.0,0.0,810,,,,,,,,,,,-0.0031516101430525407,0.0005001972448009568,2026-05-12
F77200004,한국밸류K-파워2호 (A-e),2025-09-23,0.0,0.0,0.0,0.0,-1.0,0.0,0.0,0.0,0.0,0.0,811,,,,,,,,,,,-0.0031516101430525407,0.0005001972448009568,2026-05-12
F7420177B,하나대체미국LA부동산1호 A,2025-08-19,0.0,0.0,0.0,0.0,-1.0,0.0,0.0,0.0,0.0,0.0,812,,,,,,,,,,,-0.0031516101430525407,0.0005001972448009568,2026-05-12
F7420277B,하나대체미국LA부동산1호 F,2025-08-19,0.0,0.0,0.0,0.0,-1.0,0.0,0.0,0.0,0.0,0.0,813,,,,,,,,,,,-0.0031516101430525407,0.0005001972448009568,2026-05-12
F77200008,한국밸류AI혁신소부장2호(A),2026-02-09,0.0,0.0,0.0,0.0,-1.0,0.0,0.0,0.0,0.0,0.0,814,,,,,,,,,,,-0.0031516101430525407,0.0005001972448009568,2026-05-12
F74100003,흥국플러스공모주하이일드증권2호 A,2025-11-27,0.0,0.0,0.0,0.0,-1.0,0.0,0.0,0.0,0.0,0.0,815,,,,,,,,,,,-0.0031516101430525407,0.0005001972448009568,2026-05-12
F73400007,코레이트하이일드공모주만기형2호 A-e,2026-02-26,0.0,0.0,0.0,0.0,-1.0,0.0,0.0,0.0,0.0,0.0,816,,,,,,,,,,,-0.0031516101430525407,0.0005001972448009568,2026-05-12
F73300004,다올공모주하이일드만기형증권3 Ae,2025-10-30,0.0,0.0,0.0,0.0,-1.0,0.0,0.0,0.0,0.0,0.0,817,,,,,,,,,,,-0.0031516101430525407,0.0005001972448009568,2026-05-12
F71901BBC,KB국민참여뉴딜2A,2025-12-12,0.0,0.0,0.0,0.0,-1.0,0.0,0.0,0.0,0.0,0.0,818,,,,,,,,,,,-0.0031516101430525407,0.0005001972448009568,2026-05-12
F74701789,이지스204호 Class A,2025-09-09,0.0,0.0,0.0,0.0,-1.0,0.0,0.0,0.0,0.0,0.0,819,,,,,,,,,,,-0.0031516101430525407,0.0005001972448009568,2026-05-12
F77200010,한국밸류AI혁신소부장2호(C-F),2026-02-09,0.0,0.0,0.0,0.0,-1.0,0.0,0.0,0.0,0.0,0.0,820,,,,,,,,,,,-0.0031516101430525407,0.0005001972448009568,2026-05-12
F77200009,한국밸류AI혁신소부장2호(A-e),2026-02-09,0.0,0.0,0.0,0.0,-1.0,0.0,0.0,0.0,0.0,0.0,821,,,,,,,,,,,-0.0031516101430525407,0.0005001972448009568,2026-05-12
Q610032,메리츠 CSI 300 ETN,2025-10-23,0.0,0.0,0.0,0.0,-1.0,0.0,0.0,0.0,0.0,0.0,822,,,,,,,,,,,-0.0031516101430525407,0.0005001972448009568,2026-05-12
F77300004,밸류시스템SAFE증권2호(Ae),2025-08-06,0.0,0.0,0.0,0.0,-1.0,0.0,0.0,0.0,0.0,0.0,823,,,,,,,,,,,-0.0031516101430525407,0.0005001972448009568,2026-05-12
Q530020,삼성 미국 대형 가치주 ETN,2025-11-28,0.0,0.0,0.0,0.0,-1.0,0.0,0.0,0.0,0.0,0.0,824,,,,,,,,,,,-0.0031516101430525407,0.0005001972448009568,2026-05-12
Q530014,삼성 China A50 선물 ETN(H),2025-11-28,0.0,0.0,0.0,0.0,-1.0,0.0,0.0,0.0,0.0,0.0,825,,,,,,,,,,,-0.0031516101430525407,0.0005001972448009568,2026-05-12
F75802BBC,IBK국민참여정책형뉴딜혼합자산2호C,2025-12-12,0.0,0.0,0.0,0.0,-1.0,0.0,0.0,0.0,0.0,0.0,826,,,,,,,,,,,-0.0031516101430525407,0.0005001972448009568,2026-05-12
F77200001,한국밸류K-파워1호 (A),2025-09-23,0.0,0.0,0.0,0.0,-1.0,0.0,0.0,0.0,0.0,0.0,827,,,,,,,,,,,-0.0031516101430525407,0.0005001972448009568,2026-05-12
F70100019,한투삼성그룹&글로벌성장3(A),2025-10-15,0.0,0.0,0.0,0.0,-1.0,0.0,0.0,0.0,0.0,0.0,828,,,,,,,,,,,-0.0031516101430525407,0.0005001972448009568,2026-05-12
F74701B8A,이지스229호 Class A,2025-10-30,0.0,0.0,0.0,0.0,-1.0,0.0,0.0,0.0,0.0,0.0,829,,,,,,,,,,,-0.0031516101430525407,0.0005001972448009568,2026-05-12
F70100020,한투삼성그룹&글로벌성장3(A1),2025-10-15,0.0,0.0,0.0,0.0,-1.0,0.0,0.0,0.0,0.0,0.0,830,,,,,,,,,,,-0.0031516101430525407,0.0005001972448009568,2026-05-12
F70100012,한투삼성그룹성장테마2호(A-e),2025-10-31,0.0,0.0,0.0,0.0,-1.0,0.0,0.0,0.0,0.0,0.0,831,,,,,,,,,,,-0.0031516101430525407,0.0005001972448009568,2026-05-12
F77200002,한국밸류K-파워1호 (A-e),2025-09-23,0.0,0.0,0.0,0.0,-1.0,0.0,0.0,0.0,0.0,0.0,832,,,,,,,,,,,-0.0031516101430525407,0.0005001972448009568,2026-05-12
F70100023,한투미국경제주도1(A-e),2026-02-12,0.0,0.0,0.0,0.0,-1.0,0.0,0.0,0.0,0.0,0.0,833,,,,,,,,,,,-0.0031516101430525407,0.0005001972448009568,2026-05-12
F70100016,한투삼성그룹&글로벌성장2(A),2025-10-15,0.0,0.0,0.0,0.0,-1.0,0.0,0.0,0.0,0.0,0.0,834,,,,,,,,,,,-0.0031516101430525407,0.0005001972448009568,2026-05-12
F70100017,한투삼성그룹&글로벌성장2(A1),2025-10-15,0.0,0.0,0.0,0.0,-1.0,0.0,0.0,0.0,0.0,0.0,835,,,,,,,,,,,-0.0031516101430525407,0.0005001972448009568,2026-05-12
F71201B97,키움히어로즈미국물류부동산1호,2026-01-16,0.0,0.0,0.0,0.0,-1.0,0.0,0.0,0.0,0.0,0.0,836,,,,,,,,,,,-0.0031516101430525407,0.0005001972448009568,2026-05-12
F70100009,한투삼성그룹성장테마1호(A),2025-10-31,0.0,0.0,0.0,0.0,-1.0,0.0,0.0,0.0,0.0,0.0,837,,,,,,,,,,,-0.0031516101430525407,0.0005001972448009568,2026-05-12
F70100024,한투미국경제주도2(A),2026-02-12,0.0,0.0,0.0,0.0,-1.0,0.0,0.0,0.0,0.0,0.0,838,,,,,,,,,,,-0.0031516101430525407,0.0005001972448009568,2026-05-12
F75801BBC,IBK국민참여정책형뉴딜혼합자산2호A,2025-12-12,0.0,0.0,0.0,0.0,-1.0,0.0,0.0,0.0,0.0,0.0,839,,,,,,,,,,,-0.0031516101430525407,0.0005001972448009568,2026-05-12
F70100022,한투미국경제주도1(A),2026-02-12,0.0,0.0,0.0,0.0,-1.0,0.0,0.0,0.0,0.0,0.0,840,,,,,,,,,,,-0.0031516101430525407,0.0005001972448009568,2026-05-12
F70100021,한투삼성그룹&글로벌성장3(A1-e),2025-10-15,0.0,0.0,0.0,0.0,-1.0,0.0,0.0,0.0,0.0,0.0,841,,,,,,,,,,,-0.0031516101430525407,0.0005001972448009568,2026-05-12
F71902BBC,KB국민참여뉴딜2C,2025-12-12,0.0,0.0,0.0,0.0,-1.0,0.0,0.0,0.0,0.0,0.0,842,,,,,,,,,,,-0.0031516101430525407,0.0005001972448009568,2026-05-12
Q520043,미래에셋 S&P 유럽탄소배출권 선물 ETN,2025-12-17,0.0,0.0,0.0,0.0,-1.0,0.0,0.0,0.0,0.0,0.0,843,,,,,,,,,,,-0.0031516101430525407,0.0005001972448009568,2026-05-12
451000,PLUS 종합채권(AA-이상)액티브,2026-05-12,,,0.0,1.0,0.11111107407407528,0.1,2.238721069249688,-0.4227926428600135,2.463059726921688,4.278988153311363,844,5629.0,0.0,0.0,0.0,ETF(Active/수익증권),-0.53,,,,,0.1747086874614089,0.0003046528969145451,2026-05-12
000180,성창기업지주,2026-05-12,-52.0,-9.0,-61.0,-140.0,-0.35963407672504843,0.1,0.34371942843731146,-0.6216856325472099,1.9321830994920397,1.6542168953821412,845,884.0,-4.29,-1479.0,0.13,일반서비스,-4.37,-3.29,27.13,-11.1,0.0,0.14385856742738332,0.00013995560515223104,2026-05-12
095570,AJ네트웍스,2026-05-12,87.0,-119.0,-32.0,-1120.0,-0.6738678853412159,0.6,-0.973995417032517,-1.3459852056257853,0.4402104884877365,-1.879770134170566,846,2095.0,7.37,628.0,0.45,일반서비스,-2.32,6.31,289.13,10.93,-6.17,-0.09945352866973103,-0.001162696325477483,2026-05-12
192080,더블유게임즈,2026-05-12,263.0,-401.0,-138.0,-166.0,-0.9388076655310974,0.6,-1.0857914328318854,-0.8606289453371544,-2.135615133978697,-4.082035512147737,847,11645.0,9.01,6106.0,0.89,IT 서비스,-4.84,11.33,11.83,13.64,-6.67,-0.10844106466044215,-0.0012975040379351252,2026-05-12
477050,PLUS 머니마켓액티브,2026-05-12,0.0,-277.0,-277.0,772.0,-0.36757215622378725,0.6,0.9465634272756546,-0.9267614485107925,1.3262632125731166,1.3460651913379786,848,3856.0,0.0,0.0,0.0,ETF(Active/수익증권),0.02,,,,,-0.05873088104515724,-0.0012984108527521396,2026-05-12
463640,KODEX 미국S&P500유틸리티,2026-05-12,0.0,9.0,9.0,5.0,-0.6592592594106996,0.7,-0.3802561867551504,-0.7587519481548995,1.4502710630090423,0.3112629280989925,849,154.0,0.0,0.0,0.0,ETF(실물복제/수익증권),1.55,,,,,-0.14109369689545612,-0.001581516727778183,2026-05-12
088350,한화생명,2026-05-12,-941.0,733.0,-208.0,-17604.0,-0.3973538198909602,0.3,-1.9163607432411551,-0.6433162209844099,-2.1502015569582325,-4.709878521183797,850,42080.0,6.57,738.0,0.26,보험,3.3,6.51,974.0,11.6,4.58,-0.21060171164366737,-0.0018065476772322064,2026-05-12
475350,RISE 버크셔포트폴리오TOP10,2026-05-12,-12.0,5.0,-7.0,566.0,0.9838056677484746,0.7,1.4414971028442745,0.41454274363518395,-0.4830458332063212,1.3729940132731373,851,767.0,0.0,0.0,0.0,ETF(실물복제/수익증권),0.49,,,,,-0.05658754054339922,-0.002087363077923319,2026-05-12
Q610068,메리츠 KAP 일본 엔화 ETN,2026-05-12,0.0,1.0,1.0,29.0,0.06060605899908178,0.7,0.05178083813287145,0.1461022674635116,2.3028307732682936,2.5007138788646768,852,105.0,0.0,0.0,0.0,ETN(통화),0.29,,,,,0.033170848010674464,-0.002505637549162094,2026-05-12
329200,TIGER 리츠부동산인프라,2026-05-12,-96.0,-1998.0,-2094.0,-8307.0,-0.5768941013589541,0.4,0.6351386657418743,-0.6459288977650262,1.2943578050526583,1.2835675730295064,853,15241.0,0.0,0.0,0.0,ETF(실물복제/수익증권),-2.48,,,,,-0.06370524185850826,-0.0034437671811328487,2026-05-12
051900,LG생활건강,2026-05-12,716.0,-712.0,4.0,-10702.0,-0.9418525292785593,0.7,-1.106278156121693,-0.7691369135011045,1.7579215431666935,-0.11749352645610411,854,40398.0,-46.41,-5688.0,0.81,화학,-1.68,-1.82,23.32,-6.7,-62.82,-0.21885299613914888,-0.004467858328517746,2026-05-12
003460,유화증권,2026-05-12,-19.0,0.0,-19.0,-74.0,-0.6097046414119666,0.3,-0.4980505293710444,-1.2694032336328434,-1.6603500215235212,-3.427803784527409,855,1968.0,14.46,240.0,0.47,증권,-4.28,3.5,50.88,16.49,0.0,-0.009962317189117179,-0.004734988820382041,2026-05-12
Q530056,삼성 인버스 2X 금 선물 ETN(H),2026-05-12,0.0,8.0,8.0,19.0,-0.614325069189263,0.8,-0.707168671900861,-0.40697147205873413,1.4034839473748648,0.2893438034152698,856,61.0,0.0,0.0,0.0,ETN(원자재),-1.49,,,,,-0.1428383015354522,-0.004757470327335936,2026-05-12
012800,대창,2026-05-12,-1181.0,-1278.0,-2459.0,-3012.0,1.7517468145755908,0.6,-2.3487277960435486,0.36729423483706586,-1.5248890879639494,-3.506322649170432,857,1586.0,75.65,23.0,0.47,금속,2.96,0.75,206.19,9.98,64.37,-0.18781590446524654,-0.00499823389712991,2026-05-12
Q760018,키움 미국달러선물 ETN B,2026-05-12,0.0,0.0,0.0,0.0,-1.0,0.1,0.0,-0.7400706489193127,1.1832157232866356,0.44314507436732287,858,651.0,0.0,0.0,0.0,ETN(통화),1.12,,,,,-0.13059682680450613,-0.005403046124096866,2026-05-12
225060,TIGER 이머징마켓MSCI레버리지(합성 H),2026-05-12,0.0,16.0,16.0,30.0,1.2222222172839508,0.7,1.99375931971761,2.248052748652298,0.25819883974716995,4.500010908117078,859,178.0,0.0,0.0,0.0,ETF(합성복제/수익증권),-3.03,,,,,0.19230050871990642,-0.005973503595632784,2026-05-12
Q570094,한투 일본 엔선물 ETN C,2026-05-12,0.0,0.0,0.0,-1.0,-1.0,0.1,-1.8422647204328078,-0.5321241552351562,1.1832157232866356,-1.1911731523813285,860,95.0,0.0,0.0,0.0,ETN(통화),0.48,,,,,-0.26067680046938674,-0.0059843282986575125,2026-05-12
291630,KIWOOM 코스닥150선물레버리지,2026-05-12,1.0,42.0,43.0,264.0,0.26208651380222614,0.7,1.151127629639079,0.351936881682931,0.5384863777168343,2.0415508890388443,861,83.0,0.0,0.0,0.0,ETF(실물복제/수익증권),-5.31,,,,,-0.003375222789292172,-0.007856376880396858,2026-05-12
Q530116,삼성 인버스 2X 나스닥 100 ETN,2026-05-12,0.0,-19.0,-19.0,491.0,-0.7631968426362508,0.6,1.6078220336552795,-1.0355836772781661,1.4175124328400632,1.9897507892171766,862,257.0,0.0,0.0,0.0,ETN(주식),1.28,,,,,-0.007498138088380376,-0.0082295854581365,2026-05-12
391600,ACE 미국친환경그린테마INDXX,2026-05-12,0.0,24.0,24.0,40.0,1.1383647758395634,0.7,1.668759321490807,1.5880457498815364,1.1684065163934816,4.425211587765825,863,63.0,0.0,0.0,0.0,ETF(실물복제/수익증권),1.87,,,,,0.18634702092163422,-0.008667796643891043,2026-05-12
003540,대신증권,2026-05-12,-3077.0,-977.0,-4054.0,-7865.0,2.7660019694036313,0.2,-3.0134726140947654,3.1593654799208455,-1.6585767103570481,-1.512683844530968,864,18064.0,17.95,2044.0,0.68,증권,-6.14,5.06,864.43,23.7,260.56,0.029775817891468798,-0.009024628299886416,2026-05-12
Q610012,메리츠 레버리지 금 선물 ETN(H),2026-05-12,0.0,135.0,135.0,136.0,3.591836730008329,0.2,3.280679360279751,3.1937541318838223,-1.032795358988683,5.441638133174891,865,877.0,0.0,0.0,0.0,ETN(원자재),2.51,,,,,0.2672472618264498,-0.009093402061171804,2026-05-12
Q580065,KB 코스닥 150 TR ETN,2026-05-12,0.0,-4.0,-4.0,14.0,-0.6913580252629172,0.5,-0.17851451327802312,-0.7711611307826323,0.5287134512072901,-0.42096219285336534,866,152.0,0.0,0.0,0.0,ETN(주식),-2.16,,,,,-0.19937354894099982,-0.009431429493484626,2026-05-12
437070,KODEX 아시아달러채권ESG플러스액티브,2026-05-12,0.0,2.0,2.0,13.0,-0.6491228074792244,0.8,0.3118784861288833,-1.031142750627461,1.5831730785195888,0.8639088140210109,867,410.0,0.0,0.0,0.0,ETF(Active/수익증권),0.53,,,,,-0.09710706007640976,-0.009559271126539887,2026-05-12
497510,ACE 글로벌빅파마,2026-05-12,0.0,40.0,40.0,23.0,1.2101449251339003,0.3,2.2027609088972615,0.4410802695910101,1.5275249983186485,4.17136617680692,868,85.0,0.0,0.0,0.0,ETF(실물복제/수익증권),1.25,,,,,0.16614275235750256,-0.009775755244830299,2026-05-12
024110,기업은행,2026-05-12,15219.0,-6870.0,8349.0,-9921.0,-0.3594725853918981,0.6,0.312632781183424,-1.0347510114862424,1.5050475923461624,0.782929362043344,869,170250.0,6.28,3400.0,0.47,금융,0.0,7.7,1258.51,-9.91,1.71,-0.021086273007007328,-0.009808558335298723,2026-05-12
433220,에셋플러스 글로벌대장장이액티브,2026-05-12,0.0,-14.0,-14.0,69.0,-0.46666666684444447,0.6,0.9820591162281759,-1.2343984069661829,1.6403184387379348,1.387979147999928,870,246.0,0.0,0.0,0.0,ETF(Active/수익증권),1.08,,,,,-0.055394831621279755,-0.01010448276603693,2026-05-12
071840,롯데하이마트,2026-05-12,-167.0,-52.0,-219.0,-528.0,1.0050125310268156,0.4,-1.58171432121446,0.48418959508082776,-1.6020816287597957,-2.6996063548934277,871,1636.0,-0.54,-12935.0,0.17,유통,-3.88,-28.05,103.6,-9.71,-79.07,-0.07795723128168433,-0.011024925744382668,2026-05-12
004000,롯데정밀화학,2026-05-12,2899.0,-2540.0,359.0,996.0,-0.8091181574398885,0.7,-0.4000429817439279,-1.0603918657853826,-0.37047924564100765,-1.830914093170318,872,15196.0,14.32,4112.0,0.62,화학,-4.07,4.42,12.75,4.92,47.62,0.06576783672770815,-0.011639846798826216,2026-05-12
476690,TIGER 글로벌비만치료제TOP2Plus,2026-05-12,435.0,-229.0,206.0,720.0,1.5707257070199208,0.7,1.726009590318722,0.476399218168069,0.7629747460174372,2.9653835545042284,873,435.0,0.0,0.0,0.0,ETF(실물복제/수익증권),1.42,,,,,0.07015521138665576,-0.011695608166787719,2026-05-12
346000,HANARO KAP초장기국고채,2025-11-04,0.0,0.0,0.0,20.0,1.1367521312732856,0.4,0.9813524125458893,0.3823719109694547,-1.5157292781055602,-0.15200495459021623,874,,,,,,,,,,,-0.0152501110141853,-0.012052588500841871,2026-05-12
0052T0,1Q 중단기회사채(A-이상)액티브,2026-05-12,0.0,1.0,1.0,-4.0,-0.8958333336588542,0.4,0.2152768101902062,-0.827309852036936,2.0010412017905175,1.3890081599437876,875,894.0,0.0,0.0,0.0,ETF(Active/수익증권),0.0,,,,,-0.05531292967319684,-0.012762587668430511,2026-05-12
368190,HANARO Fn K-뉴딜디지털플러스,2026-05-12,4.0,5.0,9.0,78.0,-0.24119241254103607,1.0,1.2255459964205968,-0.8802484434075478,0.9887295380942512,1.3340270911073002,876,327.0,0.0,0.0,0.0,ETF(실물복제/수익증권),-3.56,,,,,-0.059689027222170205,-0.01281757289391821,2026-05-12
487950,KODEX 대만테크고배당다우존스,2026-05-12,-10.0,62.0,52.0,179.0,-0.35310552335999756,0.4,1.534909061143982,-1.1412057772708042,2.5298217281347677,2.9235250120079455,877,187.0,0.0,0.0,0.0,ETF(실물복제/수익증권),-1.0,,,,,0.06682357253171925,-0.013098448900375877,2026-05-12
004430,송원산업,2026-05-12,462.0,22.0,484.0,330.0,-0.16496076425496897,0.6,-0.8858756896583031,-0.7585622065872917,-0.37047924564100776,-2.0149171418866025,878,3017.0,129.59,97.0,0.4,화학,-2.41,0.31,50.94,-2.9,-65.22,-0.004862248776939936,-0.01331087814090127,2026-05-12
457690,KODEX 33-06 국고채액티브,2026-05-12,0.0,-7.0,-7.0,239.0,-0.020122484946599517,0.6,2.786248595421517,-0.8298192967489612,0.946684702221666,2.903114000894222,879,221.0,0.0,0.0,0.0,ETF(Active/수익증권),-0.43,,,,,0.06519900288261929,-0.014782540890191365,2026-05-12
481050,KODEX CD1년금리플러스액티브(합성),2026-05-12,-2.0,1710.0,1708.0,5157.0,0.037584412700341074,0.5,1.170988594541203,0.43523030113127864,0.7299882143665509,2.3362071100390325,880,28649.0,0.0,0.0,0.0,ETF,0.01,,,,,0.02007729266368055,-0.014857173457911025,2026-05-12
Q570072,한투 레버리지 구리 선물 ETN,2026-05-12,0.0,1.0,1.0,25.0,1.6315789335180058,0.6,1.1626166719963498,0.5712312511942965,1.0064069099883763,2.740254833179023,881,328.0,0.0,0.0,0.0,ETN(원자재),5.25,,,,,0.05223658473127621,-0.014944670331795348,2026-05-12
001755,한양증권우,2026-05-12,7.0,0.0,7.0,30.0,0.30718953992054354,0.8,0.8971333469598325,-0.21074453288647588,1.784464466325516,2.4708532803988725,882,148.0,0.0,0.0,0.0,증권,1.99,,,,,-0.05333832562823791,-0.015009130642278328,2026-05-12
005010,휴스틸,2026-05-12,837.0,-572.0,265.0,-4485.0,-0.7892658118279394,0.6,-1.286842643010734,-0.8146919528241099,0.8095867142778028,-1.2919478815570409,883,3045.0,-20.22,-268.0,0.29,금속,-3.39,-1.38,29.78,-15.29,-79.57,-0.1335330820488077,-0.015529381966081175,2026-05-12
001260,남광토건,2026-05-12,-112.0,0.0,-112.0,-245.0,1.8936850512645038,0.3,-1.5902712123368345,2.7714702259226516,-1.999999800000021,-0.818800786414204,884,887.0,16.77,538.0,0.71,건설,-4.14,4.48,228.13,-29.11,56.63,-0.049049735062415493,-0.015593365708689372,2026-05-12
097230,HJ중공업,2026-05-12,-5719.0,715.0,-5004.0,-19639.0,-0.613430510015572,0.2,-0.9117371181371611,-0.5670106659287946,-1.9001383701598693,-3.3788861542258246,885,22935.0,41.98,605.0,3.43,건설,-6.27,10.15,266.36,6.03,824.9,0.004298146467787575,-0.01586502377421329,2026-05-12
117460,KODEX 에너지화학,2026-05-12,-100.0,296.0,196.0,1063.0,-0.7042892695131542,0.8,0.8711703197587422,-0.8711881143831424,1.6749037039306378,1.6748859093062376,886,393.0,0.0,0.0,0.0,ETF(실물복제/수익증권),-3.86,,,,,-0.032559117410805666,-0.015967866808727322,2026-05-12
138920,KODEX 콩선물(H),2026-05-12,0.0,1.0,1.0,59.0,-0.7619047619942714,0.9,-0.24913243631242932,-0.7794979788185091,1.7728186097898146,0.7441881946588762,887,61.0,0.0,0.0,0.0,ETF(실물복제/수익증권),-0.33,,,,,-0.10663596011489948,-0.016463841936777156,2026-05-12
192720,파워 고배당저변동성,2026-05-12,-51.0,47.0,-4.0,51.0,-0.36127744549224905,0.6,1.1454227205920686,-0.7098225708691762,0.5030977011288413,0.9386978508517337,888,401.0,0.0,0.0,0.0,ETF(실물복제/수익증권),-0.47,,,,,-0.09115439077239275,-0.016529197159332272,2026-05-12
433970,KODEX TDF2030액티브,2026-05-12,-7.0,35.0,28.0,519.0,-0.6201085404495765,0.8,2.2065195237340505,-0.9909054575223314,2.039012982057917,3.254627048269636,889,852.0,0.0,0.0,0.0,ETF(Active/수익증권),0.03,,,,,0.09317691269056513,-0.01718317913697361,2026-05-12
494410,PLUS 미국S&P500성장주,2026-05-12,-9.0,5.0,-4.0,26.0,0.3292433529677443,0.7,-0.6220944029998343,0.9482613108070352,0.37893231952638995,0.7050992273335909,890,328.0,0.0,0.0,0.0,ETF(실물복제/수익증권),0.71,,,,,-0.10974716071037721,-0.017235751552067902,2026-05-12
304770,HANARO 코스닥150,2026-05-12,74.0,51.0,125.0,634.0,0.1359948067702701,1.0,1.6511749386544012,-0.5797944552794898,1.7968939147817362,2.8682743981566476,891,313.0,0.0,0.0,0.0,ETF(실물복제/수익증권),-2.54,,,,,0.06242602113865711,-0.017312227955167285,2026-05-12
268280,미원에스씨,2026-05-12,-39.0,-19.0,-58.0,-550.0,-0.006993007131888995,0.2,-1.6854732040258689,-0.6052402137089931,-1.5275251149852884,-3.8182385327201507,892,5580.0,9.1,12261.0,1.2,화학,-3.04,14.34,22.46,4.49,11.43,-0.10119657883518858,-0.017601655039341114,2026-05-12
0015F0,KIWOOM 팔란티어미국30년국채혼합액티브(H),2026-05-12,-19.0,37.0,18.0,99.0,-0.3952180030681218,0.6,1.759996788121642,-0.8609156609742941,-0.3567530021881586,0.5423281249591894,893,181.0,0.0,0.0,0.0,ETF(Active/수익증권),0.0,,,,,-0.12270256949412936,-0.01776720568841062,2026-05-12
000880,한화,2026-05-12,19621.0,1175.0,20796.0,43505.0,0.7757122651004735,0.9,2.156546618880379,1.2708487166024307,1.585694557962583,5.013089893445393,894,100262.0,36.1,3939.0,1.07,화학,2.97,3.3,497.35,34.39,71.64,0.1711772337261489,-0.017784484400414746,2026-05-12
377190,디앤디플랫폼리츠,2026-05-12,73.0,-930.0,-857.0,-1366.0,0.454492244595208,0.2,-1.6411349737452798,-0.3629081448256674,-2.132070304104354,-4.136113422675301,895,2475.0,96.55,29.0,0.67,리츠,-6.67,2.15,192.22,37.81,67.92,-0.042314309137718525,-0.01778586884460131,2026-05-12
001040,CJ,2026-05-12,-1073.0,-2670.0,-3743.0,4598.0,0.18061533555947418,0.8,-1.953678642329534,0.9289021411589994,-0.35675297036998377,-1.3815294715405182,896,60688.0,51.75,4019.0,1.34,금융,-4.81,2.72,176.0,3.14,-0.18,-0.17555537796478976,-0.01784546729571493,2026-05-12
267270,HD현대건설기계,2026-05-12,28052.0,-8633.0,19419.0,-10538.0,0.43713038191327525,0.4,-0.503931035186093,0.7387107072971214,-1.638387429425655,-1.4036077573146266,897,85826.0,31.87,5613.0,1.72,기계·장비,-0.83,5.74,86.64,9.85,-10.26,0.028092753864856157,-0.017891460800338852,2026-05-12
437080,KODEX 미국종합채권ESG액티브(H),2026-05-12,0.0,-8.0,-8.0,87.0,-0.6247504990469361,0.4,0.9504957142610092,-1.0523238312821486,1.7392525755926196,1.6374244585714801,898,2999.0,0.0,0.0,0.0,ETF(Active/수익증권),-0.05,,,,,-0.03554077939393113,-0.01798132640537821,2026-05-12
Q500041,신한 인버스 2X 구리 선물 ETN,2026-05-12,0.0,-1.0,-1.0,0.0,3.482758605231867,0.3,-0.0349841855066637,2.5831452821057033,-1.3353217330211224,1.2128393635779173,899,43.0,0.0,0.0,0.0,ETN(원자재),-3.23,,,,,-0.06933469851648741,-0.01836396161180094,2026-05-12
479730,TIGER 인도빌리언컨슈머,2026-05-12,-5.0,-150.0,-155.0,636.0,1.8060046186136258,0.7,1.063425535160178,0.9784006881668602,0.6278955068086826,2.669721730135721,900,1017.0,0.0,0.0,0.0,ETF(실물복제/수익증권),-1.42,,,,,0.046622657139813284,-0.01849609515294004,2026-05-12
225800,KIWOOM 미국달러선물레버리지,2026-05-12,0.0,24.0,24.0,55.0,1.4497991938355828,0.5,2.339928966467279,1.2449447615542433,1.5275249983186479,5.11239872634017,901,106.0,0.0,0.0,0.0,ETF(실물복제/수익증권),2.03,,,,,0.2410421735703497,-0.018670824429923794,2026-05-12
022100,포스코DX,2026-05-12,10177.0,1413.0,11590.0,10600.0,0.6610441767014907,0.5,2.0673907554341917,0.9169003246736459,0.875040363789856,3.8593314438976933,902,52680.0,101.02,343.0,9.24,일반서비스,1.17,9.53,45.73,-27.02,-44.59,0.1841981804706811,-0.018742313545167012,2026-05-12
Q500072,신한 인버스 2X 코스닥 150 선물 ETN,2026-05-12,-1.0,13.0,12.0,64.0,-0.5945945947315558,0.7,0.9439443450589972,-1.286847295584642,1.9491178464878973,1.6062148959622524,903,155.0,0.0,0.0,0.0,ETN(주식),5.02,,,,,-0.0380248360579612,-0.018920035884252232,2026-05-12
185750,종근당,2026-05-12,-325.0,-207.0,-532.0,-6717.0,-0.1728893373780065,0.0,-1.25433670811656,-1.3182543671217999,-1.5446407860480047,-4.117231861286364,904,11208.0,14.46,5615.0,1.07,제약,0.37,8.17,78.89,6.68,-19.0,-0.11481235414754999,-0.01898161731312347,2026-05-12
469830,SOL 초단기채권액티브,2026-05-12,-55.0,-4530.0,-4585.0,2244.0,-0.06100053557488383,0.3,0.9557556978940046,-0.307996702515776,1.9733858785415852,2.621144873919814,905,11812.0,0.0,0.0,0.0,ETF(Active/수익증권),0.02,,,,,0.042756288843928375,-0.01905507422738022,2026-05-12
Q760016,키움 레버리지 조선TOP10 ETN,2026-05-12,0.0,132.0,132.0,397.0,0.05503634469023666,0.6,1.7302936834623681,-0.4696879700571357,2.330300805468714,3.590906518873947,906,1453.0,0.0,0.0,0.0,ETN(주식),-5.78,,,,,0.11994233937694096,-0.01935881004080736,2026-05-12
449170,TIGER KOFR금리액티브(합성),2026-05-12,-2.0,647.0,645.0,7842.0,-0.2572621325490968,0.6,2.357556045939275,-0.8344260390637397,1.3542924181725635,2.8774224250480986,907,24393.0,0.0,0.0,0.0,ETF,0.0,,,,,0.06315413826887656,-0.020328532975413822,2026-05-12
024720,콜마홀딩스,2026-05-12,-114.0,203.0,89.0,-417.0,1.2246535373204246,0.4,-0.6714707646427885,0.9762253260822745,-0.6059810715880912,-0.30122651014860524,908,3594.0,15.34,683.0,0.58,금융,6.4,3.85,60.42,-6.88,-4.52,0.04625564404075576,-0.022173658728911295,2026-05-12
034730,SK,2026-05-12,38871.0,-15996.0,22875.0,51022.0,-0.45848382263616205,0.9,-1.1513903141021309,-1.5160783701772762,-0.37893226568026195,-3.046400949959669,909,392240.0,24.75,21863.0,1.18,금융,-5.25,6.35,149.17,-0.56,-47.72,-0.2115991809289558,-0.022372694943020778,2026-05-12
0068M0,KODEX 미국S&P500버퍼6월액티브,2026-05-12,0.0,1.0,1.0,26.0,5.0,0.5,1.6913928552083135,1.8069948319740883,0.3704792456410081,3.8688669328234098,910,611.0,0.0,0.0,0.0,ETF(Active/수익증권),0.83,,,,,0.14206598869727996,-0.0226854972321109,2026-05-12
140700,KODEX 보험,2026-05-12,-107.0,692.0,585.0,3521.0,-0.7790713507647835,0.7,1.273791723848792,-1.0772763378931847,2.088429421707492,2.2849448076630994,911,528.0,0.0,0.0,0.0,ETF(실물복제/수익증권),-0.33,,,,,0.01599718217239124,-0.022704521098684274,2026-05-12
276970,KODEX 미국S&P500배당귀족커버드콜(합성 H),2026-05-12,0.0,2.0,2.0,304.0,2.3145009406832857,0.6,2.4314922082823416,1.6344214451087868,-0.1599086305432773,3.9060050228478507,912,343.0,0.0,0.0,0.0,ETF(합성복제/수익증권),-0.2,,,,,0.14502191349410118,-0.023081162654023248,2026-05-12
448570,FOCUS AI코리아액티브,2026-05-12,0.0,100.0,100.0,84.0,2.9842209049403032,0.5,1.4007780579880176,3.0021242768789955,-0.8334107188754217,3.5694916159915917,913,546.0,0.0,0.0,0.0,ETF(Active/수익증권),-0.65,,,,,0.11823786716499321,-0.02321817734927059,2026-05-12
073240,금호타이어,2026-05-12,-436.0,-221.0,-657.0,-6095.0,-0.6510169043863031,0.0,0.6583112011841658,-1.293098238220155,-0.6667978267184008,-1.30158486375439,914,14736.0,4.24,1209.0,0.73,화학,-5.7,18.53,147.44,3.73,-2.16,0.0465874982574372,-0.02345310766939621,2026-05-12
332620,PLUS 미국장기우량회사채,2026-05-12,-4.0,20.0,16.0,37.0,1.6415094289782841,0.5,1.407115774808742,2.221495115132634,0.7245687498094817,4.3531796397508575,915,205.0,0.0,0.0,0.0,ETF(실물복제/수익증권),0.75,,,,,0.18061379605302477,-0.02374980076235874,2026-05-12
Q760010,키움 2차전지산업 ETN,2026-05-12,0.0,27.0,27.0,25.0,2.827160479652492,0.3,1.972173042931108,0.36246448580107316,2.171586561385746,4.506224090117927,916,86.0,0.0,0.0,0.0,ETN(주식),-6.46,,,,,0.19279503330992667,-0.025415817357278214,2026-05-12
322410,HANARO 고배당,2026-05-12,-4.0,19.0,15.0,176.0,-0.6511627907266476,0.8,-0.4561944346927167,-0.8909294625098103,1.6020818037597397,0.25495790655721273,917,522.0,0.0,0.0,0.0,ETF(실물복제/수익증권),-0.92,,,,,-0.14557517155533684,-0.026065662910826678,2026-05-12
487920,ACE 인도시장대표BIG5그룹액티브,2026-05-12,0.0,117.0,117.0,179.0,1.407407406378601,0.7,2.126264965030288,0.6178205072796296,1.8389492512476902,4.583034723557608,918,93.0,0.0,0.0,0.0,ETF(Active/수익증권),-1.12,,,,,0.1989086071607757,-0.02617135952637581,2026-05-12
215620,HK S&P코리아로우볼,2026-05-12,0.0,0.0,0.0,-5.0,5.0,0.1,-2.2588668141256387,1.2076147561740023,1.366259822128004,0.31500776417636756,919,87.0,0.0,0.0,0.0,ETF(실물복제/수익증권),-2.52,,,,,-0.14079563488381636,-0.026942588952399506,2026-05-12
Q570059,한투 레버리지 금 선물 ETN,2026-05-12,0.0,0.0,0.0,51.0,-0.475308642461134,0.6,1.466205349979971,-0.735914495531781,0.47387906010201464,1.2041699145502047,920,1132.0,0.0,0.0,0.0,ETN(원자재),2.1,,,,,-0.07002472429161286,-0.0275752993286154,2026-05-12
117680,KODEX 철강,2026-05-12,-135.0,67.0,-68.0,1045.0,-0.6154958080453419,0.6,1.013124854055108,-0.6698043117868636,1.8523962282050408,2.195716770473285,921,370.0,0.0,0.0,0.0,ETF(실물복제/수익증권),-2.88,,,,,0.008895272313066692,-0.02785231715041505,2026-05-12
005390,신성통상,2025-09-29,-9.0,-1077.0,-1086.0,-1722.0,0.6576454667910132,0.0,-0.44155540358207634,0.09713416082164035,0.0,-0.344421242760436,922,,,,,,,,,,,-0.030565063321650238,-0.027942599756620407,2026-05-12
Q550043,N2 인버스 레버리지 WTI원유 선물 ETN(H),2026-05-12,0.0,11.0,11.0,-2.0,-0.55602537002579,0.5,1.4287836923308594,-0.8452729528293961,2.1698978161593248,2.753408555660788,923,42.0,0.0,0.0,0.0,ETN(원자재),0.0,,,,,0.053283526413758164,-0.028015747630302824,2026-05-12
0052S0,1Q 미국S&P500미국채혼합50액티브,2026-05-12,0.0,-63.0,-63.0,446.0,-0.10062333044518035,0.7,1.8631066114108075,-0.3890419694763884,0.9281908540922181,2.402255496026637,924,2746.0,0.0,0.0,0.0,ETF(Active/수익증권),0.91,,,,,0.025334269040287266,-0.028179636391932057,2026-05-12
006260,LS,2026-05-12,31118.0,-21940.0,9178.0,-11711.0,-0.3848000711389685,0.4,0.8531502707521547,-0.7652258080821743,1.3542924181725668,1.442216880842547,925,159120.0,60.3,8458.0,2.79,금융,-5.73,5.65,225.47,15.7,-1.65,0.09910690305646482,-0.028198329426809075,2026-05-12
321410,KODEX 멀티에셋하이인컴(H),2026-05-12,0.0,0.0,0.0,2.0,-1.0,0.1,1.414213552373095,-0.9466847834245917,1.0327953589886834,1.5003241279371866,926,53.0,0.0,0.0,0.0,ETF(실물복제/수익증권),0.66,,,,,-0.04645297942111598,-0.02821061037625532,2026-05-12
011200,HMM,2026-05-12,-5575.0,1086.0,-4489.0,-19517.0,-0.2899689426606292,0.1,-0.1262929174086973,-0.7790843747826524,-1.4204389652896818,-2.3258162574810317,927,186761.0,10.13,1955.0,0.7,운송·창고,-1.25,6.9,26.31,-6.91,-58.4,-0.024217960615546902,-0.028224209255347972,2026-05-12
306530,HANARO 코스닥150선물레버리지,2026-05-12,1.0,54.0,55.0,324.0,0.4914425424226303,0.8,1.003717109853111,0.6961432589182759,-0.21251183667097814,1.4873485321004087,928,58.0,0.0,0.0,0.0,ETF(실물복제/수익증권),-5.15,,,,,-0.047485743504089045,-0.028243072937810997,2026-05-12
Q610092,메리츠 인버스 일본 국채 10년 ETN,2026-05-12,,,0.0,0.0,-1.0,0.2,-0.05321386286781666,-0.7616779231629486,1.1442835526482735,0.32939176661750824,929,107.0,0.0,0.0,0.0,ETN(채권),1.09,,,,,-0.1396507717671261,-0.028269888607739088,2026-05-12
009320,아진전자부품,2026-05-12,-9.0,0.0,-9.0,-285.0,-0.549731182886479,0.3,-1.714843335482599,-0.8242389611227189,1.4270118814799435,-1.1120704151253742,930,538.0,12.41,88.0,1.62,운송장비·부품,4.0,13.98,228.69,5.81,6.03,-0.07489499135639793,-0.02835994198989749,2026-05-12
J2901221D,DH오토리드 9WR,2026-05-06,0.0,0.0,0.0,0.0,-1.0,0.2,-0.5384864266488679,-0.6221262073901151,0.6324554320336917,-0.5281572020052914,931,,,,,,,,,,,-0.045189123892405966,-0.028754614298448448,2026-05-12
Q610073,메리츠 KAP 인버스 2X 중국 위안화 ETN,2026-05-12,0.0,0.0,0.0,11.0,-1.0,0.1,1.3477336813527871,-0.6441948532645841,0.2581987897472005,0.9617376178354036,932,70.0,0.0,0.0,0.0,ETN(통화),-1.52,,,,,-0.0893205910671523,-0.028891900681794962,2026-05-12
Q570056,한투 인버스 금 선물 ETN,2026-05-12,0.0,2.0,2.0,6.0,-0.5833333350694444,0.5,0.2921137583604579,-0.6125222838999015,1.8389493615216432,1.5185408359821997,933,62.0,0.0,0.0,0.0,ETN(원자재),-0.8,,,,,-0.04500306051060471,-0.02891684095545831,2026-05-12
005387,현대차2우B,2026-05-12,4970.0,4385.0,9355.0,47515.0,1.3409079355372464,0.5,2.207882432182178,1.698691303665054,2.153945510867337,6.060519246714569,934,93179.0,0.0,0.0,0.0,운송장비·부품,-2.02,,,,,0.039809257170448836,-0.028956490140637815,2026-05-12
492500,1Q 현대차그룹채권(A+이상)&국고통안,2026-05-12,0.0,3.0,3.0,64.0,-0.8596491229547554,0.3,1.8497251219241828,-0.943559653592201,-0.054519708955387394,0.8516457593765945,935,927.0,0.0,0.0,0.0,ETF(실물복제/수익증권),-0.05,,,,,-0.09808311100644813,-0.02917759321905166,2026-05-12
0072R0,TIGER KRX금현물,2026-05-12,568.0,4989.0,5557.0,13639.0,0.35401863255426336,0.6,1.267321318334833,0.7169937899423189,0.28425504822532305,2.268570156502475,936,14758.0,0.0,0.0,0.0,ETF(실물복제/수익증권),1.5,,,,,0.01469387773823391,-0.03024922707206422,2026-05-12
084870,TBH글로벌,2026-05-12,-18.0,0.0,-18.0,-32.0,-0.1962174943748637,0.6,-0.8069331153429148,-0.5946645908857481,0.5097533011962819,-0.8918444050323809,937,417.0,47.62,42.0,0.67,섬유·의류,-1.23,1.45,68.02,2.22,-6.26,-0.09634309581458986,-0.03046150712725566,2026-05-12
093370,후성,2026-05-12,1833.0,-1501.0,332.0,-8226.0,-0.6662623039815883,0.7,-0.22673638079145378,-0.7754287492893274,2.160246666135979,1.158081536055198,938,13300.0,248.0,50.0,3.98,화학,-7.53,1.61,112.53,7.71,0.0,-0.011124837616877239,-0.03059817067150714,2026-05-12
Q530015,삼성 미국 대형 성장주 ETN(H),2025-11-28,0.0,0.0,0.0,0.0,-1.0,0.1,-0.6831300475639732,-0.4830458895952035,0.7888104821910905,-0.37736545496808616,939,,,,,,,,,,,-0.03318718561475273,-0.030663179743743024,2026-05-12
269370,TIGER S&P글로벌인프라(합성),2026-05-12,0.0,15.0,15.0,40.0,0.7916666644270833,0.7,0.7108553506084092,0.1765546257005671,0.8977117044754986,1.785121680784475,940,133.0,0.0,0.0,0.0,ETF(합성복제/수익증권),1.55,,,,,-0.023785143030464723,-0.030719820291099743,2026-05-12
357870,TIGER CD금리투자KIS(합성),2026-05-12,-209.0,1476.0,1267.0,5563.0,-0.39035561226458093,0.6,1.2844717687346696,-0.488333729808446,1.39388091681922,2.190018955745444,941,44690.0,0.0,0.0,0.0,ETF(합성복제/수익증권),0.0,,,,,0.00844176725045753,-0.030793959624836626,2026-05-12
Q610001,메리츠 인플레이션 국채 ETN,2026-05-12,0.0,1.0,1.0,1.0,0.11111107407407528,0.1,1.2605291953877031,-0.06618141029658967,3.614783056460798,4.809130841551911,942,241.0,0.0,0.0,0.0,ETN(채권),-0.54,,,,,0.21690423163162356,-0.030889483987192795,2026-05-12
Q570073,한투 인버스 2X 구리 선물 ETN,2026-05-12,0.0,-9.0,-9.0,-10.0,5.0,0.2,-1.7162632044093302,2.8417298529247046,0.8298299406099784,1.9552965891253526,943,64.0,0.0,0.0,0.0,ETN(원자재),-5.4,,,,,-0.010240444554303592,-0.031082938171737396,2026-05-12
122900,아이마켓코리아,2026-05-12,-250.0,-43.0,-293.0,-1198.0,0.635802469019292,0.2,-1.8010377801583914,0.22874552067224194,1.1832157232866356,-0.3890765361995139,944,2487.0,11.87,627.0,0.63,유통,-1.85,5.74,223.2,-7.95,-54.63,-0.06888716453100067,-0.031337481217052446,2026-05-12
473460,KODEX 미국서학개미,2026-05-12,13.0,1649.0,1662.0,10706.0,0.05558467780463472,1.0,1.2263515062331205,-0.9866166455217238,0.46056612283548193,0.7003009835468786,945,2896.0,0.0,0.0,0.0,ETF(실물복제/수익증권),2.19,,,,,-0.11012906639753026,-0.031590895436970814,2026-05-12
152870,파워 200,2026-05-12,67.0,-71.0,-4.0,11.0,0.3846153824852072,0.4,1.0988508855379948,1.866762040945839,-0.3338304332552808,2.631782493228553,946,1562.0,0.0,0.0,0.0,ETF(실물복제/수익증권),-2.22,,,,,0.04360296681452816,-0.031754050245311506,2026-05-12
Q530036,삼성 인버스 2X WTI원유 선물 ETN,2026-05-12,0.0,-197.0,-197.0,-1600.0,-0.7999110715903378,0.1,1.694665972721918,-1.5902397918227291,2.463059726921688,2.5674859078208767,947,527.0,0.0,0.0,0.0,ETN(원자재),-5.56,,,,,0.03848542116173859,-0.032853128370082293,2026-05-12
377740,바이오노트,2026-05-12,124.0,-3.0,121.0,-414.0,2.0297920174767072,0.2,-0.7359704595988655,1.0574181435012813,-0.6831299110640024,-0.3616822271615867,948,4972.0,-5.69,-857.0,0.32,제약,-1.21,-5.56,2.95,15.12,36.76,-0.02650441960863356,-0.03300503186193615,2026-05-12
Q530132,삼성 블룸버그 WTI원유 선물 ETN B,2026-05-12,0.0,0.0,0.0,14.0,-0.9848484848553719,0.6,-0.10488777765789026,-0.7979210646269268,1.2070253681599694,0.30421652587515235,949,201.0,0.0,0.0,0.0,ETN(원자재),-0.4,,,,,-0.14165453982109172,-0.03318615318123512,2026-05-12
002150,도화엔지니어링,2026-05-12,-196.0,-74.0,-270.0,-268.0,0.6888888887637858,0.4,-1.2039660319403145,1.2148735840239295,-1.5722823078664176,-1.5613747557828026,950,2161.0,29.54,217.0,0.84,일반서비스,-4.19,2.88,187.78,19.85,0.0,-0.193097715554821,-0.033300869846438444,2026-05-12
035150,백산,2026-05-12,-89.0,-55.0,-144.0,-278.0,-0.0528483185276013,0.2,0.10582866942248917,-0.7083500364105961,-2.1338115238033097,-2.7363328907914166,951,2211.0,6.94,1590.0,0.87,화학,-4.17,13.22,71.39,1.6,-29.96,-0.06552316552722778,-0.03342258677050133,2026-05-12
Q610072,메리츠 KAP 레버리지 중국 위안화 ETN,2026-05-12,0.0,5.0,5.0,7.0,2.8095237551020413,0.2,2.195923905656334,2.60028149205627,-0.7888104821910908,4.0073949155215125,952,154.0,0.0,0.0,0.0,ETN(통화),1.84,,,,,0.15309181955830328,-0.03343240620333713,2026-05-12
234310,RISE V&S셀렉트밸류,2026-05-12,1.0,-3.0,-2.0,7.0,-0.47368421329639887,0.2,0.8163452689740782,-0.5816076590910325,0.6396345221731102,0.8743721320561559,953,155.0,0.0,0.0,0.0,ETF(실물복제/수익증권),-4.43,,,,,-0.09627425523327546,-0.033630974580767255,2026-05-12
Q530096,삼성 인버스 구리 선물 ETN(H),2026-05-12,0.0,-8.0,-8.0,-6.0,0.26126125785244714,0.3,0.0704501944550781,0.4527593975114754,0.9281908540922186,1.4514004460587722,954,65.0,0.0,0.0,0.0,ETN(원자재),-2.34,,,,,-0.05034695254469414,-0.03365420585318622,2026-05-12
475720,RISE 200위클리커버드콜,2026-05-12,55.0,2501.0,2556.0,25321.0,-0.7194907580038146,0.7,0.7709382646675496,-1.3696968991383172,1.744871924713403,1.1461132902426354,955,9192.0,0.0,0.0,0.0,ETF(실물복제/수익증권),-1.66,,,,,-0.07464561393072836,-0.03400919287035402,2026-05-12
105840,우진,2026-05-12,547.0,-540.0,7.0,-5694.0,-0.25676726820450846,0.6,-1.0167056931268568,-0.6886205317699113,-0.14564380034179436,-1.8509700252385626,956,4908.0,56.51,430.0,2.47,의료·정밀기기,-3.38,4.48,23.23,6.86,-11.97,-0.05886565202564609,-0.03414135166375091,2026-05-12
467620,KIWOOM 25-09 미국채권(AA-이상)액티브,2025-09-25,0.0,0.0,0.0,-3.0,-0.7507788164322939,0.6,-0.4065391749878897,-0.9528133872090659,0.9354142591934927,-0.4239383030034628,957,,,,,,,,,,,-0.036894049276178446,-0.03450923189729627,2026-05-12
458750,TIGER 미국배당다우존스타겟커버드콜1호,2026-05-12,173.0,70.0,243.0,-98.0,0.19832893571690868,0.3,1.741183901517173,0.5759724075795937,1.6782924583566097,3.995448767453376,958,616.0,0.0,0.0,0.0,ETF(실물복제/수익증권),1.27,,,,,0.15214099211193047,-0.03471582626906818,2026-05-12
472720,TRUSTON 주주가치액티브,2026-05-12,4.0,44.0,48.0,-15.0,2.185185184005487,0.7,-0.9303061273251089,1.8383311659392931,1.3542924181725635,2.262317456786748,959,171.0,0.0,0.0,0.0,ETF(Active/수익증권),-2.25,,,,,0.014196207822397331,-0.0347513990507423,2026-05-12
182480,TIGER 미국MSCI리츠(합성 H),2026-05-12,-9.0,133.0,124.0,446.0,-0.6174863388152328,1.0,-0.6436019934918316,-0.7080054596231276,0.4492234786954356,-0.9023839744195234,960,1509.0,0.0,0.0,0.0,ETF(합성복제/수익증권),0.44,,,,,-0.2376912594351243,-0.03487500621156698,2026-05-12
010420,한솔PNS,2025-09-24,0.0,0.0,0.0,0.0,-1.0,0.0,0.5825752522762709,-0.378932337834088,-0.63963452217311,-0.43599160773092704,961,,,,,,,,,,,-0.03785340562175536,-0.03550461097673939,2026-05-12
458250,TIGER 미국30년국채스트립액티브(합성 H),2026-05-12,-238.0,938.0,700.0,7990.0,0.1486398542123979,0.8,1.960021150875974,-0.2802877535478421,0.0,1.6797333973281319,962,5399.0,0.0,0.0,0.0,ETF,-0.76,,,,,-0.032173292236792106,-0.03598322547489054,2026-05-12
Q760019,키움 리츠부동산인프라 ETN,2026-05-12,0.0,0.0,0.0,0.0,-1.0,0.1,0.0,-0.7400706489193128,1.0327953589886834,0.2927247100693705,963,111.0,0.0,0.0,0.0,ETN(부동산),-1.94,,,,,-0.1425692056878193,-0.03602367380287226,2026-05-12
218420,KODEX 미국S&P500에너지(합성),2026-05-12,-103.0,14.0,-89.0,1383.0,-0.4910941476042794,0.6,1.224386322440215,-0.541448564076622,0.09834554685923581,0.7812833052228287,964,553.0,0.0,0.0,0.0,ETF(합성복제/수익증권),3.06,,,,,-0.10368345617394155,-0.03635552361402522,2026-05-12
017180,명문제약,2026-05-12,13.0,0.0,13.0,-162.0,0.31034482713436384,0.4,-0.8072482131973533,0.10693750330152027,-0.3338304332552806,-1.0341411431511136,965,565.0,29.7,56.0,0.56,제약,0.67,1.94,160.83,4.72,254.36,-0.017126097136440782,-0.03655517387148523,2026-05-12
011785,금호석유화학우,2026-05-12,-414.0,-3.0,-417.0,833.0,4.520094562158384,0.4,1.255983042864742,2.4452631681502726,0.9491528489047308,4.650399059919746,966,1787.0,0.0,0.0,0.0,화학,-3.59,,,,,-0.023779845759820888,-0.0368965764681238,2026-05-12
261920,ACE 필리핀MSCI(합성),2026-05-12,0.0,0.0,0.0,0.0,-0.444444445473251,0.3,1.0629012237412614,-0.9639206433993189,1.7577413045047376,1.8567218848466802,967,53.0,0.0,0.0,0.0,ETF(합성복제/수익증권),-0.42,,,,,-0.018086281874555854,-0.03690255718118104,2026-05-12
453660,KODEX 미국S&P500경기소비재,2026-05-12,0.0,33.0,33.0,323.0,0.5978835976299657,0.9,0.8041811335964143,-0.1307795883308901,1.6906604162221317,2.364061961487656,968,142.0,0.0,0.0,0.0,ETF(실물복제/수익증권),0.03,,,,,0.02229433845291129,-0.03736786914690357,2026-05-12
387280,TIGER 퓨처모빌리티액티브,2026-05-12,1.0,-113.0,-112.0,51.0,1.308904648784341,0.7,0.08740808208443056,0.6959644263810649,1.08012336223465,1.8634958707001454,969,220.0,0.0,0.0,0.0,ETF(Active/수익증권),-2.57,,,,,-0.017547121332255583,-0.03754070576152804,2026-05-12
433330,SOL 미국S&P500,2026-05-12,27.0,82.0,109.0,393.0,0.8628331834205303,0.3,1.9808957497539095,1.5256114865166805,0.2770086129544486,3.7835158492250383,970,2849.0,0.0,0.0,0.0,ETF(실물복제/수익증권),1.09,,,,,0.13527265645326972,-0.0385603421760681,2026-05-12
012205,계양전기우,2026-05-12,175.0,-9.0,166.0,422.0,4.134502922175028,0.6,2.645279262721428,2.7347116169108117,1.572282175434019,6.952273055066259,971,205.0,0.0,0.0,0.0,기계·장비,29.96,,,,,0.17624652697778093,-0.038686065416405985,2026-05-12
251340,KODEX 코스닥150선물인버스,2026-05-12,-295.0,-3195.0,-3490.0,1992.0,-0.6110442696289784,0.8,0.03172859172320852,-0.6669206399910355,1.0894304960422025,0.4542384477743756,972,1685.0,0.0,0.0,0.0,ETF(실물복제/수익증권),2.53,,,,,-0.12971387408634738,-0.038753851658561364,2026-05-12
367740,HANARO Fn5G산업,2026-05-12,6.0,-182.0,-176.0,-182.0,0.907051281592856,0.5,-1.0166192011567845,0.9639584069378652,0.8334108056971105,0.7807500114781911,973,237.0,0.0,0.0,0.0,ETF(실물복제/수익증권),-1.74,,,,,-0.10372590251953245,-0.03880159268177312,2026-05-12
090430,아모레퍼시픽,2026-05-12,-9676.0,-1924.0,-11600.0,-77040.0,-0.11656606133365888,0.2,-1.0323960027799097,-0.8780298694300032,-1.0420638786975749,-2.9524897509074877,974,72063.0,36.1,3413.0,1.56,화학,-3.67,4.41,26.49,9.47,52.32,-0.1395208481698012,-0.039043208203138745,2026-05-12
450910,SOL 코스닥150,2026-05-12,-76.0,195.0,119.0,606.0,0.7746913578192873,0.9,1.4121643051737833,1.0226534097588824,-0.07543908550999888,2.359378629422667,975,468.0,0.0,0.0,0.0,ETF(실물복제/수익증권),-2.49,,,,,0.021921578912139555,-0.039523110257294866,2026-05-12
270810,RISE 코스닥150,2026-05-12,152.0,377.0,529.0,2624.0,0.061323618681335956,0.8,1.4588397398149853,-0.6734235786988353,0.9545999726331835,1.7400161337493336,976,4799.0,0.0,0.0,0.0,ETF(실물복제/수익증권),-2.81,,,,,-0.027375220087944407,-0.03959056164395551,2026-05-12
0021E0,ACE TDF2050액티브,2026-05-12,13.0,29.0,42.0,265.0,-0.5979335130549461,0.8,0.15526866541001624,-0.9592650650381301,2.552524848753608,1.748528449125494,977,705.0,0.0,0.0,0.0,ETF(Active/수익증권),0.43,,,,,-0.026697701021072745,-0.040175627309240805,2026-05-12
251270,넷마블,2026-05-12,-107.0,320.0,213.0,-36811.0,1.881548504370513,0.4,-1.6138636143560348,0.8532255285011063,0.17939871623105347,-0.5812393696238749,978,34382.0,16.02,2618.0,0.63,IT 서비스,-1.87,4.15,47.36,6.43,63.47,0.00249697509161647,-0.04105006157802843,2026-05-12
180640,한진칼,2026-05-12,-2762.0,-696.0,-3458.0,-8425.0,-0.12355413603334686,0.3,-0.13662774117744275,-0.2355627527640953,-0.21251183667097803,-0.5847023306125161,979,73238.0,47.63,2303.0,2.21,금융,-1.08,4.75,20.93,2.12,0.0,-0.04482243963858422,-0.041062321143691044,2026-05-12
00279K,아모레퍼시픽홀딩스3우C,2026-05-12,81.0,9.0,90.0,269.0,1.126276693929542,0.9,1.373209756212631,0.6055600742089365,1.7603251213083735,3.739094951729941,980,1606.0,0.0,0.0,0.0,화학,-2.79,,,,,-0.0963130969062994,-0.04137073481483273,2026-05-12
487910,ACE 인도컨슈머파워액티브,2026-05-12,0.0,6.0,6.0,64.0,-0.13793103522592154,0.7,0.8563984344205003,-0.047567796500523486,1.9190122597837342,2.7278428977037112,981,114.0,0.0,0.0,0.0,ETF(Active/수익증권),-0.51,,,,,0.051248683958138114,-0.042021713688749386,2026-05-12
090350,노루페인트,2026-05-12,-382.0,-22.0,-404.0,-1471.0,0.3564374882789394,0.2,-1.7010686799423278,0.06772207220859688,-2.2762448253685323,-3.909591433102263,982,1624.0,10.1,804.0,0.4,화학,-1.58,4.0,66.34,-2.87,-30.88,-0.11360875764817689,-0.042809045763073234,2026-05-12
Q760008,키움 코스닥 150 TR ETN,2026-05-12,0.0,0.0,0.0,2.0,-0.44444445370370356,0.2,1.174808741628829,0.959334015723594,-1.366259822128004,0.7678829352244192,983,287.0,0.0,0.0,0.0,ETN(주식),-2.41,,,,,-0.1047500292243814,-0.04296908228145195,2026-05-12
0066W0,SOL 국제금,2026-05-12,-6.0,1048.0,1042.0,2411.0,0.2613410046191338,0.8,1.2433112270931976,-0.1964059595362482,0.8121670444460685,1.859072312003018,984,1265.0,0.0,0.0,0.0,ETF(실물복제/수익증권),1.54,,,,,-0.017899204781739092,-0.04300793472971094,2026-05-12
0002C0,에셋플러스 인도일등기업포커스20액티브,2026-05-12,0.0,13.0,13.0,26.0,-0.32330827118548255,0.6,-0.007500388211624029,-0.5387795509438503,1.8422644913419388,1.2959845521864644,985,103.0,0.0,0.0,0.0,ETF(Active/수익증권),-0.52,,,,,-0.062716939644595,-0.04318234985599947,2026-05-12
006890,태경케미컬,2026-05-12,115.0,31.0,146.0,-335.0,-0.26633640014628435,0.3,-0.33286419963448105,-0.19610402833403962,-0.8500473918451956,-1.3790156198137162,986,915.0,10.46,754.0,0.53,화학,-2.59,5.2,30.06,-13.74,-84.95,0.05274743442849436,-0.04354524274570276,2026-05-12
Q520009,미래에셋 레버리지 원유선물혼합 ETN(H),2026-04-09,5.0,-9.0,-4.0,1825.0,-0.6561085972902547,0.7,0.48485536574597354,-1.5642429846548265,0.5428966403464368,-0.5364909785624161,987,,,,,,,,,,,-0.04585243255367963,-0.04380399222401873,2026-05-12
454320,HANARO CAPEX설비투자iSelect,2026-05-12,29.0,78.0,107.0,-178.0,0.3921826964388109,0.4,0.863612568711537,0.1183332452111317,1.8033948542230338,2.7853406681457025,988,1714.0,0.0,0.0,0.0,ETF(실물복제/수익증권),-3.26,,,,,0.05582509284991374,-0.04424538922729343,2026-05-12
005490,POSCO홀딩스,2026-05-12,105662.0,-70188.0,35474.0,55329.0,-0.45691294713324704,0.5,-1.7377522163911525,-1.016033944766536,-0.6396345221731092,-3.393420683330798,989,379567.0,59.25,8085.0,0.65,금속,-6.45,1.18,68.64,-4.94,-15.94,-0.14516967745989556,-0.04450682286345877,2026-05-12
160580,TIGER 구리실물,2026-05-12,-165.0,2712.0,2547.0,7078.0,1.7512849799721404,0.9,2.3601669681689277,2.972054562760853,-0.0834576083138194,5.248763922615962,990,2208.0,0.0,0.0,0.0,ETF(실물복제/수익증권),4.12,,,,,0.25189586219110893,-0.04479441081991957,2026-05-12
039570,HDC랩스,2026-05-12,-89.0,2.0,-87.0,-259.0,-0.07491201622801713,0.1,-0.803471979791214,-0.49142697098860616,-2.011478875864152,-3.3063778266439723,991,2071.0,16.91,472.0,0.69,건설,-0.87,4.6,65.41,2.69,66.16,-0.0669559280939629,-0.0448807081245111,2026-05-12
203780,TIGER 미국나스닥바이오,2026-05-12,0.0,-232.0,-232.0,302.0,0.6961789374001699,0.5,1.163449227321713,1.4052194869852737,0.44370595091997456,3.012374665226961,992,916.0,0.0,0.0,0.0,ETF(실물복제/수익증권),0.71,,,,,0.07389536574903907,-0.04488634037533216,2026-05-12
039130,하나투어,2026-05-12,-1818.0,105.0,-1713.0,-4738.0,0.5983088351319941,0.2,-1.427347849987888,0.4494239388504339,0.5825751377308351,-0.3953487734066189,993,6250.0,19.82,2036.0,4.11,일반서비스,-1.82,19.79,293.44,-4.82,13.17,-0.04339137687144981,-0.04498676161089487,2026-05-12
098560,TIGER 방송통신,2025-12-03,0.0,0.0,0.0,77.0,-0.5680345573287182,0.4,0.4581403788849942,-0.6034447380468311,-0.40824824046386937,-0.5535525996257062,994,,,,,,,,,,,-0.047210414850070104,-0.045212965202946986,2026-05-12
Q520047,미래에셋 인버스 2X 옥수수 선물 ETN,2026-05-12,0.0,3.0,3.0,0.0,2.3333332777777787,0.4,-0.057327000168036296,1.5509461281162285,1.9733858785415843,3.467005006489776,995,293.0,0.0,0.0,0.0,ETN(원자재),0.65,,,,,0.11008067033098315,-0.04596775598121553,2026-05-12
079550,LIG넥스원,2026-05-12,-7818.0,34388.0,26570.0,-133656.0,-0.291999918772189,0.4,-0.8680519577342246,-0.8349794503782465,-1.5925549910026189,-3.29558639911509,996,193380.0,76.33,11516.0,13.43,금속,0.46,19.2,446.35,31.46,43.0,-0.11805881700558113,-0.04603874854010307,2026-05-12
194370,제이에스코퍼레이션,2026-05-12,200.0,198.0,398.0,1682.0,-0.4493392070571218,0.9,-0.5184718760157266,-0.7076396738158927,0.10701374165037626,-1.119097808181243,997,3978.0,5.09,2691.0,0.75,섬유·의류,-3.65,15.29,242.94,15.28,15.88,-0.12140600627586481,-0.046520503447008234,2026-05-12
018880,한온시스템,2026-05-12,-41857.0,-2437.0,-44294.0,-13172.0,1.8810707137197884,0.4,-0.6414364927063215,0.19386069346596208,0.5400616373673364,0.09248583812697692,998,52955.0,-20.08,-257.0,1.41,기계·장비,-9.95,-6.0,168.14,8.85,183.0,-0.2313404194426793,-0.04680333295850594,2026-05-12
0000Z0,RISE 바이오TOP10액티브,2026-05-12,-212.0,-1543.0,-1755.0,-2878.0,-0.7136331954158459,0.4,0.12934308928671756,-0.928308016570733,1.949117846487896,1.1501529192038804,999,1028.0,0.0,0.0,0.0,ETF(Active/수익증권),2.73,,,,,-0.07432408852625433,-0.046945009422884744,2026-05-12
449780,KIWOOM 미국S&P500(H),2026-05-12,-13.0,9.0,-4.0,30.0,-0.5921985817771993,0.5,0.8019534970817508,-0.8312743629893975,1.2379723029052543,1.2086514369976076,1000,326.0,0.0,0.0,0.0,ETF(실물복제/수익증권),-0.03,,,,,-0.06966802734459507,-0.047235719379876584,2026-05-12
J2552221D,SG 17WR,2026-03-06,0.0,0.0,0.0,0.0,-1.0,0.0,0.0,0.0,-0.5825752013671778,-0.5825752013671778,1001,,,,,,,,,,,-0.0495204051618881,-0.047609693009773746,2026-05-12
000720,현대건설,2026-05-12,17011.0,-30154.0,-13143.0,19745.0,-0.36053904171512885,0.3,1.5294426417727374,-0.7597178284776812,0.17939871623105286,0.949123529526109,1002,173715.0,46.99,3320.0,2.12,건설,-5.91,4.58,174.82,-4.92,0.0,0.06465854293744054,-0.04763840392375804,2026-05-12
Q580033,KB 인버스 2X 구리 선물 ETN(H),2026-05-12,0.0,-28.0,-28.0,-4.0,1.0183486220015148,0.4,0.11791443544942322,0.36756435269024995,1.1927967236683974,1.6782755118080706,1003,25.0,0.0,0.0,0.0,ETN(원자재),-5.57,,,,,-0.03228932943625068,-0.04787577541486992,2026-05-12
004020,현대제철,2026-05-12,1413.0,11164.0,12577.0,7739.0,-0.003103645786097453,0.5,1.6896069857151463,-0.2801957446036499,0.21807883582154813,1.6274900769330447,1004,56581.0,-815.38,-52.0,0.29,금속,-2.86,-0.04,73.6,-2.12,37.46,0.14269400211860506,-0.04789721572955789,2026-05-12
Q500070,신한 인버스 2X 코스피 200 선물 ETN,2026-04-29,0.0,0.0,0.0,-17.0,-0.8013816926248579,0.4,0.9245248166846515,-0.6788834128470589,-0.7888104821910881,-0.5431690783534955,1005,,,,,,,,,,,-0.046383961255212394,-0.04864923757890081,2026-05-12
015890,태경산업,2026-05-12,19.0,5.0,24.0,-486.0,0.01162425375322429,0.5,-1.6027989173106543,-0.4384396576284696,-1.7608419539509423,-3.802080528890066,1006,1422.0,8.48,574.0,0.46,화학,-2.31,5.41,67.64,15.01,-0.45,-0.08563226085800041,-0.04869928906445638,2026-05-12
192090,TIGER 차이나CSI300,2026-05-12,242.0,-410.0,-168.0,438.0,0.2020748758771711,0.8,-0.4201154170609336,0.5970818571588487,0.1922594368026512,0.3692258769005663,1007,1619.0,0.0,0.0,0.0,ETF(실물복제/수익증권),1.03,,,,,-0.13648026315272205,-0.049008822921044456,2026-05-12
214420,토니모리,2026-05-12,-172.0,-43.0,-215.0,-527.0,-0.35790598292656284,0.3,0.46066341193414034,-0.651066801058067,-1.8708283433870352,-2.061231732510962,1008,1715.0,15.4,463.0,1.44,화학,-5.06,9.76,81.08,24.45,18.7,-0.06793026320813575,-0.0499594790404457,2026-05-12
476810,KODEX 25-11 은행채(AA-이상)PLUS액티브,2025-11-18,0.0,0.0,0.0,100.0,0.06782106735880755,0.8,0.05340308181512263,0.36712783052527853,-1.0327953589886818,-0.6122644466482806,1009,,,,,,,,,,,-0.05188345550366831,-0.05006147319002,2026-05-12
003030,세아제강지주,2026-05-12,2252.0,-2270.0,-18.0,332.0,-0.677451971690205,0.4,-0.1482411540144753,-1.009859449351825,-1.4288689291235253,-2.5869695324898254,1010,7679.0,12.14,15274.0,0.36,금융,-5.31,3.11,121.24,2.3,-2.73,-0.06342930338397958,-0.050140668822947806,2026-05-12
291890,KODEX MSCI EM선물(H),2026-05-12,0.0,0.0,0.0,27.0,2.809523798639456,0.3,1.9084748927474762,2.271681905366773,-1.350154202793313,2.8300025953209365,1011,56.0,0.0,0.0,0.0,ETF(실물복제/수익증권),-1.51,,,,,0.059379860957918695,-0.05026692680091524,2026-05-12
494330,ACE 라이프자산주주가치액티브,2026-05-12,10.0,293.0,303.0,1914.0,0.4137720901372173,0.6,1.7177651919763544,0.8716030715387793,0.632455432033691,3.2218236955488244,1012,1151.0,0.0,0.0,0.0,ETF(Active/수익증권),-2.84,,,,,0.09056600179928051,-0.05031392108909596,2026-05-12
Q550086,N2 미국달러 SOFR금리 플러스 ETN,2025-12-04,0.0,0.0,0.0,0.0,-1.0,0.0,0.6281206236236707,-0.482277563323366,-0.7629747460174375,-0.6171316857171328,1013,,,,,,,,,,,-0.05227085271893191,-0.05046341672777397,2026-05-12
462520,조선내화,2026-05-12,-27.0,-12.0,-39.0,-94.0,0.2994350275144435,0.5,-0.9828849798197298,0.17378731005239942,0.8750403637898564,0.06594269402252606,1014,1685.0,75.59,188.0,0.76,비금속,-1.32,1.02,116.28,6.27,19.19,-0.018597850774461615,-0.05105576404570585,2026-05-12
271060,KODEX 3대농산물선물(H),2026-05-12,-48.0,196.0,148.0,1285.0,-0.7524872603797018,0.6,1.6831886585253397,-0.8459822867541341,1.7638340518208524,2.601040423592058,1015,356.0,0.0,0.0,0.0,ETF(실물복제/수익증권),0.94,,,,,0.04115611922801207,-0.05134605810330012,2026-05-12
354500,ACE 코스닥150,2026-05-12,112.0,2912.0,3024.0,11047.0,0.4024478041670114,0.9,1.7526753485674977,-0.12592015149738478,0.44922347869543217,2.075978675765545,1016,2070.0,0.0,0.0,0.0,ETF(실물복제/수익증권),-2.4,,,,,-0.0006350186372166573,-0.051671478363580665,2026-05-12
484880,SOL 금융지주플러스고배당,2026-05-12,-175.0,-711.0,-886.0,3696.0,-0.11686193089784314,0.7,0.8732568059804189,-0.6962469615629437,0.6305969503343192,0.8076067947517943,1017,4067.0,0.0,0.0,0.0,ETF(실물복제/수익증권),-2.77,,,,,-0.1015882957769926,-0.051730748524430256,2026-05-12
226980,KODEX 200 중소형,2026-05-12,-19.0,127.0,108.0,127.0,-0.21596244142498178,0.6,1.0665634001276287,-0.01274555949002968,1.8405580337544554,2.8943758743920545,1018,284.0,0.0,0.0,0.0,ETF(실물복제/수익증권),-3.14,,,,,0.06450351087458872,-0.05189202411217853,2026-05-12
482730,TIGER 미국S&P500타겟데일리커버드콜,2026-05-12,32.0,186.0,218.0,3410.0,-0.12173387706779482,0.5,1.4527508473019692,-0.8117944886624003,1.2808815218033895,1.9218378804429586,1019,5949.0,0.0,0.0,0.0,ETF(실물복제/수익증권),1.13,,,,,-0.012903517065539856,-0.05196216200544108,2026-05-12
019440,세아특수강,2026-02-11,0.0,0.0,0.0,0.0,-1.0,0.0,0.47741382425846385,-0.35825052547761205,-0.7550700720788864,-0.6359067732980346,1020,,,,,,,,,,,-0.05376521462355205,-0.05201389021328699,2026-05-12
114100,RISE 국고채3년,2026-05-12,0.0,-35.0,-35.0,12.0,1.356902354521647,0.5,0.724406144092698,1.3348658377975395,-0.9211322456709672,1.1381397362192702,1021,1594.0,0.0,0.0,0.0,ETF(실물복제/수익증권),-0.17,,,,,-0.07528025146973341,-0.053189418152313636,2026-05-12
464240,KIWOOM 26-09회사채(AA-이상)액티브,2026-05-12,0.0,68.0,68.0,41.0,1.161458331644694,0.6,0.619028004612077,1.8496003572755177,-0.04484968207500434,2.4237786798125907,1022,1877.0,0.0,0.0,0.0,ETF(Active/수익증권),0.02,,,,,0.027047359633195295,-0.053386712362890484,2026-05-12
0013P0,RISE 미국은행TOP10,2026-05-12,0.0,102.0,102.0,217.0,0.27824858729980595,1.0,0.24587581656453222,-0.10707574463087811,1.7709977776102734,1.9097978495439276,1023,154.0,0.0,0.0,0.0,ETF(실물복제/수익증권),0.34,,,,,-0.013861816909864573,-0.05342445283552795,2026-05-12
252000,TIGER 200동일가중,2026-05-12,5.0,-10.0,-5.0,16.0,-0.8198198198893875,0.8,-0.35979875350741974,-0.9770460657662031,1.9491178464878947,0.6122730272142718,1024,209.0,0.0,0.0,0.0,ETF(실물복제/수익증권),-2.68,,,,,-0.11713545845392859,-0.05381551302421713,2026-05-12
496120,ACE 코리아밸류업,2026-05-12,-204.0,35.0,-169.0,-353.0,2.752688170832466,0.5,-3.2554105310070733,1.619835894137285,0.47117558050223063,-1.1643990563675577,1025,308.0,0.0,0.0,0.0,ETF(실물복제/수익증권),-1.47,,,,,-0.2585457750378825,-0.054056027901851454,2026-05-12
241180,TIGER 일본니케이225,2026-05-12,223.0,177.0,400.0,1123.0,0.08793755332035835,0.8,0.11520809925124076,-0.08848959515443691,-0.1456437844327098,-0.11892528033590596,1026,4773.0,0.0,0.0,0.0,ETF(실물복제/수익증권),1.05,,,,,-0.1753335835394909,-0.05424942618406293,2026-05-12
465670,TIGER 미국캐시카우100,2026-05-12,0.0,23.0,23.0,59.0,-0.09523809566893426,0.7,0.4977362557543868,-0.5196004240754256,1.8902158839106387,1.8683517155896,1027,123.0,0.0,0.0,0.0,ETF(실물복제/수익증권),0.29,,,,,-0.017160631011703037,-0.05431457451399117,2026-05-12
Q530105,삼성 인버스 2X 코스피200 선물 ETN,2026-04-29,0.0,0.0,0.0,-366.0,-0.592723004702006,0.1,1.8515430257152734,-0.902204639873491,-1.5890765762006738,-0.6397381903588913,1028,,,,,,,,,,,-0.05407016785861873,-0.0548489352805037,2026-05-12
004440,삼일씨엔에스,2026-05-12,56.0,0.0,56.0,203.0,-0.601761439808438,0.4,1.3857203300170298,-0.5992119231914533,1.392286281138334,2.1787946879639106,1029,858.0,-42.66,-158.0,0.32,비금속,-2.03,-0.75,47.55,2.24,0.0,0.04610720839390438,-0.05518316543423539,2026-05-12
309230,ACE 미국WideMoat동일가중,2026-05-12,14.0,241.0,255.0,1517.0,0.44921060464182827,0.9,1.741862000630394,-0.33226710522336983,-0.25819883974717284,1.1513960556598513,1030,1297.0,0.0,0.0,0.0,ETF(실물복제/수익증권),-0.63,,,,,-0.07422514380740589,-0.055380543816112425,2026-05-12
0023A0,SOL 미국양자컴퓨팅TOP10,2026-05-12,122.0,3501.0,3623.0,14005.0,0.07313986076792411,1.0,0.2987203700221379,-0.5221681588728124,0.8298299406099776,0.6063821517593031,1031,5401.0,0.0,0.0,0.0,ETF(실물복제/수익증권),7.42,,,,,-0.11760432976155016,-0.055438299968798704,2026-05-12
008250,이건산업,2026-05-12,-49.0,0.0,-49.0,-138.0,0.5283842788085658,0.3,-1.4984955939369895,0.7234230564607244,-0.29580396727998276,-1.0708765047562478,1032,400.0,-2.82,-1295.0,0.21,종이·목재,-1.22,-7.25,111.92,-9.07,0.0,-0.14591343371748386,-0.055452178731584784,2026-05-12
401470,KODEX 메타버스액티브,2026-05-12,-47.0,807.0,760.0,2713.0,0.7179934146314744,1.0,2.231351034103061,-0.08234590888418691,0.0,2.149005125218874,1033,803.0,0.0,0.0,0.0,ETF(Active/수익증권),-0.71,,,,,0.005177361391504485,-0.05545631219075979,2026-05-12
176950,KODEX 국채선물10년인버스,2026-05-12,0.0,-43.0,-43.0,-36.0,4.287356303606818,0.5,-3.0669945195392367,1.4548799394051426,1.7383392081617428,0.12622462802764867,1034,71.0,0.0,0.0,0.0,ETF(실물복제/수익증권),0.89,,,,,-0.15582141442704092,-0.05609714587001034,2026-05-12
Q500035,신한 레버리지 미국달러 선물 ETN,2026-05-12,0.0,0.0,0.0,-8.0,-0.16666667187500006,0.3,-1.002645332006075,-0.5269720371794672,2.169897816159324,0.6402804469737817,1035,349.0,0.0,0.0,0.0,ETN(통화),2.07,,,,,-0.11490626932471831,-0.05614229481318794,2026-05-12
Q610086,메리츠 인버스2X 미국채30년 스트립 ETN(H),2026-05-12,0.0,0.0,0.0,0.0,-1.0,0.1,-0.02670739469293692,-0.5662388448065994,1.0327953589886834,0.43984911948914707,1036,109.0,0.0,0.0,0.0,ETN(채권),0.98,,,,,-0.13085916110191323,-0.05661027701901604,2026-05-12
232080,TIGER 코스닥150,2026-05-12,-936.0,13995.0,13059.0,91330.0,0.5742000503892739,1.0,1.5757783169127724,-0.37736077304466714,0.0,1.1984175438681053,1037,19412.0,0.0,0.0,0.0,ETF(실물복제/수익증권),-2.47,,,,,-0.07048257161570881,-0.05680650904832506,2026-05-12
Q530125,삼성 인버스 2X 일본니케이225선물 ETN(H),2026-05-12,0.0,-13.0,-13.0,-43.0,-0.6815286624710941,0.5,0.6161849710417238,-0.6285184261051656,1.7638340518208528,1.751500596757411,1038,52.0,0.0,0.0,0.0,ETN(주식),-1.14,,,,,-0.026461139451018523,-0.057131499805994045,2026-05-12
013890,지누스,2026-05-12,-85.0,-39.0,-124.0,-1149.0,0.8147828586297283,0.2,-1.614966219307518,0.11072652344859744,-1.5105570459849333,-3.014796741843854,1039,2495.0,-13.47,-832.0,0.38,제조,-0.8,-2.8,65.26,-0.78,0.0,-0.14270550929448272,-0.05764906401842804,2026-05-12
403790,마이다스 코스피액티브,2026-05-12,2.0,-22.0,-20.0,67.0,-0.6029547554193108,0.4,1.2475474002199087,-1.2861173581285854,1.042063878697575,1.0034939207888984,1040,2000.0,0.0,0.0,0.0,ETF(Active/수익증권),-1.71,,,,,-0.08599708974431676,-0.05779854899082083,2026-05-12
Q760017,키움 조선TOP10 ETN,2026-05-12,0.0,-17.0,-17.0,4.0,0.895424832884788,0.4,-0.30488362866999197,1.7764033877939462,0.08345760831381996,1.554977367437774,1041,226.0,0.0,0.0,0.0,ETN(주식),-3.09,,,,,-0.042102974728896264,-0.05790935382260655,2026-05-12
134790,시디즈,2026-05-12,-9.0,0.0,-9.0,-21.0,3.1666666458333337,0.3,-2.527980244504709,1.9968979589895153,0.20835267971885543,-0.32272960579633814,1042,371.0,-16.42,-1131.0,0.5,제조,-2.47,-3.53,56.09,-6.09,0.0,-0.06415078983065248,-0.058156489685997174,2026-05-12
143860,TIGER 헬스케어,2026-05-12,1259.0,-1559.0,-300.0,-232.0,-0.5782664941894369,0.4,0.02400806694545873,-0.9963066423316395,0.2995723178345651,-0.6727262575516155,1043,1824.0,0.0,0.0,0.0,ETF(실물복제/수익증권),1.0,,,,,-0.21941215731585972,-0.05869949819015252,2026-05-12
285130,SK케미칼,2026-05-12,-1603.0,-2570.0,-4173.0,-11676.0,1.1473245309056002,0.1,-2.404770178260916,0.9468588149805609,-2.077658763966335,-3.53557012724669,1044,8736.0,21.92,2304.0,0.43,화학,-4.9,2.0,93.85,36.18,0.0,-0.09649506143683496,-0.059124759987330334,2026-05-12
Q580026,KB 레버리지 은 선물 ETN(H),2026-05-12,0.0,580.0,580.0,1222.0,0.5271966526557659,0.9,0.6141925602143938,0.10498909363951348,2.9169375160639874,3.6361191699178947,1045,391.0,0.0,0.0,0.0,ETN(원자재),10.74,,,,,0.12354094114302203,-0.05912714688308413,2026-05-12
Q700023,하나 Solactive 2X US Tech Top 10 ETN(H),2026-05-12,,,0.0,0.0,-1.0,0.2,-0.6732290903085851,-0.7056226112425096,1.1097814487526363,-0.2690702527984583,1046,1493.0,0.0,0.0,0.0,ETN(주식),-1.35,,,,,-0.18728404321385808,-0.059454522416037756,2026-05-12
006360,GS건설,2026-05-12,7274.0,-1610.0,5664.0,-16415.0,-0.6493403617929847,0.5,0.2465743744767957,-0.9842450991405483,1.8422644913419333,1.1045937666781807,1047,29098.0,31.11,1093.0,0.6,건설,-6.08,2.03,234.2,-3.21,53.11,0.09992945815788368,-0.05949778504450064,2026-05-12
475270,ACE 5월만기자동연장회사채AA-이상액티브,2026-05-12,0.0,18.0,18.0,25.0,1.7956989157127992,0.6,1.3592235213775858,0.7861682080214694,1.0327954256553278,3.178187155054383,1048,445.0,0.0,0.0,0.0,ETF(Active/수익증권),0.0,,,,,0.0870928470944983,-0.05954095148469396,2026-05-12
000150,두산,2026-05-12,26265.0,-22534.0,3731.0,-31085.0,0.32539408816890947,0.5,-1.594658025549169,1.0898479251393605,-0.23204771352305467,-0.7368578139328631,1049,271409.0,472.65,3546.0,19.18,전기·전자,-2.56,4.99,169.14,9.11,5.87,-0.06998976897234893,-0.0596624669656412,2026-05-12
000860,강남제비스코,2026-05-12,-45.0,-27.0,-72.0,-280.0,-0.1939307729928026,0.2,0.11029919551116919,-0.2994476311055447,-0.7292343790159971,-0.9183828146103725,1050,1970.0,-73.19,-207.0,0.32,화학,4.84,-0.43,37.42,-6.93,-59.6,-0.10362366039779831,-0.05967910697356969,2026-05-12
018250,애경산업,2026-05-12,-87.0,-15.0,-102.0,-470.0,-0.6421336934745352,0.2,-0.18124166685293236,-1.1415896975007334,-0.5592315551749124,-1.882062919528578,1051,3542.0,23.28,576.0,0.85,화학,-6.42,3.8,24.74,-3.62,-54.84,-0.05043036559200047,-0.059749311957637635,2026-05-12
483330,ACE 마이크로소프트밸류체인액티브,2026-05-12,-13.0,277.0,264.0,688.0,0.7573849152005974,0.6,0.4900779466677727,0.47392358452020605,0.6324554820336794,1.5964570132216582,1052,189.0,0.0,0.0,0.0,ETF(Active/수익증권),-0.1,,,,,-0.03880149332650716,-0.06087881168403146,2026-05-12
0067V0,TIGER 차이나글로벌리더스TOP3+,2026-05-12,48.0,-19.0,29.0,481.0,2.0548730541224716,0.7,0.2941067078861016,1.0131635608830285,1.0420638786975727,2.3493341474667027,1053,575.0,0.0,0.0,0.0,ETF(실물복제/수익증권),0.0,,,,,0.021122110407827188,-0.06089383315512164,2026-05-12
0047N0,PLUS 차이나AI테크TOP10,2026-05-12,0.0,35.0,35.0,237.0,1.4894514757428476,0.7,1.6772868530474403,1.1014903730804697,0.8143449605196521,3.593122186647562,1054,122.0,0.0,0.0,0.0,ETF(실물복제/수익증권),0.83,,,,,0.12011869059234367,-0.06118534992711834,2026-05-12
464060,HANARO 글로벌반도체TOP10 SOLACTIVE,2025-11-04,0.0,0.0,0.0,-21.0,-0.781021897890138,0.3,0.102520955393244,-0.64394233649711,-0.20835267971885627,-0.7497740608227222,1055,,,,,,,,,,,-0.06282823155628846,-0.0614172130693626,2026-05-12
400970,TIGER Fn메타버스,2026-05-12,12.0,438.0,450.0,1793.0,0.6252909231332313,1.0,2.2194683815718146,-0.10892630100952477,0.25819878974719884,2.3687408703094888,1056,574.0,0.0,0.0,0.0,ETF(실물복제/수익증권),-1.49,,,,,0.02266674593534826,-0.062020936306409154,2026-05-12
Q570065,한투 레버리지 베트남 VN30 선물 ETN(H),2026-05-12,0.0,-2.0,-2.0,268.0,-0.9099099099286396,0.6,1.7081185070662817,-1.0750374776915257,-0.7292343790159954,-0.09615334964123945,1057,357.0,0.0,0.0,0.0,ETN(주식),-2.7,,,,,-0.17352110167605742,-0.062132918441739446,2026-05-12
035000,HS애드,2026-05-12,-16.0,-55.0,-71.0,-358.0,1.0778072496699003,0.4,-2.3684190038094886,0.8592541382663056,-0.25819883974717034,-1.7673637052903535,1058,1410.0,8.28,1051.0,0.67,일반서비스,-0.11,8.38,139.56,-12.78,-7.03,-0.11593580021150854,-0.06249018696708847,2026-05-12
205720,ACE 일본TOPIX인버스(합성 H),2026-05-12,0.0,0.0,0.0,18.0,-0.2753623198907793,0.6,-0.5178217603747144,-0.5340018256511972,0.24779729547062487,-0.8040262905552866,1059,47.0,0.0,0.0,0.0,ETF(합성복제/수익증권),-0.38,,,,,-0.2298626953786297,-0.06251233410619467,2026-05-12
466400,1Q 25-08 회사채(A+이상)액티브,2025-08-26,0.0,0.0,0.0,18.0,-0.7685185188400205,0.4,0.6593453165128075,-0.887560306936047,-0.5428966403464363,-0.7711116307696758,1060,,,,,,,,,,,-0.06452654862290656,-0.06317930000000804,2026-05-12
45014K,코오롱모빌리티그룹우,2026-01-06,0.0,0.0,0.0,0.0,-1.0,0.0,0.47366985006830203,-0.3330777079842408,-0.9180337489146972,-0.777441606830636,1061,,,,,,,,,,,-0.06503036917990244,-0.06370203844286006,2026-05-12
447660,PLUS 애플채권혼합,2026-05-12,0.0,15.0,15.0,99.0,-0.5346628681287761,0.7,0.647189372983981,-0.6255516179158327,1.9001382412125276,1.921775996280676,1062,169.0,0.0,0.0,0.0,ETF(실물복제/수익증권),0.19,,,,,-0.012908442599666727,-0.06424971867652678,2026-05-12
Q530084,삼성 인버스 금 선물 ETN(H),2026-05-12,0.0,1.0,1.0,9.0,-0.49275362429111524,0.6,1.253611934097137,-0.31534984098175645,1.1660916555018455,2.104353748617226,1063,47.0,0.0,0.0,0.0,ETN(원자재),-0.43,,,,,0.0016234330332568197,-0.06480709125782816,2026-05-12
Q570074,한투 S&P 유럽탄소배출권 선물 ETN(H),2026-05-12,,,0.0,1.0,-1.0,0.1,1.032795538988645,-0.4830458895952035,0.4830457748730096,1.032795424266451,1064,110.0,0.0,0.0,0.0,ETN(기타),1.38,,,,,-0.08366490086070857,-0.06487171196127854,2026-05-12
267850,아시아나IDT,2026-05-12,-37.0,2.0,-35.0,-88.0,0.05485232023002018,0.4,-1.6442065921531148,0.4083673585683132,-2.1602465494693384,-3.39608578305414,1065,1159.0,9.85,1060.0,0.69,IT 서비스,-0.38,7.06,30.35,3.01,1.25,-0.15138767996596225,-0.06555298014844116,2026-05-12
0008T0,SOL 화장품TOP3플러스,2026-05-12,1048.0,571.0,1619.0,2552.0,0.19142645970153094,0.7,1.3328543820248768,0.2987475574517288,2.1338115238033066,3.7654134632799123,1066,798.0,0.0,0.0,0.0,ETF(실물복제/수익증권),-0.21,,,,,0.13383183675948337,-0.06621060929090548,2026-05-12
Q530114,삼성 인버스 2X S&P500 선물 ETN,2026-05-12,0.0,-20.0,-20.0,-9.0,0.002331001630071494,0.4,0.5228662233875707,0.002109729531825197,0.4711755805022299,0.9961515334216258,1067,95.0,0.0,0.0,0.0,ETN(주식),0.75,,,,,-0.08658149095807074,-0.06685131640154726,2026-05-12
435530,KIWOOM TDF2030액티브,2026-05-12,0.0,15.0,15.0,-38.0,2.333333326530612,0.4,-1.5678458339381542,0.6704143367026292,1.7999285177503563,0.9024970205148313,1068,82.0,0.0,0.0,0.0,ETF(Active/수익증권),0.31,,,,,-0.09403571644067418,-0.0668691401920958,2026-05-12
Q530121,삼성 항셍테크 ETN(H) B,2026-05-12,0.0,9.0,9.0,4.0,1.3076922899408285,0.3,2.2918798231089093,0.5064891713809239,1.2353645664124429,4.0337335609022755,1069,137.0,0.0,0.0,0.0,ETN(주식),-0.18,,,,,0.1551881862520251,-0.06689413805181836,2026-05-12
Q550063,N2 인버스 레버리지 금 선물 ETN(H),2026-05-12,0.0,0.0,0.0,-2.0,1.5925925637860083,0.2,-0.7888106338577267,0.0699039393107286,1.678292458356613,0.9593857638096149,1070,32.0,0.0,0.0,0.0,ETN(원자재),-2.6,,,,,-0.08950778172851258,-0.06693398763580477,2026-05-12
491080,KODEX 25-12 은행채(AAA)액티브,2025-12-05,0.0,0.0,0.0,110.0,-0.3312434693841452,0.6,0.6523127008342962,-0.932262335878342,-0.5384863777168337,-0.8184360127608795,1071,,,,,,,,,,,-0.06829322898072727,-0.06708741489851265,2026-05-12
139310,TIGER 금속선물(H),2025-08-01,0.0,0.0,0.0,2.0,-0.927536231936568,0.7,-0.8209622624275289,-0.781392377212362,0.7776780668092,-0.8246765728306908,1072,,,,,,,,,,,-0.06878993266808082,-0.06760276924140458,2026-05-12
486290,TIGER 미국나스닥100타겟데일리커버드콜,2026-05-12,8868.0,-9909.0,-1041.0,-574.0,-0.7511461746643198,0.5,0.8557936258908789,-0.7953587591312267,1.3262631811628658,1.386698047922518,1073,15965.0,0.0,0.0,0.0,ETF(실물복제/수익증권),0.9,,,,,-0.0554967979712868,-0.06769125344222449,2026-05-12
488200,KIWOOM K-2차전지북미공급망,2026-05-12,6.0,-49.0,-43.0,171.0,-0.7903563941446292,0.7,-0.6393108759632865,-1.1239921462594782,1.5767121359071608,-0.18659088631560383,1074,391.0,0.0,0.0,0.0,ETF(실물복제/수익증권),-4.03,,,,,-0.1807192789932876,-0.0677363319851155,2026-05-12
006805,미래에셋증권우,2026-05-12,-44.0,5.0,-39.0,3700.0,-0.38630784617341296,0.5,0.6251225083475711,-0.7349681291880256,-0.2581988730804951,-0.36804449392094957,1075,3090.0,0.0,0.0,0.0,증권,-7.97,,,,,-0.27929416560896914,-0.06793686623303297,2026-05-12
292050,RISE KRX300,2026-05-12,0.0,-36.0,-36.0,-43.0,0.34814814754897117,0.5,-1.4750556982916314,0.43945681994024627,0.9698877479540373,-0.06571113039734788,1076,220.0,0.0,0.0,0.0,ETF(실물복제/수익증권),-1.93,,,,,-0.17109812002368738,-0.06839346380336428,2026-05-12
0001S0,TIGER 26-04 회사채(A+이상)액티브,2026-04-21,0.0,0.0,0.0,158.0,-0.940699126097937,0.9,-0.2786605779235089,-1.19909948175409,0.6324554320336909,-0.8453046276439081,1077,,,,,,,,,,,-0.07043177743426153,-0.06930626340130057,2026-05-12
185680,KODEX 미국S&P바이오(합성),2026-05-12,-7.0,3.0,-4.0,-42.0,-0.5182291668548584,0.5,-0.41283318681613357,-1.242652399883303,1.326263118342368,-0.3292224683570686,1078,222.0,0.0,0.0,0.0,ETF(합성복제/수익증권),0.4,,,,,-0.19207172684100254,-0.06940026288156423,2026-05-12
Q760020,키움 레버리지 리츠부동산인프라 ETN,2026-05-12,0.0,-12.0,-12.0,-57.0,5.0,0.4,-2.4685478124412565,1.6469338726945366,0.9271365088518766,0.10552256910515667,1079,118.0,0.0,0.0,0.0,ETN(부동산),-3.92,,,,,-0.1574691493879389,-0.06941292410607221,2026-05-12
Q520083,미래에셋 2X 미국 자율주행대표기업 ETN,2026-05-12,0.0,5.0,5.0,16.0,2.12499998046875,0.5,0.20520618111901673,0.6103213061740366,2.7003081868366796,3.515835674129733,1080,333.0,0.0,0.0,0.0,ETN(주식),1.25,,,,,0.11396724019031876,-0.06943797840383845,2026-05-12
Q610029,메리츠 인버스 2X 구리 선물 ETN(H),2026-05-12,1.0,-32.0,-31.0,-49.0,1.539682533635676,0.1,-2.3769904697778323,0.8730955247549307,1.0327953589886834,-0.4710995860342182,1081,51.0,0.0,0.0,0.0,ETN(원자재),-5.51,,,,,-0.20336412475288798,-0.07016830528754607,2026-05-12
152380,KODEX 국채선물10년,2026-05-12,1.0,-185.0,-184.0,-138.0,-0.11431064584018613,0.5,0.02768881378074851,-0.15806013746366201,1.0394060985313043,0.9090347748483908,1082,365.0,0.0,0.0,0.0,ETF(실물복제/수익증권),-0.81,,,,,-0.09351535822792344,-0.07037688981485275,2026-05-12
460960,ACE 글로벌인컴TOP10 SOLACTIVE,2026-05-12,-8.0,244.0,236.0,242.0,-0.22430160028009483,0.6,1.4833226960132746,-0.4414440544366323,1.662482869063206,2.704361510639848,1083,892.0,0.0,0.0,0.0,ETF(실물복제/수익증권),0.46,,,,,0.04937973447150182,-0.0704696328414386,2026-05-12
285690,FOCUS ESG리더스,2026-05-12,1.0,2.0,3.0,2.0,0.6666666458333332,0.2,1.1684066553486878,-0.14447388209854153,1.168406516393482,2.1923392896436282,1084,84.0,0.0,0.0,0.0,ETF(실물복제/수익증권),-2.12,,,,,0.00862644913641433,-0.07095903943944802,2026-05-12
302440,SK바이오사이언스,2026-05-12,519.0,146.0,665.0,-6457.0,-0.4565798962514953,0.2,-0.03498364206495679,-0.8914419831399545,-0.32203056843384165,-1.2484561936387528,1085,32795.0,-57.03,-733.0,1.83,제약,-0.95,-3.2,45.07,143.46,0.0,-0.06269197347386492,-0.07097578373531846,2026-05-12
009460,한창제지,2026-05-12,,,0.0,0.0,-1.0,0.0,-0.8673941171814146,-0.7620606562817811,-2.0312409309307924,-3.660695704393988,1086,325.0,12.36,44.0,0.34,종이·목재,0.0,2.85,204.68,6.6,0.0,-0.08203849566556656,-0.07127027856004561,2026-05-12
Q610054,메리츠 블룸버그 -2X 천연가스 선물 ETN(H),2025-10-01,0.0,26.0,26.0,30.0,-0.26509186380639427,0.6,-1.0871976292471988,-0.1405909021496633,0.3584193071563792,-0.8693692242404827,1087,,,,,,,,,,,-0.0723471462041283,-0.0712935520784788,2026-05-12
253290,RISE 헬스케어채권혼합,2026-05-12,10.0,-11.0,-1.0,18.0,-0.320987655578418,0.5,1.953185559391884,-0.5942692213743909,1.5157292781055622,2.874645616123056,1088,224.0,0.0,0.0,0.0,ETF(실물복제/수익증권),0.16,,,,,0.06293312425463496,-0.0712998354978113,2026-05-12
Q520046,미래에셋 레버리지 옥수수 선물 ETN,2026-05-12,0.0,-118.0,-118.0,447.0,0.4330484329259503,0.5,1.4625619998045414,-0.08570027472458885,0.4492234786954334,1.8260852037753859,1089,122.0,0.0,0.0,0.0,ETN(원자재),1.46,,,,,-0.020524741289440818,-0.07170806188113607,2026-05-12
243890,TIGER 200에너지화학레버리지,2026-05-12,0.0,249.0,249.0,1178.0,0.13138013629271894,0.8,1.8997229722104823,-0.9732514317976539,1.5275249983186499,2.453996538731478,1090,85.0,0.0,0.0,0.0,ETF(실물복제/수익증권),-7.06,,,,,0.029452483817729358,-0.0720180415254527,2026-05-12
461600,SOL 미국30년국채액티브(H),2026-05-12,0.0,-5.0,-5.0,138.0,-0.8592188919356196,0.6,-0.13772775200887083,-0.6339410717692732,0.48304583320632083,-0.2886229905718231,1091,339.0,0.0,0.0,0.0,ETF(Active/수익증권),-0.52,,,,,-0.18884030047943087,-0.07246935877233643,2026-05-12
105560,KB금융,2026-05-12,-44424.0,24044.0,-20380.0,16949.0,-0.03623907741745558,0.6,0.5301220052624576,-1.005727661367421,1.3624022977932926,0.8867966416883291,1092,572698.0,10.16,15116.0,0.93,금융,-3.27,9.98,1211.73,-4.52,5.87,-0.03630412629235541,-0.07277586269513357,2026-05-12
291130,ACE 멕시코MSCI(합성),2026-05-12,0.0,37.0,37.0,83.0,3.6874999926757814,0.6,2.2346978739084746,2.79182744479437,-1.10872361999274,3.9178016987101048,1093,182.0,0.0,0.0,0.0,ETF(합성복제/수익증권),1.81,,,,,0.14596084402817958,-0.07295263460635956,2026-05-12
195980,PLUS 신흥국MSCI(합성 H),2026-05-12,15.0,133.0,148.0,564.0,-0.20786354444568977,0.9,0.4789187626158515,-0.5785890639868638,0.20835267971885557,0.10868237834784322,1094,1031.0,0.0,0.0,0.0,ETF(합성복제/수익증권),-1.17,,,,,-0.15721765130369345,-0.0731215630623355,2026-05-12
217780,TIGER 차이나CSI300인버스(합성),2026-05-12,-2.0,0.0,-2.0,7.0,-0.6666666683333333,0.4,0.16600920163234656,-0.798171734340134,-0.25819885641383156,-0.890361389121619,1095,76.0,0.0,0.0,0.0,ETF(합성복제/수익증권),-0.91,,,,,-0.2367343481351467,-0.07324591351352853,2026-05-12
117580,대성에너지,2026-05-12,-803.0,-56.0,-859.0,-500.0,0.33208255155309296,0.4,-0.4510555470184366,1.5085847197193802,-1.035874470152355,0.0216547025485887,1096,2266.0,13.12,628.0,0.68,전기·가스,-1.2,8.18,87.42,5.24,134.02,-0.029331020995844573,-0.0735595324871776,2026-05-12
438560,SOL 국고채3년,2026-05-12,-7.0,9.0,2.0,39.0,-0.3333333346666666,0.7,0.9002890681291642,-0.24499151043017223,0.9486831480505395,1.6039807057495317,1097,544.0,0.0,0.0,0.0,ETF(실물복제/수익증권),-0.12,,,,,-0.03820266152626747,-0.07371671735180632,2026-05-12
494210,SOL 미국500타겟데일리커버드콜액티브,2026-05-12,0.0,16.0,16.0,207.0,-0.6124031008753481,0.6,1.071954178259099,-0.8048576270562929,0.0754390855099985,0.3425356367128047,1098,93.0,0.0,0.0,0.0,ETF(Active/수익증권),0.74,,,,,-0.13860461426372958,-0.0738594475631052,2026-05-12
365780,ACE 국고채10년,2026-05-12,8.0,-38.0,-30.0,8.0,-0.5922989807936241,0.4,1.0630899186691127,-0.7464603657708245,1.3542924181725633,1.6709219710708516,1099,5855.0,0.0,0.0,0.0,ETF(실물복제/수익증권),-0.72,,,,,-0.03287461837801575,-0.07386310067640427,2026-05-12
035420,NAVER,2026-05-12,-14766.0,-11416.0,-26182.0,-46710.0,-0.21917528367311434,0.2,1.2290825376750614,-0.8162587793601295,-0.08345760831381993,0.32936615000111197,1100,320023.0,16.48,12376.0,1.11,IT 서비스,-3.55,7.37,41.9,12.08,11.56,0.027832823571911608,-0.07389123380553732,2026-05-12
001780,알루코,2026-05-12,-217.0,126.0,-91.0,-1567.0,-0.7293263514720245,0.3,-0.6029152908162632,-0.5722216371844392,-2.5649289073399335,-3.7400658353406357,1101,2702.0,17.44,160.0,0.83,금속,-2.62,4.86,125.5,-7.59,-8.29,-0.16249149509285457,-0.07534677677530849,2026-05-12
010640,진양폴리,2026-05-12,-25.0,1.0,-24.0,-163.0,0.08241082370882746,0.1,-1.1157943379775281,0.5579608572831329,-2.201397995577578,-2.7592314762719736,1102,361.0,6.84,316.0,0.66,화학,-2.26,9.74,75.39,-0.87,0.26,-0.060445994771944275,-0.07551212955281525,2026-05-12
Q570093,한투 레버리지 천연가스 선물 ETN B,2026-05-12,0.0,553.0,553.0,603.0,0.07137907133452348,0.5,0.9247707582742217,0.2689419098842193,0.903695939115097,2.0974086072735383,1103,217.0,0.0,0.0,0.0,ETN(원자재),8.79,,,,,0.0010706497452168378,-0.07602501574030815,2026-05-12
0000D0,TIGER 엔비디아미국채커버드콜밸런스(합성),2026-05-12,-15.0,308.0,293.0,583.0,0.9714385229566591,0.7,2.1268158646191355,-0.06216265458316994,0.9281908540922177,2.992844064128183,1104,714.0,0.0,0.0,0.0,ETF(합성복제/수익증권),0.99,,,,,0.07234087040351353,-0.07607049833100113,2026-05-12
Q520066,미래에셋 KRX금현물 Auto-KO-C 2810-01 ETN,2026-05-12,0.0,34.0,34.0,127.0,-0.761583445826147,0.7,0.3735234984177968,-0.88874899563224,2.1331987721096874,1.6179732748952442,1105,1561.0,0.0,0.0,0.0,손실제한ETN(원자재),1.68,,,,,-0.03708895368394635,-0.07610927760108527,2026-05-12
Q610023,메리츠 레버리지 미국채10년 ETN(H),2026-05-12,0.0,2.0,2.0,8.0,0.11111110802469137,0.5,1.1060740621447083,-0.20340040662778786,1.7968939147817353,2.6995675702986555,1106,62.0,0.0,0.0,0.0,ETN(채권),-0.49,,,,,0.04899817130765341,-0.07643649825973023,2026-05-12
426150,WON 대한민국국고채액티브,2026-05-12,0.0,-2.0,-2.0,7.0,0.45833332421875017,0.3,0.7015859559932452,0.5392255567161001,0.29957231783456456,1.54038383054391,1107,434.0,0.0,0.0,0.0,ETF(Active/수익증권),-0.95,,,,,-0.04326451528064543,-0.07643944888171256,2026-05-12
423920,TIGER 미국필라델피아반도체레버리지(합성),2026-05-12,-541.0,3869.0,3328.0,3580.0,0.13818181817354058,0.5,1.6053916479458417,0.1156117713307394,0.9698877479540382,2.6908911672306193,1108,8452.0,0.0,0.0,0.0,ETF(합성복제/수익증권),3.28,,,,,0.048307592040945146,-0.07663857964035133,2026-05-12
008110,대동전자,2026-03-27,0.0,0.0,0.0,-332.0,3.6496815257008395,0.0,-1.630601828068927,0.6852141496576857,0.0,-0.9453876784112413,1109,,,,,,,,,,,-0.07839766828405981,-0.0775712643444573,2026-05-12
499150,SOL 미국S&P500엔화노출(H),2026-05-12,0.0,0.0,0.0,90.0,0.13636363507231386,0.7,1.0255088658591318,-0.40839185165492076,0.8143449605196529,1.431461974723864,1110,91.0,0.0,0.0,0.0,ETF(실물복제/수익증권),0.09,,,,,-0.05193391142682237,-0.07769746110762751,2026-05-12
462010,TIGER 2차전지소재Fn,2026-05-12,511.0,2634.0,3145.0,7549.0,0.23265814409803287,0.8,-0.2592247499631821,-0.044294274935602784,1.2353645664124386,0.9318455415136537,1111,8612.0,0.0,0.0,0.0,ETF(실물복제/수익증권),-6.25,,,,,-0.09169978530061405,-0.07770638408177405,2026-05-12
0008S0,TIGER 미국배당다우존스타겟데일리커버드콜,2026-05-12,-39.0,863.0,824.0,-2872.0,-0.3947847180182561,0.3,-0.1313590906396625,-0.2872719119745419,0.19225943680265115,-0.22637156581155324,1112,2303.0,0.0,0.0,0.0,ETF(실물복제/수익증권),1.24,,,,,-0.18388553490141557,-0.07797467917312008,2026-05-12
0048J0,KODEX 미국머니마켓액티브,2026-05-12,-148.0,1928.0,1780.0,3791.0,0.7291341315137159,0.4,2.142431237200334,0.39366442097727283,1.042063878697575,3.578159536875182,1113,6951.0,0.0,0.0,0.0,ETF(Active/수익증권),1.02,,,,,0.1189277713108399,-0.07816720708790256,2026-05-12
Q520078,미래에셋 미국 제약 TOP3 ETN,2026-05-12,0.0,1.0,1.0,1.0,0.11111109876543224,0.2,1.290994443735806,-0.3634435447406621,1.5856945579625827,2.5132454569577267,1114,379.0,0.0,0.0,0.0,ETN(주식),1.69,,,,,0.034168271475482986,-0.07835096009606878,2026-05-12
379780,RISE 미국S&P500,2026-05-12,40.0,182.0,222.0,1967.0,0.7486855940562982,0.6,1.8374680774887697,1.5877541123361063,0.5103577990454048,3.935579988870281,1115,14927.0,0.0,0.0,0.0,ETF(실물복제/수익증권),1.15,,,,,0.147375868029009,-0.07847035338012878,2026-05-12
301410,PLUS 코스닥150선물인버스,2026-05-12,0.0,-1.0,-1.0,0.0,-0.6875000009765625,0.5,0.32702503296982677,-0.6074990381297403,0.6978226399213578,0.41734863476144435,1116,8.0,0.0,0.0,0.0,ETF(실물복제/수익증권),2.55,,,,,-0.13265003781914192,-0.07903468898474766,2026-05-12
Q610080,메리츠 멕시코 페소화 ETN,2026-05-12,,,0.0,0.0,-1.0,0.1,-0.6831300482639732,-0.4830458895952035,0.9036959391150978,-0.2624799987440789,1117,140.0,0.0,0.0,0.0,ETN(통화),1.08,,,,,-0.18675950640100983,-0.07949798226163061,2026-05-12
305720,KODEX 2차전지산업,2026-05-12,-2193.0,11521.0,9328.0,12246.0,0.32781940080383176,0.6,1.5116630177294403,0.021168048559301246,2.3376302033807588,3.8704612696695007,1118,22813.0,0.0,0.0,0.0,ETF(실물복제/수익증권),-6.58,,,,,0.14219288644066805,-0.07984695339614163,2026-05-12
499660,TIGER CD금리플러스액티브(합성),2026-05-12,0.0,-2004.0,-2004.0,-804.0,-0.3825647311216289,0.4,0.8591295670712893,-0.2039855727014024,0.5596802069014705,1.2148242012713575,1119,4460.0,0.0,0.0,0.0,ETF,0.01,,,,,-0.06917671971488926,-0.08019857763880392,2026-05-12
002620,제일파마홀딩스,2026-05-12,-14.0,-26.0,-40.0,-48.0,0.40229884960760987,0.5,-1.3930826696613086,0.14458038694242661,-1.6925934395259072,-2.941095722244789,1120,1343.0,9.18,916.0,0.41,일반서비스,-1.06,4.68,86.88,-15.67,0.0,-0.15191364069925137,-0.08048010699310935,2026-05-12
435550,KIWOOM TDF2050액티브,2026-05-12,0.0,-19.0,-19.0,-22.0,1.3999999968,0.3,-0.25125726640252904,1.5816736212971032,-0.2083526797188563,1.1220636751757178,1121,104.0,0.0,0.0,0.0,ETF(Active/수익증권),0.42,,,,,-0.07655979027861062,-0.08061498952044857,2026-05-12
279540,KODEX 최소변동성,2026-05-12,0.0,-12.0,-12.0,-15.0,0.5238095194557824,0.3,-2.3545056391110917,0.6419082703013024,0.3930705769666041,-1.3195267918431852,1122,140.0,0.0,0.0,0.0,ETF(실물복제/수익증권),-2.89,,,,,-0.2708928268024013,-0.08066440503501106,2026-05-12
481060,KODEX 미국30년국채타겟커버드콜(합성 H),2026-05-12,-189.0,176.0,-13.0,3592.0,-0.5620673471820773,0.6,0.4077724723744303,-1.2183437848382692,0.43943532612618325,-0.3711359863376557,1123,8690.0,0.0,0.0,0.0,ETF(합성복제/수익증권),-0.13,,,,,-0.19540774134899944,-0.08084127074371344,2026-05-12
490490,SOL 미국배당미국채혼합50,2026-05-12,-32.0,332.0,300.0,132.0,0.5524120419902565,0.6,0.5466599268767451,0.12307337943511866,0.5097533011962811,1.179486607508145,1124,4439.0,0.0,0.0,0.0,ETF(실물복제/수익증권),0.79,,,,,-0.07198933796197553,-0.08085836515042022,2026-05-12
001460,BYC,2026-05-12,-100.0,204.0,104.0,72.0,1.116402115842222,0.4,0.9301084696416689,0.34900815993611795,-0.875040363789857,0.40407626578793,1125,2873.0,19.73,2331.0,0.67,섬유·의류,-1.08,3.52,37.92,-1.24,11.5,0.07811297627769753,-0.0809908086766245,2026-05-12
446700,RISE 배터리 리사이클링,2026-05-12,-14.0,158.0,144.0,247.0,0.47147147114005894,0.9,1.32973353255858,0.4974543847355576,1.1982892713382536,3.025477188632391,1126,184.0,0.0,0.0,0.0,ETF(실물복제/수익증권),-3.94,,,,,0.07493823235336775,-0.08113133289926981,2026-05-12
460850,동국씨엠,2026-05-12,4.0,-18.0,-14.0,-292.0,-0.48295513419905844,0.5,-0.5129645314159398,-0.5764649259483294,-2.7472593165663315,-3.8366887739306006,1127,1821.0,-3.44,-1770.0,0.19,금속,-2.72,-5.3,159.06,27.96,0.0,-0.2801056366868273,-0.08143967051081444,2026-05-12
108670,LX하우시스,2026-05-12,1221.0,-37.0,1184.0,4197.0,-0.09938650307853514,0.9,0.466014263113258,-0.5846997433397905,1.7999286456349417,1.6812431654084092,1128,3479.0,-8.84,-4387.0,0.46,화학,0.13,-5.15,160.12,-11.01,-86.6,-0.206123431948544,-0.0814498049116439,2026-05-12
354350,HANARO 글로벌럭셔리S&P(합성),2026-05-12,0.0,62.0,62.0,185.0,-0.6876424988813742,1.0,-0.8004326340810711,-0.6421560572938897,1.651133222045609,0.20854453067064815,1129,117.0,0.0,0.0,0.0,ETF(합성복제/수익증권),-1.2,,,,,-0.14926934238094988,-0.08197836967564165,2026-05-12
486830,HANARO 머니마켓액티브,2026-05-12,0.0,13.0,13.0,51.0,-0.01627742412959432,0.7,0.1527851357579488,-0.5588711001228507,0.11230586967385736,-0.2937800946910445,1130,576.0,0.0,0.0,0.0,ETF(Active/수익증권),0.01,,,,,-0.1892507688674326,-0.08233239246756312,2026-05-12
002790,아모레퍼시픽홀딩스,2026-05-12,-700.0,-1278.0,-1978.0,-8057.0,-0.1824153159872951,0.0,-1.072510327739074,-1.2288632921003582,-2.140517822219913,-4.441891442059346,1131,19497.0,19.19,1329.0,0.66,화학,-4.49,3.64,21.2,8.53,47.63,-0.1679777047949797,-0.08297048776751959,2026-05-12
003610,방림,2026-05-12,-76.0,-22.0,-98.0,-1379.0,0.19518991049148604,0.4,-1.6197995660722622,-0.11436532864741647,-0.5428966403464351,-2.277061535066114,1132,1937.0,32.62,164.0,0.95,섬유·의류,0.19,2.5,40.63,9.98,0.0,-0.17750146281497542,-0.08325792089436172,2026-05-12
001550,조비,2026-05-12,-286.0,0.0,-286.0,-440.0,-0.5323649337589565,0.5,-0.34598267663522164,-0.548261360668791,-0.20835267971885577,-1.1025967170228685,1133,686.0,107.4,123.0,1.3,화학,-2.08,1.22,127.66,-10.7,0.0,-0.19166920171405474,-0.08326038961529587,2026-05-12
468370,KODEX iShares미국인플레이션국채액티브,2026-05-12,0.0,-166.0,-166.0,-181.0,0.9802867378189193,0.6,-2.2900460384271564,2.5378081144313724,-0.0480648592006639,0.19969721680355218,1134,191.0,0.0,0.0,0.0,ETF(Active/수익증권),1.02,,,,,-0.14997352491774157,-0.08342091457083368,2026-05-12
294400,KIWOOM 200TR,2026-05-12,182.0,-737.0,-555.0,1600.0,0.05226217469411076,0.6,0.07323441971536872,-0.5166582977292596,-1.0420638786975744,-1.4854877567114655,1135,22586.0,0.0,0.0,0.0,ETF(실물복제/수익증권),-2.36,,,,,-0.2841021256929926,-0.08367749634809783,2026-05-12
Q520054,미래에셋 레버리지 코스피200 선물 ETN,2026-05-12,-55.0,106.0,51.0,-75.0,-0.05316259219816988,0.7,-0.8218126728897908,-0.22610125993906688,1.852396228205041,0.8044822953761834,1136,5366.0,0.0,0.0,0.0,ETN(주식),-4.52,,,,,-0.10183698344983583,-0.08393415366127968,2026-05-12
304940,KODEX 미국나스닥100선물(H),2026-05-12,-1.0,450.0,449.0,1088.0,0.7183871647634541,0.9,1.3774899915743555,0.4948172073285198,-0.903695939115093,0.9686112597877822,1137,1194.0,0.0,0.0,0.0,ETF(실물복제/수익증권),-0.43,,,,,-0.08877349861629834,-0.08453965644930034,2026-05-12
461580,TIGER 코스닥글로벌,2026-05-12,-52.0,234.0,182.0,597.0,-0.5510140888890999,0.9,0.3471789643423438,-1.2862355231810039,2.1946901378509462,1.2556335790122861,1138,148.0,0.0,0.0,0.0,ETF(실물복제/수익증권),-2.78,,,,,-0.06592858682685253,-0.0846243736874817,2026-05-12
114460,ACE 국고채3년,2026-05-12,0.0,6.0,6.0,39.0,-0.4059405946475836,0.5,1.7438366194139643,-0.6546091738908425,0.4771186894673589,1.5663461349904806,1139,121.0,0.0,0.0,0.0,ETF(실물복제/수익증권),-0.23,,,,,-0.04119810261791196,-0.0846422704173587,2026-05-12
422260,VITA MZ소비액티브,2026-05-12,0.0,48.0,48.0,9.0,-0.047619047896709676,0.5,-0.7406980923025365,-0.7807618491185281,2.0931986948199697,0.5717387533989051,1140,11.0,0.0,0.0,0.0,ETF(Active/수익증권),-2.67,,,,,-0.12036169504857122,-0.08470144584113265,2026-05-12
434960,DAISHIN343 K200,2026-05-12,-37.0,34.0,-3.0,13.0,-0.655172414982164,0.4,0.17247239720711688,-0.6571738730683009,-0.3567529703699861,-0.8414544462311702,1141,841.0,0.0,0.0,0.0,ETF(실물복제/수익증권),-2.17,,,,,-0.23284170731459136,-0.0849082549935876,2026-05-12
456680,TIGER 차이나전기차레버리지(합성),2026-05-12,-4.0,129.0,125.0,168.0,0.3719008262195205,0.5,0.2693144756132078,-0.16829183593766048,1.3262631183423712,1.4272857580179186,1142,734.0,0.0,0.0,0.0,ETF(합성복제/수익증권),-2.56,,,,,-0.05226630823317077,-0.08509702959651685,2026-05-12
023810,인팩,2026-05-12,155.0,0.0,155.0,-172.0,0.14602034699467215,0.3,0.5702022016831207,-0.23070954742115066,-0.06936134054703953,0.27013131371493054,1143,789.0,6.6,1196.0,0.6,운송장비·부품,-4.36,9.32,281.27,4.0,-1.17,0.03907623783562458,-0.08532846371094144,2026-05-12
034590,인천도시가스,2026-05-12,-62.0,-17.0,-79.0,-141.0,1.5060827232315699,0.2,-2.2678301228252993,1.6033882114710287,-0.9096168040281993,-1.5740587153824699,1144,1159.0,6.02,4405.0,0.5,전기·가스,-0.75,8.85,103.01,20.77,17.58,-0.04888892245830029,-0.08568632173954241,2026-05-12
001500,현대차증권,2026-05-12,-460.0,92.0,-368.0,-9207.0,-0.5144450076075575,0.2,-1.7439082755340256,-0.6923478221935275,-2.0390132047851277,-4.475269302512681,1145,7037.0,11.46,993.0,0.43,증권,-6.18,4.21,758.88,1.38,32.11,-0.21213937320520596,-0.08572116404118842,2026-05-12
449180,KODEX 미국S&P500(H),2026-05-12,-874.0,1741.0,867.0,3200.0,-0.6551833222645106,0.7,0.2331358060257341,-0.5826235651654037,2.4202706411007857,2.070782881961116,1146,8821.0,0.0,0.0,0.0,ETF(실물복제/수익증권),0.03,,,,,-0.001048566445829709,-0.08574908589424385,2026-05-12
003680,한성기업,2026-05-12,-23.0,0.0,-23.0,-99.0,-0.3034825874112028,0.3,-0.7046076385353058,-0.5747586646661186,-1.7748237599299022,-3.0541900631313266,1147,309.0,10.89,457.0,0.42,음식료·담배,-1.49,4.25,260.64,3.71,34.0,-0.13680413250261125,-0.08590443752678084,2026-05-12
225130,ACE 골드선물 레버리지(합성 H),2026-05-12,-17.0,-133.0,-150.0,-118.0,-0.3038214151376668,0.3,0.13622493448365297,-0.23912079595623092,1.1832158166199402,1.0803199551473623,1148,292.0,0.0,0.0,0.0,ETF(합성복제/수익증권),1.45,,,,,-0.07988229009112587,-0.0860045205958487,2026-05-12
476000,UNICORN 포스트IPO액티브,2026-05-12,0.0,-3.0,-3.0,21.0,1.2463768067107752,0.3,1.3321144886131318,2.297882882137633,-1.7709977776102752,1.8589995931404895,1149,48.0,0.0,0.0,0.0,ETF(Active/수익증권),-2.71,,,,,-0.01790499268006135,-0.08714374590756765,2026-05-12
150460,TIGER 중국소비테마,2026-05-12,-7.0,25.0,18.0,126.0,0.2820512815322329,0.9,0.4484522528724624,-0.16288479258297112,0.94868314805054,1.2342506083400313,1150,676.0,0.0,0.0,0.0,ETF(실물복제/수익증권),-1.8,,,,,-0.0676305174645946,-0.08720838356669793,2026-05-12
494340,ACE 글로벌AI맞춤형반도체,2026-05-12,-16.0,374.0,358.0,515.0,-0.4359788359967415,0.6,1.3085550038613918,-0.8302707778832809,1.8569721644059651,2.335256390384076,1151,181.0,0.0,0.0,0.0,ETF(실물복제/수익증권),1.23,,,,,0.02000162221856444,-0.08795266401631122,2026-05-12
009240,한샘,2026-05-12,732.0,-4459.0,-3727.0,-9025.0,0.4954515699318609,0.4,-1.7055002702823414,-0.07936621239409807,-0.057326995484937984,-1.8421934781613776,1152,8649.0,18.68,1967.0,1.53,유통,-3.42,12.34,148.39,-8.59,-40.79,-0.2379995674551714,-0.08799730294841045,2026-05-12
003545,대신증권우,2026-05-12,-835.0,-51.0,-886.0,-1000.0,0.5775380613209962,0.4,-0.5898975469888877,-0.02595850348178937,0.9698877479540396,0.3540316974833625,1153,5744.0,0.0,0.0,0.0,증권,-2.98,,,,,-0.221822095344678,-0.08815528771501903,2026-05-12
002780,진흥기업,2026-05-12,790.0,25.0,815.0,377.0,0.018950985112702767,0.3,0.8447763852764981,-0.44209649458338124,-1.0484717464385431,-0.6457918557454263,1154,1789.0,82.0,15.0,0.67,건설,-4.43,0.81,102.63,-4.38,0.0,-0.0065339335665769716,-0.0884763447200188,2026-05-12
Q570098,한투 S&P 레버리지 엔달러 선물 ETN(H),2026-05-12,0.0,-200.0,-200.0,-170.0,-0.4248151191927021,0.5,-0.9586830824888343,-0.6240825970719093,0.0,-1.5827656795607434,1155,62.0,0.0,0.0,0.0,ETN(통화),-0.32,,,,,-0.2918447485404306,-0.08898259920142197,2026-05-12
481340,RISE 미국30년국채액티브,2026-05-12,-1.0,124.0,123.0,96.0,-0.23611111119068284,0.4,1.7828675691033238,-0.48397562196532495,0.733799331859193,2.032691278997192,1156,247.0,0.0,0.0,0.0,ETF(Active/수익증권),0.36,,,,,-0.004080384013120638,-0.08979571449925267,2026-05-12
Q550041,N2 미국 IT TOP5 ETN(H),2026-05-12,0.0,0.0,0.0,1.0,-1.0,0.3,-0.4815434106039464,-0.7777246893153402,1.1776634377995294,-0.08160466211975725,1157,405.0,0.0,0.0,0.0,ETN(주식),0.01,,,,,-0.17236313081170626,-0.09001253027120146,2026-05-12
063160,종근당바이오,2026-05-12,-66.0,-2.0,-68.0,-345.0,-0.239659367535342,0.2,-1.1900093879086167,-0.30819849408878025,-2.114853804829162,-3.6130616868265593,1158,1031.0,11.85,1586.0,0.79,제약,0.0,6.85,117.15,7.11,0.0,-0.14352423195727948,-0.09010079997857201,2026-05-12
Q550084,N2 코스피 200 TR ETN,2026-05-12,0.0,-12.0,-12.0,-47.0,-0.2771084346058936,0.3,-2.650064676639468,-0.5032431093470401,1.032795358988683,-2.1205124269978253,1159,725.0,0.0,0.0,0.0,ETN(주식),-2.93,,,,,-0.33464552111955737,-0.09049624733240982,2026-05-12
004270,남성,2026-05-12,10.0,0.0,10.0,-67.0,-0.15492957865502877,0.2,-1.2905257156133385,-0.19332606112940076,1.1832158399532708,-0.3006359367894684,1160,253.0,-6.8,-1030.0,0.21,유통,-3.98,-3.5,163.92,3.97,0.0,0.04302419879681559,-0.09081521741880808,2026-05-12
289260,TIGER MSCI KOREA ESG리더스,2026-05-12,0.0,-9.0,-9.0,19.0,-0.15032679821863393,0.3,0.41958432518479466,-0.6028005863406001,-1.4819169825640333,-1.6651332437198387,1161,206.0,0.0,0.0,0.0,ETF(실물복제/수익증권),-2.12,,,,,-0.2984006141003288,-0.09097540652359205,2026-05-12
450140,코오롱모빌리티그룹,2026-01-06,0.0,0.0,0.0,0.0,-1.0,0.0,0.3114282042037884,-0.4287046371479929,-0.9941001611424818,-1.1113765940866862,1162,,,,,,,,,,,-0.09160919185782501,-0.09127886552260696,2026-05-12
223190,KODEX 200가치저변동,2026-05-12,7.0,-57.0,-50.0,-11.0,-0.9239222316177548,0.5,0.12090413828943128,-0.7441063802046455,-1.1097814487526354,-1.7329836906678495,1163,330.0,0.0,0.0,0.0,ETF(실물복제/수익증권),-2.15,,,,,-0.3038010215654687,-0.09139954105452207,2026-05-12
385510,KODEX 신재생에너지액티브,2026-05-12,-41.0,4521.0,4480.0,14598.0,-0.0516563097153403,0.5,2.0479414704784094,-0.7004730428643298,1.807392088230139,3.1548605158442187,1164,5808.0,0.0,0.0,0.0,ETF(Active/수익증권),-2.67,,,,,0.08523621442376997,-0.09143032391354027,2026-05-12
466810,BNK 2차전지양극재,2026-05-12,-9.0,207.0,198.0,329.0,-0.3676222597497788,0.7,0.13882624816034833,-0.19358354315210102,1.3922862811383285,1.3375289861465758,1165,121.0,0.0,0.0,0.0,ETF(실물복제/수익증권),-6.11,,,,,-0.05941030156946034,-0.09146758568018543,2026-05-12
465770,STX그린로지스,2026-05-12,-60.0,0.0,-60.0,-125.0,-0.3854748604038575,0.6,-0.47977755469668826,-0.6352052195832643,-0.06061798424712776,-1.1756007585270802,1166,279.0,-0.75,-5201.0,1.19,운송·창고,5.41,-75.41,427.8,171.3,0.0,-0.27974521887188497,-0.09151453409581405,2026-05-12
078000,텔코웨어,2026-05-12,16.0,-11.0,5.0,-55.0,0.5151515140919685,0.3,-0.8077606792858605,2.037522905582549,-1.2239134719948375,0.005848754301851056,1167,1422.0,23.04,668.0,0.71,IT 서비스,-5.41,5.56,26.54,-14.5,-2.64,0.0067897806161989205,-0.091700638971712,2026-05-12
385550,RISE 단기채권알파액티브,2026-05-12,0.0,-103.0,-103.0,-307.0,1.68036529643648,0.5,-0.11380630021390069,0.8371445872389466,0.8298299406099786,1.5531682276350245,1168,3353.0,0.0,0.0,0.0,ETF(Active/수익증권),0.0,,,,,-0.042246969242355215,-0.09176945397540834,2026-05-12
497780,KoAct 미국천연가스인프라액티브,2026-05-12,-41.0,197.0,156.0,227.0,-0.49314251642855444,0.5,1.0633835654324932,-0.41086900973086765,1.5248890879639512,2.177403643665577,1169,279.0,0.0,0.0,0.0,ETF(Active/수익증권),2.74,,,,,0.007437679162675485,-0.09210389409650302,2026-05-12
Q610062,메리츠 인버스 3X 국채30년 ETN,2026-05-12,0.0,-61.0,-61.0,-61.0,0.575342464674423,0.4,-1.468128929548281,0.5859857530388572,0.0,-0.8821431765094236,1170,101.0,0.0,0.0,0.0,ETN(채권),6.5,,,,,-0.23608023753252955,-0.09223021439356464,2026-05-12
489250,KODEX 미국배당다우존스,2026-05-12,-49.0,757.0,708.0,-3093.0,-0.6160626836472471,0.3,0.8627536391171182,-1.1171854630320994,0.8175337643343663,0.5631019404193851,1171,5341.0,0.0,0.0,0.0,ETF(실물복제/수익증권),1.06,,,,,-0.12104912322904227,-0.09230813716319222,2026-05-12
286940,롯데이노베이트,2026-05-12,373.0,-131.0,242.0,485.0,-0.5311004784913349,0.6,0.621487534507442,-0.9438712980721163,0.48304585265076283,0.16066208908608848,1172,3245.0,32.65,657.0,0.76,IT 서비스,0.0,2.35,104.08,-0.89,22.04,-0.12416949658147691,-0.09248410374247244,2026-05-12
456610,TIGER 미국달러SOFR금리액티브(합성),2026-05-12,-28.0,6.0,-22.0,371.0,-0.3691234455709178,0.4,0.7088739323995872,-0.5475440695555395,1.3262631183423674,1.487592981186415,1173,6565.0,0.0,0.0,0.0,ETF,1.13,,,,,-0.04746628711539455,-0.09267310046798687,2026-05-12
329660,KODEX TRF5050,2026-05-12,-30.0,36.0,6.0,-190.0,-0.722376457539013,0.5,-0.2472261956772606,-1.996234307457791,1.446405890745418,-0.7970546123896336,1174,933.0,0.0,0.0,0.0,ETF(실물복제/수익증권),0.55,,,,,-0.22930779995046552,-0.09286734725796689,2026-05-12
003570,SNT다이내믹스,2026-05-12,3447.0,-3673.0,-226.0,-1053.0,-0.7360542771621261,0.5,-1.828666442678451,-1.0501821107443527,-0.08345760831381913,-2.9623061617366226,1175,16992.0,27.59,1852.0,1.39,운송장비·부품,-3.58,7.43,41.74,15.88,-22.67,-0.199332910368487,-0.09377692964630424,2026-05-12
437350,RISE 미국단기투자등급회사채액티브,2026-05-12,0.0,60.0,60.0,223.0,0.719409282156305,0.7,1.9083308320726882,0.8622871863416769,0.478131735711071,3.248749754125436,1176,288.0,0.0,0.0,0.0,ETF(Active/수익증권),1.0,,,,,0.09270912235757764,-0.09395556719248047,2026-05-12
490330,KoAct 미국뇌질환치료제액티브,2026-05-12,0.0,10.0,10.0,76.0,1.7083333305121529,0.5,1.6037989662539205,0.8811503687093849,-0.5991446356691313,1.885804699294174,1177,46.0,0.0,0.0,0.0,ETF(Active/수익증권),0.88,,,,,-0.015771499064505007,-0.09413433458619379,2026-05-12
Q520061,미래에셋 인도네시아 Top5 ETN,2025-12-17,0.0,1.0,1.0,-2.0,-0.06666667039999985,0.5,-1.6161141308641873,-0.13983176210833445,0.6087595256703713,-1.1471863673021505,1178,,,,,,,,,,,-0.09445939219248073,-0.09423608762096294,2026-05-12
147970,TIGER 모멘텀,2026-05-12,0.0,1099.0,1099.0,-140.0,1.0552089241239777,0.5,1.063430954535609,0.4203512919805161,1.6901109776169987,3.173893224133124,1179,440.0,0.0,0.0,0.0,ETF(실물복제/수익증권),-2.41,,,,,0.08675108108343974,-0.09437894873133551,2026-05-12
Q610076,메리츠 인버스 3X 미국채10년 ETN,2026-05-12,0.0,0.0,0.0,0.0,-1.0,0.2,-0.006778031168327658,-0.6498049725546388,0.8143449605196548,0.15776195679668836,1180,99.0,0.0,0.0,0.0,ETN(채권),0.91,,,,,-0.1533112699346193,-0.09442830625624626,2026-05-12
Q610036,메리츠 인버스 2X 대표 농산물 선물 ETN(H),2026-05-12,0.0,1.0,1.0,-2.0,-0.23076923372781066,0.4,-0.1927904078372805,-0.6070333681477259,2.6622355086448866,1.8624117326598801,1181,220.0,0.0,0.0,0.0,ETN(원자재),-1.59,,,,,-0.01763341092103865,-0.09443496052676177,2026-05-12
Q530138,삼성 KRX 레버리지 2차전지 TOP10 TR ETN,2026-05-12,0.0,72.0,72.0,-53.0,0.06516290686773307,0.6,-0.38977331834327866,-1.0032891755324225,1.250116208545666,-0.14294628533003517,1182,451.0,0.0,0.0,0.0,ETN(주식),-14.25,,,,,-0.1772454827313983,-0.09469786949424328,2026-05-12
0080Y0,SOL 조선TOP3플러스레버리지,2026-05-12,697.0,4141.0,4838.0,4389.0,0.37287819436323044,0.8,-0.3018985282583352,-0.43678841643810556,0.9335833781835077,0.19489643348706687,1183,2213.0,0.0,0.0,0.0,ETF(실물복제/수익증권),-5.64,,,,,-0.15035563273319535,-0.09479858345332823,2026-05-12
Q700017,하나 레버리지 코스닥150 선물 ETN,2026-05-12,0.0,-2.0,-2.0,7.0,-0.5000000008333334,0.6,-0.7921680751365869,-0.6184833604435938,0.7419821816033695,-0.6686692539768112,1184,555.0,0.0,0.0,0.0,ETN(주식),-4.67,,,,,-0.21908924901713825,-0.09562214011187228,2026-05-12
018260,삼성에스디에스,2026-05-12,-40560.0,-2409.0,-42969.0,-58654.0,0.02993577086253696,0.1,0.18570270231782687,0.10446806524886836,-0.15990863054327728,0.13026213702341796,1185,138738.0,18.27,9816.0,1.4,IT 서비스,3.22,7.89,31.09,0.74,5.05,-0.028686817883201467,-0.09571776813154105,2026-05-12
002995,금호건설우,2026-05-12,0.0,0.0,0.0,8.0,-1.0,0.2,1.5740154263440127,-0.764253458509403,0.1123058696738583,0.9220678375084681,1186,43.0,0.0,0.0,0.0,건설,-0.07,,,,,-0.23814200923806797,-0.09575662765269326,2026-05-12
280920,PLUS 주도업종,2026-05-12,14.0,92.0,106.0,95.0,5.0,0.4,3.204376965617953,2.1149742608866506,-0.6324554320336916,4.686895794470912,1187,135.0,0.0,0.0,0.0,ETF(실물복제/수익증권),-2.85,,,,,0.20717520123534985,-0.09633420262337337,2026-05-12
475630,TIGER CD1년금리액티브(합성),2026-05-12,-5.0,942.0,937.0,7344.0,0.133260843294845,0.7,0.31972206281087595,1.922793906871909,0.6324554320336918,2.874971401716477,1188,15860.0,0.0,0.0,0.0,ETF,0.01,,,,,0.06295905444418984,-0.09634802412556875,2026-05-12
Q580040,KB 인버스 2X KOSPI 200 선물 ETN,2026-04-29,0.0,0.0,0.0,-219.0,-0.6003996004395205,0.1,0.6059215374410851,-0.9093973235639473,-0.8392868562320677,-1.14276264235493,1189,,,,,,,,,,,-0.09410729551068583,-0.09698020661871071,2026-05-12
Q500051,신한 인버스 2X S&P500 선물 ETN,2026-05-12,0.0,13.0,13.0,27.0,0.03174602928949355,0.3,0.8289051845463478,-0.20899416722759806,0.729234435992726,1.3491454533114755,1190,27.0,0.0,0.0,0.0,ETN(주식),0.6,,,,,-0.05848571435128112,-0.09762707911683452,2026-05-12
233160,TIGER 코스닥150 레버리지,2026-05-12,6312.0,-3078.0,3234.0,13856.0,0.9544760935827636,0.6,1.1319778216132987,1.250322321551812,-1.248635507658556,1.1336646355065547,1191,2467.0,0.0,0.0,0.0,ETF(실물복제/수익증권),-5.03,,,,,-0.07563643729286762,-0.09768650412036689,2026-05-12
030210,다올투자증권,2026-05-12,-136.0,-174.0,-310.0,-1977.0,0.11946140592831722,0.2,-1.9152067186007329,-0.9416586669530429,-2.557810294154959,-5.4146756797087345,1192,2546.0,7.21,580.0,0.43,증권,-4.35,6.64,1195.62,18.85,0.0,-0.23179786877925232,-0.09772088158856936,2026-05-12
272570,RISE 중장기국공채액티브,2026-05-12,0.0,10.0,10.0,12.0,0.3333333295238097,0.6,0.02440684294656783,0.47440807126623963,1.4336772286255144,1.932492142838322,1193,229.0,0.0,0.0,0.0,ETF(Active/수익증권),-0.15,,,,,-0.012055514424974075,-0.09790834223895989,2026-05-12
230480,KIWOOM 미국달러선물인버스2X,2026-05-12,0.0,4.0,4.0,101.0,-0.6339869282481096,0.7,-0.24941118638867815,-0.6971870794866125,-0.3017563420399927,-1.2483546079152834,1194,97.0,0.0,0.0,0.0,ETF(실물복제/수익증권),-1.46,,,,,-0.26522803297003267,-0.09792019924769577,2026-05-12
497520,ACE 일라이릴리밸류체인,2026-05-12,0.0,11.0,11.0,55.0,-0.09604519825082192,0.5,1.82999693107125,-0.49758833586024426,1.602081803759741,2.934490398970747,1195,78.0,0.0,0.0,0.0,ETF(실물복제/수익증권),0.54,,,,,0.06769633844964212,-0.098026343676027,2026-05-12
459790,KIWOOM 미국성장기업30액티브,2026-05-12,0.0,-6.0,-6.0,-57.0,-0.685534591491634,0.5,-1.1882017812115897,-1.053192448744039,1.4819169825640333,-0.7594772473915952,1196,310.0,0.0,0.0,0.0,ETF(Active/수익증권),1.57,,,,,-0.22631691202586293,-0.0982760474852244,2026-05-12
267440,RISE 미국장기국채선물(H),2026-05-12,0.0,25.0,25.0,75.0,0.2573099404175643,0.7,1.482580487717385,0.16030455991865022,0.46056612283548315,2.1034511704715184,1197,49.0,0.0,0.0,0.0,ETF(실물복제/수익증권),-0.12,,,,,0.001551594305949892,-0.09835441870860825,2026-05-12
419430,KODEX 차이나2차전지MSCI(합성),2026-05-12,-1.0,53.0,52.0,55.0,0.3397642010697435,0.5,1.4788420576269963,0.337327195762495,0.9710587676585563,2.7872280210480476,1198,423.0,0.0,0.0,0.0,ETF(합성복제/수익증권),-0.43,,,,,0.055975312563440266,-0.09929939589293188,2026-05-12
211900,KODEX 배당성장,2026-05-12,-83.0,35.0,-48.0,108.0,0.6583511521745053,0.2,1.4133358867343901,0.09764152013559682,-0.07543908550999798,1.435538321359989,1199,1089.0,0.0,0.0,0.0,ETF(실물복제/수익증권),-1.47,,,,,-0.05160946355957258,-0.09944196239941441,2026-05-12
498270,KIWOOM 미국양자컴퓨팅,2026-05-12,-10.0,1858.0,1848.0,5541.0,0.34126154380543716,0.9,1.1768156707771753,-0.21348716938893988,0.2581988397471694,1.2215273411354048,1200,2789.0,0.0,0.0,0.0,ETF(실물복제/수익증권),3.77,,,,,-0.06864319800368497,-0.09953464598796455,2026-05-12
404990,신한서부티엔디리츠,2026-05-12,-80.0,-292.0,-372.0,-1227.0,0.02552816896894683,0.2,-1.5109066211549973,-0.5863692087078162,-2.073805667396303,-4.171081497259117,1201,2469.0,120.44,34.0,0.96,리츠,-3.99,-0.67,209.15,77.65,99.16,-0.12570391184120275,-0.09990787518196866,2026-05-12
Q700025,하나 블룸버그 2X 천연가스 선물 ETN(H) B,2026-05-12,0.0,-23.0,-23.0,-47.0,-0.0870488328532597,0.3,0.1431739863803036,-0.11921886136159641,0.15990863054327736,0.18386375556198453,1202,34.0,0.0,0.0,0.0,ETN(원자재),8.66,,,,,-0.1512337545276288,-0.10042045610490946,2026-05-12
0043Y0,TIMEFOLIO 차이나AI테크액티브,2026-05-12,93.0,-1215.0,-1122.0,-5941.0,1.5621521335331696,0.3,-1.9978122890445034,1.4669283061634706,0.7888105599688452,0.2579265770878124,1203,2921.0,0.0,0.0,0.0,ETF(Active/수익증권),0.82,,,,,-0.1453388867375334,-0.10063215098797756,2026-05-12
Q580058,KB KIS CD금리투자 ETN,2026-05-12,0.0,0.0,0.0,-9.0,-1.0,0.2,-2.473493814619447,-0.9704615699242971,1.0801233330679894,-2.3638320514757547,1204,6934.0,0.0,0.0,0.0,ETN(기타),-0.01,,,,,-0.3540120128016608,-0.10076631312875219,2026-05-12
Q570117,한투 블룸버그인버스2XWTI원유선물 ETN B,2026-05-12,0.0,673.0,673.0,1006.0,-0.5649263721581059,0.5,1.2950791703353424,-0.8348105121034777,1.4464058907454171,1.9066745489772818,1205,620.0,0.0,0.0,0.0,ETN(원자재),0.89,,,,,-0.014110409166138345,-0.10101484986011765,2026-05-12
436140,SOL 종합채권(AA-이상)액티브,2026-05-12,0.0,-1.0,-1.0,19.0,-0.6747967483640691,0.5,-0.6259572309591159,-0.9574020459248037,1.0327953589886836,-0.550563917895236,1206,12731.0,0.0,0.0,0.0,ETF(Active/수익증권),-0.56,,,,,-0.20968891390753297,-0.10200864859501188,2026-05-12
440340,TIGER 글로벌멀티에셋TIF액티브,2026-05-12,-2.0,25.0,23.0,56.0,1.5448028646471652,0.4,1.0798545094021248,2.180681208440569,-0.9172319277590092,2.3433037900836844,1207,242.0,0.0,0.0,0.0,ETF(Active/수익증권),1.07,,,,,0.020642137342157224,-0.10305948511852579,2026-05-12
Q580057,KB 일본 컨슈머 TOP 10 ETN,2026-05-12,,,0.0,0.0,0.33333330666666705,0.2,0.7690377971115903,0.23539003135943778,1.1832157232866356,2.1876435517576636,1208,258.0,0.0,0.0,0.0,ETN(주식),0.0,,,,,0.008252702181539699,-0.10355667404702343,2026-05-12
169950,KODEX 차이나A50,2026-05-12,0.0,18.0,18.0,65.0,1.8861788582688876,0.4,2.1149654754423084,2.6438756844448066,-1.300640780175116,3.4582003797119993,1209,230.0,0.0,0.0,0.0,ETF(실물복제/수익증권),1.16,,,,,0.10937988537941298,-0.10389150330895483,2026-05-12
Q570054,한투 레버리지 유로스탁스50 ETN(H) B,2026-03-18,0.0,0.0,0.0,4.0,-0.7385620920158913,0.2,0.29291238493784694,-1.1876948173697073,-0.37893231952639067,-1.273714751958251,1210,,,,,,,,,,,-0.10453014137372736,-0.10468498191925804,2026-05-12
373530,PLUS 신흥국MSCI인버스(합성 H),2025-12-18,0.0,0.0,0.0,0.0,-1.0,0.1,-0.10701374938043781,-0.7886685247192389,-0.37893226568025945,-1.2746145397799362,1211,,,,,,,,,,,-0.10460175801131553,-0.1047592876797025,2026-05-12
228810,TIGER 미디어컨텐츠,2026-05-12,249.0,-179.0,70.0,-1320.0,0.9499899172040738,0.3,-1.190664400314044,0.8498123594651025,1.6020818037597413,1.2612297629107996,1212,1008.0,0.0,0.0,0.0,ETF(실물복제/수익증권),-2.39,,,,,-0.06548317084713194,-0.1047603345435668,2026-05-12
468630,KODEX iShares미국투자등급회사채액티브,2026-05-12,-19.0,-32.0,-51.0,87.0,-0.010416666736949631,0.3,1.3685701650435442,-0.21315835641677558,-0.9486831480505374,0.20672866057623118,1213,361.0,0.0,0.0,0.0,ETF(Active/수익증권),0.84,,,,,-0.14941387257720823,-0.10486794825757774,2026-05-12
023450,동남합성,2026-05-12,5.0,8.0,13.0,90.0,-0.6613190732648917,0.8,0.45273914029147805,-1.0723935821006296,1.7518105737985186,1.132156131989367,1214,1062.0,0.0,0.0,0.0,화학,-0.33,0.0,0.0,0.0,0.0,-0.2654399971670237,-0.10491650430947791,2026-05-12
Q520079,미래에셋 레버리지 미국 제약 TOP3 ETN,2026-05-12,0.0,-1.0,-1.0,7.0,-0.6969696976584022,0.3,0.9575940917783072,-1.3166502747922304,0.78881048219109,0.4297542991771668,1215,250.0,0.0,0.0,0.0,ETN(주식),2.86,,,,,-0.13166263617723345,-0.10492933357864342,2026-05-12
473290,KODEX 26-12 회사채(AA-이상)액티브,2026-05-12,0.0,15.0,15.0,-73.0,-0.5246913580687014,0.5,-0.032652392047532224,-0.9765046487120201,0.6324554320336916,-0.37670160872586067,1216,5681.0,0.0,0.0,0.0,ETF(Active/수익증권),0.09,,,,,-0.19585072485235708,-0.10529657497054731,2026-05-12
139290,TIGER 200 경기소비재,2026-05-12,-111.0,97.0,-14.0,-162.0,0.23893805273187674,0.3,-1.1559837028832711,0.1154025344798248,0.5596802069014716,-0.4809009615019747,1217,88.0,0.0,0.0,0.0,ETF(실물복제/수익증권),-1.96,,,,,-0.20414424372963205,-0.10557041008007198,2026-05-12
005300,롯데칠성,2026-05-12,-297.0,-1195.0,-1492.0,-6380.0,1.7098632108845964,0.2,-2.128168252694461,0.5251670058238249,-2.197400876579873,-3.8004021234505094,1218,10652.0,24.44,4697.0,0.76,음식료·담배,-2.13,3.13,167.74,-1.33,-9.61,-0.25202123023925993,-0.10620985611449313,2026-05-12
491620,RISE 미국테크100데일리고정커버드콜,2026-05-12,104.0,-265.0,-161.0,10232.0,-0.5237598153512981,0.5,1.479111856101214,-1.0582467021161868,1.0892129142138245,1.5100780681988517,1219,4065.0,0.0,0.0,0.0,ETF(실물복제/수익증권),0.98,,,,,-0.04567663594553083,-0.1063579914521315,2026-05-12
0005C0,RISE 미국S&P500엔화노출(합성 H),2026-05-12,0.0,0.0,0.0,6.0,-0.8387096776795006,0.8,-1.1514675273143307,-1.2352111417236566,0.6721553354274571,-1.7145233336105306,1220,94.0,0.0,0.0,0.0,ETF(합성복제/수익증권),0.6,,,,,-0.30233170994637387,-0.106388928852304,2026-05-12
009580,무림P&P,2026-05-12,190.0,3.0,193.0,1152.0,-0.5943673812654151,0.7,0.8814531751854477,-0.5480591800858532,1.6482813362117013,1.9816753313112958,1221,1634.0,-4.82,-544.0,0.27,종이·목재,-2.6,-5.5,199.96,-9.86,0.0,-0.06186467983191916,-0.10699345404465893,2026-05-12
489570,HANARO 25-12 은행채(AA+이상)액티브,2025-12-05,0.0,0.0,0.0,4.0,-1.0,0.2,-0.04341382684436528,-0.49525606027513946,-0.7637625574926453,-1.30243244461215,1222,,,,,,,,,,,-0.1068158631156717,-0.10705652989916065,2026-05-12
004100,태양금속,2026-05-12,-58.0,0.0,-58.0,-232.0,-0.22657176752455854,0.3,0.6968821207769792,-0.031744737447503384,-0.44370595091997406,0.22143143240950175,1223,1020.0,31.95,87.0,0.67,운송장비·부품,-3.3,2.53,266.35,0.02,39.66,-0.11466974067208752,-0.10747941592841807,2026-05-12
252420,RISE 200선물인버스2X,2026-05-12,0.0,-9.0,-9.0,-359.0,-0.6979503775815783,0.3,1.2464428451394725,-1.0556771972943848,0.7629747460174373,0.953740393862525,1224,43.0,0.0,0.0,0.0,ETF(실물복제/수익증권),4.46,,,,,-0.08995711256385845,-0.10788123368261326,2026-05-12
496090,KIWOOM 코리아밸류업,2026-05-12,-52.0,38.0,-14.0,-7.0,2.080168774421834,0.3,-0.3041918952466077,2.552941087706797,-0.5384863777168347,1.7102628147433545,1225,1334.0,0.0,0.0,0.0,ETF(실물복제/수익증권),-1.74,,,,,-0.02974337023728235,-0.10800045894466773,2026-05-12
004080,신흥,2026-05-12,-5.0,-15.0,-20.0,-56.0,0.3483146052266126,0.2,-0.9817402705249436,-0.02277063436229044,-0.49130366030258754,-1.4958145651898216,1226,1308.0,46.84,297.0,1.13,유통,0.0,2.44,28.99,0.84,12.95,-0.1186984865739415,-0.10886539999151233,2026-05-12
Q500089,신한 26-05 공사채(AAA) ETN,2026-05-11,0.0,0.0,0.0,0.0,-1.0,0.0,0.0,0.0,0.0,0.0,1227,,,,,,,,,,,-0.0031516101430525407,-0.10890716030645312,2026-05-12
Q500088,신한 2X 26-05 은행채(AAA) ETN,2026-05-11,0.0,0.0,0.0,0.0,-1.0,0.0,0.0,0.0,0.0,0.0,1228,,,,,,,,,,,-0.0031516101430525407,-0.10890716030645312,2026-05-12
Q500090,신한 2X 26-05 공사채(AAA) ETN,2026-05-11,0.0,0.0,0.0,0.0,-1.0,0.0,0.0,0.0,0.0,0.0,1229,,,,,,,,,,,-0.0031516101430525407,-0.10890716030645312,2026-05-12
000155,두산우,2026-05-12,2078.0,1501.0,3579.0,21225.0,1.4490135409266611,0.9,2.384518997654266,1.3620578260720144,0.35675300218815886,4.1033298259144395,1230,27815.0,0.0,0.0,0.0,전기·전자,-3.33,,,,,-0.08666338307262392,-0.10922292706582129,2026-05-12
339770,교촌에프앤비,2026-05-12,-35.0,2.0,-33.0,-169.0,-0.07975460136813572,0.4,-1.356999433958312,-0.5126890842050413,-1.5722821754340193,-3.441970693597373,1231,2086.0,11.89,351.0,1.11,유통,-1.53,9.57,100.13,7.6,126.97,-0.24205434558095287,-0.10975762036276668,2026-05-12
469530,RISE 미국달러선물인버스,2026-05-12,0.0,0.0,0.0,8.0,-0.649122808864266,0.4,-0.1399200680866672,-1.2589301868758915,-0.8175337643343656,-2.2163840192969246,1232,56.0,0.0,0.0,0.0,ETF(실물복제/수익증권),-0.85,,,,,-0.3422762101722561,-0.10984422379813583,2026-05-12
237370,KODEX 배당성장채권혼합,2026-05-12,51.0,396.0,447.0,307.0,4.707220571995879,0.4,2.388742435551902,3.5023500958622065,-0.6831299810639804,5.2079625503501275,1233,1847.0,0.0,0.0,0.0,ETF(실물복제/수익증권),-0.92,,,,,0.24864836648129876,-0.11019716794050764,2026-05-12
Q530129,삼성 인버스 2X 미국다우존스 선물 ETN,2026-05-12,0.0,-1.0,-1.0,-2.0,-0.5614035099261311,0.2,-0.17312461030219525,-0.5287905089628702,0.29580394540498717,-0.4061111738600783,1234,165.0,0.0,0.0,0.0,ETN(주식),0.27,,,,,-0.1981915146664469,-0.11054288175473337,2026-05-12
006660,삼성공조,2026-05-12,-165.0,0.0,-165.0,-2217.0,0.6405698969541302,0.2,-2.0018248874284086,-0.3823213614168203,-1.8517518783069398,-4.2358981271521685,1235,1054.0,14.79,877.0,0.36,운송장비·부품,-3.93,2.49,13.3,1.7,-49.93,-0.18403638353572016,-0.11060929283277965,2026-05-12
Q570022,한투 레버리지 S&P500 선물 ETN(H),2026-05-12,0.0,2.0,2.0,41.0,-0.7674418610059491,0.4,1.4969958365102671,-0.4958514289894332,-1.2215175236742015,-0.22037311615336752,1236,2744.0,0.0,0.0,0.0,ETN(주식),0.52,,,,,-0.1834081014611001,-0.11096037436189521,2026-05-12
261240,KODEX 미국달러선물,2026-05-12,-24.0,-325.0,-349.0,455.0,2.1379080610834174,0.7,-0.9757832181573189,2.0570766485001006,-1.1832157232866314,-0.10192229294384969,1237,688.0,0.0,0.0,0.0,ETF(실물복제/수익증권),0.99,,,,,-0.17398026806152364,-0.11142000963135915,2026-05-12
Q530063,삼성 레버리지 구리 선물 ETN(H),2026-05-12,0.0,284.0,284.0,445.0,3.4675925910413445,0.6,2.4771492866232103,3.1719254582423964,-0.9763152016817044,4.6727595431839015,1238,257.0,0.0,0.0,0.0,ETN(원자재),4.55,,,,,0.20605005732822188,-0.11168042795509117,2026-05-12
J0180021D,유니슨 15WR,2026-05-12,,,0.0,126.0,-0.8749218261648052,0.8,-0.690573658505778,-1.0653730242859036,0.4397487603638714,-1.3161979224278102,1239,5.0,0.0,0.0,0.0,신주인수권증권,0.0,,,,,-0.2706278727446183,-0.11191893387350357,2026-05-12
Q530119,삼성 레버리지 항셍테크 ETN(H) B,2026-05-12,0.0,0.0,0.0,26.0,-0.45578231348049436,0.4,1.0803818621557628,-0.6655951323548515,-0.6831299810639803,-0.2683432512630689,1240,296.0,0.0,0.0,0.0,ETN(주식),-1.3,,,,,-0.18722617912164521,-0.11198369145344397,2026-05-12
217770,TIGER 원유선물인버스(H),2026-05-12,2.0,178.0,180.0,-115.0,-0.7402659295632643,0.5,1.0515686835967908,-0.7482337238210974,1.5380236414416446,1.841358601217338,1241,442.0,0.0,0.0,0.0,ETF(실물복제/수익증권),0.08,,,,,-0.019309088728938634,-0.11239432726035248,2026-05-12
495550,SOL 코리아밸류업TR,2026-05-12,367.0,-1495.0,-1128.0,-4964.0,0.9199850438975512,0.0,-2.3865696064824196,1.8444262722023719,-1.3662598221280033,-1.908403156408051,1242,1946.0,0.0,0.0,0.0,ETF(실물복제/수익증권),-2.18,,,,,-0.31776314908159425,-0.11401664696167775,2026-05-12
Q610075,메리츠 3X 레버리지 미국채10년 ETN,2026-05-12,0.0,2.0,2.0,94.0,-0.3577981652849087,0.5,1.9455350935163596,-0.6738036455142141,1.2881222737353664,2.559853721737512,1243,350.0,0.0,0.0,0.0,ETN(채권),-0.09,,,,,0.037877954054977736,-0.11409748294389375,2026-05-12
483020,KIWOOM 의료AI,2026-05-12,-17.0,3.0,-14.0,-59.0,1.0930232541914546,0.4,-1.3630869359942372,2.509177484547881,-0.8143449605196541,0.3317455880339898,1244,80.0,0.0,0.0,0.0,ETF(실물복제/수익증권),-0.92,,,,,-0.13946342451561994,-0.1141602979879672,2026-05-12
276000,TIGER 글로벌자원생산기업(합성 H),2026-05-12,0.0,11.0,11.0,-23.0,-0.27590511887294444,0.5,-0.7650126371430053,-0.5811812762522547,1.770997777610273,0.42480386421501315,1245,178.0,0.0,0.0,0.0,ETF(합성복제/수익증권),1.63,,,,,-0.13205665518709775,-0.11461169362864418,2026-05-12
293180,HANARO 200,2026-05-12,-512.0,513.0,1.0,42.0,0.1931394479060835,0.5,0.736361394327873,-0.09232613492453952,0.6370219964010464,1.2810572558043798,1246,6326.0,0.0,0.0,0.0,ETF(실물복제/수익증권),-2.25,,,,,-0.06390504505056137,-0.11507488218980762,2026-05-12
457990,PLUS 태양광&ESS,2026-05-12,-418.0,5853.0,5435.0,27034.0,-0.15780957119221617,0.5,2.046937908882253,-0.9678211912163198,1.4672860655324138,2.5464027831983467,1247,2608.0,0.0,0.0,0.0,ETF(실물복제/수익증권),-1.87,,,,,0.03680735611248068,-0.11513032893003955,2026-05-12
111380,동인기연,2026-05-12,-37.0,1.0,-36.0,-159.0,0.9607843127643214,0.5,-2.0761190620040386,0.9711269243651623,-1.803394854223034,-2.90838699186191,1248,821.0,7.13,1880.0,0.52,섬유·의류,-2.05,7.66,97.7,7.7,6.97,-0.143435023077455,-0.11524968901028643,2026-05-12
465350,RISE 2차전지TOP10인버스(합성),2026-05-12,13.0,363.0,376.0,1753.0,-0.2663134278590913,0.6,1.3299282226387836,-0.5436684064948468,1.366259962127961,2.152519778271898,1249,398.0,0.0,0.0,0.0,ETF(합성복제/수익증권),6.12,,,,,0.005457102490328323,-0.11541781219633879,2026-05-12
433500,ACE 원자력테마딥서치,2026-05-12,123.0,4420.0,4543.0,2853.0,0.32426303854207994,0.4,1.7504763062674595,-0.37522674261530425,1.2605291214200967,2.635778685072252,1250,4446.0,0.0,0.0,0.0,ETF(실물복제/수익증권),-3.72,,,,,0.043921034936929476,-0.11586217664127792,2026-05-12
453950,TIGER TSMC파운드리밸류체인,2026-05-12,-25.0,37.0,12.0,-290.0,-0.5475113122376691,0.3,1.2213801107043794,-0.858556873610627,1.6233587351209904,1.9861819722147427,1251,512.0,0.0,0.0,0.0,ETF(실물복제/수익증권),0.0,,,,,-0.007782190247925149,-0.11586634481904255,2026-05-12
Q520089,미래에셋 CAPE 실러 US Core Sector ETN,2026-05-12,0.0,7.0,7.0,7.0,5.0,0.1,3.3389569882244183,1.602081972926389,0.3017563420399922,5.2427953031908,1252,607.0,0.0,0.0,0.0,ETN(주식),0.96,,,,,0.2514208030227453,-0.11630618651762438,2026-05-12
Q530117,삼성 코스피 200 TR ETN,2026-05-12,0.0,-49.0,-49.0,-95.0,0.33120340745541954,0.4,-0.29427898564483573,0.45015155940562257,0.5351295032822391,0.6910020770430259,1253,368.0,0.0,0.0,0.0,ETN(주식),-2.23,,,,,-0.1108691924594783,-0.11638449679100696,2026-05-12
316670,KIWOOM 코스닥150,2026-05-12,-61.0,267.0,206.0,1470.0,-0.11132396767418085,1.0,0.2878962308987579,-0.6888935319554584,0.8298299406099761,0.4288326395532755,1254,518.0,0.0,0.0,0.0,ETF(실물복제/수익증권),-2.35,,,,,-0.13173599365293284,-0.11653146309935289,2026-05-12
438080,ACE 미국S&P500채권혼합액티브,2026-05-12,-44.0,-109.0,-153.0,315.0,-0.5549828178923548,0.4,1.8260736557955175,-1.3809267113046289,1.2353646704664716,1.6805116149573602,1255,10406.0,0.0,0.0,0.0,ETF(Active/수익증권),0.96,,,,,-0.03211135171195506,-0.1166161276239094,2026-05-12
448300,TIGER 미국나스닥100(H),2026-05-12,59.0,66.0,125.0,1016.0,-0.3780342585130154,0.5,0.4908678928519111,-0.810313210049107,0.0,-0.3194453171971958,1256,3609.0,0.0,0.0,0.0,ETF(실물복제/수익증권),-0.2,,,,,-0.1912935359448978,-0.11696987698160993,2026-05-12
464310,TIGER 글로벌AI&로보틱스 INDXX,2026-05-12,-343.0,-122.0,-465.0,397.0,0.07833957548010284,0.6,-0.05648441381019229,-0.709136154845001,-1.2070253681599685,-1.9726459368151619,1257,1346.0,0.0,0.0,0.0,ETF(실물복제/수익증권),1.03,,,,,-0.32287641224340863,-0.11722177779343892,2026-05-12
33626L,두산퓨얼셀2우B,2026-05-12,4.0,15.0,19.0,91.0,2.0158730130007556,0.7,2.243017836485994,0.2572458297212955,1.2084472132263064,3.7087108794335957,1258,390.0,0.0,0.0,0.0,전기·전자,-8.29,,,,,-0.11807221234818807,-0.11747384499439845,2026-05-12
030000,제일기획,2026-05-12,-2427.0,-262.0,-2689.0,-18577.0,-0.20989511785871473,0.1,-1.3368932263615043,-1.0425759128779104,-0.2581987897471999,-2.6376679289866147,1259,21823.0,10.52,1804.0,1.22,일반서비스,-0.37,13.7,125.93,4.67,5.04,-0.1514665605124859,-0.11768549647363039,2026-05-12
267490,RISE 미국장기국채선물레버리지(합성 H),2026-05-12,0.0,2.0,2.0,27.0,-0.215686276816609,0.5,1.7845907028827748,-0.22333526644997728,-1.069082614898787,0.49217282153401043,1260,37.0,0.0,0.0,0.0,ETF(합성복제/수익증권),-0.84,,,,,-0.12669457083262067,-0.11798415929711369,2026-05-12
102780,KODEX 삼성그룹,2026-05-12,-2330.0,1083.0,-1247.0,-10229.0,0.7549521185746693,0.4,-1.054064631808158,0.3500322883820557,0.9180336914520214,0.2140013480259192,1261,35733.0,0.0,0.0,0.0,ETF(실물복제/수익증권),-1.8,,,,,-0.14883501897547707,-0.11799287794205904,2026-05-12
498610,RISE 인도디지털성장,2026-05-12,0.0,-12.0,-12.0,-56.0,-0.426229508667025,0.4,-0.5657917128761992,-1.1075251805918254,1.5481483359359003,-0.1251685575321244,1262,49.0,0.0,0.0,0.0,ETF(실물복제/수익증권),-1.8,,,,,-0.17583050349055962,-0.11824682329956318,2026-05-12
289040,KODEX MSCI KOREA ESG유니버설,2026-05-12,0.0,-3.0,-3.0,-12.0,-0.6060606064187328,0.6,-1.2117674426466676,-0.8547683196272059,1.5810715597062241,-0.4854642025676492,1263,215.0,0.0,0.0,0.0,ETF(실물복제/수익증권),-2.24,,,,,-0.20450744489078557,-0.11847153016784767,2026-05-12
Q520085,미래에셋 -2X 미국 AI TOP3 ETN,2026-05-12,0.0,-3.0,-3.0,-1.0,-0.37500000390625,0.1,0.9627807329096786,-0.2613105141257463,-0.25819883974717084,0.4432713790367615,1264,108.0,0.0,0.0,0.0,ETN(주식),1.27,,,,,-0.1305867738614468,-0.11871052560017459,2026-05-12
428560,KODEX 미국ETF산업Top10 Indxx,2026-05-12,0.0,39.0,39.0,87.0,-0.06666666693333345,0.6,0.3063076502808356,-0.3683168028356945,1.8033948542230338,1.7413857016681749,1265,130.0,0.0,0.0,0.0,ETF(실물복제/수익증권),0.46,,,,,-0.027266212334191603,-0.11939292631512283,2026-05-12
0007G0,PLUS 글로벌원자력밸류체인,2026-05-12,21.0,298.0,319.0,515.0,1.0639999996697598,0.9,2.1592138096157636,1.5465042028181224,0.8819170259104272,4.587635038344313,1266,584.0,0.0,0.0,0.0,ETF(실물복제/수익증권),2.17,,,,,0.19927475912341722,-0.11982035398320862,2026-05-12
332940,HANARO MSCI Korea TR,2026-05-12,13.0,3.0,16.0,-28.0,3.3809523684353744,0.5,-0.6028976576624666,1.230378359073533,1.9001382412125265,2.527618942623593,1267,1263.0,0.0,0.0,0.0,ETF(실물복제/수익증권),-1.51,,,,,0.03531229753251841,-0.11991025468378208,2026-05-12
Q500077,신한 인버스0.5X S&P500 VIX S/T선물 ETN,2026-03-18,0.0,0.0,0.0,0.0,-0.9509803921929065,0.3,0.0216084231460901,-0.7524508652647028,-0.7292343790159956,-1.4600768211346082,1268,,,,,,,,,,,-0.1193632214029581,-0.12007502714371848,2026-05-12
0015K0,TIGER 미국소비트렌드액티브,2026-05-12,11.0,-7.0,4.0,6.0,0.04761904612244905,0.7,-0.9048959613729565,-0.3525453530650884,2.011478875864154,0.754037561426109,1269,47.0,0.0,0.0,0.0,ETF(Active/수익증권),-0.86,,,,,-0.10585202137596353,-0.12036420852752329,2026-05-12
153130,KODEX 단기채권,2026-05-12,0.0,-1012.0,-1012.0,-397.0,0.27172653530499047,0.5,0.6323682478333421,0.35811714676510653,0.9281908540922196,1.918676248690668,1270,8452.0,0.0,0.0,0.0,ETF(실물복제/수익증권),0.0,,,,,-0.013155160208438767,-0.12053920326335946,2026-05-12
301400,PLUS 코스닥150,2026-05-12,-1.0,30.0,29.0,302.0,-0.4129473261665122,0.9,-0.35184147022340995,-1.1167656285327006,0.639634522173107,-0.8289725765830034,1271,129.0,0.0,0.0,0.0,ETF(실물복제/수익증권),-2.61,,,,,-0.23184824028439607,-0.12159523510308139,2026-05-12
Q610083,메리츠 레버리지 인도 루피화 ETN,2026-05-12,,,0.0,0.0,-1.0,0.1,-0.40824828546386305,-0.8279773274046897,-0.1599086305432775,-1.3961342434118302,1272,103.0,0.0,0.0,0.0,ETN(통화),1.38,,,,,-0.2769902288379937,-0.1216868964426305,2026-05-12
Q760014,키움 바이오TOP10 ETN,2026-05-12,0.0,-2.0,-2.0,-1.0,-0.8381877024224715,0.3,0.31323967199191327,-0.720508247752015,1.7748236724299236,1.3675550966698218,1273,69.0,0.0,0.0,0.0,ETN(주식),2.83,,,,,-0.05702043917779326,-0.12182982251814295,2026-05-12
457480,ACE 테슬라밸류체인액티브,2026-05-12,908.0,2879.0,3787.0,12900.0,-0.6614218117558952,0.9,-0.6969668421647905,-0.9120163857543464,1.8523962282050395,0.24341300028590251,1274,12974.0,0.0,0.0,0.0,ETF(Active/수익증권),0.81,,,,,-0.14649406304119095,-0.12220369560605818,2026-05-12
0004G0,1Q 미국배당TOP30,2026-05-12,0.0,20.0,20.0,-260.0,-0.8003565062602114,0.3,1.2924076961004407,-1.3325411596461545,2.012390804515363,1.9722573409696493,1275,126.0,0.0,0.0,0.0,ETF(실물복제/수익증권),0.34,,,,,-0.00889049072209805,-0.12280636494225883,2026-05-12
005389,현대차3우B,2026-05-12,807.0,22.0,829.0,4574.0,2.2604451385752906,0.7,2.0502648330845874,1.326171942460969,2.2135940121179205,5.590030787663477,1276,5982.0,0.0,0.0,0.0,운송장비·부품,-1.34,,,,,0.0023617604948771576,-0.12291700778810115,2026-05-12
474590,WON 반도체밸류체인액티브,2026-05-12,291.0,-946.0,-655.0,-5556.0,3.4022092266276083,0.3,-2.472037654307286,1.6304474002012175,0.06936134054703966,-0.7722289135590288,1277,2807.0,0.0,0.0,0.0,ETF(Active/수익증권),-2.05,,,,,-0.22733185291809238,-0.12327702702923302,2026-05-12
472150,TIGER 배당커버드콜액티브,2026-05-12,-830.0,-6409.0,-7239.0,-4487.0,-0.8431920413897345,0.4,0.5520918570373158,-1.654898192802497,1.1163125420721112,0.013506206306930002,1278,15504.0,0.0,0.0,0.0,ETF(Active/수익증권),-1.66,,,,,-0.16479298990665098,-0.12353053389553337,2026-05-12
122630,KODEX 레버리지,2026-05-12,9743.0,-143329.0,-133586.0,63243.0,-0.008458014894126675,0.6,-1.3860613392635768,-0.13167075090302674,0.559680206901471,-0.9580518832651326,1279,88018.0,0.0,0.0,0.0,ETF(실물복제/수익증권),-5.32,,,,,-0.24212202450773923,-0.12358280032712687,2026-05-12
437370,RISE 글로벌농업경제,2026-05-12,0.0,-35.0,-35.0,-67.0,0.0009182733698114287,0.5,-0.5722261151088559,1.2878074405364242,-0.4146441775892624,0.30093714783830583,1280,84.0,0.0,0.0,0.0,ETF(실물복제/수익증권),0.94,,,,,-0.14191555472118178,-0.12359692645253845,2026-05-12
Q610037,메리츠 미국채30년 ETN(H),2026-05-12,0.0,1.0,1.0,43.0,-0.702380952912415,0.4,1.5249600905072458,-0.7894417299908593,-0.2662443736736198,0.4692739868427667,1281,1042.0,0.0,0.0,0.0,ETN(채권),-0.6,,,,,-0.1285171533412422,-0.12372604032155674,2026-05-12
011150,CJ씨푸드,2026-05-12,-264.0,0.0,-264.0,-842.0,1.0626151010612213,0.1,-1.843207788631692,0.7490119237808363,-1.7968941165834904,-2.8910899814343463,1282,916.0,32.69,78.0,1.04,음식료·담배,-1.35,3.29,91.52,-0.83,0.0,-0.11948504887575616,-0.12387447747764765,2026-05-12
407300,HANARO Fn골프테마,2026-05-12,0.0,0.0,0.0,2.0,-0.824561404432133,0.4,-0.3067783674191914,-0.7578315765116039,0.814344960519654,-0.25026498341114123,1283,75.0,0.0,0.0,0.0,ETF(실물복제/수익증권),-3.07,,,,,-0.18578727905457335,-0.12408562751545969,2026-05-12
018670,SK가스,2026-05-12,996.0,-983.0,13.0,1658.0,-0.09974535743960233,0.5,-0.13012381810261225,-0.03757190673470328,-1.2264446075490258,-1.3941403323863413,1284,24948.0,10.59,25453.0,0.83,유통,-0.19,8.25,155.42,8.18,54.2,-0.09346353116361836,-0.12456870812123429,2026-05-12
498860,RISE 코리아금융고배당,2026-05-12,71.0,-141.0,-70.0,591.0,-0.5572009291714344,0.6,-0.0840952187042634,-1.0865583096941975,-1.3262631183423648,-2.496916646740826,1285,514.0,0.0,0.0,0.0,ETF(실물복제/수익증권),-4.11,,,,,-0.3646045891824075,-0.1251872120648395,2026-05-12
Q610078,메리츠 3X 레버리지 미국채30년 ETN,2026-05-12,-107.0,331.0,224.0,486.0,-0.3241695304131583,0.6,0.8388680235980627,-0.29339951277385734,0.717594864924212,1.2630633757484173,1286,534.0,0.0,0.0,0.0,ETN(채권),-0.29,,,,,-0.065337228456155,-0.12542737655348807,2026-05-12
047400,유니온머티리얼,2026-05-12,151.0,0.0,151.0,-651.0,0.824045407495559,0.5,-1.5990515901063733,0.8223122930623,-0.3704792456410076,-1.147218542685081,1287,761.0,30.69,59.0,3.88,비금속,-4.43,14.04,594.95,-5.93,0.0,-0.15322917499310407,-0.12560808061689832,2026-05-12
006390,한일현대시멘트,2025-11-20,0.0,0.0,0.0,0.0,-1.0,0.0,-0.3874759926517243,-0.25819884047130326,-0.8819170647993093,-1.5275918979223368,1288,,,,,,,,,,,-0.12473693581597174,-0.1256505183887356,2026-05-12
Q580059,KB 미국채 10년 ETN,2026-05-12,0.0,0.0,0.0,4.0,-1.0,0.2,-0.02196798139116168,-0.9421544040475914,0.5825751377308365,-0.3815472477079166,1289,114.0,0.0,0.0,0.0,ETN(채권),-0.44,,,,,-0.1962364028561014,-0.1258470785199275,2026-05-12
000490,대동,2026-05-12,773.0,-24.0,749.0,-1059.0,-0.27074601845313084,0.7,-0.7586420032730623,-0.8728001724703149,1.5248890879639498,-0.1065530877794274,1290,3021.0,-16.38,-640.0,0.59,기계·장비,3.76,-3.68,251.89,4.88,69.18,-0.1884768739317449,-0.1259313829537812,2026-05-12
399580,RISE 글로벌클린에너지,2026-05-12,1.0,59.0,60.0,63.0,0.7857142844387754,0.5,1.9008125575027375,0.9180223789938143,1.0491085702900855,3.867943506786637,1291,122.0,0.0,0.0,0.0,ETF(실물복제/수익증권),3.78,,,,,0.14199249062782268,-0.126282044350163,2026-05-12
225030,TIGER 미국S&P500선물인버스(H),2026-05-12,0.0,11.0,11.0,-1.0,-0.6619047619530611,0.8,-0.8892416155628626,0.17070385949326833,1.2750710200258686,0.5565332639562743,1292,44.0,0.0,0.0,0.0,ETF(실물복제/수익증권),0.43,,,,,-0.12157194262085338,-0.12635321763126175,2026-05-12
Q530083,삼성 금 선물 ETN(H),2026-05-12,0.0,3.0,3.0,85.0,-0.37198067678358904,0.7,0.7814667459353545,-0.4611283790938875,-0.30063610901093796,0.019702257830529035,1293,246.0,0.0,0.0,0.0,ETN(원자재),1.09,,,,,-0.1642998287793842,-0.1267878796142593,2026-05-12
004170,신세계,2026-05-12,-11088.0,6357.0,-4731.0,4751.0,-0.42601589695065434,0.6,-1.0432547034380337,-1.0343338478396225,-1.6585767103570503,-3.7361652616347065,1294,41700.0,306.6,1440.0,0.87,유통,-0.9,0.32,140.91,5.47,0.62,-0.3274207662753494,-0.12720209488759415,2026-05-12
407830,에셋플러스 글로벌플랫폼액티브,2026-05-12,15.0,46.0,61.0,226.0,-0.3333333334545455,0.9,0.3485215775210692,-0.8693105570521538,0.11230586967386086,-0.40848310985722364,1295,465.0,0.0,0.0,0.0,ETF(Active/수익증권),1.84,,,,,-0.19838030370825874,-0.1272269502200954,2026-05-12
459560,KODEX 테슬라밸류체인FactSet,2026-05-12,18.0,-153.0,-135.0,-301.0,1.3413897277429925,0.5,-1.7882172668272995,1.0243255242530023,-0.06936134054703903,-0.8332530831213363,1296,388.0,0.0,0.0,0.0,ETF(실물복제/수익증권),1.35,,,,,-0.2321889378111479,-0.12731958074354638,2026-05-12
219390,RISE 미국S&P원유생산기업(합성 H),2026-05-12,40.0,65.0,105.0,404.0,-0.5477931221596701,0.6,1.1535651611808124,-0.6967119254936197,-0.11230586967385922,0.34454736601333347,1297,242.0,0.0,0.0,0.0,ETF(합성복제/수익증권),0.46,,,,,-0.13844449508366374,-0.12767797582817142,2026-05-12
088260,이리츠코크렙,2026-05-12,10.0,-324.0,-314.0,-900.0,-0.3910093299716195,0.2,-1.2633450870731393,-1.2568854860379999,-1.9413639109644174,-4.461594484075556,1298,2800.0,40.18,110.0,1.3,리츠,-2.96,6.16,211.52,2.04,3.26,-0.09032346802765795,-0.12775802848545809,2026-05-12
014130,한익스프레스,2026-05-12,-21.0,1.0,-20.0,-62.0,-0.08641975376314592,0.4,-1.4625420730254648,-0.3619209758339089,0.20835267971885535,-1.6161103691405183,1299,314.0,-2.27,-1154.0,0.37,운송·창고,2.95,-15.36,365.35,-11.58,0.0,-0.23027023977245745,-0.1277718023526101,2026-05-12
Q520055,미래에셋 인버스 2X 코스피200 선물 ETN,2026-04-29,0.0,0.0,0.0,-27.0,-0.9559969318967019,0.3,0.38283596493264405,-1.3585276380567255,-0.5428966403464367,-1.5185883134705183,1300,,,,,,,,,,,-0.12402031526483706,-0.12777209385364208,2026-05-12
Q520076,미래에셋 1.5X 천연가스 선물 ETN,2026-05-12,0.0,148.0,148.0,72.0,0.2834549876003427,0.3,1.544010655578494,0.30254233854830137,-0.14564380034179503,1.7009091937850005,1301,184.0,0.0,0.0,0.0,ETN(원자재),7.29,,,,,-0.03048785117619629,-0.12829449141001095,2026-05-12
094280,효성ITX,2026-05-12,-21.0,-6.0,-27.0,-347.0,0.24905087305439833,0.5,-1.2328576330497558,-0.05660986105510648,-1.868565390325489,-3.1580328844303516,1302,1452.0,10.1,1243.0,1.99,일반서비스,-1.18,21.21,160.04,2.5,1.12,-0.14208471573783307,-0.12836799036668284,2026-05-12
086790,하나금융지주,2026-05-12,3913.0,-8247.0,-4334.0,39386.0,-0.21731108485667106,0.6,0.7985221767544011,-0.9997522648609966,0.1456438003417945,-0.055586287764800985,1303,337747.0,8.72,14110.0,0.75,금융,-2.76,9.17,1377.89,-15.53,10.21,-0.16581950708012877,-0.1285392983627881,2026-05-12
442320,RISE 글로벌원자력,2026-05-12,-2.0,1534.0,1532.0,610.0,0.5317940670657149,0.5,1.8214594199433323,0.21122753821173093,0.5400616373673346,2.572748595522398,1304,3748.0,0.0,0.0,0.0,ETF(실물복제/수익증권),0.3,,,,,0.03890429324332964,-0.1286350993423078,2026-05-12
253250,KIWOOM 200선물레버리지,2026-05-12,6.0,55.0,61.0,-115.0,0.6221033863755516,0.8,-1.1428608722794475,0.4465771664016006,1.7608419539509432,1.0645582480730962,1305,792.0,0.0,0.0,0.0,ETF(실물복제/수익증권),-4.58,,,,,-0.08113680858549094,-0.1286540399111909,2026-05-12
458260,TIGER 미국투자등급회사채액티브(H),2026-05-12,0.0,323.0,323.0,1074.0,-0.47678275291517125,0.8,1.0963559874541373,-0.7153627176903977,1.6384882612863019,2.0194815310500416,1306,2810.0,0.0,0.0,0.0,ETF(Active/수익증권),-0.14,,,,,-0.0051317849196035065,-0.12902084857477175,2026-05-12
211560,TIGER 배당성장,2026-05-12,6.0,-56.0,-50.0,-34.0,0.2726600072579366,0.3,0.6717227316562024,0.6003464922524606,-0.7292343790159961,0.542834844892667,1307,957.0,0.0,0.0,0.0,ETF(실물복제/수익증권),-2.63,,,,,-0.12266223823273642,-0.12913655554646616,2026-05-12
014530,극동유화,2026-05-12,-257.0,0.0,-257.0,11.0,0.1473513762793881,0.4,0.11054564288255059,0.6083322672692087,-1.3262632314192662,-0.6073853212675069,1308,1266.0,110.0,33.0,0.62,화학,-1.49,0.55,116.19,-3.87,-32.49,-0.05737719231304869,-0.12958960337307462,2026-05-12
Q610081,메리츠 레버리지 멕시코 페소화 ETN,2026-05-12,,,0.0,0.0,-1.0,0.2,-0.638690382579033,-0.7398554187016126,0.15149526789702272,-1.227050533383623,1309,183.0,0.0,0.0,0.0,ETN(통화),2.18,,,,,-0.2635323818975079,-0.12965247357933818,2026-05-12
Q530064,삼성 인버스 2X 구리 선물 ETN(H),2026-05-12,0.0,-40.0,-40.0,-261.0,0.7073170726502083,0.4,-1.542003337748596,0.6023956226664512,0.13146843098246125,-0.8081392840996835,1310,106.0,0.0,0.0,0.0,ETN(원자재),-5.25,,,,,-0.2301900600761423,-0.13008930915896497,2026-05-12
462900,KoAct 바이오헬스케어액티브,2026-05-12,-133.0,-4637.0,-4770.0,-9510.0,-0.057045228838968676,0.4,-0.15734045971694757,-0.6445207874444562,1.2070253681599685,0.4051641209985648,1311,5580.0,0.0,0.0,0.0,ETF(Active/수익증권),2.08,,,,,-0.1336198374600282,-0.13018001212337416,2026-05-12
Q580050,KB STAR 50 ETN,2026-05-12,-1.0,13.0,12.0,0.0,5.0,0.2,0.2233432651010666,1.2884961823634133,1.6020816287597985,3.1139210762242784,1312,176.0,0.0,0.0,0.0,ETN(주식),0.6,,,,,0.08197772954582103,-0.13029305346217096,2026-05-12
226380,ACE Fn성장소비주도주,2026-05-12,2.0,-4.0,-2.0,-5.0,-0.470899471739313,0.2,-0.08880365872039714,-0.4712577587621339,-0.903695939115097,-1.463757356597628,1313,45.0,0.0,0.0,0.0,ETF(실물복제/수익증권),-0.85,,,,,-0.2823725421710865,-0.13047064826187704,2026-05-12
Q520090,미래에셋 천연가스 선물 ETN B,2026-05-12,-1.0,301.0,300.0,341.0,-0.05193236720700889,0.4,1.2296161992011843,0.2701733124938,0.6831299810639809,2.1829194927589652,1314,338.0,0.0,0.0,0.0,ETN(원자재),5.29,,,,,0.007876701069831763,-0.13071083024675803,2026-05-12
082740,한화엔진,2026-05-12,15899.0,-3809.0,12090.0,-17528.0,-0.47191268482570536,0.6,-1.4661763564350037,-0.9860552385155276,-0.5756496373657709,-3.027881232316302,1315,64755.0,37.27,2082.0,11.64,기계·장비,-1.02,0.0,204.92,14.05,81.83,-0.22997781286625293,-0.13078185933133737,2026-05-12
003780,진양산업,2026-05-12,-55.0,1.0,-54.0,-464.0,-0.5107033639704851,0.1,-0.9013316404250213,-0.8126574137104905,-2.3025985494630787,-4.016587603598591,1316,693.0,9.98,534.0,1.03,화학,-2.2,10.57,39.55,2.76,3.03,-0.1645566161969988,-0.13124515435435857,2026-05-12
471760,TIGER AI반도체핵심공정,2026-05-12,1458.0,-403.0,1055.0,11193.0,1.7013712384822113,0.5,2.050080749511041,1.0277312566161825,0.0,3.077812006127224,1317,2216.0,0.0,0.0,0.0,ETF(실물복제/수익증권),-5.19,,,,,0.07910370733251401,-0.13130686071537512,2026-05-12
100910,KIWOOM KRX100,2026-05-12,0.0,45.0,45.0,195.0,1.4181696721940877,0.7,0.3175733376735126,1.04374291042411,0.0,1.3613162480976226,1318,395.0,0.0,0.0,0.0,ETF(실물복제/수익증권),-2.11,,,,,-0.05751700664224929,-0.13132388729313454,2026-05-12
401170,RISE 메타버스,2026-05-12,-38.0,112.0,74.0,275.0,0.7990867574979672,0.9,1.8976631392053669,0.11725046606254187,-0.37893226568026106,1.6359813395876475,1319,1130.0,0.0,0.0,0.0,ETF(실물복제/수익증권),1.01,,,,,-0.035655641283335426,-0.1314029596068107,2026-05-12
Q530067,삼성 KRX 금현물 ETN,2026-05-12,0.0,125.0,125.0,561.0,-0.18054195241457294,0.5,1.71903413506827,-1.144464784430148,-0.763762557492644,-0.189193206854522,1320,763.0,0.0,0.0,0.0,ETN(원자재),1.46,,,,,-0.18092640498725238,-0.13143207600072354,2026-05-12
012750,에스원,2026-05-12,-620.0,-89.0,-709.0,-8910.0,-0.5539694915958697,0.2,-0.4979018710575451,-0.7591296199327443,-0.32203056843384237,-1.5790620594241318,1321,27207.0,15.24,4699.0,1.38,일반서비스,-2.85,10.45,38.47,3.02,12.1,-0.09346811537658989,-0.13151691192293893,2026-05-12
001740,SK네트웍스,2026-05-12,4799.0,-612.0,4187.0,-2220.0,0.2670995670913392,0.4,0.13382237936229074,-0.24579220198556034,-1.1684065163934831,-1.2803763390167529,1322,12497.0,27.69,225.0,0.6,유통,-3.41,2.44,148.85,-11.91,-24.25,-0.10937857895756556,-0.13164029473367866,2026-05-12
326240,RISE IT플러스,2026-05-12,68.0,-59.0,9.0,42.0,-0.43202979531693764,0.6,1.1656135101164473,-1.005680769977807,1.4819169825640328,1.6418497227026732,1323,1068.0,0.0,0.0,0.0,ETF(실물복제/수익증권),-1.75,,,,,-0.03518856020416483,-0.131650603029198,2026-05-12
020120,키다리스튜디오,2026-05-12,184.0,205.0,389.0,535.0,0.04166666659183438,0.7,0.012434169775485625,0.01378087935980061,-1.126460679634334,-1.1002456304990478,1324,1423.0,21.45,179.0,0.7,IT 서비스,-1.03,3.29,68.4,5.98,465.68,-0.012023351225328341,-0.13165847792582425,2026-05-12
298690,에어부산,2026-05-12,-102.0,-65.0,-167.0,-461.0,1.7083333327872983,0.3,-2.52195565851576,2.0114016911461166,-0.7700534726657747,-1.2806074400354182,1325,2202.0,89.9,21.0,1.57,운송·창고,-4.65,1.48,919.09,13.06,-8.43,-0.13856883974891954,-0.1320185223215955,2026-05-12
140570,RISE 수출주,2026-05-12,0.0,20.0,20.0,-41.0,-0.03409090963972117,0.6,-1.8357488608246597,-0.47439089192715417,0.4394353261261838,-1.8707044266256299,1326,119.0,0.0,0.0,0.0,ETF(실물복제/수익증권),-2.54,,,,,-0.3147626013932456,-0.1322784030266183,2026-05-12
064960,SNT모티브,2026-05-12,-364.0,-19.0,-383.0,-3225.0,-0.18248104689966937,0.2,-0.5622187243304743,-0.6682675657425265,-1.1660916555018483,-2.3965779455748493,1327,8679.0,12.47,2623.0,0.77,운송장비·부품,-1.51,6.97,25.5,3.87,4.51,-0.0938971753101238,-0.13266858570823878,2026-05-12
Q570099,한투 S&P 인버스 2X 엔달러 선물 ETN(H),2026-05-12,0.0,5.0,5.0,2.0,2.333333266666668,0.1,1.3829563587260945,0.5967048608353418,1.9321830994920377,3.9118443190534737,1328,144.0,0.0,0.0,0.0,ETN(통화),0.21,,,,,0.14548667946453278,-0.1327742733475944,2026-05-12
448630,RISE 삼성그룹Top3채권혼합,2026-05-12,116.0,-84.0,32.0,118.0,-0.45641025649388556,0.6,0.9741834297108438,-0.8842319139368853,1.4175124328400637,1.5074639486140222,1329,3550.0,0.0,0.0,0.0,ETF(실물복제/수익증권),-1.14,,,,,-0.04588470105866854,-0.13295034159373514,2026-05-12
365550,ESR켄달스퀘어리츠,2026-05-12,-67.0,-114.0,-181.0,-409.0,-0.16587301589287606,0.5,0.4459205799767036,-0.41984235158433403,0.14564378443270645,0.17172201282507601,1330,10570.0,-286.33,-15.0,0.9,리츠,-2.39,0.23,147.88,10.71,6.94,-0.1025180006779235,-0.1330246366442283,2026-05-12
148070,KIWOOM 국고채10년,2026-05-12,92.0,-138.0,-46.0,353.0,-0.5200698080530504,0.5,1.14975511863927,-1.383840016434113,0.6831299810639803,0.4490450832691374,1331,4493.0,0.0,0.0,0.0,ETF(실물복제/수익증권),-0.74,,,,,-0.13012722854022107,-0.13312226462117346,2026-05-12
Q580056,KB 일본 로보틱스 TOP 10 ETN,2026-05-12,0.0,18.0,18.0,-78.0,-0.27044025184763265,0.7,-0.9647255836096338,-0.7667794092107858,1.7345810682943736,0.003076075473954054,1332,540.0,0.0,0.0,0.0,ETN(주식),-0.06,,,,,-0.16562315328723928,-0.1332583165825018,2026-05-12
361580,RISE 200TR,2026-05-12,8.0,-690.0,-682.0,-2235.0,-0.40065108709334984,0.4,-0.460957327421599,-0.8072939375528929,1.5925549910026144,0.3243037260281225,1333,5647.0,0.0,0.0,0.0,ETF(실물복제/수익증권),-2.32,,,,,-0.14005574319499167,-0.13442979183077067,2026-05-12
410870,TIMEFOLIO K컬처액티브,2026-05-12,41.0,10.0,51.0,383.0,0.019082419689109065,0.9,0.4578738606267358,-0.5324831826417195,0.582575137730831,0.5079658157158473,1334,421.0,0.0,0.0,0.0,ETF(Active/수익증권),-1.52,,,,,-0.1254375621095705,-0.13463485001269904,2026-05-12
077500,유니퀘스트,2026-05-12,636.0,-80.0,556.0,-187.0,-0.4640753828168246,0.5,-1.3329698455695065,-0.8568569536970582,-1.7748236724299227,-3.964650471696487,1335,1577.0,7.64,955.0,0.64,유통,-3.95,8.61,110.34,2.75,7.47,-0.25336092540798105,-0.13466322270965717,2026-05-12
415340,KODEX 차이나과창판STAR50(합성),2026-05-12,-263.0,372.0,109.0,-152.0,3.122497053902533,0.4,0.17755509879074352,1.6033422133750854,-0.0947330798815967,1.6861642322842323,1336,315.0,0.0,0.0,0.0,ETF(합성복제/수익증권),1.23,,,,,-0.031661444037315745,-0.13540423283250377,2026-05-12
Q580053,KB 레버리지 콩 선물 ETN,2026-05-12,0.0,-2.0,-2.0,-1.0,0.42857140816326567,0.2,0.4461948831976879,-0.022661797252013793,0.44922347869543405,0.8727565646411082,1337,88.0,0.0,0.0,0.0,ETN(원자재),0.86,,,,,-0.09640284277722114,-0.13544203027077165,2026-05-12
461340,HANARO 글로벌생성형AI액티브,2026-05-12,25.0,772.0,797.0,-291.0,5.0,0.3,0.035712775226208235,2.7222237406092633,0.2477972954706249,3.0057338113060963,1338,519.0,0.0,0.0,0.0,ETF(Active/수익증권),1.91,,,,,0.07336680155083089,-0.13546968190643663,2026-05-12
Q550089,N2 월간 레버리지 코스피 200 선물 ETN,2026-05-12,0.0,1.0,1.0,16.0,0.20915032561194424,0.7,-0.7809605439676229,0.11962405133219871,1.2025444360437543,0.54120794340833,1339,1761.0,0.0,0.0,0.0,ETN(주식),-3.27,,,,,-0.12279172788706094,-0.13549590946379486,2026-05-12
0083S0,1Q 미국메디컬AI,2026-05-12,0.0,159.0,159.0,747.0,0.1929824560261899,0.7,0.5697376449732356,0.311385104104499,1.0394060985313036,1.9205288476090383,1340,404.0,0.0,0.0,0.0,ETF(실물복제/수익증권),-0.76,,,,,-0.013007706662018588,-0.1358220248011177,2026-05-12
284980,RISE 200금융,2026-05-12,118.0,-73.0,45.0,248.0,-0.12127814107742663,0.6,1.6430922935731762,-0.6351907130563244,-0.14564380034179444,0.8622577801750574,1341,248.0,0.0,0.0,0.0,ETF(실물복제/수익증권),-2.11,,,,,-0.09723847049311223,-0.13583917047825836,2026-05-12
494180,TIMEFOLIO 글로벌소비트렌드액티브,2026-05-12,0.0,-2.0,-2.0,50.0,2.1914893549117247,0.6,0.9250992659077933,2.1035715052460224,-1.8708285183869864,1.1578422527668295,1342,120.0,0.0,0.0,0.0,ETF(Active/수익증권),-0.39,,,,,-0.07371207289123398,-0.136069450989515,2026-05-12
267770,TIGER 200선물레버리지,2026-05-12,-6113.0,6117.0,4.0,1793.0,-0.6694867456326059,0.8,-0.8248554059980786,-1.849926210040666,0.1793987162310519,-2.495382899807693,1343,3219.0,0.0,0.0,0.0,ETF(실물복제/수익증권),-4.43,,,,,-0.3644825139602108,-0.13651420066535247,2026-05-12
315930,KODEX Top5PlusTR,2026-05-12,378.0,-2352.0,-1974.0,-6333.0,2.5857015984994294,0.5,-2.731883442859588,1.717164704108859,-0.7409584912820165,-1.7556772300327457,1344,18641.0,0.0,0.0,0.0,ETF(실물복제/수익증권),-1.81,,,,,-0.3056072640429949,-0.1367612008223687,2026-05-12
453850,ACE 미국30년국채액티브(H),2026-05-12,2090.0,-2911.0,-821.0,14056.0,-0.723840616106503,0.5,1.3046089147661502,-1.0114492961442894,-1.2750710200258681,-0.9819114014040073,1345,18020.0,0.0,0.0,0.0,ETF(Active/수익증권),-0.4,,,,,-0.24402107050769484,-0.13737699562859362,2026-05-12
465660,TIGER 일본반도체FACTSET,2026-05-12,-9.0,-69.0,-78.0,-427.0,-0.331555555591206,0.5,-1.0432271416915475,-0.6755020119763224,0.7292343790159962,-0.9894947746518737,1346,269.0,0.0,0.0,0.0,ETF(실물복제/수익증권),1.09,,,,,-0.24462465246390658,-0.13768750089477952,2026-05-12
433250,UNICORN R&D 액티브,2026-05-12,0.0,12.0,12.0,-21.0,3.761904739229025,0.1,-1.211464333930763,1.0426580639180334,3.614783056460798,3.4459767864480684,1347,107.0,0.0,0.0,0.0,ETF(Active/수익증권),-2.56,,,,,0.10840697529137852,-0.13769700456252004,2026-05-12
001250,GS글로벌,2026-05-12,-1231.0,2.0,-1229.0,-1251.0,-0.1237113402141099,0.5,-1.0514553762933434,-0.2596183567833465,-0.7888104821910867,-2.099884215267777,1348,3450.0,17.34,241.0,0.64,유통,-0.83,3.71,154.58,1.05,-32.85,-0.1626316063847178,-0.13769703913683226,2026-05-12
Q530019,삼성 미국 대형 성장주 ETN,2025-11-28,0.0,0.0,0.0,0.0,-1.0,0.1,-0.8143450599933238,-0.4830458845396479,-0.37893226568025973,-1.6763232102132317,1349,,,,,,,,,,,-0.1365748783104589,-0.13793296208860745,2026-05-12
000815,삼성화재우,2026-05-12,6213.0,-3832.0,2381.0,5361.0,0.1794230224989377,0.4,2.708190889072101,-0.017208160822801258,2.547099948048328,5.238082676297628,1350,11397.0,0.0,0.0,0.0,보험,-0.13,,,,,0.00361441382163237,-0.13793530106038512,2026-05-12
Q530134,삼성 블룸버그 인버스2X WTI원유선물 ETN B,2026-05-12,-13.0,5361.0,5348.0,5985.0,-0.47179871698802,0.5,1.376536968795722,-0.7670890961638607,1.046733959882037,1.6561818325138984,1351,2538.0,0.0,0.0,0.0,ETN(원자재),1.81,,,,,-0.03404782736750345,-0.13794885433713255,2026-05-12
494310,KODEX 반도체레버리지,2026-05-12,-4783.0,-78939.0,-83722.0,-96736.0,1.1926730989602485,0.5,-1.5272574627684612,1.7436623174271084,-0.35675300218815853,-0.1403481475295113,1352,25308.0,0.0,0.0,0.0,ETF(실물복제/수익증권),-5.19,,,,,-0.17703868965331937,-0.1380816507398435,2026-05-12
Q530062,삼성 인버스 2X 은 선물 ETN(H),2026-05-12,0.0,-225.0,-225.0,-407.0,1.2132796776230825,0.3,-1.8656600547533517,1.4747450855303716,-0.12403472689690136,-0.5149496961198814,1353,36.0,0.0,0.0,0.0,ETN(원자재),-12.5,,,,,-0.206854278060725,-0.13841719106091058,2026-05-12
Q550045,N2 인버스 레버리지 S&P500 ETN,2025-10-23,0.0,0.0,0.0,0.0,-1.0,0.1,-0.5400617161173218,-0.560188838989268,-0.5825751377308359,-1.6828256928374257,1354,,,,,,,,,,,-0.1370924291488866,-0.13846994636926013,2026-05-12
417630,TIGER KEDI혁신기업ESG30,2026-05-12,4.0,26.0,30.0,75.0,0.383874849079227,0.7,0.29188851432347496,-0.31249857205700926,-0.16568336019041485,-0.18629341792394916,1355,232.0,0.0,0.0,0.0,ETF(실물복제/수익증권),-2.0,,,,,-0.1806956026492811,-0.13851423991764683,2026-05-12
196230,RISE 단기통안채,2026-05-12,0.0,22.0,22.0,-58.0,-0.016602810083038544,0.6,-0.6559841398880701,0.7172569728581397,-0.2083526797188559,-0.14707984674878632,1356,2813.0,0.0,0.0,0.0,ETF(실물복제/수익증권),0.0,,,,,-0.17757448448374555,-0.13924226888727587,2026-05-12
385710,TIMEFOLIO K이노베이션액티브,2026-05-12,0.0,-29.0,-29.0,330.0,-0.04543134266787663,0.7,1.8080915389761252,-0.5944655561375618,-0.9211322456709673,0.2924937371675961,1357,137.0,0.0,0.0,0.0,ETF(Active/수익증권),-4.19,,,,,-0.14258758946919575,-0.13950911873969307,2026-05-12
266160,RISE 고배당,2026-05-12,-3.0,-132.0,-135.0,-1968.0,1.9026025683747267,0.7,-2.03054298757389,1.42583457512958,0.1456437844327095,-0.4590646280116003,1358,2473.0,0.0,0.0,0.0,ETF(실물복제/수익증권),-1.3,,,,,-0.20240622867303176,-0.1396595719411542,2026-05-12
Q570107,한투 인버스2X일본니케이225선물 ETN(H),2026-05-12,0.0,-18.0,-18.0,-35.0,-0.9754494337536521,0.5,-0.03608283171403069,-0.8134806396221592,0.63963452217311,-0.20992894916307991,1359,117.0,0.0,0.0,0.0,ETN(주식),-0.75,,,,,-0.18257682090336502,-0.13975816219836718,2026-05-12
0052D0,TIGER 코리아배당다우존스,2026-05-12,295.0,1298.0,1593.0,2918.0,0.4316419026058551,0.8,0.3368968575379109,-0.21116912127420276,-0.44922347869543633,-0.3234957424317282,1360,4624.0,0.0,0.0,0.0,ETF(실물복제/수익증권),-1.35,,,,,-0.19161592065505778,-0.13976682098018034,2026-05-12
005070,코스모신소재,2026-05-12,1510.0,-429.0,1081.0,231.0,-0.322696123557361,0.5,-0.4471764667330824,-0.5190289565323557,0.7888105599688436,-0.17739486329659448,1361,18899.0,104.79,543.0,3.73,화학,-5.95,3.62,58.32,-9.51,-22.65,-0.059461689730977894,-0.14029967136416327,2026-05-12
250730,RISE 차이나HSCEI(H),2026-05-12,0.0,0.0,0.0,32.0,-0.8408910103800578,0.8,-0.8687580290166244,-1.3109566022553785,1.5446407860480043,-0.6350738452239986,1362,177.0,0.0,0.0,0.0,ETF(실물복제/수익증권),-0.24,,,,,-0.21641529616370853,-0.14053795071370384,2026-05-12
334700,RISE 팔라듐선물인버스(H),2026-05-12,0.0,-1.0,-1.0,16.0,-0.88700564990903,0.5,0.8957469946061138,-1.064186980130024,-0.7409584912820166,-0.9093984768059269,1363,19.0,0.0,0.0,0.0,ETF(실물복제/수익증권),-0.64,,,,,-0.23824956336318542,-0.14057579376386023,2026-05-12
306950,KODEX KRX300레버리지,2026-05-12,4.0,-22.0,-18.0,572.0,-0.339595787104771,0.5,-0.24097041322485563,-0.8330052237728739,-2.039013204785127,-3.1129888417828564,1364,1190.0,0.0,0.0,0.0,ETF(실물복제/수익증권),-2.82,,,,,-0.41363950392245924,-0.14169410495952633,2026-05-12
439860,KODEX ESG종합채권(A-이상)액티브,2026-05-12,0.0,-4.0,-4.0,47.0,-0.17874396254288316,0.6,0.5447289267797841,-0.10591241690226467,-0.05732699548493848,0.381489514392581,1365,3317.0,0.0,0.0,0.0,ETF(Active/수익증권),-0.17,,,,,-0.1355041658322078,-0.1427581044174499,2026-05-12
004150,한솔홀딩스,2026-05-12,-449.0,-4.0,-453.0,-1136.0,4.060755336118809,0.3,-2.2978937011788,2.080142884368952,-1.5974662420417165,-1.8152170588515648,1366,1575.0,-256.0,-15.0,0.28,금융,-7.47,-0.11,37.79,38.74,202.28,-0.19492285355230804,-0.14288313689715498,2026-05-12
241390,RISE V&S셀렉트밸류채권혼합,2026-05-12,13.0,-10.0,3.0,19.0,-0.7647058826297578,0.7,-0.05781990155101917,-0.7249710302668803,0.47117558050223207,-0.3116153513156673,1367,369.0,0.0,0.0,0.0,ETF(실물복제/수익증권),-1.3,,,,,-0.19067032698901876,-0.14309420638452042,2026-05-12
138230,KIWOOM 미국달러선물,2026-05-12,0.0,27.0,27.0,218.0,-0.31306306329513645,0.9,-0.2561339042222146,-0.17391441014210662,1.0801233622346496,0.6500750478703283,1368,276.0,0.0,0.0,0.0,ETF(실물복제/수익증권),0.73,,,,,-0.11412668955510669,-0.14325847525092839,2026-05-12
Q610034,메리츠 대표 농산물 선물 ETN(H),2026-05-12,0.0,-5.0,-5.0,15.0,-0.7179487181656805,0.3,1.063412214446669,-0.7786112716807521,-0.2958039454049876,-0.01100300263907078,1369,91.0,0.0,0.0,0.0,ETN(원자재),0.66,,,,,-0.1667437466210183,-0.14339264303225102,2026-05-12
449190,KODEX 미국나스닥100(H),2026-05-12,-431.0,2368.0,1937.0,2444.0,0.04348570448925493,0.4,0.7614445217700913,-0.2847557397337922,-1.427012008752636,-0.9503232267163368,1370,5704.0,0.0,0.0,0.0,ETF(실물복제/수익증권),-0.27,,,,,-0.2415068790459326,-0.14393262352324132,2026-05-12
0057H0,PLUS 미국S&P500미국채혼합50액티브,2026-05-12,1.0,-13.0,-12.0,-16.0,-0.5890410961718897,0.5,-0.6473633475315224,-1.2857287458315012,0.18478726999878967,-1.748304823364234,1371,651.0,0.0,0.0,0.0,ETF(Active/수익증권),1.03,,,,,-0.3050204735088193,-0.14510515735638582,2026-05-12
227550,TIGER 200 산업재,2026-05-12,20.0,10.0,30.0,6.0,-0.13308913340668282,0.5,0.8837616392881448,-0.7318330170902391,0.5097533011962808,0.6616819233941865,1372,57.0,0.0,0.0,0.0,ETF(실물복제/수익증권),-2.74,,,,,-0.1132028657625527,-0.1451438078528196,2026-05-12
Q580023,KB 인버스 2X 금 선물 ETN(H),2026-05-12,0.0,-11.0,-11.0,-39.0,2.3333333262411347,0.4,-2.5382240761403283,0.6167431473991155,1.032795358988683,-0.8886855697525298,1373,16.0,0.0,0.0,0.0,ETN(원자재),-1.07,,,,,-0.23660096496910815,-0.14588355597460034,2026-05-12
Q610008,메리츠 레버리지 국채30년 ETN,2026-05-12,0.0,-1.0,-1.0,17.0,-0.915611814452812,0.5,0.45480843815213384,-1.8884129826466711,0.5673085806553175,-0.8662959638392198,1374,179.0,0.0,0.0,0.0,ETN(채권),-3.97,,,,,-0.23481891340784983,-0.14588747842076238,2026-05-12
Q530124,삼성 레버리지 일본니케이225선물 ETN(H),2026-05-12,0.0,33.0,33.0,26.0,2.550724629962193,0.4,1.1846651745755394,1.5607991248910935,-0.2155201464346034,2.5299441530320297,1375,489.0,0.0,0.0,0.0,ETN(주식),0.93,,,,,0.03549736755361002,-0.14606030322982475,2026-05-12
453080,KIWOOM 미국나스닥100(H),2026-05-12,-47.0,193.0,146.0,253.0,1.0833333326480266,0.4,2.6792937970983934,0.8515524463002683,-0.9491528489047317,2.58169339449393,1376,730.0,0.0,0.0,0.0,ETF(실물복제/수익증권),-0.41,,,,,0.039616234893132624,-0.146210819542553,2026-05-12
449690,TIGER 한중반도체(합성),2026-05-12,0.0,-14.0,-14.0,-63.0,0.11111110962962978,0.4,-2.4031335096222146,-0.48837399727512404,0.7888105599688449,-2.1026969469284937,1377,396.0,0.0,0.0,0.0,ETF(합성복제/수익증권),-2.31,,,,,-0.3332275370695011,-0.1464460998749492,2026-05-12
Q500079,신한 S&P 인버스 유로 선물 ETN(H),2026-05-12,0.0,0.0,0.0,0.0,-1.0,0.0,0.5825752522762628,-0.37893237157766496,0.0,0.20364288069859787,1378,108.0,0.0,0.0,0.0,ETN(통화),0.09,,,,,-0.14965947845655814,-0.14652830199002287,2026-05-12
261070,TIGER 코스닥150바이오테크,2026-05-12,-55.0,-364.0,-419.0,-533.0,-0.4462840323869337,0.4,0.8236615602788029,-0.7788205675832187,0.7888104821910916,0.8336514748866758,1379,790.0,0.0,0.0,0.0,ETF(실물복제/수익증권),1.83,,,,,-0.0995153266020752,-0.14781800575508935,2026-05-12
415640,KB발해인프라,2026-05-12,-210.0,-244.0,-454.0,-1549.0,-0.4240900383245194,0.4,-0.8329043866406339,-1.0294294817406349,1.0782910948815294,-0.7840427734997393,1380,12132.0,0.0,0.0,0.0,인프라투용,-0.7,,,,,-0.2282721511811947,-0.14787229067617208,2026-05-12
Q530060,삼성 코스피 양매도 5% OTM ETN,2026-05-12,0.0,-230.0,-230.0,-230.0,5.0,0.2,-3.556503575515175,1.5679450855549462,0.17445565998033932,-1.8141028299798894,1381,51.0,0.0,0.0,0.0,ETN(주식),-4.04,,,,,-0.31025752148863256,-0.14801859313660565,2026-05-12
291620,KIWOOM 코스닥150선물인버스,2026-05-12,0.0,-501.0,-501.0,-444.0,5.0,0.3,-3.530762320626683,3.1524942351743084,0.25819886974716266,-0.12006921570521212,1382,22.0,0.0,0.0,0.0,ETF(실물복제/수익증권),2.4,,,,,-0.17542463256548735,-0.14883617372224628,2026-05-12
491510,파워 K-주주가치액티브,2026-05-12,0.0,1.0,1.0,2.0,-0.7777777782716049,0.4,-0.4863883222409792,-0.8966573204664327,0.2958039454049876,-1.0872416973024241,1383,183.0,0.0,0.0,0.0,ETF(Active/수익증권),-2.56,,,,,-0.2524046043215702,-0.14907486037969142,2026-05-12
001340,PKC,2026-05-12,-264.0,-27.0,-291.0,-1160.0,0.34366108120949534,0.4,-0.09607244413455873,-0.039111430439632056,-1.6906604162221253,-1.825844290796316,1384,2861.0,28.31,225.0,1.26,화학,-2.9,4.63,171.61,10.97,24.64,-0.22949228717462639,-0.1494343223024237,2026-05-12
Q760006,키움 KPOP ETN,2026-05-12,0.0,-1.0,-1.0,0.0,-0.6296296337448559,0.1,1.1813714982670487,-0.7005867211491849,0.0,0.4807847771178638,1385,89.0,0.0,0.0,0.0,ETN(주식),-2.37,,,,,-0.12760097724325828,-0.14952093775730416,2026-05-12
292770,KODEX 국채선물3년인버스,2026-05-12,0.0,-24.0,-24.0,-24.0,5.0,0.2,-3.415793128019658,1.5790958117277438,0.34156499053199046,-1.4951323257599236,1386,121.0,0.0,0.0,0.0,ETF(실물복제/수익증권),0.27,,,,,-0.28486976400681624,-0.15054745639809702,2026-05-12
Q550093,N2 전력인프라 Top5 ETN,2026-05-12,0.0,91.0,91.0,66.0,2.52941176173999,0.2,2.4333714552939854,1.71896162882871,0.2581988647471636,4.410531948869859,1387,1241.0,0.0,0.0,0.0,ETN(주식),-4.37,,,,,0.1851786272699302,-0.15071670825498762,2026-05-12
Q570102,한투 레버리지 나스닥100 ETN B,2026-05-12,0.0,4.0,4.0,16.0,1.850241541762935,0.6,-0.6154911771832573,0.5779129183315098,-0.05451970895538736,-0.09209796780713483,1388,388.0,0.0,0.0,0.0,ETN(주식),0.49,,,,,-0.17319832245622896,-0.15117543826338012,2026-05-12
Q700022,하나 Solactive US Tech Top 10 ETN(H),2026-05-12,,,0.0,0.0,-1.0,0.1,-0.6831300370639733,-0.4830458895952035,0.683129911064002,-0.4830460155951749,1389,640.0,0.0,0.0,0.0,ETN(주식),-0.61,,,,,-0.20431497460406423,-0.1513088113913604,2026-05-12
036570,엔씨소프트,2026-05-12,5244.0,-466.0,4778.0,4122.0,-0.7234132397846544,0.5,-0.5040784271841923,-0.8244480949656922,-0.17445565998033963,-1.502982182130224,1390,53860.0,15.6,16023.0,1.44,IT 서비스,-0.4,10.79,28.56,-4.51,0.0,-0.07252151977802637,-0.15176154567823663,2026-05-12
459580,KODEX CD금리액티브(합성),2026-05-12,-153.0,10770.0,10617.0,12025.0,-0.015621040021409183,0.5,1.2374855978481352,-0.09482088064424803,0.29580394540498794,1.438468662608875,1391,80157.0,0.0,0.0,0.0,ETF,0.01,,,,,-0.05137622947685508,-0.15181588767109927,2026-05-12
332500,ACE 200TR,2026-05-12,192.0,-154.0,38.0,-239.0,-0.6168582375772522,0.3,1.604720688695002,-0.9716686373341806,1.1982892713382591,1.8313413226990805,1392,2401.0,0.0,0.0,0.0,ETF(실물복제/수익증권),-2.31,,,,,-0.020106392035309395,-0.15232029769705765,2026-05-12
474800,KIWOOM 미국원유에너지기업,2026-05-12,-107.0,-104.0,-211.0,976.0,-0.5640094037280614,0.3,0.3653954263578604,-0.6320018974370077,-0.7091357559915565,-0.9757422270707039,1393,482.0,0.0,0.0,0.0,ETF(실물복제/수익증권),1.83,,,,,-0.24353004861142274,-0.15246937623936752,2026-05-12
Q580067,KB 인디아 디지털 Select 5 ETN,2026-05-12,0.0,0.0,0.0,-3.0,0.6666665833333374,0.0,-1.673320039068151,0.12312971458278558,0.0,-1.5501903244853654,1394,189.0,0.0,0.0,0.0,ETN(주식),-2.13,,,,,-0.2892519846215215,-0.15256931874940607,2026-05-12
123320,TIGER 레버리지,2026-05-12,-3801.0,1087.0,-2714.0,-2175.0,-0.2514333504652677,0.5,-1.124073759978333,-0.6149377959096846,0.29580394540498595,-1.4432076104830316,1395,4526.0,0.0,0.0,0.0,ETF(실물복제/수익증권),-4.58,,,,,-0.28073693021396806,-0.1529992441257308,2026-05-12
361610,SK아이이테크놀로지,2026-05-12,-575.0,-1448.0,-2023.0,-5726.0,-0.178553861294508,0.3,-0.7017649493944927,-0.3404551417738054,-2.039013204785126,-3.081233295953424,1396,18770.0,-8.2,-2799.0,0.72,전기·전자,-6.33,-8.58,68.82,20.2,0.0,-0.2744019222509861,-0.1530255022185104,2026-05-12
453330,RISE 미국S&P500(H),2026-05-12,2.0,172.0,174.0,469.0,0.4516874709036036,0.7,0.6214123349808098,0.2719884248322503,-0.7391490799951598,0.15425167981790033,1397,911.0,0.0,0.0,0.0,ETF(실물복제/수익증권),0.14,,,,,-0.1535906627294152,-0.15309878905443033,2026-05-12
071090,하이스틸,2026-05-12,500.0,0.0,500.0,158.0,-0.16591928253614596,0.6,0.04991545815507634,0.18788065580646907,1.1442835526482737,1.3820796666098192,1398,811.0,-17.69,-227.0,0.56,금속,-3.25,-3.14,81.8,4.21,0.0,-0.11210660078632921,-0.15388919961328199,2026-05-12
481200,SOL 미국테크TOP10인버스(합성),2026-02-20,0.0,0.0,0.0,8.0,-0.7333333343999999,0.4,-0.09757833961953737,-0.491438171837319,-1.2808815218033889,-1.8698980332602453,1399,,,,,,,,,,,-0.15198204165968832,-0.15391864680533632,2026-05-12
008060,대덕,2026-05-12,-2125.0,211.0,-1914.0,364.0,0.9042968749535083,0.7,-1.607640831087097,0.8408350789261197,-1.961416223259949,-2.7282219754209263,1400,6192.0,195.94,101.0,1.12,금융,3.45,0.59,26.8,9.3,34.41,-0.27193879813399235,-0.15392899057182458,2026-05-12
Q580051,KB 레버리지 밀 선물 ETN,2026-05-12,0.0,-15.0,-15.0,100.0,-0.7387005650271115,0.5,1.1932569394098995,-1.2540635355370255,0.23204771352305426,0.17124111739592823,1401,131.0,0.0,0.0,0.0,ETN(원자재),6.47,,,,,-0.15223842571916807,-0.15447573485162097,2026-05-12
032830,삼성생명,2026-05-12,11393.0,1181.0,12574.0,29383.0,-0.007645279456013898,0.7,0.8429609896562158,-0.14350919656254474,-0.6591529891892745,0.04029880390439655,1402,599000.0,26.01,11514.0,0.86,보험,0.0,4.96,440.89,9.92,3.23,-0.12542908334013878,-0.1549751679514778,2026-05-12
261270,KODEX 미국달러선물인버스,2026-05-12,8.0,-987.0,-979.0,84.0,0.8985682596723559,0.5,-0.9972982329126991,0.0886330972662618,-1.1832158691199306,-2.091881004766368,1403,1142.0,0.0,0.0,0.0,ETF(실물복제/수익증권),-0.92,,,,,-0.3323666658826153,-0.15500709112776057,2026-05-12
304780,HANARO 200선물레버리지,2026-05-12,-2.0,125.0,123.0,310.0,-0.19704861121566197,0.5,1.9715578648944023,-0.8187830386503472,-0.9172319277590103,0.23554289848504484,1404,1361.0,0.0,0.0,0.0,ETF(실물복제/수익증권),-4.82,,,,,-0.1471204665275133,-0.15551564520501737,2026-05-12
Q580017,KB 인버스 2X S&P 500 선물 ETN,2026-04-20,0.0,29.0,29.0,50.0,-0.5573997235584787,0.4,0.012184943603416033,-0.8334015996757131,-1.0690826148987862,-1.8902992709710833,1405,,,,,,,,,,,-0.15360583341622788,-0.15560341008572062,2026-05-12
490600,RISE 미국배당100데일리고정커버드콜,2026-05-12,26.0,-367.0,-341.0,-3389.0,-0.6542415117884515,0.1,-0.13469164719453713,-0.9175264055918799,-0.3338304332552803,-1.3860484860416973,1406,1346.0,0.0,0.0,0.0,ETF(실물복제/수익증권),0.85,,,,,-0.2761874751076463,-0.15580547763318253,2026-05-12
001130,대한제분,2026-05-12,,,0.0,0.0,-1.0,0.0,-0.6208945388238136,-0.3583775528042704,-1.296794002173987,-2.276066093802071,1407,2645.0,-10.47,-14949.0,0.26,음식료·담배,0.0,-2.47,52.08,0.03,-13.9,-0.11754449916962548,-0.15607077927748692,2026-05-12
108450,ACE 삼성그룹섹터가중,2026-05-12,-71.0,242.0,171.0,-10.0,0.38185653986573986,0.3,1.3555207411791181,-0.03931370608222088,1.932183099492042,3.248390134588939,1408,1112.0,0.0,0.0,0.0,ETF(실물복제/수익증권),-2.62,,,,,0.09268049922955321,-0.1563507100274263,2026-05-12
009200,무림페이퍼,2026-05-12,-24.0,-4.0,-28.0,-500.0,-0.40972222226952004,0.5,-0.22380652480061566,-0.268107284823007,-0.6396345221731093,-1.1315483317967319,1409,782.0,-5.09,-369.0,0.18,종이·목재,-1.62,-3.48,270.59,-8.63,-93.34,-0.2006387784851058,-0.1568391086306505,2026-05-12
452440,VITA 밸류알파액티브,2026-05-12,0.0,0.0,0.0,2.0,-0.09090909917355372,0.2,1.2450635074548182,-0.391579266538501,1.0327953589886834,1.8862795999050006,1410,31.0,0.0,0.0,0.0,ETF(Active/수익증권),-2.56,,,,,-0.01573370039228883,-0.1571936735234869,2026-05-12
007110,일신석재,2026-05-12,117.0,2.0,119.0,-655.0,2.1211692593416545,0.5,-1.7451482269471228,2.2168241612941584,-0.33383043325528133,0.13784550109175425,1411,1167.0,83.72,18.0,1.96,유통,-1.44,2.45,65.02,-22.23,-17.45,-0.09036075803963686,-0.15742129877137276,2026-05-12
Q570047,한투 FTSE100 ETN,2026-05-12,0.0,0.0,0.0,-1.0,-1.0,0.1,-2.063085486484659,-0.5382384627845188,0.25819878974720006,-2.3431251595219775,1412,283.0,0.0,0.0,0.0,ETN(주식),0.3,,,,,-0.352363893166241,-0.15756695506980534,2026-05-12
483570,KCGI 미국S&P500 TOP10,2026-05-12,0.0,-20.0,-20.0,-6.0,1.297979796238904,0.5,-0.7686518638993489,2.7130242740944257,-1.6749037039306365,0.2694687062644403,1413,272.0,0.0,0.0,0.0,ETF(실물복제/수익증권),0.15,,,,,-0.14442021628843774,-0.15767084086130212,2026-05-12
272560,RISE 단기국공채액티브,2026-05-12,0.0,20.0,20.0,-31.0,-0.13085004800453204,0.6,-0.13122881010357318,-0.489850349426151,0.9486832230505207,0.3276040635207964,1414,1982.0,0.0,0.0,0.0,ETF(Active/수익증권),-0.01,,,,,-0.13979306007299877,-0.15779837872564056,2026-05-12
388280,RISE 컨택트대표,2026-05-12,-18.0,57.0,39.0,170.0,1.1527777772171586,0.6,1.2863584057319601,0.5104048137139471,0.5400616373673375,2.3368248568132444,1415,326.0,0.0,0.0,0.0,ETF(실물복제/수익증권),-2.09,,,,,0.0201264608628757,-0.15815047911744512,2026-05-12
261060,TIGER 코스닥150IT,2026-05-12,91.0,-27.0,64.0,-326.0,0.2687552514247238,0.8,-0.7696532793520924,0.5391613213591321,0.25819885641383206,0.02770689842087176,1416,393.0,0.0,0.0,0.0,ETF(실물복제/수익증권),-4.56,,,,,-0.16366271697328258,-0.15915519887879784,2026-05-12
0000H0,KODEX 인도Nifty미드캡100,2026-05-12,-7.0,1.0,-6.0,70.0,-0.33873144426232205,0.6,0.15420820891266038,-0.5595018493390468,0.33383043325527906,-0.07146320717110732,1417,157.0,0.0,0.0,0.0,ETF(실물복제/수익증권),-0.78,,,,,-0.17155594395479382,-0.15916268641327355,2026-05-12
Q610079,메리츠 인버스 3X 미국채30년 ETN,2026-05-12,0.0,3.0,3.0,92.0,0.4285714280045352,0.4,1.0786613931496776,0.1851564518258601,1.3228754805323193,2.586693325507857,1418,104.0,0.0,0.0,0.0,ETN(채권),2.36,,,,,0.04001419343264653,-0.15927846834107423,2026-05-12
454180,KIWOOM 차이나내수소비TOP CSI,2026-05-12,0.0,2.0,2.0,13.0,-0.49404761949936227,0.6,1.2485734954376804,-0.36192853606240316,0.4492234786954331,1.3358684380707104,1419,35.0,0.0,0.0,0.0,ETF(실물복제/수익증권),0.87,,,,,-0.059542469250419006,-0.15966022486337428,2026-05-12
Q500094,신한 블룸버그 인버스2X WTI원유선물 ETN B,2026-05-12,-2.0,513.0,511.0,-3277.0,-0.32517465786441824,0.3,0.5614395050863837,-0.7433569099973286,0.8723153432861921,0.6903979383752472,1420,590.0,0.0,0.0,0.0,ETN(원자재),1.63,,,,,-0.11091727755129721,-0.15966143159204824,2026-05-12
474220,TIGER 미국테크TOP10타겟커버드콜,2026-05-12,-81.0,1947.0,1866.0,4542.0,1.6018790707948263,0.8,0.7862849222495784,1.2077196767033653,-0.3789323374751036,1.6150722614778399,1421,5266.0,0.0,0.0,0.0,ETF(실물복제/수익증권),0.09,,,,,-0.03731985348226052,-0.1600469808389981,2026-05-12
277640,TIGER 코스피대형주,2026-05-12,-102.0,-128.0,-230.0,-2527.0,0.05928085517114723,0.5,-2.1296911679406483,-0.5129591675489918,0.5070925099799708,-2.1355578255096694,1422,729.0,0.0,0.0,0.0,ETF(실물복제/수익증권),-1.95,,,,,-0.33584302660543314,-0.1604771922552242,2026-05-12
Q520072,미래에셋 미국 AI TOP3 ETN,2026-05-12,0.0,-2.0,-2.0,6.0,-0.7530864202103338,0.8,-1.0774947980454443,-0.7287033633880777,0.795467338160367,-1.010730823273155,1423,513.0,0.0,0.0,0.0,ETN(주식),0.77,,,,,-0.24631488916333927,-0.16050280550265789,2026-05-12
Q610038,메리츠 레버리지 미국채30년 ETN(H),2026-05-12,0.0,36.0,36.0,192.0,0.047051026962150244,0.8,0.6967095814173085,-0.0934354999086966,0.6087595256703721,1.212033607178984,1424,445.0,0.0,0.0,0.0,ETN(채권),-0.78,,,,,-0.06939883092928076,-0.16059178395624465,2026-05-12
363570,KODEX 장기종합채권(AA-이상)액티브,2026-05-12,0.0,-10.0,-10.0,185.0,-0.11589008394890432,0.6,1.5144005626916235,-0.6620358705721935,-1.1271069895184451,-0.2747422973990151,1425,3061.0,0.0,0.0,0.0,ETF(Active/수익증권),-1.19,,,,,-0.18773549715972412,-0.1611835083069607,2026-05-12
411420,KODEX 미국나스닥AI테크액티브,2026-05-12,-32.0,46.0,14.0,-593.0,-0.391965255190447,0.2,1.637686441210777,-1.3548660665616812,1.326263118342365,1.6090834929914608,1426,1494.0,0.0,0.0,0.0,ETF(Active/수익증권),0.19,,,,,-0.03779651637094596,-0.16128438737518833,2026-05-12
004700,조광피혁,2026-05-12,-76.0,-20.0,-96.0,-275.0,0.7084826756122522,0.4,-2.422017886176733,0.333635927126239,-1.1271069895184438,-3.2154889485689377,1427,4109.0,32.59,1896.0,0.73,섬유·의류,-5.36,2.58,13.87,-28.7,13.9,-0.24809058668815387,-0.16129618155657383,2026-05-12
261260,KODEX 미국달러선물인버스2X,2026-05-12,0.0,-1965.0,-1965.0,-351.0,0.3298013244856979,0.5,-1.6011070314484033,0.4028330262669445,-0.4082482404638698,-1.6065222456453288,1428,2292.0,0.0,0.0,0.0,ETF(실물복제/수익증권),-1.8,,,,,-0.2937356002974954,-0.16135139790045072,2026-05-12
019685,대교우B,2026-05-12,3.0,0.0,3.0,2.0,4.555555462962965,0.3,0.806946581530115,1.4605273958023064,2.396055816766842,4.663529794099263,1429,194.0,0.0,0.0,0.0,일반서비스,-0.6,,,,,-0.09847462981327673,-0.16136649728829794,2026-05-12
005610,SPC삼립,2026-05-12,-86.0,-33.0,-119.0,-1244.0,-0.2939890710845472,0.0,-1.5568229956775617,-0.929987601929787,-0.6591529891892767,-3.1459635867966256,1430,4017.0,28.61,1627.0,0.78,음식료·담배,-1.27,2.92,158.51,-1.68,-59.21,-0.21226128227683494,-0.16144430452549352,2026-05-12
112610,씨에스윈드,2026-05-12,6561.0,-1625.0,4936.0,-11856.0,-0.04532907162713162,0.5,-1.4118931144843296,-0.08469523915755811,-0.9999999000000094,-2.4965882536418973,1431,24333.0,70.11,823.0,2.07,금속,-3.03,3.02,167.68,-4.59,25.38,-0.20970805124713504,-0.16148609928142232,2026-05-12
485690,RISE 미국AI밸류체인TOP3Plus,2026-05-12,1.0,131.0,132.0,-450.0,5.0,0.4,-1.552787024604907,2.5298099358783612,-0.16766766823412182,0.8093552430393325,1432,1014.0,0.0,0.0,0.0,ETF(실물복제/수익증권),0.39,,,,,-0.10144913187153348,-0.16160817485533352,2026-05-12
460270,KIWOOM 미국달러SOFR금리액티브(합성),2026-05-12,0.0,25.0,25.0,21.0,1.2424242383471076,0.3,1.1179819508240274,0.8602120353616736,0.2083526959979218,2.186546682183623,1433,108.0,0.0,0.0,0.0,ETF,1.02,,,,,0.008165399254257964,-0.16192796717968505,2026-05-12
Q530106,삼성 레버리지 코스닥150 선물 ETN,2026-05-12,0.0,18.0,18.0,-5.0,-0.3304221254743426,0.7,-0.5134916243060781,-0.23257029339305843,1.166091655501846,0.42002973780270936,1434,549.0,0.0,0.0,0.0,ETN(주식),-4.05,,,,,-0.13243664130474678,-0.16196770345918937,2026-05-12
Q530120,삼성 나스닥 100 ETN,2026-05-12,0.0,-8.0,-8.0,-43.0,0.11111110905349797,0.4,-1.957639824186361,-0.6325813492365123,0.6278955068086856,-1.962325666614188,1435,169.0,0.0,0.0,0.0,ETN(주식),0.9,,,,,-0.3220549929787971,-0.16307942505058057,2026-05-12
Q580063,KB 레버리지 미국채 10년 선물 ETN,2026-05-12,0.0,-1.0,-1.0,-1.0,5.0,0.0,-3.6147843164602618,3.614784433126923,0.0,1.1666666122067681e-07,1436,105.0,0.0,0.0,0.0,ETN(채권),1.11,,,,,-0.16586797748004226,-0.16314594941878302,2026-05-12
Q610025,메리츠 인버스 2X 미국채10년 ETN(H),2026-05-12,,,0.0,0.0,-1.0,0.0,0.0,0.0,0.0,0.0,1437,156.0,0.0,0.0,0.0,ETN(채권),0.58,,,,,-0.1658679867658692,-0.16314595251405867,2026-05-12
Q610077,메리츠 미국채30년 ETN,2026-05-12,,,0.0,0.0,-1.0,0.0,0.0,0.0,0.0,0.0,1438,113.0,0.0,0.0,0.0,ETN(채권),0.45,,,,,-0.1658679867658692,-0.16314595251405867,2026-05-12
F76201BC5,이탈리아물류1호 종류A,2026-05-12,,,0.0,0.0,-1.0,0.0,0.0,0.0,0.0,0.0,1439,583.0,0.0,0.0,0.0,수익증권,0.0,,,,,-0.1658679867658692,-0.16314595251405867,2026-05-12
F73400009,코레이트하이일드공모주만기형3호 A2,2026-05-12,,,0.0,0.0,-1.0,0.0,0.0,0.0,0.0,0.0,1440,93.0,0.0,0.0,0.0,수익증권,0.0,,,,,-0.1658679867658692,-0.16314595251405867,2026-05-12
F75702BA7,현대유퍼스트부동산30호[파생형] C-i,2026-05-12,,,0.0,0.0,-1.0,0.0,0.0,0.0,0.0,0.0,1441,227.0,0.0,0.0,0.0,수익증권,0.0,,,,,-0.1658679867658692,-0.16314595251405867,2026-05-12
Q550082,N2 KIS CD금리투자 ETN,2026-05-12,,,0.0,0.0,-1.0,0.0,0.0,0.0,0.0,0.0,1442,7736.0,0.0,0.0,0.0,ETN(기타),0.01,,,,,-0.1658679867658692,-0.16314595251405867,2026-05-12
F70102B96,룩셈부르크코어오피스(파생형)(A),2026-05-12,,,0.0,0.0,-1.0,0.0,0.0,0.0,0.0,0.0,1443,867.0,0.0,0.0,0.0,수익증권,0.0,,,,,-0.1658679867658692,-0.16314595251405867,2026-05-12
J1099621D,AP헬스케어 6WR,2026-05-12,,,0.0,0.0,-1.0,0.0,0.0,0.0,0.0,0.0,1444,2.0,0.0,0.0,0.0,신주인수권증권,0.0,,,,,-0.1658679867658692,-0.16314595251405867,2026-05-12
265690,ACE 러시아MSCI(합성),2026-05-12,,,0.0,0.0,-1.0,0.0,0.0,0.0,0.0,0.0,1445,158.0,0.0,0.0,0.0,ETF(합성복제/수익증권),0.0,,,,,-0.1658679867658692,-0.16314595251405867,2026-05-12
Q500078,신한 S&P 유로 선물 ETN(H),2026-05-12,,,0.0,0.0,-1.0,0.0,0.0,0.0,0.0,0.0,1446,117.0,0.0,0.0,0.0,ETN(통화),0.0,,,,,-0.1658679867658692,-0.16314595251405867,2026-05-12
F74701B9A,이지스299호A,2026-05-12,,,0.0,0.0,-1.0,0.0,0.0,0.0,0.0,0.0,1447,220.0,0.0,0.0,0.0,수익증권,0.0,,,,,-0.1658679867658692,-0.16314595251405867,2026-05-12
F70101B96,벨기에코어오피스2호,2026-05-12,,,0.0,0.0,-1.0,0.0,0.0,0.0,0.0,0.0,1448,419.0,0.0,0.0,0.0,수익증권,0.0,,,,,-0.1658679867658692,-0.16314595251405867,2026-05-12
F70101B9A,한국투자뉴욕오피스1호,2026-05-12,,,0.0,0.0,-1.0,0.0,0.0,0.0,0.0,0.0,1449,177.0,0.0,0.0,0.0,수익증권,27.27,,,,,-0.1658679867658692,-0.16314595251405867,2026-05-12
F71208B98,키움히어로즈유럽오피스부동산4호 C-I,2026-05-12,,,0.0,0.0,-1.0,0.0,0.0,0.0,0.0,0.0,1450,145.0,0.0,0.0,0.0,수익증권,0.0,,,,,-0.1658679867658692,-0.16314595251405867,2026-05-12
Q530135,삼성 인버스 China A50 선물 ETN(H) B,2026-05-12,0.0,0.0,0.0,0.0,-1.0,0.0,0.0,0.0,0.0,0.0,1451,81.0,0.0,0.0,0.0,ETN(주식),-0.8,,,,,-0.1658679867658692,-0.16314595251405867,2026-05-12
Q610082,메리츠 인도 루피화 ETN,2026-05-12,,,0.0,0.0,-1.0,0.0,0.0,0.0,0.0,0.0,1452,105.0,0.0,0.0,0.0,ETN(통화),0.58,,,,,-0.1658679867658692,-0.16314595251405867,2026-05-12
F74201BAA,하나대체미국부동산1호 A,2026-05-12,,,0.0,0.0,-1.0,0.0,0.0,0.0,0.0,0.0,1453,149.0,0.0,0.0,0.0,수익증권,0.0,,,,,-0.1658679867658692,-0.16314595251405867,2026-05-12
F74701776,이지스코어부동산126호 A,2026-05-12,,,0.0,0.0,-1.0,0.0,0.0,0.0,0.0,0.0,1454,5502.0,0.0,0.0,0.0,수익증권,0.0,,,,,-0.1658679867658692,-0.16314595251405867,2026-05-12
Q570109,한투 레버리지미국채30년 ETN,2026-05-12,,,0.0,0.0,-1.0,0.0,0.0,0.0,0.0,0.0,1455,88.0,0.0,0.0,0.0,ETN(채권),0.28,,,,,-0.1658679867658692,-0.16314595251405867,2026-05-12
Q550095,N2 레버리지 국채10년 ETN,2026-05-12,0.0,0.0,0.0,0.0,-1.0,0.0,0.0,0.0,0.0,0.0,1456,89.0,0.0,0.0,0.0,ETN(채권),-1.65,,,,,-0.1658679867658692,-0.16314595251405867,2026-05-12
Q610058,메리츠 인버스 3X 국채5년 ETN,2026-05-12,,,0.0,0.0,-1.0,0.0,0.0,0.0,0.0,0.0,1457,104.0,0.0,0.0,0.0,ETN(채권),0.92,,,,,-0.1658679867658692,-0.16314595251405867,2026-05-12
Q610066,메리츠 KAP 통안채 3개월 ETN,2026-05-12,,,0.0,0.0,-1.0,0.0,0.0,0.0,0.0,0.0,1458,656.0,0.0,0.0,0.0,ETN(채권),0.0,,,,,-0.1658679867658692,-0.16314595251405867,2026-05-12
Q610003,메리츠 미국 인플레이션 국채 ETN(H),2026-05-12,,,0.0,0.0,-1.0,0.0,0.0,0.0,0.0,0.0,1459,186.0,0.0,0.0,0.0,ETN(채권),-0.05,,,,,-0.1658679867658692,-0.16314595251405867,2026-05-12
F74701B97,이지스글로벌281호 Class A,2026-05-12,,,0.0,0.0,-1.0,0.0,0.0,0.0,0.0,0.0,1460,855.0,0.0,0.0,0.0,수익증권,0.0,,,,,-0.1658679867658692,-0.16314595251405867,2026-05-12
F73400008,코레이트하이일드공모주만기형3호 A,2026-05-12,,,0.0,0.0,-1.0,0.0,0.0,0.0,0.0,0.0,1461,68.0,0.0,0.0,0.0,수익증권,0.0,,,,,-0.1658679867658692,-0.16314595251405867,2026-05-12
Q610064,메리츠 KAP 통안채 6개월 ETN,2026-05-12,0.0,0.0,0.0,0.0,-1.0,0.0,0.0,0.0,0.0,0.0,1462,328.0,0.0,0.0,0.0,ETN(채권),0.0,,,,,-0.1658679867658692,-0.16314595251405867,2026-05-12
F70900001,대신하이일드공모주알파증권2호 A,2026-05-12,,,0.0,0.0,-1.0,0.0,0.0,0.0,0.0,0.0,1463,68.0,0.0,0.0,0.0,수익증권,0.0,,,,,-0.1658679867658692,-0.16314595251405867,2026-05-12
F70103B96,룩셈부르크코어오피스(파생형)(C-I),2026-05-12,,,0.0,0.0,-1.0,0.0,0.0,0.0,0.0,0.0,1464,159.0,0.0,0.0,0.0,수익증권,0.0,,,,,-0.1658679867658692,-0.16314595251405867,2026-05-12
F71201B98,키움히어로즈유럽오피스부동산1호 A,2026-05-12,,,0.0,0.0,-1.0,0.0,0.0,0.0,0.0,0.0,1465,65.0,0.0,0.0,0.0,수익증권,0.0,,,,,-0.1658679867658692,-0.16314595251405867,2026-05-12
F70900002,대신하이일드공모주알파증권2호 A-e,2026-05-12,,,0.0,0.0,-1.0,0.0,0.0,0.0,0.0,0.0,1466,79.0,0.0,0.0,0.0,수익증권,0.0,,,,,-0.1658679867658692,-0.16314595251405867,2026-05-12
F71202B98,키움히어로즈유럽오피스부동산1호 C-I,2026-05-12,,,0.0,0.0,-1.0,0.0,0.0,0.0,0.0,0.0,1467,6.0,0.0,0.0,0.0,수익증권,0.0,,,,,-0.1658679867658692,-0.16314595251405867,2026-05-12
F73400010,코레이트하이일드공모주만기형3호 Ae,2026-05-12,,,0.0,0.0,-1.0,0.0,0.0,0.0,0.0,0.0,1468,26.0,0.0,0.0,0.0,수익증권,0.0,,,,,-0.1658679867658692,-0.16314595251405867,2026-05-12
Q580049,KB CSI 500 ETN,2026-05-12,,,0.0,0.0,-1.0,0.0,0.0,0.0,0.0,0.0,1469,326.0,0.0,0.0,0.0,ETN(주식),0.46,,,,,-0.1658679867658692,-0.16314595251405867,2026-05-12
F71203B98,키움히어로즈유럽오피스부동산2호 A,2026-05-12,,,0.0,0.0,-1.0,0.0,0.0,0.0,0.0,0.0,1470,152.0,0.0,0.0,0.0,수익증권,0.0,,,,,-0.1658679867658692,-0.16314595251405867,2026-05-12
F74401BAA,맵스미국16호 종류A,2026-05-12,0.0,0.0,0.0,0.0,-1.0,0.0,0.0,0.0,0.0,0.0,1471,290.0,0.0,0.0,0.0,수익증권,-0.26,,,,,-0.1658679867658692,-0.16314595251405867,2026-05-12
F74202BAA,하나대체미국부동산1호 C-I,2026-05-12,,,0.0,0.0,-1.0,0.0,0.0,0.0,0.0,0.0,1472,182.0,0.0,0.0,0.0,수익증권,0.0,,,,,-0.1658679867658692,-0.16314595251405867,2026-05-12
Q760004,키움 인버스 미국달러선물 ETN,2026-05-12,0.0,0.0,0.0,0.0,-1.0,0.0,0.0,0.0,0.0,0.0,1473,243.0,0.0,0.0,0.0,ETN(통화),-1.1,,,,,-0.1658679867658692,-0.16314595251405867,2026-05-12
F71204B98,키움히어로즈유럽오피스부동산2호 C-I,2026-05-12,,,0.0,0.0,-1.0,0.0,0.0,0.0,0.0,0.0,1474,14.0,0.0,0.0,0.0,수익증권,0.0,,,,,-0.1658679867658692,-0.16314595251405867,2026-05-12
F71205B98,키움히어로즈유럽오피스부동산3호 A,2026-05-12,,,0.0,0.0,-1.0,0.0,0.0,0.0,0.0,0.0,1475,37.0,0.0,0.0,0.0,수익증권,0.0,,,,,-0.1658679867658692,-0.16314595251405867,2026-05-12
Q700014,하나 인버스 2X 콩 선물 ETN(H),2026-05-12,,,0.0,0.0,-1.0,0.0,0.0,0.0,0.0,0.0,1476,110.0,0.0,0.0,0.0,ETN(원자재),0.09,,,,,-0.1658679867658692,-0.16314595251405867,2026-05-12
F70101B95,밀라노부동산,2026-05-12,,,0.0,0.0,-1.0,0.0,0.0,0.0,0.0,0.0,1477,187.0,0.0,0.0,0.0,수익증권,0.0,,,,,-0.1658679867658692,-0.16314595251405867,2026-05-12
Q700012,하나 인버스 2X 옥수수 선물 ETN(H),2026-05-12,,,0.0,0.0,-1.0,0.0,0.0,0.0,0.0,0.0,1478,232.0,0.0,0.0,0.0,ETN(원자재),0.0,,,,,-0.1658679867658692,-0.16314595251405867,2026-05-12
F75602BA2,유경공모부동산3호ClassC-I,2026-05-12,,,0.0,0.0,-1.0,0.0,0.0,0.0,0.0,0.0,1479,687.0,0.0,0.0,0.0,수익증권,0.0,,,,,-0.1658679867658692,-0.16314595251405867,2026-05-12
F75701BA7,현대유퍼스트부동산30호[파생형] A,2026-05-12,,,0.0,0.0,-1.0,0.0,0.0,0.0,0.0,0.0,1480,172.0,0.0,0.0,0.0,수익증권,0.0,,,,,-0.1658679867658692,-0.16314595251405867,2026-05-12
Q580064,KB 인버스 2X 미국채 10년 선물 ETN,2026-05-12,,,0.0,0.0,-1.0,0.0,0.0,0.0,0.0,0.0,1481,108.0,0.0,0.0,0.0,ETN(채권),2.09,,,,,-0.1658679867658692,-0.16314595251405867,2026-05-12
Q580060,KB 레버리지 미국채 10년 ETN,2026-05-12,0.0,0.0,0.0,0.0,-1.0,0.0,0.0,0.0,0.0,0.0,1482,111.0,0.0,0.0,0.0,ETN(채권),-0.04,,,,,-0.1658679867658692,-0.16314595251405867,2026-05-12
Q580010,KB Wise 분할매매 ETN,2026-05-12,0.0,0.0,0.0,0.0,-1.0,0.0,0.0,0.0,0.0,0.0,1483,733.0,0.0,0.0,0.0,ETN(주식),0.04,,,,,-0.1658679867658692,-0.16314595251405867,2026-05-12
Q610057,메리츠 3X 레버리지 국채5년 ETN,2026-05-12,,,0.0,0.0,-1.0,0.0,0.0,0.0,0.0,0.0,1484,104.0,0.0,0.0,0.0,ETN(채권),-0.88,,,,,-0.1658679867658692,-0.16314595251405867,2026-05-12
Q500091,신한 33-12 국고채 플러스 ETN,2026-05-12,,,0.0,0.0,-1.0,0.0,0.0,0.0,0.0,0.0,1485,208.0,0.0,0.0,0.0,ETN(채권),-0.72,,,,,-0.1658679867658692,-0.16314595251405867,2026-05-12
F71207B98,키움히어로즈유럽오피스부동산4호 A,2026-05-12,,,0.0,0.0,-1.0,0.0,0.0,0.0,0.0,0.0,1486,15.0,0.0,0.0,0.0,수익증권,0.0,,,,,-0.1658679867658692,-0.16314595251405867,2026-05-12
Q610049,메리츠 국채5년 ETN,2026-05-12,,,0.0,0.0,-1.0,0.0,0.0,0.0,0.0,0.0,1487,114.0,0.0,0.0,0.0,ETN(채권),-0.31,,,,,-0.1658679867658692,-0.16314595251405867,2026-05-12
Q610056,메리츠 인버스 3X 국채3년 ETN,2026-05-12,,,0.0,0.0,-1.0,0.0,0.0,0.0,0.0,0.0,1488,102.0,0.0,0.0,0.0,ETN(채권),0.52,,,,,-0.1658679867658692,-0.16314595251405867,2026-05-12
Q610055,메리츠 3X 레버리지 국채3년 ETN,2026-05-12,0.0,0.0,0.0,0.0,-1.0,0.0,0.0,0.0,0.0,0.0,1489,109.0,0.0,0.0,0.0,ETN(채권),-0.32,,,,,-0.1658679867658692,-0.16314595251405867,2026-05-12
F75601BA2,유경공모부동산3호ClassA,2026-05-12,,,0.0,0.0,-1.0,0.0,0.0,0.0,0.0,0.0,1490,13.0,0.0,0.0,0.0,수익증권,0.0,,,,,-0.1658679867658692,-0.16314595251405867,2026-05-12
F74702776,이지스코어부동산126호 C-i,2026-05-12,,,0.0,0.0,-1.0,0.0,0.0,0.0,0.0,0.0,1491,4.0,0.0,0.0,0.0,수익증권,0.0,,,,,-0.1658679867658692,-0.16314595251405867,2026-05-12
F71206B98,키움히어로즈유럽오피스부동산3호 C-I,2026-05-12,,,0.0,0.0,-1.0,0.0,0.0,0.0,0.0,0.0,1492,25.0,0.0,0.0,0.0,수익증권,0.0,,,,,-0.1658679867658692,-0.16314595251405867,2026-05-12
Q610051,메리츠 인버스 국채5년 ETN,2026-05-12,,,0.0,0.0,-1.0,0.0,0.0,0.0,0.0,0.0,1493,105.0,0.0,0.0,0.0,ETN(채권),0.33,,,,,-0.1658679867658692,-0.16314595251405867,2026-05-12
Q610045,메리츠 국채3년 ETN,2026-05-12,0.0,0.0,0.0,0.0,-1.0,0.0,0.0,0.0,0.0,0.0,1494,113.0,0.0,0.0,0.0,ETN(채권),-0.13,,,,,-0.1658679867658692,-0.16314595251405867,2026-05-12
445910,TIGER MKF배당귀족,2026-05-12,38.0,210.0,248.0,255.0,4.193798446592752,0.5,2.6580369124805,2.9086885184399063,-0.5400616373673359,5.026663793553071,1495,263.0,0.0,0.0,0.0,ETF(실물복제/수익증권),-0.11,,,,,0.2342182896923041,-0.16349462495892766,2026-05-12
102970,KODEX 증권,2026-05-12,791.0,3248.0,4039.0,-34267.0,0.6189264911862808,0.4,-1.985704999167013,0.20275258044878486,0.8486517794597844,-0.9343006392584438,1496,11388.0,0.0,0.0,0.0,ETF(실물복제/수익증권),-6.08,,,,,-0.2402315963497882,-0.16359268948668554,2026-05-12
Q700011,하나 레버리지 옥수수 선물 ETN(H),2026-05-12,0.0,3.0,3.0,-3.0,-0.7083333336979167,0.6,-0.8953044903023976,-0.7731891504311343,0.9066522240987777,-0.7618414166347541,1497,96.0,0.0,0.0,0.0,ETN(원자재),0.16,,,,,-0.226505082889931,-0.16465792255606312,2026-05-12
407310,HANARO 200 TOP10,2026-05-12,13.0,12.0,25.0,7.0,-0.2886178863957466,0.5,-0.6403643665228492,-0.6766041035347752,0.4394353261261844,-0.8775331439314401,1498,287.0,0.0,0.0,0.0,ETF(실물복제/수익증권),-2.15,,,,,-0.23571331210361152,-0.1647169201071953,2026-05-12
Q610039,메리츠 인버스 미국채30년 ETN(H),2026-05-12,0.0,0.0,0.0,0.0,-1.0,0.0,0.0,0.0,0.0,0.0,1499,143.0,0.0,0.0,0.0,ETN(채권),0.56,,,,,-0.1658679867658692,-0.16486704536789493,2026-05-12
Q520065,미래에셋 -2X 미국채울트라30년 선물 ETN,2026-05-12,0.0,0.0,0.0,0.0,-1.0,0.0,0.0,0.0,0.0,0.0,1500,296.0,0.0,0.0,0.0,ETN(채권),1.97,,,,,-0.1658679867658692,-0.16486704536789493,2026-05-12
Q500068,신한 인버스 2X 10년 국채선물 ETN,2026-05-12,0.0,0.0,0.0,0.0,-1.0,0.0,0.0,0.0,0.0,0.0,1501,83.0,0.0,0.0,0.0,ETN(채권),1.72,,,,,-0.1658679867658692,-0.16486704536789493,2026-05-12
Q610084,메리츠 미국채30년 스트립 ETN(H),2026-05-12,,,0.0,0.0,-1.0,0.0,0.0,0.0,0.0,0.0,1502,91.0,0.0,0.0,0.0,ETN(채권),-0.71,,,,,-0.1658679867658692,-0.16486704536789493,2026-05-12
Q610020,메리츠 인버스 국채10년 ETN,2026-05-12,0.0,0.0,0.0,0.0,-1.0,0.0,0.0,0.0,0.0,0.0,1503,117.0,0.0,0.0,0.0,ETN(채권),0.39,,,,,-0.1658679867658692,-0.16486704536789493,2026-05-12
396690,미래에셋글로벌리츠,2026-05-12,-21.0,-113.0,-134.0,-230.0,-0.08765070064310998,0.2,0.9957860475136407,-0.19899035803210507,0.0,0.7967956894815357,1504,707.0,-11.6,-154.0,0.47,리츠,-6.88,-3.97,156.52,4.01,20.89,-0.11333510579548349,-0.16489156604632688,2026-05-12
489030,PLUS 고배당주위클리커버드콜,2026-05-12,2388.0,-2668.0,-280.0,-34249.0,-0.7510373443987015,0.2,-0.8048358387523438,-1.552628783517822,1.6329929618554768,-0.724471660414689,1505,3271.0,0.0,0.0,0.0,ETF(실물복제/수익증권),-1.7,,,,,-0.22353071913053035,-0.1652961742959531,2026-05-12
214330,금호에이치티,2026-05-12,21.0,5.0,26.0,-39.0,0.16708648165396633,0.3,0.4752097690280277,-0.10257859967679774,2.3909549337239326,2.7635861030751627,1506,799.0,-3.41,-1076.0,0.26,운송장비·부품,4.71,-7.94,42.53,-13.37,-47.45,-0.03946894669972255,-0.16551921407765988,2026-05-12
229200,KODEX 코스닥150,2026-05-12,235.0,31009.0,31244.0,204776.0,0.13692001540506782,1.0,0.07452464316418418,-0.15577465385363776,0.0,-0.08125001068945358,1507,57003.0,0.0,0.0,0.0,ETF(실물복제/수익증권),-2.62,,,,,-0.17233490310919458,-0.16559574419323964,2026-05-12
Q500069,신한 레버리지 코스피 200 선물 ETN,2026-05-12,0.0,2.0,2.0,106.0,0.8416666662062502,0.4,1.1616721875823248,0.01568313290517887,-0.8366599565340811,0.3406953639534227,1508,2685.0,0.0,0.0,0.0,ETN(주식),-4.57,,,,,-0.13875108673656789,-0.1660890176674772,2026-05-12
0005D0,SOL 전고체배터리&실리콘음극재,2026-05-12,-177.0,3079.0,2902.0,3255.0,-0.4376711723669129,0.4,1.4401148995180584,-0.8177137951601259,0.9261981655730993,1.5485992699310318,1509,2423.0,0.0,0.0,0.0,ETF(실물복제/수익증권),-5.33,,,,,-0.04261062540679371,-0.1674699340764817,2026-05-12
006880,신송홀딩스,2026-05-12,-103.0,13.0,-90.0,-718.0,0.1221122111100219,0.2,-2.2736327846911126,0.029304484765217683,-1.6762225225726717,-3.9205508224985666,1510,764.0,20.97,308.0,0.65,유통,-0.92,3.41,152.08,14.08,22.73,-0.27549720867295696,-0.1675438857990611,2026-05-12
412570,TIGER 2차전지TOP10레버리지,2026-05-12,-2600.0,267.0,-2333.0,-757.0,-0.44309300408271535,0.5,0.6847321937177844,-0.7627136284482016,0.8298299406099775,0.7518485058795603,1511,2641.0,0.0,0.0,0.0,ETF(실물복제/수익증권),-12.88,,,,,-0.1060262544495385,-0.1676802313754397,2026-05-12
Q530137,삼성 KRX 2차전지 TOP10 TR ETN,2026-05-12,0.0,4.0,4.0,6.0,-0.20000000159999998,0.5,0.2461549411382682,0.011117671180172194,0.15811387050842068,0.4153864828268611,1512,168.0,0.0,0.0,0.0,ETN(주식),-6.72,,,,,-0.13280621099753498,-0.16796175951685216,2026-05-12
298340,PLUS 국채선물3년,2026-05-12,0.0,-3.0,-3.0,-5.0,5.0,0.1,-2.587186165414953,2.267095731241346,-0.24247193698850927,-0.5625623711621162,1513,717.0,0.0,0.0,0.0,ETF(실물복제/수익증권),-0.22,,,,,-0.21064390447144543,-0.16817486480343743,2026-05-12
00781K,코리아써키트2우B,2026-05-12,1.0,0.0,1.0,3.0,5.0,0.2,2.59335497889879,1.3662600974612797,2.194690137850952,6.154305214211021,1514,149.0,0.0,0.0,0.0,전기·전자,0.11,,,,,0.07657950324560389,-0.16824191129069455,2026-05-12
102110,TIGER 200,2026-05-12,-1971.0,-23180.0,-25151.0,-98267.0,0.8433941367906894,0.4,-1.8227838305674389,1.857054114606077,-0.49559459094124975,-0.46132430690261156,1515,102665.0,0.0,0.0,0.0,ETF(실물복제/수익증권),-2.11,,,,,-0.202586082856766,-0.1686969992282617,2026-05-12
364960,TIGER BBIG,2026-05-12,555.0,-504.0,51.0,768.0,-0.5066312997609215,1.0,-0.08180901900595833,-1.1621586195925397,0.2581987897471951,-0.985768848851303,1516,1036.0,0.0,0.0,0.0,ETF(실물복제/수익증권),-2.62,,,,,-0.24432809557426105,-0.1689509937341967,2026-05-12
251590,PLUS 고배당저변동50,2026-05-12,-4.0,3.0,-1.0,43.0,-0.46428571452487244,0.5,0.579492348871775,-0.436308393839361,0.27003084055866255,0.4132147955910766,1517,117.0,0.0,0.0,0.0,ETF(실물복제/수익증권),-1.48,,,,,-0.1329790616785197,-0.1690609898351119,2026-05-12
Q610071,메리츠 KAP 중국 위안화 ETN,2026-05-12,0.0,0.0,0.0,-2.0,-1.0,0.0,0.13714125713193528,-0.7294451050971168,-0.4605661228354834,-1.052869970800665,1518,130.0,0.0,0.0,0.0,ETN(통화),0.81,,,,,-0.24966886216010625,-0.16913886241912746,2026-05-12
Q570091,한투 인버스 유로스탁스50 ETN(H) C,2026-05-12,0.0,0.0,0.0,0.0,-1.0,0.2,0.5559157021659548,-0.5190698667119398,0.2581988397471708,0.29504467520118577,1519,67.0,0.0,0.0,0.0,ETN(주식),0.07,,,,,-0.14238455315301257,-0.16961868435923622,2026-05-12
Q760005,키움 INDXX 미국테크탑10 ETN,2026-05-12,0.0,0.0,0.0,4.0,-0.04761906122448967,0.2,1.021904612126453,-0.2992379283769994,-0.4738790601020147,0.24878762364743884,1520,377.0,0.0,0.0,0.0,ETN(주식),-0.8,,,,,-0.14606628168632094,-0.1702912624085583,2026-05-12
228800,TIGER 여행레저,2026-05-12,282.0,-561.0,-279.0,-1268.0,0.44108280249040277,0.5,-2.2005024679348932,-0.18953817372026033,-0.5351295032822388,-2.9251701449373924,1521,814.0,0.0,0.0,0.0,ETF(실물복제/수익증권),-2.46,,,,,-0.398690486809657,-0.17071213420741493,2026-05-12
Q570070,한투 인버스 2X 플래티넘 선물 ETN,2026-05-12,0.0,-1.0,-1.0,-1.0,-0.9134199135323551,0.5,-0.3199837931294398,-0.6769357066625504,0.12758944976135178,-0.8693300500306385,1522,15.0,0.0,0.0,0.0,ETN(원자재),-3.6,,,,,-0.2350604048416582,-0.17076789344664553,2026-05-12
275980,TIGER 글로벌4차산업혁신기술(합성 H),2026-05-12,104.0,-110.0,-6.0,113.0,-0.8194444444820602,0.8,-1.3285685077687512,-1.1375045240309427,-0.850047346683912,-3.316120378483606,1523,665.0,0.0,0.0,0.0,ETF(합성복제/수익증권),-0.11,,,,,-0.42980731292811863,-0.1711076694156078,2026-05-12
Q530140,삼성 iSelect 레버리지 조선 TOP10 TR ETN,2026-05-12,0.0,-52.0,-52.0,202.0,-0.8221343873605664,0.7,0.09964363950864145,-0.8280088532716631,0.11230586967385911,-0.6160593440891625,1524,443.0,0.0,0.0,0.0,ETN(주식),-6.21,,,,,-0.21490187866252153,-0.171219959848517,2026-05-12
463050,TIMEFOLIO K바이오액티브,2026-05-12,-212.0,-406.0,-618.0,1502.0,0.33556095583228696,0.4,0.5130646713039563,0.27533994242103565,-1.5248890879639543,-0.7364844742389623,1525,3699.0,0.0,0.0,0.0,ETF(Active/수익증권),2.21,,,,,-0.22448685269150231,-0.17150733221633463,2026-05-12
490090,TIGER 미국AI빅테크10,2026-05-12,-42.0,426.0,384.0,573.0,0.6745880861054534,0.5,0.765086085246182,0.7253337467656654,-0.5596802069014709,0.9307396251103767,1526,2399.0,0.0,0.0,0.0,ETF(실물복제/수익증권),0.5,,,,,-0.09178780829042064,-0.17161442893535753,2026-05-12
409820,KODEX 미국나스닥100레버리지(합성 H),2026-05-12,-36.0,3136.0,3100.0,4770.0,1.53218370152927,1.0,0.2675752990523915,2.0154794444599857,0.2581987897471941,2.5412535332595714,1527,2730.0,0.0,0.0,0.0,ETF(합성복제/수익증권),-0.57,,,,,0.03639751286073997,-0.1718272093364311,2026-05-12
483320,ACE 엔비디아밸류체인액티브,2026-05-12,74.0,-399.0,-325.0,15173.0,-0.920826073588396,0.2,2.350940982735724,-0.6865088447572201,-0.37454809577631726,1.2898840422021867,1528,3169.0,0.0,0.0,0.0,ETF(Active/수익증권),3.43,,,,,-0.06320249635265174,-0.17192982704587365,2026-05-12
157450,TIGER 단기통안채,2026-05-12,-21.0,16.0,-5.0,-230.0,-0.16725642846185973,0.6,-1.2104696899923748,0.4595799817870568,-0.1346215944292085,-0.8855113026345266,1529,13849.0,0.0,0.0,0.0,ETF(실물복제/수익증권),0.04,,,,,-0.23634831614199658,-0.17208467722012855,2026-05-12
227830,PLUS 코스피,2026-05-12,0.0,-20.0,-20.0,-42.0,1.1929824542166818,0.4,-1.7211836471515698,0.9661220596263144,-1.572282175434014,-2.3273437629592695,1530,198.0,0.0,0.0,0.0,ETF(실물복제/수익증권),-2.35,,,,,-0.3511078075302409,-0.17244145923458845,2026-05-12
0000Y0,HK 26-12 회사채(AA-이상)액티브,2026-05-12,0.0,0.0,0.0,4.0,0.25683059903251837,0.2,0.8448483961251005,-0.5345339220525581,1.2353645664124433,1.5456790404849858,1531,1223.0,0.0,0.0,0.0,ETF(Active/수익증권),-0.02,,,,,-0.04284305466274882,-0.17251590749364118,2026-05-12
448600,RISE 25-11 회사채(AA-이상)액티브,2025-11-20,0.0,0.0,0.0,246.0,-0.5352564103122689,0.8,-0.6321244055872974,-0.6759965229373849,-0.7888104821910907,-2.096931410715773,1532,,,,,,,,,,,-0.17005226524106304,-0.17266738662103398,2026-05-12
455960,RISE 미국달러SOFR금리액티브(합성),2026-05-12,0.0,9.0,9.0,-21.0,-0.8700092850691723,0.5,-0.651951403498773,-0.6300499480728906,0.6157650629803756,-0.6662362885912879,1533,599.0,0.0,0.0,0.0,ETF,1.02,,,,,-0.2188956024750532,-0.17270929157345194,2026-05-12
385520,KODEX 자율주행액티브,2026-05-12,-9.0,148.0,139.0,79.0,1.2611464960951762,0.4,1.234052535942903,1.3735504249445833,-0.6085312999959095,1.9990716608915768,1534,399.0,0.0,0.0,0.0,ETF(Active/수익증권),-1.71,,,,,-0.006756263756872856,-0.1728345554902031,2026-05-12
219480,KODEX 미국S&P500선물(H),2026-05-12,0.0,221.0,221.0,160.0,1.1805555553284144,0.8,-1.293226350177272,1.2090648961465316,-0.9710587676585594,-1.0552202216892999,1535,1491.0,0.0,0.0,0.0,ETF(실물복제/수익증권),0.11,,,,,-0.24985592522328193,-0.17326256731119238,2026-05-12
475070,KoAct 글로벌친환경전력인프라액티브,2026-05-12,-23.0,129.0,106.0,482.0,-0.3772893773078718,0.3,1.7167378747132513,-0.6727345082531729,1.5248890879639512,2.5688924544240295,1536,628.0,0.0,0.0,0.0,ETF(Active/수익증권),2.81,,,,,0.03859737215274023,-0.17346218308425326,2026-05-12
295000,RISE 국채선물10년,2026-05-12,0.0,0.0,0.0,3.0,-9.999999828202988e-09,0.3,-0.5857034866984626,0.2994965088521683,-1.8389492512476897,-2.1251562290939843,1537,56.0,0.0,0.0,0.0,ETF(실물복제/수익증권),-0.89,,,,,-0.33501513435918634,-0.17356365344182667,2026-05-12
Q570096,한투 인버스 2X 일본 엔선물 ETN,2026-05-12,0.0,0.0,0.0,0.0,-1.0,0.0,0.0,0.0,0.0,0.0,1538,104.0,0.0,0.0,0.0,ETN(통화),-0.58,,,,,-0.1658679867658692,-0.17403003005502832,2026-05-12
238720,ACE 일본Nikkei225(H),2026-05-12,19.0,25.0,44.0,47.0,-0.07131011631725293,0.7,0.1461567210259812,-0.16428565449170995,0.2581988564138322,0.24006992294810348,1539,362.0,0.0,0.0,0.0,ETF(실물복제/수익증권),0.33,,,,,-0.146760147947388,-0.17403427692195494,2026-05-12
412770,TIGER 글로벌AI플랫폼액티브,2026-05-12,672.0,-645.0,27.0,-607.0,-0.254213341429381,0.9,-0.7442602464419398,-0.44179328351441466,0.0834576083138205,-1.1025959216425338,1540,969.0,0.0,0.0,0.0,ETF(Active/수익증권),0.35,,,,,-0.25362669012170197,-0.174301029675513,2026-05-12
388420,RISE 비메모리반도체액티브,2026-05-12,-3154.0,2603.0,-551.0,-906.0,1.3988735277215407,0.5,-1.8872552524901434,2.3202617096316245,0.1744556599803401,0.6074621171218212,1541,2776.0,0.0,0.0,0.0,ETF(Active/수익증권),-2.77,,,,,-0.1175183722878978,-0.17459336692724947,2026-05-12
026960,동서,2026-05-12,-253.0,105.0,-148.0,-2782.0,-0.3413916008211362,0.2,-1.1848865689895467,-0.661880641991727,-1.3298198587245311,-3.1765870697058047,1542,24576.0,16.96,1453.0,1.41,유통,0.0,8.48,3.52,9.0,1.94,-0.23195274440533872,-0.17465452097445505,2026-05-12
394660,TIGER 글로벌자율주행&전기차SOLACTIVE,2026-05-12,93.0,-85.0,8.0,307.0,-0.5308641976177413,0.7,1.346994799720267,-0.7997130431754194,-1.032795425655329,-0.4855136691104813,1543,1383.0,0.0,0.0,0.0,ETF(실물복제/수익증권),1.71,,,,,-0.20451138207173575,-0.17477363352327696,2026-05-12
Q500095,신한 S&P500 VIX S/T 선물 ETN E,2026-05-12,0.0,-21.0,-21.0,-127.0,-0.1487455199420935,0.1,1.0795468650060367,-0.4051470131190795,-0.7292343790159944,-0.05483452712903725,1544,717.0,0.0,0.0,0.0,ETN(변동성),2.75,,,,,-0.1702324206491415,-0.1750348547915685,2026-05-12
0010E0,ACE FTSE WGBI Korea,2026-04-20,0.0,0.0,0.0,-14.0,-0.6969696973140497,0.2,0.47441404146958505,-0.673585267808025,-1.9321830994920397,-2.1313543258304795,1545,,,,,,,,,,,-0.17279208164786988,-0.17551008000126128,2026-05-12
497570,TIGER 미국필라델피아AI반도체나스닥,2026-05-12,-967.0,1823.0,856.0,-2793.0,-0.7542237906381617,0.3,1.1668992751554232,-1.284716181354979,1.056147197139975,0.9383302909404192,1546,11744.0,0.0,0.0,0.0,ETF(실물복제/수익증권),0.45,,,,,-0.0911836458971301,-0.17552738654933256,2026-05-12
375270,RISE 글로벌데이터센터리츠(합성),2026-05-12,0.0,0.0,0.0,9.0,-0.2380952388208617,0.3,1.5916372959371412,-0.28216252071226394,-0.35675300218815875,0.9527217730367185,1547,107.0,0.0,0.0,0.0,ETF(합성복제/수익증권),0.36,,,,,-0.09003818745369739,-0.17564468863034755,2026-05-12
322400,HANARO e커머스,2026-05-12,-62.0,55.0,-7.0,-13.0,2.25699745298448,0.4,0.12421655393560069,0.7851576396958542,-1.8708283433870367,-0.9614541497555819,1548,430.0,0.0,0.0,0.0,ETF(실물복제/수익증권),-2.96,,,,,-0.24239282044468413,-0.17573031166786468,2026-05-12
Q530115,삼성 레버리지 나스닥 100 ETN,2026-05-12,0.0,126.0,126.0,66.0,5.0,0.3,1.010003754659323,1.968179556848772,-1.4270120087526355,1.55117130275546,1549,720.0,0.0,0.0,0.0,ETN(주식),0.52,,,,,-0.042405910097014415,-0.17578291975470525,2026-05-12
304660,KODEX 미국30년국채울트라선물(H),2026-05-12,-8.0,473.0,465.0,2105.0,-0.011021745635656166,0.9,1.8397579464028848,-0.7987719340684137,-1.0327953589886836,0.008190653345787391,1550,1743.0,0.0,0.0,0.0,ETF(실물복제/수익증권),-0.47,,,,,-0.16521606968259844,-0.17612159330276317,2026-05-12
015590,DKME,2026-05-12,,,0.0,0.0,-1.0,0.0,0.0,0.0,0.0,0.0,1551,1220.0,-42.21,-61.0,0.97,기계·장비,0.0,-0.02,49.88,-2.35,5.82,-0.1619378384997043,-0.17653279098123825,2026-05-12
011280,태림포장,2026-05-12,-28.0,32.0,4.0,-209.0,-0.16407061279895052,0.4,-0.2813908702212227,0.9882232578158208,0.0,0.7068323875945981,1552,1338.0,-14.31,-132.0,0.43,종이·목재,-0.68,-3.05,112.11,5.39,0.0,-0.10416725820148252,-0.17682605965054568,2026-05-12
Q500020,신한 레버리지 다우존스지수 선물 ETN(H),2026-05-12,0.0,0.0,0.0,-1.0,2.1050228267967728,0.2,0.09040022078401863,0.6178956636794428,-0.9597625556835474,-0.2514666712200859,1553,592.0,0.0,0.0,0.0,ETN(주식),0.69,,,,,-0.18588292475929752,-0.17746729969640196,2026-05-12
0008E0,ACE 미국중심중소형제조업,2026-05-12,0.0,-8.0,-8.0,7.0,-0.28571428698979584,0.4,-0.26655499068415944,-0.3650265294366846,-1.3262631811628642,-1.9578447012837084,1554,135.0,0.0,0.0,0.0,ETF(실물복제/수익증권),1.53,,,,,-0.3216983403742785,-0.1774709376242603,2026-05-12
261110,TIGER 미국달러선물레버리지,2026-05-12,0.0,8.0,8.0,99.0,0.822079313454851,0.6,1.3520465662786765,-0.062395572129862756,0.762974746017437,2.052625740166251,1555,128.0,0.0,0.0,0.0,ETF(실물복제/수익증권),1.83,,,,,-0.002493744311345138,-0.17813216440682467,2026-05-12
469050,RISE 미국반도체NYSE(H),2026-05-12,0.0,-487.0,-487.0,-437.0,0.777577937490026,0.3,-1.7420801756155828,1.3838291033550842,-0.24247193698850997,-0.6007230092490086,1556,254.0,0.0,0.0,0.0,ETF(실물복제/수익증권),0.41,,,,,-0.21368121673789023,-0.1784477069655963,2026-05-12
Q530118,삼성 코스닥 150 TR ETN,2026-05-12,0.0,-28.0,-28.0,11.0,0.31054130942118974,0.5,-1.4455072898339802,0.4436700153509763,-0.08345760831381922,-1.0852948827968232,1557,448.0,0.0,0.0,0.0,ETN(주식),-2.1,,,,,-0.25224965189218757,-0.1785820049221687,2026-05-12
Q530122,삼성 인버스 2X 항셍테크 ETN(H) B,2026-05-12,0.0,-20.0,-20.0,-22.0,-0.3802345061740865,0.6,-0.43635786090590717,-0.552095125398551,-0.0947330798815984,-1.0831860661860566,1558,56.0,0.0,0.0,0.0,ETN(주식),0.99,,,,,-0.2520818052606669,-0.17885449646493257,2026-05-12
472920,HK 종합채권(AA-이상)액티브,2026-05-12,0.0,42.0,42.0,54.0,0.8333333310416664,0.2,2.581917711610338,-0.42388976873669215,0.9036959391150987,3.061723881988745,1559,2879.0,0.0,0.0,0.0,ETF(Active/수익증권),-0.38,,,,,0.07782320838806178,-0.17960441342306763,2026-05-12
Q570085,한투 블룸버그 인도네시아 대표원자재 ETN,2026-05-12,0.0,-11.0,-11.0,-39.0,2.80952379138322,0.2,-2.3746278371348284,0.6294753853179624,-0.08345760831381965,-1.8286100601306856,1560,121.0,0.0,0.0,0.0,ETN(주식),0.12,,,,,-0.31141219264451886,-0.17981987095460172,2026-05-12
071055,한국금융지주우,2026-05-12,-582.0,-110.0,-692.0,943.0,-0.33571351293948326,0.6,0.4259598957466121,-0.5115807675471941,1.5519670970037664,1.4663462252031845,1561,10152.0,0.0,0.0,0.0,금융,-4.99,,,,,-0.2732142678182065,-0.18039207936102813,2026-05-12
123690,한국화장품,2026-05-12,19.0,0.0,19.0,-154.0,-0.8089655921043428,0.3,0.763462372363749,-0.6293515339582143,0.22930798193975213,0.36341882034528683,1562,1348.0,119.86,70.0,4.02,유통,-3.67,3.53,67.56,-8.36,-85.79,-0.09528299850388554,-0.18042260284893702,2026-05-12
261120,TIGER 미국달러선물인버스2X,2026-05-12,0.0,-113.0,-113.0,123.0,-0.07605921402612659,0.5,-0.4943294456476083,-0.2260896418071498,-1.5105570459849333,-2.2309761334396914,1563,396.0,0.0,0.0,0.0,ETF(실물복제/수익증권),-2.23,,,,,-0.3434376374832531,-0.1804580650469303,2026-05-12
365040,TIGER AI코리아그로스액티브,2026-05-12,10.0,-192.0,-182.0,-334.0,1.9999999993023256,0.3,-2.141564997982565,1.3247853773259632,0.30063610901093757,-0.5161435116456641,1564,788.0,0.0,0.0,0.0,ETF(Active/수익증권),-1.87,,,,,-0.2069492971883422,-0.18061586445373728,2026-05-12
Q500038,신한 인버스 2X 금 선물 ETN,2026-05-12,0.0,0.0,0.0,0.0,-1.0,0.1,0.18391325249577128,-0.9230995129299027,-3.671716557275242e-16,-0.7391862604341317,1565,10.0,0.0,0.0,0.0,ETN(원자재),-2.17,,,,,-0.2247018954361549,-0.18079935816530135,2026-05-12
152550,한국ANKOR유전,2026-04-30,0.0,0.0,0.0,67.0,-0.9840510366864311,0.4,0.43608168035363704,-0.923778671881544,-1.7709977776102719,-2.2586947691381787,1566,,,,,,,,,,,-0.18292746485588404,-0.18099771215318167,2026-05-12
003720,삼영,2026-05-12,1392.0,-100.0,1292.0,50.0,-0.34972019551356714,0.6,-0.2707592901887808,-0.8797279548340614,-0.3099651893507998,-1.460452434373642,1567,4386.0,33.33,387.0,4.97,화학,-4.3,16.59,124.75,21.56,63.94,-0.0721429944052559,-0.18166559238102983,2026-05-12
445290,KODEX 로봇액티브,2026-05-12,-515.0,-15471.0,-15986.0,-23961.0,3.0558169641594244,0.5,-2.0600223056299947,0.9113186829082436,0.5825752013671789,-0.5661284213545722,1568,12776.0,0.0,0.0,0.0,ETF(Active/수익증권),-0.93,,,,,-0.21092773641282025,-0.18185527432779344,2026-05-12
Q500014,신한 인버스 옥수수 선물 ETN(H),2025-10-29,0.0,0.0,0.0,0.0,-1.0,0.1,-1.1832159519532568,-0.915926561530874,-0.1123058696738585,-2.211448383157989,1569,,,,,,,,,,,-0.17916699241944156,-0.18212436138335103,2026-05-12
363280,티와이홀딩스,2026-05-12,-88.0,0.0,-88.0,-241.0,0.9185423359318725,0.4,-1.4870908808178365,1.1798068584362253,-0.5428966403464361,-0.8501806627280473,1570,1349.0,-1.47,-1820.0,0.12,금융,-1.47,-10.04,76.76,-0.19,0.0,-0.22392390571744367,-0.18234100871892056,2026-05-12
000650,천일고속,2026-05-12,110.0,28.0,138.0,424.0,1.0267131239210139,0.6,2.410589195365452,1.1057858772039764,0.47711868946735864,3.9934937620367874,1571,2500.0,-59.55,-2937.0,17.65,운송·창고,-4.84,-25.32,279.81,1.63,0.0,-0.0413517058365832,-0.182579024828431,2026-05-12
Q500093,신한 블룸버그 레버리지 WTI원유선물 ETN B,2026-05-12,0.0,1.0,1.0,-23.0,-0.7728790915391237,0.8,-1.1527626505555764,-0.723407164165563,0.6324554987003451,-1.2437143160207942,1572,596.0,0.0,0.0,0.0,ETN(원자재),0.61,,,,,-0.2648586991172044,-0.1829099899990165,2026-05-12
496020,WON 전단채플러스액티브,2026-05-12,0.0,27.0,27.0,65.0,-0.10860012571715005,0.4,1.2055817386412664,0.2712399400004757,-0.10985883756602806,1.366962841075714,1573,2096.0,0.0,0.0,0.0,ETF(Active/수익증권),0.02,,,,,-0.0570675784624341,-0.18309946308090608,2026-05-12
266420,KODEX 헬스케어,2026-05-12,-45.0,315.0,270.0,-489.0,0.4590747330095448,0.2,1.0632383493021238,0.37380678668169826,0.4058396837802467,1.8428848197640688,1574,885.0,0.0,0.0,0.0,ETF(실물복제/수익증권),1.58,,,,,-0.019187612712140756,-0.18314311506818953,2026-05-12
Q520064,미래에셋 2X 미국채울트라30년 선물 ETN,2026-05-12,0.0,2.0,2.0,2.0,2.333333166666675,0.2,0.39726054289215723,3.292254263721318,0.11230586967385865,3.801820676287334,1575,142.0,0.0,0.0,0.0,ETN(채권),-0.28,,,,,0.13672958900363394,-0.18315255423360743,2026-05-12
449450,PLUS K방산,2026-05-12,-6457.0,10687.0,4230.0,-17952.0,-0.29549772821264686,0.5,-1.222240902737959,-0.916136965568781,1.4182714516382944,-0.7201064166684457,1576,16300.0,0.0,0.0,0.0,ETF(실물복제/수익증권),-2.39,,,,,-0.2231832771316231,-0.18317582993039583,2026-05-12
138910,KODEX 구리선물(H),2026-05-12,472.0,1626.0,2098.0,2915.0,2.4761186524843803,0.8,1.284773612356175,2.3959102044282803,-0.8298299406099763,2.850853876174479,1577,501.0,0.0,0.0,0.0,ETF(실물복제/수익증권),2.35,,,,,0.06103947291103495,-0.18318868875410171,2026-05-12
075180,새론오토모티브,2026-05-12,0.0,-8.0,-8.0,-11.0,-0.43181818246384307,0.1,0.4963950501639163,-0.5748857598520165,-0.7175948649242126,-0.7960855746123129,1578,557.0,-107.41,-27.0,0.23,운송장비·부품,-3.17,-0.21,12.31,-2.33,0.0,-0.09294745678019445,-0.1833126904566957,2026-05-12
495850,KODEX 코리아밸류업,2026-05-12,100.0,-2794.0,-2694.0,-11095.0,0.5151347462701836,0.4,-1.3319726327514378,-0.1260180098253581,0.7632759253754184,-0.6947147172013775,1579,8019.0,0.0,0.0,0.0,ETF(실물복제/수익증권),-1.62,,,,,-0.22116228052036108,-0.18346172001738453,2026-05-12
352560,KODEX 미국부동산리츠(H),2026-05-12,-9.0,47.0,38.0,170.0,-0.36819172127054645,0.9,-1.1566715747855036,-0.6274461039505576,0.1744556599803388,-1.6096620187557225,1580,361.0,0.0,0.0,0.0,ETF(실물복제/수익증권),0.08,,,,,-0.29398550364974907,-0.18384791131823341,2026-05-12
497880,SOL CD금리&머니마켓액티브,2026-05-12,0.0,-387.0,-387.0,-367.0,-0.8165488810381342,0.3,1.5277713446889505,-1.0451613141978875,0.2581987897472016,0.7408088202382646,1581,2439.0,0.0,0.0,0.0,ETF(Active/수익증권),-0.01,,,,,-0.10690493400776946,-0.1839044643847363,2026-05-12
228820,TIGER KTOP30,2026-05-12,-23.0,84.0,61.0,-68.0,0.16575591953576785,0.5,-0.40589375452278215,0.24773294757594347,0.6667978267184004,0.5086370197715617,1582,192.0,0.0,0.0,0.0,ETF(실물복제/수익증권),-1.63,,,,,-0.12538413909533613,-0.18410038567580805,2026-05-12
034220,LG디스플레이,2026-05-12,8215.0,1717.0,9932.0,15913.0,-0.7159229805895753,0.3,0.347117782830692,-0.8001587268597453,-0.7801894671707128,-1.233230411199766,1583,63800.0,28.17,453.0,0.97,전기·전자,1.19,3.44,243.36,-3.03,0.0,-0.06392214795214779,-0.18433646916072807,2026-05-12
237440,TIGER 경기방어채권혼합,2026-05-12,0.0,-1.0,-1.0,-14.0,0.6479400730547487,0.5,-1.4022123714845398,-0.10749591432865863,-1.1771511581541407,-2.6868594439673394,1584,103.0,0.0,0.0,0.0,ETF(실물복제/수익증권),-0.67,,,,,-0.37972266940489446,-0.1844007303732434,2026-05-12
400760,NH올원리츠,2026-05-12,-296.0,-3.0,-299.0,-1168.0,1.1027064537055722,0.1,-1.3502908809568201,0.8646026110231234,-2.092435425165019,-2.5781236950987156,1585,1675.0,108.93,28.0,0.81,리츠,-0.49,0.34,360.15,44.46,82.16,-0.14518006284710677,-0.18526496998721814,2026-05-12
293940,신한알파리츠,2026-05-12,-71.0,-321.0,-392.0,-1029.0,-0.5824730442857886,0.4,-0.9589795453710995,-0.9981459457075712,-2.104925457122288,-4.062050948200959,1586,6773.0,103.7,54.0,1.1,리츠,-1.06,2.7,293.51,35.08,35.11,-0.18030872195705921,-0.1856876880169576,2026-05-12
438320,TIGER 차이나항셍테크레버리지(합성 H),2026-05-12,75.0,52.0,127.0,64.0,-0.4265450861544148,0.5,1.1078467566698704,-0.9522910069613846,1.235364670466471,1.3909204201749568,1587,315.0,0.0,0.0,0.0,ETF(합성복제/수익증권),-1.11,,,,,-0.05516072751547768,-0.18632803854214028,2026-05-12
0053M0,더제이 중소형포커스액티브,2026-05-12,0.0,20.0,20.0,-2.0,-0.934483860661498,0.5,-0.4133336193216549,-0.5095229052788319,-0.12577442528220997,-1.048630949882697,1588,70.0,0.0,0.0,0.0,ETF(Active/수익증권),-4.97,,,,,-0.24933146659029043,-0.18647321706622424,2026-05-12
130680,TIGER 원유선물Enhanced(H),2026-05-12,-2.0,-20.0,-22.0,1020.0,-0.7618677848564186,0.8,-0.004688489710407795,-1.4152429535966182,-0.33383043325527967,-1.7537618765623058,1589,205.0,0.0,0.0,0.0,ETF(실물복제/수익증권),0.26,,,,,-0.30545481568568233,-0.18660889963501798,2026-05-12
Q570115,한투 인버스0.5X S&P500 VIX S/T선물 ETN B,2026-05-12,0.0,0.0,0.0,2.0,-1.0,0.3,-0.09921488302216601,-0.6628365928874368,-0.582575137730836,-1.3446266136404388,1590,202.0,0.0,0.0,0.0,ETN(변동성),-0.1,,,,,-0.272890592050896,-0.18663553994520535,2026-05-12
145720,덴티움,2026-05-12,25.0,-3.0,22.0,-2229.0,-0.8225358135585439,0.3,-0.5112735419763486,-1.518165439169313,-1.12303175604604,-3.1524707371917016,1591,4355.0,34.05,1483.0,0.77,의료·정밀기기,-1.94,2.94,66.21,-15.05,-34.91,-0.23004046313436882,-0.18672884478285873,2026-05-12
423160,KODEX KOFR금리액티브(합성),2026-05-12,-21.0,1078.0,1057.0,1635.0,-0.37719093246328117,0.4,1.4087206991200953,-0.9739619933985003,-0.9036959391150973,-0.46893723339350224,1592,44189.0,0.0,0.0,0.0,ETF,0.0,,,,,-0.20319201703851825,-0.1869358190076542,2026-05-12
130660,한전산업,2026-05-12,1493.0,-239.0,1254.0,-4151.0,-0.560989903836855,0.5,-1.144887083704921,-1.1294181436870852,0.5596802069014707,-1.7146250204905353,1593,5568.0,136.64,125.0,5.39,일반서비스,-5.43,3.71,98.45,7.35,-59.27,-0.299267709869539,-0.18748162380640598,2026-05-12
079980,휴비스,2026-05-12,135.0,13.0,148.0,244.0,-0.6096718480340413,0.4,-0.1999039480627328,-1.069698905192266,-1.0394060985313038,-2.3090089517863026,1594,1016.0,43.96,67.0,0.39,화학,-3.28,0.96,203.0,-5.31,0.0,-0.20164568199943445,-0.18760122958914324,2026-05-12
003925,남양유업우,2026-05-12,-22.0,46.0,24.0,287.0,-0.4504365691653154,0.8,1.7608111783564528,-0.7760924874734313,1.2139538836495634,2.198672574532585,1595,715.0,0.0,0.0,0.0,음식료·담배,-0.83,,,,,-0.1762896498840215,-0.18822777840730479,2026-05-12
473640,HANARO 글로벌금채굴기업,2026-05-12,435.0,146.0,581.0,1462.0,0.23974208671630293,0.7,1.0726102725207816,-0.2103327359375379,-1.6020816287597972,-0.7398040921765535,1596,1082.0,0.0,0.0,0.0,ETF(실물복제/수익증권),5.31,,,,,-0.22475107039820832,-0.1886546698486366,2026-05-12
0001P0,마이티 바이오시밀러&CDMO액티브,2026-05-12,0.0,64.0,64.0,17.0,0.8683651792770497,0.6,0.8688241443172204,0.23431085828064538,0.0,1.103135002597866,1597,140.0,0.0,0.0,0.0,ETF(Active/수익증권),1.83,,,,,-0.07806637644410704,-0.1900934411571445,2026-05-12
091170,KODEX 은행,2026-05-12,440.0,1945.0,2385.0,1720.0,-0.1272927872089865,0.5,1.5954062005940206,-0.6538690786865905,0.09473307988159771,1.0362702017890277,1598,5020.0,0.0,0.0,0.0,ETF(실물복제/수익증권),-1.83,,,,,-0.0833883335672462,-0.19040112831573275,2026-05-12
183700,RISE 채권혼합,2026-05-12,50.0,-112.0,-62.0,9.0,2.3057851226009154,0.4,-0.19791097918674025,0.6603608241273389,-1.5157293499004174,-1.0532795049598187,1599,301.0,0.0,0.0,0.0,ETF(실물복제/수익증권),-1.15,,,,,-0.24970145813301142,-0.19057113732478775,2026-05-12
315960,RISE 대형고배당10TR,2026-05-12,689.0,-9666.0,-8977.0,-25627.0,5.0,0.4,-3.01682428757642,1.947310364577898,-1.5275249983186452,-2.5970389213171674,1600,6889.0,0.0,0.0,0.0,ETF(실물복제/수익증권),-2.01,,,,,-0.3725736019652292,-0.19057165889242714,2026-05-12
Q610024,메리츠 인버스 미국채10년 ETN(H),2026-05-12,,,0.0,0.0,-1.0,0.0,0.0,0.0,0.0,0.0,1601,133.0,0.0,0.0,0.0,ETN(채권),0.3,,,,,-0.1658679867658692,-0.1906283302195374,2026-05-12
461950,KODEX 2차전지핵심소재10,2026-05-12,697.0,615.0,1312.0,-1546.0,0.9688956050503292,0.6,-1.2854933884352964,1.222313107994058,-0.09473307988159994,-0.15791336032283843,1602,2601.0,0.0,0.0,0.0,ETF(실물복제/수익증권),-6.44,,,,,-0.17843675422861302,-0.191035705024921,2026-05-12
066575,LG전자우,2026-05-12,9003.0,465.0,9468.0,28702.0,1.706005745803703,0.7,2.758901117978547,0.48932764149737534,0.6278955068086842,3.8761242662846067,1603,12649.0,0.0,0.0,0.0,전기·전자,10.51,,,,,-0.10474731111640537,-0.1913045095425469,2026-05-12
411050,ACE 글로벌메타버스테크액티브,2025-08-14,0.0,0.0,0.0,2.0,0.31147540768610593,0.5,-1.2773948164927182,0.9859257902781446,-2.0412412023193447,-2.3327102285339185,1604,,,,,,,,,,,-0.18881856296114466,-0.19213833736346878,2026-05-12
0061Z0,RISE 단기특수은행채액티브,2026-05-12,0.0,-30.0,-30.0,-132.0,-0.14565826366428936,0.6,-2.0930421048917416,-0.35746328316740444,-0.46212475494922683,-2.9126301430083728,1605,8276.0,0.0,0.0,0.0,ETF(Active/수익증권),0.01,,,,,-0.3976923928681058,-0.19233492945325065,2026-05-12
468820,WON 25-09 회사채(AA-이상)액티브,2025-09-25,0.0,0.0,0.0,-9.0,1.1428571275510206,0.1,-1.798885590015,0.23727501648656646,-0.7759835485018828,-2.3375941220303162,1606,,,,,,,,,,,-0.18920728574902998,-0.1925416562475808,2026-05-12
157500,TIGER 증권,2026-05-12,2421.0,4228.0,6649.0,-28348.0,-0.26657024129402873,0.4,-1.506463911109971,-0.6849667675136282,1.0467339598820367,-1.1446967187415624,1607,4770.0,0.0,0.0,0.0,ETF(실물복제/수익증권),-6.27,,,,,-0.25697761070025243,-0.1928450081395745,2026-05-12
280940,KODEX 골드선물인버스(H),2026-05-12,0.0,4.0,4.0,50.0,-0.7113997115246466,0.7,-0.6778862598196104,-0.8068661916069303,0.7337993318591933,-0.7509531195673473,1608,27.0,0.0,0.0,0.0,ETF(실물복제/수익증권),-0.63,,,,,-0.22563845277310152,-0.19293010972180466,2026-05-12
477490,에셋플러스 글로벌일등기업포커스10액티브,2026-05-12,1.0,6.0,7.0,-45.0,0.5384615369822483,0.5,-2.854434724311708,-0.26328571847538995,0.24247193698850902,-2.875248505798589,1609,196.0,0.0,0.0,0.0,ETF(Active/수익증권),1.04,,,,,-0.3947170834673947,-0.1930358286247262,2026-05-12
465620,ACE 미국빅테크TOP7 Plus인버스(합성),2026-05-12,0.0,0.0,0.0,-17.0,-1.0,0.3,-0.8915491078856982,-1.3056994715465262,-0.08345760831382072,-2.2807061877460453,1610,16.0,0.0,0.0,0.0,ETF(합성복제/수익증권),-0.16,,,,,-0.3473957920511019,-0.19327816424662297,2026-05-12
334690,RISE 팔라듐선물(H),2026-05-12,0.0,19.0,19.0,40.0,-0.4714714715667019,0.7,0.042502037409874856,-1.0688665697672939,0.40583968378024804,-0.620524848577171,1611,49.0,0.0,0.0,0.0,ETF(실물복제/수익증권),0.87,,,,,-0.2152573006952037,-0.19408753706874954,2026-05-12
404650,SOL KRX기후변화솔루션,2026-05-12,0.0,6.0,6.0,-2.0,0.5555555520987654,0.5,-0.17795357262275324,1.1999649273328339,0.06936134054703964,1.0913726952571203,1612,170.0,0.0,0.0,0.0,ETF(실물복제/수익증권),-2.47,,,,,-0.07900257149111836,-0.19438911504378834,2026-05-12
451600,PLUS 국고채30년액티브,2026-05-12,0.0,6.0,6.0,2.0,0.388888883101852,0.4,0.37861875125455624,0.9595730401047852,0.6305969503343192,1.9687887416936605,1613,240.0,0.0,0.0,0.0,ETF(Active/수익증권),-0.99,,,,,-0.009166566271577943,-0.19455242518343546,2026-05-12
114470,KIWOOM 국고채3년,2026-05-12,-3.0,-2.0,-5.0,-66.0,0.24716553203140657,0.0,0.1875862525387755,1.6087080739892257,-1.8467646696386215,-0.050470343110620375,1614,519.0,0.0,0.0,0.0,ETF(실물복제/수익증권),-0.2,,,,,-0.1698850629969456,-0.19466812556017676,2026-05-12
Q580069,KB S&P 인버스 2X WTI원유 선물 ETN B,2026-05-12,0.0,321.0,321.0,406.0,-0.7670710571939892,0.4,1.009993495947835,-0.7715171419318024,0.4280549666015063,0.6665313206175388,1615,525.0,0.0,0.0,0.0,ETN(원자재),0.0,,,,,-0.11281688862983777,-0.19481894998595756,2026-05-12
395280,HANARO Fn K-게임,2026-05-12,0.0,7.0,7.0,280.0,-0.9286640726398835,0.4,1.1607156115420454,-0.9349811723352329,-1.467598663718386,-1.2418642245115734,1616,109.0,0.0,0.0,0.0,ETF(실물복제/수익증권),-1.82,,,,,-0.2647114451425144,-0.19498872888131707,2026-05-12
047050,포스코인터내셔널,2026-05-12,1145.0,-2489.0,-1344.0,-23524.0,-0.447856415080071,0.6,-1.651029527347411,-1.0043049245818492,-0.5978685247551846,-3.253202976684445,1617,130183.0,21.2,3491.0,1.88,유통,-1.73,9.27,140.03,0.35,0.65,-0.337488112655833,-0.19576591106068983,2026-05-12
093240,형지엘리트,2026-05-12,15.0,-1.0,14.0,-505.0,-0.7238542890879052,0.3,-0.2773026098644945,-0.8826126851950996,-0.5424744879950483,-1.7023897830546424,1618,516.0,-25.45,-33.0,0.4,섬유·의류,-2.33,5.18,97.72,19.2,345.69,-0.21538570625600084,-0.1958169973544007,2026-05-12
496770,PLUS 글로벌방산,2026-05-12,-22.0,360.0,338.0,464.0,0.7940663174386668,0.5,1.6485554515975007,0.5003782217188264,-0.15149527363472676,1.9974383996816003,1619,419.0,0.0,0.0,0.0,ETF(실물복제/수익증권),-0.03,,,,,-0.0068862595996067606,-0.19686662083394188,2026-05-12
475050,ACE KPOP포커스,2026-05-12,1475.0,-108.0,1367.0,-1108.0,1.2309399270352448,0.1,1.6828450735327367,1.1484308343777636,-0.6993757834034873,2.131900124507013,1620,1302.0,0.0,0.0,0.0,ETF(실물복제/수익증권),-2.49,,,,,0.0038159263871582454,-0.1969465360610203,2026-05-12
Q570103,한투 인버스2X 나스닥100 ETN B,2026-05-12,0.0,-87.0,-87.0,-105.0,0.46482122209983134,0.4,-1.5395819263639385,0.32546485511772655,-2.1698978161593248,-3.3840148874055367,1621,456.0,0.0,0.0,0.0,ETN(주식),1.22,,,,,-0.4352112274094035,-0.1970376265594165,2026-05-12
495230,KoAct 코리아밸류업액티브,2026-05-12,257.0,35.0,292.0,-2361.0,-0.1035798122263003,0.3,-1.6453236590738434,-0.31761647862396575,0.5428966403464363,-1.4200434973513727,1622,3328.0,0.0,0.0,0.0,ETF(Active/수익증권),-2.43,,,,,-0.2788932334498862,-0.1970853029667742,2026-05-12
475300,SOL 반도체전공정,2026-05-12,382.0,-169.0,213.0,679.0,-0.7164856458153614,0.8,-1.4918661186806468,-1.1893179945985168,1.3592233596178582,-1.3219607536613056,1623,958.0,0.0,0.0,0.0,ETF(실물복제/수익증권),-4.8,,,,,-0.27108655265335285,-0.19727022163461902,2026-05-12
442550,RISE TDF2030액티브,2026-05-12,2.0,-37.0,-35.0,-101.0,1.376933894918312,0.3,-0.780094541822733,0.8515161029451059,-0.5279022324184566,-0.4564806712960836,1624,167.0,0.0,0.0,0.0,ETF(Active/수익증권),-0.62,,,,,-0.20220056430730154,-0.19728382429987978,2026-05-12
456040,OCI,2026-05-12,4807.0,858.0,5665.0,15053.0,-0.3394989463841267,0.9,0.7168529780945804,-0.6019382681162535,2.0655909579773026,2.1805056679556296,1625,12086.0,-19.3,-6994.0,1.07,화학,3.05,-5.37,95.38,-9.29,-99.6,-0.2045654630942771,-0.19740400636700844,2026-05-12
465330,RISE 2차전지TOP10,2026-05-12,406.0,-313.0,93.0,-930.0,0.1512922667948322,0.4,0.4277112061971843,-0.16119850902268829,0.7245687498094837,0.9910814469839797,1626,981.0,0.0,0.0,0.0,ETF(실물복제/수익증권),-5.85,,,,,-0.08698503336461891,-0.1974432626766799,2026-05-12
446690,KODEX 아시아AI반도체exChina액티브,2026-05-12,17.0,-79.0,-62.0,-242.0,-0.07275357826378792,0.6,0.05535431213403889,-0.4404815053224467,-0.7632759253754198,-1.1484031185638275,1627,325.0,0.0,0.0,0.0,ETF(Active/수익증권),1.58,,,,,-0.25727261346249347,-0.19746260479630282,2026-05-12
Q700029,하나 S&P 레버리지 WTI원유 선물 ETN B,2026-05-12,0.0,-13.0,-13.0,-13.0,-0.612068965684453,0.5,-1.0300664280143252,-0.6891856593286765,-0.5991446356691291,-2.318396723012131,1628,591.0,0.0,0.0,0.0,ETN(원자재),-0.56,,,,,-0.3503956875149011,-0.1976680853776194,2026-05-12
Q760012,키움 반도체TOP10 ETN,2026-05-12,0.0,30.0,30.0,-33.0,1.116402113042748,0.2,-0.6979499038696768,-0.0800087069386101,1.9321830994920386,1.1542244886837518,1629,272.0,0.0,0.0,0.0,ETN(주식),-4.41,,,,,-0.07400002088627575,-0.19767692702653059,2026-05-12
429010,TIGER 미국나스닥넥스트100,2026-05-12,0.0,-15.0,-15.0,-6.0,-0.39393939462809935,0.3,0.17494695453090212,-0.6469373368708332,-0.20835267971885635,-0.6803430620587874,1630,98.0,0.0,0.0,0.0,ETF(실물복제/수익증권),0.28,,,,,-0.22001840015980972,-0.19777361296855572,2026-05-12
421320,PLUS 우주항공&UAM,2026-05-12,53.0,-5915.0,-5862.0,-27120.0,5.0,0.5,-2.5761180741984435,1.838414053718043,-1.7748236724299191,-2.5125276929103197,1631,2918.0,0.0,0.0,0.0,ETF(실물복제/수익증권),-5.23,,,,,-0.36584711615259796,-0.19876628227296492,2026-05-12
001515,SK증권우,2026-05-12,0.0,0.0,0.0,-63.0,-0.8820058997572245,0.3,0.03320703292703841,-0.8534954344296782,2.012390804515363,1.1921024030127234,1632,195.0,0.0,0.0,0.0,증권,-7.24,,,,,-0.15511769621339833,-0.19963517570928965,2026-05-12
044380,주연테크,2026-05-12,,,0.0,0.0,-1.0,0.0,-0.6707973648787419,-0.8105157504701722,-1.788854301999836,-3.27016741734875,1633,277.0,-16.54,-26.0,0.73,전기·전자,0.0,-4.59,21.66,18.02,0.0,-0.19085320576459136,-0.19967581894684072,2026-05-12
Q520068,미래에셋 2X 홍콩H 선물 ETN,2026-05-12,0.0,0.0,0.0,2.0,-1.0,0.3,-0.471404520235476,-0.7188009350554821,0.6324554320336916,-0.5577500232572666,1634,404.0,0.0,0.0,0.0,ETN(주식),1.93,,,,,-0.2102608761979528,-0.1996889992204095,2026-05-12
Q580032,KB 레버리지 구리 선물 ETN(H),2026-05-12,0.0,-127.0,-127.0,-94.0,4.749235468731587,0.6,-2.7858076273291323,3.046801701022066,-0.6831299810639802,-0.42213590737104645,1635,131.0,0.0,0.0,0.0,ETN(원자재),5.24,,,,,-0.19946696817297754,-0.1996924335329671,2026-05-12
138930,BNK금융지주,2026-05-12,897.0,745.0,1642.0,-2467.0,-0.42785909947110556,0.3,0.9862990118924265,-0.7120087679994913,-0.9036959391150977,-0.6294056952221625,1636,54245.0,6.8,2570.0,0.5,금융,-0.91,7.58,1333.0,1.21,3.06,-0.1517303656263335,-0.1998212418534014,2026-05-12
Q530130,삼성 S&P500 VIX S/T 선물 ETN B,2026-05-12,1.0,-138.0,-137.0,-314.0,-0.6111949053321002,0.1,0.9584445342550263,-0.9581229876476803,0.0,0.0003215466073459572,1637,374.0,0.0,0.0,0.0,ETN(변동성),3.27,,,,,-0.16584239396911088,-0.20001399567673506,2026-05-12
0036Z0,RISE 미국천연가스밸류체인,2026-05-12,0.0,15.0,15.0,115.0,-0.64539007102977,0.4,0.5608622288146354,-0.38280994870622315,-0.6895445188456347,-0.5114922387372225,1638,94.0,0.0,0.0,0.0,ETF(실물복제/수익증권),4.12,,,,,-0.2065790893258001,-0.20028395633532237,2026-05-12
Q610091,메리츠 3X 레버리지 일본 국채 10년 ETN,2026-05-12,0.0,0.0,0.0,0.0,-1.0,0.1,-0.022036453245560004,-0.7669476299387084,-0.7175948649242119,-1.5065789481084804,1639,83.0,0.0,0.0,0.0,ETN(채권),-0.3,,,,,-0.2857808327994677,-0.20069234367507613,2026-05-12
139270,TIGER 200 금융,2026-05-12,-101.0,278.0,177.0,745.0,-0.14320096275741034,0.6,0.8778070592126116,-0.2634995927253014,-1.032795425655329,-0.4184879591680186,1640,342.0,0.0,0.0,0.0,ETF(실물복제/수익증권),-2.2,,,,,-0.19917661773913042,-0.2009592137695983,2026-05-12
Q530095,삼성 구리 선물 ETN(H),2026-05-12,0.0,19.0,19.0,52.0,-0.31313131354759716,0.6,-0.2416958488850857,-0.22552674862564084,-0.3567529703699853,-0.8239755678807119,1641,148.0,0.0,0.0,0.0,ETN(원자재),2.49,,,,,-0.23145051433986544,-0.20114394723403262,2026-05-12
442090,에셋플러스 코리아대장장이액티브,2026-05-12,-1.0,206.0,205.0,131.0,-0.2763157895331977,0.4,0.97946210057028,-0.3544369443469494,0.24779729547062526,0.8728224516939559,1642,369.0,0.0,0.0,0.0,ETF(Active/수익증권),-2.78,,,,,-0.09639759864180185,-0.2013325367735065,2026-05-12
438900,HANARO Fn K-푸드,2026-05-12,-37.0,242.0,205.0,167.0,0.21269841258291766,0.6,-0.30033372338236497,-0.08331338442251418,-0.9486831480505381,-1.3323302558554173,1643,152.0,0.0,0.0,0.0,ETF(실물복제/수익증권),-2.14,,,,,-0.2719118904304462,-0.2018043320521275,2026-05-12
081660,미스토홀딩스,2026-05-12,22.0,-925.0,-903.0,-4741.0,-0.14363428973663728,0.1,-1.3685076682971904,-1.2095179073600077,-1.7968939147817355,-4.374919490438934,1644,19671.0,9.9,3743.0,1.02,유통,-1.98,11.39,112.73,4.68,31.59,-0.33903407063564234,-0.20205027956447552,2026-05-12
273130,KODEX 종합채권(AA-이상)액티브,2026-05-12,52.0,100.0,152.0,604.0,-0.47016174012994083,0.4,1.427822296937372,-0.6012464584581105,0.5384863777168348,1.3650622161960961,1645,42179.0,0.0,0.0,0.0,ETF(Active/수익증권),-0.53,,,,,-0.05721885452987377,-0.20238685661788433,2026-05-12
138490,코오롱ENP,2026-04-15,0.0,0.0,0.0,0.0,-1.0,0.0,-0.7110288195154846,-0.4973081702540882,-1.2498648116135296,-2.4582018013831024,1646,,,,,,,,,,,-0.1988067893813208,-0.20250161026537017,2026-05-12
395270,HANARO Fn K-반도체,2026-05-12,-1746.0,-94.0,-1840.0,-63636.0,-0.8960573901467651,0.2,-0.01959681863422573,-0.7914746017557601,0.20835267971885693,-0.6027187406711288,1647,29441.0,0.0,0.0,0.0,ETF(실물복제/수익증권),-1.38,,,,,-0.2138400626019225,-0.20268281897635942,2026-05-12
0085P0,ACE 미국10년국채액티브,2026-05-12,-31.0,41.0,10.0,-243.0,-0.2777030059294253,0.2,1.1120419910690242,-0.7255926556739477,-0.7292343790159951,-0.34278504362091855,1648,979.0,0.0,0.0,0.0,ETF(Active/수익증권),0.8,,,,,-0.1931512102636768,-0.20272268189948872,2026-05-12
409810,KODEX 미국나스닥100선물인버스(H),2026-05-12,0.0,-284.0,-284.0,-51.0,-0.46850998466350957,0.5,-1.3043305995367862,-0.48266076540692626,-0.3338304332552799,-2.1208217981989925,1649,126.0,0.0,0.0,0.0,ETF(실물복제/수익증권),0.27,,,,,-0.334670144841573,-0.20275208635224373,2026-05-12
239660,PLUS 우량회사채50,2026-05-12,0.0,-20.0,-20.0,-142.0,0.25279642016125403,0.1,0.6176126961990546,0.15227890918093864,-0.25819886474716347,0.5116927406328298,1650,193.0,0.0,0.0,0.0,ETF(실물복제/수익증권),-0.03,,,,,-0.1251409256974462,-0.2031342024396515,2026-05-12
00088K,한화3우B,2026-05-12,2326.0,351.0,2677.0,2076.0,2.4005499540665887,0.7,1.366091525047869,2.678181618348739,0.29580396727998165,4.34007711067659,1651,9974.0,0.0,0.0,0.0,화학,4.15,,,,,-0.04847924048265311,-0.2032170769461912,2026-05-12
Q760009,키움 CD금리투자 ETN,2026-05-12,0.0,-1.0,-1.0,-1.0,-0.5238095272108843,0.1,0.4429869216473497,-0.6736960683970634,-0.8334107188754235,-1.0641198656251372,1652,9808.0,0.0,0.0,0.0,ETN(기타),0.01,,,,,-0.25056427285708616,-0.20473229256503223,2026-05-12
010620,HD현대미포,2025-12-12,0.0,0.0,0.0,0.0,-1.0,0.0,-0.5449441866419256,-0.649639648886091,-1.2909944154024737,-2.4855782509304905,1653,,,,,,,,,,,-0.20098575782080688,-0.20476239647836697,2026-05-12
111110,호전실업,2026-05-12,-28.0,-2.0,-30.0,-283.0,-0.7762863534890105,0.3,-1.8992429132071855,-0.9118840054129761,-1.8033949480374516,-4.614521866657613,1654,703.0,5.7,1315.0,0.35,섬유·의류,-1.96,6.92,125.51,12.27,-15.24,-0.23742457556222896,-0.20514876990430153,2026-05-12
473440,ACE 11월만기자동연장회사채AA-이상액티브,2026-05-12,-4.0,-18.0,-22.0,-149.0,-0.6951219513124628,0.8,-1.7969804549124273,-1.642404725980739,1.0801232747346727,-2.3592619061584936,1655,936.0,0.0,0.0,0.0,ETF(Active/수익증권),0.0,,,,,-0.35364826211174977,-0.20525137333634114,2026-05-12
236350,TIGER 인도니프티50레버리지(합성),2026-05-12,-7.0,-23.0,-30.0,-111.0,-0.4169835236690811,0.2,0.6288315328989714,-0.6895907761711594,-0.13462159442920857,-0.19538083770139653,1656,209.0,0.0,0.0,0.0,ETF(합성복제/수익증권),-1.55,,,,,-0.18141889588922971,-0.20530821379165937,2026-05-12
424460,HANARO 글로벌워터MSCI(합성),2026-05-12,0.0,-1.0,-1.0,-65.0,-0.6941896025867632,0.1,0.2869808048147195,-0.8604064733115411,-0.2581988564138321,-0.8316245249106536,1657,32.0,0.0,0.0,0.0,ETF(합성복제/수익증권),0.13,,,,,-0.23205931629332466,-0.20641724554153992,2026-05-12
447430,ACE 주주환원가치주액티브,2026-05-12,-6.0,42.0,36.0,-454.0,0.9379170291321801,0.7,-2.0174583107921755,0.8609976965987398,0.4738790601020132,-0.6825815540914225,1658,572.0,0.0,0.0,0.0,ETF(Active/수익증권),-2.6,,,,,-0.22019656802203416,-0.20685118445569523,2026-05-12
Q570081,한투 레버리지 코스닥150선물 ETN,2026-05-12,0.0,-30.0,-30.0,-31.0,1.7927927852447043,0.1,-2.368209785832505,0.265197478761004,-2.0390132047851255,-4.142025511856627,1659,554.0,0.0,0.0,0.0,ETN(주식),-4.93,,,,,-0.4955434200341278,-0.2070619419346969,2026-05-12
414270,ACE 글로벌자율주행액티브,2026-05-12,12.0,51.0,63.0,527.0,-0.8478956010755883,0.8,-0.0051800463380993035,-0.5183249891905825,1.3228754805323184,0.7993704450036366,1660,378.0,0.0,0.0,0.0,ETF(Active/수익증권),2.03,,,,,-0.10224384996515493,-0.2072366949548792,2026-05-12
0043B0,TIGER 머니마켓액티브,2026-05-12,-42.0,-337.0,-379.0,-4930.0,0.20559657985848756,0.1,0.38969791340066945,0.7478581240888109,-1.5701009398230543,-0.4325449023335739,1661,29343.0,0.0,0.0,0.0,ETF(Active/수익증권),0.01,,,,,-0.2002954492903283,-0.2073084767439311,2026-05-12
494840,TIGER 미국방산TOP10,2026-05-12,-124.0,-82.0,-206.0,361.0,-0.12957998217357036,0.2,1.4310701397595127,-0.29357286944476374,-0.5510121867516012,0.5864850835631478,1662,610.0,0.0,0.0,0.0,ETF(실물복제/수익증권),1.4,,,,,-0.1191879932516853,-0.20752900953795422,2026-05-12
275750,RISE 코스닥150선물인버스,2026-05-12,0.0,-8.0,-8.0,-4.0,-0.7420634922170257,0.4,-0.15552060744235321,-0.7106266619255772,-0.6278955068086857,-1.4940427761766162,1663,20.0,0.0,0.0,0.0,ETF(실물복제/수익증권),1.97,,,,,-0.28478304369813734,-0.20790523346706274,2026-05-12
270800,RISE KQ고배당,2026-05-12,0.0,-1.0,-1.0,-35.0,1.777777771164021,0.3,-2.43187635155284,1.5273688832068955,-0.8143449605196552,-1.7188524288656,1664,96.0,0.0,0.0,0.0,ETF(실물복제/수익증권),-2.26,,,,,-0.30267627478543363,-0.2084716972055574,2026-05-12
00499K,롯데지주우,2026-05-12,-11.0,0.0,-11.0,24.0,0.04166666503906247,0.4,1.422473392021739,-0.47927427628659536,0.9466847022216652,1.8898838179568087,1665,226.0,0.0,0.0,0.0,금융,0.36,,,,,-0.239503722338283,-0.20847606695586948,2026-05-12
Q520011,미래에셋 인버스 원유선물혼합 ETN(H),2025-12-17,0.0,0.0,0.0,0.0,-1.0,0.0,-0.6831300505973065,-0.4830458895952035,-1.3662598221280031,-2.532435762320513,1666,,,,,,,,,,,-0.2047152786374118,-0.2086319565373706,2026-05-12
360200,ACE 미국S&P500,2026-05-12,-8.0,388.0,380.0,-136.0,-0.7080127538658001,0.3,1.9970109424827247,-1.6977085496057172,0.839286856232068,1.1385892491090757,1667,38047.0,0.0,0.0,0.0,ETF(실물복제/수익증권),1.06,,,,,-0.07524447347747285,-0.2087358733651233,2026-05-12
433860,PLUS TDF2040액티브,2025-08-20,0.0,0.0,0.0,-1.0,-0.7916666679687501,0.1,-0.5372783607952321,-0.56328899766622,-1.4336772836816878,-2.5342446421431397,1668,,,,,,,,,,,-0.20485925245832326,-0.2087813364106403,2026-05-12
375760,HANARO 탄소효율그린뉴딜,2026-05-12,7.0,-9.0,-2.0,-1.0,-0.37198067723867545,0.4,-0.8005371821657434,-0.3209927404828809,-1.3542924181725624,-2.475822340821187,1669,240.0,0.0,0.0,0.0,ETF(실물복제/수익증권),-1.33,,,,,-0.3629256341823373,-0.20906319065628923,2026-05-12
Q610059,메리츠 3X 레버리지 국채10년 ETN,2026-05-12,0.0,2.0,2.0,-14.0,-0.5480225996361199,0.5,-0.39385101845926845,-0.6019707290678814,0.7409584912820161,-0.25486325624513373,1670,92.0,0.0,0.0,0.0,ETN(채권),-1.97,,,,,-0.18615326849246858,-0.20949151757322781,2026-05-12
477080,RISE CD금리액티브(합성),2026-05-12,0.0,-311.0,-311.0,384.0,-0.6429363495350543,0.3,0.4173323810092273,-1.467690572329272,-1.3353217330211244,-2.385679924341169,1671,15716.0,0.0,0.0,0.0,ETF,0.0,,,,,-0.3557509463095007,-0.20969500593623808,2026-05-12
000545,흥국화재우,2026-05-12,1.0,0.0,1.0,1.0,5.0,0.1,3.6147843164602618,3.614784433126923,3.614783056460798,10.844351806047982,1672,52.0,0.0,0.0,0.0,보험,-2.44,,,,,0.18985232537442037,-0.2097805648943171,2026-05-12
310960,TIGER 200TR,2026-05-12,-39.0,-938.0,-977.0,-3030.0,1.33452110995569,0.2,-2.543626042041958,1.7482164012967614,-0.14564378443270845,-0.9410534251779051,1673,3562.0,0.0,0.0,0.0,ETF(실물복제/수익증권),-1.72,,,,,-0.24076906952985277,-0.21043176784444093,2026-05-12
385560,RISE KIS국고채30년Enhanced,2026-05-12,24.0,-2630.0,-2606.0,-2853.0,3.0353566317994476,0.3,-2.4738996424978845,2.939598220650928,-0.5070925099799712,-0.041393931826927854,1674,7075.0,0.0,0.0,0.0,ETF(실물복제/수익증권),-2.47,,,,,-0.1691626459539055,-0.2108511912366191,2026-05-12
491090,KODEX 미국테크TOP3플러스,2026-05-12,9.0,48.0,57.0,-225.0,-0.7483617300197022,0.2,-0.03683894547701561,-0.8795384685760198,-1.1832157232866374,-2.0995931373396726,1675,349.0,0.0,0.0,0.0,ETF(실물복제/수익증권),0.16,,,,,-0.3329804961548453,-0.2110282519617545,2026-05-12
069660,KIWOOM 200,2026-05-12,1011.0,-1366.0,-355.0,-539.0,1.2759433959580258,0.4,-2.138069607670154,2.475801805745586,-0.5756496373657706,-0.2379174392903386,1676,8976.0,0.0,0.0,0.0,ETF(실물복제/수익증권),-2.31,,,,,-0.18480450337002668,-0.21206909009285888,2026-05-12
341850,TIGER 리츠부동산인프라채권,2026-05-12,0.0,2.0,2.0,50.0,-0.5625942686745427,0.7,-1.2308134844200318,-1.1673762609635299,-0.9211322456709676,-3.319321991054529,1677,95.0,0.0,0.0,0.0,ETF(실물복제/수익증권),-2.35,,,,,-0.4300621382565612,-0.212643812450509,2026-05-12
451530,TIGER 국고채30년스트립액티브,2026-05-12,8.0,-23.0,-15.0,1039.0,1.4573509678479573,0.4,1.5755337090010728,1.8651238537848875,-1.3413413458729737,2.0993162169129866,1678,1439.0,0.0,0.0,0.0,ETF(Active/수익증권),-3.07,,,,,0.0012224817492910971,-0.21295118541683714,2026-05-12
481430,RISE 국고채10년액티브,2026-05-12,0.0,-76.0,-76.0,-81.0,2.9933993359801327,0.5,-3.1848231813066428,2.4463654344699983,-1.480837538721295,-2.2192952855579398,1679,1145.0,0.0,0.0,0.0,ETF(Active/수익증권),-0.72,,,,,-0.34250792602316343,-0.21300252883291704,2026-05-12
Q530113,삼성 레버리지 S&P500 선물 ETN,2026-05-12,0.0,2.0,2.0,3.0,1.9380764151759906,0.3,0.06383535090229372,0.5489778510119174,-1.6342052128225342,-1.021392010908323,1680,540.0,0.0,0.0,0.0,ETN(주식),1.09,,,,,-0.24716344300317372,-0.213038648585968,2026-05-12
Q610087,메리츠 솔랙티브 WTI원유 선물 ETN(H),2026-05-12,0.0,0.0,0.0,-27.0,-1.0,0.4,-1.2792470842899166,-1.0271679926272324,0.16568336019041394,-2.140731716726735,1681,192.0,0.0,0.0,0.0,ETN(원자재),-1.03,,,,,-0.33625483112565796,-0.2132581612524162,2026-05-12
Q570060,한투 인버스 2X 금 선물 ETN,2026-05-12,0.0,0.0,0.0,0.0,-0.8198198203067932,0.3,-0.8427964016863347,-0.5092024853589373,-1.168406516393482,-2.5204054034387537,1682,41.0,0.0,0.0,0.0,ETN(원자재),-2.03,,,,,-0.3664741252388987,-0.21385671429265124,2026-05-12
004090,한국석유,2026-05-12,-543.0,-26.0,-569.0,-836.0,-0.48882342749109653,0.3,-0.17842628739584906,-0.5828443547538201,-1.7862522966589172,-2.5475229388085863,1683,1861.0,35.67,411.0,0.91,비금속,-0.41,2.59,100.48,-4.03,-36.91,-0.21522844531221064,-0.21400511083124438,2026-05-12
471780,TIGER 코리아테크액티브,2026-05-12,226.0,-1297.0,-1071.0,-17686.0,-0.07593903103094735,0.0,1.0306747681133597,-0.43034280572747285,-0.4394353261261842,0.16089663625970263,1684,2254.0,0.0,0.0,0.0,ETF(Active/수익증권),-2.55,,,,,-0.1530617720000537,-0.2140539446093675,2026-05-12
139280,TIGER 경기방어,2026-05-12,-82.0,116.0,34.0,105.0,-0.6137699413231479,0.7,-0.22735423759916523,-0.6303711965826353,0.9486831480505361,0.09095771386873552,1685,507.0,0.0,0.0,0.0,ETF(실물복제/수익증권),-0.04,,,,,-0.15862840708608966,-0.2141596411848678,2026-05-12
252410,RISE 200선물인버스,2026-05-12,0.0,-10.0,-10.0,-104.0,-0.4659300187112726,0.3,-1.2010236119861668,-0.21866910718834232,-0.8334107188754244,-2.2531034380499335,1686,29.0,0.0,0.0,0.0,ETF(실물복제/수익증권),2.35,,,,,-0.3451988117477666,-0.21467723971926644,2026-05-12
402460,HANARO Fn K-메타버스MZ,2026-05-12,0.0,10.0,10.0,62.0,-0.6216216218261505,1.0,-1.1436122760053882,-0.7838767473015905,0.7071067311865519,-1.2203822921204268,1687,73.0,0.0,0.0,0.0,ETF(실물복제/수익증권),3.32,,,,,-0.26300163786387304,-0.21470425715021643,2026-05-12
156080,KODEX MSCI Korea,2026-05-12,-200.0,135.0,-65.0,-142.0,-0.6323024055361888,0.2,-0.20807259195580333,-1.256928966269769,-1.8708283433870345,-3.3358299016126067,1688,394.0,0.0,0.0,0.0,ETF(실물복제/수익증권),-2.12,,,,,-0.4313760491800959,-0.214711427409579,2026-05-12
114260,KODEX 국고채3년,2026-05-12,-45.0,23.0,-22.0,597.0,-0.4635214492048316,0.4,0.9100571185345134,-0.7817057175496478,-0.12076146559324545,0.007589935391620187,1689,5649.0,0.0,0.0,0.0,ETF(실물복제/수익증권),-0.2,,,,,-0.16526388251022234,-0.2147648076461758,2026-05-12
0005G0,ITF K-AI반도체코어테크,2026-05-12,38.0,31.0,69.0,-1007.0,-0.3432261610512991,0.3,0.6600144460089182,-0.8948356179621789,1.2750710200258673,1.0402498480726066,1690,1312.0,0.0,0.0,0.0,ETF(실물복제/수익증권),-0.37,,,,,-0.08307158235240272,-0.21516834347257854,2026-05-12
Q530104,삼성 레버리지 코스피200 선물 ETN,2026-05-12,100.0,-172.0,-72.0,-1368.0,-0.40929878049906054,0.6,-1.7223310224840707,-1.1039333235881945,-0.2958039454049858,-3.122068291477251,1691,2691.0,0.0,0.0,0.0,ETN(주식),-4.63,,,,,-0.4143621628011331,-0.2152467426089291,2026-05-12
145670,ACE 인버스,2026-05-12,-1.0,-164.0,-165.0,-699.0,0.228896741119486,0.2,-2.114266078859226,-0.12512048403238496,-0.8334107188754226,-3.0727972817670337,1692,34.0,0.0,0.0,0.0,ETF(실물복제/수익증권),2.1,,,,,-0.4104405448807984,-0.2161346130715029,2026-05-12
445150,KODEX 친환경조선해운액티브,2026-05-12,-26.0,249.0,223.0,268.0,-0.41520467838351105,0.6,0.5656940818865445,-0.5117893351528475,0.4437059509199743,0.4976106976536712,1693,806.0,0.0,0.0,0.0,ETF(Active/수익증권),-3.39,,,,,-0.12626175501324038,-0.2163493782807294,2026-05-12
Q530055,삼성 레버리지 금 선물 ETN(H),2026-05-12,0.0,-224.0,-224.0,11.0,1.3543543539301464,0.7,-1.2777588645140563,2.200639111433135,-1.183215781619948,-0.26033553470086934,1694,1319.0,0.0,0.0,0.0,ETN(원자재),1.15,,,,,-0.18658882249031214,-0.21685766471901144,2026-05-12
Q550069,N2 레버리지 구리 선물 ETN(H),2026-05-12,0.0,0.0,0.0,1.0,-0.8850574716607214,0.3,-0.7476981024490961,-0.8087364392139897,0.2774453621881591,-1.2789891794749266,1695,259.0,0.0,0.0,0.0,ETN(원자재),5.39,,,,,-0.26766632448296585,-0.21745679937983117,2026-05-12
003547,대신증권2우B,2026-05-12,-672.0,0.0,-672.0,-986.0,1.4333333331305558,0.4,-2.7934561663343853,1.7678839580161596,-0.06936134054703905,-1.0949335488652647,1696,2147.0,0.0,0.0,0.0,증권,-2.23,,,,,-0.3371493051876017,-0.21798280681189763,2026-05-12
476760,ACE 미국30년국채액티브,2026-05-12,-36.0,7.0,-29.0,-316.0,-0.5669495929401187,0.2,1.1715742761280132,-0.7650141824759035,0.20835267971885568,0.6149127733709654,1697,2910.0,0.0,0.0,0.0,ETF(Active/수익증권),0.71,,,,,-0.11692535365002649,-0.21820137151101077,2026-05-12
Q550096,N2 레버리지 국채30년 ETN,2026-05-12,0.0,0.0,0.0,0.0,-1.0,0.0,0.6831300370639733,-0.4830458895952035,0.0,0.20008414746876985,1698,68.0,0.0,0.0,0.0,ETN(채권),-4.07,,,,,-0.14994272802034553,-0.21833995671489612,2026-05-12
Q610047,메리츠 인버스 국채3년 ETN,2026-05-12,,,0.0,-1.0,-1.0,0.0,-1.602081943759723,-0.4830458895952035,0.0,-2.0851278333549264,1699,213.0,0.0,0.0,0.0,ETN(채권),0.19,,,,,-0.33182916202016227,-0.21846634184512337,2026-05-12
Q580048,KB CSI 300 ETN,2026-05-12,0.0,0.0,0.0,0.0,-1.0,0.0,0.0,0.0,-0.3789322656802592,-0.3789322656802592,1700,294.0,0.0,0.0,0.0,ETN(주식),0.93,,,,,-0.19602826909871893,-0.21846976496246018,2026-05-12
271050,KODEX WTI원유선물인버스(H),2026-05-12,2.0,3435.0,3437.0,-1405.0,-0.7669270108653403,0.4,0.8458854164015861,-0.7229102653887589,-0.04346652142827876,0.07950862958454843,1701,2870.0,0.0,0.0,0.0,ETF(실물복제/수익증권),-0.15,,,,,-0.15953967183110623,-0.2185091892052622,2026-05-12
Q610085,메리츠 레버리지 미국채30년 스트립 ETN(H),2026-05-12,0.0,-104.0,-104.0,249.0,-0.44067028989307044,0.3,0.9867903410539157,-0.5774404115850407,-2.140517822219913,-1.731167892751038,1702,220.0,0.0,0.0,0.0,ETN(채권),-1.4,,,,,-0.3036564971140285,-0.21874420710116294,2026-05-12
453820,KODEX 인도Nifty50레버리지(합성),2026-05-12,-9.0,32.0,23.0,-73.0,-0.21689850604581684,0.5,0.06892156796217515,-0.4367038695144001,1.1832157816199496,0.8154334800677245,1703,168.0,0.0,0.0,0.0,ETF(합성복제/수익증권),-1.49,,,,,-0.10096534793053498,-0.21879515941922972,2026-05-12
475280,ACE 8월만기자동연장회사채AA-이상액티브,2026-05-12,0.0,3.0,3.0,7.0,-0.7175141247725749,0.5,-0.1091263453272943,-1.2364743517681547,0.37893235183407614,-0.9666683452613729,1704,742.0,0.0,0.0,0.0,ETF(Active/수익증권),0.0,,,,,-0.2428078328963449,-0.21927285203149566,2026-05-12
229720,KODEX KTOP30,2026-05-12,21.0,-57.0,-36.0,-18.0,-0.5479082322102751,0.4,0.18103378015125648,-0.5949567127618097,-0.6324554320336929,-1.0463783646442462,1705,241.0,0.0,0.0,0.0,ETF(실물복제/수익증권),-1.07,,,,,-0.24915217701026876,-0.21986775817462814,2026-05-12
395150,KODEX 웹툰&드라마,2026-05-12,-15.0,-85.0,-100.0,-352.0,1.5218774854760837,0.4,-1.5651524602056215,0.6478388396113385,0.4492234786954338,-0.46809014189884923,1706,107.0,0.0,0.0,0.0,ETF(실물복제/수익증권),-1.69,,,,,-0.2031245946494677,-0.22008855198818666,2026-05-12
Q530094,삼성 인버스 코스닥 150 선물 ETN,2026-05-12,0.0,-3.0,-3.0,-5.0,-0.5833333346354167,0.2,-1.161111564689467,-0.4717463661572932,0.08345760831382007,-1.54940032253294,1707,47.0,0.0,0.0,0.0,ETN(주식),3.31,,,,,-0.28918910614933363,-0.2204203815297529,2026-05-12
0084D0,KIWOOM 미국테크100월간목표헤지액티브,2026-05-12,0.0,1.0,1.0,67.0,0.4319248816207102,0.6,0.4228358095706205,0.17913236677751548,-0.27509210324323335,0.3268760731049026,1708,98.0,0.0,0.0,0.0,ETF(Active/수익증권),0.74,,,,,-0.13985100287298585,-0.22077806358810997,2026-05-12
Q760007,키움 코스피 200 TR ETN,2026-05-12,0.0,-22.0,-22.0,-53.0,1.0282186938122302,0.2,-0.25481386808508727,0.17748951127684248,-1.5248890879639503,-1.602213444772195,1709,1453.0,0.0,0.0,0.0,ETN(주식),-2.39,,,,,-0.2933926507452412,-0.2221464536583142,2026-05-12
025620,제이준코스메틱,2026-05-12,28.0,0.0,28.0,17.0,-0.3647058825024222,0.2,1.1202076561312864,-1.1265437378919396,-0.5188744947396952,-0.5252105765003484,1710,1365.0,41.44,181.0,1.81,화학,-2.72,2.6,46.17,-53.4,0.0,-0.11194180332000939,-0.22226669460588833,2026-05-12
298020,효성티앤씨,2026-05-12,6240.0,-4174.0,2066.0,1999.0,-0.30827965842102956,0.6,-0.5153165488686076,-0.04065459380806766,1.0327954256553271,0.47682428297865187,1711,19907.0,184.07,2499.0,1.26,화학,-2.02,0.72,193.27,-1.05,-7.1,-0.1424603184212925,-0.22233051581653696,2026-05-12
438100,ACE 미국나스닥100채권혼합액티브,2026-05-12,21.0,-177.0,-156.0,-471.0,0.32347364414219104,0.3,-1.5234665049994394,-0.4773426774808322,-0.09473307988159752,-2.095542262361869,1712,7385.0,0.0,0.0,0.0,ETF(Active/수익증권),0.81,,,,,-0.3326580756483563,-0.22274350681465896,2026-05-12
477730,KODEX 인도타타그룹,2026-05-12,-5.0,3.0,-2.0,72.0,-0.17089678553084775,0.5,0.0013103431891223923,0.3861083523017709,-0.5596802069014701,-0.17226151141057688,1713,288.0,0.0,0.0,0.0,ETF(실물복제/수익증권),-0.49,,,,,-0.17957876383548488,-0.22275954990685753,2026-05-12
Q550098,N2 인버스 2X 코스닥150 선물 ETN,2026-05-12,0.0,0.0,0.0,-17.0,-0.17695473352639335,0.1,0.46476894664895374,-0.30840464130542145,-0.39338218743694514,-0.23701788209341285,1714,55.0,0.0,0.0,0.0,ETN(주식),3.47,,,,,-0.18473290508851029,-0.22277008799381368,2026-05-12
302450,RISE 코스피,2026-05-12,-45.0,-134.0,-179.0,-255.0,0.9428926129218695,0.4,-0.8216551986590722,2.0732226443495985,-0.8359371483035071,0.4156302973870193,1715,2655.0,0.0,0.0,0.0,ETF(실물복제/수익증권),-2.06,,,,,-0.13278680511253327,-0.22286111183132817,2026-05-12
0082V0,KODEX TDF2060액티브,2026-05-12,-40.0,1059.0,1019.0,-161.0,2.4156378598714627,0.1,1.6573781406982504,2.330922174617438,-0.2581988397471722,3.730101475568516,1716,1546.0,0.0,0.0,0.0,ETF(Active/수익증권),-0.04,,,,,0.13102125656991329,-0.2232277405276396,2026-05-12
491220,PLUS 200TR,2026-05-12,15.0,-108.0,-93.0,-14.0,1.2671568619115843,0.2,0.24006268789835344,1.0863947255541848,-1.3283761215257026,-0.0019187080731644102,1717,638.0,0.0,0.0,0.0,ETF(실물복제/수익증권),-1.75,,,,,-0.1660207021254258,-0.2236148446939523,2026-05-12
37550K,DL이앤씨우,2026-05-12,19.0,0.0,19.0,-82.0,0.9323671494083876,0.5,-0.6904140905572874,1.7739287557140508,0.921132245670967,2.0046469108277307,1718,591.0,0.0,0.0,0.0,건설,-5.25,,,,,-0.15197650300879786,-0.22378671135462674,2026-05-12
003350,한국화장품제조,2026-05-12,133.0,-206.0,-73.0,326.0,-0.7497420020704402,0.5,1.308896165296785,-1.1255322756086226,1.376837656029306,1.5602015457174685,1719,2175.0,0.0,0.0,0.0,화학,-2.04,0.0,0.0,0.0,0.0,-0.23137066156651726,-0.22382180110377603,2026-05-12
192820,코스맥스,2026-05-12,1169.0,638.0,1807.0,-8827.0,0.6663910706834792,0.3,-1.1743269373889793,1.8774805036692706,-1.608937210639816,-0.9057836443595249,1720,24912.0,20.24,10843.0,4.46,화학,3.05,23.86,247.1,10.74,11.63,-0.15582298647239398,-0.2242455952754155,2026-05-12
422420,RISE 2차전지액티브,2026-05-12,5866.0,-5548.0,318.0,-292.0,-0.16953881505408985,0.3,1.208272958324469,-0.6714024243881569,-0.20835267971885635,0.32851785421745566,1721,3079.0,0.0,0.0,0.0,ETF(Active/수익증권),-5.84,,,,,-0.1397203289072985,-0.22441757271109114,2026-05-12
395290,HANARO Fn K-POP&미디어,2026-05-12,30.0,-141.0,-111.0,-457.0,-0.10095238105512916,0.2,-1.4232758230735039,0.049009277446541794,-0.3789322656802594,-1.7531988113072214,1722,406.0,0.0,0.0,0.0,ETF(실물복제/수익증권),-2.48,,,,,-0.30540999974203425,-0.22448619270587605,2026-05-12
266410,KODEX 필수소비재,2026-05-12,-14.0,4.0,-10.0,75.0,-0.7622252131320468,0.6,-0.07363291578174162,-0.8266314930410987,-1.1832157816199458,-2.083480190442786,1723,200.0,0.0,0.0,0.0,ETF(실물복제/수익증권),-1.23,,,,,-0.3316980214973972,-0.22483159466017363,2026-05-12
140580,RISE 우량업종대표주,2026-05-12,1.0,19.0,20.0,12.0,1.352941169550173,0.3,1.292615765578823,1.2873087305776885,-0.17939872830001655,2.400525767856495,1724,166.0,0.0,0.0,0.0,ETF(실물복제/수익증권),-1.96,,,,,0.02519659512150152,-0.2255470585792935,2026-05-12
488770,KODEX 머니마켓액티브,2026-05-12,1522.0,-7757.0,-6235.0,11513.0,-0.5521523178812067,0.4,0.9742888677421176,-1.3417000325343966,-1.032795358988683,-1.400206523780962,1725,76060.0,0.0,0.0,0.0,ETF(Active/수익증권),0.01,,,,,-0.2773143530596433,-0.22572279913948662,2026-05-12
J0036221D,KG모빌리티 122WR,2026-05-12,0.0,-3.0,-3.0,-12.0,-0.8449612404903551,0.1,1.286589628855315,-0.9167980207713289,-0.12403472689690126,0.24575688118708477,1726,190.0,0.0,0.0,0.0,신주인수권증권,1.43,,,,,-0.14630750698319117,-0.22577059571638552,2026-05-12
282000,RISE 국고채3년선물인버스,2026-05-12,0.0,0.0,0.0,0.0,-1.0,0.0,0.0,0.0,-0.48304577487300965,-0.48304577487300965,1727,118.0,0.0,0.0,0.0,ETF(실물복제/수익증권),0.21,,,,,-0.2043149554443116,-0.22661751699390462,2026-05-12
006125,SK디스커버리우,2026-05-12,-95.0,0.0,-95.0,-32.0,1.265795205490765,0.8,-2.2673499921055127,1.3372980082115835,0.6955893207274467,-0.23446266316648245,1728,505.0,0.0,0.0,0.0,금융,-1.91,,,,,-0.4085864198184098,-0.22666378037325097,2026-05-12
219900,ACE 중국본토CSI300레버리지(합성),2026-05-12,-14.0,28.0,14.0,83.0,0.9590643257669023,0.7,1.00154664042002,1.925970971534096,-0.9911891818824997,1.9363284300716161,1729,78.0,0.0,0.0,0.0,ETF(합성복제/수익증권),1.82,,,,,-0.011750173559217121,-0.22671220917344578,2026-05-12
Q570106,한투 레버리지일본니케이225선물 ETN(H),2026-05-12,0.0,1.0,1.0,3.0,-0.5959595971839609,0.5,-0.18466656292428188,-0.3946191991590113,0.509753301196281,-0.06953246088701215,1730,1187.0,0.0,0.0,0.0,ETN(주식),0.7,,,,,-0.17140227044024928,-0.22685429810424979,2026-05-12
001080,만호제강,2026-05-12,43.0,-1.0,42.0,241.0,-0.22439313216855072,0.6,2.387648586324061,-0.7289978711162797,1.838949251247689,3.4975999664554704,1731,2166.0,0.0,0.0,0.0,금속,4.61,0.0,0.0,0.0,0.0,-0.06792748652052938,-0.22698173331802776,2026-05-12
031430,신세계인터내셔날,2026-05-12,-205.0,34.0,-171.0,394.0,-0.5098279096441605,0.3,-0.8640544873363833,-0.4808354206349093,-1.8719418600419222,-3.216831768013215,1732,5031.0,118.84,121.0,0.6,유통,-1.3,0.51,70.52,3.39,0.0,-0.2033546175746493,-0.22726689690764829,2026-05-12
Q580015,KB 레버리지 나스닥 100 ETN,2025-12-19,0.0,41.0,41.0,50.0,-0.49619215005925155,0.7,-1.050576257020993,-0.780296301281732,-0.928190854092221,-2.759063412394946,1733,,,,,,,,,,,-0.22275320923802908,-0.22734719080780663,2026-05-12
448100,WON 200,2026-05-12,15.0,-151.0,-136.0,-232.0,0.6348195325616093,0.4,-0.5445488420299905,0.12212712951090762,-0.7409584912820179,-1.1633802038011007,1734,1481.0,0.0,0.0,0.0,ETF(실물복제/수익증권),-1.65,,,,,-0.2584646817031549,-0.22782291598521956,2026-05-12
034020,두산에너빌리티,2026-05-12,39558.0,-12628.0,26930.0,-236947.0,0.6073290042273318,0.3,-1.27651787641502,0.4661610292808601,-1.4116527434518338,-2.222009590585994,1735,804545.0,951.52,132.0,10.33,기계·장비,-1.88,1.11,129.1,5.08,-25.05,-0.17322637310606215,-0.22789351271876213,2026-05-12
120110,코오롱인더,2026-05-12,15891.0,-152.0,15739.0,10455.0,-0.14897708045025249,0.3,-0.3035868620416441,-0.4942900478114282,-1.247507075608597,-2.0453839854616693,1736,25873.0,68.35,1264.0,0.67,화학,-2.04,1.01,88.99,0.63,-31.39,-0.1347579870372844,-0.22812512855398945,2026-05-12
377990,TIGER Fn신재생에너지,2026-05-12,-110.0,3606.0,3496.0,4876.0,0.23609957830034967,0.2,2.0566950387744445,-0.4434407942795923,-0.137141250784326,1.4761129937105262,1737,2354.0,0.0,0.0,0.0,ETF(실물복제/수익증권),-2.75,,,,,-0.04838001153215493,-0.22813355604347424,2026-05-12
359210,KODEX 코스피TR,2026-05-12,6.0,301.0,307.0,184.0,0.7746113987338588,0.5,0.41859614266475104,1.4360360488055566,-0.27744536218815985,1.5771868292821478,1738,1312.0,0.0,0.0,0.0,ETF(실물복제/수익증권),-2.26,,,,,-0.04033526133957996,-0.22825184339431448,2026-05-12
457190,이수스페셜티케미컬,2026-05-12,2150.0,-1938.0,212.0,-6377.0,-0.5090578018500582,0.7,-0.8229033149674171,-0.43402891901661295,2.238720827605885,0.9817885936218549,1739,31307.0,4144.0,25.0,23.56,화학,-6.07,0.0,175.8,23.91,-88.63,-0.1420543851204859,-0.22826804894051234,2026-05-12
007460,에이프로젠,2026-05-12,262.0,51.0,313.0,321.0,5.0,0.2,3.607679601851172,1.932183558380814,1.7589949359760528,7.298858096208039,1740,1142.0,-1.57,-3309.0,0.04,제약,30.0,-44.3,56.4,-21.41,0.0,0.2637665988330221,-0.2291458861778766,2026-05-12
Q570092,한투 인버스 2X 유로스탁스50 ETN(H) B,2026-05-12,0.0,-1.0,-1.0,0.0,-0.6969696976584022,0.2,-0.11666944881386272,-0.6285969270643158,-0.7245687498094827,-1.4698351256876614,1741,79.0,0.0,0.0,0.0,ETN(주식),1.22,,,,,-0.2828562888675579,-0.23016939997040614,2026-05-12
244620,KODEX 모멘텀Plus,2026-05-12,2.0,35.0,37.0,-46.0,2.3870967714620184,0.4,-0.6612496146598138,0.6016176158314904,0.5825752013671789,0.5229432025388555,1742,169.0,0.0,0.0,0.0,ETF(실물복제/수익증권),-4.51,,,,,-0.12424546986485416,-0.23017820340738207,2026-05-12
446770,ACE 글로벌반도체TOP4 Plus SOLACTIVE,2026-05-12,238.0,-8306.0,-8068.0,-31344.0,2.5632022142346433,0.1,-2.4349603142078973,2.5648837279789904,0.06454971618679108,0.19447312995788424,1743,15733.0,0.0,0.0,0.0,ETF(실물복제/수익증권),-0.52,,,,,-0.15038932464889887,-0.2304845821980559,2026-05-12
Q570090,한투 KIS CD금리투자 ETN,2026-05-12,,,0.0,0.0,-1.0,0.0,-0.6831300370639733,-0.4830458895952035,-1.3662598221280036,-2.5324357487871803,1744,3315.0,0.0,0.0,0.0,ETN(기타),0.01,,,,,-0.3674316541830725,-0.23090027459636303,2026-05-12
007160,사조산업,2026-05-12,-293.0,-51.0,-344.0,-460.0,1.1032166841177222,0.4,-1.1428238376197364,0.21138310391428922,-1.0420638786975756,-1.9735046124030227,1745,2580.0,-8.87,-5820.0,0.48,음식료·담배,-2.46,-5.37,96.99,11.18,0.0,-0.37485643107292743,-0.2312360817962334,2026-05-12
295040,SOL 200TR,2026-05-12,13.0,-438.0,-425.0,-529.0,2.59788359724905,0.4,-1.8021320621727235,1.8160794987156514,-0.3659661490866823,-0.35201871254375433,1746,6082.0,0.0,0.0,0.0,ETF(실물복제/수익증권),-2.26,,,,,-0.19388614388349099,-0.23144977598313823,2026-05-12
476260,HANARO 반도체핵심공정주도주,2026-05-12,149.0,1338.0,1487.0,2386.0,0.044011763496947465,0.7,0.7474935890577872,-0.34057847647405065,0.9486831480505378,1.3555982606342742,1747,284.0,0.0,0.0,0.0,ETF(실물복제/수익증권),-2.94,,,,,-0.0579721173094834,-0.23157015441850226,2026-05-12
226490,KODEX 코스피,2026-05-12,180.0,-3540.0,-3360.0,-1892.0,0.2149485061597718,0.4,-0.8454497910122444,0.4140377718734522,-1.3542925592578046,-1.7857045783965968,1748,10826.0,0.0,0.0,0.0,ETF(실물복제/수익증권),-1.95,,,,,-0.30799722495786913,-0.2321212507406856,2026-05-12
448330,KODEX 삼성전자채권혼합,2026-05-12,386.0,409.0,795.0,652.0,-0.7021643621489813,0.4,0.1561577581523136,-0.7034798679032955,-0.09473307988159667,-0.6420551896325786,1749,12065.0,0.0,0.0,0.0,ETF(실물복제/수익증권),-0.66,,,,,-0.2169709609552713,-0.2323853936207898,2026-05-12
Q530133,삼성 블룸버그 레버리지 WTI원유선물 ETN B,2026-05-12,0.0,-16.0,-16.0,-399.0,-0.8184818481890975,0.5,-0.45866159528830236,-1.3259759020361697,-0.6412322631154644,-2.4258697604399364,1750,597.0,0.0,0.0,0.0,ETN(원자재),0.83,,,,,-0.35894976813976565,-0.2326346543645832,2026-05-12
0016X0,SOL 중단기회사채(A-이상)액티브,2026-05-12,0.0,101.0,101.0,169.0,-0.04290429066594781,0.7,-0.26961177948640813,0.08137371340654716,-2.0630852366571197,-2.2513233027369806,1751,3885.0,0.0,0.0,0.0,ETF(Active/수익증권),-0.03,,,,,-0.345057125783039,-0.23305413178852152,2026-05-12
494900,TIGER 25-12 금융채(AA-이상),2025-12-16,0.0,0.0,0.0,14.0,-0.7033158814816846,0.5,-0.5353455757921631,-0.8604855584426425,-1.4333426246899623,-2.8291737589247683,1752,,,,,,,,,,,-0.22833348845230328,-0.2331370031261893,2026-05-12
404120,TIMEFOLIO K신재생에너지액티브,2026-05-12,1.0,-21.0,-20.0,-9.0,-0.8051282051481919,0.4,0.6684231219300829,-0.7911069442674384,-0.5825752013671784,-0.705259023704534,1753,240.0,0.0,0.0,0.0,ETF(Active/수익증권),-2.09,,,,,-0.22200153146292304,-0.23322801914355032,2026-05-12
Q610030,메리츠 S&P 유럽탄소배출권 선물 ETN(H),2026-05-12,0.0,0.0,0.0,0.0,-1.0,0.0,0.0,0.0,-0.4830457748730095,-0.4830457748730095,1754,111.0,0.0,0.0,0.0,ETN(기타),1.88,,,,,-0.2043149554443116,-0.23349832568046822,2026-05-12
314700,HANARO 농업융복합산업,2026-05-12,2.0,5.0,7.0,13.0,-0.33333333444444446,0.4,1.397716139927889,-0.6726842646174297,-0.9036959391150973,-0.17866406380463795,1755,73.0,0.0,0.0,0.0,ETF(실물복제/수익증권),-3.44,,,,,-0.18008836094648595,-0.2337817918064483,2026-05-12
305050,ACE 코스피,2026-05-12,32.0,-127.0,-95.0,-55.0,-0.39806412588644313,0.4,-0.18128869933003258,-0.9905829829571808,-0.3324549646811325,-1.504326646968346,1756,477.0,0.0,0.0,0.0,ETF(실물복제/수익증권),-1.78,,,,,-0.28560156583162816,-0.2340166383814628,2026-05-12
479080,1Q 머니마켓액티브,2026-05-12,0.0,406.0,406.0,1784.0,-0.5195751512965349,0.7,0.09477261653316453,-0.6446326764186391,0.3338304332552799,-0.2160296266301947,1757,9084.0,0.0,0.0,0.0,ETF(Active/수익증권),0.02,,,,,-0.18306239094185073,-0.23425288966651478,2026-05-12
Q580070,KB 레버리지 2차전지 TOP 10 TR ETN,2026-05-12,-5.0,-51.0,-56.0,-393.0,-0.03520208617533216,0.5,-1.245703346537187,-0.5088537983938509,0.09473307988159752,-1.6598240650494405,1758,456.0,0.0,0.0,0.0,ETN(주식),-12.99,,,,,-0.29797804167206837,-0.23445839071386868,2026-05-12
244660,KODEX 퀄리티Plus,2026-05-12,0.0,0.0,0.0,0.0,-0.929078014335295,0.2,0.11819467759647342,-0.6667035413300844,-0.6087595256703711,-1.1572683894039821,1759,50.0,0.0,0.0,0.0,ETF(실물복제/수익증권),-1.09,,,,,-0.2579782252451593,-0.23456583672586756,2026-05-12
427120,RISE 플랫폼테마,2026-05-12,9.0,-24.0,-15.0,13.0,-0.6196868010224765,0.4,0.3451415521293288,-1.0373802658349065,-0.5400616373673356,-1.2323003510729134,1760,45.0,0.0,0.0,0.0,ETF(실물복제/수익증권),-1.6,,,,,-0.26395022961871145,-0.23511465755979696,2026-05-12
148020,RISE 200,2026-05-12,-4104.0,1845.0,-2259.0,-11698.0,-0.5661559805301217,0.2,-0.8900809629140242,-0.6363990382479171,-0.47117558050223024,-1.9976555816641715,1761,43398.0,0.0,0.0,0.0,ETF(실물복제/수익증권),-2.35,,,,,-0.3248670000555505,-0.23515564878533435,2026-05-12
399110,SOL 미국S&P500ESG,2026-05-12,15.0,-13.0,2.0,113.0,-0.6277495770826355,0.6,0.7733067664152677,-1.3966367630757412,-0.8500473466839112,-1.4733773433443846,1762,1222.0,0.0,0.0,0.0,ETF(실물복제/수익증권),1.25,,,,,-0.2831382239105383,-0.23527584495070553,2026-05-12
394350,KIWOOM 글로벌퓨처모빌리티,2026-03-25,0.0,0.0,0.0,-2.0,-1.0,0.2,-0.7396279064855706,-0.7492195038843094,-1.366259822128004,-2.8551072324978843,1763,,,,,,,,,,,-0.23039760638491727,-0.2352786263270989,2026-05-12
423170,SOL 한국형글로벌반도체액티브,2026-05-12,75.0,101.0,176.0,-1916.0,1.5911066531632674,0.2,-2.051190459321935,2.125093911545773,0.28488490435491415,0.3587883565787526,1764,1920.0,0.0,0.0,0.0,ETF(Active/수익증권),-0.05,,,,,-0.13731101468346232,-0.2353748222788961,2026-05-12
139230,TIGER 200 중공업,2026-05-12,-1148.0,1759.0,611.0,2515.0,-0.15631597708461797,0.5,1.0153727107104455,-0.6238114585713574,-0.3745480957763173,0.017013156362770787,1765,4183.0,0.0,0.0,0.0,ETF(실물복제/수익증권),-2.71,,,,,-0.164513861910988,-0.23545663081927237,2026-05-12
114820,TIGER 국채3년,2026-05-12,-59.0,15.0,-44.0,66.0,-0.7395476353845409,0.4,0.6799235570714006,-0.9120532207356018,-0.8175337643343662,-1.0496634279985675,1766,1325.0,0.0,0.0,0.0,ETF(실물복제/수익증권),-0.18,,,,,-0.24941364442073,-0.23603032596864992,2026-05-12
390400,KODEX 미국스마트모빌리티S&P,2026-05-12,0.0,63.0,63.0,102.0,2.205128202046351,0.8,0.6997506214549543,2.4526098191625887,-1.3228754805323155,1.8294849600852277,1767,91.0,0.0,0.0,0.0,ETF(실물복제/수익증권),2.74,,,,,-0.020254145144814162,-0.23614647161964245,2026-05-12
008600,윌비스,2026-05-12,,,0.0,0.0,-1.0,0.0,0.0,0.0,0.0,0.0,1768,176.0,-0.48,-5410.0,0.28,유통,0.0,-52.44,412.32,-13.37,0.0,-0.24951697614643825,-0.2364105302597703,2026-05-12
445690,BNK 주주가치액티브,2026-05-12,-10.0,12.0,2.0,-6.0,0.26436781173206514,0.5,-1.4796975366314284,0.12409483584601078,0.09473307988159832,-1.2608696209038193,1769,221.0,0.0,0.0,0.0,ETF(Active/수익증권),-2.32,,,,,-0.26622413797169014,-0.23689504243028997,2026-05-12
480260,TIGER 27-04회사채(A+이상)액티브,2026-05-12,0.0,-98.0,-98.0,523.0,-0.6787148594479375,0.6,0.8788743182145344,-0.6424099138471289,-0.8298299406099778,-0.5933655362425723,1770,5499.0,0.0,0.0,0.0,ETF(Active/수익증권),0.0,,,,,-0.21309561481578398,-0.23695849002701697,2026-05-12
031210,서울보증보험,2026-05-12,540.0,-1450.0,-910.0,-5422.0,-0.4641214351456755,0.0,-0.24546484225985157,-0.8043930256218192,-1.8467646696386206,-2.896622537520291,1771,31350.0,11.68,3844.0,0.6,보험,-0.33,5.18,81.11,0.27,34.34,-0.23559940575050128,-0.2371597392824669,2026-05-12
Q580022,KB 레버리지 금 선물 ETN(H),2026-05-12,0.0,1.0,1.0,31.0,-0.8809523810232427,0.6,-0.3314757047080457,-0.8282270991902794,0.9180336914520211,-0.24166911244630396,1772,437.0,0.0,0.0,0.0,ETN(원자재),1.28,,,,,-0.18510310956393672,-0.2373926949321908,2026-05-12
487750,BNK 온디바이스AI,2026-05-12,-25.0,27.0,2.0,-325.0,-0.7218958088686704,0.2,-0.503563555637378,-0.7082532335547609,-0.3551423836833707,-1.5669591728755097,1773,407.0,0.0,0.0,0.0,ETF(실물복제/수익증권),-1.71,,,,,-0.29058666431931807,-0.23796793085602655,2026-05-12
0026S0,1Q 미국S&P500,2026-05-12,10.0,10.0,20.0,197.0,-0.43877551022317096,0.5,1.4712292783689804,-1.3258438062303726,0.7093897150704475,0.8547751872090553,1774,2884.0,0.0,0.0,0.0,ETF(실물복제/수익증권),0.98,,,,,-0.09783403106389466,-0.23804838776774662,2026-05-12
306520,HANARO 200선물인버스,2026-05-12,0.0,-46.0,-46.0,-117.0,3.885844742165509,0.2,-2.780313331064822,1.0066732105549265,0.19720263999221116,-1.5764374805176842,1775,9.0,0.0,0.0,0.0,ETF(실물복제/수익증권),2.76,,,,,-0.29134106942127586,-0.23817078898917873,2026-05-12
047810,한국항공우주,2026-05-12,3697.0,2177.0,5874.0,-75687.0,-0.8535305651921227,0.3,0.6564963644297241,-0.7446390310115479,1.2353646704664711,1.1472220038846475,1776,161711.0,87.0,1907.0,8.84,운송장비·부품,-2.12,10.51,446.57,1.72,11.83,-0.17470400512510834,-0.23838443184425664,2026-05-12
453640,KODEX 미국S&P500헬스케어,2026-05-12,-7.0,97.0,90.0,78.0,-0.23583662724165522,0.3,1.1007924026354143,-0.5322647000487329,0.3338304332552806,0.902358135841962,1777,563.0,0.0,0.0,0.0,ETF(실물복제/수익증권),0.2,,,,,-0.09404677066150682,-0.2384536633085993,2026-05-12
017810,풀무원,2026-05-12,-187.0,-9.0,-196.0,-1660.0,-0.19278252614460656,0.3,-1.5659010502922033,-0.46260349702749987,-0.8164964809277373,-2.8450010282474407,1778,4155.0,22.95,475.0,1.3,음식료·담배,-1.27,5.9,280.13,5.18,1.46,-0.2969440655180764,-0.23857445183701115,2026-05-12
Q500028,신한 인버스 2X 다우존스지수 선물 ETN(H),2026-05-12,0.0,-7.0,-7.0,-4.0,-0.671361502810289,0.3,-1.6428713596336322,-0.5823298961161107,-0.4082482404638692,-2.633449496213612,1779,110.0,0.0,0.0,0.0,ETN(주식),-1.26,,,,,-0.37547162179156085,-0.23860469191652395,2026-05-12
213610,KODEX 삼성그룹밸류,2026-05-12,12.0,115.0,127.0,-440.0,-0.027777777841073492,0.4,-0.7232135041252785,-0.5592601534585522,0.17939871623105363,-1.103074941352777,1780,3235.0,0.0,0.0,0.0,ETF(실물복제/수익증권),-1.54,,,,,-0.25366481664459917,-0.23897534815765853,2026-05-12
302190,TIGER 중장기국채,2026-05-12,13.0,-229.0,-216.0,47.0,0.38537794289575866,0.5,-0.6460330757755117,-0.2120658339608084,-0.9036959391150934,-1.7617948488514135,1781,2567.0,0.0,0.0,0.0,ETF(실물복제/수익증권),-0.41,,,,,-0.30609418249118914,-0.23958763920673903,2026-05-12
Q500030,신한 인버스 2X 은 선물 ETN(H),2026-05-12,0.0,-23.0,-23.0,-39.0,0.9900497482735577,0.2,-1.8800598110571891,1.8703184746041637,-1.7577413045047374,-1.7674826409577629,1782,14.0,0.0,0.0,0.0,ETN(원자재),-11.11,,,,,-0.30654688982522965,-0.23980003595421012,2026-05-12
433880,PLUS TDF2060액티브,2026-05-12,-46.0,-103.0,-149.0,-292.0,4.543859646204986,0.2,-2.73456247470886,2.9988990096391386,-1.6782924583566108,-1.4139559234263324,1783,574.0,0.0,0.0,0.0,ETF(Active/수익증권),0.26,,,,,-0.27840870635908355,-0.23990777733264684,2026-05-12
122260,KIWOOM 통안채1년,2026-05-12,0.0,-7.0,-7.0,-63.0,-0.007936509117535961,0.2,-0.4832933356849149,-0.08377720801422549,-0.17445565998033946,-0.7415262036794799,1784,434.0,0.0,0.0,0.0,ETF(실물복제/수익증권),-0.0,,,,,-0.22488813808507754,-0.24012061475554186,2026-05-12
449580,RISE 테슬라애플아마존채권혼합,2026-05-12,-15.0,27.0,12.0,23.0,-0.42028985530159824,0.4,0.2584824748495911,-1.430376307562395,-1.0801232747346712,-2.2520171074474753,1785,205.0,0.0,0.0,0.0,ETF(실물복제/수익증권),0.29,,,,,-0.34511234764680615,-0.24081150886372302,2026-05-12
0019K0,TIMEFOLIO 미국나스닥100채권혼합50액티브,2026-05-12,43.0,-256.0,-213.0,-896.0,-0.5146399367049687,0.1,-0.6591375671468253,-0.8338415131846781,-0.5825751377308326,-2.0755542180623356,1786,2893.0,0.0,0.0,0.0,ETF(Active/수익증권),1.26,,,,,-0.3310671711148688,-0.2409602305802065,2026-05-12
476850,KoAct 배당성장액티브,2026-05-12,33.0,-782.0,-749.0,-2538.0,0.08979783729883017,0.0,-2.489224158376687,0.10108485547165222,-0.3789322656802601,-2.767071568585295,1787,1162.0,0.0,0.0,0.0,ETF(Active/수익증권),-2.62,,,,,-0.3861069774834169,-0.24100139239308976,2026-05-12
014820,동원시스템즈,2026-05-12,19.0,-302.0,-283.0,-1737.0,0.008215962405813793,0.1,-1.3556543954299858,-0.8581793245417568,-1.9797542205319643,-4.193587940503707,1788,7277.0,13.68,1835.0,0.85,화학,-2.9,6.33,77.45,2.89,-28.02,-0.25862330550476176,-0.24213633367399545,2026-05-12
491010,TIGER 글로벌AI전력인프라액티브,2026-05-12,587.0,-512.0,75.0,-18625.0,-0.6975232674415477,0.2,0.10093176522795853,-1.7797445130762495,2.529821728134768,0.8510089802864771,1789,8162.0,0.0,0.0,0.0,ETF(Active/수익증권),4.99,,,,,-0.09813379404107206,-0.24217356588972516,2026-05-12
413930,WON AI ESG액티브,2026-05-12,0.0,-19.0,-19.0,-22.0,1.4691357933241886,0.4,-2.370911385455166,3.2441386541564383,-0.9970971652421994,-0.12386989654092706,1790,124.0,0.0,0.0,0.0,ETF(Active/수익증권),-1.96,,,,,-0.17572713941814722,-0.24231653609803935,2026-05-12
304670,KODEX 미국30년국채울트라선물인버스(H),2026-05-12,0.0,0.0,0.0,-9.0,5.0,0.2,-2.358042137505046,1.8865669143729158,-0.6831299110640028,-1.1546051341961332,1791,72.0,0.0,0.0,0.0,ETF(실물복제/수익증권),0.34,,,,,-0.25776624928990793,-0.24247734377011132,2026-05-12
444490,WON 미국S&P500,2026-05-12,0.0,5.0,5.0,-12.0,-0.7814207650989877,0.4,-0.10019681364184212,-0.5101636506511212,0.21251183667097837,-0.3978486276219849,1792,764.0,0.0,0.0,0.0,ETF(실물복제/수익증권),1.23,,,,,-0.19753387542614165,-0.2425663897302191,2026-05-12
153270,KIWOOM 코스피100,2026-05-12,-160.0,-77.0,-237.0,-709.0,0.539975399640346,0.4,-2.2491161653420315,0.39863860007973745,-0.209821714058017,-2.060299279320311,1793,385.0,0.0,0.0,0.0,ETF(실물복제/수익증권),-2.24,,,,,-0.32985298773409005,-0.2425991827111707,2026-05-12
380340,ACE Fn5G플러스,2026-05-12,7.0,-6.0,1.0,-72.0,-0.3298059965908632,0.3,1.15218889915477,-0.638333558543535,0.28365429032765876,0.7975096309388937,1794,188.0,0.0,0.0,0.0,ETF(실물복제/수익증권),0.07,,,,,-0.10239195737812709,-0.2426825925405159,2026-05-12
002390,한독,2026-05-12,51.0,-1.0,50.0,-309.0,0.1271297508352387,0.3,-0.24955577769377826,0.07314736159290189,0.25819878974720145,0.08179037364632508,1795,1317.0,-61.35,-156.0,0.45,제약,-1.44,-0.76,184.11,5.48,511.22,-0.20980855618765354,-0.24281197496926746,2026-05-12
237350,KODEX 코스피100,2026-05-12,888.0,-9169.0,-8281.0,-32466.0,2.6722347373783077,0.2,-2.455247813922668,1.7635544706247719,-1.089898479401891,-1.781591822699787,1796,9934.0,0.0,0.0,0.0,ETF(실물복제/수익증권),-1.8,,,,,-0.30766987919131344,-0.24321918630053585,2026-05-12
134380,미원화학,2026-05-12,2.0,0.0,2.0,0.0,-0.9078341014249612,0.4,1.0453901885484045,-1.1045743883875585,2.0776587639663378,2.0184745641271835,1797,2863.0,0.0,0.0,0.0,화학,1.09,0.0,0.0,0.0,0.0,-0.19489542608887417,-0.2434993981910075,2026-05-12
Q700030,하나 S&P 인버스 2X WTI원유 선물 ETN B,2026-05-12,-14.0,65.0,51.0,-221.0,-0.756063756073899,0.2,0.6265147802338278,-0.8991724165283363,-0.2581988697471629,-0.5308565060416714,1798,113.0,0.0,0.0,0.0,ETN(원자재),0.54,,,,,-0.20812034569789206,-0.24429111186572322,2026-05-12
455850,SOL AI반도체소부장,2026-05-12,3777.0,5067.0,8844.0,16267.0,0.11662576129239777,0.6,1.151470210957734,-0.680645816976385,0.055182723496765736,0.5260071174781147,1799,12998.0,0.0,0.0,0.0,ETF(실물복제/수익증권),-6.14,,,,,-0.12400160427730383,-0.24471255890650648,2026-05-12
089860,롯데렌탈,2026-05-12,-399.0,398.0,-1.0,858.0,0.10307224490605837,0.5,-0.5665268990428214,0.09646887415780285,-1.8536701044831594,-2.323728129368178,1800,11710.0,9.18,3514.0,0.75,일반서비스,-1.98,8.39,372.31,4.53,9.72,-0.24103170212158176,-0.24502633824561912,2026-05-12
360140,KODEX 200롱코스닥150숏선물,2026-05-12,15.0,6.0,21.0,173.0,-0.7292498890548658,0.6,-0.8131471441881649,-0.912254523179032,-0.1847872699987896,-1.9101889373659864,1801,451.0,0.0,0.0,0.0,ETF(실물복제/수익증권),0.51,,,,,-0.3179052843990481,-0.2451570685480613,2026-05-12
Q580019,KB 인버스 2X 항셍테크 선물 ETN,2026-05-12,0.0,3.0,3.0,11.0,0.5596330260920797,0.4,-0.12486531090287385,0.10291680239330685,-0.5596802069014709,-0.5816287154110379,1802,115.0,0.0,0.0,0.0,ETN(주식),4.36,,,,,-0.21216144831155748,-0.24518755646125878,2026-05-12
000210,DL,2026-05-12,-516.0,-2019.0,-2535.0,5448.0,0.8873044045827734,0.7,-0.23491054758194208,1.700153485069425,-1.3922862811383303,0.07295665634915283,1803,12930.0,-15.87,-3887.0,0.35,화학,-7.91,-2.17,147.55,-5.14,-27.63,-0.20047955206066453,-0.24553080831070312,2026-05-12
0018Z0,RISE 미국양자컴퓨팅,2026-05-12,-9.0,40.0,31.0,223.0,-0.49252136760269416,0.9,-1.2718030501912188,-1.116539312179137,0.5825752013671771,-1.8057671610031787,1804,190.0,0.0,0.0,0.0,ETF(실물복제/수익증권),2.88,,,,,-0.3095940622043738,-0.24578205613347237,2026-05-12
084680,이월드,2026-05-12,-18.0,-79.0,-97.0,111.0,-0.14641744556264014,0.4,0.464308161705705,0.7825412396113954,-1.0420638786975744,0.2047855226195261,1805,2545.0,-12.38,-145.0,1.09,제조,1.93,-8.78,82.21,-5.92,0.0,-0.32693623887908224,-0.24634315877123508,2026-05-12
252650,KODEX 200동일가중,2026-05-12,-83.0,74.0,-9.0,-353.0,3.820322179125035,0.4,-2.014565422143932,1.2638306551080742,-0.7245687498094825,-1.4753035168453401,1806,361.0,0.0,0.0,0.0,ETF(실물복제/수익증권),-2.01,,,,,-0.2832915334644412,-0.2465540746480846,2026-05-12
316300,ACE 싱가포르리츠,2026-05-12,0.0,-7.0,-7.0,14.0,-0.2592592600823046,0.3,0.7361911572479797,-0.3060367466436178,-0.9036960266150729,-0.473541616010711,1807,71.0,0.0,0.0,0.0,ETF(실물복제/수익증권),0.11,,,,,-0.20355849277120408,-0.24730056546181034,2026-05-12
310080,RISE 중국MSCI China(H),2026-05-12,2.0,2.0,4.0,-2.0,-0.3069306937555142,0.4,-0.5970703916604633,-0.7214523369336854,0.0,-1.3185227285941488,1808,115.0,0.0,0.0,0.0,ETF(실물복제/수익증권),-0.05,,,,,-0.270812910590947,-0.2473057728268594,2026-05-12
36328K,티와이홀딩스우,2026-05-12,-1.0,0.0,-1.0,8.0,-0.40170940324348015,0.6,-0.29435827963885436,-0.8372763820208525,1.1832158399532673,0.05158117829356046,1809,50.0,0.0,0.0,0.0,금융,-0.74,,,,,-0.38581938781990655,-0.24746603302405096,2026-05-12
486450,SOL 미국AI전력인프라,2026-05-12,24.0,738.0,762.0,-402.0,0.6285714285326531,0.3,0.790670919956469,1.0118050341468214,-0.44721357549995894,1.3552623786033315,1810,3339.0,0.0,0.0,0.0,ETF(실물복제/수익증권),2.97,,,,,-0.057998851102831886,-0.24752813221953954,2026-05-12
Q580047,KB 레버리지 항셍테크 선물 ETN(H) B,2026-05-12,0.0,3.0,3.0,-6.0,-0.919678714907824,0.5,-0.04661422154780571,-1.4515836465153424,0.5097533011962816,-0.9884445668668667,1811,154.0,0.0,0.0,0.0,ETN(주식),-0.06,,,,,-0.24454106347934984,-0.24785070889079516,2026-05-12
300950,KODEX 게임산업,2026-05-12,294.0,-363.0,-69.0,-111.0,0.07385229528057669,0.7,-1.6668843102100384,0.2740488854306825,-1.6782924583565983,-3.0711278831359543,1812,304.0,0.0,0.0,0.0,ETF(실물복제/수익증권),-1.67,,,,,-0.41030767275931507,-0.24798542419893888,2026-05-12
Q570069,한투 레버리지 플래티넘 선물 ETN,2026-05-12,0.0,8.0,8.0,11.0,-0.7101449277882798,0.6,0.31326173323258144,-1.4253840910635374,1.796893914781731,0.6847715569507753,1813,503.0,0.0,0.0,0.0,ETN(원자재),5.27,,,,,-0.11136509703684497,-0.24863696188219808,2026-05-12
032350,롯데관광개발,2026-05-12,7264.0,-3653.0,3611.0,-4364.0,0.338269112113196,0.1,-0.20225685788065734,0.9238854609834406,-1.2344267425538809,-0.5127981394510976,1814,14607.0,51.54,356.0,3.92,일반서비스,-4.33,8.06,488.68,38.6,267.45,-0.15571399420849558,-0.24871222869926618,2026-05-12
397420,RISE 국채선물5년추종,2026-05-12,0.0,0.0,0.0,1.0,-0.8039215697808535,0.2,-0.691400761993934,-0.65078966987639,0.0,-1.342190431870324,1815,51.0,0.0,0.0,0.0,ETF(실물복제/수익증권),-0.46,,,,,-0.272696689507736,-0.2495155393538535,2026-05-12
003475,유안타증권우,2026-05-12,107.0,38.0,145.0,-172.0,1.119241192067332,0.4,-0.18871522150914727,-0.07195041184577852,1.5275249983186494,1.2668593649637236,1816,588.0,0.0,0.0,0.0,증권,-4.81,,,,,-0.14916757983906254,-0.24971000222972192,2026-05-12
Q500063,신한 인버스 코스닥 150 선물 ETN,2026-05-12,0.0,0.0,0.0,0.0,-1.0,0.0,0.37893237068022884,0.0,-0.5916079433099648,-0.21267557262973596,1817,92.0,0.0,0.0,0.0,ETN(주식),1.66,,,,,-0.1827954323722714,-0.24995315858481926,2026-05-12
001120,LX인터내셔널,2026-05-12,4651.0,-4260.0,391.0,-6555.0,-0.36566526539167943,0.5,-1.6510001728428294,-0.9623035811437505,-1.961416223259951,-4.574719977246531,1818,17713.0,12.49,3659.0,0.59,유통,-1.93,5.22,163.83,0.41,-40.27,-0.3471035110820322,-0.250123384852664,2026-05-12
304760,HANARO KRX300,2026-05-12,0.0,-3.0,-3.0,-9.0,-0.7849462366978841,0.2,0.38057673884759363,-0.5936236008643474,-0.44021048848773536,-0.6532573505044892,1819,210.0,0.0,0.0,0.0,ETF(실물복제/수익증권),-1.45,,,,,-0.21786257237302245,-0.25052750396080425,2026-05-12
494890,KODEX 200액티브,2026-05-12,362.0,-1820.0,-1458.0,-4290.0,0.9711411172497124,0.3,-2.6819899220344756,0.4132349492952708,-0.43943532612618497,-2.7081902988653894,1820,12674.0,0.0,0.0,0.0,ETF(Active/수익증권),-1.92,,,,,-0.3814204520019275,-0.25138695337094724,2026-05-12
472840,ITF 200,2026-05-12,0.0,-10.0,-10.0,-91.0,2.2945736395799528,0.2,-2.089952564305398,0.9618040491102456,-0.974176309388226,-2.1023248245833788,1821,415.0,0.0,0.0,0.0,ETF(실물복제/수익증권),-2.22,,,,,-0.3331979188078551,-0.25140888269550815,2026-05-12
412560,TIGER BBIG레버리지,2026-05-12,0.0,-38.0,-38.0,-23.0,-0.3757361604090449,0.7,-1.8091175059388036,-0.5587520247953106,-1.8708283433870165,-4.238697874121131,1822,19.0,0.0,0.0,0.0,ETF(실물복제/수익증권),-2.89,,,,,-0.5032378446153832,-0.25183119246114793,2026-05-12
004970,신라교역,2026-05-12,-36.0,-9.0,-45.0,-238.0,-0.5014005603078878,0.2,-1.0447205252990228,-1.0076394978668142,-2.0884294217074926,-4.140789444873329,1823,1504.0,32.41,290.0,0.25,,-0.95,0.77,19.79,-3.35,0.0,-0.36134338281625844,-0.2520487582065709,2026-05-12
364690,KODEX 혁신기술테마액티브,2026-05-12,9.0,-107.0,-98.0,-175.0,2.227176218751268,0.3,-2.309066041350993,2.7932917218729907,-2.1698978161593248,-1.685672135637327,1824,260.0,0.0,0.0,0.0,ETF(Active/수익증권),-1.6,,,,,-0.30003536214144183,-0.25430595704767683,2026-05-12
261220,KODEX WTI원유선물(H),2026-05-12,1735.0,-1814.0,-79.0,3667.0,-0.7757886396284265,0.7,-0.8940434908318274,-1.7323133329345373,-0.5991446356691297,-3.2255014594354945,1825,663.0,0.0,0.0,0.0,ETF(실물복제/수익증권),-0.42,,,,,-0.4225946988787918,-0.2554914569860969,2026-05-12
266360,KODEX K콘텐츠,2026-05-12,-730.0,922.0,192.0,40.0,0.7204301073587069,0.5,-0.6195372202114338,-0.10241942989208966,-0.9896753059901281,-1.7116319560936515,1826,433.0,0.0,0.0,0.0,ETF(실물복제/수익증권),-2.81,,,,,-0.30210157709642144,-0.2557146426410809,2026-05-12
453810,KODEX 인도Nifty50,2026-05-12,6.0,612.0,618.0,-422.0,-0.2123920166956379,0.2,2.491594251070226,-1.1547031580422666,0.5991446356691292,1.9360357286970886,1827,3777.0,0.0,0.0,0.0,ETF(실물복제/수익증권),-0.96,,,,,-0.011773470482953937,-0.2558227351610123,2026-05-12
458210,KIWOOM CD금리액티브(합성),2026-05-12,0.0,311.0,311.0,-312.0,3.054487178837422,0.3,-1.0515795196968787,0.9918346981514821,-0.40962206532157597,-0.4693668868669726,1828,1768.0,0.0,0.0,0.0,ETF,0.02,,,,,-0.20322621436410593,-0.25671730554641436,2026-05-12
Q570105,한투 인버스일본니케이225선물 ETN(H),2026-05-12,0.0,-1.0,-1.0,-18.0,0.24999999609375,0.2,-1.6889380908182243,0.28939293696621243,-2.529821728134767,-3.9293668819867786,1829,154.0,0.0,0.0,0.0,ETN(주식),-0.96,,,,,-0.4786173229495276,-0.25703306044783636,2026-05-12
442260,마이티 다이나믹퀀트액티브,2026-05-12,15.0,-19.0,-4.0,-22.0,-0.5588235300605536,0.4,-0.6991229483854471,-0.5572490503002212,-0.30175634203999147,-1.5581283407256596,1830,506.0,0.0,0.0,0.0,ETF(Active/수익증권),-1.14,,,,,-0.28988379360865074,-0.25714364635343073,2026-05-12
004910,조광페인트,2026-05-12,-24.0,3.0,-21.0,-345.0,0.07301587281148914,0.4,-1.621148597992302,-0.7365014491213638,-2.150201556958233,-4.507851604071899,1831,543.0,-5.25,-808.0,0.21,화학,0.59,-5.15,104.15,-18.29,0.0,-0.3579829255442369,-0.2573482272317472,2026-05-12
495940,RISE 미국AI테크액티브,2026-05-12,20.0,746.0,766.0,-114.0,0.6250911742541898,0.1,2.0357885858322757,0.7291411431673429,-0.672735202889375,2.0921945261102435,1832,609.0,0.0,0.0,0.0,ETF(Active/수익증권),0.11,,,,,0.0006556463943962181,-0.25739740094132285,2026-05-12
284430,KODEX 200미국채혼합,2026-05-12,306.0,-1289.0,-983.0,-2486.0,0.6991963260294833,0.1,-0.6382449629459126,0.5087836457796052,-0.690333688547212,-0.8197950057135194,1833,18995.0,0.0,0.0,0.0,ETF(실물복제/수익증권),-0.31,,,,,-0.23111777166606273,-0.25751201727767253,2026-05-12
Q580068,KB S&P 레버리지 WTI원유 선물 ETN B,2026-05-12,0.0,78.0,78.0,245.0,-0.4574780059048771,0.8,-0.4848237444224945,-2.7320513506001247,-0.06454971618679015,-3.2814248112094093,1834,601.0,0.0,0.0,0.0,ETN(원자재),0.83,,,,,-0.4270457953708591,-0.25786658058862433,2026-05-12
030720,동원수산,2026-05-12,-15.0,-4.0,-19.0,-314.0,-0.7298534798720339,0.4,-1.3736222261248825,-0.7852586523683601,-2.2353080671708683,-4.39418894566411,1835,317.0,4.09,1664.0,0.56,,0.29,14.73,139.15,-6.02,65.78,-0.3680222662432376,-0.2582029979760242,2026-05-12
001940,KISCO홀딩스,2026-05-12,-1.0,-73.0,-74.0,-223.0,0.10512129350266264,0.3,-1.966172700792155,0.25072518514110737,-1.7717590530479033,-3.4872065686989506,1836,3466.0,-19.0,-1287.0,0.26,금속,-1.41,-1.57,10.9,-18.55,0.0,-0.2417303968164184,-0.2586267682733529,2026-05-12
003520,영진약품,2026-05-12,41.0,-1.0,40.0,-727.0,-0.3072155821619822,0.2,-0.43630799650411195,-0.8763599270780056,-1.0248283367866233,-2.3374962603687406,1837,2837.0,221.57,7.0,3.16,제약,-1.52,1.37,160.86,7.3,179.78,-0.21545621021234634,-0.25869999378157116,2026-05-12
385590,ACE ESG액티브,2026-05-12,0.0,-13.0,-13.0,13.0,-0.5674300257754987,0.2,1.1167105479070827,-0.6750341296712417,-1.1832158929835623,-0.7415394747477213,1838,558.0,0.0,0.0,0.0,ETF(Active/수익증권),-1.13,,,,,-0.22488919436663832,-0.25899313092201137,2026-05-12
Q570061,한투 레버리지 은 선물 ETN,2026-05-12,0.0,239.0,239.0,113.0,3.3006992991955597,0.5,-0.14315080965900764,2.988580485738706,-1.1087236199927397,1.7367060560869585,1839,1007.0,0.0,0.0,0.0,ETN(원자재),13.12,,,,,-0.02763867845737536,-0.2596325068350071,2026-05-12
332930,HANARO 200TR,2026-05-12,24.0,30.0,54.0,-77.0,-0.4483294484580428,0.2,-0.643487092622351,-0.889417910399201,-0.7527726027090842,-2.285677605730636,1840,2885.0,0.0,0.0,0.0,ETF(실물복제/수익증권),-2.23,,,,,-0.34779148115860153,-0.25972690800301124,2026-05-12
Q550097,N2 레버리지 코스닥150 선물 ETN,2026-05-12,0.0,-20.0,-20.0,-30.0,1.0588235233564016,0.1,-2.8653432006218544,1.7205921886136588,-0.8164964809277387,-1.9612474929359345,1841,397.0,0.0,0.0,0.0,ETN(주식),-4.81,,,,,-0.32196917811032294,-0.25973796186285836,2026-05-12
Q700028,하나 레버리지 반도체 ETN,2026-05-12,0.0,-14.0,-14.0,-157.0,-0.6338294354145644,0.4,-0.11923722056905496,-0.7308632251832143,-1.058300468425839,-1.9084009141781082,1842,11346.0,0.0,0.0,0.0,ETN(주식),-7.89,,,,,-0.3177629706162213,-0.26017194374208663,2026-05-12
449770,KIWOOM 미국S&P500,2026-05-12,11.0,16.0,27.0,-172.0,-0.6142915144602974,0.1,1.2931676107177141,-0.9545980468238381,-0.6278955068086877,-0.2893259429148116,1843,853.0,0.0,0.0,0.0,ETF(실물복제/수익증권),1.13,,,,,-0.18889625042893704,-0.26055025414877064,2026-05-12
Q570116,한투 블룸버그레버리지WTI원유선물 ETN B,2026-05-12,0.0,-1.0,-1.0,16.0,-0.9092970521696206,0.6,-0.9594571786054101,-1.1843881512902952,-1.3178654703937547,-3.4617108002894597,1844,1185.0,0.0,0.0,0.0,ETN(원자재),-0.38,,,,,-0.44139526313536853,-0.26063151728001605,2026-05-12
102960,KODEX 기계장비,2026-05-12,-18.0,1399.0,1381.0,270.0,1.110215053668897,0.3,1.4961873932170562,0.46996389527762406,0.06936134054703967,2.03551262904172,1845,248.0,0.0,0.0,0.0,ETF(실물복제/수익증권),-3.73,,,,,-0.003855824846194041,-0.26093801706890507,2026-05-12
495050,RISE 코리아밸류업,2026-05-12,428.0,-3973.0,-3545.0,-11534.0,2.2448946775695946,0.2,-2.9505335047864807,2.2586193547099627,-0.6270544118349457,-1.3189685619114637,1846,9060.0,0.0,0.0,0.0,ETF(실물복제/수익증권),-2.11,,,,,-0.2708483957157079,-0.26096241274726784,2026-05-12
495710,BNK 26-06 특수채(AAA이상)액티브,2026-05-12,0.0,0.0,0.0,4.0,-1.0,0.1,-0.11754134154242954,-0.6367342439904766,-1.032795358988683,-1.787070944521589,1847,1088.0,0.0,0.0,0.0,ETF(Active/수익증권),0.01,,,,,-0.30810597787186506,-0.2613220036803754,2026-05-12
055550,신한지주,2026-05-12,7282.0,57.0,7339.0,25381.0,-0.525105937030659,0.5,1.130963606867874,-1.0042285068800902,-1.3768376560293052,-1.2501025560415215,1848,458991.0,9.59,10085.0,0.8,금융,-0.51,8.72,1201.94,-12.67,8.74,-0.23263265273504458,-0.26142361401443587,2026-05-12
Q500080,신한 S&P 레버리지 유로 선물 ETN(H),2026-05-12,0.0,0.0,0.0,0.0,-1.0,0.0,0.0,0.0,-0.5825752013671789,-0.5825752013671789,1849,119.0,0.0,0.0,0.0,ETN(통화),0.08,,,,,-0.21223678178470484,-0.2622226220704069,2026-05-12
478150,TIMEFOLIO 글로벌우주테크&방산액티브,2026-05-12,-67.0,1426.0,1359.0,4219.0,-0.18027210885190192,1.0,-0.6619751773461379,-0.09879128451028249,0.0,-0.7607664618564204,1850,3912.0,0.0,0.0,0.0,ETF(Active/수익증권),2.42,,,,,-0.22641952422273384,-0.2623917969824259,2026-05-12
03473K,SK우,2026-05-12,262.0,133.0,395.0,2341.0,-0.4390837059832332,0.9,0.7932656222583913,-1.050072774836278,-0.6324554320336944,-0.889262584611581,1851,2117.0,0.0,0.0,0.0,금융,-5.32,,,,,-0.4607037829752756,-0.26279884692019884,2026-05-12
305540,TIGER 2차전지테마,2026-05-12,-876.0,2064.0,1188.0,4757.0,-0.0023532767667234777,0.7,0.24967701429205352,-0.519810293510914,0.0,-0.2701332792188605,1852,13402.0,0.0,0.0,0.0,ETF(실물복제/수익증권),-6.43,,,,,-0.18736865246957574,-0.26299707105698233,2026-05-12
364980,TIGER 2차전지TOP10,2026-05-12,2937.0,-3182.0,-245.0,-6012.0,-0.5675402031437067,0.2,0.9903862538181859,-0.699257226718684,-0.4492235165332623,-0.15809448943376037,1853,9301.0,0.0,0.0,0.0,ETF(실물복제/수익증권),-6.58,,,,,-0.17845117080281078,-0.26329549154260123,2026-05-12
256750,KODEX 차이나심천ChiNext(합성),2026-05-12,7.0,-20.0,-13.0,-361.0,-0.6393611541000472,0.3,-1.3087351806446843,-0.9123839660275107,-0.7245687498094824,-2.9456878964816777,1854,582.0,0.0,0.0,0.0,ETF(합성복제/수익증권),1.11,,,,,-0.4003235522291457,-0.2635127076019208,2026-05-12
441540,HANARO Fn조선해운,2026-05-12,654.0,-592.0,62.0,70.0,-0.2785911309604122,0.5,-0.544910485523208,-0.31696871434336116,0.63245548203368,-0.22942371783288917,1855,1065.0,0.0,0.0,0.0,ETF(실물복제/수익증권),-3.01,,,,,-0.18412846424532092,-0.2639210398154613,2026-05-12
0050E0,PLUS 미국AI에이전트,2026-05-12,0.0,-28.0,-28.0,-173.0,1.2659176017232672,0.1,-2.159467463393625,2.053245747708434,-1.8719417694169358,-1.978163485102127,1856,43.0,0.0,0.0,0.0,ETF(실물복제/수익증권),-0.25,,,,,-0.3233155693941497,-0.26420906582703746,2026-05-12
307510,TIGER 의료기기,2026-05-12,7.0,-57.0,-50.0,-54.0,0.5693012594836304,0.4,-0.4832636268455028,0.031395234032417674,-0.5825751377308357,-1.0344435305439208,1857,95.0,0.0,0.0,0.0,ETF(실물복제/수익증권),-2.24,,,,,-0.2482022500743417,-0.2644957156855222,2026-05-12
463250,TIGER K방산&우주,2026-05-12,836.0,321.0,1157.0,-19262.0,-0.4236006451453751,0.4,-0.9497140145449453,-0.7956683363873516,0.29957231783456467,-1.4458100330977322,1858,9084.0,0.0,0.0,0.0,ETF(실물복제/수익증권),-2.26,,,,,-0.28094406433243074,-0.26471082350439923,2026-05-12
001685,대상우,2026-05-12,-16.0,0.0,-16.0,-17.0,0.8965517208680143,0.4,-0.4828045492356172,0.2029018373497064,-0.18523963311461994,-0.46514234500053075,1859,222.0,0.0,0.0,0.0,음식료·담배,-0.06,,,,,-0.38831015415896697,-0.2648338897641828,2026-05-12
Q520074,미래에셋 미국 방위산업 TOP3 ETN,2026-05-12,0.0,-3.0,-3.0,-2.0,-0.24242424586776856,0.2,0.4038919611503416,-0.9673716719801103,-0.09473307988159745,-0.6582127907113661,1860,449.0,0.0,0.0,0.0,ETN(주식),1.98,,,,,-0.21825698976435928,-0.26484580576095584,2026-05-12
Q510043,대신 인버스 천연가스 선물 ETN(H) B,2026-05-12,0.0,-1.0,-1.0,4.0,-0.39393939577594117,0.4,-0.9443077955988275,-0.36488097617978993,-0.3704792456410081,-1.6796680174196257,1861,66.0,0.0,0.0,0.0,ETN(원자재),-3.46,,,,,-0.29955747752456824,-0.2648657393875766,2026-05-12
139250,TIGER 200 에너지화학,2026-05-12,3062.0,-2556.0,506.0,1186.0,-0.41142527410815277,0.5,1.53042915465561,-0.8583851424897085,-1.168406516393483,-0.49636250422758155,1862,448.0,0.0,0.0,0.0,ETF(실물복제/수익증권),-4.04,,,,,-0.20537487130120763,-0.26512740615219027,2026-05-12
460280,KIWOOM Fn유전자혁신기술,2026-03-25,0.0,0.0,0.0,-1.0,-0.6376811602079395,0.4,-0.918364648322186,-0.1152265554896959,-2.187535179941008,-3.22112638375289,1863,,,,,,,,,,,-0.2595300977056639,-0.26550500938739063,2026-05-12
Q570050,한투 S&P500 선물 ETN,2026-05-12,0.0,0.0,0.0,1.0,-1.0,0.1,0.08345761771680388,-0.7245688320594715,-0.7888104821910906,-1.4299216965337582,1864,1384.0,0.0,0.0,0.0,ETN(주식),0.97,,,,,-0.2796794670416497,-0.2659928428198116,2026-05-12
105010,TIGER 라틴35,2026-05-12,0.0,47.0,47.0,-126.0,-0.6038647343569278,0.7,-0.7880440489579583,-1.3121525124222801,-0.2581988697471628,-2.3583954311274016,1865,116.0,0.0,0.0,0.0,ETF(실물복제/수익증권),1.19,,,,,-0.3535792969326426,-0.26599659402181836,2026-05-12
Q700027,하나 반도체 ETN,2026-05-12,0.0,-4.0,-4.0,-6.0,-0.5934959359508228,0.1,-0.7169181073558859,-0.5745209659734529,-1.7078249526599505,-2.999264025989289,1866,472.0,0.0,0.0,0.0,ETN(주식),-2.83,,,,,-0.4045878267145872,-0.2660263047126007,2026-05-12
307520,TIGER 지주회사,2026-05-12,-656.0,4330.0,3674.0,6363.0,2.533433383322994,0.8,0.3978633066503714,2.1174044814186974,-1.5380236414416457,0.9772441466274231,1867,4522.0,0.0,0.0,0.0,ETF(실물복제/수익증권),-2.04,,,,,-0.08808638292831728,-0.26616037881721233,2026-05-12
364990,TIGER 게임TOP10,2026-05-12,-21.0,60.0,39.0,-50.0,-0.7267143036331936,0.8,-1.9053650165003653,-1.2534961246673935,1.1660916555018443,-1.9927694856659144,1868,277.0,0.0,0.0,0.0,ETF(실물복제/수익증권),-2.32,,,,,-0.32447810196436183,-0.2663160948844135,2026-05-12
450190,KODEX 한중반도체(합성),2026-05-12,2.0,-78.0,-76.0,-241.0,5.0,0.2,-2.7928919931533684,1.903055982375123,-0.8349577364459231,-1.7247937472241686,1869,319.0,0.0,0.0,0.0,ETF(합성복제/수익증권),-2.31,,,,,-0.30314916098529865,-0.2666081203434784,2026-05-12
356540,ACE 종합채권(AA-이상)KIS액티브,2026-05-12,54.0,-26.0,28.0,43.0,-0.1547049445830757,0.6,-0.6139317709592081,-0.03921678689680262,-0.5596802069014709,-1.2128287647574818,1870,11080.0,0.0,0.0,0.0,ETF(Active/수익증권),-0.5,,,,,-0.26240043142539154,-0.2668905871487415,2026-05-12
367770,RISE 수소경제테마,2026-05-12,-251.0,678.0,427.0,362.0,0.36410896227714007,0.4,1.2448815277950116,0.1806871081253164,-0.6412322631154642,0.7843363728048639,1871,1805.0,0.0,0.0,0.0,ETF(실물복제/수익증권),-2.8,,,,,-0.10344045395799104,-0.2670038006330433,2026-05-12
Q500085,신한 코스피 200 TR ETN,2026-05-12,0.0,-2.0,-2.0,-78.0,0.555555552962963,0.2,-1.75393254930065,-0.08796890266484575,-0.3789322656802586,-2.220833717645754,1872,368.0,0.0,0.0,0.0,ETN(주식),-2.7,,,,,-0.34263037414996805,-0.2676433369924464,2026-05-12
Q760011,키움 레버리지 2차전지산업 ETN,2026-05-12,0.0,-49.0,-49.0,-99.0,0.005398110457746741,0.6,-1.907455035459492,-0.5019930889474843,-2.04124120231934,-4.450689326726316,1873,2971.0,0.0,0.0,0.0,ETN(주식),-12.94,,,,,-0.5201108391893483,-0.26830988449568804,2026-05-12
000225,유유제약1우,2026-05-12,-5.0,0.0,-5.0,-2.0,0.9999999866666669,0.4,-0.5066887829124017,0.6877926702328264,0.510357799045405,0.6914616863658297,1874,99.0,0.0,0.0,0.0,제약,-1.13,,,,,-0.24015194256263273,-0.26854518777016156,2026-05-12
091220,TIGER 은행,2026-05-12,-3.0,78.0,75.0,38.0,0.05740181252909338,0.6,0.12090003315218877,-0.09307544499194535,0.21251183667097817,0.24033642483122158,1875,229.0,0.0,0.0,0.0,ETF(실물복제/수익증권),-1.3,,,,,-0.14673893631468987,-0.26871066097025176,2026-05-12
469160,ACE 일본반도체,2026-05-12,12.0,0.0,12.0,-1352.0,0.7793263646508868,0.5,-0.6817326511215713,-0.15322093811529086,-1.2070253681599687,-2.041978957396831,1876,195.0,0.0,0.0,0.0,ETF(실물복제/수익증권),0.83,,,,,-0.3283948219042447,-0.2694447091541291,2026-05-12
476450,KIWOOM 머니마켓액티브,2026-05-12,2.0,37.0,39.0,-157.0,2.174603173228887,0.5,-1.4802412987243663,2.537769985041806,-1.6020818037597404,-0.5445531174423008,1877,2268.0,0.0,0.0,0.0,ETF(Active/수익증권),0.01,,,,,-0.20921049743280629,-0.269662594486166,2026-05-12
482030,KoAct 테크핵심소재공급망액티브,2026-05-12,13.0,231.0,244.0,67.0,-0.45971341322082293,0.4,1.2902597418522495,-0.7868912769057391,-0.0858960311459823,0.417472433800528,1878,178.0,0.0,0.0,0.0,ETF(Active/수익증권),-3.29,,,,,-0.13264018430623348,-0.2696984339191302,2026-05-12
253280,RISE 헬스케어,2026-05-12,47.0,-26.0,21.0,27.0,-0.4373401535965882,0.4,1.2901814995891683,-1.0548476542230525,0.460566122835484,0.6958999682015998,1879,104.0,0.0,0.0,0.0,ETF(실물복제/수익증권),1.65,,,,,-0.11047935555838206,-0.26985838358004094,2026-05-12
494420,PLUS 미국배당증가성장주데일리커버드콜,2026-05-12,-3.0,50.0,47.0,-136.0,-0.053724053897364454,0.2,-0.3412475120239191,-0.15312281576136919,-0.5746342594588405,-1.069004587244129,1880,175.0,0.0,0.0,0.0,ETF(실물복제/수익증권),0.94,,,,,-0.25095306155757247,-0.27000212810006463,2026-05-12
036460,한국가스공사,2026-05-12,3196.0,-1095.0,2101.0,1566.0,-0.12152814109801469,0.7,-0.8409207371924835,-0.49432398978434444,0.5351295032822379,-0.8001152236945901,1881,33879.0,25.47,1441.0,0.3,전기·가스,-1.08,1.23,396.6,-6.93,-30.04,-0.3712332909221401,-0.27013556061913996,2026-05-12
450180,KODEX 한중전기차(합성),2026-05-12,0.0,-14.0,-14.0,-15.0,2.8095237823129255,0.2,-2.8910246785260285,3.416207984075273,-1.5760675904253119,-1.0508842848760676,1882,101.0,0.0,0.0,0.0,ETF(합성복제/수익증권),-3.37,,,,,-0.24951081584541007,-0.2702229895539964,2026-05-12
Q580066,KB 인디아 대형 성장주 Select 5 ETN,2026-05-12,0.0,-3.0,-3.0,-7.0,2.8888888240740753,0.1,-2.507203542190269,0.8429662117375649,-0.8334107188754235,-2.4976480493281277,1883,197.0,0.0,0.0,0.0,ETN(주식),-0.7,,,,,-0.36466280356669173,-0.27064361469547316,2026-05-12
Q550087,N2 선진국 1등주 ETN,2026-05-12,,,0.0,0.0,-1.0,0.1,-0.710046939929693,-0.4830458810396464,-0.25819878974719995,-1.4512916107165394,1884,229.0,0.0,0.0,0.0,ETN(주식),0.4,,,,,-0.28138035847675724,-0.27072241570648,2026-05-12
024890,대원화성,2026-05-12,,,0.0,0.0,-1.0,0.0,0.35821458384893695,-0.561061858609436,-1.3578088830187334,-1.5606561577792324,1885,374.0,10.66,85.0,0.83,화학,0.0,8.11,232.88,0.38,0.0,-0.2299745748288523,-0.27148753851272533,2026-05-12
Q580061,KB 미국채 30년 ETN,2026-05-12,,,0.0,0.0,-1.0,0.0,0.0,0.0,-0.6831299110640018,-0.6831299110640018,1886,105.0,0.0,0.0,0.0,ETN(채권),0.0,,,,,-0.2202402132922053,-0.2716125423536989,2026-05-12
475310,SOL 반도체후공정,2026-05-12,-84.0,1747.0,1663.0,1666.0,0.34385724088752423,0.5,0.7529770778513076,0.2438407318905883,-0.4394353502641108,0.5573824594777852,1887,922.0,0.0,0.0,0.0,ETF(실물복제/수익증권),-4.75,,,,,-0.1215043527664012,-0.27239485268655605,2026-05-12
471230,KODEX 국고채10년액티브,2026-05-12,61.0,-248.0,-187.0,-503.0,-0.5999681249597585,0.2,1.3144947089139547,-1.1779308702915046,-0.4621247549492268,-0.32556091632677664,1888,7106.0,0.0,0.0,0.0,ETF(Active/수익증권),-0.8,,,,,-0.1917802936403703,-0.27283464135310936,2026-05-12
Q530112,삼성 S&P500 ETN,2026-05-12,0.0,10.0,10.0,-202.0,-0.8401826484565584,0.3,-1.4998499765473328,-0.9403328797707785,1.0420638786975742,-1.398118977620537,1889,202.0,0.0,0.0,0.0,ETN(주식),0.88,,,,,-0.27714819940295154,-0.2729808927222727,2026-05-12
Q550091,N2 방위산업 Top5 ETN,2026-05-12,0.0,-2.0,-2.0,-5.0,-0.7762863536177049,0.5,-1.4456042412454422,-1.6114809996739186,-0.5400616373673341,-3.597146878286695,1890,971.0,0.0,0.0,0.0,ETN(주식),-1.46,,,,,-0.4521750006251742,-0.27333023362353737,2026-05-12
266390,KODEX 경기소비재,2026-05-12,42.0,-29.0,13.0,40.0,-0.7267759563588043,0.5,0.7408559716940967,-0.8963354907825485,-1.056147197139973,-1.2116267162284249,1891,120.0,0.0,0.0,0.0,ETF(실물복제/수익증권),5.5,,,,,-0.26230475700994144,-0.2734585930693108,2026-05-12
Q610070,메리츠 KAP 인버스 2X 일본 엔화 ETN,2026-05-12,0.0,-8.0,-8.0,-10.0,5.0,0.0,-3.529769071739389,1.932183558380814,-0.6085312999959105,-2.2061168133544857,1892,102.0,0.0,0.0,0.0,ETN(통화),-1.57,,,,,-0.341459014440883,-0.2738962570108776,2026-05-12
004365,세방우,2026-05-12,61.0,-3.0,58.0,377.0,-0.02608695669111527,1.0,1.2695338170638062,-1.0544021414049596,0.8525977997035943,1.067729475362441,1893,380.0,0.0,0.0,0.0,운송·창고,-2.37,,,,,-0.32458911604645285,-0.2740386695980773,2026-05-12
Q530031,삼성 레버리지 WTI원유 선물 ETN,2026-05-12,12.0,-36.0,-24.0,120.0,-0.6502316136824029,0.6,-0.8749366506614431,-1.189875034147757,-0.9491528489047301,-3.0139645337139305,1894,13837.0,0.0,0.0,0.0,ETN(원자재),0.74,,,,,-0.4057578813749246,-0.2741434335978924,2026-05-12
455030,KODEX 미국달러SOFR금리액티브(합성),2026-05-12,-1.0,-1329.0,-1330.0,-1711.0,0.7396140006200926,0.4,-0.5985022369974174,0.20704726625247472,-0.8334107839916864,-1.224865754736629,1895,6748.0,0.0,0.0,0.0,ETF,1.15,,,,,-0.2633584892343697,-0.27439184378917403,2026-05-12
491610,1Q CD금리액티브(합성),2026-05-12,0.0,154.0,154.0,201.0,-0.4539437396881444,0.9,-1.6948347805431798,-0.37373257568108703,-0.3567529703699869,-2.4253203265942536,1896,2217.0,0.0,0.0,0.0,ETF,0.01,,,,,-0.35890603715824243,-0.2746452320645527,2026-05-12
0080G0,KODEX K방산TOP10,2026-05-12,-2306.0,3210.0,904.0,-19422.0,-0.21632013322749655,0.4,-1.5674283181574307,-0.8212345838725512,0.25819886474716336,-2.1304640372828185,1897,5508.0,0.0,0.0,0.0,ETF(실물복제/수익증권),-2.78,,,,,-0.3354375977069735,-0.2755104070533052,2026-05-12
Q570114,한투 S&P500 VIX S/T선물 ETN(H) B,2026-05-12,0.0,11.0,11.0,-9.0,1.6470588157439447,0.2,0.18878668808808433,1.3538148153505218,-0.5384863777168348,1.0041151257217713,1898,125.0,0.0,0.0,0.0,ETN(변동성),2.09,,,,,-0.08594764630056997,-0.27563236052576406,2026-05-12
Q500087,신한 26-05 은행채(AAA) ETN,2026-05-11,0.0,0.0,0.0,0.0,-1.0,0.0,-0.48304589110754914,-0.25819888808049457,-1.032795358988683,-1.7740401381767266,1899,,,,,,,,,,,-0.14435244280681284,-0.27601144227703023,2026-05-12
433870,PLUS TDF2050액티브,2025-09-17,0.0,0.0,0.0,16.0,-0.4405594409506578,0.5,-0.38274945900605706,-0.5714771906327991,-2.3960560039761014,-3.3502826536149577,1900,,,,,,,,,,,-0.2698100076444618,-0.27617091819053247,2026-05-12
138530,TIGER LG그룹+펀더멘털,2026-05-12,-89.0,-305.0,-394.0,-201.0,0.23623011008346184,0.4,-0.8066661121369213,1.1290318549934604,-0.9486832480505157,-0.6263175051939767,1901,265.0,0.0,0.0,0.0,ETF(실물복제/수익증권),2.18,,,,,-0.21571835448988777,-0.2762772940088332,2026-05-12
292160,TIGER KRX300,2026-05-12,0.0,-166.0,-166.0,-222.0,1.843419787845316,0.4,-2.1398956088780308,1.1584515229068733,-1.3592234411246926,-2.3406675270958504,1902,267.0,0.0,0.0,0.0,ETF(실물복제/수익증권),-2.12,,,,,-0.3521682833051771,-0.2764011831456246,2026-05-12
069500,KODEX 200,2026-05-12,-1301.0,-157538.0,-158839.0,-392604.0,0.8602430011896309,0.2,-2.3687074432190736,1.2909745747634003,-1.1803377163951891,-2.2580705848508624,1903,252849.0,0.0,0.0,0.0,ETF(실물복제/수익증권),-2.22,,,,,-0.3455941608997735,-0.2765689948343151,2026-05-12
469170,ACE 포스코그룹포커스,2026-05-12,199.0,763.0,962.0,637.0,-0.4277685133769277,0.6,-1.1155470262200773,-0.6104915848891462,-0.6954643428524675,-2.4215029539616912,1904,1082.0,0.0,0.0,0.0,ETF(실물복제/수익증권),-4.21,,,,,-0.3586022017586333,-0.27733476868057916,2026-05-12
498400,KODEX 200타겟위클리커버드콜,2026-05-12,1608.0,-91793.0,-90185.0,-286092.0,1.8539547464627075,0.1,-1.8885296542956216,1.6686825946083672,-1.317865538950446,-1.5377125986377003,1905,56652.0,0.0,0.0,0.0,ETF(실물복제/수익증권),-1.14,,,,,-0.2882588474080359,-0.2776866008794818,2026-05-12
013360,일성건설,2026-05-12,-119.0,-2.0,-121.0,-393.0,-0.3459251487220084,0.3,-1.0945094587398772,-0.20940224859024484,-2.1602466661359787,-3.464158373466101,1906,898.0,24.1,69.0,1.23,건설,-3.93,5.36,415.75,-9.54,0.0,-0.4192325579072078,-0.2778223481199616,2026-05-12
Q570029,한투 코스피 양매도 3% OTM ETN,2026-05-12,0.0,0.0,0.0,0.0,-1.0,0.2,-0.9513414183603355,-0.7164754655794061,-0.1793987162310533,-1.847215600170795,1907,242.0,0.0,0.0,0.0,ETN(주식),-3.11,,,,,-0.31289305978460646,-0.2780392853342601,2026-05-12
277650,TIGER 코스피중형주,2026-05-12,4.0,8.0,12.0,23.0,0.019900496751317887,0.3,0.27104909240097963,-0.4432692863147921,0.0,-0.1722201939138125,1908,51.0,0.0,0.0,0.0,ETF(실물복제/수익증권),-3.09,,,,,-0.17957547525997794,-0.2784886714710726,2026-05-12
454780,KIWOOM 종합채권(AA-이상)액티브,2026-05-12,29.0,-31.0,-2.0,-9.0,0.025641021696252375,0.1,-1.4849188504418973,1.6887612427095415,-2.1144292574735766,-1.9105868652059323,1909,3695.0,0.0,0.0,0.0,ETF(Active/수익증권),-0.46,,,,,-0.3179369565924395,-0.27965943226063517,2026-05-12
Q610089,메리츠 솔랙티브 -2X WTI원유 선물 ETN(H),2026-05-12,0.0,107.0,107.0,-862.0,-0.6423320100024739,0.2,1.1044088058072306,-1.1512116348586494,0.14564380034179503,0.09884097129037617,1910,347.0,0.0,0.0,0.0,ETN(원자재),-0.17,,,,,-0.15800095650699372,-0.27968184490089143,2026-05-12
266550,PLUS 중형주저변동50,2026-05-12,0.0,-1.0,-1.0,2.0,-0.6825396840513984,0.1,0.8275403056652761,-0.5221694290165448,-2.3960558167668418,-2.0906849401181105,1911,50.0,0.0,0.0,0.0,ETF(실물복제/수익증권),-2.86,,,,,-0.33227146774102917,-0.28044828008876954,2026-05-12
001527,동양2우B,2026-05-12,0.0,0.0,0.0,1.0,-1.0,0.1,1.18321593328659,-0.4830458895952035,0.5825751377308359,1.2827451814222224,1912,23.0,0.0,0.0,0.0,비금속,-0.41,,,,,-0.3323528060748705,-0.28095608467581595,2026-05-12
298770,KODEX 한국대만IT프리미어,2026-05-12,40.0,564.0,604.0,-1115.0,-0.3349419393856894,0.4,-0.33453806344726345,-0.961424171398854,-0.05732699548493741,-1.3532892303310549,1913,901.0,0.0,0.0,0.0,ETF(실물복제/수익증권),-0.99,,,,,-0.27358007402114,-0.28105488342775575,2026-05-12
491230,PLUS 국공채머니마켓액티브,2026-05-12,0.0,18.0,18.0,-51.0,0.31972789061779827,0.6,-0.9364238773247805,0.7694241381491915,-1.572282175434021,-1.73928191460961,1914,1249.0,0.0,0.0,0.0,ETF(Active/수익증권),0.01,,,,,-0.3043023148821991,-0.28138213654041083,2026-05-12
429980,SOL 한국형글로벌전기차&2차전지액티브,2026-05-12,0.0,-17.0,-17.0,-57.0,-0.3442622953507122,0.1,-0.6679290893213036,-0.6517889437869913,-1.5157292781055605,-2.835447311213855,1915,105.0,0.0,0.0,0.0,ETF(Active/수익증권),0.74,,,,,-0.3915491947057838,-0.28173056726107437,2026-05-12
000480,CR홀딩스,2026-05-12,-96.0,-63.0,-159.0,-230.0,2.9206349187679512,0.5,-1.9585399597465363,2.467495343745038,0.7888105599688434,1.2977659439673452,1916,2260.0,-8.24,-585.0,0.35,비금속,-2.13,-4.69,93.67,2.09,59.55,-0.1868260477261612,-0.28198797028039296,2026-05-12
105780,RISE 5대그룹주,2026-05-12,11.0,-142.0,-131.0,-621.0,5.0,0.5,-2.4855134733155593,2.191903966116989,-1.326263212573117,-1.6198727197716873,1917,373.0,0.0,0.0,0.0,ETF(실물복제/수익증권),-1.84,,,,,-0.29479820199546786,-0.2820081252140485,2026-05-12
243880,TIGER 200IT레버리지,2026-05-12,57.0,-18406.0,-18349.0,-63559.0,-0.15119971648809238,0.3,-0.5878763652864609,-1.2338074528452174,0.6591529891892781,-1.1625308289424003,1918,5255.0,0.0,0.0,0.0,ETF(실물복제/수익증권),-1.48,,,,,-0.2583970775747526,-0.28219164451365264,2026-05-12
466950,TIGER 글로벌AI액티브,2026-05-12,8.0,-1173.0,-1165.0,-4897.0,1.623792890843974,0.1,-2.484223123665927,2.320608089674466,-1.1771511581541387,-1.3407661921455996,1919,5185.0,0.0,0.0,0.0,ETF(Active/수익증권),1.28,,,,,-0.27258333027154047,-0.28350508812645614,2026-05-12
495330,1Q 코리아밸류업,2026-05-12,266.0,-116.0,150.0,-764.0,-0.16599080836039515,0.2,-0.8273479789802496,-1.0409747250619303,-0.36611820063063943,-2.2344409046728195,1920,1351.0,0.0,0.0,0.0,ETF(실물복제/수익증권),-2.19,,,,,-0.34371340834806,-0.2836430662027843,2026-05-12
464610,SOL 의료기기소부장Fn,2026-05-12,57.0,47.0,104.0,-480.0,1.2949265051263743,0.3,-0.9469873199998677,0.349270257071297,-0.29957231783456445,-0.8972893807631352,1921,131.0,0.0,0.0,0.0,ETF(실물복제/수익증권),-1.57,,,,,-0.23728576643026772,-0.2837324281864365,2026-05-12
434060,KODEX TDF2050액티브,2026-05-12,-62.0,-42.0,-104.0,-1536.0,0.017178150906663525,0.0,0.4936835678750345,-0.7212035574919313,-0.3567529703699843,-0.5842729599868812,1922,6028.0,0.0,0.0,0.0,ETF(Active/수익증권),0.16,,,,,-0.21237191115726256,-0.2842048674725594,2026-05-12
292500,SOL KRX300,2026-05-12,1.0,-12.0,-11.0,-37.0,2.8095237959183677,0.1,-2.6869493071913064,1.5819050025549182,-0.7251355315045217,-1.83017983614091,1923,273.0,0.0,0.0,0.0,ETF(실물복제/수익증권),-2.14,,,,,-0.31153713552206114,-0.28434268850486694,2026-05-12
498410,KODEX 금융고배당TOP10타겟위클리커버드콜,2026-05-12,-591.0,-1610.0,-2201.0,-25399.0,-0.11730947808134096,0.0,0.3565913590954941,-0.6674368907107231,-0.5351295032822385,-0.8459750348974675,1924,7265.0,0.0,0.0,0.0,ETF(실물복제/수익증권),-2.14,,,,,-0.23320151365159317,-0.28449328642556715,2026-05-12
272580,TIGER 단기채권액티브,2026-05-12,0.0,-707.0,-707.0,-887.0,-0.29124516049785354,0.2,0.610307085908103,-0.6120695885807063,-1.2353645664124437,-1.237127069085047,1925,8039.0,0.0,0.0,0.0,ETF(Active/수익증권),0.01,,,,,-0.2643344016493662,-0.2844956976115741,2026-05-12
052690,한전기술,2026-05-12,-3149.0,-5397.0,-8546.0,-58496.0,0.5619311173755539,0.3,-1.6253983669918777,1.124320895370818,-2.490499496940361,-2.9915769685614206,1926,62490.0,73.19,2234.0,9.95,일반서비스,-4.61,14.2,41.7,-8.91,-50.02,-0.270236033346174,-0.2852254935556982,2026-05-12
Q610060,메리츠 인버스 3X 국채10년 ETN,2026-05-12,0.0,0.0,0.0,-1.0,5.0,0.0,-1.1140622671918445,1.602081972926389,-1.183215723286636,-0.6951960175520915,1927,105.0,0.0,0.0,0.0,ETN(채권),1.96,,,,,-0.2212005885658329,-0.28524858344915016,2026-05-12
315270,TIGER 200커뮤니케이션서비스,2026-05-12,0.0,39.0,39.0,7.0,1.2950819653319,0.3,0.294557700951466,1.8285972311368923,-1.3262632314192677,0.7968917006690908,1928,40.0,0.0,0.0,0.0,ETF(실물복제/수익증권),-0.43,,,,,-0.10244114018225123,-0.2853423447026015,2026-05-12
404540,TIGER KRX기후변화솔루션,2026-05-12,0.0,12.0,12.0,-52.0,1.066115700771805,0.4,-1.3092199939731626,1.7121049108777886,-1.3228754805323186,-0.9199905636276926,1929,114.0,0.0,0.0,0.0,ETF(실물복제/수익증권),-3.08,,,,,-0.23909261727538006,-0.2855151335626787,2026-05-12
002630,오리엔트바이오,2026-05-12,31.0,0.0,31.0,-264.0,0.46236559108336217,0.4,-1.2731718503460108,0.04471422805043618,-0.1581138705084201,-1.3865714928039947,1930,554.0,0.0,0.0,0.0,제약,-1.89,0.0,0.0,0.0,0.0,-0.23820894176617866,-0.28599080283605177,2026-05-12
465780,마이티 26-09 특수채(AAA)액티브,2026-05-12,0.0,0.0,0.0,0.0,-1.0,0.1,0.6281394685498382,-0.5484594829574068,-1.056147197139972,-0.9764672115475407,1931,1227.0,0.0,0.0,0.0,ETF(Active/수익증권),0.0,,,,,-0.24358775216028544,-0.28609365840471146,2026-05-12
140910,에이리츠,2026-05-12,,,0.0,0.0,-1.0,0.0,0.0,0.0,0.0,0.0,1932,140.0,0.0,0.0,0.0,리츠,0.0,,,,,-0.29889357640396647,-0.2863325203952438,2026-05-12
006370,대구백화점,2026-05-12,-12.0,-11.0,-23.0,-49.0,0.4198936974745877,0.3,0.18112170748134393,1.1027575729588288,-1.8389492512476857,-0.5550699708075131,1933,604.0,-1.86,-3001.0,0.36,유통,-6.22,-21.44,206.91,-11.33,0.0,-0.2366619994556345,-0.28666568288632216,2026-05-12
008355,남선알미우,2026-05-12,5.0,0.0,5.0,5.0,5.0,0.1,3.4691623686941133,3.6059865860715865,0.5825751377308361,7.657724092496536,1934,44.0,0.0,0.0,0.0,금속,4.57,,,,,0.19295412190162722,-0.287529172404841,2026-05-12
484890,SOL 머니마켓액티브,2026-05-12,0.0,102.0,102.0,-213.0,-0.5420078859777673,0.4,0.22208157473818615,-1.3569731467773594,0.0,-1.1348915720391732,1935,133.0,0.0,0.0,0.0,ETF(Active/수익증권),0.01,,,,,-0.25619719156036164,-0.28781688581972215,2026-05-12
432840,HANARO 미국S&P500,2026-05-12,0.0,22.0,22.0,-26.0,-0.23913043519612476,0.3,0.4279135794670969,-0.4398376018414623,-1.1003684129729334,-1.1122924353472987,1936,164.0,0.0,0.0,0.0,ETF(실물복제/수익증권),0.91,,,,,-0.254398462856481,-0.28782441941675274,2026-05-12
329750,TIGER 미국달러단기채권액티브,2026-05-12,-6.0,-5.0,-11.0,-123.0,-0.29552855215720286,0.5,-0.10541468866807178,-1.0978375840006191,0.0,-1.203252272668691,1937,5504.0,0.0,0.0,0.0,ETF(Active/수익증권),0.87,,,,,-0.261638211547816,-0.28796218428006404,2026-05-12
426020,TIMEFOLIO 미국S&P500액티브,2026-05-12,103.0,-1042.0,-939.0,-4599.0,-0.14446683084309597,0.0,-0.5243039905384898,-0.8422616912927243,0.0,-1.3665656818312142,1938,3240.0,0.0,0.0,0.0,ETF(Active/수익증권),1.01,,,,,-0.2746367840505812,-0.28799581981830047,2026-05-12
264900,크라운제과,2026-05-12,-29.0,-63.0,-92.0,206.0,2.3156498664945224,0.4,0.8449207727613008,2.6619845064553633,-2.0390132047851246,1.4678920744315396,1939,1063.0,0.0,0.0,0.0,음식료·담배,-3.41,0.0,0.0,0.0,0.0,-0.2082621246232088,-0.28808601514259957,2026-05-12
Q760015,키움 레버리지 바이오TOP10 ETN,2026-05-12,0.0,-93.0,-93.0,-713.0,-0.6895137668515081,0.0,1.1944713385559496,-0.9568276753952772,-1.0327953589886831,-0.7951516958280108,1940,145.0,0.0,0.0,0.0,ETN(주식),5.69,,,,,-0.22915634148162448,-0.28828460861009675,2026-05-12
489010,PLUS 글로벌AI인프라,2026-05-12,0.0,-80.0,-80.0,-117.0,0.704834604947264,0.2,-1.0935191781457818,0.021063573602482136,-1.5248890879639516,-2.597344692507251,1941,33.0,0.0,0.0,0.0,ETF(실물복제/수익증권),2.46,,,,,-0.37259793915226086,-0.2883573062781645,2026-05-12
419420,KODEX 미국클린에너지나스닥,2026-05-12,0.0,-7.0,-7.0,-21.0,-0.7619047620593692,0.5,-0.20276505981416781,-1.0092674500946859,0.09473307988159775,-1.1172994300272558,1942,166.0,0.0,0.0,0.0,ETF(실물복제/수익증권),3.48,,,,,-0.25479698361299535,-0.28848695840923133,2026-05-12
238670,PLUS 스마트베타Quality채권혼합,2026-05-12,0.0,-1.0,-1.0,0.0,0.6666666562499999,0.2,0.03004402515807815,-0.30818936077428494,-1.3228754805323184,-1.6010208161485253,1943,40.0,0.0,0.0,0.0,ETF(실물복제/수익증권),-1.4,,,,,-0.2932977260864937,-0.28854613246499927,2026-05-12
419650,PLUS 글로벌수소&차세대연료전지,2026-05-12,-23.0,327.0,304.0,-409.0,-0.12820512825877717,0.4,0.15904046651561113,-0.6969873340072983,0.4628257004842821,-0.07512116700740507,1944,307.0,0.0,0.0,0.0,ETF(실물복제/수익증권),3.55,,,,,-0.17184709124262615,-0.2894462845759357,2026-05-12
014710,사조씨푸드,2026-05-12,-82.0,0.0,-82.0,-221.0,0.40957446771021955,0.3,-1.5147468585395385,0.4130354591587264,-0.17939871623105347,-1.2811101156118656,1945,1315.0,-4.67,-1637.0,0.64,음식료·담배,-1.67,-12.7,88.7,26.42,27.88,-0.4909129959065127,-0.2898675987514896,2026-05-12
292190,KODEX KRX300,2026-05-12,5.0,-161.0,-156.0,-451.0,0.335877862425461,0.5,-2.3080081538418162,-0.0036103242803216715,-1.5481483359358994,-3.8597668140580375,1946,908.0,0.0,0.0,0.0,ETF(실물복제/수익증권),-2.29,,,,,-0.47307765824098663,-0.2899800171169885,2026-05-12
467940,KODEX 25-11 회사채(A+이상)액티브,2025-11-13,0.0,0.0,0.0,68.0,-0.8284734134084951,0.9,-1.1292630277389994,-1.034445156505074,-1.3662598221280025,-3.529968006372076,1947,,,,,,,,,,,-0.28411166907860635,-0.2910095906592754,2026-05-12
002920,유성기업,2026-05-12,-33.0,7.0,-26.0,-111.0,-0.529190207289306,0.2,-0.57883759196663,-1.1284053584356883,-1.1832157232866316,-2.8904586736889497,1948,466.0,-1.65,-1086.0,0.18,운송장비·부품,-1.43,-10.33,44.84,-6.17,0.0,-0.339362958533026,-0.2915823026258198,2026-05-12
496080,TIGER 코리아밸류업,2026-05-12,836.0,-2450.0,-1614.0,-13070.0,2.082353735950388,0.1,-2.491058179334402,1.6743525180350964,-0.8263938363949973,-1.643099497694303,1949,5478.0,0.0,0.0,0.0,ETF(실물복제/수익증권),-1.86,,,,,-0.29664688642610326,-0.2918182976104216,2026-05-12
Q610090,메리츠 일본 국채 10년 ETN,2026-05-12,,,0.0,0.0,-1.0,0.0,-0.25819888474716124,0.0,-0.9036959391150977,-1.161894823862259,1950,95.0,0.0,0.0,0.0,ETN(채권),0.42,,,,,-0.25834645614575463,-0.2918497457144591,2026-05-12
275290,KODEX 가치주,2026-05-12,1.0,-38.0,-37.0,-291.0,0.8285214343407206,0.2,-2.18663333127088,1.247898162281,-0.7942999486252756,-1.733035117615156,1951,322.0,0.0,0.0,0.0,ETF(실물복제/수익증권),-2.02,,,,,-0.30380511478051203,-0.292439424713232,2026-05-12
277630,TIGER 코스피,2026-05-12,64.0,-983.0,-919.0,-2325.0,-0.08842297175496172,0.3,-1.0312917543735638,0.020724562783624775,-1.1309737888812164,-2.1415409804711554,1952,5196.0,0.0,0.0,0.0,ETF(실물복제/수익증권),-1.73,,,,,-0.33631924269792046,-0.2927503346695163,2026-05-12
Q760021,키움 코스피200 선물 달러노출 ETN,2026-05-12,0.0,0.0,0.0,-33.0,5.0,0.0,-2.3788108896764806,0.9036961111983973,0.0,-1.4751147784780834,1953,230.0,0.0,0.0,0.0,ETN(주식),-1.22,,,,,-0.2832765112481797,-0.2934297925683783,2026-05-12
367760,RISE 5G테크,2026-05-12,1207.0,-4024.0,-2817.0,-15322.0,0.8915880627326505,0.1,-1.9208349048829267,1.0886450611300553,-1.5275249983186503,-2.3597148420715217,1954,4730.0,0.0,0.0,0.0,ETF(실물복제/수익증권),0.11,,,,,-0.35368431255203375,-0.29356677116056806,2026-05-12
Q570108,한투 레버리지국채30년 ETN,2026-05-12,,,0.0,0.0,-1.0,0.0,-0.2581988847471614,0.0,-0.7175948649242124,-0.9757937496713738,1955,68.0,0.0,0.0,0.0,ETN(채권),-3.73,,,,,-0.24353414943978563,-0.2941595539776176,2026-05-12
Q580039,KB 레버리지 KOSPI 200 선물 ETN,2026-05-12,0.0,52.0,52.0,78.0,0.3017751471587129,0.7,0.354854286059527,0.8439709843698142,-1.8719417694169347,-0.6731164989875935,1956,1358.0,0.0,0.0,0.0,ETN(주식),-3.42,,,,,-0.2194432177267908,-0.2948511578696925,2026-05-12
426330,KIWOOM 미국ETF산업STOXX,2026-03-25,0.0,0.0,0.0,-5.0,-1.0,0.2,-0.804715757158219,-1.097435693730264,-1.6750512771269692,-3.577202728015452,1957,,,,,,,,,,,-0.287871213117751,-0.29491030127849716,2026-05-12
Q610040,메리츠 인버스 2X 미국채30년 ETN(H),2026-05-12,0.0,0.0,0.0,0.0,-1.0,0.0,0.3169771205932319,-0.47329973593012653,-1.0327954589886545,-1.1891180743255492,1958,169.0,0.0,0.0,0.0,ETN(채권),0.87,,,,,-0.2605132310402512,-0.2949355397532043,2026-05-12
108590,TREX 200,2026-05-12,0.0,-2.0,-2.0,-8.0,-0.8587570622665901,0.3,-0.6142571046228118,-0.7889373620346883,-0.9466847022216653,-2.3498791688791654,1959,237.0,0.0,0.0,0.0,ETF(실물복제/수익증권),-2.29,,,,,-0.3529014637231473,-0.2951909487121175,2026-05-12
308170,씨티알모빌리티,2026-05-12,-23.0,0.0,-23.0,-35.0,1.244444442948148,0.5,0.33233556808865633,1.5989161720017153,0.872315343286192,2.8035670833765636,1960,429.0,-13.28,-375.0,0.49,운송장비·부품,-1.58,-4.07,283.59,6.75,48.33,-0.25343510211783427,-0.29520099754692425,2026-05-12
390390,KODEX 미국반도체,2026-05-12,145.0,-2328.0,-2183.0,-17720.0,0.17681125278175602,0.0,-0.46483531370021347,-0.3634901436863249,-0.4492234786954335,-1.2775489360819718,1961,12935.0,0.0,0.0,0.0,ETF(실물복제/수익증권),1.06,,,,,-0.2675516914699086,-0.29524269148226273,2026-05-12
471990,KODEX AI반도체핵심장비,2026-05-12,1492.0,3521.0,5013.0,-3821.0,0.04720618998148263,0.3,0.8317520561213783,-0.5015049135150409,-0.4550251987501111,-0.12477805614377374,1962,5917.0,0.0,0.0,0.0,ETF(실물복제/수익증권),-3.64,,,,,-0.17579942238928975,-0.2952717334819289,2026-05-12
002355,넥센타이어1우B,2026-05-12,-5.0,25.0,20.0,25.0,0.9528619508893648,0.5,0.5560879529465539,1.159970312947666,0.8164964809277385,2.5325547468219582,1963,278.0,0.0,0.0,0.0,화학,-2.4,,,,,-0.19234501744131258,-0.29574959332211787,2026-05-12
Q520088,미래에셋 S&P500 VIX S/T 선물 ETN(H),2026-05-12,0.0,-17.0,-17.0,-25.0,-0.5238095240221088,0.2,0.10470412638563761,-0.34197702284812187,-1.7709977776102734,-2.0082706740727576,1964,209.0,0.0,0.0,0.0,ETN(변동성),1.85,,,,,-0.3257118850469553,-0.2957917427462817,2026-05-12
Q610007,메리츠 국채30년 ETN,2026-05-12,0.0,-2.0,-2.0,-8.0,5.0,0.1,-2.579631499794431,2.2794464196439606,-1.1684065163934823,-1.4685915965439529,1965,375.0,0.0,0.0,0.0,ETN(채권),-2.47,,,,,-0.2827573128935906,-0.29644124134266503,2026-05-12
490480,SOL K방산,2026-05-12,1500.0,-982.0,518.0,-177.0,0.9989814106697614,0.4,-0.6170297985634168,1.732606890082193,-1.1395396174196577,-0.02396252590088155,1966,1359.0,0.0,0.0,0.0,ETF(실물복제/수익증권),-1.86,,,,,-0.16777523144264908,-0.29664605024882057,2026-05-12
0015E0,KIWOOM 엔비디아미국30년국채혼합액티브(H),2026-05-12,0.0,2.0,2.0,-23.0,-0.5663956643091634,0.5,-0.9749763944501582,-0.9775859435543262,0.09473307988159752,-1.8578292581228868,1967,64.0,0.0,0.0,0.0,ETF(Active/수익증권),0.19,,,,,-0.31373783060359367,-0.29723701218625387,2026-05-12
002785,진흥기업우B,2026-05-12,0.0,0.0,0.0,0.0,-1.0,0.1,-0.6831300370639733,-0.4830458895952035,0.683129911064002,-0.4830460155951749,1968,29.0,0.0,0.0,0.0,건설,-2.71,,,,,-0.3499789636429037,-0.2974286474654082,2026-05-12
001530,DI동일,2026-05-12,649.0,-559.0,90.0,-63.0,-0.8079821107412185,0.6,-0.5151578019761018,-0.8733457889252826,0.7977239715811067,-0.5907796193202776,1969,5407.0,-56.49,-462.0,1.04,유통,-2.97,-1.8,96.89,-7.73,0.0,-0.3385568373236626,-0.2975946783802449,2026-05-12
337120,KODEX 멀티팩터,2026-05-12,0.0,-7.0,-7.0,-18.0,1.2222222098765432,0.1,-1.2896202620432788,1.7816665243495808,-1.9013293403586344,-1.4092830780523324,1970,230.0,0.0,0.0,0.0,ETF(실물복제/수익증권),-2.61,,,,,-0.27803678148347394,-0.2976232639053584,2026-05-12
058730,다스코,2026-05-12,57.0,-4.0,53.0,-82.0,0.9325551228406184,0.4,-0.019182466249633472,2.5758646652638335,-1.6383874294256537,0.9182947695885464,1971,665.0,-13.03,-256.0,0.41,금속,-3.33,-3.41,136.13,-12.44,0.0,-0.1692254442694415,-0.2980501198896357,2026-05-12
Q520082,미래에셋 미국 자율주행대표기업 ETN,2026-05-12,0.0,1.0,1.0,2.0,0.6666666250000008,0.2,-0.5010548337820034,0.6411416245868162,-0.835937148303507,-0.6958503574986942,1972,442.0,0.0,0.0,0.0,ETN(주식),1.41,,,,,-0.22125266931830137,-0.29814457760784135,2026-05-12
276650,RISE 글로벌테크놀로지(합성 H),2026-05-12,1.0,-5.0,-4.0,-1.0,-0.6111111117592593,0.6,-1.7662889480989157,-0.6863512268530532,-0.46056615465365863,-2.913206329605628,1973,341.0,0.0,0.0,0.0,ETF(합성복제/수익증권),-0.51,,,,,-0.3977382531761966,-0.29814866197775636,2026-05-12
0025N0,TIGER TDF2045,2026-05-12,-18.0,-234.0,-252.0,-726.0,0.5916249767505117,0.1,-0.6084148559362529,1.6659952797858766,-1.073504307510118,-0.015923883660494464,1974,6683.0,0.0,0.0,0.0,ETF(실물복제/수익증권),0.9,,,,,-0.1671354133498097,-0.29819521441625263,2026-05-12
139240,TIGER 200 철강소재,2026-05-12,1.0,-106.0,-105.0,-119.0,-0.25771765529749724,0.4,-0.08645201939884528,-0.6695263627746487,-0.0645497161867908,-0.8205280983602848,1975,89.0,0.0,0.0,0.0,ETF(실물복제/수익증권),-3.64,,,,,-0.2311761205669221,-0.2987722420862078,2026-05-12
02826K,삼성물산우B,2026-05-12,-146.0,150.0,4.0,1298.0,0.6374815160330576,0.5,1.3197704937024926,-0.47585005677447795,-0.6396345221731087,0.20428591475490598,1976,3735.0,0.0,0.0,0.0,유통,-3.96,,,,,-0.39817148596678026,-0.2988053559602636,2026-05-12
000725,현대건설우,2026-05-12,-26.0,137.0,111.0,-250.0,-0.004663129168451685,0.3,0.13177160939132235,-0.11277432412922396,1.326263118342368,1.3452604036044664,1977,713.0,0.0,0.0,0.0,건설,-4.11,,,,,-0.20445892539799101,-0.299221755866508,2026-05-12
189400,PLUS 글로벌MSCI(합성 H),2026-05-12,0.0,7.0,7.0,10.0,-0.371069183576599,0.3,0.7392973518352586,-0.5705078082027752,-0.2180788358215488,-0.04928929218906547,1978,75.0,0.0,0.0,0.0,ETF(합성복제/수익증권),-0.42,,,,,-0.16979105983999718,-0.30045103967119646,2026-05-12
Q550070,N2 인버스 레버리지 구리 선물 ETN(H),2026-05-12,0.0,0.0,0.0,0.0,-1.0,0.0,0.0,-0.5180998800075624,-2.6457506110647753,-3.1638504910723375,1979,50.0,0.0,0.0,0.0,ETN(원자재),-5.88,,,,,-0.41768772531034054,-0.3005454508717012,2026-05-12
428510,KODEX 차이나AI테크액티브,2026-05-12,-9.0,-40.0,-49.0,-689.0,-0.3926291950138381,0.1,-0.34411309589878336,-0.8511497131611272,-0.5400616373673347,-1.7353244464272453,1980,559.0,0.0,0.0,0.0,ETF(Active/수익증권),1.02,,,,,-0.30398732888466434,-0.3010517632949875,2026-05-12
085310,엔케이,2026-05-12,,,0.0,0.0,-1.0,0.0,0.3940026835267234,-0.8513029570379923,-1.2353647328988961,-1.6926650064101652,1981,867.0,-22.48,-52.0,0.5,금속,0.0,-2.46,38.68,17.28,0.0,-0.2611784078063466,-0.3010619985383097,2026-05-12
114800,KODEX 인버스,2026-05-12,4382.0,-29771.0,-25389.0,-112737.0,0.43561977656062356,0.2,-0.7094901968370744,0.20443026759411828,-1.5491931384829924,-2.0542530677259485,1982,9319.0,0.0,0.0,0.0,ETF(실물복제/수익증권),2.37,,,,,-0.32937175278725134,-0.30193245058391205,2026-05-12
434730,HANARO 원자력iSelect,2026-05-12,282.0,-1678.0,-1396.0,-12538.0,0.29336888549680995,0.1,-1.2447401553653201,-0.10018925160794646,-0.8470473852745461,-2.1919767922478126,1983,11142.0,0.0,0.0,0.0,ETF(실물복제/수익증권),-3.36,,,,,-0.3403335704832297,-0.3019453121051976,2026-05-12
381180,TIGER 미국필라델피아반도체나스닥,2026-05-12,21377.0,-22423.0,-1046.0,-38726.0,-0.10364308015807644,0.0,-0.12667995832719234,-0.7316215491983658,-0.5729699139942839,-1.4312714215198419,1984,55813.0,0.0,0.0,0.0,ETF(실물복제/수익증권),1.47,,,,,-0.27978689544070384,-0.30194743804683416,2026-05-12
300640,RISE 게임테마,2026-05-12,7.0,-381.0,-374.0,-496.0,5.0,0.4,-3.216635620474314,3.4362935401042325,-1.3178654703937565,-1.0982075507638378,1985,256.0,0.0,0.0,0.0,ETF(실물복제/수익증권),-2.27,,,,,-0.25327740736942667,-0.3024673581741516,2026-05-12
Q550092,N2 월간 레버리지 방위산업 Top5 ETN,2026-05-12,13.0,-16.0,-3.0,-101.0,-0.13821138253420584,0.4,-1.6463910101226422,-0.04232471810103966,-0.6392460545850348,-2.3279617828087167,1986,2445.0,0.0,0.0,0.0,ETN(주식),-3.77,,,,,-0.3511569974642603,-0.3030670745905658,2026-05-12
435420,TIGER 미국나스닥100채권혼합Fn,2026-05-12,-12.0,-453.0,-465.0,-1269.0,1.0938332307666156,0.5,-1.9663929081584233,0.08771256506428986,-0.2581988647471643,-2.136879207841298,1987,3563.0,0.0,0.0,0.0,ETF(실물복제/수익증권),0.45,,,,,-0.335948199133088,-0.30329333741035513,2026-05-12
484790,KODEX 미국30년국채액티브(H),2026-05-12,-90.0,-790.0,-880.0,478.0,-0.5032981376628443,0.4,0.6758177168571807,-0.7537473447968381,-0.36596614908668246,-0.44389577702633987,1988,6258.0,0.0,0.0,0.0,ETF(Active/수익증권),-0.35,,,,,-0.2011988972583815,-0.3036974278396401,2026-05-12
041650,상신브레이크,2026-05-12,12.0,-18.0,-6.0,4.0,0.8423855159183005,0.6,-1.085935059499352,0.43610757575293113,-1.0394060985313034,-1.6892335822777242,1989,558.0,-4.69,-554.0,0.24,운송장비·부품,-2.44,-5.45,154.54,-6.27,0.0,-0.37243356403530326,-0.30373104725276157,2026-05-12
010140,삼성중공업,2026-05-12,-157524.0,-35483.0,-193007.0,-342286.0,1.3851073323083378,0.2,-1.3610050038495491,0.22223250127417413,-1.4487069799072214,-2.587479482482596,1990,276320.0,50.65,620.0,6.46,운송장비·부품,-7.51,13.74,265.05,7.54,71.52,-0.2628598974891332,-0.3040909622597002,2026-05-12
278240,RISE 코스닥150선물레버리지,2026-05-12,1.0,6.0,7.0,317.0,-0.21850079754164653,0.7,0.013849239575097934,-0.05278544883627085,-0.8164964809277393,-0.8554326901889122,1991,1203.0,0.0,0.0,0.0,ETF(실물복제/수익증권),-5.2,,,,,-0.23395427497500454,-0.3041300509819312,2026-05-12
Q570066,한투 인버스 2X 베트남 VN30 선물 ETN(H),2026-05-12,0.0,0.0,0.0,-23.0,1.1705426331350282,0.2,-0.4194181931756081,0.888979537050325,-1.9126065300388018,-1.443045186164085,1992,50.0,0.0,0.0,0.0,ETN(주식),3.3,,,,,-0.28072400240665046,-0.30442340962656816,2026-05-12
252710,TIGER 200선물인버스2X,2026-05-12,5437.0,-6708.0,-1271.0,-9612.0,-0.14199786245761925,0.1,-1.0574928666790901,-0.48548484139809345,-1.3662598221280038,-2.9092375302051874,1993,386.0,0.0,0.0,0.0,ETF(실물복제/수익증권),4.31,,,,,-0.3974223652952191,-0.30455932122565144,2026-05-12
385600,ACE 2차전지&친환경차액티브,2026-05-12,-1.0,-96.0,-97.0,-130.0,-0.601507808325134,0.2,-0.2051128642646981,-0.6704816511052398,-1.8523962282050406,-2.7279907435749786,1994,248.0,0.0,0.0,0.0,ETF(Active/수익증권),-1.5,,,,,-0.38299642495763536,-0.3050169678473802,2026-05-12
026940,부국철강,2026-05-12,35.0,1.0,36.0,145.0,-0.1464311994584383,0.5,0.9237803342154821,-0.6549808186346973,0.881917025910426,1.1507165414912108,1995,499.0,0.0,0.0,0.0,금속,-2.16,0.0,0.0,0.0,0.0,-0.25472252381337745,-0.3050783354394411,2026-05-12
419890,KIWOOM 단기채권ESG액티브,2026-05-12,0.0,5.0,5.0,-5.0,-0.00709220069413008,0.5,-0.8431374906616955,-0.17655104556415752,-1.3903401443251269,-2.4100286805509796,1996,705.0,0.0,0.0,0.0,ETF(Active/수익증권),-0.01,,,,,-0.3576889321403543,-0.30575540678632496,2026-05-12
006200,한국전자홀딩스,2026-05-12,,,0.0,0.0,-1.0,0.1,0.28618355163733006,-0.7766507049306308,-1.3643819958659142,-1.854849149159215,1997,375.0,-28.61,-28.0,0.24,금융,0.0,-0.9,37.0,-6.26,0.0,-0.29599625173187677,-0.30580046604188904,2026-05-12
429760,PLUS 미국S&P500,2026-05-12,0.0,11.0,11.0,-87.0,-0.6050096340255271,0.3,0.3238863636609727,-0.8138083201378541,-0.2581988564138324,-0.7481208128907137,1998,406.0,0.0,0.0,0.0,ETF(실물복제/수익증권),1.1,,,,,-0.22541302153708068,-0.30590349778497117,2026-05-12
Q500061,신한 인버스 코스피 200 선물 ETN,2026-05-12,0.0,-60.0,-60.0,-239.0,0.5106732340669917,0.4,-1.9573025949125424,-0.23791121797909337,-0.3017563420399914,-2.496970154931627,1999,55.0,0.0,0.0,0.0,ETN(주식),0.0,,,,,-0.36460884804946075,-0.3061987160080415,2026-05-12
182490,TIGER 단기선진하이일드(합성 H),2026-05-12,0.0,-1.0,-1.0,27.0,0.056910567816775615,0.5,0.6477148894036566,-0.18179854420190733,-1.7638340518208502,-1.297917706619101,2000,83.0,0.0,0.0,0.0,ETF(합성복제/수익증권),0.0,,,,,-0.26917289907298775,-0.30655534179252564,2026-05-12
082640,동양생명,2026-05-12,261.0,128.0,389.0,2555.0,-0.8653777091890671,0.7,-0.5042705324837569,-0.6072850952627417,1.9227257873198857,0.8111701595733873,2001,12570.0,10.09,772.0,0.78,보험,-2.87,7.08,2182.12,2.2,-45.98,-0.23844332342525512,-0.30676741124257084,2026-05-12
005320,온타이드,2026-05-12,,,0.0,0.0,-1.0,0.0,0.542368264558763,-0.6205437372254058,-1.619173428555606,-1.697348901222249,2002,402.0,-4.2,-140.0,0.42,유통,0.0,-9.71,56.2,-12.94,0.0,-0.2841426148816463,-0.3069627859189951,2026-05-12
Q610009,메리츠 인버스 국채30년 ETN,2026-05-12,0.0,0.0,0.0,0.0,-1.0,0.0,-0.3789323626032906,0.0,-0.7700534726657732,-1.1489858352690638,2003,144.0,0.0,0.0,0.0,ETN(채권),0.98,,,,,-0.2573189935202023,-0.3073675282029554,2026-05-12
Q530123,삼성 일본니케이225선물 ETN(H),2026-05-12,0.0,0.0,0.0,0.0,-1.0,0.0,0.517901235679116,-0.5303498606562908,-2.0114788758641535,-2.0239275008413284,2004,165.0,0.0,0.0,0.0,ETN(주식),0.49,,,,,-0.3269580558234894,-0.3075827259256525,2026-05-12
Q520056,미래에셋 레버리지 코스닥150 선물 ETN,2026-05-12,0.0,-138.0,-138.0,-71.0,0.3402061852215965,0.5,-2.4923260398635265,0.6520305085226012,-1.1832157816199482,-3.0235113129608733,2005,1096.0,0.0,0.0,0.0,ETN(주식),-4.66,,,,,-0.4065177363240415,-0.30800561120345216,2026-05-12
480030,ACE 미국500데일리타겟커버드콜(합성),2026-05-12,20.0,-388.0,-368.0,-1248.0,-0.12162635823789081,0.4,-1.0178967144923319,0.020390123588863853,-1.607790721127874,-2.605297312031342,2006,1622.0,0.0,0.0,0.0,ETF(합성복제/수익증권),0.72,,,,,-0.37323091045572515,-0.3081539130307169,2026-05-12
Q580054,KB 인버스 2X 콩 선물 ETN,2026-05-12,0.0,0.0,0.0,-5.0,-0.3333333399999999,0.0,-1.1832159529357127,-0.8837358689742767,-1.3662598221280036,-3.4332116440379927,2007,130.0,0.0,0.0,0.0,ETN(원자재),1.24,,,,,-0.4391269353189205,-0.3083189671050146,2026-05-12
Q520091,미래에셋 인버스 천연가스 선물 ETN B,2026-05-12,0.0,-2.0,-2.0,-10.0,0.5065913362486303,0.5,-0.6687248578737959,-0.09339181396270743,-2.6366119567571045,-3.3987286285936076,2008,432.0,0.0,0.0,0.0,ETN(원자재),-3.1,,,,,-0.4363823353582293,-0.3085493045263119,2026-05-12
140950,파워 코스피100,2026-05-12,2.0,153.0,155.0,-62.0,0.6909778495368484,0.5,-0.930397184964033,-0.07622626618162165,-0.40583968378024615,-1.412463134925901,2009,522.0,0.0,0.0,0.0,ETF(실물복제/수익증권),-1.94,,,,,-0.2782898911334774,-0.30897504324746594,2026-05-12
105190,ACE 200,2026-05-12,1995.0,-2561.0,-566.0,-2594.0,-0.14020662029339825,0.3,-1.1546499426566779,-1.328156664189098,-1.069082614898784,-3.5518892217445597,2010,18839.0,0.0,0.0,0.0,ETF(실물복제/수익증권),-2.23,,,,,-0.44857281674520416,-0.30918996716289665,2026-05-12
0040S0,HANARO 글로벌피지컬AI액티브,2026-05-12,16.0,-920.0,-904.0,-2457.0,0.3962681846601137,0.1,-0.7554692399006617,-0.34477600057334123,-0.829829940609979,-1.930075181083982,2011,610.0,0.0,0.0,0.0,ETF(Active/수익증권),2.97,,,,,-0.3194880863385923,-0.30925462730430325,2026-05-12
002787,진흥기업2우B,2026-05-12,0.0,0.0,0.0,0.0,-1.0,0.0,0.0,0.0,0.0,0.0,2012,24.0,0.0,0.0,0.0,건설,0.0,,,,,-0.3115319758047086,-0.3092657885881064,2026-05-12
244580,KODEX 바이오,2026-05-12,19.0,-697.0,-678.0,-4541.0,0.18432722907313104,0.1,-1.5199483978692656,-0.26716872810303427,-0.935414302943488,-2.7225314289157883,2013,2799.0,0.0,0.0,0.0,ETF(실물복제/수익증권),0.77,,,,,-0.382561902784736,-0.309479287288102,2026-05-12
138520,TIGER 삼성그룹펀더멘털,2026-05-12,-1110.0,953.0,-157.0,-2746.0,-0.10407167428755937,0.4,-1.419895348681018,-0.6775276256080649,-0.25819883974716884,-2.355621814036252,2014,1358.0,0.0,0.0,0.0,ETF(실물복제/수익증권),-2.05,,,,,-0.353358536965417,-0.30983437482910275,2026-05-12
128820,대성산업,2026-05-12,269.0,-25.0,244.0,-575.0,-0.6996063807841432,0.4,-0.500254731787044,-0.9468426799814949,-1.4819169825640324,-2.9290143943325715,2015,2886.0,-4.74,-1346.0,0.38,유통,-2.6,-9.93,169.05,6.04,-50.27,-0.39527113293761434,-0.3101324026619716,2026-05-12
Q530092,삼성 인버스 코스피 200 선물 ETN,2026-05-12,7.0,-106.0,-99.0,-1092.0,0.09763681581800654,0.1,-1.51116534283429,-0.5506816098241795,-1.6384882612863019,-3.700335213944771,2016,29.0,0.0,0.0,0.0,ETN(주식),2.13,,,,,-0.460388049813048,-0.310140067772792,2026-05-12
168580,ACE 중국본토CSI300,2026-05-12,-28.0,-8.0,-36.0,-6.0,0.8614718606660292,0.6,-1.421312006172229,0.705309389547304,-1.4808375387212942,-2.1968401553462193,2017,1332.0,0.0,0.0,0.0,ETF(실물복제/수익증권),1.12,,,,,-0.34072065919912936,-0.31016765940023727,2026-05-12
391670,HK 베스트일레븐액티브,2026-05-12,0.0,-5.0,-5.0,43.0,-0.6910569107198097,0.4,-0.46174466923047175,-0.6481033014893782,-2.1946903503508906,-3.3045383210707406,2018,284.0,0.0,0.0,0.0,ETF(Active/수익증권),-5.31,,,,,-0.4288854644786598,-0.31074683443285356,2026-05-12
461500,HANARO 종합채권(AA-이상)액티브,2026-05-12,1.0,-2.0,-1.0,-15.0,5.0,0.0,-1.4999681308581037,2.1952786630617074,-1.335321733021122,-0.6400112008175183,2019,1099.0,0.0,0.0,0.0,ETF(Active/수익증권),-0.2,,,,,-0.2168082741499217,-0.31128849028859323,2026-05-12
476030,SOL 미국나스닥100,2026-05-12,15.0,24.0,39.0,-1035.0,0.8395573995707144,0.2,-1.6161401288430683,0.6086328016102005,-0.5825752013671789,-1.5900825286000466,2020,1036.0,0.0,0.0,0.0,ETF(실물복제/수익증권),0.86,,,,,-0.29242711708699937,-0.31166021486041046,2026-05-12
442560,RISE TDF2040액티브,2026-05-12,3.0,-54.0,-51.0,-262.0,0.40313390283408834,0.0,-0.8367720589078885,0.90955785916947,-1.097301733512615,-1.0245159332510334,2021,357.0,0.0,0.0,0.0,ETF(Active/수익증권),0.0,,,,,-0.24741208474834925,-0.3118686087749668,2026-05-12
464470,PLUS 미국채30년액티브,2026-05-12,-37.0,59.0,22.0,159.0,-0.19047619059183674,0.5,0.9385971766207539,-0.894423592810272,-0.7550700720788872,-0.7108964882684052,2022,440.0,0.0,0.0,0.0,ETF(Active/수익증권),0.5,,,,,-0.22245023308663556,-0.3123215567336549,2026-05-12
010580,에스엠벡셀,2026-05-12,-6.0,0.0,-6.0,-117.0,-0.32802829372377684,0.4,0.03432987812957029,-0.46391208390573163,-2.1405178222199077,-2.570100027996069,2023,2325.0,209.0,10.0,3.45,운송장비·부품,-2.11,1.67,57.36,-14.88,-44.92,-0.38158092707919,-0.3124127468146623,2026-05-12
159800,마이티 코스피100,2026-05-12,23.0,-45.0,-22.0,-64.0,-0.015151515897612544,0.3,-1.7646602095639992,-0.728989043415228,-0.9281908540922194,-3.421840107071447,2024,266.0,0.0,0.0,0.0,ETF(실물복제/수익증권),-0.9,,,,,-0.43822184278251747,-0.31287112028635683,2026-05-12
451060,1Q K200액티브,2026-05-12,87.0,-1174.0,-1087.0,-5175.0,0.8143459915274072,0.2,-2.408452568561147,0.44439814828699903,-1.0561472568960595,-3.0202016771702076,2025,4146.0,0.0,0.0,0.0,ETF(Active/수익증권),-2.23,,,,,-0.4062543131244198,-0.3130068857617338,2026-05-12
0086B0,TIGER 리츠부동산인프라TOP10액티브,2026-05-12,1026.0,-693.0,333.0,-804.0,1.35412107937523,0.1,-0.19298756482469887,0.745749186390563,-0.9211323093073169,-0.36837068774145276,2026,704.0,0.0,0.0,0.0,ETF(Active/수익증권),-1.4,,,,,-0.19518764347412887,-0.31307396612855326,2026-05-12
174350,TIGER 로우볼,2026-05-12,4.0,-4.0,0.0,-30.0,-0.9385560676166408,0.1,0.18163956087929198,-1.0636745413136246,-1.9321833328252866,-2.8142183132596195,2027,93.0,0.0,0.0,0.0,ETF(실물복제/수익증권),-1.65,,,,,-0.3898595191887258,-0.313427688783274,2026-05-12
488290,마이다스 일본테크액티브,2026-05-12,0.0,-16.0,-16.0,-150.0,-0.2982456143191988,0.1,-1.6678239534693882,-0.738547520385226,-1.0327955018457917,-3.439166975700406,2028,136.0,0.0,0.0,0.0,ETF(Active/수익증권),4.62,,,,,-0.4396009368769606,-0.31343532597794754,2026-05-12
337140,KODEX 코스피대형주,2026-05-12,12.0,-348.0,-336.0,-2149.0,1.3217018670498146,0.3,-2.014266043036248,1.5505911646302992,-1.381698495779155,-1.8453733741851037,2029,847.0,0.0,0.0,0.0,ETF(실물복제/수익증권),-1.84,,,,,-0.31274643184900536,-0.31354797119475986,2026-05-12
278530,KODEX 200TR,2026-05-12,341.0,-6961.0,-6620.0,-18705.0,0.6771934564967392,0.3,-1.852755831686071,0.5454481992477032,-1.1927967236683987,-2.5001043561067666,2030,82721.0,0.0,0.0,0.0,ETF(실물복제/수익증권),-1.95,,,,,-0.3648583079157523,-0.31356419525443535,2026-05-12
385720,TIMEFOLIO 코스피액티브,2026-05-12,40.0,1441.0,1481.0,-3677.0,-0.19258008536753024,0.4,-0.65348726100704,-0.5716054000963666,-0.07220908623866125,-1.297301747342068,2031,4509.0,0.0,0.0,0.0,ETF(Active/수익증권),-2.5,,,,,-0.2691238731457089,-0.31375245767762916,2026-05-12
F74401777,맵스미국11호,2026-05-12,0.0,0.0,0.0,0.0,-1.0,0.0,-0.6831300370639733,-0.4830458895952035,-1.3662598221280036,-2.5324357487871803,2032,338.0,0.0,0.0,0.0,수익증권,1.63,,,,,-0.3674316541830725,-0.3138033010412473,2026-05-12
38380K,LX홀딩스1우,2026-05-12,-2.0,-1.0,-3.0,-1.0,0.388888883101852,0.3,-0.9369209767788966,-0.3646062831125607,-0.229307981939753,-1.5308352418312103,2033,119.0,0.0,0.0,0.0,금융,-3.0,,,,,-0.5117683510559153,-0.3142882471176347,2026-05-12
395160,KODEX AI반도체,2026-05-12,3716.0,-15571.0,-11855.0,-53760.0,1.0428941613179887,0.2,-2.284142145530614,0.5090074279826347,-0.7407774922578195,-2.5159122098057987,2034,24073.0,0.0,0.0,0.0,ETF(실물복제/수익증권),-3.06,,,,,-0.36611649934947277,-0.31445236703324186,2026-05-12
008730,율촌화학,2026-05-12,-319.0,-338.0,-657.0,-2653.0,0.17615929084124837,0.2,-1.271538095154726,-0.14836392636754206,-1.5701009398230503,-2.9900029613453185,2035,5654.0,135.71,168.0,1.93,화학,-4.4,1.43,135.29,6.19,0.0,-0.3484257866532116,-0.3148162873914464,2026-05-12
094800,맵스리얼티1,2026-05-12,-43.0,-3.0,-46.0,733.0,-0.6871340920843922,0.7,-1.0598773521936233,-0.9041546019293656,-1.8708285183869875,-3.8348604725099764,2036,5199.0,0.0,0.0,0.0,,-5.72,,,,,-0.3083789160056261,-0.31489152399540365,2026-05-12
275280,KODEX 모멘텀주,2026-05-12,-124.0,-131.0,-255.0,-622.0,3.4146825383686457,0.2,-2.8182332158679166,2.040868050720221,-0.6955893207274492,-1.4729544858751447,2037,376.0,0.0,0.0,0.0,ETF(실물복제/수익증권),-2.29,,,,,-0.28310456749799723,-0.3151049523956182,2026-05-12
328370,PLUS 코스피TR,2026-05-12,-75.0,58.0,-17.0,-70.0,1.1717171684266914,0.2,-2.455826006864567,1.1628727745584713,-0.6396345605292676,-1.9325877928353634,2038,1528.0,0.0,0.0,0.0,ETF(실물복제/수익증권),-1.78,,,,,-0.3196880721584286,-0.31536402715800715,2026-05-12
Q520084,미래에셋 -2X 미국 자율주행대표기업 ETN,2026-05-12,0.0,-1.0,-1.0,-2.0,-0.7916666679687501,0.1,-0.4832856279667814,-0.4766099543458758,-1.335321733021122,-2.295217315333779,2039,75.0,0.0,0.0,0.0,ETN(주식),-0.07,,,,,-0.3485507734149305,-0.3154583949973122,2026-05-12
491830,TIGER 미국AI반도체팹리스,2026-05-12,-9.0,126.0,117.0,-20.0,-0.21204072603727042,0.4,0.20754045998776693,-0.35776567952433885,-0.5673085806553176,-0.7175338001918896,2040,479.0,0.0,0.0,0.0,ETF(실물복제/수익증권),1.63,,,,,-0.22297851536733315,-0.3156500659495721,2026-05-12
Q610022,메리츠 미국채10년 ETN(H),2026-05-12,0.0,0.0,0.0,-1.0,-1.0,0.1,-0.6731864736247621,-0.5892014100694865,-1.5722821754340148,-2.834670059128263,2041,256.0,0.0,0.0,0.0,ETN(채권),-0.12,,,,,-0.39148733103127414,-0.31607080629240447,2026-05-12
0047P0,RISE 테슬라고정테크100,2026-05-12,63.0,-6.0,57.0,-219.0,0.529976018964512,0.5,-1.6810702368959143,0.07867728131065606,-0.9941001611424808,-2.596493116727739,2042,241.0,0.0,0.0,0.0,ETF(실물복제/수익증권),2.03,,,,,-0.3725301598463952,-0.31610021246636133,2026-05-12
256440,ACE 인도네시아MSCI(합성),2026-05-12,-17.0,-282.0,-299.0,-754.0,-0.1322517207792926,0.0,0.4562226653658895,-0.6563188412632899,-0.8675495324503345,-1.0676457083477349,2043,280.0,0.0,0.0,0.0,ETF(합성복제/수익증권),-2.3,,,,,-0.2508449045731103,-0.31664372120225964,2026-05-12
376410,TIGER 탄소효율그린뉴딜,2026-05-12,53.0,-33.0,20.0,12.0,0.094527362367268,0.3,-0.9913255546106408,-0.2723476770973375,-1.760841953950945,-3.024515185658923,2044,243.0,0.0,0.0,0.0,ETF(실물복제/수익증권),-1.46,,,,,-0.40659763736900806,-0.31699052679274625,2026-05-12
Q550085,N2 코스닥 150 TR ETN,2026-05-12,0.0,0.0,0.0,0.0,-1.0,0.0,-0.37893236798792146,0.0,-0.9036959391150977,-1.2826283071030191,2045,284.0,0.0,0.0,0.0,ETN(주식),-3.03,,,,,-0.2679559728625028,-0.31721261862632416,2026-05-12
498050,HANARO 바이오코리아액티브,2026-05-12,-34.0,17.0,-17.0,-79.0,-0.3694732795806067,0.3,0.4800061164679801,-0.45216829934705527,-2.169229039914326,-2.141391222793401,2046,160.0,0.0,0.0,0.0,ETF(Active/수익증권),1.79,,,,,-0.3363073230641187,-0.31732254749446864,2026-05-12
379800,KODEX 미국S&P500,2026-05-12,2191.0,-15705.0,-13514.0,-58708.0,-0.12665397065569495,0.0,0.8765129421771887,-0.8947407795673757,-0.7245687498094827,-0.7427965871996698,2047,92293.0,0.0,0.0,0.0,ETF(실물복제/수익증권),1.06,,,,,-0.22498925147422413,-0.3175157881328543,2026-05-12
360150,KODEX 코스닥150롱코스피200숏선물,2026-05-12,-34.0,15.0,-19.0,-722.0,-0.23434509166795092,0.2,-1.9215718245075128,-0.7106352730401431,-1.9999998000000203,-4.632206897547676,2048,200.0,0.0,0.0,0.0,ETF(실물복제/수익증권),0.47,,,,,-0.534558332000543,-0.3175689345802838,2026-05-12
483340,ACE 구글밸류체인액티브,2026-05-12,284.0,600.0,884.0,-9977.0,0.7318012371365463,0.2,-0.5505028967812714,-0.23913299753536466,0.2581988564138315,-0.5314370379028046,2049,2749.0,0.0,0.0,0.0,ETF(Active/수익증권),0.46,,,,,-0.20816655185772795,-0.31776306013135996,2026-05-12
0036R0,RISE 미국휴머노이드로봇,2026-05-12,14.0,-360.0,-346.0,-1126.0,1.5550906552952504,0.0,-2.2299077676270747,2.373242301641827,-1.4620229562664204,-1.3186884222516682,2050,1132.0,0.0,0.0,0.0,ETF(실물복제/수익증권),0.21,,,,,-0.2708260986140956,-0.3181618380550112,2026-05-12
003075,코오롱글로벌우,2026-05-12,0.0,0.0,0.0,1.0,-0.8290598294981372,0.1,0.29299156515625246,-0.6356013142383743,-0.4096220653215758,-0.7522318144036977,2051,110.0,0.0,0.0,0.0,건설,-2.44,,,,,-0.3714042167220628,-0.3182369861306791,2026-05-12
444200,SOL 코리아메가테크액티브,2026-05-12,-611.0,-260.0,-871.0,-231.0,-0.07709466055185221,0.4,-0.5694695490428571,0.1410982942317502,-1.235609318343086,-1.663980573154193,2052,7001.0,0.0,0.0,0.0,ETF(Active/수익증권),-2.31,,,,,-0.2983088698155442,-0.31886060472448313,2026-05-12
489860,KIWOOM 글로벌전력GRID인프라,2026-05-12,0.0,-24.0,-24.0,-225.0,-0.5443037975260374,0.0,1.354289964191335,-1.5439493398898048,-0.44922347869543183,-0.6388828543939016,2053,133.0,0.0,0.0,0.0,ETF(실물복제/수익증권),2.16,,,,,-0.21671846589185625,-0.31950598596609514,2026-05-12
007815,코리아써우,2026-05-12,0.0,0.0,0.0,0.0,-1.0,0.4,-0.4226123317804125,-0.8545945724389303,-0.258198856413833,-1.535405760633176,2054,663.0,0.0,0.0,0.0,전기·전자,-4.89,,,,,-0.5354661710465141,-0.319935417885188,2026-05-12
Q520075,미래에셋 레버리지 미국 방위산업 TOP3 ETN,2026-05-12,0.0,4.0,4.0,18.0,-0.834515366547625,0.2,1.8364208503933004,-1.4994831972747706,-0.09473308661236543,0.24220456650616431,2055,349.0,0.0,0.0,0.0,ETN(주식),2.34,,,,,-0.14659024567666018,-0.3205638683360513,2026-05-12
0087F0,ACE 차이나AI빅테크TOP2+액티브,2026-05-12,4.0,-110.0,-106.0,72.0,-0.2298647855561674,0.9,-1.5408710231322063,-0.2988674188553727,-2.463059726921676,-4.302798168909256,2056,125.0,0.0,0.0,0.0,ETF(Active/수익증권),1.39,,,,,-0.508339766946959,-0.32126457561912564,2026-05-12
252670,KODEX 200선물인버스2X,2026-05-12,-10231.0,-36432.0,-46663.0,-278577.0,0.14045068368389835,0.2,-1.0592247101040444,-0.18898940242819265,-2.133811523803309,-3.3820256363355456,2057,10521.0,0.0,0.0,0.0,ETF(실물복제/수익증권),4.55,,,,,-0.4350528973347814,-0.32136121336981005,2026-05-12
493810,TIGER 미국AI빅테크10타겟데일리커버드콜,2026-05-12,-35.0,-152.0,-187.0,-733.0,0.005664015416314339,0.6,-1.228633376955164,-0.023821552902062865,-1.272404431658861,-2.524859361516088,2058,2854.0,0.0,0.0,0.0,ETF(실물복제/수익증권),0.51,,,,,-0.3668286282603554,-0.3214300820316489,2026-05-12
010950,S-Oil,2026-05-12,13854.0,4509.0,18363.0,-38737.0,-0.037819896177695544,0.4,-1.0817113188392788,-0.4991997997843451,-0.2581988564138321,-1.8391099750374562,2059,128682.0,75.3,1518.0,1.5,화학,3.07,2.01,198.82,-6.52,-44.19,-0.35293175271266397,-0.32168740247438404,2026-05-12
Q580062,KB 레버리지 미국채 30년 ETN,2026-05-12,,,0.0,0.0,-1.0,0.0,-0.3745481243345969,0.0,-0.8425313378443656,-1.2170794621789625,2060,91.0,0.0,0.0,0.0,ETN(채권),0.41,,,,,-0.2627387563608869,-0.3218641334822524,2026-05-12
0074K0,KoAct K수출핵심기업TOP30액티브,2026-05-12,-267.0,173.0,-94.0,-4571.0,-0.472624379410416,0.4,-1.8248942935142365,-0.8588570211218122,-1.1442836104152554,-3.828034925051304,2061,1609.0,0.0,0.0,0.0,ETF(Active/수익증권),-2.0,,,,,-0.47055202815329905,-0.3220415923338933,2026-05-12
253230,KIWOOM 200선물인버스2X,2026-05-12,-2.0,-61.0,-63.0,-515.0,0.5664845170188553,0.1,-1.7410948940925628,0.1783142554441522,-0.9680857306229154,-2.530866369271326,2062,21.0,0.0,0.0,0.0,ETF(실물복제/수익증권),5.45,,,,,-0.3673067428636298,-0.3223474003580521,2026-05-12
276990,KODEX 글로벌로봇(합성),2026-05-12,-1.0,38.0,37.0,-181.0,-0.473407056428635,0.5,-1.1056845247544367,-1.0874441757508306,0.0,-2.1931287005052673,2063,503.0,0.0,0.0,0.0,ETF(합성복제/수익증권),1.45,,,,,-0.3404252540937663,-0.32250826457379966,2026-05-12
091160,KODEX 반도체,2026-05-12,3485.0,-50233.0,-46748.0,-167337.0,2.085788742100383,0.1,-2.433820018839165,0.9979169102148763,-1.1982892713382598,-2.6341923799625486,2064,61418.0,0.0,0.0,0.0,ETF(실물복제/수익증권),-3.32,,,,,-0.3755307499937164,-0.3227040535073637,2026-05-12
337160,KODEX 200ESG,2026-05-12,158.0,-630.0,-472.0,-1108.0,4.0988142282413405,0.1,-2.5904761433849526,1.4006182704896875,-1.0960922953845043,-2.2859501682797694,2065,1413.0,0.0,0.0,0.0,ETF(실물복제/수익증권),-2.11,,,,,-0.34781317517671445,-0.32333692391568347,2026-05-12
Q520080,미래에셋 미국 테크&반도체 TOP3 ETN,2026-05-12,0.0,0.0,0.0,0.0,-1.0,0.2,-1.0428229848311192,-0.9769265008003132,-2.194690137850955,-4.214439623482388,2066,688.0,0.0,0.0,0.0,ETN(주식),1.04,,,,,-0.501307062376895,-0.3236642288361916,2026-05-12
466930,SOL 자동차TOP3플러스,2026-05-12,-11.0,-1392.0,-1403.0,-6781.0,2.138326685333063,0.4,-2.4647369960403473,1.7056399937823936,-1.8902158839106356,-2.6493128861685893,2067,3070.0,0.0,0.0,0.0,ETF(실물복제/수익증권),0.93,,,,,-0.37673423351173013,-0.3240179564572268,2026-05-12
289250,TIGER MSCI KOREA ESG유니버설,2026-05-12,0.0,-3.0,-3.0,-147.0,-0.4211576848040446,0.3,-1.2231812134895657,-0.6136493610430537,-0.5596802404631088,-2.396510814995728,2068,244.0,0.0,0.0,0.0,ETF(실물복제/수익증권),-2.15,,,,,-0.35661300728884565,-0.3243494198557306,2026-05-12
464600,SOL 자동차소부장Fn,2026-05-12,-99.0,81.0,-18.0,46.0,-0.8127572016576488,0.4,-0.19218666975252174,-0.785146268100482,-1.1003684129729334,-2.0777013508259374,2069,229.0,0.0,0.0,0.0,ETF(실물복제/수익증권),1.29,,,,,-0.33123806743651113,-0.3254137814791095,2026-05-12
418660,TIGER 미국나스닥100레버리지(합성),2026-05-12,24.0,272.0,296.0,-5921.0,0.3945448778808005,0.1,-0.5942448926160113,0.6252986774003019,-1.208636961052233,-1.1775831762679423,2070,4238.0,0.0,0.0,0.0,ETF(합성복제/수익증권),1.68,,,,,-0.25959513613620944,-0.3254570888977407,2026-05-12
438330,TIGER 우량회사채액티브,2026-05-12,0.0,-1178.0,-1178.0,967.0,0.394799054343546,0.9,-3.046065436673365,1.1610773095895093,-3.614783056460801,-5.499771183544657,2071,6061.0,0.0,0.0,0.0,ETF(Active/수익증권),-0.13,,,,,-0.6036102079620501,-0.32627171018763007,2026-05-12
Q520069,미래에셋 -2X 홍콩H 선물 ETN(H),2026-05-12,0.0,-1.0,-1.0,-1.0,0.6666665833333374,0.0,-1.056147304700935,0.5750836757374355,-1.8708283433870385,-2.351891972350538,2072,61.0,0.0,0.0,0.0,ETN(주식),-0.08,,,,,-0.3530616683994848,-0.32694662926668255,2026-05-12
0015B0,KoAct 미국나스닥성장기업액티브,2026-05-12,188.0,-3193.0,-3005.0,-33658.0,-0.3055617435222313,0.0,-0.6833987974345054,-1.305941126690031,0.0,-1.9893399241245362,2073,5709.0,0.0,0.0,0.0,ETF(Active/수익증권),1.4,,,,,-0.3242051335377219,-0.32717669902504826,2026-05-12
011330,유니켐,2026-05-12,4.0,5.0,9.0,-84.0,-0.4968553460475682,0.4,-0.10171094309239591,-0.4220050023903529,-0.8704468888083464,-1.3941628342910952,2074,501.0,-8.18,-68.0,0.39,운송장비·부품,-3.97,0.0,72.7,55.75,0.0,-0.2595007375056967,-0.3279036376243356,2026-05-12
020150,롯데에너지머티리얼즈,2026-05-12,8593.0,-4740.0,3853.0,7694.0,-0.31815250285362184,0.6,-1.3599831065309906,-0.6191230833722196,0.0,-1.9791061899032103,2075,37651.0,-23.46,-3065.0,2.27,전기·전자,-4.64,-10.54,23.15,-24.91,0.0,-0.38505274381681004,-0.32818917949123694,2026-05-12
494220,UNICORN SK하이닉스밸류체인액티브,2026-05-12,231.0,76.0,307.0,-6309.0,-0.28334626508229277,0.3,-0.7036484737636497,-0.8244486643182679,-1.183215781619951,-2.711312919701869,2076,2113.0,0.0,0.0,0.0,ETF(Active/수익증권),-4.19,,,,,-0.3816689901565699,-0.3283870714123949,2026-05-12
471460,KIWOOM 국고채30년액티브,2026-05-12,18.0,-50.0,-32.0,-65.0,-0.537329127380443,0.1,0.7108196970426703,-1.053771993489504,-0.7175949132000647,-1.0605472096468984,2077,262.0,0.0,0.0,0.0,ETF(Active/수익증권),-2.15,,,,,-0.2502799151426846,-0.3288335376358302,2026-05-12
442570,RISE TDF2050액티브,2026-05-12,8.0,-336.0,-328.0,-2339.0,-0.04088504091272105,0.0,-1.4404499190995566,-1.1643822888256803,0.0,-2.604832207925237,2078,2216.0,0.0,0.0,0.0,ETF(Active/수익증권),-0.19,,,,,-0.37319389151480936,-0.3297778818638426,2026-05-12
Q500096,신한 인버스2X 천연가스 선물 ETN B,2026-05-12,0.0,15.0,15.0,-18.0,0.13281249955749508,0.6,-1.1953138886790822,0.3197619546071037,-0.5673085806553162,-1.4428605147272946,2079,784.0,0.0,0.0,0.0,ETN(원자재),-7.03,,,,,-0.28070930388879684,-0.3298562550416013,2026-05-12
469060,RISE 미국반도체NYSE,2026-05-12,50.0,-323.0,-273.0,-1004.0,-0.08112874784403212,0.0,-0.9220687922885878,-0.5662362043068673,-0.4830457748730084,-1.9713507714684635,2080,600.0,0.0,0.0,0.0,ETF(실물복제/수익증권),1.45,,,,,-0.32277332639915096,-0.33004341296526485,2026-05-12
33637K,솔루스첨단소재1우,2026-05-12,-8.0,0.0,-8.0,-2.0,0.15023474097401301,0.5,0.23151894034055104,-0.3560478707300729,0.5997167985092577,0.4751878681197359,2081,364.0,0.0,0.0,0.0,전기·전자,-9.66,,,,,-0.3754373822840801,-0.3303843862274586,2026-05-12
396500,TIGER Fn반도체TOP10,2026-05-12,10577.0,-150472.0,-139895.0,-503317.0,2.029678013758266,0.2,-2.4749929405749276,1.281041265076215,-1.5157294073363061,-2.7096810828350186,2082,124297.0,0.0,0.0,0.0,ETF(실물복제/수익증권),-3.63,,,,,-0.3815391076813022,-0.330628127286143,2026-05-12
415920,PLUS 글로벌희토류&전략자원생산기업,2026-05-12,-10.0,485.0,475.0,-1393.0,0.7782794080093449,0.5,-1.7298455951734992,1.0950132938963555,-1.650552619459399,-2.2853849207365426,2083,633.0,0.0,0.0,0.0,ETF(실물복제/수익증권),1.68,,,,,-0.3477681855386295,-0.33079183858365835,2026-05-12
290130,RISE ESG사회책임투자,2026-05-12,593.0,-1805.0,-1212.0,-5819.0,2.873434661967113,0.3,-2.8604641976699807,0.9793641361900005,-1.871941769416931,-3.753041830896911,2084,3430.0,0.0,0.0,0.0,ETF(실물복제/수익증권),-2.48,,,,,-0.46458311735429364,-0.3310889995263317,2026-05-12
381560,HANARO Fn전기&수소차,2026-05-12,10.0,97.0,107.0,4.0,-0.41997063148825575,0.2,1.9630723333609603,-0.9220574041201258,-1.6233587351209913,-0.5823438058801567,2085,805.0,0.0,0.0,0.0,ETF(실물복제/수익증권),-1.23,,,,,-0.2122183643685827,-0.3329022286847573,2026-05-12
Q570058,한투 인버스 은 선물 ETN,2026-05-12,0.0,-2.0,-2.0,-2.0,-0.3333333399999999,0.2,-1.1929057577900661,2.322555528620348,-2.3386116508099386,-1.2089618799796569,2086,28.0,0.0,0.0,0.0,ETN(원자재),-5.66,,,,,-0.2620926552152068,-0.33350146165854516,2026-05-12
368590,RISE 미국나스닥100,2026-05-12,38.0,202.0,240.0,-2899.0,0.06822819624166132,0.1,0.16102128155094797,-0.4968111644377704,-0.7200822738971703,-1.0558721567839928,2087,14988.0,0.0,0.0,0.0,ETF(실물복제/수익증권),0.8,,,,,-0.2499078145668387,-0.333634232157758,2026-05-12
463300,RISE 중국본토CSI300,2026-05-12,1.0,-11.0,-10.0,-12.0,-0.6153846155695266,0.3,0.3023740101215009,-0.8475328361742858,-0.8143450157828017,-1.3595038418355867,2088,240.0,0.0,0.0,0.0,ETF(실물복제/수익증권),0.44,,,,,-0.2740747123893697,-0.3344789734299965,2026-05-12
316140,우리금융지주,2026-05-12,-24069.0,-1147.0,-25216.0,-136887.0,-0.15588264004157115,0.0,-0.43305448679865555,-0.6606302011299313,-1.0327954589886534,-2.12648014691724,2089,233436.0,7.53,4221.0,0.65,금융,-2.15,8.91,1488.67,-10.87,-13.64,-0.3170653404141062,-0.33485960945964555,2026-05-12
0036D0,TIMEFOLIO 미국배당다우존스액티브,2026-05-12,1.0,-173.0,-172.0,-2157.0,-0.25949234321608483,0.0,-1.2444965266844619,-0.5270585423246847,-1.0327954256553284,-2.804350494664475,2090,441.0,0.0,0.0,0.0,ETF(Active/수익증권),3.47,,,,,-0.3890741118170294,-0.3351285075951381,2026-05-12
473490,KIWOOM 글로벌AI반도체,2026-05-12,27.0,20.0,47.0,-263.0,-0.4115745231737884,0.4,0.18362680488565689,-0.8449409757526267,-0.36256776575226074,-1.0238819366192307,2091,423.0,0.0,0.0,0.0,ETF(실물복제/수익증권),0.65,,,,,-0.2473616231773903,-0.33546707480491145,2026-05-12
023150,MH에탄올,2026-05-12,25.0,0.0,25.0,109.0,1.2797927449327497,0.4,0.9987764420424403,2.3025944235362963,0.2302830773268298,3.5316539429055664,2092,298.0,-12.51,-323.0,0.43,음식료·담배,-2.77,-3.83,317.46,-5.68,-11.07,-0.1777421235426957,-0.33552162940636066,2026-05-12
010040,한국내화,2026-05-12,-17.0,1.0,-16.0,-1.0,3.68085105387053,0.5,-0.6309348380807265,2.875933776142471,0.3017563420399922,2.5467552801017366,2093,743.0,-3.41,-531.0,0.43,비금속,-2.48,-12.26,58.06,-2.32,-67.67,-0.36020339617399855,-0.3355320208865967,2026-05-12
453060,HANARO KOFR금리액티브(합성),2026-05-12,0.0,-8.0,-8.0,-58.0,-0.9162861491724179,0.4,-0.12935978529855213,-1.264077950662427,-0.5673085806553173,-1.9607463166162964,2094,122.0,0.0,0.0,0.0,ETF,0.01,,,,,-0.3219292880807112,-0.3357710917078579,2026-05-12
432600,RISE 국채선물3년,2026-05-12,0.0,0.0,0.0,-3.0,5.0,0.0,-2.2918798171399164,1.3662600974612797,-1.3662598221280033,-2.29187954180664,2095,55.0,0.0,0.0,0.0,ETF(실물복제/수익증권),-0.3,,,,,-0.3482851106539067,-0.33669384086734166,2026-05-12
181480,ACE 미국부동산리츠(합성 H),2026-05-12,0.0,0.0,0.0,5.0,-0.8222222224592592,0.6,-0.6818531773531996,-0.7122339371828661,-1.392286281138331,-2.7863733956743966,2096,102.0,0.0,0.0,0.0,ETF(합성복제/수익증권),-0.57,,,,,-0.38764326406355826,-0.336695097639937,2026-05-12
123310,TIGER 인버스,2026-05-12,-1497.0,352.0,-1145.0,-9186.0,0.329891193360784,0.1,-1.2652399288003575,-0.18639962424623724,-1.3662598221280038,-2.8178993751745987,2097,502.0,0.0,0.0,0.0,ETF(실물복제/수익증권),1.78,,,,,-0.3901525052358263,-0.337648837088218,2026-05-12
002760,보락,2026-05-12,123.0,-1.0,122.0,-36.0,-0.6025641025946746,0.5,0.6908063264131165,-0.6383629974810948,-0.3789323374751035,-0.3264890085430819,2098,609.0,-40.64,-25.0,1.3,화학,-0.97,-3.16,27.08,1.77,0.0,-0.2666541201410735,-0.33765196757500415,2026-05-12
0035T0,PLUS 글로벌휴머노이드로봇액티브,2026-05-12,-31.0,-1248.0,-1279.0,-2302.0,3.2837771201571577,0.5,-3.0413793126899797,1.769424774029052,-2.5099798696022453,-3.781934408263173,2099,1195.0,0.0,0.0,0.0,ETF(Active/수익증권),-0.5,,,,,-0.46688275866123224,-0.3377150220956393,2026-05-12
490590,RISE 미국AI밸류체인데일리고정커버드콜,2026-05-12,328.0,-667.0,-339.0,-7393.0,-0.6032556292904451,0.2,0.3873000645835732,-1.0214216295418475,-0.9998604733968316,-1.6339820383551058,2100,6109.0,0.0,0.0,0.0,ETF(실물복제/수익증권),0.5,,,,,-0.29592120225314217,-0.33802283786663967,2026-05-12
005385,현대차우,2026-05-12,1026.0,1532.0,2558.0,26306.0,0.3026385672104186,0.6,2.111630369920037,-0.0037892597898408283,0.8143449605196552,2.9221860706498513,2101,62320.0,0.0,0.0,0.0,운송장비·부품,-1.84,,,,,-0.20997948666940297,-0.33833261741870047,2026-05-12
375770,KODEX 탄소효율그린뉴딜,2026-05-12,9.0,-45.0,-36.0,-42.0,-0.08527131825491252,0.2,-0.5008912438106281,-0.3391170094587913,-1.2323326798646022,-2.0723409331340217,2102,597.0,0.0,0.0,0.0,ETF(실물복제/수익증권),-1.9,,,,,-0.33081141675074816,-0.33834030470396087,2026-05-12
011700,한신기계,2026-05-12,-301.0,-3.0,-304.0,-2691.0,0.09934004860890355,0.2,-1.4388997139273403,-0.6356772758234042,-1.4169837227465116,-3.491560712497256,2103,1382.0,-304.29,-14.0,1.58,기계·장비,-1.84,-0.51,37.24,-16.43,0.0,-0.5069329993463284,-0.3384097968461879,2026-05-12
462340,에셋플러스 글로벌다이나믹시니어액티브,2026-05-12,0.0,-1.0,-1.0,-31.0,-0.8198198203067932,0.1,-1.2751976876546904,-0.6702708576170864,-0.5825751377308349,-2.5280436830026116,2104,80.0,0.0,0.0,0.0,ETF(Active/수익증권),1.07,,,,,-0.3670820773428707,-0.3386540403232292,2026-05-12
Q520037,미래에셋 코스피200 선물 ETN,2026-05-12,0.0,-5.0,-5.0,-55.0,0.4521452130836845,0.3,-1.6797104838851784,1.2340868345860612,-1.853670104483158,-2.2992937537822753,2105,597.0,0.0,0.0,0.0,ETN(주식),-2.4,,,,,-0.34887522858978454,-0.33880177342935064,2026-05-12
Q500086,신한 코스닥 150 TR ETN,2026-05-12,0.0,0.0,0.0,0.0,-1.0,0.0,-0.4830458898729813,-0.25819888808049457,-1.032795358988683,-1.7740401369421588,2106,155.0,0.0,0.0,0.0,ETN(주식),-2.15,,,,,-0.3070688193313668,-0.34034103659351556,2026-05-12
271940,일진하이솔루스,2026-05-12,-79.0,-212.0,-291.0,435.0,-0.2420988033371556,0.5,-0.3327134130903965,-0.7053577725702385,0.0,-1.0380711856606348,2107,5984.0,-299.64,-55.0,1.9,운송장비·부품,-4.07,0.0,10.43,2.89,0.0,-0.4733247724518051,-0.34040782180126666,2026-05-12
387270,TIGER 글로벌이노베이션액티브,2026-05-12,0.0,89.0,89.0,-1127.0,-0.025309639255503003,0.4,-1.0739481153434542,-0.4328641201112852,-0.3185109982005232,-1.8253232336552627,2108,336.0,0.0,0.0,0.0,ETF(Active/수익증권),0.77,,,,,-0.3111505849023017,-0.34045034689676845,2026-05-12
461450,KODEX 코스닥글로벌,2026-05-12,23.0,-82.0,-59.0,372.0,-0.11919469235054703,0.7,-1.02662575746308,-0.48200357705613295,-1.842264491341933,-3.350893825861146,2109,329.0,0.0,0.0,0.0,ETF(실물복제/수익증권),-2.49,,,,,-0.43257502918133967,-0.34050811030420636,2026-05-12
009155,삼성전기우,2026-05-12,1395.0,863.0,2258.0,2514.0,-0.20070761122664693,0.6,1.0462248345379475,-1.1197295585787852,2.1602467244693027,2.086742000428465,2110,11177.0,0.0,0.0,0.0,전기·전자,2.12,,,,,-0.24716926677312887,-0.3406704865723061,2026-05-12
451670,RISE 국채30년레버리지(합성),2026-05-12,0.0,-5.0,-5.0,-6.0,-0.3899782137069788,0.2,0.6114978903794318,-1.0619144590875202,-0.70710673118655,-1.1575232998946383,2111,76.0,0.0,0.0,0.0,ETF(합성복제/수익증권),-4.08,,,,,-0.25799851428640524,-0.34071136727880247,2026-05-12
092220,KEC,2026-05-12,,,0.0,0.0,-1.0,0.0,-0.3702057336350492,-0.7366571980436775,-1.7577414010564452,-2.864604332735172,2112,3690.0,-13.92,-132.0,1.13,전기·전자,0.0,-7.87,37.77,-5.57,0.0,-0.3388929304382925,-0.34145287745663444,2026-05-12
470310,UNICORN 생성형AI강소기업액티브,2026-05-12,0.0,8.0,8.0,0.0,-0.4756554313007617,0.3,-0.574715532018921,-0.525234813914209,-1.6630854299891107,-2.7630357759222406,2113,44.0,0.0,0.0,0.0,ETF(Active/수익증권),-4.55,,,,,-0.38578575742068066,-0.3422034389600198,2026-05-12
Q550088,N2 월간 레버리지 선진국 1등주 ETN,2026-05-12,,,0.0,0.0,-1.0,0.1,-0.7869931580569237,-0.5600012295471368,-1.1832157816199491,-2.5302101692240093,2114,218.0,0.0,0.0,0.0,ETN(주식),0.0,,,,,-0.36725451406052595,-0.34325515863299355,2026-05-12
145995,삼양사우,2026-05-12,0.0,0.0,0.0,0.0,-1.0,0.0,0.0,0.0,0.0,0.0,2115,119.0,0.0,0.0,0.0,음식료·담배,-0.93,,,,,-0.3512881697022059,-0.3433971170028881,2026-05-12
483240,TIGER 미국나스닥100ETF선물,2026-05-12,-1.0,-9.0,-10.0,-73.0,0.010928961334318865,0.2,0.07967707458980976,-0.3722389818875408,-0.5997167985092579,-0.8922787058069889,2116,59.0,0.0,0.0,0.0,ETF(실물복제/수익증권),0.83,,,,,-0.2368869527502444,-0.3436491995966422,2026-05-12
379810,KODEX 미국나스닥100,2026-05-12,378.0,-21050.0,-20672.0,-186022.0,0.4744876513863072,0.0,-1.7154456876971422,-0.6155425279888743,0.0,-2.3309882156860167,2117,76400.0,0.0,0.0,0.0,ETF(실물복제/수익증권),0.81,,,,,-0.3513978797493223,-0.343679835562722,2026-05-12
009835,한화솔루션우,2026-05-12,31.0,0.0,31.0,645.0,-0.6888694128094273,0.7,0.5764484106880838,-1.077429803588267,2.0283700399198836,1.5273886470197005,2118,658.0,0.0,0.0,0.0,화학,-3.77,,,,,-0.27234900788277594,-0.34372498151677705,2026-05-12
Q570110,한투 3X레버리지국채30년 ETN,2026-05-12,0.0,0.0,0.0,0.0,-1.0,0.1,0.4853450267041243,-0.8279325066920635,-2.194690137850953,-2.537277617838892,2119,48.0,0.0,0.0,0.0,ETN(채권),-2.47,,,,,-0.3678170321274821,-0.3441493372139173,2026-05-12
Q520073,미래에셋 레버리지 미국 AI TOP3 ETN,2026-05-12,0.0,56.0,56.0,33.0,-0.07849829382986406,0.5,-0.5924039273649929,-0.31219445379230193,-1.308321297649657,-2.212919678806952,2120,420.0,0.0,0.0,0.0,ETN(주식),0.67,,,,,-0.3420004735915057,-0.34468753379154954,2026-05-12
009420,한올바이오파마,2026-05-12,24.0,1467.0,1491.0,6910.0,-0.3527144367591114,0.5,0.37312581717626486,-0.6138980437198673,-0.44922347869543505,-0.6899957052390375,2121,24370.0,-440.09,-106.0,14.65,제약,1.19,-3.37,39.3,11.69,0.0,-0.2409417848348464,-0.34534301725093,2026-05-12
456200,PLUS 미국달러SOFR금리액티브(합성),2026-05-12,0.0,0.0,0.0,3.0,-0.07407407921810694,0.2,-0.3079812565788898,-0.17011471430135644,-1.2950781927377648,-1.7731741636180112,2122,70.0,0.0,0.0,0.0,ETF,0.51,,,,,-0.3069998940845232,-0.34562142064011814,2026-05-12
000680,LS네트웍스,2026-05-12,223.0,52.0,275.0,1511.0,-0.583188607162501,0.7,1.143371347113384,-0.8302977864945795,1.2750710200258681,1.5881445806446726,2123,2979.0,-9.33,-405.0,0.33,유통,-4.55,-3.52,814.38,35.24,-26.17,-0.21985701908385713,-0.34569518073552097,2026-05-12
291680,RISE 차이나H선물인버스(H),2026-05-12,0.0,1.0,1.0,-15.0,-0.47368421329639887,0.1,-1.4704176560774496,-0.4630053540449794,-0.6614377840161507,-2.5948607941385795,2124,38.0,0.0,0.0,0.0,ETF(실물복제/수익증권),0.13,,,,,-0.372400238711126,-0.3459093542304893,2026-05-12
Q520081,미래에셋 2X 미국 테크&반도체 TOP3 ETN,2026-05-12,0.0,11.0,11.0,25.0,-0.45273631922477164,0.4,-0.09815265020791931,-0.39226319700577456,-0.7637625574926442,-1.254178404706338,2125,728.0,0.0,0.0,0.0,ETN(주식),1.89,,,,,-0.2656915652985664,-0.3460931480981982,2026-05-12
295020,RISE 국채선물10년인버스,2026-05-12,0.0,0.0,0.0,0.0,-1.0,0.0,-0.4598247300716752,-0.37006872777385136,-1.00699300271678,-1.8368864605623065,2126,243.0,0.0,0.0,0.0,ETF(실물복제/수익증권),0.83,,,,,-0.31207093457896273,-0.34652928213720946,2026-05-12
001067,JW중외제약2우B,2026-05-12,0.0,0.0,0.0,0.0,-1.0,0.0,0.0,0.0,0.0,0.0,2127,115.0,0.0,0.0,0.0,제약,-0.18,,,,,-0.29518731846471774,-0.3465603047234266,2026-05-12
000227,유유제약2우B,2026-05-12,0.0,0.0,0.0,0.0,-1.0,0.0,0.0,0.0,0.0,0.0,2128,35.0,0.0,0.0,0.0,제약,-0.28,,,,,-0.29518731846471774,-0.3465603047234266,2026-05-12
395170,KODEX Top10동일가중,2026-05-12,36.0,-182.0,-146.0,-396.0,0.1926605503371397,0.1,-0.39697174769508187,-0.12333039044358159,-1.370931023338422,-1.8912331614770854,2129,668.0,0.0,0.0,0.0,ETF(실물복제/수익증권),-1.82,,,,,-0.3163965410049717,-0.34674453575093434,2026-05-12
278540,KODEX MSCI Korea TR,2026-05-12,-236.0,-554.0,-790.0,-3553.0,0.606883179796246,0.2,-1.7083833544839304,-0.19056089649355545,-0.8304044917446056,-2.7293487427220917,2130,28454.0,0.0,0.0,0.0,ETF(실물복제/수익증권),-2.31,,,,,-0.3831045119203836,-0.34817948624827655,2026-05-12
004415,서울식품우,2026-05-12,,,0.0,0.0,-1.0,0.0,0.0,0.0,0.0,0.0,2131,27.0,0.0,0.0,0.0,음식료·담배,0.0,,,,,-0.3512881697022059,-0.3482283778330775,2026-05-12
Q700026,하나 CD금리투자 ETN,2026-05-12,,,0.0,0.0,-1.0,0.1,0.4348054456465205,-1.0236477334614575,-1.3228754805323188,-1.911717768347256,2132,12802.0,0.0,0.0,0.0,ETN(기타),0.0,,,,,-0.3180269683468416,-0.3483605039670812,2026-05-12
447620,SOL 미국TOP5채권혼합40 Solactive,2026-05-12,0.0,17.0,17.0,32.0,-0.27609427645988505,0.3,0.48966521085626363,-0.3221260582124522,-0.8819170647993094,-0.7143779121554981,2133,1129.0,0.0,0.0,0.0,ETF(실물복제/수익증권),-0.12,,,,,-0.22272732938289988,-0.3483910325677721,2026-05-12
017040,광명전기,2026-05-12,,,0.0,0.0,-1.0,0.0,0.0,0.0,-0.2581987897472093,-0.2581987897472093,2134,404.0,0.0,0.0,0.0,전기·전자,0.0,0.0,0.0,0.0,0.0,-0.3344555703791082,-0.35025545713824424,2026-05-12
395760,PLUS ESG성장주액티브,2026-05-12,0.0,-5.0,-5.0,-25.0,1.261904753826531,0.1,-1.4342635052960993,1.6826195299685611,-1.2356093183430856,-0.9872532936706238,2135,157.0,0.0,0.0,0.0,ETF(Active/수익증권),-1.51,,,,,-0.24444624670287468,-0.35060064969281635,2026-05-12
456250,KODEX 유럽명품TOP10 STOXX,2026-05-12,0.0,1.0,1.0,-2.0,-0.6706827310030483,0.3,0.3800921415812691,-0.940495509599039,-0.3771384396568962,-0.9375418076746662,2136,106.0,0.0,0.0,0.0,ETF(실물복제/수익증권),-2.08,,,,,-0.24048957003895427,-0.35162973267168374,2026-05-12
277540,ACE 아시아TOP50S&P,2026-05-12,4.0,-17.0,-13.0,-200.0,1.028112448577442,0.1,-2.1876994478169385,0.5240866724174805,-2.552524848753602,-4.21613762415306,2137,288.0,0.0,0.0,0.0,ETF(실물복제/수익증권),-0.57,,,,,-0.5014422110149687,-0.35238850978541636,2026-05-12
233740,KODEX 코스닥150레버리지,2026-05-12,1807.0,-5777.0,-3970.0,101742.0,-0.1959136369229133,0.7,-0.7813857845968899,-0.4279663875831028,-2.1539455108673407,-3.3632976830473336,2138,39135.0,0.0,0.0,0.0,ETF(실물복제/수익증권),-5.5,,,,,-0.4335622869807782,-0.353452881089503,2026-05-12
002220,한일철강,2026-05-12,-62.0,-1.0,-63.0,-399.0,-0.07449209937502865,0.3,-1.2490508648624725,-0.7308165185767851,-1.1832158691199284,-3.1630832525591863,2139,1256.0,-224.05,-21.0,0.69,금속,-2.59,-0.34,103.58,-4.59,376.65,-0.3735987206435421,-0.35388962016369097,2026-05-12
Q520077,미래에셋 -1.5X 천연가스 선물 ETN,2026-05-12,0.0,-3.0,-3.0,1.0,-0.6031746041194255,0.5,-1.5371019689503793,-1.1298387765809441,-2.1715865613857472,-4.8385273069170704,2140,341.0,0.0,0.0,0.0,ETN(원자재),-5.84,,,,,-0.5509799523300737,-0.3540234399747707,2026-05-12
404260,KODEX 기후변화솔루션,2026-05-12,0.0,-11.0,-11.0,-122.0,0.6820987646533492,0.3,-1.5321620544518257,0.10175041003472374,-0.971058767658557,-2.401470412075659,2141,256.0,0.0,0.0,0.0,ETF(실물복제/수익증권),-2.27,,,,,-0.3570077555373733,-0.3541803719933706,2026-05-12
000105,유한양행우,2026-05-12,16.0,12.0,28.0,414.0,0.15815691143734045,0.5,2.293300472319956,-0.7231657749626466,-0.19399588712547083,1.3761388102318386,2142,874.0,0.0,0.0,0.0,제약,3.06,,,,,-0.1856565690278101,-0.354808593883291,2026-05-12
004310,현대약품,2026-05-12,198.0,0.0,198.0,-164.0,-0.3755209335248665,0.3,1.3198781347988628,-1.2369574493659332,-1.1832158166199382,-1.1002951311870086,2143,2512.0,0.0,0.0,0.0,제약,0.51,0.0,0.0,0.0,0.0,-0.21542340283591835,-0.3548463572045295,2026-05-12
088980,맥쿼리인프라,2026-05-12,-2868.0,-632.0,-3500.0,-20504.0,-0.09549373678400952,0.2,-0.7335813969477174,-0.406666119516303,-1.8225169620945512,-2.9627644785585714,2144,53735.0,0.0,0.0,0.0,인프라투용,-0.09,,,,,-0.4016827253145903,-0.35626504406009135,2026-05-12
435540,KIWOOM TDF2040액티브,2026-05-12,0.0,-29.0,-29.0,-70.0,0.5686274494425221,0.1,-1.6438915675769636,0.7053004614065909,-1.9999998000000199,-2.9385909061703925,2145,92.0,0.0,0.0,0.0,ETF(Active/수익증권),0.63,,,,,-0.399758682855677,-0.35670951014063057,2026-05-12
463680,KODEX 미국S&P500테크놀로지,2026-05-12,0.0,-142.0,-142.0,-1091.0,-0.018298714217238055,0.2,-2.224646998969756,-0.649588643111862,-0.7064062869478721,-3.58064192902949,2146,854.0,0.0,0.0,0.0,ETF(실물복제/수익증권),2.01,,,,,-0.4508613253998855,-0.3570111037988164,2026-05-12
0080X0,SOL 미국S&P500미국채혼합50,2026-05-12,-8.0,-7.0,-15.0,-107.0,0.45922746718488083,0.3,-0.9250419496464168,0.6149048143723864,-2.3664316332398787,-2.676568768513909,2147,643.0,0.0,0.0,0.0,ETF(실물복제/수익증권),0.6,,,,,-0.37890360566928455,-0.35799275251475904,2026-05-12
456600,TIMEFOLIO 글로벌AI인공지능액티브,2026-05-12,7141.0,-7971.0,-830.0,-48909.0,-0.4124221788596666,0.0,0.8358766977141108,-1.768397530374938,-0.4830457748730098,-1.4155666075338371,2148,22660.0,0.0,0.0,0.0,ETF(Active/수익증권),1.95,,,,,-0.278536905226879,-0.3582162552167705,2026-05-12
461270,ACE 26-06 회사채(AA-이상)액티브,2026-05-12,0.0,119.0,119.0,119.0,-0.28547690269669546,0.5,-0.2004605650443774,-0.7065945320547901,-0.5997167985092577,-1.5067718956084253,2149,2041.0,0.0,0.0,0.0,ETF(Active/수익증권),0.0,,,,,-0.2857961900324109,-0.35859293614402254,2026-05-12
495750,HANARO 코리아밸류업,2026-05-12,1.0,39.0,40.0,-41.0,1.058165546717115,0.4,-0.6426529734142348,0.043953003644973475,-2.0283700399198836,-2.627070009689145,2150,817.0,0.0,0.0,0.0,ETF(실물복제/수익증권),-1.35,,,,,-0.374963860557845,-0.35866624136631226,2026-05-12
357250,미래에셋맵스리츠,2026-05-12,-26.0,19.0,-7.0,-7.0,-0.604519774123017,0.3,0.29946429261391583,-0.7834209264865581,-0.8819170259104265,-1.3658736597830687,2151,556.0,0.0,0.0,0.0,리츠,-3.26,0.0,0.0,0.0,0.0,-0.3115175346198771,-0.35895650452736755,2026-05-12
449680,TIGER 한중전기차(합성),2026-05-12,0.0,-7.0,-7.0,-5.0,0.3333333266666667,0.3,-1.0242575575392912,-0.3376662897346397,-0.07543908550999781,-1.4373629327839286,2152,129.0,0.0,0.0,0.0,ETF(합성복제/수익증권),-3.14,,,,,-0.28027173591536964,-0.3601652195304258,2026-05-12
024090,디씨엠,2026-05-12,-4.0,6.0,2.0,75.0,-0.6510764662989437,0.6,-0.20449318166485025,-1.0987340568203243,-0.7888105599688449,-2.0920377984540197,2153,1401.0,0.0,0.0,0.0,금속,0.0,0.0,0.0,0.0,0.0,-0.512822441098719,-0.36035351147056305,2026-05-12
253160,PLUS 200선물인버스2X,2026-05-12,0.0,-140.0,-140.0,-983.0,-0.05571293682193457,0.0,-1.5646477684407283,-0.3447182758929868,-2.291879476907414,-4.201245521241129,2154,21.0,0.0,0.0,0.0,ETF(실물복제/수익증권),2.18,,,,,-0.5002569067560468,-0.3616562290617835,2026-05-12
0047A0,TIGER 차이나테크TOP10,2026-05-12,-1243.0,3.0,-1240.0,3891.0,0.42037192927664835,0.7,-0.9542307518180219,0.856268359421058,-2.358285578599352,-2.4562479709963156,2155,2809.0,0.0,0.0,0.0,ETF(실물복제/수익증권),2.04,,,,,-0.36136765516108427,-0.36188319305885486,2026-05-12
Q530136,삼성 인버스 2X 천연가스 선물 ETN D,2026-05-12,0.0,-838.0,-838.0,-17.0,-0.563025966434053,0.5,-0.712862541561147,-0.7509554798895597,-2.0412412023193376,-3.5050592237700444,2156,1414.0,0.0,0.0,0.0,ETN(원자재),-7.28,,,,,-0.4448454857985438,-0.3619903986473128,2026-05-12
457930,BNK 미래전략기술액티브,2026-05-12,0.0,7.0,7.0,-41.0,0.7204301047519943,0.3,-0.9541530033587197,0.6250208214106221,-1.6782926208565618,-2.0074248028046595,2157,103.0,0.0,0.0,0.0,ETF(Active/수익증권),-2.31,,,,,-0.3256445597791603,-0.36278134085384744,2026-05-12
475260,ACE 2월만기자동연장회사채AA-이상액티브,2026-05-12,0.0,-1.0,-1.0,-10.0,-0.09090909297520666,0.4,-1.0437092146002256,-0.3317741932902623,-0.6324554320336925,-2.00793883992418,2158,503.0,0.0,0.0,0.0,ETF(Active/수익증권),0.09,,,,,-0.32568547343592286,-0.36289187402073453,2026-05-12
360750,TIGER 미국S&P500,2026-05-12,61.0,-22123.0,-22062.0,-131247.0,-0.18102605381785264,0.0,0.22782800067556297,-1.1843693473398234,-0.7245687498094828,-1.681110096473743,2159,176338.0,0.0,0.0,0.0,ETF(실물복제/수익증권),1.11,,,,,-0.29967225664304836,-0.36314444836025533,2026-05-12
007575,일양약품우,2026-05-12,0.0,0.0,0.0,0.0,-1.0,0.0,0.0,0.0,0.0,0.0,2160,42.0,0.0,0.0,0.0,제약,-2.97,,,,,-0.29518731846471774,-0.36380573387086534,2026-05-12
483420,ACE 애플밸류체인액티브,2026-05-12,19.0,-20.0,-1.0,-141.0,-0.6467565832408304,0.0,-0.00936998289504104,-0.27823904857733245,-2.049390013191929,-2.3369990446643025,2161,362.0,0.0,0.0,0.0,ETF(Active/수익증권),1.34,,,,,-0.3518762984944617,-0.3642853192304815,2026-05-12
495060,TIMEFOLIO 코리아밸류업액티브,2026-05-12,208.0,-1520.0,-1312.0,-13161.0,0.08766376505041973,0.2,-1.5278584037383505,-0.7474948199040432,-0.9206571771095716,-3.196010400751965,2162,2363.0,0.0,0.0,0.0,ETF(Active/수익증권),-2.53,,,,,-0.42024742276443633,-0.36471229656585447,2026-05-12
010955,S-Oil우,2026-05-12,868.0,415.0,1283.0,-99.0,0.9632265717238306,0.6,-0.6250319203697181,0.010101644285584419,0.4437059509199742,-0.17122432516415942,2163,2264.0,0.0,0.0,0.0,화학,7.24,,,,,-0.4075463807518743,-0.365667813395555,2026-05-12
220130,SOL 차이나강소기업CSI500(합성 H),2026-05-12,0.0,15.0,15.0,16.0,1.463768105229994,0.4,0.07666588967323117,2.49643100003499,-1.8880839953647646,0.6850128943434568,2164,60.0,0.0,0.0,0.0,ETF(합성복제/수익증권),-1.26,,,,,-0.11134588831655379,-0.365868848899823,2026-05-12
365000,TIGER 인터넷TOP10,2026-05-12,-66.0,483.0,417.0,412.0,0.1797640471197901,0.5,1.731988854331804,-0.4492996628280177,-1.0394061608600604,0.24328303064372592,2165,542.0,0.0,0.0,0.0,ETF(실물복제/수익증권),-0.72,,,,,-0.14650440768971462,-0.3667892250995367,2026-05-12
0018C0,PLUS 고배당주위클리고정커버드콜,2026-05-12,619.0,-1313.0,-694.0,-5767.0,-0.3109780439204274,0.1,-1.4405811596670737,-0.721835851337493,-1.9733860113001775,-4.135803022304744,2166,976.0,0.0,0.0,0.0,ETF(실물복제/수익증권),-1.58,,,,,-0.4950481546300031,-0.36700341580703977,2026-05-12
454910,두산로보틱스,2026-05-12,-22325.0,9847.0,-12478.0,150469.0,-0.5465473153307183,0.4,1.7617329779972581,-0.9591730469785896,-0.7992866096039823,0.00327332141468617,2167,65598.0,-118.22,-856.0,18.82,기계·장비,-3.07,-14.78,14.57,-29.58,0.0,-0.44496996083597445,-0.3672788348801166,2026-05-12
027970,한국제지,2026-05-12,-26.0,1.0,-25.0,-104.0,0.014492752993068514,0.1,-1.0584039068571403,0.06709007409201354,-2.1692290399143253,-3.1605428726794518,2168,1350.0,-4.03,-176.0,0.33,종이·목재,-0.7,-7.89,63.7,-4.85,-83.84,-0.44350391045459486,-0.3675594586571823,2026-05-12
003555,LG우,2026-05-12,645.0,4.0,649.0,-471.0,1.870309413899255,0.2,0.7882258788262928,2.2766722113254967,0.6324554320336895,3.697353522185479,2169,2222.0,0.0,0.0,0.0,금융,2.5,,,,,-0.09564213670702,-0.3684339575132259,2026-05-12
104520,KIWOOM 블루칩,2026-05-12,0.0,0.0,0.0,-4.0,-0.9376947041080735,0.5,-1.0794753292860184,-0.9685176806615781,-1.690660416222124,-3.73865342616972,2170,180.0,0.0,0.0,0.0,ETF(실물복제/수익증권),-1.66,,,,,-0.4634379038473036,-0.3709696070271431,2026-05-12
Q760013,키움 레버리지 반도체TOP10 ETN,2026-05-12,1.0,-448.0,-447.0,-443.0,-0.5146386538416114,0.4,-1.5218586268135468,-0.6333790780487539,-2.4202706411007844,-4.575508345963085,2171,12509.0,0.0,0.0,0.0,ETN(주식),-8.8,,,,,-0.5300455351802853,-0.37099535938739153,2026-05-12
005360,모나미,2026-05-12,-68.0,0.0,-68.0,-154.0,0.9459459448940832,0.2,-1.7367628238609754,0.6933228940487242,-1.6483943901072795,-2.691834319919531,2172,299.0,-2.83,-559.0,0.37,유통,-2.35,-12.24,117.76,-1.55,0.0,-0.34572211910368456,-0.3712881673369763,2026-05-12
138540,TIGER 현대차그룹+펀더멘털,2026-05-12,-210.0,-21362.0,-21572.0,-39711.0,4.764977401645519,0.3,-3.1988082046339246,2.715129440922845,-1.879157511660948,-2.3628362753720276,2173,8895.0,0.0,0.0,0.0,ETF(실물복제/수익증권),-1.42,,,,,-0.3539327561873558,-0.3716547951144513,2026-05-12
476800,KODEX 한국부동산리츠인프라,2026-05-12,-2039.0,-127.0,-2166.0,-7250.0,0.7476004941390519,0.4,-2.1963675489035537,0.09477679332667026,-1.9659064549701883,-4.067497210547072,2174,5380.0,0.0,0.0,0.0,ETF(실물복제/수익증권),-1.27,,,,,-0.4896115034018805,-0.3723684091630765,2026-05-12
228790,TIGER 화장품,2026-05-12,-236.0,3896.0,3660.0,2966.0,0.8558602877646555,0.6,0.4836074343755167,1.892321897586123,-1.0521526786242135,1.3237766533374262,2175,2906.0,0.0,0.0,0.0,ETF(실물복제/수익증권),-0.62,,,,,-0.0605048883276364,-0.3741305435388705,2026-05-12
252400,RISE 200선물레버리지,2026-05-12,25.0,-89.0,-64.0,-230.0,-0.3104806935409202,0.5,-2.457427529096729,-0.676850524569385,-1.3353217330211224,-4.469599786687237,2176,1343.0,0.0,0.0,0.0,ETF(실물복제/수익증권),-4.68,,,,,-0.5216159757615574,-0.37420582080834375,2026-05-12
487240,KODEX AI전력핵심설비,2026-05-12,922.0,50472.0,51394.0,-409794.0,-0.2909517918930892,0.1,-0.43076554414021856,-1.389994988572448,0.0,-1.8207605327126666,2177,49711.0,0.0,0.0,0.0,ETF(실물복제/수익증권),-4.44,,,,,-0.3107874267310597,-0.37479715533500213,2026-05-12
021050,서원,2026-05-12,114.0,100.0,214.0,210.0,0.3654379705886581,0.5,1.1781599397115141,0.2817945481256507,-0.7337993318591919,0.726155155977973,2178,743.0,-13.15,-119.0,0.51,금속,-1.39,-3.78,216.02,39.37,92.87,-0.20201622617117201,-0.3750803707565902,2026-05-12
363580,KODEX 200IT TR,2026-05-12,92.0,193.0,285.0,-5833.0,-0.06643388772336256,0.2,-0.5453148702607074,-0.7444051672986689,-0.6591529891892778,-1.948873026748654,2179,1808.0,0.0,0.0,0.0,ETF(실물복제/수익증권),-1.29,,,,,-0.32098425962296034,-0.3751726732617384,2026-05-12
0085N0,ACE 미국10년국채액티브(H),2026-05-12,0.0,191.0,191.0,-329.0,-0.14396887166194805,0.2,-0.23136039946524437,-0.5563853560440994,-1.4043955623812674,-2.192141317890611,2180,1192.0,0.0,0.0,0.0,ETF(Active/수익증권),-0.25,,,,,-0.34034666554080917,-0.37591406265228344,2026-05-12
225040,TIGER 미국S&P500레버리지(합성 H),2026-05-12,0.0,261.0,261.0,589.0,-0.2075264387086584,0.7,-0.8344028128933573,-0.3623015511309087,-1.1097814487526374,-2.306485812776903,2181,599.0,0.0,0.0,0.0,ETF(합성복제/수익증권),0.03,,,,,-0.349447664746529,-0.37594550729325726,2026-05-12
471040,KoAct 글로벌AI&로봇액티브,2026-05-12,71.0,-803.0,-732.0,-4372.0,-0.08075236884343451,0.0,-0.9835987617681287,-1.0091043826785089,-1.0690826148987875,-3.061785759345425,2182,2704.0,0.0,0.0,0.0,ETF(Active/수익증권),2.92,,,,,-0.40956410691225004,-0.37596744333858045,2026-05-12
300610,TIGER K게임,2026-05-12,6.0,-103.0,-97.0,-192.0,0.2137203163024486,0.4,-1.496507483900552,0.18390815555751996,-1.7608419539509428,-3.0734412822939747,2183,145.0,0.0,0.0,0.0,ETF(실물복제/수익증권),-2.45,,,,,-0.4104918026898429,-0.37610893526540234,2026-05-12
005725,넥센우,2026-05-12,0.0,0.0,0.0,0.0,-1.0,0.0,0.0,0.0,0.0,0.0,2184,162.0,0.0,0.0,0.0,화학,-3.63,,,,,-0.3939181562460197,-0.37611034827231965,2026-05-12
152500,ACE 레버리지,2026-05-12,82.0,-1631.0,-1549.0,-2780.0,0.231406514757458,0.3,-2.739960602920626,0.054489896656976705,-1.7748237599299044,-4.460294466193553,2185,924.0,0.0,0.0,0.0,ETF(실물복제/수익증권),-4.74,,,,,-0.5208753391921607,-0.37652915118780483,2026-05-12
442580,PLUS 글로벌HBM반도체,2026-05-12,401.0,-15302.0,-14901.0,-73055.0,4.844222737279797,0.0,-2.584456999021633,1.5448135582339855,-1.4008809518249237,-2.440524392612571,2186,6618.0,0.0,0.0,0.0,ETF(실물복제/수익증권),-1.48,,,,,-0.3601161714361893,-0.3767019745990091,2026-05-12
457700,KODEX 53-09 국고채액티브,2026-05-12,0.0,-4.0,-4.0,-7.0,-0.6347031968474386,0.3,-1.2554070108595266,-0.6957606279532733,-1.0690826148987853,-3.020250253711585,2187,132.0,0.0,0.0,0.0,ETF(Active/수익증권),-1.92,,,,,-0.40625817946765674,-0.3775271846780224,2026-05-12
485810,TIMEFOLIO 글로벌안티에이징바이오액티브,2026-05-12,0.0,-64.0,-64.0,-74.0,0.003898635184045096,0.3,-1.1737832856659456,-0.2751232990166381,-1.4808375387212944,-2.929744123403878,2188,106.0,0.0,0.0,0.0,ETF(Active/수익증권),0.5,,,,,-0.39905454259067086,-0.3777441021807151,2026-05-12
0020H0,KoAct 글로벌양자컴퓨팅액티브,2026-05-12,-17.0,-229.0,-246.0,-563.0,0.0013386880052472794,0.3,-1.1451499750650818,-0.06487737383655252,-1.572282175434019,-2.7823095243356533,2189,515.0,0.0,0.0,0.0,ETF(Active/수익증권),3.21,,,,,-0.3873198091402335,-0.37776039542509493,2026-05-12
491700,HK 200,2026-05-12,1.0,-2.0,-1.0,-32.0,-0.154228856983738,0.1,-0.5821529613908875,-0.4628551436703818,-1.4757294969674708,-2.52073760202874,2190,1019.0,0.0,0.0,0.0,ETF(실물복제/수익증권),-2.01,,,,,-0.3665005658568455,-0.37799612497022433,2026-05-12
352820,하이브,2026-05-12,-4257.0,4087.0,-170.0,-104786.0,-0.6697438210637299,0.1,0.9939811756810895,-1.2516363829797652,-0.4830457748730083,-0.7407009821716841,2191,99782.0,-40.81,-5673.0,3.02,오락·문화,-4.14,-7.33,54.46,17.48,-73.2,-0.390633919262224,-0.37812778653795664,2026-05-12
463290,1Q 단기금융채액티브,2026-05-12,0.0,-146.0,-146.0,-325.0,-0.24416135890732538,0.4,-1.652288590417481,-0.34328329821571507,-1.3262632314192673,-3.321835120052463,2192,2447.0,0.0,0.0,0.0,ETF(Active/수익증권),0.01,,,,,-0.43026216524550204,-0.37850901742964305,2026-05-12
261140,TIGER 우선주,2026-05-12,-8.0,77.0,69.0,-66.0,0.7452951790349085,0.6,-0.930534223997602,0.7256113176055752,-1.8484990197969087,-2.0534219261889355,2193,456.0,0.0,0.0,0.0,ETF(실물복제/수익증권),-3.11,,,,,-0.32930559990008595,-0.3790418049157165,2026-05-12
035720,카카오,2026-05-12,6645.0,-3605.0,3040.0,-136806.0,-0.407554532138531,0.2,-1.1626079000903882,-1.4294259734494967,-0.35675301279421806,-2.9487868863341027,2194,192975.0,39.23,1110.0,1.7,IT 서비스,-2.57,4.59,82.49,2.99,47.8,-0.43459949629192207,-0.3791526267007533,2026-05-12
479850,HANARO K-뷰티,2026-05-12,-40.0,120.0,80.0,-294.0,-0.4299876084474602,0.5,-0.6863534445657467,-0.756300981410374,-1.293106937973685,-2.7357613639498055,2195,291.0,0.0,0.0,0.0,ETF(실물복제/수익증권),-2.72,,,,,-0.38361491043810886,-0.3795925022915194,2026-05-12
133690,TIGER 미국나스닥100,2026-05-12,25.0,-16557.0,-16532.0,-98630.0,0.2805378332366242,0.0,-1.1579140987097678,-0.6857065819772413,-0.7337993318591928,-2.577420012546202,2196,100869.0,0.0,0.0,0.0,ETF(실물복제/수익증권),0.82,,,,,-0.37101207796427754,-0.37980558160832645,2026-05-12
091230,TIGER 반도체,2026-05-12,2392.0,-5908.0,-3516.0,-13072.0,0.4826166785056152,0.2,-1.5292150032182856,1.2595351166195892,-1.7303604259237395,-2.0000403125224357,2197,14284.0,0.0,0.0,0.0,ETF(실물복제/수익증권),-2.24,,,,,-0.325056807476262,-0.38031700285560566,2026-05-12
325010,KODEX 성장주,2026-05-12,-14.0,-149.0,-163.0,-413.0,1.0105820101260963,0.0,-2.2404090292112753,1.5573888334510397,-1.3358680954152355,-2.018888291175471,2198,1884.0,0.0,0.0,0.0,ETF(실물복제/수익증권),-2.17,,,,,-0.32655697098585007,-0.3811664616612299,2026-05-12
416090,ACE 중국과창판STAR50,2026-05-12,-20.0,22.0,2.0,-305.0,1.3464249741148766,0.6,-1.831760384478077,1.1934647542013666,-2.097006224841952,-2.7353018551186628,2199,174.0,0.0,0.0,0.0,ETF(실물복제/수익증권),1.79,,,,,-0.38357833684082804,-0.3813009837668493,2026-05-12
Q520038,미래에셋 인버스 코스피200 선물 ETN,2026-05-12,0.0,29.0,29.0,-1319.0,0.3591135232004219,0.1,-1.4168931429730376,-0.42295770005512445,-1.3501542027933124,-3.190005045821475,2200,57.0,0.0,0.0,0.0,ETN(주식),2.72,,,,,-0.41976943971412145,-0.3815348577853872,2026-05-12
367380,ACE 미국나스닥100,2026-05-12,122.0,-2981.0,-2859.0,-16822.0,0.1832756017368884,0.0,-0.8334040382699635,-0.8193307059558536,-0.706406286947872,-2.359141031173689,2201,33106.0,0.0,0.0,0.0,ETF(실물복제/수익증권),0.84,,,,,-0.3536386413325265,-0.38155346755133285,2026-05-12
006405,삼성SDI우,2026-05-12,2810.0,112.0,2922.0,4447.0,-0.08911449521100323,0.7,1.1392406351190594,-0.8899990315935112,2.250925535484569,2.5001671390101174,2202,5153.0,0.0,0.0,0.0,전기·전자,-5.49,,,,,-0.21426359989692398,-0.3824100093649884,2026-05-12
433980,KODEX TDF2040액티브,2026-05-12,0.0,139.0,139.0,-748.0,-0.02263374493138115,0.1,-0.7011796599120024,-1.1201083225704833,-0.44922347869543305,-2.270511461177919,2203,1497.0,0.0,0.0,0.0,ETF(Active/수익증권),0.64,,,,,-0.34658436515651186,-0.38322074591823063,2026-05-12
001045,CJ우,2026-05-12,-195.0,-98.0,-293.0,-231.0,2.1372549016532103,0.2,-0.6201493589977759,1.3617990534230238,-1.8847023220089214,-1.1430526275836734,2204,1937.0,0.0,0.0,0.0,금융,-3.6,,,,,-0.48090364464597085,-0.3836447830699165,2026-05-12
487230,KODEX 미국AI전력핵심인프라,2026-05-12,4568.0,-25861.0,-21293.0,-80931.0,0.9069763992087132,0.0,-2.1685867400031835,-0.13413591067800754,-0.6396345221731091,-2.9423571728543,2205,20644.0,0.0,0.0,0.0,ETF(실물복제/수익증권),4.79,,,,,-0.4000584505894263,-0.3838418096260601,2026-05-12
005500,삼진제약,2026-05-12,-117.0,-40.0,-157.0,-518.0,0.23590982271708016,0.2,-1.3453742065581988,0.44075447556811315,-1.538023641441646,-2.4426433724317316,2206,2376.0,0.0,0.0,0.0,제약,-1.27,0.0,0.0,0.0,0.0,-0.3222646660687164,-0.3842226881075369,2026-05-12
005745,크라운해태홀딩스우,2026-05-12,0.0,0.0,0.0,0.0,-1.0,0.0,0.0,0.0,0.0,0.0,2207,44.0,0.0,0.0,0.0,금융,1.39,,,,,-0.38992487854026536,-0.38570282513105125,2026-05-12
000325,노루홀딩스우,2026-05-12,0.0,0.0,0.0,0.0,-1.0,0.0,0.0,0.0,0.0,0.0,2208,72.0,0.0,0.0,0.0,금융,1.2,,,,,-0.38992487854026536,-0.38570282513105125,2026-05-12
480040,ACE 미국반도체데일리타겟커버드콜(합성),2026-05-12,16.0,-659.0,-643.0,-5631.0,0.043639740008879935,0.0,-0.6947616260280214,-0.7240681671952324,-1.3178654703937556,-2.736695263617009,2209,1626.0,0.0,0.0,0.0,ETF(합성복제/수익증권),1.3,,,,,-0.3836892421332018,-0.3862123219742493,2026-05-12
0069M0,1Q 미국나스닥100,2026-05-12,10.0,-808.0,-798.0,-3455.0,0.40517876364544425,0.0,-0.7605573772323775,-0.44293497277740795,-0.956382032289564,-2.1598743822993494,2210,1568.0,0.0,0.0,0.0,ETF(실물복제/수익증권),0.77,,,,,-0.33777844959408504,-0.3890506975306684,2026-05-12
011155,CJ씨푸드1우,2026-05-12,0.0,0.0,0.0,0.0,-1.0,0.0,0.46056618010820194,-0.6312778190897615,-1.3662598221280036,-1.5369714611095633,2211,26.0,0.0,0.0,0.0,음식료·담배,-0.98,,,,,-0.4736200411288305,-0.38920716610836914,2026-05-12
097955,CJ제일제당 우,2026-05-12,171.0,-131.0,40.0,-17.0,0.7998163447750735,0.5,-0.7996460199087493,0.9787877101120764,0.449223478695434,0.6283651688987612,2212,1760.0,0.0,0.0,0.0,음식료·담배,-1.41,,,,,-0.3012748226780526,-0.3892495851093417,2026-05-12
014825,동원시스템즈우,2026-05-12,0.0,0.0,0.0,0.0,-1.0,0.0,0.0,0.0,0.0,0.0,2213,43.0,0.0,0.0,0.0,화학,-0.55,,,,,-0.3939181562460197,-0.39092590518923687,2026-05-12
090355,노루페인트우,2026-05-12,0.0,0.0,0.0,0.0,-1.0,0.0,0.0,0.0,0.0,0.0,2214,58.0,0.0,0.0,0.0,화학,-4.05,,,,,-0.3939181562460197,-0.39092590518923687,2026-05-12
491820,HANARO 전력설비투자,2026-05-12,-116.0,2541.0,2425.0,-12009.0,-0.33559539180853903,0.1,-0.014425561564682554,-1.3541391376939482,-0.3006361090109381,-1.6692008082695688,2215,2796.0,0.0,0.0,0.0,ETF(실물복제/수익증권),-4.77,,,,,-0.29872436297667937,-0.3921252432874682,2026-05-12
214980,KODEX 단기채권PLUS,2026-05-12,0.0,-1265.0,-1265.0,-5581.0,0.6119865667577888,0.1,-1.3066370380267345,0.11846889845247893,-1.4142134623731017,-2.602381601947357,2216,21493.0,0.0,0.0,0.0,ETF(실물복제/수익증권),0.0,,,,,-0.37299884090847807,-0.39269267996953183,2026-05-12
011170,롯데케미칼,2026-05-12,-20834.0,-34239.0,-55073.0,-74025.0,1.077981598151045,0.4,-2.1789531606409374,-0.038333924730814,-1.9126065300388015,-4.129893615410553,2217,38113.0,-1.87,-47624.0,0.3,화학,-16.34,-15.13,76.52,-7.1,0.0,-0.4952583749915908,-0.393164285571298,2026-05-12
290080,RISE 200고배당커버드콜ATM,2026-05-12,73.0,-194.0,-121.0,-1102.0,-0.5905621096744926,0.3,-1.2759929173713351,-0.7585014672494582,-1.5407367823765563,-3.5752311669973498,2218,118.0,0.0,0.0,0.0,ETF(실물복제/수익증권),-1.83,,,,,-0.4504306676668148,-0.3933831556926373,2026-05-12
292150,TIGER TOP10,2026-05-12,-1114.0,-6628.0,-7742.0,-36989.0,1.083441530333932,0.5,-2.8319327836828436,1.606466230410664,-2.4853373541322243,-3.710803907404404,2219,25322.0,0.0,0.0,0.0,ETF(실물복제/수익증권),-0.76,,,,,-0.46122128250130107,-0.3948866938567783,2026-05-12
495040,PLUS 코리아밸류업,2026-05-12,119.0,-598.0,-479.0,-510.0,1.5413533830764883,0.3,-2.5191426666214847,1.7179444787039848,-1.4675986637183858,-2.2687968516358854,2220,958.0,0.0,0.0,0.0,ETF(실물복제/수익증권),-1.73,,,,,-0.346447894571761,-0.39500761002834794,2026-05-12
275300,KODEX 우량주,2026-05-12,14.0,-129.0,-115.0,-770.0,0.12522045843472096,0.2,-2.6939393772765334,-0.5604461886609553,-1.2808815218033882,-4.535267087740877,2221,515.0,0.0,0.0,0.0,ETF(실물복제/수익증권),-2.25,,,,,-0.5268426205189221,-0.39539589986239787,2026-05-12
006280,녹십자,2026-05-12,-821.0,16.0,-805.0,-11790.0,0.20084790672480501,0.0,-0.28893180207304114,-0.46626724515404894,-1.3101744513293232,-2.065373498556413,2222,16046.0,-343.25,-400.0,1.29,제약,2.31,-0.38,113.09,18.54,115.37,-0.3834644294799878,-0.39553969282928064,2026-05-12
227540,TIGER 200 헬스케어,2026-05-12,80.0,-213.0,-133.0,-814.0,-0.22998986833454982,0.2,-1.2972985890285165,-1.1382257904921358,-1.8422644913419337,-4.277788870862586,2223,302.0,0.0,0.0,0.0,ETF(실물복제/수익증권),1.59,,,,,-0.5063492067377885,-0.39588342024355444,2026-05-12
480310,TIGER 글로벌온디바이스AI,2026-05-12,-15.0,-81.0,-96.0,-1348.0,0.34561403501689747,0.1,-1.199849704977135,-0.27439466129125,-1.1635924086208045,-2.6378367748891893,2224,756.0,0.0,0.0,0.0,ETF(실물복제/수익증권),1.01,,,,,-0.37582081761232516,-0.3959664253150994,2026-05-12
122090,PLUS 코스피50,2026-05-12,272.0,-2490.0,-2218.0,-10754.0,1.8212736817756072,0.2,-2.4230191285682565,0.3175458603105829,-1.2198566206050712,-3.325329888862745,2225,1297.0,0.0,0.0,0.0,ETF(실물복제/수익증권),-2.67,,,,,-0.4305403237016497,-0.3960200679041567,2026-05-12
373220,LG에너지솔루션,2026-05-12,29675.0,-36823.0,-7148.0,73183.0,-0.8216713361942211,0.6,-0.25853457179309536,-1.2096833081441027,0.2958039454049876,-1.1724139345322104,2226,1036620.0,-96.62,-4585.0,5.13,전기·전자,-5.34,-5.19,129.0,-7.6,0.0,-0.4361438800305908,-0.396252452500377,2026-05-12
426030,TIMEFOLIO 미국나스닥100액티브,2026-05-12,505.0,-10323.0,-9818.0,-59260.0,0.02198051212211416,0.0,-1.569025239795176,-0.8167552076968194,-0.4830457748730098,-2.8688262223650054,2227,19139.0,0.0,0.0,0.0,ETF(Active/수익증권),3.4,,,,,-0.3942059159075915,-0.39686969440140474,2026-05-12
181710,NHN,2026-05-12,-1633.0,-1096.0,-2729.0,-3787.0,3.32819777841891,0.3,-1.63781115406635,2.220464195109131,-2.2332968097955406,-1.6506437687527598,2228,12397.0,39.68,954.0,0.8,IT 서비스,-3.57,2.2,117.49,2.45,0.0,-0.2977933924067688,-0.39693312032950895,2026-05-12
000040,KR모터스,2026-05-12,2.0,1.0,3.0,13.0,-0.7916666669270833,0.7,0.9589651646124955,-1.1392509232508952,0.9312946269650093,0.7510088683266096,2229,348.0,-14.93,-27.0,0.8,운송장비·부품,3.33,-4.97,115.69,-13.76,0.0,-0.44149844573084357,-0.39699337065879337,2026-05-12
00806K,대덕1우,2026-05-12,2.0,-4.0,-2.0,34.0,-0.4320987658527664,0.5,0.33320787664418466,-1.4474373862751482,-1.6384882612863028,-2.7527177709172665,2230,150.0,0.0,0.0,0.0,금융,-0.4,,,,,-0.6090214102237712,-0.39727914449935703,2026-05-12
002020,코오롱,2026-05-12,207.0,-1536.0,-1329.0,7120.0,0.36166522115431254,0.7,0.4088731623498371,-0.23205576249035387,1.0791614269049958,1.2559788267644791,2231,10171.0,-6.82,-11553.0,0.59,금융,-2.23,-8.92,207.31,-0.57,0.0,-0.49492084740235603,-0.3979281260790934,2026-05-12
F74601669,KCGI베트남증권투자신탁,2026-05-12,2.0,0.0,2.0,2.0,-0.4871794911242604,0.2,-0.6896648758835567,0.07206629033486736,-0.8366599565340807,-1.45425854208277,2232,682.0,0.0,0.0,0.0,수익증권,1.66,,,,,-0.28161650486958834,-0.39803051622655894,2026-05-12
415760,SOL 차이나육성산업액티브(합성),2026-05-12,-414.0,450.0,36.0,-241.0,0.5740740735882488,0.3,-1.6257243259337844,0.3000561107634856,-1.585694657216295,-2.9113628723865936,2233,323.0,0.0,0.0,0.0,ETF,0.55,,,,,-0.3975915272432788,-0.3986893915916996,2026-05-12
469150,ACE AI반도체포커스,2026-05-12,3623.0,-5645.0,-2022.0,-38466.0,0.5873584047333185,0.1,-1.8524648776055463,-0.4504667500682355,-1.8389492512476922,-4.141880878921474,2234,8975.0,0.0,0.0,0.0,ETF(실물복제/수익증권),-3.08,,,,,-0.49553190829296995,-0.3994414444625114,2026-05-12
266370,KODEX IT,2026-05-12,940.0,-1347.0,-407.0,-2108.0,0.4810264809658331,0.1,-1.7492142782602644,-0.38024318107829896,-0.954237378934718,-3.0836948382732814,2235,1002.0,0.0,0.0,0.0,ETF(실물복제/수익증권),-1.66,,,,,-0.41130791198234773,-0.4005842334311137,2026-05-12
479620,SOL 미국AI반도체칩메이커,2026-05-12,61.0,-154.0,-93.0,-7855.0,0.4422951673690019,0.0,-1.4042455986563664,-0.5840204762487075,-1.03279550184579,-3.021061576750864,2236,793.0,0.0,0.0,0.0,ETF(실물복제/수익증권),0.16,,,,,-0.40632275494497555,-0.4006870206557086,2026-05-12
417450,RISE 글로벌수소경제,2026-05-12,-12.0,4.0,-8.0,-448.0,-0.1803278689364417,0.3,-1.135467183594366,-0.5540494090639022,-1.7638340518208506,-3.4533506444791184,2237,195.0,0.0,0.0,0.0,ETF(실물복제/수익증권),6.25,,,,,-0.44072985487530963,-0.4011935124903142,2026-05-12
487130,KoAct AI인프라액티브,2026-05-12,64.0,-698.0,-634.0,-4811.0,0.5851770918476029,0.1,-1.0955013760068788,-0.5148355211628619,-0.9451079802365645,-2.5554448774063054,2238,543.0,0.0,0.0,0.0,ETF(Active/수익증권),-3.26,,,,,-0.36926301529490574,-0.4024741854574727,2026-05-12
283580,KODEX 차이나CSI300,2026-05-12,-44.0,-307.0,-351.0,-1459.0,-0.3302961275778976,0.1,-0.038693086733069336,-0.9345766997083725,-1.549193138482995,-2.5224629249244366,2239,3058.0,0.0,0.0,0.0,ETF(실물복제/수익증권),0.93,,,,,-0.36663788914747664,-0.4033146322155491,2026-05-12
Q500071,신한 레버리지 코스닥 150 선물 ETN,2026-05-12,0.0,-2.0,-2.0,-4.0,-0.9056603774474902,0.2,-0.44568689827661595,-0.7687894700355822,-2.133198772109687,-3.3476751404218854,2240,1384.0,0.0,0.0,0.0,ETN(주식),-4.78,,,,,-0.4323188449753986,-0.4033397997926365,2026-05-12
Q500036,신한 인버스 2X 미국달러 선물 ETN,2026-05-12,0.0,0.0,0.0,12.0,-0.929078014335295,0.3,-0.7283765076188196,-1.1210202887430107,-1.6906605183054417,-3.540057314667272,2241,71.0,0.0,0.0,0.0,ETN(통화),-1.26,,,,,-0.4476310820598603,-0.40355873723141783,2026-05-12
287180,PLUS 미국나스닥테크,2026-05-12,-1.0,-11.0,-12.0,8.0,-0.267759563081609,0.4,-0.338008853816174,-0.9133540926550305,-2.197400876579873,-3.4487638230510775,2242,417.0,0.0,0.0,0.0,ETF(실물복제/수익증권),1.31,,,,,-0.44036477688694736,-0.40504716242710315,2026-05-12
024900,디와이덕양,2026-05-12,-5.0,1.0,-4.0,29.0,-0.6171171172464694,0.6,-1.2895814348395798,-0.8587296966241558,-1.9321830994920302,-4.0804942309557655,2243,713.0,57.63,38.0,0.59,운송장비·부품,0.23,1.1,414.38,-7.71,-61.07,-0.6051121634673979,-0.4061906515809447,2026-05-12
000157,두산2우B,2026-05-12,57.0,0.0,57.0,382.0,-0.6780843641129994,1.0,-1.4979783440669752,-1.4201234976335653,1.3262631811628673,-1.591838660537673,2244,4992.0,0.0,0.0,0.0,전기·전자,-6.83,,,,,-0.539957823904118,-0.40636235960435896,2026-05-12
Q500023,신한 콩 선물 ETN(H),2026-05-12,,,0.0,0.0,-1.0,0.0,-0.4952892369604948,-0.7016738835804187,-1.842264491341934,-3.0392276118828474,2245,272.0,0.0,0.0,0.0,ETN(원자재),0.0,,,,,-0.40776864065614754,-0.40675178064371587,2026-05-12
003580,HLB글로벌,2026-05-12,-33.0,-2.0,-35.0,-66.0,-0.40196078448961947,0.5,-0.9011260865537147,-0.523376861713877,-0.5428966403464367,-1.9673995886140285,2246,1012.0,-13.31,-150.0,1.37,유통,0.1,-9.09,55.43,7.9,0.0,-0.433581542614011,-0.4069196276290674,2026-05-12
0038A0,KODEX 미국휴머노이드로봇,2026-05-12,58.0,-861.0,-803.0,-1431.0,0.6281179137878972,0.2,-1.1645145861735207,0.9398436333405263,-1.8523963654599236,-2.077067318292918,2247,3276.0,0.0,0.0,0.0,ETF(실물복제/수익증권),1.39,,,,,-0.33118760300807354,-0.40796296840697693,2026-05-12
014915,성문전자우,2026-05-12,-1.0,0.0,-1.0,-1.0,5.0,0.0,-3.6147843164602618,3.614784433126923,0.0,1.1666666122067681e-07,2248,35.0,0.0,0.0,0.0,전기·전자,30.0,,,,,-0.41325890882843047,-0.40997119447724467,2026-05-12
396520,TIGER 차이나반도체FACTSET,2026-05-12,-299.0,-2569.0,-2868.0,-10061.0,2.638650488256309,0.3,-2.590987095695382,1.1755936038591395,-2.257571388519243,-3.6729648803554857,2249,3104.0,0.0,0.0,0.0,ETF(실물복제/수익증권),1.11,,,,,-0.4582095681598291,-0.41091931540741783,2026-05-12
364970,TIGER 바이오TOP10,2026-05-12,1230.0,-2150.0,-920.0,-13521.0,0.3797059130181475,0.0,-1.2827241414648287,-0.43350671852381895,-1.0801233797346477,-2.7963542397232954,2250,2957.0,0.0,0.0,0.0,ETF(실물복제/수익증권),1.79,,,,,-0.3884376674482754,-0.4113449524118388,2026-05-12
002025,코오롱우,2026-05-12,-12.0,-2.0,-14.0,-27.0,-0.22824302172664557,0.4,-0.7117859454446431,-0.613650082618057,0.4711755805022305,-0.8542604475604695,2251,379.0,0.0,0.0,0.0,금융,-0.46,,,,,-0.4579178646692177,-0.4113635654871164,2026-05-12
448730,삼성FN리츠,2026-05-12,-18.0,-72.0,-90.0,-704.0,-0.11687789182557562,0.3,-0.5871017286186894,0.5461989221029439,-1.822517037584738,-1.8634198441004834,2252,5071.0,0.0,0.0,0.0,리츠,-3.13,0.0,0.0,0.0,0.0,-0.35111863157504475,-0.41153977854855156,2026-05-12
Q500067,신한 레버리지 10년 국채선물 ETN,2026-05-12,0.0,0.0,0.0,0.0,-1.0,0.0,-0.745027568561519,-0.496685575798743,-1.3768376560293052,-2.618550800389567,2253,69.0,0.0,0.0,0.0,ETN(채권),-0.85,,,,,-0.37428579278426377,-0.41184605262867935,2026-05-12
001020,페이퍼코리아,2026-05-12,,,0.0,0.0,-1.0,0.2,-0.6795066880774683,-0.8552997037148027,-2.028370039919883,-3.5631764317121544,2254,1200.0,-6.18,-109.0,0.45,종이·목재,0.0,-7.06,77.91,-8.1,0.0,-0.5284815611430863,-0.4131890776757979,2026-05-12
017860,DS단석,2026-05-12,1027.0,-103.0,924.0,532.0,-0.4407320450354518,0.8,-0.14481099528819505,-0.46830942951826504,2.337630203380759,1.724509778574299,2255,3685.0,-30.65,-677.0,1.36,화학,-3.71,-4.37,180.8,-0.71,-34.51,-0.33470654766106095,-0.41499502506123986,2026-05-12
002410,범양건영,2026-05-12,,,0.0,0.0,-1.0,0.0,0.0,0.0,0.0,0.0,2256,532.0,-0.61,-3184.0,-0.76,건설,0.0,0.0,0.0,-29.12,0.0,-0.421585502854039,-0.4158199988405765,2026-05-12
007280,한국특강,2026-05-12,-22.0,-2.0,-24.0,-344.0,1.864864863316289,0.0,-1.9494744468640723,0.5906149250760734,-0.7071067311865515,-2.06596625297455,2257,791.0,-54.17,-48.0,0.71,금속,-5.11,-1.3,148.0,-7.42,-77.57,-0.47942632618572395,-0.4165319011302089,2026-05-12
Q570051,한투 나스닥 100 ETN,2026-05-12,0.0,-2.0,-2.0,-7.0,-0.5061728413351624,0.2,-1.2099912650185662,-0.826797777292827,-1.2740439928020935,-3.310833035113487,2258,1634.0,0.0,0.0,0.0,ETN(주식),0.68,,,,,-0.4293864784326786,-0.41701415320746876,2026-05-12
253240,KIWOOM 200선물인버스,2026-05-12,-21.0,-1.0,-22.0,-207.0,-0.7027600850203524,0.1,-0.9984812895032166,-0.8831715062452145,-1.894502052112287,-3.776154847860718,2259,15.0,0.0,0.0,0.0,ETF(실물복제/수익증권),2.33,,,,,-0.46642274723099714,-0.4185837714785355,2026-05-12
488080,TIGER 반도체TOP10레버리지,2026-05-12,-4330.0,-30109.0,-34439.0,-16756.0,-0.0441028524497421,0.4,-1.8634542260871727,-0.12953393118245812,-1.6865479965342522,-3.679536153803883,2260,23425.0,0.0,0.0,0.0,ETF(실물복제/수익증권),-5.79,,,,,-0.45873259425298646,-0.4195337583681697,2026-05-12
310970,TIGER MSCI Korea TR,2026-05-12,-258.0,-106.0,-364.0,-2709.0,-0.17226406135072403,0.1,-0.9832995513083718,-1.0708432308089781,-0.9651404011004815,-3.0192831832178317,2261,56861.0,0.0,0.0,0.0,ETF(실물복제/수익증권),-2.68,,,,,-0.4061812076133993,-0.4202633320026081,2026-05-12
020760,일진디스플,2026-05-12,,,0.0,0.0,-1.0,0.0,0.0,0.0,0.0,0.0,2262,510.0,-7.39,-122.0,1.63,전기·전자,0.0,-19.68,135.71,-13.08,0.0,-0.4253770402354451,-0.42202954991114006,2026-05-12
0028X0,KODEX 미국금융테크액티브,2026-05-12,1.0,-17.0,-16.0,-7.0,-0.18674698819676305,0.7,-1.416202727209388,-0.7717841309748419,-2.0114788758641544,-4.199465734048385,2263,178.0,0.0,0.0,0.0,ETF(Active/수익증권),0.86,,,,,-0.5001152484991834,-0.42206658691969584,2026-05-12
090370,메타랩스,2026-05-12,-11.0,4.0,-7.0,-85.0,-0.6899224808004327,0.3,-0.6839366317303768,-1.1690207364436789,-0.35841930715637926,-2.2113766753304347,2264,327.0,-3.71,-353.0,0.47,섬유·의류,-1.8,-11.87,76.25,112.0,0.0,-0.40551715689410167,-0.42245911405635916,2026-05-12
0000J0,PLUS 한화그룹주,2026-05-12,-35.0,1168.0,1133.0,1936.0,-0.28295833876165566,0.9,-1.2100058037307,-0.907417564404437,-1.602081628759798,-3.719504996894935,2265,2385.0,0.0,0.0,0.0,ETF(실물복제/수익증권),-2.36,,,,,-0.46191382662964736,-0.423995661609799,2026-05-12
37550L,DL이앤씨2우(전환),2026-05-12,125.0,-278.0,-153.0,382.0,-0.4726688103063451,0.3,0.5652769975420163,-0.7190711299419069,-1.1395396174196581,-1.2933337498195487,2266,1083.0,0.0,0.0,0.0,건설,-5.7,,,,,-0.4144720381272847,-0.42415252104722656,2026-05-12
009415,태영건설우,2026-05-12,-9.0,0.0,-9.0,-20.0,-0.5813953490319091,0.4,1.090817780929049,-0.7920102500935874,-0.4082482404638692,-0.10944070962840768,2267,73.0,0.0,0.0,0.0,건설,1.64,,,,,-0.32024266898142895,-0.4246385483645584,2026-05-12
008970,동양철관,2026-05-12,-58.0,2.0,-56.0,-1035.0,-0.5368055555652054,0.3,-0.4784987653886827,-0.6157457747949757,-1.7589950414554847,-2.8532395816391434,2268,1707.0,-47.0,-35.0,1.21,금속,-3.97,-2.49,69.38,-6.2,0.0,-0.5304210285813846,-0.4252392115772966,2026-05-12
010060,OCI홀딩스,2026-05-12,-2552.0,13552.0,11000.0,1284.0,-0.24647246726382477,0.6,0.03328788510284696,-0.5179622796317368,0.6236095255734369,0.13893513104454702,2269,62079.0,-69.68,-4772.0,1.58,금융,4.07,-2.27,66.35,-5.52,0.0,-0.4709371957779753,-0.4266720562702584,2026-05-12
0041E0,KODEX 미국S&P500액티브,2026-05-12,16.0,-591.0,-575.0,-2986.0,0.35873421311142195,0.0,-1.2386498098224366,-1.1345758007439002,-0.6396345221731107,-3.0128601327394473,2270,1243.0,0.0,0.0,0.0,ETF(Active/수익증권),2.66,,,,,-0.40566997900234814,-0.4280751019770825,2026-05-12
002070,비비안,2026-05-12,-62.0,0.0,-62.0,-227.0,5.0,0.0,-2.644778704242199,1.3662600974612797,-0.6278955068086849,-1.906414113589604,2271,240.0,-0.84,-11890.0,0.18,섬유·의류,-6.19,-18.08,144.96,0.32,0.0,-0.44288208328319606,-0.42825844891041115,2026-05-12
414780,TIGER 차이나과창판STAR50(합성),2026-05-12,-539.0,-214.0,-753.0,-1838.0,0.8857901725801531,0.4,-1.6342576686996926,0.1839694608139795,-2.593354719487055,-4.043642927372768,2272,2732.0,0.0,0.0,0.0,ETF(합성복제/수익증권),0.75,,,,,-0.48771287406744473,-0.42861534015839925,2026-05-12
394670,TIGER 글로벌리튬&2차전지SOLACTIVE(합성),2026-05-12,-3.0,203.0,200.0,603.0,-0.28664072636413884,0.7,-0.9708287173221354,0.4051929273797547,-1.7968940661330501,-2.362529856075431,2273,3303.0,0.0,0.0,0.0,ETF(합성복제/수익증권),0.8,,,,,-0.35390836741570825,-0.42887638395482897,2026-05-12
472170,TIGER 미국테크TOP10채권혼합,2026-05-12,-1.0,15.0,14.0,188.0,-0.8988285410172265,0.7,-0.3933921132573789,-1.6179445067461657,-1.6624828690632059,-3.6738194890667506,2274,3571.0,0.0,0.0,0.0,ETF(실물복제/수익증권),0.1,,,,,-0.45827758886524356,-0.4290877194326888,2026-05-12
174360,RISE 중국본토대형주CSI100,2026-05-12,9.0,-112.0,-103.0,-197.0,0.28571428534693877,0.2,-2.3195839158834537,-0.3889894948640248,-1.5767121359071608,-4.28528554665464,2275,433.0,0.0,0.0,0.0,ETF(실물복제/수익증권),0.84,,,,,-0.5069458882002137,-0.430674460812609,2026-05-12
139260,TIGER 200 IT,2026-05-12,-1482.0,-6319.0,-7801.0,-41824.0,0.36497730255385674,0.0,-1.2997216410161214,-0.5933201801425766,-1.595447943162218,-3.4884897643209163,2276,17910.0,0.0,0.0,0.0,ETF(실물복제/수익증권),-0.32,,,,,-0.4435266760260604,-0.43094610641387165,2026-05-12
003220,대원제약,2026-05-12,6.0,-2.0,4.0,-357.0,0.8430656930943312,0.3,-0.9441791927767347,0.917276939194661,-1.0358744701523563,-1.06277672373443,2277,2189.0,-157.42,-62.0,0.79,제약,-2.01,-0.51,123.49,1.22,-87.66,-0.38758565343295526,-0.4320600409162484,2026-05-12
462330,KODEX 2차전지산업레버리지,2026-05-12,431.0,-16758.0,-16327.0,-11958.0,-0.511494772909911,0.6,-2.160836189788261,-0.7988261586593494,-1.9733858785415908,-4.933048226989201,2278,8423.0,0.0,0.0,0.0,ETF(실물복제/수익증권),-13.07,,,,,-0.5585031375901582,-0.4326513025147284,2026-05-12
344820,KCC글라스,2026-05-12,-206.0,-139.0,-345.0,-677.0,0.22575387117070478,0.3,-1.0399576794678975,0.32300611136512836,-2.2135940121179227,-2.930545580220692,2279,4240.0,-5.07,-5237.0,0.31,비금속,-2.21,-5.83,67.75,-0.14,0.0,-0.5178782110989976,-0.4340090075063816,2026-05-12
005965,동부건설우,2026-05-12,0.0,0.0,0.0,0.0,-1.0,0.0,0.5792029142319443,-0.5482550997927405,-1.0358744701523537,-1.0049266557131498,2280,43.0,0.0,0.0,0.0,건설,-1.15,,,,,-0.391516908219225,-0.434445023499475,2026-05-12
130730,KIWOOM 단기자금,2026-05-12,0.0,14.0,14.0,-56.0,-0.539842873253674,0.5,-0.6209763729206387,-1.0013376952130748,-0.8779444288685945,-2.5002584970023083,2281,1770.0,0.0,0.0,0.0,ETF(실물복제/수익증권),0.0,,,,,-0.3648705764221573,-0.4356198725674527,2026-05-12
004380,삼익THK,2026-05-12,643.0,-20.0,623.0,1213.0,-0.06523681861308561,0.5,0.97466923237175,-0.049233545633185924,0.8164964809277392,1.7419321676663033,2282,2372.0,-5.34,-2146.0,1.51,기계·장비,-1.46,-25.27,149.52,-27.02,0.0,-0.3954421517118278,-0.43798498550735526,2026-05-12
170900,동아에스티,2026-05-12,-142.0,-141.0,-283.0,-850.0,-0.0715935335301805,0.1,-0.9355850374331612,-0.8479929106132821,-2.1602465494693437,-3.943824497515787,2283,4086.0,-14.42,-2913.0,0.63,제약,-1.41,-4.36,110.24,15.89,0.0,-0.5813629572802927,-0.4388312731545973,2026-05-12
000145,하이트진로홀딩스우,2026-05-12,0.0,0.0,0.0,0.0,-1.0,0.0,0.6831300370639733,-0.4830458895952035,0.0,0.20008414746876985,2284,52.0,0.0,0.0,0.0,금융,-0.36,,,,,-0.3739996197947417,-0.4408968293318887,2026-05-12
006220,제주은행,2026-05-12,-586.0,-31.0,-617.0,-2139.0,0.6507010966964861,0.2,-2.4294555454911713,1.1426340561683652,-2.1715865613857446,-3.4584080507085506,2285,4422.0,30.23,387.0,0.68,금융,-2.17,2.25,1139.04,-3.65,-13.03,-0.5530877678407335,-0.443671031653858,2026-05-12
001275,부국증권우,2026-05-12,-13.0,0.0,-13.0,-45.0,-0.29824561477377654,0.0,-0.5539523633486673,-0.7748504112041777,-0.95311748464995,-2.281920259202795,2286,1038.0,0.0,0.0,0.0,증권,-1.28,,,,,-0.4316249082214383,-0.4438759412595231,2026-05-12
Q610061,메리츠 3X 레버리지 국채30년 ETN,2026-05-12,0.0,-370.0,-370.0,-631.0,-0.4562551104065309,0.3,-0.5453747318136088,-0.9473782895357062,-1.2139538836495618,-2.7067069049988772,2287,659.0,0.0,0.0,0.0,ETN(채권),-6.3,,,,,-0.38130238452159687,-0.44472357533622103,2026-05-12
003010,혜인,2026-05-12,803.0,1.0,804.0,-79.0,0.2932307452873264,0.5,0.8957004067667349,-0.2580989585449842,-0.2581988564138324,0.3794025918079183,2288,839.0,0.0,0.0,0.0,유통,-4.21,0.0,0.0,0.0,0.0,-0.3932868904135983,-0.44550911768127643,2026-05-12
33637L,솔루스첨단소재2우B,2026-05-12,-4.0,1.0,-3.0,-8.0,-0.3478260883742911,0.3,-0.8319464098385875,-0.7154353929309077,-0.044849682075003956,-1.5922314848444992,2289,127.0,0.0,0.0,0.0,전기·전자,-3.74,,,,,-0.5399890898929876,-0.44578618084569305,2026-05-12
462870,시프트업,2026-05-12,-1242.0,-524.0,-1766.0,-3606.0,0.4966546012696613,0.2,-1.3352342400669892,0.7134177885022076,-1.9823783637649957,-2.604194815329777,2290,17684.0,9.25,3261.0,1.9,IT 서비스,-3.98,0.0,17.6,31.44,18.83,-0.45852845711474105,-0.4470982284864813,2026-05-12
338100,NH프라임리츠,2026-05-12,-70.0,-88.0,-158.0,-996.0,0.4695340500475329,0.3,-1.7501246563987154,0.46591195994458506,-2.2699602428001624,-3.5541729392542925,2291,842.0,0.0,0.0,0.0,리츠,-1.53,0.0,0.0,0.0,0.0,-0.4856904147760207,-0.4471187422210988,2026-05-12
096775,SK이노베이션우,2026-05-12,195.0,-3.0,192.0,51.0,0.6444937174821332,0.6,-0.0971678108421884,-0.11090909387715601,0.10701374165037626,-0.10106316306896816,2292,901.0,0.0,0.0,0.0,화학,-3.99,,,,,-0.4019620569841608,-0.44778185761369255,2026-05-12
475560,더본코리아,2026-05-12,-1.0,-1.0,-2.0,-560.0,0.2920268970280462,0.3,-1.4539772913937365,-0.2792438456719009,-0.5729699139942848,-2.306191051059922,2293,2878.0,-16.46,-1179.0,1.17,유통,-1.97,-6.77,23.28,-22.17,0.0,-0.47855841091843676,-0.4478179531988792,2026-05-12
0007F0,KODEX 27-12 회사채(AA-이상)액티브,2026-05-12,0.0,-33.0,-33.0,-1224.0,-0.6675105485400417,0.1,-0.8835835476500761,-1.0545676616729456,-1.7728186097898146,-3.710969819112836,2294,6099.0,0.0,0.0,0.0,ETF(Active/수익증권),-0.05,,,,,-0.4612344878797337,-0.44870515185502535,2026-05-12
004545,깨끗한나라우,2026-05-12,0.0,0.0,0.0,-1.0,5.0,0.0,-2.4630603569214906,2.4630604152548226,0.0,5.833333194260604e-08,2295,37.0,0.0,0.0,0.0,종이·목재,6.14,,,,,-0.45167763496138624,-0.45078922536258736,2026-05-12
002210,동성제약,2026-05-12,,,0.0,0.0,-1.0,0.0,0.0,0.0,0.0,0.0,2296,940.0,-3.5,-278.0,0.39,제약,0.0,-15.27,175.31,-0.16,0.0,-0.525735515414359,-0.4528847298401663,2026-05-12
486240,DAISHIN343 AI반도체&인프라액티브,2026-05-12,12.0,56.0,68.0,-340.0,-0.0848806367261431,0.2,-0.9153454877778054,-0.6726261582978027,-1.5481483359359005,-3.1361199820115084,2297,1052.0,0.0,0.0,0.0,ETF(Active/수익증권),-2.14,,,,,-0.41548057628066676,-0.45406985315650794,2026-05-12
006400,삼성SDI,2026-05-12,26975.0,-150848.0,-123873.0,-98495.0,-0.07526490985179357,0.4,-1.1615704940911864,-0.3941334947629136,-0.6727352028893744,-2.2284391917434743,2298,506883.0,-75.56,-8325.0,2.31,전기·전자,-8.04,-3.15,79.28,-20.04,0.0,-0.40670468549690963,-0.4551430814226795,2026-05-12
002420,세기상사,2026-05-12,-27.0,-3.0,-30.0,-173.0,-0.22879177397717432,0.3,-1.0898818315587293,-0.17277242218390715,-1.235364566412443,-2.4980188201550795,2299,307.0,-10.12,-508.0,1.17,유통,1.38,-10.99,106.01,5.63,0.0,-0.49356965016388066,-0.45546818759398705,2026-05-12
Q570071,한투 구리 선물 ETN,2026-05-12,0.0,-1.0,-1.0,-2.0,-0.8412698416477702,0.1,-1.2367639320490125,-0.5780815237922928,-1.585694657216296,-3.400540113057601,2300,189.0,0.0,0.0,0.0,ETN(원자재),4.65,,,,,-0.4365265164898558,-0.4557812190789802,2026-05-12
004990,롯데지주,2026-05-12,-3423.0,-1925.0,-5348.0,-7601.0,0.20051984620566143,0.4,-1.2128294710180876,-0.10034765206863003,1.0801233330679896,-0.23305379001872795,2301,28504.0,-4.67,-6125.0,0.36,금융,-4.19,-10.51,144.87,-1.38,-29.67,-0.5582941552024622,-0.4562914346357129,2026-05-12
005257,녹십자홀딩스2우,2026-05-12,0.0,0.0,0.0,0.0,-1.0,0.0,0.5825752607611111,-0.37893237157766496,0.0,0.20364288918344614,2302,206.0,0.0,0.0,0.0,일반서비스,8.2,,,,,-0.4534495432938311,-0.4565294940785186,2026-05-12
417310,코람코더원리츠,2026-05-12,-518.0,182.0,-336.0,-1220.0,-0.21441843182725195,0.3,-0.8674611683882476,-0.7002229957469653,-2.421521687016771,-3.9892058511519837,2303,4060.0,0.0,0.0,0.0,리츠,-0.4,0.0,0.0,0.0,0.0,-0.5203159049631966,-0.4569570439194951,2026-05-12
011810,STX,2026-05-12,,,0.0,0.0,-1.0,0.0,0.0,0.0,0.0,0.0,2304,1095.0,-0.66,-5357.0,-0.96,유통,0.0,0.0,0.0,-22.53,0.0,-0.4596250945603387,-0.45754447168112156,2026-05-12
001750,한양증권,2026-05-12,41.0,10.0,51.0,-446.0,-0.27706552710414534,0.4,-1.2651487670500836,-0.47277485716579215,-1.2740439928020932,-3.011967617017969,2305,3399.0,9.12,2927.0,0.69,증권,-4.81,0.0,921.56,3.86,49.53,-0.4406106639566718,-0.4589145065717143,2026-05-12
18064K,한진칼우,2026-05-12,-32.0,0.0,-32.0,-21.0,0.515151513429752,0.5,-1.1769662932855478,0.5527326486218361,-1.0420638786975747,-1.6662975233612864,2306,164.0,0.0,0.0,0.0,금융,-3.02,,,,,-0.5225501741584285,-0.4590231783117136,2026-05-12
35320K,대덕전자1우,2026-05-12,-148.0,258.0,110.0,39.0,0.27731092415507375,0.5,0.42035509753256206,-0.340808936684105,0.19720263999221116,0.2767488008406682,2307,807.0,0.0,0.0,0.0,전기·전자,10.95,,,,,-0.39123170448110867,-0.46124042088009204,2026-05-12
089590,제주항공,2026-05-12,-723.0,-405.0,-1128.0,-2874.0,2.52691395016135,0.2,-2.264405597075356,2.639346601040683,-0.4771186894673588,-0.10217768550203143,2308,4072.0,-3.5,-1443.0,1.48,운송·창고,-2.13,-38.85,754.43,-18.38,0.0,-0.43621317183304087,-0.4613365451674636,2026-05-12
000087,하이트진로2우B,2026-05-12,0.0,-1.0,-1.0,-5.0,1.666666613333334,0.0,-1.3088600077616273,2.2502972106061208,-1.4981924432279623,-0.5567552403834688,2309,156.0,0.0,0.0,0.0,음식료·담배,-0.93,,,,,-0.3956018815739417,-0.46242179213450135,2026-05-12
45226K,한화갤러리아우,2026-05-12,0.0,0.0,0.0,82.0,-1.0,0.2,1.1235497543221042,-1.0135242157243156,-2.06308523665711,-1.9530596980593213,2310,194.0,0.0,0.0,0.0,유통,-0.74,,,,,-0.5698806769357918,-0.4624855372016194,2026-05-12
120115,코오롱인더우,2026-05-12,28.0,-20.0,8.0,12.0,-0.7056878307170282,0.5,-0.26396110767892,-0.948747536234309,0.0,-1.212708643913229,2311,792.0,0.0,0.0,0.0,화학,-2.22,,,,,-0.4904410401504815,-0.46310203407439376,2026-05-12
480020,ACE 미국빅테크7+데일리타겟커버드콜(합성),2026-05-12,2.0,-26.0,-24.0,-646.0,-0.7445424988427847,0.5,-1.4033702748465189,-1.0308638651959874,-2.0481719371102116,-4.482406077152718,2312,1929.0,0.0,0.0,0.0,ETF(합성복제/수익증권),-0.37,,,,,-0.5226352643549477,-0.4663619411095107,2026-05-12
Q520039,미래에셋 코스닥150 선물 ETN,2026-05-12,0.0,-2.0,-2.0,-7.0,-0.880952381164966,0.3,-1.118785976095631,-1.222629921791314,-1.8791575116609496,-4.220573409547894,2313,281.0,0.0,0.0,0.0,ETN(주식),-3.14,,,,,-0.5017952676216315,-0.4667659340162515,2026-05-12
009810,플레이그램,2026-05-12,,,0.0,0.0,-1.0,0.0,-0.8882305825163932,-0.7020863257484211,-1.9447623092504605,-3.5350792175152748,2314,358.0,-14.54,-81.0,0.51,유통,0.0,-3.44,59.08,-6.49,0.0,-0.4561402593969491,-0.4667795004603389,2026-05-12
011390,부산산업,2026-05-12,-202.0,-1.0,-203.0,-519.0,2.731563421003341,0.5,-2.6283470289902984,2.9125265434185224,-1.235364566412444,-0.95118505198422,2315,729.0,-21.1,-3270.0,0.58,비금속,-2.54,-2.69,95.58,-13.36,0.0,-0.45570448907712546,-0.4677908767144883,2026-05-12
204210,스타에스엠리츠,2026-05-12,,,0.0,0.0,-1.0,0.0,0.0,0.0,0.0,0.0,2316,159.0,-4.06,-501.0,0.52,리츠,0.0,-13.79,104.77,1.15,0.0,-0.48681344451621006,-0.4679796790834854,2026-05-12
009270,신원,2026-05-12,-82.0,-1.0,-83.0,-897.0,1.580952380706576,0.4,-2.046802540805819,1.0430896021057234,-0.258198856413833,-1.2619117951139285,2317,1455.0,-52.83,-24.0,0.5,섬유·의류,-3.06,-1.14,181.77,16.26,-25.83,-0.5127033333435779,-0.46880904687650937,2026-05-12
372910,한컴라이프케어,2026-05-12,-64.0,-1.0,-65.0,-342.0,0.4973958330408732,0.3,-0.27198095727958604,-0.05201019503509479,-1.6785737124641347,-2.0025648647788157,2318,653.0,-8.46,-279.0,0.51,의료·정밀기기,0.21,-5.9,59.34,-12.11,0.0,-0.5486336075570037,-0.47008332631129846,2026-05-12
411540,SOL 200 Top10,2026-05-12,99.0,-268.0,-169.0,-491.0,-0.21949116003323688,0.5,-2.4018285574939107,-0.7801281927706692,-2.326826867720888,-5.508783617985468,2319,366.0,0.0,0.0,0.0,ETF(실물복제/수익증권),-1.52,,,,,-0.6043275329086424,-0.47011742366469444,2026-05-12
003535,한화투자증권우,2026-05-12,-99.0,-1.0,-100.0,-294.0,0.37211036509199613,0.2,-2.084632767731346,0.0361584500946719,-1.607790721127873,-3.656265038764547,2320,417.0,0.0,0.0,0.0,증권,-3.55,,,,,-0.5410128657231528,-0.4715985283956211,2026-05-12
336370,솔루스첨단소재,2026-05-12,1394.0,371.0,1765.0,-724.0,-0.6834486367080883,0.4,-0.30632917705445567,-0.63553839381896,-0.09473307988159747,-1.0366006507550132,2321,8208.0,-15.88,-736.0,1.54,전기·전자,-4.8,-9.15,128.47,7.91,0.0,-0.35562304142575996,-0.47348152128584986,2026-05-12
357120,코람코라이프인프라리츠,2026-05-12,75.0,-34.0,41.0,-668.0,-0.7664624808665214,0.3,-0.3524560073902171,-1.0873012991734727,-1.4114525930389887,-2.8512098996026785,2322,4283.0,0.0,0.0,0.0,리츠,-0.9,0.0,0.0,0.0,0.0,-0.4297396138924119,-0.48109961822813696,2026-05-12
006345,대원전선우,2026-05-12,-278.0,0.0,-278.0,-34.0,0.26911314973066247,0.4,0.5666306999153498,-0.24249588687078674,-1.5380236414416442,-1.213888828397081,2323,617.0,0.0,0.0,0.0,전기·전자,8.03,,,,,-0.5098757362134596,-0.48110855069951886,2026-05-12
016090,대현,2026-05-12,26.0,16.0,42.0,-420.0,-0.62143559491484,0.4,-1.7250206530460745,-0.9803560651722445,-0.9180336914520228,-3.623410409670342,2324,768.0,0.0,0.0,0.0,섬유·의류,-1.81,0.0,0.0,0.0,0.0,-0.713094181805452,-0.4816421997175921,2026-05-12
085620,미래에셋생명,2026-05-12,1033.0,-927.0,106.0,-1838.0,-0.6084023722267862,0.5,-1.1663812551823907,-0.908832912520003,-0.823586368638597,-2.8988005363409908,2325,19696.0,22.08,660.0,0.78,보험,-4.08,5.22,1244.75,8.18,59.27,-0.447006504304422,-0.48347005300648116,2026-05-12
000215,DL우,2026-05-12,-16.0,-2.0,-18.0,-84.0,-0.278252611791571,0.5,-1.0054416284276313,-0.503881582519058,-0.9486831480505383,-2.4580063589972276,2326,455.0,0.0,0.0,0.0,화학,-6.25,,,,,-0.5895577796763728,-0.4875497494894856,2026-05-12
004255,NPC우,2026-05-12,-1.0,5.0,4.0,-3.0,-0.4285714302040816,0.4,-0.2386980184076889,-0.799600855644662,-0.7888105599688446,-1.8271094340211955,2327,124.0,0.0,0.0,0.0,화학,0.0,,,,,-0.5393429230817655,-0.4886166777118981,2026-05-12
005945,NH투자증권우,2026-05-12,100.0,-18.0,82.0,88.0,-0.38015832913811287,0.4,-0.4291653296037051,-0.8397095651215638,-1.4638645963467307,-2.7327394910719995,2328,5114.0,0.0,0.0,0.0,증권,-1.99,,,,,-0.46750687591253637,-0.48908006602572707,2026-05-12
001470,삼부토건,2026-05-12,,,0.0,0.0,-1.0,0.0,0.0,0.0,0.0,0.0,2329,797.0,-1.04,-334.0,-0.56,건설,0.0,0.0,0.0,-75.01,0.0,-0.49519788453777874,-0.4896035957940857,2026-05-12
084695,대상홀딩스우,2026-05-12,-22.0,1.0,-21.0,-44.0,-0.027777779128086433,0.0,-0.6486480497311158,-0.421633664228253,0.0,-1.0702817139593688,2330,125.0,0.0,0.0,0.0,금융,-0.44,,,,,-0.4751116034309311,-0.4916396878237799,2026-05-12
016450,한세예스24홀딩스,2026-05-12,-30.0,0.0,-30.0,-18.0,-0.001996008581639064,0.3,0.1374481831386783,1.0687354447085773,-1.7999285177503563,-0.5937448899031008,2331,1756.0,-5.31,-827.0,0.38,섬유·의류,-1.24,-6.86,222.47,20.45,-57.0,-0.5310157068619865,-0.4931604122104098,2026-05-12
011930,신성이엔지,2026-05-12,,,0.0,0.0,-1.0,0.0,0.4909053268253338,-0.6603889864941553,-1.4204388932308671,-1.5899225528996888,2332,8224.0,-117.5,-34.0,3.48,전기·전자,0.0,-2.97,157.46,-2.55,-74.33,-0.4835443445357466,-0.49407652806029123,2026-05-12
108675,LX하우시스우,2026-05-12,-17.0,0.0,-17.0,-70.0,1.3628691953212626,0.6,-2.768948489481648,0.11852549288621644,-2.041241202319345,-4.691664198914777,2333,188.0,0.0,0.0,0.0,화학,-2.67,,,,,-0.7673408749373635,-0.49483045266132053,2026-05-12
051915,LG화학우,2026-05-12,1401.0,692.0,2093.0,7399.0,0.609417627967545,0.7,0.5341467362138179,1.3662754432363382,-1.5491931384829931,0.351229040967163,2334,14040.0,0.0,0.0,0.0,화학,-5.49,,,,,-0.3659628513050461,-0.49735490772586255,2026-05-12
464920,PLUS 일본반도체소부장,2026-05-12,2.0,36.0,38.0,-327.0,-0.6032553408338499,0.2,-0.9115594070994893,-1.7546024942747485,-1.8388369650751653,-4.504998866449403,2335,239.0,0.0,0.0,0.0,ETF(실물복제/수익증권),0.04,,,,,-0.524433487851834,-0.49801045099191676,2026-05-12
002360,SH에너지화학,2026-05-12,,,0.0,0.0,-1.0,0.1,-0.16949648983522853,-0.8691883382448479,-2.0283700399198894,-3.067054867999966,2336,398.0,-3.69,-97.0,0.56,화학,0.0,-14.44,46.1,-21.75,0.0,-0.5401747649761637,-0.5019190942403847,2026-05-12
469790,KIWOOM K-테크TOP10,2026-05-12,206.0,-298.0,-92.0,-222.0,0.400560223697322,0.1,-1.3105947023759057,-0.38228068023317247,-2.0563965350076328,-3.749271917616711,2337,310.0,0.0,0.0,0.0,ETF(실물복제/수익증권),-1.25,,,,,-0.4642830593777128,-0.5065531301069268,2026-05-12
429740,PLUS K리츠,2026-05-12,0.0,-15.0,-15.0,-65.0,-0.6491228071406587,0.2,-1.6490362244724133,-0.8333879474480409,-2.0776588514663263,-4.560083023386781,2338,81.0,0.0,0.0,0.0,ETF(실물복제/수익증권),-2.45,,,,,-0.5288177904720287,-0.5076512910319454,2026-05-12
008770,호텔신라,2026-05-12,5732.0,5972.0,11704.0,34793.0,-0.6825774326804803,1.0,-0.9974163537434235,-0.8288217356741742,0.0,-1.8262380894175978,2339,24491.0,-14.44,-4321.0,2.14,유통,-2.8,-14.46,220.14,3.06,0.0,-0.5410044075983449,-0.5085795995555114,2026-05-12
000140,하이트진로홀딩스,2026-05-12,-115.0,-26.0,-141.0,-343.0,1.0155038755002703,0.1,-1.6477788944907539,0.7002073418289841,-1.9001382412125265,-2.847709793874296,2340,2033.0,-80.37,-109.0,0.35,금융,-2.01,-0.46,242.77,-3.89,-17.38,-0.5259622180139119,-0.5088749507104005,2026-05-12
002710,TCC스틸,2026-05-12,1209.0,4.0,1213.0,-29.0,0.2055898716273854,0.3,0.40126831066895663,0.5821438250423404,-1.018350102582782,-0.03493796687148487,2341,4566.0,-61.34,-284.0,1.86,금속,-3.92,-2.98,130.67,5.06,0.0,-0.38181694897146573,-0.5119262709894556,2026-05-12
051905,LG생활건강우,2026-05-12,-88.0,-38.0,-126.0,-62.0,-0.3649025069991698,0.3,-1.004279326107268,-1.1821246794008156,-1.9823783637649985,-4.168782369273082,2342,2339.0,0.0,0.0,0.0,화학,-2.54,,,,,-0.7257232428774495,-0.5133376106017593,2026-05-12
004835,덕성우,2026-05-12,-8.0,0.0,-8.0,0.0,-0.39393939472648565,0.6,-0.1437479784523659,-0.5592818149368834,0.4146441775892624,-0.2883856157999869,2343,89.0,0.0,0.0,0.0,화학,-1.08,,,,,-0.4168715766354027,-0.5173544455889407,2026-05-12
078935,GS우,2026-05-12,-130.0,-5.0,-135.0,-233.0,0.5146831527798017,0.5,-2.6004477228767096,1.3360008374929373,-2.5115820272347436,-3.776028912618516,2344,998.0,0.0,0.0,0.0,금융,-0.71,,,,,-0.6904696154660844,-0.5177937877826856,2026-05-12
381970,케이카,2026-05-12,-126.0,-26.0,-152.0,-1892.0,-0.8574325936556174,0.4,-0.2922010060932712,-1.3815663602597443,-1.3922862811383285,-3.0660536474913442,2345,4897.0,0.0,0.0,0.0,유통,-1.76,0.0,0.0,0.0,0.0,-0.6675204206625852,-0.5228916919634852,2026-05-12
450080,에코프로머티,2026-05-12,5036.0,-5810.0,-774.0,-57239.0,-0.6885290046441026,0.2,-1.5281157408071244,-1.496606485875787,-1.5275249983186487,-4.55224722500156,2346,50591.0,-116.02,-618.0,6.78,전기·전자,-4.4,-5.56,74.92,-68.52,0.0,-0.7382745471538386,-0.5238318468539018,2026-05-12
051910,LG화학,2026-05-12,4603.0,-32134.0,-27531.0,-20493.0,-0.29102245851359787,0.6,-2.5957664552595423,-0.7134956437396578,-2.012390804515361,-5.321652903514561,2347,274251.0,-16.72,-23242.0,0.93,화학,-8.26,-5.5,114.54,-5.68,0.0,-0.7817332673748958,-0.5238673877236194,2026-05-12
28513K,SK케미칼우,2026-05-12,-60.0,-12.0,-72.0,-160.0,0.23582766397874355,0.2,-1.4791809915469156,-0.4233325023780903,-0.9211322456709673,-2.8236457395959733,2348,542.0,0.0,0.0,0.0,화학,-3.4,,,,,-0.6186600439849277,-0.5250391887237087,2026-05-12
003495,대한항공우,2026-05-12,-58.0,0.0,-58.0,-115.0,0.9027777769849537,0.1,-1.4093568579163087,0.051888753862394665,-1.7748238036798953,-3.1322919077338094,2349,254.0,0.0,0.0,0.0,운송·창고,-1.72,,,,,-0.6588806034466722,-0.5258242846415591,2026-05-12
004870,티웨이홀딩스,2026-05-12,16.0,0.0,16.0,-21.0,-0.3140407290522914,0.4,-0.8419893656940713,-0.7042829272011074,-1.291517610033128,-2.837789902928307,2350,269.0,-1.29,-185.0,0.18,비금속,-0.42,-13.15,25.96,-32.56,0.0,-0.5182622420093264,-0.5266193471862657,2026-05-12
005030,부산주공,2026-05-12,,,0.0,0.0,-1.0,0.0,0.0,0.0,0.0,0.0,2351,451.0,0.0,0.0,0.0,운송장비·부품,0.0,0.0,0.0,0.0,0.0,-0.5377583747254753,-0.5288238524976926,2026-05-12
009310,참엔지니어링,2026-05-12,,,0.0,0.0,-1.0,0.0,0.0,0.0,0.0,0.0,2352,233.0,-1.26,-4214.0,0.28,기계·장비,0.0,-22.85,1154.41,-7.79,0.0,-0.46957284887308914,-0.5297509956645445,2026-05-12
014990,인디에프,2026-05-12,19.0,0.0,19.0,28.0,0.36712749552974167,0.6,0.007258720398782296,-0.04741747816964185,-0.3789322656802579,-0.41909102345111743,2353,502.0,-668.0,-1.0,1.32,섬유·의류,-5.11,-0.28,205.48,-8.84,0.0,-0.6022195740095722,-0.5307121449275919,2026-05-12
012280,영화금속,2026-05-12,-21.0,23.0,2.0,-189.0,0.4764079144269999,0.6,-1.140593111155082,0.3975956384559191,1.0327953589886814,0.2897978862895185,2354,519.0,0.0,0.0,0.0,운송장비·부품,-1.86,0.0,0.0,0.0,0.0,-0.5146925477649122,-0.5339284554191537,2026-05-12
161000,애경케미칼,2026-05-12,759.0,21.0,780.0,-1871.0,-0.3243047718321239,0.2,-0.09047149140501018,-0.6171564760704861,-1.0366458873989723,-1.7442738548744687,2355,6665.0,-224.59,-61.0,0.93,화학,-5.39,-0.41,94.63,-11.56,0.0,-0.4382718314437414,-0.5344522447583515,2026-05-12
460860,동국제강,2026-05-12,2231.0,-532.0,1699.0,877.0,-0.3859112075876928,0.6,-0.3697286813964012,-0.46571508398472344,-1.1776634377995299,-2.0131072031806543,2356,6618.0,0.0,0.0,0.0,금속,-2.41,0.0,0.0,0.0,0.0,-0.5065401335367832,-0.5345819928056367,2026-05-12
014285,금강공업우,2026-05-12,0.0,0.0,0.0,-17.0,-1.0,0.0,-0.7999740853693591,-0.9391230995926688,0.0,-1.739097184962028,2357,42.0,0.0,0.0,0.0,금속,-0.14,,,,,-0.5486171132067414,-0.5347789550829021,2026-05-12
120030,조선선재,2026-05-12,-18.0,13.0,-5.0,-33.0,-0.10125142237727491,0.4,-0.31990004165782393,-1.0854191975424068,-1.2264446075490263,-2.631763846749257,2358,1212.0,0.0,0.0,0.0,금속,-0.21,0.0,0.0,0.0,0.0,-0.5557807517871869,-0.536428547139046,2026-05-12
003960,사조대림,2026-05-12,-251.0,23.0,-228.0,-500.0,1.0156249996850586,0.4,-1.5613466400318168,0.10441697587290229,-0.8175337643343668,-2.274463428493281,2359,2736.0,-3.48,-8577.0,0.41,음식료·담배,-3.86,-11.62,174.7,32.42,-28.82,-0.5653907008581199,-0.5381710319584189,2026-05-12
019680,대교,2026-05-12,20.0,-7.0,13.0,-17.0,-0.31216931244226087,0.4,0.5570726841457997,-0.10528665770744626,0.0,0.4517860264383534,2360,1099.0,-3.71,-350.0,0.38,일반서비스,-0.92,-12.33,108.21,-2.03,0.0,-0.4193246436578207,-0.5414594877914127,2026-05-12
019175,신풍제약우,2026-05-12,0.0,0.0,0.0,-1.0,-1.0,0.0,-0.3061593914578989,-0.7744362485895202,-1.777136860033082,-2.857732500080501,2361,375.0,0.0,0.0,0.0,제약,-3.78,,,,,-0.522642267120146,-0.5432524100496579,2026-05-12
020560,아시아나항공,2026-05-12,-34.0,-11.0,-45.0,-58.0,-0.44151275289523884,0.1,1.0449295486056542,-0.9868743783653899,-0.5144445669154042,-0.4563893966751399,2362,14028.0,-4.96,-1374.0,1.88,운송·창고,-2.44,-34.48,1370.19,-12.64,0.0,-0.546576849894966,-0.5470412644153452,2026-05-12
241590,화승엔터프라이즈,2026-05-12,-100.0,-54.0,-154.0,-204.0,0.1897810218109648,0.3,0.6419474849540191,-0.601720234649876,-0.08345760831381996,-0.04323035800967687,2363,2681.0,-9.28,-477.0,0.58,섬유·의류,-3.17,-5.87,180.38,-2.81,-56.77,-0.5317773113868339,-0.5470830255280626,2026-05-12
001465,BYC우,2026-05-12,-6.0,1.0,-5.0,14.0,0.87499999609375,0.3,0.10872962798622335,0.3902543359874649,-0.510357799045405,-0.011373835071716742,2364,688.0,0.0,0.0,0.0,섬유·의류,-1.69,,,,,-0.456300388846706,-0.548256137163046,2026-05-12
001795,대한제당우,2026-05-12,-24.0,0.0,-24.0,-61.0,0.8681318660789759,0.1,-1.3139756160310438,0.317680586986198,-2.1715865613857446,-3.16788159043059,2365,152.0,0.0,0.0,0.0,음식료·담배,-1.47,,,,,-0.6034287547561145,-0.5487214434074922,2026-05-12
010660,화천기계,2026-05-12,-478.0,1.0,-477.0,-1144.0,-0.28627221247941015,0.2,-1.175028128699632,-0.23882815037897528,-0.9180337489146959,-2.3318900279933032,2366,1064.0,0.0,0.0,0.0,기계·장비,-3.11,0.0,0.0,0.0,0.0,-0.5454290252867076,-0.5502721047437036,2026-05-12
001570,금양,2026-05-12,,,0.0,0.0,-1.0,0.0,0.0,0.0,0.0,0.0,2367,6333.0,-9.62,-1029.0,1.38,화학,0.0,-13.87,165.33,-33.14,0.0,-0.5728191735807721,-0.5657825415569777,2026-05-12
070960,모나용평,2026-05-12,-28.0,2.0,-26.0,-189.0,-0.22322775281525764,0.6,-1.4264183425828294,-0.5440870792994301,-1.3228754805323168,-3.2933809024145764,2368,1413.0,-4.62,-635.0,0.39,일반서비스,-2.17,-8.16,183.41,-6.59,-13.7,-0.7107146062650871,-0.5666082088565421,2026-05-12
004105,태양금속우,2026-05-12,-49.0,0.0,-49.0,-52.0,0.2241054607020121,0.5,-2.7426021195138603,0.6163069728399813,-1.6020818037597406,-3.7283769504336197,2369,130.0,0.0,0.0,0.0,운송장비·부품,-0.75,,,,,-0.7393164594083205,-0.5716211098154431,2026-05-12
000070,삼양홀딩스,2026-05-12,138.0,-730.0,-592.0,-2024.0,1.2944856684579737,0.3,-2.1718998845519057,0.6499859376655479,-1.1271069895184453,-2.649020936404803,2370,4852.0,-2.7,-23161.0,0.24,금융,-2.19,-10.17,98.76,-1.95,0.68,-0.6078837490819817,-0.5726779453561873,2026-05-12
119650,KC코트렐,2026-05-12,,,0.0,0.0,-1.0,0.0,0.0,0.0,0.0,0.0,2371,1008.0,-7.06,-130.0,1.97,기계·장비,0.0,-19.57,289.64,-43.43,0.0,-0.578082527104286,-0.5730273354451217,2026-05-12
001210,금호전기,2026-05-12,52.0,-1.0,51.0,-19.0,-0.5154185022382218,0.5,0.44312502406316673,-0.5031479316044325,-0.7888104821910894,-0.8488333897323552,2372,514.0,-14.84,-56.0,2.08,전기·전자,-4.04,-14.57,204.26,-16.61,0.0,-0.5705723939416087,-0.5797152747395649,2026-05-12
002700,신일전자,2026-05-12,0.0,0.0,0.0,-190.0,-0.6175321050013234,0.4,0.1267564054680647,-1.2351094831175728,-1.7589949359760515,-2.8673480136255596,2373,957.0,0.0,0.0,0.0,유통,-0.8,0.0,0.0,0.0,0.0,-0.6517048816829175,-0.5806093084479602,2026-05-12
001065,JW중외제약우,2026-05-12,0.0,0.0,0.0,0.0,-1.0,0.0,-0.762974817460728,-0.4830458895952035,-1.335321733021122,-2.5813424400770533,2374,87.0,0.0,0.0,0.0,제약,0.0,,,,,-0.5006436066768807,-0.5809248748988336,2026-05-12
102460,이연제약,2026-05-12,-234.0,2.0,-232.0,-893.0,0.1321349730874677,0.3,-1.8917198246835685,-0.45856810993981384,-1.926635976209903,-4.276923910833285,2375,2091.0,-7.06,-1594.0,0.94,제약,-4.66,-12.6,111.15,-1.6,0.0,-0.7703570184241741,-0.5810328634913489,2026-05-12
001360,삼성제약,2026-05-12,-199.0,30.0,-169.0,-2415.0,-0.3033406077001286,0.2,-1.344458162716883,-0.6295748588814544,-1.9886683454009157,-3.9627013669992532,2376,1704.0,-11.68,-155.0,1.61,제약,2.09,-15.36,21.35,-14.75,0.0,-0.6453157322511301,-0.5880755802371634,2026-05-12
010780,아이에스동서,2026-05-12,582.0,-600.0,-18.0,-2281.0,-0.04192523083030242,0.3,-0.4745290109959854,-0.6278608707368575,-0.9545999726331823,-2.056989854366025,2377,7260.0,-13.5,-1782.0,0.57,비금속,-4.18,-4.13,143.29,-18.5,-59.85,-0.6498444841797253,-0.5916233079760749,2026-05-12
481850,신한글로벌액티브리츠,2026-05-12,-35.0,10.0,-25.0,-121.0,0.5008725995632428,0.2,-1.627810438729043,0.3759729854102731,-2.213594245451205,-3.465431698769975,2378,443.0,-6.14,-166.0,0.45,리츠,-5.03,-10.15,25.85,-37.52,-36.4,-0.6111613325021922,-0.5968583790064018,2026-05-12
001790,대한제당,2026-05-12,-111.0,-7.0,-118.0,-806.0,-0.0015063482460832,0.3,-0.8392739814267651,-0.07487935304135554,-0.7391490799951637,-1.6533024144632842,2379,2435.0,-4.32,-628.0,0.52,음식료·담배,-0.55,-11.61,159.38,-1.28,52.87,-0.583224946336924,-0.5973312293496522,2026-05-12
33626K,두산퓨얼셀1우,2026-05-12,114.0,-5.0,109.0,-1297.0,-0.2876280536191823,0.5,-1.6935829008246996,-0.8406391351135383,-1.7078249526599518,-4.24204698859819,2380,1597.0,0.0,0.0,0.0,전기·전자,-5.01,,,,,-0.7508953413828227,-0.5974963694702046,2026-05-12
00104K,CJ4우(전환),2026-05-12,-210.0,-138.0,-348.0,4.0,-0.3105977264582711,0.5,-1.4839339392797397,-0.7690306285907758,-1.8389492512476895,-4.091913819118205,2381,7642.0,0.0,0.0,0.0,금융,-4.54,,,,,-0.715611781566966,-0.598460522657971,2026-05-12
005305,롯데칠성우,2026-05-12,-29.0,-11.0,-40.0,-278.0,0.4957264952470961,0.2,-1.5609227978618172,-0.04199751768928634,-1.975927648722155,-3.5788479642732587,2382,621.0,0.0,0.0,0.0,음식료·담배,1.65,,,,,-0.6361387216472978,-0.5986506599942267,2026-05-12
005935,삼성전자우,2026-05-12,-376472.0,19456.0,-357016.0,-1214619.0,0.7274255517435553,0.3,-1.9115873007494948,-0.12742965401735332,-1.4912688993386622,-3.53028585410551,2383,1500434.0,0.0,0.0,0.0,전기·전자,-4.05,,,,,-0.6942442754428156,-0.6003233191115713,2026-05-12
330590,롯데리츠,2026-05-12,240.0,-249.0,-9.0,-504.0,-0.7137404580194695,0.4,-0.7962238380276107,-0.7679126021412052,-1.8598646803334502,-3.424001120502266,2384,11617.0,0.0,0.0,0.0,리츠,-2.19,,,,,-0.571419433543511,-0.6153347884061977,2026-05-12
001525,동양우,2026-05-12,0.0,0.0,0.0,-1.0,-1.0,0.1,-1.335321883468863,-0.6831300550412889,-0.7245687498094832,-2.743020688319635,2385,27.0,0.0,0.0,0.0,비금속,-0.8,,,,,-0.6527748081954733,-0.6206582631982127,2026-05-12
008775,호텔신라우,2026-05-12,-5.0,0.0,-5.0,-20.0,-0.46483180440409066,0.4,-0.5832582679094892,-0.8275453144439248,-2.5871858577284237,-3.9979894400818377,2386,280.0,0.0,0.0,0.0,유통,-2.49,,,,,-0.7326423733026096,-0.6244147307723578,2026-05-12
005250,녹십자홀딩스,2026-05-12,-1253.0,-937.0,-2190.0,-4247.0,3.615076182653766,0.3,-3.133844834581387,2.7924536289945494,-2.3303005509233414,-2.671691756510179,2387,6734.0,-10.21,-1403.0,0.72,일반서비스,8.81,-7.34,130.71,11.19,0.0,-0.709968596218419,-0.6298580263429477,2026-05-12
006110,삼아알미늄,2026-05-12,2702.0,-3502.0,-800.0,15999.0,-0.199660428152294,0.6,-0.08256958203685796,-0.3548932646402157,-0.8334107188754203,-1.270873565552494,2388,11993.0,-46.87,-1692.0,5.35,금속,0.0,-10.79,107.42,7.84,0.0,-0.6665010568222728,-0.6360387870005513,2026-05-12
014280,금강공업,2026-05-12,23.0,1.0,24.0,-2746.0,-0.22992628015849992,0.3,-1.4068114628121124,-0.6092532685007881,-1.5954479431622146,-3.611512674475115,2389,1549.0,-3.53,-1494.0,0.42,금속,-7.69,-11.82,138.48,0.1,-68.24,-0.7280427490632602,-0.6381276431149936,2026-05-12
037710,광주신세계,2026-05-12,-60.0,-20.0,-80.0,-258.0,-0.1566265061369978,0.4,-0.773921625709285,-0.15944202543892716,-2.0610114644023283,-2.9943751155505405,2390,2784.0,0.0,0.0,0.0,유통,-1.88,0.0,0.0,0.0,0.0,-0.6618153251710258,-0.6387905296692524,2026-05-12
451800,한화리츠,2026-05-12,300.0,9.0,309.0,484.0,-0.5418927064662366,0.9,-1.3518663545519607,-0.5230360366725549,-1.9321830994920386,-3.8070854907165543,2391,9824.0,0.0,0.0,0.0,리츠,-2.15,,,,,-0.601910193527286,-0.6449220878647179,2026-05-12
002795,아모레퍼시픽홀딩스우,2026-05-12,36.0,-2.0,34.0,-25.0,-0.48312236303276723,0.4,-0.7390297145529667,-0.617551172746332,-1.6540488444316568,-3.0106297317309556,2392,716.0,0.0,0.0,0.0,화학,-4.51,,,,,-0.6335426246075896,-0.6532557013472269,2026-05-12
480370,씨케이솔루션,2026-05-12,-89.0,-1.0,-90.0,-691.0,-0.5219384414196504,0.5,-0.9586840648587783,-1.1465108933866757,1.226571423995031,-0.8786235342504232,2393,815.0,-2.0,-1254.0,1.14,기계·장비,-2.9,-49.18,193.01,-1.61,0.0,-0.7945884071213624,-0.665175667787455,2026-05-12
097950,CJ제일제당,2026-05-12,-4105.0,-5560.0,-9665.0,-17960.0,-0.16686778267952296,0.4,-2.066334680606396,-0.23903454457830728,-2.2912876724779356,-4.596656897662639,2394,31990.0,-6.09,-34884.0,0.48,음식료·담배,-5.76,-7.62,157.5,0.38,-15.05,-0.7277402215858153,-0.6671432506796042,2026-05-12
002880,대유에이텍,2026-05-12,-9.0,-2.0,-11.0,-20.0,-0.6491228071854277,0.3,0.8932086918527234,-1.132605202550134,1.5856945579625825,1.3462980472651718,2395,424.0,-64.71,-14.0,0.91,운송장비·부품,-2.05,-1.4,744.65,12.12,-19.39,-0.6354887976045106,-0.6695627886403439,2026-05-12
298050,HS효성첨단소재,2026-05-12,1673.0,-72.0,1601.0,1206.0,-0.6150691672611128,0.5,-0.13679587898651735,-0.9104814444288215,0.8750403637898573,-0.17223695962548147,2396,10528.0,-48.65,-4830.0,1.3,화학,-4.08,-2.34,372.28,-0.85,-28.35,-0.647028685646817,-0.6705187054350461,2026-05-12
004985,성신양회우,2026-05-12,-10.0,0.0,-10.0,-45.0,-0.46830265881290234,0.0,-0.8596862323806475,-0.5582564068638233,-2.3468792907989102,-3.764821930043381,2397,83.0,0.0,0.0,0.0,비금속,-0.27,,,,,-0.7341028362617043,-0.6757538868819584,2026-05-12
145990,삼양사,2026-05-12,-258.0,-25.0,-283.0,-600.0,0.34398496227970066,0.3,-2.1327285801198315,1.1842341447397096,-2.097006224841951,-3.045500660222073,2398,4584.0,-1.51,-29380.0,0.28,음식료·담배,-2.52,-18.8,103.1,-4.09,-16.33,-0.6305412146326655,-0.6778149324697458,2026-05-12
051630,진양화학,2026-05-12,-17.0,0.0,-17.0,-331.0,-0.39845474623645893,0.2,-1.1903089909888618,-1.262100429453799,-1.5275251149852884,-3.979934535427949,2399,376.0,-6.96,-255.0,0.97,화학,-3.06,-12.58,111.63,-13.27,0.0,-0.7455197340960509,-0.6830793110196864,2026-05-12
096770,SK이노베이션,2026-05-12,6265.0,-3809.0,2456.0,1526.0,-0.8468684326770427,0.7,-1.4312615637576123,-1.0746377087360877,-1.2486355076585576,-3.7545347801522575,2400,217233.0,-6.1,-21056.0,0.99,화학,-3.17,-14.42,190.2,8.11,0.0,-0.8150414127276798,-0.6849325835323175,2026-05-12
005420,코스모화학,2026-05-12,326.0,-271.0,55.0,-3811.0,-0.3121562156272374,0.5,-1.363017620621454,-0.940245550905337,-0.6831299110640016,-2.9863930825907925,2401,6191.0,-20.41,-790.0,2.81,화학,-4.62,-13.52,99.96,-11.36,0.0,-0.7218995588021827,-0.6895280137432507,2026-05-12
011090,에넥스,2026-05-12,,,0.0,0.0,-1.0,0.0,-0.7940789164591078,-0.630471843992475,-1.7474291117577474,-3.17197987220933,2402,257.0,-19.45,-22.0,0.62,제조,0.0,-3.17,211.28,-18.5,-89.31,-0.6807203929799059,-0.6945085661837267,2026-05-12
025750,한솔홈데코,2026-05-12,-28.0,-1.0,-29.0,-204.0,-0.38633193876157634,0.0,-0.17611987376206736,-0.42171797337033295,0.0,-0.5978378471324003,2403,400.0,-1.79,-1387.0,0.4,종이·목재,-1.97,-20.01,128.79,-14.5,-79.58,-0.6597713666213106,-0.6972138219703786,2026-05-12
009440,KC그린홀딩스,2026-05-12,,,0.0,0.0,-1.0,0.0,0.0,0.0,0.0,0.0,2404,176.0,-0.43,-1741.0,0.17,금융,0.0,-29.91,51.01,-79.99,0.0,-0.7125344030791066,-0.7009834630779819,2026-05-12
090435,아모레퍼시픽우,2026-05-12,-283.0,362.0,79.0,-332.0,-0.7031630170460748,0.5,-1.0924384967361362,-1.3278928619184867,-1.5810715597062237,-4.001402918360847,2405,4783.0,0.0,0.0,0.0,화학,-0.22,,,,,-0.7124010427022603,-0.7026062826143831,2026-05-12
133820,화인베스틸,2026-05-12,25.0,0.0,25.0,-70.0,-0.9031007752018465,0.1,0.9426476980086503,-0.9169351494002912,-1.056147197139972,-1.030434648531613,2406,516.0,-8.8,-158.0,1.03,금속,-2.25,-12.26,231.53,56.22,0.0,-0.6413160997360852,-0.7147432439861421,2026-05-12
323410,카카오뱅크,2026-05-12,-1892.0,-1352.0,-3244.0,-18833.0,-0.23115067066860595,0.2,-1.4118988241443255,-0.5394640320804651,-1.9549343427795312,-3.906297199004322,2407,107591.0,0.0,0.0,0.0,금융,-2.59,0.0,0.0,0.0,0.0,-0.8429798912080543,-0.7358241327515022,2026-05-12
079160,CJ CGV,2026-05-12,1715.0,439.0,2154.0,-1190.0,2.3747126436005814,0.5,-0.3465169697515343,1.1361700845201803,-0.4830458332063212,0.30660728156232486,2408,8345.0,-5.81,-868.0,1.46,오락·문화,3.7,-22.79,533.92,16.22,26.71,-0.6686261778132696,-0.7362694597197259,2026-05-12
005950,이수화학,2026-05-12,235.0,60.0,295.0,1851.0,-0.5044196493333659,0.9,0.5383758593470327,-0.9012621879830591,1.9190122597837347,1.5561259311477083,2409,2461.0,-7.51,-1247.0,2.56,화학,-5.26,-30.98,305.01,-13.4,0.0,-0.7761685452738714,-0.7364428236418246,2026-05-12
006740,영풍제지,2026-05-12,,,0.0,0.0,-1.0,0.1,0.8016039301292854,-0.9962542503685713,-1.2306580289793285,-1.4253083492186143,2410,336.0,-1.35,-436.0,0.39,종이·목재,0.0,-26.05,100.88,5.83,0.0,-0.7737522988532909,-0.7387985036283851,2026-05-12
023000,삼원강재,2026-05-12,-12.0,-2.0,-14.0,-82.0,-0.45482866069089,0.1,-0.6894114171641569,-1.0775427530366466,-0.7100469124296952,-2.4770010826304985,2411,946.0,0.0,0.0,0.0,운송장비·부품,-1.05,0.0,0.0,0.0,0.0,-0.7349098415101689,-0.7406814074591775,2026-05-12
001290,상상인증권,2026-05-12,117.0,0.0,117.0,0.0,-0.6601197938573569,0.5,0.6825721749991291,-0.8002646193449374,-0.2581988564138317,-0.37589130075964,2412,1304.0,-22.3,-54.0,0.65,증권,-3.6,-3.11,537.0,-43.68,0.0,-0.6864639080973904,-0.7473666375850082,2026-05-12
027740,마니커,2026-05-12,,,0.0,0.0,-1.0,0.0,-0.8799906274931567,-0.6716431987877911,-1.6367863589151852,-3.188420185196133,2413,521.0,-821.0,-1.0,1.24,음식료·담배,0.0,-0.11,274.08,10.85,0.0,-0.7093018204957177,-0.7503871050895065,2026-05-12
095720,웅진씽크빅,2026-05-12,,,0.0,0.0,-1.0,0.0,-0.7395853570364928,-0.75935365467864,-1.3229650353792617,-2.8219040470943946,2414,1312.0,-5.86,-197.0,0.5,일반서비스,0.0,-8.34,182.64,-8.05,0.0,-0.7281351917694546,-0.7533458025943753,2026-05-12
023960,에쓰씨엔지니어링,2026-05-12,-23.0,-2.0,-25.0,-152.0,-0.15833333354375012,0.3,-1.278198909379912,-0.6640867594110332,-1.6020816287598025,-3.544367297550748,2415,456.0,-9.23,-130.0,0.97,건설,-6.25,-10.21,188.76,-4.2,0.0,-0.8571027293351018,-0.7676865681186011,2026-05-12
009830,한화솔루션,2026-05-12,16042.0,-18417.0,-2375.0,-48326.0,-0.6510759211151685,0.3,-1.951398606353272,-1.2219933965829792,-2.140518013128954,-5.313910016065205,2416,73914.0,-11.53,-3728.0,0.81,화학,-5.49,-7.01,196.33,7.58,0.0,-0.8654821733941926,-0.774452558856405,2026-05-12
137310,에스디바이오센서,2026-05-12,-410.0,-95.0,-505.0,-984.0,0.35658914722109536,0.2,-0.6562276528587068,0.12273546360424138,-1.7472957282208428,-2.2807879174753083,2417,9600.0,-1.9,-4193.0,0.41,의료·정밀기기,-1.97,-19.5,38.76,2.31,0.0,-0.7758973910395056,-0.7781341495060182,2026-05-12
006570,대림통상,2026-05-12,0.0,-10.0,-10.0,8.0,3.202898532451166,0.6,0.2816607066276266,1.633802412523239,1.2472190511468741,3.1626821702977397,2418,299.0,-1.77,-1111.0,0.78,금속,0.51,-35.21,305.43,-7.88,0.0,-0.9212130153704913,-0.7793558838596134,2026-05-12
000520,삼일제약,2026-05-12,12.0,0.0,12.0,-392.0,-0.7046604728520736,0.3,0.7529003393017801,-1.1172389391957114,-0.04484968207500396,-0.4091882819689352,2419,1902.0,-5.49,-1598.0,1.4,제약,-0.11,-22.41,178.85,-4.3,0.0,-0.7464772476501234,-0.8088282716407164,2026-05-12
003070,코오롱글로벌,2026-05-12,-100.0,-24.0,-124.0,-613.0,0.6638127852456783,0.4,-1.8166093813581687,1.3351704226969159,-0.4058396837802474,-0.8872786424415002,2420,2558.0,-1.06,-9461.0,0.37,건설,-0.98,-29.22,332.25,-7.81,0.0,-1.0207763440415414,-0.8438943550096362,2026-05-12
403550,쏘카,2026-05-12,145.0,67.0,212.0,-527.0,0.33131923456205525,0.4,-0.19165075530638154,-0.37035943486072176,-1.335868095415235,-1.8978782855823384,2421,4332.0,-23.55,-560.0,2.63,일반서비스,-2.37,-10.56,256.7,9.02,0.0,-0.8420835582745406,-0.8592194225414134,2026-05-12
006490,인스코비,2026-05-12,79.0,0.0,79.0,-21.0,0.9556113900390775,0.6,0.19063654320588003,0.562364175354103,1.5856945579625852,2.338695276522568,2422,623.0,-1.26,-339.0,3.53,통신,-3.61,-132.83,276.33,5.0,0.0,-0.870445711552968,-0.8683807576211755,2026-05-12
004410,서울식품,2026-05-12,,,0.0,0.0,-1.0,0.0,0.6446948458333841,-0.7681148643184236,-1.6560189090635022,-1.7794389275485418,2423,623.0,-19.75,-8.0,2.59,음식료·담배,0.0,-12.02,188.64,-9.56,0.0,-0.8271164408892363,-0.879875541547047,2026-05-12
069460,대호에이엘,2026-05-12,,,0.0,0.0,-1.0,0.0,0.0,0.0,0.0,0.0,2424,463.0,-1.27,-419.0,0.56,금속,0.0,-36.09,100.9,27.95,-40.42,-0.8943017349647372,-0.8828838185299022,2026-05-12
336260,두산퓨얼셀,2026-05-12,10867.0,-12694.0,-1827.0,19730.0,-0.42410074018856103,0.6,-1.2458013609124547,-1.2555572610483154,-1.2988407406064728,-3.800199362567243,2425,60713.0,-57.12,-1623.0,20.64,전기·전자,-4.14,-30.66,226.12,10.45,0.0,-1.0270400815486211,-0.8847624854557241,2026-05-12
003060,에이프로젠바이오로직스,2026-05-12,-73.0,-1.0,-74.0,-790.0,5.0,0.0,-2.4415950218396123,1.932183558380814,-0.5163977394943259,-1.0258092029531243,2426,499.0,-0.29,-12877.0,0.22,제약,30.0,-58.11,111.48,8.68,0.0,-0.937295298379506,-0.8852276871487328,2026-05-12
036420,콘텐트리중앙,2026-05-12,-22.0,-233.0,-255.0,-314.0,0.6737993340455828,0.4,-1.527732646340011,0.868561835802356,-1.3031674152805393,-1.9623382258181943,2427,1015.0,-1.12,-4691.0,0.69,오락·문화,-8.67,-71.28,317.83,23.18,0.0,-0.9500474871066882,-0.9098988860475011,2026-05-12
015260,에이엔피,2026-05-12,19.0,0.0,19.0,116.0,-0.4708994710044512,0.8,1.470129962408059,-0.4365299291294194,1.2379723029052536,2.271572336183893,2428,305.0,-2.07,-313.0,1.42,전기·전자,-3.0,-60.93,384.42,3.52,0.0,-0.8410292530198121,-0.9292525229982966,2026-05-12
092200,디아이씨,2026-05-12,-3451.0,-1.0,-3452.0,-4453.0,1.903987772622537,0.3,-2.5815152170384583,0.6815166938684608,-2.587021779983063,-4.487020303153061,2429,3403.0,-32.29,-271.0,2.39,운송장비·부품,12.04,-7.24,300.44,5.31,-15.03,-1.0766541129667528,-0.9537558994521719,2026-05-12
011300,성안머티리얼스,2026-05-12,36.0,0.0,36.0,-74.0,0.22881355880135001,0.1,0.0970639755703698,-0.12928541714180292,0.20835269599792167,0.17613125442648855,2430,422.0,-5.24,-508.0,1.32,섬유·의류,-7.16,-24.61,224.37,-3.12,0.0,-0.8599798281421237,-0.9557312576266968,2026-05-12
012170,아센디오,2026-05-12,8.0,-1.0,7.0,-44.0,0.009174311000757385,0.5,-0.6462740433450843,0.6460882408928257,0.999999900000009,0.9998140975477504,2431,223.0,-0.9,-1270.0,1.72,오락·문화,-4.96,-102.16,50.58,-56.02,0.0,-0.9940350632175873,-0.9589847055971594,2026-05-12
071950,코아스,2026-05-12,-89.0,0.0,-89.0,-108.0,1.5641025633136092,0.3,-0.5772880839405311,2.1222671456064064,-1.3353217330211196,0.20965732864475561,2432,186.0,-0.27,-5422.0,0.51,제조,-7.11,-171.5,134.5,-20.17,0.0,-0.8776239213459306,-0.9631857624513125,2026-05-12
084690,대상홀딩스,2026-05-12,-350.0,10.0,-340.0,-1692.0,0.28229513387467287,0.0,-1.3301863025727805,0.03221803472106937,-1.9733860113001782,-3.2713542791518893,2433,3321.0,-3.19,-2878.0,0.55,금융,-0.11,-15.42,236.26,5.06,8.59,-1.0093611088018306,-0.9777701887377348,2026-05-12
069640,한세엠케이,2026-05-12,,,0.0,0.0,-1.0,0.0,-0.7302008721244236,-0.5258282011461455,-1.5085537586275843,-2.7645828318981533,2434,298.0,-0.68,-980.0,1.5,유통,0.0,-117.07,1403.71,1.56,0.0,-0.9660694104483748,-0.9800030655067825,2026-05-12
012160,영흥,2026-05-12,-30.0,1.0,-29.0,-103.0,1.079999998336,0.2,-2.165142028334973,0.8086894081502196,-1.7968940661330488,-3.153346686317802,2435,477.0,-0.91,-517.0,0.24,금속,-1.46,-32.52,143.31,-9.76,0.0,-0.9981271163509354,-0.9863902982495494,2026-05-12
047040,대우건설,2026-05-12,17798.0,-327.0,17471.0,16759.0,-0.8095048564257208,0.6,0.2813584709251679,-1.2190829502312954,2.350406814882464,1.4126823355763367,2436,123889.0,-13.74,-2195.0,3.7,건설,-6.07,-23.89,284.46,-23.32,0.0,-0.9413652271368896,-1.0025220881835428,2026-05-12
000400,롯데손해보험,2026-05-12,-623.0,-6.0,-629.0,-2329.0,0.3606303643720008,0.1,-1.8318094924030814,-0.2953600285690943,-1.7748237599299015,-3.9019932809020776,2437,6111.0,0.0,0.0,0.0,보험,-2.04,0.0,0.0,0.0,0.0,-1.1284509034167476,-1.0270695705440664,2026-05-12
001680,대상,2026-05-12,-788.0,-301.0,-1089.0,-3040.0,0.05344522965871357,0.1,-1.216301779869578,0.12077101532960378,-1.4017532389781202,-2.4972840035180948,2438,6888.0,-2.35,-8447.0,0.67,음식료·담배,-0.85,-24.42,217.17,3.44,-4.33,-1.0513145977605238,-1.0366193504762093,2026-05-12
004540,깨끗한나라,2026-05-12,-55.0,4.0,-51.0,-220.0,0.3254203754721796,0.2,-0.6744366677253877,0.7638504336307627,-0.717594913200065,-0.62818114729469,2439,698.0,-1.48,-1263.0,0.41,종이·목재,-1.32,-26.34,273.37,-5.37,0.0,-0.9473847140020254,-1.0408037590182555,2026-05-12
011230,삼화전자,2026-05-12,-37.0,0.0,-37.0,-137.0,-0.7735191638025227,0.1,0.25482713691702435,-1.6849318152152242,-2.0776587639663378,-3.5077634422645376,2440,434.0,-4.76,-476.0,2.12,전기·전자,-1.09,-45.33,206.88,-11.27,0.0,-1.0764137817109962,-1.061547905764887,2026-05-12
007120,미래아이앤지,2026-05-12,451.0,3.0,454.0,431.0,1.8606060600859506,0.6,3.169145085728937,3.247702780104406,1.4204388932308667,7.83728675906421,2441,508.0,-6.19,-284.0,0.93,IT 서비스,-4.56,-14.73,46.88,-10.16,-37.72,-0.6019808216021386,-1.0829491069531938,2026-05-12
019490,엑시큐어하이트론,2026-05-12,,,0.0,0.0,-1.0,0.0,0.0,0.0,0.0,0.0,2442,413.0,-1.47,-369.0,3.34,전기·전자,0.0,-144.87,169.06,-19.46,0.0,-1.0912929823305244,-1.0881414152301316,2026-05-12
143210,핸즈코퍼레이션,2026-05-12,,,0.0,0.0,-1.0,0.0,0.0,0.0,0.0,0.0,2443,262.0,-0.3,-4014.0,0.28,운송장비·부품,0.0,-67.41,726.2,2.66,0.0,-1.1024637400642106,-1.0999502948623756,2026-05-12
058860,KTis,2026-05-12,-77.0,9.0,-68.0,59.0,0.1379018611077114,0.5,0.9814081722720541,-0.3666857626404538,0.11230587913331534,0.7270282887649157,2444,981.0,0.0,0.0,0.0,IT 서비스,-2.08,0.0,95.16,6.2,6.45,-1.10570722729437,-1.1234877416659705,2026-05-12
006840,AK홀딩스,2026-05-12,-30.0,0.0,-30.0,-146.0,-0.3872549021109669,0.3,-1.3580907785062868,-1.7851516469596846,-0.7888105599688459,-3.9320529854348174,2445,1019.0,-0.85,-9008.0,0.24,금융,-2.78,-25.49,432.2,-15.08,0.0,-1.1617799145191277,-1.1268849450766996,2026-05-12
432320,KB스타리츠,2026-05-12,393.0,-1301.0,-908.0,-1795.0,-0.10522058367671183,0.1,0.1425649484272456,-0.8783370660371502,-0.30175634203999213,-1.0375284596498968,2446,2525.0,-1.86,-900.0,0.7,리츠,-10.48,-26.53,363.5,12.51,27.02,-1.152653560621089,-1.1281718564919836,2026-05-12
011000,진원생명과학,2026-05-12,-155.0,0.0,-155.0,-469.0,2.223057643625606,0.5,0.4995898309393329,0.9347145374575239,0.24247193698850952,1.6767763053853664,2447,1045.0,-1.85,-622.0,2.4,제약,3.51,-81.98,191.47,-35.49,0.0,-1.1270091568470706,-1.1580736897910515,2026-05-12
012200,계양전기,2026-05-12,1612.0,0.0,1612.0,1396.0,5.0,0.5,1.8542702781819649,2.3430541591484224,-0.7888104821910886,3.4085139551392984,2448,2992.0,-8.46,-1299.0,14.97,기계·장비,29.91,-96.62,959.49,5.6,0.0,-1.0840379338442587,-1.2293300316354374,2026-05-12
066970,엘앤에프,2026-05-12,31794.0,-48613.0,-16819.0,-99782.0,0.42863462322923307,0.5,-2.479850511623291,1.1773724200338291,0.19225943680265115,-1.110218654786811,2449,70797.0,-12.16,-14393.0,10.01,전기·전자,-6.57,-76.95,363.06,12.97,0.0,-1.3571403818792895,-1.2596082652451903,2026-05-12
139990,아주스틸,2026-05-12,10.0,24.0,34.0,-230.0,-0.09505208342170712,0.4,0.25885493201859117,-0.6226334585516118,-1.0420638786975742,-1.405842405230595,2450,1318.0,-3.19,-1067.0,0.89,금속,-6.34,-31.3,596.53,8.6,0.0,-1.3495377933754733,-1.358195834141595,2026-05-12
011790,SKC,2026-05-12,-2130.0,507.0,-1623.0,-139482.0,1.6463563040309879,0.4,-2.290587859763562,0.3498230245707855,-2.4630600769215394,-4.403824912114316,2451,54909.0,-7.96,-18219.0,5.94,화학,-7.23,-73.28,232.74,7.11,0.0,-1.4892672621496796,-1.3612099951656722,2026-05-12
091810,티웨이항공,2026-05-12,60.0,-85.0,-25.0,-789.0,0.21849831120218877,0.2,0.07930407710173788,0.7114746121363751,-0.801874343720757,-0.011095654482644046,2452,3696.0,-0.67,-1326.0,6.22,운송·창고,-1.65,-503.7,3498.63,17.01,0.0,-1.3821210462423388,-1.441408586389558,2026-05-12
005090,SGC에너지,2026-05-12,1036.0,-962.0,74.0,-3673.0,-0.5383807090990178,0.3,-0.6304084090463137,-0.5974746074041473,-0.7175949132000645,-1.9454779296505254,2453,8199.0,-13.36,-4259.0,1.17,전기·가스,-1.9,-8.42,339.16,4.49,-49.47,-1.432498586596441,-1.4773880566479702,2026-05-12
