종목코드,종목명,시가총액,PER,EPS,PBR,섹터,당일등락(%),ROE(%),부채비율(%),매출증가율(%),영업이익증가율(%),raw_score,퀄리티점수,랭킹,기준일자
001420,태원물산,232.0,1.33,2299.0,0.5,운송장비·부품,-1.13,47.06,18.25,25.6,0.0,1.5781065793450564,1.5781065793450564,1,2026-05-01
031820,아이티센씨티에스,912.0,1.73,436.0,0.4,IT 서비스,0.0,25.89,145.4,10.04,12.09,1.5583818869479775,1.5583818869479775,2,2026-05-01
298000,효성화학,1475.0,0.38,103670.0,0.4,화학,0.0,260.94,309.76,-4.55,0.0,1.4414887856933447,1.4414887856933447,3,2026-05-01
009770,삼정펄프,777.0,2.05,15182.0,0.3,종이·목재,-1.43,15.76,15.53,-8.09,-24.64,1.3807304951197203,1.3807304951197203,4,2026-05-01
003230,삼양식품,101018.0,25.94,51697.0,8.05,음식료·담배,2.05,37.59,72.74,36.1,52.13,1.374478396933163,1.374478396933163,5,2026-05-01
402340,SK스퀘어,1109770.0,12.65,66468.0,4.01,금융,1.33,37.82,9.01,77.76,124.39,1.3417374567330393,1.3417374567330393,6,2026-05-01
008500,일정실업,158.0,4.61,569.0,2.55,섬유·의류,-2.42,100.89,112.57,-17.65,-61.75,1.1330601015454056,1.1330601015454056,7,2026-05-01
000910,유니온,706.0,3.02,1496.0,0.65,비금속,-1.95,24.64,157.34,-7.22,0.0,1.1119622747612345,1.1119622747612345,8,2026-05-01
136490,선진,2549.0,2.14,5002.0,0.45,음식료·담배,-1.74,23.5,133.95,12.75,44.41,1.1102825508014726,1.1102825508014726,9,2026-05-01
446070,유니드비티플러스,335.0,5.23,603.0,0.17,종이·목재,-0.79,3.31,20.87,15.47,0.0,1.0782099399901934,1.0782099399901934,10,2026-05-01
000950,전방,574.0,1.92,17743.0,0.17,섬유·의류,0.0,13.99,4.34,-28.76,0.0,1.0763165887113006,1.0763165887113006,11,2026-05-01
001450,현대해상,25915.0,2.67,11407.0,0.46,보험,-3.34,20.6,877.79,4.54,1.36,1.03840324793578,1.03840324793578,12,2026-05-01
006380,카프로,6185.0,12.75,287.0,7.01,화학,0.0,102.36,171.23,-90.64,0.0,1.0218784243987482,1.0218784243987482,13,2026-05-01
009140,경인전자,358.0,9.36,2437.0,0.37,전기·전자,-2.15,4.88,8.57,57.24,0.0,0.9821755279075259,0.9821755279075259,14,2026-05-01
348950,제이알글로벌리츠,2333.0,14.41,82.0,0.2,리츠,0.0,3.92,131.38,2.5,5.62,0.9723687601607455,0.9723687601607455,15,2026-05-01
069730,DSR제강,812.0,3.29,1713.0,0.43,금속,-1.4,13.97,37.51,5.09,43.69,0.9438141325660674,0.9438141325660674,16,2026-05-01
096760,JW홀딩스,3164.0,5.41,791.0,1.11,금융,-2.28,23.57,107.05,9.22,14.59,0.9323793801110923,0.9323793801110923,17,2026-05-01
000660,SK하이닉스,9165352.0,21.81,58955.0,7.37,전기·전자,-0.54,44.15,45.95,46.76,101.16,0.9319692201491231,0.9319692201491231,18,2026-05-01
350520,이지스레지던스리츠,1445.0,12.1,324.0,0.45,리츠,-0.25,4.88,30.37,-19.98,10.25,0.904872658718252,0.904872658718252,19,2026-05-01
019180,티에이치엔,1357.0,1.98,3815.0,0.6,전기·전자,-3.08,36.85,171.05,51.92,126.26,0.9015544270053482,0.9015544270053482,20,2026-05-01
003080,SB성보,540.0,1.57,1721.0,0.34,화학,0.37,24.66,49.42,7.51,0.0,0.898159695780519,0.898159695780519,21,2026-05-01
029530,신도리코,4853.0,25.09,1991.0,0.4,전기·전자,-1.09,1.88,7.6,-6.94,-69.0,0.8807342528239368,0.8807342528239368,22,2026-05-01
039490,키움증권,104389.0,9.83,40504.0,1.57,증권,-6.02,18.12,1107.51,51.78,35.51,0.8777177996678416,0.8777177996678416,23,2026-05-01
145270,케이탑리츠,432.0,6.96,129.0,0.4,리츠,-0.44,6.01,103.18,24.78,34.17,0.873492615228968,0.873492615228968,24,2026-05-01
033920,무학,2537.0,5.04,1766.0,0.39,음식료·담배,-0.56,8.49,17.37,-5.41,-39.35,0.8541041660578762,0.8541041660578762,25,2026-05-01
034120,SBS,2950.0,36.72,433.0,0.23,오락·문화,0.63,0.73,57.45,-3.65,0.0,0.8417253997641999,0.8417253997641999,26,2026-05-01
013520,화승코퍼레이션,1642.0,2.1,1559.0,0.54,운송장비·부품,6.67,31.51,194.36,4.82,-3.17,0.8343330502078916,0.8343330502078916,27,2026-05-01
010400,우진아이엔에스,313.0,4.12,996.0,0.34,건설,-1.68,9.89,31.59,19.53,0.0,0.8254616607755104,0.8254616607755104,28,2026-05-01
010770,평화홀딩스,605.0,1.74,2375.0,0.47,운송장비·부품,0.12,31.18,243.35,5.81,21.07,0.8212870971239182,0.8212870971239182,29,2026-05-01
317400,자이에스앤디,1871.0,6.64,727.0,0.41,부동산,-5.95,6.42,70.96,-12.08,426.28,0.8120417994414783,0.8120417994414783,30,2026-05-01
004490,세방전지,9148.0,6.55,10076.0,0.54,전기·전자,-2.08,9.12,34.89,4.01,-14.42,0.8107324827822872,0.8107324827822872,31,2026-05-01
004960,한신공영,1724.0,2.88,5172.0,0.21,건설,1.02,7.43,162.99,-22.9,73.19,0.7940887915225885,0.7940887915225885,32,2026-05-01
071970,HD현대마린엔진,35889.0,21.74,4867.0,7.34,기계·장비,-3.56,41.36,66.64,27.42,128.69,0.7894400487976472,0.7894400487976472,33,2026-05-01
004920,씨아이테크,635.0,4.2,290.0,0.87,전기·전자,-3.57,22.84,73.35,22.79,0.0,0.7892103218409864,0.7892103218409864,34,2026-05-01
032560,황금에스티,1083.0,6.01,1060.0,0.28,금속,-1.24,4.77,26.5,-1.42,-7.14,0.7862737098047482,0.7862737098047482,35,2026-05-01
483650,달바글로벌,28073.0,34.25,6599.0,14.11,화학,-5.24,52.59,28.6,68.17,69.56,0.783250816028402,0.783250816028402,36,2026-05-01
025560,미래산업,787.0,6.46,2391.0,0.56,의료·정밀기기,-3.56,8.85,24.26,87.78,-24.57,0.7794573964762574,0.7794573964762574,37,2026-05-01
001560,제일연마,917.0,8.71,1385.0,0.74,비금속,0.92,13.12,11.41,-3.75,-26.28,0.7781642148573633,0.7781642148573633,38,2026-05-01
155660,DSR,721.0,4.82,935.0,0.29,금속,-2.07,6.29,58.32,0.86,25.76,0.7729035784006149,0.7729035784006149,39,2026-05-01
126560,현대퓨처넷,3686.0,49.19,68.0,0.5,통신,-2.19,1.03,7.1,22.57,-9.15,0.762838773341307,0.762838773341307,40,2026-05-01
000850,화천기공,853.0,7.49,5173.0,0.25,기계·장비,-0.39,3.36,23.85,-0.2,0.0,0.7625462092742573,0.7625462092742573,41,2026-05-01
002450,삼익악기,1132.0,6.41,195.0,0.34,제조,0.0,6.36,83.8,-2.58,-61.55,0.760097580056755,0.760097580056755,42,2026-05-01
439260,대한조선,34481.0,12.24,7310.0,3.16,운송장비·부품,-0.78,32.19,40.8,14.21,86.07,0.7569209055311759,0.7569209055311759,43,2026-05-01
016880,웅진,2410.0,2.0,1511.0,1.32,일반서비스,7.3,96.89,1491.13,14.14,151.3,0.7520231385621536,0.7520231385621536,44,2026-05-01
016380,KG스틸,7031.0,5.21,1350.0,0.33,금속,3.99,6.73,50.85,-3.26,-26.83,0.7439214056665046,0.7439214056665046,45,2026-05-01
005680,삼영전자,3072.0,60.0,256.0,0.54,전기·전자,-4.77,0.96,4.39,-8.13,26.56,0.7375969992890961,0.7375969992890961,46,2026-05-01
005830,DB손해보험,109779.0,6.63,25263.0,0.93,보험,-2.67,17.75,576.91,5.56,-1.69,0.7343665540074246,0.7343665540074246,47,2026-05-01
002460,HS화성,1351.0,4.9,2719.0,0.29,건설,1.53,6.73,69.49,7.62,82.21,0.7309328288139579,0.7309328288139579,48,2026-05-01
293480,하나제약,1744.0,8.2,1196.0,0.54,제약,-1.11,7.24,23.56,0.39,-6.94,0.7178835789593854,0.7178835789593854,49,2026-05-01
008260,NI스틸,1127.0,4.38,899.0,0.44,금속,-1.5,10.53,86.11,-28.11,-47.45,0.71721122560057,0.71721122560057,50,2026-05-01
227840,현대코퍼레이션홀딩스,1265.0,3.45,4028.0,0.38,유통,-1.49,11.89,24.38,16.06,9.56,0.7154571831168463,0.7154571831168463,51,2026-05-01
017960,한국카본,25904.0,25.28,1960.0,4.3,금속,-1.69,19.3,79.81,22.52,188.14,0.7092530791742595,0.7092530791742595,52,2026-05-01
229640,LS에코에너지,26674.0,63.39,1374.0,12.63,금융,-4.18,21.43,117.63,10.48,49.16,0.7075370574555027,0.7075370574555027,53,2026-05-01
002310,아세아제지,3566.0,12.75,709.0,0.41,종이·목재,-1.42,3.52,22.39,-4.03,2.45,0.7034029431127835,0.7034029431127835,54,2026-05-01
013700,까뮤이앤씨,827.0,4.12,336.0,0.74,건설,0.0,19.39,165.46,14.24,0.0,0.7023059197608099,0.7023059197608099,55,2026-05-01
248170,샘표식품,1245.0,6.24,4366.0,0.47,음식료·담배,-0.55,7.81,43.46,1.0,278.85,0.7015799109172838,0.7015799109172838,56,2026-05-01
129260,인터지스,751.0,7.63,331.0,0.24,운송·창고,-1.37,3.4,68.48,1.11,-17.19,0.7013483336462227,0.7013483336462227,57,2026-05-01
008420,문배철강,595.0,8.98,323.0,0.31,금속,-3.97,3.58,20.55,-14.32,0.0,0.700437331972975,0.700437331972975,58,2026-05-01
004770,써니전자,649.0,15.23,120.0,0.8,전기·전자,-0.49,5.36,2.33,0.39,185.71,0.6999566760132976,0.6999566760132976,59,2026-05-01
010960,삼호개발,964.0,5.28,757.0,0.38,건설,-0.5,8.08,51.8,1.98,1135.62,0.6978033513287542,0.6978033513287542,60,2026-05-01
003240,태광산업,13249.0,16.39,72592.0,0.25,화학,-2.38,2.06,13.47,-9.87,0.0,0.6975767366592827,0.6975767366592827,61,2026-05-01
029460,케이씨,4315.0,11.85,3305.0,0.51,의료·정밀기기,-0.25,5.45,19.03,7.97,66.07,0.6946277792804355,0.6946277792804355,62,2026-05-01
042700,한미반도체,350749.0,164.8,2233.0,50.56,기계·장비,2.94,34.76,17.82,3.18,-1.57,0.6917239766616614,0.6917239766616614,63,2026-05-01
013580,계룡건설,2590.0,2.59,11193.0,0.27,건설,-2.03,11.1,225.45,-7.66,91.49,0.6895986223809754,0.6895986223809754,64,2026-05-01
004720,팜젠사이언스,921.0,27.24,154.0,0.31,제약,0.48,0.05,36.82,0.87,-32.15,0.6869787804274673,0.6869787804274673,65,2026-05-01
025540,한국단자,9245.0,8.8,10383.0,0.8,전기·전자,1.67,9.47,34.11,-4.43,-18.71,0.6853083099795239,0.6853083099795239,66,2026-05-01
033270,유나이티드제약,3214.0,10.16,1989.0,0.76,제약,-1.7,8.27,16.67,3.5,2.43,0.6820219140344466,0.6820219140344466,67,2026-05-01
097520,엠씨넥스,4002.0,7.99,2877.0,0.97,전기·전자,-3.16,13.61,44.32,21.02,17.19,0.6775771029167783,0.6775771029167783,68,2026-05-01
234080,JW생명과학,2047.0,7.16,1807.0,0.91,제약,-1.3,13.59,44.26,15.89,-7.29,0.6729307353047259,0.6729307353047259,69,2026-05-01
021820,세원정공,1525.0,3.28,4646.0,0.24,운송장비·부품,-2.31,6.73,12.09,16.48,49.75,0.6716193392740564,0.6716193392740564,70,2026-05-01
014580,태경비케이,1318.0,5.52,866.0,0.56,비금속,-1.04,10.6,49.09,25.07,-3.41,0.6652335225699132,0.6652335225699132,71,2026-05-01
016580,환인제약,2206.0,16.22,731.0,0.52,제약,0.68,3.41,13.75,-1.69,-39.44,0.664814037784818,0.664814037784818,72,2026-05-01
008040,사조동아원,1471.0,6.06,172.0,0.54,음식료·담배,0.19,9.45,68.18,-0.05,29.47,0.6637310494268054,0.6637310494268054,73,2026-05-01
900140,엘브이엠씨홀딩스,3289.0,243.14,7.0,0.64,외국증권,-1.5,3.55,38.8,47.58,358.76,0.6620391046747917,0.6620391046747917,74,2026-05-01
006980,우성,723.0,5.59,4186.0,0.28,음식료·담배,-0.43,6.27,117.55,1.13,125.49,0.6560809903728534,0.6560809903728534,75,2026-05-01
003120,일성아이에스,3026.0,23.1,985.0,0.62,제약,-1.52,3.41,3.05,-11.58,0.0,0.6555249875383033,0.6555249875383033,76,2026-05-01
271560,오리온,56774.0,14.83,9680.0,1.49,음식료·담배,-1.64,10.51,17.55,7.35,2.7,0.6494984464023432,0.6494984464023432,77,2026-05-01
108320,LX세미콘,10181.0,12.32,5081.0,0.9,전기·전자,1.29,7.49,24.36,-12.14,-34.85,0.645974476382826,0.645974476382826,78,2026-05-01
016800,퍼시스,4129.0,11.6,3094.0,0.54,제조,-0.55,6.07,12.13,-7.13,-73.29,0.6403496692479598,0.6403496692479598,79,2026-05-01
001770,SHD,204.0,6.97,2410.0,0.38,금속,-0.3,5.58,52.89,0.29,0.0,0.6397886552554877,0.6397886552554877,80,2026-05-01
004360,세방,3045.0,5.56,2865.0,0.29,운송·창고,-2.45,5.61,23.78,-9.58,11.45,0.6374656522966969,0.6374656522966969,81,2026-05-01
005870,휴니드,1335.0,12.43,761.0,0.74,전기·전자,-1.46,6.45,40.3,0.86,-47.39,0.6342468279316223,0.6342468279316223,82,2026-05-01
092440,기신정기,695.0,22.24,107.0,0.28,기계·장비,1.28,-0.19,5.78,-9.82,0.0,0.6338476657230765,0.6338476657230765,83,2026-05-01
326030,SK바이오팜,78235.0,29.3,3409.0,9.62,일반서비스,-1.87,39.28,45.03,29.06,111.69,0.628801864442488,0.628801864442488,84,2026-05-01
001630,종근당홀딩스,2470.0,6.11,8070.0,0.37,제약,-1.1,6.6,78.39,0.13,64.24,0.6275634548113735,0.6275634548113735,85,2026-05-01
006090,사조오양,794.0,6.28,1342.0,0.35,음식료·담배,0.24,5.61,80.74,2.34,28.35,0.6272131458185507,0.6272131458185507,86,2026-05-01
025530,SJM홀딩스,575.0,6.83,564.0,0.3,유통,-0.77,4.96,19.76,-0.19,-23.09,0.6259214288817182,0.6259214288817182,87,2026-05-01
092230,KPX홀딩스,3844.0,4.85,18774.0,0.33,화학,0.55,7.5,32.58,-4.92,-15.98,0.622432747859388,0.622432747859388,88,2026-05-01
007660,이수페타시스,110334.0,66.59,2257.0,14.6,전기·전자,2.95,29.64,70.53,30.01,100.95,0.6215565023827476,0.6215565023827476,89,2026-05-01
000970,한국주철관,1676.0,9.88,744.0,0.44,금속,-0.14,4.75,19.26,-3.05,-13.92,0.6175571982764281,0.6175571982764281,90,2026-05-01
267260,HD현대일렉트릭,451310.0,61.6,20324.0,22.21,전기·전자,-0.63,41.5,134.63,22.79,48.78,0.616407946911596,0.616407946911596,91,2026-05-01
067830,세이브존I&C,1303.0,10.31,308.0,0.27,유통,-0.31,2.64,19.1,-5.29,-29.58,0.612279245345313,0.612279245345313,92,2026-05-01
395400,SK리츠,20349.0,62.02,109.0,1.05,리츠,2.89,7.31,168.9,34.25,82.24,0.6112719008787215,0.6112719008787215,93,2026-05-01
357430,마스턴프리미어리츠,380.0,19.15,65.0,0.37,리츠,0.73,-0.6,58.76,9.45,0.0,0.6107563750196491,0.6107563750196491,94,2026-05-01
207940,삼성바이오로직스,680477.0,55.32,26572.0,9.13,제약,-0.2,19.44,48.44,30.31,56.6,0.610064274789634,0.610064274789634,95,2026-05-01
003090,대웅,13111.0,7.49,3011.0,0.78,제약,-0.66,16.11,82.88,6.79,-7.14,0.6052191671950247,0.6052191671950247,96,2026-05-01
016590,신대양제지,5259.0,23.06,566.0,0.64,종이·목재,1.48,3.83,27.98,-2.88,-24.05,0.6037574652312581,0.6037574652312581,97,2026-05-01
003650,미창석유,2176.0,4.14,30250.0,0.51,화학,2.21,13.54,18.53,5.55,-4.9,0.602726055091151,0.602726055091151,98,2026-05-01
079430,현대리바트,1639.0,22.11,361.0,0.38,제조,1.66,1.79,84.96,-17.34,-34.61,0.6018635040976994,0.6018635040976994,99,2026-05-01
072710,농심홀딩스,4526.0,3.95,24706.0,0.34,금융,-0.2,9.03,39.05,7.58,-6.37,0.5978157510808335,0.5978157510808335,100,2026-05-01
007860,서연,2221.0,3.97,2380.0,0.23,금융,-1.97,6.59,128.21,9.28,-17.5,0.597005992881395,0.597005992881395,101,2026-05-01
100220,비상교육,914.0,4.29,1638.0,0.43,오락·문화,-0.14,11.28,99.96,9.05,111.48,0.595872559067882,0.595872559067882,102,2026-05-01
000890,보해양조,583.0,8.79,48.0,0.67,음식료·담배,0.0,8.75,62.18,-4.8,32.9,0.5957118587186601,0.5957118587186601,103,2026-05-01
009540,HD한국조선해양,326618.0,15.06,30639.0,2.46,금융,-2.22,17.78,133.86,17.21,172.26,0.5954735475885055,0.5954735475885055,104,2026-05-01
016360,삼성증권,95998.0,9.53,11279.0,1.19,증권,-1.1,13.09,887.64,10.45,14.09,0.5949298868122007,0.5949298868122007,105,2026-05-01
000050,경방,2769.0,5.84,1728.0,0.32,유통,-1.17,6.03,54.67,3.83,37.5,0.5944890869292683,0.5944890869292683,106,2026-05-01
025000,KPX케미칼,2373.0,5.14,10548.0,0.36,화학,0.74,7.51,31.57,-6.93,-29.64,0.588028591125318,0.588028591125318,107,2026-05-01
101140,인바이오젠,883.0,5.48,1605.0,0.54,유통,2.57,10.64,1.81,12.82,0.0,0.5837528524323256,0.5837528524323256,108,2026-05-01
001520,동양,1919.0,9.57,84.0,0.21,비금속,-0.99,2.8,92.21,-15.96,0.0,0.5831434705820003,0.5831434705820003,109,2026-05-01
033780,KT&G,204468.0,19.87,8973.0,1.99,음식료·담배,1.02,11.77,51.98,11.36,13.03,0.5830827824316993,0.5830827824316993,110,2026-05-01
126720,수산인더스트리,4864.0,9.95,3423.0,0.87,건설,-1.02,9.17,21.53,6.59,-0.97,0.5827056336092032,0.5827056336092032,111,2026-05-01
001060,JW중외제약,7265.0,12.63,2470.0,2.04,제약,-2.8,17.6,63.87,7.77,14.52,0.5808877379162145,0.5808877379162145,112,2026-05-01
058650,세아홀딩스,7000.0,10.05,16154.0,0.28,금속,-0.25,2.93,100.43,9.88,76.91,0.5749185106177748,0.5749185106177748,113,2026-05-01
000220,유유제약,723.0,10.2,416.0,0.6,제약,-1.05,6.4,47.44,5.81,-5.8,0.5722849297963404,0.5722849297963404,114,2026-05-01
006040,동원산업,17019.0,4.38,8795.0,0.48,금융,0.39,11.61,110.1,7.15,2.96,0.5708357161458084,0.5708357161458084,115,2026-05-01
058850,KTcs,1116.0,4.92,548.0,0.48,IT 서비스,-0.19,11.55,109.12,-7.01,327.56,0.5705621002719797,0.5705621002719797,116,2026-05-01
210980,SK디앤디,2387.0,33.65,381.0,0.42,부동산,-0.85,1.25,174.18,-48.81,-29.58,0.5665800287714367,0.5665800287714367,117,2026-05-01
031440,신세계푸드,2025.0,2.62,19939.0,0.57,일반서비스,-0.95,23.71,127.3,-2.07,4475.7,0.565955143627117,0.565955143627117,118,2026-05-01
007210,벽산,1438.0,6.47,340.0,0.41,비금속,3.77,7.84,76.3,-5.04,-9.52,0.564752202678245,0.564752202678245,119,2026-05-01
014440,영보화학,955.0,5.68,841.0,0.49,화학,-0.42,9.0,10.17,2.16,-0.59,0.5597037998411865,0.5597037998411865,120,2026-05-01
123700,SJM,598.0,4.94,777.0,0.26,운송장비·부품,-1.67,5.4,19.01,-0.25,-20.53,0.5583921490433874,0.5583921490433874,121,2026-05-01
000590,CS홀딩스,928.0,5.37,14967.0,0.25,금융,0.75,5.36,8.04,-4.99,-9.41,0.5555035379187285,0.5555035379187285,122,2026-05-01
009970,영원무역홀딩스,28078.0,7.67,27133.0,0.8,금융,-1.89,12.83,32.34,13.68,42.25,0.549112614519672,0.549112614519672,123,2026-05-01
068290,삼성출판사,913.0,8.41,1085.0,0.52,오락·문화,-0.76,6.34,18.24,-2.97,0.0,0.5461998339131965,0.5461998339131965,124,2026-05-01
005440,현대지에프홀딩스,22372.0,5.43,2643.0,0.56,금융,-3.88,11.18,43.57,9.21,38.35,0.5451888441336464,0.5451888441336464,125,2026-05-01
005180,빙그레,6952.0,13.03,5757.0,0.89,음식료·담배,-0.4,7.58,43.7,1.81,-32.69,0.5442288282743325,0.5442288282743325,126,2026-05-01
210540,디와이파워,1706.0,6.79,2277.0,0.55,기계·장비,-1.72,8.3,20.26,-0.48,19.2,0.541091098602028,0.541091098602028,127,2026-05-01
004370,농심,22962.0,13.5,27970.0,0.77,음식료·담배,-1.95,6.18,35.0,2.2,12.79,0.5388096837336257,0.5388096837336257,128,2026-05-01
001620,케이비아이동국실업,715.0,2.27,283.0,0.27,운송장비·부품,0.0,13.01,221.58,20.89,0.0,0.5333287084329031,0.5333287084329031,129,2026-05-01
002810,삼영무역,3749.0,6.4,3174.0,0.59,유통,-2.17,10.06,15.64,-6.94,-30.49,0.5312973528904091,0.5312973528904091,130,2026-05-01
000990,DB하이텍,68955.0,27.41,5783.0,2.99,전기·전자,3.87,12.52,33.36,23.52,45.3,0.5267632558934026,0.5267632558934026,131,2026-05-01
192400,쿠쿠홀딩스,10473.0,7.19,4094.0,0.69,금융,-3.44,11.56,20.53,10.45,10.44,0.5259058350899598,0.5259058350899598,132,2026-05-01
069620,대웅제약,17183.0,8.77,16904.0,1.7,제약,-0.87,21.75,108.24,10.42,33.01,0.5253966493050504,0.5253966493050504,133,2026-05-01
005880,대한해운,8375.0,4.64,559.0,0.39,운송·창고,-1.89,8.63,70.18,-26.91,-36.96,0.5250650244937904,0.5250650244937904,134,2026-05-01
018500,동원금속,872.0,4.11,453.0,0.66,운송장비·부품,0.27,27.84,273.86,3.81,8.97,0.5239551303935162,0.5239551303935162,135,2026-05-01
005960,동부건설,2210.0,4.28,2251.0,0.4,건설,-0.21,10.28,206.43,4.16,0.0,0.521756417511472,0.521756417511472,136,2026-05-01
008700,아남전자,1151.0,19.64,76.0,0.86,전기·전자,-0.13,4.51,54.57,-16.71,-51.57,0.5186342572318459,0.5186342572318459,137,2026-05-01
005940,NH투자증권,119910.0,11.65,2888.0,1.34,증권,-2.75,11.76,783.5,36.52,57.66,0.5173607018574604,0.5173607018574604,138,2026-05-01
453340,현대그린푸드,5376.0,6.28,2635.0,0.74,유통,2.1,12.46,41.13,2.61,10.47,0.5152317112804959,0.5152317112804959,139,2026-05-01
003920,남양유업,3156.0,60.39,871.0,0.44,음식료·담배,-0.57,0.9,15.43,-4.06,0.0,0.5144409479540304,0.5144409479540304,140,2026-05-01
004250,NPC,1441.0,12.74,308.0,0.33,화학,-1.01,2.92,39.15,-1.73,124.63,0.5131215694811685,0.5131215694811685,141,2026-05-01
012630,HDC,16787.0,5.58,5038.0,0.48,금융,-2.43,10.82,133.68,6.2,88.24,0.5127934903204134,0.5127934903204134,142,2026-05-01
128940,한미약품,58931.0,34.76,13235.0,4.67,제약,-4.76,14.53,50.23,3.48,19.25,0.5106494136239159,0.5106494136239159,143,2026-05-01
000020,동화약품,1693.0,19.49,311.0,0.44,제약,-0.49,2.31,59.97,6.78,-98.09,0.5095944909033798,0.5095944909033798,144,2026-05-01
004800,효성,38168.0,11.57,19707.0,1.56,금융,1.56,14.35,88.55,6.99,77.73,0.5070987361729012,0.5070987361729012,145,2026-05-01
005430,한국공항,1862.0,4.59,12805.0,0.44,운송·창고,-1.18,10.46,30.68,5.85,4.46,0.5042835297965866,0.5042835297965866,146,2026-05-01
005930,삼성전자,12891044.0,33.59,6564.0,3.45,전기·전자,-2.43,10.85,29.94,10.88,33.23,0.5002603675834791,0.5002603675834791,147,2026-05-01
383800,LX홀딩스,6942.0,5.22,1744.0,0.35,금융,-2.05,7.01,17.89,-2.13,-14.5,0.5002586227341049,0.5002586227341049,148,2026-05-01
443060,HD현대마린솔루션,119033.0,44.15,6013.0,14.43,일반서비스,-1.12,33.73,54.27,13.59,28.86,0.49678784155930517,0.49678784155930517,149,2026-05-01
005720,넥센,3783.0,4.51,1596.0,0.27,화학,-1.91,6.86,113.35,11.58,-2.6,0.49506715146276425,0.49506715146276425,150,2026-05-01
030190,NICE평가정보,9013.0,11.78,1299.0,1.93,IT 서비스,-1.99,17.65,37.69,12.54,20.28,0.49192589818760224,0.49192589818760224,151,2026-05-01
002380,KCC,49320.0,3.21,173128.0,0.52,화학,-3.65,23.51,114.76,-2.63,-9.23,0.4912339717357196,0.4912339717357196,152,2026-05-01
111770,영원무역,36734.0,7.46,11109.0,0.86,유통,-1.54,12.66,39.25,15.51,63.01,0.4910487118038446,0.4910487118038446,153,2026-05-01
088790,진도,338.0,37.19,73.0,0.31,유통,1.12,0.84,24.88,-21.67,-69.59,0.4891387512816589,0.4891387512816589,154,2026-05-01
051600,한전KPS,27990.0,22.53,2761.0,2.08,건설,-1.89,9.29,26.58,1.25,-33.13,0.48871946174820335,0.48871946174820335,155,2026-05-01
244920,에이플러스에셋,2442.0,11.03,979.0,1.44,금융,0.19,13.82,97.3,32.32,-7.09,0.48726085988719636,0.48726085988719636,156,2026-05-01
107590,미원홀딩스,1469.0,5.61,11280.0,0.51,금융,-0.31,9.52,61.58,3.39,-11.67,0.48376517266613694,0.48376517266613694,157,2026-05-01
057050,현대홈쇼핑,10188.0,10.29,8251.0,0.4,유통,-2.53,4.36,32.47,-1.65,0.49,0.48118380279420825,0.48118380279420825,158,2026-05-01
383220,F&F,25627.0,6.43,10404.0,1.33,섬유·의류,-1.04,23.16,41.13,2.0,3.96,0.47908779714520955,0.47908779714520955,159,2026-05-01
023530,롯데쇼핑,38275.0,74.26,1822.0,0.25,유통,0.74,0.34,124.77,-1.78,15.63,0.4789454163388469,0.4789454163388469,160,2026-05-01
002140,고려산업,706.0,7.31,387.0,0.58,음식료·담배,0.71,8.43,120.22,-3.36,-3.65,0.47782763451455085,0.47782763451455085,161,2026-05-01
322000,HD현대에너지솔루션,25872.0,62.08,3721.0,6.19,전기·전자,7.19,10.59,26.96,16.64,1076.88,0.4749778598989669,0.4749778598989669,162,2026-05-01
005750,대림바스,940.0,7.03,802.0,0.55,비금속,-1.23,8.3,92.97,6.94,84.39,0.4749352553012972,0.4749352553012972,163,2026-05-01
092790,넥스틸,5278.0,14.65,1386.0,1.14,금속,-7.09,7.76,50.71,-0.25,-36.81,0.473514973359625,0.473514973359625,164,2026-05-01
002240,고려제강,6939.0,72.19,356.0,0.38,금속,-2.47,0.53,35.6,4.0,55.98,0.47334514804746375,0.47334514804746375,165,2026-05-01
104700,한국철강,3864.0,19.13,554.0,0.46,금속,-1.21,0.0,0.0,0.0,0.0,0.4722592031996484,0.4722592031996484,166,2026-05-01
004840,DRB동일,1039.0,24.06,224.0,0.26,화학,-0.55,1.11,84.29,6.65,13.83,0.47136178122374045,0.47136178122374045,167,2026-05-01
017370,우신시스템,1121.0,7.47,819.0,0.56,기계·장비,-1.92,10.18,137.05,-31.05,-42.17,0.47022916228025413,0.47022916228025413,168,2026-05-01
002170,삼양통상,1806.0,7.54,7984.0,0.35,섬유·의류,0.0,5.4,4.58,-8.69,-7.75,0.4702175180714892,0.4702175180714892,169,2026-05-01
004560,현대비앤지스틸,2594.0,17.62,976.0,0.5,금속,-5.81,2.58,36.89,-6.81,-15.46,0.46871885283865855,0.46871885283865855,170,2026-05-01
139480,이마트,29445.0,21.68,4921.0,0.26,유통,-1.3,1.27,144.61,-0.17,584.83,0.46789220699278966,0.46789220699278966,171,2026-05-01
084010,대한제강,4351.0,30.14,420.0,0.46,금속,-6.57,1.86,34.36,1.84,0.0,0.46589716617090565,0.46589716617090565,172,2026-05-01
005690,파미셀,10869.0,172.48,105.0,12.56,제약,-8.4,7.59,14.84,15.34,259.23,0.4658571593795481,0.4658571593795481,173,2026-05-01
053210,스카이라이프,2341.0,33.73,146.0,0.43,오락·문화,-0.4,1.27,73.34,-3.78,0.0,0.4633550902167825,0.4633550902167825,174,2026-05-01
012690,모나리자,865.0,69.56,34.0,1.07,종이·목재,-1.66,1.53,20.41,-2.64,-84.84,0.462729551540782,0.462729551540782,175,2026-05-01
090080,평화산업,557.0,3.55,286.0,0.9,운송장비·부품,-0.29,29.03,312.07,6.41,-5.11,0.46267045002952206,0.46267045002952206,176,2026-05-01
007700,F&F홀딩스,7510.0,5.97,3214.0,0.32,금융,-1.18,5.56,19.24,1.87,4.28,0.46124065981940127,0.46124065981940127,177,2026-05-01
079900,전진건설로봇,9354.0,29.66,2161.0,5.99,기계·장비,-2.88,20.58,47.0,12.3,-8.38,0.4598676078274822,0.4598676078274822,178,2026-05-01
033530,SJG세종,2212.0,3.22,2471.0,0.41,운송장비·부품,-2.69,14.05,150.88,4.42,40.89,0.45949023822999807,0.45949023822999807,179,2026-05-01
017900,광전자,5858.0,138.49,73.0,2.11,전기·전자,-4.89,1.77,7.12,1.92,-18.22,0.45866567867652475,0.45866567867652475,180,2026-05-01
071320,지역난방공사,8858.0,2.61,29268.0,0.38,전기·가스,-0.13,14.84,257.56,11.98,61.5,0.45741069706156345,0.45741069706156345,181,2026-05-01
005820,원림,399.0,10.71,1622.0,0.28,섬유·의류,2.84,2.98,19.33,8.86,155.29,0.4561228006057482,0.4561228006057482,182,2026-05-01
002820,SUN&L,299.0,-12.74,-186.0,0.13,종이·목재,-0.21,-1.06,112.24,-19.73,0.0,0.456071647244648,0.456071647244648,183,2026-05-01
306200,세아제강,5032.0,16.77,10577.0,0.45,금속,-2.1,2.69,62.94,-17.94,-75.56,0.45391616356759634,0.45391616356759634,184,2026-05-01
118000,메타케어,357.0,69.33,3.0,0.3,유통,0.0,0.42,63.63,62.42,-11.97,0.4536109794789782,0.4536109794789782,185,2026-05-01
000100,유한양행,72957.0,38.34,2389.0,2.97,제약,-1.72,8.81,36.35,5.75,90.19,0.4531866736716007,0.4531866736716007,186,2026-05-01
036530,SNT홀딩스,10125.0,7.79,7969.0,0.67,금융,-2.82,9.94,36.31,22.81,30.07,0.4522290009079317,0.4522290009079317,187,2026-05-01
024070,WISCOM,380.0,28.18,88.0,0.43,화학,1.85,1.53,15.14,4.81,0.0,0.4520110280045078,0.4520110280045078,188,2026-05-01
375500,DL이앤씨,38307.0,11.48,8625.0,0.79,건설,-2.08,7.34,84.38,-11.01,42.82,0.4487673754557849,0.4487673754557849,189,2026-05-01
001820,삼화콘덴서,6985.0,55.72,1206.0,2.52,전기·전자,-5.35,4.62,21.69,-0.31,-27.89,0.44790664208254305,0.44790664208254305,190,2026-05-01
002870,신풍,394.0,19.79,57.0,0.42,유통,2.55,2.75,3.86,6.36,0.0,0.44728420993744533,0.44728420993744533,191,2026-05-01
226320,잇츠한불,2713.0,16.23,762.0,0.56,화학,-6.0,4.35,5.81,7.69,7.44,0.44700510602733934,0.44700510602733934,192,2026-05-01
007340,DN오토모티브,28114.0,9.99,4809.0,1.24,전기·전자,12.27,15.02,115.36,7.02,0.95,0.4469346707435745,0.4469346707435745,193,2026-05-01
004450,삼화왕관,626.0,14.59,1991.0,0.47,금속,-0.68,3.73,80.87,-2.54,-36.43,0.4456126183070435,0.4456126183070435,194,2026-05-01
007590,동방아그로,825.0,8.46,716.0,0.44,화학,-0.16,5.75,43.81,5.14,-13.4,0.4448222258187673,0.4448222258187673,195,2026-05-01
088260,이리츠코크렙,3145.0,45.14,110.0,1.46,리츠,2.16,6.16,211.52,2.04,3.26,0.44228728793669253,0.44228728793669253,196,2026-05-01
036580,팜스코,1241.0,3.03,1114.0,0.57,음식료·담배,-3.7,23.16,380.59,-1.3,48.7,0.4392493105551849,0.4392493105551849,197,2026-05-01
009470,삼화전기,3208.0,33.99,1427.0,3.41,전기·전자,-1.02,10.39,50.0,-1.31,-51.44,0.4375165108321418,0.4375165108321418,198,2026-05-01
003850,보령,8527.0,13.29,748.0,0.99,제약,-1.39,7.89,64.15,0.03,-7.67,0.437196047037664,0.437196047037664,199,2026-05-01
003200,일신방직,3072.0,9.26,1445.0,0.31,섬유·의류,1.75,3.67,18.01,-1.24,36.89,0.43700398515408223,0.43700398515408223,200,2026-05-01
101530,해태제과식품,1893.0,8.12,800.0,0.56,음식료·담배,-0.15,7.77,129.5,1.94,-13.74,0.4368066408893222,0.4368066408893222,201,2026-05-01
008930,한미사이언스,25784.0,21.78,1731.0,2.65,금융,-0.79,13.13,55.24,5.73,50.07,0.4357798034540272,0.4357798034540272,202,2026-05-01
002960,한국쉘석유,6617.0,18.05,28196.0,5.2,화학,1.19,28.93,50.3,2.09,8.65,0.4356746504832755,0.4356746504832755,203,2026-05-01
064350,현대로템,293047.0,38.06,7055.0,9.52,운송장비·부품,1.7,30.05,206.39,33.42,120.26,0.4348623806316557,0.4348623806316557,204,2026-05-01
000370,한화손해보험,7728.0,3.43,1932.0,0.38,보험,-2.65,10.56,656.87,12.92,-1.41,0.43295417247346657,0.43295417247346657,205,2026-05-01
005740,크라운해태홀딩스,1065.0,6.05,1185.0,0.3,금융,-1.1,5.34,96.81,2.2,-15.28,0.432597445140112,0.432597445140112,206,2026-05-01
089470,HDC현대EP,1739.0,5.25,1039.0,0.4,화학,-2.5,9.61,87.1,0.21,52.07,0.429634274959818,0.429634274959818,207,2026-05-01
000240,한국앤컴퍼니,23686.0,6.82,3658.0,0.49,금융,-0.8,7.52,10.01,4.79,-1.59,0.4281151269616675,0.4281151269616675,208,2026-05-01
075580,세진중공업,11683.0,23.06,891.0,5.11,운송장비·부품,-3.07,24.35,112.95,14.28,103.97,0.4254999222910134,0.4254999222910134,209,2026-05-01
068270,셀트리온,444986.0,45.09,4447.0,2.55,제약,-1.72,5.94,28.71,17.01,137.49,0.4254290601997077,0.4254290601997077,210,2026-05-01
009450,경동나비엔,11320.0,12.62,6157.0,1.46,전기·전자,0.91,12.24,97.56,10.96,8.15,0.42468131613865356,0.42468131613865356,211,2026-05-01
001230,동국홀딩스,3625.0,22.53,506.0,0.2,금융,0.0,0.94,37.72,-0.71,-31.98,0.42433654746912075,0.42433654746912075,212,2026-05-01
013000,세우글로벌,360.0,10.36,121.0,0.69,유통,1.46,6.9,9.16,-0.7,3.57,0.42287090774535263,0.42287090774535263,213,2026-05-01
484870,엠앤씨솔루션,10564.0,34.35,3360.0,6.39,기계·장비,-1.37,21.82,115.93,54.15,71.5,0.4223218813842512,0.4223218813842512,214,2026-05-01
028100,동아지질,2410.0,12.88,1398.0,0.97,건설,-1.1,8.22,99.11,18.87,87.99,0.421596461394278,0.421596461394278,215,2026-05-01
294870,HDC현대산업개발,15126.0,9.56,2400.0,0.45,건설,-2.34,5.0,136.53,-2.57,34.65,0.41993039108320285,0.41993039108320285,216,2026-05-01
123890,한국자산신탁,3249.0,6.6,402.0,0.3,금융,-3.1,4.64,60.45,-9.79,-33.88,0.41909965359084256,0.41909965359084256,217,2026-05-01
004060,SG세계물산,990.0,122.25,4.0,0.37,유통,0.0,0.34,12.68,-4.65,0.0,0.41793088418288865,0.41793088418288865,218,2026-05-01
002900,TYM,3333.0,8.95,899.0,0.76,기계·장비,1.26,9.66,102.27,17.82,298.51,0.4169675425409203,0.4169675425409203,219,2026-05-01
044820,코스맥스비티아이,1710.0,5.86,3041.0,0.62,금융,0.06,11.08,240.34,7.96,60.68,0.4159046222575378,0.4159046222575378,220,2026-05-01
011760,현대코퍼레이션,4088.0,4.71,6561.0,0.54,유통,-5.07,12.91,234.59,7.99,4.94,0.4158680025649867,0.4158680025649867,221,2026-05-01
033240,자화전자,10511.0,22.63,2150.0,2.25,전기·전자,-2.01,11.15,74.93,24.63,-6.59,0.41362500288071535,0.41362500288071535,222,2026-05-01
035250,강원랜드,36798.0,11.57,1487.0,0.87,오락·문화,0.0,8.11,22.21,3.5,-17.66,0.4133658055278908,0.4133658055278908,223,2026-05-01
163560,동일고무벨트,1048.0,9.83,767.0,0.44,화학,-0.79,4.6,48.68,8.2,93.65,0.4126497166384695,0.4126497166384695,224,2026-05-01
064400,LG씨엔에스,62976.0,14.29,4548.0,2.15,IT 서비스,-2.55,17.35,79.68,2.46,7.6,0.4110153289412535,0.4110153289412535,225,2026-05-01
109070,주성코퍼레이션,890.0,43.21,39.0,3.07,전기·전자,-1.35,7.31,45.08,24.05,-15.88,0.4097238594560131,0.4097238594560131,226,2026-05-01
039570,HDC랩스,2178.0,17.78,472.0,0.72,건설,-0.12,4.6,65.41,2.69,66.16,0.4091975836839644,0.4091975836839644,227,2026-05-01
014910,성문전자,410.0,21.59,87.0,0.92,전기·전자,-7.03,4.73,89.05,11.68,51.67,0.40838360878485785,0.40838360878485785,228,2026-05-01
081000,일진다이아,2089.0,30.46,483.0,0.51,화학,-1.87,1.66,13.46,3.41,0.0,0.4078936485441541,0.4078936485441541,229,2026-05-01
033250,체시스,320.0,5.07,197.0,0.7,운송장비·부품,0.0,15.0,89.64,3.96,60.99,0.40752022658903736,0.40752022658903736,230,2026-05-01
012320,경동인베스트,1561.0,8.44,7820.0,0.29,금융,-5.98,3.8,23.09,-5.98,-22.85,0.4073103315927611,0.4073103315927611,231,2026-05-01
009160,SIMPAC,3837.0,18.63,315.0,0.48,금속,-4.08,3.79,98.98,44.48,134.69,0.40530907102017605,0.40530907102017605,232,2026-05-01
268280,미원에스씨,6125.0,9.99,12261.0,1.32,화학,0.91,14.34,22.46,4.49,11.43,0.4044666881294307,0.4044666881294307,233,2026-05-01
027410,BGF,5016.0,8.48,618.0,0.28,금융,-1.13,3.35,18.55,8.15,10.76,0.40382377710156214,0.40382377710156214,234,2026-05-01
007310,오뚜기,14649.0,21.16,17271.0,0.61,음식료·담배,0.0,3.35,65.29,3.83,-20.16,0.40372733378734466,0.40372733378734466,235,2026-05-01
267290,경동도시가스,1356.0,4.13,5572.0,0.29,전기·가스,-0.65,7.13,95.46,-1.81,22.51,0.4020423965245053,0.4020423965245053,236,2026-05-01
017800,현대엘리베이터,38584.0,14.72,6703.0,2.64,기계·장비,-0.3,20.11,157.77,-14.48,-7.32,0.4018349649769522,0.4018349649769522,237,2026-05-01
017550,수산세보틱스,1941.0,12.24,254.0,0.97,기계·장비,-1.27,8.21,34.29,15.92,57.15,0.399208513651474,0.399208513651474,238,2026-05-01
000120,CJ대한통운,23063.0,9.53,10612.0,0.49,운송·창고,-0.69,5.98,132.88,1.39,-4.26,0.3987134532558653,0.3987134532558653,239,2026-05-01
003480,한진중공업홀딩스,1819.0,3.08,2001.0,0.36,전기·가스,-2.22,14.18,278.72,3.17,59.68,0.3985738854421328,0.3985738854421328,240,2026-05-01
009180,한솔로지스틱스,894.0,5.64,563.0,0.62,운송·창고,-0.63,11.59,82.02,-1.82,23.33,0.3944963820260691,0.3944963820260691,241,2026-05-01
001270,부국증권,7570.0,21.39,3413.0,0.78,증권,-1.22,5.69,117.45,23.91,54.81,0.3944490062710105,0.3944490062710105,242,2026-05-01
011420,갤럭시아에스엠,507.0,17.52,105.0,0.8,오락·문화,-2.23,4.21,10.9,-1.41,-29.61,0.394236966211735,0.394236966211735,243,2026-05-01
000640,동아쏘시오홀딩스,6591.0,7.25,13508.0,0.57,금융,-2.2,8.32,80.57,7.24,19.1,0.3918283159929275,0.3918283159929275,244,2026-05-01
028670,팬오션,29615.0,9.82,564.0,0.52,운송·창고,-0.18,5.3,89.63,5.26,4.41,0.3917262898449944,0.3917262898449944,245,2026-05-01
006800,미래에셋증권,362599.0,30.08,2154.0,2.85,증권,-4.28,12.36,1015.02,31.66,61.19,0.39095806330902616,0.39095806330902616,246,2026-05-01
003300,한일홀딩스,5411.0,17.14,1024.0,0.32,비금속,0.34,1.91,59.01,-14.15,-55.88,0.3883241478543299,0.3883241478543299,247,2026-05-01
077500,유니퀘스트,1583.0,7.68,955.0,0.64,유통,-0.95,8.61,110.34,2.75,7.47,0.38518539261913803,0.38518539261913803,248,2026-05-01
271980,제일약품,2059.0,8.81,1590.0,0.97,제약,-1.82,11.72,103.4,-19.49,0.0,0.3837773415140344,0.3837773415140344,249,2026-05-01
284740,쿠쿠홈시스,5475.0,4.58,5327.0,0.5,일반서비스,-1.61,11.7,24.78,6.07,-0.36,0.38330638727033417,0.38330638727033417,250,2026-05-01
006890,태경케미컬,1043.0,11.92,754.0,0.6,화학,1.7,5.2,30.06,-13.74,-84.95,0.383151282726686,0.383151282726686,251,2026-05-01
014830,유니드,6416.0,9.83,9643.0,0.58,화학,-3.27,6.23,40.85,20.43,-7.9,0.38033240946374264,0.38033240946374264,252,2026-05-01
353200,대덕전자,55742.0,122.08,924.0,6.48,전기·전자,-2.25,5.37,31.28,19.41,335.74,0.3803002855501797,0.3803002855501797,253,2026-05-01
058430,포스코스틸리온,5034.0,29.54,284.0,1.31,금속,-6.88,4.45,30.99,-6.98,-52.9,0.3779248977567316,0.3779248977567316,254,2026-05-01
015230,대창단조,1924.0,7.04,1007.0,0.55,운송장비·부품,1.29,9.25,24.29,7.46,26.47,0.37781317679109694,0.37781317679109694,255,2026-05-01
032640,LG유플러스,68085.0,13.11,1208.0,0.76,통신,-1.31,6.01,117.06,5.65,3.36,0.37693075575363244,0.37693075575363244,256,2026-05-01
002990,금호건설,2046.0,3.22,1715.0,0.81,건설,-2.98,26.79,520.23,5.45,0.0,0.37495984260059345,0.37495984260059345,257,2026-05-01
030200,KT,153481.0,8.87,6869.0,0.83,통신,0.66,10.22,120.72,6.86,205.03,0.37378081471402985,0.37378081471402985,258,2026-05-01
280360,롯데웰푸드,11268.0,15.66,7734.0,0.49,음식료·담배,-0.98,3.34,100.02,4.25,-30.29,0.3737639293689184,0.3737639293689184,259,2026-05-01
004000,롯데정밀화학,17905.0,16.88,4112.0,0.73,화학,-2.53,4.42,12.75,4.92,47.62,0.3723396082447887,0.3723396082447887,260,2026-05-01
100250,진양홀딩스,1984.0,9.92,313.0,0.48,화학,0.49,4.88,55.72,-2.45,17.7,0.37166964541305314,0.37166964541305314,261,2026-05-01
000320,노루홀딩스,2937.0,9.23,2395.0,0.46,금융,-2.0,6.66,57.57,-0.69,-11.09,0.37136378989569857,0.37136378989569857,262,2026-05-01
007610,선도전기,1521.0,28.74,294.0,4.01,전기·전자,30.0,16.0,101.45,59.15,0.0,0.3702526646272057,0.3702526646272057,263,2026-05-01
009070,KCTC,1779.0,8.41,705.0,0.56,운송·창고,-1.98,6.92,136.79,11.85,-0.44,0.3701561429076166,0.3701561429076166,264,2026-05-01
003000,부광약품,6236.0,42.99,147.0,1.83,제약,-3.95,4.3,39.7,25.38,775.57,0.36893273584856734,0.36893273584856734,265,2026-05-01
019170,신풍제약,6128.0,73.06,160.0,2.22,제약,-1.85,3.35,30.19,6.15,0.0,0.3677476932956018,0.3677476932956018,266,2026-05-01
025890,한국주강,233.0,30.75,67.0,0.66,기계·장비,-4.63,2.27,21.57,-12.13,-55.56,0.3664373087842728,0.3664373087842728,267,2026-05-01
185750,종근당,11829.0,15.26,5615.0,1.12,제약,-1.38,8.17,78.89,6.68,-19.0,0.36619486335339996,0.36619486335339996,268,2026-05-01
009150,삼성전기,621452.0,91.44,9099.0,6.59,전기·전자,0.6,7.7,48.98,9.91,24.26,0.36600075081125555,0.36600075081125555,269,2026-05-01
081660,미스토홀딩스,21555.0,10.85,3743.0,0.97,유통,-1.93,11.39,112.73,4.68,31.59,0.36562878005203114,0.36562878005203114,270,2026-05-01
069960,현대백화점,24643.0,11.87,9177.0,0.52,유통,-2.68,4.64,78.26,1.02,33.06,0.3654672959833978,0.3654672959833978,271,2026-05-01
005800,신영와코루,1357.0,21.64,697.0,0.35,섬유·의류,-0.13,1.66,9.86,-5.86,-53.22,0.363032981801741,0.363032981801741,272,2026-05-01
090350,노루페인트,1766.0,10.98,804.0,0.43,화학,-1.34,4.0,66.34,-2.87,-30.88,0.36242801513218365,0.36242801513218365,273,2026-05-01
005810,풍산홀딩스,6524.0,8.76,5163.0,0.53,금융,-1.42,6.57,15.48,-3.75,-36.23,0.3611986128341993,0.3611986128341993,274,2026-05-01
010130,고려아연,329584.0,41.0,38514.0,2.94,금속,-1.56,8.48,82.36,37.63,70.28,0.3603794632130267,0.3603794632130267,275,2026-05-01
102260,동성케미컬,2229.0,6.71,656.0,0.48,화학,-2.65,7.39,77.6,13.63,23.08,0.35862182601743475,0.35862182601743475,276,2026-05-01
011780,금호석유화학,36881.0,14.89,9843.0,0.6,화학,-2.4,4.74,35.67,-3.35,-0.36,0.35807751320785397,0.35807751320785397,277,2026-05-01
103140,풍산,27800.0,18.89,5251.0,1.18,금속,-2.75,6.54,88.38,10.85,-8.14,0.3575227760187063,0.3575227760187063,278,2026-05-01
003460,유화증권,2016.0,14.81,240.0,0.48,증권,-1.25,3.5,50.88,16.49,0.0,0.3570563410288896,0.3570563410288896,279,2026-05-01
002320,한진,3014.0,-188.54,-103.0,0.2,운송·창고,-1.17,-0.11,183.4,1.64,12.1,0.35608744472275,0.35608744472275,280,2026-05-01
008490,서흥,2320.0,5.33,3759.0,0.46,화학,-1.23,9.22,96.14,10.57,48.35,0.35540811391616267,0.35540811391616267,281,2026-05-01
016740,두올,1491.0,5.5,945.0,0.53,운송장비·부품,0.39,11.34,96.71,2.96,13.23,0.355209520194984,0.355209520194984,282,2026-05-01
090460,비에이치,11630.0,38.08,906.0,1.5,전기·전자,-2.27,4.24,73.3,2.18,-37.99,0.3542933897017326,0.3542933897017326,283,2026-05-01
007810,코리아써키트,22232.0,53.71,1726.0,5.77,전기·전자,-2.83,11.54,76.14,7.3,0.0,0.35417223284630367,0.35417223284630367,284,2026-05-01
272450,진에어,3278.0,3.42,1834.0,1.36,운송·창고,-1.88,51.15,430.65,14.41,-10.46,0.35380400738190776,0.35380400738190776,285,2026-05-01
044450,KSS해운,2960.0,8.09,1584.0,0.53,운송·창고,-0.31,6.81,255.33,8.39,6.01,0.3510195829185895,0.3510195829185895,286,2026-05-01
002690,동일제강,351.0,-72.04,-24.0,0.22,금속,-1.37,-0.32,11.81,-16.42,0.0,0.35093388509795176,0.35093388509795176,287,2026-05-01
026960,동서,26620.0,18.38,1453.0,1.53,유통,0.56,8.48,3.52,9.0,1.94,0.3498140226928546,0.3498140226928546,288,2026-05-01
069260,TKG휴켐스,7722.0,12.89,1466.0,0.8,화학,-0.32,6.77,28.61,-5.1,-18.8,0.3495143968955208,0.3495143968955208,289,2026-05-01
195870,해성디에스,13634.0,57.24,1401.0,2.42,전기·전자,6.65,4.25,56.04,8.36,-18.25,0.3489770522703248,0.3489770522703248,290,2026-05-01
001720,신영증권,32403.0,29.83,6607.0,0.86,증권,-1.94,7.8,539.28,-0.34,29.45,0.3487945827213993,0.3487945827213993,291,2026-05-01
272550,삼양패키징,1771.0,10.23,1149.0,0.46,화학,-1.43,4.74,68.17,-6.23,-26.99,0.3483554545853301,0.3483554545853301,292,2026-05-01
017390,서울가스,3237.0,10.57,6187.0,0.23,전기·가스,1.08,2.8,60.33,7.29,0.0,0.3454844080748223,0.3454844080748223,293,2026-05-01
100090,SK오션플랜트,15338.0,39.28,625.0,1.88,금속,1.24,4.96,40.97,45.69,42.38,0.3449972743417687,0.3449972743417687,294,2026-05-01
014790,HL D&I,1344.0,10.96,324.0,0.29,건설,-2.47,2.9,239.56,10.33,37.83,0.344365232531928,0.344365232531928,295,2026-05-01
015890,태경산업,1497.0,8.92,574.0,0.49,화학,-0.39,5.41,67.64,15.01,-0.45,0.34402966360583825,0.34402966360583825,296,2026-05-01
025820,이구산업,2007.0,15.92,377.0,1.47,금속,2.92,9.61,141.16,8.98,146.38,0.3433584387915848,0.3433584387915848,297,2026-05-01
282330,BGF리테일,22815.0,11.68,11297.0,1.74,유통,-0.75,15.64,170.83,4.17,0.92,0.34156984052786976,0.34156984052786976,298,2026-05-01
378850,화승알앤에이,668.0,3.66,960.0,0.4,운송장비·부품,1.88,11.49,187.6,1.05,-13.6,0.3397159143091547,0.3397159143091547,299,2026-05-01
002790,아모레퍼시픽홀딩스,21294.0,20.96,1329.0,0.72,화학,-3.13,3.64,21.2,8.53,47.63,0.33936059507986593,0.33936059507986593,300,2026-05-01
011200,HMM,193364.0,10.49,1955.0,0.73,운송·창고,-1.2,6.9,26.31,-6.91,-58.4,0.33919636925996527,0.33919636925996527,301,2026-05-01
037560,LG헬로비전,1828.0,102.61,23.0,0.4,오락·문화,-1.46,0.4,179.64,5.79,39.02,0.3372733169781036,0.3372733169781036,302,2026-05-01
002840,미원상사,7211.0,16.57,9162.0,1.66,화학,2.08,10.66,18.38,1.23,-27.26,0.33576211841699816,0.33576211841699816,303,2026-05-01
377190,디앤디플랫폼리츠,2842.0,110.86,29.0,0.77,리츠,0.94,2.15,192.22,37.81,67.92,0.33438605280564254,0.33438605280564254,304,2026-05-01
015360,INVENI,4379.0,5.48,2930.0,0.55,일반서비스,-1.77,15.46,141.35,14.41,359.79,0.3320933917201358,0.3320933917201358,305,2026-05-01
009290,광동제약,4118.0,20.68,400.0,0.63,제약,-2.71,3.4,85.49,1.15,3.15,0.33198082955649355,0.33198082955649355,306,2026-05-01
020000,한섬,5957.0,12.88,2061.0,0.4,섬유·의류,-2.75,3.25,20.72,0.44,-17.79,0.3313186707903686,0.3313186707903686,307,2026-05-01
077970,STX엔진,24731.0,33.3,1850.0,7.21,기계·장비,-7.37,22.26,237.5,8.93,64.77,0.3294155466420842,0.3294155466420842,308,2026-05-01
192080,더블유게임즈,12937.0,10.01,6106.0,0.99,IT 서비스,-1.13,11.33,11.83,13.64,-6.67,0.3284253242490935,0.3284253242490935,309,2026-05-01
062040,산일전기,81438.0,54.39,4891.0,13.8,전기·전자,20.36,0.0,16.48,50.29,63.54,0.32658262629201884,0.32658262629201884,310,2026-05-01
241560,두산밥캣,69016.0,17.27,4168.0,0.96,기계·장비,-3.36,5.78,70.77,2.82,-21.26,0.32460979089657055,0.32460979089657055,311,2026-05-01
003780,진양산업,757.0,10.9,534.0,1.13,화학,-0.85,10.57,39.55,2.76,3.03,0.3245352469873253,0.3245352469873253,312,2026-05-01
013570,디와이,1387.0,9.87,534.0,0.33,금융,-0.94,3.62,75.63,6.55,34.91,0.32389124894213134,0.32389124894213134,313,2026-05-01
002350,넥센타이어,7257.0,5.13,1448.0,0.37,화학,-4.13,7.71,129.23,12.0,-1.07,0.32137456758947697,0.32137456758947697,314,2026-05-01
000270,기아,592647.0,7.94,19111.0,0.96,운송장비·부품,-3.25,12.92,61.76,6.23,-28.33,0.3211385858867647,0.3211385858867647,315,2026-05-01
006650,대한유화,11772.0,37.13,4878.0,0.61,화학,-3.67,1.74,29.73,19.56,0.0,0.320584113303788,0.320584113303788,316,2026-05-01
001380,SG글로벌,494.0,17.71,62.0,0.32,운송장비·부품,0.0,1.86,30.57,-5.99,-19.34,0.31719229073730915,0.31719229073730915,317,2026-05-01
003830,대한화섬,1651.0,-66.19,-1878.0,0.23,화학,0.73,-0.35,18.8,-7.9,0.0,0.3162739822729803,0.3162739822729803,318,2026-05-01
009680,모토닉,2395.0,11.65,946.0,0.49,운송장비·부품,-1.69,5.68,9.89,-3.75,-22.05,0.31572627350445803,0.31572627350445803,319,2026-05-01
006660,삼성공조,1064.0,14.93,877.0,0.36,운송장비·부품,-2.09,2.49,13.3,1.7,-49.93,0.3155990553295217,0.3155990553295217,320,2026-05-01
055490,테이팩스,954.0,47.28,423.0,0.61,화학,-4.53,1.3,29.11,3.81,75.61,0.3149927251410253,0.3149927251410253,321,2026-05-01
034230,파라다이스,14682.0,15.45,1026.0,0.8,오락·문화,-1.8,5.62,84.41,7.25,14.52,0.3140027728850227,0.3140027728850227,322,2026-05-01
006120,SK디스커버리,9734.0,8.54,6549.0,0.35,금융,-5.25,4.49,137.91,12.44,109.41,0.31317465296630115,0.31317465296630115,323,2026-05-01
016710,대성홀딩스,1390.0,8.11,1066.0,0.3,일반서비스,0.0,3.82,103.08,0.85,20.46,0.311427327785677,0.311427327785677,324,2026-05-01
000810,삼성화재,205825.0,11.33,40703.0,0.92,보험,-0.65,10.97,352.98,9.36,0.36,0.310540140450547,0.310540140450547,325,2026-05-01
339770,교촌에프앤비,2241.0,12.78,351.0,1.19,유통,-0.77,9.57,100.13,7.6,126.97,0.31021986241936167,0.31021986241936167,326,2026-05-01
138040,메리츠금융지주,186927.0,8.8,12698.0,1.82,금융,-1.93,22.53,1102.87,16.25,-9.91,0.3100801912432665,0.3100801912432665,327,2026-05-01
005850,에스엘,29216.0,9.4,6692.0,1.13,운송장비·부품,-5.41,12.81,50.74,5.36,3.02,0.30775650763958506,0.30775650763958506,328,2026-05-01
114090,GKL,7460.0,15.85,761.0,1.69,오락·문화,0.0,11.01,47.53,6.7,37.37,0.30615654329180486,0.30615654329180486,329,2026-05-01
192650,드림텍,4628.0,6710.0,1.0,1.19,전기·전자,-2.04,0.02,78.27,4.94,33.2,0.30509056242689386,0.30509056242689386,330,2026-05-01
005490,POSCO홀딩스,366096.0,57.14,8085.0,0.63,금속,-1.49,1.18,68.64,-4.94,-15.94,0.3029695898181335,0.3029695898181335,331,2026-05-01
035150,백산,2484.0,7.8,1590.0,0.98,화학,-0.32,13.22,71.39,1.6,-29.96,0.30245690249989976,0.30245690249989976,332,2026-05-01
049800,우진플라임,547.0,23.99,114.0,0.5,기계·장비,-4.54,2.11,186.23,0.97,110.77,0.3024489437775046,0.3024489437775046,333,2026-05-01
013870,지엠비코리아,935.0,6.44,762.0,0.32,운송장비·부품,-1.21,5.16,126.8,8.33,6.77,0.30173252843240783,0.30173252843240783,334,2026-05-01
002720,국제약품,997.0,17.51,269.0,1.02,제약,-1.46,6.09,86.56,12.17,-7.71,0.30030797932473,0.30030797932473,335,2026-05-01
014680,한솔케미칼,32405.0,21.93,12993.0,2.87,화학,-3.39,14.34,35.94,13.86,21.28,0.29965498293164866,0.29965498293164866,336,2026-05-01
006060,화승인더,1931.0,9.97,350.0,0.5,유통,0.0,5.63,185.01,-4.64,-35.23,0.2978785241185235,0.2978785241185235,337,2026-05-01
028260,삼성물산,484074.0,21.07,14165.0,0.98,유통,-3.24,6.02,50.5,-3.23,10.37,0.2968001797038073,0.2968001797038073,338,2026-05-01
010640,진양폴리,401.0,7.59,316.0,0.73,화학,-0.83,9.74,75.39,-0.87,0.26,0.29423943628748833,0.29423943628748833,339,2026-05-01
009460,한창제지,325.0,12.36,44.0,0.34,종이·목재,0.0,2.85,204.68,6.6,0.0,0.2931400705742697,0.2931400705742697,340,2026-05-01
018470,조일알미늄,2215.0,20.1,87.0,1.11,금속,-4.79,5.62,111.24,7.0,137.31,0.2918640396519977,0.2918640396519977,341,2026-05-01
0030R0,대신밸류리츠,2585.0,116.89,37.0,0.88,리츠,-0.92,0.0,146.52,0.0,0.0,0.289760418977596,0.289760418977596,342,2026-05-01
004430,송원산업,3804.0,163.4,97.0,0.5,화학,7.09,0.31,50.94,-2.9,-65.22,0.2893614526994478,0.2893614526994478,343,2026-05-01
213500,한솔제지,2030.0,52.33,163.0,0.29,종이·목재,0.12,0.56,185.78,3.35,127.05,0.28719952695678547,0.28719952695678547,344,2026-05-01
004890,동일산업,964.0,-7.47,-5321.0,0.21,금속,-0.62,-3.11,11.99,-16.32,0.0,0.28677623498438387,0.28677623498438387,345,2026-05-01
012030,DB,4044.0,8.24,244.0,0.85,IT 서비스,-1.95,11.67,119.77,9.54,40.41,0.28609773077775125,0.28609773077775125,346,2026-05-01
018250,애경산업,3935.0,25.87,576.0,0.94,화학,-3.68,3.8,24.74,-3.62,-54.84,0.28562629513711857,0.28562629513711857,347,2026-05-01
004690,삼천리,5353.0,5.37,27498.0,0.3,전기·가스,-0.14,6.84,136.9,3.03,39.66,0.28515595269434924,0.28515595269434924,348,2026-05-01
003690,코리안리,21825.0,7.47,1653.0,0.59,보험,-1.52,9.03,287.13,-3.64,16.16,0.281718149096576,0.281718149096576,349,2026-05-01
093050,LF,7252.0,7.33,3382.0,0.41,섬유·의류,-2.75,6.18,63.89,-3.77,33.27,0.27917725462641557,0.27917725462641557,350,2026-05-01
078930,GS,76098.0,9.71,8434.0,0.53,금융,-0.24,5.55,86.04,-0.26,-4.59,0.27891089623138704,0.27891089623138704,351,2026-05-01
009190,대양금속,663.0,9.09,169.0,0.86,금속,0.13,0.0,44.32,3.68,197.45,0.27792910064320064,0.27792910064320064,352,2026-05-01
007540,샘표,1490.0,15.29,3388.0,0.48,금융,-1.71,4.63,35.85,0.99,310.93,0.27791072777587533,0.27791072777587533,353,2026-05-01
009240,한샘,10637.0,22.98,1967.0,1.88,유통,1.69,12.34,148.39,-8.59,-40.79,0.27588354095041756,0.27588354095041756,354,2026-05-01
300720,한일시멘트,12834.0,16.45,1061.0,0.69,비금속,-0.46,4.14,62.39,-18.25,-51.09,0.2756811633410382,0.2756811633410382,355,2026-05-01
004140,동방,1398.0,8.12,359.0,0.79,운송·창고,-0.85,10.36,272.55,5.04,-18.14,0.2753189056504832,0.2753189056504832,356,2026-05-01
002100,경농,2046.0,10.97,955.0,0.71,화학,3.15,7.24,68.7,4.32,7.4,0.27422898505559756,0.27422898505559756,357,2026-05-01
010100,한국무브넥스,1364.0,6.54,685.0,0.34,운송장비·부품,-3.66,5.3,132.93,8.42,-42.03,0.27302303854194293,0.27302303854194293,358,2026-05-01
004980,성신양회,2802.0,11.11,1029.0,0.48,비금속,-3.54,4.49,120.49,4.61,-18.0,0.2715382716902699,0.2715382716902699,359,2026-05-01
001780,알루코,2910.0,18.78,160.0,0.89,금속,-7.82,4.86,125.5,-7.59,-8.29,0.27022774834353436,0.27022774834353436,360,2026-05-01
267250,HD현대,245274.0,25.48,12187.0,2.17,금융,3.16,10.25,159.39,5.16,104.47,0.268730047152395,0.268730047152395,361,2026-05-01
161390,한국타이어앤테크놀로지,73334.0,6.73,8795.0,0.6,화학,-3.27,9.39,87.63,125.27,4.47,0.26833552948277006,0.26833552948277006,362,2026-05-01
018670,SK가스,26753.0,11.35,25453.0,0.89,유통,1.58,8.25,155.42,8.18,54.2,0.26717567350067395,0.26717567350067395,363,2026-05-01
086280,현대글로비스,170250.0,9.82,23117.0,1.64,운송·창고,-4.82,18.13,78.92,4.08,18.26,0.26507869243193616,0.26507869243193616,364,2026-05-01
004830,덕성,777.0,15.39,322.0,0.78,화학,-1.1,5.78,56.68,16.76,-30.02,0.26319941206084413,0.26319941206084413,365,2026-05-01
001390,KG케미칼,4753.0,6.94,1019.0,0.48,화학,11.16,7.14,111.91,2.69,-4.12,0.2630508497465961,0.2630508497465961,366,2026-05-01
008350,남선알미늄,2717.0,75.18,28.0,0.96,금속,-4.75,1.25,53.87,-10.57,0.0,0.26178972812375056,0.26178972812375056,367,2026-05-01
015760,한국전력,279575.0,3.27,13311.0,0.58,전기·가스,-2.13,19.4,416.85,4.32,61.28,0.2607172364859707,0.2607172364859707,368,2026-05-01
377740,바이오노트,5206.0,-5.96,-857.0,0.34,제약,-0.39,-5.56,2.95,15.12,36.76,0.25612166779069667,0.25612166779069667,369,2026-05-01
015860,일진홀딩스,5093.0,14.47,713.0,0.9,금융,-0.29,7.36,103.39,26.82,102.26,0.2545156549216023,0.2545156549216023,370,2026-05-01
007690,국도화학,3871.0,17.76,2354.0,0.42,화학,-5.75,2.56,99.64,6.88,109.88,0.25402191401698193,0.25402191401698193,371,2026-05-01
001800,오리온홀딩스,16194.0,13.39,1931.0,0.63,금융,2.17,5.01,19.93,6.19,-3.66,0.2524617258680197,0.2524617258680197,372,2026-05-01
200880,서연이화,3814.0,6.36,2220.0,0.33,운송장비·부품,-3.16,5.28,159.97,11.47,4.79,0.2486107987338135,0.2486107987338135,373,2026-05-01
007980,TP,1027.0,2.93,747.0,0.36,섬유·의류,-1.57,14.54,169.12,-3.3,26.72,0.246190669680847,0.246190669680847,374,2026-05-01
012510,더존비즈온,36474.0,40.91,2933.0,5.68,IT 서비스,0.0,16.0,78.85,10.93,45.04,0.24379527102074802,0.24379527102074802,375,2026-05-01
016610,DB증권,5798.0,7.12,1918.0,0.5,증권,-2.98,7.66,1028.92,45.77,88.65,0.2425715538285569,0.2425715538285569,376,2026-05-01
000430,대원강업,2706.0,7.44,587.0,0.48,운송장비·부품,0.81,6.72,98.48,16.93,108.32,0.2424366801158454,0.2424366801158454,377,2026-05-01
063160,종근당바이오,1070.0,12.3,1586.0,0.82,제약,-0.61,6.85,117.15,7.11,0.0,0.24024981632338294,0.24024981632338294,378,2026-05-01
037270,YG PLUS,3253.0,14.48,353.0,1.72,IT 서비스,-2.29,12.69,40.71,27.66,948.35,0.24015105390965963,0.24015105390965963,379,2026-05-01
011070,LG이노텍,135613.0,39.74,14419.0,2.35,전기·전자,-3.21,6.14,107.02,3.28,-5.81,0.23879822721312657,0.23879822721312657,380,2026-05-01
011150,CJ씨푸드,976.0,34.81,78.0,1.11,음식료·담배,0.18,3.29,91.52,-0.83,0.0,0.23851194875718262,0.23851194875718262,381,2026-05-01
267270,HD현대건설기계,88224.0,32.76,5613.0,1.77,기계·장비,-6.17,5.74,86.64,9.85,-10.26,0.23621309584365296,0.23621309584365296,382,2026-05-01
007570,일양약품,2147.0,31.78,354.0,0.87,제약,-1.75,2.92,89.44,1.39,-48.43,0.2362012815686001,0.2362012815686001,383,2026-05-01
025860,남해화학,5832.0,20.0,587.0,1.02,화학,24.36,5.41,49.21,5.62,18.93,0.23340694419825325,0.23340694419825325,384,2026-05-01
021240,코웨이,60931.0,10.06,8558.0,1.69,일반서비스,-1.49,18.14,93.71,15.16,10.47,0.23275154608288184,0.23275154608288184,385,2026-05-01
012330,현대모비스,385613.0,10.71,39682.0,0.77,운송장비·부품,-3.19,7.68,43.05,6.78,9.24,0.23122106962416544,0.23122106962416544,386,2026-05-01
002780,진흥기업,2018.0,92.47,15.0,0.76,건설,-4.87,0.81,102.63,-4.38,0.0,0.23108767213911674,0.23108767213911674,387,2026-05-01
029780,삼성카드,61753.0,9.56,5575.0,0.64,금융,0.57,7.45,263.01,-0.01,-3.58,0.23097317352616442,0.23097317352616442,388,2026-05-01
001120,LX인터내셔널,20698.0,14.59,3659.0,0.69,유통,-5.82,5.22,163.83,0.41,-40.27,0.23062349177067973,0.23062349177067973,389,2026-05-01
034830,한국토지신탁,4032.0,19.24,83.0,0.34,금융,-1.9,2.1,91.8,-21.99,0.0,0.2301038729718646,0.2301038729718646,390,2026-05-01
071050,한국금융지주,133742.0,7.32,32808.0,1.17,금융,-3.61,18.66,1025.35,6.15,95.49,0.22860967295612855,0.22860967295612855,391,2026-05-01
487570,HS효성,2440.0,12.45,5263.0,0.47,금융,0.0,3.68,73.92,95.32,117.14,0.22712039096755277,0.22712039096755277,392,2026-05-01
003490,대한항공,90398.0,11.63,2111.0,0.83,운송·창고,-2.19,7.28,339.88,41.16,-47.23,0.22710885173562811,0.22710885173562811,393,2026-05-01
183190,아세아시멘트,4282.0,25.95,452.0,0.39,비금속,-3.06,1.55,97.79,-7.89,-45.2,0.2264434836117636,0.2264434836117636,394,2026-05-01
094280,효성ITX,1523.0,10.6,1243.0,2.09,일반서비스,-0.15,21.21,160.04,2.5,1.12,0.2262584269977699,0.2262584269977699,395,2026-05-01
066570,LG전자,229507.0,26.48,5321.0,1.06,전기·전자,3.76,4.28,140.33,1.68,-27.53,0.22592883574430814,0.22592883574430814,396,2026-05-01
031430,신세계인터내셔날,5202.0,122.89,121.0,0.62,유통,-2.94,0.51,70.52,3.39,0.0,0.22492230130134466,0.22492230130134466,397,2026-05-01
001070,대한방직,371.0,-60.87,-115.0,0.16,섬유·의류,0.57,-0.42,51.18,18.2,-71.2,0.224322645723955,0.224322645723955,398,2026-05-01
000230,일동홀딩스,1148.0,10.51,947.0,0.68,제약,-1.29,6.81,132.32,-6.9,0.0,0.221278613537916,0.221278613537916,399,2026-05-01
001740,SK네트웍스,12989.0,26.09,225.0,0.56,유통,-1.18,2.44,148.85,-11.91,-24.25,0.22092732497670867,0.22092732497670867,400,2026-05-01
064960,SNT모티브,9289.0,13.34,2623.0,0.82,운송장비·부품,-6.04,6.97,25.5,3.87,4.51,0.22092515819880554,0.22092515819880554,401,2026-05-01
090430,아모레퍼시픽,79141.0,39.64,3413.0,1.71,화학,-4.31,4.41,26.49,9.47,52.32,0.22056841564319796,0.22056841564319796,402,2026-05-01
103590,일진전기,58415.0,56.22,2179.0,9.92,전기·전자,2.42,19.08,159.23,29.63,89.65,0.2197317604316985,0.2197317604316985,403,2026-05-01
105840,우진,5665.0,65.23,430.0,2.85,의료·정밀기기,-2.26,4.48,23.23,6.86,-11.97,0.2195068895791229,0.2195068895791229,404,2026-05-01
010120,LS ELECTRIC,417000.0,145.47,1911.0,19.97,전기·전자,1.83,14.67,131.48,9.09,9.42,0.21780276741399796,0.21780276741399796,405,2026-05-01
073240,금호타이어,16719.0,4.81,1209.0,0.82,화학,-4.28,18.53,147.44,3.73,-2.16,0.217492759488435,0.217492759488435,406,2026-05-01
042660,한화오션,403853.0,32.42,4066.0,6.54,운송장비·부품,-0.38,22.59,226.17,18.63,390.84,0.21724873159794617,0.21724873159794617,407,2026-05-01
004080,신흥,1315.0,47.1,297.0,1.14,유통,0.72,2.44,28.99,0.84,12.95,0.21489094247062668,0.21489094247062668,408,2026-05-01
035510,신세계 I&C,2950.0,10.72,1968.0,0.64,IT 서비스,-5.8,6.73,33.05,9.83,32.91,0.2112715769827081,0.2112715769827081,409,2026-05-01
024720,콜마홀딩스,3364.0,14.36,683.0,0.55,금융,-2.0,3.85,60.42,-6.88,-4.52,0.20600384302223973,0.20600384302223973,410,2026-05-01
047050,포스코인터내셔널,153581.0,25.01,3491.0,2.22,유통,2.83,9.27,140.03,0.35,0.65,0.20575661665047676,0.20575661665047676,411,2026-05-01
298040,효성중공업,364776.0,70.16,55755.0,15.49,전기·전자,-1.76,24.41,190.31,21.93,106.07,0.20472576826312766,0.20472576826312766,412,2026-05-01
002030,아세아,5579.0,18.27,14837.0,0.38,일반서비스,1.5,2.65,63.04,-6.13,-35.61,0.20208940886203464,0.20208940886203464,413,2026-05-01
272210,한화시스템,221602.0,91.5,1282.0,4.52,전기·전자,-0.68,6.6,106.5,30.69,-45.34,0.20184937421204144,0.20184937421204144,414,2026-05-01
285130,SK케미칼,10275.0,25.78,2304.0,0.51,화학,-4.81,2.0,93.85,36.18,0.0,0.20050800138140823,0.20050800138140823,415,2026-05-01
122900,아이마켓코리아,2541.0,12.12,627.0,0.65,유통,-1.17,5.74,223.2,-7.95,-54.63,0.1995616350206778,0.1995616350206778,416,2026-05-01
002600,조흥,882.0,10.91,13470.0,0.58,음식료·담배,0.07,5.41,187.05,14.03,-10.58,0.19870170760326786,0.19870170760326786,417,2026-05-01
003280,흥아해운,6948.0,22.76,127.0,2.72,운송·창고,0.35,12.66,74.22,-3.82,-59.06,0.1986298783200114,0.1986298783200114,418,2026-05-01
010690,화신,4330.0,6.49,1910.0,0.75,운송장비·부품,-3.28,12.25,172.88,14.61,56.86,0.1984249079035551,0.1984249079035551,419,2026-05-01
007070,GS리테일,19648.0,45.28,519.0,0.6,유통,-0.21,1.34,128.42,3.26,14.05,0.19743717500743477,0.19743717500743477,420,2026-05-01
002620,제일파마홀딩스,1438.0,9.83,916.0,0.43,일반서비스,-1.1,4.68,86.88,-15.67,0.0,0.1967530344341632,0.1967530344341632,421,2026-05-01
001200,유진투자증권,5415.0,8.39,666.0,0.45,증권,-6.37,5.91,875.66,2.51,44.74,0.19518077546131957,0.19518077546131957,422,2026-05-01
009900,명신산업,6979.0,10.22,1302.0,0.92,운송장비·부품,-6.21,9.4,84.78,2.88,-30.74,0.19478711069910487,0.19478711069910487,423,2026-05-01
030610,교보증권,15533.0,10.87,1254.0,0.73,증권,-3.06,6.96,809.49,42.34,67.16,0.19320102110778586,0.19320102110778586,424,2026-05-01
267850,아시아나IDT,1201.0,10.21,1060.0,0.71,IT 서비스,-1.9,7.06,30.35,3.01,1.25,0.19214687220120324,0.19214687220120324,425,2026-05-01
001430,세아베스틸지주,27076.0,48.18,1567.0,1.39,금속,3.28,2.89,100.44,0.43,88.05,0.19182381767779275,0.19182381767779275,426,2026-05-01
026890,스틱인베스트먼트,3924.0,28.03,361.0,1.44,금융,-4.17,5.99,20.26,14.79,28.06,0.18900649361847796,0.18900649361847796,427,2026-05-01
214390,경보제약,1597.0,34.43,194.0,1.09,제약,-1.76,3.19,94.24,10.26,88.53,0.18842215341120636,0.18842215341120636,428,2026-05-01
006880,신송홀딩스,865.0,23.73,308.0,0.73,유통,3.39,3.41,152.08,14.08,22.73,0.1860400942607806,0.1860400942607806,429,2026-05-01
060980,HL홀딩스,3945.0,19.56,2221.0,0.37,금융,-1.81,1.95,116.74,-2.63,-1.94,0.1855528549649065,0.1855528549649065,430,2026-05-01
014820,동원시스템즈,8147.0,15.31,1835.0,0.95,화학,-1.23,6.33,77.45,2.89,-28.02,0.18421548162646503,0.18421548162646503,431,2026-05-01
083420,그린케미칼,1502.0,18.36,341.0,1.2,화학,-1.88,6.75,67.41,17.0,115.8,0.18391202064567075,0.18391202064567075,432,2026-05-01
003550,LG,152834.0,21.41,4628.0,0.53,금융,0.81,2.64,12.03,1.07,-5.65,0.18249199711089156,0.18249199711089156,433,2026-05-01
005110,한창,265.0,0.41,3053.0,1.53,유통,0.0,1866.08,458.05,160.42,0.0,0.18191415201419592,0.18191415201419592,434,2026-05-01
034730,SK,308136.0,19.44,21863.0,0.93,금융,0.0,6.35,149.17,-0.56,-47.72,0.1802039953969206,0.1802039953969206,435,2026-05-01
001250,GS글로벌,4217.0,21.2,241.0,0.78,유통,-5.72,3.71,154.58,1.05,-32.85,0.1799918137905226,0.1799918137905226,436,2026-05-01
004700,조광피혁,4588.0,36.39,1896.0,0.82,섬유·의류,-0.86,2.58,13.87,-28.7,13.9,0.17827497617372423,0.17827497617372423,437,2026-05-01
034590,인천도시가스,1179.0,6.12,4405.0,0.51,전기·가스,0.37,8.85,103.01,20.77,17.58,0.17576851747153538,0.17576851747153538,438,2026-05-01
003030,세아제강지주,9940.0,15.71,15274.0,0.47,금융,-2.24,3.11,121.24,2.3,-2.73,0.17424311497006106,0.17424311497006106,439,2026-05-01
329180,HD현대중공업,718984.0,43.63,15702.0,7.7,운송장비·부품,-0.72,18.82,180.07,21.36,188.92,0.17410162845695526,0.17410162845695526,440,2026-05-01
023350,한국종합기술,578.0,6.77,780.0,0.32,일반서비스,-1.12,0.0,147.92,3.51,569.39,0.17332830057030305,0.17332830057030305,441,2026-05-01
001940,KISCO홀딩스,3828.0,-20.98,-1287.0,0.29,금속,-0.55,-1.57,10.9,-18.55,0.0,0.17243259055834534,0.17243259055834534,442,2026-05-01
002200,한국수출포장,1062.0,-28.81,-97.0,0.35,종이·목재,-1.24,-1.35,20.68,-4.03,0.0,0.17116266780090972,0.17116266780090972,443,2026-05-01
000300,DH오토넥스,1740.0,37.5,112.0,4.81,운송장비·부품,0.0,12.17,59.58,33.86,0.0,0.17075083295769095,0.17075083295769095,444,2026-05-01
111110,호전실업,738.0,5.98,1315.0,0.37,섬유·의류,-0.51,6.92,125.51,12.27,-15.24,0.16564494579919115,0.16564494579919115,445,2026-05-01
036570,엔씨소프트,58277.0,16.88,16023.0,1.56,IT 서비스,-2.52,10.79,28.56,-4.51,0.0,0.16558462432261817,0.16558462432261817,446,2026-05-01
214420,토니모리,1831.0,16.44,463.0,1.54,화학,-2.19,9.76,81.08,24.45,18.7,0.1639666914742101,0.1639666914742101,447,2026-05-01
084670,동양고속,1095.0,36.91,1024.0,1.81,운송·창고,-3.69,5.63,186.43,2.85,0.0,0.16134045896419838,0.16134045896419838,448,2026-05-01
178920,PI첨단소재,7562.0,32.35,796.0,2.24,화학,-3.38,7.16,56.11,15.46,0.0,0.16089724876548875,0.16089724876548875,449,2026-05-01
078520,에이블씨엔씨,3881.0,27.48,543.0,4.32,화학,-3.18,15.88,89.12,1.15,-1.33,0.16071879102743528,0.16071879102743528,450,2026-05-01
088350,한화생명,42428.0,6.62,738.0,0.26,보험,-3.84,6.51,974.0,11.6,4.58,0.15840360883354032,0.15840360883354032,451,2026-05-01
249420,일동제약,8384.0,28.43,932.0,3.39,제약,-3.11,13.59,139.25,-7.81,48.47,0.15672521677305168,0.15672521677305168,452,2026-05-01
001460,BYC,3148.0,21.62,2331.0,0.73,섬유·의류,0.4,3.52,37.92,-1.24,11.5,0.15356607549702034,0.15356607549702034,453,2026-05-01
000390,삼화페인트,2571.0,33.51,282.0,0.73,화학,-4.93,2.3,82.27,-1.8,-49.69,0.1525975081108042,0.1525975081108042,454,2026-05-01
013890,지누스,2873.0,-15.52,-832.0,0.44,제조,0.47,-2.8,65.26,-0.78,0.0,0.15121141853147482,0.15121141853147482,455,2026-05-01
001260,남광토건,971.0,18.36,538.0,0.78,건설,-1.4,4.48,228.13,-29.11,56.63,0.1495428611551871,0.1495428611551871,456,2026-05-01
001440,대한전선,104970.0,124.56,452.0,6.53,전기·전자,9.96,5.48,114.0,10.47,11.67,0.1491730296183399,0.1491730296183399,457,2026-05-01
248070,솔루엠,9276.0,74.9,259.0,1.94,전기·전자,-2.76,2.74,126.83,6.64,-32.69,0.1469316028279929,0.1469316028279929,458,2026-05-01
100840,SNT에너지,11623.0,13.77,4080.0,3.04,기계·장비,-3.93,25.15,61.71,105.98,400.52,0.1463413196986336,0.1463413196986336,459,2026-05-01
017940,E1,7429.0,7.09,15276.0,0.31,유통,-0.09,5.29,509.97,-7.15,45.03,0.14547984668213454,0.14547984668213454,460,2026-05-01
111380,동인기연,889.0,7.71,1880.0,0.56,섬유·의류,-0.55,7.66,97.7,7.7,6.97,0.1406284599691391,0.1406284599691391,461,2026-05-01
259960,크래프톤,125632.0,17.17,15438.0,1.68,IT 서비스,-4.5,10.6,31.31,22.76,-10.83,0.14006538911685457,0.14006538911685457,462,2026-05-01
001130,대한제분,2645.0,-10.47,-14949.0,0.26,음식료·담배,0.0,-2.47,52.08,0.03,-13.9,0.13795238881507188,0.13795238881507188,463,2026-05-01
011500,한농화성,3690.0,82.23,287.0,2.23,화학,-4.45,2.74,41.28,16.52,0.0,0.13746972712646338,0.13746972712646338,464,2026-05-01
000540,흥국화재,2836.0,2.7,1638.0,0.37,보험,-1.56,9.97,1568.87,1.51,-60.95,0.13727368340598955,0.13727368340598955,465,2026-05-01
030000,제일기획,23066.0,11.11,1804.0,1.29,일반서비스,1.26,13.7,125.93,4.67,5.04,0.1362126573054913,0.1362126573054913,466,2026-05-01
499790,GS피앤엘,10966.0,56.6,977.0,1.28,금융,-6.27,2.29,95.34,1156.95,0.0,0.13594333600016936,0.13594333600016936,467,2026-05-01
023590,다우기술,20085.0,4.12,11260.0,0.58,IT 서비스,-1.9,15.95,1006.86,50.48,32.74,0.13305941187106263,0.13305941187106263,468,2026-05-01
161890,한국콜마,20938.0,16.74,5299.0,2.3,화학,-0.89,14.69,107.38,11.03,23.6,0.12990923225404383,0.12990923225404383,469,2026-05-01
000720,현대건설,180174.0,48.73,3320.0,2.2,건설,-4.03,4.58,174.82,-4.92,0.0,0.1298998966476782,0.1298998966476782,470,2026-05-01
006340,대원전선,11801.0,133.19,113.0,9.86,전기·전자,14.97,7.45,127.85,12.98,-34.78,0.12937357083869616,0.12937357083869616,471,2026-05-01
025620,제이준코스메틱,1575.0,47.79,181.0,2.09,화학,-2.48,2.6,46.17,-53.4,0.0,0.12887661904991554,0.12887661904991554,472,2026-05-01
281820,케이씨텍,12137.0,23.78,2578.0,2.28,의료·정밀기기,-1.61,0.0,13.25,-0.67,20.45,0.1268719215642743,0.1268719215642743,473,2026-05-01
012800,대창,1504.0,71.74,23.0,0.44,금속,0.0,0.75,206.19,9.98,64.37,0.12508401426606397,0.12508401426606397,474,2026-05-01
007110,일신석재,1269.0,91.0,18.0,2.14,유통,-2.15,2.45,65.02,-22.23,-17.45,0.12494428098268524,0.12494428098268524,475,2026-05-01
001500,현대차증권,6783.0,11.05,993.0,0.42,증권,-3.18,4.21,758.88,1.38,32.11,0.12425384373675372,0.12425384373675372,476,2026-05-01
000700,유수홀딩스,1628.0,35.51,176.0,0.49,일반서비스,-1.57,1.35,16.38,-3.99,15.86,0.12304787921498207,0.12304787921498207,477,2026-05-01
003570,SNT다이내믹스,19885.0,32.29,1852.0,1.63,운송장비·부품,2.75,7.43,41.74,15.88,-22.67,0.12187299590030994,0.12187299590030994,478,2026-05-01
097230,HJ중공업,26186.0,47.93,605.0,3.91,건설,-4.76,10.15,266.36,6.03,824.9,0.12142742651716276,0.12142742651716276,479,2026-05-01
293940,신한알파리츠,7317.0,112.04,54.0,1.19,리츠,2.54,2.7,293.51,35.08,35.11,0.12071367628978785,0.12071367628978785,480,2026-05-01
074610,이엔플러스,448.0,46.04,111.0,2.65,기계·장비,0.0,6.04,200.5,46.06,0.0,0.12049489188132079,0.12049489188132079,481,2026-05-01
452260,한화갤러리아,5951.0,180.59,17.0,0.73,유통,-3.46,0.41,144.61,6.85,177.72,0.1192910916437554,0.1192910916437554,482,2026-05-01
023800,인지컨트롤스,1304.0,8.11,1017.0,0.56,운송장비·부품,0.73,7.15,169.3,10.57,50.16,0.11731973078550753,0.11731973078550753,483,2026-05-01
003670,포스코퓨처엠,224144.0,652.85,386.0,5.51,전기·전자,-3.45,0.92,102.65,-20.58,2727.51,0.11615576531616556,0.11615576531616556,484,2026-05-01
123690,한국화장품,1428.0,127.0,70.0,4.26,유통,-2.84,3.53,67.56,-8.36,-85.79,0.11518550263648414,0.11518550263648414,485,2026-05-01
035000,HS애드,1457.0,8.55,1051.0,0.69,일반서비스,1.12,8.38,139.56,-12.78,-7.03,0.1148316859930836,0.1148316859930836,486,2026-05-01
120110,코오롱인더,28179.0,74.45,1264.0,0.73,화학,-6.74,1.01,88.99,0.63,-31.39,0.1136793361190304,0.1136793361190304,487,2026-05-01
044380,주연테크,277.0,-16.54,-26.0,0.73,전기·전자,0.0,-4.59,21.66,18.02,0.0,0.11233681159986786,0.11233681159986786,488,2026-05-01
404990,신한서부티엔디리츠,2824.0,137.79,34.0,1.09,리츠,2.18,-0.67,209.15,77.65,99.16,0.11171697196618904,0.11171697196618904,489,2026-05-01
004020,현대제철,56781.0,-818.27,-52.0,0.29,금속,-6.99,-0.04,73.6,-2.12,37.46,0.10858388042845504,0.10858388042845504,490,2026-05-01
017670,SK텔레콤,204265.0,50.03,1901.0,1.57,통신,-0.52,3.33,132.4,-4.69,-41.14,0.10823660398185014,0.10823660398185014,491,2026-05-01
180640,한진칼,75241.0,48.94,2303.0,2.27,금융,-0.53,4.75,20.93,2.12,0.0,0.10666621851121245,0.10666621851121245,492,2026-05-01
004170,신세계,38442.0,282.64,1440.0,0.8,유통,0.12,0.32,140.91,5.47,0.62,0.10492230534000001,0.10492230534000001,493,2026-05-01
012750,에스원,32717.0,18.32,4699.0,1.66,일반서비스,-0.58,10.45,38.47,3.02,12.1,0.10458831223803682,0.10458831223803682,494,2026-05-01
489790,한화비전,43521.0,95.46,903.0,5.02,전기·전자,5.51,5.4,108.88,263.03,2868.57,0.10009237184009752,0.10009237184009752,495,2026-05-01
030210,다올투자증권,2689.0,7.61,580.0,0.46,증권,-2.0,6.64,1195.62,18.85,0.0,0.09991465563399748,0.09991465563399748,496,2026-05-01
005610,SPC삼립,4289.0,30.55,1627.0,0.84,음식료·담배,0.0,2.92,158.51,-1.68,-59.21,0.09974432162347924,0.09974432162347924,497,2026-05-01
214320,이노션,7920.0,8.63,2294.0,0.74,일반서비스,2.64,8.88,154.42,1.2,4.59,0.09941062091375552,0.09941062091375552,498,2026-05-01
052690,한전기술,72083.0,84.42,2234.0,11.48,일반서비스,-2.43,14.2,41.7,-8.91,-50.02,0.09675473740734652,0.09675473740734652,499,2026-05-01
105630,한세실업,4616.0,8.06,1431.0,0.62,섬유·의류,-2.7,7.93,109.01,8.01,-41.34,0.09435198509743939,0.09435198509743939,500,2026-05-01
006360,GS건설,32564.0,34.81,1093.0,0.67,건설,-8.75,2.03,234.2,-3.21,53.11,0.09150115373865003,0.09150115373865003,501,2026-05-01
005300,롯데칠성,11357.0,26.06,4697.0,0.81,음식료·담배,-0.89,3.13,167.74,-1.33,-9.61,0.09143715927497562,0.09143715927497562,502,2026-05-01
011210,현대위아,22490.0,22.71,3641.0,0.61,운송장비·부품,-4.06,2.75,72.8,3.68,-6.58,0.09041677075236976,0.09041677075236976,503,2026-05-01
028050,삼성E&A,104076.0,16.86,3150.0,2.2,일반서비스,-2.21,13.76,125.8,-9.41,-18.48,0.0841990658090604,0.0841990658090604,504,2026-05-01
145720,덴티움,4597.0,35.94,1483.0,0.82,의료·정밀기기,-1.48,2.94,66.21,-15.05,-34.91,0.08344106336609183,0.08344106336609183,505,2026-05-01
000670,영풍,12133.0,-156.16,-422.0,0.34,금속,-1.79,-0.23,49.37,4.36,0.0,0.08203003296026376,0.08203003296026376,506,2026-05-01
012610,경인양행,2118.0,37.43,136.0,0.87,화학,-1.55,2.35,98.78,1.46,-32.86,0.07867888150114266,0.07867888150114266,507,2026-05-01
003610,방림,2300.0,34.88,164.0,1.02,섬유·의류,-1.89,2.5,40.63,9.98,0.0,0.07786609272300048,0.07786609272300048,508,2026-05-01
005070,코스모신소재,19563.0,108.47,543.0,3.86,화학,-3.6,3.62,58.32,-9.51,-22.65,0.07739627428212792,0.07739627428212792,509,2026-05-01
003530,한화투자증권,16113.0,16.15,465.0,0.79,증권,-4.09,5.41,739.27,23.99,3624.18,0.07724238882998576,0.07724238882998576,510,2026-05-01
003720,삼영,3839.0,29.17,387.0,4.35,화학,-3.5,16.59,124.75,21.56,63.94,0.07481865074290471,0.07481865074290471,511,2026-05-01
004090,한국석유,2036.0,39.03,411.0,0.99,비금속,1.01,2.59,100.48,-4.03,-36.91,0.07231224223054399,0.07231224223054399,512,2026-05-01
072130,유엔젤,664.0,15.57,336.0,1.02,IT 서비스,0.58,7.07,22.68,16.06,333.63,0.07108030407258384,0.07108030407258384,513,2026-05-01
004270,남성,273.0,-7.31,-103.0,0.22,유통,0.0,-3.5,163.92,3.97,0.0,0.07012410020989719,0.07012410020989719,514,2026-05-01
134790,시디즈,387.0,-17.09,-1131.0,0.52,제조,-0.87,-3.53,56.09,-6.09,0.0,0.06734652197909127,0.06734652197909127,515,2026-05-01
092780,DYP,668.0,8.56,592.0,0.45,운송장비·부품,-0.39,5.54,214.78,6.57,71.79,0.06734550978625586,0.06734550978625586,516,2026-05-01
014160,대영포장,1295.0,0.0,0.0,0.67,종이·목재,0.42,-0.02,28.33,-0.93,-91.67,0.0645259333843122,0.0645259333843122,517,2026-05-01
000860,강남제비스코,2189.0,-81.35,-207.0,0.35,화학,-2.72,-0.43,37.42,-6.93,-59.6,0.0629381297492366,0.0629381297492366,518,2026-05-01
000180,성창기업지주,1004.0,-4.87,-1479.0,0.15,일반서비스,-1.1,-3.29,27.13,-11.1,0.0,0.06031974295357617,0.06031974295357617,519,2026-05-01
005010,휴스틸,3832.0,-25.45,-268.0,0.36,금속,-4.21,-1.38,29.78,-15.29,-79.57,0.05925131186111751,0.05925131186111751,520,2026-05-01
078000,텔코웨어,1562.0,25.3,668.0,0.78,IT 서비스,-1.46,5.56,26.54,-14.5,-2.64,0.0580732854208731,0.0580732854208731,521,2026-05-01
009320,아진전자부품,542.0,12.5,88.0,1.63,운송장비·부품,4.07,13.98,228.69,5.81,6.03,0.0571382058484477,0.0571382058484477,522,2026-05-01
053690,한미글로벌,3068.0,16.55,1692.0,1.3,일반서비스,-2.61,8.56,81.68,5.67,-9.74,0.05477482669668205,0.05477482669668205,523,2026-05-01
278470,에이피알,158925.0,55.1,7704.0,35.64,화학,-5.88,75.3,73.11,111.32,197.88,0.05190404161282484,0.05190404161282484,524,2026-05-01
034020,두산에너빌리티,814153.0,962.88,132.0,10.46,기계·장비,-1.63,1.11,129.1,5.08,-25.05,0.05033408328827328,0.05033408328827328,525,2026-05-01
000760,이화산업,442.0,-24.67,-640.0,0.33,유통,-0.63,-1.33,31.58,-6.53,0.0,0.04892446743204333,0.04892446743204333,526,2026-05-01
014530,극동유화,1395.0,121.21,33.0,0.68,화학,-0.87,0.55,116.19,-3.87,-32.49,0.047847679490534145,0.047847679490534145,527,2026-05-01
003680,한성기업,320.0,11.29,457.0,0.44,음식료·담배,-0.39,4.25,260.64,3.71,34.0,0.04781939727633888,0.04781939727633888,528,2026-05-01
003470,유안타증권,10479.0,11.67,450.0,0.57,증권,-3.67,5.4,950.94,27.59,4.88,0.046656885274657806,0.046656885274657806,529,2026-05-01
018260,삼성에스디에스,128602.0,16.93,9816.0,1.3,IT 서비스,-2.35,7.89,31.09,0.74,5.05,0.04605432896150666,0.04605432896150666,530,2026-05-01
079550,LIG넥스원,207020.0,81.71,11516.0,14.37,금속,-2.79,19.2,446.35,31.46,43.0,0.04386770524796124,0.04386770524796124,531,2026-05-01
031210,서울보증보험,33375.0,12.43,3844.0,0.64,보험,-0.62,5.18,81.11,0.27,34.34,0.04362800933029515,0.04362800933029515,532,2026-05-01
008870,금비,450.0,20.83,2158.0,0.46,비금속,-0.33,-0.6,119.15,-8.82,0.0,0.04351016287687581,0.04351016287687581,533,2026-05-01
039130,하나투어,6483.0,20.56,2036.0,4.26,일반서비스,-2.11,19.79,293.44,-4.82,13.17,0.04135004012961081,0.04135004012961081,534,2026-05-01
003620,KG모빌리티,8773.0,18.69,232.0,0.59,운송장비·부품,-1.92,3.21,126.95,10.21,2423.23,0.039304742089307405,0.039304742089307405,535,2026-05-01
035420,NAVER,330959.0,17.05,12376.0,1.14,IT 서비스,-4.09,7.37,41.9,12.08,11.56,0.036251750306877245,0.036251750306877245,536,2026-05-01
006260,LS,141336.0,53.56,8458.0,2.48,금융,8.24,5.65,225.47,15.7,-1.65,0.032011886391933635,0.032011886391933635,537,2026-05-01
112610,씨에스윈드,30195.0,87.0,823.0,2.57,금속,-1.24,3.02,167.68,-4.59,25.38,0.029660425677254687,0.029660425677254687,538,2026-05-01
000500,가온전선,39952.0,75.07,3217.0,8.26,전기·전자,11.29,10.97,184.82,47.4,75.94,0.02803464600063854,0.02803464600063854,539,2026-05-01
000080,하이트진로,12000.0,29.4,582.0,1.06,음식료·담배,-0.93,3.69,186.53,-3.87,-17.2,0.026534284491864485,0.026534284491864485,540,2026-05-01
084870,TBH글로벌,456.0,52.02,42.0,0.74,섬유·의류,-1.8,1.45,68.02,2.22,-6.26,0.02422805857536682,0.02422805857536682,541,2026-05-01
034310,NICE,5363.0,14.37,1015.0,0.67,일반서비스,0.62,4.98,162.04,6.72,13.68,0.01745595450868427,0.01745595450868427,542,2026-05-01
095570,AJ네트웍스,2398.0,8.44,628.0,0.52,일반서비스,-1.12,6.31,289.13,10.93,-6.17,0.01635961392108004,0.01635961392108004,543,2026-05-01
117580,대성에너지,2527.0,14.63,628.0,0.76,전기·가스,0.99,8.18,87.42,5.24,134.02,0.011171838389676475,0.011171838389676475,544,2026-05-01
017180,명문제약,607.0,31.93,56.0,0.61,제약,0.0,1.94,160.83,4.72,254.36,0.009259290633490014,0.009259290633490014,545,2026-05-01
003540,대신증권,18679.0,18.57,2044.0,0.7,증권,-1.68,5.06,864.43,23.7,260.56,0.00841126106333337,0.00841126106333337,546,2026-05-01
462520,조선내화,1737.0,77.93,188.0,0.78,비금속,-1.01,1.02,116.28,6.27,19.19,0.002747669984054537,0.002747669984054537,547,2026-05-01
075180,새론오토모티브,584.0,-112.59,-27.0,0.24,운송장비·부품,-0.82,-0.21,12.31,-2.33,0.0,0.0020451149377842537,0.0020451149377842537,548,2026-05-01
004910,조광페인트,623.0,-6.03,-808.0,0.24,화학,-1.12,-5.15,104.15,-18.29,0.0,0.0016272935792591564,0.0016272935792591564,549,2026-05-01
F70101BB1,한국투자서울오피스,,,,,,,,,,,0.0,0.0,550,2026-05-01
102280,쌍방울,,,,,,,,,,,0.0,0.0,551,2026-05-01
093230,이아이디,,,,,,,,,,,0.0,0.0,552,2026-05-01
094800,맵스리얼티1,6953.0,0.0,0.0,0.0,,1.9,,,,,0.0,0.0,553,2026-05-01
091090,세원이앤씨,,,,,,,,,,,0.0,0.0,554,2026-05-01
F70100023,한투미국경제주도1(A-e),,,,,,,,,,,0.0,0.0,555,2026-05-01
F70100022,한투미국경제주도1(A),,,,,,,,,,,0.0,0.0,556,2026-05-01
006390,한일현대시멘트,,,,,,,,,,,0.0,0.0,557,2026-05-01
F71902BBC,KB국민참여뉴딜2C,,,,,,,,,,,0.0,0.0,558,2026-05-01
F71901BBC,KB국민참여뉴딜2A,,,,,,,,,,,0.0,0.0,559,2026-05-01
F71201B97,키움히어로즈미국물류부동산1호,,,,,,,,,,,0.0,0.0,560,2026-05-01
Q610054,메리츠 블룸버그 -2X 천연가스 선물 ETN(H),,,,,,,,,,,0.0,0.0,561,2026-05-01
Q610044,메리츠 인버스 천연가스 선물 ETN(H),,,,,,,,,,,0.0,0.0,562,2026-05-01
F70100015,한투삼성그룹&글로벌성장1(A1-e),,,,,,,,,,,0.0,0.0,563,2026-05-01
098560,TIGER 방송통신,,,,,,,,,,,0.0,0.0,564,2026-05-01
005390,신성통상,,,,,,,,,,,0.0,0.0,565,2026-05-01
138490,코오롱ENP,,,,,,,,,,,0.0,0.0,566,2026-05-01
426330,KIWOOM 미국ETF산업STOXX,,,,,,,,,,,0.0,0.0,567,2026-05-01
346000,HANARO KAP초장기국고채,,,,,,,,,,,0.0,0.0,568,2026-05-01
373530,PLUS 신흥국MSCI인버스(합성 H),,,,,,,,,,,0.0,0.0,569,2026-05-01
411050,ACE 글로벌메타버스테크액티브,,,,,,,,,,,0.0,0.0,570,2026-05-01
394350,KIWOOM 글로벌퓨처모빌리티,,,,,,,,,,,0.0,0.0,571,2026-05-01
45014K,코오롱모빌리티그룹우,,,,,,,,,,,0.0,0.0,572,2026-05-01
407160,KCGI 테크미디어텔레콤액티브,,,,,,,,,,,0.0,0.0,573,2026-05-01
407170,KCGI 스마트커머스액티브,,,,,,,,,,,0.0,0.0,574,2026-05-01
441330,KIWOOM 차이나A50커넥트MSCI,,,,,,,,,,,0.0,0.0,575,2026-05-01
433870,PLUS TDF2050액티브,,,,,,,,,,,0.0,0.0,576,2026-05-01
433860,PLUS TDF2040액티브,,,,,,,,,,,0.0,0.0,577,2026-05-01
468820,WON 25-09 회사채(AA-이상)액티브,,,,,,,,,,,0.0,0.0,578,2026-05-01
467940,KODEX 25-11 회사채(A+이상)액티브,,,,,,,,,,,0.0,0.0,579,2026-05-01
467620,KIWOOM 25-09 미국채권(AA-이상)액티브,,,,,,,,,,,0.0,0.0,580,2026-05-01
F70100025,한투미국경제주도2(A-e),,,,,,,,,,,0.0,0.0,581,2026-05-01
F70100024,한투미국경제주도2(A),,,,,,,,,,,0.0,0.0,582,2026-05-01
Q700020,하나 블룸버그 -2X 천연가스 선물 ETN(H),,,,,,,,,,,0.0,0.0,583,2026-05-01
F72501BBC,신한국민참여정책형뉴딜혼합자산2호 C1,,,,,,,,,,,0.0,0.0,584,2026-05-01
F72502BBC,신한국민참여정책형뉴딜혼합자산2호 A1,,,,,,,,,,,0.0,0.0,585,2026-05-01
F72801BBC,한화국민참여정책형뉴딜2A,,,,,,,,,,,0.0,0.0,586,2026-05-01
F70100013,한투삼성그룹&글로벌성장1(A),,,,,,,,,,,0.0,0.0,587,2026-05-01
F70100014,한투삼성그룹&글로벌성장1(A1),,,,,,,,,,,0.0,0.0,588,2026-05-01
F70100012,한투삼성그룹성장테마2호(A-e),,,,,,,,,,,0.0,0.0,589,2026-05-01
008110,대동전자,,,,,,,,,,,0.0,0.0,590,2026-05-01
152550,한국ANKOR유전,41.0,0.0,0.0,0.0,,0.0,,,,,0.0,0.0,591,2026-05-01
004970,신라교역,1549.0,33.38,290.0,0.25,,-0.21,0.77,19.79,-3.35,0.0,0.0,0.0,592,2026-05-01
139310,TIGER 금속선물(H),,,,,,,,,,,0.0,0.0,593,2026-05-01
003560,IHQ,,,,,,,,,,,0.0,0.0,594,2026-05-01
292730,FOCUS KRX300,,,,,,,,,,,0.0,0.0,595,2026-05-01
F70100011,한투삼성그룹성장테마2호(A),,,,,,,,,,,0.0,0.0,596,2026-05-01
F70100009,한투삼성그룹성장테마1호(A),,,,,,,,,,,0.0,0.0,597,2026-05-01
F70100010,한투삼성그룹성장테마1호(A-e),,,,,,,,,,,0.0,0.0,598,2026-05-01
491080,KODEX 25-12 은행채(AAA)액티브,,,,,,,,,,,0.0,0.0,599,2026-05-01
494900,TIGER 25-12 금융채(AA-이상),,,,,,,,,,,0.0,0.0,600,2026-05-01
472350,1Q 차이나H(H),,,,,,,,,,,0.0,0.0,601,2026-05-01
476810,KODEX 25-11 은행채(AA-이상)PLUS액티브,,,,,,,,,,,0.0,0.0,602,2026-05-01
481200,SOL 미국테크TOP10인버스(합성),,,,,,,,,,,0.0,0.0,603,2026-05-01
482870,HANARO 주주가치성장코리아액티브,,,,,,,,,,,0.0,0.0,604,2026-05-01
010420,한솔PNS,,,,,,,,,,,0.0,0.0,605,2026-05-01
010600,웰바이오텍,,,,,,,,,,,0.0,0.0,606,2026-05-01
010620,HD현대미포,,,,,,,,,,,0.0,0.0,607,2026-05-01
042670,HD현대인프라코어,,,,,,,,,,,0.0,0.0,608,2026-05-01
453540,TIGER 25-10 회사채(A+이상)액티브,,,,,,,,,,,0.0,0.0,609,2026-05-01
459370,SOL 유럽탄소배출권선물인버스ICE(H),,,,,,,,,,,0.0,0.0,610,2026-05-01
462540,SOL 25-09 회사채(AA-이상)액티브,,,,,,,,,,,0.0,0.0,611,2026-05-01
460280,KIWOOM Fn유전자혁신기술,,,,,,,,,,,0.0,0.0,612,2026-05-01
466400,1Q 25-08 회사채(A+이상)액티브,,,,,,,,,,,0.0,0.0,613,2026-05-01
464060,HANARO 글로벌반도체TOP10 SOLACTIVE,,,,,,,,,,,0.0,0.0,614,2026-05-01
448600,RISE 25-11 회사채(AA-이상)액티브,,,,,,,,,,,0.0,0.0,615,2026-05-01
450140,코오롱모빌리티그룹,,,,,,,,,,,0.0,0.0,616,2026-05-01
Q500015,신한 WTI원유 선물 ETN(H),,,,,,,,,,,0.0,0.0,617,2026-05-01
Q500014,신한 인버스 옥수수 선물 ETN(H),,,,,,,,,,,0.0,0.0,618,2026-05-01
Q500057,신한 인버스 2X Russell 2000 ETN,,,,,,,,,,,0.0,0.0,619,2026-05-01
Q500056,신한 레버리지 Russell 2000 ETN,,,,,,,,,,,0.0,0.0,620,2026-05-01
Q500055,신한 인버스 Russell 2000 ETN,,,,,,,,,,,0.0,0.0,621,2026-05-01
Q500070,신한 인버스 2X 코스피 200 선물 ETN,,,,,,,,,,,0.0,0.0,622,2026-05-01
J3652701F,큐라클 57R,,,,,,,,,,,0.0,0.0,623,2026-05-01
J2901221D,DH오토리드 9WR,,,,,,,,,,,0.0,0.0,624,2026-05-01
Q500077,신한 인버스0.5X S&P500 VIX S/T선물 ETN,,,,,,,,,,,0.0,0.0,625,2026-05-01
Q500013,신한 옥수수 선물 ETN(H),,,,,,,,,,,0.0,0.0,626,2026-05-01
001140,국보,,,,,,,,,,,0.0,0.0,627,2026-05-01
0010E0,ACE FTSE WGBI Korea,,,,,,,,,,,0.0,0.0,628,2026-05-01
486790,HANARO 코스닥150선물레버리지1.5X,,,,,,,,,,,0.0,0.0,629,2026-05-01
489870,KIWOOM 25-09 회사채(AA-이상)액티브,,,,,,,,,,,0.0,0.0,630,2026-05-01
Q510029,대신 S&P 인버스 2X 천연가스 선물 ETN,,,,,,,,,,,0.0,0.0,631,2026-05-01
0001S0,TIGER 26-04 회사채(A+이상)액티브,,,,,,,,,,,0.0,0.0,632,2026-05-01
J0113321D,유니켐 38WR,,,,,,,,,,,0.0,0.0,633,2026-05-01
J1432121D,핸즈코퍼레이션 2WR,,,,,,,,,,,0.0,0.0,634,2026-05-01
J2552221D,SG 17WR,,,,,,,,,,,0.0,0.0,635,2026-05-01
Q500019,신한 레버리지 WTI원유 선물 ETN(H),,,,,,,,,,,0.0,0.0,636,2026-05-01
Q500018,신한 구리 선물 ETN(H),,,,,,,,,,,0.0,0.0,637,2026-05-01
Q510015,대신 밀 선물 ETN(H),,,,,,,,,,,0.0,0.0,638,2026-05-01
Q530111,삼성 레버리지 천연가스 선물 ETN C,,,,,,,,,,,0.0,0.0,639,2026-05-01
Q530105,삼성 인버스 2X 코스피200 선물 ETN,,,,,,,,,,,0.0,0.0,640,2026-05-01
Q520011,미래에셋 인버스 원유선물혼합 ETN(H),,,,,,,,,,,0.0,0.0,641,2026-05-01
Q520009,미래에셋 레버리지 원유선물혼합 ETN(H),,,,,,,,,,,0.0,0.0,642,2026-05-01
Q520071,미래에셋 0.5X 코스닥150 선물 ETN,,,,,,,,,,,0.0,0.0,643,2026-05-01
Q520070,미래에셋 0.5X 코스피200 선물 ETN,,,,,,,,,,,0.0,0.0,644,2026-05-01
Q500027,신한 인버스 2X WTI원유 선물 ETN(H),,,,,,,,,,,0.0,0.0,645,2026-05-01
F77300004,밸류시스템SAFE증권2호(Ae),,,,,,,,,,,0.0,0.0,646,2026-05-01
Q520055,미래에셋 인버스 2X 코스피200 선물 ETN,,,,,,,,,,,0.0,0.0,647,2026-05-01
Q520061,미래에셋 인도네시아 Top5 ETN,,,,,,,,,,,0.0,0.0,648,2026-05-01
Q520053,미래에셋 인버스 천연가스 선물 ETN(H),,,,,,,,,,,0.0,0.0,649,2026-05-01
Q520052,미래에셋 천연가스 선물 ETN(H),,,,,,,,,,,0.0,0.0,650,2026-05-01
Q520043,미래에셋 S&P 유럽탄소배출권 선물 ETN,,,,,,,,,,,0.0,0.0,651,2026-05-01
Q520050,미래에셋 인버스 2X 원유선물혼합 ETN(H),,,,,,,,,,,0.0,0.0,652,2026-05-01
033180,KH 필룩스,,,,,,,,,,,0.0,0.0,653,2026-05-01
030720,동원수산,326.0,4.21,1664.0,0.58,,-0.99,14.73,139.15,-6.02,65.78,0.0,0.0,654,2026-05-01
F77200008,한국밸류AI혁신소부장2호(A),,,,,,,,,,,0.0,0.0,655,2026-05-01
F77200007,한국밸류AI혁신소부장1호(C-F),,,,,,,,,,,0.0,0.0,656,2026-05-01
J2177301F,강스템바이오텍 25R,,,,,,,,,,,0.0,0.0,657,2026-05-01
486780,HANARO 200선물레버리지1.5X,,,,,,,,,,,0.0,0.0,658,2026-05-01
950210,프레스티지바이오파마,5355.0,24.02,371.0,1.3,,-1.44,3.63,37.98,87.52,0.0,0.0,0.0,659,2026-05-01
Q500017,신한 은 선물 ETN(H),,,,,,,,,,,0.0,0.0,660,2026-05-01
Q500016,신한 금 선물 ETN(H),,,,,,,,,,,0.0,0.0,661,2026-05-01
489570,HANARO 25-12 은행채(AA+이상)액티브,,,,,,,,,,,0.0,0.0,662,2026-05-01
F77200001,한국밸류K-파워1호 (A),,,,,,,,,,,0.0,0.0,663,2026-05-01
F77200002,한국밸류K-파워1호 (A-e),,,,,,,,,,,0.0,0.0,664,2026-05-01
F77200003,한국밸류K-파워2호 (A),,,,,,,,,,,0.0,0.0,665,2026-05-01
F77200004,한국밸류K-파워2호 (A-e),,,,,,,,,,,0.0,0.0,666,2026-05-01
F77200005,한국밸류AI혁신소부장1호(A),,,,,,,,,,,0.0,0.0,667,2026-05-01
F77200006,한국밸류AI혁신소부장1호(A-e),,,,,,,,,,,0.0,0.0,668,2026-05-01
000075,삼양홀딩스우,,,,,,,,,,,0.0,0.0,669,2026-05-01
F75801BBC,IBK국민참여정책형뉴딜혼합자산2호A,,,,,,,,,,,0.0,0.0,670,2026-05-01
Q550086,N2 미국달러 SOFR금리 플러스 ETN,,,,,,,,,,,0.0,0.0,671,2026-05-01
Q550074,N2 블룸버그 2X 천연가스 선물 ETN(H),,,,,,,,,,,0.0,0.0,672,2026-05-01
Q550065,N2 인버스 레버리지 은 선물 ETN(H),,,,,,,,,,,0.0,0.0,673,2026-05-01
Q530023,삼성 레버리지 China A50 선물 ETN(H),,,,,,,,,,,0.0,0.0,674,2026-05-01
Q530014,삼성 China A50 선물 ETN(H),,,,,,,,,,,0.0,0.0,675,2026-05-01
Q530020,삼성 미국 대형 가치주 ETN,,,,,,,,,,,0.0,0.0,676,2026-05-01
Q550045,N2 인버스 레버리지 S&P500 ETN,,,,,,,,,,,0.0,0.0,677,2026-05-01
F75802BBC,IBK국민참여정책형뉴딜혼합자산2호C,,,,,,,,,,,0.0,0.0,678,2026-05-01
Q530016,삼성 미국 대형 가치주 ETN(H),,,,,,,,,,,0.0,0.0,679,2026-05-01
Q530015,삼성 미국 대형 성장주 ETN(H),,,,,,,,,,,0.0,0.0,680,2026-05-01
F77300002,밸류시스템SAFE증권1호(Ae),,,,,,,,,,,0.0,0.0,681,2026-05-01
F77300003,밸류시스템SAFE증권2호(A),,,,,,,,,,,0.0,0.0,682,2026-05-01
F77300001,밸류시스템SAFE증권1호(A),,,,,,,,,,,0.0,0.0,683,2026-05-01
F77200010,한국밸류AI혁신소부장2호(C-F),,,,,,,,,,,0.0,0.0,684,2026-05-01
F77200009,한국밸류AI혁신소부장2호(A-e),,,,,,,,,,,0.0,0.0,685,2026-05-01
F73300004,다올공모주하이일드만기형증권3 Ae,,,,,,,,,,,0.0,0.0,686,2026-05-01
F73300003,다올공모주하이일드만기형증권3 A,,,,,,,,,,,0.0,0.0,687,2026-05-01
F72802BBC,한화국민참여정책형뉴딜2C,,,,,,,,,,,0.0,0.0,688,2026-05-01
Q580017,KB 인버스 2X S&P 500 선물 ETN,,,,,,,,,,,0.0,0.0,689,2026-05-01
Q580016,KB 레버리지 S&P 500 선물 ETN(H),,,,,,,,,,,0.0,0.0,690,2026-05-01
Q580015,KB 레버리지 나스닥 100 ETN,,,,,,,,,,,0.0,0.0,691,2026-05-01
Q580014,KB 인버스 2X 나스닥 100 ETN,,,,,,,,,,,0.0,0.0,692,2026-05-01
Q530019,삼성 미국 대형 성장주 ETN,,,,,,,,,,,0.0,0.0,693,2026-05-01
Q550044,N2 레버리지 S&P500 ETN,,,,,,,,,,,0.0,0.0,694,2026-05-01
F74702B8A,이지스229호 Class C-I,,,,,,,,,,,0.0,0.0,695,2026-05-01
Q570084,한투 블룸버그 인버스 2X 천연가스선물 ETN,,,,,,,,,,,0.0,0.0,696,2026-05-01
F7420277B,하나대체미국LA부동산1호 F,,,,,,,,,,,0.0,0.0,697,2026-05-01
F74701B8A,이지스229호 Class A,,,,,,,,,,,0.0,0.0,698,2026-05-01
Q570062,한투 인버스 2X 은 선물 ETN,,,,,,,,,,,0.0,0.0,699,2026-05-01
Q570054,한투 레버리지 유로스탁스50 ETN(H) B,,,,,,,,,,,0.0,0.0,700,2026-05-01
Q570053,한투 인버스 플래티넘 선물 ETN,,,,,,,,,,,0.0,0.0,701,2026-05-01
F74701789,이지스204호 Class A,,,,,,,,,,,0.0,0.0,702,2026-05-01
Q610043,메리츠 천연가스 선물 ETN(H),,,,,,,,,,,0.0,0.0,703,2026-05-01
Q610033,메리츠 STAR 50 ETN,,,,,,,,,,,0.0,0.0,704,2026-05-01
Q610032,메리츠 CSI 300 ETN,,,,,,,,,,,0.0,0.0,705,2026-05-01
Q610017,메리츠 인버스 2X 은 선물 ETN(H),,,,,,,,,,,0.0,0.0,706,2026-05-01
Q610016,메리츠 레버리지 은 선물 ETN(H),,,,,,,,,,,0.0,0.0,707,2026-05-01
Q580046,KB 블룸버그 인버스2X 천연가스선물 ETN(H),,,,,,,,,,,0.0,0.0,708,2026-05-01
Q580040,KB 인버스 2X KOSPI 200 선물 ETN,,,,,,,,,,,0.0,0.0,709,2026-05-01
Q570052,한투 플래티넘 선물 ETN,,,,,,,,,,,0.0,0.0,710,2026-05-01
Q580027,KB 인버스 2X 은 선물 ETN(H),,,,,,,,,,,0.0,0.0,711,2026-05-01
F7420177B,하나대체미국LA부동산1호 A,,,,,,,,,,,0.0,0.0,712,2026-05-01
F74100004,흥국플러스공모주하이일드증권2호 A-e,,,,,,,,,,,0.0,0.0,713,2026-05-01
F74100005,흥국플러스공모주하이일드증권2호 C-f,,,,,,,,,,,0.0,0.0,714,2026-05-01
F73502BBC,GB뉴딜기업2호Ae,,,,,,,,,,,0.0,0.0,715,2026-05-01
F73501BBC,GB뉴딜기업2호A,,,,,,,,,,,0.0,0.0,716,2026-05-01
F73400007,코레이트하이일드공모주만기형2호 A-e,,,,,,,,,,,0.0,0.0,717,2026-05-01
F74100003,흥국플러스공모주하이일드증권2호 A,,,,,,,,,,,0.0,0.0,718,2026-05-01
F73400006,코레이트하이일드공모주만기형2호 A,,,,,,,,,,,0.0,0.0,719,2026-05-01
019440,세아특수강,,,,,,,,,,,0.0,0.0,720,2026-05-01
F70100021,한투삼성그룹&글로벌성장3(A1-e),,,,,,,,,,,0.0,0.0,721,2026-05-01
F70100020,한투삼성그룹&글로벌성장3(A1),,,,,,,,,,,0.0,0.0,722,2026-05-01
F70100019,한투삼성그룹&글로벌성장3(A),,,,,,,,,,,0.0,0.0,723,2026-05-01
F70100018,한투삼성그룹&글로벌성장2(A1-e),,,,,,,,,,,0.0,0.0,724,2026-05-01
F70100017,한투삼성그룹&글로벌성장2(A1),,,,,,,,,,,0.0,0.0,725,2026-05-01
F70100016,한투삼성그룹&글로벌성장2(A),,,,,,,,,,,0.0,0.0,726,2026-05-01
022100,포스코DX,53060.0,101.75,343.0,9.3,일반서비스,-3.99,9.53,45.73,-27.02,-44.59,-0.0021946696524574455,-0.0021946696524574455,727,2026-05-01
000150,두산,258454.0,450.08,3546.0,18.26,금융,1.53,4.99,169.14,9.11,5.87,-0.006563207740120425,-0.006563207740120425,728,2026-05-01
008060,대덕,5209.0,164.85,101.0,0.94,금융,-1.42,0.59,26.8,9.3,34.41,-0.00715123206310897,-0.00715123206310897,729,2026-05-01
010820,퍼스텍,6584.0,60.27,224.0,10.32,금속,-2.81,17.33,450.42,19.74,73.37,-0.012766280802847696,-0.012766280802847696,730,2026-05-01
005380,현대차,1087264.0,15.03,35331.0,1.21,운송장비·부품,-4.5,8.41,188.95,6.29,-19.47,-0.013712561102423047,-0.013712561102423047,731,2026-05-01
023810,인팩,912.0,7.63,1196.0,0.69,운송장비·부품,-1.08,9.32,281.27,4.0,-1.17,-0.016919301772462064,-0.016919301772462064,732,2026-05-01
251270,넷마블,40693.0,18.96,2618.0,0.75,IT 서비스,-3.22,4.15,47.36,6.43,63.47,-0.017785553097313965,-0.017785553097313965,733,2026-05-01
475150,SK이터닉스,19759.0,63.74,910.0,7.16,건설,-1.69,11.93,382.37,16.1,40.81,-0.018550563721890345,-0.018550563721890345,734,2026-05-01
082740,한화엔진,73433.0,42.27,2082.0,13.2,기계·장비,0.34,0.0,204.92,14.05,81.83,-0.026191247147572504,-0.026191247147572504,735,2026-05-01
175330,JB금융지주,51393.0,7.4,3688.0,0.86,금융,0.74,12.36,1084.16,0.15,5.1,-0.031329066227712477,-0.031329066227712477,736,2026-05-01
001040,CJ,65502.0,55.86,4019.0,1.45,금융,-1.32,2.72,176.0,3.14,-0.18,-0.03349996182189425,-0.03349996182189425,737,2026-05-01
015020,이스타코,199.0,-4.03,-115.0,0.51,부동산,0.0,-12.39,108.17,-13.4,0.0,-0.034852943280716316,-0.034852943280716316,738,2026-05-01
145210,다이나믹디자인,95.0,-0.92,-243.0,0.21,기계·장비,0.0,-19.12,166.14,28.15,0.0,-0.04471586109831657,-0.04471586109831657,739,2026-05-01
034220,LG디스플레이,61300.0,27.06,453.0,0.93,전기·전자,-1.37,3.44,243.36,-3.03,0.0,-0.04969163980347224,-0.04969163980347224,740,2026-05-01
460850,동국씨엠,2042.0,-3.86,-1770.0,0.21,금속,-4.87,-5.3,159.06,27.96,0.0,-0.05209648456008488,-0.05209648456008488,741,2026-05-01
298690,에어부산,2391.0,97.62,21.0,1.71,운송·창고,0.99,1.48,919.09,13.06,-8.43,-0.06158911826097639,-0.06158911826097639,742,2026-05-01
204320,HL만도,26813.0,26.81,2130.0,0.99,운송장비·부품,-1.38,3.82,148.16,6.86,-0.46,-0.06508229568046718,-0.06508229568046718,743,2026-05-01
020120,키다리스튜디오,1436.0,21.65,179.0,0.71,IT 서비스,-3.25,3.29,68.4,5.98,465.68,-0.06766422835021571,-0.06766422835021571,744,2026-05-01
010140,삼성중공업,284680.0,52.18,620.0,6.66,운송장비·부품,-1.97,13.74,265.05,7.54,71.52,-0.07390646329073855,-0.07390646329073855,745,2026-05-01
079980,휴비스,1202.0,52.01,67.0,0.46,화학,1.46,0.96,203.0,-5.31,0.0,-0.07870660918671168,-0.07870660918671168,746,2026-05-01
307950,현대오토에버,123545.0,67.7,6654.0,6.69,IT 서비스,-4.96,10.27,92.31,14.5,13.75,-0.08045794567725545,-0.08045794567725545,747,2026-05-01
092220,KEC,3690.0,-13.92,-132.0,1.13,전기·전자,0.0,-7.87,37.77,-5.57,0.0,-0.0814945472467751,-0.0814945472467751,748,2026-05-01
001550,조비,827.0,129.51,123.0,1.57,화학,7.2,1.22,127.66,-10.7,0.0,-0.08730847465553282,-0.08730847465553282,749,2026-05-01
014130,한익스프레스,334.0,-2.41,-1154.0,0.4,운송·창고,0.0,-15.36,365.35,-11.58,0.0,-0.09036628737657176,-0.09036628737657176,750,2026-05-01
085310,엔케이,922.0,-22.48,-52.0,0.5,금속,0.0,-2.46,38.68,17.28,0.0,-0.09097331239251098,-0.09097331239251098,751,2026-05-01
377300,카카오페이,75332.0,166.27,335.0,3.96,금융,-1.59,2.41,173.7,25.08,0.0,-0.09408516860629351,-0.09408516860629351,752,2026-05-01
365550,ESR켄달스퀘어리츠,11136.0,-301.67,-15.0,0.94,리츠,3.31,0.23,147.88,10.71,6.94,-0.09562807642881033,-0.09562807642881033,753,2026-05-01
093370,후성,14201.0,264.8,50.0,4.25,화학,-5.5,1.61,112.53,7.71,0.0,-0.09762354098694137,-0.09762354098694137,754,2026-05-01
400760,NH올원리츠,1846.0,120.0,28.0,0.9,리츠,-0.59,0.34,360.15,44.46,82.16,-0.09818875572786229,-0.09818875572786229,755,2026-05-01
089860,롯데렌탈,12218.0,9.58,3514.0,0.78,일반서비스,0.6,8.39,372.31,4.53,9.72,-0.10024306803764366,-0.10024306803764366,756,2026-05-01
010580,에스엠벡셀,2425.0,218.0,10.0,3.6,운송장비·부품,3.56,1.67,57.36,-14.88,-44.92,-0.10235619285876116,-0.10235619285876116,757,2026-05-01
011690,와이투솔루션,2984.0,-31.03,-262.0,3.0,전기·전자,-2.63,0.0,49.94,6.83,0.0,-0.1091112655701488,-0.1091112655701488,758,2026-05-01
047400,유니온머티리얼,747.0,30.14,59.0,3.81,비금속,-4.1,14.04,594.95,-5.93,0.0,-0.10957941596578469,-0.10957941596578469,759,2026-05-01
032830,삼성생명,499000.0,21.67,11514.0,0.71,보험,-0.99,4.96,440.89,9.92,3.23,-0.11269654593958593,-0.11269654593958593,760,2026-05-01
361610,SK아이이테크놀로지,21592.0,-9.43,-2799.0,0.83,전기·전자,-3.3,-8.58,68.82,20.2,0.0,-0.11427097507389776,-0.11427097507389776,761,2026-05-01
417310,코람코더원리츠,4198.0,0.0,0.0,0.0,리츠,1.46,0.0,0.0,0.0,0.0,-0.11639070832362794,-0.11639070832362794,762,2026-05-01
357120,코람코라이프인프라리츠,4560.0,0.0,0.0,0.0,리츠,0.75,0.0,0.0,0.0,0.0,-0.11639070832362794,-0.11639070832362794,763,2026-05-01
357250,미래에셋맵스리츠,597.0,0.0,0.0,0.0,리츠,-1.24,0.0,0.0,0.0,0.0,-0.11639070832362794,-0.11639070832362794,764,2026-05-01
448730,삼성FN리츠,5654.0,0.0,0.0,0.0,리츠,-0.48,0.0,0.0,0.0,0.0,-0.11639070832362794,-0.11639070832362794,765,2026-05-01
338100,NH프라임리츠,890.0,0.0,0.0,0.0,리츠,0.74,0.0,0.0,0.0,0.0,-0.11639070832362794,-0.11639070832362794,766,2026-05-01
002150,도화엔지니어링,2401.0,32.81,217.0,0.93,일반서비스,0.28,2.88,187.78,19.85,0.0,-0.11663488484721557,-0.11663488484721557,767,2026-05-01
004710,한솔테크닉스,2585.0,-19.04,-427.0,0.77,전기·전자,-4.13,-4.1,102.16,4.41,-38.79,-0.12103117246274793,-0.12103117246274793,768,2026-05-01
008730,율촌화학,6386.0,153.27,168.0,2.19,화학,-3.56,1.43,135.29,6.19,0.0,-0.12961271443689587,-0.12961271443689587,769,2026-05-01
302440,SK바이오사이언스,33776.0,-58.73,-733.0,1.89,제약,-1.37,-3.2,45.07,143.46,0.0,-0.130032146481835,-0.130032146481835,770,2026-05-01
004150,한솔홀딩스,1374.0,-223.33,-15.0,0.25,금융,-0.15,-0.11,37.79,38.74,202.28,-0.1305386304077556,-0.1305386304077556,771,2026-05-01
051900,LG생활건강,38868.0,-44.66,-5688.0,0.78,화학,-0.2,-1.82,23.32,-6.7,-62.82,-0.13237704789847873,-0.13237704789847873,772,2026-05-01
008250,이건산업,445.0,-3.14,-1295.0,0.24,종이·목재,-0.25,-7.25,111.92,-9.07,0.0,-0.13926961364048196,-0.13926961364048196,773,2026-05-01
006200,한국전자홀딩스,375.0,-28.61,-28.0,0.24,금융,0.0,-0.9,37.0,-6.26,0.0,-0.1453698009162132,-0.1453698009162132,774,2026-05-01
001340,PKC,3293.0,32.58,225.0,1.45,화학,-2.53,4.63,171.61,10.97,24.64,-0.14603924103600285,-0.14603924103600285,775,2026-05-01
192820,코스맥스,23891.0,19.41,10843.0,4.28,화학,-5.18,23.86,247.1,10.74,11.63,-0.14898784566368362,-0.14898784566368362,776,2026-05-01
009410,태영건설,5833.0,9.07,216.0,0.96,건설,-2.97,11.28,541.95,-19.05,155.73,-0.14971315979145605,-0.14971315979145605,777,2026-05-01
194370,제이에스코퍼레이션,4292.0,5.5,2691.0,0.81,섬유·의류,-0.4,15.29,242.94,15.28,15.88,-0.15261361890002095,-0.15261361890002095,778,2026-05-01
017810,풀무원,4689.0,25.89,475.0,1.46,음식료·담배,0.24,5.9,280.13,5.18,1.46,-0.15800028643649658,-0.15800028643649658,779,2026-05-01
130660,한전산업,6553.0,160.8,125.0,6.35,일반서비스,-2.9,3.71,98.45,7.35,-59.27,-0.16105847653017952,-0.16105847653017952,780,2026-05-01
009810,플레이그램,358.0,-14.54,-81.0,0.51,유통,0.0,-3.44,59.08,-6.49,0.0,-0.16182954793359866,-0.16182954793359866,781,2026-05-01
020150,롯데에너지머티리얼즈,34928.0,-21.76,-3065.0,2.11,전기·전자,-2.34,-10.54,23.15,-24.91,0.0,-0.16464764331428816,-0.16464764331428816,782,2026-05-01
015590,DKME,1220.0,-42.92,-12.0,0.98,기계·장비,0.0,-0.02,49.88,-2.35,5.82,-0.1646615391905915,-0.1646615391905915,783,2026-05-01
004440,삼일씨엔에스,1047.0,-52.03,-158.0,0.39,비금속,-1.91,-0.75,47.55,2.24,0.0,-0.1670795947585496,-0.1670795947585496,784,2026-05-01
002920,유성기업,497.0,-1.76,-1086.0,0.19,운송장비·부품,-2.15,-10.33,44.84,-6.17,0.0,-0.17046666459986504,-0.17046666459986504,785,2026-05-01
012450,한화에어로스페이스,730653.0,49.59,28573.0,7.53,운송장비·부품,-0.21,19.14,221.38,137.57,78.38,-0.17059806028810526,-0.17059806028810526,786,2026-05-01
013360,일성건설,1019.0,27.33,69.0,1.39,건설,-1.36,5.36,415.75,-9.54,0.0,-0.17596063476744347,-0.17596063476744347,787,2026-05-01
024890,대원화성,374.0,10.66,85.0,0.83,화학,0.0,8.11,232.88,0.38,0.0,-0.1770358761601699,-0.1770358761601699,788,2026-05-01
027970,한국제지,1453.0,-4.34,-176.0,0.36,종이·목재,-0.78,-7.89,63.7,-4.85,-83.84,-0.18990189596878787,-0.18990189596878787,789,2026-05-01
011280,태림포장,1483.0,-15.87,-132.0,0.48,종이·목재,0.0,-3.05,112.11,5.39,0.0,-0.19164133919824322,-0.19164133919824322,790,2026-05-01
001510,SK증권,12097.0,43.22,121.0,1.81,증권,-1.69,5.0,1034.52,27.5,0.0,-0.20160990494886508,-0.20160990494886508,791,2026-05-01
007280,한국특강,927.0,-31.75,-48.0,0.42,금속,0.0,-1.3,148.0,-7.42,-77.57,-0.203283480069883,-0.203283480069883,792,2026-05-01
090370,메타랩스,364.0,-4.14,-353.0,0.52,섬유·의류,1.39,-11.87,76.25,112.0,0.0,-0.21145127996876723,-0.21145127996876723,793,2026-05-01
286940,롯데이노베이트,3495.0,35.16,657.0,0.82,IT 서비스,-0.86,2.35,104.08,-0.89,22.04,-0.21291780565914706,-0.21291780565914706,794,2026-05-01
003520,영진약품,3237.0,252.86,7.0,3.6,제약,-1.12,1.37,160.86,7.3,179.78,-0.2136288918952929,-0.2136288918952929,795,2026-05-01
448290,TIGER 미국S&P500(H),4866.0,0.0,0.0,0.0,ETF(실물복제/수익증권),-0.63,,,,,-0.21890589617397238,-0.21890589617397238,796,2026-05-01
441800,TIMEFOLIO Korea플러스배당액티브,8800.0,0.0,0.0,0.0,ETF(Active/수익증권),-0.73,,,,,-0.21890589617397238,-0.21890589617397238,797,2026-05-01
441680,TIGER 미국나스닥100커버드콜(합성),3501.0,0.0,0.0,0.0,ETF(합성복제/수익증권),0.09,,,,,-0.21890589617397238,-0.21890589617397238,798,2026-05-01
441640,KODEX 미국배당커버드콜액티브,15544.0,0.0,0.0,0.0,ETF(Active/수익증권),-0.47,,,,,-0.21890589617397238,-0.21890589617397238,799,2026-05-01
448630,RISE 삼성그룹Top3채권혼합,3329.0,0.0,0.0,0.0,ETF(실물복제/수익증권),-0.54,,,,,-0.21890589617397238,-0.21890589617397238,800,2026-05-01
440910,WON 미국우주항공방산,787.0,0.0,0.0,0.0,ETF(실물복제/수익증권),-1.87,,,,,-0.21890589617397238,-0.21890589617397238,801,2026-05-01
440650,ACE 미국달러단기채권액티브,431.0,0.0,0.0,0.0,ETF(Active/수익증권),0.28,,,,,-0.21890589617397238,-0.21890589617397238,802,2026-05-01
440640,ACE 단기채권알파액티브,685.0,0.0,0.0,0.0,ETF(Active/수익증권),0.0,,,,,-0.21890589617397238,-0.21890589617397238,803,2026-05-01
440340,TIGER 글로벌멀티에셋TIF액티브,239.0,0.0,0.0,0.0,ETF(Active/수익증권),-0.24,,,,,-0.21890589617397238,-0.21890589617397238,804,2026-05-01
439870,KODEX 국고채30년액티브,3529.0,0.0,0.0,0.0,ETF(Active/수익증권),-1.95,,,,,-0.21890589617397238,-0.21890589617397238,805,2026-05-01
439860,KODEX ESG종합채권(A-이상)액티브,3158.0,0.0,0.0,0.0,ETF(Active/수익증권),-0.16,,,,,-0.21890589617397238,-0.21890589617397238,806,2026-05-01
438900,HANARO Fn K-푸드,161.0,0.0,0.0,0.0,ETF(실물복제/수익증권),-0.56,,,,,-0.21890589617397238,-0.21890589617397238,807,2026-05-01
438740,마이다스 중소형액티브,92.0,0.0,0.0,0.0,ETF(Active/수익증권),-1.37,,,,,-0.21890589617397238,-0.21890589617397238,808,2026-05-01
438570,SOL 국고채10년,1195.0,0.0,0.0,0.0,ETF(실물복제/수익증권),-0.52,,,,,-0.21890589617397238,-0.21890589617397238,809,2026-05-01
438560,SOL 국고채3년,541.0,0.0,0.0,0.0,ETF(실물복제/수익증권),-0.14,,,,,-0.21890589617397238,-0.21890589617397238,810,2026-05-01
438330,TIGER 우량회사채액티브,6211.0,0.0,0.0,0.0,ETF(Active/수익증권),-0.22,,,,,-0.21890589617397238,-0.21890589617397238,811,2026-05-01
438320,TIGER 차이나항셍테크레버리지(합성 H),289.0,0.0,0.0,0.0,ETF(합성복제/수익증권),-0.64,,,,,-0.21890589617397238,-0.21890589617397238,812,2026-05-01
442090,에셋플러스 코리아대장장이액티브,319.0,0.0,0.0,0.0,ETF(Active/수익증권),-0.23,,,,,-0.21890589617397238,-0.21890589617397238,813,2026-05-01
448100,WON 200,1237.0,0.0,0.0,0.0,ETF(실물복제/수익증권),-0.95,,,,,-0.21890589617397238,-0.21890589617397238,814,2026-05-01
447770,TIGER 테슬라채권혼합Fn,5871.0,0.0,0.0,0.0,ETF(실물복제/수익증권),-0.81,,,,,-0.21890589617397238,-0.21890589617397238,815,2026-05-01
447660,PLUS 애플채권혼합,165.0,0.0,0.0,0.0,ETF(실물복제/수익증권),-0.3,,,,,-0.21890589617397238,-0.21890589617397238,816,2026-05-01
447620,SOL 미국TOP5채권혼합40 Solactive,1051.0,0.0,0.0,0.0,ETF(실물복제/수익증권),-0.67,,,,,-0.21890589617397238,-0.21890589617397238,817,2026-05-01
447430,ACE 주주환원가치주액티브,623.0,0.0,0.0,0.0,ETF(Active/수익증권),-2.3,,,,,-0.21890589617397238,-0.21890589617397238,818,2026-05-01
446770,ACE 글로벌반도체TOP4 Plus SOLACTIVE,12681.0,0.0,0.0,0.0,ETF(실물복제/수익증권),-0.46,,,,,-0.21890589617397238,-0.21890589617397238,819,2026-05-01
446720,SOL 미국배당다우존스,9488.0,0.0,0.0,0.0,ETF(실물복제/수익증권),0.26,,,,,-0.21890589617397238,-0.21890589617397238,820,2026-05-01
446700,RISE 배터리 리사이클링,365.0,0.0,0.0,0.0,ETF(실물복제/수익증권),-3.7,,,,,-0.21890589617397238,-0.21890589617397238,821,2026-05-01
446690,KODEX 아시아AI반도체exChina액티브,282.0,0.0,0.0,0.0,ETF(Active/수익증권),0.71,,,,,-0.21890589617397238,-0.21890589617397238,822,2026-05-01
442260,마이티 다이나믹퀀트액티브,416.0,0.0,0.0,0.0,ETF(Active/수익증권),-1.07,,,,,-0.21890589617397238,-0.21890589617397238,823,2026-05-01
445690,BNK 주주가치액티브,215.0,0.0,0.0,0.0,ETF(Active/수익증권),-2.39,,,,,-0.21890589617397238,-0.21890589617397238,824,2026-05-01
445290,KODEX 로봇액티브,11402.0,0.0,0.0,0.0,ETF(Active/수익증권),-0.96,,,,,-0.21890589617397238,-0.21890589617397238,825,2026-05-01
445150,KODEX 친환경조선해운액티브,847.0,0.0,0.0,0.0,ETF(Active/수익증권),-1.37,,,,,-0.21890589617397238,-0.21890589617397238,826,2026-05-01
444490,WON 미국S&P500,722.0,0.0,0.0,0.0,ETF(실물복제/수익증권),-0.17,,,,,-0.21890589617397238,-0.21890589617397238,827,2026-05-01
444200,SOL 코리아메가테크액티브,7478.0,0.0,0.0,0.0,ETF(Active/수익증권),-1.12,,,,,-0.21890589617397238,-0.21890589617397238,828,2026-05-01
442580,PLUS 글로벌HBM반도체,4557.0,0.0,0.0,0.0,ETF(실물복제/수익증권),-1.17,,,,,-0.21890589617397238,-0.21890589617397238,829,2026-05-01
442570,RISE TDF2050액티브,1915.0,0.0,0.0,0.0,ETF(Active/수익증권),-0.29,,,,,-0.21890589617397238,-0.21890589617397238,830,2026-05-01
442560,RISE TDF2040액티브,317.0,0.0,0.0,0.0,ETF(Active/수익증권),-0.31,,,,,-0.21890589617397238,-0.21890589617397238,831,2026-05-01
442550,RISE TDF2030액티브,162.0,0.0,0.0,0.0,ETF(Active/수익증권),0.27,,,,,-0.21890589617397238,-0.21890589617397238,832,2026-05-01
442320,RISE 글로벌원자력,3593.0,0.0,0.0,0.0,ETF(실물복제/수익증권),-2.9,,,,,-0.21890589617397238,-0.21890589617397238,833,2026-05-01
451060,1Q K200액티브,3435.0,0.0,0.0,0.0,ETF(Active/수익증권),-0.91,,,,,-0.21890589617397238,-0.21890589617397238,834,2026-05-01
424460,HANARO 글로벌워터MSCI(합성),32.0,0.0,0.0,0.0,ETF(합성복제/수익증권),-0.49,,,,,-0.21890589617397238,-0.21890589617397238,835,2026-05-01
423920,TIGER 미국필라델피아반도체레버리지(합성),6237.0,0.0,0.0,0.0,ETF(합성복제/수익증권),1.98,,,,,-0.21890589617397238,-0.21890589617397238,836,2026-05-01
423170,SOL 한국형글로벌반도체액티브,1534.0,0.0,0.0,0.0,ETF(Active/수익증권),0.41,,,,,-0.21890589617397238,-0.21890589617397238,837,2026-05-01
423160,KODEX KOFR금리액티브(합성),44061.0,0.0,0.0,0.0,ETF,0.03,,,,,-0.21890589617397238,-0.21890589617397238,838,2026-05-01
435530,KIWOOM TDF2030액티브,78.0,0.0,0.0,0.0,ETF(Active/수익증권),-0.16,,,,,-0.21890589617397238,-0.21890589617397238,839,2026-05-01
435420,TIGER 미국나스닥100채권혼합Fn,3334.0,0.0,0.0,0.0,ETF(실물복제/수익증권),0.04,,,,,-0.21890589617397238,-0.21890589617397238,840,2026-05-01
435040,ACE 글로벌브랜드TOP10블룸버그,135.0,0.0,0.0,0.0,ETF(실물복제/수익증권),-0.95,,,,,-0.21890589617397238,-0.21890589617397238,841,2026-05-01
434960,DAISHIN343 K200,706.0,0.0,0.0,0.0,ETF(실물복제/수익증권),-0.84,,,,,-0.21890589617397238,-0.21890589617397238,842,2026-05-01
434730,HANARO 원자력iSelect,10850.0,0.0,0.0,0.0,ETF(실물복제/수익증권),-1.48,,,,,-0.21890589617397238,-0.21890589617397238,843,2026-05-01
438100,ACE 미국나스닥100채권혼합액티브,6862.0,0.0,0.0,0.0,ETF(Active/수익증권),0.13,,,,,-0.21890589617397238,-0.21890589617397238,844,2026-05-01
433980,KODEX TDF2040액티브,1476.0,0.0,0.0,0.0,ETF(Active/수익증권),0.22,,,,,-0.21890589617397238,-0.21890589617397238,845,2026-05-01
433970,KODEX TDF2030액티브,854.0,0.0,0.0,0.0,ETF(Active/수익증권),-0.18,,,,,-0.21890589617397238,-0.21890589617397238,846,2026-05-01
433880,PLUS TDF2060액티브,552.0,0.0,0.0,0.0,ETF(Active/수익증권),-0.27,,,,,-0.21890589617397238,-0.21890589617397238,847,2026-05-01
433500,ACE 원자력테마딥서치,4528.0,0.0,0.0,0.0,ETF(실물복제/수익증권),-2.09,,,,,-0.21890589617397238,-0.21890589617397238,848,2026-05-01
417630,TIGER KEDI혁신기업ESG30,228.0,0.0,0.0,0.0,ETF(실물복제/수익증권),-1.52,,,,,-0.21890589617397238,-0.21890589617397238,849,2026-05-01
417450,RISE 글로벌수소경제,163.0,0.0,0.0,0.0,ETF(실물복제/수익증권),8.24,,,,,-0.21890589617397238,-0.21890589617397238,850,2026-05-01
416090,ACE 중국과창판STAR50,156.0,0.0,0.0,0.0,ETF(실물복제/수익증권),6.02,,,,,-0.21890589617397238,-0.21890589617397238,851,2026-05-01
415920,PLUS 글로벌희토류&전략자원생산기업,583.0,0.0,0.0,0.0,ETF(실물복제/수익증권),-0.54,,,,,-0.21890589617397238,-0.21890589617397238,852,2026-05-01
415760,SOL 차이나육성산업액티브(합성),296.0,0.0,0.0,0.0,ETF,5.84,,,,,-0.21890589617397238,-0.21890589617397238,853,2026-05-01
415640,KB발해인프라,12377.0,0.0,0.0,0.0,인프라투용,1.81,,,,,-0.21890589617397238,-0.21890589617397238,854,2026-05-01
434060,KODEX TDF2050액티브,5666.0,0.0,0.0,0.0,ETF(Active/수익증권),0.08,,,,,-0.21890589617397238,-0.21890589617397238,855,2026-05-01
438080,ACE 미국S&P500채권혼합액티브,10029.0,0.0,0.0,0.0,ETF(Active/수익증권),-0.03,,,,,-0.21890589617397238,-0.21890589617397238,856,2026-05-01
0018Z0,RISE 미국양자컴퓨팅,170.0,0.0,0.0,0.0,ETF(실물복제/수익증권),0.39,,,,,-0.21890589617397238,-0.21890589617397238,857,2026-05-01
445910,TIGER MKF배당귀족,256.0,0.0,0.0,0.0,ETF(실물복제/수익증권),-0.69,,,,,-0.21890589617397238,-0.21890589617397238,858,2026-05-01
433330,SOL 미국S&P500,2820.0,0.0,0.0,0.0,ETF(실물복제/수익증권),-0.21,,,,,-0.21890589617397238,-0.21890589617397238,859,2026-05-01
433250,UNICORN R&D 액티브,98.0,0.0,0.0,0.0,ETF(Active/수익증권),-1.62,,,,,-0.21890589617397238,-0.21890589617397238,860,2026-05-01
433220,에셋플러스 글로벌대장장이액티브,230.0,0.0,0.0,0.0,ETF(Active/수익증권),-0.26,,,,,-0.21890589617397238,-0.21890589617397238,861,2026-05-01
432840,HANARO 미국S&P500,157.0,0.0,0.0,0.0,ETF(실물복제/수익증권),0.05,,,,,-0.21890589617397238,-0.21890589617397238,862,2026-05-01
432600,RISE 국채선물3년,55.0,0.0,0.0,0.0,ETF(실물복제/수익증권),-0.18,,,,,-0.21890589617397238,-0.21890589617397238,863,2026-05-01
0018C0,PLUS 고배당주위클리고정커버드콜,1006.0,0.0,0.0,0.0,ETF(실물복제/수익증권),-0.38,,,,,-0.21890589617397238,-0.21890589617397238,864,2026-05-01
426020,TIMEFOLIO 미국S&P500액티브,2831.0,0.0,0.0,0.0,ETF(Active/수익증권),0.85,,,,,-0.21890589617397238,-0.21890589617397238,865,2026-05-01
0016X0,SOL 중단기회사채(A-이상)액티브,3886.0,0.0,0.0,0.0,ETF(Active/수익증권),-0.06,,,,,-0.21890589617397238,-0.21890589617397238,866,2026-05-01
437370,RISE 글로벌농업경제,84.0,0.0,0.0,0.0,ETF(실물복제/수익증권),0.22,,,,,-0.21890589617397238,-0.21890589617397238,867,2026-05-01
437350,RISE 미국단기투자등급회사채액티브,286.0,0.0,0.0,0.0,ETF(Active/수익증권),0.04,,,,,-0.21890589617397238,-0.21890589617397238,868,2026-05-01
437080,KODEX 미국종합채권ESG액티브(H),3070.0,0.0,0.0,0.0,ETF(Active/수익증권),-0.48,,,,,-0.21890589617397238,-0.21890589617397238,869,2026-05-01
437070,KODEX 아시아달러채권ESG플러스액티브,408.0,0.0,0.0,0.0,ETF(Active/수익증권),-0.09,,,,,-0.21890589617397238,-0.21890589617397238,870,2026-05-01
436140,SOL 종합채권(AA-이상)액티브,12391.0,0.0,0.0,0.0,ETF(Active/수익증권),-0.45,,,,,-0.21890589617397238,-0.21890589617397238,871,2026-05-01
435550,KIWOOM TDF2050액티브,99.0,0.0,0.0,0.0,ETF(Active/수익증권),-0.14,,,,,-0.21890589617397238,-0.21890589617397238,872,2026-05-01
435540,KIWOOM TDF2040액티브,87.0,0.0,0.0,0.0,ETF(Active/수익증권),-0.23,,,,,-0.21890589617397238,-0.21890589617397238,873,2026-05-01
441540,HANARO Fn조선해운,1133.0,0.0,0.0,0.0,ETF(실물복제/수익증권),-1.26,,,,,-0.21890589617397238,-0.21890589617397238,874,2026-05-01
426030,TIMEFOLIO 미국나스닥100액티브,15010.0,0.0,0.0,0.0,ETF(Active/수익증권),1.51,,,,,-0.21890589617397238,-0.21890589617397238,875,2026-05-01
0017Y0,1Q 종합채권(AA-이상)액티브,860.0,0.0,0.0,0.0,ETF(Active/수익증권),-0.35,,,,,-0.21890589617397238,-0.21890589617397238,876,2026-05-01
453820,KODEX 인도Nifty50레버리지(합성),173.0,0.0,0.0,0.0,ETF(합성복제/수익증권),-3.48,,,,,-0.21890589617397238,-0.21890589617397238,877,2026-05-01
453810,KODEX 인도Nifty50,3826.0,0.0,0.0,0.0,ETF(실물복제/수익증권),-1.92,,,,,-0.21890589617397238,-0.21890589617397238,878,2026-05-01
453660,KODEX 미국S&P500경기소비재,139.0,0.0,0.0,0.0,ETF(실물복제/수익증권),-0.19,,,,,-0.21890589617397238,-0.21890589617397238,879,2026-05-01
453650,KODEX 미국S&P500금융,431.0,0.0,0.0,0.0,ETF(실물복제/수익증권),-0.08,,,,,-0.21890589617397238,-0.21890589617397238,880,2026-05-01
458210,KIWOOM CD금리액티브(합성),1767.0,0.0,0.0,0.0,ETF,0.03,,,,,-0.21890589617397238,-0.21890589617397238,881,2026-05-01
458030,WON 국공채머니마켓액티브,636.0,0.0,0.0,0.0,ETF(Active/수익증권),0.03,,,,,-0.21890589617397238,-0.21890589617397238,882,2026-05-01
457990,PLUS 태양광&ESS,2200.0,0.0,0.0,0.0,ETF(실물복제/수익증권),0.61,,,,,-0.21890589617397238,-0.21890589617397238,883,2026-05-01
457930,BNK 미래전략기술액티브,92.0,0.0,0.0,0.0,ETF(Active/수익증권),-2.06,,,,,-0.21890589617397238,-0.21890589617397238,884,2026-05-01
457700,KODEX 53-09 국고채액티브,135.0,0.0,0.0,0.0,ETF(Active/수익증권),-1.68,,,,,-0.21890589617397238,-0.21890589617397238,885,2026-05-01
448300,TIGER 미국나스닥100(H),3400.0,0.0,0.0,0.0,ETF(실물복제/수익증권),-0.12,,,,,-0.21890589617397238,-0.21890589617397238,886,2026-05-01
Q520078,미래에셋 미국 제약 TOP3 ETN,365.0,0.0,0.0,0.0,ETN(주식),-0.69,,,,,-0.21890589617397238,-0.21890589617397238,887,2026-05-01
Q520077,미래에셋 -1.5X 천연가스 선물 ETN,398.0,0.0,0.0,0.0,ETN(원자재),1.5,,,,,-0.21890589617397238,-0.21890589617397238,888,2026-05-01
Q520076,미래에셋 1.5X 천연가스 선물 ETN,159.0,0.0,0.0,0.0,ETN(원자재),-1.93,,,,,-0.21890589617397238,-0.21890589617397238,889,2026-05-01
Q520075,미래에셋 레버리지 미국 방위산업 TOP3 ETN,351.0,0.0,0.0,0.0,ETN(주식),-1.73,,,,,-0.21890589617397238,-0.21890589617397238,890,2026-05-01
Q520074,미래에셋 미국 방위산업 TOP3 ETN,448.0,0.0,0.0,0.0,ETN(주식),-0.7,,,,,-0.21890589617397238,-0.21890589617397238,891,2026-05-01
Q520073,미래에셋 레버리지 미국 AI TOP3 ETN,409.0,0.0,0.0,0.0,ETN(주식),-1.35,,,,,-0.21890589617397238,-0.21890589617397238,892,2026-05-01
Q520072,미래에셋 미국 AI TOP3 ETN,508.0,0.0,0.0,0.0,ETN(주식),0.0,,,,,-0.21890589617397238,-0.21890589617397238,893,2026-05-01
Q520069,미래에셋 -2X 홍콩H 선물 ETN(H),64.0,0.0,0.0,0.0,ETN(주식),1.59,,,,,-0.21890589617397238,-0.21890589617397238,894,2026-05-01
Q520068,미래에셋 2X 홍콩H 선물 ETN,383.0,0.0,0.0,0.0,ETN(주식),-0.96,,,,,-0.21890589617397238,-0.21890589617397238,895,2026-05-01
Q520066,미래에셋 KRX금현물 Auto-KO-C 2810-01 ETN,1517.0,0.0,0.0,0.0,손실제한ETN(원자재),0.12,,,,,-0.21890589617397238,-0.21890589617397238,896,2026-05-01
457690,KODEX 33-06 국고채액티브,222.0,0.0,0.0,0.0,ETF(Active/수익증권),-0.61,,,,,-0.21890589617397238,-0.21890589617397238,897,2026-05-01
456880,ACE 미국달러SOFR금리(합성),3574.0,0.0,0.0,0.0,ETF(합성복제/수익증권),0.35,,,,,-0.21890589617397238,-0.21890589617397238,898,2026-05-01
456680,TIGER 차이나전기차레버리지(합성),743.0,0.0,0.0,0.0,ETF(합성복제/수익증권),-1.18,,,,,-0.21890589617397238,-0.21890589617397238,899,2026-05-01
456610,TIGER 미국달러SOFR금리액티브(합성),6536.0,0.0,0.0,0.0,ETF,0.36,,,,,-0.21890589617397238,-0.21890589617397238,900,2026-05-01
456600,TIMEFOLIO 글로벌AI인공지능액티브,18237.0,0.0,0.0,0.0,ETF(Active/수익증권),1.25,,,,,-0.21890589617397238,-0.21890589617397238,901,2026-05-01
456250,KODEX 유럽명품TOP10 STOXX,105.0,0.0,0.0,0.0,ETF(실물복제/수익증권),-0.87,,,,,-0.21890589617397238,-0.21890589617397238,902,2026-05-01
456200,PLUS 미국달러SOFR금리액티브(합성),70.0,0.0,0.0,0.0,ETF,0.55,,,,,-0.21890589617397238,-0.21890589617397238,903,2026-05-01
455960,RISE 미국달러SOFR금리액티브(합성),601.0,0.0,0.0,0.0,ETF,0.98,,,,,-0.21890589617397238,-0.21890589617397238,904,2026-05-01
0015F0,KIWOOM 팔란티어미국30년국채혼합액티브(H),182.0,0.0,0.0,0.0,ETF(Active/수익증권),-1.27,,,,,-0.21890589617397238,-0.21890589617397238,905,2026-05-01
0015E0,KIWOOM 엔비디아미국30년국채혼합액티브(H),64.0,0.0,0.0,0.0,ETF(Active/수익증권),-0.97,,,,,-0.21890589617397238,-0.21890589617397238,906,2026-05-01
453850,ACE 미국30년국채액티브(H),17891.0,0.0,0.0,0.0,ETF(Active/수익증권),-0.93,,,,,-0.21890589617397238,-0.21890589617397238,907,2026-05-01
459560,KODEX 테슬라밸류체인FactSet,346.0,0.0,0.0,0.0,ETF(실물복제/수익증권),1.9,,,,,-0.21890589617397238,-0.21890589617397238,908,2026-05-01
458760,TIGER 미국배당다우존스타겟커버드콜2호,7296.0,0.0,0.0,0.0,ETF(실물복제/수익증권),0.45,,,,,-0.21890589617397238,-0.21890589617397238,909,2026-05-01
458750,TIGER 미국배당다우존스타겟커버드콜1호,612.0,0.0,0.0,0.0,ETF(실물복제/수익증권),0.39,,,,,-0.21890589617397238,-0.21890589617397238,910,2026-05-01
458730,TIGER 미국배당다우존스,34149.0,0.0,0.0,0.0,ETF(실물복제/수익증권),0.41,,,,,-0.21890589617397238,-0.21890589617397238,911,2026-05-01
458260,TIGER 미국투자등급회사채액티브(H),2816.0,0.0,0.0,0.0,ETF(Active/수익증권),-0.64,,,,,-0.21890589617397238,-0.21890589617397238,912,2026-05-01
454780,KIWOOM 종합채권(AA-이상)액티브,3653.0,0.0,0.0,0.0,ETF(Active/수익증권),-0.47,,,,,-0.21890589617397238,-0.21890589617397238,913,2026-05-01
454320,HANARO CAPEX설비투자iSelect,1417.0,0.0,0.0,0.0,ETF(실물복제/수익증권),0.49,,,,,-0.21890589617397238,-0.21890589617397238,914,2026-05-01
454180,KIWOOM 차이나내수소비TOP CSI,34.0,0.0,0.0,0.0,ETF(실물복제/수익증권),-0.64,,,,,-0.21890589617397238,-0.21890589617397238,915,2026-05-01
453950,TIGER TSMC파운드리밸류체인,472.0,0.0,0.0,0.0,ETF(실물복제/수익증권),-2.1,,,,,-0.21890589617397238,-0.21890589617397238,916,2026-05-01
453870,TIGER 인도니프티50,3683.0,0.0,0.0,0.0,ETF(실물복제/수익증권),-1.63,,,,,-0.21890589617397238,-0.21890589617397238,917,2026-05-01
0015B0,KoAct 미국나스닥성장기업액티브,4288.0,0.0,0.0,0.0,ETF(Active/수익증권),2.64,,,,,-0.21890589617397238,-0.21890589617397238,918,2026-05-01
450910,SOL 코스닥150,491.0,0.0,0.0,0.0,ETF(실물복제/수익증권),-2.82,,,,,-0.21890589617397238,-0.21890589617397238,919,2026-05-01
450190,KODEX 한중반도체(합성),269.0,0.0,0.0,0.0,ETF(합성복제/수익증권),3.03,,,,,-0.21890589617397238,-0.21890589617397238,920,2026-05-01
450180,KODEX 한중전기차(합성),99.0,0.0,0.0,0.0,ETF(합성복제/수익증권),-0.98,,,,,-0.21890589617397238,-0.21890589617397238,921,2026-05-01
449780,KIWOOM 미국S&P500(H),314.0,0.0,0.0,0.0,ETF(실물복제/수익증권),-0.46,,,,,-0.21890589617397238,-0.21890589617397238,922,2026-05-01
449770,KIWOOM 미국S&P500,566.0,0.0,0.0,0.0,ETF(실물복제/수익증권),-0.19,,,,,-0.21890589617397238,-0.21890589617397238,923,2026-05-01
449690,TIGER 한중반도체(합성),335.0,0.0,0.0,0.0,ETF(합성복제/수익증권),2.53,,,,,-0.21890589617397238,-0.21890589617397238,924,2026-05-01
449680,TIGER 한중전기차(합성),127.0,0.0,0.0,0.0,ETF(합성복제/수익증권),-1.75,,,,,-0.21890589617397238,-0.21890589617397238,925,2026-05-01
449580,RISE 테슬라애플아마존채권혼합,198.0,0.0,0.0,0.0,ETF(실물복제/수익증권),0.03,,,,,-0.21890589617397238,-0.21890589617397238,926,2026-05-01
449450,PLUS K방산,17874.0,0.0,0.0,0.0,ETF(실물복제/수익증권),-0.35,,,,,-0.21890589617397238,-0.21890589617397238,927,2026-05-01
Q520065,미래에셋 -2X 미국채울트라30년 선물 ETN,296.0,0.0,0.0,0.0,ETN(채권),2.43,,,,,-0.21890589617397238,-0.21890589617397238,928,2026-05-01
449180,KODEX 미국S&P500(H),8443.0,0.0,0.0,0.0,ETF(실물복제/수익증권),-0.56,,,,,-0.21890589617397238,-0.21890589617397238,929,2026-05-01
449170,TIGER KOFR금리액티브(합성),24442.0,0.0,0.0,0.0,ETF,0.02,,,,,-0.21890589617397238,-0.21890589617397238,930,2026-05-01
453640,KODEX 미국S&P500헬스케어,560.0,0.0,0.0,0.0,ETF(실물복제/수익증권),-1.05,,,,,-0.21890589617397238,-0.21890589617397238,931,2026-05-01
453630,KODEX 미국S&P500필수소비재,168.0,0.0,0.0,0.0,ETF(실물복제/수익증권),-0.27,,,,,-0.21890589617397238,-0.21890589617397238,932,2026-05-01
453330,RISE 미국S&P500(H),960.0,0.0,0.0,0.0,ETF(실물복제/수익증권),-0.56,,,,,-0.21890589617397238,-0.21890589617397238,933,2026-05-01
448570,FOCUS AI코리아액티브,485.0,0.0,0.0,0.0,ETF(Active/수익증권),-0.49,,,,,-0.21890589617397238,-0.21890589617397238,934,2026-05-01
448540,ACE 엔비디아채권혼합블룸버그,2557.0,0.0,0.0,0.0,ETF(실물복제/수익증권),-0.83,,,,,-0.21890589617397238,-0.21890589617397238,935,2026-05-01
448490,HANARO 32-10 국고채액티브,165.0,0.0,0.0,0.0,ETF(Active/수익증권),-0.72,,,,,-0.21890589617397238,-0.21890589617397238,936,2026-05-01
448330,KODEX 삼성전자채권혼합,11729.0,0.0,0.0,0.0,ETF(실물복제/수익증권),-0.59,,,,,-0.21890589617397238,-0.21890589617397238,937,2026-05-01
430500,KIWOOM 물가채KIS,113.0,0.0,0.0,0.0,ETF(실물복제/수익증권),-0.4,,,,,-0.21890589617397238,-0.21890589617397238,938,2026-05-01
449190,KODEX 미국나스닥100(H),5461.0,0.0,0.0,0.0,ETF(실물복제/수익증권),-0.15,,,,,-0.21890589617397238,-0.21890589617397238,939,2026-05-01
455890,RISE 머니마켓액티브,29106.0,0.0,0.0,0.0,ETF(Active/수익증권),0.03,,,,,-0.21890589617397238,-0.21890589617397238,940,2026-05-01
455860,SOL 2차전지소부장Fn,1929.0,0.0,0.0,0.0,ETF(실물복제/수익증권),-3.51,,,,,-0.21890589617397238,-0.21890589617397238,941,2026-05-01
455850,SOL AI반도체소부장,12620.0,0.0,0.0,0.0,ETF(실물복제/수익증권),-0.43,,,,,-0.21890589617397238,-0.21890589617397238,942,2026-05-01
455660,ACE 미국하이일드액티브(H),642.0,0.0,0.0,0.0,ETF(Active/수익증권),-0.26,,,,,-0.21890589617397238,-0.21890589617397238,943,2026-05-01
455030,KODEX 미국달러SOFR금리액티브(합성),6659.0,0.0,0.0,0.0,ETF,0.39,,,,,-0.21890589617397238,-0.21890589617397238,944,2026-05-01
453080,KIWOOM 미국나스닥100(H),680.0,0.0,0.0,0.0,ETF(실물복제/수익증권),-0.02,,,,,-0.21890589617397238,-0.21890589617397238,945,2026-05-01
453060,HANARO KOFR금리액티브(합성),121.0,0.0,0.0,0.0,ETF,0.01,,,,,-0.21890589617397238,-0.21890589617397238,946,2026-05-01
453010,PLUS KOFR금리,179.0,0.0,0.0,0.0,ETF(실물복제/수익증권),0.02,,,,,-0.21890589617397238,-0.21890589617397238,947,2026-05-01
452440,VITA 밸류알파액티브,30.0,0.0,0.0,0.0,ETF(Active/수익증권),-2.04,,,,,-0.21890589617397238,-0.21890589617397238,948,2026-05-01
452360,SOL 미국배당다우존스(H),2087.0,0.0,0.0,0.0,ETF(실물복제/수익증권),-0.16,,,,,-0.21890589617397238,-0.21890589617397238,949,2026-05-01
451000,PLUS 종합채권(AA-이상)액티브,5424.0,0.0,0.0,0.0,ETF(Active/수익증권),-0.4,,,,,-0.21890589617397238,-0.21890589617397238,950,2026-05-01
451670,RISE 국채30년레버리지(합성),81.0,0.0,0.0,0.0,ETF(합성복제/수익증권),-3.9,,,,,-0.21890589617397238,-0.21890589617397238,951,2026-05-01
451600,PLUS 국고채30년액티브,231.0,0.0,0.0,0.0,ETF(Active/수익증권),-0.66,,,,,-0.21890589617397238,-0.21890589617397238,952,2026-05-01
451540,TIGER 종합채권(AA-이상)액티브,10862.0,0.0,0.0,0.0,ETF(Active/수익증권),-0.53,,,,,-0.21890589617397238,-0.21890589617397238,953,2026-05-01
451530,TIGER 국고채30년스트립액티브,1502.0,0.0,0.0,0.0,ETF(Active/수익증권),-2.71,,,,,-0.21890589617397238,-0.21890589617397238,954,2026-05-01
451150,에셋플러스 글로벌영에이지액티브,112.0,0.0,0.0,0.0,ETF(Active/수익증권),-0.87,,,,,-0.21890589617397238,-0.21890589617397238,955,2026-05-01
Q520083,미래에셋 2X 미국 자율주행대표기업 ETN,294.0,0.0,0.0,0.0,ETN(주식),0.19,,,,,-0.21890589617397238,-0.21890589617397238,956,2026-05-01
Q520082,미래에셋 미국 자율주행대표기업 ETN,415.0,0.0,0.0,0.0,ETN(주식),0.95,,,,,-0.21890589617397238,-0.21890589617397238,957,2026-05-01
Q520081,미래에셋 2X 미국 테크&반도체 TOP3 ETN,647.0,0.0,0.0,0.0,ETN(주식),-0.9,,,,,-0.21890589617397238,-0.21890589617397238,958,2026-05-01
Q520080,미래에셋 미국 테크&반도체 TOP3 ETN,647.0,0.0,0.0,0.0,ETN(주식),-0.02,,,,,-0.21890589617397238,-0.21890589617397238,959,2026-05-01
Q520079,미래에셋 레버리지 미국 제약 TOP3 ETN,232.0,0.0,0.0,0.0,ETN(주식),-2.01,,,,,-0.21890589617397238,-0.21890589617397238,960,2026-05-01
452250,ACE 미국30년국채선물레버리지(합성 H),517.0,0.0,0.0,0.0,ETF(합성복제/수익증권),-1.74,,,,,-0.21890589617397238,-0.21890589617397238,961,2026-05-01
377990,TIGER Fn신재생에너지,2044.0,0.0,0.0,0.0,ETF(실물복제/수익증권),1.5,,,,,-0.21890589617397238,-0.21890589617397238,962,2026-05-01
376410,TIGER 탄소효율그린뉴딜,207.0,0.0,0.0,0.0,ETF(실물복제/수익증권),-1.37,,,,,-0.21890589617397238,-0.21890589617397238,963,2026-05-01
375770,KODEX 탄소효율그린뉴딜,557.0,0.0,0.0,0.0,ETF(실물복제/수익증권),-1.49,,,,,-0.21890589617397238,-0.21890589617397238,964,2026-05-01
375760,HANARO 탄소효율그린뉴딜,206.0,0.0,0.0,0.0,ETF(실물복제/수익증권),-0.76,,,,,-0.21890589617397238,-0.21890589617397238,965,2026-05-01
Q530096,삼성 인버스 구리 선물 ETN(H),70.0,0.0,0.0,0.0,ETN(원자재),1.08,,,,,-0.21890589617397238,-0.21890589617397238,966,2026-05-01
Q530095,삼성 구리 선물 ETN(H),136.0,0.0,0.0,0.0,ETN(원자재),-1.23,,,,,-0.21890589617397238,-0.21890589617397238,967,2026-05-01
Q530094,삼성 인버스 코스닥 150 선물 ETN,46.0,0.0,0.0,0.0,ETN(주식),4.07,,,,,-0.21890589617397238,-0.21890589617397238,968,2026-05-01
Q530092,삼성 인버스 코스피 200 선물 ETN,34.0,0.0,0.0,0.0,ETN(주식),1.04,,,,,-0.21890589617397238,-0.21890589617397238,969,2026-05-01
Q530090,삼성 인버스 은 선물 ETN(H),73.0,0.0,0.0,0.0,ETN(원자재),2.11,,,,,-0.21890589617397238,-0.21890589617397238,970,2026-05-01
429760,PLUS 미국S&P500,389.0,0.0,0.0,0.0,ETF(실물복제/수익증권),-0.26,,,,,-0.21890589617397238,-0.21890589617397238,971,2026-05-01
Q530084,삼성 인버스 금 선물 ETN(H),48.0,0.0,0.0,0.0,ETN(원자재),0.21,,,,,-0.21890589617397238,-0.21890589617397238,972,2026-05-01
Q530083,삼성 금 선물 ETN(H),238.0,0.0,0.0,0.0,ETN(원자재),-0.77,,,,,-0.21890589617397238,-0.21890589617397238,973,2026-05-01
Q520091,미래에셋 인버스 천연가스 선물 ETN B,476.0,0.0,0.0,0.0,ETN(원자재),1.62,,,,,-0.21890589617397238,-0.21890589617397238,974,2026-05-01
Q520090,미래에셋 천연가스 선물 ETN B,306.0,0.0,0.0,0.0,ETN(원자재),-1.1,,,,,-0.21890589617397238,-0.21890589617397238,975,2026-05-01
Q520089,미래에셋 CAPE 실러 US Core Sector ETN,598.0,0.0,0.0,0.0,ETN(주식),0.25,,,,,-0.21890589617397238,-0.21890589617397238,976,2026-05-01
Q520088,미래에셋 S&P500 VIX S/T 선물 ETN(H),217.0,0.0,0.0,0.0,ETN(변동성),4.54,,,,,-0.21890589617397238,-0.21890589617397238,977,2026-05-01
371460,TIGER 차이나전기차SOLACTIVE,13326.0,0.0,0.0,0.0,ETF(실물복제/수익증권),-0.92,,,,,-0.21890589617397238,-0.21890589617397238,978,2026-05-01
371450,TIGER 글로벌클라우드컴퓨팅INDXX,193.0,0.0,0.0,0.0,ETF(실물복제/수익증권),0.48,,,,,-0.21890589617397238,-0.21890589617397238,979,2026-05-01
371160,TIGER 차이나항셍테크,8718.0,0.0,0.0,0.0,ETF(실물복제/수익증권),0.06,,,,,-0.21890589617397238,-0.21890589617397238,980,2026-05-01
371150,RISE 차이나항셍테크,170.0,0.0,0.0,0.0,ETF(실물복제/수익증권),-0.32,,,,,-0.21890589617397238,-0.21890589617397238,981,2026-05-01
Q530089,삼성 은 선물 ETN(H),277.0,0.0,0.0,0.0,ETN(원자재),-1.67,,,,,-0.21890589617397238,-0.21890589617397238,982,2026-05-01
395160,KODEX AI반도체,24931.0,0.0,0.0,0.0,ETF(실물복제/수익증권),-0.07,,,,,-0.21890589617397238,-0.21890589617397238,983,2026-05-01
395150,KODEX 웹툰&드라마,124.0,0.0,0.0,0.0,ETF(실물복제/수익증권),-2.82,,,,,-0.21890589617397238,-0.21890589617397238,984,2026-05-01
394670,TIGER 글로벌리튬&2차전지SOLACTIVE(합성),3264.0,0.0,0.0,0.0,ETF(합성복제/수익증권),0.18,,,,,-0.21890589617397238,-0.21890589617397238,985,2026-05-01
394660,TIGER 글로벌자율주행&전기차SOLACTIVE,1243.0,0.0,0.0,0.0,ETF(실물복제/수익증권),0.99,,,,,-0.21890589617397238,-0.21890589617397238,986,2026-05-01
391670,HK 베스트일레븐액티브,237.0,0.0,0.0,0.0,ETF(Active/수익증권),-1.05,,,,,-0.21890589617397238,-0.21890589617397238,987,2026-05-01
Q520087,미래에셋 레버리지 KRX 금현물 ETN,828.0,0.0,0.0,0.0,ETN(원자재),0.13,,,,,-0.21890589617397238,-0.21890589617397238,988,2026-05-01
Q520086,미래에셋-0.5X S&P500 VIX S/T선물 ETN(H)B,481.0,0.0,0.0,0.0,ETN(변동성),-2.24,,,,,-0.21890589617397238,-0.21890589617397238,989,2026-05-01
Q520085,미래에셋 -2X 미국 AI TOP3 ETN,109.0,0.0,0.0,0.0,ETN(주식),1.16,,,,,-0.21890589617397238,-0.21890589617397238,990,2026-05-01
Q610083,메리츠 레버리지 인도 루피화 ETN,102.0,0.0,0.0,0.0,ETN(통화),-0.53,,,,,-0.21890589617397238,-0.21890589617397238,991,2026-05-01
Q520084,미래에셋 -2X 미국 자율주행대표기업 ETN,86.0,0.0,0.0,0.0,ETN(주식),0.0,,,,,-0.21890589617397238,-0.21890589617397238,992,2026-05-01
Q610081,메리츠 레버리지 멕시코 페소화 ETN,175.0,0.0,0.0,0.0,ETN(통화),-0.94,,,,,-0.21890589617397238,-0.21890589617397238,993,2026-05-01
Q610080,메리츠 멕시코 페소화 ETN,137.0,0.0,0.0,0.0,ETN(통화),-0.11,,,,,-0.21890589617397238,-0.21890589617397238,994,2026-05-01
Q610079,메리츠 인버스 3X 미국채30년 ETN,104.0,0.0,0.0,0.0,ETN(채권),3.5,,,,,-0.21890589617397238,-0.21890589617397238,995,2026-05-01
Q610078,메리츠 3X 레버리지 미국채30년 ETN,529.0,0.0,0.0,0.0,ETN(채권),-2.84,,,,,-0.21890589617397238,-0.21890589617397238,996,2026-05-01
Q610077,메리츠 미국채30년 ETN,112.0,0.0,0.0,0.0,ETN(채권),-0.53,,,,,-0.21890589617397238,-0.21890589617397238,997,2026-05-01
Q610076,메리츠 인버스 3X 미국채10년 ETN,100.0,0.0,0.0,0.0,ETN(채권),2.67,,,,,-0.21890589617397238,-0.21890589617397238,998,2026-05-01
Q610075,메리츠 3X 레버리지 미국채10년 ETN,349.0,0.0,0.0,0.0,ETN(채권),-1.48,,,,,-0.21890589617397238,-0.21890589617397238,999,2026-05-01
Q610074,메리츠 미국채10년 ETN,120.0,0.0,0.0,0.0,ETN(채권),0.0,,,,,-0.21890589617397238,-0.21890589617397238,1000,2026-05-01
Q610073,메리츠 KAP 인버스 2X 중국 위안화 ETN,71.0,0.0,0.0,0.0,ETN(통화),-0.77,,,,,-0.21890589617397238,-0.21890589617397238,1001,2026-05-01
Q610072,메리츠 KAP 레버리지 중국 위안화 ETN,151.0,0.0,0.0,0.0,ETN(통화),1.27,,,,,-0.21890589617397238,-0.21890589617397238,1002,2026-05-01
Q610082,메리츠 인도 루피화 ETN,105.0,0.0,0.0,0.0,ETN(통화),0.29,,,,,-0.21890589617397238,-0.21890589617397238,1003,2026-05-01
375270,RISE 글로벌데이터센터리츠(합성),100.0,0.0,0.0,0.0,ETF(합성복제/수익증권),-0.19,,,,,-0.21890589617397238,-0.21890589617397238,1004,2026-05-01
373790,KIWOOM 미국방어배당성장나스닥,46.0,0.0,0.0,0.0,ETF(실물복제/수익증권),-0.21,,,,,-0.21890589617397238,-0.21890589617397238,1005,2026-05-01
373490,KODEX 코리아혁신성장액티브,155.0,0.0,0.0,0.0,ETF(Active/수익증권),-1.12,,,,,-0.21890589617397238,-0.21890589617397238,1006,2026-05-01
372330,KODEX 차이나항셍테크,1523.0,0.0,0.0,0.0,ETF(실물복제/수익증권),-0.13,,,,,-0.21890589617397238,-0.21890589617397238,1007,2026-05-01
371870,ACE 차이나항셍테크,131.0,0.0,0.0,0.0,ETF(실물복제/수익증권),0.26,,,,,-0.21890589617397238,-0.21890589617397238,1008,2026-05-01
371470,TIGER 차이나바이오테크SOLACTIVE,583.0,0.0,0.0,0.0,ETF(실물복제/수익증권),-0.12,,,,,-0.21890589617397238,-0.21890589617397238,1009,2026-05-01
361580,RISE 200TR,4836.0,0.0,0.0,0.0,ETF(실물복제/수익증권),-0.9,,,,,-0.21890589617397238,-0.21890589617397238,1010,2026-05-01
360750,TIGER 미국S&P500,165475.0,0.0,0.0,0.0,ETF(실물복제/수익증권),-0.21,,,,,-0.21890589617397238,-0.21890589617397238,1011,2026-05-01
360200,ACE 미국S&P500,36295.0,0.0,0.0,0.0,ETF(실물복제/수익증권),-0.21,,,,,-0.21890589617397238,-0.21890589617397238,1012,2026-05-01
368680,KODEX K-뉴딜디지털플러스,88.0,0.0,0.0,0.0,ETF(실물복제/수익증권),-2.83,,,,,-0.21890589617397238,-0.21890589617397238,1013,2026-05-01
360140,KODEX 200롱코스닥150숏선물,372.0,0.0,0.0,0.0,ETF(실물복제/수익증권),1.57,,,,,-0.21890589617397238,-0.21890589617397238,1014,2026-05-01
359210,KODEX 코스피TR,1132.0,0.0,0.0,0.0,ETF(실물복제/수익증권),-0.92,,,,,-0.21890589617397238,-0.21890589617397238,1015,2026-05-01
357870,TIGER CD금리투자KIS(합성),45071.0,0.0,0.0,0.0,ETF(합성복제/수익증권),0.02,,,,,-0.21890589617397238,-0.21890589617397238,1016,2026-05-01
356540,ACE 종합채권(AA-이상)KIS액티브,11312.0,0.0,0.0,0.0,ETF(Active/수익증권),-0.47,,,,,-0.21890589617397238,-0.21890589617397238,1017,2026-05-01
354500,ACE 코스닥150,2262.0,0.0,0.0,0.0,ETF(실물복제/수익증권),-2.89,,,,,-0.21890589617397238,-0.21890589617397238,1018,2026-05-01
354350,HANARO 글로벌럭셔리S&P(합성),152.0,0.0,0.0,0.0,ETF(합성복제/수익증권),-0.48,,,,,-0.21890589617397238,-0.21890589617397238,1019,2026-05-01
354240,RISE 미국고정배당우선증권,140.0,0.0,0.0,0.0,ETF(실물복제/수익증권),-0.13,,,,,-0.21890589617397238,-0.21890589617397238,1020,2026-05-01
367770,RISE 수소경제테마,1696.0,0.0,0.0,0.0,ETF(실물복제/수익증권),-1.49,,,,,-0.21890589617397238,-0.21890589617397238,1021,2026-05-01
367760,RISE 5G테크,4393.0,0.0,0.0,0.0,ETF(실물복제/수익증권),-0.26,,,,,-0.21890589617397238,-0.21890589617397238,1022,2026-05-01
367740,HANARO Fn5G산업,216.0,0.0,0.0,0.0,ETF(실물복제/수익증권),-0.28,,,,,-0.21890589617397238,-0.21890589617397238,1023,2026-05-01
360150,KODEX 코스닥150롱코스피200숏선물,243.0,0.0,0.0,0.0,ETF(실물복제/수익증권),-2.45,,,,,-0.21890589617397238,-0.21890589617397238,1024,2026-05-01
368590,RISE 미국나스닥100,13824.0,0.0,0.0,0.0,ETF(실물복제/수익증권),0.14,,,,,-0.21890589617397238,-0.21890589617397238,1025,2026-05-01
368190,HANARO Fn K-뉴딜디지털플러스,360.0,0.0,0.0,0.0,ETF(실물복제/수익증권),-2.51,,,,,-0.21890589617397238,-0.21890589617397238,1026,2026-05-01
381570,HANARO Fn친환경에너지,127.0,0.0,0.0,0.0,ETF(실물복제/수익증권),0.44,,,,,-0.21890589617397238,-0.21890589617397238,1027,2026-05-01
381560,HANARO Fn전기&수소차,498.0,0.0,0.0,0.0,ETF(실물복제/수익증권),-1.92,,,,,-0.21890589617397238,-0.21890589617397238,1028,2026-05-01
381180,TIGER 미국필라델피아반도체나스닥,46871.0,0.0,0.0,0.0,ETF(실물복제/수익증권),1.07,,,,,-0.21890589617397238,-0.21890589617397238,1029,2026-05-01
381170,TIGER 미국테크TOP10 INDXX,41733.0,0.0,0.0,0.0,ETF(실물복제/수익증권),-0.06,,,,,-0.21890589617397238,-0.21890589617397238,1030,2026-05-01
380340,ACE Fn5G플러스,143.0,0.0,0.0,0.0,ETF(실물복제/수익증권),-1.26,,,,,-0.21890589617397238,-0.21890589617397238,1031,2026-05-01
379810,KODEX 미국나스닥100,68891.0,0.0,0.0,0.0,ETF(실물복제/수익증권),0.17,,,,,-0.21890589617397238,-0.21890589617397238,1032,2026-05-01
379800,KODEX 미국S&P500,86863.0,0.0,0.0,0.0,ETF(실물복제/수익증권),-0.06,,,,,-0.21890589617397238,-0.21890589617397238,1033,2026-05-01
363510,SOL KIS단기통안채,257.0,0.0,0.0,0.0,ETF(실물복제/수익증권),0.01,,,,,-0.21890589617397238,-0.21890589617397238,1034,2026-05-01
379780,RISE 미국S&P500,14181.0,0.0,0.0,0.0,ETF(실물복제/수익증권),-0.26,,,,,-0.21890589617397238,-0.21890589617397238,1035,2026-05-01
365040,TIGER AI코리아그로스액티브,678.0,0.0,0.0,0.0,ETF(Active/수익증권),-1.21,,,,,-0.21890589617397238,-0.21890589617397238,1036,2026-05-01
365000,TIGER 인터넷TOP10,550.0,0.0,0.0,0.0,ETF(실물복제/수익증권),-1.01,,,,,-0.21890589617397238,-0.21890589617397238,1037,2026-05-01
364990,TIGER 게임TOP10,319.0,0.0,0.0,0.0,ETF(실물복제/수익증권),-3.54,,,,,-0.21890589617397238,-0.21890589617397238,1038,2026-05-01
364980,TIGER 2차전지TOP10,9205.0,0.0,0.0,0.0,ETF(실물복제/수익증권),-2.51,,,,,-0.21890589617397238,-0.21890589617397238,1039,2026-05-01
364970,TIGER 바이오TOP10,2892.0,0.0,0.0,0.0,ETF(실물복제/수익증권),-2.33,,,,,-0.21890589617397238,-0.21890589617397238,1040,2026-05-01
364960,TIGER BBIG,1118.0,0.0,0.0,0.0,ETF(실물복제/수익증권),-2.14,,,,,-0.21890589617397238,-0.21890589617397238,1041,2026-05-01
364690,KODEX 혁신기술테마액티브,223.0,0.0,0.0,0.0,ETF(Active/수익증권),-0.85,,,,,-0.21890589617397238,-0.21890589617397238,1042,2026-05-01
363580,KODEX 200IT TR,1411.0,0.0,0.0,0.0,ETF(실물복제/수익증권),0.01,,,,,-0.21890589617397238,-0.21890589617397238,1043,2026-05-01
363570,KODEX 장기종합채권(AA-이상)액티브,3099.0,0.0,0.0,0.0,ETF(Active/수익증권),-0.86,,,,,-0.21890589617397238,-0.21890589617397238,1044,2026-05-01
379790,RISE 유로스탁스50(H),117.0,0.0,0.0,0.0,ETF(실물복제/수익증권),-1.51,,,,,-0.21890589617397238,-0.21890589617397238,1045,2026-05-01
419430,KODEX 차이나2차전지MSCI(합성),420.0,0.0,0.0,0.0,ETF(합성복제/수익증권),-1.32,,,,,-0.21890589617397238,-0.21890589617397238,1046,2026-05-01
419420,KODEX 미국클린에너지나스닥,157.0,0.0,0.0,0.0,ETF(실물복제/수익증권),2.33,,,,,-0.21890589617397238,-0.21890589617397238,1047,2026-05-01
418670,TIGER 글로벌AI사이버보안,349.0,0.0,0.0,0.0,ETF(실물복제/수익증권),0.33,,,,,-0.21890589617397238,-0.21890589617397238,1048,2026-05-01
418660,TIGER 미국나스닥100레버리지(합성),3561.0,0.0,0.0,0.0,ETF(합성복제/수익증권),0.29,,,,,-0.21890589617397238,-0.21890589617397238,1049,2026-05-01
403790,마이다스 코스피액티브,1722.0,0.0,0.0,0.0,ETF(Active/수익증권),-1.12,,,,,-0.21890589617397238,-0.21890589617397238,1050,2026-05-01
402970,ACE 미국배당다우존스,8481.0,0.0,0.0,0.0,ETF(실물복제/수익증권),0.27,,,,,-0.21890589617397238,-0.21890589617397238,1051,2026-05-01
402460,HANARO Fn K-메타버스MZ,67.0,0.0,0.0,0.0,ETF(실물복제/수익증권),-0.53,,,,,-0.21890589617397238,-0.21890589617397238,1052,2026-05-01
401590,HANARO 글로벌탄소배출권선물ICE(합성),54.0,0.0,0.0,0.0,ETF(합성복제/수익증권),-1.44,,,,,-0.21890589617397238,-0.21890589617397238,1053,2026-05-01
401470,KODEX 메타버스액티브,860.0,0.0,0.0,0.0,ETF(Active/수익증권),-1.7,,,,,-0.21890589617397238,-0.21890589617397238,1054,2026-05-01
385510,KODEX 신재생에너지액티브,5335.0,0.0,0.0,0.0,ETF(Active/수익증권),0.36,,,,,-0.21890589617397238,-0.21890589617397238,1055,2026-05-01
400970,TIGER Fn메타버스,608.0,0.0,0.0,0.0,ETF(실물복제/수익증권),-2.2,,,,,-0.21890589617397238,-0.21890589617397238,1056,2026-05-01
415340,KODEX 차이나과창판STAR50(합성),288.0,0.0,0.0,0.0,ETF(합성복제/수익증권),6.43,,,,,-0.21890589617397238,-0.21890589617397238,1057,2026-05-01
414780,TIGER 차이나과창판STAR50(합성),2290.0,0.0,0.0,0.0,ETF(합성복제/수익증권),5.66,,,,,-0.21890589617397238,-0.21890589617397238,1058,2026-05-01
414270,ACE 글로벌자율주행액티브,354.0,0.0,0.0,0.0,ETF(Active/수익증권),0.52,,,,,-0.21890589617397238,-0.21890589617397238,1059,2026-05-01
413930,WON AI ESG액티브,107.0,0.0,0.0,0.0,ETF(Active/수익증권),-0.37,,,,,-0.21890589617397238,-0.21890589617397238,1060,2026-05-01
413220,SOL 차이나태양광CSI(합성),75.0,0.0,0.0,0.0,ETF(합성복제/수익증권),0.16,,,,,-0.21890589617397238,-0.21890589617397238,1061,2026-05-01
412770,TIGER 글로벌AI플랫폼액티브,880.0,0.0,0.0,0.0,ETF(Active/수익증권),-0.4,,,,,-0.21890589617397238,-0.21890589617397238,1062,2026-05-01
412570,TIGER 2차전지TOP10레버리지,2828.0,0.0,0.0,0.0,ETF(실물복제/수익증권),-5.59,,,,,-0.21890589617397238,-0.21890589617397238,1063,2026-05-01
412560,TIGER BBIG레버리지,20.0,0.0,0.0,0.0,ETF(실물복제/수익증권),-5.98,,,,,-0.21890589617397238,-0.21890589617397238,1064,2026-05-01
411860,KIWOOM 독일DAX,103.0,0.0,0.0,0.0,ETF(실물복제/수익증권),-1.8,,,,,-0.21890589617397238,-0.21890589617397238,1065,2026-05-01
401170,RISE 메타버스,1111.0,0.0,0.0,0.0,ETF(실물복제/수익증권),-1.94,,,,,-0.21890589617397238,-0.21890589617397238,1066,2026-05-01
429980,SOL 한국형글로벌전기차&2차전지액티브,95.0,0.0,0.0,0.0,ETF(Active/수익증권),0.58,,,,,-0.21890589617397238,-0.21890589617397238,1067,2026-05-01
457480,ACE 테슬라밸류체인액티브,12117.0,0.0,0.0,0.0,ETF(Active/수익증권),-0.67,,,,,-0.21890589617397238,-0.21890589617397238,1068,2026-05-01
429740,PLUS K리츠,94.0,0.0,0.0,0.0,ETF(실물복제/수익증권),0.28,,,,,-0.21890589617397238,-0.21890589617397238,1069,2026-05-01
429010,TIGER 미국나스닥넥스트100,92.0,0.0,0.0,0.0,ETF(실물복제/수익증권),0.57,,,,,-0.21890589617397238,-0.21890589617397238,1070,2026-05-01
429000,TIGER 미국S&P500배당귀족,1648.0,0.0,0.0,0.0,ETF(실물복제/수익증권),-1.0,,,,,-0.21890589617397238,-0.21890589617397238,1071,2026-05-01
428560,KODEX 미국ETF산업Top10 Indxx,133.0,0.0,0.0,0.0,ETF(실물복제/수익증권),0.73,,,,,-0.21890589617397238,-0.21890589617397238,1072,2026-05-01
428510,KODEX 차이나AI테크액티브,505.0,0.0,0.0,0.0,ETF(Active/수익증권),2.54,,,,,-0.21890589617397238,-0.21890589617397238,1073,2026-05-01
427120,RISE 플랫폼테마,48.0,0.0,0.0,0.0,ETF(실물복제/수익증권),-2.46,,,,,-0.21890589617397238,-0.21890589617397238,1074,2026-05-01
426150,WON 대한민국국고채액티브,524.0,0.0,0.0,0.0,ETF(Active/수익증권),-0.66,,,,,-0.21890589617397238,-0.21890589617397238,1075,2026-05-01
419650,PLUS 글로벌수소&차세대연료전지,272.0,0.0,0.0,0.0,ETF(실물복제/수익증권),10.51,,,,,-0.21890589617397238,-0.21890589617397238,1076,2026-05-01
411420,KODEX 미국나스닥AI테크액티브,1381.0,0.0,0.0,0.0,ETF(Active/수익증권),0.3,,,,,-0.21890589617397238,-0.21890589617397238,1077,2026-05-01
411060,ACE KRX금현물,46906.0,0.0,0.0,0.0,ETF(실물복제/수익증권),0.45,,,,,-0.21890589617397238,-0.21890589617397238,1078,2026-05-01
410870,TIMEFOLIO K컬처액티브,435.0,0.0,0.0,0.0,ETF(Active/수익증권),-2.53,,,,,-0.21890589617397238,-0.21890589617397238,1079,2026-05-01
409820,KODEX 미국나스닥100레버리지(합성 H),2395.0,0.0,0.0,0.0,ETF(합성복제/수익증권),-0.66,,,,,-0.21890589617397238,-0.21890589617397238,1080,2026-05-01
409810,KODEX 미국나스닥100선물인버스(H),142.0,0.0,0.0,0.0,ETF(실물복제/수익증권),0.58,,,,,-0.21890589617397238,-0.21890589617397238,1081,2026-05-01
407830,에셋플러스 글로벌플랫폼액티브,463.0,0.0,0.0,0.0,ETF(Active/수익증권),-1.39,,,,,-0.21890589617397238,-0.21890589617397238,1082,2026-05-01
422420,RISE 2차전지액티브,3146.0,0.0,0.0,0.0,ETF(Active/수익증권),-3.39,,,,,-0.21890589617397238,-0.21890589617397238,1083,2026-05-01
422260,VITA MZ소비액티브,11.0,0.0,0.0,0.0,ETF(Active/수익증권),-2.49,,,,,-0.21890589617397238,-0.21890589617397238,1084,2026-05-01
421320,PLUS 우주항공&UAM,3179.0,0.0,0.0,0.0,ETF(실물복제/수익증권),-2.36,,,,,-0.21890589617397238,-0.21890589617397238,1085,2026-05-01
419890,KIWOOM 단기채권ESG액티브,704.0,0.0,0.0,0.0,ETF(Active/수익증권),-0.02,,,,,-0.21890589617397238,-0.21890589617397238,1086,2026-05-01
411540,SOL 200 Top10,326.0,0.0,0.0,0.0,ETF(실물복제/수익증권),-1.79,,,,,-0.21890589617397238,-0.21890589617397238,1087,2026-05-01
387270,TIGER 글로벌이노베이션액티브,299.0,0.0,0.0,0.0,ETF(Active/수익증권),-0.64,,,,,-0.21890589617397238,-0.21890589617397238,1088,2026-05-01
385720,TIMEFOLIO 코스피액티브,3803.0,0.0,0.0,0.0,ETF(Active/수익증권),-1.33,,,,,-0.21890589617397238,-0.21890589617397238,1089,2026-05-01
385710,TIMEFOLIO K이노베이션액티브,134.0,0.0,0.0,0.0,ETF(Active/수익증권),-2.33,,,,,-0.21890589617397238,-0.21890589617397238,1090,2026-05-01
385600,ACE 2차전지&친환경차액티브,233.0,0.0,0.0,0.0,ETF(Active/수익증권),-1.82,,,,,-0.21890589617397238,-0.21890589617397238,1091,2026-05-01
400590,SOL 글로벌탄소배출권선물ICE(합성),66.0,0.0,0.0,0.0,ETF(합성복제/수익증권),-1.67,,,,,-0.21890589617397238,-0.21890589617397238,1092,2026-05-01
400580,SOL 유럽탄소배출권선물S&P(H),52.0,0.0,0.0,0.0,ETF(실물복제/수익증권),-3.08,,,,,-0.21890589617397238,-0.21890589617397238,1093,2026-05-01
400570,KODEX 유럽탄소배출권선물ICE(H),161.0,0.0,0.0,0.0,ETF(실물복제/수익증권),-2.81,,,,,-0.21890589617397238,-0.21890589617397238,1094,2026-05-01
399580,RISE 글로벌클린에너지,114.0,0.0,0.0,0.0,ETF(실물복제/수익증권),2.42,,,,,-0.21890589617397238,-0.21890589617397238,1095,2026-05-01
399110,SOL 미국S&P500ESG,1222.0,0.0,0.0,0.0,ETF(실물복제/수익증권),0.1,,,,,-0.21890589617397238,-0.21890589617397238,1096,2026-05-01
396520,TIGER 차이나반도체FACTSET,2506.0,0.0,0.0,0.0,ETF(실물복제/수익증권),4.9,,,,,-0.21890589617397238,-0.21890589617397238,1097,2026-05-01
0021E0,ACE TDF2050액티브,720.0,0.0,0.0,0.0,ETF(Active/수익증권),-0.24,,,,,-0.21890589617397238,-0.21890589617397238,1098,2026-05-01
0021D0,ACE TDF2030액티브,179.0,0.0,0.0,0.0,ETF(Active/수익증권),-0.27,,,,,-0.21890589617397238,-0.21890589617397238,1099,2026-05-01
0021C0,ACE 장기자산배분액티브,128.0,0.0,0.0,0.0,ETF(Active/수익증권),-0.67,,,,,-0.21890589617397238,-0.21890589617397238,1100,2026-05-01
0020H0,KoAct 글로벌양자컴퓨팅액티브,451.0,0.0,0.0,0.0,ETF(Active/수익증권),-0.41,,,,,-0.21890589617397238,-0.21890589617397238,1101,2026-05-01
0019K0,TIMEFOLIO 미국나스닥100채권혼합50액티브,2328.0,0.0,0.0,0.0,ETF(Active/수익증권),1.43,,,,,-0.21890589617397238,-0.21890589617397238,1102,2026-05-01
385590,ACE ESG액티브,473.0,0.0,0.0,0.0,ETF(Active/수익증권),-1.31,,,,,-0.21890589617397238,-0.21890589617397238,1103,2026-05-01
385560,RISE KIS국고채30년Enhanced,7027.0,0.0,0.0,0.0,ETF(실물복제/수익증권),-2.24,,,,,-0.21890589617397238,-0.21890589617397238,1104,2026-05-01
385550,RISE 단기채권알파액티브,3507.0,0.0,0.0,0.0,ETF(Active/수익증권),-0.01,,,,,-0.21890589617397238,-0.21890589617397238,1105,2026-05-01
385540,RISE 종합채권(A-이상)액티브,20679.0,0.0,0.0,0.0,ETF(Active/수익증권),-0.5,,,,,-0.21890589617397238,-0.21890589617397238,1106,2026-05-01
385520,KODEX 자율주행액티브,398.0,0.0,0.0,0.0,ETF(Active/수익증권),-2.21,,,,,-0.21890589617397238,-0.21890589617397238,1107,2026-05-01
397420,RISE 국채선물5년추종,52.0,0.0,0.0,0.0,ETF(실물복제/수익증권),-0.34,,,,,-0.21890589617397238,-0.21890589617397238,1108,2026-05-01
396510,TIGER 차이나클린에너지SOLACTIVE,205.0,0.0,0.0,0.0,ETF(실물복제/수익증권),0.56,,,,,-0.21890589617397238,-0.21890589617397238,1109,2026-05-01
396500,TIGER Fn반도체TOP10,103657.0,0.0,0.0,0.0,ETF(실물복제/수익증권),-0.59,,,,,-0.21890589617397238,-0.21890589617397238,1110,2026-05-01
395760,PLUS ESG성장주액티브,138.0,0.0,0.0,0.0,ETF(Active/수익증권),-1.35,,,,,-0.21890589617397238,-0.21890589617397238,1111,2026-05-01
395750,PLUS ESG가치주액티브,79.0,0.0,0.0,0.0,ETF(Active/수익증권),-1.13,,,,,-0.21890589617397238,-0.21890589617397238,1112,2026-05-01
395290,HANARO Fn K-POP&미디어,436.0,0.0,0.0,0.0,ETF(실물복제/수익증권),-0.96,,,,,-0.21890589617397238,-0.21890589617397238,1113,2026-05-01
395280,HANARO Fn K-게임,116.0,0.0,0.0,0.0,ETF(실물복제/수익증권),-3.16,,,,,-0.21890589617397238,-0.21890589617397238,1114,2026-05-01
395270,HANARO Fn K-반도체,27258.0,0.0,0.0,0.0,ETF(실물복제/수익증권),-0.21,,,,,-0.21890589617397238,-0.21890589617397238,1115,2026-05-01
395170,KODEX Top10동일가중,585.0,0.0,0.0,0.0,ETF(실물복제/수익증권),-1.15,,,,,-0.21890589617397238,-0.21890589617397238,1116,2026-05-01
407820,에셋플러스 코리아플랫폼액티브,172.0,0.0,0.0,0.0,ETF(Active/수익증권),-2.82,,,,,-0.21890589617397238,-0.21890589617397238,1117,2026-05-01
387280,TIGER 퓨처모빌리티액티브,202.0,0.0,0.0,0.0,ETF(Active/수익증권),-1.24,,,,,-0.21890589617397238,-0.21890589617397238,1118,2026-05-01
407300,HANARO Fn골프테마,72.0,0.0,0.0,0.0,ETF(실물복제/수익증권),-0.38,,,,,-0.21890589617397238,-0.21890589617397238,1119,2026-05-01
404650,SOL KRX기후변화솔루션,156.0,0.0,0.0,0.0,ETF(실물복제/수익증권),-1.07,,,,,-0.21890589617397238,-0.21890589617397238,1120,2026-05-01
404540,TIGER KRX기후변화솔루션,157.0,0.0,0.0,0.0,ETF(실물복제/수익증권),-1.43,,,,,-0.21890589617397238,-0.21890589617397238,1121,2026-05-01
404260,KODEX 기후변화솔루션,234.0,0.0,0.0,0.0,ETF(실물복제/수익증권),-1.05,,,,,-0.21890589617397238,-0.21890589617397238,1122,2026-05-01
404120,TIMEFOLIO K신재생에너지액티브,225.0,0.0,0.0,0.0,ETF(Active/수익증권),-0.93,,,,,-0.21890589617397238,-0.21890589617397238,1123,2026-05-01
391600,ACE 미국친환경그린테마INDXX,62.0,0.0,0.0,0.0,ETF(실물복제/수익증권),0.49,,,,,-0.21890589617397238,-0.21890589617397238,1124,2026-05-01
390400,KODEX 미국스마트모빌리티S&P,85.0,0.0,0.0,0.0,ETF(실물복제/수익증권),1.44,,,,,-0.21890589617397238,-0.21890589617397238,1125,2026-05-01
390390,KODEX 미국반도체,10400.0,0.0,0.0,0.0,ETF(실물복제/수익증권),0.5,,,,,-0.21890589617397238,-0.21890589617397238,1126,2026-05-01
388420,RISE 비메모리반도체액티브,2448.0,0.0,0.0,0.0,ETF(Active/수익증권),-0.11,,,,,-0.21890589617397238,-0.21890589617397238,1127,2026-05-01
388280,RISE 컨택트대표,340.0,0.0,0.0,0.0,ETF(실물복제/수익증권),-0.82,,,,,-0.21890589617397238,-0.21890589617397238,1128,2026-05-01
407310,HANARO 200 TOP10,258.0,0.0,0.0,0.0,ETF(실물복제/수익증권),-0.89,,,,,-0.21890589617397238,-0.21890589617397238,1129,2026-05-01
0008E0,ACE 미국중심중소형제조업,125.0,0.0,0.0,0.0,ETF(실물복제/수익증권),-1.7,,,,,-0.21890589617397238,-0.21890589617397238,1130,2026-05-01
496770,PLUS 글로벌방산,438.0,0.0,0.0,0.0,ETF(실물복제/수익증권),0.16,,,,,-0.21890589617397238,-0.21890589617397238,1131,2026-05-01
496130,TRUSTON 코리아밸류업액티브,148.0,0.0,0.0,0.0,ETF(Active/수익증권),-0.62,,,,,-0.21890589617397238,-0.21890589617397238,1132,2026-05-01
496120,ACE 코리아밸류업,253.0,0.0,0.0,0.0,ETF(실물복제/수익증권),-0.73,,,,,-0.21890589617397238,-0.21890589617397238,1133,2026-05-01
496090,KIWOOM 코리아밸류업,1222.0,0.0,0.0,0.0,ETF(실물복제/수익증권),-0.96,,,,,-0.21890589617397238,-0.21890589617397238,1134,2026-05-01
496080,TIGER 코리아밸류업,4435.0,0.0,0.0,0.0,ETF(실물복제/수익증권),-1.01,,,,,-0.21890589617397238,-0.21890589617397238,1135,2026-05-01
491700,HK 200,856.0,0.0,0.0,0.0,ETF(실물복제/수익증권),-1.14,,,,,-0.21890589617397238,-0.21890589617397238,1136,2026-05-01
491630,RISE 미국반도체인버스(합성 H),33.0,0.0,0.0,0.0,ETF(합성복제/수익증권),-1.28,,,,,-0.21890589617397238,-0.21890589617397238,1137,2026-05-01
491620,RISE 미국테크100데일리고정커버드콜,3754.0,0.0,0.0,0.0,ETF(실물복제/수익증권),-0.23,,,,,-0.21890589617397238,-0.21890589617397238,1138,2026-05-01
463690,KODEX 미국S&P500커뮤니케이션,118.0,0.0,0.0,0.0,ETF(실물복제/수익증권),-0.76,,,,,-0.21890589617397238,-0.21890589617397238,1139,2026-05-01
491510,파워 K-주주가치액티브,199.0,0.0,0.0,0.0,ETF(Active/수익증권),-0.42,,,,,-0.21890589617397238,-0.21890589617397238,1140,2026-05-01
491230,PLUS 국공채머니마켓액티브,1274.0,0.0,0.0,0.0,ETF(Active/수익증권),0.07,,,,,-0.21890589617397238,-0.21890589617397238,1141,2026-05-01
491220,PLUS 200TR,534.0,0.0,0.0,0.0,ETF(실물복제/수익증권),-0.91,,,,,-0.21890589617397238,-0.21890589617397238,1142,2026-05-01
491090,KODEX 미국테크TOP3플러스,337.0,0.0,0.0,0.0,ETF(실물복제/수익증권),-0.56,,,,,-0.21890589617397238,-0.21890589617397238,1143,2026-05-01
495710,BNK 26-06 특수채(AAA이상)액티브,1087.0,0.0,0.0,0.0,ETF(Active/수익증권),0.01,,,,,-0.21890589617397238,-0.21890589617397238,1144,2026-05-01
495550,SOL 코리아밸류업TR,1598.0,0.0,0.0,0.0,ETF(실물복제/수익증권),-1.02,,,,,-0.21890589617397238,-0.21890589617397238,1145,2026-05-01
495330,1Q 코리아밸류업,1207.0,0.0,0.0,0.0,ETF(실물복제/수익증권),-0.86,,,,,-0.21890589617397238,-0.21890589617397238,1146,2026-05-01
495230,KoAct 코리아밸류업액티브,3038.0,0.0,0.0,0.0,ETF(Active/수익증권),-1.0,,,,,-0.21890589617397238,-0.21890589617397238,1147,2026-05-01
495060,TIMEFOLIO 코리아밸류업액티브,1831.0,0.0,0.0,0.0,ETF(Active/수익증권),-1.68,,,,,-0.21890589617397238,-0.21890589617397238,1148,2026-05-01
495050,RISE 코리아밸류업,8049.0,0.0,0.0,0.0,ETF(실물복제/수익증권),-0.92,,,,,-0.21890589617397238,-0.21890589617397238,1149,2026-05-01
491610,1Q CD금리액티브(합성),2215.0,0.0,0.0,0.0,ETF,0.01,,,,,-0.21890589617397238,-0.21890589617397238,1150,2026-05-01
Q510027,대신 인버스 2X 코스닥 150 선물 ETN,45.0,0.0,0.0,0.0,ETN(주식),6.31,,,,,-0.21890589617397238,-0.21890589617397238,1151,2026-05-01
Q510016,대신 천연가스 선물 ETN(H),94.0,0.0,0.0,0.0,ETN(원자재),-1.26,,,,,-0.21890589617397238,-0.21890589617397238,1152,2026-05-01
Q500041,신한 인버스 2X 구리 선물 ETN,51.0,0.0,0.0,0.0,ETN(원자재),2.49,,,,,-0.21890589617397238,-0.21890589617397238,1153,2026-05-01
Q500040,신한 레버리지 구리 선물 ETN,304.0,0.0,0.0,0.0,ETN(원자재),-2.14,,,,,-0.21890589617397238,-0.21890589617397238,1154,2026-05-01
Q500038,신한 인버스 2X 금 선물 ETN,11.0,0.0,0.0,0.0,ETN(원자재),1.55,,,,,-0.21890589617397238,-0.21890589617397238,1155,2026-05-01
Q500037,신한 레버리지 금 선물 ETN,1719.0,0.0,0.0,0.0,ETN(원자재),-0.54,,,,,-0.21890589617397238,-0.21890589617397238,1156,2026-05-01
Q500030,신한 인버스 2X 은 선물 ETN(H),19.0,0.0,0.0,0.0,ETN(원자재),5.56,,,,,-0.21890589617397238,-0.21890589617397238,1157,2026-05-01
Q500029,신한 레버리지 은 선물 ETN(H),2927.0,0.0,0.0,0.0,ETN(원자재),-4.27,,,,,-0.21890589617397238,-0.21890589617397238,1158,2026-05-01
Q500024,신한 인버스 콩 선물 ETN(H),145.0,0.0,0.0,0.0,ETN(원자재),-0.75,,,,,-0.21890589617397238,-0.21890589617397238,1159,2026-05-01
0008S0,TIGER 미국배당다우존스타겟데일리커버드콜,2278.0,0.0,0.0,0.0,ETF(실물복제/수익증권),0.25,,,,,-0.21890589617397238,-0.21890589617397238,1160,2026-05-01
0005A0,KODEX 미국S&P500데일리커버드콜OTM,1704.0,0.0,0.0,0.0,ETF(실물복제/수익증권),-0.45,,,,,-0.21890589617397238,-0.21890589617397238,1161,2026-05-01
494840,TIGER 미국방산TOP10,696.0,0.0,0.0,0.0,ETF(실물복제/수익증권),0.45,,,,,-0.21890589617397238,-0.21890589617397238,1162,2026-05-01
494670,TIGER 조선TOP10,9041.0,0.0,0.0,0.0,ETF(실물복제/수익증권),-1.24,,,,,-0.21890589617397238,-0.21890589617397238,1163,2026-05-01
494420,PLUS 미국배당증가성장주데일리커버드콜,173.0,0.0,0.0,0.0,ETF(실물복제/수익증권),-0.78,,,,,-0.21890589617397238,-0.21890589617397238,1164,2026-05-01
494410,PLUS 미국S&P500성장주,308.0,0.0,0.0,0.0,ETF(실물복제/수익증권),-0.88,,,,,-0.21890589617397238,-0.21890589617397238,1165,2026-05-01
494340,ACE 글로벌AI맞춤형반도체,167.0,0.0,0.0,0.0,ETF(실물복제/수익증권),0.9,,,,,-0.21890589617397238,-0.21890589617397238,1166,2026-05-01
494330,ACE 라이프자산주주가치액티브,1021.0,0.0,0.0,0.0,ETF(Active/수익증권),-1.69,,,,,-0.21890589617397238,-0.21890589617397238,1167,2026-05-01
494310,KODEX 반도체레버리지,18389.0,0.0,0.0,0.0,ETF(실물복제/수익증권),-1.64,,,,,-0.21890589617397238,-0.21890589617397238,1168,2026-05-01
494300,KODEX 미국나스닥100데일리커버드콜OTM,7938.0,0.0,0.0,0.0,ETF(실물복제/수익증권),-0.35,,,,,-0.21890589617397238,-0.21890589617397238,1169,2026-05-01
0008T0,SOL 화장품TOP3플러스,789.0,0.0,0.0,0.0,ETF(실물복제/수익증권),-3.98,,,,,-0.21890589617397238,-0.21890589617397238,1170,2026-05-01
Q500023,신한 콩 선물 ETN(H),270.0,0.0,0.0,0.0,ETN(원자재),0.94,,,,,-0.21890589617397238,-0.21890589617397238,1171,2026-05-01
487240,KODEX AI전력핵심설비,34756.0,0.0,0.0,0.0,ETF(실물복제/수익증권),3.62,,,,,-0.21890589617397238,-0.21890589617397238,1172,2026-05-01
487230,KODEX 미국AI전력핵심인프라,17921.0,0.0,0.0,0.0,ETF(실물복제/수익증권),0.35,,,,,-0.21890589617397238,-0.21890589617397238,1173,2026-05-01
487130,KoAct AI인프라액티브,450.0,0.0,0.0,0.0,ETF(Active/수익증권),-0.58,,,,,-0.21890589617397238,-0.21890589617397238,1174,2026-05-01
486830,HANARO 머니마켓액티브,608.0,0.0,0.0,0.0,ETF(Active/수익증권),0.01,,,,,-0.21890589617397238,-0.21890589617397238,1175,2026-05-01
491010,TIGER 글로벌AI전력인프라액티브,6860.0,0.0,0.0,0.0,ETF(Active/수익증권),0.58,,,,,-0.21890589617397238,-0.21890589617397238,1176,2026-05-01
490600,RISE 미국배당100데일리고정커버드콜,1320.0,0.0,0.0,0.0,ETF(실물복제/수익증권),0.27,,,,,-0.21890589617397238,-0.21890589617397238,1177,2026-05-01
490590,RISE 미국AI밸류체인데일리고정커버드콜,5332.0,0.0,0.0,0.0,ETF(실물복제/수익증권),0.2,,,,,-0.21890589617397238,-0.21890589617397238,1178,2026-05-01
490490,SOL 미국배당미국채혼합50,4406.0,0.0,0.0,0.0,ETF(실물복제/수익증권),-0.04,,,,,-0.21890589617397238,-0.21890589617397238,1179,2026-05-01
490480,SOL K방산,1415.0,0.0,0.0,0.0,ETF(실물복제/수익증권),-1.01,,,,,-0.21890589617397238,-0.21890589617397238,1180,2026-05-01
495040,PLUS 코리아밸류업,777.0,0.0,0.0,0.0,ETF(실물복제/수익증권),-1.1,,,,,-0.21890589617397238,-0.21890589617397238,1181,2026-05-01
490090,TIGER 미국AI빅테크10,2255.0,0.0,0.0,0.0,ETF(실물복제/수익증권),-0.15,,,,,-0.21890589617397238,-0.21890589617397238,1182,2026-05-01
489860,KIWOOM 글로벌전력GRID인프라,116.0,0.0,0.0,0.0,ETF(실물복제/수익증권),-0.21,,,,,-0.21890589617397238,-0.21890589617397238,1183,2026-05-01
486240,DAISHIN343 AI반도체&인프라액티브,919.0,0.0,0.0,0.0,ETF(Active/수익증권),-1.96,,,,,-0.21890589617397238,-0.21890589617397238,1184,2026-05-01
485810,TIMEFOLIO 글로벌안티에이징바이오액티브,108.0,0.0,0.0,0.0,ETF(Active/수익증권),-0.3,,,,,-0.21890589617397238,-0.21890589617397238,1185,2026-05-01
485690,RISE 미국AI밸류체인TOP3Plus,808.0,0.0,0.0,0.0,ETF(실물복제/수익증권),0.38,,,,,-0.21890589617397238,-0.21890589617397238,1186,2026-05-01
485540,KODEX 미국AI테크TOP10,3160.0,0.0,0.0,0.0,ETF(실물복제/수익증권),-0.28,,,,,-0.21890589617397238,-0.21890589617397238,1187,2026-05-01
484890,SOL 머니마켓액티브,127.0,0.0,0.0,0.0,ETF(Active/수익증권),-0.01,,,,,-0.21890589617397238,-0.21890589617397238,1188,2026-05-01
484880,SOL 금융지주플러스고배당,4087.0,0.0,0.0,0.0,ETF(실물복제/수익증권),-1.0,,,,,-0.21890589617397238,-0.21890589617397238,1189,2026-05-01
484790,KODEX 미국30년국채액티브(H),5902.0,0.0,0.0,0.0,ETF(Active/수익증권),-0.87,,,,,-0.21890589617397238,-0.21890589617397238,1190,2026-05-01
483570,KCGI 미국S&P500 TOP10,261.0,0.0,0.0,0.0,ETF(실물복제/수익증권),-0.58,,,,,-0.21890589617397238,-0.21890589617397238,1191,2026-05-01
490330,KoAct 미국뇌질환치료제액티브,43.0,0.0,0.0,0.0,ETF(Active/수익증권),-1.17,,,,,-0.21890589617397238,-0.21890589617397238,1192,2026-05-01
494890,KODEX 200액티브,11182.0,0.0,0.0,0.0,ETF(Active/수익증권),-0.91,,,,,-0.21890589617397238,-0.21890589617397238,1193,2026-05-01
489290,WON 미국빌리어네어,419.0,0.0,0.0,0.0,ETF(실물복제/수익증권),-0.72,,,,,-0.21890589617397238,-0.21890589617397238,1194,2026-05-01
489250,KODEX 미국배당다우존스,5205.0,0.0,0.0,0.0,ETF(실물복제/수익증권),0.24,,,,,-0.21890589617397238,-0.21890589617397238,1195,2026-05-01
489030,PLUS 고배당주위클리커버드콜,3174.0,0.0,0.0,0.0,ETF(실물복제/수익증권),-0.06,,,,,-0.21890589617397238,-0.21890589617397238,1196,2026-05-01
489010,PLUS 글로벌AI인프라,100.0,0.0,0.0,0.0,ETF(실물복제/수익증권),-1.19,,,,,-0.21890589617397238,-0.21890589617397238,1197,2026-05-01
489000,PLUS 일본엔화초단기국채(합성),215.0,0.0,0.0,0.0,ETF(합성복제/수익증권),-0.31,,,,,-0.21890589617397238,-0.21890589617397238,1198,2026-05-01
488980,SOL 26-12 회사채(AA-이상)액티브,2774.0,0.0,0.0,0.0,ETF(Active/수익증권),0.0,,,,,-0.21890589617397238,-0.21890589617397238,1199,2026-05-01
488770,KODEX 머니마켓액티브,80251.0,0.0,0.0,0.0,ETF(Active/수익증권),0.03,,,,,-0.21890589617397238,-0.21890589617397238,1200,2026-05-01
488720,WON 종합채권(AA-이상)액티브,655.0,0.0,0.0,0.0,ETF(Active/수익증권),-0.25,,,,,-0.21890589617397238,-0.21890589617397238,1201,2026-05-01
487340,ACE 머니마켓액티브,7819.0,0.0,0.0,0.0,ETF(Active/수익증권),0.02,,,,,-0.21890589617397238,-0.21890589617397238,1202,2026-05-01
494210,SOL 미국500타겟데일리커버드콜액티브,89.0,0.0,0.0,0.0,ETF(Active/수익증권),-0.58,,,,,-0.21890589617397238,-0.21890589617397238,1203,2026-05-01
494180,TIMEFOLIO 글로벌소비트렌드액티브,118.0,0.0,0.0,0.0,ETF(Active/수익증권),0.14,,,,,-0.21890589617397238,-0.21890589617397238,1204,2026-05-01
493810,TIGER 미국AI빅테크10타겟데일리커버드콜,2764.0,0.0,0.0,0.0,ETF(실물복제/수익증권),0.0,,,,,-0.21890589617397238,-0.21890589617397238,1205,2026-05-01
493420,SOL 미국배당다우존스2호,326.0,0.0,0.0,0.0,ETF(실물복제/수익증권),0.52,,,,,-0.21890589617397238,-0.21890589617397238,1206,2026-05-01
492500,1Q 현대차그룹채권(A+이상)&국고통안,927.0,0.0,0.0,0.0,ETF(실물복제/수익증권),-0.08,,,,,-0.21890589617397238,-0.21890589617397238,1207,2026-05-01
491830,TIGER 미국AI반도체팹리스,313.0,0.0,0.0,0.0,ETF(실물복제/수익증권),1.51,,,,,-0.21890589617397238,-0.21890589617397238,1208,2026-05-01
491820,HANARO 전력설비투자,2095.0,0.0,0.0,0.0,ETF(실물복제/수익증권),3.4,,,,,-0.21890589617397238,-0.21890589617397238,1209,2026-05-01
487920,ACE 인도시장대표BIG5그룹액티브,93.0,0.0,0.0,0.0,ETF(Active/수익증권),-2.2,,,,,-0.21890589617397238,-0.21890589617397238,1210,2026-05-01
487910,ACE 인도컨슈머파워액티브,112.0,0.0,0.0,0.0,ETF(Active/수익증권),-2.43,,,,,-0.21890589617397238,-0.21890589617397238,1211,2026-05-01
487750,BNK 온디바이스AI,317.0,0.0,0.0,0.0,ETF(실물복제/수익증권),-1.93,,,,,-0.21890589617397238,-0.21890589617397238,1212,2026-05-01
494220,UNICORN SK하이닉스밸류체인액티브,1678.0,0.0,0.0,0.0,ETF(Active/수익증권),-1.48,,,,,-0.21890589617397238,-0.21890589617397238,1213,2026-05-01
Q700027,하나 반도체 ETN,396.0,0.0,0.0,0.0,ETN(주식),1.4,,,,,-0.21890589617397238,-0.21890589617397238,1214,2026-05-01
Q700026,하나 CD금리투자 ETN,12795.0,0.0,0.0,0.0,ETN(기타),0.02,,,,,-0.21890589617397238,-0.21890589617397238,1215,2026-05-01
Q700025,하나 블룸버그 2X 천연가스 선물 ETN(H) B,28.0,0.0,0.0,0.0,ETN(원자재),-2.07,,,,,-0.21890589617397238,-0.21890589617397238,1216,2026-05-01
Q700023,하나 Solactive 2X US Tech Top 10 ETN(H),1387.0,0.0,0.0,0.0,ETN(주식),-1.01,,,,,-0.21890589617397238,-0.21890589617397238,1217,2026-05-01
Q700022,하나 Solactive US Tech Top 10 ETN(H),617.0,0.0,0.0,0.0,ETN(주식),0.08,,,,,-0.21890589617397238,-0.21890589617397238,1218,2026-05-01
Q700018,하나 인버스 2X 코스닥150 선물 ETN,15.0,0.0,0.0,0.0,ETN(주식),4.56,,,,,-0.21890589617397238,-0.21890589617397238,1219,2026-05-01
Q700017,하나 레버리지 코스닥150 선물 ETN,575.0,0.0,0.0,0.0,ETN(주식),-6.05,,,,,-0.21890589617397238,-0.21890589617397238,1220,2026-05-01
Q700014,하나 인버스 2X 콩 선물 ETN(H),113.0,0.0,0.0,0.0,ETN(원자재),-1.35,,,,,-0.21890589617397238,-0.21890589617397238,1221,2026-05-01
F70101B9A,한국투자뉴욕오피스1호,246.0,0.0,0.0,0.0,수익증권,0.0,,,,,-0.21890589617397238,-0.21890589617397238,1222,2026-05-01
Q510043,대신 인버스 천연가스 선물 ETN(H) B,72.0,0.0,0.0,0.0,ETN(원자재),1.19,,,,,-0.21890589617397238,-0.21890589617397238,1223,2026-05-01
0007G0,PLUS 글로벌원자력밸류체인,575.0,0.0,0.0,0.0,ETF(실물복제/수익증권),-2.67,,,,,-0.21890589617397238,-0.21890589617397238,1224,2026-05-01
0007F0,KODEX 27-12 회사채(AA-이상)액티브,5584.0,0.0,0.0,0.0,ETF(Active/수익증권),-0.1,,,,,-0.21890589617397238,-0.21890589617397238,1225,2026-05-01
0005G0,ITF K-AI반도체코어테크,1045.0,0.0,0.0,0.0,ETF(실물복제/수익증권),-0.08,,,,,-0.21890589617397238,-0.21890589617397238,1226,2026-05-01
0005D0,SOL 전고체배터리&실리콘음극재,2637.0,0.0,0.0,0.0,ETF(실물복제/수익증권),-3.41,,,,,-0.21890589617397238,-0.21890589617397238,1227,2026-05-01
0005C0,RISE 미국S&P500엔화노출(합성 H),90.0,0.0,0.0,0.0,ETF(합성복제/수익증권),0.71,,,,,-0.21890589617397238,-0.21890589617397238,1228,2026-05-01
Q500093,신한 블룸버그 레버리지 WTI원유선물 ETN B,736.0,0.0,0.0,0.0,ETN(원자재),22.07,,,,,-0.21890589617397238,-0.21890589617397238,1229,2026-05-01
Q500091,신한 33-12 국고채 플러스 ETN,209.0,0.0,0.0,0.0,ETN(채권),-0.62,,,,,-0.21890589617397238,-0.21890589617397238,1230,2026-05-01
Q500090,신한 2X 26-05 공사채(AAA) ETN,214.0,0.0,0.0,0.0,ETN(채권),-0.28,,,,,-0.21890589617397238,-0.21890589617397238,1231,2026-05-01
Q500089,신한 26-05 공사채(AAA) ETN,213.0,0.0,0.0,0.0,ETN(채권),-0.14,,,,,-0.21890589617397238,-0.21890589617397238,1232,2026-05-01
Q500088,신한 2X 26-05 은행채(AAA) ETN,213.0,0.0,0.0,0.0,ETN(채권),-0.28,,,,,-0.21890589617397238,-0.21890589617397238,1233,2026-05-01
F70101B96,벨기에코어오피스2호,419.0,0.0,0.0,0.0,수익증권,0.0,,,,,-0.21890589617397238,-0.21890589617397238,1234,2026-05-01
F71205B98,키움히어로즈유럽오피스부동산3호 A,37.0,0.0,0.0,0.0,수익증권,0.0,,,,,-0.21890589617397238,-0.21890589617397238,1235,2026-05-01
F71204B98,키움히어로즈유럽오피스부동산2호 C-I,14.0,0.0,0.0,0.0,수익증권,0.0,,,,,-0.21890589617397238,-0.21890589617397238,1236,2026-05-01
F71203B98,키움히어로즈유럽오피스부동산2호 A,152.0,0.0,0.0,0.0,수익증권,0.0,,,,,-0.21890589617397238,-0.21890589617397238,1237,2026-05-01
F71202B98,키움히어로즈유럽오피스부동산1호 C-I,6.0,0.0,0.0,0.0,수익증권,0.0,,,,,-0.21890589617397238,-0.21890589617397238,1238,2026-05-01
F71201B98,키움히어로즈유럽오피스부동산1호 A,65.0,0.0,0.0,0.0,수익증권,0.0,,,,,-0.21890589617397238,-0.21890589617397238,1239,2026-05-01
F70900002,대신하이일드공모주알파증권2호 A-e,79.0,0.0,0.0,0.0,수익증권,0.0,,,,,-0.21890589617397238,-0.21890589617397238,1240,2026-05-01
F70900001,대신하이일드공모주알파증권2호 A,68.0,0.0,0.0,0.0,수익증권,0.0,,,,,-0.21890589617397238,-0.21890589617397238,1241,2026-05-01
Q700012,하나 인버스 2X 옥수수 선물 ETN(H),229.0,0.0,0.0,0.0,ETN(원자재),-1.34,,,,,-0.21890589617397238,-0.21890589617397238,1242,2026-05-01
Q700011,하나 레버리지 옥수수 선물 ETN(H),97.0,0.0,0.0,0.0,ETN(원자재),1.62,,,,,-0.21890589617397238,-0.21890589617397238,1243,2026-05-01
Q700028,하나 레버리지 반도체 ETN,8091.0,0.0,0.0,0.0,ETN(주식),-2.05,,,,,-0.21890589617397238,-0.21890589617397238,1244,2026-05-01
Q610092,메리츠 인버스 일본 국채 10년 ETN,104.0,0.0,0.0,0.0,ETN(채권),0.05,,,,,-0.21890589617397238,-0.21890589617397238,1245,2026-05-01
Q610091,메리츠 3X 레버리지 일본 국채 10년 ETN,81.0,0.0,0.0,0.0,ETN(채권),-1.22,,,,,-0.21890589617397238,-0.21890589617397238,1246,2026-05-01
Q610090,메리츠 일본 국채 10년 ETN,93.0,0.0,0.0,0.0,ETN(채권),-0.48,,,,,-0.21890589617397238,-0.21890589617397238,1247,2026-05-01
Q700013,하나 레버리지 콩 선물 ETN(H),241.0,0.0,0.0,0.0,ETN(원자재),1.8,,,,,-0.21890589617397238,-0.21890589617397238,1248,2026-05-01
Q500094,신한 블룸버그 인버스2X WTI원유선물 ETN B,499.0,0.0,0.0,0.0,ETN(원자재),-18.8,,,,,-0.21890589617397238,-0.21890589617397238,1249,2026-05-01
Q760006,키움 KPOP ETN,97.0,0.0,0.0,0.0,ETN(주식),-0.97,,,,,-0.21890589617397238,-0.21890589617397238,1250,2026-05-01
Q760005,키움 INDXX 미국테크탑10 ETN,360.0,0.0,0.0,0.0,ETN(주식),-0.36,,,,,-0.21890589617397238,-0.21890589617397238,1251,2026-05-01
Q760004,키움 인버스 미국달러선물 ETN,243.0,0.0,0.0,0.0,ETN(통화),-0.33,,,,,-0.21890589617397238,-0.21890589617397238,1252,2026-05-01
Q700030,하나 S&P 인버스 2X WTI원유 선물 ETN B,50.0,0.0,0.0,0.0,ETN(원자재),-16.11,,,,,-0.21890589617397238,-0.21890589617397238,1253,2026-05-01
Q700029,하나 S&P 레버리지 WTI원유 선물 ETN B,730.0,0.0,0.0,0.0,ETN(원자재),20.34,,,,,-0.21890589617397238,-0.21890589617397238,1254,2026-05-01
Q610093,메리츠 인버스 3X 일본 국채 10년 ETN,117.0,0.0,0.0,0.0,ETN(채권),1.28,,,,,-0.21890589617397238,-0.21890589617397238,1255,2026-05-01
499660,TIGER CD금리플러스액티브(합성),4457.0,0.0,0.0,0.0,ETF,0.02,,,,,-0.21890589617397238,-0.21890589617397238,1256,2026-05-01
499150,SOL 미국S&P500엔화노출(H),87.0,0.0,0.0,0.0,ETF(실물복제/수익증권),-0.41,,,,,-0.21890589617397238,-0.21890589617397238,1257,2026-05-01
498860,RISE 코리아금융고배당,579.0,0.0,0.0,0.0,ETF(실물복제/수익증권),-2.23,,,,,-0.21890589617397238,-0.21890589617397238,1258,2026-05-01
498610,RISE 인도디지털성장,50.0,0.0,0.0,0.0,ETF(실물복제/수익증권),-1.66,,,,,-0.21890589617397238,-0.21890589617397238,1259,2026-05-01
498410,KODEX 금융고배당TOP10타겟위클리커버드콜,7425.0,0.0,0.0,0.0,ETF(실물복제/수익증권),-0.23,,,,,-0.21890589617397238,-0.21890589617397238,1260,2026-05-01
Q610089,메리츠 솔랙티브 -2X WTI원유 선물 ETN(H),189.0,0.0,0.0,0.0,ETN(원자재),-10.15,,,,,-0.21890589617397238,-0.21890589617397238,1261,2026-05-01
F71208B98,키움히어로즈유럽오피스부동산4호 C-I,145.0,0.0,0.0,0.0,수익증권,0.0,,,,,-0.21890589617397238,-0.21890589617397238,1262,2026-05-01
Q760021,키움 코스피200 선물 달러노출 ETN,192.0,0.0,0.0,0.0,ETN(주식),-0.65,,,,,-0.21890589617397238,-0.21890589617397238,1263,2026-05-01
Q760020,키움 레버리지 리츠부동산인프라 ETN,136.0,0.0,0.0,0.0,ETN(부동산),1.44,,,,,-0.21890589617397238,-0.21890589617397238,1264,2026-05-01
Q500087,신한 26-05 은행채(AAA) ETN,213.0,0.0,0.0,0.0,ETN(채권),-0.09,,,,,-0.21890589617397238,-0.21890589617397238,1265,2026-05-01
Q610088,메리츠 솔랙티브 2X WTI원유 선물 ETN(H),696.0,0.0,0.0,0.0,ETN(원자재),20.54,,,,,-0.21890589617397238,-0.21890589617397238,1266,2026-05-01
Q610087,메리츠 솔랙티브 WTI원유 선물 ETN(H),214.0,0.0,0.0,0.0,ETN(원자재),11.07,,,,,-0.21890589617397238,-0.21890589617397238,1267,2026-05-01
Q610086,메리츠 인버스2X 미국채30년 스트립 ETN(H),110.0,0.0,0.0,0.0,ETN(채권),3.43,,,,,-0.21890589617397238,-0.21890589617397238,1268,2026-05-01
Q610085,메리츠 레버리지 미국채30년 스트립 ETN(H),219.0,0.0,0.0,0.0,ETN(채권),-3.42,,,,,-0.21890589617397238,-0.21890589617397238,1269,2026-05-01
Q610084,메리츠 미국채30년 스트립 ETN(H),91.0,0.0,0.0,0.0,ETN(채권),-1.3,,,,,-0.21890589617397238,-0.21890589617397238,1270,2026-05-01
498400,KODEX 200타겟위클리커버드콜,46722.0,0.0,0.0,0.0,ETF(실물복제/수익증권),-0.49,,,,,-0.21890589617397238,-0.21890589617397238,1271,2026-05-01
496020,WON 전단채플러스액티브,2094.0,0.0,0.0,0.0,ETF(Active/수익증권),0.02,,,,,-0.21890589617397238,-0.21890589617397238,1272,2026-05-01
495940,RISE 미국AI테크액티브,524.0,0.0,0.0,0.0,ETF(Active/수익증권),2.0,,,,,-0.21890589617397238,-0.21890589617397238,1273,2026-05-01
495850,KODEX 코리아밸류업,6977.0,0.0,0.0,0.0,ETF(실물복제/수익증권),-1.11,,,,,-0.21890589617397238,-0.21890589617397238,1274,2026-05-01
495750,HANARO 코리아밸류업,661.0,0.0,0.0,0.0,ETF(실물복제/수익증권),-0.44,,,,,-0.21890589617397238,-0.21890589617397238,1275,2026-05-01
Q760019,키움 리츠부동산인프라 ETN,119.0,0.0,0.0,0.0,ETN(부동산),0.89,,,,,-0.21890589617397238,-0.21890589617397238,1276,2026-05-01
Q500086,신한 코스닥 150 TR ETN,156.0,0.0,0.0,0.0,ETN(주식),-3.4,,,,,-0.21890589617397238,-0.21890589617397238,1277,2026-05-01
Q500085,신한 코스피 200 TR ETN,311.0,0.0,0.0,0.0,ETN(주식),0.0,,,,,-0.21890589617397238,-0.21890589617397238,1278,2026-05-01
Q500082,신한 블룸버그 2X 천연가스 선물 ETN,268.0,0.0,0.0,0.0,ETN(원자재),-2.51,,,,,-0.21890589617397238,-0.21890589617397238,1279,2026-05-01
Q500081,신한 S&P 인버스 2X 유로 선물 ETN(H),101.0,0.0,0.0,0.0,ETN(통화),0.9,,,,,-0.21890589617397238,-0.21890589617397238,1280,2026-05-01
Q500080,신한 S&P 레버리지 유로 선물 ETN(H),118.0,0.0,0.0,0.0,ETN(통화),-0.34,,,,,-0.21890589617397238,-0.21890589617397238,1281,2026-05-01
498270,KIWOOM 미국양자컴퓨팅,2462.0,0.0,0.0,0.0,ETF(실물복제/수익증권),-0.85,,,,,-0.21890589617397238,-0.21890589617397238,1282,2026-05-01
498180,파워 종합채권(AA-이상)액티브,1129.0,0.0,0.0,0.0,ETF(Active/수익증권),-0.32,,,,,-0.21890589617397238,-0.21890589617397238,1283,2026-05-01
498050,HANARO 바이오코리아액티브,156.0,0.0,0.0,0.0,ETF(Active/수익증권),-3.73,,,,,-0.21890589617397238,-0.21890589617397238,1284,2026-05-01
497880,SOL CD금리&머니마켓액티브,2344.0,0.0,0.0,0.0,ETF(Active/수익증권),0.05,,,,,-0.21890589617397238,-0.21890589617397238,1285,2026-05-01
0007N0,아이엠에셋 200,907.0,0.0,0.0,0.0,ETF(실물복제/수익증권),-0.96,,,,,-0.21890589617397238,-0.21890589617397238,1286,2026-05-01
497570,TIGER 미국필라델피아AI반도체나스닥,10135.0,0.0,0.0,0.0,ETF(실물복제/수익증권),-0.76,,,,,-0.21890589617397238,-0.21890589617397238,1287,2026-05-01
497520,ACE 일라이릴리밸류체인,75.0,0.0,0.0,0.0,ETF(실물복제/수익증권),-0.13,,,,,-0.21890589617397238,-0.21890589617397238,1288,2026-05-01
497510,ACE 글로벌빅파마,83.0,0.0,0.0,0.0,ETF(실물복제/수익증권),-0.29,,,,,-0.21890589617397238,-0.21890589617397238,1289,2026-05-01
Q500068,신한 인버스 2X 10년 국채선물 ETN,81.0,0.0,0.0,0.0,ETN(채권),1.49,,,,,-0.21890589617397238,-0.21890589617397238,1290,2026-05-01
Q500067,신한 레버리지 10년 국채선물 ETN,70.0,0.0,0.0,0.0,ETN(채권),-1.04,,,,,-0.21890589617397238,-0.21890589617397238,1291,2026-05-01
Q500063,신한 인버스 코스닥 150 선물 ETN,91.0,0.0,0.0,0.0,ETN(주식),2.13,,,,,-0.21890589617397238,-0.21890589617397238,1292,2026-05-01
Q500061,신한 인버스 코스피 200 선물 ETN,68.0,0.0,0.0,0.0,ETN(주식),1.04,,,,,-0.21890589617397238,-0.21890589617397238,1293,2026-05-01
J1099621D,AP헬스케어 6WR,2.0,0.0,0.0,0.0,신주인수권증권,-8.33,,,,,-0.21890589617397238,-0.21890589617397238,1294,2026-05-01
J0180021D,유니슨 15WR,56.0,0.0,0.0,0.0,신주인수권증권,-3.91,,,,,-0.21890589617397238,-0.21890589617397238,1295,2026-05-01
J0036221D,KG모빌리티 122WR,184.0,0.0,0.0,0.0,신주인수권증권,-0.48,,,,,-0.21890589617397238,-0.21890589617397238,1296,2026-05-01
497780,KoAct 미국천연가스인프라액티브,282.0,0.0,0.0,0.0,ETF(Active/수익증권),1.21,,,,,-0.21890589617397238,-0.21890589617397238,1297,2026-05-01
469070,RISE AI&로봇,5327.0,0.0,0.0,0.0,ETF(실물복제/수익증권),-0.38,,,,,-0.21890589617397238,-0.21890589617397238,1298,2026-05-01
469060,RISE 미국반도체NYSE,544.0,0.0,0.0,0.0,ETF(실물복제/수익증권),1.36,,,,,-0.21890589617397238,-0.21890589617397238,1299,2026-05-01
469050,RISE 미국반도체NYSE(H),204.0,0.0,0.0,0.0,ETF(실물복제/수익증권),0.93,,,,,-0.21890589617397238,-0.21890589617397238,1300,2026-05-01
468630,KODEX iShares미국투자등급회사채액티브,357.0,0.0,0.0,0.0,ETF(Active/수익증권),-0.5,,,,,-0.21890589617397238,-0.21890589617397238,1301,2026-05-01
468380,KODEX iShares미국하이일드액티브,1072.0,0.0,0.0,0.0,ETF(Active/수익증권),0.04,,,,,-0.21890589617397238,-0.21890589617397238,1302,2026-05-01
468370,KODEX iShares미국인플레이션국채액티브,185.0,0.0,0.0,0.0,ETF(Active/수익증권),-0.17,,,,,-0.21890589617397238,-0.21890589617397238,1303,2026-05-01
466950,TIGER 글로벌AI액티브,4346.0,0.0,0.0,0.0,ETF(Active/수익증권),0.69,,,,,-0.21890589617397238,-0.21890589617397238,1304,2026-05-01
466940,TIGER 은행고배당플러스TOP10,10013.0,0.0,0.0,0.0,ETF(실물복제/수익증권),-0.72,,,,,-0.21890589617397238,-0.21890589617397238,1305,2026-05-01
466930,SOL 자동차TOP3플러스,2594.0,0.0,0.0,0.0,ETF(실물복제/수익증권),-2.51,,,,,-0.21890589617397238,-0.21890589617397238,1306,2026-05-01
483420,ACE 애플밸류체인액티브,313.0,0.0,0.0,0.0,ETF(Active/수익증권),0.8,,,,,-0.21890589617397238,-0.21890589617397238,1307,2026-05-01
466810,BNK 2차전지양극재,136.0,0.0,0.0,0.0,ETF(실물복제/수익증권),-3.67,,,,,-0.21890589617397238,-0.21890589617397238,1308,2026-05-01
0013R0,RISE 테슬라미국채타겟커버드콜혼합(합성),343.0,0.0,0.0,0.0,ETF(합성복제/수익증권),-0.33,,,,,-0.21890589617397238,-0.21890589617397238,1309,2026-05-01
0013P0,RISE 미국은행TOP10,156.0,0.0,0.0,0.0,ETF(실물복제/수익증권),-1.03,,,,,-0.21890589617397238,-0.21890589617397238,1310,2026-05-01
472150,TIGER 배당커버드콜액티브,14020.0,0.0,0.0,0.0,ETF(Active/수익증권),-0.73,,,,,-0.21890589617397238,-0.21890589617397238,1311,2026-05-01
465660,TIGER 일본반도체FACTSET,236.0,0.0,0.0,0.0,ETF(실물복제/수익증권),-0.57,,,,,-0.21890589617397238,-0.21890589617397238,1312,2026-05-01
465620,ACE 미국빅테크TOP7 Plus인버스(합성),16.0,0.0,0.0,0.0,ETF(합성복제/수익증권),0.15,,,,,-0.21890589617397238,-0.21890589617397238,1313,2026-05-01
465610,ACE 미국빅테크TOP7 Plus레버리지(합성),1419.0,0.0,0.0,0.0,ETF(합성복제/수익증권),-1.38,,,,,-0.21890589617397238,-0.21890589617397238,1314,2026-05-01
465580,ACE 미국빅테크TOP7 Plus,11291.0,0.0,0.0,0.0,ETF(실물복제/수익증권),0.02,,,,,-0.21890589617397238,-0.21890589617397238,1315,2026-05-01
465350,RISE 2차전지TOP10인버스(합성),386.0,0.0,0.0,0.0,ETF(합성복제/수익증권),2.88,,,,,-0.21890589617397238,-0.21890589617397238,1316,2026-05-01
465330,RISE 2차전지TOP10,1072.0,0.0,0.0,0.0,ETF(실물복제/수익증권),-3.06,,,,,-0.21890589617397238,-0.21890589617397238,1317,2026-05-01
466920,SOL 조선TOP3플러스,22193.0,0.0,0.0,0.0,ETF(실물복제/수익증권),-1.45,,,,,-0.21890589617397238,-0.21890589617397238,1318,2026-05-01
472840,ITF 200,323.0,0.0,0.0,0.0,ETF(실물복제/수익증권),-1.37,,,,,-0.21890589617397238,-0.21890589617397238,1319,2026-05-01
472830,RISE 미국30년국채커버드콜(합성),497.0,0.0,0.0,0.0,ETF(합성복제/수익증권),-0.83,,,,,-0.21890589617397238,-0.21890589617397238,1320,2026-05-01
472720,TRUSTON 주주가치액티브,166.0,0.0,0.0,0.0,ETF(Active/수익증권),-0.07,,,,,-0.21890589617397238,-0.21890589617397238,1321,2026-05-01
471990,KODEX AI반도체핵심장비,5628.0,0.0,0.0,0.0,ETF(실물복제/수익증권),1.15,,,,,-0.21890589617397238,-0.21890589617397238,1322,2026-05-01
471780,TIGER 코리아테크액티브,1821.0,0.0,0.0,0.0,ETF(Active/수익증권),-1.78,,,,,-0.21890589617397238,-0.21890589617397238,1323,2026-05-01
471760,TIGER AI반도체핵심공정,2320.0,0.0,0.0,0.0,ETF(실물복제/수익증권),0.74,,,,,-0.21890589617397238,-0.21890589617397238,1324,2026-05-01
471460,KIWOOM 국고채30년액티브,270.0,0.0,0.0,0.0,ETF(Active/수익증권),-2.06,,,,,-0.21890589617397238,-0.21890589617397238,1325,2026-05-01
471230,KODEX 국고채10년액티브,7337.0,0.0,0.0,0.0,ETF(Active/수익증권),-0.75,,,,,-0.21890589617397238,-0.21890589617397238,1326,2026-05-01
471040,KoAct 글로벌AI&로봇액티브,2219.0,0.0,0.0,0.0,ETF(Active/수익증권),2.64,,,,,-0.21890589617397238,-0.21890589617397238,1327,2026-05-01
469150,ACE AI반도체포커스,7442.0,0.0,0.0,0.0,ETF(실물복제/수익증권),-0.14,,,,,-0.21890589617397238,-0.21890589617397238,1328,2026-05-01
469830,SOL 초단기채권액티브,10840.0,0.0,0.0,0.0,ETF(Active/수익증권),0.02,,,,,-0.21890589617397238,-0.21890589617397238,1329,2026-05-01
Q520064,미래에셋 2X 미국채울트라30년 선물 ETN,141.0,0.0,0.0,0.0,ETN(채권),-1.54,,,,,-0.21890589617397238,-0.21890589617397238,1330,2026-05-01
Q520057,미래에셋 인버스 2X 코스닥150 선물 ETN,320.0,0.0,0.0,0.0,ETN(주식),6.13,,,,,-0.21890589617397238,-0.21890589617397238,1331,2026-05-01
Q520056,미래에셋 레버리지 코스닥150 선물 ETN,1136.0,0.0,0.0,0.0,ETN(주식),-5.71,,,,,-0.21890589617397238,-0.21890589617397238,1332,2026-05-01
Q520054,미래에셋 레버리지 코스피200 선물 ETN,3830.0,0.0,0.0,0.0,ETN(주식),-2.09,,,,,-0.21890589617397238,-0.21890589617397238,1333,2026-05-01
Q520047,미래에셋 인버스 2X 옥수수 선물 ETN,290.0,0.0,0.0,0.0,ETN(원자재),-0.48,,,,,-0.21890589617397238,-0.21890589617397238,1334,2026-05-01
Q520046,미래에셋 레버리지 옥수수 선물 ETN,123.0,0.0,0.0,0.0,ETN(원자재),0.99,,,,,-0.21890589617397238,-0.21890589617397238,1335,2026-05-01
Q520040,미래에셋 인버스 코스닥150 선물 ETN,92.0,0.0,0.0,0.0,ETN(주식),2.92,,,,,-0.21890589617397238,-0.21890589617397238,1336,2026-05-01
Q520039,미래에셋 코스닥150 선물 ETN,288.0,0.0,0.0,0.0,ETN(주식),-2.83,,,,,-0.21890589617397238,-0.21890589617397238,1337,2026-05-01
469160,ACE 일본반도체,169.0,0.0,0.0,0.0,ETF(실물복제/수익증권),-0.37,,,,,-0.21890589617397238,-0.21890589617397238,1338,2026-05-01
470310,UNICORN 생성형AI강소기업액티브,41.0,0.0,0.0,0.0,ETF(Active/수익증권),-2.93,,,,,-0.21890589617397238,-0.21890589617397238,1339,2026-05-01
461900,PLUS 미국테크TOP10,198.0,0.0,0.0,0.0,ETF(실물복제/수익증권),-0.75,,,,,-0.21890589617397238,-0.21890589617397238,1340,2026-05-01
461600,SOL 미국30년국채액티브(H),338.0,0.0,0.0,0.0,ETF(Active/수익증권),-1.16,,,,,-0.21890589617397238,-0.21890589617397238,1341,2026-05-01
465780,마이티 26-09 특수채(AAA)액티브,1227.0,0.0,0.0,0.0,ETF(Active/수익증권),0.02,,,,,-0.21890589617397238,-0.21890589617397238,1342,2026-05-01
465670,TIGER 미국캐시카우100,128.0,0.0,0.0,0.0,ETF(실물복제/수익증권),-0.4,,,,,-0.21890589617397238,-0.21890589617397238,1343,2026-05-01
458250,TIGER 미국30년국채스트립액티브(합성 H),5484.0,0.0,0.0,0.0,ETF,-1.11,,,,,-0.21890589617397238,-0.21890589617397238,1344,2026-05-01
461580,TIGER 코스닥글로벌,161.0,0.0,0.0,0.0,ETF(실물복제/수익증권),-2.0,,,,,-0.21890589617397238,-0.21890589617397238,1345,2026-05-01
461500,HANARO 종합채권(AA-이상)액티브,1062.0,0.0,0.0,0.0,ETF(Active/수익증권),-0.36,,,,,-0.21890589617397238,-0.21890589617397238,1346,2026-05-01
461490,RISE 글로벌자산배분액티브,3818.0,0.0,0.0,0.0,ETF(Active/수익증권),-0.3,,,,,-0.21890589617397238,-0.21890589617397238,1347,2026-05-01
461460,PLUS 국고채10년액티브,809.0,0.0,0.0,0.0,ETF(Active/수익증권),-0.74,,,,,-0.21890589617397238,-0.21890589617397238,1348,2026-05-01
464930,TIGER 글로벌혁신블루칩TOP10,1361.0,0.0,0.0,0.0,ETF(실물복제/수익증권),-0.71,,,,,-0.21890589617397238,-0.21890589617397238,1349,2026-05-01
461340,HANARO 글로벌생성형AI액티브,455.0,0.0,0.0,0.0,ETF(Active/수익증권),0.62,,,,,-0.21890589617397238,-0.21890589617397238,1350,2026-05-01
461270,ACE 26-06 회사채(AA-이상)액티브,2041.0,0.0,0.0,0.0,ETF(Active/수익증권),0.09,,,,,-0.21890589617397238,-0.21890589617397238,1351,2026-05-01
460960,ACE 글로벌인컴TOP10 SOLACTIVE,879.0,0.0,0.0,0.0,ETF(실물복제/수익증권),0.0,,,,,-0.21890589617397238,-0.21890589617397238,1352,2026-05-01
460660,RISE 미국S&P배당킹,176.0,0.0,0.0,0.0,ETF(실물복제/수익증권),-0.26,,,,,-0.21890589617397238,-0.21890589617397238,1353,2026-05-01
460270,KIWOOM 미국달러SOFR금리액티브(합성),108.0,0.0,0.0,0.0,ETF,0.26,,,,,-0.21890589617397238,-0.21890589617397238,1354,2026-05-01
459790,KIWOOM 미국성장기업30액티브,279.0,0.0,0.0,0.0,ETF(Active/수익증권),0.12,,,,,-0.21890589617397238,-0.21890589617397238,1355,2026-05-01
459750,RISE 글로벌주식분산액티브,340.0,0.0,0.0,0.0,ETF(Active/수익증권),-0.33,,,,,-0.21890589617397238,-0.21890589617397238,1356,2026-05-01
459580,KODEX CD금리액티브(합성),80792.0,0.0,0.0,0.0,ETF,0.02,,,,,-0.21890589617397238,-0.21890589617397238,1357,2026-05-01
0015K0,TIGER 미국소비트렌드액티브,47.0,0.0,0.0,0.0,ETF(Active/수익증권),0.47,,,,,-0.21890589617397238,-0.21890589617397238,1358,2026-05-01
367380,ACE 미국나스닥100,30457.0,0.0,0.0,0.0,ETF(실물복제/수익증권),0.18,,,,,-0.21890589617397238,-0.21890589617397238,1359,2026-05-01
461450,KODEX 코스닥글로벌,332.0,0.0,0.0,0.0,ETF(실물복제/수익증권),-3.15,,,,,-0.21890589617397238,-0.21890589617397238,1360,2026-05-01
464920,PLUS 일본반도체소부장,219.0,0.0,0.0,0.0,ETF(실물복제/수익증권),-1.55,,,,,-0.21890589617397238,-0.21890589617397238,1361,2026-05-01
464610,SOL 의료기기소부장Fn,124.0,0.0,0.0,0.0,ETF(실물복제/수익증권),-4.19,,,,,-0.21890589617397238,-0.21890589617397238,1362,2026-05-01
464600,SOL 자동차소부장Fn,200.0,0.0,0.0,0.0,ETF(실물복제/수익증권),-2.91,,,,,-0.21890589617397238,-0.21890589617397238,1363,2026-05-01
464470,PLUS 미국채30년액티브,437.0,0.0,0.0,0.0,ETF(Active/수익증권),-0.8,,,,,-0.21890589617397238,-0.21890589617397238,1364,2026-05-01
464310,TIGER 글로벌AI&로보틱스 INDXX,1252.0,0.0,0.0,0.0,ETF(실물복제/수익증권),-1.2,,,,,-0.21890589617397238,-0.21890589617397238,1365,2026-05-01
464240,KIWOOM 26-09회사채(AA-이상)액티브,1902.0,0.0,0.0,0.0,ETF(Active/수익증권),0.01,,,,,-0.21890589617397238,-0.21890589617397238,1366,2026-05-01
469790,KIWOOM K-테크TOP10,249.0,0.0,0.0,0.0,ETF(실물복제/수익증권),-0.08,,,,,-0.21890589617397238,-0.21890589617397238,1367,2026-05-01
469530,RISE 미국달러선물인버스,56.0,0.0,0.0,0.0,ETF(실물복제/수익증권),-0.34,,,,,-0.21890589617397238,-0.21890589617397238,1368,2026-05-01
469170,ACE 포스코그룹포커스,1222.0,0.0,0.0,0.0,ETF(실물복제/수익증권),-1.43,,,,,-0.21890589617397238,-0.21890589617397238,1369,2026-05-01
461910,PLUS 미국테크TOP10레버리지(합성),203.0,0.0,0.0,0.0,ETF(합성복제/수익증권),-1.49,,,,,-0.21890589617397238,-0.21890589617397238,1370,2026-05-01
463640,KODEX 미국S&P500유틸리티,157.0,0.0,0.0,0.0,ETF(실물복제/수익증권),-0.73,,,,,-0.21890589617397238,-0.21890589617397238,1371,2026-05-01
463300,RISE 중국본토CSI300,231.0,0.0,0.0,0.0,ETF(실물복제/수익증권),0.63,,,,,-0.21890589617397238,-0.21890589617397238,1372,2026-05-01
463290,1Q 단기금융채액티브,2473.0,0.0,0.0,0.0,ETF(Active/수익증권),0.0,,,,,-0.21890589617397238,-0.21890589617397238,1373,2026-05-01
463250,TIGER K방산&우주,9867.0,0.0,0.0,0.0,ETF(실물복제/수익증권),-0.33,,,,,-0.21890589617397238,-0.21890589617397238,1374,2026-05-01
463050,TIMEFOLIO K바이오액티브,3807.0,0.0,0.0,0.0,ETF(Active/수익증권),-3.86,,,,,-0.21890589617397238,-0.21890589617397238,1375,2026-05-01
462900,KoAct 바이오헬스케어액티브,5615.0,0.0,0.0,0.0,ETF(Active/수익증권),-4.14,,,,,-0.21890589617397238,-0.21890589617397238,1376,2026-05-01
462340,에셋플러스 글로벌다이나믹시니어액티브,79.0,0.0,0.0,0.0,ETF(Active/수익증권),-2.45,,,,,-0.21890589617397238,-0.21890589617397238,1377,2026-05-01
462330,KODEX 2차전지산업레버리지,10186.0,0.0,0.0,0.0,ETF(실물복제/수익증권),-5.9,,,,,-0.21890589617397238,-0.21890589617397238,1378,2026-05-01
462010,TIGER 2차전지소재Fn,8843.0,0.0,0.0,0.0,ETF(실물복제/수익증권),-3.56,,,,,-0.21890589617397238,-0.21890589617397238,1379,2026-05-01
461950,KODEX 2차전지핵심소재10,2749.0,0.0,0.0,0.0,ETF(실물복제/수익증권),-2.9,,,,,-0.21890589617397238,-0.21890589617397238,1380,2026-05-01
463680,KODEX 미국S&P500테크놀로지,740.0,0.0,0.0,0.0,ETF(실물복제/수익증권),-1.07,,,,,-0.21890589617397238,-0.21890589617397238,1381,2026-05-01
486450,SOL 미국AI전력인프라,2809.0,0.0,0.0,0.0,ETF(실물복제/수익증권),-2.47,,,,,-0.21890589617397238,-0.21890589617397238,1382,2026-05-01
486290,TIGER 미국나스닥100타겟데일리커버드콜,14883.0,0.0,0.0,0.0,ETF(실물복제/수익증권),0.05,,,,,-0.21890589617397238,-0.21890589617397238,1383,2026-05-01
481050,KODEX CD1년금리플러스액티브(합성),28865.0,0.0,0.0,0.0,ETF,0.01,,,,,-0.21890589617397238,-0.21890589617397238,1384,2026-05-01
480460,WON 한국부동산TOP3플러스,107.0,0.0,0.0,0.0,ETF(실물복제/수익증권),0.42,,,,,-0.21890589617397238,-0.21890589617397238,1385,2026-05-01
480310,TIGER 글로벌온디바이스AI,516.0,0.0,0.0,0.0,ETF(실물복제/수익증권),2.61,,,,,-0.21890589617397238,-0.21890589617397238,1386,2026-05-01
480260,TIGER 27-04회사채(A+이상)액티브,6147.0,0.0,0.0,0.0,ETF(Active/수익증권),-0.11,,,,,-0.21890589617397238,-0.21890589617397238,1387,2026-05-01
480040,ACE 미국반도체데일리타겟커버드콜(합성),1353.0,0.0,0.0,0.0,ETF(합성복제/수익증권),2.64,,,,,-0.21890589617397238,-0.21890589617397238,1388,2026-05-01
480030,ACE 미국500데일리타겟커버드콜(합성),1570.0,0.0,0.0,0.0,ETF(합성복제/수익증권),-0.18,,,,,-0.21890589617397238,-0.21890589617397238,1389,2026-05-01
480020,ACE 미국빅테크7+데일리타겟커버드콜(합성),1878.0,0.0,0.0,0.0,ETF(합성복제/수익증권),-0.04,,,,,-0.21890589617397238,-0.21890589617397238,1390,2026-05-01
472870,RISE 미국30년국채엔화노출(합성 H),2989.0,0.0,0.0,0.0,ETF(합성복제/수익증권),-1.28,,,,,-0.21890589617397238,-0.21890589617397238,1391,2026-05-01
479730,TIGER 인도빌리언컨슈머,1018.0,0.0,0.0,0.0,ETF(실물복제/수익증권),-1.76,,,,,-0.21890589617397238,-0.21890589617397238,1392,2026-05-01
479620,SOL 미국AI반도체칩메이커,570.0,0.0,0.0,0.0,ETF(실물복제/수익증권),2.17,,,,,-0.21890589617397238,-0.21890589617397238,1393,2026-05-01
479520,RISE KOFR금리액티브(합성),9477.0,0.0,0.0,0.0,ETF,0.03,,,,,-0.21890589617397238,-0.21890589617397238,1394,2026-05-01
479080,1Q 머니마켓액티브,9454.0,0.0,0.0,0.0,ETF(Active/수익증권),0.02,,,,,-0.21890589617397238,-0.21890589617397238,1395,2026-05-01
478150,TIMEFOLIO 글로벌우주테크&방산액티브,3635.0,0.0,0.0,0.0,ETF(Active/수익증권),-1.54,,,,,-0.21890589617397238,-0.21890589617397238,1396,2026-05-01
477730,KODEX 인도타타그룹,292.0,0.0,0.0,0.0,ETF(실물복제/수익증권),-2.26,,,,,-0.21890589617397238,-0.21890589617397238,1397,2026-05-01
477490,에셋플러스 글로벌일등기업포커스10액티브,196.0,0.0,0.0,0.0,ETF(Active/수익증권),-0.28,,,,,-0.21890589617397238,-0.21890589617397238,1398,2026-05-01
483340,ACE 구글밸류체인액티브,2159.0,0.0,0.0,0.0,ETF(Active/수익증권),1.86,,,,,-0.21890589617397238,-0.21890589617397238,1399,2026-05-01
477080,RISE CD금리액티브(합성),15916.0,0.0,0.0,0.0,ETF,0.02,,,,,-0.21890589617397238,-0.21890589617397238,1400,2026-05-01
477050,PLUS 머니마켓액티브,3946.0,0.0,0.0,0.0,ETF(Active/수익증권),0.04,,,,,-0.21890589617397238,-0.21890589617397238,1401,2026-05-01
479850,HANARO K-뷰티,362.0,0.0,0.0,0.0,ETF(실물복제/수익증권),-4.03,,,,,-0.21890589617397238,-0.21890589617397238,1402,2026-05-01
488500,TIGER 미국S&P500동일가중,1165.0,0.0,0.0,0.0,ETF(실물복제/수익증권),-0.56,,,,,-0.21890589617397238,-0.21890589617397238,1403,2026-05-01
488480,RISE 일본섹터TOP4Plus,72.0,0.0,0.0,0.0,ETF(실물복제/수익증권),-2.31,,,,,-0.21890589617397238,-0.21890589617397238,1404,2026-05-01
488290,마이다스 일본테크액티브,107.0,0.0,0.0,0.0,ETF(Active/수익증권),0.93,,,,,-0.21890589617397238,-0.21890589617397238,1405,2026-05-01
488210,KIWOOM K-반도체북미공급망,51.0,0.0,0.0,0.0,ETF(실물복제/수익증권),-2.03,,,,,-0.21890589617397238,-0.21890589617397238,1406,2026-05-01
488200,KIWOOM K-2차전지북미공급망,394.0,0.0,0.0,0.0,ETF(실물복제/수익증권),-1.19,,,,,-0.21890589617397238,-0.21890589617397238,1407,2026-05-01
488080,TIGER 반도체TOP10레버리지,17270.0,0.0,0.0,0.0,ETF(실물복제/수익증권),-0.23,,,,,-0.21890589617397238,-0.21890589617397238,1408,2026-05-01
487950,KODEX 대만테크고배당다우존스,170.0,0.0,0.0,0.0,ETF(실물복제/수익증권),-1.02,,,,,-0.21890589617397238,-0.21890589617397238,1409,2026-05-01
483330,ACE 마이크로소프트밸류체인액티브,172.0,0.0,0.0,0.0,ETF(Active/수익증권),-0.76,,,,,-0.21890589617397238,-0.21890589617397238,1410,2026-05-01
483320,ACE 엔비디아밸류체인액티브,2447.0,0.0,0.0,0.0,ETF(Active/수익증권),0.53,,,,,-0.21890589617397238,-0.21890589617397238,1411,2026-05-01
481060,KODEX 미국30년국채타겟커버드콜(합성 H),8677.0,0.0,0.0,0.0,ETF(합성복제/수익증권),-0.94,,,,,-0.21890589617397238,-0.21890589617397238,1412,2026-05-01
483280,KODEX 미국AI테크TOP10타겟커버드콜,5790.0,0.0,0.0,0.0,ETF(실물복제/수익증권),-0.39,,,,,-0.21890589617397238,-0.21890589617397238,1413,2026-05-01
483240,TIGER 미국나스닥100ETF선물,55.0,0.0,0.0,0.0,ETF(실물복제/수익증권),0.74,,,,,-0.21890589617397238,-0.21890589617397238,1414,2026-05-01
483030,KIWOOM 미국블록버스터바이오테크의약품+,49.0,0.0,0.0,0.0,ETF(실물복제/수익증권),-0.73,,,,,-0.21890589617397238,-0.21890589617397238,1415,2026-05-01
483020,KIWOOM 의료AI,85.0,0.0,0.0,0.0,ETF(실물복제/수익증권),-2.5,,,,,-0.21890589617397238,-0.21890589617397238,1416,2026-05-01
482730,TIGER 미국S&P500타겟데일리커버드콜,5856.0,0.0,0.0,0.0,ETF(실물복제/수익증권),-0.58,,,,,-0.21890589617397238,-0.21890589617397238,1417,2026-05-01
482030,KoAct 테크핵심소재공급망액티브,180.0,0.0,0.0,0.0,ETF(Active/수익증권),-2.71,,,,,-0.21890589617397238,-0.21890589617397238,1418,2026-05-01
481430,RISE 국고채10년액티브,1168.0,0.0,0.0,0.0,ETF(Active/수익증권),-0.71,,,,,-0.21890589617397238,-0.21890589617397238,1419,2026-05-01
481340,RISE 미국30년국채액티브,245.0,0.0,0.0,0.0,ETF(Active/수익증권),-1.03,,,,,-0.21890589617397238,-0.21890589617397238,1420,2026-05-01
481190,SOL 미국테크TOP10,3381.0,0.0,0.0,0.0,ETF(실물복제/수익증권),0.06,,,,,-0.21890589617397238,-0.21890589617397238,1421,2026-05-01
481180,SOL 미국AI소프트웨어,1516.0,0.0,0.0,0.0,ETF(실물복제/수익증권),-1.74,,,,,-0.21890589617397238,-0.21890589617397238,1422,2026-05-01
483290,KODEX 미국배당다우존스타겟커버드콜,1663.0,0.0,0.0,0.0,ETF(실물복제/수익증권),0.52,,,,,-0.21890589617397238,-0.21890589617397238,1423,2026-05-01
475260,ACE 2월만기자동연장회사채AA-이상액티브,502.0,0.0,0.0,0.0,ETF(Active/수익증권),0.05,,,,,-0.21890589617397238,-0.21890589617397238,1424,2026-05-01
475080,KODEX 테슬라커버드콜채권혼합액티브,3444.0,0.0,0.0,0.0,ETF(Active/수익증권),-0.59,,,,,-0.21890589617397238,-0.21890589617397238,1425,2026-05-01
475070,KoAct 글로벌친환경전력인프라액티브,570.0,0.0,0.0,0.0,ETF(Active/수익증권),0.61,,,,,-0.21890589617397238,-0.21890589617397238,1426,2026-05-01
475050,ACE KPOP포커스,1394.0,0.0,0.0,0.0,ETF(실물복제/수익증권),-0.2,,,,,-0.21890589617397238,-0.21890589617397238,1427,2026-05-01
474920,에셋플러스 차이나일등기업포커스10액티브,166.0,0.0,0.0,0.0,ETF(Active/수익증권),0.15,,,,,-0.21890589617397238,-0.21890589617397238,1428,2026-05-01
474800,KIWOOM 미국원유에너지기업,507.0,0.0,0.0,0.0,ETF(실물복제/수익증권),3.84,,,,,-0.21890589617397238,-0.21890589617397238,1429,2026-05-01
474590,WON 반도체밸류체인액티브,2826.0,0.0,0.0,0.0,ETF(Active/수익증권),-1.95,,,,,-0.21890589617397238,-0.21890589617397238,1430,2026-05-01
474390,SOL 국고채30년액티브,62.0,0.0,0.0,0.0,ETF(Active/수익증권),-1.21,,,,,-0.21890589617397238,-0.21890589617397238,1431,2026-05-01
Q520038,미래에셋 인버스 코스피200 선물 ETN,68.0,0.0,0.0,0.0,ETN(주식),1.04,,,,,-0.21890589617397238,-0.21890589617397238,1432,2026-05-01
476850,KoAct 배당성장액티브,1013.0,0.0,0.0,0.0,ETF(Active/수익증권),-1.4,,,,,-0.21890589617397238,-0.21890589617397238,1433,2026-05-01
0001P0,마이티 바이오시밀러&CDMO액티브,143.0,0.0,0.0,0.0,ETF(Active/수익증권),-2.7,,,,,-0.21890589617397238,-0.21890589617397238,1434,2026-05-01
474220,TIGER 미국테크TOP10타겟커버드콜,5168.0,0.0,0.0,0.0,ETF(실물복제/수익증권),-0.37,,,,,-0.21890589617397238,-0.21890589617397238,1435,2026-05-01
473640,HANARO 글로벌금채굴기업,985.0,0.0,0.0,0.0,ETF(실물복제/수익증권),-2.5,,,,,-0.21890589617397238,-0.21890589617397238,1436,2026-05-01
473590,ACE 미국주식베스트셀러,679.0,0.0,0.0,0.0,ETF(실물복제/수익증권),0.94,,,,,-0.21890589617397238,-0.21890589617397238,1437,2026-05-01
473490,KIWOOM 글로벌AI반도체,311.0,0.0,0.0,0.0,ETF(실물복제/수익증권),0.64,,,,,-0.21890589617397238,-0.21890589617397238,1438,2026-05-01
473460,KODEX 미국서학개미,2720.0,0.0,0.0,0.0,ETF(실물복제/수익증권),-0.74,,,,,-0.21890589617397238,-0.21890589617397238,1439,2026-05-01
473440,ACE 11월만기자동연장회사채AA-이상액티브,880.0,0.0,0.0,0.0,ETF(Active/수익증권),0.0,,,,,-0.21890589617397238,-0.21890589617397238,1440,2026-05-01
473330,SOL 미국30년국채커버드콜(합성),3534.0,0.0,0.0,0.0,ETF(합성복제/수익증권),-0.55,,,,,-0.21890589617397238,-0.21890589617397238,1441,2026-05-01
473290,KODEX 26-12 회사채(AA-이상)액티브,6153.0,0.0,0.0,0.0,ETF(Active/수익증권),0.06,,,,,-0.21890589617397238,-0.21890589617397238,1442,2026-05-01
472920,HK 종합채권(AA-이상)액티브,2601.0,0.0,0.0,0.0,ETF(Active/수익증권),-0.21,,,,,-0.21890589617397238,-0.21890589617397238,1443,2026-05-01
Q520037,미래에셋 코스피200 선물 ETN,503.0,0.0,0.0,0.0,ETN(주식),-0.73,,,,,-0.21890589617397238,-0.21890589617397238,1444,2026-05-01
476800,KODEX 한국부동산리츠인프라,5615.0,0.0,0.0,0.0,ETF(실물복제/수익증권),-0.51,,,,,-0.21890589617397238,-0.21890589617397238,1445,2026-05-01
476760,ACE 미국30년국채액티브,2864.0,0.0,0.0,0.0,ETF(Active/수익증권),-0.7,,,,,-0.21890589617397238,-0.21890589617397238,1446,2026-05-01
476750,ACE 미국30년국채엔화노출액티브(H),790.0,0.0,0.0,0.0,ETF(Active/수익증권),-1.26,,,,,-0.21890589617397238,-0.21890589617397238,1447,2026-05-01
476690,TIGER 글로벌비만치료제TOP2Plus,406.0,0.0,0.0,0.0,ETF(실물복제/수익증권),-1.28,,,,,-0.21890589617397238,-0.21890589617397238,1448,2026-05-01
476550,TIGER 미국30년국채커버드콜액티브(H),10404.0,0.0,0.0,0.0,ETF(Active/수익증권),-0.96,,,,,-0.21890589617397238,-0.21890589617397238,1449,2026-05-01
476450,KIWOOM 머니마켓액티브,2281.0,0.0,0.0,0.0,ETF(Active/수익증권),0.01,,,,,-0.21890589617397238,-0.21890589617397238,1450,2026-05-01
476310,RISE 글로벌비만산업TOP2+,49.0,0.0,0.0,0.0,ETF(실물복제/수익증권),-1.65,,,,,-0.21890589617397238,-0.21890589617397238,1451,2026-05-01
476260,HANARO 반도체핵심공정주도주,298.0,0.0,0.0,0.0,ETF(실물복제/수익증권),-2.54,,,,,-0.21890589617397238,-0.21890589617397238,1452,2026-05-01
476070,KODEX 글로벌비만치료제TOP2 Plus,395.0,0.0,0.0,0.0,ETF(실물복제/수익증권),-1.65,,,,,-0.21890589617397238,-0.21890589617397238,1453,2026-05-01
475270,ACE 5월만기자동연장회사채AA-이상액티브,445.0,0.0,0.0,0.0,ETF(Active/수익증권),0.0,,,,,-0.21890589617397238,-0.21890589617397238,1454,2026-05-01
476000,UNICORN 포스트IPO액티브,53.0,0.0,0.0,0.0,ETF(Active/수익증권),-4.42,,,,,-0.21890589617397238,-0.21890589617397238,1455,2026-05-01
475720,RISE 200위클리커버드콜,9019.0,0.0,0.0,0.0,ETF(실물복제/수익증권),0.07,,,,,-0.21890589617397238,-0.21890589617397238,1456,2026-05-01
475630,TIGER CD1년금리액티브(합성),15851.0,0.0,0.0,0.0,ETF,0.02,,,,,-0.21890589617397238,-0.21890589617397238,1457,2026-05-01
472170,TIGER 미국테크TOP10채권혼합,3476.0,0.0,0.0,0.0,ETF(실물복제/수익증권),0.0,,,,,-0.21890589617397238,-0.21890589617397238,1458,2026-05-01
472160,TIGER 미국테크TOP10 INDXX(H),3570.0,0.0,0.0,0.0,ETF(실물복제/수익증권),-0.51,,,,,-0.21890589617397238,-0.21890589617397238,1459,2026-05-01
475380,RISE 글로벌리얼티인컴,325.0,0.0,0.0,0.0,ETF(실물복제/수익증권),0.61,,,,,-0.21890589617397238,-0.21890589617397238,1460,2026-05-01
475350,RISE 버크셔포트폴리오TOP10,690.0,0.0,0.0,0.0,ETF(실물복제/수익증권),0.14,,,,,-0.21890589617397238,-0.21890589617397238,1461,2026-05-01
475310,SOL 반도체후공정,938.0,0.0,0.0,0.0,ETF(실물복제/수익증권),0.23,,,,,-0.21890589617397238,-0.21890589617397238,1462,2026-05-01
475300,SOL 반도체전공정,896.0,0.0,0.0,0.0,ETF(실물복제/수익증권),-3.98,,,,,-0.21890589617397238,-0.21890589617397238,1463,2026-05-01
475280,ACE 8월만기자동연장회사채AA-이상액티브,741.0,0.0,0.0,0.0,ETF(Active/수익증권),-0.09,,,,,-0.21890589617397238,-0.21890589617397238,1464,2026-05-01
476030,SOL 미국나스닥100,985.0,0.0,0.0,0.0,ETF(실물복제/수익증권),0.18,,,,,-0.21890589617397238,-0.21890589617397238,1465,2026-05-01
131890,ACE 삼성그룹동일가중,152.0,0.0,0.0,0.0,ETF(실물복제/수익증권),-1.63,,,,,-0.21890589617397238,-0.21890589617397238,1466,2026-05-01
130730,KIWOOM 단기자금,1499.0,0.0,0.0,0.0,ETF(실물복제/수익증권),0.01,,,,,-0.21890589617397238,-0.21890589617397238,1467,2026-05-01
130680,TIGER 원유선물Enhanced(H),242.0,0.0,0.0,0.0,ETF(실물복제/수익증권),9.63,,,,,-0.21890589617397238,-0.21890589617397238,1468,2026-05-01
123320,TIGER 레버리지,3228.0,0.0,0.0,0.0,ETF(실물복제/수익증권),-2.21,,,,,-0.21890589617397238,-0.21890589617397238,1469,2026-05-01
0049K0,ACE 미국배당퀄리티채권혼합50,236.0,0.0,0.0,0.0,ETF(실물복제/수익증권),-0.36,,,,,-0.21890589617397238,-0.21890589617397238,1470,2026-05-01
0048K0,KODEX 차이나휴머노이드로봇,2217.0,0.0,0.0,0.0,ETF(실물복제/수익증권),2.57,,,,,-0.21890589617397238,-0.21890589617397238,1471,2026-05-01
122090,PLUS 코스피50,1044.0,0.0,0.0,0.0,ETF(실물복제/수익증권),-1.04,,,,,-0.21890589617397238,-0.21890589617397238,1472,2026-05-01
117700,KODEX 건설,3098.0,0.0,0.0,0.0,ETF(실물복제/수익증권),-3.72,,,,,-0.21890589617397238,-0.21890589617397238,1473,2026-05-01
117690,TIGER 차이나항셍30,108.0,0.0,0.0,0.0,ETF(실물복제/수익증권),-0.18,,,,,-0.21890589617397238,-0.21890589617397238,1474,2026-05-01
Q530115,삼성 레버리지 나스닥 100 ETN,620.0,0.0,0.0,0.0,ETN(주식),-0.35,,,,,-0.21890589617397238,-0.21890589617397238,1475,2026-05-01
117460,KODEX 에너지화학,411.0,0.0,0.0,0.0,ETF(실물복제/수익증권),-1.64,,,,,-0.21890589617397238,-0.21890589617397238,1476,2026-05-01
114820,TIGER 국채3년,1357.0,0.0,0.0,0.0,ETF(실물복제/수익증권),-0.22,,,,,-0.21890589617397238,-0.21890589617397238,1477,2026-05-01
0052T0,1Q 중단기회사채(A-이상)액티브,943.0,0.0,0.0,0.0,ETF(Active/수익증권),-0.09,,,,,-0.21890589617397238,-0.21890589617397238,1478,2026-05-01
0052S0,1Q 미국S&P500미국채혼합50액티브,2687.0,0.0,0.0,0.0,ETF(Active/수익증권),0.04,,,,,-0.21890589617397238,-0.21890589617397238,1479,2026-05-01
F75701BA7,현대유퍼스트부동산30호[파생형] A,172.0,0.0,0.0,0.0,수익증권,0.0,,,,,-0.21890589617397238,-0.21890589617397238,1480,2026-05-01
F75602BA2,유경공모부동산3호ClassC-I,687.0,0.0,0.0,0.0,수익증권,0.0,,,,,-0.21890589617397238,-0.21890589617397238,1481,2026-05-01
F75601BA2,유경공모부동산3호ClassA,13.0,0.0,0.0,0.0,수익증권,0.0,,,,,-0.21890589617397238,-0.21890589617397238,1482,2026-05-01
F74702776,이지스코어부동산126호 C-i,4.0,0.0,0.0,0.0,수익증권,0.0,,,,,-0.21890589617397238,-0.21890589617397238,1483,2026-05-01
F74701B9A,이지스299호A,220.0,0.0,0.0,0.0,수익증권,0.0,,,,,-0.21890589617397238,-0.21890589617397238,1484,2026-05-01
117680,KODEX 철강,365.0,0.0,0.0,0.0,ETF(실물복제/수익증권),-3.31,,,,,-0.21890589617397238,-0.21890589617397238,1485,2026-05-01
139220,TIGER 200 건설,2253.0,0.0,0.0,0.0,ETF(실물복제/수익증권),-4.02,,,,,-0.21890589617397238,-0.21890589617397238,1486,2026-05-01
138920,KODEX 콩선물(H),61.0,0.0,0.0,0.0,ETF(실물복제/수익증권),1.04,,,,,-0.21890589617397238,-0.21890589617397238,1487,2026-05-01
138910,KODEX 구리선물(H),468.0,0.0,0.0,0.0,ETF(실물복제/수익증권),-1.24,,,,,-0.21890589617397238,-0.21890589617397238,1488,2026-05-01
138540,TIGER 현대차그룹+펀더멘털,7632.0,0.0,0.0,0.0,ETF(실물복제/수익증권),-3.64,,,,,-0.21890589617397238,-0.21890589617397238,1489,2026-05-01
138530,TIGER LG그룹+펀더멘털,249.0,0.0,0.0,0.0,ETF(실물복제/수익증권),-1.04,,,,,-0.21890589617397238,-0.21890589617397238,1490,2026-05-01
138520,TIGER 삼성그룹펀더멘털,1194.0,0.0,0.0,0.0,ETF(실물복제/수익증권),-1.21,,,,,-0.21890589617397238,-0.21890589617397238,1491,2026-05-01
138230,KIWOOM 미국달러선물,276.0,0.0,0.0,0.0,ETF(실물복제/수익증권),0.53,,,,,-0.21890589617397238,-0.21890589617397238,1492,2026-05-01
137610,TIGER 농산물선물Enhanced(H),139.0,0.0,0.0,0.0,ETF(실물복제/수익증권),1.09,,,,,-0.21890589617397238,-0.21890589617397238,1493,2026-05-01
136340,RISE 중기우량회사채,1469.0,0.0,0.0,0.0,ETF(실물복제/수익증권),-0.07,,,,,-0.21890589617397238,-0.21890589617397238,1494,2026-05-01
132030,KODEX 골드선물(H),4227.0,0.0,0.0,0.0,ETF(실물복제/수익증권),-0.21,,,,,-0.21890589617397238,-0.21890589617397238,1495,2026-05-01
0047A0,TIGER 차이나테크TOP10,2625.0,0.0,0.0,0.0,ETF(실물복제/수익증권),1.15,,,,,-0.21890589617397238,-0.21890589617397238,1496,2026-05-01
F74401BAA,맵스미국16호 종류A,295.0,0.0,0.0,0.0,수익증권,13.14,,,,,-0.21890589617397238,-0.21890589617397238,1497,2026-05-01
F74401777,맵스미국11호,344.0,0.0,0.0,0.0,수익증권,1.6,,,,,-0.21890589617397238,-0.21890589617397238,1498,2026-05-01
F74202BAA,하나대체미국부동산1호 C-I,182.0,0.0,0.0,0.0,수익증권,0.0,,,,,-0.21890589617397238,-0.21890589617397238,1499,2026-05-01
Q570065,한투 레버리지 베트남 VN30 선물 ETN(H),357.0,0.0,0.0,0.0,ETN(주식),0.66,,,,,-0.21890589617397238,-0.21890589617397238,1500,2026-05-01
Q570064,한투 인버스 베트남 VN30 선물 ETN(H),58.0,0.0,0.0,0.0,ETN(주식),0.52,,,,,-0.21890589617397238,-0.21890589617397238,1501,2026-05-01
Q570063,한투 베트남 VN30 선물 ETN(H),158.0,0.0,0.0,0.0,ETN(주식),0.7,,,,,-0.21890589617397238,-0.21890589617397238,1502,2026-05-01
Q570061,한투 레버리지 은 선물 ETN,746.0,0.0,0.0,0.0,ETN(원자재),-2.56,,,,,-0.21890589617397238,-0.21890589617397238,1503,2026-05-01
Q570060,한투 인버스 2X 금 선물 ETN,44.0,0.0,0.0,0.0,ETN(원자재),1.15,,,,,-0.21890589617397238,-0.21890589617397238,1504,2026-05-01
133690,TIGER 미국나스닥100,92234.0,0.0,0.0,0.0,ETF(실물복제/수익증권),0.16,,,,,-0.21890589617397238,-0.21890589617397238,1505,2026-05-01
0047N0,PLUS 차이나AI테크TOP10,111.0,0.0,0.0,0.0,ETF(실물복제/수익증권),-0.32,,,,,-0.21890589617397238,-0.21890589617397238,1506,2026-05-01
Q570070,한투 인버스 2X 플래티넘 선물 ETN,18.0,0.0,0.0,0.0,ETN(원자재),2.78,,,,,-0.21890589617397238,-0.21890589617397238,1507,2026-05-01
Q570069,한투 레버리지 플래티넘 선물 ETN,428.0,0.0,0.0,0.0,ETN(원자재),-2.79,,,,,-0.21890589617397238,-0.21890589617397238,1508,2026-05-01
Q570066,한투 인버스 2X 베트남 VN30 선물 ETN(H),71.0,0.0,0.0,0.0,ETN(주식),43.46,,,,,-0.21890589617397238,-0.21890589617397238,1509,2026-05-01
F75702BA7,현대유퍼스트부동산30호[파생형] C-i,227.0,0.0,0.0,0.0,수익증권,0.0,,,,,-0.21890589617397238,-0.21890589617397238,1510,2026-05-01
108590,TREX 200,200.0,0.0,0.0,0.0,ETF(실물복제/수익증권),-0.96,,,,,-0.21890589617397238,-0.21890589617397238,1511,2026-05-01
108450,ACE 삼성그룹섹터가중,988.0,0.0,0.0,0.0,ETF(실물복제/수익증권),-1.57,,,,,-0.21890589617397238,-0.21890589617397238,1512,2026-05-01
105780,RISE 5대그룹주,312.0,0.0,0.0,0.0,ETF(실물복제/수익증권),-1.33,,,,,-0.21890589617397238,-0.21890589617397238,1513,2026-05-01
105190,ACE 200,15829.0,0.0,0.0,0.0,ETF(실물복제/수익증권),-0.99,,,,,-0.21890589617397238,-0.21890589617397238,1514,2026-05-01
105010,TIGER 라틴35,114.0,0.0,0.0,0.0,ETF(실물복제/수익증권),-0.7,,,,,-0.21890589617397238,-0.21890589617397238,1515,2026-05-01
F74701B97,이지스글로벌281호 Class A,855.0,0.0,0.0,0.0,수익증권,0.0,,,,,-0.21890589617397238,-0.21890589617397238,1516,2026-05-01
104520,KIWOOM 블루칩,171.0,0.0,0.0,0.0,ETF(실물복제/수익증권),-1.24,,,,,-0.21890589617397238,-0.21890589617397238,1517,2026-05-01
102970,KODEX 증권,10779.0,0.0,0.0,0.0,ETF(실물복제/수익증권),-3.74,,,,,-0.21890589617397238,-0.21890589617397238,1518,2026-05-01
102960,KODEX 기계장비,288.0,0.0,0.0,0.0,ETF(실물복제/수익증권),-0.92,,,,,-0.21890589617397238,-0.21890589617397238,1519,2026-05-01
Q570096,한투 인버스 2X 일본 엔선물 ETN,107.0,0.0,0.0,0.0,ETN(통화),0.47,,,,,-0.21890589617397238,-0.21890589617397238,1520,2026-05-01
Q570095,한투 레버리지 일본 엔선물 ETN C,77.0,0.0,0.0,0.0,ETN(통화),-0.52,,,,,-0.21890589617397238,-0.21890589617397238,1521,2026-05-01
102110,TIGER 200,87774.0,0.0,0.0,0.0,ETF(실물복제/수익증권),-1.0,,,,,-0.21890589617397238,-0.21890589617397238,1522,2026-05-01
101280,KODEX 일본TOPIX100,520.0,0.0,0.0,0.0,ETF(실물복제/수익증권),-1.28,,,,,-0.21890589617397238,-0.21890589617397238,1523,2026-05-01
100910,KIWOOM KRX100,330.0,0.0,0.0,0.0,ETF(실물복제/수익증권),-0.85,,,,,-0.21890589617397238,-0.21890589617397238,1524,2026-05-01
099140,KODEX 차이나H,411.0,0.0,0.0,0.0,ETF(실물복제/수익증권),-0.55,,,,,-0.21890589617397238,-0.21890589617397238,1525,2026-05-01
0057H0,PLUS 미국S&P500미국채혼합50액티브,648.0,0.0,0.0,0.0,ETF(Active/수익증권),0.0,,,,,-0.21890589617397238,-0.21890589617397238,1526,2026-05-01
104530,KIWOOM 고배당,520.0,0.0,0.0,0.0,ETF(실물복제/수익증권),-1.16,,,,,-0.21890589617397238,-0.21890589617397238,1527,2026-05-01
F74701776,이지스코어부동산126호 A,5502.0,0.0,0.0,0.0,수익증권,0.0,,,,,-0.21890589617397238,-0.21890589617397238,1528,2026-05-01
F74601669,KCGI베트남증권투자신탁,676.0,0.0,0.0,0.0,수익증권,0.0,,,,,-0.21890589617397238,-0.21890589617397238,1529,2026-05-01
102780,KODEX 삼성그룹,30055.0,0.0,0.0,0.0,ETF(실물복제/수익증권),-1.52,,,,,-0.21890589617397238,-0.21890589617397238,1530,2026-05-01
0053M0,더제이 중소형포커스액티브,70.0,0.0,0.0,0.0,ETF(Active/수익증권),-1.27,,,,,-0.21890589617397238,-0.21890589617397238,1531,2026-05-01
0053L0,TIGER 차이나휴머노이드로봇,3781.0,0.0,0.0,0.0,ETF(실물복제/수익증권),0.24,,,,,-0.21890589617397238,-0.21890589617397238,1532,2026-05-01
0052D0,TIGER 코리아배당다우존스,4733.0,0.0,0.0,0.0,ETF(실물복제/수익증권),-0.78,,,,,-0.21890589617397238,-0.21890589617397238,1533,2026-05-01
0051G0,SOL 미국원자력SMR,2564.0,0.0,0.0,0.0,ETF(실물복제/수익증권),-4.67,,,,,-0.21890589617397238,-0.21890589617397238,1534,2026-05-01
0051A0,KoAct 브로드컴밸류체인액티브,231.0,0.0,0.0,0.0,ETF(Active/수익증권),0.85,,,,,-0.21890589617397238,-0.21890589617397238,1535,2026-05-01
0050E0,PLUS 미국AI에이전트,42.0,0.0,0.0,0.0,ETF(실물복제/수익증권),-1.63,,,,,-0.21890589617397238,-0.21890589617397238,1536,2026-05-01
Q570071,한투 구리 선물 ETN,170.0,0.0,0.0,0.0,ETN(원자재),-2.04,,,,,-0.21890589617397238,-0.21890589617397238,1537,2026-05-01
114800,KODEX 인버스,8982.0,0.0,0.0,0.0,ETF(실물복제/수익증권),1.12,,,,,-0.21890589617397238,-0.21890589617397238,1538,2026-05-01
114470,KIWOOM 국고채3년,509.0,0.0,0.0,0.0,ETF(실물복제/수익증권),-0.2,,,,,-0.21890589617397238,-0.21890589617397238,1539,2026-05-01
114460,ACE 국고채3년,121.0,0.0,0.0,0.0,ETF(실물복제/수익증권),-0.17,,,,,-0.21890589617397238,-0.21890589617397238,1540,2026-05-01
114260,KODEX 국고채3년,5707.0,0.0,0.0,0.0,ETF(실물복제/수익증권),-0.24,,,,,-0.21890589617397238,-0.21890589617397238,1541,2026-05-01
114100,RISE 국고채3년,1645.0,0.0,0.0,0.0,ETF(실물복제/수익증권),-0.21,,,,,-0.21890589617397238,-0.21890589617397238,1542,2026-05-01
123310,TIGER 인버스,484.0,0.0,0.0,0.0,ETF(실물복제/수익증권),0.87,,,,,-0.21890589617397238,-0.21890589617397238,1543,2026-05-01
122630,KODEX 레버리지,72791.0,0.0,0.0,0.0,ETF(실물복제/수익증권),-2.22,,,,,-0.21890589617397238,-0.21890589617397238,1544,2026-05-01
122260,KIWOOM 통안채1년,434.0,0.0,0.0,0.0,ETF(실물복제/수익증권),-0.01,,,,,-0.21890589617397238,-0.21890589617397238,1545,2026-05-01
Q570073,한투 인버스 2X 구리 선물 ETN,77.0,0.0,0.0,0.0,ETN(원자재),1.98,,,,,-0.21890589617397238,-0.21890589617397238,1546,2026-05-01
Q570072,한투 레버리지 구리 선물 ETN,279.0,0.0,0.0,0.0,ETN(원자재),-1.8,,,,,-0.21890589617397238,-0.21890589617397238,1547,2026-05-01
0049M0,ACE 미국배당퀄리티+커버드콜액티브,855.0,0.0,0.0,0.0,ETF(Active/수익증권),-0.47,,,,,-0.21890589617397238,-0.21890589617397238,1548,2026-05-01
0041E0,KODEX 미국S&P500액티브,1149.0,0.0,0.0,0.0,ETF(Active/수익증권),0.82,,,,,-0.21890589617397238,-0.21890589617397238,1549,2026-05-01
176950,KODEX 국채선물10년인버스,71.0,0.0,0.0,0.0,ETF(실물복제/수익증권),0.86,,,,,-0.21890589617397238,-0.21890589617397238,1550,2026-05-01
174360,RISE 중국본토대형주CSI100,441.0,0.0,0.0,0.0,ETF(실물복제/수익증권),0.52,,,,,-0.21890589617397238,-0.21890589617397238,1551,2026-05-01
174350,TIGER 로우볼,104.0,0.0,0.0,0.0,ETF(실물복제/수익증권),-0.86,,,,,-0.21890589617397238,-0.21890589617397238,1552,2026-05-01
169950,KODEX 차이나A50,223.0,0.0,0.0,0.0,ETF(실물복제/수익증권),0.18,,,,,-0.21890589617397238,-0.21890589617397238,1553,2026-05-01
168580,ACE 중국본토CSI300,1284.0,0.0,0.0,0.0,ETF(실물복제/수익증권),0.69,,,,,-0.21890589617397238,-0.21890589617397238,1554,2026-05-01
167860,KIWOOM 국고채10년레버리지,278.0,0.0,0.0,0.0,ETF(실물복제/수익증권),-1.29,,,,,-0.21890589617397238,-0.21890589617397238,1555,2026-05-01
166400,TIGER 200커버드콜OTM,113.0,0.0,0.0,0.0,ETF(실물복제/수익증권),-0.46,,,,,-0.21890589617397238,-0.21890589617397238,1556,2026-05-01
192720,파워 고배당저변동성,377.0,0.0,0.0,0.0,ETF(실물복제/수익증권),-1.45,,,,,-0.21890589617397238,-0.21890589617397238,1557,2026-05-01
139230,TIGER 200 중공업,4022.0,0.0,0.0,0.0,ETF(실물복제/수익증권),-0.52,,,,,-0.21890589617397238,-0.21890589617397238,1558,2026-05-01
Q550097,N2 레버리지 코스닥150 선물 ETN,410.0,0.0,0.0,0.0,ETN(주식),-6.67,,,,,-0.21890589617397238,-0.21890589617397238,1559,2026-05-01
Q550096,N2 레버리지 국채30년 ETN,73.0,0.0,0.0,0.0,ETN(채권),-3.61,,,,,-0.21890589617397238,-0.21890589617397238,1560,2026-05-01
Q550095,N2 레버리지 국채10년 ETN,91.0,0.0,0.0,0.0,ETN(채권),-0.95,,,,,-0.21890589617397238,-0.21890589617397238,1561,2026-05-01
Q550093,N2 전력인프라 Top5 ETN,1150.0,0.0,0.0,0.0,ETN(주식),4.88,,,,,-0.21890589617397238,-0.21890589617397238,1562,2026-05-01
Q550092,N2 월간 레버리지 방위산업 Top5 ETN,2980.0,0.0,0.0,0.0,ETN(주식),-0.05,,,,,-0.21890589617397238,-0.21890589617397238,1563,2026-05-01
161510,PLUS 고배당주,27985.0,0.0,0.0,0.0,ETF(실물복제/수익증권),-1.11,,,,,-0.21890589617397238,-0.21890589617397238,1564,2026-05-01
160580,TIGER 구리실물,2084.0,0.0,0.0,0.0,ETF(실물복제/수익증권),-0.35,,,,,-0.21890589617397238,-0.21890589617397238,1565,2026-05-01
159800,마이티 코스피100,219.0,0.0,0.0,0.0,ETF(실물복제/수익증권),-1.04,,,,,-0.21890589617397238,-0.21890589617397238,1566,2026-05-01
157500,TIGER 증권,4346.0,0.0,0.0,0.0,ETF(실물복제/수익증권),-3.67,,,,,-0.21890589617397238,-0.21890589617397238,1567,2026-05-01
157490,TIGER 소프트웨어,1114.0,0.0,0.0,0.0,ETF(실물복제/수익증권),-2.7,,,,,-0.21890589617397238,-0.21890589617397238,1568,2026-05-01
192090,TIGER 차이나CSI300,1628.0,0.0,0.0,0.0,ETF(실물복제/수익증권),0.48,,,,,-0.21890589617397238,-0.21890589617397238,1569,2026-05-01
189400,PLUS 글로벌MSCI(합성 H),123.0,0.0,0.0,0.0,ETF(합성복제/수익증권),-1.05,,,,,-0.21890589617397238,-0.21890589617397238,1570,2026-05-01
185680,KODEX 미국S&P바이오(합성),212.0,0.0,0.0,0.0,ETF(합성복제/수익증권),-2.42,,,,,-0.21890589617397238,-0.21890589617397238,1571,2026-05-01
183710,RISE 주식혼합,174.0,0.0,0.0,0.0,ETF(실물복제/수익증권),-0.22,,,,,-0.21890589617397238,-0.21890589617397238,1572,2026-05-01
183700,RISE 채권혼합,279.0,0.0,0.0,0.0,ETF(실물복제/수익증권),-0.47,,,,,-0.21890589617397238,-0.21890589617397238,1573,2026-05-01
182490,TIGER 단기선진하이일드(합성 H),83.0,0.0,0.0,0.0,ETF(합성복제/수익증권),0.11,,,,,-0.21890589617397238,-0.21890589617397238,1574,2026-05-01
182480,TIGER 미국MSCI리츠(합성 H),1570.0,0.0,0.0,0.0,ETF(합성복제/수익증권),-0.7,,,,,-0.21890589617397238,-0.21890589617397238,1575,2026-05-01
181480,ACE 미국부동산리츠(합성 H),101.0,0.0,0.0,0.0,ETF(합성복제/수익증권),-0.92,,,,,-0.21890589617397238,-0.21890589617397238,1576,2026-05-01
0040X0,SOL 팔란티어미국채커버드콜혼합,2340.0,0.0,0.0,0.0,ETF(실물복제/수익증권),-1.16,,,,,-0.21890589617397238,-0.21890589617397238,1577,2026-05-01
0040S0,HANARO 글로벌피지컬AI액티브,498.0,0.0,0.0,0.0,ETF(Active/수익증권),2.6,,,,,-0.21890589617397238,-0.21890589617397238,1578,2026-05-01
0043B0,TIGER 머니마켓액티브,30705.0,0.0,0.0,0.0,ETF(Active/수익증권),0.02,,,,,-0.21890589617397238,-0.21890589617397238,1579,2026-05-01
200250,KIWOOM 인도Nifty50(합성),2066.0,0.0,0.0,0.0,ETF(합성복제/수익증권),-1.9,,,,,-0.21890589617397238,-0.21890589617397238,1580,2026-05-01
200030,KODEX 미국S&P500산업재(합성),494.0,0.0,0.0,0.0,ETF(합성복제/수익증권),-0.42,,,,,-0.21890589617397238,-0.21890589617397238,1581,2026-05-01
196230,RISE 단기통안채,3000.0,0.0,0.0,0.0,ETF(실물복제/수익증권),0.0,,,,,-0.21890589617397238,-0.21890589617397238,1582,2026-05-01
196030,ACE 일본TOPIX레버리지(H),377.0,0.0,0.0,0.0,ETF(실물복제/수익증권),-0.87,,,,,-0.21890589617397238,-0.21890589617397238,1583,2026-05-01
195980,PLUS 신흥국MSCI(합성 H),964.0,0.0,0.0,0.0,ETF(합성복제/수익증권),-0.84,,,,,-0.21890589617397238,-0.21890589617397238,1584,2026-05-01
152380,KODEX 국채선물10년,368.0,0.0,0.0,0.0,ETF(실물복제/수익증권),-0.7,,,,,-0.21890589617397238,-0.21890589617397238,1585,2026-05-01
152100,PLUS 200,15143.0,0.0,0.0,0.0,ETF(실물복제/수익증권),-1.02,,,,,-0.21890589617397238,-0.21890589617397238,1586,2026-05-01
150460,TIGER 중국소비테마,697.0,0.0,0.0,0.0,ETF(실물복제/수익증권),-1.96,,,,,-0.21890589617397238,-0.21890589617397238,1587,2026-05-01
148070,KIWOOM 국고채10년,4519.0,0.0,0.0,0.0,ETF(실물복제/수익증권),-0.72,,,,,-0.21890589617397238,-0.21890589617397238,1588,2026-05-01
0043Y0,TIMEFOLIO 차이나AI테크액티브,2566.0,0.0,0.0,0.0,ETF(Active/수익증권),1.48,,,,,-0.21890589617397238,-0.21890589617397238,1589,2026-05-01
203780,TIGER 미국나스닥바이오,906.0,0.0,0.0,0.0,ETF(실물복제/수익증권),-1.55,,,,,-0.21890589617397238,-0.21890589617397238,1590,2026-05-01
0046Y0,ACE 미국배당퀄리티,540.0,0.0,0.0,0.0,ETF(실물복제/수익증권),-0.27,,,,,-0.21890589617397238,-0.21890589617397238,1591,2026-05-01
0046A0,TIGER 미국초단기(3개월이하)국채,3720.0,0.0,0.0,0.0,ETF(실물복제/수익증권),0.34,,,,,-0.21890589617397238,-0.21890589617397238,1592,2026-05-01
140700,KODEX 보험,580.0,0.0,0.0,0.0,ETF(실물복제/수익증권),-1.6,,,,,-0.21890589617397238,-0.21890589617397238,1593,2026-05-01
140580,RISE 우량업종대표주,159.0,0.0,0.0,0.0,ETF(실물복제/수익증권),-0.64,,,,,-0.21890589617397238,-0.21890589617397238,1594,2026-05-01
140570,RISE 수출주,114.0,0.0,0.0,0.0,ETF(실물복제/수익증권),-1.13,,,,,-0.21890589617397238,-0.21890589617397238,1595,2026-05-01
139660,KIWOOM 미국달러선물인버스,63.0,0.0,0.0,0.0,ETF(실물복제/수익증권),-0.64,,,,,-0.21890589617397238,-0.21890589617397238,1596,2026-05-01
139320,TIGER 금은선물(H),546.0,0.0,0.0,0.0,ETF(실물복제/수익증권),-0.86,,,,,-0.21890589617397238,-0.21890589617397238,1597,2026-05-01
139290,TIGER 200 경기소비재,105.0,0.0,0.0,0.0,ETF(실물복제/수익증권),-2.6,,,,,-0.21890589617397238,-0.21890589617397238,1598,2026-05-01
139280,TIGER 경기방어,532.0,0.0,0.0,0.0,ETF(실물복제/수익증권),-1.28,,,,,-0.21890589617397238,-0.21890589617397238,1599,2026-05-01
157450,TIGER 단기통안채,13280.0,0.0,0.0,0.0,ETF(실물복제/수익증권),0.0,,,,,-0.21890589617397238,-0.21890589617397238,1600,2026-05-01
148020,RISE 200,38703.0,0.0,0.0,0.0,ETF(실물복제/수익증권),-0.99,,,,,-0.21890589617397238,-0.21890589617397238,1601,2026-05-01
147970,TIGER 모멘텀,410.0,0.0,0.0,0.0,ETF(실물복제/수익증권),-1.19,,,,,-0.21890589617397238,-0.21890589617397238,1602,2026-05-01
145850,TREX 펀더멘탈 200,261.0,0.0,0.0,0.0,ETF(실물복제/수익증권),-1.7,,,,,-0.21890589617397238,-0.21890589617397238,1603,2026-05-01
145670,ACE 인버스,37.0,0.0,0.0,0.0,ETF(실물복제/수익증권),0.71,,,,,-0.21890589617397238,-0.21890589617397238,1604,2026-05-01
144600,KODEX 은선물(H),11870.0,0.0,0.0,0.0,ETF(실물복제/수익증권),-1.69,,,,,-0.21890589617397238,-0.21890589617397238,1605,2026-05-01
143860,TIGER 헬스케어,1881.0,0.0,0.0,0.0,ETF(실물복제/수익증권),-3.25,,,,,-0.21890589617397238,-0.21890589617397238,1606,2026-05-01
0048J0,KODEX 미국머니마켓액티브,6320.0,0.0,0.0,0.0,ETF(Active/수익증권),0.3,,,,,-0.21890589617397238,-0.21890589617397238,1607,2026-05-01
139260,TIGER 200 IT,13062.0,0.0,0.0,0.0,ETF(실물복제/수익증권),-0.14,,,,,-0.21890589617397238,-0.21890589617397238,1608,2026-05-01
139250,TIGER 200 에너지화학,429.0,0.0,0.0,0.0,ETF(실물복제/수익증권),-1.16,,,,,-0.21890589617397238,-0.21890589617397238,1609,2026-05-01
139240,TIGER 200 철강소재,86.0,0.0,0.0,0.0,ETF(실물복제/수익증권),-2.54,,,,,-0.21890589617397238,-0.21890589617397238,1610,2026-05-01
139270,TIGER 200 금융,376.0,0.0,0.0,0.0,ETF(실물복제/수익증권),-1.27,,,,,-0.21890589617397238,-0.21890589617397238,1611,2026-05-01
156080,KODEX MSCI Korea,325.0,0.0,0.0,0.0,ETF(실물복제/수익증권),-1.83,,,,,-0.21890589617397238,-0.21890589617397238,1612,2026-05-01
153270,KIWOOM 코스피100,320.0,0.0,0.0,0.0,ETF(실물복제/수익증권),-0.63,,,,,-0.21890589617397238,-0.21890589617397238,1613,2026-05-01
153130,KODEX 단기채권,7879.0,0.0,0.0,0.0,ETF(실물복제/수익증권),0.0,,,,,-0.21890589617397238,-0.21890589617397238,1614,2026-05-01
152870,파워 200,1464.0,0.0,0.0,0.0,ETF(실물복제/수익증권),-0.92,,,,,-0.21890589617397238,-0.21890589617397238,1615,2026-05-01
152500,ACE 레버리지,660.0,0.0,0.0,0.0,ETF(실물복제/수익증권),-2.16,,,,,-0.21890589617397238,-0.21890589617397238,1616,2026-05-01
143850,TIGER 미국S&P500선물(H),960.0,0.0,0.0,0.0,ETF(실물복제/수익증권),-0.5,,,,,-0.21890589617397238,-0.21890589617397238,1617,2026-05-01
140950,파워 코스피100,434.0,0.0,0.0,0.0,ETF(실물복제/수익증권),-0.96,,,,,-0.21890589617397238,-0.21890589617397238,1618,2026-05-01
140710,KODEX 운송,171.0,0.0,0.0,0.0,ETF(실물복제/수익증권),-1.44,,,,,-0.21890589617397238,-0.21890589617397238,1619,2026-05-01
0047R0,RISE 팔란티어고정테크100,359.0,0.0,0.0,0.0,ETF(실물복제/수익증권),-0.57,,,,,-0.21890589617397238,-0.21890589617397238,1620,2026-05-01
Q550098,N2 인버스 2X 코스닥150 선물 ETN,54.0,0.0,0.0,0.0,ETN(주식),6.07,,,,,-0.21890589617397238,-0.21890589617397238,1621,2026-05-01
Q570059,한투 레버리지 금 선물 ETN,1072.0,0.0,0.0,0.0,ETN(원자재),-0.63,,,,,-0.21890589617397238,-0.21890589617397238,1622,2026-05-01
Q570058,한투 인버스 은 선물 ETN,33.0,0.0,0.0,0.0,ETN(원자재),0.45,,,,,-0.21890589617397238,-0.21890589617397238,1623,2026-05-01
Q570057,한투 은 선물 ETN,328.0,0.0,0.0,0.0,ETN(원자재),-1.71,,,,,-0.21890589617397238,-0.21890589617397238,1624,2026-05-01
Q570056,한투 인버스 금 선물 ETN,64.0,0.0,0.0,0.0,ETN(원자재),0.55,,,,,-0.21890589617397238,-0.21890589617397238,1625,2026-05-01
Q570055,한투 금 선물 ETN,307.0,0.0,0.0,0.0,ETN(원자재),-0.21,,,,,-0.21890589617397238,-0.21890589617397238,1626,2026-05-01
Q570051,한투 나스닥 100 ETN,1513.0,0.0,0.0,0.0,ETN(주식),0.08,,,,,-0.21890589617397238,-0.21890589617397238,1627,2026-05-01
Q570050,한투 S&P500 선물 ETN,1334.0,0.0,0.0,0.0,ETN(주식),0.4,,,,,-0.21890589617397238,-0.21890589617397238,1628,2026-05-01
Q570047,한투 FTSE100 ETN,277.0,0.0,0.0,0.0,ETN(주식),-1.02,,,,,-0.21890589617397238,-0.21890589617397238,1629,2026-05-01
Q550043,N2 인버스 레버리지 WTI원유 선물 ETN(H),25.0,0.0,0.0,0.0,ETN(원자재),-16.67,,,,,-0.21890589617397238,-0.21890589617397238,1630,2026-05-01
Q550041,N2 미국 IT TOP5 ETN(H),393.0,0.0,0.0,0.0,ETN(주식),-0.55,,,,,-0.21890589617397238,-0.21890589617397238,1631,2026-05-01
0047P0,RISE 테슬라고정테크100,216.0,0.0,0.0,0.0,ETF(실물복제/수익증권),-0.24,,,,,-0.21890589617397238,-0.21890589617397238,1632,2026-05-01
0082F0,HANARO 유럽방산,89.0,0.0,0.0,0.0,ETF(실물복제/수익증권),-0.33,,,,,-0.21890589617397238,-0.21890589617397238,1633,2026-05-01
0087F0,ACE 차이나AI빅테크TOP2+액티브,114.0,0.0,0.0,0.0,ETF(Active/수익증권),0.46,,,,,-0.21890589617397238,-0.21890589617397238,1634,2026-05-01
Q580067,KB 인디아 디지털 Select 5 ETN,190.0,0.0,0.0,0.0,ETN(주식),-2.41,,,,,-0.21890589617397238,-0.21890589617397238,1635,2026-05-01
Q580066,KB 인디아 대형 성장주 Select 5 ETN,199.0,0.0,0.0,0.0,ETN(주식),-2.74,,,,,-0.21890589617397238,-0.21890589617397238,1636,2026-05-01
Q580065,KB 코스닥 150 TR ETN,153.0,0.0,0.0,0.0,ETN(주식),-2.92,,,,,-0.21890589617397238,-0.21890589617397238,1637,2026-05-01
Q580064,KB 인버스 2X 미국채 10년 선물 ETN,107.0,0.0,0.0,0.0,ETN(채권),1.44,,,,,-0.21890589617397238,-0.21890589617397238,1638,2026-05-01
Q580063,KB 레버리지 미국채 10년 선물 ETN,105.0,0.0,0.0,0.0,ETN(채권),-0.4,,,,,-0.21890589617397238,-0.21890589617397238,1639,2026-05-01
Q580062,KB 레버리지 미국채 30년 ETN,91.0,0.0,0.0,0.0,ETN(채권),-1.06,,,,,-0.21890589617397238,-0.21890589617397238,1640,2026-05-01
Q580061,KB 미국채 30년 ETN,105.0,0.0,0.0,0.0,ETN(채권),-0.94,,,,,-0.21890589617397238,-0.21890589617397238,1641,2026-05-01
Q570094,한투 일본 엔선물 ETN C,93.0,0.0,0.0,0.0,ETN(통화),-0.16,,,,,-0.21890589617397238,-0.21890589617397238,1642,2026-05-01
Q580059,KB 미국채 10년 ETN,114.0,0.0,0.0,0.0,ETN(채권),0.0,,,,,-0.21890589617397238,-0.21890589617397238,1643,2026-05-01
Q580058,KB KIS CD금리투자 ETN,6931.0,0.0,0.0,0.0,ETN(기타),0.01,,,,,-0.21890589617397238,-0.21890589617397238,1644,2026-05-01
Q580057,KB 일본 컨슈머 TOP 10 ETN,248.0,0.0,0.0,0.0,ETN(주식),-1.94,,,,,-0.21890589617397238,-0.21890589617397238,1645,2026-05-01
Q610029,메리츠 인버스 2X 구리 선물 ETN(H),61.0,0.0,0.0,0.0,ETN(원자재),2.85,,,,,-0.21890589617397238,-0.21890589617397238,1646,2026-05-01
Q610028,메리츠 레버리지 구리 선물 ETN(H),220.0,0.0,0.0,0.0,ETN(원자재),-1.96,,,,,-0.21890589617397238,-0.21890589617397238,1647,2026-05-01
Q610025,메리츠 인버스 2X 미국채10년 ETN(H),156.0,0.0,0.0,0.0,ETN(채권),1.23,,,,,-0.21890589617397238,-0.21890589617397238,1648,2026-05-01
Q610024,메리츠 인버스 미국채10년 ETN(H),133.0,0.0,0.0,0.0,ETN(채권),0.6,,,,,-0.21890589617397238,-0.21890589617397238,1649,2026-05-01
Q610023,메리츠 레버리지 미국채10년 ETN(H),61.0,0.0,0.0,0.0,ETN(채권),-1.29,,,,,-0.21890589617397238,-0.21890589617397238,1650,2026-05-01
Q610022,메리츠 미국채10년 ETN(H),255.0,0.0,0.0,0.0,ETN(채권),-0.58,,,,,-0.21890589617397238,-0.21890589617397238,1651,2026-05-01
Q610020,메리츠 인버스 국채10년 ETN,116.0,0.0,0.0,0.0,ETN(채권),0.39,,,,,-0.21890589617397238,-0.21890589617397238,1652,2026-05-01
Q580060,KB 레버리지 미국채 10년 ETN,111.0,0.0,0.0,0.0,ETN(채권),-0.71,,,,,-0.21890589617397238,-0.21890589617397238,1653,2026-05-01
Q580034,KB 레버리지 FANG 플러스 ETN(H),396.0,0.0,0.0,0.0,ETN(주식),-2.51,,,,,-0.21890589617397238,-0.21890589617397238,1654,2026-05-01
Q580033,KB 인버스 2X 구리 선물 ETN(H),31.0,0.0,0.0,0.0,ETN(원자재),3.03,,,,,-0.21890589617397238,-0.21890589617397238,1655,2026-05-01
Q580032,KB 레버리지 구리 선물 ETN(H),110.0,0.0,0.0,0.0,ETN(원자재),-2.18,,,,,-0.21890589617397238,-0.21890589617397238,1656,2026-05-01
Q580056,KB 일본 로보틱스 TOP 10 ETN,507.0,0.0,0.0,0.0,ETN(주식),-2.16,,,,,-0.21890589617397238,-0.21890589617397238,1657,2026-05-01
Q580055,KB 블룸버그 레버리지 천연가스 선물 ETN,70.0,0.0,0.0,0.0,ETN(원자재),-2.27,,,,,-0.21890589617397238,-0.21890589617397238,1658,2026-05-01
Q580054,KB 인버스 2X 콩 선물 ETN,133.0,0.0,0.0,0.0,ETN(원자재),-0.91,,,,,-0.21890589617397238,-0.21890589617397238,1659,2026-05-01
Q580053,KB 레버리지 콩 선물 ETN,85.0,0.0,0.0,0.0,ETN(원자재),1.7,,,,,-0.21890589617397238,-0.21890589617397238,1660,2026-05-01
Q580052,KB 인버스 2X 밀 선물 ETN,154.0,0.0,0.0,0.0,ETN(원자재),1.0,,,,,-0.21890589617397238,-0.21890589617397238,1661,2026-05-01
069660,KIWOOM 200,7788.0,0.0,0.0,0.0,ETF(실물복제/수익증권),-1.01,,,,,-0.21890589617397238,-0.21890589617397238,1662,2026-05-01
Q580068,KB S&P 레버리지 WTI원유 선물 ETN B,740.0,0.0,0.0,0.0,ETN(원자재),20.76,,,,,-0.21890589617397238,-0.21890589617397238,1663,2026-05-01
0086C0,TIGER 리츠부동산인프라10채권혼합액티브,174.0,0.0,0.0,0.0,ETF(Active/수익증권),0.53,,,,,-0.21890589617397238,-0.21890589617397238,1664,2026-05-01
0086B0,TIGER 리츠부동산인프라TOP10액티브,767.0,0.0,0.0,0.0,ETF(Active/수익증권),0.09,,,,,-0.21890589617397238,-0.21890589617397238,1665,2026-05-01
0085P0,ACE 미국10년국채액티브,953.0,0.0,0.0,0.0,ETF(Active/수익증권),-0.28,,,,,-0.21890589617397238,-0.21890589617397238,1666,2026-05-01
0085N0,ACE 미국10년국채액티브(H),1181.0,0.0,0.0,0.0,ETF(Active/수익증권),-0.55,,,,,-0.21890589617397238,-0.21890589617397238,1667,2026-05-01
0084D0,KIWOOM 미국테크100월간목표헤지액티브,92.0,0.0,0.0,0.0,ETF(Active/수익증권),-0.13,,,,,-0.21890589617397238,-0.21890589617397238,1668,2026-05-01
0083S0,1Q 미국메디컬AI,412.0,0.0,0.0,0.0,ETF(실물복제/수익증권),-2.54,,,,,-0.21890589617397238,-0.21890589617397238,1669,2026-05-01
0082V0,KODEX TDF2060액티브,1414.0,0.0,0.0,0.0,ETF(Active/수익증권),0.17,,,,,-0.21890589617397238,-0.21890589617397238,1670,2026-05-01
0080Y0,SOL 조선TOP3플러스레버리지,2497.0,0.0,0.0,0.0,ETF(실물복제/수익증권),-2.64,,,,,-0.21890589617397238,-0.21890589617397238,1671,2026-05-01
Q580070,KB 레버리지 2차전지 TOP 10 TR ETN,496.0,0.0,0.0,0.0,ETN(주식),-5.16,,,,,-0.21890589617397238,-0.21890589617397238,1672,2026-05-01
Q580069,KB S&P 인버스 2X WTI원유 선물 ETN B,458.0,0.0,0.0,0.0,ETN(원자재),-17.5,,,,,-0.21890589617397238,-0.21890589617397238,1673,2026-05-01
069500,KODEX 200,219042.0,0.0,0.0,0.0,ETF(실물복제/수익증권),-1.13,,,,,-0.21890589617397238,-0.21890589617397238,1674,2026-05-01
F70102B96,룩셈부르크코어오피스(파생형)(A),867.0,0.0,0.0,0.0,수익증권,0.0,,,,,-0.21890589617397238,-0.21890589617397238,1675,2026-05-01
Q610034,메리츠 대표 농산물 선물 ETN(H),92.0,0.0,0.0,0.0,ETN(원자재),0.38,,,,,-0.21890589617397238,-0.21890589617397238,1676,2026-05-01
Q610030,메리츠 S&P 유럽탄소배출권 선물 ETN(H),105.0,0.0,0.0,0.0,ETN(기타),-3.48,,,,,-0.21890589617397238,-0.21890589617397238,1677,2026-05-01
Q760018,키움 미국달러선물 ETN B,646.0,0.0,0.0,0.0,ETN(통화),0.33,,,,,-0.21890589617397238,-0.21890589617397238,1678,2026-05-01
Q500078,신한 S&P 유로 선물 ETN(H),117.0,0.0,0.0,0.0,ETN(통화),-0.09,,,,,-0.21890589617397238,-0.21890589617397238,1679,2026-05-01
Q500072,신한 인버스 2X 코스닥 150 선물 ETN,150.0,0.0,0.0,0.0,ETN(주식),6.08,,,,,-0.21890589617397238,-0.21890589617397238,1680,2026-05-01
Q500071,신한 레버리지 코스닥 150 선물 ETN,1427.0,0.0,0.0,0.0,ETN(주식),-6.07,,,,,-0.21890589617397238,-0.21890589617397238,1681,2026-05-01
Q500069,신한 레버리지 코스피 200 선물 ETN,1917.0,0.0,0.0,0.0,ETN(주식),-2.42,,,,,-0.21890589617397238,-0.21890589617397238,1682,2026-05-01
0004G0,1Q 미국배당TOP30,117.0,0.0,0.0,0.0,ETF(실물복제/수익증권),-0.28,,,,,-0.21890589617397238,-0.21890589617397238,1683,2026-05-01
Q610018,메리츠 국채10년 ETN,203.0,0.0,0.0,0.0,ETN(채권),-0.49,,,,,-0.21890589617397238,-0.21890589617397238,1684,2026-05-01
Q500051,신한 인버스 2X S&P500 선물 ETN,29.0,0.0,0.0,0.0,ETN(주식),1.06,,,,,-0.21890589617397238,-0.21890589617397238,1685,2026-05-01
Q500050,신한 레버리지 S&P500 선물 ETN,993.0,0.0,0.0,0.0,ETN(주식),0.25,,,,,-0.21890589617397238,-0.21890589617397238,1686,2026-05-01
Q500028,신한 인버스 2X 다우존스지수 선물 ETN(H),115.0,0.0,0.0,0.0,ETN(주식),3.04,,,,,-0.21890589617397238,-0.21890589617397238,1687,2026-05-01
Q500020,신한 레버리지 다우존스지수 선물 ETN(H),565.0,0.0,0.0,0.0,ETN(주식),-3.06,,,,,-0.21890589617397238,-0.21890589617397238,1688,2026-05-01
Q500036,신한 인버스 2X 미국달러 선물 ETN,71.0,0.0,0.0,0.0,ETN(통화),-1.12,,,,,-0.21890589617397238,-0.21890589617397238,1689,2026-05-01
Q500035,신한 레버리지 미국달러 선물 ETN,349.0,0.0,0.0,0.0,ETN(통화),1.28,,,,,-0.21890589617397238,-0.21890589617397238,1690,2026-05-01
Q500096,신한 인버스2X 천연가스 선물 ETN B,960.0,0.0,0.0,0.0,ETN(원자재),3.09,,,,,-0.21890589617397238,-0.21890589617397238,1691,2026-05-01
Q500095,신한 S&P500 VIX S/T 선물 ETN E,740.0,0.0,0.0,0.0,ETN(변동성),5.47,,,,,-0.21890589617397238,-0.21890589617397238,1692,2026-05-01
F71207B98,키움히어로즈유럽오피스부동산4호 A,15.0,0.0,0.0,0.0,수익증권,0.0,,,,,-0.21890589617397238,-0.21890589617397238,1693,2026-05-01
Q500079,신한 S&P 인버스 유로 선물 ETN(H),109.0,0.0,0.0,0.0,ETN(통화),0.09,,,,,-0.21890589617397238,-0.21890589617397238,1694,2026-05-01
0002C0,에셋플러스 인도일등기업포커스20액티브,103.0,0.0,0.0,0.0,ETF(Active/수익증권),-0.42,,,,,-0.21890589617397238,-0.21890589617397238,1695,2026-05-01
Q610013,메리츠 인버스 2X 금 선물 ETN(H),35.0,0.0,0.0,0.0,ETN(원자재),1.6,,,,,-0.21890589617397238,-0.21890589617397238,1696,2026-05-01
Q610012,메리츠 레버리지 금 선물 ETN(H),827.0,0.0,0.0,0.0,ETN(원자재),-0.93,,,,,-0.21890589617397238,-0.21890589617397238,1697,2026-05-01
Q610009,메리츠 인버스 국채30년 ETN,141.0,0.0,0.0,0.0,ETN(채권),0.57,,,,,-0.21890589617397238,-0.21890589617397238,1698,2026-05-01
Q610008,메리츠 레버리지 국채30년 ETN,190.0,0.0,0.0,0.0,ETN(채권),-3.06,,,,,-0.21890589617397238,-0.21890589617397238,1699,2026-05-01
Q610007,메리츠 국채30년 ETN,386.0,0.0,0.0,0.0,ETN(채권),-2.03,,,,,-0.21890589617397238,-0.21890589617397238,1700,2026-05-01
Q610003,메리츠 미국 인플레이션 국채 ETN(H),185.0,0.0,0.0,0.0,ETN(채권),-0.54,,,,,-0.21890589617397238,-0.21890589617397238,1701,2026-05-01
Q610001,메리츠 인플레이션 국채 ETN,242.0,0.0,0.0,0.0,ETN(채권),-0.62,,,,,-0.21890589617397238,-0.21890589617397238,1702,2026-05-01
Q580010,KB Wise 분할매매 ETN,732.0,0.0,0.0,0.0,ETN(주식),0.04,,,,,-0.21890589617397238,-0.21890589617397238,1703,2026-05-01
F71206B98,키움히어로즈유럽오피스부동산3호 C-I,25.0,0.0,0.0,0.0,수익증권,0.0,,,,,-0.21890589617397238,-0.21890589617397238,1704,2026-05-01
F70103B96,룩셈부르크코어오피스(파생형)(C-I),159.0,0.0,0.0,0.0,수익증권,0.0,,,,,-0.21890589617397238,-0.21890589617397238,1705,2026-05-01
Q760016,키움 레버리지 조선TOP10 ETN,1570.0,0.0,0.0,0.0,ETN(주식),-2.61,,,,,-0.21890589617397238,-0.21890589617397238,1706,2026-05-01
Q760015,키움 레버리지 바이오TOP10 ETN,75.0,0.0,0.0,0.0,ETN(주식),-6.47,,,,,-0.21890589617397238,-0.21890589617397238,1707,2026-05-01
Q760014,키움 바이오TOP10 ETN,69.0,0.0,0.0,0.0,ETN(주식),-3.41,,,,,-0.21890589617397238,-0.21890589617397238,1708,2026-05-01
Q760013,키움 레버리지 반도체TOP10 ETN,9148.0,0.0,0.0,0.0,ETN(주식),-1.18,,,,,-0.21890589617397238,-0.21890589617397238,1709,2026-05-01
Q760012,키움 반도체TOP10 ETN,230.0,0.0,0.0,0.0,ETN(주식),-0.26,,,,,-0.21890589617397238,-0.21890589617397238,1710,2026-05-01
Q760011,키움 레버리지 2차전지산업 ETN,3146.0,0.0,0.0,0.0,ETN(주식),-6.36,,,,,-0.21890589617397238,-0.21890589617397238,1711,2026-05-01
Q760010,키움 2차전지산업 ETN,89.0,0.0,0.0,0.0,ETN(주식),-3.0,,,,,-0.21890589617397238,-0.21890589617397238,1712,2026-05-01
Q760009,키움 CD금리투자 ETN,9800.0,0.0,0.0,0.0,ETN(기타),0.02,,,,,-0.21890589617397238,-0.21890589617397238,1713,2026-05-01
Q760008,키움 코스닥 150 TR ETN,290.0,0.0,0.0,0.0,ETN(주식),-3.01,,,,,-0.21890589617397238,-0.21890589617397238,1714,2026-05-01
Q760007,키움 코스피 200 TR ETN,1220.0,0.0,0.0,0.0,ETN(주식),-0.96,,,,,-0.21890589617397238,-0.21890589617397238,1715,2026-05-01
Q760017,키움 조선TOP10 ETN,234.0,0.0,0.0,0.0,ETN(주식),-1.3,,,,,-0.21890589617397238,-0.21890589617397238,1716,2026-05-01
Q570099,한투 S&P 인버스 2X 엔달러 선물 ETN(H),150.0,0.0,0.0,0.0,ETN(통화),1.25,,,,,-0.21890589617397238,-0.21890589617397238,1717,2026-05-01
Q570098,한투 S&P 레버리지 엔달러 선물 ETN(H),60.0,0.0,0.0,0.0,ETN(통화),-1.41,,,,,-0.21890589617397238,-0.21890589617397238,1718,2026-05-01
Q570097,한투 S&P 엔달러 선물 ETN(H),78.0,0.0,0.0,0.0,ETN(통화),-0.64,,,,,-0.21890589617397238,-0.21890589617397238,1719,2026-05-01
Q570023,한투 인버스 2X S&P500 선물 ETN(H),39.0,0.0,0.0,0.0,ETN(주식),0.91,,,,,-0.21890589617397238,-0.21890589617397238,1720,2026-05-01
Q570022,한투 레버리지 S&P500 선물 ETN(H),2535.0,0.0,0.0,0.0,ETN(주식),-1.31,,,,,-0.21890589617397238,-0.21890589617397238,1721,2026-05-01
Q570029,한투 코스피 양매도 3% OTM ETN,303.0,0.0,0.0,0.0,ETN(주식),0.17,,,,,-0.21890589617397238,-0.21890589617397238,1722,2026-05-01
Q570019,한투 코스피 양매도 5% OTM ETN,991.0,0.0,0.0,0.0,ETN(주식),0.15,,,,,-0.21890589617397238,-0.21890589617397238,1723,2026-05-01
Q570117,한투 블룸버그인버스2XWTI원유선물 ETN B,409.0,0.0,0.0,0.0,ETN(원자재),-17.64,,,,,-0.21890589617397238,-0.21890589617397238,1724,2026-05-01
Q570116,한투 블룸버그레버리지WTI원유선물 ETN B,1469.0,0.0,0.0,0.0,ETN(원자재),20.33,,,,,-0.21890589617397238,-0.21890589617397238,1725,2026-05-01
Q580035,KB S&P 유럽탄소배출권 선물 ETN(H),81.0,0.0,0.0,0.0,ETN(기타),-0.8,,,,,-0.21890589617397238,-0.21890589617397238,1726,2026-05-01
Q570114,한투 S&P500 VIX S/T선물 ETN(H) B,128.0,0.0,0.0,0.0,ETN(변동성),3.89,,,,,-0.21890589617397238,-0.21890589617397238,1727,2026-05-01
Q570111,한투 3X레버리지미국채30년 ETN,85.0,0.0,0.0,0.0,ETN(채권),-2.59,,,,,-0.21890589617397238,-0.21890589617397238,1728,2026-05-01
0064K0,KODEX 금액티브,2420.0,0.0,0.0,0.0,ETF(Active/수익증권),-0.04,,,,,-0.21890589617397238,-0.21890589617397238,1729,2026-05-01
091230,TIGER 반도체,11851.0,0.0,0.0,0.0,ETF(실물복제/수익증권),-1.4,,,,,-0.21890589617397238,-0.21890589617397238,1730,2026-05-01
091220,TIGER 은행,233.0,0.0,0.0,0.0,ETF(실물복제/수익증권),-0.15,,,,,-0.21890589617397238,-0.21890589617397238,1731,2026-05-01
091180,KODEX 자동차,5548.0,0.0,0.0,0.0,ETF(실물복제/수익증권),-3.19,,,,,-0.21890589617397238,-0.21890589617397238,1732,2026-05-01
091170,KODEX 은행,4657.0,0.0,0.0,0.0,ETF(실물복제/수익증권),-0.31,,,,,-0.21890589617397238,-0.21890589617397238,1733,2026-05-01
091160,KODEX 반도체,52141.0,0.0,0.0,0.0,ETF(실물복제/수익증권),-0.72,,,,,-0.21890589617397238,-0.21890589617397238,1734,2026-05-01
0061Z0,RISE 단기특수은행채액티브,8231.0,0.0,0.0,0.0,ETF(Active/수익증권),0.01,,,,,-0.21890589617397238,-0.21890589617397238,1735,2026-05-01
0067V0,TIGER 차이나글로벌리더스TOP3+,538.0,0.0,0.0,0.0,ETF(실물복제/수익증권),-1.61,,,,,-0.21890589617397238,-0.21890589617397238,1736,2026-05-01
Q570115,한투 인버스0.5X S&P500 VIX S/T선물 ETN B,200.0,0.0,0.0,0.0,ETN(변동성),-1.48,,,,,-0.21890589617397238,-0.21890589617397238,1737,2026-05-01
Q570093,한투 레버리지 천연가스 선물 ETN B,180.0,0.0,0.0,0.0,ETN(원자재),-2.54,,,,,-0.21890589617397238,-0.21890589617397238,1738,2026-05-01
Q570092,한투 인버스 2X 유로스탁스50 ETN(H) B,84.0,0.0,0.0,0.0,ETN(주식),2.95,,,,,-0.21890589617397238,-0.21890589617397238,1739,2026-05-01
Q570091,한투 인버스 유로스탁스50 ETN(H) C,70.0,0.0,0.0,0.0,ETN(주식),1.46,,,,,-0.21890589617397238,-0.21890589617397238,1740,2026-05-01
Q570090,한투 KIS CD금리투자 ETN,3313.0,0.0,0.0,0.0,ETN(기타),0.02,,,,,-0.21890589617397238,-0.21890589617397238,1741,2026-05-01
Q570085,한투 블룸버그 인도네시아 대표원자재 ETN,134.0,0.0,0.0,0.0,ETN(주식),-4.89,,,,,-0.21890589617397238,-0.21890589617397238,1742,2026-05-01
Q570082,한투 인버스 2X 코스닥150선물 ETN,301.0,0.0,0.0,0.0,ETN(주식),5.92,,,,,-0.21890589617397238,-0.21890589617397238,1743,2026-05-01
Q570081,한투 레버리지 코스닥150선물 ETN,570.0,0.0,0.0,0.0,ETN(주식),-6.32,,,,,-0.21890589617397238,-0.21890589617397238,1744,2026-05-01
Q570074,한투 S&P 유럽탄소배출권 선물 ETN(H),106.0,0.0,0.0,0.0,ETN(기타),-2.07,,,,,-0.21890589617397238,-0.21890589617397238,1745,2026-05-01
0060H0,TIGER 토탈월드스탁액티브,3598.0,0.0,0.0,0.0,ETF(Active/수익증권),-0.55,,,,,-0.21890589617397238,-0.21890589617397238,1746,2026-05-01
Q570100,한투 일본종합상사TOP5 ETN,698.0,0.0,0.0,0.0,ETN(주식),0.15,,,,,-0.21890589617397238,-0.21890589617397238,1747,2026-05-01
Q570110,한투 3X레버리지국채30년 ETN,51.0,0.0,0.0,0.0,ETN(채권),-4.3,,,,,-0.21890589617397238,-0.21890589617397238,1748,2026-05-01
Q570109,한투 레버리지미국채30년 ETN,88.0,0.0,0.0,0.0,ETN(채권),-1.65,,,,,-0.21890589617397238,-0.21890589617397238,1749,2026-05-01
Q570108,한투 레버리지국채30년 ETN,72.0,0.0,0.0,0.0,ETN(채권),-2.21,,,,,-0.21890589617397238,-0.21890589617397238,1750,2026-05-01
Q570107,한투 인버스2X일본니케이225선물 ETN(H),133.0,0.0,0.0,0.0,ETN(주식),0.57,,,,,-0.21890589617397238,-0.21890589617397238,1751,2026-05-01
Q570106,한투 레버리지일본니케이225선물 ETN(H),1067.0,0.0,0.0,0.0,ETN(주식),-0.16,,,,,-0.21890589617397238,-0.21890589617397238,1752,2026-05-01
Q570105,한투 인버스일본니케이225선물 ETN(H),165.0,0.0,0.0,0.0,ETN(주식),0.27,,,,,-0.21890589617397238,-0.21890589617397238,1753,2026-05-01
Q570104,한투 일본니케이225선물 ETN(H),471.0,0.0,0.0,0.0,ETN(주식),-0.32,,,,,-0.21890589617397238,-0.21890589617397238,1754,2026-05-01
Q570103,한투 인버스2X 나스닥100 ETN B,529.0,0.0,0.0,0.0,ETN(주식),0.57,,,,,-0.21890589617397238,-0.21890589617397238,1755,2026-05-01
Q570102,한투 레버리지 나스닥100 ETN B,337.0,0.0,0.0,0.0,ETN(주식),0.39,,,,,-0.21890589617397238,-0.21890589617397238,1756,2026-05-01
Q570101,한투 인버스 나스닥100 ETN B,80.0,0.0,0.0,0.0,ETN(주식),0.19,,,,,-0.21890589617397238,-0.21890589617397238,1757,2026-05-01
0065G0,KODEX 차이나테크TOP10,324.0,0.0,0.0,0.0,ETF(실물복제/수익증권),0.7,,,,,-0.21890589617397238,-0.21890589617397238,1758,2026-05-01
Q610047,메리츠 인버스 국채3년 ETN,213.0,0.0,0.0,0.0,ETN(채권),0.14,,,,,-0.21890589617397238,-0.21890589617397238,1759,2026-05-01
Q610045,메리츠 국채3년 ETN,113.0,0.0,0.0,0.0,ETN(채권),-0.09,,,,,-0.21890589617397238,-0.21890589617397238,1760,2026-05-01
Q610040,메리츠 인버스 2X 미국채30년 ETN(H),170.0,0.0,0.0,0.0,ETN(채권),2.11,,,,,-0.21890589617397238,-0.21890589617397238,1761,2026-05-01
Q610039,메리츠 인버스 미국채30년 ETN(H),143.0,0.0,0.0,0.0,ETN(채권),0.81,,,,,-0.21890589617397238,-0.21890589617397238,1762,2026-05-01
Q610038,메리츠 레버리지 미국채30년 ETN(H),445.0,0.0,0.0,0.0,ETN(채권),-1.77,,,,,-0.21890589617397238,-0.21890589617397238,1763,2026-05-01
Q610037,메리츠 미국채30년 ETN(H),1040.0,0.0,0.0,0.0,ETN(채권),-1.0,,,,,-0.21890589617397238,-0.21890589617397238,1764,2026-05-01
Q610036,메리츠 인버스 2X 대표 농산물 선물 ETN(H),220.0,0.0,0.0,0.0,ETN(원자재),-0.54,,,,,-0.21890589617397238,-0.21890589617397238,1765,2026-05-01
Q610035,메리츠 레버리지 대표 농산물 선물 ETN(H),121.0,0.0,0.0,0.0,ETN(원자재),0.92,,,,,-0.21890589617397238,-0.21890589617397238,1766,2026-05-01
0080X0,SOL 미국S&P500미국채혼합50,642.0,0.0,0.0,0.0,ETF(실물복제/수익증권),0.04,,,,,-0.21890589617397238,-0.21890589617397238,1767,2026-05-01
0066W0,SOL 국제금,1232.0,0.0,0.0,0.0,ETF(실물복제/수익증권),-0.21,,,,,-0.21890589617397238,-0.21890589617397238,1768,2026-05-01
0079X0,ACE BYD밸류체인액티브,25.0,0.0,0.0,0.0,ETF(Active/수익증권),-1.03,,,,,-0.21890589617397238,-0.21890589617397238,1769,2026-05-01
0078V0,PLUS 미국로보택시,71.0,0.0,0.0,0.0,ETF(실물복제/수익증권),-2.15,,,,,-0.21890589617397238,-0.21890589617397238,1770,2026-05-01
Q580051,KB 레버리지 밀 선물 ETN,135.0,0.0,0.0,0.0,ETN(원자재),-0.66,,,,,-0.21890589617397238,-0.21890589617397238,1771,2026-05-01
Q580050,KB STAR 50 ETN,160.0,0.0,0.0,0.0,ETN(주식),6.26,,,,,-0.21890589617397238,-0.21890589617397238,1772,2026-05-01
Q580049,KB CSI 500 ETN,307.0,0.0,0.0,0.0,ETN(주식),0.29,,,,,-0.21890589617397238,-0.21890589617397238,1773,2026-05-01
Q580048,KB CSI 300 ETN,272.0,0.0,0.0,0.0,ETN(주식),-2.99,,,,,-0.21890589617397238,-0.21890589617397238,1774,2026-05-01
Q580047,KB 레버리지 항셍테크 선물 ETN(H) B,143.0,0.0,0.0,0.0,ETN(주식),-0.63,,,,,-0.21890589617397238,-0.21890589617397238,1775,2026-05-01
Q580044,KB 인버스 2X KOSDAQ 150 선물 ETN,45.0,0.0,0.0,0.0,ETN(주식),5.97,,,,,-0.21890589617397238,-0.21890589617397238,1776,2026-05-01
Q580043,KB 레버리지 KOSDAQ 150 선물 ETN,282.0,0.0,0.0,0.0,ETN(주식),-4.88,,,,,-0.21890589617397238,-0.21890589617397238,1777,2026-05-01
Q580039,KB 레버리지 KOSPI 200 선물 ETN,960.0,0.0,0.0,0.0,ETN(주식),-1.62,,,,,-0.21890589617397238,-0.21890589617397238,1778,2026-05-01
0080G0,KODEX K방산TOP10,5942.0,0.0,0.0,0.0,ETF(실물복제/수익증권),-0.1,,,,,-0.21890589617397238,-0.21890589617397238,1779,2026-05-01
0074K0,KoAct K수출핵심기업TOP30액티브,1477.0,0.0,0.0,0.0,ETF(Active/수익증권),-0.21,,,,,-0.21890589617397238,-0.21890589617397238,1780,2026-05-01
0073X0,FOCUS 알리바바미국채커버드콜혼합,68.0,0.0,0.0,0.0,ETF(실물복제/수익증권),-0.19,,,,,-0.21890589617397238,-0.21890589617397238,1781,2026-05-01
0072R0,TIGER KRX금현물,14293.0,0.0,0.0,0.0,ETF(실물복제/수익증권),0.14,,,,,-0.21890589617397238,-0.21890589617397238,1782,2026-05-01
088980,맥쿼리인프라,54358.0,0.0,0.0,0.0,인프라투용,-0.18,,,,,-0.21890589617397238,-0.21890589617397238,1783,2026-05-01
0069M0,1Q 미국나스닥100,1440.0,0.0,0.0,0.0,ETF(실물복제/수익증권),0.15,,,,,-0.21890589617397238,-0.21890589617397238,1784,2026-05-01
0068M0,KODEX 미국S&P500버퍼6월액티브,604.0,0.0,0.0,0.0,ETF(Active/수익증권),0.42,,,,,-0.21890589617397238,-0.21890589617397238,1785,2026-05-01
F74201773,하나대체나사부동산1호,144.0,0.0,0.0,0.0,수익증권,0.0,,,,,-0.21890589617397238,-0.21890589617397238,1786,2026-05-01
F73400010,코레이트하이일드공모주만기형3호 Ae,26.0,0.0,0.0,0.0,수익증권,0.0,,,,,-0.21890589617397238,-0.21890589617397238,1787,2026-05-01
F73400009,코레이트하이일드공모주만기형3호 A2,93.0,0.0,0.0,0.0,수익증권,0.0,,,,,-0.21890589617397238,-0.21890589617397238,1788,2026-05-01
Q610049,메리츠 국채5년 ETN,115.0,0.0,0.0,0.0,ETN(채권),-0.26,,,,,-0.21890589617397238,-0.21890589617397238,1789,2026-05-01
Q580021,KB 인버스 천연가스 선물 ETN,607.0,0.0,0.0,0.0,ETN(원자재),1.7,,,,,-0.21890589617397238,-0.21890589617397238,1790,2026-05-01
Q580020,KB 천연가스 선물 ETN(H),315.0,0.0,0.0,0.0,ETN(원자재),-1.26,,,,,-0.21890589617397238,-0.21890589617397238,1791,2026-05-01
Q580019,KB 인버스 2X 항셍테크 선물 ETN,123.0,0.0,0.0,0.0,ETN(주식),0.74,,,,,-0.21890589617397238,-0.21890589617397238,1792,2026-05-01
Q580026,KB 레버리지 은 선물 ETN(H),286.0,0.0,0.0,0.0,ETN(원자재),-4.6,,,,,-0.21890589617397238,-0.21890589617397238,1793,2026-05-01
Q580023,KB 인버스 2X 금 선물 ETN(H),17.0,0.0,0.0,0.0,ETN(원자재),0.74,,,,,-0.21890589617397238,-0.21890589617397238,1794,2026-05-01
Q580022,KB 레버리지 금 선물 ETN(H),413.0,0.0,0.0,0.0,ETN(원자재),-1.58,,,,,-0.21890589617397238,-0.21890589617397238,1795,2026-05-01
F74201BAA,하나대체미국부동산1호 A,149.0,0.0,0.0,0.0,수익증권,0.0,,,,,-0.21890589617397238,-0.21890589617397238,1796,2026-05-01
0067Y0,TIGER 차이나AI소프트웨어,175.0,0.0,0.0,0.0,ETF(실물복제/수익증권),1.25,,,,,-0.21890589617397238,-0.21890589617397238,1797,2026-05-01
Q610055,메리츠 3X 레버리지 국채3년 ETN,109.0,0.0,0.0,0.0,ETN(채권),-0.23,,,,,-0.21890589617397238,-0.21890589617397238,1798,2026-05-01
Q610051,메리츠 인버스 국채5년 ETN,105.0,0.0,0.0,0.0,ETN(채권),0.33,,,,,-0.21890589617397238,-0.21890589617397238,1799,2026-05-01
F73400008,코레이트하이일드공모주만기형3호 A,68.0,0.0,0.0,0.0,수익증권,0.0,,,,,-0.21890589617397238,-0.21890589617397238,1800,2026-05-01
295020,RISE 국채선물10년인버스,443.0,0.0,0.0,0.0,ETF(실물복제/수익증권),0.59,,,,,-0.21890589617397238,-0.21890589617397238,1801,2026-05-01
295000,RISE 국채선물10년,56.0,0.0,0.0,0.0,ETF(실물복제/수익증권),-0.3,,,,,-0.21890589617397238,-0.21890589617397238,1802,2026-05-01
294400,KIWOOM 200TR,18939.0,0.0,0.0,0.0,ETF(실물복제/수익증권),-0.92,,,,,-0.21890589617397238,-0.21890589617397238,1803,2026-05-01
293180,HANARO 200,5270.0,0.0,0.0,0.0,ETF(실물복제/수익증권),-0.98,,,,,-0.21890589617397238,-0.21890589617397238,1804,2026-05-01
292770,KODEX 국채선물3년인버스,120.0,0.0,0.0,0.0,ETF(실물복제/수익증권),0.11,,,,,-0.21890589617397238,-0.21890589617397238,1805,2026-05-01
292560,TIGER 일본엔선물,436.0,0.0,0.0,0.0,ETF(실물복제/수익증권),-0.12,,,,,-0.21890589617397238,-0.21890589617397238,1806,2026-05-01
292500,SOL KRX300,232.0,0.0,0.0,0.0,ETF(실물복제/수익증권),-0.26,,,,,-0.21890589617397238,-0.21890589617397238,1807,2026-05-01
304660,KODEX 미국30년국채울트라선물(H),1772.0,0.0,0.0,0.0,ETF(실물복제/수익증권),-1.06,,,,,-0.21890589617397238,-0.21890589617397238,1808,2026-05-01
280930,KODEX 미국러셀2000(H),296.0,0.0,0.0,0.0,ETF(실물복제/수익증권),-1.46,,,,,-0.21890589617397238,-0.21890589617397238,1809,2026-05-01
190620,ACE 단기통안채,2361.0,0.0,0.0,0.0,ETF(실물복제/수익증권),0.01,,,,,-0.21890589617397238,-0.21890589617397238,1810,2026-05-01
280320,ACE 미국IT인터넷S&P(합성 H),160.0,0.0,0.0,0.0,ETF(합성복제/수익증권),1.37,,,,,-0.21890589617397238,-0.21890589617397238,1811,2026-05-01
279540,KODEX 최소변동성,133.0,0.0,0.0,0.0,ETF(실물복제/수익증권),-1.84,,,,,-0.21890589617397238,-0.21890589617397238,1812,2026-05-01
292190,KODEX KRX300,770.0,0.0,0.0,0.0,ETF(실물복제/수익증권),-0.78,,,,,-0.21890589617397238,-0.21890589617397238,1813,2026-05-01
292160,TIGER KRX300,227.0,0.0,0.0,0.0,ETF(실물복제/수익증권),-0.85,,,,,-0.21890589617397238,-0.21890589617397238,1814,2026-05-01
292150,TIGER TOP10,22783.0,0.0,0.0,0.0,ETF(실물복제/수익증권),-1.32,,,,,-0.21890589617397238,-0.21890589617397238,1815,2026-05-01
292050,RISE KRX300,186.0,0.0,0.0,0.0,ETF(실물복제/수익증권),-1.35,,,,,-0.21890589617397238,-0.21890589617397238,1816,2026-05-01
291890,KODEX MSCI EM선물(H),52.0,0.0,0.0,0.0,ETF(실물복제/수익증권),-1.49,,,,,-0.21890589617397238,-0.21890589617397238,1817,2026-05-01
291680,RISE 차이나H선물인버스(H),39.0,0.0,0.0,0.0,ETF(실물복제/수익증권),-0.13,,,,,-0.21890589617397238,-0.21890589617397238,1818,2026-05-01
291630,KIWOOM 코스닥150선물레버리지,86.0,0.0,0.0,0.0,ETF(실물복제/수익증권),-6.04,,,,,-0.21890589617397238,-0.21890589617397238,1819,2026-05-01
291620,KIWOOM 코스닥150선물인버스,22.0,0.0,0.0,0.0,ETF(실물복제/수익증권),3.17,,,,,-0.21890589617397238,-0.21890589617397238,1820,2026-05-01
280920,PLUS 주도업종,123.0,0.0,0.0,0.0,ETF(실물복제/수익증권),-1.07,,,,,-0.21890589617397238,-0.21890589617397238,1821,2026-05-01
301400,PLUS 코스닥150,130.0,0.0,0.0,0.0,ETF(실물복제/수익증권),-3.37,,,,,-0.21890589617397238,-0.21890589617397238,1822,2026-05-01
300950,KODEX 게임산업,340.0,0.0,0.0,0.0,ETF(실물복제/수익증권),-2.94,,,,,-0.21890589617397238,-0.21890589617397238,1823,2026-05-01
300640,RISE 게임테마,292.0,0.0,0.0,0.0,ETF(실물복제/수익증권),-2.5,,,,,-0.21890589617397238,-0.21890589617397238,1824,2026-05-01
300610,TIGER K게임,163.0,0.0,0.0,0.0,ETF(실물복제/수익증권),-2.09,,,,,-0.21890589617397238,-0.21890589617397238,1825,2026-05-01
298770,KODEX 한국대만IT프리미어,762.0,0.0,0.0,0.0,ETF(실물복제/수익증권),-0.74,,,,,-0.21890589617397238,-0.21890589617397238,1826,2026-05-01
298340,PLUS 국채선물3년,734.0,0.0,0.0,0.0,ETF(실물복제/수익증권),-0.21,,,,,-0.21890589617397238,-0.21890589617397238,1827,2026-05-01
0000J0,PLUS 한화그룹주,2602.0,0.0,0.0,0.0,ETF(실물복제/수익증권),0.68,,,,,-0.21890589617397238,-0.21890589617397238,1828,2026-05-01
0000H0,KODEX 인도Nifty미드캡100,154.0,0.0,0.0,0.0,ETF(실물복제/수익증권),-2.34,,,,,-0.21890589617397238,-0.21890589617397238,1829,2026-05-01
0000D0,TIGER 엔비디아미국채커버드콜밸런스(합성),650.0,0.0,0.0,0.0,ETF(합성복제/수익증권),1.08,,,,,-0.21890589617397238,-0.21890589617397238,1830,2026-05-01
295040,SOL 200TR,5116.0,0.0,0.0,0.0,ETF(실물복제/수익증권),-0.93,,,,,-0.21890589617397238,-0.21890589617397238,1831,2026-05-01
Q530133,삼성 블룸버그 레버리지 WTI원유선물 ETN B,732.0,0.0,0.0,0.0,ETN(원자재),20.51,,,,,-0.21890589617397238,-0.21890589617397238,1832,2026-05-01
Q530132,삼성 블룸버그 WTI원유 선물 ETN B,221.0,0.0,0.0,0.0,ETN(원자재),10.26,,,,,-0.21890589617397238,-0.21890589617397238,1833,2026-05-01
Q530131,삼성 인버스0.5X S&P500 VIX S/T선물 ETN B,583.0,0.0,0.0,0.0,ETN(변동성),-1.62,,,,,-0.21890589617397238,-0.21890589617397238,1834,2026-05-01
289480,TIGER 200커버드콜,298.0,0.0,0.0,0.0,ETF(실물복제/수익증권),0.18,,,,,-0.21890589617397238,-0.21890589617397238,1835,2026-05-01
289260,TIGER MSCI KOREA ESG리더스,182.0,0.0,0.0,0.0,ETF(실물복제/수익증권),-0.71,,,,,-0.21890589617397238,-0.21890589617397238,1836,2026-05-01
289250,TIGER MSCI KOREA ESG유니버설,200.0,0.0,0.0,0.0,ETF(실물복제/수익증권),-0.64,,,,,-0.21890589617397238,-0.21890589617397238,1837,2026-05-01
289040,KODEX MSCI KOREA ESG유니버설,178.0,0.0,0.0,0.0,ETF(실물복제/수익증권),-1.38,,,,,-0.21890589617397238,-0.21890589617397238,1838,2026-05-01
0026S0,1Q 미국S&P500,2779.0,0.0,0.0,0.0,ETF(실물복제/수익증권),-0.16,,,,,-0.21890589617397238,-0.21890589617397238,1839,2026-05-01
0026E0,KODEX 미국S&P500버퍼3월액티브,221.0,0.0,0.0,0.0,ETF(Active/수익증권),0.63,,,,,-0.21890589617397238,-0.21890589617397238,1840,2026-05-01
0025N0,TIGER TDF2045,6353.0,0.0,0.0,0.0,ETF(실물복제/수익증권),-0.5,,,,,-0.21890589617397238,-0.21890589617397238,1841,2026-05-01
Q530134,삼성 블룸버그 인버스2X WTI원유선물 ETN B,2151.0,0.0,0.0,0.0,ETN(원자재),-18.15,,,,,-0.21890589617397238,-0.21890589617397238,1842,2026-05-01
275280,KODEX 모멘텀주,312.0,0.0,0.0,0.0,ETF(실물복제/수익증권),-1.12,,,,,-0.21890589617397238,-0.21890589617397238,1843,2026-05-01
273140,KODEX 단기변동금리부채권액티브,3133.0,0.0,0.0,0.0,ETF(Active/수익증권),0.02,,,,,-0.21890589617397238,-0.21890589617397238,1844,2026-05-01
273130,KODEX 종합채권(AA-이상)액티브,40971.0,0.0,0.0,0.0,ETF(Active/수익증권),-0.4,,,,,-0.21890589617397238,-0.21890589617397238,1845,2026-05-01
272910,ACE 중장기국공채액티브,846.0,0.0,0.0,0.0,ETF(Active/수익증권),-0.09,,,,,-0.21890589617397238,-0.21890589617397238,1846,2026-05-01
272580,TIGER 단기채권액티브,6392.0,0.0,0.0,0.0,ETF(Active/수익증권),0.02,,,,,-0.21890589617397238,-0.21890589617397238,1847,2026-05-01
272570,RISE 중장기국공채액티브,243.0,0.0,0.0,0.0,ETF(Active/수익증권),-0.23,,,,,-0.21890589617397238,-0.21890589617397238,1848,2026-05-01
272560,RISE 단기국공채액티브,2061.0,0.0,0.0,0.0,ETF(Active/수익증권),0.0,,,,,-0.21890589617397238,-0.21890589617397238,1849,2026-05-01
271060,KODEX 3대농산물선물(H),342.0,0.0,0.0,0.0,ETF(실물복제/수익증권),0.52,,,,,-0.21890589617397238,-0.21890589617397238,1850,2026-05-01
0028X0,KODEX 미국금융테크액티브,181.0,0.0,0.0,0.0,ETF(Active/수익증권),-0.48,,,,,-0.21890589617397238,-0.21890589617397238,1851,2026-05-01
291130,ACE 멕시코MSCI(합성),173.0,0.0,0.0,0.0,ETF(합성복제/수익증권),-1.11,,,,,-0.21890589617397238,-0.21890589617397238,1852,2026-05-01
278620,PLUS 단기채권액티브,733.0,0.0,0.0,0.0,ETF(Active/수익증권),0.01,,,,,-0.21890589617397238,-0.21890589617397238,1853,2026-05-01
278540,KODEX MSCI Korea TR,23634.0,0.0,0.0,0.0,ETF(실물복제/수익증권),-1.43,,,,,-0.21890589617397238,-0.21890589617397238,1854,2026-05-01
278530,KODEX 200TR,69925.0,0.0,0.0,0.0,ETF(실물복제/수익증권),-1.05,,,,,-0.21890589617397238,-0.21890589617397238,1855,2026-05-01
Q530036,삼성 인버스 2X WTI원유 선물 ETN,558.0,0.0,0.0,0.0,ETN(원자재),-5.26,,,,,-0.21890589617397238,-0.21890589617397238,1856,2026-05-01
Q530031,삼성 레버리지 WTI원유 선물 ETN,16887.0,0.0,0.0,0.0,ETN(원자재),19.94,,,,,-0.21890589617397238,-0.21890589617397238,1857,2026-05-01
Q530060,삼성 코스피 양매도 5% OTM ETN,65.0,0.0,0.0,0.0,ETN(주식),0.15,,,,,-0.21890589617397238,-0.21890589617397238,1858,2026-05-01
Q530067,삼성 KRX 금현물 ETN,743.0,0.0,0.0,0.0,ETN(원자재),0.08,,,,,-0.21890589617397238,-0.21890589617397238,1859,2026-05-01
Q530140,삼성 iSelect 레버리지 조선 TOP10 TR ETN,476.0,0.0,0.0,0.0,ETN(주식),-2.08,,,,,-0.21890589617397238,-0.21890589617397238,1860,2026-05-01
Q530139,삼성 iSelect 조선 TOP10 TR ETN,172.0,0.0,0.0,0.0,ETN(주식),-1.04,,,,,-0.21890589617397238,-0.21890589617397238,1861,2026-05-01
Q530138,삼성 KRX 레버리지 2차전지 TOP10 TR ETN,493.0,0.0,0.0,0.0,ETN(주식),-5.11,,,,,-0.21890589617397238,-0.21890589617397238,1862,2026-05-01
279530,KODEX 고배당주,4150.0,0.0,0.0,0.0,ETF(실물복제/수익증권),-0.98,,,,,-0.21890589617397238,-0.21890589617397238,1863,2026-05-01
290130,RISE ESG사회책임투자,3327.0,0.0,0.0,0.0,ETF(실물복제/수익증권),-1.21,,,,,-0.21890589617397238,-0.21890589617397238,1864,2026-05-01
290080,RISE 200고배당커버드콜ATM,140.0,0.0,0.0,0.0,ETF(실물복제/수익증권),-0.9,,,,,-0.21890589617397238,-0.21890589617397238,1865,2026-05-01
289670,PLUS 국채선물10년,61.0,0.0,0.0,0.0,ETF(실물복제/수익증권),-0.51,,,,,-0.21890589617397238,-0.21890589617397238,1866,2026-05-01
278240,RISE 코스닥150선물레버리지,1231.0,0.0,0.0,0.0,ETF(실물복제/수익증권),-5.99,,,,,-0.21890589617397238,-0.21890589617397238,1867,2026-05-01
277650,TIGER 코스피중형주,105.0,0.0,0.0,0.0,ETF(실물복제/수익증권),-1.15,,,,,-0.21890589617397238,-0.21890589617397238,1868,2026-05-01
277640,TIGER 코스피대형주,617.0,0.0,0.0,0.0,ETF(실물복제/수익증권),-0.93,,,,,-0.21890589617397238,-0.21890589617397238,1869,2026-05-01
277630,TIGER 코스피,4606.0,0.0,0.0,0.0,ETF(실물복제/수익증권),-1.53,,,,,-0.21890589617397238,-0.21890589617397238,1870,2026-05-01
277540,ACE 아시아TOP50S&P,258.0,0.0,0.0,0.0,ETF(실물복제/수익증권),-1.21,,,,,-0.21890589617397238,-0.21890589617397238,1871,2026-05-01
276990,KODEX 글로벌로봇(합성),456.0,0.0,0.0,0.0,ETF(합성복제/수익증권),-1.26,,,,,-0.21890589617397238,-0.21890589617397238,1872,2026-05-01
275290,KODEX 가치주,271.0,0.0,0.0,0.0,ETF(실물복제/수익증권),-1.65,,,,,-0.21890589617397238,-0.21890589617397238,1873,2026-05-01
287180,PLUS 미국나스닥테크,369.0,0.0,0.0,0.0,ETF(실물복제/수익증권),1.15,,,,,-0.21890589617397238,-0.21890589617397238,1874,2026-05-01
285690,FOCUS ESG리더스,80.0,0.0,0.0,0.0,ETF(실물복제/수익증권),-1.5,,,,,-0.21890589617397238,-0.21890589617397238,1875,2026-05-01
284980,RISE 200금융,261.0,0.0,0.0,0.0,ETF(실물복제/수익증권),-1.51,,,,,-0.21890589617397238,-0.21890589617397238,1876,2026-05-01
284430,KODEX 200미국채혼합,16991.0,0.0,0.0,0.0,ETF(실물복제/수익증권),-0.4,,,,,-0.21890589617397238,-0.21890589617397238,1877,2026-05-01
283580,KODEX 차이나CSI300,2859.0,0.0,0.0,0.0,ETF(실물복제/수익증권),0.36,,,,,-0.21890589617397238,-0.21890589617397238,1878,2026-05-01
282000,RISE 국고채3년선물인버스,218.0,0.0,0.0,0.0,ETF(실물복제/수익증권),0.21,,,,,-0.21890589617397238,-0.21890589617397238,1879,2026-05-01
281990,RISE 중소형고배당,142.0,0.0,0.0,0.0,ETF(실물복제/수익증권),-1.88,,,,,-0.21890589617397238,-0.21890589617397238,1880,2026-05-01
280940,KODEX 골드선물인버스(H),32.0,0.0,0.0,0.0,ETF(실물복제/수익증권),1.07,,,,,-0.21890589617397238,-0.21890589617397238,1881,2026-05-01
275750,RISE 코스닥150선물인버스,19.0,0.0,0.0,0.0,ETF(실물복제/수익증권),3.07,,,,,-0.21890589617397238,-0.21890589617397238,1882,2026-05-01
275300,KODEX 우량주,428.0,0.0,0.0,0.0,ETF(실물복제/수익증권),-1.02,,,,,-0.21890589617397238,-0.21890589617397238,1883,2026-05-01
276970,KODEX 미국S&P500배당귀족커버드콜(합성 H),357.0,0.0,0.0,0.0,ETF(합성복제/수익증권),-0.39,,,,,-0.21890589617397238,-0.21890589617397238,1884,2026-05-01
334690,RISE 팔라듐선물(H),51.0,0.0,0.0,0.0,ETF(실물복제/수익증권),1.34,,,,,-0.21890589617397238,-0.21890589617397238,1885,2026-05-01
332940,HANARO MSCI Korea TR,1050.0,0.0,0.0,0.0,ETF(실물복제/수익증권),-0.68,,,,,-0.21890589617397238,-0.21890589617397238,1886,2026-05-01
332930,HANARO 200TR,2427.0,0.0,0.0,0.0,ETF(실물복제/수익증권),-0.85,,,,,-0.21890589617397238,-0.21890589617397238,1887,2026-05-01
Q530124,삼성 레버리지 일본니케이225선물 ETN(H),436.0,0.0,0.0,0.0,ETN(주식),-0.89,,,,,-0.21890589617397238,-0.21890589617397238,1888,2026-05-01
Q530123,삼성 일본니케이225선물 ETN(H),156.0,0.0,0.0,0.0,ETN(주식),-0.35,,,,,-0.21890589617397238,-0.21890589617397238,1889,2026-05-01
Q530122,삼성 인버스 2X 항셍테크 ETN(H) B,61.0,0.0,0.0,0.0,ETN(주식),0.08,,,,,-0.21890589617397238,-0.21890589617397238,1890,2026-05-01
Q530121,삼성 항셍테크 ETN(H) B,132.0,0.0,0.0,0.0,ETN(주식),-0.53,,,,,-0.21890589617397238,-0.21890589617397238,1891,2026-05-01
Q530120,삼성 나스닥 100 ETN,157.0,0.0,0.0,0.0,ETN(주식),0.26,,,,,-0.21890589617397238,-0.21890589617397238,1892,2026-05-01
Q530119,삼성 레버리지 항셍테크 ETN(H) B,275.0,0.0,0.0,0.0,ETN(주식),-0.11,,,,,-0.21890589617397238,-0.21890589617397238,1893,2026-05-01
301410,PLUS 코스닥150선물인버스,7.0,0.0,0.0,0.0,ETF(실물복제/수익증권),3.12,,,,,-0.21890589617397238,-0.21890589617397238,1894,2026-05-01
Q530117,삼성 코스피 200 TR ETN,309.0,0.0,0.0,0.0,ETN(주식),-1.33,,,,,-0.21890589617397238,-0.21890589617397238,1895,2026-05-01
Q530116,삼성 인버스 2X 나스닥 100 ETN,298.0,0.0,0.0,0.0,ETN(주식),0.68,,,,,-0.21890589617397238,-0.21890589617397238,1896,2026-05-01
310080,RISE 중국MSCI China(H),112.0,0.0,0.0,0.0,ETF(실물복제/수익증권),-0.97,,,,,-0.21890589617397238,-0.21890589617397238,1897,2026-05-01
309230,ACE 미국WideMoat동일가중,1306.0,0.0,0.0,0.0,ETF(실물복제/수익증권),0.02,,,,,-0.21890589617397238,-0.21890589617397238,1898,2026-05-01
308620,KODEX 미국10년국채선물,1049.0,0.0,0.0,0.0,ETF(실물복제/수익증권),-0.2,,,,,-0.21890589617397238,-0.21890589617397238,1899,2026-05-01
332620,PLUS 미국장기우량회사채,202.0,0.0,0.0,0.0,ETF(실물복제/수익증권),-0.66,,,,,-0.21890589617397238,-0.21890589617397238,1900,2026-05-01
332610,PLUS 미국단기회사채(AAA~A),130.0,0.0,0.0,0.0,ETF(실물복제/수익증권),0.17,,,,,-0.21890589617397238,-0.21890589617397238,1901,2026-05-01
332500,ACE 200TR,2086.0,0.0,0.0,0.0,ETF(실물복제/수익증권),-0.99,,,,,-0.21890589617397238,-0.21890589617397238,1902,2026-05-01
329750,TIGER 미국달러단기채권액티브,5453.0,0.0,0.0,0.0,ETF(Active/수익증권),0.4,,,,,-0.21890589617397238,-0.21890589617397238,1903,2026-05-01
329670,KODEX TRF7030,864.0,0.0,0.0,0.0,ETF(실물복제/수익증권),0.02,,,,,-0.21890589617397238,-0.21890589617397238,1904,2026-05-01
Q530118,삼성 코스닥 150 TR ETN,453.0,0.0,0.0,0.0,ETN(주식),-2.77,,,,,-0.21890589617397238,-0.21890589617397238,1905,2026-05-01
365780,ACE 국고채10년,5002.0,0.0,0.0,0.0,ETF(실물복제/수익증권),-0.75,,,,,-0.21890589617397238,-0.21890589617397238,1906,2026-05-01
F70101B95,밀라노부동산,187.0,0.0,0.0,0.0,수익증권,0.0,,,,,-0.21890589617397238,-0.21890589617397238,1907,2026-05-01
Q530114,삼성 인버스 2X S&P500 선물 ETN,102.0,0.0,0.0,0.0,ETN(주식),1.44,,,,,-0.21890589617397238,-0.21890589617397238,1908,2026-05-01
Q530113,삼성 레버리지 S&P500 선물 ETN,508.0,0.0,0.0,0.0,ETN(주식),0.9,,,,,-0.21890589617397238,-0.21890589617397238,1909,2026-05-01
Q530112,삼성 S&P500 ETN,193.0,0.0,0.0,0.0,ETN(주식),-0.23,,,,,-0.21890589617397238,-0.21890589617397238,1910,2026-05-01
Q530107,삼성 인버스 2X 코스닥150 선물 ETN,891.0,0.0,0.0,0.0,ETN(주식),6.22,,,,,-0.21890589617397238,-0.21890589617397238,1911,2026-05-01
Q530106,삼성 레버리지 코스닥150 선물 ETN,569.0,0.0,0.0,0.0,ETN(주식),-5.46,,,,,-0.21890589617397238,-0.21890589617397238,1912,2026-05-01
Q530104,삼성 레버리지 코스피200 선물 ETN,1923.0,0.0,0.0,0.0,ETN(주식),-2.16,,,,,-0.21890589617397238,-0.21890589617397238,1913,2026-05-01
352560,KODEX 미국부동산리츠(H),331.0,0.0,0.0,0.0,ETF(실물복제/수익증권),-1.29,,,,,-0.21890589617397238,-0.21890589617397238,1914,2026-05-01
334700,RISE 팔라듐선물인버스(H),19.0,0.0,0.0,0.0,ETF(실물복제/수익증권),-0.94,,,,,-0.21890589617397238,-0.21890589617397238,1915,2026-05-01
341850,TIGER 리츠부동산인프라채권,101.0,0.0,0.0,0.0,ETF(실물복제/수익증권),-0.49,,,,,-0.21890589617397238,-0.21890589617397238,1916,2026-05-01
337160,KODEX 200ESG,1151.0,0.0,0.0,0.0,ETF(실물복제/수익증권),-1.46,,,,,-0.21890589617397238,-0.21890589617397238,1917,2026-05-01
337150,KODEX 200exTOP,197.0,0.0,0.0,0.0,ETF(실물복제/수익증권),-1.25,,,,,-0.21890589617397238,-0.21890589617397238,1918,2026-05-01
337140,KODEX 코스피대형주,715.0,0.0,0.0,0.0,ETF(실물복제/수익증권),-1.13,,,,,-0.21890589617397238,-0.21890589617397238,1919,2026-05-01
337120,KODEX 멀티팩터,197.0,0.0,0.0,0.0,ETF(실물복제/수익증권),-0.67,,,,,-0.21890589617397238,-0.21890589617397238,1920,2026-05-01
0023B0,PLUS 미국양자컴퓨팅TOP10,375.0,0.0,0.0,0.0,ETF(실물복제/수익증권),0.73,,,,,-0.21890589617397238,-0.21890589617397238,1921,2026-05-01
0023A0,SOL 미국양자컴퓨팅TOP10,4593.0,0.0,0.0,0.0,ETF(실물복제/수익증권),0.0,,,,,-0.21890589617397238,-0.21890589617397238,1922,2026-05-01
322410,HANARO 고배당,548.0,0.0,0.0,0.0,ETF(실물복제/수익증권),0.14,,,,,-0.21890589617397238,-0.21890589617397238,1923,2026-05-01
0022T0,SOL 국제금커버드콜액티브,832.0,0.0,0.0,0.0,ETF(Active/수익증권),-0.13,,,,,-0.21890589617397238,-0.21890589617397238,1924,2026-05-01
336160,RISE 금융채액티브,581.0,0.0,0.0,0.0,ETF(Active/수익증권),-0.11,,,,,-0.21890589617397238,-0.21890589617397238,1925,2026-05-01
352540,KODEX 일본부동산리츠(H),524.0,0.0,0.0,0.0,ETF(실물복제/수익증권),-0.33,,,,,-0.21890589617397238,-0.21890589617397238,1926,2026-05-01
310970,TIGER MSCI Korea TR,48948.0,0.0,0.0,0.0,ETF(실물복제/수익증권),-1.49,,,,,-0.21890589617397238,-0.21890589617397238,1927,2026-05-01
310960,TIGER 200TR,3039.0,0.0,0.0,0.0,ETF(실물복제/수익증권),-0.96,,,,,-0.21890589617397238,-0.21890589617397238,1928,2026-05-01
Q530130,삼성 S&P500 VIX S/T 선물 ETN B,383.0,0.0,0.0,0.0,ETN(변동성),4.25,,,,,-0.21890589617397238,-0.21890589617397238,1929,2026-05-01
Q530129,삼성 인버스 2X 미국다우존스 선물 ETN,172.0,0.0,0.0,0.0,ETN(주식),3.11,,,,,-0.21890589617397238,-0.21890589617397238,1930,2026-05-01
Q530128,삼성 레버리지 미국다우존스 선물 ETN,233.0,0.0,0.0,0.0,ETN(주식),-2.67,,,,,-0.21890589617397238,-0.21890589617397238,1931,2026-05-01
Q530127,삼성 미국다우존스 ETN,117.0,0.0,0.0,0.0,ETN(주식),-1.18,,,,,-0.21890589617397238,-0.21890589617397238,1932,2026-05-01
Q530126,삼성 코리아 밸류업 TR ETN,611.0,0.0,0.0,0.0,ETN(주식),-1.18,,,,,-0.21890589617397238,-0.21890589617397238,1933,2026-05-01
Q530125,삼성 인버스 2X 일본니케이225선물 ETN(H),59.0,0.0,0.0,0.0,ETN(주식),0.25,,,,,-0.21890589617397238,-0.21890589617397238,1934,2026-05-01
307520,TIGER 지주회사,4335.0,0.0,0.0,0.0,ETF(실물복제/수익증권),0.22,,,,,-0.21890589617397238,-0.21890589617397238,1935,2026-05-01
329660,KODEX TRF5050,954.0,0.0,0.0,0.0,ETF(실물복제/수익증권),0.08,,,,,-0.21890589617397238,-0.21890589617397238,1936,2026-05-01
306950,KODEX KRX300레버리지,848.0,0.0,0.0,0.0,ETF(실물복제/수익증권),-2.64,,,,,-0.21890589617397238,-0.21890589617397238,1937,2026-05-01
306530,HANARO 코스닥150선물레버리지,61.0,0.0,0.0,0.0,ETF(실물복제/수익증권),-5.93,,,,,-0.21890589617397238,-0.21890589617397238,1938,2026-05-01
306520,HANARO 200선물인버스,11.0,0.0,0.0,0.0,ETF(실물복제/수익증권),0.98,,,,,-0.21890589617397238,-0.21890589617397238,1939,2026-05-01
305720,KODEX 2차전지산업,25182.0,0.0,0.0,0.0,ETF(실물복제/수익증권),-2.48,,,,,-0.21890589617397238,-0.21890589617397238,1940,2026-05-01
305540,TIGER 2차전지테마,14285.0,0.0,0.0,0.0,ETF(실물복제/수익증권),-2.27,,,,,-0.21890589617397238,-0.21890589617397238,1941,2026-05-01
305080,TIGER 미국채10년선물,2374.0,0.0,0.0,0.0,ETF(실물복제/수익증권),-0.22,,,,,-0.21890589617397238,-0.21890589617397238,1942,2026-05-01
305050,ACE 코스피,412.0,0.0,0.0,0.0,ETF(실물복제/수익증권),-0.89,,,,,-0.21890589617397238,-0.21890589617397238,1943,2026-05-01
304940,KODEX 미국나스닥100선물(H),1157.0,0.0,0.0,0.0,ETF(실물복제/수익증권),-0.18,,,,,-0.21890589617397238,-0.21890589617397238,1944,2026-05-01
302450,RISE 코스피,2318.0,0.0,0.0,0.0,ETF(실물복제/수익증권),-1.35,,,,,-0.21890589617397238,-0.21890589617397238,1945,2026-05-01
302190,TIGER 중장기국채,2597.0,0.0,0.0,0.0,ETF(실물복제/수익증권),-0.44,,,,,-0.21890589617397238,-0.21890589617397238,1946,2026-05-01
307510,TIGER 의료기기,100.0,0.0,0.0,0.0,ETF(실물복제/수익증권),-2.33,,,,,-0.21890589617397238,-0.21890589617397238,1947,2026-05-01
329650,KODEX TRF3070,2555.0,0.0,0.0,0.0,ETF(실물복제/수익증권),-0.17,,,,,-0.21890589617397238,-0.21890589617397238,1948,2026-05-01
329200,TIGER 리츠부동산인프라,16710.0,0.0,0.0,0.0,ETF(실물복제/수익증권),0.32,,,,,-0.21890589617397238,-0.21890589617397238,1949,2026-05-01
328370,PLUS 코스피TR,1357.0,0.0,0.0,0.0,ETF(실물복제/수익증권),-0.65,,,,,-0.21890589617397238,-0.21890589617397238,1950,2026-05-01
326240,RISE IT플러스,950.0,0.0,0.0,0.0,ETF(실물복제/수익증권),-2.26,,,,,-0.21890589617397238,-0.21890589617397238,1951,2026-05-01
326230,RISE 내수주플러스,100.0,0.0,0.0,0.0,ETF(실물복제/수익증권),-0.85,,,,,-0.21890589617397238,-0.21890589617397238,1952,2026-05-01
325020,KODEX 배당가치,1843.0,0.0,0.0,0.0,ETF(실물복제/수익증권),-1.26,,,,,-0.21890589617397238,-0.21890589617397238,1953,2026-05-01
325010,KODEX 성장주,1708.0,0.0,0.0,0.0,ETF(실물복제/수익증권),-1.08,,,,,-0.21890589617397238,-0.21890589617397238,1954,2026-05-01
304780,HANARO 200선물레버리지,1233.0,0.0,0.0,0.0,ETF(실물복제/수익증권),-1.98,,,,,-0.21890589617397238,-0.21890589617397238,1955,2026-05-01
304770,HANARO 코스닥150,318.0,0.0,0.0,0.0,ETF(실물복제/수익증권),-2.88,,,,,-0.21890589617397238,-0.21890589617397238,1956,2026-05-01
314250,KODEX 미국빅테크10(H),6914.0,0.0,0.0,0.0,ETF(실물복제/수익증권),-0.66,,,,,-0.21890589617397238,-0.21890589617397238,1957,2026-05-01
304670,KODEX 미국30년국채울트라선물인버스(H),72.0,0.0,0.0,0.0,ETF(실물복제/수익증권),0.76,,,,,-0.21890589617397238,-0.21890589617397238,1958,2026-05-01
322400,HANARO e커머스,464.0,0.0,0.0,0.0,ETF(실물복제/수익증권),-2.38,,,,,-0.21890589617397238,-0.21890589617397238,1959,2026-05-01
321410,KODEX 멀티에셋하이인컴(H),53.0,0.0,0.0,0.0,ETF(실물복제/수익증권),0.09,,,,,-0.21890589617397238,-0.21890589617397238,1960,2026-05-01
319640,TIGER 골드선물(H),1405.0,0.0,0.0,0.0,ETF(실물복제/수익증권),-0.53,,,,,-0.21890589617397238,-0.21890589617397238,1961,2026-05-01
316670,KIWOOM 코스닥150,551.0,0.0,0.0,0.0,ETF(실물복제/수익증권),-3.03,,,,,-0.21890589617397238,-0.21890589617397238,1962,2026-05-01
316300,ACE 싱가포르리츠,71.0,0.0,0.0,0.0,ETF(실물복제/수익증권),-0.49,,,,,-0.21890589617397238,-0.21890589617397238,1963,2026-05-01
315960,RISE 대형고배당10TR,5565.0,0.0,0.0,0.0,ETF(실물복제/수익증권),-1.29,,,,,-0.21890589617397238,-0.21890589617397238,1964,2026-05-01
315930,KODEX Top5PlusTR,15047.0,0.0,0.0,0.0,ETF(실물복제/수익증권),-1.34,,,,,-0.21890589617397238,-0.21890589617397238,1965,2026-05-01
315270,TIGER 200커뮤니케이션서비스,45.0,0.0,0.0,0.0,ETF(실물복제/수익증권),-1.77,,,,,-0.21890589617397238,-0.21890589617397238,1966,2026-05-01
314700,HANARO 농업융복합산업,76.0,0.0,0.0,0.0,ETF(실물복제/수익증권),0.55,,,,,-0.21890589617397238,-0.21890589617397238,1967,2026-05-01
304760,HANARO KRX300,178.0,0.0,0.0,0.0,ETF(실물복제/수익증권),-0.64,,,,,-0.21890589617397238,-0.21890589617397238,1968,2026-05-01
225060,TIGER 이머징마켓MSCI레버리지(합성 H),155.0,0.0,0.0,0.0,ETF(합성복제/수익증권),-2.18,,,,,-0.21890589617397238,-0.21890589617397238,1969,2026-05-01
225050,TIGER 유로스탁스레버리지(합성 H),75.0,0.0,0.0,0.0,ETF(합성복제/수익증권),-2.58,,,,,-0.21890589617397238,-0.21890589617397238,1970,2026-05-01
225040,TIGER 미국S&P500레버리지(합성 H),556.0,0.0,0.0,0.0,ETF(합성복제/수익증권),-1.16,,,,,-0.21890589617397238,-0.21890589617397238,1971,2026-05-01
225030,TIGER 미국S&P500선물인버스(H),48.0,0.0,0.0,0.0,ETF(실물복제/수익증권),0.42,,,,,-0.21890589617397238,-0.21890589617397238,1972,2026-05-01
223190,KODEX 200가치저변동,296.0,0.0,0.0,0.0,ETF(실물복제/수익증권),-1.57,,,,,-0.21890589617397238,-0.21890589617397238,1973,2026-05-01
220130,SOL 차이나강소기업CSI500(합성 H),56.0,0.0,0.0,0.0,ETF(합성복제/수익증권),-0.57,,,,,-0.21890589617397238,-0.21890589617397238,1974,2026-05-01
219900,ACE 중국본토CSI300레버리지(합성),73.0,0.0,0.0,0.0,ETF(합성복제/수익증권),1.06,,,,,-0.21890589617397238,-0.21890589617397238,1975,2026-05-01
219480,KODEX 미국S&P500선물(H),1480.0,0.0,0.0,0.0,ETF(실물복제/수익증권),-0.61,,,,,-0.21890589617397238,-0.21890589617397238,1976,2026-05-01
219390,RISE 미국S&P원유생산기업(합성 H),254.0,0.0,0.0,0.0,ETF(합성복제/수익증권),3.79,,,,,-0.21890589617397238,-0.21890589617397238,1977,2026-05-01
Q530137,삼성 KRX 2차전지 TOP10 TR ETN,175.0,0.0,0.0,0.0,ETN(주식),-2.46,,,,,-0.21890589617397238,-0.21890589617397238,1978,2026-05-01
217780,TIGER 차이나CSI300인버스(합성),79.0,0.0,0.0,0.0,ETF(합성복제/수익증권),0.59,,,,,-0.21890589617397238,-0.21890589617397238,1979,2026-05-01
217770,TIGER 원유선물인버스(H),304.0,0.0,0.0,0.0,ETF(실물복제/수익증권),-9.15,,,,,-0.21890589617397238,-0.21890589617397238,1980,2026-05-01
229200,KODEX 코스닥150,62940.0,0.0,0.0,0.0,ETF(실물복제/수익증권),-3.1,,,,,-0.21890589617397238,-0.21890589617397238,1981,2026-05-01
228820,TIGER KTOP30,168.0,0.0,0.0,0.0,ETF(실물복제/수익증권),-1.42,,,,,-0.21890589617397238,-0.21890589617397238,1982,2026-05-01
Q550088,N2 월간 레버리지 선진국 1등주 ETN,194.0,0.0,0.0,0.0,ETN(주식),-2.24,,,,,-0.21890589617397238,-0.21890589617397238,1983,2026-05-01
Q550087,N2 선진국 1등주 ETN,216.0,0.0,0.0,0.0,ETN(주식),-0.28,,,,,-0.21890589617397238,-0.21890589617397238,1984,2026-05-01
Q550085,N2 코스닥 150 TR ETN,290.0,0.0,0.0,0.0,ETN(주식),-2.88,,,,,-0.21890589617397238,-0.21890589617397238,1985,2026-05-01
Q550084,N2 코스피 200 TR ETN,610.0,0.0,0.0,0.0,ETN(주식),-0.55,,,,,-0.21890589617397238,-0.21890589617397238,1986,2026-05-01
Q550082,N2 KIS CD금리투자 ETN,7731.0,0.0,0.0,0.0,ETN(기타),0.02,,,,,-0.21890589617397238,-0.21890589617397238,1987,2026-05-01
Q550070,N2 인버스 레버리지 구리 선물 ETN(H),60.0,0.0,0.0,0.0,ETN(원자재),2.12,,,,,-0.21890589617397238,-0.21890589617397238,1988,2026-05-01
218420,KODEX 미국S&P500에너지(합성),573.0,0.0,0.0,0.0,ETF(합성복제/수익증권),2.72,,,,,-0.21890589617397238,-0.21890589617397238,1989,2026-05-01
251350,KODEX MSCI선진국,5087.0,0.0,0.0,0.0,ETF(실물복제/수익증권),0.08,,,,,-0.21890589617397238,-0.21890589617397238,1990,2026-05-01
251340,KODEX 코스닥150선물인버스,1787.0,0.0,0.0,0.0,ETF(실물복제/수익증권),3.04,,,,,-0.21890589617397238,-0.21890589617397238,1991,2026-05-01
250780,TIGER 코스닥150선물인버스,89.0,0.0,0.0,0.0,ETF(실물복제/수익증권),4.21,,,,,-0.21890589617397238,-0.21890589617397238,1992,2026-05-01
228810,TIGER 미디어컨텐츠,1134.0,0.0,0.0,0.0,ETF(실물복제/수익증권),-2.31,,,,,-0.21890589617397238,-0.21890589617397238,1993,2026-05-01
228800,TIGER 여행레저,872.0,0.0,0.0,0.0,ETF(실물복제/수익증권),-2.32,,,,,-0.21890589617397238,-0.21890589617397238,1994,2026-05-01
228790,TIGER 화장품,2936.0,0.0,0.0,0.0,ETF(실물복제/수익증권),-3.9,,,,,-0.21890589617397238,-0.21890589617397238,1995,2026-05-01
227830,PLUS 코스피,171.0,0.0,0.0,0.0,ETF(실물복제/수익증권),-0.79,,,,,-0.21890589617397238,-0.21890589617397238,1996,2026-05-01
227570,TIGER 우량가치,115.0,0.0,0.0,0.0,ETF(실물복제/수익증권),-1.52,,,,,-0.21890589617397238,-0.21890589617397238,1997,2026-05-01
227560,TIGER 200 생활소비재,47.0,0.0,0.0,0.0,ETF(실물복제/수익증권),-1.72,,,,,-0.21890589617397238,-0.21890589617397238,1998,2026-05-01
225130,ACE 골드선물 레버리지(합성 H),278.0,0.0,0.0,0.0,ETF(합성복제/수익증권),-1.98,,,,,-0.21890589617397238,-0.21890589617397238,1999,2026-05-01
227540,TIGER 200 헬스케어,303.0,0.0,0.0,0.0,ETF(실물복제/수익증권),-1.57,,,,,-0.21890589617397238,-0.21890589617397238,2000,2026-05-01
226980,KODEX 200 중소형,290.0,0.0,0.0,0.0,ETF(실물복제/수익증권),-1.02,,,,,-0.21890589617397238,-0.21890589617397238,2001,2026-05-01
226490,KODEX 코스피,9765.0,0.0,0.0,0.0,ETF(실물복제/수익증권),-1.25,,,,,-0.21890589617397238,-0.21890589617397238,2002,2026-05-01
226380,ACE Fn성장소비주도주,48.0,0.0,0.0,0.0,ETF(실물복제/수익증권),-1.66,,,,,-0.21890589617397238,-0.21890589617397238,2003,2026-05-01
0038A0,KODEX 미국휴머노이드로봇,3150.0,0.0,0.0,0.0,ETF(실물복제/수익증권),-1.7,,,,,-0.21890589617397238,-0.21890589617397238,2004,2026-05-01
0036Z0,RISE 미국천연가스밸류체인,94.0,0.0,0.0,0.0,ETF(실물복제/수익증권),1.66,,,,,-0.21890589617397238,-0.21890589617397238,2005,2026-05-01
0036R0,RISE 미국휴머노이드로봇,1013.0,0.0,0.0,0.0,ETF(실물복제/수익증권),0.29,,,,,-0.21890589617397238,-0.21890589617397238,2006,2026-05-01
241390,RISE V&S셀렉트밸류채권혼합,360.0,0.0,0.0,0.0,ETF(실물복제/수익증권),-0.93,,,,,-0.21890589617397238,-0.21890589617397238,2007,2026-05-01
241180,TIGER 일본니케이225,4469.0,0.0,0.0,0.0,ETF(실물복제/수익증권),-0.89,,,,,-0.21890589617397238,-0.21890589617397238,2008,2026-05-01
225800,KIWOOM 미국달러선물레버리지,107.0,0.0,0.0,0.0,ETF(실물복제/수익증권),0.7,,,,,-0.21890589617397238,-0.21890589617397238,2009,2026-05-01
227550,TIGER 200 산업재,106.0,0.0,0.0,0.0,ETF(실물복제/수익증권),-0.96,,,,,-0.21890589617397238,-0.21890589617397238,2010,2026-05-01
0041D0,KODEX 미국AI소프트웨어TOP10,615.0,0.0,0.0,0.0,ETF(실물복제/수익증권),-0.78,,,,,-0.21890589617397238,-0.21890589617397238,2011,2026-05-01
0040Y0,SOL 팔란티어커버드콜OTM채권혼합,3952.0,0.0,0.0,0.0,ETF(실물복제/수익증권),-1.61,,,,,-0.21890589617397238,-0.21890589617397238,2012,2026-05-01
Q550091,N2 방위산업 Top5 ETN,1068.0,0.0,0.0,0.0,ETN(주식),-0.28,,,,,-0.21890589617397238,-0.21890589617397238,2013,2026-05-01
Q550089,N2 월간 레버리지 코스피 200 선물 ETN,1322.0,0.0,0.0,0.0,ETN(주식),-1.63,,,,,-0.21890589617397238,-0.21890589617397238,2014,2026-05-01
195970,PLUS 선진국MSCI(합성 H),243.0,0.0,0.0,0.0,ETF(합성복제/수익증권),-1.97,,,,,-0.21890589617397238,-0.21890589617397238,2015,2026-05-01
Q610071,메리츠 KAP 중국 위안화 ETN,129.0,0.0,0.0,0.0,ETN(통화),0.51,,,,,-0.21890589617397238,-0.21890589617397238,2016,2026-05-01
Q610070,메리츠 KAP 인버스 2X 일본 엔화 ETN,106.0,0.0,0.0,0.0,ETN(통화),-0.42,,,,,-0.21890589617397238,-0.21890589617397238,2017,2026-05-01
Q610069,메리츠 KAP 레버리지 일본 엔화 ETN,286.0,0.0,0.0,0.0,ETN(통화),-0.6,,,,,-0.21890589617397238,-0.21890589617397238,2018,2026-05-01
Q610068,메리츠 KAP 일본 엔화 ETN,103.0,0.0,0.0,0.0,ETN(통화),-0.19,,,,,-0.21890589617397238,-0.21890589617397238,2019,2026-05-01
Q550069,N2 레버리지 구리 선물 ETN(H),219.0,0.0,0.0,0.0,ETN(원자재),-1.82,,,,,-0.21890589617397238,-0.21890589617397238,2020,2026-05-01
Q610066,메리츠 KAP 통안채 3개월 ETN,656.0,0.0,0.0,0.0,ETN(채권),0.01,,,,,-0.21890589617397238,-0.21890589617397238,2021,2026-05-01
Q610064,메리츠 KAP 통안채 6개월 ETN,328.0,0.0,0.0,0.0,ETN(채권),0.01,,,,,-0.21890589617397238,-0.21890589617397238,2022,2026-05-01
Q610063,메리츠 KIS CD금리투자 ETN,13169.0,0.0,0.0,0.0,ETN(기타),0.04,,,,,-0.21890589617397238,-0.21890589617397238,2023,2026-05-01
Q610062,메리츠 인버스 3X 국채30년 ETN,93.0,0.0,0.0,0.0,ETN(채권),6.02,,,,,-0.21890589617397238,-0.21890589617397238,2024,2026-05-01
Q610061,메리츠 3X 레버리지 국채30년 ETN,724.0,0.0,0.0,0.0,ETN(채권),-5.71,,,,,-0.21890589617397238,-0.21890589617397238,2025,2026-05-01
Q610060,메리츠 인버스 3X 국채10년 ETN,104.0,0.0,0.0,0.0,ETN(채권),1.97,,,,,-0.21890589617397238,-0.21890589617397238,2026,2026-05-01
Q610059,메리츠 3X 레버리지 국채10년 ETN,94.0,0.0,0.0,0.0,ETN(채권),-1.81,,,,,-0.21890589617397238,-0.21890589617397238,2027,2026-05-01
Q610058,메리츠 인버스 3X 국채5년 ETN,104.0,0.0,0.0,0.0,ETN(채권),0.95,,,,,-0.21890589617397238,-0.21890589617397238,2028,2026-05-01
Q610057,메리츠 3X 레버리지 국채5년 ETN,105.0,0.0,0.0,0.0,ETN(채권),-0.92,,,,,-0.21890589617397238,-0.21890589617397238,2029,2026-05-01
Q610056,메리츠 인버스 3X 국채3년 ETN,102.0,0.0,0.0,0.0,ETN(채권),0.49,,,,,-0.21890589617397238,-0.21890589617397238,2030,2026-05-01
Q610067,메리츠 블룸버그 2X 천연가스선물 ETN(H) B,47.0,0.0,0.0,0.0,ETN(원자재),-3.11,,,,,-0.21890589617397238,-0.21890589617397238,2031,2026-05-01
Q550064,N2 레버리지 은 선물 ETN(H),575.0,0.0,0.0,0.0,ETN(원자재),-3.07,,,,,-0.21890589617397238,-0.21890589617397238,2032,2026-05-01
Q550063,N2 인버스 레버리지 금 선물 ETN(H),34.0,0.0,0.0,0.0,ETN(원자재),1.95,,,,,-0.21890589617397238,-0.21890589617397238,2033,2026-05-01
Q550062,N2 레버리지 금 선물 ETN(H),825.0,0.0,0.0,0.0,ETN(원자재),-1.19,,,,,-0.21890589617397238,-0.21890589617397238,2034,2026-05-01
Q530064,삼성 인버스 2X 구리 선물 ETN(H),127.0,0.0,0.0,0.0,ETN(원자재),2.79,,,,,-0.21890589617397238,-0.21890589617397238,2035,2026-05-01
Q530063,삼성 레버리지 구리 선물 ETN(H),218.0,0.0,0.0,0.0,ETN(원자재),-2.44,,,,,-0.21890589617397238,-0.21890589617397238,2036,2026-05-01
Q530062,삼성 인버스 2X 은 선물 ETN(H),51.0,0.0,0.0,0.0,ETN(원자재),5.41,,,,,-0.21890589617397238,-0.21890589617397238,2037,2026-05-01
Q530061,삼성 레버리지 은 선물 ETN(H),1471.0,0.0,0.0,0.0,ETN(원자재),-3.44,,,,,-0.21890589617397238,-0.21890589617397238,2038,2026-05-01
0036D0,TIMEFOLIO 미국배당다우존스액티브,374.0,0.0,0.0,0.0,ETF(Active/수익증권),1.6,,,,,-0.21890589617397238,-0.21890589617397238,2039,2026-05-01
0035T0,PLUS 글로벌휴머노이드로봇액티브,1015.0,0.0,0.0,0.0,ETF(Active/수익증권),-0.97,,,,,-0.21890589617397238,-0.21890589617397238,2040,2026-05-01
204450,KODEX 차이나H레버리지(H),331.0,0.0,0.0,0.0,ETF(실물복제/수익증권),-1.75,,,,,-0.21890589617397238,-0.21890589617397238,2041,2026-05-01
195920,TIGER 일본TOPIX(합성 H),159.0,0.0,0.0,0.0,ETF(합성복제/수익증권),-1.1,,,,,-0.21890589617397238,-0.21890589617397238,2042,2026-05-01
215620,HK S&P코리아로우볼,93.0,0.0,0.0,0.0,ETF(실물복제/수익증권),-0.95,,,,,-0.21890589617397238,-0.21890589617397238,2043,2026-05-01
214980,KODEX 단기채권PLUS,20835.0,0.0,0.0,0.0,ETF(실물복제/수익증권),0.03,,,,,-0.21890589617397238,-0.21890589617397238,2044,2026-05-01
213630,PLUS 미국다우존스고배당주(합성 H),181.0,0.0,0.0,0.0,ETF(합성복제/수익증권),-0.96,,,,,-0.21890589617397238,-0.21890589617397238,2045,2026-05-01
213610,KODEX 삼성그룹밸류,2372.0,0.0,0.0,0.0,ETF(실물복제/수익증권),-1.57,,,,,-0.21890589617397238,-0.21890589617397238,2046,2026-05-01
211900,KODEX 배당성장,1032.0,0.0,0.0,0.0,ETF(실물복제/수익증권),-1.62,,,,,-0.21890589617397238,-0.21890589617397238,2047,2026-05-01
211560,TIGER 배당성장,977.0,0.0,0.0,0.0,ETF(실물복제/수익증권),-1.61,,,,,-0.21890589617397238,-0.21890589617397238,2048,2026-05-01
210780,TIGER 코스피고배당,916.0,0.0,0.0,0.0,ETF(실물복제/수익증권),-1.03,,,,,-0.21890589617397238,-0.21890589617397238,2049,2026-05-01
205720,ACE 일본TOPIX인버스(합성 H),49.0,0.0,0.0,0.0,ETF(합성복제/수익증권),0.68,,,,,-0.21890589617397238,-0.21890589617397238,2050,2026-05-01
204480,TIGER 차이나CSI300레버리지(합성),1242.0,0.0,0.0,0.0,ETF(합성복제/수익증권),0.5,,,,,-0.21890589617397238,-0.21890589617397238,2051,2026-05-01
195930,TIGER 유로스탁스50(합성 H),315.0,0.0,0.0,0.0,ETF(합성복제/수익증권),-1.32,,,,,-0.21890589617397238,-0.21890589617397238,2052,2026-05-01
267440,RISE 미국장기국채선물(H),50.0,0.0,0.0,0.0,ETF(실물복제/수익증권),-1.14,,,,,-0.21890589617397238,-0.21890589617397238,2053,2026-05-01
Q530056,삼성 인버스 2X 금 선물 ETN(H),65.0,0.0,0.0,0.0,ETN(원자재),0.69,,,,,-0.21890589617397238,-0.21890589617397238,2054,2026-05-01
Q530055,삼성 레버리지 금 선물 ETN(H),1244.0,0.0,0.0,0.0,ETN(원자재),-1.44,,,,,-0.21890589617397238,-0.21890589617397238,2055,2026-05-01
261110,TIGER 미국달러선물레버리지,128.0,0.0,0.0,0.0,ETF(실물복제/수익증권),0.72,,,,,-0.21890589617397238,-0.21890589617397238,2056,2026-05-01
261070,TIGER 코스닥150바이오테크,778.0,0.0,0.0,0.0,ETF(실물복제/수익증권),-4.11,,,,,-0.21890589617397238,-0.21890589617397238,2057,2026-05-01
261060,TIGER 코스닥150IT,406.0,0.0,0.0,0.0,ETF(실물복제/수익증권),-1.66,,,,,-0.21890589617397238,-0.21890589617397238,2058,2026-05-01
256750,KODEX 차이나심천ChiNext(합성),541.0,0.0,0.0,0.0,ETF(합성복제/수익증권),0.17,,,,,-0.21890589617397238,-0.21890589617397238,2059,2026-05-01
256450,PLUS 심천차이넥스트(합성),85.0,0.0,0.0,0.0,ETF(합성복제/수익증권),-0.9,,,,,-0.21890589617397238,-0.21890589617397238,2060,2026-05-01
256440,ACE 인도네시아MSCI(합성),286.0,0.0,0.0,0.0,ETF(합성복제/수익증권),-2.19,,,,,-0.21890589617397238,-0.21890589617397238,2061,2026-05-01
229720,KODEX KTOP30,211.0,0.0,0.0,0.0,ETF(실물복제/수익증권),-1.49,,,,,-0.21890589617397238,-0.21890589617397238,2062,2026-05-01
266420,KODEX 헬스케어,887.0,0.0,0.0,0.0,ETF(실물복제/수익증권),-3.03,,,,,-0.21890589617397238,-0.21890589617397238,2063,2026-05-01
266410,KODEX 필수소비재,204.0,0.0,0.0,0.0,ETF(실물복제/수익증권),-1.4,,,,,-0.21890589617397238,-0.21890589617397238,2064,2026-05-01
266390,KODEX 경기소비재,110.0,0.0,0.0,0.0,ETF(실물복제/수익증권),-0.41,,,,,-0.21890589617397238,-0.21890589617397238,2065,2026-05-01
266370,KODEX IT,776.0,0.0,0.0,0.0,ETF(실물복제/수익증권),-0.61,,,,,-0.21890589617397238,-0.21890589617397238,2066,2026-05-01
266360,KODEX K콘텐츠,450.0,0.0,0.0,0.0,ETF(실물복제/수익증권),-1.66,,,,,-0.21890589617397238,-0.21890589617397238,2067,2026-05-01
266160,RISE 고배당,2441.0,0.0,0.0,0.0,ETF(실물복제/수익증권),-1.39,,,,,-0.21890589617397238,-0.21890589617397238,2068,2026-05-01
265690,ACE 러시아MSCI(합성),158.0,0.0,0.0,0.0,ETF(합성복제/수익증권),0.0,,,,,-0.21890589617397238,-0.21890589617397238,2069,2026-05-01
261920,ACE 필리핀MSCI(합성),51.0,0.0,0.0,0.0,ETF(합성복제/수익증권),-0.23,,,,,-0.21890589617397238,-0.21890589617397238,2070,2026-05-01
261270,KODEX 미국달러선물인버스,1171.0,0.0,0.0,0.0,ETF(실물복제/수익증권),-0.53,,,,,-0.21890589617397238,-0.21890589617397238,2071,2026-05-01
253230,KIWOOM 200선물인버스2X,26.0,0.0,0.0,0.0,ETF(실물복제/수익증권),2.4,,,,,-0.21890589617397238,-0.21890589617397238,2072,2026-05-01
266550,PLUS 중형주저변동50,107.0,0.0,0.0,0.0,ETF(실물복제/수익증권),-1.74,,,,,-0.21890589617397238,-0.21890589617397238,2073,2026-05-01
Q530136,삼성 인버스 2X 천연가스 선물 ETN D,1735.0,0.0,0.0,0.0,ETN(원자재),2.88,,,,,-0.21890589617397238,-0.21890589617397238,2074,2026-05-01
Q530135,삼성 인버스 China A50 선물 ETN(H) B,83.0,0.0,0.0,0.0,ETN(주식),-0.9,,,,,-0.21890589617397238,-0.21890589617397238,2075,2026-05-01
F76201BC5,이탈리아물류1호 종류A,583.0,0.0,0.0,0.0,수익증권,0.0,,,,,-0.21890589617397238,-0.21890589617397238,2076,2026-05-01
0000Z0,RISE 바이오TOP10액티브,943.0,0.0,0.0,0.0,ETF(Active/수익증권),-4.38,,,,,-0.21890589617397238,-0.21890589617397238,2077,2026-05-01
0000Y0,HK 26-12 회사채(AA-이상)액티브,1222.0,0.0,0.0,0.0,ETF(Active/수익증권),0.01,,,,,-0.21890589617397238,-0.21890589617397238,2078,2026-05-01
276650,RISE 글로벌테크놀로지(합성 H),317.0,0.0,0.0,0.0,ETF(합성복제/수익증권),0.43,,,,,-0.21890589617397238,-0.21890589617397238,2079,2026-05-01
276000,TIGER 글로벌자원생산기업(합성 H),173.0,0.0,0.0,0.0,ETF(합성복제/수익증권),-0.39,,,,,-0.21890589617397238,-0.21890589617397238,2080,2026-05-01
275980,TIGER 글로벌4차산업혁신기술(합성 H),631.0,0.0,0.0,0.0,ETF(합성복제/수익증권),-0.99,,,,,-0.21890589617397238,-0.21890589617397238,2081,2026-05-01
261260,KODEX 미국달러선물인버스2X,2328.0,0.0,0.0,0.0,ETF(실물복제/수익증권),-0.74,,,,,-0.21890589617397238,-0.21890589617397238,2082,2026-05-01
267450,RISE 미국장기국채선물인버스(H),54.0,0.0,0.0,0.0,ETF(실물복제/수익증권),0.09,,,,,-0.21890589617397238,-0.21890589617397238,2083,2026-05-01
261240,KODEX 미국달러선물,713.0,0.0,0.0,0.0,ETF(실물복제/수익증권),0.36,,,,,-0.21890589617397238,-0.21890589617397238,2084,2026-05-01
271050,KODEX WTI원유선물인버스(H),1975.0,0.0,0.0,0.0,ETF(실물복제/수익증권),-9.28,,,,,-0.21890589617397238,-0.21890589617397238,2085,2026-05-01
270810,RISE 코스닥150,5109.0,0.0,0.0,0.0,ETF(실물복제/수익증권),-2.97,,,,,-0.21890589617397238,-0.21890589617397238,2086,2026-05-01
270800,RISE KQ고배당,97.0,0.0,0.0,0.0,ETF(실물복제/수익증권),-1.23,,,,,-0.21890589617397238,-0.21890589617397238,2087,2026-05-01
269540,PLUS 미국S&P500(H),957.0,0.0,0.0,0.0,ETF(실물복제/수익증권),-0.42,,,,,-0.21890589617397238,-0.21890589617397238,2088,2026-05-01
269530,PLUS S&P글로벌인프라,142.0,0.0,0.0,0.0,ETF(실물복제/수익증권),-0.84,,,,,-0.21890589617397238,-0.21890589617397238,2089,2026-05-01
269420,KODEX S&P글로벌인프라(합성),276.0,0.0,0.0,0.0,ETF(합성복제/수익증권),-1.35,,,,,-0.21890589617397238,-0.21890589617397238,2090,2026-05-01
269370,TIGER S&P글로벌인프라(합성),132.0,0.0,0.0,0.0,ETF(합성복제/수익증권),-0.13,,,,,-0.21890589617397238,-0.21890589617397238,2091,2026-05-01
267770,TIGER 200선물레버리지,2299.0,0.0,0.0,0.0,ETF(실물복제/수익증권),-2.08,,,,,-0.21890589617397238,-0.21890589617397238,2092,2026-05-01
267490,RISE 미국장기국채선물레버리지(합성 H),37.0,0.0,0.0,0.0,ETF(합성복제/수익증권),-1.3,,,,,-0.21890589617397238,-0.21890589617397238,2093,2026-05-01
261250,KODEX 미국달러선물레버리지,352.0,0.0,0.0,0.0,ETF(실물복제/수익증권),0.8,,,,,-0.21890589617397238,-0.21890589617397238,2094,2026-05-01
244620,KODEX 모멘텀Plus,161.0,0.0,0.0,0.0,ETF(실물복제/수익증권),-2.0,,,,,-0.21890589617397238,-0.21890589617397238,2095,2026-05-01
244580,KODEX 바이오,2832.0,0.0,0.0,0.0,ETF(실물복제/수익증권),-2.96,,,,,-0.21890589617397238,-0.21890589617397238,2096,2026-05-01
243890,TIGER 200에너지화학레버리지,97.0,0.0,0.0,0.0,ETF(실물복제/수익증권),-2.86,,,,,-0.21890589617397238,-0.21890589617397238,2097,2026-05-01
243880,TIGER 200IT레버리지,2631.0,0.0,0.0,0.0,ETF(실물복제/수익증권),-0.82,,,,,-0.21890589617397238,-0.21890589617397238,2098,2026-05-01
253290,RISE 헬스케어채권혼합,225.0,0.0,0.0,0.0,ETF(실물복제/수익증권),-1.69,,,,,-0.21890589617397238,-0.21890589617397238,2099,2026-05-01
253280,RISE 헬스케어,106.0,0.0,0.0,0.0,ETF(실물복제/수익증권),-3.31,,,,,-0.21890589617397238,-0.21890589617397238,2100,2026-05-01
253250,KIWOOM 200선물레버리지,564.0,0.0,0.0,0.0,ETF(실물복제/수익증권),-2.38,,,,,-0.21890589617397238,-0.21890589617397238,2101,2026-05-01
253240,KIWOOM 200선물인버스,18.0,0.0,0.0,0.0,ETF(실물복제/수익증권),0.7,,,,,-0.21890589617397238,-0.21890589617397238,2102,2026-05-01
239660,PLUS 우량회사채50,193.0,0.0,0.0,0.0,ETF(실물복제/수익증권),-0.05,,,,,-0.21890589617397238,-0.21890589617397238,2103,2026-05-01
253160,PLUS 200선물인버스2X,20.0,0.0,0.0,0.0,ETF(실물복제/수익증권),1.74,,,,,-0.21890589617397238,-0.21890589617397238,2104,2026-05-01
238670,PLUS 스마트베타Quality채권혼합,66.0,0.0,0.0,0.0,ETF(실물복제/수익증권),-1.04,,,,,-0.21890589617397238,-0.21890589617397238,2105,2026-05-01
237440,TIGER 경기방어채권혼합,104.0,0.0,0.0,0.0,ETF(실물복제/수익증권),-0.53,,,,,-0.21890589617397238,-0.21890589617397238,2106,2026-05-01
237370,KODEX 배당성장채권혼합,1804.0,0.0,0.0,0.0,ETF(실물복제/수익증권),-0.74,,,,,-0.21890589617397238,-0.21890589617397238,2107,2026-05-01
237350,KODEX 코스피100,8392.0,0.0,0.0,0.0,ETF(실물복제/수익증권),-0.97,,,,,-0.21890589617397238,-0.21890589617397238,2108,2026-05-01
236350,TIGER 인도니프티50레버리지(합성),216.0,0.0,0.0,0.0,ETF(합성복제/수익증권),-1.83,,,,,-0.21890589617397238,-0.21890589617397238,2109,2026-05-01
234310,RISE V&S셀렉트밸류,148.0,0.0,0.0,0.0,ETF(실물복제/수익증권),-1.56,,,,,-0.21890589617397238,-0.21890589617397238,2110,2026-05-01
233740,KODEX 코스닥150레버리지,41538.0,0.0,0.0,0.0,ETF(실물복제/수익증권),-5.86,,,,,-0.21890589617397238,-0.21890589617397238,2111,2026-05-01
233160,TIGER 코스닥150 레버리지,2576.0,0.0,0.0,0.0,ETF(실물복제/수익증권),-6.0,,,,,-0.21890589617397238,-0.21890589617397238,2112,2026-05-01
232080,TIGER 코스닥150,21371.0,0.0,0.0,0.0,ETF(실물복제/수익증권),-3.04,,,,,-0.21890589617397238,-0.21890589617397238,2113,2026-05-01
230480,KIWOOM 미국달러선물인버스2X,98.0,0.0,0.0,0.0,ETF(실물복제/수익증권),-0.85,,,,,-0.21890589617397238,-0.21890589617397238,2114,2026-05-01
238720,ACE 일본Nikkei225(H),342.0,0.0,0.0,0.0,ETF(실물복제/수익증권),-0.04,,,,,-0.21890589617397238,-0.21890589617397238,2115,2026-05-01
253150,PLUS 200선물레버리지,535.0,0.0,0.0,0.0,ETF(실물복제/수익증권),-1.96,,,,,-0.21890589617397238,-0.21890589617397238,2116,2026-05-01
252710,TIGER 200선물인버스2X,407.0,0.0,0.0,0.0,ETF(실물복제/수익증권),1.7,,,,,-0.21890589617397238,-0.21890589617397238,2117,2026-05-01
252670,KODEX 200선물인버스2X,11361.0,0.0,0.0,0.0,ETF(실물복제/수익증권),1.81,,,,,-0.21890589617397238,-0.21890589617397238,2118,2026-05-01
252650,KODEX 200동일가중,364.0,0.0,0.0,0.0,ETF(실물복제/수익증권),-1.65,,,,,-0.21890589617397238,-0.21890589617397238,2119,2026-05-01
252420,RISE 200선물인버스2X,50.0,0.0,0.0,0.0,ETF(실물복제/수익증권),1.78,,,,,-0.21890589617397238,-0.21890589617397238,2120,2026-05-01
252410,RISE 200선물인버스,35.0,0.0,0.0,0.0,ETF(실물복제/수익증권),1.11,,,,,-0.21890589617397238,-0.21890589617397238,2121,2026-05-01
252400,RISE 200선물레버리지,959.0,0.0,0.0,0.0,ETF(실물복제/수익증권),-2.12,,,,,-0.21890589617397238,-0.21890589617397238,2122,2026-05-01
252000,TIGER 200동일가중,212.0,0.0,0.0,0.0,ETF(실물복제/수익증권),-1.26,,,,,-0.21890589617397238,-0.21890589617397238,2123,2026-05-01
251600,PLUS 고배당주채권혼합,8086.0,0.0,0.0,0.0,ETF(실물복제/수익증권),-0.75,,,,,-0.21890589617397238,-0.21890589617397238,2124,2026-05-01
244660,KODEX 퀄리티Plus,52.0,0.0,0.0,0.0,ETF(실물복제/수익증권),-0.82,,,,,-0.21890589617397238,-0.21890589617397238,2125,2026-05-01
261220,KODEX WTI원유선물(H),866.0,0.0,0.0,0.0,ETF(실물복제/수익증권),9.86,,,,,-0.21890589617397238,-0.21890589617397238,2126,2026-05-01
261140,TIGER 우선주,422.0,0.0,0.0,0.0,ETF(실물복제/수익증권),-1.81,,,,,-0.21890589617397238,-0.21890589617397238,2127,2026-05-01
261120,TIGER 미국달러선물인버스2X,397.0,0.0,0.0,0.0,ETF(실물복제/수익증권),-1.07,,,,,-0.21890589617397238,-0.21890589617397238,2128,2026-05-01
250730,RISE 차이나HSCEI(H),172.0,0.0,0.0,0.0,ETF(실물복제/수익증권),-1.32,,,,,-0.21890589617397238,-0.21890589617397238,2129,2026-05-01
248270,TIGER S&P글로벌헬스케어(합성),294.0,0.0,0.0,0.0,ETF(합성복제/수익증권),-0.75,,,,,-0.21890589617397238,-0.21890589617397238,2130,2026-05-01
245710,ACE 베트남VN30(합성),3258.0,0.0,0.0,0.0,ETF(합성복제/수익증권),-0.02,,,,,-0.21890589617397238,-0.21890589617397238,2131,2026-05-01
245360,TIGER 차이나HSCEI,358.0,0.0,0.0,0.0,ETF(실물복제/수익증권),-0.44,,,,,-0.21890589617397238,-0.21890589617397238,2132,2026-05-01
245350,TIGER 유로스탁스배당30,310.0,0.0,0.0,0.0,ETF(실물복제/수익증권),-0.13,,,,,-0.21890589617397238,-0.21890589617397238,2133,2026-05-01
245340,TIGER 미국다우존스30,1408.0,0.0,0.0,0.0,ETF(실물복제/수익증권),-0.92,,,,,-0.21890589617397238,-0.21890589617397238,2134,2026-05-01
244670,KODEX 밸류Plus,79.0,0.0,0.0,0.0,ETF(실물복제/수익증권),-1.86,,,,,-0.21890589617397238,-0.21890589617397238,2135,2026-05-01
251590,PLUS 고배당저변동50,121.0,0.0,0.0,0.0,ETF(실물복제/수익증권),-0.54,,,,,-0.21890589617397238,-0.21890589617397238,2136,2026-05-01
024110,기업은행,180218.0,6.65,3400.0,0.49,금융,0.22,7.7,1258.51,-9.91,1.71,-0.21995029847992797,-0.21995029847992797,2137,2026-05-01
105560,KB금융,598425.0,10.62,15116.0,0.97,금융,-0.06,9.98,1211.73,-4.52,5.87,-0.2215902277827021,-0.2215902277827021,2138,2026-05-01
004100,태양금속,1187.0,37.18,87.0,0.77,운송장비·부품,-3.43,2.53,266.35,0.02,39.66,-0.22455269972973962,-0.22455269972973962,2139,2026-05-01
011700,한신기계,1497.0,-329.64,-14.0,1.71,기계·장비,-2.22,-0.51,37.24,-16.43,0.0,-0.22460738717007123,-0.22460738717007123,2140,2026-05-01
006400,삼성SDI,560069.0,-83.48,-8325.0,2.55,전기·전자,-2.39,-3.15,79.28,-20.04,0.0,-0.22725465107530518,-0.22725465107530518,2141,2026-05-01
002220,한일철강,1396.0,-249.05,-21.0,0.77,금속,0.58,-0.34,103.58,-4.59,376.65,-0.22851729093321801,-0.22851729093321801,2142,2026-05-01
005320,온타이드,402.0,-4.2,-140.0,0.42,유통,0.0,-9.71,56.2,-12.94,0.0,-0.2411621888777759,-0.2411621888777759,2143,2026-05-01
002760,보락,687.0,-45.88,-25.0,1.47,화학,-3.12,-3.16,27.08,1.77,0.0,-0.24197336701605654,-0.24197336701605654,2144,2026-05-01
055550,신한지주,474180.0,9.91,10085.0,0.82,금융,-0.1,8.72,1201.94,-12.67,8.74,-0.2470811434156414,-0.2470811434156414,2145,2026-05-01
001020,페이퍼코리아,1200.0,-6.18,-109.0,0.45,종이·목재,0.0,-7.06,77.91,-8.1,0.0,-0.24885495987062878,-0.24885495987062878,2146,2026-05-01
363280,티와이홀딩스,1432.0,-1.56,-1820.0,0.13,금융,-0.35,-10.04,76.76,-0.19,0.0,-0.24982870917905392,-0.24982870917905392,2147,2026-05-01
071090,하이스틸,933.0,-20.35,-227.0,0.65,금속,-7.41,-3.14,81.8,4.21,0.0,-0.25014548556657235,-0.25014548556657235,2148,2026-05-01
181710,NHN,13429.0,42.98,954.0,0.86,IT 서비스,-2.61,2.2,117.49,2.45,0.0,-0.2524221371794369,-0.2524221371794369,2149,2026-05-01
093240,형지엘리트,583.0,-28.79,-33.0,0.45,섬유·의류,-1.76,5.18,97.72,19.2,345.69,-0.25308346271878995,-0.25308346271878995,2150,2026-05-01
035720,카카오,209539.0,42.61,1110.0,1.85,IT 서비스,-2.27,4.59,82.49,2.99,47.8,-0.25742098038276207,-0.25742098038276207,2151,2026-05-01
396690,미래에셋글로벌리츠,867.0,-14.22,-154.0,0.58,리츠,-2.88,-3.97,156.52,4.01,20.89,-0.2575689223900376,-0.2575689223900376,2152,2026-05-01
298020,효성티앤씨,22417.0,207.28,2499.0,1.42,화학,-2.81,0.72,193.27,-1.05,-7.1,-0.2595948771145419,-0.2595948771145419,2153,2026-05-01
009420,한올바이오파마,24762.0,-447.17,-106.0,14.89,제약,-4.24,-3.37,39.3,11.69,0.0,-0.264206395746989,-0.264206395746989,2154,2026-05-01
011170,롯데케미칼,48721.0,-2.39,-47624.0,0.38,화학,-3.47,-15.13,76.52,-7.1,0.0,-0.26595188472439907,-0.26595188472439907,2155,2026-05-01
003465,유화증권우,592.0,0.0,0.0,0.0,증권,-0.29,,,,,-0.26615056652054014,-0.26615056652054014,2156,2026-05-01
00680K,미래에셋증권2우B,26631.0,0.0,0.0,0.0,증권,-3.89,,,,,-0.26615056652054014,-0.26615056652054014,2157,2026-05-01
006805,미래에셋증권우,2977.0,0.0,0.0,0.0,증권,-3.64,,,,,-0.26615056652054014,-0.26615056652054014,2158,2026-05-01
001275,부국증권우,1086.0,0.0,0.0,0.0,증권,-0.82,,,,,-0.26615056652054014,-0.26615056652054014,2159,2026-05-01
001755,한양증권우,155.0,0.0,0.0,0.0,증권,-0.17,,,,,-0.26615056652054014,-0.26615056652054014,2160,2026-05-01
001515,SK증권우,256.0,0.0,0.0,0.0,증권,-6.49,,,,,-0.26615056652054014,-0.26615056652054014,2161,2026-05-01
003547,대신증권2우B,2206.0,0.0,0.0,0.0,증권,-1.53,,,,,-0.26615056652054014,-0.26615056652054014,2162,2026-05-01
003535,한화투자증권우,442.0,0.0,0.0,0.0,증권,-2.85,,,,,-0.26615056652054014,-0.26615056652054014,2163,2026-05-01
003545,대신증권우,5970.0,0.0,0.0,0.0,증권,-0.84,,,,,-0.26615056652054014,-0.26615056652054014,2164,2026-05-01
005945,NH투자증권우,5133.0,0.0,0.0,0.0,증권,-2.16,,,,,-0.26615056652054014,-0.26615056652054014,2165,2026-05-01
003475,유안타증권우,575.0,0.0,0.0,0.0,증권,-2.09,,,,,-0.26615056652054014,-0.26615056652054014,2166,2026-05-01
005500,삼진제약,2492.0,0.0,0.0,0.0,제약,-1.47,0.0,0.0,0.0,0.0,-0.26878419676313003,-0.26878419676313003,2167,2026-05-01
002630,오리엔트바이오,637.0,0.0,0.0,0.0,제약,-1.29,0.0,0.0,0.0,0.0,-0.26878419676313003,-0.26878419676313003,2168,2026-05-01
004310,현대약품,2758.0,0.0,0.0,0.0,제약,-3.25,0.0,0.0,0.0,0.0,-0.26878419676313003,-0.26878419676313003,2169,2026-05-01
011330,유니켐,562.0,-9.16,-68.0,0.43,섬유·의류,-1.27,0.0,72.7,55.75,0.0,-0.2738699590720537,-0.2738699590720537,2170,2026-05-01
010950,S-Oil,151424.0,88.6,1518.0,1.76,화학,0.15,2.01,198.82,-6.52,-44.19,-0.2741915616042455,-0.2741915616042455,2171,2026-05-01
000490,대동,2920.0,-15.83,-640.0,0.57,기계·장비,-1.36,-3.68,251.89,4.88,69.18,-0.28407139250503943,-0.28407139250503943,2172,2026-05-01
138930,BNK금융지주,58124.0,7.29,2570.0,0.54,금융,-0.69,7.58,1333.0,1.21,3.06,-0.28737489488361123,-0.28737489488361123,2173,2026-05-01
058730,다스코,769.0,-15.06,-256.0,0.48,금속,1.98,-3.41,136.13,-12.44,0.0,-0.28853858730751214,-0.28853858730751214,2174,2026-05-01
009200,무림페이퍼,851.0,-5.54,-369.0,0.2,종이·목재,0.49,-3.48,270.59,-8.63,-93.34,-0.29012054622436867,-0.29012054622436867,2175,2026-05-01
002360,SH에너지화학,398.0,-3.69,-97.0,0.56,화학,0.0,-14.44,46.1,-21.75,0.0,-0.29120678426223007,-0.29120678426223007,2176,2026-05-01
316140,우리금융지주,244814.0,7.9,4221.0,0.68,금융,-0.45,8.91,1488.67,-10.87,-13.64,-0.29357927357660873,-0.29357927357660873,2177,2026-05-01
139130,iM금융지주,30679.0,7.08,2696.0,0.49,금융,0.53,7.27,1435.88,-0.12,121.4,-0.29786360036830994,-0.29786360036830994,2178,2026-05-01
000210,DL,14983.0,-18.39,-3887.0,0.4,화학,-6.9,-2.17,147.55,-5.14,-27.63,-0.300947441541094,-0.300947441541094,2179,2026-05-01
450080,에코프로머티,56659.0,-129.94,-618.0,7.59,전기·전자,-4.06,-5.56,74.92,-68.52,0.0,-0.3045893688597099,-0.3045893688597099,2180,2026-05-01
086790,하나금융지주,350916.0,9.06,14110.0,0.78,금융,0.63,9.17,1377.89,-15.53,10.21,-0.3068422554598153,-0.3068422554598153,2181,2026-05-01
481850,신한글로벌액티브리츠,495.0,-6.86,-166.0,0.51,리츠,-1.04,-10.15,25.85,-37.52,-36.4,-0.3079139452166221,-0.3079139452166221,2182,2026-05-01
007160,사조산업,2655.0,-9.12,-5820.0,0.5,음식료·담배,-0.38,-5.37,96.99,11.18,0.0,-0.30832753893095594,-0.30832753893095594,2183,2026-05-01
001530,DI동일,6225.0,-65.04,-462.0,1.2,유통,-5.21,-1.8,96.89,-7.73,0.0,-0.30840245053676013,-0.30840245053676013,2184,2026-05-01
008970,동양철관,1956.0,-53.86,-35.0,1.38,금속,-4.31,-2.49,69.38,-6.2,0.0,-0.30959593594772356,-0.30959593594772356,2185,2026-05-01
457190,이수스페셜티케미컬,36716.0,4860.0,25.0,27.63,화학,-3.49,0.0,175.8,23.91,-88.63,-0.3147978272767946,-0.3147978272767946,2186,2026-05-01
214330,금호에이치티,868.0,-3.69,-108.0,0.28,운송장비·부품,0.0,-7.94,42.53,-13.37,-47.45,-0.3203651159709584,-0.3203651159709584,2187,2026-05-01
001470,삼부토건,797.0,-1.04,-334.0,-0.56,건설,0.0,0.0,0.0,-75.01,0.0,-0.32835238482431944,-0.32835238482431944,2188,2026-05-01
002410,범양건영,532.0,-0.61,-3184.0,-0.76,건설,0.0,0.0,0.0,-29.12,0.0,-0.32835238482431944,-0.32835238482431944,2189,2026-05-01
264900,크라운제과,1072.0,0.0,0.0,0.0,음식료·담배,-0.81,0.0,0.0,0.0,0.0,-0.332552226332065,-0.332552226332065,2190,2026-05-01
005360,모나미,327.0,-3.09,-559.0,0.4,유통,-0.86,-12.24,117.76,-1.55,0.0,-0.3401536142206278,-0.3401536142206278,2191,2026-05-01
017040,광명전기,404.0,0.0,0.0,0.0,전기·전자,0.0,0.0,0.0,0.0,0.0,-0.34269379300180813,-0.34269379300180813,2192,2026-05-01
330590,롯데리츠,12830.0,0.0,0.0,0.0,리츠,1.72,,,,,-0.34519668639686885,-0.34519668639686885,2193,2026-05-01
140910,에이리츠,140.0,0.0,0.0,0.0,리츠,0.0,,,,,-0.34519668639686885,-0.34519668639686885,2194,2026-05-01
451800,한화리츠,10722.0,0.0,0.0,0.0,리츠,0.67,,,,,-0.34519668639686885,-0.34519668639686885,2195,2026-05-01
334890,이지스밸류플러스리츠,2906.0,0.0,0.0,0.0,리츠,0.36,,,,,-0.34519668639686885,-0.34519668639686885,2196,2026-05-01
170900,동아에스티,4309.0,-15.21,-2913.0,0.66,제약,-1.12,-4.36,110.24,15.89,0.0,-0.3468123688543988,-0.3468123688543988,2197,2026-05-01
071840,롯데하이마트,1891.0,-0.62,-12935.0,0.2,유통,-1.11,-28.05,103.6,-9.71,-79.07,-0.3472273596405163,-0.3472273596405163,2198,2026-05-01
161000,애경케미칼,7555.0,-254.59,-61.0,1.05,화학,-7.01,-0.41,94.63,-11.56,0.0,-0.3478381773240691,-0.3478381773240691,2199,2026-05-01
475560,더본코리아,3099.0,-17.73,-1179.0,1.26,유통,-0.95,-6.77,23.28,-22.17,0.0,-0.35075351034861224,-0.35075351034861224,2200,2026-05-01
128820,대성산업,3203.0,-5.26,-1346.0,0.42,유통,-1.67,-9.93,169.05,6.04,-50.27,-0.3547104876262984,-0.3547104876262984,2201,2026-05-01
465770,STX그린로지스,310.0,-0.83,-5201.0,1.32,운송·창고,-10.47,-75.41,427.8,171.3,0.0,-0.35762733942869074,-0.35762733942869074,2202,2026-05-01
003220,대원제약,2404.0,-172.9,-62.0,0.86,제약,-0.83,-0.51,123.49,1.22,-87.66,-0.36402003415784484,-0.36402003415784484,2203,2026-05-01
041650,상신브레이크,601.0,-5.05,-554.0,0.26,운송장비·부품,-1.06,-5.45,154.54,-6.27,0.0,-0.3700053496415537,-0.3700053496415537,2204,2026-05-01
032350,롯데관광개발,16478.0,58.15,356.0,4.43,일반서비스,-3.27,8.06,488.68,38.6,267.45,-0.3731442919937139,-0.3731442919937139,2205,2026-05-01
085620,미래에셋생명,21534.0,24.14,660.0,0.85,보험,-4.61,5.22,1244.75,8.18,59.27,-0.3751957348855282,-0.3751957348855282,2206,2026-05-01
006280,녹십자,16022.0,-342.75,-400.0,1.29,제약,-1.51,-0.38,113.09,18.54,115.37,-0.37837715321862075,-0.37837715321862075,2207,2026-05-01
352820,하이브,113359.0,-46.36,-5673.0,3.43,오락·문화,4.16,-7.33,54.46,17.48,-73.2,-0.3787032652419979,-0.3787032652419979,2208,2026-05-01
000140,하이트진로홀딩스,2137.0,-84.5,-109.0,0.36,금융,0.88,-0.46,242.77,-3.89,-17.38,-0.3809518537914274,-0.3809518537914274,2209,2026-05-01
018880,한온시스템,43411.0,-16.46,-257.0,1.15,기계·장비,-2.87,-6.0,168.14,8.85,183.0,-0.38113378094678646,-0.38113378094678646,2210,2026-05-01
026940,부국철강,580.0,0.0,0.0,0.0,금속,-2.68,0.0,0.0,0.0,0.0,-0.3843988336597751,-0.3843988336597751,2211,2026-05-01
001080,만호제강,2200.0,0.0,0.0,0.0,금속,-0.56,0.0,0.0,0.0,0.0,-0.3843988336597751,-0.3843988336597751,2212,2026-05-01
460860,동국제강,7635.0,0.0,0.0,0.0,금속,-5.64,0.0,0.0,0.0,0.0,-0.3843988336597751,-0.3843988336597751,2213,2026-05-01
024090,디씨엠,1425.0,0.0,0.0,0.0,금속,-3.77,0.0,0.0,0.0,0.0,-0.3843988336597751,-0.3843988336597751,2214,2026-05-01
120030,조선선재,1273.0,0.0,0.0,0.0,금속,-1.36,0.0,0.0,0.0,0.0,-0.3843988336597751,-0.3843988336597751,2215,2026-05-01
003075,코오롱글로벌우,117.0,0.0,0.0,0.0,건설,-1.5,,,,,-0.38768283677191556,-0.38768283677191556,2216,2026-05-01
002995,금호건설우,45.0,0.0,0.0,0.0,건설,-0.45,,,,,-0.38768283677191556,-0.38768283677191556,2217,2026-05-01
002787,진흥기업2우B,25.0,0.0,0.0,0.0,건설,-0.24,,,,,-0.38768283677191556,-0.38768283677191556,2218,2026-05-01
37550L,DL이앤씨2우(전환),1246.0,0.0,0.0,0.0,건설,-1.99,,,,,-0.38768283677191556,-0.38768283677191556,2219,2026-05-01
37550K,DL이앤씨우,649.0,0.0,0.0,0.0,건설,-3.76,,,,,-0.38768283677191556,-0.38768283677191556,2220,2026-05-01
009415,태영건설우,73.0,0.0,0.0,0.0,건설,-5.72,,,,,-0.38768283677191556,-0.38768283677191556,2221,2026-05-01
005965,동부건설우,45.0,0.0,0.0,0.0,건설,-1.72,,,,,-0.38768283677191556,-0.38768283677191556,2222,2026-05-01
000725,현대건설우,784.0,0.0,0.0,0.0,건설,-4.74,,,,,-0.38768283677191556,-0.38768283677191556,2223,2026-05-01
002785,진흥기업우B,30.0,0.0,0.0,0.0,건설,-1.27,,,,,-0.38768283677191556,-0.38768283677191556,2224,2026-05-01
344820,KCC글라스,4679.0,-5.59,-5237.0,0.34,비금속,0.0,-5.83,67.75,-0.14,0.0,-0.3879767382792859,-0.3879767382792859,2225,2026-05-01
084680,이월드,2728.0,-13.27,-145.0,1.16,제조,-1.48,-8.78,82.21,-5.92,0.0,-0.3890594490199195,-0.3890594490199195,2226,2026-05-01
009580,무림P&P,1890.0,-5.57,-544.0,0.32,종이·목재,-0.49,-5.5,199.96,-9.86,0.0,-0.3894090920079538,-0.3894090920079538,2227,2026-05-01
001360,삼성제약,1911.0,-13.1,-155.0,1.8,제약,-3.33,-15.36,21.35,-14.75,0.0,-0.3920873241792747,-0.3920873241792747,2228,2026-05-01
108670,LX하우시스,3237.0,-8.23,-4387.0,0.43,화학,6.18,-5.15,160.12,-11.01,-86.6,-0.3974571838956934,-0.3974571838956934,2229,2026-05-01
462870,시프트업,19092.0,9.98,3261.0,2.05,IT 서비스,-5.24,0.0,17.6,31.44,18.83,-0.4078033534010094,-0.4078033534010094,2230,2026-05-01
047810,한국항공우주,164733.0,88.62,1907.0,9.0,운송장비·부품,1.62,10.51,446.57,1.72,11.83,-0.41157917308274283,-0.41157917308274283,2231,2026-05-01
004870,티웨이홀딩스,312.0,-1.49,-185.0,0.21,비금속,-2.82,-13.15,25.96,-32.56,0.0,-0.4178656649577611,-0.4178656649577611,2232,2026-05-01
336370,솔루스첨단소재,9191.0,-17.79,-736.0,1.73,전기·전자,-15.17,-9.15,128.47,7.91,0.0,-0.4184093638076746,-0.4184093638076746,2233,2026-05-01
000480,CR홀딩스,2401.0,-8.75,-585.0,0.38,비금속,0.0,-4.69,93.67,2.09,59.55,-0.4220258837450884,-0.4220258837450884,2234,2026-05-01
023450,동남합성,1057.0,0.0,0.0,0.0,화학,-0.17,0.0,0.0,0.0,0.0,-0.42501878259744963,-0.42501878259744963,2235,2026-05-01
003350,한국화장품제조,2289.0,0.0,0.0,0.0,화학,1.2,0.0,0.0,0.0,0.0,-0.42501878259744963,-0.42501878259744963,2236,2026-05-01
134380,미원화학,2819.0,0.0,0.0,0.0,화학,0.55,0.0,0.0,0.0,0.0,-0.42501878259744963,-0.42501878259744963,2237,2026-05-01
456040,OCI,13429.0,-21.45,-6994.0,1.19,화학,6.01,-5.37,95.38,-9.29,-99.6,-0.43067932404310516,-0.43067932404310516,2238,2026-05-01
024900,디와이덕양,770.0,62.24,38.0,0.64,운송장비·부품,-1.66,1.1,414.38,-7.71,-61.07,-0.43125954942842837,-0.43125954942842837,2239,2026-05-01
001750,한양증권,3647.0,9.79,2927.0,0.74,증권,-1.88,0.0,921.56,3.86,49.53,-0.4345196766868023,-0.4345196766868023,2240,2026-05-01
000650,천일고속,2873.0,-68.44,-2937.0,20.29,운송·창고,-0.74,-25.32,279.81,1.63,0.0,-0.43463931400940986,-0.43463931400940986,2241,2026-05-01
373220,LG에너지솔루션,1077570.0,-100.44,-4585.0,5.33,전기·전자,-2.64,-5.19,129.0,-7.6,0.0,-0.43960217633759524,-0.43960217633759524,2242,2026-05-01
003580,HLB글로벌,1117.0,-14.7,-150.0,1.51,유통,-0.68,-9.09,55.43,7.9,0.0,-0.44922320486975537,-0.44922320486975537,2243,2026-05-01
051910,LG화학,280252.0,-17.08,-23242.0,0.95,화학,-2.58,-5.5,114.54,-5.68,0.0,-0.4543559200731258,-0.4543559200731258,2244,2026-05-01
021050,서원,736.0,-13.03,-119.0,0.5,금속,0.78,-3.78,216.02,39.37,92.87,-0.45637209778659005,-0.45637209778659005,2245,2026-05-01
097955,CJ제일제당 우,1846.0,0.0,0.0,0.0,음식료·담배,-1.0,,,,,-0.4569146411051937,-0.4569146411051937,2246,2026-05-01
000087,하이트진로2우B,159.0,0.0,0.0,0.0,음식료·담배,-0.21,,,,,-0.4569146411051937,-0.4569146411051937,2247,2026-05-01
003925,남양유업우,763.0,0.0,0.0,0.0,음식료·담배,-1.55,,,,,-0.4569146411051937,-0.4569146411051937,2248,2026-05-01
001795,대한제당우,160.0,0.0,0.0,0.0,음식료·담배,-0.2,,,,,-0.4569146411051937,-0.4569146411051937,2249,2026-05-01
011155,CJ씨푸드1우,27.0,0.0,0.0,0.0,음식료·담배,-0.6,,,,,-0.4569146411051937,-0.4569146411051937,2250,2026-05-01
145995,삼양사우,126.0,0.0,0.0,0.0,음식료·담배,-0.15,,,,,-0.4569146411051937,-0.4569146411051937,2251,2026-05-01
26490K,크라운제과우,73.0,0.0,0.0,0.0,음식료·담배,0.0,,,,,-0.4569146411051937,-0.4569146411051937,2252,2026-05-01
004415,서울식품우,27.0,0.0,0.0,0.0,음식료·담배,0.0,,,,,-0.4569146411051937,-0.4569146411051937,2253,2026-05-01
005305,롯데칠성우,623.0,0.0,0.0,0.0,음식료·담배,-1.11,,,,,-0.4569146411051937,-0.4569146411051937,2254,2026-05-01
001685,대상우,231.0,0.0,0.0,0.0,음식료·담배,0.0,,,,,-0.4569146411051937,-0.4569146411051937,2255,2026-05-01
011390,부산산업,782.0,-22.66,-3270.0,0.62,비금속,-2.37,-2.69,95.58,-13.36,0.0,-0.46131756764763815,-0.46131756764763815,2256,2026-05-01
271940,일진하이솔루스,6638.0,-332.36,-55.0,2.11,운송장비·부품,-0.44,0.0,10.43,2.89,0.0,-0.46251388114589054,-0.46251388114589054,2257,2026-05-01
011930,신성이엔지,8224.0,-117.5,-34.0,3.48,전기·전자,0.0,-2.97,157.46,-2.55,-74.33,-0.4656547238806187,-0.4656547238806187,2258,2026-05-01
002390,한독,1419.0,-66.09,-156.0,0.48,제약,-1.81,-0.76,184.11,5.48,511.22,-0.46837291742254616,-0.46837291742254616,2259,2026-05-01
002710,TCC스틸,5172.0,-69.47,-284.0,2.11,금속,-7.59,-2.98,130.67,5.06,0.0,-0.4688046830982824,-0.4688046830982824,2260,2026-05-01
036460,한국가스공사,36094.0,27.13,1441.0,0.32,전기·가스,-0.26,1.23,396.6,-6.93,-30.04,-0.4726345739440264,-0.4726345739440264,2261,2026-05-01
381970,케이카,5370.0,0.0,0.0,0.0,유통,-0.72,0.0,0.0,0.0,0.0,-0.47764295387674516,-0.47764295387674516,2262,2026-05-01
037710,광주신세계,3064.0,0.0,0.0,0.0,유통,-0.26,0.0,0.0,0.0,0.0,-0.47764295387674516,-0.47764295387674516,2263,2026-05-01
003010,혜인,906.0,0.0,0.0,0.0,유통,0.56,0.0,0.0,0.0,0.0,-0.47764295387674516,-0.47764295387674516,2264,2026-05-01
002700,신일전자,1033.0,0.0,0.0,0.0,유통,0.55,0.0,0.0,0.0,0.0,-0.47764295387674516,-0.47764295387674516,2265,2026-05-01
011810,STX,1095.0,-0.66,-5357.0,-0.96,유통,0.0,0.0,0.0,-22.53,0.0,-0.47764295387674516,-0.47764295387674516,2266,2026-05-01
002070,비비안,160.0,-0.9,-395.0,0.19,섬유·의류,0.0,-18.08,144.96,0.32,0.0,-0.480282837635994,-0.480282837635994,2267,2026-05-01
010660,화천기계,1118.0,0.0,0.0,0.0,기계·장비,-0.78,0.0,0.0,0.0,0.0,-0.48262179593492865,-0.48262179593492865,2268,2026-05-01
006220,제주은행,4770.0,32.61,387.0,0.74,금융,-1.94,2.25,1139.04,-3.65,-13.03,-0.48663900649938785,-0.48663900649938785,2269,2026-05-01
00104K,CJ4우(전환),8115.0,0.0,0.0,0.0,금융,-1.29,,,,,-0.5010751084324226,-0.5010751084324226,2270,2026-05-01
084695,대상홀딩스우,132.0,0.0,0.0,0.0,금융,-0.69,,,,,-0.5010751084324226,-0.5010751084324226,2271,2026-05-01
000145,하이트진로홀딩스우,56.0,0.0,0.0,0.0,금융,0.42,,,,,-0.5010751084324226,-0.5010751084324226,2272,2026-05-01
003555,LG우,2147.0,0.0,0.0,0.0,금융,-0.42,,,,,-0.5010751084324226,-0.5010751084324226,2273,2026-05-01
00806K,대덕1우,139.0,0.0,0.0,0.0,금융,0.35,,,,,-0.5010751084324226,-0.5010751084324226,2274,2026-05-01
002025,코오롱우,363.0,0.0,0.0,0.0,금융,-0.32,,,,,-0.5010751084324226,-0.5010751084324226,2275,2026-05-01
36328K,티와이홀딩스우,51.0,0.0,0.0,0.0,금융,0.49,,,,,-0.5010751084324226,-0.5010751084324226,2276,2026-05-01
03473K,SK우,1687.0,0.0,0.0,0.0,금융,-0.83,,,,,-0.5010751084324226,-0.5010751084324226,2277,2026-05-01
38380K,LX홀딩스1우,130.0,0.0,0.0,0.0,금융,-0.22,,,,,-0.5010751084324226,-0.5010751084324226,2278,2026-05-01
000157,두산2우B,5037.0,0.0,0.0,0.0,금융,0.36,,,,,-0.5010751084324226,-0.5010751084324226,2279,2026-05-01
000325,노루홀딩스우,77.0,0.0,0.0,0.0,금융,-0.16,,,,,-0.5010751084324226,-0.5010751084324226,2280,2026-05-01
00499K,롯데지주우,239.0,0.0,0.0,0.0,금융,-2.15,,,,,-0.5010751084324226,-0.5010751084324226,2281,2026-05-01
078935,GS우,1033.0,0.0,0.0,0.0,금융,-1.53,,,,,-0.5010751084324226,-0.5010751084324226,2282,2026-05-01
000155,두산우,25777.0,0.0,0.0,0.0,금융,2.54,,,,,-0.5010751084324226,-0.5010751084324226,2283,2026-05-01
006125,SK디스커버리우,522.0,0.0,0.0,0.0,금융,-1.17,,,,,-0.5010751084324226,-0.5010751084324226,2284,2026-05-01
005745,크라운해태홀딩스우,44.0,0.0,0.0,0.0,금융,-1.86,,,,,-0.5010751084324226,-0.5010751084324226,2285,2026-05-01
001045,CJ우,2036.0,0.0,0.0,0.0,금융,-1.42,,,,,-0.5010751084324226,-0.5010751084324226,2286,2026-05-01
18064K,한진칼우,177.0,0.0,0.0,0.0,금융,-1.05,,,,,-0.5010751084324226,-0.5010751084324226,2287,2026-05-01
071055,한국금융지주우,10082.0,0.0,0.0,0.0,금융,-0.81,,,,,-0.5010751084324226,-0.5010751084324226,2288,2026-05-01
000545,흥국화재우,54.0,0.0,0.0,0.0,보험,-0.28,,,,,-0.5080804985436103,-0.5080804985436103,2289,2026-05-01
000815,삼성화재우,11201.0,0.0,0.0,0.0,보험,0.4,,,,,-0.5080804985436103,-0.5080804985436103,2290,2026-05-01
000880,한화,94058.0,33.87,3939.0,1.0,화학,0.68,3.3,497.35,34.39,71.64,-0.5120442250868346,-0.5120442250868346,2291,2026-05-01
016090,대현,782.0,0.0,0.0,0.0,섬유·의류,-1.67,0.0,0.0,0.0,0.0,-0.5159525657868803,-0.5159525657868803,2292,2026-05-01
454910,두산로보틱스,71432.0,-128.74,-856.0,20.49,기계·장비,7.83,-14.78,14.57,-29.58,0.0,-0.5205661116532481,-0.5205661116532481,2293,2026-05-01
002420,세기상사,324.0,-10.69,-508.0,1.24,유통,0.18,-10.99,106.01,5.63,0.0,-0.5206687837725444,-0.5206687837725444,2294,2026-05-01
082640,동양생명,13409.0,10.76,772.0,0.84,보험,0.48,7.08,2182.12,2.2,-45.98,-0.5207848433354779,-0.5207848433354779,2295,2026-05-01
372910,한컴라이프케어,717.0,-9.28,-279.0,0.56,의료·정밀기기,-1.52,-5.9,59.34,-12.11,0.0,-0.5277264704517602,-0.5277264704517602,2296,2026-05-01
014280,금강공업,1572.0,-3.59,-1494.0,0.43,금속,-2.01,-11.82,138.48,0.1,-68.24,-0.5372766578405712,-0.5372766578405712,2297,2026-05-01
089590,제주항공,4282.0,-3.68,-1443.0,1.55,운송·창고,-1.3,-38.85,754.43,-18.38,0.0,-0.539021378451916,-0.539021378451916,2298,2026-05-01
003160,디아이,9410.0,184.72,180.0,5.29,의료·정밀기기,-3.76,3.21,101.07,102.05,1084.8,-0.5463426771156488,-0.5463426771156488,2299,2026-05-01
012205,계양전기우,99.0,0.0,0.0,0.0,기계·장비,-3.21,,,,,-0.5485972745686074,-0.5485972745686074,2300,2026-05-01
004545,깨끗한나라우,39.0,0.0,0.0,0.0,종이·목재,-1.21,,,,,-0.5492456710417035,-0.5492456710417035,2301,2026-05-01
011090,에넥스,257.0,-19.45,-22.0,0.62,제조,0.0,-3.17,211.28,-18.5,-89.31,-0.5511256937650321,-0.5511256937650321,2302,2026-05-01
097950,CJ제일제당,37109.0,-7.07,-34884.0,0.56,음식료·담배,1.23,-7.62,157.5,0.38,-15.05,-0.5616821960779695,-0.5616821960779695,2303,2026-05-01
003495,대한항공우,262.0,0.0,0.0,0.0,운송·창고,0.0,,,,,-0.5677977467635604,-0.5677977467635604,2304,2026-05-01
004365,세방우,380.0,0.0,0.0,0.0,운송·창고,0.68,,,,,-0.5677977467635604,-0.5677977467635604,2305,2026-05-01
051630,진양화학,466.0,-8.63,-255.0,1.2,화학,-1.79,-12.58,111.63,-13.27,0.0,-0.5701197223199579,-0.5701197223199579,2306,2026-05-01
011785,금호석유화학우,1847.0,0.0,0.0,0.0,화학,-3.78,,,,,-0.5789770125572701,-0.5789770125572701,2307,2026-05-01
014825,동원시스템즈우,44.0,0.0,0.0,0.0,화학,0.85,,,,,-0.5789770125572701,-0.5789770125572701,2308,2026-05-01
009835,한화솔루션우,756.0,0.0,0.0,0.0,화학,5.01,,,,,-0.5789770125572701,-0.5789770125572701,2309,2026-05-01
000215,DL우,511.0,0.0,0.0,0.0,화학,-5.31,,,,,-0.5789770125572701,-0.5789770125572701,2310,2026-05-01
002355,넥센타이어1우B,281.0,0.0,0.0,0.0,화학,-0.92,,,,,-0.5789770125572701,-0.5789770125572701,2311,2026-05-01
010955,S-Oil우,2469.0,0.0,0.0,0.0,화학,-0.49,,,,,-0.5789770125572701,-0.5789770125572701,2312,2026-05-01
28513K,SK케미칼우,590.0,0.0,0.0,0.0,화학,-3.12,,,,,-0.5789770125572701,-0.5789770125572701,2313,2026-05-01
002795,아모레퍼시픽홀딩스우,768.0,0.0,0.0,0.0,화학,-1.39,,,,,-0.5789770125572701,-0.5789770125572701,2314,2026-05-01
051905,LG생활건강우,2398.0,0.0,0.0,0.0,화학,-0.78,,,,,-0.5789770125572701,-0.5789770125572701,2315,2026-05-01
00279K,아모레퍼시픽홀딩스3우C,1699.0,0.0,0.0,0.0,화학,-3.23,,,,,-0.5789770125572701,-0.5789770125572701,2316,2026-05-01
051915,LG화학우,14355.0,0.0,0.0,0.0,화학,-3.76,,,,,-0.5789770125572701,-0.5789770125572701,2317,2026-05-01
004255,NPC우,127.0,0.0,0.0,0.0,화학,0.0,,,,,-0.5789770125572701,-0.5789770125572701,2318,2026-05-01
090435,아모레퍼시픽우,5126.0,0.0,0.0,0.0,화학,-1.32,,,,,-0.5789770125572701,-0.5789770125572701,2319,2026-05-01
120115,코오롱인더우,840.0,0.0,0.0,0.0,화학,-7.19,,,,,-0.5789770125572701,-0.5789770125572701,2320,2026-05-01
090355,노루페인트우,64.0,0.0,0.0,0.0,화학,-0.94,,,,,-0.5789770125572701,-0.5789770125572701,2321,2026-05-01
004835,덕성우,95.0,0.0,0.0,0.0,화학,1.78,,,,,-0.5789770125572701,-0.5789770125572701,2322,2026-05-01
108675,LX하우시스우,175.0,0.0,0.0,0.0,화학,1.74,,,,,-0.5789770125572701,-0.5789770125572701,2323,2026-05-01
005725,넥센우,170.0,0.0,0.0,0.0,화학,-0.74,,,,,-0.5789770125572701,-0.5789770125572701,2324,2026-05-01
096775,SK이노베이션우,970.0,0.0,0.0,0.0,화학,-2.51,,,,,-0.5789770125572701,-0.5789770125572701,2325,2026-05-01
00088K,한화3우B,9605.0,0.0,0.0,0.0,화학,-0.4,,,,,-0.5789770125572701,-0.5789770125572701,2326,2026-05-01
008355,남선알미우,43.0,0.0,0.0,0.0,금속,-1.27,,,,,-0.5813298081717437,-0.5813298081717437,2327,2026-05-01
014285,금강공업우,42.0,0.0,0.0,0.0,금속,0.0,,,,,-0.5813298081717437,-0.5813298081717437,2328,2026-05-01
45226K,한화갤러리아우,212.0,0.0,0.0,0.0,유통,-3.69,,,,,-0.5903091035459487,-0.5903091035459487,2329,2026-05-01
008775,호텔신라우,308.0,0.0,0.0,0.0,유통,-2.26,,,,,-0.5903091035459487,-0.5903091035459487,2330,2026-05-01
02826K,삼성물산우B,2793.0,0.0,0.0,0.0,유통,-3.84,,,,,-0.5903091035459487,-0.5903091035459487,2331,2026-05-01
006370,대구백화점,617.0,-1.9,-3001.0,0.36,유통,0.71,-21.44,206.91,-11.33,0.0,-0.590362876561173,-0.590362876561173,2332,2026-05-01
020760,일진디스플,510.0,-7.39,-122.0,1.63,전기·전자,0.0,-19.68,135.71,-13.08,0.0,-0.5908910975806354,-0.5908910975806354,2333,2026-05-01
35320K,대덕전자1우,529.0,0.0,0.0,0.0,전기·전자,-1.56,,,,,-0.5925851287422369,-0.5925851287422369,2334,2026-05-01
006345,대원전선우,261.0,0.0,0.0,0.0,전기·전자,15.45,,,,,-0.5925851287422369,-0.5925851287422369,2335,2026-05-01
33637K,솔루스첨단소재1우,440.0,0.0,0.0,0.0,전기·전자,-6.81,,,,,-0.5925851287422369,-0.5925851287422369,2336,2026-05-01
009155,삼성전기우,10116.0,0.0,0.0,0.0,전기·전자,-0.85,,,,,-0.5925851287422369,-0.5925851287422369,2337,2026-05-01
007815,코리아써우,640.0,0.0,0.0,0.0,전기·전자,-0.46,,,,,-0.5925851287422369,-0.5925851287422369,2338,2026-05-01
33626K,두산퓨얼셀1우,1322.0,0.0,0.0,0.0,전기·전자,5.78,,,,,-0.5925851287422369,-0.5925851287422369,2339,2026-05-01
006405,삼성SDI우,5727.0,0.0,0.0,0.0,전기·전자,-1.39,,,,,-0.5925851287422369,-0.5925851287422369,2340,2026-05-01
066575,LG전자우,10363.0,0.0,0.0,0.0,전기·전자,0.67,,,,,-0.5925851287422369,-0.5925851287422369,2341,2026-05-01
00781K,코리아써키트2우B,131.0,0.0,0.0,0.0,전기·전자,-0.24,,,,,-0.5925851287422369,-0.5925851287422369,2342,2026-05-01
005935,삼성전자우,1270154.0,0.0,0.0,0.0,전기·전자,-3.18,,,,,-0.5925851287422369,-0.5925851287422369,2343,2026-05-01
33626L,두산퓨얼셀2우B,338.0,0.0,0.0,0.0,전기·전자,2.72,,,,,-0.5925851287422369,-0.5925851287422369,2344,2026-05-01
33637L,솔루스첨단소재2우B,138.0,0.0,0.0,0.0,전기·전자,-5.57,,,,,-0.5925851287422369,-0.5925851287422369,2345,2026-05-01
014915,성문전자우,27.0,0.0,0.0,0.0,전기·전자,-4.43,,,,,-0.5925851287422369,-0.5925851287422369,2346,2026-05-01
010060,OCI홀딩스,68706.0,-77.12,-4772.0,1.75,금융,-0.94,-2.27,66.35,-5.52,0.0,-0.5944498742411765,-0.5944498742411765,2347,2026-05-01
000070,삼양홀딩스,5419.0,-3.01,-23161.0,0.26,금융,-0.29,-10.17,98.76,-1.95,0.68,-0.5953775216499178,-0.5953775216499178,2348,2026-05-01
102460,이연제약,2006.0,-6.77,-1594.0,0.9,제약,-3.66,-12.6,111.15,-1.6,0.0,-0.5964699018615993,-0.5964699018615993,2349,2026-05-01
070960,모나용평,1502.0,-4.91,-635.0,0.41,일반서비스,1.3,-8.16,183.41,-6.59,-13.7,-0.6039462415790025,-0.6039462415790025,2350,2026-05-01
001527,동양2우B,23.0,0.0,0.0,0.0,비금속,0.0,,,,,-0.6055961414108892,-0.6055961414108892,2351,2026-05-01
004985,성신양회우,86.0,0.0,0.0,0.0,비금속,-1.6,,,,,-0.6055961414108892,-0.6055961414108892,2352,2026-05-01
001525,동양우,27.0,0.0,0.0,0.0,비금속,-2.43,,,,,-0.6055961414108892,-0.6055961414108892,2353,2026-05-01
014710,사조씨푸드,1398.0,-4.96,-1637.0,0.68,음식료·담배,0.62,-12.7,88.7,26.42,27.88,-0.6093566691646538,-0.6093566691646538,2354,2026-05-01
023960,에쓰씨엔지니어링,510.0,-10.31,-130.0,1.08,건설,-1.25,-10.21,188.76,-4.2,0.0,-0.6130676230344284,-0.6130676230344284,2355,2026-05-01
005385,현대차우,58119.0,0.0,0.0,0.0,운송장비·부품,-4.05,,,,,-0.6138608880786027,-0.6138608880786027,2356,2026-05-01
005387,현대차2우B,86711.0,0.0,0.0,0.0,운송장비·부품,-4.06,,,,,-0.6138608880786027,-0.6138608880786027,2357,2026-05-01
004105,태양금속우,132.0,0.0,0.0,0.0,운송장비·부품,-4.3,,,,,-0.6138608880786027,-0.6138608880786027,2358,2026-05-01
005389,현대차3우B,5621.0,0.0,0.0,0.0,운송장비·부품,-3.01,,,,,-0.6138608880786027,-0.6138608880786027,2359,2026-05-01
000227,유유제약2우B,35.0,0.0,0.0,0.0,제약,-0.37,,,,,-0.6160417155089224,-0.6160417155089224,2360,2026-05-01
001067,JW중외제약2우B,116.0,0.0,0.0,0.0,제약,0.0,,,,,-0.6160417155089224,-0.6160417155089224,2361,2026-05-01
019175,신풍제약우,378.0,0.0,0.0,0.0,제약,-0.68,,,,,-0.6160417155089224,-0.6160417155089224,2362,2026-05-01
007575,일양약품우,49.0,0.0,0.0,0.0,제약,-1.16,,,,,-0.6160417155089224,-0.6160417155089224,2363,2026-05-01
000225,유유제약1우,101.0,0.0,0.0,0.0,제약,0.0,,,,,-0.6160417155089224,-0.6160417155089224,2364,2026-05-01
000105,유한양행우,905.0,0.0,0.0,0.0,제약,-1.54,,,,,-0.6160417155089224,-0.6160417155089224,2365,2026-05-01
001065,JW중외제약우,90.0,0.0,0.0,0.0,제약,0.19,,,,,-0.6160417155089224,-0.6160417155089224,2366,2026-05-01
145990,삼양사,4971.0,-1.64,-29380.0,0.3,음식료·담배,-1.43,-18.8,103.1,-4.09,-16.33,-0.6175499444483299,-0.6175499444483299,2367,2026-05-01
010780,아이에스동서,8060.0,-14.98,-1782.0,0.64,비금속,-9.8,-4.13,143.29,-18.5,-59.85,-0.6202022641725106,-0.6202022641725106,2368,2026-05-01
005420,코스모화학,6817.0,-22.47,-790.0,3.1,화학,-3.64,-13.52,99.96,-11.36,0.0,-0.6210889579581821,-0.6210889579581821,2369,2026-05-01
009270,신원,1588.0,-57.67,-24.0,0.54,섬유·의류,-0.07,-1.14,181.77,16.26,-25.83,-0.6427286384085995,-0.6427286384085995,2370,2026-05-01
001465,BYC우,732.0,0.0,0.0,0.0,섬유·의류,-0.58,,,,,-0.6456447182708781,-0.6456447182708781,2371,2026-05-01
000040,KR모터스,372.0,-15.96,-27.0,0.85,운송장비·부품,-2.49,-4.97,115.69,-13.76,0.0,-0.6465977001219201,-0.6465977001219201,2372,2026-05-01
204210,스타에스엠리츠,159.0,-4.06,-501.0,0.52,리츠,0.0,-13.79,104.77,1.15,0.0,-0.651385653782381,-0.651385653782381,2373,2026-05-01
019680,대교,1273.0,-4.29,-350.0,0.45,일반서비스,-0.86,-12.33,108.21,-2.03,0.0,-0.6605090593494836,-0.6605090593494836,2374,2026-05-01
095720,웅진씽크빅,1312.0,-5.86,-197.0,0.5,일반서비스,0.0,-8.34,182.64,-8.05,0.0,-0.6678726598351136,-0.6678726598351136,2375,2026-05-01
017860,DS단석,4262.0,-35.45,-677.0,1.57,화학,-1.03,-4.37,180.8,-0.71,-34.51,-0.6718244993577784,-0.6718244993577784,2376,2026-05-01
019685,대교우B,205.0,0.0,0.0,0.0,일반서비스,-0.28,,,,,-0.6797380186233504,-0.6797380186233504,2377,2026-05-01
005257,녹십자홀딩스2우,194.0,0.0,0.0,0.0,일반서비스,0.22,,,,,-0.6797380186233504,-0.6797380186233504,2378,2026-05-01
323410,카카오뱅크,116179.0,0.0,0.0,0.0,금융,-0.81,0.0,0.0,0.0,0.0,-0.6827029500569672,-0.6827029500569672,2379,2026-05-01
005250,녹십자홀딩스,6565.0,-9.95,-1403.0,0.7,일반서비스,0.43,-7.34,130.71,11.19,0.0,-0.6839623312517891,-0.6839623312517891,2380,2026-05-01
003960,사조대림,3001.0,-3.82,-8577.0,0.45,음식료·담배,-0.76,-11.62,174.7,32.42,-28.82,-0.6863904526036996,-0.6863904526036996,2381,2026-05-01
002210,동성제약,940.0,-3.5,-278.0,0.39,제약,0.0,-15.27,175.31,-0.16,0.0,-0.6898508790108508,-0.6898508790108508,2382,2026-05-01
009830,한화솔루션,87150.0,-13.6,-3728.0,0.96,화학,5.74,-7.01,196.33,7.58,0.0,-0.6928787669260389,-0.6928787669260389,2383,2026-05-01
012280,영화금속,569.0,0.0,0.0,0.0,운송장비·부품,-2.99,0.0,0.0,0.0,0.0,-0.7011202970689955,-0.7011202970689955,2384,2026-05-01
023000,삼원강재,976.0,0.0,0.0,0.0,운송장비·부품,-0.41,0.0,0.0,0.0,0.0,-0.7011202970689955,-0.7011202970689955,2385,2026-05-01
005030,부산주공,451.0,0.0,0.0,0.0,운송장비·부품,0.0,0.0,0.0,0.0,0.0,-0.7011202970689955,-0.7011202970689955,2386,2026-05-01
001790,대한제당,2610.0,-4.63,-628.0,0.56,음식료·담배,-2.18,-11.61,159.38,-1.28,52.87,-0.7043498706559204,-0.7043498706559204,2387,2026-05-01
027740,마니커,521.0,-821.0,-1.0,1.24,음식료·담배,0.0,-0.11,274.08,10.85,0.0,-0.7123410660539956,-0.7123410660539956,2388,2026-05-01
020560,아시아나항공,14502.0,-5.12,-1374.0,1.94,운송·창고,-0.28,-34.48,1370.19,-12.64,0.0,-0.7146842035574584,-0.7146842035574584,2389,2026-05-01
006110,삼아알미늄,10405.0,-40.66,-1692.0,4.64,금속,-5.23,-10.79,107.42,7.84,0.0,-0.7149384134690597,-0.7149384134690597,2390,2026-05-01
004380,삼익THK,2453.0,-5.52,-2146.0,1.56,기계·장비,-1.5,-25.27,149.52,-27.02,0.0,-0.7200141604377459,-0.7200141604377459,2391,2026-05-01
001570,금양,6333.0,-9.62,-1029.0,1.38,화학,0.0,-13.87,165.33,-33.14,0.0,-0.744485877567403,-0.744485877567403,2392,2026-05-01
001210,금호전기,582.0,-16.8,-56.0,2.35,전기·전자,1.29,-14.57,204.26,-16.61,0.0,-0.7445742094628773,-0.7445742094628773,2393,2026-05-01
008770,호텔신라,25708.0,-15.16,-4321.0,2.24,유통,-3.25,-14.46,220.14,3.06,0.0,-0.7527449659808321,-0.7527449659808321,2394,2026-05-01
119650,KC코트렐,1008.0,-7.06,-130.0,1.97,기계·장비,0.0,-19.57,289.64,-43.43,0.0,-0.7568259499608107,-0.7568259499608107,2395,2026-05-01
308170,씨티알모빌리티,464.0,-14.37,-375.0,0.53,운송장비·부품,-2.71,-4.07,283.59,6.75,48.33,-0.7580892573576532,-0.7580892573576532,2396,2026-05-01
241590,화승엔터프라이즈,2926.0,-10.13,-477.0,0.63,섬유·의류,-0.31,-5.87,180.38,-2.81,-56.77,-0.7603238703005911,-0.7603238703005911,2397,2026-05-01
010040,한국내화,821.0,-3.76,-531.0,0.47,비금속,-0.05,-12.26,58.06,-2.32,-67.67,-0.7637130043570723,-0.7637130043570723,2398,2026-05-01
000680,LS네트웍스,3526.0,-11.05,-405.0,0.4,유통,-3.35,-3.52,814.38,35.24,-26.17,-0.7667810038612755,-0.7667810038612755,2399,2026-05-01
004990,롯데지주,30447.0,-4.99,-6125.0,0.39,금융,-2.4,-10.51,144.87,-1.38,-29.67,-0.7681090803821917,-0.7681090803821917,2400,2026-05-01
016450,한세예스24홀딩스,1816.0,-5.49,-827.0,0.39,섬유·의류,-0.98,-6.86,222.47,20.45,-57.0,-0.7807285558803664,-0.7807285558803664,2401,2026-05-01
023150,MH에탄올,332.0,-13.93,-323.0,0.48,음식료·담배,-2.81,-3.83,317.46,-5.68,-11.07,-0.7840062272319619,-0.7840062272319619,2402,2026-05-01
096770,SK이노베이션,247155.0,-6.94,-21056.0,1.13,화학,-2.4,-14.42,190.2,8.11,0.0,-0.7959445268063217,-0.7959445268063217,2403,2026-05-01
002020,코오롱,9294.0,-6.23,-11553.0,0.54,금융,-4.0,-8.92,207.31,-0.57,0.0,-0.8097587272774355,-0.8097587272774355,2404,2026-05-01
014990,인디에프,570.0,-759.0,-1.0,1.5,섬유·의류,-2.06,-0.28,205.48,-8.84,0.0,-0.825261858053674,-0.825261858053674,2405,2026-05-01
137310,에스디바이오센서,10167.0,-2.01,-4193.0,0.43,의료·정밀기기,0.84,-19.5,38.76,2.31,0.0,-0.8298359026987726,-0.8298359026987726,2406,2026-05-01
009310,참엔지니어링,233.0,-1.26,-843.0,0.28,기계·장비,0.0,-22.85,1154.41,-7.79,0.0,-0.8748450459091448,-0.8748450459091448,2407,2026-05-01
001290,상상인증권,1414.0,-24.17,-54.0,0.71,증권,-2.39,-3.11,537.0,-43.68,0.0,-0.9049129532426117,-0.9049129532426117,2408,2026-05-01
009440,KC그린홀딩스,176.0,-0.43,-1741.0,0.17,금융,0.0,-29.91,51.01,-79.99,0.0,-0.9054567133016408,-0.9054567133016408,2409,2026-05-01
133820,화인베스틸,631.0,-10.76,-158.0,1.25,금속,-1.05,-12.26,231.53,56.22,0.0,-0.9143543903008087,-0.9143543903008087,2410,2026-05-01
004410,서울식품,623.0,-19.75,-8.0,2.59,음식료·담배,0.0,-12.02,188.64,-9.56,0.0,-0.9690783322896971,-0.9690783322896971,2411,2026-05-01
298050,HS효성첨단소재,12073.0,-55.8,-4830.0,1.49,화학,-2.88,-2.34,372.28,-0.85,-28.35,-1.0062933743676212,-1.0062933743676212,2412,2026-05-01
006740,영풍제지,348.0,-1.4,-436.0,0.41,종이·목재,-2.4,-26.05,100.88,5.83,0.0,-1.0075593251064614,-1.0075593251064614,2413,2026-05-01
403550,쏘카,5849.0,-31.8,-560.0,3.55,일반서비스,30.0,-10.56,256.7,9.02,0.0,-1.0122584995377235,-1.0122584995377235,2414,2026-05-01
092200,디아이씨,2952.0,-28.01,-271.0,2.08,운송장비·부품,-4.77,-7.24,300.44,5.31,-15.03,-1.0450427956303838,-1.0450427956303838,2415,2026-05-01
025750,한솔홈데코,442.0,-9.91,-277.0,2.22,종이·목재,1.86,-20.01,128.79,-14.5,-79.58,-1.0463149132235765,-1.0463149132235765,2416,2026-05-01
003060,에이프로젠바이오로직스,498.0,-0.29,-858.0,0.24,제약,0.0,-58.11,111.48,8.68,0.0,-1.0463830053072618,-1.0463830053072618,2417,2026-05-01
012160,영흥,543.0,-1.04,-517.0,0.27,금속,-3.07,-32.52,143.31,-9.76,0.0,-1.0485452582202937,-1.0485452582202937,2418,2026-05-01
084690,대상홀딩스,3455.0,-3.31,-2878.0,0.57,금융,-1.55,-15.42,236.26,5.06,8.59,-1.1044069006904462,-1.1044069006904462,2419,2026-05-01
000400,롯데손해보험,6564.0,0.0,0.0,0.0,보험,-2.08,0.0,0.0,0.0,0.0,-1.1124494442858075,-1.1124494442858075,2420,2026-05-01
336260,두산퓨얼셀,39820.0,-37.46,-1623.0,13.54,전기·전자,3.75,-30.66,226.12,10.45,0.0,-1.1212633504271432,-1.1212633504271432,2421,2026-05-01
079160,CJ CGV,8171.0,-5.69,-868.0,1.43,오락·문화,1.02,-22.79,533.92,16.22,26.71,-1.1239678240960846,-1.1239678240960846,2422,2026-05-01
000520,삼일제약,1928.0,-5.56,-1598.0,1.42,제약,-2.31,-22.41,178.85,-4.3,0.0,-1.1418747162498515,-1.1418747162498515,2423,2026-05-01
003070,코오롱글로벌,2911.0,-1.21,-9461.0,0.43,건설,-3.46,-29.22,332.25,-7.81,0.0,-1.1852237733113173,-1.1852237733113173,2424,2026-05-01
047040,대우건설,143818.0,-15.95,-2195.0,4.3,건설,-5.15,-23.89,284.46,-23.32,0.0,-1.2064285009791105,-1.2064285009791105,2425,2026-05-01
011230,삼화전자,482.0,-5.28,-476.0,2.35,전기·전자,-0.2,-45.33,206.88,-11.27,0.0,-1.2174719687611895,-1.2174719687611895,2426,2026-05-01
002880,대유에이텍,467.0,-71.29,-14.0,1.0,운송장비·부품,1.84,-1.4,744.65,12.12,-19.39,-1.2211351563104744,-1.2211351563104744,2427,2026-05-01
071950,코아스,180.0,-0.27,-5422.0,0.5,제조,-10.07,-171.5,134.5,-20.17,0.0,-1.2806835511280292,-1.2806835511280292,2428,2026-05-01
036420,콘텐트리중앙,1165.0,-1.29,-4691.0,0.79,오락·문화,0.17,-71.28,317.83,23.18,0.0,-1.2877621262975838,-1.2877621262975838,2429,2026-05-01
007460,에이프로젠,965.0,-1.33,-221.0,0.57,금속,0.0,-44.3,56.4,-21.41,0.0,-1.3031451900622997,-1.3031451900622997,2430,2026-05-01
069460,대호에이엘,463.0,-1.27,-419.0,0.56,금속,0.0,-36.09,100.9,27.95,-40.42,-1.3317413027911436,-1.3317413027911436,2431,2026-05-01
006840,AK홀딩스,1134.0,-0.95,-9008.0,0.27,금융,-0.93,-25.49,432.2,-15.08,0.0,-1.3342986829389634,-1.3342986829389634,2432,2026-05-01
001680,대상,7172.0,-2.45,-8447.0,0.7,음식료·담배,-0.72,-24.42,217.17,3.44,-4.33,-1.3347180258735183,-1.3347180258735183,2433,2026-05-01
008600,윌비스,176.0,-0.48,-5410.0,0.28,유통,0.0,-52.44,412.32,-13.37,0.0,-1.3603248778974124,-1.3603248778974124,2434,2026-05-01
005950,이수화학,2927.0,-8.93,-1247.0,3.05,화학,-6.08,-30.98,305.01,-13.4,0.0,-1.3954750466835981,-1.3954750466835981,2435,2026-05-01
011300,성안머티리얼스,503.0,-62.25,-51.0,15.8,섬유·의류,-10.31,-24.61,224.37,-3.12,0.0,-1.4134757825902955,-1.4134757825902955,2436,2026-05-01
012170,아센디오,260.0,-1.06,-1270.0,2.01,오락·문화,-0.45,-102.16,50.58,-56.02,0.0,-1.4217550722209513,-1.4217550722209513,2437,2026-05-01
004540,깨끗한나라,747.0,-1.59,-1263.0,0.44,종이·목재,-1.23,-26.34,273.37,-5.37,0.0,-1.448612884673457,-1.448612884673457,2438,2026-05-01
480370,씨케이솔루션,804.0,-1.97,-1254.0,1.12,건설,-3.32,-49.18,193.01,-1.61,0.0,-1.4671610206308308,-1.4671610206308308,2439,2026-05-01
006490,인스코비,678.0,-1.37,-339.0,3.84,통신,1.97,-132.83,276.33,5.0,0.0,-1.6217869477908196,-1.6217869477908196,2440,2026-05-01
058860,KTis,1001.0,0.0,0.0,0.0,IT 서비스,0.0,0.0,95.16,6.2,6.45,-1.6284596602531214,-1.6284596602531214,2441,2026-05-01
019490,엑시큐어하이트론,413.0,-1.47,-369.0,3.34,전기·전자,0.0,-144.87,169.06,-19.46,0.0,-1.6414217318459954,-1.6414217318459954,2442,2026-05-01
015260,에이엔피,356.0,-2.41,-313.0,1.66,전기·전자,-0.66,-60.93,384.42,3.52,0.0,-1.7003044419914453,-1.7003044419914453,2443,2026-05-01
007120,미래아이앤지,559.0,-6.82,-284.0,1.02,IT 서비스,-0.77,-14.73,46.88,-10.16,-37.72,-1.7309503940444535,-1.7309503940444535,2444,2026-05-01
006570,대림통상,306.0,-1.81,-1111.0,0.8,금속,-0.99,-35.21,305.43,-7.88,0.0,-1.7425369971252855,-1.7425369971252855,2445,2026-05-01
432320,KB스타리츠,2196.0,-2.41,-900.0,0.91,리츠,1.17,-26.53,363.5,12.51,27.02,-1.7651544896532312,-1.7651544896532312,2446,2026-05-01
011790,SKC,44685.0,-6.48,-18219.0,4.83,화학,-4.07,-73.28,232.74,7.11,0.0,-1.779600511565574,-1.779600511565574,2447,2026-05-01
143210,핸즈코퍼레이션,262.0,-0.3,-4014.0,0.28,운송장비·부품,0.0,-67.41,726.2,2.66,0.0,-1.8431424834695695,-1.8431424834695695,2448,2026-05-01
005090,SGC에너지,8602.0,-14.02,-4259.0,1.23,전기·가스,-1.32,-8.42,339.16,4.49,-49.47,-1.8636903582005295,-1.8636903582005295,2449,2026-05-01
139990,아주스틸,1473.0,-3.56,-1067.0,1.0,금속,-2.06,-31.3,596.53,8.6,0.0,-1.8709516952268908,-1.8709516952268908,2450,2026-05-01
011000,진원생명과학,786.0,-1.39,-622.0,1.8,제약,1.76,-81.98,191.47,-35.49,0.0,-1.8957803138286053,-1.8957803138286053,2451,2026-05-01
066970,엘앤에프,78754.0,-13.56,-14393.0,11.16,전기·전자,-6.65,-76.95,363.06,12.97,0.0,-2.0473561536733165,-2.0473561536733165,2452,2026-05-01
069640,한세엠케이,298.0,-0.68,-980.0,1.5,유통,0.0,-117.07,1403.71,1.56,0.0,-2.1510480973755843,-2.1510480973755843,2453,2026-05-01
012200,계양전기,1906.0,-5.39,-1299.0,9.54,기계·장비,-2.1,-96.62,959.49,5.6,0.0,-2.178464469009988,-2.178464469009988,2454,2026-05-01
091810,티웨이항공,3820.0,-0.7,-1326.0,6.42,운송·창고,-1.7,-503.7,3498.63,17.01,0.0,-2.2298307646985513,-2.2298307646985513,2455,2026-05-01
