종목코드,종목명,시가총액,PER,EPS,PBR,섹터,당일등락(%),ROE(%),부채비율(%),매출증가율(%),영업이익증가율(%),raw_score,퀄리티점수,랭킹,기준일자
031820,아이티센씨티에스,702.0,1.33,4364.0,0.31,IT 서비스,0.35,35.81,103.66,10.81,0.0,1.9217310705929385,1.9337097708779902,1,2026-10-08
000910,유니온,457.0,1.96,1496.0,0.42,비금속,-0.85,51.22,135.04,-5.43,-81.63,1.4396067244759585,1.4369953262669237,2,2026-10-08
483650,달바글로벌,21923.0,26.52,6599.0,10.92,화학,-4.27,49.41,35.0,47.9,55.75,1.3791676572107099,1.379903796035078,3,2026-10-08
009770,삼정펄프,685.0,1.8,15182.0,0.27,종이·목재,-1.44,15.76,15.53,-8.09,-24.64,1.3443386344665142,1.3523196663293904,4,2026-10-08
002380,KCC,39570.0,2.66,173128.0,0.43,화학,-1.5,40.44,91.73,4.55,-13.78,1.3587700642982299,1.3495552476977286,5,2026-10-08
003230,삼양식품,88287.0,22.67,51697.0,7.03,음식료·담배,-3.7,38.78,77.54,37.21,39.06,1.3423057885544911,1.3418800702059719,6,2026-10-08
326030,SK바이오팜,56934.0,21.33,3409.0,7.0,일반서비스,-4.34,49.59,38.86,48.21,113.39,1.334191065420833,1.3336192404076848,7,2026-10-08
001420,태원물산,205.0,1.17,2299.0,0.45,운송장비·부품,2.86,47.06,18.25,25.6,0.0,1.3264753924317123,1.3178998800051467,8,2026-10-08
096760,JW홀딩스,3035.0,5.19,791.0,1.06,금융,-2.96,32.69,97.55,8.93,27.15,1.1748387049441258,1.1727060066682817,9,2026-10-08
001770,SHD,48.0,1.63,2410.0,0.09,금속,0.0,5.58,52.89,0.29,0.0,1.1676788112443164,1.1643938364862731,10,2026-10-08
443060,HD현대마린솔루션,98409.0,36.5,6013.0,11.93,일반서비스,-0.23,41.27,55.98,21.16,15.06,1.0638392467755466,1.0636263488313007,11,2026-10-08
092230,KPX홀딩스,3775.0,5.09,18774.0,0.34,화학,-0.1,25.57,35.76,14.08,70.45,1.0619014443908636,1.0567152185394892,12,2026-10-08
383220,F&F,28309.0,7.1,10404.0,1.47,섬유·의류,-0.27,28.34,26.67,8.6,15.57,1.0519091106152014,1.0545305964635656,13,2026-10-08
019180,티에이치엔,885.0,1.29,3815.0,0.39,전기·전자,-1.4,35.15,153.8,33.35,36.56,1.0071361945516217,0.9992266301861588,14,2026-10-08
350520,이지스레지던스리츠,1182.0,6.01,533.0,0.36,리츠,-0.31,9.8,42.15,96.71,262.48,1.0030858764748638,0.9934588327588493,15,2026-10-08
100250,진양홀딩스,1930.0,9.65,313.0,0.47,화학,0.0,27.83,51.55,2.74,-15.78,0.9925360069239072,0.9886019354727927,16,2026-10-08
069730,DSR제강,776.0,3.15,1713.0,0.41,금속,-0.37,17.73,41.97,6.02,3.75,0.974563993033755,0.9746333899892758,17,2026-10-08
004920,씨아이테크,379.0,2.51,2900.0,0.52,전기·전자,0.83,26.34,38.22,-46.21,0.0,0.9733670639576213,0.9240790603181614,18,2026-10-08
446070,유니드비티플러스,418.0,6.53,603.0,0.21,종이·목재,0.13,3.31,20.87,15.47,0.0,0.9041759953680697,0.9091572426945052,19,2026-10-08
001720,신영증권,22326.0,14.97,9073.0,0.54,증권,-2.72,9.53,552.07,84.45,59.87,0.8570719115136225,0.8578276814412577,20,2026-10-08
001450,현대해상,40195.0,4.13,11407.0,0.72,보험,-1.98,21.03,651.2,1.34,25.25,0.8546861774310448,0.8560377586966952,21,2026-10-08
002960,한국쉘석유,7020.0,19.15,28196.0,5.52,화학,-0.18,28.93,50.3,2.09,8.65,0.8471425659769419,0.8485124748035313,22,2026-10-08
029530,신도리코,3673.0,18.99,1991.0,0.3,전기·전자,-0.66,3.63,6.69,4.11,0.0,0.8501132936886241,0.843022199723813,23,2026-10-08
155660,DSR,680.0,4.55,935.0,0.28,금속,0.59,12.69,60.06,9.14,23.85,0.8377262726365992,0.8409707927968304,24,2026-10-08
248170,샘표식품,998.0,5.0,4366.0,0.38,음식료·담배,0.0,9.71,40.93,2.36,31.51,0.8347163563606883,0.8368417868981233,25,2026-10-08
009140,경인전자,360.0,9.4,2437.0,0.37,전기·전자,-3.58,8.23,11.16,37.2,283.92,0.8249240432191811,0.8362291154479933,26,2026-10-08
126560,현대퓨처넷,3653.0,49.19,68.0,0.5,통신,-0.89,1.27,5.72,9.82,34.04,0.8332151244445283,0.8294655891526943,27,2026-10-08
034730,SK,402390.0,25.39,21863.0,1.21,금융,-4.31,25.41,107.92,29.06,1237.32,0.827164322168568,0.8257680021275465,28,2026-10-08
009540,HD한국조선해양,206304.0,9.51,30639.0,1.55,금융,-3.32,25.71,146.91,20.2,65.55,0.8230099208254147,0.819988589141676,29,2026-10-08
021820,세원정공,1066.0,2.15,4956.0,0.15,운송장비·부품,1.81,7.36,9.87,-0.75,38.73,0.8140625911848874,0.8154671521695692,30,2026-10-08
136490,선진,2399.0,2.02,5002.0,0.43,음식료·담배,-1.46,14.87,140.28,16.85,4.27,0.8105458735962853,0.8138085354201354,31,2026-10-08
145270,케이탑리츠,385.0,6.21,129.0,0.36,리츠,0.12,7.82,105.58,11.61,30.37,0.8081213105907832,0.8090460560103452,32,2026-10-08
033920,무학,2078.0,4.13,1766.0,0.32,음식료·담배,-0.14,5.49,25.77,-3.34,-57.12,0.8022062504793077,0.8034330452766484,33,2026-10-08
267250,HD현대,141793.0,14.73,12187.0,1.25,금융,-5.28,25.2,160.15,22.49,186.95,0.7990020509848048,0.7954693745884356,34,2026-10-08
010770,평화홀딩스,520.0,1.5,2375.0,0.4,운송장비·부품,0.85,36.41,222.09,3.97,38.86,0.7867910920399555,0.7930526539149545,35,2026-10-08
005870,휴니드,603.0,5.62,761.0,0.33,전기·전자,-2.84,6.45,40.3,0.86,-47.39,0.7957405763965881,0.7799946858736391,36,2026-10-08
129260,인터지스,565.0,5.74,331.0,0.18,운송·창고,0.0,2.4,77.97,17.44,-28.45,0.7782995673574408,0.7675734967375141,37,2026-10-08
093240,형지엘리트,182.0,1.97,150.0,0.15,섬유·의류,0.0,7.19,71.87,6.69,26.71,0.7723801989872289,0.7542059431698954,38,2026-10-08
000850,화천기공,804.0,7.07,5173.0,0.24,기계·장비,-0.68,6.01,28.91,24.05,276.33,0.735808820931754,0.7361335132151828,39,2026-10-08
062040,산일전기,68180.0,45.49,4891.0,11.55,전기·전자,-3.89,31.06,14.24,38.5,40.38,0.73179760904147,0.7324762603028994,40,2026-10-08
000890,보해양조,365.0,5.5,240.0,0.42,음식료·담배,0.38,8.75,62.18,-4.8,32.9,0.725677891975646,0.7282731784336831,41,2026-10-08
334890,이지스밸류플러스리츠,2497.0,18.92,190.0,0.55,리츠,-0.96,5.88,33.61,-18.08,-85.5,0.72991431590292,0.7273788870720453,42,2026-10-08
025540,한국단자,5472.0,5.21,10383.0,0.47,전기·전자,-1.64,10.62,38.09,-0.74,-33.4,0.7306356162368532,0.7249696712780664,43,2026-10-08
016380,KG스틸,5510.0,4.08,1350.0,0.26,금속,-1.61,8.88,63.21,5.19,-36.68,0.7234180731511305,0.7216334612562485,44,2026-10-08
032560,황금에스티,942.0,5.23,1060.0,0.24,금속,-0.54,6.78,27.96,26.37,129.14,0.7200457377947469,0.7193036127372187,45,2026-10-08
005930,삼성전자,15317250.0,39.91,6564.0,4.09,전기·전자,-2.42,31.39,31.1,98.67,1191.44,0.7195186211143221,0.719302296487945,46,2026-10-08
001060,JW중외제약,6136.0,10.67,2470.0,1.72,제약,-4.7,27.63,60.98,12.11,42.45,0.7055579579281013,0.7143789848039307,47,2026-10-08
044820,코스맥스비티아이,2334.0,7.99,3041.0,0.84,금융,-3.76,22.45,204.41,39.66,98.66,0.7135907450899167,0.7130057417529069,48,2026-10-08
271560,오리온,41189.0,10.76,9680.0,1.08,음식료·담배,-1.79,11.09,18.94,15.52,17.88,0.713537531537322,0.7124537402092126,49,2026-10-08
000950,전방,491.0,1.65,17743.0,0.15,섬유·의류,-2.34,0.22,3.55,-39.66,0.0,0.7116562646403114,0.7070126806800365,50,2026-10-08
033780,KT&G,184160.0,19.77,8973.0,1.98,음식료·담배,-1.22,15.22,54.65,12.05,22.59,0.705299337478678,0.7058252362265244,51,2026-10-08
016800,퍼시스,2806.0,7.89,3094.0,0.37,제조,1.46,10.02,12.81,-0.46,0.0,0.7103315949515141,0.704869175243014,52,2026-10-08
071970,HD현대마린엔진,14518.0,8.79,4867.0,2.97,기계·장비,-4.89,44.29,89.11,43.53,130.22,0.702859255877831,0.6999682422454181,53,2026-10-08
034120,SBS,2150.0,26.77,433.0,0.17,오락·문화,-0.86,0.21,69.63,0.26,0.0,0.6919750924259985,0.6966658557763137,54,2026-10-08
002310,아세아제지,2978.0,10.65,709.0,0.34,종이·목재,0.27,3.21,23.39,4.52,-3.35,0.690448108558176,0.6891899099739542,55,2026-10-08
001470,삼부토건,2278.0,-0.03,-182425.0,-0.02,건설,0.0,4646.34,181.7,-18.96,0.0,0.68782491553297,0.688342439351171,56,2026-10-08
017960,한국카본,9896.0,9.77,1960.0,1.66,금속,-5.43,17.12,68.86,-0.14,45.76,0.6886887053558258,0.686403191569113,57,2026-10-08
004960,한신공영,1257.0,2.1,5172.0,0.15,건설,-0.55,10.15,162.76,-15.45,16.58,0.6823511513285345,0.685326731628014,58,2026-10-08
005950,이수화학,2969.0,-9.05,-1247.0,3.09,화학,-1.4,58.08,151.1,86.27,3008.35,0.6778756282993759,0.6789122949697165,59,2026-10-08
016590,신대양제지,3651.0,16.01,566.0,0.45,종이·목재,0.55,5.42,29.57,4.14,14.52,0.6733421205486235,0.6775097717850229,60,2026-10-08
210980,SK디앤디,560.0,7.9,381.0,0.1,부동산,-1.95,-15.47,219.73,-32.36,0.0,0.6304602553975378,0.6729045976460282,61,2026-10-08
005180,빙그레,7772.0,15.27,5757.0,1.04,음식료·담배,-0.79,11.51,44.91,5.06,107.24,0.665846674853538,0.6686352572507128,62,2026-10-08
025000,KPX케미칼,2447.0,5.59,10548.0,0.37,화학,0.68,14.23,38.46,8.07,74.13,0.6683874991608035,0.6681907545235661,63,2026-10-08
090080,평화산업,553.0,3.52,286.0,0.89,운송장비·부품,0.9,42.99,242.8,6.01,163.03,0.6655282817931264,0.6678642583482939,64,2026-10-08
268280,미원에스씨,6460.0,10.54,12261.0,1.39,화학,2.3,19.13,26.61,11.53,51.6,0.6637697795212881,0.6650150282736523,65,2026-10-08
439260,대한조선,17178.0,6.17,7310.0,1.59,운송장비·부품,-3.22,34.23,47.03,9.77,34.56,0.6633950903197465,0.6632194228827174,66,2026-10-08
107590,미원홀딩스,1366.0,5.22,11280.0,0.47,금융,-0.51,17.19,63.63,25.03,139.02,0.662202236619553,0.6615994685476276,67,2026-10-08
008260,NI스틸,908.0,3.53,899.0,0.35,금속,-0.78,10.53,86.11,-28.11,-47.45,0.666250886355239,0.6595136317836273,68,2026-10-08
003650,미창석유,2129.0,4.05,30250.0,0.5,화학,0.16,13.54,18.53,5.55,-4.9,0.660261306838162,0.6585505439722114,69,2026-10-08
004490,세방전지,8704.0,6.23,10076.0,0.52,전기·전자,0.16,8.84,43.44,-2.14,-20.96,0.6546661292867074,0.6585249335220962,70,2026-10-08
001620,케이비아이동국실업,494.0,1.57,1417.0,0.19,운송장비·부품,1.83,17.21,224.12,9.38,0.0,0.633541071926616,0.656931263610231,71,2026-10-08
078520,에이블씨엔씨,2898.0,21.38,543.0,3.37,화학,-2.27,28.07,110.79,7.43,68.67,0.649845975141658,0.6514378898713615,72,2026-10-08
007860,서연,1747.0,3.13,2380.0,0.18,금융,-0.67,10.17,123.32,5.5,2.76,0.6621143497512746,0.6495041505102712,73,2026-10-08
005680,삼영전자,2490.0,48.63,256.0,0.44,전기·전자,-0.4,0.75,8.64,1.29,-30.68,0.6411746407558935,0.6417880132123944,74,2026-10-08
008420,문배철강,419.0,6.33,323.0,0.22,금속,-0.97,3.58,20.55,-14.32,0.0,0.6406274559693643,0.6390367869707382,75,2026-10-08
018500,동원금속,612.0,1.57,835.0,0.34,운송장비·부품,-0.08,29.27,243.58,15.27,10.43,0.6362762424762098,0.6337232036604176,76,2026-10-08
033240,자화전자,5833.0,12.56,2150.0,1.25,전기·전자,-1.64,24.64,67.8,50.71,0.0,0.6314773934746106,0.6309600982679253,77,2026-10-08
108320,LX세미콘,6083.0,7.36,5081.0,0.54,전기·전자,-0.53,5.22,27.21,-7.6,-39.07,0.626527294949207,0.6273668332211824,78,2026-10-08
003920,남양유업,2354.0,47.65,871.0,0.34,음식료·담배,-0.72,1.68,16.96,7.93,79.52,0.6302514008948739,0.6266284742036798,79,2026-10-08
004360,세방,2617.0,4.78,2865.0,0.25,운송·창고,1.48,5.12,24.66,-6.9,-31.14,0.6187430801494109,0.6204616034611359,80,2026-10-08
006090,사조오양,845.0,6.68,1342.0,0.37,음식료·담배,0.67,5.61,80.74,2.34,28.35,0.6145583653043569,0.6177684535222422,81,2026-10-08
002450,삼익악기,979.0,5.54,195.0,0.29,제조,-0.18,13.68,96.89,0.39,203.97,0.6248003532680089,0.6142748126617777,82,2026-10-08
004800,효성,24793.0,7.52,19707.0,1.01,금융,-2.57,18.82,81.72,9.35,80.28,0.6117265562292546,0.6091269040091197,83,2026-10-08
006980,우성,492.0,3.8,4186.0,0.19,음식료·담배,-4.27,0.69,143.32,8.64,-80.43,0.6308491837554727,0.6063365576461062,84,2026-10-08
013520,화승코퍼레이션,1216.0,1.56,1559.0,0.4,운송장비·부품,-4.52,27.0,191.33,4.95,-15.16,0.6150078474986022,0.6055040149815591,85,2026-10-08
001230,동국홀딩스,3141.0,20.0,101.0,0.14,금융,0.75,6.33,45.85,29.17,-4.59,0.6030989822737552,0.6048267992807266,86,2026-10-08
003480,한진중공업홀딩스,1375.0,2.33,2001.0,0.27,전기·가스,-0.32,15.11,232.19,-0.68,34.29,0.6034630730565096,0.6026113342769037,87,2026-10-08
210540,디와이파워,1195.0,4.75,2277.0,0.38,기계·장비,-2.26,10.13,25.6,8.88,26.61,0.6084841629625817,0.6026103622941874,88,2026-10-08
267260,HD현대일렉트릭,218446.0,29.82,20324.0,10.75,전기·전자,-3.5,43.7,143.18,13.4,27.61,0.6002755348572733,0.5997692903568295,89,2026-10-08
004770,써니전자,627.0,14.72,120.0,0.77,전기·전자,0.06,5.36,2.33,0.39,185.71,0.5902329736466696,0.5860538489747683,90,2026-10-08
234080,JW생명과학,1732.0,6.05,1807.0,0.77,제약,0.0,11.92,34.85,-3.15,0.46,0.6135960101436402,0.5858669745804714,91,2026-10-08
033270,유나이티드제약,2842.0,8.98,1989.0,0.67,제약,-0.61,8.27,16.67,3.5,2.43,0.6206918698352188,0.583077257929376,92,2026-10-08
293480,하나제약,1505.0,7.08,1196.0,0.47,제약,-0.12,7.24,23.56,0.39,-6.94,0.6511217543322347,0.5808269059948611,93,2026-10-08
100840,SNT에너지,6284.0,7.79,4080.0,1.72,기계·장비,-4.65,30.82,46.08,-9.5,9.52,0.5854028449675943,0.5801736579313569,94,2026-10-08
012630,HDC,13711.0,4.56,5038.0,0.39,금융,1.55,14.82,120.5,-17.95,27.23,0.5821261189509424,0.5800523536702659,95,2026-10-08
017370,우신시스템,660.0,4.4,819.0,0.33,기계·장비,-1.9,9.44,142.0,-17.36,0.0,0.5707457943818638,0.5729327167128404,96,2026-10-08
207940,삼성바이오로직스,564287.0,46.26,26350.0,7.63,제약,-4.54,19.88,51.31,28.02,28.63,0.5382791903718555,0.5708499214923678,97,2026-10-08
079430,현대리바트,1120.0,15.43,361.0,0.27,제조,0.0,1.34,95.63,-13.99,-54.69,0.5727726905722668,0.5705906381423052,98,2026-10-08
004370,농심,24179.0,14.21,27970.0,0.82,음식료·담배,-0.62,6.94,36.91,7.35,31.68,0.5716853296721784,0.5692177495007618,99,2026-10-08
003240,태광산업,10132.0,12.54,72592.0,0.19,화학,-1.52,2.9,13.42,17.55,0.0,0.5835385681151951,0.5663601152948494,100,2026-10-08
016580,환인제약,1893.0,13.93,731.0,0.45,제약,0.0,5.08,13.43,14.69,116.47,0.6415362741142279,0.5661841404036625,101,2026-10-08
111380,동인기연,779.0,6.77,1880.0,0.5,섬유·의류,-0.78,16.43,92.57,11.33,71.44,0.5634156852014699,0.5630504323179863,102,2026-10-08
001380,SG글로벌,228.0,8.13,125.0,0.15,운송장비·부품,-8.05,2.36,28.28,12.39,5.37,0.5905677725640293,0.5599298945938844,103,2026-10-08
044380,주연테크,61.0,-3.33,-131.0,0.15,전기·전자,0.0,0.45,17.73,6.07,0.0,0.5549369163697531,0.5547825644220378,104,2026-10-08
014440,영보화학,936.0,5.56,841.0,0.48,화학,0.65,9.71,9.65,9.5,0.73,0.5556829683103461,0.554131298402856,105,2026-10-08
229640,LS에코에너지,22356.0,53.13,1374.0,10.58,금융,5.8,20.27,114.83,32.84,16.51,0.5520020000919612,0.5538422354781325,106,2026-10-08
001520,동양,1193.0,6.63,168.0,0.15,비금속,-1.07,1.65,95.33,-15.15,0.0,0.5502473884994795,0.5527632070690007,107,2026-10-08
163560,동일고무벨트,755.0,7.08,767.0,0.32,화학,-1.09,10.75,48.41,12.63,73.89,0.5563463189527211,0.5494187543716293,108,2026-10-08
322000,HD현대에너지솔루션,16498.0,39.59,3721.0,3.95,전기·전자,1.24,19.67,36.39,48.39,441.57,0.5438157175074088,0.5463044547390576,109,2026-10-08
002460,HS화성,1125.0,4.08,2719.0,0.24,건설,-0.27,6.1,71.04,-43.66,0.0,0.5426316882848901,0.545790182173127,110,2026-10-08
128940,한미약품,61557.0,36.31,13235.0,4.88,제약,-10.02,17.14,46.86,14.35,54.65,0.5148934824862729,0.5435138288637813,111,2026-10-08
005880,대한해운,6552.0,3.63,559.0,0.3,운송·창고,-1.93,8.05,63.81,-10.88,41.7,0.5540008669534731,0.5401088472151843,112,2026-10-08
042700,한미반도체,254484.0,119.57,2233.0,36.69,기계·장비,0.95,33.24,18.03,-7.75,-10.99,0.5358190268579808,0.5374642567698092,113,2026-10-08
003120,일성아이에스,2973.0,22.69,985.0,0.61,제약,0.68,3.41,3.05,-11.58,0.0,0.5818035114632394,0.5370608014886622,114,2026-10-08
123700,SJM,502.0,4.14,777.0,0.22,운송장비·부품,-1.23,7.71,21.65,3.65,-6.57,0.531963241081753,0.5347408891532529,115,2026-10-08
000220,유유제약,605.0,9.23,416.0,0.54,제약,0.0,9.66,42.21,5.07,34.77,0.5902392541094851,0.5343982088685657,116,2026-10-08
100220,비상교육,647.0,3.04,1638.0,0.31,오락·문화,-0.2,16.6,78.58,19.3,256.16,0.5316022617616092,0.5335397304178384,117,2026-10-08
000990,DB하이텍,60384.0,24.0,5783.0,2.64,전기·전자,3.27,15.88,29.37,21.94,36.25,0.5303637681496346,0.5318364936297173,118,2026-10-08
284740,쿠쿠홈시스,5497.0,4.6,5327.0,0.51,일반서비스,-1.61,13.34,23.29,4.63,7.7,0.5280822840440955,0.5294386204130933,119,2026-10-08
009450,경동나비엔,8916.0,9.94,6157.0,1.15,전기·전자,-0.81,19.41,86.67,7.4,63.36,0.5280437238939181,0.5290415922034165,120,2026-10-08
007660,이수페타시스,92129.0,55.6,2257.0,12.19,전기·전자,2.87,26.37,70.6,45.81,60.76,0.5277956135982347,0.5288348557650592,121,2026-10-08
244920,에이플러스에셋,2830.0,12.79,979.0,1.67,금융,-1.18,18.03,98.02,18.37,59.26,0.5261105856929967,0.5272134064459133,122,2026-10-08
004720,팜젠사이언스,648.0,18.57,154.0,0.21,제약,-2.05,0.05,36.82,0.87,-32.15,0.7274312538810506,0.5198279937987444,123,2026-10-08
097520,엠씨넥스,3287.0,6.57,2877.0,0.79,전기·전자,-1.46,8.94,58.77,-11.3,-63.33,0.5203300500423759,0.5176581856389425,124,2026-10-08
010960,삼호개발,738.0,4.04,757.0,0.29,건설,-0.65,5.79,48.01,-3.96,-76.22,0.5142166900774735,0.5168374479329287,125,2026-10-08
009970,영원무역홀딩스,22591.0,6.43,27133.0,0.67,금융,2.05,14.5,29.63,12.84,19.79,0.5091532236190401,0.5161794706708309,126,2026-10-08
058650,세아홀딩스,5110.0,7.8,16154.0,0.22,금속,-0.24,4.55,114.08,15.75,86.59,0.5147197911770603,0.5135420614075455,127,2026-10-08
003720,삼영,2183.0,16.59,387.0,2.47,화학,-0.47,23.88,117.98,58.34,187.5,0.5083415405433934,0.5086253220088646,128,2026-10-08
073240,금호타이어,19476.0,5.61,1209.0,0.96,화학,1.8,23.14,138.85,3.01,2.34,0.5082492381256196,0.5081667227695721,129,2026-10-08
058850,KTcs,907.0,4.0,548.0,0.39,IT 서비스,-0.68,11.32,88.87,-1.88,3.62,0.505316504974862,0.5081183831697808,130,2026-10-08
005830,DB손해보험,122224.0,7.39,25263.0,1.04,보험,-0.16,15.91,481.21,12.08,11.89,0.5047131388146535,0.5079243511147786,131,2026-10-08
003090,대웅,9122.0,5.21,3011.0,0.55,제약,-0.06,15.62,85.23,5.31,-15.05,0.5590577840106854,0.5050700324993,132,2026-10-08
004060,SG세계물산,441.0,49.55,44.0,0.17,유통,-0.23,1.52,10.11,-12.0,0.0,0.4195887309454466,0.5039443002643513,133,2026-10-08
002170,삼양통상,1551.0,6.48,7984.0,0.3,섬유·의류,-0.58,5.62,5.8,-18.78,-62.11,0.5029294761751181,0.5016674041416227,134,2026-10-08
006040,동원산업,15383.0,3.96,8795.0,0.44,금융,-0.85,12.9,99.63,9.07,15.14,0.49972867764444734,0.5007894145327696,135,2026-10-08
002900,TYM,2662.0,7.15,899.0,0.61,기계·장비,-3.02,16.72,92.04,13.08,59.09,0.5011447191846109,0.5001131860112366,136,2026-10-08
016880,웅진,1428.0,1.18,1511.0,0.78,금융,-1.43,27.79,1504.08,25.84,409.84,0.502798196012545,0.4993730348812431,137,2026-10-08
078930,GS,96611.0,12.33,8434.0,0.67,금융,-5.37,15.37,79.98,17.22,130.82,0.5007995441197491,0.49905053075456823,138,2026-10-08
072710,농심홀딩스,4086.0,3.57,24706.0,0.31,금융,-0.79,10.09,44.65,42.43,49.77,0.497257225658957,0.4987777963902698,139,2026-10-08
000970,한국주철관,1487.0,8.76,744.0,0.39,금속,0.15,4.77,20.7,1.31,21.88,0.4941040148112069,0.49661684055405175,140,2026-10-08
002240,고려제강,4458.0,46.38,356.0,0.25,금속,-1.26,2.64,38.86,-0.26,-56.79,0.4929425838904822,0.49571774696834736,141,2026-10-08
900140,엘브이엠씨홀딩스,2215.0,163.71,7.0,0.43,외국증권,-1.97,3.55,38.8,47.58,358.76,0.48329603163497764,0.49469458361995333,142,2026-10-08
378850,화승알앤에이,525.0,2.88,960.0,0.31,운송장비·부품,-1.78,20.95,178.26,8.75,48.98,0.49858514022891814,0.49374846623948454,143,2026-10-08
004000,롯데정밀화학,10862.0,10.24,4112.0,0.44,화학,-1.41,8.18,11.08,26.05,244.02,0.4992964170120205,0.493049669487181,144,2026-10-08
226320,잇츠한불,2471.0,14.79,762.0,0.51,화학,-4.17,8.55,5.86,25.51,48.72,0.4916204645379893,0.49157130042283537,145,2026-10-08
101530,해태제과식품,1610.0,6.91,800.0,0.48,음식료·담배,0.0,7.15,127.42,-1.51,-15.95,0.48891384489722456,0.49089186164082466,146,2026-10-08
017800,현대엘리베이터,27326.0,10.43,6703.0,1.87,기계·장비,-2.92,32.43,191.18,0.55,20.33,0.48690168499659964,0.48617357390493976,147,2026-10-08
000590,CS홀딩스,817.0,4.73,14967.0,0.22,금융,0.14,7.07,8.33,3.46,5.21,0.48210918707885625,0.48603082836911554,148,2026-10-08
003200,일신방직,2643.0,7.97,1445.0,0.27,섬유·의류,3.69,5.07,19.4,8.02,239.52,0.473887586176828,0.4852011644628828,149,2026-10-08
002140,고려산업,475.0,4.92,387.0,0.39,음식료·담배,-0.68,6.25,145.83,1.7,-0.73,0.4868523531321379,0.4838636236786431,150,2026-10-08
192400,쿠쿠홀딩스,9815.0,6.74,4094.0,0.65,금융,1.1,13.58,18.99,9.79,10.81,0.47902968975459054,0.48313815339105215,151,2026-10-08
000100,유한양행,53813.0,30.6,2389.0,2.37,제약,-2.53,10.45,34.78,8.94,34.48,0.46360601011022007,0.48123203549573734,152,2026-10-08
012690,모나리자,518.0,41.68,34.0,0.64,종이·목재,-0.07,1.53,20.41,-2.64,-84.84,0.475499437883688,0.47767520267600055,153,2026-10-08
007700,F&F홀딩스,5241.0,4.17,3214.0,0.23,금융,-0.52,7.15,13.03,8.62,17.28,0.47443576852558195,0.47720871312173674,154,2026-10-08
484870,엠앤씨솔루션,5080.0,5.51,3360.0,1.02,기계·장비,-4.0,21.82,115.93,54.15,71.5,0.47669823209114026,0.4768439135282425,155,2026-10-08
014580,태경비케이,1084.0,4.54,866.0,0.46,비금속,-1.01,12.43,52.62,22.77,8.03,0.47270095093701814,0.47633441862530024,156,2026-10-08
003850,보령,7386.0,11.51,748.0,0.86,제약,-1.82,14.38,71.04,8.72,21.14,0.49361417180405887,0.47330895675275614,157,2026-10-08
010400,우진아이엔에스,305.0,4.02,996.0,0.33,건설,0.88,5.51,47.91,51.84,0.0,0.4758135557031562,0.4731005930004551,158,2026-10-08
001630,종근당홀딩스,1866.0,4.62,8070.0,0.28,제약,-0.8,8.55,87.24,0.54,-8.79,0.6146479576139394,0.4689015954242195,159,2026-10-08
227840,현대코퍼레이션홀딩스,1144.0,3.12,4028.0,0.35,유통,-0.79,16.07,22.94,25.97,32.53,0.4167166596326461,0.46879248968991105,160,2026-10-08
353200,대덕전자,77930.0,170.67,924.0,9.05,전기·전자,4.23,16.64,40.02,62.02,0.0,0.4666647531058091,0.4684406279630059,161,2026-10-08
068270,셀트리온,417780.0,42.38,4238.0,2.4,제약,-2.13,9.16,31.33,40.77,97.42,0.4503142482150311,0.46836720336123594,162,2026-10-08
090460,비에이치,7282.0,23.84,906.0,0.94,전기·전자,-2.7,11.35,71.32,8.81,0.0,0.4658249211647706,0.4679994557959659,163,2026-10-08
007310,오뚜기,12585.0,18.18,17271.0,0.52,음식료·담배,-0.32,3.48,69.83,4.18,1.99,0.46454012585152554,0.46618296162755124,164,2026-10-08
002840,미원상사,6327.0,15.35,9162.0,1.53,화학,0.64,12.63,20.44,12.72,26.44,0.4624246093435489,0.4641028145884113,165,2026-10-08
005820,원림,331.0,8.88,1622.0,0.23,섬유·의류,-0.14,3.64,20.95,4.34,26.36,0.4708099437528147,0.4629460613214704,166,2026-10-08
008040,사조동아원,1098.0,45.23,172.0,4.05,음식료·담배,-1.02,9.45,68.18,-0.05,29.47,0.46125298191217723,0.4619500725764838,167,2026-10-08
000120,CJ대한통운,15809.0,6.53,10612.0,0.33,운송·창고,-1.42,5.46,142.21,9.16,-3.46,0.47150625342636066,0.46052687628386535,168,2026-10-08
213500,한솔제지,1690.0,43.56,163.0,0.24,종이·목재,-0.56,3.07,192.43,1.04,56.39,0.4534204877009229,0.4577548358867515,169,2026-10-08
017550,수산세보틱스,1107.0,6.98,254.0,0.55,기계·장비,-3.32,9.32,41.56,14.81,6.55,0.4610278179311893,0.4546793718305603,170,2026-10-08
281820,케이씨텍,24550.0,48.1,2578.0,4.61,의료·정밀기기,0.81,16.32,14.1,53.43,149.36,0.44584175474122023,0.45159569302682434,171,2026-10-08
033530,SJG세종,1840.0,2.75,2471.0,0.35,운송장비·부품,0.15,17.68,141.0,7.95,18.3,0.4448132191237933,0.44831936479390416,172,2026-10-08
067830,세이브존I&C,964.0,7.63,308.0,0.2,유통,-0.42,2.64,19.1,-5.29,-29.58,0.3704591298974354,0.44363684952505117,173,2026-10-08
014680,한솔케미칼,29252.0,20.86,12993.0,2.73,화학,0.74,14.52,38.39,11.11,3.99,0.4398678575913925,0.4414306575306146,174,2026-10-08
014830,유니드,4142.0,6.35,9643.0,0.38,화학,1.16,7.81,42.63,18.21,-19.09,0.4405993375133692,0.44135424050306027,175,2026-10-08
004560,현대비앤지스틸,1779.0,12.09,976.0,0.34,금속,-1.09,3.68,41.56,7.07,45.89,0.4459779493005045,0.4398392527165739,176,2026-10-08
101140,인바이오젠,498.0,3.09,1605.0,0.31,유통,-2.36,10.64,1.81,12.82,0.0,0.37430288389276206,0.43743947480203094,177,2026-10-08
007810,코리아써키트,21129.0,51.04,1726.0,5.48,전기·전자,-0.34,20.32,81.62,20.58,918.71,0.4314738272295559,0.43392164107460945,178,2026-10-08
075580,세진중공업,5287.0,10.44,891.0,2.31,운송장비·부품,-5.2,29.13,104.64,-8.1,28.01,0.433267494237207,0.4320563229507362,179,2026-10-08
069620,대웅제약,12571.0,6.42,16904.0,1.24,제약,-1.72,20.62,112.98,8.44,-6.5,0.4341124815258228,0.4317764431518617,180,2026-10-08
017900,광전자,6183.0,146.16,73.0,2.23,전기·전자,0.95,4.61,8.44,1.66,-32.9,0.42450355542422635,0.4277724777341301,181,2026-10-08
013580,계룡건설,1893.0,1.89,11193.0,0.2,건설,-0.47,13.27,232.48,7.71,37.03,0.42798839039453457,0.4262801445611398,182,2026-10-08
280360,롯데웰푸드,11294.0,15.87,7734.0,0.5,음식료·담배,0.0,3.91,99.54,7.04,98.14,0.4219190021469406,0.42606451129354683,183,2026-10-08
035150,백산,2044.0,6.5,1590.0,0.82,화학,-0.39,13.54,67.4,0.1,-12.86,0.4241714928675902,0.42244525651761,184,2026-10-08
009070,KCTC,1254.0,5.93,705.0,0.4,운송·창고,0.12,8.97,130.73,14.83,27.08,0.41955597186043003,0.4210002421478213,185,2026-10-08
068290,삼성출판사,622.0,5.73,1085.0,0.35,오락·문화,-0.16,6.34,18.24,-2.97,0.0,0.42050853494692453,0.4209484485649638,186,2026-10-08
079900,전진건설로봇,5516.0,17.49,2161.0,3.53,기계·장비,-3.2,22.63,42.01,-7.05,-23.43,0.4185772779798878,0.4183415247025503,187,2026-10-08
001500,현대차증권,4650.0,7.57,993.0,0.29,증권,-2.08,5.33,794.17,68.32,-4.98,0.4180736002703484,0.41803563415113865,188,2026-10-08
036570,엔씨소프트,47828.0,13.86,16023.0,1.28,IT 서비스,-6.53,18.68,30.23,78.8,1314.57,0.41889945453007793,0.41733839175670645,189,2026-10-08
004250,NPC,1056.0,9.33,308.0,0.24,화학,-0.86,3.5,42.47,6.16,5.51,0.42693850012617784,0.417322588309612,190,2026-10-08
007340,DN오토모티브,28787.0,10.23,4809.0,1.27,전기·전자,0.31,18.47,122.31,26.76,35.02,0.41570379546317093,0.41647619451811707,191,2026-10-08
000020,동화약품,1497.0,17.23,311.0,0.39,제약,-4.46,4.69,57.34,6.72,646.32,0.509250636688362,0.4158643188378397,192,2026-10-08
008930,한미사이언스,37547.0,31.72,1731.0,3.86,금융,-5.51,15.61,44.44,7.63,43.9,0.41450533655371224,0.4152470196837898,193,2026-10-08
003690,코리안리,25695.0,8.8,1653.0,0.7,보험,-0.68,12.44,266.39,6.73,78.38,0.41085497545495026,0.41415470926028053,194,2026-10-08
161890,한국콜마,32363.0,25.87,5299.0,3.55,화학,-5.84,20.19,104.86,14.84,41.83,0.4137473420544167,0.41383361427112253,195,2026-10-08
089470,HDC현대EP,1228.0,3.71,1039.0,0.28,화학,0.65,9.09,100.97,8.53,-17.94,0.4191315702603601,0.41341439397207835,196,2026-10-08
078000,텔코웨어,1249.0,20.24,668.0,0.62,IT 서비스,-0.07,14.4,16.54,37.13,0.0,0.4124317918020402,0.4133711928935106,197,2026-10-08
029460,케이씨,5091.0,13.98,3305.0,0.6,의료·정밀기기,-2.22,6.08,22.07,3.74,-10.03,0.4055533360590774,0.41060774606581085,198,2026-10-08
025530,SJM홀딩스,544.0,6.46,564.0,0.29,유통,0.14,9.2,21.54,3.46,-4.62,0.35362493102303716,0.41043635009236423,199,2026-10-08
005720,넥센,3347.0,3.99,1596.0,0.24,화학,1.27,8.36,114.9,9.82,17.72,0.4025152917579986,0.4089368003367727,200,2026-10-08
118000,메타케어,264.0,39.97,30.0,0.17,유통,0.0,-1.29,77.19,60.61,1.78,0.34319487085555367,0.4088983701220969,201,2026-10-08
395400,SK리츠,15924.0,42.66,124.0,0.81,리츠,-0.56,5.63,165.5,12.85,13.52,0.407263989543418,0.4048162864638972,202,2026-10-08
025620,제이준코스메틱,1010.0,30.66,181.0,1.34,화학,1.28,13.48,50.22,30.4,0.0,0.40154368108059163,0.4040335442849514,203,2026-10-08
139480,이마트,19317.0,14.22,4921.0,0.17,유통,-1.82,0.18,133.72,-1.54,-25.24,0.3370089849930261,0.40318551591494983,204,2026-10-08
081000,일진다이아,1329.0,19.38,483.0,0.32,화학,-1.99,3.5,12.12,51.71,0.0,0.4112627844328667,0.40296873705484365,205,2026-10-08
005690,파미셀,7717.0,122.48,105.0,8.92,전기·전자,-1.23,7.59,14.84,15.34,259.23,0.40172437166768604,0.40260568560478927,206,2026-10-08
011780,금호석유화학,28855.0,11.65,9843.0,0.47,화학,-1.04,7.85,34.4,9.96,114.38,0.4041964555994195,0.39948232079906854,207,2026-10-08
306200,세아제강,4118.0,13.73,10577.0,0.37,금속,-2.22,4.9,81.42,18.9,26.95,0.4011112288640574,0.39810142736730286,208,2026-10-08
037560,LG헬로비전,1190.0,66.78,23.0,0.26,오락·문화,-1.54,-0.93,171.93,-25.31,-54.21,0.40215887221593943,0.3980775372411336,209,2026-10-08
006890,태경케미컬,563.0,6.43,754.0,0.33,화학,0.0,4.23,29.15,-14.3,0.0,0.40135252074005046,0.39756014590894734,210,2026-10-08
042660,한화오션,220618.0,17.71,4066.0,3.58,운송장비·부품,-2.83,32.55,167.61,34.42,86.76,0.395354181058145,0.39501505609168386,211,2026-10-08
007980,TP,825.0,2.36,747.0,0.29,섬유·의류,-1.35,13.19,188.96,1.54,7.8,0.3939711200206013,0.3927726246413431,212,2026-10-08
000050,경방,2212.0,4.67,1728.0,0.26,유통,-0.37,6.57,54.32,15.58,77.62,0.3285849527288821,0.39248244017377776,213,2026-10-08
003460,유화증권,1678.0,12.33,240.0,0.4,증권,-0.5,3.5,50.88,16.49,0.0,0.38898152553810245,0.3919678705839509,214,2026-10-08
126720,수산인더스트리,3007.0,6.15,3423.0,0.54,건설,-3.22,13.74,23.01,7.78,-6.35,0.3900244289370025,0.3890830023602459,215,2026-10-08
071320,지역난방공사,8916.0,2.63,29268.0,0.39,전기·가스,-2.53,14.5,219.08,-5.12,12.42,0.3889820991209795,0.38478050941380093,216,2026-10-08
023530,롯데쇼핑,27666.0,53.68,1822.0,0.18,유통,-1.21,1.19,124.87,3.82,81.49,0.3310316660604687,0.38402969924507563,217,2026-10-08
195870,해성디에스,11220.0,47.11,1401.0,1.99,전기·전자,2.01,9.56,60.69,35.57,317.64,0.3788327615655921,0.38086977723565796,218,2026-10-08
001820,삼화콘덴서,16455.0,131.26,1206.0,5.93,전기·전자,-0.88,6.86,23.03,2.98,28.43,0.37980199124273145,0.38076983997903835,219,2026-10-08
317400,자이에스앤디,3828.0,13.58,727.0,0.84,부동산,-0.4,8.04,79.97,-11.71,0.0,0.35147723432733047,0.3796841439173376,220,2026-10-08
102260,동성케미컬,1870.0,5.62,656.0,0.4,화학,0.0,9.06,73.22,6.86,49.78,0.38332906560097785,0.3792843247417848,221,2026-10-08
016710,대성홀딩스,1105.0,6.44,1066.0,0.24,일반서비스,0.0,5.34,76.21,-6.52,3.05,0.37751773952848605,0.3783576626304178,222,2026-10-08
009470,삼화전기,1792.0,18.99,1427.0,1.91,전기·전자,0.56,5.9,45.26,-8.16,-26.97,0.3760826928409797,0.37701648453999137,223,2026-10-08
015890,태경산업,1399.0,8.34,574.0,0.46,화학,-1.03,9.75,67.7,17.91,53.12,0.3785696409884688,0.3767420417066769,224,2026-10-08
000370,한화손해보험,8405.0,3.73,1932.0,0.41,보험,-1.91,11.12,527.99,14.62,-0.79,0.37878764413830507,0.3761302069136996,225,2026-10-08
020000,한섬,4671.0,10.55,2061.0,0.33,섬유·의류,0.23,3.92,18.13,7.68,82.67,0.36795343888802645,0.3756138334885191,226,2026-10-08
030190,NICE평가정보,9783.0,12.93,1299.0,2.12,IT 서비스,-0.36,19.08,32.2,8.74,18.51,0.37027971109976343,0.37500949367390446,227,2026-10-08
021240,코웨이,71758.0,11.85,8558.0,1.99,일반서비스,-0.78,19.31,103.56,13.89,11.05,0.37436239430389356,0.3748978374600287,228,2026-10-08
010130,고려아연,215618.0,26.82,38514.0,1.96,금속,-2.82,10.49,95.98,62.5,151.55,0.3756513606334038,0.37482168336376875,229,2026-10-08
014910,성문전자,431.0,22.66,87.0,0.96,전기·전자,1.34,7.05,84.49,11.6,26.41,0.3709646535993604,0.37210233389571346,230,2026-10-08
007210,벽산,945.0,4.25,340.0,0.27,비금속,-1.23,4.7,79.22,4.07,45.15,0.3662260431018315,0.36989935949156283,231,2026-10-08
027410,BGF,3637.0,6.15,618.0,0.2,금융,1.6,3.74,21.3,-0.21,-1.5,0.36589760155747486,0.36957202504104675,232,2026-10-08
000230,일동홀딩스,711.0,6.5,947.0,0.42,제약,-1.75,14.3,121.83,5.86,986.91,0.4532848738738605,0.3690967030807251,233,2026-10-08
109070,주성코퍼레이션,736.0,36.11,193.0,2.54,전기·전자,-0.99,8.22,51.04,2.79,0.0,0.36913317601912843,0.36864950974102306,234,2026-10-08
006650,대한유화,5837.0,18.41,4878.0,0.3,화학,-0.88,4.0,35.58,13.53,0.0,0.3768066810725527,0.36850199871867784,235,2026-10-08
103140,풍산,18384.0,12.49,5251.0,0.78,금속,-3.53,8.68,104.75,11.89,31.89,0.3749428355113123,0.36577072304985525,236,2026-10-08
267290,경동도시가스,1220.0,3.72,5572.0,0.26,전기·가스,-0.96,7.74,87.97,-3.41,28.34,0.3659214652070452,0.3652614460060669,237,2026-10-08
012320,경동인베스트,1123.0,6.07,7820.0,0.21,금융,-0.31,3.66,23.16,-1.29,0.0,0.34302665081146094,0.3649063856879638,238,2026-10-08
005740,크라운해태홀딩스,754.0,4.29,1185.0,0.22,금융,-2.68,4.96,95.37,-2.02,-21.47,0.3611131983808038,0.3628626580529916,239,2026-10-08
024070,WISCOM,299.0,22.16,88.0,0.34,화학,-1.22,3.58,21.93,12.87,0.0,0.3670269319263648,0.36148310775804254,240,2026-10-08
005810,풍산홀딩스,5068.0,6.81,5163.0,0.42,금융,-0.42,8.93,14.35,28.46,64.0,0.36180698482430007,0.36045080944499025,241,2026-10-08
002320,한진,2640.0,-165.15,-103.0,0.18,운송·창고,0.89,-0.78,185.92,11.78,-22.77,0.3373649195913466,0.36031519045801347,242,2026-10-08
100090,SK오션플랜트,7560.0,19.36,625.0,0.93,금속,-2.42,6.16,44.33,-30.66,36.14,0.3561844046770547,0.35691110601022064,243,2026-10-08
249420,일동제약,4436.0,15.04,932.0,1.79,제약,-5.33,20.71,124.6,5.61,133.93,0.34592100810830234,0.3559655612329788,244,2026-10-08
003000,부광약품,4001.0,27.59,147.0,1.17,제약,-5.04,3.01,39.67,15.91,-49.98,0.3601974917776528,0.35510017406947825,245,2026-10-08
005750,대림바스,707.0,5.31,802.0,0.42,비금속,0.71,9.8,89.1,3.05,42.93,0.3501115800563565,0.3548316244270764,246,2026-10-08
0030R0,대신밸류리츠,2370.0,120.15,33.0,0.82,리츠,-1.0,3.66,149.47,58.9,78.69,0.3536688464660577,0.35259281504914675,247,2026-10-08
200880,서연이화,2976.0,4.96,2220.0,0.25,운송장비·부품,-0.36,10.75,151.92,7.83,8.8,0.35157399002005824,0.3514254514992145,248,2026-10-08
009180,한솔로지스틱스,790.0,4.98,563.0,0.55,운송·창고,0.18,8.2,103.0,-1.27,-12.28,0.3525179199770412,0.3510679989052994,249,2026-10-08
058430,포스코스틸리온,2646.0,15.53,284.0,0.69,금속,-1.34,4.57,33.44,2.88,-8.62,0.3526161757660924,0.3504964313639771,250,2026-10-08
004840,DRB동일,759.0,17.59,224.0,0.19,화학,-1.13,2.94,88.04,7.31,82.45,0.3585900064446871,0.3496123727938668,251,2026-10-08
023350,한국종합기술,402.0,4.71,780.0,0.22,일반서비스,-1.34,8.06,153.72,5.42,617.36,0.360904005359331,0.348025322835921,252,2026-10-08
084010,대한제강,3045.0,21.1,420.0,0.32,금속,-0.89,0.58,40.84,14.94,80.82,0.34104720981393327,0.34776807421277606,253,2026-10-08
487570,HS효성,1889.0,9.63,5263.0,0.36,금융,0.8,8.83,83.42,11.64,130.22,0.3457757577433787,0.3477219003078861,254,2026-10-08
015360,INVENI,3825.0,4.97,2930.0,0.5,일반서비스,-0.27,12.47,102.64,-1.79,21.67,0.34774579268644173,0.3473799614620703,255,2026-10-08
049800,우진플라임,402.0,17.63,114.0,0.37,기계·장비,1.46,2.37,215.53,-10.42,0.0,0.3337670993085576,0.3466642560705596,256,2026-10-08
002870,신풍,404.0,20.3,57.0,0.44,유통,-0.6,11.26,2.52,5.23,0.0,0.304687743080204,0.3409765956033705,257,2026-10-08
044450,KSS해운,2802.0,7.83,1584.0,0.51,운송·창고,1.47,19.49,229.98,10.48,3.44,0.34019228114268696,0.34096047544613617,258,2026-10-08
000320,노루홀딩스,2014.0,6.33,2395.0,0.32,금융,-2.95,7.49,64.66,2.71,31.15,0.34298457611555294,0.34093765494686434,259,2026-10-08
007570,일양약품,1517.0,22.46,354.0,0.61,제약,-1.85,7.07,75.81,4.44,0.0,0.38592196211298047,0.3399514225869207,260,2026-10-08
192080,더블유게임즈,12217.0,9.45,6106.0,0.94,IT 서비스,0.7,14.71,10.55,24.46,27.02,0.33680128498256384,0.33972566838218854,261,2026-10-08
004140,동방,859.0,4.99,359.0,0.49,운송·창고,-1.16,4.06,289.54,13.61,-25.47,0.34063006662616024,0.3391622172596531,262,2026-10-08
015230,대창단조,1778.0,6.5,1007.0,0.51,운송장비·부품,0.77,12.07,27.18,16.35,36.19,0.33463964861443074,0.33803370797372495,263,2026-10-08
001080,만호제강,1369.0,134.48,29.0,0.31,금속,0.91,0.0,28.09,-2.22,0.0,0.3400360626960695,0.33716124818356585,264,2026-10-08
012800,대창,1039.0,49.57,23.0,0.31,금속,-0.87,7.54,199.69,30.32,236.87,0.33755363131546307,0.33689173360829106,265,2026-10-08
004450,삼화왕관,592.0,13.81,1991.0,0.44,금속,-1.43,4.26,81.18,3.43,-23.37,0.338945246944213,0.3367709787476074,266,2026-10-08
192820,코스맥스,34786.0,28.27,10843.0,6.23,화학,-0.65,34.01,276.14,21.84,13.02,0.3349387813035447,0.3366671764635727,267,2026-10-08
009150,삼성전기,1154765.0,169.91,9099.0,12.24,전기·전자,-3.62,10.6,57.34,20.7,74.33,0.33584158233576483,0.3363645295524469,268,2026-10-08
008700,아남전자,945.0,16.12,76.0,0.71,전기·전자,-1.53,-0.25,80.78,-10.43,0.0,0.3360873109096869,0.3352702619010251,269,2026-10-08
104700,한국철강,3404.0,16.86,554.0,0.4,금속,-0.43,0.0,0.0,0.0,0.0,0.3334463806434644,0.33313572378364686,270,2026-10-08
053210,스카이라이프,1920.0,27.67,146.0,0.35,오락·문화,-0.25,0.44,85.28,-0.24,-5.69,0.3304962010430884,0.33226998669985575,271,2026-10-08
241560,두산밥캣,50995.0,12.76,4168.0,0.71,기계·장비,-3.27,6.85,72.88,9.2,23.38,0.33362666601246954,0.3305155959089783,272,2026-10-08
001390,KG케미칼,2756.0,4.07,1019.0,0.28,화학,-1.66,9.14,127.04,15.61,-16.14,0.3377857086601902,0.3302675341629962,273,2026-10-08
011070,LG이노텍,135376.0,39.67,14419.0,2.35,전기·전자,-3.21,11.39,87.15,24.05,296.37,0.33006110621143453,0.32938314882934355,274,2026-10-08
123890,한국자산신탁,2955.0,6.01,402.0,0.27,금융,0.0,5.67,55.61,41.75,60.72,0.3230996675270009,0.32500993913390586,275,2026-10-08
007590,동방아그로,754.0,7.74,716.0,0.4,화학,0.0,5.06,44.53,5.78,-6.5,0.329083754786206,0.324624170945354,276,2026-10-08
025820,이구산업,1398.0,11.09,377.0,1.02,금속,0.36,9.61,141.16,8.98,146.38,0.3242917209304452,0.324408960960213,277,2026-10-08
055490,테이팩스,824.0,40.69,423.0,0.53,화학,3.67,5.82,30.03,18.56,69957.77,0.31634587472002285,0.32151908762294257,278,2026-10-08
088260,이리츠코크렙,2052.0,30.28,107.0,0.98,리츠,0.93,6.38,216.39,2.01,2.75,0.32250546022943455,0.32085287528900275,279,2026-10-08
069260,TKG휴켐스,6451.0,10.76,1466.0,0.67,화학,-0.38,7.15,36.19,23.71,38.73,0.32249960559048974,0.32067262023847876,280,2026-10-08
185750,종근당,9096.0,11.74,5615.0,0.87,제약,-0.45,8.24,83.26,10.82,-9.41,0.3393739532245929,0.319810991726138,281,2026-10-08
383800,LX홀딩스,6179.0,4.64,1744.0,0.31,금융,1.12,5.7,17.1,-7.9,-10.45,0.3167192532850023,0.31892787988253046,282,2026-10-08
093050,LF,6915.0,6.99,3382.0,0.39,섬유·의류,-0.21,6.93,71.26,4.66,19.0,0.3152107134937336,0.31722492066007824,283,2026-10-08
028670,팬오션,32235.0,10.69,564.0,0.56,운송·창고,-2.9,5.82,103.08,27.37,41.59,0.31940284590280443,0.316471322809141,284,2026-10-08
329180,HD현대중공업,403051.0,24.46,15702.0,4.31,운송장비·부품,-4.0,30.09,178.6,53.69,114.91,0.3167943663466658,0.3163748645540347,285,2026-10-08
013870,지엠비코리아,716.0,4.93,762.0,0.25,운송장비·부품,-0.53,7.41,127.59,9.59,17.54,0.31195174646750795,0.31576765561918313,286,2026-10-08
013570,디와이,1091.0,7.76,534.0,0.26,금융,-0.6,5.61,76.39,11.33,4.13,0.3125499039080344,0.3149240314343984,287,2026-10-08
377190,디앤디플랫폼리츠,1753.0,28.74,69.0,0.48,리츠,-0.3,2.53,200.75,12.26,36.92,0.31790943806575445,0.31428671011583603,288,2026-10-08
009190,대양금속,274.0,3.61,169.0,0.34,금속,-8.27,0.0,57.91,-2.97,14.85,0.3313588982369603,0.31408702130057664,289,2026-10-08
010640,진양폴리,346.0,6.55,316.0,0.63,화학,-0.24,9.74,75.39,-0.87,0.26,0.31193882486862623,0.3106894226933435,290,2026-10-08
092440,기신정기,533.0,-67.67,-27.0,0.22,기계·장비,-1.72,-0.17,5.88,-10.46,0.0,0.30896117493297987,0.308937907581989,291,2026-10-08
013890,지누스,1462.0,-8.02,-832.0,0.23,제조,-1.62,-13.76,66.48,-40.11,0.0,0.3099407793276682,0.30854790338640753,292,2026-10-08
111770,영원무역,31195.0,6.34,11109.0,0.73,유통,-0.56,14.56,37.26,15.03,29.79,0.2728959347081359,0.3054407561640959,293,2026-10-08
009160,SIMPAC,3193.0,15.51,315.0,0.4,금속,-0.61,3.88,105.47,41.23,124.85,0.3035098266010593,0.3047083502535712,294,2026-10-08
019170,신풍제약,5127.0,61.12,160.0,1.86,제약,-11.17,-0.31,31.82,3.85,0.0,0.2917250001983923,0.30348668278044594,295,2026-10-08
000240,한국앤컴퍼니,25348.0,7.3,3658.0,0.53,금융,4.5,8.27,9.72,-1.98,10.5,0.2947720397518435,0.30345470497756166,296,2026-10-08
090350,노루페인트,1660.0,10.32,804.0,0.41,화학,-0.6,7.79,78.68,2.42,72.14,0.30153136891610005,0.30228097088655936,297,2026-10-08
005430,한국공항,3011.0,7.43,12805.0,0.72,운송·창고,-0.52,11.24,34.89,10.94,25.44,0.30147890624631524,0.3010412919855554,298,2026-10-08
001130,대한제분,1896.0,-7.51,-1495.0,0.18,음식료·담배,0.09,-3.88,53.18,1.24,-54.19,0.29612892615777475,0.30093215380004623,299,2026-10-08
014790,HL D&I,924.0,7.53,324.0,0.2,건설,-1.81,3.77,250.18,13.45,34.05,0.2980192102477517,0.3003946311900807,300,2026-10-08
004690,삼천리,4639.0,4.65,27498.0,0.26,전기·가스,-0.31,7.73,119.64,1.8,9.6,0.2973224772225285,0.2977768575111071,301,2026-10-08
111110,호전실업,567.0,4.75,1315.0,0.29,섬유·의류,-0.95,11.3,177.1,-8.84,-37.1,0.30285985590214926,0.2974174951034319,302,2026-10-08
004430,송원산업,2782.0,119.48,97.0,0.37,화학,-1.45,5.97,60.92,10.45,239.85,0.29764253423689035,0.2969563222597165,303,2026-10-08
011150,CJ씨푸드,674.0,24.06,78.0,0.77,음식료·담배,0.27,2.04,93.36,8.63,0.0,0.29570244699167597,0.2965793952661595,304,2026-10-08
001560,제일연마,680.0,6.46,1385.0,0.55,비금속,-2.29,6.27,10.67,7.5,104.23,0.29766515571622065,0.29633819318792953,305,2026-10-08
030200,KT,131303.0,7.58,6869.0,0.71,통신,1.56,7.26,118.71,-5.7,-33.61,0.2883707708775265,0.2955830626241015,306,2026-10-08
161390,한국타이어앤테크놀로지,76926.0,7.06,8795.0,0.63,화학,2.31,10.02,84.72,6.42,50.51,0.2905377830061242,0.2939649530101366,307,2026-10-08
033250,체시스,254.0,4.04,985.0,0.56,운송장비·부품,-0.75,14.53,98.37,0.73,-40.03,0.2957151693824248,0.2933586929995677,308,2026-10-08
032640,LG유플러스,61118.0,11.92,1208.0,0.69,통신,-0.69,5.99,114.08,-1.24,10.15,0.2930536637733728,0.29258992913830967,309,2026-10-08
005440,현대지에프홀딩스,23567.0,4.86,2643.0,0.5,금융,4.64,7.81,44.92,1.68,20.29,0.2864743802445836,0.29174499739497356,310,2026-10-08
005490,POSCO홀딩스,242875.0,37.91,8085.0,0.42,금속,-0.33,2.4,70.99,6.12,29.79,0.2857891486960747,0.28723482190450084,311,2026-10-08
357430,마스턴프리미어리츠,238.0,-5.23,-149.0,0.25,리츠,-0.26,0.0,63.25,0.0,0.0,0.29624842532169915,0.2851411457515498,312,2026-10-08
039570,HDC랩스,1918.0,15.66,472.0,0.64,건설,-0.27,7.22,55.59,-9.07,94.05,0.28282212675845364,0.28455419486785427,313,2026-10-08
088790,진도,289.0,31.85,73.0,0.27,유통,0.43,0.84,24.88,-21.67,-69.59,0.24275825428065018,0.28445371743434217,314,2026-10-08
103590,일진전기,38816.0,37.36,2179.0,6.59,전기·전자,-7.5,23.7,161.09,16.66,71.29,0.2835394484510453,0.28337569990631284,315,2026-10-08
006060,화승인더,1250.0,6.46,350.0,0.32,유통,0.44,8.99,201.74,-6.74,-30.04,0.2331085835859206,0.28221907024797566,316,2026-10-08
453340,현대그린푸드,6179.0,7.22,2635.0,0.85,유통,0.21,14.13,36.39,8.35,33.86,0.25221451286319285,0.28170319009040823,317,2026-10-08
002810,삼영무역,3970.0,6.77,3174.0,0.63,유통,0.0,11.05,15.57,-1.32,29.02,0.24774931958653484,0.2813374647839784,318,2026-10-08
000660,SK하이닉스,12279577.0,28.51,58955.0,9.79,전기·전자,-2.44,92.68,32.8,230.8,489.39,0.2788437659626812,0.27876545946161163,319,2026-10-08
011200,HMM,196193.0,10.64,1955.0,0.74,운송·창고,-2.8,5.2,29.42,11.74,-26.43,0.2815266593815582,0.277484685239228,320,2026-10-08
017390,서울가스,2668.0,8.71,6187.0,0.19,전기·가스,-0.55,1.99,42.71,-3.95,-27.72,0.27491752353714377,0.2760387471386415,321,2026-10-08
298000,효성화학,1945.0,0.49,103670.0,0.52,화학,-1.35,4.79,193.08,22.56,0.0,0.2824480468612854,0.27447119383919655,322,2026-10-08
034230,파라다이스,9078.0,9.55,1026.0,0.5,오락·문화,-0.1,4.36,87.46,7.8,-27.24,0.265696114351354,0.2720129206635159,323,2026-10-08
036530,SNT홀딩스,7508.0,5.78,7969.0,0.5,금융,3.14,7.38,33.06,-2.29,-6.41,0.26629975408673,0.27165451161499776,324,2026-10-08
001780,알루코,1652.0,10.66,160.0,0.51,금속,2.22,5.88,150.88,-14.87,-43.49,0.2606155013803369,0.26979795845328175,325,2026-10-08
003780,진양산업,558.0,8.04,534.0,0.83,화학,2.63,8.86,67.57,-1.94,-29.61,0.2664630596364769,0.26856982067642,326,2026-10-08
077970,STX엔진,8271.0,11.14,1850.0,2.41,기계·장비,-6.79,19.35,217.32,13.95,-12.98,0.27060792281451185,0.26795643180827083,327,2026-10-08
375500,DL이앤씨,26080.0,7.81,8625.0,0.53,건설,-6.52,11.86,86.43,-7.14,52.91,0.2801138384843213,0.2675402578996409,328,2026-10-08
005850,에스엘,23364.0,7.52,6692.0,0.91,운송장비·부품,-1.18,15.02,56.89,8.98,19.7,0.2651820311026421,0.26567054428774844,329,2026-10-08
025890,한국주강,293.0,39.25,67.0,0.85,기계·장비,0.38,2.27,21.57,-12.13,-55.56,0.2643555688968721,0.2656372122192999,330,2026-10-08
034830,한국토지신탁,2810.0,13.41,83.0,0.23,금융,-0.45,4.06,91.42,28.15,0.0,0.26948416048635226,0.2641847069321389,331,2026-10-08
005800,신영와코루,1202.0,19.17,697.0,0.31,섬유·의류,0.07,0.43,10.79,-0.5,-92.71,0.26464715252799487,0.2639606452558561,332,2026-10-08
012030,DB,4607.0,9.39,244.0,0.97,IT 서비스,13.65,14.5,113.01,35.87,20.63,0.23305349142207296,0.2630402306380437,333,2026-10-08
003610,방림,1760.0,33.41,164.0,0.98,섬유·의류,-0.18,7.58,37.12,6.44,13.02,0.26238067955331257,0.2627077237313388,334,2026-10-08
002350,넥센타이어,5635.0,3.98,1448.0,0.29,화학,0.17,7.59,131.44,9.75,6.23,0.26606869411537265,0.2623287550223366,335,2026-10-08
009290,광동제약,3446.0,17.3,400.0,0.52,제약,0.29,3.58,85.87,5.95,31.77,0.3208702270001067,0.26201738614508446,336,2026-10-08
008490,서흥,2343.0,5.39,3759.0,0.46,화학,-3.11,7.92,91.76,11.75,38.04,0.26547090707311327,0.2612637883389144,337,2026-10-08
039130,하나투어,4601.0,14.59,2036.0,3.02,일반서비스,-1.49,26.11,256.37,0.65,1.24,0.2604928780576259,0.2601276580870455,338,2026-10-08
064350,현대로템,114818.0,14.91,7055.0,3.73,운송장비·부품,-2.5,26.45,169.14,18.11,-0.84,0.2598230075299553,0.25956175635338136,339,2026-10-08
003300,한일홀딩스,5241.0,16.6,1024.0,0.31,비금속,-0.41,3.29,58.16,-5.83,29.49,0.2625938400987716,0.25909125753533757,340,2026-10-08
002790,아모레퍼시픽홀딩스,19803.0,19.49,1329.0,0.67,화학,-2.26,4.01,21.03,9.62,24.69,0.25732579608944334,0.2565968729556011,341,2026-10-08
030000,제일기획,21651.0,10.43,1804.0,1.21,일반서비스,-0.74,14.67,112.53,-3.07,-14.21,0.2528095175192089,0.2537951547583448,342,2026-10-08
000430,대원강업,2731.0,7.5,587.0,0.49,운송장비·부품,-0.79,12.53,94.88,12.58,76.59,0.25326722252900213,0.25303583938383795,343,2026-10-08
051600,한전KPS,19598.0,15.77,2761.0,1.46,건설,-1.91,9.95,25.08,6.52,9.78,0.25256490825574657,0.2529349702027085,344,2026-10-08
015760,한국전력,186812.0,2.19,13311.0,0.39,전기·가스,-3.16,16.82,406.43,0.31,-16.59,0.2598807793010742,0.2523346616049161,345,2026-10-08
002720,국제약품,904.0,15.87,269.0,0.92,제약,-3.61,5.19,86.38,6.67,-29.42,0.2621786078557635,0.25049070033428145,346,2026-10-08
365550,ESR켄달스퀘어리츠,7616.0,119.04,26.0,0.67,리츠,-1.12,0.0,142.74,11.77,18.96,0.25239936211436365,0.24912150563075164,347,2026-10-08
272450,진에어,3028.0,3.16,1834.0,1.26,운송·창고,-0.51,51.15,430.65,14.41,-10.46,0.24967212139935757,0.24821562042441447,348,2026-10-08
017810,풀무원,3309.0,18.27,475.0,1.03,음식료·담배,-0.69,14.51,274.25,6.82,41.64,0.2452986416152726,0.2453828966996699,349,2026-10-08
030210,다올투자증권,2394.0,6.78,580.0,0.41,증권,-0.88,5.97,1159.95,94.56,2.78,0.23539295404929117,0.24266830828623406,350,2026-10-08
294870,HDC현대산업개발,14434.0,9.12,2400.0,0.43,건설,-1.13,5.71,128.48,-23.22,51.08,0.24467000578414178,0.2423682717742537,351,2026-10-08
035250,강원랜드,30358.0,9.54,1487.0,0.72,오락·문화,-0.98,8.59,18.13,-0.35,-15.11,0.24070695034968015,0.24065461617851203,352,2026-10-08
016610,DB증권,4211.0,5.17,1918.0,0.36,증권,-2.27,9.16,1006.08,148.19,37.0,0.24414164875870914,0.23951130691067485,353,2026-10-08
004270,남성,263.0,-7.04,-818.0,0.22,유통,3.04,4.77,156.61,3.87,123.68,0.24554721613310942,0.23893215322294759,354,2026-10-08
006660,삼성공조,1033.0,14.49,877.0,0.35,운송장비·부품,-2.46,3.93,14.39,-5.82,13.14,0.2422436224536199,0.23866899795743834,355,2026-10-08
004890,동일산업,838.0,-6.49,-5321.0,0.18,금속,0.73,0.84,14.38,3.88,2313.79,0.23380963762436544,0.23825671080468197,356,2026-10-08
138040,메리츠금융지주,213033.0,10.03,12698.0,2.08,금융,-2.38,22.38,1061.52,68.82,9.03,0.23690205313048324,0.23737074938374458,357,2026-10-08
005300,롯데칠성,8843.0,20.29,4697.0,0.63,음식료·담배,0.0,4.3,166.73,3.39,18.6,0.2354473009707445,0.23692438516349063,358,2026-10-08
011760,현대코퍼레이션,3175.0,3.66,6561.0,0.42,유통,-2.44,13.9,319.57,29.5,52.38,0.19388967371407995,0.23515527367063102,359,2026-10-08
094280,효성ITX,1364.0,9.49,1243.0,1.87,일반서비스,-0.08,19.39,182.17,6.08,-15.66,0.233894087622762,0.23383997575584797,360,2026-10-08
018250,애경산업,2955.0,19.43,576.0,0.71,화학,-0.62,4.26,29.29,9.48,-82.91,0.23348542861195462,0.23277575505698897,361,2026-10-08
272550,삼양패키징,1484.0,8.57,1149.0,0.38,화학,0.0,5.32,81.25,5.96,40.87,0.2372993228400828,0.2326909860545265,362,2026-10-08
064400,LG씨엔에스,65398.0,14.84,4548.0,2.23,IT 서비스,-2.32,16.74,61.87,6.15,1.09,0.23303504760878893,0.23143850636823238,363,2026-10-08
035510,신세계 I&C,2069.0,7.52,1968.0,0.45,IT 서비스,-2.12,6.95,30.63,0.01,14.78,0.24034066729639622,0.23033976976532816,364,2026-10-08
009680,모토닉,2180.0,10.6,946.0,0.45,운송장비·부품,0.2,5.64,10.3,-0.42,20.4,0.22745600001626648,0.23026339477620283,365,2026-10-08
489790,한화비전,24765.0,54.32,903.0,2.85,전기·전자,-0.71,13.63,136.84,8.22,-18.98,0.22831370949394342,0.2282974043319942,366,2026-10-08
000640,동아쏘시오홀딩스,6261.0,6.88,13508.0,0.54,금융,-1.8,7.44,82.93,13.05,19.76,0.22567117063638548,0.22566214459463657,367,2026-10-08
003540,대신증권,11750.0,12.06,2044.0,0.46,증권,-1.4,10.91,834.68,102.38,164.95,0.22376411724714207,0.22511531926502934,368,2026-10-08
002690,동일제강,267.0,-54.79,-24.0,0.17,금속,-0.15,-0.32,11.81,-16.42,0.0,0.22493641278057108,0.22444526901267864,369,2026-10-08
002030,아세아,4416.0,14.46,14837.0,0.3,일반서비스,2.63,2.36,61.33,3.51,-21.57,0.21397918798250354,0.22427163503901917,370,2026-10-08
000270,기아,416961.0,5.59,19111.0,0.68,운송장비·부품,-2.55,11.61,65.14,9.02,-16.28,0.2278507405494209,0.22354493340733583,371,2026-10-08
011420,갤럭시아에스엠,380.0,13.14,105.0,0.6,오락·문화,-1.5,0.0,8.79,12.27,26.23,0.22718949789846818,0.22278288584052097,372,2026-10-08
024720,콜마홀딩스,3224.0,13.76,683.0,0.52,금융,1.4,7.19,47.11,-10.31,133.21,0.2196009991143948,0.2216247809038076,373,2026-10-08
214420,토니모리,1183.0,10.63,463.0,1.0,화학,-3.15,9.67,82.6,-4.88,-30.35,0.22226973801630925,0.22046344739015297,374,2026-10-08
005960,동부건설,1898.0,3.67,2251.0,0.34,건설,0.12,15.09,205.01,24.27,69.16,0.22032958571417505,0.22011483901944762,375,2026-10-08
069960,현대백화점,18654.0,9.43,9177.0,0.41,유통,-0.35,5.09,87.6,-7.36,-10.65,0.18294317053062226,0.21884348923486668,376,2026-10-08
001270,부국증권,5107.0,14.43,3413.0,0.53,증권,-1.1,5.51,770.46,133.07,-6.39,0.216305438858964,0.21882101921271152,377,2026-10-08
001200,유진투자증권,3846.0,5.96,666.0,0.32,증권,-1.24,12.46,1137.05,201.92,210.52,0.22003247514506225,0.21733475909235067,378,2026-10-08
003530,한화투자증권,9408.0,9.43,465.0,0.46,증권,-1.46,4.04,855.57,183.45,0.45,0.22055584666784403,0.2172470960484652,379,2026-10-08
000700,유수홀딩스,1750.0,38.18,176.0,0.52,일반서비스,1.2,4.59,19.94,8.56,72.33,0.21493567050384654,0.21646630103418518,380,2026-10-08
010100,한국무브넥스,1031.0,4.94,685.0,0.26,운송장비·부품,-0.44,5.36,155.04,2.49,-26.34,0.2124861652874921,0.21623939533594358,381,2026-10-08
035000,HS애드,1037.0,6.09,1051.0,0.49,일반서비스,0.16,9.65,126.88,-2.71,0.0,0.21002564818410122,0.2154894522705154,382,2026-10-08
006880,신송홀딩스,500.0,13.72,308.0,0.42,유통,-0.59,6.73,131.88,6.62,31.41,0.1789143579528223,0.21498887785350335,383,2026-10-08
086280,현대글로비스,137175.0,7.91,23117.0,1.33,운송·창고,-2.71,15.23,90.32,12.07,-2.33,0.2198066592443137,0.21419516776350095,384,2026-10-08
016740,두올,1146.0,4.23,945.0,0.41,운송장비·부품,-1.24,7.79,97.34,1.61,-52.27,0.21186573755581123,0.21347494705245446,385,2026-10-08
013000,세우글로벌,342.0,9.83,121.0,0.66,유통,-1.73,6.9,9.16,-0.7,3.57,0.18283722045723622,0.21276701603808318,386,2026-10-08
001460,BYC,2380.0,16.34,2331.0,0.55,섬유·의류,0.79,4.07,38.0,6.55,22.88,0.20837744996024382,0.21258531332215594,387,2026-10-08
081660,미스토홀딩스,20255.0,10.19,3743.0,1.05,유통,-2.68,13.54,111.5,10.34,41.89,0.18671720237872078,0.21071410410582112,388,2026-10-08
063160,종근당바이오,769.0,8.83,1586.0,0.59,제약,-7.03,6.85,117.15,7.11,0.0,0.25692823159863803,0.20985115373808377,389,2026-10-08
009900,명신산업,4439.0,6.5,1302.0,0.59,운송장비·부품,-0.24,11.54,91.12,19.86,16.12,0.2065481314743821,0.2089883793237175,390,2026-10-08
004980,성신양회,1969.0,7.8,1029.0,0.34,비금속,-1.23,5.39,122.65,39.77,21.89,0.20979418363514898,0.20859622219246116,391,2026-10-08
014820,동원시스템즈,6480.0,12.18,1835.0,0.76,화학,3.23,7.26,71.91,5.24,15.51,0.20217365255584277,0.20519799280665219,392,2026-10-08
282330,BGF리테일,21847.0,11.19,11297.0,1.66,유통,-2.77,17.2,170.11,5.59,33.58,0.18458623439285005,0.20443081815090203,393,2026-10-08
271980,제일약품,1478.0,6.32,1590.0,0.69,제약,-2.71,4.66,107.74,-7.9,0.0,0.2377594026963945,0.20192976572417962,394,2026-10-08
064960,SNT모티브,6993.0,10.05,2623.0,0.62,운송장비·부품,-1.13,8.16,26.89,-2.09,-4.59,0.19919928505044465,0.20005118217232012,395,2026-10-08
023800,인지컨트롤스,792.0,4.93,1017.0,0.34,운송장비·부품,-0.2,9.88,171.65,1.44,-12.46,0.19707101540906768,0.1979375302152796,396,2026-10-08
030610,교보증권,10940.0,7.66,1254.0,0.51,증권,-2.04,8.95,866.78,115.99,53.87,0.19843629981488317,0.1976721837331471,397,2026-10-08
012750,에스원,31995.0,17.92,4699.0,1.62,일반서비스,0.48,9.04,38.8,-0.71,-26.99,0.1964389862429895,0.19711253873005102,398,2026-10-08
090430,아모레퍼시픽,79492.0,39.82,3413.0,1.72,화학,-1.88,5.26,25.85,11.54,27.51,0.196115573293828,0.19678331827094006,399,2026-10-08
060980,HL홀딩스,3377.0,16.97,2221.0,0.32,금융,0.27,5.1,116.53,3.25,113.43,0.1961257790649671,0.19638828847236695,400,2026-10-08
002820,SUN&L,139.0,-6.18,-186.0,0.06,화학,16.04,3.68,109.07,-25.94,0.0,0.1948622941964077,0.19470680792996092,401,2026-10-08
026890,스틱인베스트먼트,3140.0,22.44,361.0,1.15,금융,-1.82,8.62,31.9,-14.43,0.0,0.19172509676116684,0.19380613515630835,402,2026-10-08
024890,대원화성,126.0,3.59,425.0,0.28,화학,11.48,6.32,151.21,8.5,-84.43,0.18484736148570305,0.19233189198833178,403,2026-10-08
004830,덕성,545.0,10.79,322.0,0.55,화학,1.02,3.77,55.06,-9.18,-65.92,0.18796074357512924,0.19086947778621532,404,2026-10-08
001430,세아베스틸지주,16783.0,29.87,1567.0,0.86,금속,6.0,4.59,115.23,12.81,45.26,0.1849130413064554,0.18821558815321676,405,2026-10-08
000670,영풍,7539.0,-97.04,-422.0,0.21,금속,1.99,2.72,42.85,45.45,0.0,0.18420812942679884,0.18591006579089503,406,2026-10-08
105840,우진,2480.0,28.56,430.0,1.25,의료·정밀기기,-5.32,6.04,26.13,9.71,84.56,0.19330140392396128,0.18381323499593566,407,2026-10-08
003280,흥아해운,4371.0,14.31,127.0,1.71,운송·창고,-1.25,9.42,70.8,-4.74,-59.64,0.18357317189065991,0.18279401577153645,408,2026-10-08
000150,두산,217321.0,378.45,3546.0,15.35,전기·전자,-4.07,17.75,161.3,10.4,50.26,0.18078627662283295,0.18123740140934516,409,2026-10-08
010120,LS ELECTRIC,293250.0,102.3,1911.0,14.04,전기·전자,-4.87,19.31,172.12,32.74,55.73,0.17913489009121752,0.17935070157789323,410,2026-10-08
092790,넥스틸,3448.0,9.57,1386.0,0.74,금속,-3.42,1.98,79.29,-19.92,-78.25,0.18267809059712048,0.17901411906351036,411,2026-10-08
083420,그린케미칼,1144.0,13.97,341.0,0.91,화학,0.85,6.75,67.41,17.0,115.8,0.1775911002836929,0.178038210939947,412,2026-10-08
028050,삼성E&A,94570.0,15.32,3150.0,1.99,일반서비스,-0.72,14.11,122.37,14.05,36.41,0.17767330722453098,0.17793810246465694,413,2026-10-08
088350,한화생명,44990.0,7.02,738.0,0.28,보험,-2.45,8.78,866.81,58.58,80.96,0.1864195811435477,0.17766025832692,414,2026-10-08
214390,경보제약,1315.0,28.35,194.0,0.9,제약,0.0,3.19,94.24,10.26,88.53,0.19415031813233735,0.1765632862514308,415,2026-10-08
194370,제이에스코퍼레이션,3546.0,4.54,2691.0,0.67,섬유·의류,1.83,15.89,226.25,24.64,54.57,0.17804585814562957,0.17625682294716757,416,2026-10-08
031430,신세계인터내셔날,3859.0,91.16,121.0,0.46,유통,2.04,2.47,57.31,15.4,0.0,0.13745623098801268,0.17602276548219875,417,2026-10-08
114090,GKL,5338.0,11.34,761.0,1.21,오락·문화,0.35,10.65,40.1,9.63,7.9,0.17203893183489477,0.1721080571335567,418,2026-10-08
013700,까뮤이앤씨,927.0,4.62,336.0,0.83,건설,3.26,25.06,132.83,82.07,91.82,0.16839720638759215,0.17153445290600508,419,2026-10-08
267270,HD현대건설기계,50917.0,19.1,5613.0,1.03,기계·장비,-7.03,12.72,91.02,152.81,438.08,0.17877368472303135,0.1707250342834797,420,2026-10-08
298040,효성중공업,232554.0,44.73,55755.0,9.88,전기·전자,-3.63,25.34,213.51,17.06,56.24,0.17092023418234942,0.17050593043964007,421,2026-10-08
178920,PI첨단소재,6079.0,26.01,796.0,1.8,화학,1.72,7.16,56.11,15.46,0.0,0.16802427259598662,0.17043564506979053,422,2026-10-08
077500,유니퀘스트,2149.0,10.42,955.0,0.87,유통,1.84,11.96,182.53,12.75,63.28,0.14069599153472062,0.16737278789717464,423,2026-10-08
001800,오리온홀딩스,13595.0,11.7,1931.0,0.55,금융,-0.88,5.73,21.37,22.42,39.37,0.16788484800650214,0.16720690528697688,424,2026-10-08
214320,이노션,7192.0,7.84,2294.0,0.68,일반서비스,0.11,12.05,153.59,0.04,27.35,0.1653833672469666,0.1663089410298815,425,2026-10-08
026960,동서,26221.0,18.1,1453.0,1.51,유통,-0.57,8.5,4.05,2.01,-13.96,0.14532658896927222,0.16519720571481158,426,2026-10-08
006120,SK디스커버리,12329.0,10.81,6549.0,0.45,금융,-1.53,5.87,135.01,29.38,-19.77,0.1538165772041608,0.1636076093195663,427,2026-10-08
192650,드림텍,5943.0,9020.0,1.0,1.6,전기·전자,-1.1,-2.62,84.62,-18.11,-97.24,0.16275620278774366,0.16359880711723862,428,2026-10-08
012610,경인양행,1409.0,24.89,136.0,0.58,화학,-1.6,8.21,104.28,13.55,85.07,0.1622932939571886,0.1620817590059815,429,2026-10-08
018670,SK가스,25212.0,10.69,25453.0,0.84,유통,0.55,9.69,147.95,33.47,-21.34,0.1279677422562408,0.16144967591635584,430,2026-10-08
010690,화신,2591.0,3.88,1910.0,0.45,운송장비·부품,-1.72,12.78,199.37,4.12,-60.0,0.16317412856508845,0.16108362715136426,431,2026-10-08
084670,동양고속,1100.0,37.11,1024.0,1.82,운송·창고,29.91,-0.11,192.74,6.9,0.0,0.13687493634498138,0.16096410413210613,432,2026-10-08
002100,경농,1757.0,9.42,955.0,0.61,화학,0.0,5.29,75.99,9.73,-4.6,0.1619445528237371,0.16032814356703423,433,2026-10-08
000760,이화산업,353.0,-19.67,-640.0,0.26,유통,2.11,-0.87,31.31,1.92,28.17,0.17596763184904657,0.15931273215599645,434,2026-10-08
000080,하이트진로,10387.0,25.45,582.0,0.92,음식료·담배,-0.34,4.09,172.65,-3.96,-4.96,0.15843445275305082,0.15925907462047045,435,2026-10-08
004700,조광피혁,4362.0,34.6,1896.0,0.78,섬유·의류,-1.35,2.58,13.87,-28.7,13.9,0.15943050510140733,0.1589702194170618,436,2026-10-08
003080,SB성보,449.0,1.3,1721.0,0.29,화학,0.0,-8.38,39.38,2.47,-16.63,0.15842921828460813,0.1582313411983558,437,2026-10-08
014160,대영포장,710.0,0.0,0.0,0.37,종이·목재,0.0,-0.02,28.33,-0.93,-91.67,0.15060025864780371,0.15621892559560496,438,2026-10-08
003490,대한항공,113044.0,14.54,2111.0,1.04,운송·창고,-0.49,-2.39,390.69,9.33,-61.27,0.1574894802678469,0.1560899745103475,439,2026-10-08
066570,LG전자,326584.0,37.68,5321.0,1.51,전기·전자,-3.61,4.29,130.9,9.38,71.34,0.15962725031115846,0.15577154011852593,440,2026-10-08
001070,대한방직,302.0,-49.48,-115.0,0.13,섬유·의류,0.89,0.03,53.85,-2.81,0.0,0.160454347351481,0.15535754708250796,441,2026-10-08
028100,동아지질,2200.0,14.02,1398.0,1.06,건설,-0.86,9.5,101.49,12.6,30.88,0.1531048710705049,0.15460590097795812,442,2026-10-08
300720,한일시멘트,11973.0,15.34,1061.0,0.64,비금속,0.62,5.74,62.14,-5.93,21.93,0.15086831554563657,0.15286655806594995,443,2026-10-08
251270,넷마블,27983.0,12.85,2618.0,0.51,IT 서비스,-2.6,6.97,35.79,4.43,-11.7,0.15711506166068748,0.15170573007977023,444,2026-10-08
003680,한성기업,279.0,9.82,457.0,0.38,음식료·담배,1.7,4.25,260.64,3.71,34.0,0.15155877211749608,0.1510844155727495,445,2026-10-08
018470,조일알미늄,1335.0,60.57,87.0,3.34,금속,-0.57,5.62,111.24,7.0,137.31,0.1470964353933697,0.14795120645418738,446,2026-10-08
012330,현대모비스,322456.0,9.05,39682.0,0.65,운송장비·부품,-3.88,7.39,45.99,3.9,7.96,0.15071354395094594,0.1468219420319289,447,2026-10-08
047050,포스코인터내셔널,100452.0,16.36,3491.0,1.45,유통,-0.17,12.34,155.76,10.87,28.22,0.12550734712151707,0.1463258161007174,448,2026-10-08
339770,교촌에프앤비,1936.0,11.04,351.0,1.03,유통,-1.15,8.18,90.07,1.97,-34.36,0.11953520329097558,0.14423712040113973,449,2026-10-08
007540,샘표,944.0,13.83,3388.0,0.44,금융,-0.32,4.28,34.19,1.99,27.21,0.1367758542404546,0.13976226159909727,450,2026-10-08
012450,한화에어로스페이스,459430.0,31.18,28573.0,4.73,운송장비·부품,-8.33,22.95,190.27,27.54,44.06,0.1381992147841828,0.1372153775568617,451,2026-10-08
404990,신한서부티엔디리츠,2379.0,9.72,397.0,0.85,리츠,0.0,9.81,186.02,112.29,172.14,0.1343730665218807,0.13295324304589484,452,2026-10-08
002620,제일파마홀딩스,1206.0,8.24,916.0,0.36,일반서비스,-0.13,2.7,89.47,-7.82,0.0,0.13251886806258384,0.13257091385520817,453,2026-10-08
001740,SK네트웍스,12236.0,27.11,225.0,0.58,유통,-4.24,5.81,147.89,1.11,-2.29,0.1077460264945492,0.13148801346718875,454,2026-10-08
259960,크래프톤,85817.0,12.11,15438.0,1.18,IT 서비스,-6.78,11.89,32.17,73.26,38.27,0.1381792630789806,0.13064319285883363,455,2026-10-08
007070,GS리테일,18101.0,41.71,519.0,0.55,유통,-3.56,3.96,120.56,5.31,31.36,0.10101660034173132,0.12746146529747948,456,2026-10-08
092780,DYP,429.0,5.51,592.0,0.29,운송장비·부품,-1.81,8.96,240.81,14.14,-6.94,0.12649069782380876,0.12375860226775706,457,2026-10-08
072130,유엔젤,594.0,13.93,336.0,0.91,IT 서비스,-0.43,10.25,22.83,2.5,-6.34,0.12384848179493294,0.12301209105558099,458,2026-10-08
029780,삼성카드,47734.0,7.39,5575.0,0.5,금융,-1.32,7.12,292.22,5.96,-6.01,0.12215094137999896,0.1225957162843619,459,2026-10-08
000180,성창기업지주,663.0,-3.21,-1479.0,0.1,일반서비스,-1.66,-2.63,27.1,4.11,0.0,0.12147022766350768,0.12147052236508366,460,2026-10-08
037270,YG PLUS,1954.0,8.7,353.0,1.04,IT 서비스,-2.69,10.93,48.86,7.68,-1.48,0.1200789255403059,0.12032691008592572,461,2026-10-08
017940,E1,6208.0,5.92,15276.0,0.26,유통,-0.98,9.12,643.64,58.76,0.0,0.05835746720834398,0.11663894982146984,462,2026-10-08
003670,포스코퓨처엠,171755.0,500.26,386.0,4.22,전기·전자,0.89,1.26,103.76,-4.6,91.32,0.11426392945397734,0.11541029245160754,463,2026-10-08
267850,아시아나IDT,1025.0,8.71,1060.0,0.61,IT 서비스,-1.07,7.06,30.35,3.01,1.25,0.11216334771430735,0.11499422141592114,464,2026-10-08
001120,LX인터내셔널,16802.0,11.85,3659.0,0.56,유통,-1.37,4.24,165.42,14.08,31.88,0.08136697834040449,0.11405743066727062,465,2026-10-08
007690,국도화학,3514.0,16.12,2354.0,0.38,화학,-1.68,6.04,125.19,41.98,95.88,0.11682630679740759,0.11338396803066043,466,2026-10-08
001250,GS글로벌,2645.0,13.3,241.0,0.49,유통,4.57,2.75,187.53,6.6,-31.28,0.06615557349081304,0.11249589862757348,467,2026-10-08
183190,아세아시멘트,3580.0,22.01,452.0,0.33,비금속,-0.1,1.06,93.56,2.67,-30.84,0.1141783392638127,0.11236802664968099,468,2026-10-08
003620,KG모빌리티,5262.0,11.21,232.0,0.35,운송장비·부품,0.0,6.29,154.02,24.82,8.16,0.10472209464632054,0.10963436623100772,469,2026-10-08
481850,신한글로벌액티브리츠,424.0,-28.71,-34.0,0.47,리츠,0.1,-0.79,34.01,-25.63,17.63,0.11132884595819381,0.10933584893367927,470,2026-10-08
079550,LIG넥스원,135520.0,53.49,11516.0,9.41,금속,-6.53,19.48,434.05,22.94,44.76,0.10767210702548602,0.10710134156788907,471,2026-10-08
120110,코오롱인더,16590.0,43.83,1264.0,0.43,화학,-1.07,3.35,86.54,4.17,122.42,0.1090373207749267,0.10557764001325932,472,2026-10-08
004080,신흥,1317.0,48.22,297.0,1.16,유통,-0.07,4.6,33.96,6.81,83.37,0.08548938578069248,0.10516369968047032,473,2026-10-08
008060,대덕,5162.0,163.37,101.0,0.93,금융,1.04,6.23,32.23,47.95,0.0,0.10194587157991336,0.10511952784866999,474,2026-10-08
402340,SK스퀘어,1385202.0,15.8,66468.0,5.01,금융,-8.06,85.62,6.62,624.43,800.83,0.10553799141089831,0.10474290551188828,475,2026-10-08
004170,신세계,28855.0,212.15,1440.0,0.6,유통,-4.38,3.45,121.19,7.97,75.74,0.08143228013144986,0.10157076758687575,476,2026-10-08
122900,아이마켓코리아,2765.0,13.19,627.0,0.7,유통,0.49,8.05,240.45,24.76,110.83,0.07239831958479638,0.10067767632714919,477,2026-10-08
006340,대원전선,9857.0,111.24,113.0,8.23,전기·전자,-2.93,9.61,152.18,54.39,34.07,0.0987391653075716,0.09889640234956258,478,2026-10-08
047400,유니온머티리얼,357.0,14.42,59.0,1.82,비금속,0.0,29.92,685.6,-4.31,-15.02,0.10041823178374276,0.09885066785872015,479,2026-10-08
028260,삼성물산,514882.0,22.41,14165.0,1.04,유통,-5.51,3.99,44.03,13.68,18.62,0.07924476298223063,0.09721466618600053,480,2026-10-08
011210,현대위아,13815.0,13.95,3641.0,0.37,운송장비·부품,-2.31,1.94,73.51,6.9,-2.79,0.10062917365805323,0.09444188916298019,481,2026-10-08
031210,서울보증보험,29535.0,11.0,3844.0,0.57,보험,-1.17,6.02,85.31,6.66,61.42,0.09091569272745136,0.09387247302618687,482,2026-10-08
004090,한국석유,1478.0,28.32,411.0,0.72,비금속,-0.77,7.11,108.65,14.38,241.24,0.09285443135069532,0.09277174726900705,483,2026-10-08
003570,SNT다이내믹스,9544.0,15.5,1852.0,0.78,운송장비·부품,-6.06,5.65,31.82,11.75,-18.64,0.09411653071350462,0.08954429644970724,484,2026-10-08
093370,후성,16131.0,300.8,50.0,4.82,화학,-1.51,10.97,110.71,42.51,122.74,0.08835278986393569,0.08945489254226169,485,2026-10-08
452260,한화갤러리아,4934.0,149.71,17.0,0.61,유통,-3.05,3.2,140.48,8.14,0.0,0.06575429995707346,0.08878448219239125,486,2026-10-08
092220,KEC,1247.0,-4.69,-662.0,0.38,전기·전자,0.49,-8.58,42.39,7.09,0.0,0.0922960698509977,0.08706746716937508,487,2026-10-08
011500,한농화성,2314.0,51.57,287.0,1.4,화학,0.95,2.74,41.28,16.52,0.0,0.08074775753745625,0.08233464565162538,488,2026-10-08
001440,대한전선,55074.0,62.17,452.0,3.26,전기·전자,-5.7,-0.92,109.58,28.8,117.82,0.08345913727927795,0.08166266052362368,489,2026-10-08
003470,유안타증권,8131.0,9.38,450.0,0.45,증권,-0.82,10.67,1189.74,128.87,300.73,0.08342528343093852,0.08142586912413231,490,2026-10-08
034590,인천도시가스,1151.0,5.97,4405.0,0.5,전기·가스,0.19,8.85,103.01,20.77,17.58,0.07620147715147935,0.07986448145377305,491,2026-10-08
053690,한미글로벌,2159.0,11.64,1692.0,0.92,일반서비스,-2.96,6.37,84.24,0.31,-46.27,0.08215412988326151,0.07851376277391128,492,2026-10-08
357120,코람코라이프인프라리츠,3962.0,52.86,77.0,0.84,리츠,0.25,0.0,221.5,0.0,0.0,0.07778579759733434,0.07506148061429876,493,2026-10-08
248070,솔루엠,8224.0,66.41,259.0,1.72,전기·전자,-2.16,2.19,151.51,21.26,83.55,0.06544796559735493,0.070836247062201,494,2026-10-08
002780,진흥기업,950.0,435.33,15.0,3.57,건설,-1.66,0.81,102.63,-4.38,0.0,0.06901666957782153,0.07047676223685684,495,2026-10-08
278470,에이피알,139083.0,48.22,7704.0,31.19,화학,-1.98,81.84,70.07,129.2,137.92,0.06608071855578261,0.06819328168081037,496,2026-10-08
000540,흥국화재,2184.0,2.08,1638.0,0.29,보험,-0.73,9.97,1568.87,1.51,-60.95,0.058640608778010916,0.06364999192016382,497,2026-10-08
001290,상상인증권,897.0,-15.33,-270.0,0.45,증권,-0.72,6.45,700.31,30.42,0.0,0.06156180131218072,0.06168463963346055,498,2026-10-08
004020,현대제철,37632.0,-542.31,-52.0,0.19,금속,-0.88,-0.09,75.6,2.94,-11.28,0.07214484693081487,0.06122669537914087,499,2026-10-08
052690,한전기술,47011.0,55.06,2234.0,7.49,일반서비스,-3.76,6.02,33.54,5.06,300.37,0.06017391337030081,0.06001145935079811,500,2026-10-08
000810,삼성화재,273243.0,15.04,40703.0,1.22,보험,-2.7,8.13,219.01,1.35,8.89,0.05973411003089726,0.05938277579798395,501,2026-10-08
002200,한국수출포장,923.0,-28.4,-97.0,0.34,종이·목재,0.0,-3.38,30.37,0.45,0.0,0.052258472387885446,0.056722448537917275,502,2026-10-08
005610,SPC삼립,3465.0,24.68,1627.0,0.68,음식료·담배,-2.31,-1.98,153.63,1.33,0.0,0.05532387374429948,0.055568662410162076,503,2026-10-08
008350,남선알미늄,1403.0,38.82,28.0,0.49,금속,1.3,-3.82,54.69,6.23,0.0,0.052870067645610766,0.05533506029224228,504,2026-10-08
134790,시디즈,368.0,-16.28,-1131.0,0.49,제조,-0.81,6.01,48.56,2.02,0.0,0.07929575824915909,0.05283901183127611,505,2026-10-08
005940,NH투자증권,91563.0,8.59,2888.0,0.98,증권,-6.59,16.12,955.37,227.95,115.71,0.053991368401184126,0.05089368065518525,506,2026-10-08
105630,한세실업,3520.0,6.15,1431.0,0.47,섬유·의류,0.11,4.9,133.17,9.18,42.73,0.04990824036103668,0.05079786947796333,507,2026-10-08
000390,삼화페인트,1967.0,25.64,282.0,0.57,화학,0.14,4.04,98.35,3.56,240.78,0.04973822938789296,0.04983181048227121,508,2026-10-08
145720,덴티움,3480.0,27.21,1483.0,0.62,의료·정밀기기,0.88,5.27,65.96,1.03,21.55,0.039870878787327924,0.04929130807208222,509,2026-10-08
006260,LS,83460.0,31.63,8458.0,1.46,금융,-4.46,8.43,269.71,39.0,91.7,0.05205708144229575,0.04925781363147419,510,2026-10-08
009460,한창제지,337.0,62.16,44.0,1.73,종이·목재,0.74,2.85,204.68,6.6,0.0,0.04348889277731138,0.042722115366323005,511,2026-10-08
003830,대한화섬,1424.0,-57.08,-1878.0,0.2,화학,-0.46,-0.35,18.8,-7.9,0.0,0.05236257752035639,0.042340841595549905,512,2026-10-08
272210,한화시스템,144712.0,59.75,1282.0,2.95,전기·전자,-1.29,4.28,159.15,31.98,108.52,0.04106678059607863,0.040936257822321145,513,2026-10-08
034020,두산에너빌리티,499638.0,590.91,132.0,6.42,기계·장비,-3.11,2.3,136.43,8.04,32.45,0.03930015585988794,0.040336721319451735,514,2026-10-08
008250,이건산업,361.0,-2.55,-1295.0,0.19,종이·목재,0.76,-6.64,110.62,-15.26,9.77,0.016852919141326625,0.040203426214781,515,2026-10-08
007610,선도전기,732.0,13.83,294.0,1.93,전기·전자,-4.13,-3.98,129.44,-46.81,0.0,0.03785691301050756,0.03515815989903785,516,2026-10-08
145210,다이나믹디자인,95.0,-0.92,-2434.0,0.21,기계·장비,0.0,-13.75,164.85,28.94,0.0,0.03456590272521459,0.03499849985324027,517,2026-10-08
298690,에어부산,2444.0,71.43,21.0,1.25,운송·창고,0.0,1.48,919.09,13.06,-8.43,0.03497744068339487,0.03410091651673946,518,2026-10-08
022100,포스코DX,32079.0,61.52,343.0,5.62,일반서비스,0.24,5.74,45.1,-16.77,-66.16,0.03312105763096107,0.03346558316148467,519,2026-10-08
377740,바이오노트,4728.0,-5.41,-857.0,0.31,제약,-1.28,-7.79,4.1,13.28,34.04,0.15586675678359632,0.02828788783173477,520,2026-10-08
000720,현대건설,120042.0,32.47,3320.0,1.47,건설,-2.8,5.19,155.21,-13.53,2.79,0.028908278921805888,0.027990041452614182,521,2026-10-08
002600,조흥,834.0,10.32,13470.0,0.55,음식료·담배,0.0,1.49,238.77,4.81,20.92,0.02450348374003447,0.026955914089758167,522,2026-10-08
003550,LG,163439.0,23.36,4628.0,0.58,금융,-2.44,2.61,9.81,5.53,3.48,0.028956825896021443,0.026604202843313423,523,2026-10-08
001020,페이퍼코리아,683.0,-3.53,-543.0,0.26,종이·목재,-0.72,-4.3,77.57,11.14,0.0,0.01858692193115106,0.02480863149894842,524,2026-10-08
005070,코스모신소재,15362.0,85.17,543.0,3.03,화학,-0.32,3.62,58.32,-9.51,-22.65,0.02261509216255625,0.02425269994917201,525,2026-10-08
025560,미래산업,2189.0,16.49,478.0,1.44,의료·정밀기기,-0.38,19.41,36.26,346.0,1047.26,0.025816340627019964,0.02372160695431797,526,2026-10-08
007110,일신석재,405.0,145.28,18.0,3.41,유통,4.39,2.45,65.02,-22.23,-17.45,-0.004598251895409952,0.023019278271305975,527,2026-10-08
095570,AJ네트웍스,1926.0,6.78,628.0,0.42,일반서비스,-0.7,11.99,276.18,20.29,24.05,0.01817706713249395,0.01991688261136048,528,2026-10-08
010950,S-Oil,189927.0,111.13,1518.0,2.21,화학,-1.11,16.33,199.86,19.06,0.0,0.01804462872796536,0.019645652538357483,529,2026-10-08
085310,엔케이,651.0,-16.79,-523.0,0.38,금속,-0.34,2.89,31.72,30.86,0.0,0.01605104422799314,0.0182136085065184,530,2026-10-08
017670,SK텔레콤,180638.0,44.24,1901.0,1.39,통신,-3.78,5.48,109.29,-0.47,21.86,0.019703865104179596,0.01754312632499932,531,2026-10-08
001260,남광토건,793.0,15.0,538.0,0.63,건설,0.12,4.39,219.74,-9.66,-13.27,0.015687277293723226,0.017513203017258012,532,2026-10-08
010820,퍼스텍,2819.0,25.8,224.0,4.42,금속,-3.67,17.33,450.42,19.74,73.37,0.017344909883212134,0.016600925668779402,533,2026-10-08
006200,한국전자홀딩스,152.0,-11.61,-140.0,0.1,금융,-0.25,-2.32,44.71,8.75,0.0,0.01564538397868201,0.013083649108872124,534,2026-10-08
075180,새론오토모티브,551.0,-106.3,-27.0,0.22,운송장비·부품,-0.69,4.18,12.66,7.94,0.0,0.022602401557428986,0.012610422330964575,535,2026-10-08
123690,한국화장품,1025.0,91.14,70.0,3.06,유통,-3.19,2.61,73.51,-7.0,4.08,-0.004059622651536504,0.010381013891582254,536,2026-10-08
006380,카프로,,,,,,,,,,,0.0,0.01027585452874407,537,2026-10-08
293940,신한알파리츠,6676.0,59.35,93.0,1.11,리츠,-0.18,2.82,300.97,15.16,18.16,0.01089529384165161,0.008582809930592166,538,2026-10-08
009240,한샘,9661.0,20.87,1967.0,1.7,유통,1.36,3.01,141.57,-9.55,145.63,-0.013237376142846521,0.00665428388420928,539,2026-10-08
006360,GS건설,27472.0,29.37,1093.0,0.57,건설,-2.28,2.8,229.04,-17.24,-29.09,0.0072690741466962805,0.005357697945476072,540,2026-10-08
025860,남해화학,2951.0,10.12,587.0,0.52,화학,-1.49,2.13,101.99,15.52,-63.28,0.007883039265001678,0.003884752417963205,541,2026-10-08
285130,SK케미칼,8926.0,22.4,2304.0,0.44,화학,0.39,0.31,89.06,23.6,-42.28,0.0057430838055066566,0.0036594367369694805,542,2026-10-08
031440,신세계푸드,,,,,,,,,,,0.0,7.125787208194008e-08,543,2026-10-08
Q760020,키움 레버리지 리츠부동산인프라 ETN,,,,,,,,,,,0.0,0.0,544,2026-10-08
489570,HANARO 25-12 은행채(AA+이상)액티브,,,,,,,,,,,0.0,0.0,545,2026-10-08
J3652701F,큐라클 57R,,,,,,,,,,,0.0,0.0,546,2026-10-08
Q530023,삼성 레버리지 China A50 선물 ETN(H),,,,,,,,,,,0.0,0.0,547,2026-10-08
486790,HANARO 코스닥150선물레버리지1.5X,,,,,,,,,,,0.0,0.0,548,2026-10-08
F72801BBC,한화국민참여정책형뉴딜2A,,,,,,,,,,,0.0,0.0,549,2026-10-08
Q530016,삼성 미국 대형 가치주 ETN(H),,,,,,,,,,,0.0,0.0,550,2026-10-08
486780,HANARO 200선물레버리지1.5X,,,,,,,,,,,0.0,0.0,551,2026-10-08
483420,ACE 애플밸류체인액티브,,,,,,,,,,,0.0,0.0,552,2026-10-08
483240,TIGER 미국나스닥100ETF선물,,,,,,,,,,,0.0,0.0,553,2026-10-08
482870,HANARO 주주가치성장코리아액티브,,,,,,,,,,,0.0,0.0,554,2026-10-08
F71201B97,키움히어로즈미국물류부동산1호,,,,,,,,,,,0.0,0.0,555,2026-10-08
Q530015,삼성 미국 대형 성장주 ETN(H),,,,,,,,,,,0.0,0.0,556,2026-10-08
481200,SOL 미국테크TOP10인버스(합성),,,,,,,,,,,0.0,0.0,557,2026-10-08
F74100005,흥국플러스공모주하이일드증권2호 C-f,,,,,,,,,,,0.0,0.0,558,2026-10-08
F72502BBC,신한국민참여정책형뉴딜혼합자산2호 A1,,,,,,,,,,,0.0,0.0,559,2026-10-08
Q530014,삼성 China A50 선물 ETN(H),,,,,,,,,,,0.0,0.0,560,2026-10-08
F72501BBC,신한국민참여정책형뉴딜혼합자산2호 C1,,,,,,,,,,,0.0,0.0,561,2026-10-08
F71902BBC,KB국민참여뉴딜2C,,,,,,,,,,,0.0,0.0,562,2026-10-08
Q530020,삼성 미국 대형 가치주 ETN,,,,,,,,,,,0.0,0.0,563,2026-10-08
F70100019,한투삼성그룹&글로벌성장3(A),,,,,,,,,,,0.0,0.0,564,2026-10-08
476810,KODEX 25-11 은행채(AA-이상)PLUS액티브,,,,,,,,,,,0.0,0.0,565,2026-10-08
F71901BBC,KB국민참여뉴딜2A,,,,,,,,,,,0.0,0.0,566,2026-10-08
Q530019,삼성 미국 대형 성장주 ETN,,,,,,,,,,,0.0,0.0,567,2026-10-08
472350,1Q 차이나H(H),,,,,,,,,,,0.0,0.0,568,2026-10-08
Q550074,N2 블룸버그 2X 천연가스 선물 ETN(H),,,,,,,,,,,0.0,0.0,569,2026-10-08
F72802BBC,한화국민참여정책형뉴딜2C,,,,,,,,,,,0.0,0.0,570,2026-10-08
F73300003,다올공모주하이일드만기형증권3 A,,,,,,,,,,,0.0,0.0,571,2026-10-08
J2177301F,강스템바이오텍 25R,,,,,,,,,,,0.0,0.0,572,2026-10-08
F73300004,다올공모주하이일드만기형증권3 Ae,,,,,,,,,,,0.0,0.0,573,2026-10-08
J1432121D,핸즈코퍼레이션 2WR,,,,,,,,,,,0.0,0.0,574,2026-10-08
Q500057,신한 인버스 2X Russell 2000 ETN,,,,,,,,,,,0.0,0.0,575,2026-10-08
Q700020,하나 블룸버그 -2X 천연가스 선물 ETN(H),,,,,,,,,,,0.0,0.0,576,2026-10-08
J2552221D,SG 17WR,,,,,,,,,,,0.0,0.0,577,2026-10-08
F70100017,한투삼성그룹&글로벌성장2(A1),,,,,,,,,,,0.0,0.0,578,2026-10-08
J1099621D,AP헬스케어 6WR,,,,,,,,,,,0.0,0.0,579,2026-10-08
J0180021D,유니슨 15WR,,,,,,,,,,,0.0,0.0,580,2026-10-08
J0113321D,유니켐 38WR,,,,,,,,,,,0.0,0.0,581,2026-10-08
950210,프레스티지바이오파마,3582.0,-3.91,-1523.0,0.83,,0.51,-21.57,46.25,81.99,0.0,0.0,0.0,582,2026-10-08
495710,BNK 26-06 특수채(AAA이상)액티브,,,,,,,,,,,0.0,0.0,583,2026-10-08
F73400007,코레이트하이일드공모주만기형2호 A-e,,,,,,,,,,,0.0,0.0,584,2026-10-08
494900,TIGER 25-12 금융채(AA-이상),,,,,,,,,,,0.0,0.0,585,2026-10-08
491080,KODEX 25-12 은행채(AAA)액티브,,,,,,,,,,,0.0,0.0,586,2026-10-08
J2901221D,DH오토리드 9WR,,,,,,,,,,,0.0,0.0,587,2026-10-08
F73400006,코레이트하이일드공모주만기형2호 A,,,,,,,,,,,0.0,0.0,588,2026-10-08
F73501BBC,GB뉴딜기업2호A,,,,,,,,,,,0.0,0.0,589,2026-10-08
F74100003,흥국플러스공모주하이일드증권2호 A,,,,,,,,,,,0.0,0.0,590,2026-10-08
F74100004,흥국플러스공모주하이일드증권2호 A-e,,,,,,,,,,,0.0,0.0,591,2026-10-08
Q530036,삼성 인버스 2X WTI원유 선물 ETN,,,,,,,,,,,0.0,0.0,592,2026-10-08
Q500056,신한 레버리지 Russell 2000 ETN,,,,,,,,,,,0.0,0.0,593,2026-10-08
489870,KIWOOM 25-09 회사채(AA-이상)액티브,,,,,,,,,,,0.0,0.0,594,2026-10-08
Q500055,신한 인버스 Russell 2000 ETN,,,,,,,,,,,0.0,0.0,595,2026-10-08
Q550062,N2 레버리지 금 선물 ETN(H),,,,,,,,,,,0.0,0.0,596,2026-10-08
Q550063,N2 인버스 레버리지 금 선물 ETN(H),,,,,,,,,,,0.0,0.0,597,2026-10-08
Q550065,N2 인버스 레버리지 은 선물 ETN(H),,,,,,,,,,,0.0,0.0,598,2026-10-08
Q760019,키움 리츠부동산인프라 ETN,,,,,,,,,,,0.0,0.0,599,2026-10-08
F73502BBC,GB뉴딜기업2호Ae,,,,,,,,,,,0.0,0.0,600,2026-10-08
Q520061,미래에셋 인도네시아 Top5 ETN,,,,,,,,,,,0.0,0.0,601,2026-10-08
Q520043,미래에셋 S&P 유럽탄소배출권 선물 ETN,,,,,,,,,,,0.0,0.0,602,2026-10-08
Q520052,미래에셋 천연가스 선물 ETN(H),,,,,,,,,,,0.0,0.0,603,2026-10-08
Q520053,미래에셋 인버스 천연가스 선물 ETN(H),,,,,,,,,,,0.0,0.0,604,2026-10-08
Q520055,미래에셋 인버스 2X 코스피200 선물 ETN,,,,,,,,,,,0.0,0.0,605,2026-10-08
Q510029,대신 S&P 인버스 2X 천연가스 선물 ETN,,,,,,,,,,,0.0,0.0,606,2026-10-08
Q500018,신한 구리 선물 ETN(H),,,,,,,,,,,0.0,0.0,607,2026-10-08
Q500019,신한 레버리지 WTI원유 선물 ETN(H),,,,,,,,,,,0.0,0.0,608,2026-10-08
Q500027,신한 인버스 2X WTI원유 선물 ETN(H),,,,,,,,,,,0.0,0.0,609,2026-10-08
F7420177B,하나대체미국LA부동산1호 A,,,,,,,,,,,0.0,0.0,610,2026-10-08
301410,PLUS 코스닥150선물인버스,,,,,,,,,,,0.0,0.0,611,2026-10-08
292730,FOCUS KRX300,,,,,,,,,,,0.0,0.0,612,2026-10-08
373530,PLUS 신흥국MSCI인버스(합성 H),,,,,,,,,,,0.0,0.0,613,2026-10-08
057050,현대홈쇼핑,,,,,,,,,,,0.0,0.0,614,2026-10-08
346000,HANARO KAP초장기국고채,,,,,,,,,,,0.0,0.0,615,2026-10-08
407170,KCGI 스마트커머스액티브,,,,,,,,,,,0.0,0.0,616,2026-10-08
411050,ACE 글로벌메타버스테크액티브,,,,,,,,,,,0.0,0.0,617,2026-10-08
Q530111,삼성 레버리지 천연가스 선물 ETN C,,,,,,,,,,,0.0,0.0,618,2026-10-08
407160,KCGI 테크미디어텔레콤액티브,,,,,,,,,,,0.0,0.0,619,2026-10-08
Q530105,삼성 인버스 2X 코스피200 선물 ETN,,,,,,,,,,,0.0,0.0,620,2026-10-08
093230,이아이디,,,,,,,,,,,0.0,0.0,621,2026-10-08
139310,TIGER 금속선물(H),,,,,,,,,,,0.0,0.0,622,2026-10-08
Q520071,미래에셋 0.5X 코스닥150 선물 ETN,,,,,,,,,,,0.0,0.0,623,2026-10-08
Q520070,미래에셋 0.5X 코스피200 선물 ETN,,,,,,,,,,,0.0,0.0,624,2026-10-08
Q520069,미래에셋 -2X 홍콩H 선물 ETN(H),,,,,,,,,,,0.0,0.0,625,2026-10-08
Q520068,미래에셋 2X 홍콩H 선물 ETN,,,,,,,,,,,0.0,0.0,626,2026-10-08
098560,TIGER 방송통신,,,,,,,,,,,0.0,0.0,627,2026-10-08
138490,코오롱ENP,,,,,,,,,,,0.0,0.0,628,2026-10-08
102280,쌍방울,,,,,,,,,,,0.0,0.0,629,2026-10-08
091090,세원이앤씨,,,,,,,,,,,0.0,0.0,630,2026-10-08
140910,에이리츠,,,,,,,,,,,0.0,0.0,631,2026-10-08
152550,한국ANKOR유전,,,,,,,,,,,0.0,0.0,632,2026-10-08
Q530084,삼성 인버스 금 선물 ETN(H),,,,,,,,,,,0.0,0.0,633,2026-10-08
204210,스타에스엠리츠,,,,,,,,,,,0.0,0.0,634,2026-10-08
Q530083,삼성 금 선물 ETN(H),,,,,,,,,,,0.0,0.0,635,2026-10-08
Q520011,미래에셋 인버스 원유선물혼합 ETN(H),,,,,,,,,,,0.0,0.0,636,2026-10-08
Q520009,미래에셋 레버리지 원유선물혼합 ETN(H),,,,,,,,,,,0.0,0.0,637,2026-10-08
Q520050,미래에셋 인버스 2X 원유선물혼합 ETN(H),,,,,,,,,,,0.0,0.0,638,2026-10-08
Q510015,대신 밀 선물 ETN(H),,,,,,,,,,,0.0,0.0,639,2026-10-08
Q510016,대신 천연가스 선물 ETN(H),,,,,,,,,,,0.0,0.0,640,2026-10-08
094800,맵스리얼티1,6935.0,0.0,0.0,0.0,,-0.4,,,,,0.0,0.0,641,2026-10-08
Q500088,신한 2X 26-05 은행채(AAA) ETN,,,,,,,,,,,0.0,0.0,642,2026-10-08
Q500089,신한 26-05 공사채(AAA) ETN,,,,,,,,,,,0.0,0.0,643,2026-10-08
Q500090,신한 2X 26-05 공사채(AAA) ETN,,,,,,,,,,,0.0,0.0,644,2026-10-08
Q500070,신한 인버스 2X 코스피 200 선물 ETN,,,,,,,,,,,0.0,0.0,645,2026-10-08
Q500077,신한 인버스0.5X S&P500 VIX S/T선물 ETN,,,,,,,,,,,0.0,0.0,646,2026-10-08
450140,코오롱모빌리티그룹,,,,,,,,,,,0.0,0.0,647,2026-10-08
448600,RISE 25-11 회사채(AA-이상)액티브,,,,,,,,,,,0.0,0.0,648,2026-10-08
441330,KIWOOM 차이나A50커넥트MSCI,,,,,,,,,,,0.0,0.0,649,2026-10-08
45014K,코오롱모빌리티그룹우,,,,,,,,,,,0.0,0.0,650,2026-10-08
394350,KIWOOM 글로벌퓨처모빌리티,,,,,,,,,,,0.0,0.0,651,2026-10-08
453540,TIGER 25-10 회사채(A+이상)액티브,,,,,,,,,,,0.0,0.0,652,2026-10-08
459370,SOL 유럽탄소배출권선물인버스ICE(H),,,,,,,,,,,0.0,0.0,653,2026-10-08
460280,KIWOOM Fn유전자혁신기술,,,,,,,,,,,0.0,0.0,654,2026-10-08
461270,ACE 26-06 회사채(AA-이상)액티브,,,,,,,,,,,0.0,0.0,655,2026-10-08
462540,SOL 25-09 회사채(AA-이상)액티브,,,,,,,,,,,0.0,0.0,656,2026-10-08
464060,HANARO 글로벌반도체TOP10 SOLACTIVE,,,,,,,,,,,0.0,0.0,657,2026-10-08
468820,WON 25-09 회사채(AA-이상)액티브,,,,,,,,,,,0.0,0.0,658,2026-10-08
466400,1Q 25-08 회사채(A+이상)액티브,,,,,,,,,,,0.0,0.0,659,2026-10-08
467620,KIWOOM 25-09 미국채권(AA-이상)액티브,,,,,,,,,,,0.0,0.0,660,2026-10-08
467940,KODEX 25-11 회사채(A+이상)액티브,,,,,,,,,,,0.0,0.0,661,2026-10-08
452440,VITA 밸류알파액티브,,,,,,,,,,,0.0,0.0,662,2026-10-08
030720,동원수산,218.0,2.81,1664.0,0.39,,4.93,18.01,137.96,-7.73,33.02,0.0,0.0,663,2026-10-08
422260,VITA MZ소비액티브,,,,,,,,,,,0.0,0.0,664,2026-10-08
426330,KIWOOM 미국ETF산업STOXX,,,,,,,,,,,0.0,0.0,665,2026-10-08
033180,KH 필룩스,,,,,,,,,,,0.0,0.0,666,2026-10-08
042670,HD현대인프라코어,,,,,,,,,,,0.0,0.0,667,2026-10-08
424460,HANARO 글로벌워터MSCI(합성),,,,,,,,,,,0.0,0.0,668,2026-10-08
Q500020,신한 레버리지 다우존스지수 선물 ETN(H),,,,,,,,,,,0.0,0.0,669,2026-10-08
Q500081,신한 S&P 인버스 2X 유로 선물 ETN(H),,,,,,,,,,,0.0,0.0,670,2026-10-08
Q500082,신한 블룸버그 2X 천연가스 선물 ETN,,,,,,,,,,,0.0,0.0,671,2026-10-08
Q500080,신한 S&P 레버리지 유로 선물 ETN(H),,,,,,,,,,,0.0,0.0,672,2026-10-08
Q500015,신한 WTI원유 선물 ETN(H),,,,,,,,,,,0.0,0.0,673,2026-10-08
Q500016,신한 금 선물 ETN(H),,,,,,,,,,,0.0,0.0,674,2026-10-08
Q500017,신한 은 선물 ETN(H),,,,,,,,,,,0.0,0.0,675,2026-10-08
Q500028,신한 인버스 2X 다우존스지수 선물 ETN(H),,,,,,,,,,,0.0,0.0,676,2026-10-08
Q500013,신한 옥수수 선물 ETN(H),,,,,,,,,,,0.0,0.0,677,2026-10-08
Q500014,신한 인버스 옥수수 선물 ETN(H),,,,,,,,,,,0.0,0.0,678,2026-10-08
433860,PLUS TDF2040액티브,,,,,,,,,,,0.0,0.0,679,2026-10-08
433870,PLUS TDF2050액티브,,,,,,,,,,,0.0,0.0,680,2026-10-08
Q500078,신한 S&P 유로 선물 ETN(H),,,,,,,,,,,0.0,0.0,681,2026-10-08
Q500079,신한 S&P 인버스 유로 선물 ETN(H),,,,,,,,,,,0.0,0.0,682,2026-10-08
Q500087,신한 26-05 은행채(AAA) ETN,,,,,,,,,,,0.0,0.0,683,2026-10-08
Q570093,한투 레버리지 천연가스 선물 ETN B,,,,,,,,,,,0.0,0.0,684,2026-10-08
003560,IHQ,,,,,,,,,,,0.0,0.0,685,2026-10-08
Q610017,메리츠 인버스 2X 은 선물 ETN(H),,,,,,,,,,,0.0,0.0,686,2026-10-08
Q610016,메리츠 레버리지 은 선물 ETN(H),,,,,,,,,,,0.0,0.0,687,2026-10-08
Q610013,메리츠 인버스 2X 금 선물 ETN(H),,,,,,,,,,,0.0,0.0,688,2026-10-08
010420,한솔PNS,,,,,,,,,,,0.0,0.0,689,2026-10-08
Q610012,메리츠 레버리지 금 선물 ETN(H),,,,,,,,,,,0.0,0.0,690,2026-10-08
Q610009,메리츠 인버스 국채30년 ETN,,,,,,,,,,,0.0,0.0,691,2026-10-08
Q610008,메리츠 레버리지 국채30년 ETN,,,,,,,,,,,0.0,0.0,692,2026-10-08
F77300001,밸류시스템SAFE증권1호(A),,,,,,,,,,,0.0,0.0,693,2026-10-08
F77300002,밸류시스템SAFE증권1호(Ae),,,,,,,,,,,0.0,0.0,694,2026-10-08
F77300003,밸류시스템SAFE증권2호(A),,,,,,,,,,,0.0,0.0,695,2026-10-08
F77200009,한국밸류AI혁신소부장2호(A-e),,,,,,,,,,,0.0,0.0,696,2026-10-08
F75802BBC,IBK국민참여정책형뉴딜혼합자산2호C,,,,,,,,,,,0.0,0.0,697,2026-10-08
008500,일정실업,,,,,,,,,,,0.0,0.0,698,2026-10-08
F77200001,한국밸류K-파워1호 (A),,,,,,,,,,,0.0,0.0,699,2026-10-08
Q580055,KB 블룸버그 레버리지 천연가스 선물 ETN,,,,,,,,,,,0.0,0.0,700,2026-10-08
F77200002,한국밸류K-파워1호 (A-e),,,,,,,,,,,0.0,0.0,701,2026-10-08
006390,한일현대시멘트,,,,,,,,,,,0.0,0.0,702,2026-10-08
010620,HD현대미포,,,,,,,,,,,0.0,0.0,703,2026-10-08
F77200006,한국밸류AI혁신소부장1호(A-e),,,,,,,,,,,0.0,0.0,704,2026-10-08
Q550086,N2 미국달러 SOFR금리 플러스 ETN,,,,,,,,,,,0.0,0.0,705,2026-10-08
F77200007,한국밸류AI혁신소부장1호(C-F),,,,,,,,,,,0.0,0.0,706,2026-10-08
0021D0,ACE TDF2030액티브,,,,,,,,,,,0.0,0.0,707,2026-10-08
F77200008,한국밸류AI혁신소부장2호(A),,,,,,,,,,,0.0,0.0,708,2026-10-08
0021C0,ACE 장기자산배분액티브,,,,,,,,,,,0.0,0.0,709,2026-10-08
F75801BBC,IBK국민참여정책형뉴딜혼합자산2호A,,,,,,,,,,,0.0,0.0,710,2026-10-08
Q570084,한투 블룸버그 인버스 2X 천연가스선물 ETN,,,,,,,,,,,0.0,0.0,711,2026-10-08
F70100020,한투삼성그룹&글로벌성장3(A1),,,,,,,,,,,0.0,0.0,712,2026-10-08
Q580021,KB 인버스 천연가스 선물 ETN,,,,,,,,,,,0.0,0.0,713,2026-10-08
008110,대동전자,,,,,,,,,,,0.0,0.0,714,2026-10-08
F70100021,한투삼성그룹&글로벌성장3(A1-e),,,,,,,,,,,0.0,0.0,715,2026-10-08
F70100022,한투미국경제주도1(A),,,,,,,,,,,0.0,0.0,716,2026-10-08
F70100023,한투미국경제주도1(A-e),,,,,,,,,,,0.0,0.0,717,2026-10-08
F70100024,한투미국경제주도2(A),,,,,,,,,,,0.0,0.0,718,2026-10-08
005390,신성통상,,,,,,,,,,,0.0,0.0,719,2026-10-08
F70101BB1,한국투자서울오피스,,,,,,,,,,,0.0,0.0,720,2026-10-08
F70100025,한투미국경제주도2(A-e),,,,,,,,,,,0.0,0.0,721,2026-10-08
Q580046,KB 블룸버그 인버스2X 천연가스선물 ETN(H),,,,,,,,,,,0.0,0.0,722,2026-10-08
Q580040,KB 인버스 2X KOSPI 200 선물 ETN,,,,,,,,,,,0.0,0.0,723,2026-10-08
F74702B8A,이지스229호 Class C-I,,,,,,,,,,,0.0,0.0,724,2026-10-08
Q580027,KB 인버스 2X 은 선물 ETN(H),,,,,,,,,,,0.0,0.0,725,2026-10-08
Q580023,KB 인버스 2X 금 선물 ETN(H),,,,,,,,,,,0.0,0.0,726,2026-10-08
Q580022,KB 레버리지 금 선물 ETN(H),,,,,,,,,,,0.0,0.0,727,2026-10-08
Q580020,KB 천연가스 선물 ETN(H),,,,,,,,,,,0.0,0.0,728,2026-10-08
Q580019,KB 인버스 2X 항셍테크 선물 ETN,,,,,,,,,,,0.0,0.0,729,2026-10-08
Q580017,KB 인버스 2X S&P 500 선물 ETN,,,,,,,,,,,0.0,0.0,730,2026-10-08
Q580016,KB 레버리지 S&P 500 선물 ETN(H),,,,,,,,,,,0.0,0.0,731,2026-10-08
Q580015,KB 레버리지 나스닥 100 ETN,,,,,,,,,,,0.0,0.0,732,2026-10-08
Q580014,KB 인버스 2X 나스닥 100 ETN,,,,,,,,,,,0.0,0.0,733,2026-10-08
F77200003,한국밸류K-파워2호 (A),,,,,,,,,,,0.0,0.0,734,2026-10-08
F77200004,한국밸류K-파워2호 (A-e),,,,,,,,,,,0.0,0.0,735,2026-10-08
F77200005,한국밸류AI혁신소부장1호(A),,,,,,,,,,,0.0,0.0,736,2026-10-08
004970,신라교역,1424.0,30.69,290.0,0.23,,-0.34,7.84,17.49,2.58,58.39,0.0,0.0,737,2026-10-08
F70100018,한투삼성그룹&글로벌성장2(A1-e),,,,,,,,,,,0.0,0.0,738,2026-10-08
Q570060,한투 인버스 2X 금 선물 ETN,,,,,,,,,,,0.0,0.0,739,2026-10-08
000075,삼양홀딩스우,,,,,,,,,,,0.0,0.0,740,2026-10-08
0001S0,TIGER 26-04 회사채(A+이상)액티브,,,,,,,,,,,0.0,0.0,741,2026-10-08
Q570062,한투 인버스 2X 은 선물 ETN,,,,,,,,,,,0.0,0.0,742,2026-10-08
F74701789,이지스204호 Class A,,,,,,,,,,,0.0,0.0,743,2026-10-08
F74701B8A,이지스229호 Class A,,,,,,,,,,,0.0,0.0,744,2026-10-08
Q610044,메리츠 인버스 천연가스 선물 ETN(H),,,,,,,,,,,0.0,0.0,745,2026-10-08
012510,더존비즈온,,,,,,,,,,,0.0,0.0,746,2026-10-08
F70100016,한투삼성그룹&글로벌성장2(A),,,,,,,,,,,0.0,0.0,747,2026-10-08
F70100015,한투삼성그룹&글로벌성장1(A1-e),,,,,,,,,,,0.0,0.0,748,2026-10-08
F70100014,한투삼성그룹&글로벌성장1(A1),,,,,,,,,,,0.0,0.0,749,2026-10-08
F70100013,한투삼성그룹&글로벌성장1(A),,,,,,,,,,,0.0,0.0,750,2026-10-08
Q570059,한투 레버리지 금 선물 ETN,,,,,,,,,,,0.0,0.0,751,2026-10-08
Q610043,메리츠 천연가스 선물 ETN(H),,,,,,,,,,,0.0,0.0,752,2026-10-08
F7420277B,하나대체미국LA부동산1호 F,,,,,,,,,,,0.0,0.0,753,2026-10-08
Q610033,메리츠 STAR 50 ETN,,,,,,,,,,,0.0,0.0,754,2026-10-08
019440,세아특수강,,,,,,,,,,,0.0,0.0,755,2026-10-08
Q610032,메리츠 CSI 300 ETN,,,,,,,,,,,0.0,0.0,756,2026-10-08
Q610054,메리츠 블룸버그 -2X 천연가스 선물 ETN(H),,,,,,,,,,,0.0,0.0,757,2026-10-08
F70100011,한투삼성그룹성장테마2호(A),,,,,,,,,,,0.0,0.0,758,2026-10-08
F70100010,한투삼성그룹성장테마1호(A-e),,,,,,,,,,,0.0,0.0,759,2026-10-08
F70100009,한투삼성그룹성장테마1호(A),,,,,,,,,,,0.0,0.0,760,2026-10-08
0010E0,ACE FTSE WGBI Korea,,,,,,,,,,,0.0,0.0,761,2026-10-08
001140,국보,,,,,,,,,,,0.0,0.0,762,2026-10-08
Q700025,하나 블룸버그 2X 천연가스 선물 ETN(H) B,,,,,,,,,,,0.0,0.0,763,2026-10-08
F70100012,한투삼성그룹성장테마2호(A-e),,,,,,,,,,,0.0,0.0,764,2026-10-08
Q570058,한투 인버스 은 선물 ETN,,,,,,,,,,,0.0,0.0,765,2026-10-08
F77200010,한국밸류AI혁신소부장2호(C-F),,,,,,,,,,,0.0,0.0,766,2026-10-08
Q570057,한투 은 선물 ETN,,,,,,,,,,,0.0,0.0,767,2026-10-08
Q570056,한투 인버스 금 선물 ETN,,,,,,,,,,,0.0,0.0,768,2026-10-08
010600,웰바이오텍,,,,,,,,,,,0.0,0.0,769,2026-10-08
Q570055,한투 금 선물 ETN,,,,,,,,,,,0.0,0.0,770,2026-10-08
0021E0,ACE TDF2050액티브,,,,,,,,,,,0.0,0.0,771,2026-10-08
Q610067,메리츠 블룸버그 2X 천연가스선물 ETN(H) B,,,,,,,,,,,0.0,0.0,772,2026-10-08
Q550044,N2 레버리지 S&P500 ETN,,,,,,,,,,,0.0,0.0,773,2026-10-08
Q570054,한투 레버리지 유로스탁스50 ETN(H) B,,,,,,,,,,,0.0,0.0,774,2026-10-08
Q550045,N2 인버스 레버리지 S&P500 ETN,,,,,,,,,,,0.0,0.0,775,2026-10-08
Q550043,N2 인버스 레버리지 WTI원유 선물 ETN(H),,,,,,,,,,,0.0,0.0,776,2026-10-08
F77300004,밸류시스템SAFE증권2호(Ae),,,,,,,,,,,0.0,0.0,777,2026-10-08
Q570052,한투 플래티넘 선물 ETN,,,,,,,,,,,0.0,0.0,778,2026-10-08
Q570053,한투 인버스 플래티넘 선물 ETN,,,,,,,,,,,0.0,0.0,779,2026-10-08
0036D0,TIMEFOLIO 미국배당다우존스액티브,,,,,,,,,,,0.0,-2.0856928698343564e-07,780,2026-10-08
397420,RISE 국채선물5년추종,,,,,,,,,,,0.0,-3.1306875335451104e-07,781,2026-10-08
489010,PLUS 글로벌AI인프라,,,,,,,,,,,0.0,-2.4112895921359107e-06,782,2026-10-08
082640,동양생명,,,,,,,,,,,0.0,-1.318281924865999e-05,783,2026-10-08
Q530089,삼성 은 선물 ETN(H),,,,,,,,,,,0.0,-4.1320765750493516e-05,784,2026-10-08
Q550064,N2 레버리지 은 선물 ETN(H),,,,,,,,,,,0.0,-4.1320765750493516e-05,785,2026-10-08
Q580026,KB 레버리지 은 선물 ETN(H),,,,,,,,,,,0.0,-4.1320765750493516e-05,786,2026-10-08
Q530090,삼성 인버스 은 선물 ETN(H),,,,,,,,,,,0.0,-4.1320765750493516e-05,787,2026-10-08
Q570061,한투 레버리지 은 선물 ETN,,,,,,,,,,,0.0,-4.1320765750493516e-05,788,2026-10-08
Q520039,미래에셋 코스닥150 선물 ETN,,,,,,,,,,,0.0,-0.0002094004699504254,789,2026-10-08
Q520040,미래에셋 인버스 코스닥150 선물 ETN,,,,,,,,,,,0.0,-0.0002094004699504254,790,2026-10-08
Q500063,신한 인버스 코스닥 150 선물 ETN,,,,,,,,,,,0.0,-0.0002094004699504254,791,2026-10-08
Q500061,신한 인버스 코스피 200 선물 ETN,,,,,,,,,,,0.0,-0.0002094004699504254,792,2026-10-08
F70900002,대신하이일드공모주알파증권2호 A-e,,,,,,,,,,,0.0,-0.0002094004699504254,793,2026-10-08
Q520038,미래에셋 인버스 코스피200 선물 ETN,,,,,,,,,,,0.0,-0.0002094004699504254,794,2026-10-08
F70900001,대신하이일드공모주알파증권2호 A,,,,,,,,,,,0.0,-0.0002094004699504254,795,2026-10-08
Q520037,미래에셋 코스피200 선물 ETN,,,,,,,,,,,0.0,-0.0002094004699504254,796,2026-10-08
F74601669,KCGI베트남증권투자신탁,,,,,,,,,,,0.0,-0.0002094004699504254,797,2026-10-08
465780,마이티 26-09 특수채(AAA)액티브,,,,,,,,,,,0.0,-0.00047118622500063364,798,2026-10-08
Q570064,한투 인버스 베트남 VN30 선물 ETN(H),,,,,,,,,,,0.0,-0.0015174479662291068,799,2026-10-08
Q570063,한투 베트남 VN30 선물 ETN(H),,,,,,,,,,,0.0,-0.0015174479662291068,800,2026-10-08
Q570065,한투 레버리지 베트남 VN30 선물 ETN(H),,,,,,,,,,,0.0,-0.0015174479662291068,801,2026-10-08
Q570066,한투 인버스 2X 베트남 VN30 선물 ETN(H),,,,,,,,,,,0.0,-0.0015174479662291068,802,2026-10-08
488210,KIWOOM K-반도체북미공급망,,,,,,,,,,,0.0,-0.008010140762022097,803,2026-10-08
454180,KIWOOM 차이나내수소비TOP CSI,,,,,,,,,,,0.0,-0.008010140762022097,804,2026-10-08
464240,KIWOOM 26-09회사채(AA-이상)액티브,,,,,,,,,,,0.0,-0.008010140762022097,805,2026-10-08
488200,KIWOOM K-2차전지북미공급망,,,,,,,,,,,0.0,-0.008010140762022097,806,2026-10-08
117580,대성에너지,1950.0,11.29,628.0,0.59,전기·가스,0.42,8.18,87.42,5.24,134.02,-0.015021790272407798,-0.00934113099816651,807,2026-10-08
008870,금비,386.0,17.89,2158.0,0.4,비금속,-0.26,-0.07,114.71,-4.8,-84.18,-0.008690224214422445,-0.00947676635730582,808,2026-10-08
000500,가온전선,87993.0,165.36,1787.0,18.19,전기·전자,-3.59,13.13,213.29,27.32,41.78,-0.010575004119190157,-0.010237328907157596,809,2026-10-08
460850,동국씨엠,1552.0,-2.93,-1770.0,0.16,금속,-2.08,-0.8,166.14,1.64,0.0,-0.014031547681440992,-0.0110250380117637,810,2026-10-08
015020,이스타코,199.0,-8.07,-115.0,1.02,부동산,0.0,-12.39,108.17,-13.4,0.0,0.016145300620631846,-0.011353865929541875,811,2026-10-08
Q510043,대신 인버스 천연가스 선물 ETN(H) B,,,,,,,,,,,0.0,-0.01205137116144006,812,2026-10-08
016360,삼성증권,76530.0,7.6,11279.0,0.95,증권,-4.14,18.11,1126.56,114.17,99.8,-0.011769323776182394,-0.012517620442247192,813,2026-10-08
014530,극동유화,1173.0,101.97,33.0,0.57,화학,-1.03,5.44,131.56,3.86,104.55,-0.011149611160244224,-0.013067830192214202,814,2026-10-08
499790,GS피앤엘,7377.0,38.08,977.0,0.86,금융,-1.85,3.77,93.13,40.03,99.87,-0.013961924657346261,-0.014255455845836807,815,2026-10-08
005010,휴스틸,2186.0,-14.51,-268.0,0.21,금속,-1.52,-3.22,34.88,25.99,0.0,-0.021217817063449024,-0.01759023700753907,816,2026-10-08
128820,대성산업,2085.0,-3.42,-1346.0,0.28,유통,-7.8,-7.85,169.98,-1.32,89.51,-0.019733595590785594,-0.025894205476093855,817,2026-10-08
001510,SK증권,5100.0,18.22,121.0,0.76,증권,-2.43,11.32,1191.67,179.77,883.33,-0.029595694013331952,-0.03117989491689957,818,2026-10-08
001940,KISCO홀딩스,3601.0,-19.74,-1287.0,0.27,금속,0.59,-1.93,11.58,18.43,0.0,-0.031071671721637273,-0.03254489250211426,819,2026-10-08
004150,한솔홀딩스,1442.0,-234.33,-15.0,0.26,금융,-0.85,7.4,81.92,23.61,76.77,-0.04144394013713963,-0.04114783337830985,820,2026-10-08
204320,HL만도,20872.0,20.87,2130.0,0.77,운송장비·부품,-2.52,6.46,142.58,2.89,9.45,-0.04508044353046341,-0.0470991673442524,821,2026-10-08
006800,미래에셋증권,162092.0,13.86,2154.0,1.31,증권,-2.13,26.89,1103.74,162.3,356.51,-0.04842645894278222,-0.04886439412559583,822,2026-10-08
071840,롯데하이마트,1393.0,-0.46,-12935.0,0.15,유통,-0.17,-28.05,103.6,-9.71,-79.07,-0.05810474817668039,-0.0495709640024277,823,2026-10-08
082740,한화엔진,34255.0,19.72,2082.0,6.16,기계·장비,-9.38,0.0,234.09,0.22,59.2,-0.05078899013305393,-0.05213255092111779,824,2026-10-08
035420,NAVER,279549.0,14.85,12376.0,1.0,IT 서비스,-2.75,7.24,43.92,16.27,3.43,-0.04938438247505364,-0.05308520795489173,825,2026-10-08
348950,제이알글로벌리츠,2333.0,-2.32,-510.0,0.22,리츠,0.0,-7.46,159.98,17.03,9.2,-0.11310398358105381,-0.05413947255426223,826,2026-10-08
004310,현대약품,2483.0,0.0,0.0,0.0,제약,-5.02,0.0,0.0,0.0,0.0,-0.18141901118728132,-0.06367311985285058,827,2026-10-08
002630,오리엔트바이오,486.0,0.0,0.0,0.0,제약,-1.27,0.0,0.0,0.0,0.0,-0.18141901118728132,-0.06367311985285058,828,2026-10-08
005500,삼진제약,2677.0,0.0,0.0,0.0,제약,1.41,0.0,0.0,0.0,0.0,-0.18141901118728132,-0.06367311985285058,829,2026-10-08
014130,한익스프레스,339.0,-2.49,-1154.0,0.41,운송·창고,2.14,-13.95,375.43,-2.36,0.0,-0.07242654965480248,-0.06756871546392172,830,2026-10-08
004100,태양금속,1174.0,36.78,87.0,0.77,운송장비·부품,0.16,12.47,259.04,-0.32,13.91,-0.0799421792420162,-0.07709077337561776,831,2026-10-08
005360,모나미,205.0,-1.94,-559.0,0.25,유통,5.03,-13.37,152.16,-5.63,0.0,-0.06091817176347992,-0.0802888654297028,832,2026-10-08
005380,현대차,660249.0,9.18,35331.0,0.74,운송장비·부품,-3.42,7.01,191.33,2.65,-25.84,-0.08003059552721167,-0.08380604208887352,833,2026-10-08
011280,태림포장,1059.0,-11.33,-132.0,0.34,종이·목재,-2.67,-2.5,120.12,7.04,-51.43,-0.09861975651918425,-0.08858361038205613,834,2026-10-08
039490,키움증권,63735.0,6.0,40504.0,0.96,증권,-1.62,25.42,1329.15,211.91,92.19,-0.09075012617590805,-0.09148214390968071,835,2026-10-08
475560,더본코리아,2091.0,-11.96,-1179.0,0.85,유통,-0.7,-2.74,29.64,-11.94,0.0,-0.04623480489585033,-0.09219216973227923,836,2026-10-08
005320,온타이드,547.0,-5.69,-281.0,0.58,유통,2.83,-5.43,68.86,6.03,0.0,-0.06643366347279926,-0.09331998421271645,837,2026-10-08
001530,DI동일,5707.0,-59.63,-462.0,1.1,유통,8.25,1.21,111.32,10.12,113.25,-0.04974795378258389,-0.0933831353001378,838,2026-10-08
286940,롯데이노베이트,2655.0,26.71,657.0,0.62,IT 서비스,-0.45,4.09,87.23,-1.75,47.64,-0.10526114463716496,-0.10299632295456482,839,2026-10-08
084870,TBH글로벌,451.0,52.5,42.0,0.74,섬유·의류,0.0,-0.21,78.67,13.94,176.05,-0.10377749843406595,-0.10332430941062891,840,2026-10-08
003030,세아제강지주,4353.0,6.88,15274.0,0.21,금융,-1.78,-5.76,144.09,9.7,0.0,-0.0994331399080923,-0.10654329798145282,841,2026-10-08
462520,조선내화,1463.0,65.64,188.0,0.66,비금속,-4.04,0.98,123.71,-3.39,-12.56,-0.10799015740492954,-0.1112820445961125,842,2026-10-08
112610,씨에스윈드,23489.0,67.68,823.0,2.0,금속,-2.62,0.35,161.71,-9.95,-13.09,-0.1123491574524303,-0.11144622559252859,843,2026-10-08
034310,NICE,4253.0,11.4,1015.0,0.53,일반서비스,-1.11,2.76,170.69,14.26,10.7,-0.11651933804960435,-0.11850280663083577,844,2026-10-08
377300,카카오페이,52023.0,114.78,335.0,2.73,금융,-2.9,4.56,236.54,41.13,561.2,-0.11984847084174113,-0.1196692337912453,845,2026-10-08
009810,플레이그램,379.0,-11.5,-162.0,0.41,유통,-1.01,-10.89,56.82,20.07,0.0,-0.0887847917915956,-0.1223607787688684,846,2026-10-08
020150,롯데에너지머티리얼즈,28906.0,-18.01,-3065.0,1.75,전기·전자,2.79,-4.85,31.54,-2.45,0.0,-0.1314858908190515,-0.12449815808791795,847,2026-10-08
175330,JB금융지주,51946.0,7.55,3688.0,0.88,금융,-1.42,12.37,1108.55,7.35,8.78,-0.12727049861315826,-0.12851785803862276,848,2026-10-08
000860,강남제비스코,1648.0,-61.26,-207.0,0.27,화학,1.6,-0.39,43.95,7.54,85.05,-0.13738317666833388,-0.13113443014527165,849,2026-10-08
097230,HJ중공업,12894.0,23.6,605.0,1.93,건설,-3.97,25.63,251.21,38.51,728.63,-0.13137056158607796,-0.1317147954684342,850,2026-10-08
307950,현대오토에버,98863.0,54.18,6654.0,5.35,IT 서비스,-3.61,10.52,83.21,16.61,3.37,-0.13504278167697673,-0.13435474687239307,851,2026-10-08
003520,영진약품,1893.0,147.86,7.0,2.11,제약,-3.18,1.37,160.86,7.3,179.78,-0.150009915438148,-0.13489970593089062,852,2026-10-08
003580,HLB글로벌,1335.0,-17.57,-150.0,1.81,유통,29.8,-2.09,58.55,13.31,0.0,-0.09730109137503846,-0.1369018551828008,853,2026-10-08
010040,한국내화,696.0,-3.19,-531.0,0.4,비금속,0.0,4.76,55.33,-8.6,0.0,-0.14297023667618897,-0.13869952712482309,854,2026-10-08
004440,삼일씨엔에스,677.0,-33.67,-158.0,0.25,비금속,-0.75,-0.75,47.55,2.24,0.0,-0.13463794579001737,-0.14341442515834457,855,2026-10-08
336370,솔루스첨단소재,6045.0,-11.7,-736.0,1.14,전기·전자,-3.04,5.69,116.12,13.54,0.0,-0.1439412163917494,-0.14347909837203954,856,2026-10-08
130660,한전산업,3801.0,93.28,125.0,3.68,일반서비스,-4.03,4.26,117.04,16.27,4.8,-0.14279534847564535,-0.14356047393346186,857,2026-10-08
010580,에스엠벡셀,2592.0,233.0,10.0,3.84,운송장비·부품,8.12,1.67,57.36,-14.88,-44.92,-0.1491644205057518,-0.14715287843893088,858,2026-10-08
010780,아이에스동서,4340.0,-8.19,-1782.0,0.35,비금속,-1.02,5.97,114.34,-13.16,42.98,-0.16065559641338056,-0.16036458931070546,859,2026-10-08
298020,효성티앤씨,11988.0,110.84,2499.0,0.76,화학,-2.12,7.19,188.18,17.4,82.48,-0.16174379680826187,-0.1648740184325227,860,2026-10-08
041650,상신브레이크,459.0,-3.86,-554.0,0.2,운송장비·부품,-0.93,2.21,152.04,-2.3,0.0,-0.1691326638908737,-0.16499776534227792,861,2026-10-08
018260,삼성에스디에스,151119.0,19.9,9816.0,1.52,IT 서비스,-5.65,6.6,42.35,0.99,-37.81,-0.15702868419289506,-0.16501096973711415,862,2026-10-08
001040,CJ,38047.0,32.45,4019.0,0.84,금융,-1.14,0.89,176.14,5.8,-13.68,-0.1662688727414117,-0.1655942866515103,863,2026-10-08
465770,STX그린로지스,157.0,-0.42,-5201.0,0.66,운송·창고,0.7,-37.08,156.84,-66.37,0.0,-0.16537473647348527,-0.16985540562006055,864,2026-10-08
441640,KODEX 미국배당커버드콜액티브,16981.0,0.0,0.0,0.0,ETF(Active/수익증권),-0.7,,,,,-0.16839950347322208,-0.17202503013534737,865,2026-10-08
441540,HANARO Fn조선해운,651.0,0.0,0.0,0.0,ETF(실물복제/수익증권),-3.87,,,,,-0.16839950347322208,-0.17202503013534737,866,2026-10-08
441680,TIGER 미국나스닥100커버드콜(합성),2801.0,0.0,0.0,0.0,ETF(합성복제/수익증권),-0.09,,,,,-0.16839950347322208,-0.17202503013534737,867,2026-10-08
F75701BA7,현대유퍼스트부동산30호[파생형] A,173.0,0.0,0.0,0.0,수익증권,0.0,,,,,-0.16839950347322208,-0.17202503013534737,868,2026-10-08
445290,KODEX 로봇액티브,10570.0,0.0,0.0,0.0,ETF(Active/수익증권),-2.33,,,,,-0.16839950347322208,-0.17202503013534737,869,2026-10-08
Q500086,신한 코스닥 150 TR ETN,119.0,0.0,0.0,0.0,ETN(주식),-1.16,,,,,-0.16839950347322208,-0.17202503013534737,870,2026-10-08
445150,KODEX 친환경조선해운액티브,486.0,0.0,0.0,0.0,ETF(Active/수익증권),-2.72,,,,,-0.16839950347322208,-0.17202503013534737,871,2026-10-08
441800,TIMEFOLIO Korea플러스배당액티브,7557.0,0.0,0.0,0.0,ETF(Active/수익증권),-2.2,,,,,-0.16839950347322208,-0.17202503013534737,872,2026-10-08
442090,에셋플러스 코리아대장장이액티브,477.0,0.0,0.0,0.0,ETF(Active/수익증권),-0.5,,,,,-0.16839950347322208,-0.17202503013534737,873,2026-10-08
Q610072,메리츠 KAP 레버리지 중국 위안화 ETN,129.0,0.0,0.0,0.0,ETN(통화),-0.29,,,,,-0.16839950347322208,-0.17202503013534737,874,2026-10-08
0001P0,마이티 바이오시밀러&CDMO액티브,97.0,0.0,0.0,0.0,ETF(Active/수익증권),-4.2,,,,,-0.16839950347322208,-0.17202503013534737,875,2026-10-08
Q610073,메리츠 KAP 인버스 2X 중국 위안화 ETN,83.0,0.0,0.0,0.0,ETN(통화),0.18,,,,,-0.16839950347322208,-0.17202503013534737,876,2026-10-08
442560,RISE TDF2040액티브,563.0,0.0,0.0,0.0,ETF(Active/수익증권),-0.67,,,,,-0.16839950347322208,-0.17202503013534737,877,2026-10-08
Q500085,신한 코스피 200 TR ETN,331.0,0.0,0.0,0.0,ETN(주식),-1.53,,,,,-0.16839950347322208,-0.17202503013534737,878,2026-10-08
442570,RISE TDF2050액티브,3514.0,0.0,0.0,0.0,ETF(Active/수익증권),-0.75,,,,,-0.16839950347322208,-0.17202503013534737,879,2026-10-08
F71204B98,키움히어로즈유럽오피스부동산2호 C-I,14.0,0.0,0.0,0.0,수익증권,0.0,,,,,-0.16839950347322208,-0.17202503013534737,880,2026-10-08
442580,PLUS 글로벌HBM반도체,17412.0,0.0,0.0,0.0,ETF(실물복제/수익증권),-0.68,,,,,-0.16839950347322208,-0.17202503013534737,881,2026-10-08
F71208B98,키움히어로즈유럽오피스부동산4호 C-I,145.0,0.0,0.0,0.0,수익증권,0.0,,,,,-0.16839950347322208,-0.17202503013534737,882,2026-10-08
F71207B98,키움히어로즈유럽오피스부동산4호 A,15.0,0.0,0.0,0.0,수익증권,0.0,,,,,-0.16839950347322208,-0.17202503013534737,883,2026-10-08
F71206B98,키움히어로즈유럽오피스부동산3호 C-I,25.0,0.0,0.0,0.0,수익증권,0.0,,,,,-0.16839950347322208,-0.17202503013534737,884,2026-10-08
Q610074,메리츠 미국채10년 ETN,103.0,0.0,0.0,0.0,ETN(채권),-0.24,,,,,-0.16839950347322208,-0.17202503013534737,885,2026-10-08
444200,SOL 코리아메가테크액티브,4696.0,0.0,0.0,0.0,ETF(Active/수익증권),-2.7,,,,,-0.16839950347322208,-0.17202503013534737,886,2026-10-08
444490,WON 미국S&P500,884.0,0.0,0.0,0.0,ETF(실물복제/수익증권),-0.6,,,,,-0.16839950347322208,-0.17202503013534737,887,2026-10-08
428560,KODEX 미국ETF산업Top10 Indxx,112.0,0.0,0.0,0.0,ETF(실물복제/수익증권),-0.8,,,,,-0.16839950347322208,-0.17202503013534737,888,2026-10-08
0000H0,KODEX 인도Nifty미드캡100,106.0,0.0,0.0,0.0,ETF(실물복제/수익증권),-1.87,,,,,-0.16839950347322208,-0.17202503013534737,889,2026-10-08
0000J0,PLUS 한화그룹주,1062.0,0.0,0.0,0.0,ETF(실물복제/수익증권),-3.87,,,,,-0.16839950347322208,-0.17202503013534737,890,2026-10-08
Q500094,신한 블룸버그 인버스2X WTI원유선물 ETN B,387.0,0.0,0.0,0.0,ETN(원자재),-0.81,,,,,-0.16839950347322208,-0.17202503013534737,891,2026-10-08
433500,ACE 원자력테마딥서치,2036.0,0.0,0.0,0.0,ETF(실물복제/수익증권),-5.59,,,,,-0.16839950347322208,-0.17202503013534737,892,2026-10-08
433330,SOL 미국S&P500,2998.0,0.0,0.0,0.0,ETF(실물복제/수익증권),-0.62,,,,,-0.16839950347322208,-0.17202503013534737,893,2026-10-08
Q500095,신한 S&P500 VIX S/T 선물 ETN E,380.0,0.0,0.0,0.0,ETN(변동성),1.2,,,,,-0.16839950347322208,-0.17202503013534737,894,2026-10-08
Q610068,메리츠 KAP 일본 엔화 ETN,95.0,0.0,0.0,0.0,ETN(통화),-0.05,,,,,-0.16839950347322208,-0.17202503013534737,895,2026-10-08
0000Z0,RISE 바이오TOP10액티브,475.0,0.0,0.0,0.0,ETF(Active/수익증권),-5.31,,,,,-0.16839950347322208,-0.17202503013534737,896,2026-10-08
Q500051,신한 인버스 2X S&P500 선물 ETN,22.0,0.0,0.0,0.0,ETN(주식),0.64,,,,,-0.16839950347322208,-0.17202503013534737,897,2026-10-08
Q500050,신한 레버리지 S&P500 선물 ETN,1050.0,0.0,0.0,0.0,ETN(주식),-0.55,,,,,-0.16839950347322208,-0.17202503013534737,898,2026-10-08
F74701776,이지스코어부동산126호 A,5502.0,0.0,0.0,0.0,수익증권,0.0,,,,,-0.16839950347322208,-0.17202503013534737,899,2026-10-08
430500,KIWOOM 물가채KIS,113.0,0.0,0.0,0.0,ETF(실물복제/수익증권),0.08,,,,,-0.16839950347322208,-0.17202503013534737,900,2026-10-08
429980,SOL 한국형글로벌전기차&2차전지액티브,85.0,0.0,0.0,0.0,ETF(Active/수익증권),-1.73,,,,,-0.16839950347322208,-0.17202503013534737,901,2026-10-08
429760,PLUS 미국S&P500,770.0,0.0,0.0,0.0,ETF(실물복제/수익증권),-0.62,,,,,-0.16839950347322208,-0.17202503013534737,902,2026-10-08
Q500096,신한 인버스2X 천연가스 선물 ETN B,646.0,0.0,0.0,0.0,ETN(원자재),-6.61,,,,,-0.16839950347322208,-0.17202503013534737,903,2026-10-08
0000Y0,HK 26-12 회사채(AA-이상)액티브,1236.0,0.0,0.0,0.0,ETF(Active/수익증권),0.0,,,,,-0.16839950347322208,-0.17202503013534737,904,2026-10-08
440640,ACE 단기채권알파액티브,598.0,0.0,0.0,0.0,ETF(Active/수익증권),0.0,,,,,-0.16839950347322208,-0.17202503013534737,905,2026-10-08
440340,TIGER 글로벌멀티에셋TIF액티브,253.0,0.0,0.0,0.0,ETF(Active/수익증권),-0.31,,,,,-0.16839950347322208,-0.17202503013534737,906,2026-10-08
439870,KODEX 국고채30년액티브,2723.0,0.0,0.0,0.0,ETF(Active/수익증권),0.65,,,,,-0.16839950347322208,-0.17202503013534737,907,2026-10-08
F75602BA2,유경공모부동산3호ClassC-I,687.0,0.0,0.0,0.0,수익증권,0.0,,,,,-0.16839950347322208,-0.17202503013534737,908,2026-10-08
439860,KODEX ESG종합채권(A-이상)액티브,3875.0,0.0,0.0,0.0,ETF(Active/수익증권),0.0,,,,,-0.16839950347322208,-0.17202503013534737,909,2026-10-08
0000D0,TIGER 엔비디아미국채커버드콜밸런스(합성),531.0,0.0,0.0,0.0,ETF(합성복제/수익증권),-1.06,,,,,-0.16839950347322208,-0.17202503013534737,910,2026-10-08
442550,RISE TDF2030액티브,227.0,0.0,0.0,0.0,ETF(Active/수익증권),-0.44,,,,,-0.16839950347322208,-0.17202503013534737,911,2026-10-08
429000,TIGER 미국S&P500배당귀족,1765.0,0.0,0.0,0.0,ETF(실물복제/수익증권),-1.13,,,,,-0.16839950347322208,-0.17202503013534737,912,2026-10-08
Q610085,메리츠 레버리지 미국채30년 스트립 ETN(H),155.0,0.0,0.0,0.0,ETN(채권),-1.39,,,,,-0.16839950347322208,-0.17202503013534737,913,2026-10-08
Q610086,메리츠 인버스2X 미국채30년 스트립 ETN(H),146.0,0.0,0.0,0.0,ETN(채권),0.54,,,,,-0.16839950347322208,-0.17202503013534737,914,2026-10-08
Q500091,신한 33-12 국고채 플러스 ETN,208.0,0.0,0.0,0.0,ETN(채권),0.0,,,,,-0.16839950347322208,-0.17202503013534737,915,2026-10-08
442260,마이티 다이나믹퀀트액티브,460.0,0.0,0.0,0.0,ETF(Active/수익증권),-2.93,,,,,-0.16839950347322208,-0.17202503013534737,916,2026-10-08
Q500093,신한 블룸버그 레버리지 WTI원유선물 ETN B,505.0,0.0,0.0,0.0,ETN(원자재),-0.45,,,,,-0.16839950347322208,-0.17202503013534737,917,2026-10-08
Q610087,메리츠 솔랙티브 WTI원유 선물 ETN(H),196.0,0.0,0.0,0.0,ETN(원자재),-1.26,,,,,-0.16839950347322208,-0.17202503013534737,918,2026-10-08
429740,PLUS K리츠,61.0,0.0,0.0,0.0,ETF(실물복제/수익증권),0.25,,,,,-0.16839950347322208,-0.17202503013534737,919,2026-10-08
429010,TIGER 미국나스닥넥스트100,95.0,0.0,0.0,0.0,ETF(실물복제/수익증권),-1.02,,,,,-0.16839950347322208,-0.17202503013534737,920,2026-10-08
442320,RISE 글로벌원자력,2135.0,0.0,0.0,0.0,ETF(실물복제/수익증권),-2.9,,,,,-0.16839950347322208,-0.17202503013534737,921,2026-10-08
453640,KODEX 미국S&P500헬스케어,586.0,0.0,0.0,0.0,ETF(실물복제/수익증권),0.41,,,,,-0.16839950347322208,-0.17202503013534737,922,2026-10-08
447430,ACE 주주환원가치주액티브,467.0,0.0,0.0,0.0,ETF(Active/수익증권),-0.97,,,,,-0.16839950347322208,-0.17202503013534737,923,2026-10-08
Q610076,메리츠 인버스 3X 미국채10년 ETN,108.0,0.0,0.0,0.0,ETN(채권),0.55,,,,,-0.16839950347322208,-0.17202503013534737,924,2026-10-08
453330,RISE 미국S&P500(H),864.0,0.0,0.0,0.0,ETF(실물복제/수익증권),-0.43,,,,,-0.16839950347322208,-0.17202503013534737,925,2026-10-08
453080,KIWOOM 미국나스닥100(H),962.0,0.0,0.0,0.0,ETF(실물복제/수익증권),-0.56,,,,,-0.16839950347322208,-0.17202503013534737,926,2026-10-08
Q760021,키움 코스피200 선물 달러노출 ETN,183.0,0.0,0.0,0.0,ETN(주식),-3.0,,,,,-0.16839950347322208,-0.17202503013534737,927,2026-10-08
453060,HANARO KOFR금리액티브(합성),123.0,0.0,0.0,0.0,ETF,0.01,,,,,-0.16839950347322208,-0.17202503013534737,928,2026-10-08
453010,PLUS KOFR금리,148.0,0.0,0.0,0.0,ETF(실물복제/수익증권),0.02,,,,,-0.16839950347322208,-0.17202503013534737,929,2026-10-08
F73400008,코레이트하이일드공모주만기형3호 A,68.0,0.0,0.0,0.0,수익증권,0.0,,,,,-0.16839950347322208,-0.17202503013534737,930,2026-10-08
Q610075,메리츠 3X 레버리지 미국채10년 ETN,261.0,0.0,0.0,0.0,ETN(채권),-0.69,,,,,-0.16839950347322208,-0.17202503013534737,931,2026-10-08
453950,TIGER TSMC파운드리밸류체인,678.0,0.0,0.0,0.0,ETF(실물복제/수익증권),-2.14,,,,,-0.16839950347322208,-0.17202503013534737,932,2026-10-08
F71201B98,키움히어로즈유럽오피스부동산1호 A,34.0,0.0,0.0,0.0,수익증권,-8.7,,,,,-0.16839950347322208,-0.17202503013534737,933,2026-10-08
452360,SOL 미국배당다우존스(H),2144.0,0.0,0.0,0.0,ETF(실물복제/수익증권),-0.93,,,,,-0.16839950347322208,-0.17202503013534737,934,2026-10-08
F71202B98,키움히어로즈유럽오피스부동산1호 C-I,6.0,0.0,0.0,0.0,수익증권,0.0,,,,,-0.16839950347322208,-0.17202503013534737,935,2026-10-08
452250,ACE 미국30년국채선물레버리지(합성 H),317.0,0.0,0.0,0.0,ETF(합성복제/수익증권),-0.61,,,,,-0.16839950347322208,-0.17202503013534737,936,2026-10-08
451670,RISE 국채30년레버리지(합성),63.0,0.0,0.0,0.0,ETF(합성복제/수익증권),0.8,,,,,-0.16839950347322208,-0.17202503013534737,937,2026-10-08
451600,PLUS 국고채30년액티브,176.0,0.0,0.0,0.0,ETF(Active/수익증권),0.48,,,,,-0.16839950347322208,-0.17202503013534737,938,2026-10-08
451540,TIGER 종합채권(AA-이상)액티브,10493.0,0.0,0.0,0.0,ETF(Active/수익증권),0.08,,,,,-0.16839950347322208,-0.17202503013534737,939,2026-10-08
F70103B96,룩셈부르크코어오피스(파생형)(C-I),159.0,0.0,0.0,0.0,수익증권,0.0,,,,,-0.16839950347322208,-0.17202503013534737,940,2026-10-08
454320,HANARO CAPEX설비투자iSelect,852.0,0.0,0.0,0.0,ETF(실물복제/수익증권),-3.2,,,,,-0.16839950347322208,-0.17202503013534737,941,2026-10-08
456680,TIGER 차이나전기차레버리지(합성),188.0,0.0,0.0,0.0,ETF(합성복제/수익증권),-2.64,,,,,-0.16839950347322208,-0.17202503013534737,942,2026-10-08
456610,TIGER 미국달러SOFR금리액티브(합성),7487.0,0.0,0.0,0.0,ETF,-0.22,,,,,-0.16839950347322208,-0.17202503013534737,943,2026-10-08
456600,TIMEFOLIO 글로벌AI인공지능액티브,20705.0,0.0,0.0,0.0,ETF(Active/수익증권),-1.78,,,,,-0.16839950347322208,-0.17202503013534737,944,2026-10-08
456250,KODEX 유럽명품TOP10 STOXX,86.0,0.0,0.0,0.0,ETF(실물복제/수익증권),-0.27,,,,,-0.16839950347322208,-0.17202503013534737,945,2026-10-08
456200,PLUS 미국달러SOFR금리액티브(합성),64.0,0.0,0.0,0.0,ETF,0.0,,,,,-0.16839950347322208,-0.17202503013534737,946,2026-10-08
446770,ACE 글로벌반도체TOP4 Plus SOLACTIVE,16045.0,0.0,0.0,0.0,ETF(실물복제/수익증권),-1.97,,,,,-0.16839950347322208,-0.17202503013534737,947,2026-10-08
446720,SOL 미국배당다우존스,9802.0,0.0,0.0,0.0,ETF(실물복제/수익증권),-1.01,,,,,-0.16839950347322208,-0.17202503013534737,948,2026-10-08
446700,RISE 배터리 리사이클링,113.0,0.0,0.0,0.0,ETF(실물복제/수익증권),-0.23,,,,,-0.16839950347322208,-0.17202503013534737,949,2026-10-08
453650,KODEX 미국S&P500금융,441.0,0.0,0.0,0.0,ETF(실물복제/수익증권),-0.62,,,,,-0.16839950347322208,-0.17202503013534737,950,2026-10-08
Q610071,메리츠 KAP 중국 위안화 ETN,120.0,0.0,0.0,0.0,ETN(통화),-0.12,,,,,-0.16839950347322208,-0.17202503013534737,951,2026-10-08
445910,TIGER MKF배당귀족,183.0,0.0,0.0,0.0,ETF(실물복제/수익증권),-0.71,,,,,-0.16839950347322208,-0.17202503013534737,952,2026-10-08
445690,BNK 주주가치액티브,180.0,0.0,0.0,0.0,ETF(Active/수익증권),-0.27,,,,,-0.16839950347322208,-0.17202503013534737,953,2026-10-08
448490,HANARO 32-10 국고채액티브,111.0,0.0,0.0,0.0,ETF(Active/수익증권),-0.03,,,,,-0.16839950347322208,-0.17202503013534737,954,2026-10-08
453870,TIGER 인도니프티50,2548.0,0.0,0.0,0.0,ETF(실물복제/수익증권),-1.31,,,,,-0.16839950347322208,-0.17202503013534737,955,2026-10-08
453850,ACE 미국30년국채액티브(H),13929.0,0.0,0.0,0.0,ETF(Active/수익증권),-0.22,,,,,-0.16839950347322208,-0.17202503013534737,956,2026-10-08
453820,KODEX 인도Nifty50레버리지(합성),118.0,0.0,0.0,0.0,ETF(합성복제/수익증권),-3.65,,,,,-0.16839950347322208,-0.17202503013534737,957,2026-10-08
453810,KODEX 인도Nifty50,2998.0,0.0,0.0,0.0,ETF(실물복제/수익증권),-1.66,,,,,-0.16839950347322208,-0.17202503013534737,958,2026-10-08
453660,KODEX 미국S&P500경기소비재,112.0,0.0,0.0,0.0,ETF(실물복제/수익증권),-0.53,,,,,-0.16839950347322208,-0.17202503013534737,959,2026-10-08
446690,KODEX 아시아AI반도체exChina액티브,323.0,0.0,0.0,0.0,ETF(Active/수익증권),-1.24,,,,,-0.16839950347322208,-0.17202503013534737,960,2026-10-08
448570,FOCUS AI코리아액티브,388.0,0.0,0.0,0.0,ETF(Active/수익증권),-3.28,,,,,-0.16839950347322208,-0.17202503013534737,961,2026-10-08
448540,ACE 엔비디아채권혼합블룸버그,2122.0,0.0,0.0,0.0,ETF(실물복제/수익증권),-0.48,,,,,-0.16839950347322208,-0.17202503013534737,962,2026-10-08
Q610079,메리츠 인버스 3X 미국채30년 ETN,123.0,0.0,0.0,0.0,ETN(채권),0.97,,,,,-0.16839950347322208,-0.17202503013534737,963,2026-10-08
449780,KIWOOM 미국S&P500(H),340.0,0.0,0.0,0.0,ETF(실물복제/수익증권),-0.53,,,,,-0.16839950347322208,-0.17202503013534737,964,2026-10-08
448330,KODEX 삼성전자채권혼합,12966.0,0.0,0.0,0.0,ETF(실물복제/수익증권),-0.68,,,,,-0.16839950347322208,-0.17202503013534737,965,2026-10-08
448300,TIGER 미국나스닥100(H),4298.0,0.0,0.0,0.0,ETF(실물복제/수익증권),-0.56,,,,,-0.16839950347322208,-0.17202503013534737,966,2026-10-08
448290,TIGER 미국S&P500(H),4914.0,0.0,0.0,0.0,ETF(실물복제/수익증권),-0.5,,,,,-0.16839950347322208,-0.17202503013534737,967,2026-10-08
448100,WON 200,1188.0,0.0,0.0,0.0,ETF(실물복제/수익증권),-2.76,,,,,-0.16839950347322208,-0.17202503013534737,968,2026-10-08
447770,TIGER 테슬라채권혼합Fn,4394.0,0.0,0.0,0.0,ETF(실물복제/수익증권),-0.32,,,,,-0.16839950347322208,-0.17202503013534737,969,2026-10-08
453630,KODEX 미국S&P500필수소비재,139.0,0.0,0.0,0.0,ETF(실물복제/수익증권),-0.43,,,,,-0.16839950347322208,-0.17202503013534737,970,2026-10-08
447620,SOL 미국TOP5채권혼합40 Solactive,1268.0,0.0,0.0,0.0,ETF(실물복제/수익증권),0.5,,,,,-0.16839950347322208,-0.17202503013534737,971,2026-10-08
449190,KODEX 미국나스닥100(H),5745.0,0.0,0.0,0.0,ETF(실물복제/수익증권),-0.47,,,,,-0.16839950347322208,-0.17202503013534737,972,2026-10-08
Q610063,메리츠 KIS CD금리투자 ETN,15438.0,0.0,0.0,0.0,ETN(기타),0.03,,,,,-0.16839950347322208,-0.17202503013534737,973,2026-10-08
F71203B98,키움히어로즈유럽오피스부동산2호 A,152.0,0.0,0.0,0.0,수익증권,0.0,,,,,-0.16839950347322208,-0.17202503013534737,974,2026-10-08
Q500072,신한 인버스 2X 코스닥 150 선물 ETN,148.0,0.0,0.0,0.0,ETN(주식),2.29,,,,,-0.16839950347322208,-0.17202503013534737,975,2026-10-08
Q500071,신한 레버리지 코스닥 150 선물 ETN,683.0,0.0,0.0,0.0,ETN(주식),-3.39,,,,,-0.16839950347322208,-0.17202503013534737,976,2026-10-08
Q610064,메리츠 KAP 통안채 6개월 ETN,883.0,0.0,0.0,0.0,ETN(채권),0.01,,,,,-0.16839950347322208,-0.17202503013534737,977,2026-10-08
Q500069,신한 레버리지 코스피 200 선물 ETN,1695.0,0.0,0.0,0.0,ETN(주식),-6.18,,,,,-0.16839950347322208,-0.17202503013534737,978,2026-10-08
Q610066,메리츠 KAP 통안채 3개월 ETN,663.0,0.0,0.0,0.0,ETN(채권),0.01,,,,,-0.16839950347322208,-0.17202503013534737,979,2026-10-08
447660,PLUS 애플채권혼합,221.0,0.0,0.0,0.0,ETF(실물복제/수익증권),0.11,,,,,-0.16839950347322208,-0.17202503013534737,980,2026-10-08
438560,SOL 국고채3년,1642.0,0.0,0.0,0.0,ETF(실물복제/수익증권),-0.02,,,,,-0.16839950347322208,-0.17202503013534737,981,2026-10-08
438330,TIGER 우량회사채액티브,4940.0,0.0,0.0,0.0,ETF(Active/수익증권),-0.08,,,,,-0.16839950347322208,-0.17202503013534737,982,2026-10-08
438320,TIGER 차이나항셍테크레버리지(합성 H),178.0,0.0,0.0,0.0,ETF(합성복제/수익증권),-4.08,,,,,-0.16839950347322208,-0.17202503013534737,983,2026-10-08
438100,ACE 미국나스닥100채권혼합액티브,9517.0,0.0,0.0,0.0,ETF(Active/수익증권),-0.46,,,,,-0.16839950347322208,-0.17202503013534737,984,2026-10-08
438080,ACE 미국S&P500채권혼합액티브,12380.0,0.0,0.0,0.0,ETF(Active/수익증권),-0.44,,,,,-0.16839950347322208,-0.17202503013534737,985,2026-10-08
Q610077,메리츠 미국채30년 ETN,93.0,0.0,0.0,0.0,ETN(채권),-0.21,,,,,-0.16839950347322208,-0.17202503013534737,986,2026-10-08
440910,WON 미국우주항공방산,458.0,0.0,0.0,0.0,ETF(실물복제/수익증권),-3.05,,,,,-0.16839950347322208,-0.17202503013534737,987,2026-10-08
440650,ACE 미국달러단기채권액티브,450.0,0.0,0.0,0.0,ETF(Active/수익증권),-0.18,,,,,-0.16839950347322208,-0.17202503013534737,988,2026-10-08
449770,KIWOOM 미국S&P500,807.0,0.0,0.0,0.0,ETF(실물복제/수익증권),-0.6,,,,,-0.16839950347322208,-0.17202503013534737,989,2026-10-08
Q610078,메리츠 3X 레버리지 미국채30년 ETN,352.0,0.0,0.0,0.0,ETN(채권),-0.94,,,,,-0.16839950347322208,-0.17202503013534737,990,2026-10-08
449680,TIGER 한중전기차(합성),83.0,0.0,0.0,0.0,ETF(합성복제/수익증권),-0.41,,,,,-0.16839950347322208,-0.17202503013534737,991,2026-10-08
449580,RISE 테슬라애플아마존채권혼합,179.0,0.0,0.0,0.0,ETF(실물복제/수익증권),0.22,,,,,-0.16839950347322208,-0.17202503013534737,992,2026-10-08
449450,PLUS K방산,8795.0,0.0,0.0,0.0,ETF(실물복제/수익증권),-4.04,,,,,-0.16839950347322208,-0.17202503013534737,993,2026-10-08
438900,HANARO Fn K-푸드,139.0,0.0,0.0,0.0,ETF(실물복제/수익증권),-0.6,,,,,-0.16839950347322208,-0.17202503013534737,994,2026-10-08
438740,마이다스 중소형액티브,103.0,0.0,0.0,0.0,ETF(Active/수익증권),-0.99,,,,,-0.16839950347322208,-0.17202503013534737,995,2026-10-08
438570,SOL 국고채10년,1188.0,0.0,0.0,0.0,ETF(실물복제/수익증권),0.0,,,,,-0.16839950347322208,-0.17202503013534737,996,2026-10-08
449180,KODEX 미국S&P500(H),10501.0,0.0,0.0,0.0,ETF(실물복제/수익증권),-0.49,,,,,-0.16839950347322208,-0.17202503013534737,997,2026-10-08
449170,TIGER KOFR금리액티브(합성),23683.0,0.0,0.0,0.0,ETF,0.02,,,,,-0.16839950347322208,-0.17202503013534737,998,2026-10-08
448630,RISE 삼성그룹Top3채권혼합,3286.0,0.0,0.0,0.0,ETF(실물복제/수익증권),-0.16,,,,,-0.16839950347322208,-0.17202503013534737,999,2026-10-08
449690,TIGER 한중반도체(합성),362.0,0.0,0.0,0.0,ETF(합성복제/수익증권),0.21,,,,,-0.16839950347322208,-0.17202503013534737,1000,2026-10-08
407830,에셋플러스 글로벌플랫폼액티브,348.0,0.0,0.0,0.0,ETF(Active/수익증권),-1.12,,,,,-0.16839950347322208,-0.17202503013534737,1001,2026-10-08
407820,에셋플러스 코리아플랫폼액티브,108.0,0.0,0.0,0.0,ETF(Active/수익증권),-1.07,,,,,-0.16839950347322208,-0.17202503013534737,1002,2026-10-08
407310,HANARO 200 TOP10,169.0,0.0,0.0,0.0,ETF(실물복제/수익증권),-3.99,,,,,-0.16839950347322208,-0.17202503013534737,1003,2026-10-08
407300,HANARO Fn골프테마,56.0,0.0,0.0,0.0,ETF(실물복제/수익증권),-0.83,,,,,-0.16839950347322208,-0.17202503013534737,1004,2026-10-08
F74201773,하나대체나사부동산1호,137.0,0.0,0.0,0.0,수익증권,1.01,,,,,-0.16839950347322208,-0.17202503013534737,1005,2026-10-08
379780,RISE 미국S&P500,14867.0,0.0,0.0,0.0,ETF(실물복제/수익증권),-0.59,,,,,-0.16839950347322208,-0.17202503013534737,1006,2026-10-08
0007F0,KODEX 27-12 회사채(AA-이상)액티브,6501.0,0.0,0.0,0.0,ETF(Active/수익증권),0.05,,,,,-0.16839950347322208,-0.17202503013534737,1007,2026-10-08
377990,TIGER Fn신재생에너지,1201.0,0.0,0.0,0.0,ETF(실물복제/수익증권),-2.83,,,,,-0.16839950347322208,-0.17202503013534737,1008,2026-10-08
418670,TIGER 글로벌AI사이버보안,690.0,0.0,0.0,0.0,ETF(실물복제/수익증권),-2.17,,,,,-0.16839950347322208,-0.17202503013534737,1009,2026-10-08
0007N0,아이엠에셋 200,850.0,0.0,0.0,0.0,ETF(실물복제/수익증권),-2.63,,,,,-0.16839950347322208,-0.17202503013534737,1010,2026-10-08
0005A0,KODEX 미국S&P500데일리커버드콜OTM,2036.0,0.0,0.0,0.0,ETF(실물복제/수익증권),-0.49,,,,,-0.16839950347322208,-0.17202503013534737,1011,2026-10-08
381570,HANARO Fn친환경에너지,92.0,0.0,0.0,0.0,ETF(실물복제/수익증권),0.33,,,,,-0.16839950347322208,-0.17202503013534737,1012,2026-10-08
376410,TIGER 탄소효율그린뉴딜,216.0,0.0,0.0,0.0,ETF(실물복제/수익증권),-2.26,,,,,-0.16839950347322208,-0.17202503013534737,1013,2026-10-08
375770,KODEX 탄소효율그린뉴딜,437.0,0.0,0.0,0.0,ETF(실물복제/수익증권),-2.08,,,,,-0.16839950347322208,-0.17202503013534737,1014,2026-10-08
375760,HANARO 탄소효율그린뉴딜,210.0,0.0,0.0,0.0,ETF(실물복제/수익증권),-4.36,,,,,-0.16839950347322208,-0.17202503013534737,1015,2026-10-08
0005C0,RISE 미국S&P500엔화노출(합성 H),72.0,0.0,0.0,0.0,ETF(합성복제/수익증권),-0.67,,,,,-0.16839950347322208,-0.17202503013534737,1016,2026-10-08
375270,RISE 글로벌데이터센터리츠(합성),82.0,0.0,0.0,0.0,ETF(합성복제/수익증권),-1.48,,,,,-0.16839950347322208,-0.17202503013534737,1017,2026-10-08
373790,KIWOOM 미국방어배당성장나스닥,40.0,0.0,0.0,0.0,ETF(실물복제/수익증권),-1.06,,,,,-0.16839950347322208,-0.17202503013534737,1018,2026-10-08
0007G0,PLUS 글로벌원자력밸류체인,373.0,0.0,0.0,0.0,ETF(실물복제/수익증권),-3.21,,,,,-0.16839950347322208,-0.17202503013534737,1019,2026-10-08
410870,TIMEFOLIO K컬처액티브,107.0,0.0,0.0,0.0,ETF(Active/수익증권),-2.78,,,,,-0.16839950347322208,-0.17202503013534737,1020,2026-10-08
390390,KODEX 미국반도체,13674.0,0.0,0.0,0.0,ETF(실물복제/수익증권),-1.93,,,,,-0.16839950347322208,-0.17202503013534737,1021,2026-10-08
388420,RISE 비메모리반도체액티브,2690.0,0.0,0.0,0.0,ETF(Active/수익증권),1.11,,,,,-0.16839950347322208,-0.17202503013534737,1022,2026-10-08
388280,RISE 컨택트대표,223.0,0.0,0.0,0.0,ETF(실물복제/수익증권),-0.93,,,,,-0.16839950347322208,-0.17202503013534737,1023,2026-10-08
387280,TIGER 퓨처모빌리티액티브,151.0,0.0,0.0,0.0,ETF(Active/수익증권),-0.92,,,,,-0.16839950347322208,-0.17202503013534737,1024,2026-10-08
387270,TIGER 글로벌이노베이션액티브,304.0,0.0,0.0,0.0,ETF(Active/수익증권),-0.98,,,,,-0.16839950347322208,-0.17202503013534737,1025,2026-10-08
385720,TIMEFOLIO 코스피액티브,3796.0,0.0,0.0,0.0,ETF(Active/수익증권),-2.14,,,,,-0.16839950347322208,-0.17202503013534737,1026,2026-10-08
385710,TIMEFOLIO K이노베이션액티브,104.0,0.0,0.0,0.0,ETF(Active/수익증권),-2.4,,,,,-0.16839950347322208,-0.17202503013534737,1027,2026-10-08
409810,KODEX 미국나스닥100선물인버스(H),119.0,0.0,0.0,0.0,ETF(실물복제/수익증권),0.57,,,,,-0.16839950347322208,-0.17202503013534737,1028,2026-10-08
412570,TIGER 2차전지TOP10레버리지,2036.0,0.0,0.0,0.0,ETF(실물복제/수익증권),3.37,,,,,-0.16839950347322208,-0.17202503013534737,1029,2026-10-08
412560,TIGER BBIG레버리지,10.0,0.0,0.0,0.0,ETF(실물복제/수익증권),-4.68,,,,,-0.16839950347322208,-0.17202503013534737,1030,2026-10-08
411860,KIWOOM 독일DAX,46.0,0.0,0.0,0.0,ETF(실물복제/수익증권),-1.98,,,,,-0.16839950347322208,-0.17202503013534737,1031,2026-10-08
411540,SOL 200 Top10,206.0,0.0,0.0,0.0,ETF(실물복제/수익증권),-3.27,,,,,-0.16839950347322208,-0.17202503013534737,1032,2026-10-08
411420,KODEX 미국나스닥AI테크액티브,1291.0,0.0,0.0,0.0,ETF(Active/수익증권),-0.99,,,,,-0.16839950347322208,-0.17202503013534737,1033,2026-10-08
411060,ACE KRX금현물,37105.0,0.0,0.0,0.0,ETF(실물복제/수익증권),-0.44,,,,,-0.16839950347322208,-0.17202503013534737,1034,2026-10-08
0004G0,1Q 미국배당TOP30,133.0,0.0,0.0,0.0,ETF(실물복제/수익증권),-0.18,,,,,-0.16839950347322208,-0.17202503013534737,1035,2026-10-08
402970,ACE 미국배당다우존스,9126.0,0.0,0.0,0.0,ETF(실물복제/수익증권),-0.88,,,,,-0.16839950347322208,-0.17202503013534737,1036,2026-10-08
409820,KODEX 미국나스닥100레버리지(합성 H),2722.0,0.0,0.0,0.0,ETF(합성복제/수익증권),-0.83,,,,,-0.16839950347322208,-0.17202503013534737,1037,2026-10-08
0005G0,ITF K-AI반도체코어테크,1947.0,0.0,0.0,0.0,ETF(실물복제/수익증권),-0.7,,,,,-0.16839950347322208,-0.17202503013534737,1038,2026-10-08
371450,TIGER 글로벌클라우드컴퓨팅INDXX,205.0,0.0,0.0,0.0,ETF(실물복제/수익증권),-1.42,,,,,-0.16839950347322208,-0.17202503013534737,1039,2026-10-08
371160,TIGER 차이나항셍테크,4858.0,0.0,0.0,0.0,ETF(실물복제/수익증권),-2.2,,,,,-0.16839950347322208,-0.17202503013534737,1040,2026-10-08
371150,RISE 차이나항셍테크,76.0,0.0,0.0,0.0,ETF(실물복제/수익증권),-1.51,,,,,-0.16839950347322208,-0.17202503013534737,1041,2026-10-08
368680,KODEX K-뉴딜디지털플러스,61.0,0.0,0.0,0.0,ETF(실물복제/수익증권),-1.42,,,,,-0.16839950347322208,-0.17202503013534737,1042,2026-10-08
368590,RISE 미국나스닥100,16398.0,0.0,0.0,0.0,ETF(실물복제/수익증권),-0.68,,,,,-0.16839950347322208,-0.17202503013534737,1043,2026-10-08
368190,HANARO Fn K-뉴딜디지털플러스,243.0,0.0,0.0,0.0,ETF(실물복제/수익증권),-1.88,,,,,-0.16839950347322208,-0.17202503013534737,1044,2026-10-08
363570,KODEX 장기종합채권(AA-이상)액티브,2251.0,0.0,0.0,0.0,ETF(Active/수익증권),0.16,,,,,-0.16839950347322208,-0.17202503013534737,1045,2026-10-08
363510,SOL KIS단기통안채,128.0,0.0,0.0,0.0,ETF(실물복제/수익증권),0.0,,,,,-0.16839950347322208,-0.17202503013534737,1046,2026-10-08
379800,KODEX 미국S&P500,104315.0,0.0,0.0,0.0,ETF(실물복제/수익증권),-0.63,,,,,-0.16839950347322208,-0.17202503013534737,1047,2026-10-08
367380,ACE 미국나스닥100,36133.0,0.0,0.0,0.0,ETF(실물복제/수익증권),-0.64,,,,,-0.16839950347322208,-0.17202503013534737,1048,2026-10-08
365780,ACE 국고채10년,5540.0,0.0,0.0,0.0,ETF(실물복제/수익증권),-0.08,,,,,-0.16839950347322208,-0.17202503013534737,1049,2026-10-08
0013R0,RISE 테슬라미국채타겟커버드콜혼합(합성),265.0,0.0,0.0,0.0,ETF(합성복제/수익증권),-0.2,,,,,-0.16839950347322208,-0.17202503013534737,1050,2026-10-08
365040,TIGER AI코리아그로스액티브,744.0,0.0,0.0,0.0,ETF(Active/수익증권),-2.28,,,,,-0.16839950347322208,-0.17202503013534737,1051,2026-10-08
365000,TIGER 인터넷TOP10,370.0,0.0,0.0,0.0,ETF(실물복제/수익증권),-2.15,,,,,-0.16839950347322208,-0.17202503013534737,1052,2026-10-08
385540,RISE 종합채권(A-이상)액티브,21741.0,0.0,0.0,0.0,ETF(Active/수익증권),0.07,,,,,-0.16839950347322208,-0.17202503013534737,1053,2026-10-08
385520,KODEX 자율주행액티브,349.0,0.0,0.0,0.0,ETF(Active/수익증권),-0.37,,,,,-0.16839950347322208,-0.17202503013534737,1054,2026-10-08
385510,KODEX 신재생에너지액티브,3540.0,0.0,0.0,0.0,ETF(Active/수익증권),-0.69,,,,,-0.16839950347322208,-0.17202503013534737,1055,2026-10-08
0015F0,KIWOOM 팔란티어미국30년국채혼합액티브(H),123.0,0.0,0.0,0.0,ETF(Active/수익증권),0.0,,,,,-0.16839950347322208,-0.17202503013534737,1056,2026-10-08
367740,HANARO Fn5G산업,247.0,0.0,0.0,0.0,ETF(실물복제/수익증권),0.33,,,,,-0.16839950347322208,-0.17202503013534737,1057,2026-10-08
379790,RISE 유로스탁스50(H),191.0,0.0,0.0,0.0,ETF(실물복제/수익증권),-1.6,,,,,-0.16839950347322208,-0.17202503013534737,1058,2026-10-08
395170,KODEX Top10동일가중,300.0,0.0,0.0,0.0,ETF(실물복제/수익증권),-2.18,,,,,-0.16839950347322208,-0.17202503013534737,1059,2026-10-08
400580,SOL 유럽탄소배출권선물S&P(H),60.0,0.0,0.0,0.0,ETF(실물복제/수익증권),0.38,,,,,-0.16839950347322208,-0.17202503013534737,1060,2026-10-08
400570,KODEX 유럽탄소배출권선물ICE(H),118.0,0.0,0.0,0.0,ETF(실물복제/수익증권),0.65,,,,,-0.16839950347322208,-0.17202503013534737,1061,2026-10-08
399580,RISE 글로벌클린에너지,91.0,0.0,0.0,0.0,ETF(실물복제/수익증권),-1.36,,,,,-0.16839950347322208,-0.17202503013534737,1062,2026-10-08
399110,SOL 미국S&P500ESG,1162.0,0.0,0.0,0.0,ETF(실물복제/수익증권),-0.68,,,,,-0.16839950347322208,-0.17202503013534737,1063,2026-10-08
364970,TIGER 바이오TOP10,2487.0,0.0,0.0,0.0,ETF(실물복제/수익증권),-3.66,,,,,-0.16839950347322208,-0.17202503013534737,1064,2026-10-08
396520,TIGER 차이나반도체FACTSET,4739.0,0.0,0.0,0.0,ETF(실물복제/수익증권),-4.33,,,,,-0.16839950347322208,-0.17202503013534737,1065,2026-10-08
364980,TIGER 2차전지TOP10,7508.0,0.0,0.0,0.0,ETF(실물복제/수익증권),2.34,,,,,-0.16839950347322208,-0.17202503013534737,1066,2026-10-08
390400,KODEX 미국스마트모빌리티S&P,51.0,0.0,0.0,0.0,ETF(실물복제/수익증권),-2.22,,,,,-0.16839950347322208,-0.17202503013534737,1067,2026-10-08
396500,TIGER Fn반도체TOP10,100676.0,0.0,0.0,0.0,ETF(실물복제/수익증권),-1.74,,,,,-0.16839950347322208,-0.17202503013534737,1068,2026-10-08
395760,PLUS ESG성장주액티브,116.0,0.0,0.0,0.0,ETF(Active/수익증권),-2.31,,,,,-0.16839950347322208,-0.17202503013534737,1069,2026-10-08
395750,PLUS ESG가치주액티브,80.0,0.0,0.0,0.0,ETF(Active/수익증권),-2.41,,,,,-0.16839950347322208,-0.17202503013534737,1070,2026-10-08
0005D0,SOL 전고체배터리&실리콘음극재,1816.0,0.0,0.0,0.0,ETF(실물복제/수익증권),2.53,,,,,-0.16839950347322208,-0.17202503013534737,1071,2026-10-08
395290,HANARO Fn K-POP&미디어,310.0,0.0,0.0,0.0,ETF(실물복제/수익증권),-1.02,,,,,-0.16839950347322208,-0.17202503013534737,1072,2026-10-08
395280,HANARO Fn K-게임,78.0,0.0,0.0,0.0,ETF(실물복제/수익증권),-3.76,,,,,-0.16839950347322208,-0.17202503013534737,1073,2026-10-08
395270,HANARO Fn K-반도체,36124.0,0.0,0.0,0.0,ETF(실물복제/수익증권),-2.87,,,,,-0.16839950347322208,-0.17202503013534737,1074,2026-10-08
364990,TIGER 게임TOP10,201.0,0.0,0.0,0.0,ETF(실물복제/수익증권),-4.13,,,,,-0.16839950347322208,-0.17202503013534737,1075,2026-10-08
396510,TIGER 차이나클린에너지SOLACTIVE,118.0,0.0,0.0,0.0,ETF(실물복제/수익증권),0.23,,,,,-0.16839950347322208,-0.17202503013534737,1076,2026-10-08
414780,TIGER 차이나과창판STAR50(합성),1689.0,0.0,0.0,0.0,ETF(합성복제/수익증권),-4.95,,,,,-0.16839950347322208,-0.17202503013534737,1077,2026-10-08
434060,KODEX TDF2050액티브,6310.0,0.0,0.0,0.0,ETF(Active/수익증권),-1.16,,,,,-0.16839950347322208,-0.17202503013534737,1078,2026-10-08
433980,KODEX TDF2040액티브,1928.0,0.0,0.0,0.0,ETF(Active/수익증권),-0.89,,,,,-0.16839950347322208,-0.17202503013534737,1079,2026-10-08
433970,KODEX TDF2030액티브,947.0,0.0,0.0,0.0,ETF(Active/수익증권),-0.65,,,,,-0.16839950347322208,-0.17202503013534737,1080,2026-10-08
433880,PLUS TDF2060액티브,667.0,0.0,0.0,0.0,ETF(Active/수익증권),-0.16,,,,,-0.16839950347322208,-0.17202503013534737,1081,2026-10-08
437370,RISE 글로벌농업경제,70.0,0.0,0.0,0.0,ETF(실물복제/수익증권),-1.53,,,,,-0.16839950347322208,-0.17202503013534737,1082,2026-10-08
437350,RISE 미국단기투자등급회사채액티브,257.0,0.0,0.0,0.0,ETF(Active/수익증권),-0.13,,,,,-0.16839950347322208,-0.17202503013534737,1083,2026-10-08
437080,KODEX 미국종합채권ESG액티브(H),2104.0,0.0,0.0,0.0,ETF(Active/수익증권),0.04,,,,,-0.16839950347322208,-0.17202503013534737,1084,2026-10-08
391600,ACE 미국친환경그린테마INDXX,44.0,0.0,0.0,0.0,ETF(실물복제/수익증권),-2.2,,,,,-0.16839950347322208,-0.17202503013534737,1085,2026-10-08
437070,KODEX 아시아달러채권ESG플러스액티브,193.0,0.0,0.0,0.0,ETF(Active/수익증권),-0.1,,,,,-0.16839950347322208,-0.17202503013534737,1086,2026-10-08
433250,UNICORN R&D 액티브,56.0,0.0,0.0,0.0,ETF(Active/수익증권),-2.5,,,,,-0.16839950347322208,-0.17202503013534737,1087,2026-10-08
433220,에셋플러스 글로벌대장장이액티브,218.0,0.0,0.0,0.0,ETF(Active/수익증권),-1.93,,,,,-0.16839950347322208,-0.17202503013534737,1088,2026-10-08
432840,HANARO 미국S&P500,155.0,0.0,0.0,0.0,ETF(실물복제/수익증권),-0.61,,,,,-0.16839950347322208,-0.17202503013534737,1089,2026-10-08
432600,RISE 국채선물3년,55.0,0.0,0.0,0.0,ETF(실물복제/수익증권),-0.09,,,,,-0.16839950347322208,-0.17202503013534737,1090,2026-10-08
435420,TIGER 미국나스닥100채권혼합Fn,5224.0,0.0,0.0,0.0,ETF(실물복제/수익증권),-0.18,,,,,-0.16839950347322208,-0.17202503013534737,1091,2026-10-08
435040,ACE 글로벌브랜드TOP10블룸버그,103.0,0.0,0.0,0.0,ETF(실물복제/수익증권),-0.24,,,,,-0.16839950347322208,-0.17202503013534737,1092,2026-10-08
434960,DAISHIN343 K200,532.0,0.0,0.0,0.0,ETF(실물복제/수익증권),-2.73,,,,,-0.16839950347322208,-0.17202503013534737,1093,2026-10-08
434730,HANARO 원자력iSelect,6145.0,0.0,0.0,0.0,ETF(실물복제/수익증권),-4.74,,,,,-0.16839950347322208,-0.17202503013534737,1094,2026-10-08
F73400009,코레이트하이일드공모주만기형3호 A2,93.0,0.0,0.0,0.0,수익증권,0.0,,,,,-0.16839950347322208,-0.17202503013534737,1095,2026-10-08
F75702BA7,현대유퍼스트부동산30호[파생형] C-i,227.0,0.0,0.0,0.0,수익증권,0.0,,,,,-0.16839950347322208,-0.17202503013534737,1096,2026-10-08
F74202BAA,하나대체미국부동산1호 C-I,182.0,0.0,0.0,0.0,수익증권,0.0,,,,,-0.16839950347322208,-0.17202503013534737,1097,2026-10-08
Q500036,신한 인버스 2X 미국달러 선물 ETN,85.0,0.0,0.0,0.0,ETN(통화),0.0,,,,,-0.16839950347322208,-0.17202503013534737,1098,2026-10-08
Q500035,신한 레버리지 미국달러 선물 ETN,279.0,0.0,0.0,0.0,ETN(통화),-0.54,,,,,-0.16839950347322208,-0.17202503013534737,1099,2026-10-08
414270,ACE 글로벌자율주행액티브,236.0,0.0,0.0,0.0,ETF(Active/수익증권),-1.66,,,,,-0.16839950347322208,-0.17202503013534737,1100,2026-10-08
413930,WON AI ESG액티브,149.0,0.0,0.0,0.0,ETF(Active/수익증권),-1.2,,,,,-0.16839950347322208,-0.17202503013534737,1101,2026-10-08
413220,SOL 차이나태양광CSI(합성),48.0,0.0,0.0,0.0,ETF(합성복제/수익증권),-2.18,,,,,-0.16839950347322208,-0.17202503013534737,1102,2026-10-08
412770,TIGER 글로벌AI플랫폼액티브,736.0,0.0,0.0,0.0,ETF(Active/수익증권),-1.0,,,,,-0.16839950347322208,-0.17202503013534737,1103,2026-10-08
415340,KODEX 차이나과창판STAR50(합성),250.0,0.0,0.0,0.0,ETF(합성복제/수익증권),-5.45,,,,,-0.16839950347322208,-0.17202503013534737,1104,2026-10-08
454780,KIWOOM 종합채권(AA-이상)액티브,3058.0,0.0,0.0,0.0,ETF(Active/수익증권),0.02,,,,,-0.16839950347322208,-0.17202503013534737,1105,2026-10-08
418660,TIGER 미국나스닥100레버리지(합성),7690.0,0.0,0.0,0.0,ETF(합성복제/수익증권),-1.22,,,,,-0.16839950347322208,-0.17202503013534737,1106,2026-10-08
417630,TIGER KEDI혁신기업ESG30,191.0,0.0,0.0,0.0,ETF(실물복제/수익증권),-3.29,,,,,-0.16839950347322208,-0.17202503013534737,1107,2026-10-08
436140,SOL 종합채권(AA-이상)액티브,12759.0,0.0,0.0,0.0,ETF(Active/수익증권),0.07,,,,,-0.16839950347322208,-0.17202503013534737,1108,2026-10-08
435550,KIWOOM TDF2050액티브,120.0,0.0,0.0,0.0,ETF(Active/수익증권),-0.87,,,,,-0.16839950347322208,-0.17202503013534737,1109,2026-10-08
435540,KIWOOM TDF2040액티브,83.0,0.0,0.0,0.0,ETF(Active/수익증권),-0.78,,,,,-0.16839950347322208,-0.17202503013534737,1110,2026-10-08
435530,KIWOOM TDF2030액티브,74.0,0.0,0.0,0.0,ETF(Active/수익증권),-0.84,,,,,-0.16839950347322208,-0.17202503013534737,1111,2026-10-08
415760,SOL 차이나육성산업액티브(합성),153.0,0.0,0.0,0.0,ETF,-4.92,,,,,-0.16839950347322208,-0.17202503013534737,1112,2026-10-08
415640,KB발해인프라,12304.0,0.0,0.0,0.0,인프라투용,0.0,,,,,-0.16839950347322208,-0.17202503013534737,1113,2026-10-08
419420,KODEX 미국클린에너지나스닥,104.0,0.0,0.0,0.0,ETF(실물복제/수익증권),-3.02,,,,,-0.16839950347322208,-0.17202503013534737,1114,2026-10-08
F71205B98,키움히어로즈유럽오피스부동산3호 A,37.0,0.0,0.0,0.0,수익증권,0.0,,,,,-0.16839950347322208,-0.17202503013534737,1115,2026-10-08
426150,WON 대한민국국고채액티브,300.0,0.0,0.0,0.0,ETF(Active/수익증권),0.0,,,,,-0.16839950347322208,-0.17202503013534737,1116,2026-10-08
426030,TIMEFOLIO 미국나스닥100액티브,26599.0,0.0,0.0,0.0,ETF(Active/수익증권),-1.57,,,,,-0.16839950347322208,-0.17202503013534737,1117,2026-10-08
417450,RISE 글로벌수소경제,122.0,0.0,0.0,0.0,ETF(실물복제/수익증권),-3.53,,,,,-0.16839950347322208,-0.17202503013534737,1118,2026-10-08
416090,ACE 중국과창판STAR50,175.0,0.0,0.0,0.0,ETF(실물복제/수익증권),-4.76,,,,,-0.16839950347322208,-0.17202503013534737,1119,2026-10-08
415920,PLUS 글로벌희토류&전략자원생산기업,266.0,0.0,0.0,0.0,ETF(실물복제/수익증권),-3.7,,,,,-0.16839950347322208,-0.17202503013534737,1120,2026-10-08
423170,SOL 한국형글로벌반도체액티브,2690.0,0.0,0.0,0.0,ETF(Active/수익증권),-1.58,,,,,-0.16839950347322208,-0.17202503013534737,1121,2026-10-08
423160,KODEX KOFR금리액티브(합성),36988.0,0.0,0.0,0.0,ETF,0.04,,,,,-0.16839950347322208,-0.17202503013534737,1122,2026-10-08
400970,TIGER Fn메타버스,350.0,0.0,0.0,0.0,ETF(실물복제/수익증권),-3.18,,,,,-0.16839950347322208,-0.17202503013534737,1123,2026-10-08
0002C0,에셋플러스 인도일등기업포커스20액티브,106.0,0.0,0.0,0.0,ETF(Active/수익증권),-1.8,,,,,-0.16839950347322208,-0.17202503013534737,1124,2026-10-08
421320,PLUS 우주항공&UAM,2635.0,0.0,0.0,0.0,ETF(실물복제/수익증권),-3.75,,,,,-0.16839950347322208,-0.17202503013534737,1125,2026-10-08
385600,ACE 2차전지&친환경차액티브,181.0,0.0,0.0,0.0,ETF(Active/수익증권),0.46,,,,,-0.16839950347322208,-0.17202503013534737,1126,2026-10-08
395160,KODEX AI반도체,40508.0,0.0,0.0,0.0,ETF(실물복제/수익증권),-2.96,,,,,-0.16839950347322208,-0.17202503013534737,1127,2026-10-08
395150,KODEX 웹툰&드라마,89.0,0.0,0.0,0.0,ETF(실물복제/수익증권),0.05,,,,,-0.16839950347322208,-0.17202503013534737,1128,2026-10-08
394670,TIGER 글로벌리튬&2차전지SOLACTIVE(합성),1499.0,0.0,0.0,0.0,ETF(합성복제/수익증권),-1.63,,,,,-0.16839950347322208,-0.17202503013534737,1129,2026-10-08
394660,TIGER 글로벌자율주행&전기차SOLACTIVE,965.0,0.0,0.0,0.0,ETF(실물복제/수익증권),-1.9,,,,,-0.16839950347322208,-0.17202503013534737,1130,2026-10-08
F70101B96,벨기에코어오피스2호,419.0,0.0,0.0,0.0,수익증권,0.0,,,,,-0.16839950347322208,-0.17202503013534737,1131,2026-10-08
391670,HK 베스트일레븐액티브,170.0,0.0,0.0,0.0,ETF(Active/수익증권),-2.56,,,,,-0.16839950347322208,-0.17202503013534737,1132,2026-10-08
422420,RISE 2차전지액티브,2390.0,0.0,0.0,0.0,ETF(Active/수익증권),1.25,,,,,-0.16839950347322208,-0.17202503013534737,1133,2026-10-08
400590,SOL 글로벌탄소배출권선물ICE(합성),68.0,0.0,0.0,0.0,ETF(합성복제/수익증권),1.03,,,,,-0.16839950347322208,-0.17202503013534737,1134,2026-10-08
F74401777,맵스미국11호,281.0,0.0,0.0,0.0,수익증권,2.97,,,,,-0.16839950347322208,-0.17202503013534737,1135,2026-10-08
404650,SOL KRX기후변화솔루션,142.0,0.0,0.0,0.0,ETF(실물복제/수익증권),-1.66,,,,,-0.16839950347322208,-0.17202503013534737,1136,2026-10-08
404540,TIGER KRX기후변화솔루션,119.0,0.0,0.0,0.0,ETF(실물복제/수익증권),-2.66,,,,,-0.16839950347322208,-0.17202503013534737,1137,2026-10-08
404260,KODEX 기후변화솔루션,192.0,0.0,0.0,0.0,ETF(실물복제/수익증권),-1.4,,,,,-0.16839950347322208,-0.17202503013534737,1138,2026-10-08
404120,TIMEFOLIO K신재생에너지액티브,204.0,0.0,0.0,0.0,ETF(Active/수익증권),-0.55,,,,,-0.16839950347322208,-0.17202503013534737,1139,2026-10-08
403790,마이다스 코스피액티브,1647.0,0.0,0.0,0.0,ETF(Active/수익증권),-2.24,,,,,-0.16839950347322208,-0.17202503013534737,1140,2026-10-08
426020,TIMEFOLIO 미국S&P500액티브,4030.0,0.0,0.0,0.0,ETF(Active/수익증권),-0.89,,,,,-0.16839950347322208,-0.17202503013534737,1141,2026-10-08
F74401BAA,맵스미국16호 종류A,246.0,0.0,0.0,0.0,수익증권,17.44,,,,,-0.16839950347322208,-0.17202503013534737,1142,2026-10-08
427120,RISE 플랫폼테마,33.0,0.0,0.0,0.0,ETF(실물복제/수익증권),-1.12,,,,,-0.16839950347322208,-0.17202503013534737,1143,2026-10-08
402460,HANARO Fn K-메타버스MZ,71.0,0.0,0.0,0.0,ETF(실물복제/수익증권),-3.36,,,,,-0.16839950347322208,-0.17202503013534737,1144,2026-10-08
F73400010,코레이트하이일드공모주만기형3호 Ae,26.0,0.0,0.0,0.0,수익증권,0.0,,,,,-0.16839950347322208,-0.17202503013534737,1145,2026-10-08
401590,HANARO 글로벌탄소배출권선물ICE(합성),55.0,0.0,0.0,0.0,ETF(합성복제/수익증권),0.05,,,,,-0.16839950347322208,-0.17202503013534737,1146,2026-10-08
401470,KODEX 메타버스액티브,524.0,0.0,0.0,0.0,ETF(Active/수익증권),-2.2,,,,,-0.16839950347322208,-0.17202503013534737,1147,2026-10-08
401170,RISE 메타버스,398.0,0.0,0.0,0.0,ETF(실물복제/수익증권),-2.72,,,,,-0.16839950347322208,-0.17202503013534737,1148,2026-10-08
419890,KIWOOM 단기채권ESG액티브,625.0,0.0,0.0,0.0,ETF(Active/수익증권),0.0,,,,,-0.16839950347322208,-0.17202503013534737,1149,2026-10-08
419650,PLUS 글로벌수소&차세대연료전지,152.0,0.0,0.0,0.0,ETF(실물복제/수익증권),-5.64,,,,,-0.16839950347322208,-0.17202503013534737,1150,2026-10-08
419430,KODEX 차이나2차전지MSCI(합성),218.0,0.0,0.0,0.0,ETF(합성복제/수익증권),-1.02,,,,,-0.16839950347322208,-0.17202503013534737,1151,2026-10-08
428510,KODEX 차이나AI테크액티브,370.0,0.0,0.0,0.0,ETF(Active/수익증권),-3.25,,,,,-0.16839950347322208,-0.17202503013534737,1152,2026-10-08
423920,TIGER 미국필라델피아반도체레버리지(합성),6391.0,0.0,0.0,0.0,ETF(합성복제/수익증권),-3.23,,,,,-0.16839950347322208,-0.17202503013534737,1153,2026-10-08
Q500068,신한 인버스 2X 10년 국채선물 ETN,85.0,0.0,0.0,0.0,ETN(채권),-0.57,,,,,-0.16839950347322208,-0.17202503013534737,1154,2026-10-08
Q700013,하나 레버리지 콩 선물 ETN(H),269.0,0.0,0.0,0.0,ETN(원자재),-1.93,,,,,-0.16839950347322208,-0.17202503013534737,1155,2026-10-08
486450,SOL 미국AI전력인프라,2079.0,0.0,0.0,0.0,ETF(실물복제/수익증권),-2.32,,,,,-0.16839950347322208,-0.17202503013534737,1156,2026-10-08
Q700014,하나 인버스 2X 콩 선물 ETN(H),98.0,0.0,0.0,0.0,ETN(원자재),2.15,,,,,-0.16839950347322208,-0.17202503013534737,1157,2026-10-08
486290,TIGER 미국나스닥100타겟데일리커버드콜,26166.0,0.0,0.0,0.0,ETF(실물복제/수익증권),-0.57,,,,,-0.16839950347322208,-0.17202503013534737,1158,2026-10-08
486240,DAISHIN343 AI반도체&인프라액티브,970.0,0.0,0.0,0.0,ETF(Active/수익증권),-0.49,,,,,-0.16839950347322208,-0.17202503013534737,1159,2026-10-08
485810,TIMEFOLIO 글로벌안티에이징바이오액티브,126.0,0.0,0.0,0.0,ETF(Active/수익증권),0.31,,,,,-0.16839950347322208,-0.17202503013534737,1160,2026-10-08
Q700017,하나 레버리지 코스닥150 선물 ETN,279.0,0.0,0.0,0.0,ETN(주식),-4.28,,,,,-0.16839950347322208,-0.17202503013534737,1161,2026-10-08
456880,ACE 미국달러SOFR금리(합성),3257.0,0.0,0.0,0.0,ETF(합성복제/수익증권),-0.08,,,,,-0.16839950347322208,-0.17202503013534737,1162,2026-10-08
Q700018,하나 인버스 2X 코스닥150 선물 ETN,15.0,0.0,0.0,0.0,ETN(주식),0.48,,,,,-0.16839950347322208,-0.17202503013534737,1163,2026-10-08
485540,KODEX 미국AI테크TOP10,3204.0,0.0,0.0,0.0,ETF(실물복제/수익증권),-0.73,,,,,-0.16839950347322208,-0.17202503013534737,1164,2026-10-08
484890,SOL 머니마켓액티브,134.0,0.0,0.0,0.0,ETF(Active/수익증권),0.01,,,,,-0.16839950347322208,-0.17202503013534737,1165,2026-10-08
484880,SOL 금융지주플러스고배당,3312.0,0.0,0.0,0.0,ETF(실물복제/수익증권),-2.97,,,,,-0.16839950347322208,-0.17202503013534737,1166,2026-10-08
Q700012,하나 인버스 2X 옥수수 선물 ETN(H),227.0,0.0,0.0,0.0,ETN(원자재),3.54,,,,,-0.16839950347322208,-0.17202503013534737,1167,2026-10-08
Q700022,하나 Solactive US Tech Top 10 ETN(H),662.0,0.0,0.0,0.0,ETN(주식),0.0,,,,,-0.16839950347322208,-0.17202503013534737,1168,2026-10-08
Q700023,하나 Solactive 2X US Tech Top 10 ETN(H),1559.0,0.0,0.0,0.0,ETN(주식),0.0,,,,,-0.16839950347322208,-0.17202503013534737,1169,2026-10-08
Q700011,하나 레버리지 옥수수 선물 ETN(H),91.0,0.0,0.0,0.0,ETN(원자재),-2.57,,,,,-0.16839950347322208,-0.17202503013534737,1170,2026-10-08
Q700026,하나 CD금리투자 ETN,12961.0,0.0,0.0,0.0,ETN(기타),0.01,,,,,-0.16839950347322208,-0.17202503013534737,1171,2026-10-08
485690,RISE 미국AI밸류체인TOP3Plus,854.0,0.0,0.0,0.0,ETF(실물복제/수익증권),-1.6,,,,,-0.16839950347322208,-0.17202503013534737,1172,2026-10-08
488290,마이다스 일본테크액티브,163.0,0.0,0.0,0.0,ETF(Active/수익증권),-2.19,,,,,-0.16839950347322208,-0.17202503013534737,1173,2026-10-08
F70101B9A,한국투자뉴욕오피스1호,126.0,0.0,0.0,0.0,수익증권,0.0,,,,,-0.16839950347322208,-0.17202503013534737,1174,2026-10-08
Q610084,메리츠 미국채30년 스트립 ETN(H),78.0,0.0,0.0,0.0,ETN(채권),-0.32,,,,,-0.16839950347322208,-0.17202503013534737,1175,2026-10-08
488080,TIGER 반도체TOP10레버리지,6695.0,0.0,0.0,0.0,ETF(실물복제/수익증권),-3.38,,,,,-0.16839950347322208,-0.17202503013534737,1176,2026-10-08
487950,KODEX 대만테크고배당다우존스,185.0,0.0,0.0,0.0,ETF(실물복제/수익증권),-0.74,,,,,-0.16839950347322208,-0.17202503013534737,1177,2026-10-08
487920,ACE 인도시장대표BIG5그룹액티브,69.0,0.0,0.0,0.0,ETF(Active/수익증권),-1.99,,,,,-0.16839950347322208,-0.17202503013534737,1178,2026-10-08
487910,ACE 인도컨슈머파워액티브,87.0,0.0,0.0,0.0,ETF(Active/수익증권),-1.75,,,,,-0.16839950347322208,-0.17202503013534737,1179,2026-10-08
487750,BNK 온디바이스AI,144.0,0.0,0.0,0.0,ETF(실물복제/수익증권),-0.46,,,,,-0.16839950347322208,-0.17202503013534737,1180,2026-10-08
Q500067,신한 레버리지 10년 국채선물 ETN,67.0,0.0,0.0,0.0,ETN(채권),0.52,,,,,-0.16839950347322208,-0.17202503013534737,1181,2026-10-08
Q610082,메리츠 인도 루피화 ETN,95.0,0.0,0.0,0.0,ETN(통화),-0.32,,,,,-0.16839950347322208,-0.17202503013534737,1182,2026-10-08
487340,ACE 머니마켓액티브,12399.0,0.0,0.0,0.0,ETF(Active/수익증권),0.0,,,,,-0.16839950347322208,-0.17202503013534737,1183,2026-10-08
487240,KODEX AI전력핵심설비,29908.0,0.0,0.0,0.0,ETF(실물복제/수익증권),-4.22,,,,,-0.16839950347322208,-0.17202503013534737,1184,2026-10-08
Q610081,메리츠 레버리지 멕시코 페소화 ETN,140.0,0.0,0.0,0.0,ETN(통화),-0.11,,,,,-0.16839950347322208,-0.17202503013534737,1185,2026-10-08
487230,KODEX 미국AI전력핵심인프라,14990.0,0.0,0.0,0.0,ETF(실물복제/수익증권),-3.22,,,,,-0.16839950347322208,-0.17202503013534737,1186,2026-10-08
487130,KoAct AI인프라액티브,453.0,0.0,0.0,0.0,ETF(Active/수익증권),-0.41,,,,,-0.16839950347322208,-0.17202503013534737,1187,2026-10-08
486830,HANARO 머니마켓액티브,2748.0,0.0,0.0,0.0,ETF(Active/수익증권),0.0,,,,,-0.16839950347322208,-0.17202503013534737,1188,2026-10-08
F70101B95,밀라노부동산,193.0,0.0,0.0,0.0,수익증권,2.86,,,,,-0.16839950347322208,-0.17202503013534737,1189,2026-10-08
Q610080,메리츠 멕시코 페소화 ETN,124.0,0.0,0.0,0.0,ETN(통화),-0.4,,,,,-0.16839950347322208,-0.17202503013534737,1190,2026-10-08
Q610083,메리츠 레버리지 인도 루피화 ETN,83.0,0.0,0.0,0.0,ETN(통화),-0.72,,,,,-0.16839950347322208,-0.17202503013534737,1191,2026-10-08
481060,KODEX 미국30년국채타겟커버드콜(합성 H),7078.0,0.0,0.0,0.0,ETF(합성복제/수익증권),-0.07,,,,,-0.16839950347322208,-0.17202503013534737,1192,2026-10-08
481050,KODEX CD1년금리플러스액티브(합성),26664.0,0.0,0.0,0.0,ETF,0.01,,,,,-0.16839950347322208,-0.17202503013534737,1193,2026-10-08
483290,KODEX 미국배당다우존스타겟커버드콜,1678.0,0.0,0.0,0.0,ETF(실물복제/수익증권),-0.58,,,,,-0.16839950347322208,-0.17202503013534737,1194,2026-10-08
480460,WON 한국부동산TOP3플러스,77.0,0.0,0.0,0.0,ETF(실물복제/수익증권),0.0,,,,,-0.16839950347322208,-0.17202503013534737,1195,2026-10-08
480310,TIGER 글로벌온디바이스AI,558.0,0.0,0.0,0.0,ETF(실물복제/수익증권),-1.6,,,,,-0.16839950347322208,-0.17202503013534737,1196,2026-10-08
480260,TIGER 27-04회사채(A+이상)액티브,3965.0,0.0,0.0,0.0,ETF(Active/수익증권),0.01,,,,,-0.16839950347322208,-0.17202503013534737,1197,2026-10-08
480040,ACE 미국반도체데일리타겟커버드콜(합성),2171.0,0.0,0.0,0.0,ETF(합성복제/수익증권),-0.95,,,,,-0.16839950347322208,-0.17202503013534737,1198,2026-10-08
480030,ACE 미국500데일리타겟커버드콜(합성),1608.0,0.0,0.0,0.0,ETF(합성복제/수익증권),-0.52,,,,,-0.16839950347322208,-0.17202503013534737,1199,2026-10-08
484790,KODEX 미국30년국채액티브(H),5741.0,0.0,0.0,0.0,ETF(Active/수익증권),-0.26,,,,,-0.16839950347322208,-0.17202503013534737,1200,2026-10-08
479850,HANARO K-뷰티,233.0,0.0,0.0,0.0,ETF(실물복제/수익증권),-1.98,,,,,-0.16839950347322208,-0.17202503013534737,1201,2026-10-08
Q700030,하나 S&P 인버스 2X WTI원유 선물 ETN B,74.0,0.0,0.0,0.0,ETN(원자재),-0.75,,,,,-0.16839950347322208,-0.17202503013534737,1202,2026-10-08
479730,TIGER 인도빌리언컨슈머,515.0,0.0,0.0,0.0,ETF(실물복제/수익증권),-0.85,,,,,-0.16839950347322208,-0.17202503013534737,1203,2026-10-08
479620,SOL 미국AI반도체칩메이커,952.0,0.0,0.0,0.0,ETF(실물복제/수익증권),-2.0,,,,,-0.16839950347322208,-0.17202503013534737,1204,2026-10-08
Q760004,키움 인버스 미국달러선물 ETN,272.0,0.0,0.0,0.0,ETN(통화),0.0,,,,,-0.16839950347322208,-0.17202503013534737,1205,2026-10-08
479520,RISE KOFR금리액티브(합성),10060.0,0.0,0.0,0.0,ETF,0.01,,,,,-0.16839950347322208,-0.17202503013534737,1206,2026-10-08
479080,1Q 머니마켓액티브,8727.0,0.0,0.0,0.0,ETF(Active/수익증권),0.0,,,,,-0.16839950347322208,-0.17202503013534737,1207,2026-10-08
478150,TIMEFOLIO 글로벌우주테크&방산액티브,2016.0,0.0,0.0,0.0,ETF(Active/수익증권),-2.64,,,,,-0.16839950347322208,-0.17202503013534737,1208,2026-10-08
477730,KODEX 인도타타그룹,195.0,0.0,0.0,0.0,ETF(실물복제/수익증권),-0.75,,,,,-0.16839950347322208,-0.17202503013534737,1209,2026-10-08
480020,ACE 미국빅테크7+데일리타겟커버드콜(합성),1872.0,0.0,0.0,0.0,ETF(합성복제/수익증권),-0.05,,,,,-0.16839950347322208,-0.17202503013534737,1210,2026-10-08
Q700027,하나 반도체 ETN,471.0,0.0,0.0,0.0,ETN(주식),0.02,,,,,-0.16839950347322208,-0.17202503013534737,1211,2026-10-08
483570,KCGI 미국S&P500 TOP10,257.0,0.0,0.0,0.0,ETF(실물복제/수익증권),-0.06,,,,,-0.16839950347322208,-0.17202503013534737,1212,2026-10-08
Q700028,하나 레버리지 반도체 ETN,8226.0,0.0,0.0,0.0,ETN(주식),1.96,,,,,-0.16839950347322208,-0.17202503013534737,1213,2026-10-08
483340,ACE 구글밸류체인액티브,2598.0,0.0,0.0,0.0,ETF(Active/수익증권),-1.52,,,,,-0.16839950347322208,-0.17202503013534737,1214,2026-10-08
483330,ACE 마이크로소프트밸류체인액티브,161.0,0.0,0.0,0.0,ETF(Active/수익증권),-1.23,,,,,-0.16839950347322208,-0.17202503013534737,1215,2026-10-08
483320,ACE 엔비디아밸류체인액티브,3026.0,0.0,0.0,0.0,ETF(Active/수익증권),-2.41,,,,,-0.16839950347322208,-0.17202503013534737,1216,2026-10-08
483280,KODEX 미국AI테크TOP10타겟커버드콜,4716.0,0.0,0.0,0.0,ETF(실물복제/수익증권),-0.54,,,,,-0.16839950347322208,-0.17202503013534737,1217,2026-10-08
F74701B97,이지스글로벌281호 Class A,761.0,0.0,0.0,0.0,수익증권,0.0,,,,,-0.16839950347322208,-0.17202503013534737,1218,2026-10-08
483030,KIWOOM 미국블록버스터바이오테크의약품+,51.0,0.0,0.0,0.0,ETF(실물복제/수익증권),1.58,,,,,-0.16839950347322208,-0.17202503013534737,1219,2026-10-08
Q700029,하나 S&P 레버리지 WTI원유 선물 ETN B,507.0,0.0,0.0,0.0,ETN(원자재),-0.71,,,,,-0.16839950347322208,-0.17202503013534737,1220,2026-10-08
F74701B9A,이지스299호A,220.0,0.0,0.0,0.0,수익증권,0.0,,,,,-0.16839950347322208,-0.17202503013534737,1221,2026-10-08
482730,TIGER 미국S&P500타겟데일리커버드콜,6807.0,0.0,0.0,0.0,ETF(실물복제/수익증권),-0.61,,,,,-0.16839950347322208,-0.17202503013534737,1222,2026-10-08
482030,KoAct 테크핵심소재공급망액티브,107.0,0.0,0.0,0.0,ETF(Active/수익증권),1.14,,,,,-0.16839950347322208,-0.17202503013534737,1223,2026-10-08
475080,KODEX 테슬라커버드콜채권혼합액티브,2841.0,0.0,0.0,0.0,ETF(Active/수익증권),-0.32,,,,,-0.16839950347322208,-0.17202503013534737,1224,2026-10-08
481430,RISE 국고채10년액티브,473.0,0.0,0.0,0.0,ETF(Active/수익증권),-0.12,,,,,-0.16839950347322208,-0.17202503013534737,1225,2026-10-08
481340,RISE 미국30년국채액티브,261.0,0.0,0.0,0.0,ETF(Active/수익증권),-0.45,,,,,-0.16839950347322208,-0.17202503013534737,1226,2026-10-08
F74702776,이지스코어부동산126호 C-i,4.0,0.0,0.0,0.0,수익증권,0.0,,,,,-0.16839950347322208,-0.17202503013534737,1227,2026-10-08
481190,SOL 미국테크TOP10,2991.0,0.0,0.0,0.0,ETF(실물복제/수익증권),-0.32,,,,,-0.16839950347322208,-0.17202503013534737,1228,2026-10-08
481180,SOL 미국AI소프트웨어,1421.0,0.0,0.0,0.0,ETF(실물복제/수익증권),-1.81,,,,,-0.16839950347322208,-0.17202503013534737,1229,2026-10-08
483020,KIWOOM 의료AI,57.0,0.0,0.0,0.0,ETF(실물복제/수익증권),-2.48,,,,,-0.16839950347322208,-0.17202503013534737,1230,2026-10-08
Q610092,메리츠 인버스 일본 국채 10년 ETN,99.0,0.0,0.0,0.0,ETN(채권),0.05,,,,,-0.16839950347322208,-0.17202503013534737,1231,2026-10-08
498860,RISE 코리아금융고배당,317.0,0.0,0.0,0.0,ETF(실물복제/수익증권),-2.58,,,,,-0.16839950347322208,-0.17202503013534737,1232,2026-10-08
495550,SOL 코리아밸류업TR,1790.0,0.0,0.0,0.0,ETF(실물복제/수익증권),-3.13,,,,,-0.16839950347322208,-0.17202503013534737,1233,2026-10-08
495330,1Q 코리아밸류업,1318.0,0.0,0.0,0.0,ETF(실물복제/수익증권),-2.7,,,,,-0.16839950347322208,-0.17202503013534737,1234,2026-10-08
495230,KoAct 코리아밸류업액티브,2354.0,0.0,0.0,0.0,ETF(Active/수익증권),-2.03,,,,,-0.16839950347322208,-0.17202503013534737,1235,2026-10-08
495060,TIMEFOLIO 코리아밸류업액티브,1811.0,0.0,0.0,0.0,ETF(Active/수익증권),-2.4,,,,,-0.16839950347322208,-0.17202503013534737,1236,2026-10-08
495050,RISE 코리아밸류업,9032.0,0.0,0.0,0.0,ETF(실물복제/수익증권),-3.06,,,,,-0.16839950347322208,-0.17202503013534737,1237,2026-10-08
495040,PLUS 코리아밸류업,822.0,0.0,0.0,0.0,ETF(실물복제/수익증권),-3.17,,,,,-0.16839950347322208,-0.17202503013534737,1238,2026-10-08
F70102B96,룩셈부르크코어오피스(파생형)(A),867.0,0.0,0.0,0.0,수익증권,0.0,,,,,-0.16839950347322208,-0.17202503013534737,1239,2026-10-08
494890,KODEX 200액티브,9776.0,0.0,0.0,0.0,ETF(Active/수익증권),-2.58,,,,,-0.16839950347322208,-0.17202503013534737,1240,2026-10-08
494840,TIGER 미국방산TOP10,370.0,0.0,0.0,0.0,ETF(실물복제/수익증권),-1.82,,,,,-0.16839950347322208,-0.17202503013534737,1241,2026-10-08
494670,TIGER 조선TOP10,4838.0,0.0,0.0,0.0,ETF(실물복제/수익증권),-3.0,,,,,-0.16839950347322208,-0.17202503013534737,1242,2026-10-08
494420,PLUS 미국배당증가성장주데일리커버드콜,163.0,0.0,0.0,0.0,ETF(실물복제/수익증권),-0.75,,,,,-0.16839950347322208,-0.17202503013534737,1243,2026-10-08
494410,PLUS 미국S&P500성장주,363.0,0.0,0.0,0.0,ETF(실물복제/수익증권),-0.65,,,,,-0.16839950347322208,-0.17202503013534737,1244,2026-10-08
494340,ACE 글로벌AI맞춤형반도체,316.0,0.0,0.0,0.0,ETF(실물복제/수익증권),-2.27,,,,,-0.16839950347322208,-0.17202503013534737,1245,2026-10-08
494330,ACE 라이프자산주주가치액티브,1827.0,0.0,0.0,0.0,ETF(Active/수익증권),-3.25,,,,,-0.16839950347322208,-0.17202503013534737,1246,2026-10-08
494310,KODEX 반도체레버리지,12716.0,0.0,0.0,0.0,ETF(실물복제/수익증권),1.75,,,,,-0.16839950347322208,-0.17202503013534737,1247,2026-10-08
494300,KODEX 미국나스닥100데일리커버드콜OTM,10544.0,0.0,0.0,0.0,ETF(실물복제/수익증권),-0.67,,,,,-0.16839950347322208,-0.17202503013534737,1248,2026-10-08
499150,SOL 미국S&P500엔화노출(H),54.0,0.0,0.0,0.0,ETF(실물복제/수익증권),-0.51,,,,,-0.16839950347322208,-0.17202503013534737,1249,2026-10-08
498410,KODEX 금융고배당TOP10타겟위클리커버드콜,8627.0,0.0,0.0,0.0,ETF(실물복제/수익증권),-2.34,,,,,-0.16839950347322208,-0.17202503013534737,1250,2026-10-08
498400,KODEX 200타겟위클리커버드콜,57930.0,0.0,0.0,0.0,ETF(실물복제/수익증권),-2.37,,,,,-0.16839950347322208,-0.17202503013534737,1251,2026-10-08
498270,KIWOOM 미국양자컴퓨팅,2172.0,0.0,0.0,0.0,ETF(실물복제/수익증권),-2.5,,,,,-0.16839950347322208,-0.17202503013534737,1252,2026-10-08
498180,파워 종합채권(AA-이상)액티브,1413.0,0.0,0.0,0.0,ETF(Active/수익증권),0.01,,,,,-0.16839950347322208,-0.17202503013534737,1253,2026-10-08
498050,HANARO 바이오코리아액티브,91.0,0.0,0.0,0.0,ETF(Active/수익증권),-3.95,,,,,-0.16839950347322208,-0.17202503013534737,1254,2026-10-08
497880,SOL CD금리&머니마켓액티브,3024.0,0.0,0.0,0.0,ETF(Active/수익증권),0.01,,,,,-0.16839950347322208,-0.17202503013534737,1255,2026-10-08
497780,KoAct 미국천연가스인프라액티브,187.0,0.0,0.0,0.0,ETF(Active/수익증권),-1.16,,,,,-0.16839950347322208,-0.17202503013534737,1256,2026-10-08
498610,RISE 인도디지털성장,44.0,0.0,0.0,0.0,ETF(실물복제/수익증권),-0.14,,,,,-0.16839950347322208,-0.17202503013534737,1257,2026-10-08
497570,TIGER 미국필라델피아AI반도체나스닥,11427.0,0.0,0.0,0.0,ETF(실물복제/수익증권),-1.95,,,,,-0.16839950347322208,-0.17202503013534737,1258,2026-10-08
495750,HANARO 코리아밸류업,742.0,0.0,0.0,0.0,ETF(실물복제/수익증권),-4.33,,,,,-0.16839950347322208,-0.17202503013534737,1259,2026-10-08
497510,ACE 글로벌빅파마,87.0,0.0,0.0,0.0,ETF(실물복제/수익증권),1.85,,,,,-0.16839950347322208,-0.17202503013534737,1260,2026-10-08
496770,PLUS 글로벌방산,266.0,0.0,0.0,0.0,ETF(실물복제/수익증권),-2.99,,,,,-0.16839950347322208,-0.17202503013534737,1261,2026-10-08
496130,TRUSTON 코리아밸류업액티브,132.0,0.0,0.0,0.0,ETF(Active/수익증권),-1.66,,,,,-0.16839950347322208,-0.17202503013534737,1262,2026-10-08
496120,ACE 코리아밸류업,241.0,0.0,0.0,0.0,ETF(실물복제/수익증권),-2.04,,,,,-0.16839950347322208,-0.17202503013534737,1263,2026-10-08
496090,KIWOOM 코리아밸류업,1015.0,0.0,0.0,0.0,ETF(실물복제/수익증권),-3.07,,,,,-0.16839950347322208,-0.17202503013534737,1264,2026-10-08
496080,TIGER 코리아밸류업,4657.0,0.0,0.0,0.0,ETF(실물복제/수익증권),-3.02,,,,,-0.16839950347322208,-0.17202503013534737,1265,2026-10-08
496020,WON 전단채플러스액티브,5893.0,0.0,0.0,0.0,ETF(Active/수익증권),0.01,,,,,-0.16839950347322208,-0.17202503013534737,1266,2026-10-08
495940,RISE 미국AI테크액티브,616.0,0.0,0.0,0.0,ETF(Active/수익증권),-2.01,,,,,-0.16839950347322208,-0.17202503013534737,1267,2026-10-08
495850,KODEX 코리아밸류업,7481.0,0.0,0.0,0.0,ETF(실물복제/수익증권),-2.94,,,,,-0.16839950347322208,-0.17202503013534737,1268,2026-10-08
497520,ACE 일라이릴리밸류체인,82.0,0.0,0.0,0.0,ETF(실물복제/수익증권),0.32,,,,,-0.16839950347322208,-0.17202503013534737,1269,2026-10-08
490480,SOL K방산,690.0,0.0,0.0,0.0,ETF(실물복제/수익증권),-4.44,,,,,-0.16839950347322208,-0.17202503013534737,1270,2026-10-08
490330,KoAct 미국뇌질환치료제액티브,51.0,0.0,0.0,0.0,ETF(Active/수익증권),-0.24,,,,,-0.16839950347322208,-0.17202503013534737,1271,2026-10-08
490090,TIGER 미국AI빅테크10,2159.0,0.0,0.0,0.0,ETF(실물복제/수익증권),-0.4,,,,,-0.16839950347322208,-0.17202503013534737,1272,2026-10-08
489860,KIWOOM 글로벌전력GRID인프라,123.0,0.0,0.0,0.0,ETF(실물복제/수익증권),-2.98,,,,,-0.16839950347322208,-0.17202503013534737,1273,2026-10-08
Q610091,메리츠 3X 레버리지 일본 국채 10년 ETN,67.0,0.0,0.0,0.0,ETN(채권),0.6,,,,,-0.16839950347322208,-0.17202503013534737,1274,2026-10-08
J0036221D,KG모빌리티 122WR,152.0,0.0,0.0,0.0,신주인수권증권,0.0,,,,,-0.16839950347322208,-0.17202503013534737,1275,2026-10-08
Q610090,메리츠 일본 국채 10년 ETN,83.0,0.0,0.0,0.0,ETN(채권),0.3,,,,,-0.16839950347322208,-0.17202503013534737,1276,2026-10-08
489290,WON 미국빌리어네어,273.0,0.0,0.0,0.0,ETF(실물복제/수익증권),-0.64,,,,,-0.16839950347322208,-0.17202503013534737,1277,2026-10-08
494220,UNICORN SK하이닉스밸류체인액티브,1841.0,0.0,0.0,0.0,ETF(Active/수익증권),-1.69,,,,,-0.16839950347322208,-0.17202503013534737,1278,2026-10-08
489030,PLUS 고배당주위클리커버드콜,3052.0,0.0,0.0,0.0,ETF(실물복제/수익증권),-1.12,,,,,-0.16839950347322208,-0.17202503013534737,1279,2026-10-08
Q610089,메리츠 솔랙티브 -2X WTI원유 선물 ETN(H),353.0,0.0,0.0,0.0,ETN(원자재),-0.95,,,,,-0.16839950347322208,-0.17202503013534737,1280,2026-10-08
489000,PLUS 일본엔화초단기국채(합성),197.0,0.0,0.0,0.0,ETF(합성복제/수익증권),-0.06,,,,,-0.16839950347322208,-0.17202503013534737,1281,2026-10-08
488980,SOL 26-12 회사채(AA-이상)액티브,2108.0,0.0,0.0,0.0,ETF(Active/수익증권),0.02,,,,,-0.16839950347322208,-0.17202503013534737,1282,2026-10-08
488770,KODEX 머니마켓액티브,104795.0,0.0,0.0,0.0,ETF(Active/수익증권),0.04,,,,,-0.16839950347322208,-0.17202503013534737,1283,2026-10-08
Q610088,메리츠 솔랙티브 2X WTI원유 선물 ETN(H),539.0,0.0,0.0,0.0,ETN(원자재),1.14,,,,,-0.16839950347322208,-0.17202503013534737,1284,2026-10-08
488720,WON 종합채권(AA-이상)액티브,1659.0,0.0,0.0,0.0,ETF(Active/수익증권),0.17,,,,,-0.16839950347322208,-0.17202503013534737,1285,2026-10-08
488500,TIGER 미국S&P500동일가중,1074.0,0.0,0.0,0.0,ETF(실물복제/수익증권),-1.04,,,,,-0.16839950347322208,-0.17202503013534737,1286,2026-10-08
488480,RISE 일본섹터TOP4Plus,71.0,0.0,0.0,0.0,ETF(실물복제/수익증권),-0.69,,,,,-0.16839950347322208,-0.17202503013534737,1287,2026-10-08
489250,KODEX 미국배당다우존스,5872.0,0.0,0.0,0.0,ETF(실물복제/수익증권),-1.0,,,,,-0.16839950347322208,-0.17202503013534737,1288,2026-10-08
494210,SOL 미국500타겟데일리커버드콜액티브,74.0,0.0,0.0,0.0,ETF(Active/수익증권),-0.52,,,,,-0.16839950347322208,-0.17202503013534737,1289,2026-10-08
494180,TIMEFOLIO 글로벌소비트렌드액티브,88.0,0.0,0.0,0.0,ETF(Active/수익증권),-0.12,,,,,-0.16839950347322208,-0.17202503013534737,1290,2026-10-08
493810,TIGER 미국AI빅테크10타겟데일리커버드콜,2455.0,0.0,0.0,0.0,ETF(실물복제/수익증권),-0.39,,,,,-0.16839950347322208,-0.17202503013534737,1291,2026-10-08
493420,SOL 미국배당다우존스2호,247.0,0.0,0.0,0.0,ETF(실물복제/수익증권),-0.89,,,,,-0.16839950347322208,-0.17202503013534737,1292,2026-10-08
492500,1Q 현대차그룹채권(A+이상)&국고통안,680.0,0.0,0.0,0.0,ETF(실물복제/수익증권),0.03,,,,,-0.16839950347322208,-0.17202503013534737,1293,2026-10-08
491830,TIGER 미국AI반도체팹리스,402.0,0.0,0.0,0.0,ETF(실물복제/수익증권),-2.07,,,,,-0.16839950347322208,-0.17202503013534737,1294,2026-10-08
491820,HANARO 전력설비투자,1493.0,0.0,0.0,0.0,ETF(실물복제/수익증권),-4.27,,,,,-0.16839950347322208,-0.17202503013534737,1295,2026-10-08
491700,HK 200,643.0,0.0,0.0,0.0,ETF(실물복제/수익증권),-2.2,,,,,-0.16839950347322208,-0.17202503013534737,1296,2026-10-08
491630,RISE 미국반도체인버스(합성 H),27.0,0.0,0.0,0.0,ETF(합성복제/수익증권),0.53,,,,,-0.16839950347322208,-0.17202503013534737,1297,2026-10-08
490490,SOL 미국배당미국채혼합50,4462.0,0.0,0.0,0.0,ETF(실물복제/수익증권),-0.48,,,,,-0.16839950347322208,-0.17202503013534737,1298,2026-10-08
491610,1Q CD금리액티브(합성),1455.0,0.0,0.0,0.0,ETF,0.0,,,,,-0.16839950347322208,-0.17202503013534737,1299,2026-10-08
491510,파워 K-주주가치액티브,148.0,0.0,0.0,0.0,ETF(Active/수익증권),-1.49,,,,,-0.16839950347322208,-0.17202503013534737,1300,2026-10-08
491230,PLUS 국공채머니마켓액티브,1162.0,0.0,0.0,0.0,ETF(Active/수익증권),0.0,,,,,-0.16839950347322208,-0.17202503013534737,1301,2026-10-08
491220,PLUS 200TR,567.0,0.0,0.0,0.0,ETF(실물복제/수익증권),-2.22,,,,,-0.16839950347322208,-0.17202503013534737,1302,2026-10-08
499660,TIGER CD금리플러스액티브(합성),4560.0,0.0,0.0,0.0,ETF,0.01,,,,,-0.16839950347322208,-0.17202503013534737,1303,2026-10-08
491090,KODEX 미국테크TOP3플러스,333.0,0.0,0.0,0.0,ETF(실물복제/수익증권),-0.46,,,,,-0.16839950347322208,-0.17202503013534737,1304,2026-10-08
491010,TIGER 글로벌AI전력인프라액티브,6364.0,0.0,0.0,0.0,ETF(Active/수익증권),-2.46,,,,,-0.16839950347322208,-0.17202503013534737,1305,2026-10-08
490600,RISE 미국배당100데일리고정커버드콜,1566.0,0.0,0.0,0.0,ETF(실물복제/수익증권),-0.78,,,,,-0.16839950347322208,-0.17202503013534737,1306,2026-10-08
490590,RISE 미국AI밸류체인데일리고정커버드콜,8403.0,0.0,0.0,0.0,ETF(실물복제/수익증권),-0.92,,,,,-0.16839950347322208,-0.17202503013534737,1307,2026-10-08
491620,RISE 미국테크100데일리고정커버드콜,5999.0,0.0,0.0,0.0,ETF(실물복제/수익증권),-0.57,,,,,-0.16839950347322208,-0.17202503013534737,1308,2026-10-08
463690,KODEX 미국S&P500커뮤니케이션,94.0,0.0,0.0,0.0,ETF(실물복제/수익증권),-0.81,,,,,-0.16839950347322208,-0.17202503013534737,1309,2026-10-08
463680,KODEX 미국S&P500테크놀로지,1328.0,0.0,0.0,0.0,ETF(실물복제/수익증권),-0.75,,,,,-0.16839950347322208,-0.17202503013534737,1310,2026-10-08
465660,TIGER 일본반도체FACTSET,557.0,0.0,0.0,0.0,ETF(실물복제/수익증권),-2.0,,,,,-0.16839950347322208,-0.17202503013534737,1311,2026-10-08
465620,ACE 미국빅테크TOP7 Plus인버스(합성),6.0,0.0,0.0,0.0,ETF(합성복제/수익증권),0.48,,,,,-0.16839950347322208,-0.17202503013534737,1312,2026-10-08
463250,TIGER K방산&우주,4477.0,0.0,0.0,0.0,ETF(실물복제/수익증권),-4.32,,,,,-0.16839950347322208,-0.17202503013534737,1313,2026-10-08
463050,TIMEFOLIO K바이오액티브,2099.0,0.0,0.0,0.0,ETF(Active/수익증권),-5.21,,,,,-0.16839950347322208,-0.17202503013534737,1314,2026-10-08
462900,KoAct 바이오헬스케어액티브,3306.0,0.0,0.0,0.0,ETF(Active/수익증권),-5.03,,,,,-0.16839950347322208,-0.17202503013534737,1315,2026-10-08
Q610093,메리츠 인버스 3X 일본 국채 10년 ETN,116.0,0.0,0.0,0.0,ETN(채권),-0.66,,,,,-0.16839950347322208,-0.17202503013534737,1316,2026-10-08
477490,에셋플러스 글로벌일등기업포커스10액티브,169.0,0.0,0.0,0.0,ETF(Active/수익증권),-0.89,,,,,-0.16839950347322208,-0.17202503013534737,1317,2026-10-08
455850,SOL AI반도체소부장,13946.0,0.0,0.0,0.0,ETF(실물복제/수익증권),2.94,,,,,-0.16839950347322208,-0.17202503013534737,1318,2026-10-08
455660,ACE 미국하이일드액티브(H),613.0,0.0,0.0,0.0,ETF(Active/수익증권),-0.27,,,,,-0.16839950347322208,-0.17202503013534737,1319,2026-10-08
455030,KODEX 미국달러SOFR금리액티브(합성),5295.0,0.0,0.0,0.0,ETF,0.13,,,,,-0.16839950347322208,-0.17202503013534737,1320,2026-10-08
462010,TIGER 2차전지소재Fn,5715.0,0.0,0.0,0.0,ETF(실물복제/수익증권),1.46,,,,,-0.16839950347322208,-0.17202503013534737,1321,2026-10-08
461950,KODEX 2차전지핵심소재10,1890.0,0.0,0.0,0.0,ETF(실물복제/수익증권),1.44,,,,,-0.16839950347322208,-0.17202503013534737,1322,2026-10-08
461910,PLUS 미국테크TOP10레버리지(합성),193.0,0.0,0.0,0.0,ETF(합성복제/수익증권),-0.45,,,,,-0.16839950347322208,-0.17202503013534737,1323,2026-10-08
461900,PLUS 미국테크TOP10,185.0,0.0,0.0,0.0,ETF(실물복제/수익증권),0.15,,,,,-0.16839950347322208,-0.17202503013534737,1324,2026-10-08
461600,SOL 미국30년국채액티브(H),207.0,0.0,0.0,0.0,ETF(Active/수익증권),-0.45,,,,,-0.16839950347322208,-0.17202503013534737,1325,2026-10-08
463640,KODEX 미국S&P500유틸리티,103.0,0.0,0.0,0.0,ETF(실물복제/수익증권),-0.35,,,,,-0.16839950347322208,-0.17202503013534737,1326,2026-10-08
455860,SOL 2차전지소부장Fn,1168.0,0.0,0.0,0.0,ETF(실물복제/수익증권),2.0,,,,,-0.16839950347322208,-0.17202503013534737,1327,2026-10-08
466920,SOL 조선TOP3플러스,12732.0,0.0,0.0,0.0,ETF(실물복제/수익증권),-3.48,,,,,-0.16839950347322208,-0.17202503013534737,1328,2026-10-08
466810,BNK 2차전지양극재,97.0,0.0,0.0,0.0,ETF(실물복제/수익증권),1.58,,,,,-0.16839950347322208,-0.17202503013534737,1329,2026-10-08
Q760015,키움 레버리지 바이오TOP10 ETN,133.0,0.0,0.0,0.0,ETN(주식),-8.26,,,,,-0.16839950347322208,-0.17202503013534737,1330,2026-10-08
Q760016,키움 레버리지 조선TOP10 ETN,459.0,0.0,0.0,0.0,ETN(주식),-7.19,,,,,-0.16839950347322208,-0.17202503013534737,1331,2026-10-08
465670,TIGER 미국캐시카우100,184.0,0.0,0.0,0.0,ETF(실물복제/수익증권),-1.22,,,,,-0.16839950347322208,-0.17202503013534737,1332,2026-10-08
469050,RISE 미국반도체NYSE(H),382.0,0.0,0.0,0.0,ETF(실물복제/수익증권),-1.56,,,,,-0.16839950347322208,-0.17202503013534737,1333,2026-10-08
Q760017,키움 조선TOP10 ETN,136.0,0.0,0.0,0.0,ETN(주식),-3.78,,,,,-0.16839950347322208,-0.17202503013534737,1334,2026-10-08
465610,ACE 미국빅테크TOP7 Plus레버리지(합성),1062.0,0.0,0.0,0.0,ETF(합성복제/수익증권),-0.41,,,,,-0.16839950347322208,-0.17202503013534737,1335,2026-10-08
F76201BC5,이탈리아물류1호 종류A,583.0,0.0,0.0,0.0,수익증권,0.0,,,,,-0.16839950347322208,-0.17202503013534737,1336,2026-10-08
465350,RISE 2차전지TOP10인버스(합성),294.0,0.0,0.0,0.0,ETF(합성복제/수익증권),-1.04,,,,,-0.16839950347322208,-0.17202503013534737,1337,2026-10-08
465330,RISE 2차전지TOP10,731.0,0.0,0.0,0.0,ETF(실물복제/수익증권),1.23,,,,,-0.16839950347322208,-0.17202503013534737,1338,2026-10-08
464930,TIGER 글로벌혁신블루칩TOP10,1024.0,0.0,0.0,0.0,ETF(실물복제/수익증권),-0.27,,,,,-0.16839950347322208,-0.17202503013534737,1339,2026-10-08
464920,PLUS 일본반도체소부장,310.0,0.0,0.0,0.0,ETF(실물복제/수익증권),-1.71,,,,,-0.16839950347322208,-0.17202503013534737,1340,2026-10-08
466940,TIGER 은행고배당플러스TOP10,7975.0,0.0,0.0,0.0,ETF(실물복제/수익증권),-2.47,,,,,-0.16839950347322208,-0.17202503013534737,1341,2026-10-08
466930,SOL 자동차TOP3플러스,1729.0,0.0,0.0,0.0,ETF(실물복제/수익증권),-3.23,,,,,-0.16839950347322208,-0.17202503013534737,1342,2026-10-08
464470,PLUS 미국채30년액티브,362.0,0.0,0.0,0.0,ETF(Active/수익증권),-0.39,,,,,-0.16839950347322208,-0.17202503013534737,1343,2026-10-08
464310,TIGER 글로벌AI&로보틱스 INDXX,1017.0,0.0,0.0,0.0,ETF(실물복제/수익증권),-2.54,,,,,-0.16839950347322208,-0.17202503013534737,1344,2026-10-08
Q760018,키움 미국달러선물 ETN B,591.0,0.0,0.0,0.0,ETN(통화),-0.46,,,,,-0.16839950347322208,-0.17202503013534737,1345,2026-10-08
465580,ACE 미국빅테크TOP7 Plus,12490.0,0.0,0.0,0.0,ETF(실물복제/수익증권),-0.32,,,,,-0.16839950347322208,-0.17202503013534737,1346,2026-10-08
450910,SOL 코스닥150,392.0,0.0,0.0,0.0,ETF(실물복제/수익증권),-1.0,,,,,-0.16839950347322208,-0.17202503013534737,1347,2026-10-08
450190,KODEX 한중반도체(합성),287.0,0.0,0.0,0.0,ETF(합성복제/수익증권),-1.59,,,,,-0.16839950347322208,-0.17202503013534737,1348,2026-10-08
450180,KODEX 한중전기차(합성),66.0,0.0,0.0,0.0,ETF(합성복제/수익증권),-0.84,,,,,-0.16839950347322208,-0.17202503013534737,1349,2026-10-08
459560,KODEX 테슬라밸류체인FactSet,335.0,0.0,0.0,0.0,ETF(실물복제/수익증권),-2.53,,,,,-0.16839950347322208,-0.17202503013534737,1350,2026-10-08
Q610070,메리츠 KAP 인버스 2X 일본 엔화 ETN,129.0,0.0,0.0,0.0,ETN(통화),-0.33,,,,,-0.16839950347322208,-0.17202503013534737,1351,2026-10-08
458760,TIGER 미국배당다우존스타겟커버드콜2호,6480.0,0.0,0.0,0.0,ETF(실물복제/수익증권),-0.64,,,,,-0.16839950347322208,-0.17202503013534737,1352,2026-10-08
458750,TIGER 미국배당다우존스타겟커버드콜1호,623.0,0.0,0.0,0.0,ETF(실물복제/수익증권),-0.75,,,,,-0.16839950347322208,-0.17202503013534737,1353,2026-10-08
458730,TIGER 미국배당다우존스,41416.0,0.0,0.0,0.0,ETF(실물복제/수익증권),-0.97,,,,,-0.16839950347322208,-0.17202503013534737,1354,2026-10-08
463300,RISE 중국본토CSI300,194.0,0.0,0.0,0.0,ETF(실물복제/수익증권),-1.5,,,,,-0.16839950347322208,-0.17202503013534737,1355,2026-10-08
458250,TIGER 미국30년국채스트립액티브(합성 H),3454.0,0.0,0.0,0.0,ETF,-0.65,,,,,-0.16839950347322208,-0.17202503013534737,1356,2026-10-08
455960,RISE 미국달러SOFR금리액티브(합성),540.0,0.0,0.0,0.0,ETF,0.08,,,,,-0.16839950347322208,-0.17202503013534737,1357,2026-10-08
455890,RISE 머니마켓액티브,31249.0,0.0,0.0,0.0,ETF(Active/수익증권),0.01,,,,,-0.16839950347322208,-0.17202503013534737,1358,2026-10-08
458030,WON 국공채머니마켓액티브,998.0,0.0,0.0,0.0,ETF(Active/수익증권),0.02,,,,,-0.16839950347322208,-0.17202503013534737,1359,2026-10-08
457990,PLUS 태양광&ESS,1579.0,0.0,0.0,0.0,ETF(실물복제/수익증권),-0.42,,,,,-0.16839950347322208,-0.17202503013534737,1360,2026-10-08
457930,BNK 미래전략기술액티브,84.0,0.0,0.0,0.0,ETF(Active/수익증권),0.22,,,,,-0.16839950347322208,-0.17202503013534737,1361,2026-10-08
457700,KODEX 53-09 국고채액티브,123.0,0.0,0.0,0.0,ETF(Active/수익증권),0.43,,,,,-0.16839950347322208,-0.17202503013534737,1362,2026-10-08
457690,KODEX 33-06 국고채액티브,171.0,0.0,0.0,0.0,ETF(Active/수익증권),0.0,,,,,-0.16839950347322208,-0.17202503013534737,1363,2026-10-08
457480,ACE 테슬라밸류체인액티브,7459.0,0.0,0.0,0.0,ETF(Active/수익증권),-1.1,,,,,-0.16839950347322208,-0.17202503013534737,1364,2026-10-08
458260,TIGER 미국투자등급회사채액티브(H),2132.0,0.0,0.0,0.0,ETF(Active/수익증권),-0.07,,,,,-0.16839950347322208,-0.17202503013534737,1365,2026-10-08
463290,1Q 단기금융채액티브,1264.0,0.0,0.0,0.0,ETF(Active/수익증권),0.02,,,,,-0.16839950347322208,-0.17202503013534737,1366,2026-10-08
461460,PLUS 국고채10년액티브,961.0,0.0,0.0,0.0,ETF(Active/수익증권),-0.1,,,,,-0.16839950347322208,-0.17202503013534737,1367,2026-10-08
461450,KODEX 코스닥글로벌,215.0,0.0,0.0,0.0,ETF(실물복제/수익증권),-0.6,,,,,-0.16839950347322208,-0.17202503013534737,1368,2026-10-08
461340,HANARO 글로벌생성형AI액티브,490.0,0.0,0.0,0.0,ETF(Active/수익증권),-0.93,,,,,-0.16839950347322208,-0.17202503013534737,1369,2026-10-08
460960,ACE 글로벌인컴TOP10 SOLACTIVE,800.0,0.0,0.0,0.0,ETF(실물복제/수익증권),-0.87,,,,,-0.16839950347322208,-0.17202503013534737,1370,2026-10-08
462340,에셋플러스 글로벌다이나믹시니어액티브,81.0,0.0,0.0,0.0,ETF(Active/수익증권),-0.31,,,,,-0.16839950347322208,-0.17202503013534737,1371,2026-10-08
462330,KODEX 2차전지산업레버리지,8963.0,0.0,0.0,0.0,ETF(실물복제/수익증권),2.52,,,,,-0.16839950347322208,-0.17202503013534737,1372,2026-10-08
Q610069,메리츠 KAP 레버리지 일본 엔화 ETN,238.0,0.0,0.0,0.0,ETN(통화),-0.13,,,,,-0.16839950347322208,-0.17202503013534737,1373,2026-10-08
460270,KIWOOM 미국달러SOFR금리액티브(합성),99.0,0.0,0.0,0.0,ETF,-0.04,,,,,-0.16839950347322208,-0.17202503013534737,1374,2026-10-08
451000,PLUS 종합채권(AA-이상)액티브,5660.0,0.0,0.0,0.0,ETF(Active/수익증권),0.12,,,,,-0.16839950347322208,-0.17202503013534737,1375,2026-10-08
459750,RISE 글로벌주식분산액티브,303.0,0.0,0.0,0.0,ETF(Active/수익증권),-0.46,,,,,-0.16839950347322208,-0.17202503013534737,1376,2026-10-08
459580,KODEX CD금리액티브(합성),70888.0,0.0,0.0,0.0,ETF,0.01,,,,,-0.16839950347322208,-0.17202503013534737,1377,2026-10-08
461580,TIGER 코스닥글로벌,101.0,0.0,0.0,0.0,ETF(실물복제/수익증권),-1.2,,,,,-0.16839950347322208,-0.17202503013534737,1378,2026-10-08
461500,HANARO 종합채권(AA-이상)액티브,1269.0,0.0,0.0,0.0,ETF(Active/수익증권),0.11,,,,,-0.16839950347322208,-0.17202503013534737,1379,2026-10-08
461490,RISE 글로벌자산배분액티브,2772.0,0.0,0.0,0.0,ETF(Active/수익증권),-0.28,,,,,-0.16839950347322208,-0.17202503013534737,1380,2026-10-08
458210,KIWOOM CD금리액티브(합성),1490.0,0.0,0.0,0.0,ETF,0.01,,,,,-0.16839950347322208,-0.17202503013534737,1381,2026-10-08
451530,TIGER 국고채30년스트립액티브,1013.0,0.0,0.0,0.0,ETF(Active/수익증권),1.41,,,,,-0.16839950347322208,-0.17202503013534737,1382,2026-10-08
451150,에셋플러스 글로벌영에이지액티브,103.0,0.0,0.0,0.0,ETF(Active/수익증권),-0.42,,,,,-0.16839950347322208,-0.17202503013534737,1383,2026-10-08
451060,1Q K200액티브,4271.0,0.0,0.0,0.0,ETF(Active/수익증권),-2.7,,,,,-0.16839950347322208,-0.17202503013534737,1384,2026-10-08
459790,KIWOOM 미국성장기업30액티브,299.0,0.0,0.0,0.0,ETF(Active/수익증권),-0.91,,,,,-0.16839950347322208,-0.17202503013534737,1385,2026-10-08
475350,RISE 버크셔포트폴리오TOP10,708.0,0.0,0.0,0.0,ETF(실물복제/수익증권),-0.04,,,,,-0.16839950347322208,-0.17202503013534737,1386,2026-10-08
475310,SOL 반도체후공정,1631.0,0.0,0.0,0.0,ETF(실물복제/수익증권),2.3,,,,,-0.16839950347322208,-0.17202503013534737,1387,2026-10-08
475300,SOL 반도체전공정,4530.0,0.0,0.0,0.0,ETF(실물복제/수익증권),2.92,,,,,-0.16839950347322208,-0.17202503013534737,1388,2026-10-08
475280,ACE 8월만기자동연장회사채AA-이상액티브,812.0,0.0,0.0,0.0,ETF(Active/수익증권),0.0,,,,,-0.16839950347322208,-0.17202503013534737,1389,2026-10-08
Q760008,키움 코스닥 150 TR ETN,222.0,0.0,0.0,0.0,ETN(주식),-0.89,,,,,-0.16839950347322208,-0.17202503013534737,1390,2026-10-08
475270,ACE 5월만기자동연장회사채AA-이상액티브,256.0,0.0,0.0,0.0,ETF(Active/수익증권),0.0,,,,,-0.16839950347322208,-0.17202503013534737,1391,2026-10-08
Q760009,키움 CD금리투자 ETN,9929.0,0.0,0.0,0.0,ETN(기타),0.02,,,,,-0.16839950347322208,-0.17202503013534737,1392,2026-10-08
475260,ACE 2월만기자동연장회사채AA-이상액티브,497.0,0.0,0.0,0.0,ETF(Active/수익증권),0.0,,,,,-0.16839950347322208,-0.17202503013534737,1393,2026-10-08
460660,RISE 미국S&P배당킹,163.0,0.0,0.0,0.0,ETF(실물복제/수익증권),-1.14,,,,,-0.16839950347322208,-0.17202503013534737,1394,2026-10-08
476310,RISE 글로벌비만산업TOP2+,49.0,0.0,0.0,0.0,ETF(실물복제/수익증권),1.77,,,,,-0.16839950347322208,-0.17202503013534737,1395,2026-10-08
475070,KoAct 글로벌친환경전력인프라액티브,326.0,0.0,0.0,0.0,ETF(Active/수익증권),-2.92,,,,,-0.16839950347322208,-0.17202503013534737,1396,2026-10-08
475050,ACE KPOP포커스,1042.0,0.0,0.0,0.0,ETF(실물복제/수익증권),-0.29,,,,,-0.16839950347322208,-0.17202503013534737,1397,2026-10-08
474920,에셋플러스 차이나일등기업포커스10액티브,159.0,0.0,0.0,0.0,ETF(Active/수익증권),-1.8,,,,,-0.16839950347322208,-0.17202503013534737,1398,2026-10-08
Q760010,키움 2차전지산업 ETN,67.0,0.0,0.0,0.0,ETN(주식),0.85,,,,,-0.16839950347322208,-0.17202503013534737,1399,2026-10-08
474800,KIWOOM 미국원유에너지기업,326.0,0.0,0.0,0.0,ETF(실물복제/수익증권),-0.61,,,,,-0.16839950347322208,-0.17202503013534737,1400,2026-10-08
474590,WON 반도체밸류체인액티브,3867.0,0.0,0.0,0.0,ETF(Active/수익증권),-0.32,,,,,-0.16839950347322208,-0.17202503013534737,1401,2026-10-08
474390,SOL 국고채30년액티브,47.0,0.0,0.0,0.0,ETF(Active/수익증권),0.18,,,,,-0.16839950347322208,-0.17202503013534737,1402,2026-10-08
475380,RISE 글로벌리얼티인컴,251.0,0.0,0.0,0.0,ETF(실물복제/수익증권),-1.25,,,,,-0.16839950347322208,-0.17202503013534737,1403,2026-10-08
476450,KIWOOM 머니마켓액티브,1832.0,0.0,0.0,0.0,ETF(Active/수익증권),0.01,,,,,-0.16839950347322208,-0.17202503013534737,1404,2026-10-08
477080,RISE CD금리액티브(합성),15580.0,0.0,0.0,0.0,ETF,0.01,,,,,-0.16839950347322208,-0.17202503013534737,1405,2026-10-08
F75601BA2,유경공모부동산3호ClassA,3.0,0.0,0.0,0.0,수익증권,0.0,,,,,-0.16839950347322208,-0.17202503013534737,1406,2026-10-08
476800,KODEX 한국부동산리츠인프라,4912.0,0.0,0.0,0.0,ETF(실물복제/수익증권),0.0,,,,,-0.16839950347322208,-0.17202503013534737,1407,2026-10-08
Q760005,키움 INDXX 미국테크탑10 ETN,357.0,0.0,0.0,0.0,ETN(주식),-0.85,,,,,-0.16839950347322208,-0.17202503013534737,1408,2026-10-08
Q760006,키움 KPOP ETN,68.0,0.0,0.0,0.0,ETN(주식),-1.44,,,,,-0.16839950347322208,-0.17202503013534737,1409,2026-10-08
476760,ACE 미국30년국채액티브,3854.0,0.0,0.0,0.0,ETF(Active/수익증권),-0.37,,,,,-0.16839950347322208,-0.17202503013534737,1410,2026-10-08
476750,ACE 미국30년국채엔화노출액티브(H),558.0,0.0,0.0,0.0,ETF(Active/수익증권),-0.59,,,,,-0.16839950347322208,-0.17202503013534737,1411,2026-10-08
476690,TIGER 글로벌비만치료제TOP2Plus,293.0,0.0,0.0,0.0,ETF(실물복제/수익증권),1.51,,,,,-0.16839950347322208,-0.17202503013534737,1412,2026-10-08
476550,TIGER 미국30년국채커버드콜액티브(H),7314.0,0.0,0.0,0.0,ETF(Active/수익증권),-0.4,,,,,-0.16839950347322208,-0.17202503013534737,1413,2026-10-08
476850,KoAct 배당성장액티브,1075.0,0.0,0.0,0.0,ETF(Active/수익증권),-2.29,,,,,-0.16839950347322208,-0.17202503013534737,1414,2026-10-08
469790,KIWOOM K-테크TOP10,298.0,0.0,0.0,0.0,ETF(실물복제/수익증권),-2.19,,,,,-0.16839950347322208,-0.17202503013534737,1415,2026-10-08
476260,HANARO 반도체핵심공정주도주,573.0,0.0,0.0,0.0,ETF(실물복제/수익증권),4.77,,,,,-0.16839950347322208,-0.17202503013534737,1416,2026-10-08
476070,KODEX 글로벌비만치료제TOP2 Plus,259.0,0.0,0.0,0.0,ETF(실물복제/수익증권),1.94,,,,,-0.16839950347322208,-0.17202503013534737,1417,2026-10-08
476030,SOL 미국나스닥100,1379.0,0.0,0.0,0.0,ETF(실물복제/수익증권),-0.63,,,,,-0.16839950347322208,-0.17202503013534737,1418,2026-10-08
476000,UNICORN 포스트IPO액티브,28.0,0.0,0.0,0.0,ETF(Active/수익증권),-0.78,,,,,-0.16839950347322208,-0.17202503013534737,1419,2026-10-08
Q760007,키움 코스피 200 TR ETN,1285.0,0.0,0.0,0.0,ETN(주식),-2.61,,,,,-0.16839950347322208,-0.17202503013534737,1420,2026-10-08
475720,RISE 200위클리커버드콜,8517.0,0.0,0.0,0.0,ETF(실물복제/수익증권),-1.99,,,,,-0.16839950347322208,-0.17202503013534737,1421,2026-10-08
475630,TIGER CD1년금리액티브(합성),13206.0,0.0,0.0,0.0,ETF,0.01,,,,,-0.16839950347322208,-0.17202503013534737,1422,2026-10-08
477050,PLUS 머니마켓액티브,5806.0,0.0,0.0,0.0,ETF(Active/수익증권),-0.01,,,,,-0.16839950347322208,-0.17202503013534737,1423,2026-10-08
469830,SOL 초단기채권액티브,10661.0,0.0,0.0,0.0,ETF(Active/수익증권),0.01,,,,,-0.16839950347322208,-0.17202503013534737,1424,2026-10-08
470310,UNICORN 생성형AI강소기업액티브,54.0,0.0,0.0,0.0,ETF(Active/수익증권),-1.22,,,,,-0.16839950347322208,-0.17202503013534737,1425,2026-10-08
472920,HK 종합채권(AA-이상)액티브,2553.0,0.0,0.0,0.0,ETF(Active/수익증권),0.01,,,,,-0.16839950347322208,-0.17202503013534737,1426,2026-10-08
472870,RISE 미국30년국채엔화노출(합성 H),1514.0,0.0,0.0,0.0,ETF(합성복제/수익증권),-0.32,,,,,-0.16839950347322208,-0.17202503013534737,1427,2026-10-08
469530,RISE 미국달러선물인버스,62.0,0.0,0.0,0.0,ETF(실물복제/수익증권),-0.15,,,,,-0.16839950347322208,-0.17202503013534737,1428,2026-10-08
469170,ACE 포스코그룹포커스,1214.0,0.0,0.0,0.0,ETF(실물복제/수익증권),0.17,,,,,-0.16839950347322208,-0.17202503013534737,1429,2026-10-08
469160,ACE 일본반도체,224.0,0.0,0.0,0.0,ETF(실물복제/수익증권),-1.61,,,,,-0.16839950347322208,-0.17202503013534737,1430,2026-10-08
469150,ACE AI반도체포커스,12832.0,0.0,0.0,0.0,ETF(실물복제/수익증권),-0.65,,,,,-0.16839950347322208,-0.17202503013534737,1431,2026-10-08
469070,RISE AI&로봇,3585.0,0.0,0.0,0.0,ETF(실물복제/수익증권),-2.19,,,,,-0.16839950347322208,-0.17202503013534737,1432,2026-10-08
473590,ACE 미국주식베스트셀러,468.0,0.0,0.0,0.0,ETF(실물복제/수익증권),-1.44,,,,,-0.16839950347322208,-0.17202503013534737,1433,2026-10-08
472150,TIGER 배당커버드콜액티브,26694.0,0.0,0.0,0.0,ETF(Active/수익증권),-2.21,,,,,-0.16839950347322208,-0.17202503013534737,1434,2026-10-08
471990,KODEX AI반도체핵심장비,6775.0,0.0,0.0,0.0,ETF(실물복제/수익증권),2.89,,,,,-0.16839950347322208,-0.17202503013534737,1435,2026-10-08
468630,KODEX iShares미국투자등급회사채액티브,305.0,0.0,0.0,0.0,ETF(Active/수익증권),-0.05,,,,,-0.16839950347322208,-0.17202503013534737,1436,2026-10-08
468380,KODEX iShares미국하이일드액티브,870.0,0.0,0.0,0.0,ETF(Active/수익증권),0.05,,,,,-0.16839950347322208,-0.17202503013534737,1437,2026-10-08
468370,KODEX iShares미국인플레이션국채액티브,168.0,0.0,0.0,0.0,ETF(Active/수익증권),-0.05,,,,,-0.16839950347322208,-0.17202503013534737,1438,2026-10-08
Q760012,키움 반도체TOP10 ETN,215.0,0.0,0.0,0.0,ETN(주식),-2.36,,,,,-0.16839950347322208,-0.17202503013534737,1439,2026-10-08
Q760013,키움 레버리지 반도체TOP10 ETN,4291.0,0.0,0.0,0.0,ETN(주식),-3.84,,,,,-0.16839950347322208,-0.17202503013534737,1440,2026-10-08
466950,TIGER 글로벌AI액티브,6023.0,0.0,0.0,0.0,ETF(Active/수익증권),-1.62,,,,,-0.16839950347322208,-0.17202503013534737,1441,2026-10-08
Q760014,키움 바이오TOP10 ETN,49.0,0.0,0.0,0.0,ETN(주식),-4.76,,,,,-0.16839950347322208,-0.17202503013534737,1442,2026-10-08
469060,RISE 미국반도체NYSE,819.0,0.0,0.0,0.0,ETF(실물복제/수익증권),-1.7,,,,,-0.16839950347322208,-0.17202503013534737,1443,2026-10-08
473490,KIWOOM 글로벌AI반도체,508.0,0.0,0.0,0.0,ETF(실물복제/수익증권),-1.77,,,,,-0.16839950347322208,-0.17202503013534737,1444,2026-10-08
473460,KODEX 미국서학개미,1827.0,0.0,0.0,0.0,ETF(실물복제/수익증권),-0.82,,,,,-0.16839950347322208,-0.17202503013534737,1445,2026-10-08
473440,ACE 11월만기자동연장회사채AA-이상액티브,947.0,0.0,0.0,0.0,ETF(Active/수익증권),-0.05,,,,,-0.16839950347322208,-0.17202503013534737,1446,2026-10-08
473330,SOL 미국30년국채커버드콜(합성),2614.0,0.0,0.0,0.0,ETF(합성복제/수익증권),-0.28,,,,,-0.16839950347322208,-0.17202503013534737,1447,2026-10-08
473290,KODEX 26-12 회사채(AA-이상)액티브,2740.0,0.0,0.0,0.0,ETF(Active/수익증권),0.05,,,,,-0.16839950347322208,-0.17202503013534737,1448,2026-10-08
464610,SOL 의료기기소부장Fn,110.0,0.0,0.0,0.0,ETF(실물복제/수익증권),-2.75,,,,,-0.16839950347322208,-0.17202503013534737,1449,2026-10-08
Q760011,키움 레버리지 2차전지산업 ETN,1493.0,0.0,0.0,0.0,ETN(주식),2.01,,,,,-0.16839950347322208,-0.17202503013534737,1450,2026-10-08
464600,SOL 자동차소부장Fn,221.0,0.0,0.0,0.0,ETF(실물복제/수익증권),-0.63,,,,,-0.16839950347322208,-0.17202503013534737,1451,2026-10-08
472840,ITF 200,394.0,0.0,0.0,0.0,ETF(실물복제/수익증권),-2.94,,,,,-0.16839950347322208,-0.17202503013534737,1452,2026-10-08
471040,KoAct 글로벌AI&로봇액티브,2772.0,0.0,0.0,0.0,ETF(Active/수익증권),-1.44,,,,,-0.16839950347322208,-0.17202503013534737,1453,2026-10-08
472720,TRUSTON 주주가치액티브,128.0,0.0,0.0,0.0,ETF(Active/수익증권),-2.4,,,,,-0.16839950347322208,-0.17202503013534737,1454,2026-10-08
472170,TIGER 미국테크TOP10채권혼합,3483.0,0.0,0.0,0.0,ETF(실물복제/수익증권),-0.25,,,,,-0.16839950347322208,-0.17202503013534737,1455,2026-10-08
472160,TIGER 미국테크TOP10 INDXX(H),2335.0,0.0,0.0,0.0,ETF(실물복제/수익증권),-0.18,,,,,-0.16839950347322208,-0.17202503013534737,1456,2026-10-08
474220,TIGER 미국테크TOP10타겟커버드콜,4260.0,0.0,0.0,0.0,ETF(실물복제/수익증권),0.1,,,,,-0.16839950347322208,-0.17202503013534737,1457,2026-10-08
473640,HANARO 글로벌금채굴기업,633.0,0.0,0.0,0.0,ETF(실물복제/수익증권),-1.25,,,,,-0.16839950347322208,-0.17202503013534737,1458,2026-10-08
471780,TIGER 코리아테크액티브,3062.0,0.0,0.0,0.0,ETF(Active/수익증권),-0.61,,,,,-0.16839950347322208,-0.17202503013534737,1459,2026-10-08
471760,TIGER AI반도체핵심공정,1607.0,0.0,0.0,0.0,ETF(실물복제/수익증권),0.77,,,,,-0.16839950347322208,-0.17202503013534737,1460,2026-10-08
471460,KIWOOM 국고채30년액티브,213.0,0.0,0.0,0.0,ETF(Active/수익증권),0.54,,,,,-0.16839950347322208,-0.17202503013534737,1461,2026-10-08
471230,KODEX 국고채10년액티브,4652.0,0.0,0.0,0.0,ETF(Active/수익증권),-0.11,,,,,-0.16839950347322208,-0.17202503013534737,1462,2026-10-08
472830,RISE 미국30년국채커버드콜(합성),395.0,0.0,0.0,0.0,ETF(합성복제/수익증권),-0.49,,,,,-0.16839950347322208,-0.17202503013534737,1463,2026-10-08
117460,KODEX 에너지화학,350.0,0.0,0.0,0.0,ETF(실물복제/수익증권),-0.31,,,,,-0.16839950347322208,-0.17202503013534737,1464,2026-10-08
114820,TIGER 국채3년,1151.0,0.0,0.0,0.0,ETF(실물복제/수익증권),-0.01,,,,,-0.16839950347322208,-0.17202503013534737,1465,2026-10-08
123310,TIGER 인버스,482.0,0.0,0.0,0.0,ETF(실물복제/수익증권),2.5,,,,,-0.16839950347322208,-0.17202503013534737,1466,2026-10-08
0035T0,PLUS 글로벌휴머노이드로봇액티브,912.0,0.0,0.0,0.0,ETF(Active/수익증권),-2.56,,,,,-0.16839950347322208,-0.17202503013534737,1467,2026-10-08
122630,KODEX 레버리지,51359.0,0.0,0.0,0.0,ETF(실물복제/수익증권),-5.44,,,,,-0.16839950347322208,-0.17202503013534737,1468,2026-10-08
122260,KIWOOM 통안채1년,324.0,0.0,0.0,0.0,ETF(실물복제/수익증권),0.02,,,,,-0.16839950347322208,-0.17202503013534737,1469,2026-10-08
122090,PLUS 코스피50,1697.0,0.0,0.0,0.0,ETF(실물복제/수익증권),-2.62,,,,,-0.16839950347322208,-0.17202503013534737,1470,2026-10-08
139660,KIWOOM 미국달러선물인버스,67.0,0.0,0.0,0.0,ETF(실물복제/수익증권),0.0,,,,,-0.16839950347322208,-0.17202503013534737,1471,2026-10-08
139320,TIGER 금은선물(H),383.0,0.0,0.0,0.0,ETF(실물복제/수익증권),-0.7,,,,,-0.16839950347322208,-0.17202503013534737,1472,2026-10-08
F74201BAA,하나대체미국부동산1호 A,149.0,0.0,0.0,0.0,수익증권,0.0,,,,,-0.16839950347322208,-0.17202503013534737,1473,2026-10-08
0036Z0,RISE 미국천연가스밸류체인,65.0,0.0,0.0,0.0,ETF(실물복제/수익증권),-1.63,,,,,-0.16839950347322208,-0.17202503013534737,1474,2026-10-08
117700,KODEX 건설,2406.0,0.0,0.0,0.0,ETF(실물복제/수익증권),-3.39,,,,,-0.16839950347322208,-0.17202503013534737,1475,2026-10-08
117690,TIGER 차이나항셍30,91.0,0.0,0.0,0.0,ETF(실물복제/수익증권),0.44,,,,,-0.16839950347322208,-0.17202503013534737,1476,2026-10-08
117680,KODEX 철강,275.0,0.0,0.0,0.0,ETF(실물복제/수익증권),0.51,,,,,-0.16839950347322208,-0.17202503013534737,1477,2026-10-08
114100,RISE 국고채3년,892.0,0.0,0.0,0.0,ETF(실물복제/수익증권),-0.05,,,,,-0.16839950347322208,-0.17202503013534737,1478,2026-10-08
0038A0,KODEX 미국휴머노이드로봇,2922.0,0.0,0.0,0.0,ETF(실물복제/수익증권),-1.79,,,,,-0.16839950347322208,-0.17202503013534737,1479,2026-10-08
0048J0,KODEX 미국머니마켓액티브,9266.0,0.0,0.0,0.0,ETF(Active/수익증권),-0.22,,,,,-0.16839950347322208,-0.17202503013534737,1480,2026-10-08
0048K0,KODEX 차이나휴머노이드로봇,1292.0,0.0,0.0,0.0,ETF(실물복제/수익증권),-4.76,,,,,-0.16839950347322208,-0.17202503013534737,1481,2026-10-08
0047A0,TIGER 차이나테크TOP10,1666.0,0.0,0.0,0.0,ETF(실물복제/수익증권),-2.76,,,,,-0.16839950347322208,-0.17202503013534737,1482,2026-10-08
0036R0,RISE 미국휴머노이드로봇,1118.0,0.0,0.0,0.0,ETF(실물복제/수익증권),-2.13,,,,,-0.16839950347322208,-0.17202503013534737,1483,2026-10-08
138230,KIWOOM 미국달러선물,228.0,0.0,0.0,0.0,ETF(실물복제/수익증권),0.03,,,,,-0.16839950347322208,-0.17202503013534737,1484,2026-10-08
137610,TIGER 농산물선물Enhanced(H),133.0,0.0,0.0,0.0,ETF(실물복제/수익증권),-1.71,,,,,-0.16839950347322208,-0.17202503013534737,1485,2026-10-08
136340,RISE 중기우량회사채,2968.0,0.0,0.0,0.0,ETF(실물복제/수익증권),-0.06,,,,,-0.16839950347322208,-0.17202503013534737,1486,2026-10-08
138920,KODEX 콩선물(H),64.0,0.0,0.0,0.0,ETF(실물복제/수익증권),-0.93,,,,,-0.16839950347322208,-0.17202503013534737,1487,2026-10-08
148070,KIWOOM 국고채10년,3928.0,0.0,0.0,0.0,ETF(실물복제/수익증권),-0.21,,,,,-0.16839950347322208,-0.17202503013534737,1488,2026-10-08
160580,TIGER 구리실물,1540.0,0.0,0.0,0.0,ETF(실물복제/수익증권),0.63,,,,,-0.16839950347322208,-0.17202503013534737,1489,2026-10-08
159800,마이티 코스피100,234.0,0.0,0.0,0.0,ETF(실물복제/수익증권),-2.81,,,,,-0.16839950347322208,-0.17202503013534737,1490,2026-10-08
157500,TIGER 증권,1992.0,0.0,0.0,0.0,ETF(실물복제/수익증권),-2.89,,,,,-0.16839950347322208,-0.17202503013534737,1491,2026-10-08
157490,TIGER 소프트웨어,696.0,0.0,0.0,0.0,ETF(실물복제/수익증권),-3.23,,,,,-0.16839950347322208,-0.17202503013534737,1492,2026-10-08
0041E0,KODEX 미국S&P500액티브,1411.0,0.0,0.0,0.0,ETF(Active/수익증권),-0.86,,,,,-0.16839950347322208,-0.17202503013534737,1493,2026-10-08
156080,KODEX MSCI Korea,304.0,0.0,0.0,0.0,ETF(실물복제/수익증권),-2.44,,,,,-0.16839950347322208,-0.17202503013534737,1494,2026-10-08
123320,TIGER 레버리지,2358.0,0.0,0.0,0.0,ETF(실물복제/수익증권),-5.35,,,,,-0.16839950347322208,-0.17202503013534737,1495,2026-10-08
133690,TIGER 미국나스닥100,122015.0,0.0,0.0,0.0,ETF(실물복제/수익증권),-0.64,,,,,-0.16839950347322208,-0.17202503013534737,1496,2026-10-08
132030,KODEX 골드선물(H),3386.0,0.0,0.0,0.0,ETF(실물복제/수익증권),-0.41,,,,,-0.16839950347322208,-0.17202503013534737,1497,2026-10-08
131890,ACE 삼성그룹동일가중,154.0,0.0,0.0,0.0,ETF(실물복제/수익증권),-2.9,,,,,-0.16839950347322208,-0.17202503013534737,1498,2026-10-08
130730,KIWOOM 단기자금,682.0,0.0,0.0,0.0,ETF(실물복제/수익증권),-0.01,,,,,-0.16839950347322208,-0.17202503013534737,1499,2026-10-08
130680,TIGER 원유선물Enhanced(H),148.0,0.0,0.0,0.0,ETF(실물복제/수익증권),0.71,,,,,-0.16839950347322208,-0.17202503013534737,1500,2026-10-08
Q610018,메리츠 국채10년 ETN,200.0,0.0,0.0,0.0,ETN(채권),-0.15,,,,,-0.16839950347322208,-0.17202503013534737,1501,2026-10-08
0043B0,TIGER 머니마켓액티브,32804.0,0.0,0.0,0.0,ETF(Active/수익증권),0.01,,,,,-0.16839950347322208,-0.17202503013534737,1502,2026-10-08
0043Y0,TIMEFOLIO 차이나AI테크액티브,3135.0,0.0,0.0,0.0,ETF(Active/수익증권),-2.75,,,,,-0.16839950347322208,-0.17202503013534737,1503,2026-10-08
157450,TIGER 단기통안채,12838.0,0.0,0.0,0.0,ETF(실물복제/수익증권),0.01,,,,,-0.16839950347322208,-0.17202503013534737,1504,2026-10-08
Q520072,미래에셋 미국 AI TOP3 ETN,512.0,0.0,0.0,0.0,ETN(주식),-0.2,,,,,-0.16839950347322208,-0.17202503013534737,1505,2026-10-08
Q520066,미래에셋 KRX금현물 Auto-KO-C 2810-01 ETN,1235.0,0.0,0.0,0.0,손실제한ETN(원자재),-0.56,,,,,-0.16839950347322208,-0.17202503013534737,1506,2026-10-08
Q520065,미래에셋 -2X 미국채울트라30년 선물 ETN,326.0,0.0,0.0,0.0,ETN(채권),0.34,,,,,-0.16839950347322208,-0.17202503013534737,1507,2026-10-08
Q520081,미래에셋 2X 미국 테크&반도체 TOP3 ETN,668.0,0.0,0.0,0.0,ETN(주식),-1.18,,,,,-0.16839950347322208,-0.17202503013534737,1508,2026-10-08
102110,TIGER 200,98978.0,0.0,0.0,0.0,ETF(실물복제/수익증권),-2.73,,,,,-0.16839950347322208,-0.17202503013534737,1509,2026-10-08
101280,KODEX 일본TOPIX100,516.0,0.0,0.0,0.0,ETF(실물복제/수익증권),-1.35,,,,,-0.16839950347322208,-0.17202503013534737,1510,2026-10-08
Q580049,KB CSI 500 ETN,246.0,0.0,0.0,0.0,ETN(주식),-3.86,,,,,-0.16839950347322208,-0.17202503013534737,1511,2026-10-08
100910,KIWOOM KRX100,398.0,0.0,0.0,0.0,ETF(실물복제/수익증권),-2.7,,,,,-0.16839950347322208,-0.17202503013534737,1512,2026-10-08
Q520073,미래에셋 레버리지 미국 AI TOP3 ETN,444.0,0.0,0.0,0.0,ETN(주식),-0.73,,,,,-0.16839950347322208,-0.17202503013534737,1513,2026-10-08
0047N0,PLUS 차이나AI테크TOP10,59.0,0.0,0.0,0.0,ETF(실물복제/수익증권),-2.61,,,,,-0.16839950347322208,-0.17202503013534737,1514,2026-10-08
099140,KODEX 차이나H,301.0,0.0,0.0,0.0,ETF(실물복제/수익증권),-0.66,,,,,-0.16839950347322208,-0.17202503013534737,1515,2026-10-08
Q580033,KB 인버스 2X 구리 선물 ETN(H),23.0,0.0,0.0,0.0,ETN(원자재),-3.82,,,,,-0.16839950347322208,-0.17202503013534737,1516,2026-10-08
Q580034,KB 레버리지 FANG 플러스 ETN(H),565.0,0.0,0.0,0.0,ETN(주식),0.93,,,,,-0.16839950347322208,-0.17202503013534737,1517,2026-10-08
Q580039,KB 레버리지 KOSPI 200 선물 ETN,848.0,0.0,0.0,0.0,ETN(주식),-5.71,,,,,-0.16839950347322208,-0.17202503013534737,1518,2026-10-08
Q580043,KB 레버리지 KOSDAQ 150 선물 ETN,136.0,0.0,0.0,0.0,ETN(주식),-2.77,,,,,-0.16839950347322208,-0.17202503013534737,1519,2026-10-08
Q580044,KB 인버스 2X KOSDAQ 150 선물 ETN,44.0,0.0,0.0,0.0,ETN(주식),2.23,,,,,-0.16839950347322208,-0.17202503013534737,1520,2026-10-08
Q580047,KB 레버리지 항셍테크 선물 ETN(H) B,99.0,0.0,0.0,0.0,ETN(주식),-3.67,,,,,-0.16839950347322208,-0.17202503013534737,1521,2026-10-08
Q580048,KB CSI 300 ETN,235.0,0.0,0.0,0.0,ETN(주식),-2.41,,,,,-0.16839950347322208,-0.17202503013534737,1522,2026-10-08
0047P0,RISE 테슬라고정테크100,228.0,0.0,0.0,0.0,ETF(실물복제/수익증권),-0.57,,,,,-0.16839950347322208,-0.17202503013534737,1523,2026-10-08
Q580032,KB 레버리지 구리 선물 ETN(H),130.0,0.0,0.0,0.0,ETN(원자재),1.64,,,,,-0.16839950347322208,-0.17202503013534737,1524,2026-10-08
0040S0,HANARO 글로벌피지컬AI액티브,586.0,0.0,0.0,0.0,ETF(Active/수익증권),-0.68,,,,,-0.16839950347322208,-0.17202503013534737,1525,2026-10-08
108590,TREX 200,210.0,0.0,0.0,0.0,ETF(실물복제/수익증권),-2.7,,,,,-0.16839950347322208,-0.17202503013534737,1526,2026-10-08
108450,ACE 삼성그룹섹터가중,788.0,0.0,0.0,0.0,ETF(실물복제/수익증권),-1.75,,,,,-0.16839950347322208,-0.17202503013534737,1527,2026-10-08
0049K0,ACE 미국배당퀄리티채권혼합50,273.0,0.0,0.0,0.0,ETF(실물복제/수익증권),-0.41,,,,,-0.16839950347322208,-0.17202503013534737,1528,2026-10-08
114800,KODEX 인버스,7627.0,0.0,0.0,0.0,ETF(실물복제/수익증권),2.68,,,,,-0.16839950347322208,-0.17202503013534737,1529,2026-10-08
114470,KIWOOM 국고채3년,517.0,0.0,0.0,0.0,ETF(실물복제/수익증권),-0.02,,,,,-0.16839950347322208,-0.17202503013534737,1530,2026-10-08
114460,ACE 국고채3년,151.0,0.0,0.0,0.0,ETF(실물복제/수익증권),0.02,,,,,-0.16839950347322208,-0.17202503013534737,1531,2026-10-08
114260,KODEX 국고채3년,4961.0,0.0,0.0,0.0,ETF(실물복제/수익증권),-0.06,,,,,-0.16839950347322208,-0.17202503013534737,1532,2026-10-08
105780,RISE 5대그룹주,318.0,0.0,0.0,0.0,ETF(실물복제/수익증권),-2.18,,,,,-0.16839950347322208,-0.17202503013534737,1533,2026-10-08
Q570023,한투 인버스 2X S&P500 선물 ETN(H),33.0,0.0,0.0,0.0,ETN(주식),0.61,,,,,-0.16839950347322208,-0.17202503013534737,1534,2026-10-08
105190,ACE 200,15842.0,0.0,0.0,0.0,ETF(실물복제/수익증권),-2.6,,,,,-0.16839950347322208,-0.17202503013534737,1535,2026-10-08
105010,TIGER 라틴35,90.0,0.0,0.0,0.0,ETF(실물복제/수익증권),-1.98,,,,,-0.16839950347322208,-0.17202503013534737,1536,2026-10-08
0040X0,SOL 팔란티어미국채커버드콜혼합,1673.0,0.0,0.0,0.0,ETF(실물복제/수익증권),-0.22,,,,,-0.16839950347322208,-0.17202503013534737,1537,2026-10-08
0040Y0,SOL 팔란티어커버드콜OTM채권혼합,3645.0,0.0,0.0,0.0,ETF(실물복제/수익증권),0.06,,,,,-0.16839950347322208,-0.17202503013534737,1538,2026-10-08
104530,KIWOOM 고배당,350.0,0.0,0.0,0.0,ETF(실물복제/수익증권),-1.07,,,,,-0.16839950347322208,-0.17202503013534737,1539,2026-10-08
104520,KIWOOM 블루칩,142.0,0.0,0.0,0.0,ETF(실물복제/수익증권),-1.83,,,,,-0.16839950347322208,-0.17202503013534737,1540,2026-10-08
Q580035,KB S&P 유럽탄소배출권 선물 ETN(H),92.0,0.0,0.0,0.0,ETN(기타),0.33,,,,,-0.16839950347322208,-0.17202503013534737,1541,2026-10-08
102970,KODEX 증권,6233.0,0.0,0.0,0.0,ETF(실물복제/수익증권),-2.77,,,,,-0.16839950347322208,-0.17202503013534737,1542,2026-10-08
102960,KODEX 기계장비,123.0,0.0,0.0,0.0,ETF(실물복제/수익증권),-1.42,,,,,-0.16839950347322208,-0.17202503013534737,1543,2026-10-08
102780,KODEX 삼성그룹,32926.0,0.0,0.0,0.0,ETF(실물복제/수익증권),-2.6,,,,,-0.16839950347322208,-0.17202503013534737,1544,2026-10-08
0041D0,KODEX 미국AI소프트웨어TOP10,534.0,0.0,0.0,0.0,ETF(실물복제/수익증권),-1.95,,,,,-0.16839950347322208,-0.17202503013534737,1545,2026-10-08
204450,KODEX 차이나H레버리지(H),197.0,0.0,0.0,0.0,ETF(실물복제/수익증권),-1.19,,,,,-0.16839950347322208,-0.17202503013534737,1546,2026-10-08
Q580059,KB 미국채 10년 ETN,99.0,0.0,0.0,0.0,ETN(채권),0.0,,,,,-0.16839950347322208,-0.17202503013534737,1547,2026-10-08
Q580060,KB 레버리지 미국채 10년 ETN,90.0,0.0,0.0,0.0,ETN(채권),0.11,,,,,-0.16839950347322208,-0.17202503013534737,1548,2026-10-08
Q580061,KB 미국채 30년 ETN,87.0,0.0,0.0,0.0,ETN(채권),-0.11,,,,,-0.16839950347322208,-0.17202503013534737,1549,2026-10-08
213630,PLUS 미국다우존스고배당주(합성 H),183.0,0.0,0.0,0.0,ETF(합성복제/수익증권),-0.63,,,,,-0.16839950347322208,-0.17202503013534737,1550,2026-10-08
213610,KODEX 삼성그룹밸류,2576.0,0.0,0.0,0.0,ETF(실물복제/수익증권),-2.7,,,,,-0.16839950347322208,-0.17202503013534737,1551,2026-10-08
Q580062,KB 레버리지 미국채 30년 ETN,68.0,0.0,0.0,0.0,ETN(채권),-0.37,,,,,-0.16839950347322208,-0.17202503013534737,1552,2026-10-08
196230,RISE 단기통안채,2577.0,0.0,0.0,0.0,ETF(실물복제/수익증권),0.03,,,,,-0.16839950347322208,-0.17202503013534737,1553,2026-10-08
196030,ACE 일본TOPIX레버리지(H),457.0,0.0,0.0,0.0,ETF(실물복제/수익증권),-2.14,,,,,-0.16839950347322208,-0.17202503013534737,1554,2026-10-08
153270,KIWOOM 코스피100,293.0,0.0,0.0,0.0,ETF(실물복제/수익증권),-2.77,,,,,-0.16839950347322208,-0.17202503013534737,1555,2026-10-08
Q580063,KB 레버리지 미국채 10년 선물 ETN,85.0,0.0,0.0,0.0,ETN(채권),-0.12,,,,,-0.16839950347322208,-0.17202503013534737,1556,2026-10-08
210780,TIGER 코스피고배당,756.0,0.0,0.0,0.0,ETF(실물복제/수익증권),-1.1,,,,,-0.16839950347322208,-0.17202503013534737,1557,2026-10-08
Q580064,KB 인버스 2X 미국채 10년 선물 ETN,107.0,0.0,0.0,0.0,ETN(채권),0.02,,,,,-0.16839950347322208,-0.17202503013534737,1558,2026-10-08
Q580065,KB 코스닥 150 TR ETN,119.0,0.0,0.0,0.0,ETN(주식),-0.13,,,,,-0.16839950347322208,-0.17202503013534737,1559,2026-10-08
205720,ACE 일본TOPIX인버스(합성 H),43.0,0.0,0.0,0.0,ETF(합성복제/수익증권),0.71,,,,,-0.16839950347322208,-0.17202503013534737,1560,2026-10-08
Q580066,KB 인디아 대형 성장주 Select 5 ETN,163.0,0.0,0.0,0.0,ETN(주식),-3.67,,,,,-0.16839950347322208,-0.17202503013534737,1561,2026-10-08
153130,KODEX 단기채권,11900.0,0.0,0.0,0.0,ETF(실물복제/수익증권),0.01,,,,,-0.16839950347322208,-0.17202503013534737,1562,2026-10-08
152870,파워 200,1492.0,0.0,0.0,0.0,ETF(실물복제/수익증권),-2.72,,,,,-0.16839950347322208,-0.17202503013534737,1563,2026-10-08
Q580067,KB 인디아 디지털 Select 5 ETN,207.0,0.0,0.0,0.0,ETN(주식),0.53,,,,,-0.16839950347322208,-0.17202503013534737,1564,2026-10-08
211560,TIGER 배당성장,678.0,0.0,0.0,0.0,ETF(실물복제/수익증권),-1.33,,,,,-0.16839950347322208,-0.17202503013534737,1565,2026-10-08
227570,TIGER 우량가치,75.0,0.0,0.0,0.0,ETF(실물복제/수익증권),-1.0,,,,,-0.16839950347322208,-0.17202503013534737,1566,2026-10-08
227560,TIGER 200 생활소비재,49.0,0.0,0.0,0.0,ETF(실물복제/수익증권),-1.49,,,,,-0.16839950347322208,-0.17202503013534737,1567,2026-10-08
227550,TIGER 200 산업재,76.0,0.0,0.0,0.0,ETF(실물복제/수익증권),-1.63,,,,,-0.16839950347322208,-0.17202503013534737,1568,2026-10-08
227540,TIGER 200 헬스케어,297.0,0.0,0.0,0.0,ETF(실물복제/수익증권),-3.99,,,,,-0.16839950347322208,-0.17202503013534737,1569,2026-10-08
226980,KODEX 200 중소형,202.0,0.0,0.0,0.0,ETF(실물복제/수익증권),-1.54,,,,,-0.16839950347322208,-0.17202503013534737,1570,2026-10-08
226490,KODEX 코스피,13714.0,0.0,0.0,0.0,ETF(실물복제/수익증권),-2.1,,,,,-0.16839950347322208,-0.17202503013534737,1571,2026-10-08
176950,KODEX 국채선물10년인버스,269.0,0.0,0.0,0.0,ETF(실물복제/수익증권),0.07,,,,,-0.16839950347322208,-0.17202503013534737,1572,2026-10-08
174360,RISE 중국본토대형주CSI100,294.0,0.0,0.0,0.0,ETF(실물복제/수익증권),-5.09,,,,,-0.16839950347322208,-0.17202503013534737,1573,2026-10-08
174350,TIGER 로우볼,86.0,0.0,0.0,0.0,ETF(실물복제/수익증권),0.02,,,,,-0.16839950347322208,-0.17202503013534737,1574,2026-10-08
204480,TIGER 차이나CSI300레버리지(합성),471.0,0.0,0.0,0.0,ETF(합성복제/수익증권),-3.02,,,,,-0.16839950347322208,-0.17202503013534737,1575,2026-10-08
183710,RISE 주식혼합,183.0,0.0,0.0,0.0,ETF(실물복제/수익증권),-1.74,,,,,-0.16839950347322208,-0.17202503013534737,1576,2026-10-08
183700,RISE 채권혼합,400.0,0.0,0.0,0.0,ETF(실물복제/수익증권),-1.49,,,,,-0.16839950347322208,-0.17202503013534737,1577,2026-10-08
211900,KODEX 배당성장,849.0,0.0,0.0,0.0,ETF(실물복제/수익증권),-1.57,,,,,-0.16839950347322208,-0.17202503013534737,1578,2026-10-08
168580,ACE 중국본토CSI300,953.0,0.0,0.0,0.0,ETF(실물복제/수익증권),-0.71,,,,,-0.16839950347322208,-0.17202503013534737,1579,2026-10-08
167860,KIWOOM 국고채10년레버리지,267.0,0.0,0.0,0.0,ETF(실물복제/수익증권),0.02,,,,,-0.16839950347322208,-0.17202503013534737,1580,2026-10-08
166400,TIGER 200커버드콜OTM,120.0,0.0,0.0,0.0,ETF(실물복제/수익증권),-2.81,,,,,-0.16839950347322208,-0.17202503013534737,1581,2026-10-08
Q580056,KB 일본 로보틱스 TOP 10 ETN,492.0,0.0,0.0,0.0,ETN(주식),-0.73,,,,,-0.16839950347322208,-0.17202503013534737,1582,2026-10-08
Q580057,KB 일본 컨슈머 TOP 10 ETN,245.0,0.0,0.0,0.0,ETN(주식),-0.04,,,,,-0.16839950347322208,-0.17202503013534737,1583,2026-10-08
161510,PLUS 고배당주,23181.0,0.0,0.0,0.0,ETF(실물복제/수익증권),-1.67,,,,,-0.16839950347322208,-0.17202503013534737,1584,2026-10-08
Q580058,KB KIS CD금리투자 ETN,7021.0,0.0,0.0,0.0,ETN(기타),0.01,,,,,-0.16839950347322208,-0.17202503013534737,1585,2026-10-08
169950,KODEX 차이나A50,187.0,0.0,0.0,0.0,ETF(실물복제/수익증권),-0.66,,,,,-0.16839950347322208,-0.17202503013534737,1586,2026-10-08
182480,TIGER 미국MSCI리츠(합성 H),1110.0,0.0,0.0,0.0,ETF(합성복제/수익증권),-1.06,,,,,-0.16839950347322208,-0.17202503013534737,1587,2026-10-08
181480,ACE 미국부동산리츠(합성 H),93.0,0.0,0.0,0.0,ETF(합성복제/수익증권),-1.91,,,,,-0.16839950347322208,-0.17202503013534737,1588,2026-10-08
Q610003,메리츠 미국 인플레이션 국채 ETN(H),175.0,0.0,0.0,0.0,ETN(채권),0.0,,,,,-0.16839950347322208,-0.17202503013534737,1589,2026-10-08
Q610007,메리츠 국채30년 ETN,348.0,0.0,0.0,0.0,ETN(채권),0.65,,,,,-0.16839950347322208,-0.17202503013534737,1590,2026-10-08
192090,TIGER 차이나CSI300,1162.0,0.0,0.0,0.0,ETF(실물복제/수익증권),-0.66,,,,,-0.16839950347322208,-0.17202503013534737,1591,2026-10-08
139260,TIGER 200 IT,26432.0,0.0,0.0,0.0,ETF(실물복제/수익증권),-3.19,,,,,-0.16839950347322208,-0.17202503013534737,1592,2026-10-08
139250,TIGER 200 에너지화학,258.0,0.0,0.0,0.0,ETF(실물복제/수익증권),-1.52,,,,,-0.16839950347322208,-0.17202503013534737,1593,2026-10-08
139240,TIGER 200 철강소재,83.0,0.0,0.0,0.0,ETF(실물복제/수익증권),-0.64,,,,,-0.16839950347322208,-0.17202503013534737,1594,2026-10-08
139230,TIGER 200 중공업,2279.0,0.0,0.0,0.0,ETF(실물복제/수익증권),-3.32,,,,,-0.16839950347322208,-0.17202503013534737,1595,2026-10-08
152500,ACE 레버리지,458.0,0.0,0.0,0.0,ETF(실물복제/수익증권),-5.64,,,,,-0.16839950347322208,-0.17202503013534737,1596,2026-10-08
140700,KODEX 보험,579.0,0.0,0.0,0.0,ETF(실물복제/수익증권),-1.8,,,,,-0.16839950347322208,-0.17202503013534737,1597,2026-10-08
140580,RISE 우량업종대표주,118.0,0.0,0.0,0.0,ETF(실물복제/수익증권),-1.62,,,,,-0.16839950347322208,-0.17202503013534737,1598,2026-10-08
140570,RISE 수출주,101.0,0.0,0.0,0.0,ETF(실물복제/수익증권),-2.86,,,,,-0.16839950347322208,-0.17202503013534737,1599,2026-10-08
138910,KODEX 구리선물(H),333.0,0.0,0.0,0.0,ETF(실물복제/수익증권),0.85,,,,,-0.16839950347322208,-0.17202503013534737,1600,2026-10-08
138540,TIGER 현대차그룹+펀더멘털,5570.0,0.0,0.0,0.0,ETF(실물복제/수익증권),-2.61,,,,,-0.16839950347322208,-0.17202503013534737,1601,2026-10-08
138530,TIGER LG그룹+펀더멘털,766.0,0.0,0.0,0.0,ETF(실물복제/수익증권),-1.4,,,,,-0.16839950347322208,-0.17202503013534737,1602,2026-10-08
138520,TIGER 삼성그룹펀더멘털,1420.0,0.0,0.0,0.0,ETF(실물복제/수익증권),-2.28,,,,,-0.16839950347322208,-0.17202503013534737,1603,2026-10-08
139290,TIGER 200 경기소비재,63.0,0.0,0.0,0.0,ETF(실물복제/수익증권),-1.42,,,,,-0.16839950347322208,-0.17202503013534737,1604,2026-10-08
139280,TIGER 경기방어,382.0,0.0,0.0,0.0,ETF(실물복제/수익증권),-2.09,,,,,-0.16839950347322208,-0.17202503013534737,1605,2026-10-08
139270,TIGER 200 금융,293.0,0.0,0.0,0.0,ETF(실물복제/수익증권),-2.48,,,,,-0.16839950347322208,-0.17202503013534737,1606,2026-10-08
139220,TIGER 200 건설,1242.0,0.0,0.0,0.0,ETF(실물복제/수익증권),-3.07,,,,,-0.16839950347322208,-0.17202503013534737,1607,2026-10-08
152380,KODEX 국채선물10년,206.0,0.0,0.0,0.0,ETF(실물복제/수익증권),-0.1,,,,,-0.16839950347322208,-0.17202503013534737,1608,2026-10-08
152100,PLUS 200,14322.0,0.0,0.0,0.0,ETF(실물복제/수익증권),-2.61,,,,,-0.16839950347322208,-0.17202503013534737,1609,2026-10-08
150460,TIGER 중국소비테마,537.0,0.0,0.0,0.0,ETF(실물복제/수익증권),-1.28,,,,,-0.16839950347322208,-0.17202503013534737,1610,2026-10-08
140950,파워 코스피100,464.0,0.0,0.0,0.0,ETF(실물복제/수익증권),-2.85,,,,,-0.16839950347322208,-0.17202503013534737,1611,2026-10-08
Q580068,KB S&P 레버리지 WTI원유 선물 ETN B,518.0,0.0,0.0,0.0,ETN(원자재),0.79,,,,,-0.16839950347322208,-0.17202503013534737,1612,2026-10-08
140710,KODEX 운송,125.0,0.0,0.0,0.0,ETF(실물복제/수익증권),-1.5,,,,,-0.16839950347322208,-0.17202503013534737,1613,2026-10-08
148020,RISE 200,42872.0,0.0,0.0,0.0,ETF(실물복제/수익증권),-2.68,,,,,-0.16839950347322208,-0.17202503013534737,1614,2026-10-08
147970,TIGER 모멘텀,336.0,0.0,0.0,0.0,ETF(실물복제/수익증권),-3.35,,,,,-0.16839950347322208,-0.17202503013534737,1615,2026-10-08
145850,TREX 펀더멘탈 200,284.0,0.0,0.0,0.0,ETF(실물복제/수익증권),-2.0,,,,,-0.16839950347322208,-0.17202503013534737,1616,2026-10-08
182490,TIGER 단기선진하이일드(합성 H),82.0,0.0,0.0,0.0,ETF(합성복제/수익증권),0.11,,,,,-0.16839950347322208,-0.17202503013534737,1617,2026-10-08
145670,ACE 인버스,29.0,0.0,0.0,0.0,ETF(실물복제/수익증권),2.26,,,,,-0.16839950347322208,-0.17202503013534737,1618,2026-10-08
190620,ACE 단기통안채,2666.0,0.0,0.0,0.0,ETF(실물복제/수익증권),0.01,,,,,-0.16839950347322208,-0.17202503013534737,1619,2026-10-08
189400,PLUS 글로벌MSCI(합성 H),78.0,0.0,0.0,0.0,ETF(합성복제/수익증권),-0.99,,,,,-0.16839950347322208,-0.17202503013534737,1620,2026-10-08
Q580070,KB 레버리지 2차전지 TOP 10 TR ETN,256.0,0.0,0.0,0.0,ETN(주식),4.09,,,,,-0.16839950347322208,-0.17202503013534737,1621,2026-10-08
185680,KODEX 미국S&P바이오(합성),227.0,0.0,0.0,0.0,ETF(합성복제/수익증권),-0.41,,,,,-0.16839950347322208,-0.17202503013534737,1622,2026-10-08
Q580010,KB Wise 분할매매 ETN,597.0,0.0,0.0,0.0,ETN(주식),-4.65,,,,,-0.16839950347322208,-0.17202503013534737,1623,2026-10-08
144600,KODEX 은선물(H),6999.0,0.0,0.0,0.0,ETF(실물복제/수익증권),-2.75,,,,,-0.16839950347322208,-0.17202503013534737,1624,2026-10-08
143860,TIGER 헬스케어,1371.0,0.0,0.0,0.0,ETF(실물복제/수익증권),-4.59,,,,,-0.16839950347322208,-0.17202503013534737,1625,2026-10-08
143850,TIGER 미국S&P500선물(H),918.0,0.0,0.0,0.0,ETF(실물복제/수익증권),-0.53,,,,,-0.16839950347322208,-0.17202503013534737,1626,2026-10-08
Q610001,메리츠 인플레이션 국채 ETN,243.0,0.0,0.0,0.0,ETN(채권),0.21,,,,,-0.16839950347322208,-0.17202503013534737,1627,2026-10-08
Q580069,KB S&P 인버스 2X WTI원유 선물 ETN B,348.0,0.0,0.0,0.0,ETN(원자재),-1.05,,,,,-0.16839950347322208,-0.17202503013534737,1628,2026-10-08
Q530115,삼성 레버리지 나스닥 100 ETN,710.0,0.0,0.0,0.0,ETN(주식),-1.07,,,,,-0.16839950347322208,-0.17202503013534737,1629,2026-10-08
Q530114,삼성 인버스 2X S&P500 선물 ETN,79.0,0.0,0.0,0.0,ETN(주식),0.64,,,,,-0.16839950347322208,-0.17202503013534737,1630,2026-10-08
Q530113,삼성 레버리지 S&P500 선물 ETN,530.0,0.0,0.0,0.0,ETN(주식),-0.54,,,,,-0.16839950347322208,-0.17202503013534737,1631,2026-10-08
Q530112,삼성 S&P500 ETN,192.0,0.0,0.0,0.0,ETN(주식),-0.67,,,,,-0.16839950347322208,-0.17202503013534737,1632,2026-10-08
Q570074,한투 S&P 유럽탄소배출권 선물 ETN(H),122.0,0.0,0.0,0.0,ETN(기타),0.0,,,,,-0.16839950347322208,-0.17202503013534737,1633,2026-10-08
Q570081,한투 레버리지 코스닥150선물 ETN,276.0,0.0,0.0,0.0,ETN(주식),-8.03,,,,,-0.16839950347322208,-0.17202503013534737,1634,2026-10-08
0080G0,KODEX K방산TOP10,3171.0,0.0,0.0,0.0,ETF(실물복제/수익증권),-3.62,,,,,-0.16839950347322208,-0.17202503013534737,1635,2026-10-08
0080X0,SOL 미국S&P500미국채혼합50,736.0,0.0,0.0,0.0,ETF(실물복제/수익증권),-0.8,,,,,-0.16839950347322208,-0.17202503013534737,1636,2026-10-08
0080Y0,SOL 조선TOP3플러스레버리지,856.0,0.0,0.0,0.0,ETF(실물복제/수익증권),-7.05,,,,,-0.16839950347322208,-0.17202503013534737,1637,2026-10-08
0047R0,RISE 팔란티어고정테크100,257.0,0.0,0.0,0.0,ETF(실물복제/수익증권),-0.67,,,,,-0.16839950347322208,-0.17202503013534737,1638,2026-10-08
Q570094,한투 일본 엔선물 ETN C,84.0,0.0,0.0,0.0,ETN(통화),0.0,,,,,-0.16839950347322208,-0.17202503013534737,1639,2026-10-08
Q570069,한투 레버리지 플래티넘 선물 ETN,262.0,0.0,0.0,0.0,ETN(원자재),-4.39,,,,,-0.16839950347322208,-0.17202503013534737,1640,2026-10-08
Q570070,한투 인버스 2X 플래티넘 선물 ETN,19.0,0.0,0.0,0.0,ETN(원자재),2.49,,,,,-0.16839950347322208,-0.17202503013534737,1641,2026-10-08
Q570071,한투 구리 선물 ETN,172.0,0.0,0.0,0.0,ETN(원자재),0.38,,,,,-0.16839950347322208,-0.17202503013534737,1642,2026-10-08
Q570072,한투 레버리지 구리 선물 ETN,295.0,0.0,0.0,0.0,ETN(원자재),0.96,,,,,-0.16839950347322208,-0.17202503013534737,1643,2026-10-08
0083S0,1Q 미국메디컬AI,288.0,0.0,0.0,0.0,ETF(실물복제/수익증권),-1.86,,,,,-0.16839950347322208,-0.17202503013534737,1644,2026-10-08
0085N0,ACE 미국10년국채액티브(H),347.0,0.0,0.0,0.0,ETF(Active/수익증권),0.05,,,,,-0.16839950347322208,-0.17202503013534737,1645,2026-10-08
0085P0,ACE 미국10년국채액티브,1265.0,0.0,0.0,0.0,ETF(Active/수익증권),-0.11,,,,,-0.16839950347322208,-0.17202503013534737,1646,2026-10-08
0086B0,TIGER 리츠부동산인프라TOP10액티브,466.0,0.0,0.0,0.0,ETF(Active/수익증권),0.0,,,,,-0.16839950347322208,-0.17202503013534737,1647,2026-10-08
Q570092,한투 인버스 2X 유로스탁스50 ETN(H) B,70.0,0.0,0.0,0.0,ETN(주식),1.81,,,,,-0.16839950347322208,-0.17202503013534737,1648,2026-10-08
0079X0,ACE BYD밸류체인액티브,30.0,0.0,0.0,0.0,ETF(Active/수익증권),-2.75,,,,,-0.16839950347322208,-0.17202503013534737,1649,2026-10-08
Q530119,삼성 레버리지 항셍테크 ETN(H) B,186.0,0.0,0.0,0.0,ETN(주식),-4.51,,,,,-0.16839950347322208,-0.17202503013534737,1650,2026-10-08
Q530134,삼성 블룸버그 인버스2X WTI원유선물 ETN B,1660.0,0.0,0.0,0.0,ETN(원자재),-0.86,,,,,-0.16839950347322208,-0.17202503013534737,1651,2026-10-08
Q530133,삼성 블룸버그 레버리지 WTI원유선물 ETN B,512.0,0.0,0.0,0.0,ETN(원자재),0.41,,,,,-0.16839950347322208,-0.17202503013534737,1652,2026-10-08
Q530132,삼성 블룸버그 WTI원유 선물 ETN B,187.0,0.0,0.0,0.0,ETN(원자재),-0.21,,,,,-0.16839950347322208,-0.17202503013534737,1653,2026-10-08
Q530131,삼성 인버스0.5X S&P500 VIX S/T선물 ETN B,674.0,0.0,0.0,0.0,ETN(변동성),-0.73,,,,,-0.16839950347322208,-0.17202503013534737,1654,2026-10-08
Q530130,삼성 S&P500 VIX S/T 선물 ETN B,197.0,0.0,0.0,0.0,ETN(변동성),0.92,,,,,-0.16839950347322208,-0.17202503013534737,1655,2026-10-08
Q530129,삼성 인버스 2X 미국다우존스 선물 ETN,143.0,0.0,0.0,0.0,ETN(주식),1.56,,,,,-0.16839950347322208,-0.17202503013534737,1656,2026-10-08
Q530128,삼성 레버리지 미국다우존스 선물 ETN,229.0,0.0,0.0,0.0,ETN(주식),-1.87,,,,,-0.16839950347322208,-0.17202503013534737,1657,2026-10-08
Q530116,삼성 인버스 2X 나스닥 100 ETN,199.0,0.0,0.0,0.0,ETN(주식),0.63,,,,,-0.16839950347322208,-0.17202503013534737,1658,2026-10-08
Q530126,삼성 코리아 밸류업 TR ETN,654.0,0.0,0.0,0.0,ETN(주식),-0.86,,,,,-0.16839950347322208,-0.17202503013534737,1659,2026-10-08
Q530125,삼성 인버스 2X 일본니케이225선물 ETN(H),38.0,0.0,0.0,0.0,ETN(주식),2.42,,,,,-0.16839950347322208,-0.17202503013534737,1660,2026-10-08
Q530124,삼성 레버리지 일본니케이225선물 ETN(H),573.0,0.0,0.0,0.0,ETN(주식),-2.59,,,,,-0.16839950347322208,-0.17202503013534737,1661,2026-10-08
Q530123,삼성 일본니케이225선물 ETN(H),182.0,0.0,0.0,0.0,ETN(주식),-2.1,,,,,-0.16839950347322208,-0.17202503013534737,1662,2026-10-08
Q530122,삼성 인버스 2X 항셍테크 ETN(H) B,79.0,0.0,0.0,0.0,ETN(주식),3.6,,,,,-0.16839950347322208,-0.17202503013534737,1663,2026-10-08
Q530121,삼성 항셍테크 ETN(H) B,111.0,0.0,0.0,0.0,ETN(주식),-2.25,,,,,-0.16839950347322208,-0.17202503013534737,1664,2026-10-08
Q530120,삼성 나스닥 100 ETN,162.0,0.0,0.0,0.0,ETN(주식),-0.58,,,,,-0.16839950347322208,-0.17202503013534737,1665,2026-10-08
Q530092,삼성 인버스 코스피 200 선물 ETN,131.0,0.0,0.0,0.0,ETN(주식),2.74,,,,,-0.16839950347322208,-0.17202503013534737,1666,2026-10-08
Q530118,삼성 코스닥 150 TR ETN,347.0,0.0,0.0,0.0,ETN(주식),-0.99,,,,,-0.16839950347322208,-0.17202503013534737,1667,2026-10-08
Q530117,삼성 코스피 200 TR ETN,326.0,0.0,0.0,0.0,ETN(주식),-2.75,,,,,-0.16839950347322208,-0.17202503013534737,1668,2026-10-08
Q570073,한투 인버스 2X 구리 선물 ETN,54.0,0.0,0.0,0.0,ETN(원자재),-1.0,,,,,-0.16839950347322208,-0.17202503013534737,1669,2026-10-08
Q550084,N2 코스피 200 TR ETN,647.0,0.0,0.0,0.0,ETN(주식),-2.01,,,,,-0.16839950347322208,-0.17202503013534737,1670,2026-10-08
Q550082,N2 KIS CD금리투자 ETN,7827.0,0.0,0.0,0.0,ETN(기타),0.0,,,,,-0.16839950347322208,-0.17202503013534737,1671,2026-10-08
Q550070,N2 인버스 레버리지 구리 선물 ETN(H),46.0,0.0,0.0,0.0,ETN(원자재),-3.14,,,,,-0.16839950347322208,-0.17202503013534737,1672,2026-10-08
Q550069,N2 레버리지 구리 선물 ETN(H),257.0,0.0,0.0,0.0,ETN(원자재),0.69,,,,,-0.16839950347322208,-0.17202503013534737,1673,2026-10-08
Q530064,삼성 인버스 2X 구리 선물 ETN(H),98.0,0.0,0.0,0.0,ETN(원자재),-2.4,,,,,-0.16839950347322208,-0.17202503013534737,1674,2026-10-08
Q530063,삼성 레버리지 구리 선물 ETN(H),258.0,0.0,0.0,0.0,ETN(원자재),1.79,,,,,-0.16839950347322208,-0.17202503013534737,1675,2026-10-08
Q530062,삼성 인버스 2X 은 선물 ETN(H),62.0,0.0,0.0,0.0,ETN(원자재),4.35,,,,,-0.16839950347322208,-0.17202503013534737,1676,2026-10-08
Q530061,삼성 레버리지 은 선물 ETN(H),863.0,0.0,0.0,0.0,ETN(원자재),-5.52,,,,,-0.16839950347322208,-0.17202503013534737,1677,2026-10-08
Q530056,삼성 인버스 2X 금 선물 ETN(H),77.0,0.0,0.0,0.0,ETN(원자재),0.1,,,,,-0.16839950347322208,-0.17202503013534737,1678,2026-10-08
0086C0,TIGER 리츠부동산인프라10채권혼합액티브,172.0,0.0,0.0,0.0,ETF(Active/수익증권),0.2,,,,,-0.16839950347322208,-0.17202503013534737,1679,2026-10-08
Q530031,삼성 레버리지 WTI원유 선물 ETN,11837.0,0.0,0.0,0.0,ETN(원자재),0.51,,,,,-0.16839950347322208,-0.17202503013534737,1680,2026-10-08
Q530060,삼성 코스피 양매도 5% OTM ETN,72.0,0.0,0.0,0.0,ETN(주식),-0.28,,,,,-0.16839950347322208,-0.17202503013534737,1681,2026-10-08
Q530067,삼성 KRX 금현물 ETN,605.0,0.0,0.0,0.0,ETN(원자재),-0.71,,,,,-0.16839950347322208,-0.17202503013534737,1682,2026-10-08
Q530140,삼성 iSelect 레버리지 조선 TOP10 TR ETN,137.0,0.0,0.0,0.0,ETN(주식),-6.7,,,,,-0.16839950347322208,-0.17202503013534737,1683,2026-10-08
Q530139,삼성 iSelect 조선 TOP10 TR ETN,100.0,0.0,0.0,0.0,ETN(주식),-3.29,,,,,-0.16839950347322208,-0.17202503013534737,1684,2026-10-08
Q530138,삼성 KRX 레버리지 2차전지 TOP10 TR ETN,252.0,0.0,0.0,0.0,ETN(주식),1.84,,,,,-0.16839950347322208,-0.17202503013534737,1685,2026-10-08
Q530137,삼성 KRX 2차전지 TOP10 TR ETN,136.0,0.0,0.0,0.0,ETN(주식),0.48,,,,,-0.16839950347322208,-0.17202503013534737,1686,2026-10-08
Q530136,삼성 인버스 2X 천연가스 선물 ETN D,1160.0,0.0,0.0,0.0,ETN(원자재),-6.9,,,,,-0.16839950347322208,-0.17202503013534737,1687,2026-10-08
Q530135,삼성 인버스 China A50 선물 ETN(H) B,89.0,0.0,0.0,0.0,ETN(주식),0.74,,,,,-0.16839950347322208,-0.17202503013534737,1688,2026-10-08
Q530055,삼성 레버리지 금 선물 ETN(H),969.0,0.0,0.0,0.0,ETN(원자재),-1.24,,,,,-0.16839950347322208,-0.17202503013534737,1689,2026-10-08
0082F0,HANARO 유럽방산,64.0,0.0,0.0,0.0,ETF(실물복제/수익증권),-1.67,,,,,-0.16839950347322208,-0.17202503013534737,1690,2026-10-08
0082V0,KODEX TDF2060액티브,1879.0,0.0,0.0,0.0,ETF(Active/수익증권),-0.89,,,,,-0.16839950347322208,-0.17202503013534737,1691,2026-10-08
0087F0,ACE 차이나AI빅테크TOP2+액티브,52.0,0.0,0.0,0.0,ETF(Active/수익증권),-1.25,,,,,-0.16839950347322208,-0.17202503013534737,1692,2026-10-08
0084D0,KIWOOM 미국테크100월간목표헤지액티브,90.0,0.0,0.0,0.0,ETF(Active/수익증권),-0.67,,,,,-0.16839950347322208,-0.17202503013534737,1693,2026-10-08
0072R0,TIGER KRX금현물,11081.0,0.0,0.0,0.0,ETF(실물복제/수익증권),-0.46,,,,,-0.16839950347322208,-0.17202503013534737,1694,2026-10-08
0073X0,FOCUS 알리바바미국채커버드콜혼합,45.0,0.0,0.0,0.0,ETF(실물복제/수익증권),-0.67,,,,,-0.16839950347322208,-0.17202503013534737,1695,2026-10-08
Q550087,N2 선진국 1등주 ETN,206.0,0.0,0.0,0.0,ETN(주식),-1.39,,,,,-0.16839950347322208,-0.17202503013534737,1696,2026-10-08
Q550088,N2 월간 레버리지 선진국 1등주 ETN,192.0,0.0,0.0,0.0,ETN(주식),-3.0,,,,,-0.16839950347322208,-0.17202503013534737,1697,2026-10-08
Q550089,N2 월간 레버리지 코스피 200 선물 ETN,1319.0,0.0,0.0,0.0,ETN(주식),-5.77,,,,,-0.16839950347322208,-0.17202503013534737,1698,2026-10-08
Q550085,N2 코스닥 150 TR ETN,223.0,0.0,0.0,0.0,ETN(주식),-0.8,,,,,-0.16839950347322208,-0.17202503013534737,1699,2026-10-08
Q550092,N2 월간 레버리지 방위산업 Top5 ETN,989.0,0.0,0.0,0.0,ETN(주식),-6.83,,,,,-0.16839950347322208,-0.17202503013534737,1700,2026-10-08
Q550093,N2 전력인프라 Top5 ETN,691.0,0.0,0.0,0.0,ETN(주식),-4.41,,,,,-0.16839950347322208,-0.17202503013534737,1701,2026-10-08
Q550095,N2 레버리지 국채10년 ETN,86.0,0.0,0.0,0.0,ETN(채권),-0.14,,,,,-0.16839950347322208,-0.17202503013534737,1702,2026-10-08
Q550096,N2 레버리지 국채30년 ETN,58.0,0.0,0.0,0.0,ETN(채권),1.45,,,,,-0.16839950347322208,-0.17202503013534737,1703,2026-10-08
Q550097,N2 레버리지 코스닥150 선물 ETN,200.0,0.0,0.0,0.0,ETN(주식),-1.55,,,,,-0.16839950347322208,-0.17202503013534737,1704,2026-10-08
Q550098,N2 인버스 2X 코스닥150 선물 ETN,53.0,0.0,0.0,0.0,ETN(주식),2.12,,,,,-0.16839950347322208,-0.17202503013534737,1705,2026-10-08
Q550041,N2 미국 IT TOP5 ETN(H),430.0,0.0,0.0,0.0,ETN(주식),0.06,,,,,-0.16839950347322208,-0.17202503013534737,1706,2026-10-08
Q570047,한투 FTSE100 ETN,298.0,0.0,0.0,0.0,ETN(주식),15.4,,,,,-0.16839950347322208,-0.17202503013534737,1707,2026-10-08
Q570050,한투 S&P500 선물 ETN,1315.0,0.0,0.0,0.0,ETN(주식),-0.34,,,,,-0.16839950347322208,-0.17202503013534737,1708,2026-10-08
Q570051,한투 나스닥 100 ETN,1572.0,0.0,0.0,0.0,ETN(주식),-0.25,,,,,-0.16839950347322208,-0.17202503013534737,1709,2026-10-08
Q550091,N2 방위산업 Top5 ETN,644.0,0.0,0.0,0.0,ETN(주식),-4.32,,,,,-0.16839950347322208,-0.17202503013534737,1710,2026-10-08
Q520074,미래에셋 미국 방위산업 TOP3 ETN,386.0,0.0,0.0,0.0,ETN(주식),-1.98,,,,,-0.16839950347322208,-0.17202503013534737,1711,2026-10-08
Q520089,미래에셋 CAPE 실러 US Core Sector ETN,530.0,0.0,0.0,0.0,ETN(주식),-0.7,,,,,-0.16839950347322208,-0.17202503013534737,1712,2026-10-08
0051A0,KoAct 브로드컴밸류체인액티브,162.0,0.0,0.0,0.0,ETF(Active/수익증권),-1.28,,,,,-0.16839950347322208,-0.17202503013534737,1713,2026-10-08
0051G0,SOL 미국원자력SMR,1499.0,0.0,0.0,0.0,ETF(실물복제/수익증권),-2.45,,,,,-0.16839950347322208,-0.17202503013534737,1714,2026-10-08
0052D0,TIGER 코리아배당다우존스,3289.0,0.0,0.0,0.0,ETF(실물복제/수익증권),-0.93,,,,,-0.16839950347322208,-0.17202503013534737,1715,2026-10-08
0052S0,1Q 미국S&P500미국채혼합50액티브,3201.0,0.0,0.0,0.0,ETF(Active/수익증권),-0.31,,,,,-0.16839950347322208,-0.17202503013534737,1716,2026-10-08
Q570022,한투 레버리지 S&P500 선물 ETN(H),2982.0,0.0,0.0,0.0,ETN(주식),-0.82,,,,,-0.16839950347322208,-0.17202503013534737,1717,2026-10-08
0053L0,TIGER 차이나휴머노이드로봇,2239.0,0.0,0.0,0.0,ETF(실물복제/수익증권),-4.41,,,,,-0.16839950347322208,-0.17202503013534737,1718,2026-10-08
0053M0,더제이 중소형포커스액티브,58.0,0.0,0.0,0.0,ETF(Active/수익증권),-1.75,,,,,-0.16839950347322208,-0.17202503013534737,1719,2026-10-08
0078V0,PLUS 미국로보택시,43.0,0.0,0.0,0.0,ETF(실물복제/수익증권),-1.1,,,,,-0.16839950347322208,-0.17202503013534737,1720,2026-10-08
Q570114,한투 S&P500 VIX S/T선물 ETN(H) B,73.0,0.0,0.0,0.0,ETN(변동성),0.34,,,,,-0.16839950347322208,-0.17202503013534737,1721,2026-10-08
Q570115,한투 인버스0.5X S&P500 VIX S/T선물 ETN B,231.0,0.0,0.0,0.0,ETN(변동성),-0.8,,,,,-0.16839950347322208,-0.17202503013534737,1722,2026-10-08
Q570116,한투 블룸버그레버리지WTI원유선물 ETN B,1019.0,0.0,0.0,0.0,ETN(원자재),-1.17,,,,,-0.16839950347322208,-0.17202503013534737,1723,2026-10-08
Q570117,한투 블룸버그인버스2XWTI원유선물 ETN B,409.0,0.0,0.0,0.0,ETN(원자재),-1.33,,,,,-0.16839950347322208,-0.17202503013534737,1724,2026-10-08
091180,KODEX 자동차,3480.0,0.0,0.0,0.0,ETF(실물복제/수익증권),-1.27,,,,,-0.16839950347322208,-0.17202503013534737,1725,2026-10-08
091170,KODEX 은행,2777.0,0.0,0.0,0.0,ETF(실물복제/수익증권),-2.7,,,,,-0.16839950347322208,-0.17202503013534737,1726,2026-10-08
091160,KODEX 반도체,62167.0,0.0,0.0,0.0,ETF(실물복제/수익증권),1.02,,,,,-0.16839950347322208,-0.17202503013534737,1727,2026-10-08
Q570019,한투 코스피 양매도 5% OTM ETN,1100.0,0.0,0.0,0.0,ETN(주식),0.27,,,,,-0.16839950347322208,-0.17202503013534737,1728,2026-10-08
Q570029,한투 코스피 양매도 3% OTM ETN,366.0,0.0,0.0,0.0,ETN(주식),-0.68,,,,,-0.16839950347322208,-0.17202503013534737,1729,2026-10-08
Q570111,한투 3X레버리지미국채30년 ETN,57.0,0.0,0.0,0.0,ETN(채권),0.23,,,,,-0.16839950347322208,-0.17202503013534737,1730,2026-10-08
0046A0,TIGER 미국초단기(3개월이하)국채,3883.0,0.0,0.0,0.0,ETF(실물복제/수익증권),-0.16,,,,,-0.16839950347322208,-0.17202503013534737,1731,2026-10-08
0046Y0,ACE 미국배당퀄리티,522.0,0.0,0.0,0.0,ETF(실물복제/수익증권),-0.21,,,,,-0.16839950347322208,-0.17202503013534737,1732,2026-10-08
088980,맥쿼리인프라,46695.0,0.0,0.0,0.0,인프라투용,-0.51,,,,,-0.16839950347322208,-0.17202503013534737,1733,2026-10-08
0052T0,1Q 중단기회사채(A-이상)액티브,881.0,0.0,0.0,0.0,ETF(Active/수익증권),0.02,,,,,-0.16839950347322208,-0.17202503013534737,1734,2026-10-08
0049M0,ACE 미국배당퀄리티+커버드콜액티브,777.0,0.0,0.0,0.0,ETF(Active/수익증권),-0.05,,,,,-0.16839950347322208,-0.17202503013534737,1735,2026-10-08
0050E0,PLUS 미국AI에이전트,42.0,0.0,0.0,0.0,ETF(실물복제/수익증권),-0.89,,,,,-0.16839950347322208,-0.17202503013534737,1736,2026-10-08
Q520091,미래에셋 인버스 천연가스 선물 ETN B,385.0,0.0,0.0,0.0,ETN(원자재),-3.51,,,,,-0.16839950347322208,-0.17202503013534737,1737,2026-10-08
Q520090,미래에셋 천연가스 선물 ETN B,298.0,0.0,0.0,0.0,ETN(원자재),3.25,,,,,-0.16839950347322208,-0.17202503013534737,1738,2026-10-08
Q520088,미래에셋 S&P500 VIX S/T 선물 ETN(H),124.0,0.0,0.0,0.0,ETN(변동성),1.14,,,,,-0.16839950347322208,-0.17202503013534737,1739,2026-10-08
Q520075,미래에셋 레버리지 미국 방위산업 TOP3 ETN,277.0,0.0,0.0,0.0,ETN(주식),-3.79,,,,,-0.16839950347322208,-0.17202503013534737,1740,2026-10-08
Q520086,미래에셋-0.5X S&P500 VIX S/T선물 ETN(H)B,622.0,0.0,0.0,0.0,ETN(변동성),-0.36,,,,,-0.16839950347322208,-0.17202503013534737,1741,2026-10-08
Q520085,미래에셋 -2X 미국 AI TOP3 ETN,74.0,0.0,0.0,0.0,ETN(주식),-0.27,,,,,-0.16839950347322208,-0.17202503013534737,1742,2026-10-08
Q520084,미래에셋 -2X 미국 자율주행대표기업 ETN,65.0,0.0,0.0,0.0,ETN(주식),-0.76,,,,,-0.16839950347322208,-0.17202503013534737,1743,2026-10-08
Q520083,미래에셋 2X 미국 자율주행대표기업 ETN,280.0,0.0,0.0,0.0,ETN(주식),-0.66,,,,,-0.16839950347322208,-0.17202503013534737,1744,2026-10-08
Q520082,미래에셋 미국 자율주행대표기업 ETN,395.0,0.0,0.0,0.0,ETN(주식),-0.08,,,,,-0.16839950347322208,-0.17202503013534737,1745,2026-10-08
Q520080,미래에셋 미국 테크&반도체 TOP3 ETN,642.0,0.0,0.0,0.0,ETN(주식),-0.09,,,,,-0.16839950347322208,-0.17202503013534737,1746,2026-10-08
Q520079,미래에셋 레버리지 미국 제약 TOP3 ETN,329.0,0.0,0.0,0.0,ETN(주식),2.67,,,,,-0.16839950347322208,-0.17202503013534737,1747,2026-10-08
Q520078,미래에셋 미국 제약 TOP3 ETN,421.0,0.0,0.0,0.0,ETN(주식),1.37,,,,,-0.16839950347322208,-0.17202503013534737,1748,2026-10-08
Q520077,미래에셋 -1.5X 천연가스 선물 ETN,294.0,0.0,0.0,0.0,ETN(원자재),-5.62,,,,,-0.16839950347322208,-0.17202503013534737,1749,2026-10-08
Q520076,미래에셋 1.5X 천연가스 선물 ETN,156.0,0.0,0.0,0.0,ETN(원자재),4.88,,,,,-0.16839950347322208,-0.17202503013534737,1750,2026-10-08
Q520087,미래에셋 레버리지 KRX 금현물 ETN,531.0,0.0,0.0,0.0,ETN(원자재),-1.54,,,,,-0.16839950347322208,-0.17202503013534737,1751,2026-10-08
Q570091,한투 인버스 유로스탁스50 ETN(H) C,64.0,0.0,0.0,0.0,ETN(주식),1.42,,,,,-0.16839950347322208,-0.17202503013534737,1752,2026-10-08
069500,KODEX 200,244791.0,0.0,0.0,0.0,ETF(실물복제/수익증권),-2.67,,,,,-0.16839950347322208,-0.17202503013534737,1753,2026-10-08
Q570108,한투 레버리지국채30년 ETN,57.0,0.0,0.0,0.0,ETN(채권),1.07,,,,,-0.16839950347322208,-0.17202503013534737,1754,2026-10-08
Q570109,한투 레버리지미국채30년 ETN,66.0,0.0,0.0,0.0,ETN(채권),-0.19,,,,,-0.16839950347322208,-0.17202503013534737,1755,2026-10-08
Q570110,한투 3X레버리지국채30년 ETN,35.0,0.0,0.0,0.0,ETN(채권),3.56,,,,,-0.16839950347322208,-0.17202503013534737,1756,2026-10-08
Q570095,한투 레버리지 일본 엔선물 ETN C,62.0,0.0,0.0,0.0,ETN(통화),0.16,,,,,-0.16839950347322208,-0.17202503013534737,1757,2026-10-08
Q570096,한투 인버스 2X 일본 엔선물 ETN,130.0,0.0,0.0,0.0,ETN(통화),0.12,,,,,-0.16839950347322208,-0.17202503013534737,1758,2026-10-08
Q570097,한투 S&P 엔달러 선물 ETN(H),79.0,0.0,0.0,0.0,ETN(통화),0.32,,,,,-0.16839950347322208,-0.17202503013534737,1759,2026-10-08
Q570098,한투 S&P 레버리지 엔달러 선물 ETN(H),60.0,0.0,0.0,0.0,ETN(통화),0.59,,,,,-0.16839950347322208,-0.17202503013534737,1760,2026-10-08
0068M0,KODEX 미국S&P500버퍼6월액티브,104.0,0.0,0.0,0.0,ETF(Active/수익증권),-0.34,,,,,-0.16839950347322208,-0.17202503013534737,1761,2026-10-08
Q570103,한투 인버스2X 나스닥100 ETN B,354.0,0.0,0.0,0.0,ETN(주식),0.86,,,,,-0.16839950347322208,-0.17202503013534737,1762,2026-10-08
Q570104,한투 일본니케이225선물 ETN(H),550.0,0.0,0.0,0.0,ETN(주식),-1.5,,,,,-0.16839950347322208,-0.17202503013534737,1763,2026-10-08
Q570105,한투 인버스일본니케이225선물 ETN(H),134.0,0.0,0.0,0.0,ETN(주식),1.13,,,,,-0.16839950347322208,-0.17202503013534737,1764,2026-10-08
Q570106,한투 레버리지일본니케이225선물 ETN(H),1395.0,0.0,0.0,0.0,ETN(주식),-3.14,,,,,-0.16839950347322208,-0.17202503013534737,1765,2026-10-08
Q570107,한투 인버스2X일본니케이225선물 ETN(H),84.0,0.0,0.0,0.0,ETN(주식),2.28,,,,,-0.16839950347322208,-0.17202503013534737,1766,2026-10-08
0067Y0,TIGER 차이나AI소프트웨어,78.0,0.0,0.0,0.0,ETF(실물복제/수익증권),-3.65,,,,,-0.16839950347322208,-0.17202503013534737,1767,2026-10-08
0064K0,KODEX 금액티브,1509.0,0.0,0.0,0.0,ETF(Active/수익증권),-0.56,,,,,-0.16839950347322208,-0.17202503013534737,1768,2026-10-08
Q530127,삼성 미국다우존스 ETN,112.0,0.0,0.0,0.0,ETN(주식),-1.02,,,,,-0.16839950347322208,-0.17202503013534737,1769,2026-10-08
0065G0,KODEX 차이나테크TOP10,165.0,0.0,0.0,0.0,ETF(실물복제/수익증권),-1.48,,,,,-0.16839950347322208,-0.17202503013534737,1770,2026-10-08
0074K0,KoAct K수출핵심기업TOP30액티브,1246.0,0.0,0.0,0.0,ETF(Active/수익증권),-1.55,,,,,-0.16839950347322208,-0.17202503013534737,1771,2026-10-08
Q570099,한투 S&P 인버스 2X 엔달러 선물 ETN(H),148.0,0.0,0.0,0.0,ETN(통화),-0.34,,,,,-0.16839950347322208,-0.17202503013534737,1772,2026-10-08
0069M0,1Q 미국나스닥100,2036.0,0.0,0.0,0.0,ETF(실물복제/수익증권),-0.65,,,,,-0.16839950347322208,-0.17202503013534737,1773,2026-10-08
0066W0,SOL 국제금,856.0,0.0,0.0,0.0,ETF(실물복제/수익증권),-0.68,,,,,-0.16839950347322208,-0.17202503013534737,1774,2026-10-08
0067V0,TIGER 차이나글로벌리더스TOP3+,186.0,0.0,0.0,0.0,ETF(실물복제/수익증권),-2.31,,,,,-0.16839950347322208,-0.17202503013534737,1775,2026-10-08
0057H0,PLUS 미국S&P500미국채혼합50액티브,808.0,0.0,0.0,0.0,ETF(Active/수익증권),-0.31,,,,,-0.16839950347322208,-0.17202503013534737,1776,2026-10-08
0060H0,TIGER 토탈월드스탁액티브,3873.0,0.0,0.0,0.0,ETF(Active/수익증권),-0.85,,,,,-0.16839950347322208,-0.17202503013534737,1777,2026-10-08
0061Z0,RISE 단기특수은행채액티브,6817.0,0.0,0.0,0.0,ETF(Active/수익증권),0.03,,,,,-0.16839950347322208,-0.17202503013534737,1778,2026-10-08
Q570100,한투 일본종합상사TOP5 ETN,610.0,0.0,0.0,0.0,ETN(주식),-1.74,,,,,-0.16839950347322208,-0.17202503013534737,1779,2026-10-08
091230,TIGER 반도체,15087.0,0.0,0.0,0.0,ETF(실물복제/수익증권),0.75,,,,,-0.16839950347322208,-0.17202503013534737,1780,2026-10-08
091220,TIGER 은행,189.0,0.0,0.0,0.0,ETF(실물복제/수익증권),-2.58,,,,,-0.16839950347322208,-0.17202503013534737,1781,2026-10-08
069660,KIWOOM 200,8386.0,0.0,0.0,0.0,ETF(실물복제/수익증권),-2.74,,,,,-0.16839950347322208,-0.17202503013534737,1782,2026-10-08
Q530107,삼성 인버스 2X 코스닥150 선물 ETN,872.0,0.0,0.0,0.0,ETN(주식),2.04,,,,,-0.16839950347322208,-0.17202503013534737,1783,2026-10-08
Q530106,삼성 레버리지 코스닥150 선물 ETN,272.0,0.0,0.0,0.0,ETN(주식),-2.11,,,,,-0.16839950347322208,-0.17202503013534737,1784,2026-10-08
Q570102,한투 레버리지 나스닥100 ETN B,383.0,0.0,0.0,0.0,ETN(주식),-0.75,,,,,-0.16839950347322208,-0.17202503013534737,1785,2026-10-08
Q530104,삼성 레버리지 코스피200 선물 ETN,1806.0,0.0,0.0,0.0,ETN(주식),-0.53,,,,,-0.16839950347322208,-0.17202503013534737,1786,2026-10-08
Q530096,삼성 인버스 구리 선물 ETN(H),63.0,0.0,0.0,0.0,ETN(원자재),-0.71,,,,,-0.16839950347322208,-0.17202503013534737,1787,2026-10-08
Q530095,삼성 구리 선물 ETN(H),152.0,0.0,0.0,0.0,ETN(원자재),0.73,,,,,-0.16839950347322208,-0.17202503013534737,1788,2026-10-08
Q530094,삼성 인버스 코스닥 150 선물 ETN,50.0,0.0,0.0,0.0,ETN(주식),1.01,,,,,-0.16839950347322208,-0.17202503013534737,1789,2026-10-08
Q570082,한투 인버스 2X 코스닥150선물 ETN,296.0,0.0,0.0,0.0,ETN(주식),2.28,,,,,-0.16839950347322208,-0.17202503013534737,1790,2026-10-08
Q570085,한투 블룸버그 인도네시아 대표원자재 ETN,98.0,0.0,0.0,0.0,ETN(주식),-0.56,,,,,-0.16839950347322208,-0.17202503013534737,1791,2026-10-08
Q570090,한투 KIS CD금리투자 ETN,3357.0,0.0,0.0,0.0,ETN(기타),0.02,,,,,-0.16839950347322208,-0.17202503013534737,1792,2026-10-08
Q570101,한투 인버스 나스닥100 ETN B,64.0,0.0,0.0,0.0,ETN(주식),0.24,,,,,-0.16839950347322208,-0.17202503013534737,1793,2026-10-08
Q610022,메리츠 미국채10년 ETN(H),243.0,0.0,0.0,0.0,ETN(채권),0.06,,,,,-0.16839950347322208,-0.17202503013534737,1794,2026-10-08
280320,ACE 미국IT인터넷S&P(합성 H),22.0,0.0,0.0,0.0,ETF(합성복제/수익증권),0.23,,,,,-0.16839950347322208,-0.17202503013534737,1795,2026-10-08
279540,KODEX 최소변동성,129.0,0.0,0.0,0.0,ETF(실물복제/수익증권),-1.29,,,,,-0.16839950347322208,-0.17202503013534737,1796,2026-10-08
Q610023,메리츠 레버리지 미국채10년 ETN(H),55.0,0.0,0.0,0.0,ETN(채권),0.0,,,,,-0.16839950347322208,-0.17202503013534737,1797,2026-10-08
304660,KODEX 미국30년국채울트라선물(H),1192.0,0.0,0.0,0.0,ETF(실물복제/수익증권),-0.51,,,,,-0.16839950347322208,-0.17202503013534737,1798,2026-10-08
302450,RISE 코스피,3764.0,0.0,0.0,0.0,ETF(실물복제/수익증권),-2.59,,,,,-0.16839950347322208,-0.17202503013534737,1799,2026-10-08
302190,TIGER 중장기국채,1936.0,0.0,0.0,0.0,ETF(실물복제/수익증권),-0.07,,,,,-0.16839950347322208,-0.17202503013534737,1800,2026-10-08
Q610024,메리츠 인버스 미국채10년 ETN(H),142.0,0.0,0.0,0.0,ETN(채권),0.0,,,,,-0.16839950347322208,-0.17202503013534737,1801,2026-10-08
301400,PLUS 코스닥150,100.0,0.0,0.0,0.0,ETF(실물복제/수익증권),-1.1,,,,,-0.16839950347322208,-0.17202503013534737,1802,2026-10-08
220130,SOL 차이나강소기업CSI500(합성 H),50.0,0.0,0.0,0.0,ETF(합성복제/수익증권),-3.89,,,,,-0.16839950347322208,-0.17202503013534737,1803,2026-10-08
Q610047,메리츠 인버스 국채3년 ETN,215.0,0.0,0.0,0.0,ETN(채권),0.0,,,,,-0.16839950347322208,-0.17202503013534737,1804,2026-10-08
281990,RISE 중소형고배당,89.0,0.0,0.0,0.0,ETF(실물복제/수익증권),-0.67,,,,,-0.16839950347322208,-0.17202503013534737,1805,2026-10-08
Q610049,메리츠 국채5년 ETN,115.0,0.0,0.0,0.0,ETN(채권),0.0,,,,,-0.16839950347322208,-0.17202503013534737,1806,2026-10-08
300640,RISE 게임테마,204.0,0.0,0.0,0.0,ETF(실물복제/수익증권),-3.02,,,,,-0.16839950347322208,-0.17202503013534737,1807,2026-10-08
300610,TIGER K게임,126.0,0.0,0.0,0.0,ETF(실물복제/수익증권),-2.64,,,,,-0.16839950347322208,-0.17202503013534737,1808,2026-10-08
298770,KODEX 한국대만IT프리미어,894.0,0.0,0.0,0.0,ETF(실물복제/수익증권),-1.47,,,,,-0.16839950347322208,-0.17202503013534737,1809,2026-10-08
Q610051,메리츠 인버스 국채5년 ETN,106.0,0.0,0.0,0.0,ETN(채권),0.05,,,,,-0.16839950347322208,-0.17202503013534737,1810,2026-10-08
298340,PLUS 국채선물3년,793.0,0.0,0.0,0.0,ETF(실물복제/수익증권),0.04,,,,,-0.16839950347322208,-0.17202503013534737,1811,2026-10-08
292150,TIGER TOP10,18662.0,0.0,0.0,0.0,ETF(실물복제/수익증권),-2.58,,,,,-0.16839950347322208,-0.17202503013534737,1812,2026-10-08
300950,KODEX 게임산업,219.0,0.0,0.0,0.0,ETF(실물복제/수익증권),-4.4,,,,,-0.16839950347322208,-0.17202503013534737,1813,2026-10-08
315960,RISE 대형고배당10TR,4847.0,0.0,0.0,0.0,ETF(실물복제/수익증권),-2.57,,,,,-0.16839950347322208,-0.17202503013534737,1814,2026-10-08
315930,KODEX Top5PlusTR,9074.0,0.0,0.0,0.0,ETF(실물복제/수익증권),-2.45,,,,,-0.16839950347322208,-0.17202503013534737,1815,2026-10-08
306520,HANARO 200선물인버스,15.0,0.0,0.0,0.0,ETF(실물복제/수익증권),2.53,,,,,-0.16839950347322208,-0.17202503013534737,1816,2026-10-08
Q610039,메리츠 인버스 미국채30년 ETN(H),157.0,0.0,0.0,0.0,ETN(채권),0.42,,,,,-0.16839950347322208,-0.17202503013534737,1817,2026-10-08
305720,KODEX 2차전지산업,20581.0,0.0,0.0,0.0,ETF(실물복제/수익증권),1.18,,,,,-0.16839950347322208,-0.17202503013534737,1818,2026-10-08
314700,HANARO 농업융복합산업,59.0,0.0,0.0,0.0,ETF(실물복제/수익증권),-0.09,,,,,-0.16839950347322208,-0.17202503013534737,1819,2026-10-08
314250,KODEX 미국빅테크10(H),6848.0,0.0,0.0,0.0,ETF(실물복제/수익증권),0.3,,,,,-0.16839950347322208,-0.17202503013534737,1820,2026-10-08
310970,TIGER MSCI Korea TR,44085.0,0.0,0.0,0.0,ETF(실물복제/수익증권),-2.43,,,,,-0.16839950347322208,-0.17202503013534737,1821,2026-10-08
310960,TIGER 200TR,3458.0,0.0,0.0,0.0,ETF(실물복제/수익증권),-2.62,,,,,-0.16839950347322208,-0.17202503013534737,1822,2026-10-08
280920,PLUS 주도업종,101.0,0.0,0.0,0.0,ETF(실물복제/수익증권),-2.87,,,,,-0.16839950347322208,-0.17202503013534737,1823,2026-10-08
304770,HANARO 코스닥150,215.0,0.0,0.0,0.0,ETF(실물복제/수익증권),-1.04,,,,,-0.16839950347322208,-0.17202503013534737,1824,2026-10-08
304760,HANARO KRX300,183.0,0.0,0.0,0.0,ETF(실물복제/수익증권),-3.91,,,,,-0.16839950347322208,-0.17202503013534737,1825,2026-10-08
304670,KODEX 미국30년국채울트라선물인버스(H),79.0,0.0,0.0,0.0,ETF(실물복제/수익증권),0.08,,,,,-0.16839950347322208,-0.17202503013534737,1826,2026-10-08
307520,TIGER 지주회사,2486.0,0.0,0.0,0.0,ETF(실물복제/수익증권),-3.68,,,,,-0.16839950347322208,-0.17202503013534737,1827,2026-10-08
307510,TIGER 의료기기,62.0,0.0,0.0,0.0,ETF(실물복제/수익증권),-3.37,,,,,-0.16839950347322208,-0.17202503013534737,1828,2026-10-08
306950,KODEX KRX300레버리지,587.0,0.0,0.0,0.0,ETF(실물복제/수익증권),-5.1,,,,,-0.16839950347322208,-0.17202503013534737,1829,2026-10-08
306530,HANARO 코스닥150선물레버리지,35.0,0.0,0.0,0.0,ETF(실물복제/수익증권),-2.13,,,,,-0.16839950347322208,-0.17202503013534737,1830,2026-10-08
Q610020,메리츠 인버스 국채10년 ETN,120.0,0.0,0.0,0.0,ETN(채권),0.13,,,,,-0.16839950347322208,-0.17202503013534737,1831,2026-10-08
280940,KODEX 골드선물인버스(H),29.0,0.0,0.0,0.0,ETF(실물복제/수익증권),0.0,,,,,-0.16839950347322208,-0.17202503013534737,1832,2026-10-08
280930,KODEX 미국러셀2000(H),212.0,0.0,0.0,0.0,ETF(실물복제/수익증권),-1.38,,,,,-0.16839950347322208,-0.17202503013534737,1833,2026-10-08
310080,RISE 중국MSCI China(H),101.0,0.0,0.0,0.0,ETF(실물복제/수익증권),-0.96,,,,,-0.16839950347322208,-0.17202503013534737,1834,2026-10-08
289250,TIGER MSCI KOREA ESG유니버설,198.0,0.0,0.0,0.0,ETF(실물복제/수익증권),0.0,,,,,-0.16839950347322208,-0.17202503013534737,1835,2026-10-08
289040,KODEX MSCI KOREA ESG유니버설,201.0,0.0,0.0,0.0,ETF(실물복제/수익증권),-0.62,,,,,-0.16839950347322208,-0.17202503013534737,1836,2026-10-08
287180,PLUS 미국나스닥테크,539.0,0.0,0.0,0.0,ETF(실물복제/수익증권),-1.5,,,,,-0.16839950347322208,-0.17202503013534737,1837,2026-10-08
285690,FOCUS ESG리더스,73.0,0.0,0.0,0.0,ETF(실물복제/수익증권),-2.52,,,,,-0.16839950347322208,-0.17202503013534737,1838,2026-10-08
292050,RISE KRX300,169.0,0.0,0.0,0.0,ETF(실물복제/수익증권),-2.47,,,,,-0.16839950347322208,-0.17202503013534737,1839,2026-10-08
291890,KODEX MSCI EM선물(H),55.0,0.0,0.0,0.0,ETF(실물복제/수익증권),-1.84,,,,,-0.16839950347322208,-0.17202503013534737,1840,2026-10-08
284980,RISE 200금융,183.0,0.0,0.0,0.0,ETF(실물복제/수익증권),-2.43,,,,,-0.16839950347322208,-0.17202503013534737,1841,2026-10-08
Q610040,메리츠 인버스 2X 미국채30년 ETN(H),201.0,0.0,0.0,0.0,ETN(채권),-0.05,,,,,-0.16839950347322208,-0.17202503013534737,1842,2026-10-08
284430,KODEX 200미국채혼합,19293.0,0.0,0.0,0.0,ETF(실물복제/수익증권),-1.23,,,,,-0.16839950347322208,-0.17202503013534737,1843,2026-10-08
295040,SOL 200TR,9803.0,0.0,0.0,0.0,ETF(실물복제/수익증권),-2.69,,,,,-0.16839950347322208,-0.17202503013534737,1844,2026-10-08
282000,RISE 국고채3년선물인버스,218.0,0.0,0.0,0.0,ETF(실물복제/수익증권),0.01,,,,,-0.16839950347322208,-0.17202503013534737,1845,2026-10-08
289670,PLUS 국채선물10년,63.0,0.0,0.0,0.0,ETF(실물복제/수익증권),-0.13,,,,,-0.16839950347322208,-0.17202503013534737,1846,2026-10-08
289480,TIGER 200커버드콜,295.0,0.0,0.0,0.0,ETF(실물복제/수익증권),-2.36,,,,,-0.16839950347322208,-0.17202503013534737,1847,2026-10-08
Q500024,신한 인버스 콩 선물 ETN(H),137.0,0.0,0.0,0.0,ETN(원자재),1.41,,,,,-0.16839950347322208,-0.17202503013534737,1848,2026-10-08
Q500023,신한 콩 선물 ETN(H),291.0,0.0,0.0,0.0,ETN(원자재),-0.62,,,,,-0.16839950347322208,-0.17202503013534737,1849,2026-10-08
Q610045,메리츠 국채3년 ETN,114.0,0.0,0.0,0.0,ETN(채권),0.0,,,,,-0.16839950347322208,-0.17202503013534737,1850,2026-10-08
0013P0,RISE 미국은행TOP10,123.0,0.0,0.0,0.0,ETF(실물복제/수익증권),-1.76,,,,,-0.16839950347322208,-0.17202503013534737,1851,2026-10-08
Q610055,메리츠 3X 레버리지 국채3년 ETN,109.0,0.0,0.0,0.0,ETN(채권),-0.02,,,,,-0.16839950347322208,-0.17202503013534737,1852,2026-10-08
Q510027,대신 인버스 2X 코스닥 150 선물 ETN,44.0,0.0,0.0,0.0,ETN(주식),0.07,,,,,-0.16839950347322208,-0.17202503013534737,1853,2026-10-08
283580,KODEX 차이나CSI300,2294.0,0.0,0.0,0.0,ETF(실물복제/수익증권),-0.54,,,,,-0.16839950347322208,-0.17202503013534737,1854,2026-10-08
295020,RISE 국채선물10년인버스,643.0,0.0,0.0,0.0,ETF(실물복제/수익증권),0.06,,,,,-0.16839950347322208,-0.17202503013534737,1855,2026-10-08
295000,RISE 국채선물10년,51.0,0.0,0.0,0.0,ETF(실물복제/수익증권),-0.14,,,,,-0.16839950347322208,-0.17202503013534737,1856,2026-10-08
294400,KIWOOM 200TR,17072.0,0.0,0.0,0.0,ETF(실물복제/수익증권),-2.6,,,,,-0.16839950347322208,-0.17202503013534737,1857,2026-10-08
Q610034,메리츠 대표 농산물 선물 ETN(H),94.0,0.0,0.0,0.0,ETN(원자재),-1.62,,,,,-0.16839950347322208,-0.17202503013534737,1858,2026-10-08
Q610035,메리츠 레버리지 대표 농산물 선물 ETN(H),123.0,0.0,0.0,0.0,ETN(원자재),-3.62,,,,,-0.16839950347322208,-0.17202503013534737,1859,2026-10-08
Q610059,메리츠 3X 레버리지 국채10년 ETN,87.0,0.0,0.0,0.0,ETN(채권),0.0,,,,,-0.16839950347322208,-0.17202503013534737,1860,2026-10-08
Q610060,메리츠 인버스 3X 국채10년 ETN,111.0,0.0,0.0,0.0,ETN(채권),0.34,,,,,-0.16839950347322208,-0.17202503013534737,1861,2026-10-08
Q610061,메리츠 3X 레버리지 국채30년 ETN,504.0,0.0,0.0,0.0,ETN(채권),1.67,,,,,-0.16839950347322208,-0.17202503013534737,1862,2026-10-08
271060,KODEX 3대농산물선물(H),260.0,0.0,0.0,0.0,ETF(실물복제/수익증권),-1.93,,,,,-0.16839950347322208,-0.17202503013534737,1863,2026-10-08
289260,TIGER MSCI KOREA ESG리더스,170.0,0.0,0.0,0.0,ETF(실물복제/수익증권),-2.11,,,,,-0.16839950347322208,-0.17202503013534737,1864,2026-10-08
275290,KODEX 가치주,302.0,0.0,0.0,0.0,ETF(실물복제/수익증권),-2.9,,,,,-0.16839950347322208,-0.17202503013534737,1865,2026-10-08
275280,KODEX 모멘텀주,378.0,0.0,0.0,0.0,ETF(실물복제/수익증권),-3.08,,,,,-0.16839950347322208,-0.17202503013534737,1866,2026-10-08
291680,RISE 차이나H선물인버스(H),41.0,0.0,0.0,0.0,ETF(실물복제/수익증권),0.0,,,,,-0.16839950347322208,-0.17202503013534737,1867,2026-10-08
291630,KIWOOM 코스닥150선물레버리지,58.0,0.0,0.0,0.0,ETF(실물복제/수익증권),-2.77,,,,,-0.16839950347322208,-0.17202503013534737,1868,2026-10-08
291620,KIWOOM 코스닥150선물인버스,17.0,0.0,0.0,0.0,ETF(실물복제/수익증권),1.28,,,,,-0.16839950347322208,-0.17202503013534737,1869,2026-10-08
291130,ACE 멕시코MSCI(합성),99.0,0.0,0.0,0.0,ETF(합성복제/수익증권),-1.2,,,,,-0.16839950347322208,-0.17202503013534737,1870,2026-10-08
290130,RISE ESG사회책임투자,6569.0,0.0,0.0,0.0,ETF(실물복제/수익증권),-2.16,,,,,-0.16839950347322208,-0.17202503013534737,1871,2026-10-08
290080,RISE 200고배당커버드콜ATM,126.0,0.0,0.0,0.0,ETF(실물복제/수익증권),-1.37,,,,,-0.16839950347322208,-0.17202503013534737,1872,2026-10-08
272560,RISE 단기국공채액티브,1677.0,0.0,0.0,0.0,ETF(Active/수익증권),0.0,,,,,-0.16839950347322208,-0.17202503013534737,1873,2026-10-08
Q610062,메리츠 인버스 3X 국채30년 ETN,124.0,0.0,0.0,0.0,ETN(채권),-0.97,,,,,-0.16839950347322208,-0.17202503013534737,1874,2026-10-08
275300,KODEX 우량주,500.0,0.0,0.0,0.0,ETF(실물복제/수익증권),-2.9,,,,,-0.16839950347322208,-0.17202503013534737,1875,2026-10-08
356540,ACE 종합채권(AA-이상)KIS액티브,11854.0,0.0,0.0,0.0,ETF(Active/수익증권),0.08,,,,,-0.16839950347322208,-0.17202503013534737,1876,2026-10-08
354500,ACE 코스닥150,1642.0,0.0,0.0,0.0,ETF(실물복제/수익증권),-1.1,,,,,-0.16839950347322208,-0.17202503013534737,1877,2026-10-08
341850,TIGER 리츠부동산인프라채권,91.0,0.0,0.0,0.0,ETF(실물복제/수익증권),0.0,,,,,-0.16839950347322208,-0.17202503013534737,1878,2026-10-08
0008E0,ACE 미국중심중소형제조업,83.0,0.0,0.0,0.0,ETF(실물복제/수익증권),-4.07,,,,,-0.16839950347322208,-0.17202503013534737,1879,2026-10-08
337160,KODEX 200ESG,1576.0,0.0,0.0,0.0,ETF(실물복제/수익증권),-2.85,,,,,-0.16839950347322208,-0.17202503013534737,1880,2026-10-08
337150,KODEX 200exTOP,146.0,0.0,0.0,0.0,ETF(실물복제/수익증권),-2.04,,,,,-0.16839950347322208,-0.17202503013534737,1881,2026-10-08
337140,KODEX 코스피대형주,779.0,0.0,0.0,0.0,ETF(실물복제/수익증권),-2.26,,,,,-0.16839950347322208,-0.17202503013534737,1882,2026-10-08
337120,KODEX 멀티팩터,203.0,0.0,0.0,0.0,ETF(실물복제/수익증권),-1.66,,,,,-0.16839950347322208,-0.17202503013534737,1883,2026-10-08
0015B0,KoAct 미국나스닥성장기업액티브,6315.0,0.0,0.0,0.0,ETF(Active/수익증권),-1.74,,,,,-0.16839950347322208,-0.17202503013534737,1884,2026-10-08
316300,ACE 싱가포르리츠,59.0,0.0,0.0,0.0,ETF(실물복제/수익증권),-1.09,,,,,-0.16839950347322208,-0.17202503013534737,1885,2026-10-08
367770,RISE 수소경제테마,1046.0,0.0,0.0,0.0,ETF(실물복제/수익증권),-3.76,,,,,-0.16839950347322208,-0.17202503013534737,1886,2026-10-08
367760,RISE 5G테크,6987.0,0.0,0.0,0.0,ETF(실물복제/수익증권),-1.65,,,,,-0.16839950347322208,-0.17202503013534737,1887,2026-10-08
0015E0,KIWOOM 엔비디아미국30년국채혼합액티브(H),51.0,0.0,0.0,0.0,ETF(Active/수익증권),-0.58,,,,,-0.16839950347322208,-0.17202503013534737,1888,2026-10-08
373490,KODEX 코리아혁신성장액티브,140.0,0.0,0.0,0.0,ETF(Active/수익증권),-1.55,,,,,-0.16839950347322208,-0.17202503013534737,1889,2026-10-08
372330,KODEX 차이나항셍테크,981.0,0.0,0.0,0.0,ETF(실물복제/수익증권),-2.21,,,,,-0.16839950347322208,-0.17202503013534737,1890,2026-10-08
371870,ACE 차이나항셍테크,94.0,0.0,0.0,0.0,ETF(실물복제/수익증권),-2.17,,,,,-0.16839950347322208,-0.17202503013534737,1891,2026-10-08
371470,TIGER 차이나바이오테크SOLACTIVE,441.0,0.0,0.0,0.0,ETF(실물복제/수익증권),-2.74,,,,,-0.16839950347322208,-0.17202503013534737,1892,2026-10-08
371460,TIGER 차이나전기차SOLACTIVE,6322.0,0.0,0.0,0.0,ETF(실물복제/수익증권),-0.73,,,,,-0.16839950347322208,-0.17202503013534737,1893,2026-10-08
336160,RISE 금융채액티브,479.0,0.0,0.0,0.0,ETF(Active/수익증권),-0.07,,,,,-0.16839950347322208,-0.17202503013534737,1894,2026-10-08
352560,KODEX 미국부동산리츠(H),274.0,0.0,0.0,0.0,ETF(실물복제/수익증권),-0.97,,,,,-0.16839950347322208,-0.17202503013534737,1895,2026-10-08
364960,TIGER BBIG,736.0,0.0,0.0,0.0,ETF(실물복제/수익증권),-2.51,,,,,-0.16839950347322208,-0.17202503013534737,1896,2026-10-08
364690,KODEX 혁신기술테마액티브,227.0,0.0,0.0,0.0,ETF(Active/수익증권),-2.96,,,,,-0.16839950347322208,-0.17202503013534737,1897,2026-10-08
363580,KODEX 200IT TR,2339.0,0.0,0.0,0.0,ETF(실물복제/수익증권),-3.35,,,,,-0.16839950347322208,-0.17202503013534737,1898,2026-10-08
381560,HANARO Fn전기&수소차,181.0,0.0,0.0,0.0,ETF(실물복제/수익증권),-3.1,,,,,-0.16839950347322208,-0.17202503013534737,1899,2026-10-08
381180,TIGER 미국필라델피아반도체나스닥,61645.0,0.0,0.0,0.0,ETF(실물복제/수익증권),-1.89,,,,,-0.16839950347322208,-0.17202503013534737,1900,2026-10-08
381170,TIGER 미국테크TOP10 INDXX,39387.0,0.0,0.0,0.0,ETF(실물복제/수익증권),-0.34,,,,,-0.16839950347322208,-0.17202503013534737,1901,2026-10-08
380340,ACE Fn5G플러스,335.0,0.0,0.0,0.0,ETF(실물복제/수익증권),-2.52,,,,,-0.16839950347322208,-0.17202503013534737,1902,2026-10-08
379810,KODEX 미국나스닥100,102104.0,0.0,0.0,0.0,ETF(실물복제/수익증권),-0.67,,,,,-0.16839950347322208,-0.17202503013534737,1903,2026-10-08
385590,ACE ESG액티브,539.0,0.0,0.0,0.0,ETF(Active/수익증권),-2.19,,,,,-0.16839950347322208,-0.17202503013534737,1904,2026-10-08
0015K0,TIGER 미국소비트렌드액티브,47.0,0.0,0.0,0.0,ETF(Active/수익증권),-0.8,,,,,-0.16839950347322208,-0.17202503013534737,1905,2026-10-08
385550,RISE 단기채권알파액티브,4299.0,0.0,0.0,0.0,ETF(Active/수익증권),0.03,,,,,-0.16839950347322208,-0.17202503013534737,1906,2026-10-08
354350,HANARO 글로벌럭셔리S&P(합성),90.0,0.0,0.0,0.0,ETF(합성복제/수익증권),-1.06,,,,,-0.16839950347322208,-0.17202503013534737,1907,2026-10-08
354240,RISE 미국고정배당우선증권,106.0,0.0,0.0,0.0,ETF(실물복제/수익증권),-1.08,,,,,-0.16839950347322208,-0.17202503013534737,1908,2026-10-08
361580,RISE 200TR,4866.0,0.0,0.0,0.0,ETF(실물복제/수익증권),-2.65,,,,,-0.16839950347322208,-0.17202503013534737,1909,2026-10-08
360750,TIGER 미국S&P500,210076.0,0.0,0.0,0.0,ETF(실물복제/수익증권),-0.61,,,,,-0.16839950347322208,-0.17202503013534737,1910,2026-10-08
360200,ACE 미국S&P500,39800.0,0.0,0.0,0.0,ETF(실물복제/수익증권),-0.55,,,,,-0.16839950347322208,-0.17202503013534737,1911,2026-10-08
360150,KODEX 코스닥150롱코스피200숏선물,141.0,0.0,0.0,0.0,ETF(실물복제/수익증권),1.48,,,,,-0.16839950347322208,-0.17202503013534737,1912,2026-10-08
360140,KODEX 200롱코스닥150숏선물,442.0,0.0,0.0,0.0,ETF(실물복제/수익증권),-1.64,,,,,-0.16839950347322208,-0.17202503013534737,1913,2026-10-08
359210,KODEX 코스피TR,799.0,0.0,0.0,0.0,ETF(실물복제/수익증권),-2.14,,,,,-0.16839950347322208,-0.17202503013534737,1914,2026-10-08
352540,KODEX 일본부동산리츠(H),354.0,0.0,0.0,0.0,ETF(실물복제/수익증권),-0.76,,,,,-0.16839950347322208,-0.17202503013534737,1915,2026-10-08
385560,RISE KIS국고채30년Enhanced,4298.0,0.0,0.0,0.0,ETF(실물복제/수익증권),0.96,,,,,-0.16839950347322208,-0.17202503013534737,1916,2026-10-08
357870,TIGER CD금리투자KIS(합성),38981.0,0.0,0.0,0.0,ETF(합성복제/수익증권),0.0,,,,,-0.16839950347322208,-0.17202503013534737,1917,2026-10-08
325020,KODEX 배당가치,869.0,0.0,0.0,0.0,ETF(실물복제/수익증권),-2.11,,,,,-0.16839950347322208,-0.17202503013534737,1918,2026-10-08
325010,KODEX 성장주,1237.0,0.0,0.0,0.0,ETF(실물복제/수익증권),-2.31,,,,,-0.16839950347322208,-0.17202503013534737,1919,2026-10-08
322410,HANARO 고배당,381.0,0.0,0.0,0.0,ETF(실물복제/수익증권),-1.49,,,,,-0.16839950347322208,-0.17202503013534737,1920,2026-10-08
322400,HANARO e커머스,308.0,0.0,0.0,0.0,ETF(실물복제/수익증권),-1.53,,,,,-0.16839950347322208,-0.17202503013534737,1921,2026-10-08
Q610036,메리츠 인버스 2X 대표 농산물 선물 ETN(H),205.0,0.0,0.0,0.0,ETN(원자재),3.44,,,,,-0.16839950347322208,-0.17202503013534737,1922,2026-10-08
321410,KODEX 멀티에셋하이인컴(H),31.0,0.0,0.0,0.0,ETF(실물복제/수익증권),-0.19,,,,,-0.16839950347322208,-0.17202503013534737,1923,2026-10-08
315270,TIGER 200커뮤니케이션서비스,68.0,0.0,0.0,0.0,ETF(실물복제/수익증권),-3.25,,,,,-0.16839950347322208,-0.17202503013534737,1924,2026-10-08
293180,HANARO 200,4129.0,0.0,0.0,0.0,ETF(실물복제/수익증권),-2.69,,,,,-0.16839950347322208,-0.17202503013534737,1925,2026-10-08
0008S0,TIGER 미국배당다우존스타겟데일리커버드콜,2874.0,0.0,0.0,0.0,ETF(실물복제/수익증권),-0.98,,,,,-0.16839950347322208,-0.17202503013534737,1926,2026-10-08
Q610037,메리츠 미국채30년 ETN(H),959.0,0.0,0.0,0.0,ETN(채권),-0.29,,,,,-0.16839950347322208,-0.17202503013534737,1927,2026-10-08
292560,TIGER 일본엔선물,509.0,0.0,0.0,0.0,ETF(실물복제/수익증권),0.19,,,,,-0.16839950347322208,-0.17202503013534737,1928,2026-10-08
292500,SOL KRX300,240.0,0.0,0.0,0.0,ETF(실물복제/수익증권),-2.96,,,,,-0.16839950347322208,-0.17202503013534737,1929,2026-10-08
292190,KODEX KRX300,707.0,0.0,0.0,0.0,ETF(실물복제/수익증권),-2.17,,,,,-0.16839950347322208,-0.17202503013534737,1930,2026-10-08
292160,TIGER KRX300,237.0,0.0,0.0,0.0,ETF(실물복제/수익증권),-2.44,,,,,-0.16839950347322208,-0.17202503013534737,1931,2026-10-08
309230,ACE 미국WideMoat동일가중,1061.0,0.0,0.0,0.0,ETF(실물복제/수익증권),-0.93,,,,,-0.16839950347322208,-0.17202503013534737,1932,2026-10-08
308620,KODEX 미국10년국채선물,908.0,0.0,0.0,0.0,ETF(실물복제/수익증권),-0.23,,,,,-0.16839950347322208,-0.17202503013534737,1933,2026-10-08
319640,TIGER 골드선물(H),1109.0,0.0,0.0,0.0,ETF(실물복제/수익증권),-0.47,,,,,-0.16839950347322208,-0.17202503013534737,1934,2026-10-08
Q610038,메리츠 레버리지 미국채30년 ETN(H),370.0,0.0,0.0,0.0,ETN(채권),-0.67,,,,,-0.16839950347322208,-0.17202503013534737,1935,2026-10-08
316670,KIWOOM 코스닥150,518.0,0.0,0.0,0.0,ETF(실물복제/수익증권),-0.98,,,,,-0.16839950347322208,-0.17202503013534737,1936,2026-10-08
292770,KODEX 국채선물3년인버스,723.0,0.0,0.0,0.0,ETF(실물복제/수익증권),0.04,,,,,-0.16839950347322208,-0.17202503013534737,1937,2026-10-08
334700,RISE 팔라듐선물인버스(H),25.0,0.0,0.0,0.0,ETF(실물복제/수익증권),2.44,,,,,-0.16839950347322208,-0.17202503013534737,1938,2026-10-08
305540,TIGER 2차전지테마,10057.0,0.0,0.0,0.0,ETF(실물복제/수익증권),1.84,,,,,-0.16839950347322208,-0.17202503013534737,1939,2026-10-08
305080,TIGER 미국채10년선물,2106.0,0.0,0.0,0.0,ETF(실물복제/수익증권),-0.13,,,,,-0.16839950347322208,-0.17202503013534737,1940,2026-10-08
305050,ACE 코스피,452.0,0.0,0.0,0.0,ETF(실물복제/수익증권),-2.16,,,,,-0.16839950347322208,-0.17202503013534737,1941,2026-10-08
304940,KODEX 미국나스닥100선물(H),1159.0,0.0,0.0,0.0,ETF(실물복제/수익증권),-0.37,,,,,-0.16839950347322208,-0.17202503013534737,1942,2026-10-08
304780,HANARO 200선물레버리지,517.0,0.0,0.0,0.0,ETF(실물복제/수익증권),-5.32,,,,,-0.16839950347322208,-0.17202503013534737,1943,2026-10-08
334690,RISE 팔라듐선물(H),36.0,0.0,0.0,0.0,ETF(실물복제/수익증권),-2.5,,,,,-0.16839950347322208,-0.17202503013534737,1944,2026-10-08
332940,HANARO MSCI Korea TR,1122.0,0.0,0.0,0.0,ETF(실물복제/수익증권),-3.95,,,,,-0.16839950347322208,-0.17202503013534737,1945,2026-10-08
332930,HANARO 200TR,2009.0,0.0,0.0,0.0,ETF(실물복제/수익증권),-2.76,,,,,-0.16839950347322208,-0.17202503013534737,1946,2026-10-08
326230,RISE 내수주플러스,62.0,0.0,0.0,0.0,ETF(실물복제/수익증권),-2.55,,,,,-0.16839950347322208,-0.17202503013534737,1947,2026-10-08
332610,PLUS 미국단기회사채(AAA~A),116.0,0.0,0.0,0.0,ETF(실물복제/수익증권),-0.09,,,,,-0.16839950347322208,-0.17202503013534737,1948,2026-10-08
332500,ACE 200TR,1705.0,0.0,0.0,0.0,ETF(실물복제/수익증권),-2.82,,,,,-0.16839950347322208,-0.17202503013534737,1949,2026-10-08
329750,TIGER 미국달러단기채권액티브,7310.0,0.0,0.0,0.0,ETF(Active/수익증권),-0.2,,,,,-0.16839950347322208,-0.17202503013534737,1950,2026-10-08
329670,KODEX TRF7030,862.0,0.0,0.0,0.0,ETF(실물복제/수익증권),-0.48,,,,,-0.16839950347322208,-0.17202503013534737,1951,2026-10-08
329660,KODEX TRF5050,827.0,0.0,0.0,0.0,ETF(실물복제/수익증권),-0.31,,,,,-0.16839950347322208,-0.17202503013534737,1952,2026-10-08
329650,KODEX TRF3070,2306.0,0.0,0.0,0.0,ETF(실물복제/수익증권),-0.11,,,,,-0.16839950347322208,-0.17202503013534737,1953,2026-10-08
329200,TIGER 리츠부동산인프라,15767.0,0.0,0.0,0.0,ETF(실물복제/수익증권),-0.25,,,,,-0.16839950347322208,-0.17202503013534737,1954,2026-10-08
0008T0,SOL 화장품TOP3플러스,930.0,0.0,0.0,0.0,ETF(실물복제/수익증권),-3.37,,,,,-0.16839950347322208,-0.17202503013534737,1955,2026-10-08
328370,PLUS 코스피TR,1161.0,0.0,0.0,0.0,ETF(실물복제/수익증권),-2.93,,,,,-0.16839950347322208,-0.17202503013534737,1956,2026-10-08
326240,RISE IT플러스,1118.0,0.0,0.0,0.0,ETF(실물복제/수익증권),-1.81,,,,,-0.16839950347322208,-0.17202503013534737,1957,2026-10-08
332620,PLUS 미국장기우량회사채,151.0,0.0,0.0,0.0,ETF(실물복제/수익증권),-0.33,,,,,-0.16839950347322208,-0.17202503013534737,1958,2026-10-08
252000,TIGER 200동일가중,104.0,0.0,0.0,0.0,ETF(실물복제/수익증권),-1.45,,,,,-0.16839950347322208,-0.17202503013534737,1959,2026-10-08
256450,PLUS 심천차이넥스트(합성),64.0,0.0,0.0,0.0,ETF(합성복제/수익증권),-3.46,,,,,-0.16839950347322208,-0.17202503013534737,1960,2026-10-08
256440,ACE 인도네시아MSCI(합성),283.0,0.0,0.0,0.0,ETF(합성복제/수익증권),-0.43,,,,,-0.16839950347322208,-0.17202503013534737,1961,2026-10-08
253290,RISE 헬스케어채권혼합,206.0,0.0,0.0,0.0,ETF(실물복제/수익증권),-0.99,,,,,-0.16839950347322208,-0.17202503013534737,1962,2026-10-08
253280,RISE 헬스케어,72.0,0.0,0.0,0.0,ETF(실물복제/수익증권),-3.78,,,,,-0.16839950347322208,-0.17202503013534737,1963,2026-10-08
253250,KIWOOM 200선물레버리지,269.0,0.0,0.0,0.0,ETF(실물복제/수익증권),-5.19,,,,,-0.16839950347322208,-0.17202503013534737,1964,2026-10-08
215620,HK S&P코리아로우볼,86.0,0.0,0.0,0.0,ETF(실물복제/수익증권),-1.15,,,,,-0.16839950347322208,-0.17202503013534737,1965,2026-10-08
214980,KODEX 단기채권PLUS,19347.0,0.0,0.0,0.0,ETF(실물복제/수익증권),0.03,,,,,-0.16839950347322208,-0.17202503013534737,1966,2026-10-08
225800,KIWOOM 미국달러선물레버리지,72.0,0.0,0.0,0.0,ETF(실물복제/수익증권),-0.46,,,,,-0.16839950347322208,-0.17202503013534737,1967,2026-10-08
278530,KODEX 200TR,74321.0,0.0,0.0,0.0,ETF(실물복제/수익증권),-2.64,,,,,-0.16839950347322208,-0.17202503013534737,1968,2026-10-08
225060,TIGER 이머징마켓MSCI레버리지(합성 H),173.0,0.0,0.0,0.0,ETF(합성복제/수익증권),-1.81,,,,,-0.16839950347322208,-0.17202503013534737,1969,2026-10-08
225050,TIGER 유로스탁스레버리지(합성 H),68.0,0.0,0.0,0.0,ETF(합성복제/수익증권),-3.01,,,,,-0.16839950347322208,-0.17202503013534737,1970,2026-10-08
225040,TIGER 미국S&P500레버리지(합성 H),581.0,0.0,0.0,0.0,ETF(합성복제/수익증권),-0.83,,,,,-0.16839950347322208,-0.17202503013534737,1971,2026-10-08
225030,TIGER 미국S&P500선물인버스(H),37.0,0.0,0.0,0.0,ETF(실물복제/수익증권),0.45,,,,,-0.16839950347322208,-0.17202503013534737,1972,2026-10-08
245340,TIGER 미국다우존스30,1336.0,0.0,0.0,0.0,ETF(실물복제/수익증권),-0.94,,,,,-0.16839950347322208,-0.17202503013534737,1973,2026-10-08
219900,ACE 중국본토CSI300레버리지(합성),48.0,0.0,0.0,0.0,ETF(합성복제/수익증권),-2.55,,,,,-0.16839950347322208,-0.17202503013534737,1974,2026-10-08
219480,KODEX 미국S&P500선물(H),1492.0,0.0,0.0,0.0,ETF(실물복제/수익증권),-0.43,,,,,-0.16839950347322208,-0.17202503013534737,1975,2026-10-08
219390,RISE 미국S&P원유생산기업(합성 H),165.0,0.0,0.0,0.0,ETF(합성복제/수익증권),0.55,,,,,-0.16839950347322208,-0.17202503013534737,1976,2026-10-08
218420,KODEX 미국S&P500에너지(합성),489.0,0.0,0.0,0.0,ETF(합성복제/수익증권),-0.57,,,,,-0.16839950347322208,-0.17202503013534737,1977,2026-10-08
225130,ACE 골드선물 레버리지(합성 H),212.0,0.0,0.0,0.0,ETF(합성복제/수익증권),-0.88,,,,,-0.16839950347322208,-0.17202503013534737,1978,2026-10-08
241390,RISE V&S셀렉트밸류채권혼합,347.0,0.0,0.0,0.0,ETF(실물복제/수익증권),-0.94,,,,,-0.16839950347322208,-0.17202503013534737,1979,2026-10-08
241180,TIGER 일본니케이225,3988.0,0.0,0.0,0.0,ETF(실물복제/수익증권),-1.33,,,,,-0.16839950347322208,-0.17202503013534737,1980,2026-10-08
239660,PLUS 우량회사채50,220.0,0.0,0.0,0.0,ETF(실물복제/수익증권),0.0,,,,,-0.16839950347322208,-0.17202503013534737,1981,2026-10-08
238720,ACE 일본Nikkei225(H),453.0,0.0,0.0,0.0,ETF(실물복제/수익증권),-1.6,,,,,-0.16839950347322208,-0.17202503013534737,1982,2026-10-08
238670,PLUS 스마트베타Quality채권혼합,54.0,0.0,0.0,0.0,ETF(실물복제/수익증권),-0.88,,,,,-0.16839950347322208,-0.17202503013534737,1983,2026-10-08
261060,TIGER 코스닥150IT,325.0,0.0,0.0,0.0,ETF(실물복제/수익증권),1.79,,,,,-0.16839950347322208,-0.17202503013534737,1984,2026-10-08
256750,KODEX 차이나심천ChiNext(합성),402.0,0.0,0.0,0.0,ETF(합성복제/수익증권),-3.27,,,,,-0.16839950347322208,-0.17202503013534737,1985,2026-10-08
236350,TIGER 인도니프티50레버리지(합성),131.0,0.0,0.0,0.0,ETF(합성복제/수익증권),-3.38,,,,,-0.16839950347322208,-0.17202503013534737,1986,2026-10-08
234310,RISE V&S셀렉트밸류,139.0,0.0,0.0,0.0,ETF(실물복제/수익증권),-2.44,,,,,-0.16839950347322208,-0.17202503013534737,1987,2026-10-08
252400,RISE 200선물레버리지,565.0,0.0,0.0,0.0,ETF(실물복제/수익증권),-5.28,,,,,-0.16839950347322208,-0.17202503013534737,1988,2026-10-08
233160,TIGER 코스닥150 레버리지,1857.0,0.0,0.0,0.0,ETF(실물복제/수익증권),-2.15,,,,,-0.16839950347322208,-0.17202503013534737,1989,2026-10-08
253240,KIWOOM 200선물인버스,15.0,0.0,0.0,0.0,ETF(실물복제/수익증권),2.14,,,,,-0.16839950347322208,-0.17202503013534737,1990,2026-10-08
253230,KIWOOM 200선물인버스2X,26.0,0.0,0.0,0.0,ETF(실물복제/수익증권),5.41,,,,,-0.16839950347322208,-0.17202503013534737,1991,2026-10-08
253160,PLUS 200선물인버스2X,15.0,0.0,0.0,0.0,ETF(실물복제/수익증권),5.41,,,,,-0.16839950347322208,-0.17202503013534737,1992,2026-10-08
261220,KODEX WTI원유선물(H),457.0,0.0,0.0,0.0,ETF(실물복제/수익증권),0.57,,,,,-0.16839950347322208,-0.17202503013534737,1993,2026-10-08
261140,TIGER 우선주,305.0,0.0,0.0,0.0,ETF(실물복제/수익증권),-1.83,,,,,-0.16839950347322208,-0.17202503013534737,1994,2026-10-08
261120,TIGER 미국달러선물인버스2X,225.0,0.0,0.0,0.0,ETF(실물복제/수익증권),0.27,,,,,-0.16839950347322208,-0.17202503013534737,1995,2026-10-08
261110,TIGER 미국달러선물레버리지,90.0,0.0,0.0,0.0,ETF(실물복제/수익증권),-0.3,,,,,-0.16839950347322208,-0.17202503013534737,1996,2026-10-08
261070,TIGER 코스닥150바이오테크,543.0,0.0,0.0,0.0,ETF(실물복제/수익증권),-5.36,,,,,-0.16839950347322208,-0.17202503013534737,1997,2026-10-08
252410,RISE 200선물인버스,28.0,0.0,0.0,0.0,ETF(실물복제/수익증권),3.07,,,,,-0.16839950347322208,-0.17202503013534737,1998,2026-10-08
233740,KODEX 코스닥150레버리지,36784.0,0.0,0.0,0.0,ETF(실물복제/수익증권),-2.2,,,,,-0.16839950347322208,-0.17202503013534737,1999,2026-10-08
0023B0,PLUS 미국양자컴퓨팅TOP10,324.0,0.0,0.0,0.0,ETF(실물복제/수익증권),-2.52,,,,,-0.16839950347322208,-0.17202503013534737,2000,2026-10-08
200250,KIWOOM 인도Nifty50(합성),1505.0,0.0,0.0,0.0,ETF(합성복제/수익증권),-1.35,,,,,-0.16839950347322208,-0.17202503013534737,2001,2026-10-08
200030,KODEX 미국S&P500산업재(합성),435.0,0.0,0.0,0.0,ETF(합성복제/수익증권),-2.66,,,,,-0.16839950347322208,-0.17202503013534737,2002,2026-10-08
Q580050,KB STAR 50 ETN,136.0,0.0,0.0,0.0,ETN(주식),-6.21,,,,,-0.16839950347322208,-0.17202503013534737,2003,2026-10-08
227830,PLUS 코스피,173.0,0.0,0.0,0.0,ETF(실물복제/수익증권),-2.5,,,,,-0.16839950347322208,-0.17202503013534737,2004,2026-10-08
195980,PLUS 신흥국MSCI(합성 H),927.0,0.0,0.0,0.0,ETF(합성복제/수익증권),-1.92,,,,,-0.16839950347322208,-0.17202503013534737,2005,2026-10-08
195970,PLUS 선진국MSCI(합성 H),229.0,0.0,0.0,0.0,ETF(합성복제/수익증권),-1.54,,,,,-0.16839950347322208,-0.17202503013534737,2006,2026-10-08
195930,TIGER 유로스탁스50(합성 H),360.0,0.0,0.0,0.0,ETF(합성복제/수익증권),-1.7,,,,,-0.16839950347322208,-0.17202503013534737,2007,2026-10-08
195920,TIGER 일본TOPIX(합성 H),179.0,0.0,0.0,0.0,ETF(합성복제/수익증권),-0.5,,,,,-0.16839950347322208,-0.17202503013534737,2008,2026-10-08
217780,TIGER 차이나CSI300인버스(합성),93.0,0.0,0.0,0.0,ETF(합성복제/수익증권),1.26,,,,,-0.16839950347322208,-0.17202503013534737,2009,2026-10-08
Q580052,KB 인버스 2X 밀 선물 ETN,124.0,0.0,0.0,0.0,ETN(원자재),5.05,,,,,-0.16839950347322208,-0.17202503013534737,2010,2026-10-08
226380,ACE Fn성장소비주도주,40.0,0.0,0.0,0.0,ETF(실물복제/수익증권),-1.22,,,,,-0.16839950347322208,-0.17202503013534737,2011,2026-10-08
Q580053,KB 레버리지 콩 선물 ETN,86.0,0.0,0.0,0.0,ETN(원자재),-2.49,,,,,-0.16839950347322208,-0.17202503013534737,2012,2026-10-08
Q580054,KB 인버스 2X 콩 선물 ETN,104.0,0.0,0.0,0.0,ETN(원자재),2.15,,,,,-0.16839950347322208,-0.17202503013534737,2013,2026-10-08
229200,KODEX 코스닥150,50886.0,0.0,0.0,0.0,ETF(실물복제/수익증권),-1.17,,,,,-0.16839950347322208,-0.17202503013534737,2014,2026-10-08
228820,TIGER KTOP30,184.0,0.0,0.0,0.0,ETF(실물복제/수익증권),-2.38,,,,,-0.16839950347322208,-0.17202503013534737,2015,2026-10-08
228810,TIGER 미디어컨텐츠,766.0,0.0,0.0,0.0,ETF(실물복제/수익증권),0.97,,,,,-0.16839950347322208,-0.17202503013534737,2016,2026-10-08
228800,TIGER 여행레저,666.0,0.0,0.0,0.0,ETF(실물복제/수익증권),-0.76,,,,,-0.16839950347322208,-0.17202503013534737,2017,2026-10-08
228790,TIGER 화장품,2355.0,0.0,0.0,0.0,ETF(실물복제/수익증권),-3.03,,,,,-0.16839950347322208,-0.17202503013534737,2018,2026-10-08
223190,KODEX 200가치저변동,268.0,0.0,0.0,0.0,ETF(실물복제/수익증권),-2.16,,,,,-0.16839950347322208,-0.17202503013534737,2019,2026-10-08
Q580051,KB 레버리지 밀 선물 ETN,119.0,0.0,0.0,0.0,ETN(원자재),-5.15,,,,,-0.16839950347322208,-0.17202503013534737,2020,2026-10-08
217770,TIGER 원유선물인버스(H),321.0,0.0,0.0,0.0,ETF(실물복제/수익증권),-0.72,,,,,-0.16839950347322208,-0.17202503013534737,2021,2026-10-08
243880,TIGER 200IT레버리지,4272.0,0.0,0.0,0.0,ETF(실물복제/수익증권),-5.63,,,,,-0.16839950347322208,-0.17202503013534737,2022,2026-10-08
0028X0,KODEX 미국금융테크액티브,128.0,0.0,0.0,0.0,ETF(Active/수익증권),-0.54,,,,,-0.16839950347322208,-0.17202503013534737,2023,2026-10-08
248270,TIGER S&P글로벌헬스케어(합성),293.0,0.0,0.0,0.0,ETF(합성복제/수익증권),0.56,,,,,-0.16839950347322208,-0.17202503013534737,2024,2026-10-08
0022T0,SOL 국제금커버드콜액티브,679.0,0.0,0.0,0.0,ETF(Active/수익증권),-0.67,,,,,-0.16839950347322208,-0.17202503013534737,2025,2026-10-08
0026E0,KODEX 미국S&P500버퍼3월액티브,212.0,0.0,0.0,0.0,ETF(Active/수익증권),-0.26,,,,,-0.16839950347322208,-0.17202503013534737,2026,2026-10-08
245710,ACE 베트남VN30(합성),3489.0,0.0,0.0,0.0,ETF(합성복제/수익증권),0.0,,,,,-0.16839950347322208,-0.17202503013534737,2027,2026-10-08
245360,TIGER 차이나HSCEI,239.0,0.0,0.0,0.0,ETF(실물복제/수익증권),-0.7,,,,,-0.16839950347322208,-0.17202503013534737,2028,2026-10-08
245350,TIGER 유로스탁스배당30,277.0,0.0,0.0,0.0,ETF(실물복제/수익증권),-1.56,,,,,-0.16839950347322208,-0.17202503013534737,2029,2026-10-08
203780,TIGER 미국나스닥바이오,1011.0,0.0,0.0,0.0,ETF(실물복제/수익증권),-0.45,,,,,-0.16839950347322208,-0.17202503013534737,2030,2026-10-08
237370,KODEX 배당성장채권혼합,1610.0,0.0,0.0,0.0,ETF(실물복제/수익증권),-0.39,,,,,-0.16839950347322208,-0.17202503013534737,2031,2026-10-08
237350,KODEX 코스피100,9047.0,0.0,0.0,0.0,ETF(실물복제/수익증권),-2.38,,,,,-0.16839950347322208,-0.17202503013534737,2032,2026-10-08
244670,KODEX 밸류Plus,69.0,0.0,0.0,0.0,ETF(실물복제/수익증권),-0.26,,,,,-0.16839950347322208,-0.17202503013534737,2033,2026-10-08
244660,KODEX 퀄리티Plus,37.0,0.0,0.0,0.0,ETF(실물복제/수익증권),-1.55,,,,,-0.16839950347322208,-0.17202503013534737,2034,2026-10-08
244620,KODEX 모멘텀Plus,151.0,0.0,0.0,0.0,ETF(실물복제/수익증권),-0.02,,,,,-0.16839950347322208,-0.17202503013534737,2035,2026-10-08
244580,KODEX 바이오,2122.0,0.0,0.0,0.0,ETF(실물복제/수익증권),-4.21,,,,,-0.16839950347322208,-0.17202503013534737,2036,2026-10-08
243890,TIGER 200에너지화학레버리지,39.0,0.0,0.0,0.0,ETF(실물복제/수익증권),-3.2,,,,,-0.16839950347322208,-0.17202503013534737,2037,2026-10-08
0026S0,1Q 미국S&P500,3448.0,0.0,0.0,0.0,ETF(실물복제/수익증권),-0.51,,,,,-0.16839950347322208,-0.17202503013534737,2038,2026-10-08
192720,파워 고배당저변동성,285.0,0.0,0.0,0.0,ETF(실물복제/수익증권),-1.86,,,,,-0.16839950347322208,-0.17202503013534737,2039,2026-10-08
0023A0,SOL 미국양자컴퓨팅TOP10,4017.0,0.0,0.0,0.0,ETF(실물복제/수익증권),-1.99,,,,,-0.16839950347322208,-0.17202503013534737,2040,2026-10-08
237440,TIGER 경기방어채권혼합,101.0,0.0,0.0,0.0,ETF(실물복제/수익증권),-0.1,,,,,-0.16839950347322208,-0.17202503013534737,2041,2026-10-08
277540,ACE 아시아TOP50S&P,253.0,0.0,0.0,0.0,ETF(실물복제/수익증권),-1.74,,,,,-0.16839950347322208,-0.17202503013534737,2042,2026-10-08
276990,KODEX 글로벌로봇(합성),444.0,0.0,0.0,0.0,ETF(합성복제/수익증권),-1.99,,,,,-0.16839950347322208,-0.17202503013534737,2043,2026-10-08
261260,KODEX 미국달러선물인버스2X,1945.0,0.0,0.0,0.0,ETF(실물복제/수익증권),0.35,,,,,-0.16839950347322208,-0.17202503013534737,2044,2026-10-08
261250,KODEX 미국달러선물레버리지,317.0,0.0,0.0,0.0,ETF(실물복제/수익증권),-0.33,,,,,-0.16839950347322208,-0.17202503013534737,2045,2026-10-08
261240,KODEX 미국달러선물,625.0,0.0,0.0,0.0,ETF(실물복제/수익증권),-0.22,,,,,-0.16839950347322208,-0.17202503013534737,2046,2026-10-08
Q610057,메리츠 3X 레버리지 국채5년 ETN,104.0,0.0,0.0,0.0,ETN(채권),-0.12,,,,,-0.16839950347322208,-0.17202503013534737,2047,2026-10-08
266550,PLUS 중형주저변동50,45.0,0.0,0.0,0.0,ETF(실물복제/수익증권),-0.97,,,,,-0.16839950347322208,-0.17202503013534737,2048,2026-10-08
266420,KODEX 헬스케어,680.0,0.0,0.0,0.0,ETF(실물복제/수익증권),-3.92,,,,,-0.16839950347322208,-0.17202503013534737,2049,2026-10-08
266410,KODEX 필수소비재,114.0,0.0,0.0,0.0,ETF(실물복제/수익증권),-1.76,,,,,-0.16839950347322208,-0.17202503013534737,2050,2026-10-08
229720,KODEX KTOP30,183.0,0.0,0.0,0.0,ETF(실물복제/수익증권),-2.05,,,,,-0.16839950347322208,-0.17202503013534737,2051,2026-10-08
Q520056,미래에셋 레버리지 코스닥150 선물 ETN,551.0,0.0,0.0,0.0,ETN(주식),-1.76,,,,,-0.16839950347322208,-0.17202503013534737,2052,2026-10-08
Q610058,메리츠 인버스 3X 국채5년 ETN,105.0,0.0,0.0,0.0,ETN(채권),0.12,,,,,-0.16839950347322208,-0.17202503013534737,2053,2026-10-08
Q520054,미래에셋 레버리지 코스피200 선물 ETN,3397.0,0.0,0.0,0.0,ETN(주식),-5.28,,,,,-0.16839950347322208,-0.17202503013534737,2054,2026-10-08
0025N0,TIGER TDF2045,7796.0,0.0,0.0,0.0,ETF(실물복제/수익증권),-0.51,,,,,-0.16839950347322208,-0.17202503013534737,2055,2026-10-08
265690,ACE 러시아MSCI(합성),158.0,0.0,0.0,0.0,ETF(합성복제/수익증권),0.0,,,,,-0.16839950347322208,-0.17202503013534737,2056,2026-10-08
261920,ACE 필리핀MSCI(합성),11.0,0.0,0.0,0.0,ETF(합성복제/수익증권),-1.26,,,,,-0.16839950347322208,-0.17202503013534737,2057,2026-10-08
261270,KODEX 미국달러선물인버스,870.0,0.0,0.0,0.0,ETF(실물복제/수익증권),0.18,,,,,-0.16839950347322208,-0.17202503013534737,2058,2026-10-08
0017Y0,1Q 종합채권(AA-이상)액티브,821.0,0.0,0.0,0.0,ETF(Active/수익증권),0.06,,,,,-0.16839950347322208,-0.17202503013534737,2059,2026-10-08
Q520064,미래에셋 2X 미국채울트라30년 선물 ETN,103.0,0.0,0.0,0.0,ETN(채권),0.1,,,,,-0.16839950347322208,-0.17202503013534737,2060,2026-10-08
266390,KODEX 경기소비재,86.0,0.0,0.0,0.0,ETF(실물복제/수익증권),-2.11,,,,,-0.16839950347322208,-0.17202503013534737,2061,2026-10-08
Q610056,메리츠 인버스 3X 국채3년 ETN,102.0,0.0,0.0,0.0,ETN(채권),0.02,,,,,-0.16839950347322208,-0.17202503013534737,2062,2026-10-08
278240,RISE 코스닥150선물레버리지,650.0,0.0,0.0,0.0,ETF(실물복제/수익증권),-2.32,,,,,-0.16839950347322208,-0.17202503013534737,2063,2026-10-08
277650,TIGER 코스피중형주,42.0,0.0,0.0,0.0,ETF(실물복제/수익증권),-0.63,,,,,-0.16839950347322208,-0.17202503013534737,2064,2026-10-08
277640,TIGER 코스피대형주,623.0,0.0,0.0,0.0,ETF(실물복제/수익증권),-2.16,,,,,-0.16839950347322208,-0.17202503013534737,2065,2026-10-08
Q500037,신한 레버리지 금 선물 ETN,1207.0,0.0,0.0,0.0,ETN(원자재),-0.13,,,,,-0.16839950347322208,-0.17202503013534737,2066,2026-10-08
Q500030,신한 인버스 2X 은 선물 ETN(H),24.0,0.0,0.0,0.0,ETN(원자재),6.06,,,,,-0.16839950347322208,-0.17202503013534737,2067,2026-10-08
Q500029,신한 레버리지 은 선물 ETN(H),1743.0,0.0,0.0,0.0,ETN(원자재),-5.35,,,,,-0.16839950347322208,-0.17202503013534737,2068,2026-10-08
276970,KODEX 미국S&P500배당귀족커버드콜(합성 H),348.0,0.0,0.0,0.0,ETF(합성복제/수익증권),-1.46,,,,,-0.16839950347322208,-0.17202503013534737,2069,2026-10-08
276650,RISE 글로벌테크놀로지(합성 H),368.0,0.0,0.0,0.0,ETF(합성복제/수익증권),-1.27,,,,,-0.16839950347322208,-0.17202503013534737,2070,2026-10-08
277630,TIGER 코스피,5436.0,0.0,0.0,0.0,ETF(실물복제/수익증권),-2.37,,,,,-0.16839950347322208,-0.17202503013534737,2071,2026-10-08
275980,TIGER 글로벌4차산업혁신기술(합성 H),593.0,0.0,0.0,0.0,ETF(합성복제/수익증권),-1.21,,,,,-0.16839950347322208,-0.17202503013534737,2072,2026-10-08
275750,RISE 코스닥150선물인버스,21.0,0.0,0.0,0.0,ETF(실물복제/수익증권),0.9,,,,,-0.16839950347322208,-0.17202503013534737,2073,2026-10-08
279530,KODEX 고배당주,3422.0,0.0,0.0,0.0,ETF(실물복제/수익증권),-1.16,,,,,-0.16839950347322208,-0.17202503013534737,2074,2026-10-08
278620,PLUS 단기채권액티브,669.0,0.0,0.0,0.0,ETF(Active/수익증권),0.02,,,,,-0.16839950347322208,-0.17202503013534737,2075,2026-10-08
278540,KODEX MSCI Korea TR,23302.0,0.0,0.0,0.0,ETF(실물복제/수익증권),-2.6,,,,,-0.16839950347322208,-0.17202503013534737,2076,2026-10-08
273140,KODEX 단기변동금리부채권액티브,2801.0,0.0,0.0,0.0,ETF(Active/수익증권),0.0,,,,,-0.16839950347322208,-0.17202503013534737,2077,2026-10-08
273130,KODEX 종합채권(AA-이상)액티브,35674.0,0.0,0.0,0.0,ETF(Active/수익증권),0.09,,,,,-0.16839950347322208,-0.17202503013534737,2078,2026-10-08
272910,ACE 중장기국공채액티브,731.0,0.0,0.0,0.0,ETF(Active/수익증권),0.0,,,,,-0.16839950347322208,-0.17202503013534737,2079,2026-10-08
272580,TIGER 단기채권액티브,7933.0,0.0,0.0,0.0,ETF(Active/수익증권),0.02,,,,,-0.16839950347322208,-0.17202503013534737,2080,2026-10-08
272570,RISE 중장기국공채액티브,73.0,0.0,0.0,0.0,ETF(Active/수익증권),-0.09,,,,,-0.16839950347322208,-0.17202503013534737,2081,2026-10-08
276000,TIGER 글로벌자원생산기업(합성 H),182.0,0.0,0.0,0.0,ETF(합성복제/수익증권),-1.29,,,,,-0.16839950347322208,-0.17202503013534737,2082,2026-10-08
251340,KODEX 코스닥150선물인버스,1284.0,0.0,0.0,0.0,ETF(실물복제/수익증권),1.14,,,,,-0.16839950347322208,-0.17202503013534737,2083,2026-10-08
0020H0,KoAct 글로벌양자컴퓨팅액티브,458.0,0.0,0.0,0.0,ETF(Active/수익증권),-2.11,,,,,-0.16839950347322208,-0.17202503013534737,2084,2026-10-08
Q610025,메리츠 인버스 2X 미국채10년 ETN(H),176.0,0.0,0.0,0.0,ETN(채권),0.03,,,,,-0.16839950347322208,-0.17202503013534737,2085,2026-10-08
Q610028,메리츠 레버리지 구리 선물 ETN(H),263.0,0.0,0.0,0.0,ETN(원자재),2.16,,,,,-0.16839950347322208,-0.17202503013534737,2086,2026-10-08
Q610029,메리츠 인버스 2X 구리 선물 ETN(H),48.0,0.0,0.0,0.0,ETN(원자재),0.63,,,,,-0.16839950347322208,-0.17202503013534737,2087,2026-10-08
271050,KODEX WTI원유선물인버스(H),2126.0,0.0,0.0,0.0,ETF(실물복제/수익증권),-0.62,,,,,-0.16839950347322208,-0.17202503013534737,2088,2026-10-08
270810,RISE 코스닥150,3491.0,0.0,0.0,0.0,ETF(실물복제/수익증권),-1.31,,,,,-0.16839950347322208,-0.17202503013534737,2089,2026-10-08
270800,RISE KQ고배당,91.0,0.0,0.0,0.0,ETF(실물복제/수익증권),-0.15,,,,,-0.16839950347322208,-0.17202503013534737,2090,2026-10-08
269540,PLUS 미국S&P500(H),911.0,0.0,0.0,0.0,ETF(실물복제/수익증권),-0.54,,,,,-0.16839950347322208,-0.17202503013534737,2091,2026-10-08
0018C0,PLUS 고배당주위클리고정커버드콜,781.0,0.0,0.0,0.0,ETF(실물복제/수익증권),-1.98,,,,,-0.16839950347322208,-0.17202503013534737,2092,2026-10-08
266370,KODEX IT,1126.0,0.0,0.0,0.0,ETF(실물복제/수익증권),-1.18,,,,,-0.16839950347322208,-0.17202503013534737,2093,2026-10-08
266360,KODEX K콘텐츠,336.0,0.0,0.0,0.0,ETF(실물복제/수익증권),-2.16,,,,,-0.16839950347322208,-0.17202503013534737,2094,2026-10-08
266160,RISE 고배당,2027.0,0.0,0.0,0.0,ETF(실물복제/수익증권),-2.36,,,,,-0.16839950347322208,-0.17202503013534737,2095,2026-10-08
Q610030,메리츠 S&P 유럽탄소배출권 선물 ETN(H),123.0,0.0,0.0,0.0,ETN(기타),1.11,,,,,-0.16839950347322208,-0.17202503013534737,2096,2026-10-08
267770,TIGER 200선물레버리지,1783.0,0.0,0.0,0.0,ETF(실물복제/수익증권),-5.65,,,,,-0.16839950347322208,-0.17202503013534737,2097,2026-10-08
267490,RISE 미국장기국채선물레버리지(합성 H),31.0,0.0,0.0,0.0,ETF(합성복제/수익증권),-0.45,,,,,-0.16839950347322208,-0.17202503013534737,2098,2026-10-08
267450,RISE 미국장기국채선물인버스(H),59.0,0.0,0.0,0.0,ETF(실물복제/수익증권),0.0,,,,,-0.16839950347322208,-0.17202503013534737,2099,2026-10-08
267440,RISE 미국장기국채선물(H),45.0,0.0,0.0,0.0,ETF(실물복제/수익증권),-0.26,,,,,-0.16839950347322208,-0.17202503013534737,2100,2026-10-08
232080,TIGER 코스닥150,14593.0,0.0,0.0,0.0,ETF(실물복제/수익증권),-0.99,,,,,-0.16839950347322208,-0.17202503013534737,2101,2026-10-08
230480,KIWOOM 미국달러선물인버스2X,89.0,0.0,0.0,0.0,ETF(실물복제/수익증권),0.31,,,,,-0.16839950347322208,-0.17202503013534737,2102,2026-10-08
269530,PLUS S&P글로벌인프라,110.0,0.0,0.0,0.0,ETF(실물복제/수익증권),-1.59,,,,,-0.16839950347322208,-0.17202503013534737,2103,2026-10-08
Q520057,미래에셋 인버스 2X 코스닥150 선물 ETN,461.0,0.0,0.0,0.0,ETN(주식),2.23,,,,,-0.16839950347322208,-0.17202503013534737,2104,2026-10-08
0018Z0,RISE 미국양자컴퓨팅,177.0,0.0,0.0,0.0,ETF(실물복제/수익증권),-1.5,,,,,-0.16839950347322208,-0.17202503013534737,2105,2026-10-08
0016X0,SOL 중단기회사채(A-이상)액티브,4240.0,0.0,0.0,0.0,ETF(Active/수익증권),-0.02,,,,,-0.16839950347322208,-0.17202503013534737,2106,2026-10-08
Q500041,신한 인버스 2X 구리 선물 ETN,35.0,0.0,0.0,0.0,ETN(원자재),-2.88,,,,,-0.16839950347322208,-0.17202503013534737,2107,2026-10-08
Q500040,신한 레버리지 구리 선물 ETN,326.0,0.0,0.0,0.0,ETN(원자재),1.42,,,,,-0.16839950347322208,-0.17202503013534737,2108,2026-10-08
Q500038,신한 인버스 2X 금 선물 ETN,12.0,0.0,0.0,0.0,ETN(원자재),1.17,,,,,-0.16839950347322208,-0.17202503013534737,2109,2026-10-08
Q520047,미래에셋 인버스 2X 옥수수 선물 ETN,258.0,0.0,0.0,0.0,ETN(원자재),2.5,,,,,-0.16839950347322208,-0.17202503013534737,2110,2026-10-08
Q520046,미래에셋 레버리지 옥수수 선물 ETN,104.0,0.0,0.0,0.0,ETN(원자재),-2.76,,,,,-0.16839950347322208,-0.17202503013534737,2111,2026-10-08
250780,TIGER 코스닥150선물인버스,62.0,0.0,0.0,0.0,ETF(실물복제/수익증권),1.59,,,,,-0.16839950347322208,-0.17202503013534737,2112,2026-10-08
251350,KODEX MSCI선진국,4830.0,0.0,0.0,0.0,ETF(실물복제/수익증권),-0.92,,,,,-0.16839950347322208,-0.17202503013534737,2113,2026-10-08
253150,PLUS 200선물레버리지,469.0,0.0,0.0,0.0,ETF(실물복제/수익증권),-5.39,,,,,-0.16839950347322208,-0.17202503013534737,2114,2026-10-08
252710,TIGER 200선물인버스2X,348.0,0.0,0.0,0.0,ETF(실물복제/수익증권),6.25,,,,,-0.16839950347322208,-0.17202503013534737,2115,2026-10-08
252670,KODEX 200선물인버스2X,8218.0,0.0,0.0,0.0,ETF(실물복제/수익증권),5.48,,,,,-0.16839950347322208,-0.17202503013534737,2116,2026-10-08
252650,KODEX 200동일가중,108.0,0.0,0.0,0.0,ETF(실물복제/수익증권),-1.98,,,,,-0.16839950347322208,-0.17202503013534737,2117,2026-10-08
252420,RISE 200선물인버스2X,43.0,0.0,0.0,0.0,ETF(실물복제/수익증권),5.13,,,,,-0.16839950347322208,-0.17202503013534737,2118,2026-10-08
269420,KODEX S&P글로벌인프라(합성),211.0,0.0,0.0,0.0,ETF(합성복제/수익증권),-1.14,,,,,-0.16839950347322208,-0.17202503013534737,2119,2026-10-08
269370,TIGER S&P글로벌인프라(합성),110.0,0.0,0.0,0.0,ETF(합성복제/수익증권),-1.94,,,,,-0.16839950347322208,-0.17202503013534737,2120,2026-10-08
0019K0,TIMEFOLIO 미국나스닥100채권혼합50액티브,5927.0,0.0,0.0,0.0,ETF(Active/수익증권),-0.59,,,,,-0.16839950347322208,-0.17202503013534737,2121,2026-10-08
251600,PLUS 고배당주채권혼합,5879.0,0.0,0.0,0.0,ETF(실물복제/수익증권),-0.76,,,,,-0.16839950347322208,-0.17202503013534737,2122,2026-10-08
251590,PLUS 고배당저변동50,120.0,0.0,0.0,0.0,ETF(실물복제/수익증권),-0.12,,,,,-0.16839950347322208,-0.17202503013534737,2123,2026-10-08
250730,RISE 차이나HSCEI(H),163.0,0.0,0.0,0.0,ETF(실물복제/수익증권),0.53,,,,,-0.16839950347322208,-0.17202503013534737,2124,2026-10-08
011700,한신기계,810.0,-178.21,-14.0,0.92,기계·장비,-3.29,-0.3,37.04,-2.65,0.0,-0.17431132882790049,-0.17522472353847976,2125,2026-10-08
006370,대구백화점,322.0,-0.99,-3001.0,0.19,유통,-0.33,-23.89,239.51,-8.98,0.0,-0.16985462178757324,-0.1756070800500233,2126,2026-10-08
119650,KC코트렐,1008.0,-7.06,-130.0,1.97,기계·장비,0.0,16.5,253.27,-61.65,0.0,-0.17877512062138745,-0.1777780464250076,2127,2026-10-08
003160,디아이,11928.0,234.17,180.0,6.7,의료·정밀기기,1.44,15.63,93.87,19.63,163.64,-0.17820938625186883,-0.17868704376758898,2128,2026-10-08
021050,서원,522.0,-9.24,-119.0,0.36,금속,-1.87,5.8,224.8,30.83,280.09,-0.18213431754756687,-0.18063472364715308,2129,2026-10-08
006400,삼성SDI,458532.0,-68.35,-8325.0,2.09,전기·전자,1.25,0.17,77.45,15.56,0.0,-0.18606893362566085,-0.183756569423126,2130,2026-10-08
000490,대동,2133.0,-11.56,-640.0,0.41,기계·장비,-1.07,-3.2,237.61,5.42,0.94,-0.1818478073134488,-0.18848636143534575,2131,2026-10-08
020120,키다리스튜디오,2587.0,38.99,179.0,1.27,IT 서비스,4.65,6.04,68.51,22.76,274.66,-0.18651921825826956,-0.19166779489919275,2132,2026-10-08
023810,인팩,539.0,4.51,1196.0,0.41,운송장비·부품,0.19,4.27,333.56,18.88,-41.3,-0.19943528492236245,-0.19296795146883605,2133,2026-10-08
010140,삼성중공업,165968.0,30.42,620.0,3.88,운송장비·부품,-3.48,13.42,281.28,18.46,82.42,-0.19472633486394839,-0.19428000555945785,2134,2026-10-08
017180,명문제약,437.0,22.96,56.0,0.44,제약,-2.21,-1.7,192.44,4.84,0.0,-0.12180903897693579,-0.19951925119590364,2135,2026-10-08
001550,조비,527.0,82.52,123.0,1.0,화학,0.3,1.22,127.66,-10.7,0.0,-0.19951682309267518,-0.19982477968128304,2136,2026-10-08
417310,코람코더원리츠,964.0,0.0,0.0,0.0,리츠,0.21,0.0,0.0,0.0,0.0,-0.19712013590945449,-0.1998500208900288,2137,2026-10-08
338100,NH프라임리츠,699.0,0.0,0.0,0.0,리츠,-0.93,0.0,0.0,0.0,0.0,-0.19712013590945449,-0.1998500208900288,2138,2026-10-08
448730,삼성FN리츠,4671.0,0.0,0.0,0.0,리츠,0.98,0.0,0.0,0.0,0.0,-0.19712013590945449,-0.1998500208900288,2139,2026-10-08
357250,미래에셋맵스리츠,456.0,0.0,0.0,0.0,리츠,-1.46,0.0,0.0,0.0,0.0,-0.19712013590945449,-0.1998500208900288,2140,2026-10-08
002150,도화엔지니어링,1649.0,22.53,217.0,0.64,일반서비스,-1.61,3.54,202.69,0.21,-74.37,-0.1983653025562829,-0.20010877269672828,2141,2026-10-08
015590,DKME,1183.0,-36.31,-61.0,0.84,기계·장비,1.14,-3.02,46.86,-49.39,0.0,-0.20515359830894464,-0.2066168974392934,2142,2026-10-08
032830,삼성생명,538000.0,23.36,11514.0,0.77,보험,-4.27,3.34,213.23,73.28,18.63,-0.2052139924699073,-0.20840677563521132,2143,2026-10-08
302440,SK바이오사이언스,28833.0,-50.14,-733.0,1.61,제약,-3.29,-4.79,48.58,2.5,0.0,-0.2204210387762216,-0.21291321790524326,2144,2026-10-08
170900,동아에스티,3400.0,-12.0,-2913.0,0.52,제약,-1.27,1.35,100.97,13.87,0.0,-0.16459633709001015,-0.22464349402976275,2145,2026-10-08
000040,KR모터스,195.0,-7.29,-136.0,0.39,운송장비·부품,-0.5,54.83,134.07,286.43,0.0,-0.227539801409956,-0.22998687414898383,2146,2026-10-08
071090,하이스틸,687.0,-14.98,-227.0,0.48,금속,-1.59,0.61,99.4,5.25,126.78,-0.2290969464374618,-0.23027550760702292,2147,2026-10-08
180640,한진칼,86991.0,56.58,2303.0,2.62,금융,-2.69,-0.91,19.5,5.79,78.97,-0.23296670720281212,-0.2325917868936655,2148,2026-10-08
011690,와이투솔루션,1351.0,-14.05,-262.0,1.36,전기·전자,-1.08,0.0,120.95,148.12,0.0,-0.23462511271541298,-0.23374578305672014,2149,2026-10-08
214330,금호에이치티,718.0,-3.2,-2150.0,0.22,운송장비·부품,0.29,-5.76,37.06,-10.3,23.11,-0.23135739972401886,-0.23430345946791017,2150,2026-10-08
264900,크라운제과,953.0,0.0,0.0,0.0,음식료·담배,-0.26,0.0,0.0,0.0,0.0,-0.238951124146699,-0.2404119271568458,2151,2026-10-08
008730,율촌화학,3846.0,92.32,168.0,1.32,화학,-1.71,1.71,140.65,12.22,-10.9,-0.24401212527041322,-0.24278019726350636,2152,2026-10-08
000300,DH오토넥스,1740.0,37.5,112.0,4.81,운송장비·부품,0.0,-2.3,66.54,47.78,0.0,-0.2494623939724962,-0.24798673801692217,2153,2026-10-08
001275,부국증권우,914.0,0.0,0.0,0.0,증권,0.0,,,,,-0.2533935061295375,-0.2533133614122552,2154,2026-10-08
003545,대신증권우,4828.0,0.0,0.0,0.0,증권,-0.55,,,,,-0.2533935061295375,-0.2533133614122552,2155,2026-10-08
003547,대신증권2우B,1815.0,0.0,0.0,0.0,증권,-1.51,,,,,-0.2533935061295375,-0.2533133614122552,2156,2026-10-08
001755,한양증권우,90.0,0.0,0.0,0.0,증권,-0.83,,,,,-0.2533935061295375,-0.2533133614122552,2157,2026-10-08
001515,SK증권우,77.0,0.0,0.0,0.0,증권,-0.63,,,,,-0.2533935061295375,-0.2533133614122552,2158,2026-10-08
003465,유화증권우,559.0,0.0,0.0,0.0,증권,1.43,,,,,-0.2533935061295375,-0.2533133614122552,2159,2026-10-08
003535,한화투자증권우,313.0,0.0,0.0,0.0,증권,-0.46,,,,,-0.2533935061295375,-0.2533133614122552,2160,2026-10-08
006805,미래에셋증권우,1423.0,0.0,0.0,0.0,증권,-3.47,,,,,-0.2533935061295375,-0.2533133614122552,2161,2026-10-08
00680K,미래에셋증권2우B,12345.0,0.0,0.0,0.0,증권,-2.81,,,,,-0.2533935061295375,-0.2533133614122552,2162,2026-10-08
005945,NH투자증권우,3982.0,0.0,0.0,0.0,증권,-4.52,,,,,-0.2533935061295375,-0.2533133614122552,2163,2026-10-08
003475,유안타증권우,527.0,0.0,0.0,0.0,증권,-0.84,,,,,-0.2533935061295375,-0.2533133614122552,2164,2026-10-08
002920,유성기업,465.0,-1.65,-1086.0,0.18,운송장비·부품,-0.17,-11.02,47.03,-14.52,0.0,-0.2585801691443028,-0.25425059381002946,2165,2026-10-08
181710,NHN,18137.0,58.81,954.0,1.18,IT 서비스,-1.41,4.78,94.43,18.61,69.78,-0.2546936118542122,-0.254308365496007,2166,2026-10-08
003010,혜인,1025.0,0.0,0.0,0.0,유통,-3.12,0.0,0.0,0.0,0.0,-0.18605435778935558,-0.2574021152921328,2167,2026-10-08
002700,신일전자,713.0,0.0,0.0,0.0,유통,-0.76,0.0,0.0,0.0,0.0,-0.18605435778935558,-0.2574021152921328,2168,2026-10-08
037710,광주신세계,2574.0,0.0,0.0,0.0,유통,0.3,0.0,0.0,0.0,0.0,-0.18605435778935558,-0.2574021152921328,2169,2026-10-08
011810,STX,1095.0,-0.66,-5357.0,-0.96,유통,0.0,0.0,0.0,-69.56,0.0,-0.18605435778935558,-0.2574021152921328,2170,2026-10-08
381970,케이카,3066.0,0.0,0.0,0.0,유통,0.0,0.0,0.0,0.0,0.0,-0.18605435778935558,-0.2574021152921328,2171,2026-10-08
023590,다우기술,15778.0,3.24,11260.0,0.46,IT 서비스,-3.32,21.35,1212.39,207.66,88.52,-0.2461298632821165,-0.2586627794985029,2172,2026-10-08
084680,이월드,613.0,-14.9,-145.0,1.31,제조,-4.42,-8.78,82.21,-5.92,0.0,-0.3287670144354004,-0.2595392720291527,2173,2026-10-08
450080,에코프로머티,26661.0,-60.92,-618.0,3.56,전기·전자,-1.57,0.0,95.85,61.25,0.0,-0.2620422323623461,-0.2618224076042821,2174,2026-10-08
090370,메타랩스,316.0,-3.28,-353.0,0.41,섬유·의류,1.14,-7.4,88.59,186.76,0.0,-0.2687618003239242,-0.27123263594807423,2175,2026-10-08
015860,일진홀딩스,3420.0,9.72,713.0,0.61,금융,-3.21,-3.99,97.44,18.58,91.8,-0.27016148680129737,-0.27161866710163113,2176,2026-10-08
001340,PKC,2323.0,22.93,225.0,1.02,화학,1.78,3.4,177.8,8.44,89.9,-0.27246244666853153,-0.27208622553983464,2177,2026-10-08
011330,유니켐,439.0,-6.4,-684.0,0.3,운송장비·부품,3.91,0.0,79.59,-3.82,0.0,-0.28695814316286794,-0.27328256391974537,2178,2026-10-08
018880,한온시스템,41204.0,-15.62,-257.0,1.09,기계·장비,4.15,-0.15,157.17,2.7,135.27,-0.2827732047583405,-0.2760907186533077,2179,2026-10-08
372910,한컴라이프케어,577.0,-7.47,-279.0,0.45,의료·정밀기기,-1.42,-0.31,44.61,80.99,0.0,-0.26787824409822547,-0.2762691357897388,2180,2026-10-08
003220,대원제약,1837.0,-132.1,-62.0,0.66,제약,-0.73,0.98,107.93,3.05,-45.33,-0.23836470325757692,-0.276561585929928,2181,2026-10-08
085620,미래에셋생명,27577.0,30.91,660.0,1.09,보험,-9.93,5.17,1318.23,143.93,-11.84,-0.27994911331169925,-0.2782910805261562,2182,2026-10-08
009320,아진전자부품,484.0,11.16,88.0,1.45,운송장비·부품,-2.09,4.43,243.35,0.32,-53.61,-0.28214974173675433,-0.2797090958217081,2183,2026-10-08
475150,SK이터닉스,15671.0,50.55,910.0,5.68,건설,-6.31,2.83,363.27,194.13,-9.98,-0.28327521396138894,-0.28277445985352795,2184,2026-10-08
454910,두산로보틱스,44726.0,-80.61,-856.0,12.83,기계·장비,-3.09,-14.58,34.21,236.01,0.0,-0.28485123233362414,-0.2840824568019833,2185,2026-10-08
002420,세기상사,1789.0,-11.3,-508.0,1.31,유통,0.88,-10.99,106.01,5.63,0.0,-0.23847491316929187,-0.2890653410308982,2186,2026-10-08
017040,광명전기,404.0,0.0,0.0,0.0,전기·전자,0.0,0.0,0.0,0.0,0.0,-0.29108377494470966,-0.2911960494926486,2187,2026-10-08
001360,삼성제약,1296.0,-8.88,-155.0,1.22,제약,-4.04,-15.36,21.35,-14.75,0.0,-0.28927043200614555,-0.29241018990992057,2188,2026-10-08
004710,한솔테크닉스,6217.0,-30.84,-380.0,1.38,전기·전자,-1.01,-3.42,116.07,3.13,-11.69,-0.29384548293008445,-0.29279088551877397,2189,2026-10-08
363280,티와이홀딩스,910.0,-1.1,-1820.0,0.09,금융,-0.25,-9.48,87.74,15.42,0.0,-0.29346206173402273,-0.2935054753549038,2190,2026-10-08
002410,범양건영,532.0,-0.61,-3184.0,-0.76,건설,0.0,0.0,0.0,-83.59,0.0,-0.29491463784812083,-0.2943876289362788,2191,2026-10-08
002220,한일철강,806.0,-143.81,-21.0,0.44,금속,4.32,-1.14,122.89,23.79,91.92,-0.31510086120099723,-0.30686741477646257,2192,2026-10-08
105560,KB금융,577432.0,10.77,15116.0,0.99,금융,-3.38,10.47,1282.56,42.25,22.91,-0.3075489264787388,-0.3086080509288963,2193,2026-10-08
024110,기업은행,157492.0,5.81,3400.0,0.43,금융,-1.74,7.3,1288.9,13.95,-5.32,-0.3110018617872954,-0.312942199743484,2194,2026-10-08
071050,한국금융지주,93954.0,5.14,32808.0,0.82,금융,-3.33,24.44,1119.39,130.38,119.74,-0.30947081915010133,-0.31331509087799125,2195,2026-10-08
344820,KCC글라스,3753.0,-4.49,-5237.0,0.27,비금속,-2.08,-4.05,78.1,8.55,0.0,-0.3152475444860926,-0.3207465129961746,2196,2026-10-08
000210,DL,10153.0,-12.46,-3887.0,0.27,화학,-1.62,3.44,144.39,8.95,108.23,-0.3126344121825907,-0.325160008549041,2197,2026-10-08
035720,카카오,143089.0,29.1,1110.0,1.26,IT 서비스,-2.27,3.1,83.59,10.24,47.44,-0.3233098974044271,-0.3252847067696434,2198,2026-10-08
055550,신한지주,467103.0,9.87,10085.0,0.82,금융,-3.68,9.17,1245.01,17.54,16.98,-0.32280020092042294,-0.3254022328961969,2199,2026-10-08
005110,한창,11.0,0.02,3053.0,0.06,유통,-10.34,-64.98,1051.65,10.01,0.0,-0.1736412668675964,-0.3291113672575815,2200,2026-10-08
036460,한국가스공사,33325.0,25.05,1441.0,0.29,전기·가스,-0.82,4.99,345.26,-5.17,28.0,-0.3367610927984007,-0.3320155937644938,2201,2026-10-08
051900,LG생활건강,40359.0,-47.38,-5688.0,0.83,화학,-0.55,-1.34,25.05,-2.08,6.81,-0.33169809722413623,-0.33268166483930783,2202,2026-10-08
006840,AK홀딩스,884.0,-0.74,-9008.0,0.21,금융,-1.77,3.18,473.91,25.79,0.0,-0.3245769744983758,-0.33330524885193324,2203,2026-10-08
001210,금호전기,1076.0,-30.21,-282.0,4.26,전기·전자,-2.74,-0.18,122.81,-12.65,0.0,-0.3366821468736293,-0.3381458533967643,2204,2026-10-08
020760,일진디스플,555.0,-7.39,-122.0,1.63,전기·전자,0.0,-10.74,86.9,-36.35,0.0,-0.3420133889877575,-0.3416992077060391,2205,2026-10-08
02826K,삼성물산우B,3089.0,0.0,0.0,0.0,유통,-3.22,,,,,-0.2723331208284331,-0.34368606724110534,2206,2026-10-08
45226K,한화갤러리아우,126.0,0.0,0.0,0.0,유통,-2.04,,,,,-0.2723331208284331,-0.34368606724110534,2207,2026-10-08
008775,호텔신라우,210.0,0.0,0.0,0.0,유통,0.72,,,,,-0.2723331208284331,-0.34368606724110534,2208,2026-10-08
000650,천일고속,3159.0,-75.25,-2937.0,22.31,운송·창고,22.57,-25.32,279.81,1.63,0.0,-0.3455807452910703,-0.3436875201393508,2209,2026-10-08
023960,에쓰씨엔지니어링,379.0,-7.67,-130.0,0.8,건설,-0.6,-26.63,179.62,-58.37,0.0,-0.34613578217582697,-0.3457545369060178,2210,2026-10-08
002990,금호건설,4151.0,6.5,1715.0,1.63,건설,-2.45,30.01,405.51,-3.42,30.73,-0.3460810616565018,-0.3486674963104416,2211,2026-10-08
008770,호텔신라,15189.0,-8.96,-4321.0,1.32,유통,-1.78,-11.48,207.04,1.41,1217.57,-0.2987210230708917,-0.34894905703188556,2212,2026-10-08
004910,조광페인트,433.0,-4.19,-808.0,0.16,화학,-1.17,-6.96,112.99,3.02,0.0,-0.32598241427146674,-0.3544131819019876,2213,2026-10-08
034220,LG디스플레이,40800.0,18.01,453.0,0.62,전기·전자,-1.09,-21.15,259.5,-4.34,0.0,-0.36156798421065234,-0.3651851097249382,2214,2026-10-08
002787,진흥기업2우B,3.0,0.0,0.0,0.0,건설,0.4,,,,,-0.367291668242002,-0.36678156789409183,2215,2026-10-08
005965,동부건설우,39.0,0.0,0.0,0.0,건설,0.0,,,,,-0.367291668242002,-0.36678156789409183,2216,2026-10-08
37550L,DL이앤씨2우(전환),923.0,0.0,0.0,0.0,건설,-4.9,,,,,-0.367291668242002,-0.36678156789409183,2217,2026-10-08
000725,현대건설우,531.0,0.0,0.0,0.0,건설,-2.14,,,,,-0.367291668242002,-0.36678156789409183,2218,2026-10-08
37550K,DL이앤씨우,537.0,0.0,0.0,0.0,건설,-3.61,,,,,-0.367291668242002,-0.36678156789409183,2219,2026-10-08
002785,진흥기업우B,6.0,0.0,0.0,0.0,건설,-3.22,,,,,-0.367291668242002,-0.36678156789409183,2220,2026-10-08
009415,태영건설우,39.0,0.0,0.0,0.0,건설,0.33,,,,,-0.367291668242002,-0.36678156789409183,2221,2026-10-08
002995,금호건설우,44.0,0.0,0.0,0.0,건설,4.41,,,,,-0.367291668242002,-0.36678156789409183,2222,2026-10-08
003075,코오롱글로벌우,90.0,0.0,0.0,0.0,건설,-1.7,,,,,-0.367291668242002,-0.36678156789409183,2223,2026-10-08
138930,BNK금융지주,46977.0,5.96,2570.0,0.44,금융,-1.1,6.98,1363.0,33.17,12.36,-0.3647292664949936,-0.3681331971662203,2224,2026-10-08
086790,하나금융지주,336816.0,8.81,14110.0,0.75,금융,-3.57,9.11,1372.66,37.55,8.91,-0.37382849696777964,-0.37645628344973053,2225,2026-10-08
002020,코오롱,2924.0,-1.96,-11553.0,0.17,금융,-1.52,-3.74,191.59,10.7,142.94,-0.3776092102027526,-0.38667838515794906,2226,2026-10-08
451800,한화리츠,9806.0,0.0,0.0,0.0,리츠,2.25,,,,,-0.3951161230471173,-0.39621571219192986,2227,2026-10-08
330590,롯데리츠,12007.0,0.0,0.0,0.0,리츠,0.0,,,,,-0.3951161230471173,-0.39621571219192986,2228,2026-10-08
352820,하이브,70652.0,-28.89,-5673.0,2.14,오락·문화,-1.86,-11.26,63.48,78.1,0.0,-0.39641184348694447,-0.39621790337511026,2229,2026-10-08
011390,부산산업,501.0,-14.5,-3270.0,0.4,비금속,0.53,-1.59,97.56,-14.87,0.0,-0.4023221868356063,-0.39729695427320233,2230,2026-10-08
011170,롯데케미칼,25494.0,-1.25,-47624.0,0.2,화학,-1.81,-8.79,76.76,18.8,0.0,-0.38706594391005966,-0.3995244541659295,2231,2026-10-08
004380,삼익THK,1577.0,-3.55,-2146.0,1.0,기계·장비,-0.52,-9.72,159.45,27.5,0.0,-0.4049890604810753,-0.4049185296843107,2232,2026-10-08
089590,제주항공,3617.0,-3.11,-1443.0,1.31,운송·창고,-2.18,-38.69,1009.03,36.38,0.0,-0.4062989012030469,-0.40798192899546504,2233,2026-10-08
013360,일성건설,717.0,19.23,69.0,0.98,건설,-1.48,5.14,446.45,-16.24,-20.96,-0.411416323482601,-0.4113123931777051,2234,2026-10-08
003070,코오롱글로벌,2286.0,-0.95,-9461.0,0.33,건설,-0.99,-14.33,321.87,0.24,158.76,-0.4085912785433875,-0.41209506025490394,2235,2026-10-08
316140,우리금융지주,238350.0,7.66,4221.0,0.66,금융,-3.0,8.71,1453.76,22.47,7.39,-0.4095314869904849,-0.4123927702710475,2236,2026-10-08
120030,조선선재,1039.0,0.0,0.0,0.0,금속,0.85,0.0,0.0,0.0,0.0,-0.41183231006303667,-0.4131935746560907,2237,2026-10-08
460860,동국제강,4673.0,0.0,0.0,0.0,금속,-2.59,0.0,0.0,0.0,0.0,-0.41183231006303667,-0.4131935746560907,2238,2026-10-08
024090,디씨엠,1297.0,0.0,0.0,0.0,금속,0.26,0.0,0.0,0.0,0.0,-0.41183231006303667,-0.4131935746560907,2239,2026-10-08
026940,부국철강,408.0,0.0,0.0,0.0,금속,-1.45,0.0,0.0,0.0,0.0,-0.41183231006303667,-0.4131935746560907,2240,2026-10-08
000680,LS네트웍스,2301.0,-7.21,-405.0,0.26,유통,-1.18,-0.77,1083.24,311.13,108.71,-0.39616913035227075,-0.41518449714122263,2241,2026-10-08
006280,녹십자,15122.0,-323.5,-400.0,1.21,제약,-0.84,-3.97,112.44,-3.09,-61.91,-0.413487436561091,-0.41635018121777256,2242,2026-10-08
001065,JW중외제약우,75.0,0.0,0.0,0.0,제약,1.39,,,,,-0.5356323105552347,-0.4179199982495265,2243,2026-10-08
001067,JW중외제약2우B,105.0,0.0,0.0,0.0,제약,-0.1,,,,,-0.5356323105552347,-0.4179199982495265,2244,2026-10-08
019175,신풍제약우,287.0,0.0,0.0,0.0,제약,-6.36,,,,,-0.5356323105552347,-0.4179199982495265,2245,2026-10-08
007575,일양약품우,35.0,0.0,0.0,0.0,제약,0.63,,,,,-0.5356323105552347,-0.4179199982495265,2246,2026-10-08
000105,유한양행우,735.0,0.0,0.0,0.0,제약,-1.69,,,,,-0.5356323105552347,-0.4179199982495265,2247,2026-10-08
000225,유유제약1우,82.0,0.0,0.0,0.0,제약,-0.55,,,,,-0.5356323105552347,-0.4179199982495265,2248,2026-10-08
000227,유유제약2우B,26.0,0.0,0.0,0.0,제약,-1.72,,,,,-0.5356323105552347,-0.4179199982495265,2249,2026-10-08
007280,한국특강,672.0,-48.85,-48.0,0.64,금속,3.53,-1.3,148.0,-7.42,-77.57,-0.4266763683428069,-0.4227708105620898,2250,2026-10-08
000480,CR홀딩스,2028.0,-7.39,-585.0,0.32,비금속,0.58,-4.78,96.7,-2.65,-29.43,-0.4297377399538036,-0.42660011662543845,2251,2026-10-08
462870,시프트업,18063.0,9.43,3261.0,1.94,IT 서비스,-1.91,0.0,12.99,-33.36,-47.47,-0.4283253672791287,-0.42703575808439853,2252,2026-10-08
079980,휴비스,666.0,28.79,67.0,0.26,화학,-0.05,-5.01,223.06,0.03,-60.09,-0.4232712334462866,-0.42851320843701396,2253,2026-10-08
26490K,크라운제과우,58.0,0.0,0.0,0.0,음식료·담배,-0.13,,,,,-0.4283141481401164,-0.4297986522147464,2254,2026-10-08
011155,CJ씨푸드1우,11.0,0.0,0.0,0.0,음식료·담배,-3.31,,,,,-0.4283141481401164,-0.4297986522147464,2255,2026-10-08
005305,롯데칠성우,509.0,0.0,0.0,0.0,음식료·담배,-0.45,,,,,-0.4283141481401164,-0.4297986522147464,2256,2026-10-08
003925,남양유업우,566.0,0.0,0.0,0.0,음식료·담배,0.17,,,,,-0.4283141481401164,-0.4297986522147464,2257,2026-10-08
004415,서울식품우,9.0,0.0,0.0,0.0,음식료·담배,3.19,,,,,-0.4283141481401164,-0.4297986522147464,2258,2026-10-08
145995,삼양사우,119.0,0.0,0.0,0.0,음식료·담배,0.0,,,,,-0.4283141481401164,-0.4297986522147464,2259,2026-10-08
001685,대상우,202.0,0.0,0.0,0.0,음식료·담배,0.27,,,,,-0.4283141481401164,-0.4297986522147464,2260,2026-10-08
000087,하이트진로2우B,139.0,0.0,0.0,0.0,음식료·담배,0.08,,,,,-0.4283141481401164,-0.4297986522147464,2261,2026-10-08
001795,대한제당우,137.0,0.0,0.0,0.0,음식료·담배,-1.4,,,,,-0.4283141481401164,-0.4297986522147464,2262,2026-10-08
097955,CJ제일제당 우,1464.0,0.0,0.0,0.0,음식료·담배,0.09,,,,,-0.4283141481401164,-0.4297986522147464,2263,2026-10-08
012170,아센디오,219.0,-0.47,-6349.0,0.9,오락·문화,-4.46,-37.18,15.75,1.26,0.0,-0.43040266155810325,-0.4306998685155069,2264,2026-10-08
002760,보락,592.0,-39.56,-25.0,1.27,화학,-0.5,-3.16,27.08,1.77,0.0,-0.4322611907695789,-0.43219316274216846,2265,2026-10-08
009420,한올바이오파마,22986.0,-415.09,-106.0,13.82,제약,-3.93,-15.68,48.81,9.73,756.65,-0.4707960484803358,-0.43473872091446664,2266,2026-10-08
456040,OCI,6374.0,-10.18,-6994.0,0.57,화학,-2.47,0.74,97.5,-2.27,791.56,-0.43141109378341425,-0.4362015499399484,2267,2026-10-08
008970,동양철관,1475.0,-40.6,-35.0,1.04,금속,0.5,-3.48,75.16,29.26,0.0,-0.4411213994039826,-0.4385715648465989,2268,2026-10-08
014280,금강공업,1351.0,-3.08,-1494.0,0.37,금속,0.22,-4.59,146.99,3.92,181.33,-0.4428954206216897,-0.44180971585597373,2269,2026-10-08
108670,LX하우시스,2874.0,-7.31,-4387.0,0.38,화학,-1.84,4.09,160.85,9.59,407.49,-0.43503746301163143,-0.4435774852793793,2270,2026-10-08
032350,롯데관광개발,8865.0,31.24,356.0,2.38,일반서비스,-1.42,14.76,484.44,28.55,74.94,-0.4443064645141041,-0.4443321258792624,2271,2026-10-08
161000,애경케미칼,5473.0,-184.43,-61.0,0.76,화학,3.97,2.78,111.82,17.12,1732.67,-0.4475577058875938,-0.44496627553009893,2272,2026-10-08
097950,CJ제일제당,27655.0,-5.27,-34884.0,0.42,음식료·담배,0.66,-9.07,160.4,7.8,-17.91,-0.45207383351185443,-0.44504576863667433,2273,2026-10-08
134380,미원화학,2278.0,0.0,0.0,0.0,화학,0.97,0.0,0.0,0.0,0.0,-0.45322312133476217,-0.4480987818449235,2274,2026-10-08
003350,한국화장품제조,3680.0,0.0,0.0,0.0,화학,-3.51,0.0,0.0,0.0,0.0,-0.45322312133476217,-0.4480987818449235,2275,2026-10-08
023450,동남합성,1099.0,0.0,0.0,0.0,화학,-0.32,0.0,0.0,0.0,0.0,-0.45322312133476217,-0.4480987818449235,2276,2026-10-08
139130,iM금융지주,27824.0,6.52,2696.0,0.45,금융,-2.39,6.91,1536.35,83.33,-7.6,-0.4439190034403805,-0.44923426731426697,2277,2026-10-08
271940,일진하이솔루스,4158.0,-208.18,-55.0,1.32,운송장비·부품,-2.05,0.0,8.22,81.3,0.0,-0.4501529989369222,-0.44936628223407643,2278,2026-10-08
001750,한양증권,2863.0,6.47,2927.0,0.49,증권,-1.3,0.0,921.56,3.86,49.53,-0.45386410067515615,-0.4497143392085087,2279,2026-10-08
009410,태영건설,5207.0,7.55,216.0,0.8,건설,0.37,33.71,510.14,-43.72,20.94,-0.4620150653574927,-0.45971365604069825,2280,2026-10-08
000140,하이트진로홀딩스,1787.0,-70.64,-109.0,0.3,금융,-0.26,-0.44,228.35,-3.91,-9.12,-0.4689789729980644,-0.4709500428306455,2281,2026-10-08
036580,팜스코,909.0,2.22,1114.0,0.42,음식료·담배,0.0,-8.29,445.61,9.97,7.92,-0.4807758161201501,-0.4786690143257962,2282,2026-10-08
36328K,티와이홀딩스우,34.0,0.0,0.0,0.0,금융,-0.35,,,,,-0.4801789909472145,-0.4802945462107937,2283,2026-10-08
000145,하이트진로홀딩스우,42.0,0.0,0.0,0.0,금융,-1.53,,,,,-0.4801789909472145,-0.4802945462107937,2284,2026-10-08
03473K,SK우,2081.0,0.0,0.0,0.0,금융,-1.74,,,,,-0.4801789909472145,-0.4802945462107937,2285,2026-10-08
003555,LG우,2048.0,0.0,0.0,0.0,금융,0.0,,,,,-0.4801789909472145,-0.4802945462107937,2286,2026-10-08
18064K,한진칼우,155.0,0.0,0.0,0.0,금융,-1.35,,,,,-0.4801789909472145,-0.4802945462107937,2287,2026-10-08
00806K,대덕1우,133.0,0.0,0.0,0.0,금융,0.55,,,,,-0.4801789909472145,-0.4802945462107937,2288,2026-10-08
005745,크라운해태홀딩스우,31.0,0.0,0.0,0.0,금융,1.8,,,,,-0.4801789909472145,-0.4802945462107937,2289,2026-10-08
000325,노루홀딩스우,69.0,0.0,0.0,0.0,금융,-1.73,,,,,-0.4801789909472145,-0.4802945462107937,2290,2026-10-08
00104K,CJ4우(전환),5406.0,0.0,0.0,0.0,금융,-0.08,,,,,-0.4801789909472145,-0.4802945462107937,2291,2026-10-08
00499K,롯데지주우,192.0,0.0,0.0,0.0,금융,-1.65,,,,,-0.4801789909472145,-0.4802945462107937,2292,2026-10-08
078935,GS우,1052.0,0.0,0.0,0.0,금융,-1.5,,,,,-0.4801789909472145,-0.4802945462107937,2293,2026-10-08
084695,대상홀딩스우,126.0,0.0,0.0,0.0,금융,-1.93,,,,,-0.4801789909472145,-0.4802945462107937,2294,2026-10-08
071055,한국금융지주우,8014.0,0.0,0.0,0.0,금융,-2.29,,,,,-0.4801789909472145,-0.4802945462107937,2295,2026-10-08
006125,SK디스커버리우,541.0,0.0,0.0,0.0,금융,-0.68,,,,,-0.4801789909472145,-0.4802945462107937,2296,2026-10-08
002025,코오롱우,149.0,0.0,0.0,0.0,금융,-1.0,,,,,-0.4801789909472145,-0.4802945462107937,2297,2026-10-08
38380K,LX홀딩스1우,111.0,0.0,0.0,0.0,금융,-0.91,,,,,-0.4801789909472145,-0.4802945462107937,2298,2026-10-08
001045,CJ우,1501.0,0.0,0.0,0.0,금융,-0.15,,,,,-0.4801789909472145,-0.4802945462107937,2299,2026-10-08
011930,신성이엔지,3982.0,-57.68,-340.0,1.71,전기·전자,-0.15,-2.04,193.97,38.72,0.0,-0.4838432254150896,-0.48229791042835685,2300,2026-10-08
010660,화천기계,662.0,0.0,0.0,0.0,기계·장비,-0.33,0.0,0.0,0.0,0.0,-0.48611315115652404,-0.48484700716795903,2301,2026-10-08
000815,삼성화재우,11607.0,0.0,0.0,0.0,보험,-2.03,,,,,-0.48540163939264536,-0.48623109194483033,2302,2026-10-08
000545,흥국화재우,43.0,0.0,0.0,0.0,보험,-2.43,,,,,-0.48540163939264536,-0.48623109194483033,2303,2026-10-08
396690,미래에셋글로벌리츠,530.0,-22.28,-60.0,0.37,리츠,0.91,-11.41,168.21,-17.97,6.95,-0.48732597771606234,-0.4874336674059605,2304,2026-10-08
005935,삼성전자우,1556600.0,0.0,0.0,0.0,전기·전자,-2.02,,,,,-0.4955058555891045,-0.49564267033006665,2305,2026-10-08
33626K,두산퓨얼셀1우,795.0,0.0,0.0,0.0,전기·전자,-3.41,,,,,-0.4955058555891045,-0.49564267033006665,2306,2026-10-08
33626L,두산퓨얼셀2우B,222.0,0.0,0.0,0.0,전기·전자,0.13,,,,,-0.4955058555891045,-0.49564267033006665,2307,2026-10-08
35320K,대덕전자1우,602.0,0.0,0.0,0.0,전기·전자,3.42,,,,,-0.4955058555891045,-0.49564267033006665,2308,2026-10-08
33637K,솔루스첨단소재1우,256.0,0.0,0.0,0.0,전기·전자,-1.88,,,,,-0.4955058555891045,-0.49564267033006665,2309,2026-10-08
000157,두산2우B,3175.0,0.0,0.0,0.0,전기·전자,-3.92,,,,,-0.4955058555891045,-0.49564267033006665,2310,2026-10-08
000155,두산우,17265.0,0.0,0.0,0.0,전기·전자,-6.09,,,,,-0.4955058555891045,-0.49564267033006665,2311,2026-10-08
006345,대원전선우,259.0,0.0,0.0,0.0,전기·전자,0.41,,,,,-0.4955058555891045,-0.49564267033006665,2312,2026-10-08
00781K,코리아써키트2우B,125.0,0.0,0.0,0.0,전기·전자,-1.36,,,,,-0.4955058555891045,-0.49564267033006665,2313,2026-10-08
006405,삼성SDI우,3592.0,0.0,0.0,0.0,전기·전자,0.23,,,,,-0.4955058555891045,-0.49564267033006665,2314,2026-10-08
066575,LG전자우,12371.0,0.0,0.0,0.0,전기·전자,-2.31,,,,,-0.4955058555891045,-0.49564267033006665,2315,2026-10-08
014915,성문전자우,30.0,0.0,0.0,0.0,전기·전자,2.04,,,,,-0.4955058555891045,-0.49564267033006665,2316,2026-10-08
007815,코리아써우,658.0,0.0,0.0,0.0,전기·전자,0.23,,,,,-0.4955058555891045,-0.49564267033006665,2317,2026-10-08
009155,삼성전기우,14971.0,0.0,0.0,0.0,전기·전자,-2.46,,,,,-0.4955058555891045,-0.49564267033006665,2318,2026-10-08
33637L,솔루스첨단소재2우B,84.0,0.0,0.0,0.0,전기·전자,-2.2,,,,,-0.4955058555891045,-0.49564267033006665,2319,2026-10-08
024900,디와이덕양,703.0,56.84,38.0,0.59,운송장비·부품,-0.92,2.36,425.17,-4.81,0.0,-0.49749185098838933,-0.4957508182855765,2320,2026-10-08
000880,한화,58715.0,27.95,3939.0,0.83,화학,-6.69,6.69,458.35,39.58,54.71,-0.4950327851700487,-0.5038498970624,2321,2026-10-08
079160,CJ CGV,8329.0,-5.79,-868.0,1.46,오락·문화,0.0,-11.73,412.31,13.86,310.53,-0.5045032996674436,-0.5049077118436677,2322,2026-10-08
002795,아모레퍼시픽홀딩스우,710.0,0.0,0.0,0.0,화학,-0.8,,,,,-0.511641861329821,-0.5066431504892459,2323,2026-10-08
108675,LX하우시스우,184.0,0.0,0.0,0.0,화학,-1.71,,,,,-0.511641861329821,-0.5066431504892459,2324,2026-10-08
00088K,한화3우B,5313.0,0.0,0.0,0.0,화학,-2.82,,,,,-0.511641861329821,-0.5066431504892459,2325,2026-10-08
002355,넥센타이어1우B,257.0,0.0,0.0,0.0,화학,-0.13,,,,,-0.511641861329821,-0.5066431504892459,2326,2026-10-08
096775,SK이노베이션우,930.0,0.0,0.0,0.0,화학,-0.13,,,,,-0.511641861329821,-0.5066431504892459,2327,2026-10-08
28513K,SK케미칼우,533.0,0.0,0.0,0.0,화학,-1.18,,,,,-0.511641861329821,-0.5066431504892459,2328,2026-10-08
120115,코오롱인더우,709.0,0.0,0.0,0.0,화학,-0.19,,,,,-0.511641861329821,-0.5066431504892459,2329,2026-10-08
005725,넥센우,162.0,0.0,0.0,0.0,화학,0.0,,,,,-0.511641861329821,-0.5066431504892459,2330,2026-10-08
000215,DL우,401.0,0.0,0.0,0.0,화학,-2.06,,,,,-0.511641861329821,-0.5066431504892459,2331,2026-10-08
004835,덕성우,75.0,0.0,0.0,0.0,화학,9.53,,,,,-0.511641861329821,-0.5066431504892459,2332,2026-10-08
051915,LG화학우,9550.0,0.0,0.0,0.0,화학,1.55,,,,,-0.511641861329821,-0.5066431504892459,2333,2026-10-08
090435,아모레퍼시픽우,4128.0,0.0,0.0,0.0,화학,-2.62,,,,,-0.511641861329821,-0.5066431504892459,2334,2026-10-08
00279K,아모레퍼시픽홀딩스3우C,1525.0,0.0,0.0,0.0,화학,-0.23,,,,,-0.511641861329821,-0.5066431504892459,2335,2026-10-08
004255,NPC우,100.0,0.0,0.0,0.0,화학,1.18,,,,,-0.511641861329821,-0.5066431504892459,2336,2026-10-08
014825,동원시스템즈우,37.0,0.0,0.0,0.0,화학,3.33,,,,,-0.511641861329821,-0.5066431504892459,2337,2026-10-08
010955,S-Oil우,3547.0,0.0,0.0,0.0,화학,-2.33,,,,,-0.511641861329821,-0.5066431504892459,2338,2026-10-08
051905,LG생활건강우,1954.0,0.0,0.0,0.0,화학,-0.85,,,,,-0.511641861329821,-0.5066431504892459,2339,2026-10-08
090355,노루페인트우,56.0,0.0,0.0,0.0,화학,-0.57,,,,,-0.511641861329821,-0.5066431504892459,2340,2026-10-08
011785,금호석유화학우,1462.0,0.0,0.0,0.0,화학,-1.33,,,,,-0.511641861329821,-0.5066431504892459,2341,2026-10-08
009835,한화솔루션우,483.0,0.0,0.0,0.0,화학,-0.31,,,,,-0.511641861329821,-0.5066431504892459,2342,2026-10-08
016090,대현,629.0,0.0,0.0,0.0,섬유·의류,0.35,0.0,0.0,0.0,0.0,-0.5139718008451005,-0.5124077693335121,2343,2026-10-08
145990,삼양사,4682.0,-1.55,-29380.0,0.28,음식료·담배,-1.52,-17.89,127.21,1.55,2.46,-0.5204994556274042,-0.5262613882494676,2344,2026-10-08
002360,SH에너지화학,391.0,-3.63,-970.0,0.56,화학,3.53,-7.41,46.06,14.22,0.0,-0.5354732915334949,-0.526833779102736,2345,2026-10-08
373220,LG에너지솔루션,938340.0,-87.46,-4585.0,4.64,전기·전자,2.56,-8.02,157.14,13.07,0.0,-0.5325541581721782,-0.5309685461207541,2346,2026-10-08
003060,에이프로젠바이오로직스,251.0,-0.12,-12877.0,0.1,제약,0.26,-33.9,104.85,40.81,0.0,-0.2878684672655642,-0.5339906013506798,2347,2026-10-08
010060,OCI홀딩스,43688.0,-49.04,-4772.0,1.11,금융,-2.5,0.95,71.37,11.09,0.0,-0.5352591683895309,-0.5341584492029947,2348,2026-10-08
012205,계양전기우,56.0,0.0,0.0,0.0,기계·장비,-2.33,,,,,-0.5373725694703833,-0.5361139822231149,2349,2026-10-08
008355,남선알미우,22.0,0.0,0.0,0.0,금속,1.25,,,,,-0.5353211203619311,-0.5366911058496187,2350,2026-10-08
014285,금강공업우,34.0,0.0,0.0,0.0,금속,-1.19,,,,,-0.5353211203619311,-0.5366911058496187,2351,2026-10-08
457190,이수스페셜티케미컬,24387.0,3228.0,25.0,18.35,화학,1.64,0.0,201.07,9.06,676.55,-0.5414278451708456,-0.5391994745984388,2352,2026-10-08
089860,롯데렌탈,18663.0,14.63,3514.0,1.19,일반서비스,0.19,7.73,412.63,4.34,16.69,-0.5406985882813156,-0.539760944700425,2353,2026-10-08
004365,세방우,336.0,0.0,0.0,0.0,운송·창고,0.0,,,,,-0.5524101140711395,-0.549905274554338,2354,2026-10-08
003495,대한항공우,243.0,0.0,0.0,0.0,운송·창고,0.0,,,,,-0.5524101140711395,-0.549905274554338,2355,2026-10-08
047040,대우건설,68498.0,-7.59,-2195.0,2.05,건설,-3.86,-14.26,266.54,-8.16,108.92,-0.5536031422920185,-0.5539595666721437,2356,2026-10-08
009200,무림페이퍼,625.0,-4.07,-369.0,0.14,종이·목재,-0.53,-15.23,333.36,4.17,88.27,-0.5429586936926536,-0.554213989566826,2357,2026-10-08
047810,한국항공우주,118335.0,63.66,1907.0,6.47,운송장비·부품,-0.33,9.73,484.2,47.98,-12.46,-0.5744728631175932,-0.573621578328817,2358,2026-10-08
019685,대교우B,100.0,0.0,0.0,0.0,일반서비스,4.47,,,,,-0.5761845387954395,-0.5764384125149227,2359,2026-10-08
005257,녹십자홀딩스2우,152.0,0.0,0.0,0.0,일반서비스,-4.0,,,,,-0.5761845387954395,-0.5764384125149227,2360,2026-10-08
058730,다스코,630.0,-12.15,-256.0,0.39,금속,-0.96,-7.79,153.94,16.58,0.0,-0.5846512268706616,-0.5836451083317433,2361,2026-10-08
005387,현대차2우B,58237.0,0.0,0.0,0.0,운송장비·부품,-2.3,,,,,-0.5852143441435589,-0.5856430992053009,2362,2026-10-08
005385,현대차우,38644.0,0.0,0.0,0.0,운송장비·부품,-2.42,,,,,-0.5852143441435589,-0.5856430992053009,2363,2026-10-08
004105,태양금속우,154.0,0.0,0.0,0.0,운송장비·부품,3.67,,,,,-0.5852143441435589,-0.5856430992053009,2364,2026-10-08
005389,현대차3우B,3873.0,0.0,0.0,0.0,운송장비·부품,-1.88,,,,,-0.5852143441435589,-0.5856430992053009,2365,2026-10-08
006220,제주은행,3553.0,24.29,387.0,0.55,금융,-2.49,2.29,1285.44,4.68,73.14,-0.5864526647804916,-0.5874298235259356,2366,2026-10-08
027970,한국제지,1029.0,-3.07,-880.0,0.25,종이·목재,0.19,-21.32,93.35,7.24,49.32,-0.6009391904000878,-0.5923275375065484,2367,2026-10-08
400760,NH올원리츠,1541.0,-85.0,-33.0,0.81,리츠,-0.36,-0.24,379.95,22.01,26.67,-0.597618272978575,-0.5970212703446789,2368,2026-10-08
009270,신원,1233.0,-44.75,-24.0,0.42,섬유·의류,0.37,1.97,197.54,9.45,91.7,-0.5992469495084647,-0.6006376759494277,2369,2026-10-08
001525,동양우,19.0,0.0,0.0,0.0,비금속,-4.0,,,,,-0.6005532721578524,-0.600724204996848,2370,2026-10-08
004985,성신양회우,65.0,0.0,0.0,0.0,비금속,0.23,,,,,-0.6005532721578524,-0.600724204996848,2371,2026-10-08
001527,동양2우B,10.0,0.0,0.0,0.0,비금속,1.94,,,,,-0.6005532721578524,-0.600724204996848,2372,2026-10-08
009580,무림P&P,1083.0,-3.19,-544.0,0.18,종이·목재,-1.42,-17.49,253.09,15.46,0.0,-0.6263857817589606,-0.6171288159595318,2373,2026-10-08
004545,깨끗한나라우,13.0,0.0,0.0,0.0,종이·목재,7.22,,,,,-0.6139432862431999,-0.6220229140913667,2374,2026-10-08
014710,사조씨푸드,1718.0,-6.1,-1637.0,0.83,음식료·담배,0.2,-14.45,106.06,45.05,70.51,-0.6263736757560723,-0.6246628499333021,2375,2026-10-08
001465,BYC우,578.0,0.0,0.0,0.0,섬유·의류,-0.37,,,,,-0.6274348810247266,-0.6257942858988312,2376,2026-10-08
014990,인디에프,588.0,-559.29,-7.0,1.55,섬유·의류,1.56,4.02,184.25,0.74,280.67,-0.6428194652144913,-0.642216988030514,2377,2026-10-08
011090,에넥스,187.0,-14.36,-110.0,0.46,제조,2.66,-27.02,241.69,-22.54,0.0,-0.66388392347958,-0.6543501598215326,2378,2026-10-08
009310,참엔지니어링,233.0,-1.26,-4214.0,0.28,기계·장비,0.0,-8.75,987.14,98.05,0.0,-0.6572505071642754,-0.6566590471497201,2379,2026-10-08
002390,한독,1184.0,-55.13,-156.0,0.4,제약,-0.58,-3.65,205.67,10.28,0.0,-0.5684796651292364,-0.6587318696493137,2380,2026-10-08
004990,롯데지주,22823.0,-3.74,-6125.0,0.29,금융,-1.72,-6.49,139.05,1.14,9.3,-0.6607798671648407,-0.6635204252584908,2381,2026-10-08
137310,에스디바이오센서,7740.0,-1.53,-4193.0,0.33,의료·정밀기기,-6.42,-26.91,20.62,8.01,0.0,-0.6642960837885121,-0.6640734095576432,2382,2026-10-08
007160,사조산업,2390.0,-8.21,-5820.0,0.45,음식료·담배,-0.21,-18.97,111.48,-0.45,-22.27,-0.666820816156489,-0.664639225560898,2383,2026-10-08
102460,이연제약,1911.0,-6.45,-1594.0,0.86,제약,0.39,-15.86,128.03,-3.43,0.0,-0.6448645370342883,-0.6649510835813943,2384,2026-10-08
095720,웅진씽크빅,680.0,-3.04,-394.0,0.26,일반서비스,-0.08,-5.71,181.49,-8.05,0.0,-0.6670436021860524,-0.6665644393187174,2385,2026-10-08
002880,대유에이텍,334.0,-52.57,-68.0,0.72,운송장비·부품,-2.19,23.19,704.29,47.26,-1.37,-0.6681010983898941,-0.6674547802305372,2386,2026-10-08
023000,삼원강재,874.0,0.0,0.0,0.0,운송장비·부품,0.46,0.0,0.0,0.0,0.0,-0.6690207942581199,-0.6693963106818992,2387,2026-10-08
012280,영화금속,371.0,0.0,0.0,0.0,운송장비·부품,-0.79,0.0,0.0,0.0,0.0,-0.6690207942581199,-0.6693963106818992,2388,2026-10-08
005030,부산주공,17.0,0.0,0.0,0.0,운송장비·부품,-28.0,0.0,0.0,0.0,0.0,-0.6690207942581199,-0.6693963106818992,2389,2026-10-08
001790,대한제당,2419.0,-4.47,-628.0,0.54,음식료·담배,0.18,-15.46,148.2,-4.34,-17.82,-0.6807246095143135,-0.6805354723687389,2390,2026-10-08
025750,한솔홈데코,303.0,-1.36,-1387.0,0.3,종이·목재,0.7,-19.6,131.29,-2.37,110.92,-0.6866880483847404,-0.6838897956245837,2391,2026-10-08
000070,삼양홀딩스,4363.0,-2.43,-23161.0,0.22,금융,-1.06,-9.61,115.73,5.73,37.49,-0.686358966083645,-0.6839781792913386,2392,2026-10-08
002710,TCC스틸,3673.0,-49.33,-284.0,1.5,금속,-2.1,-6.99,130.31,14.88,0.0,-0.6879330143955236,-0.6867842246683377,2393,2026-10-08
023150,MH에탄올,282.0,-14.06,-323.0,0.49,음식료·담배,0.0,-6.84,285.51,-21.11,-57.86,-0.6995664739793087,-0.6920307674409285,2394,2026-10-08
006740,영풍제지,206.0,-0.66,-5228.0,0.2,종이·목재,-22.25,-21.77,144.02,19.41,0.0,-0.6150369863632622,-0.6965414322565087,2395,2026-10-08
051910,LG화학,202247.0,-12.33,-23242.0,0.68,화학,3.43,-4.52,129.6,7.9,-39.87,-0.7183699056405346,-0.7140548628680476,2396,2026-10-08
019680,대교,653.0,-2.32,-700.0,0.24,일반서비스,0.74,-13.29,115.39,-3.62,0.0,-0.7346053301153961,-0.7338322790727663,2397,2026-10-08
323410,카카오뱅크,92895.0,0.0,0.0,0.0,금융,-1.96,0.0,0.0,0.0,0.0,-0.7342001620728578,-0.7343068777530437,2398,2026-10-08
308170,씨티알모빌리티,284.0,-8.79,-375.0,0.33,운송장비·부품,-0.75,-5.53,306.51,-6.34,-49.43,-0.7569249967946091,-0.7545883588689918,2399,2026-10-08
004870,티웨이홀딩스,223.0,-5.32,-185.0,0.74,비금속,1.13,-13.15,25.96,-32.56,0.0,-0.7648105060615111,-0.7631104784259011,2400,2026-10-08
016450,한세예스24홀딩스,1724.0,-5.21,-827.0,0.37,섬유·의류,0.12,-0.53,240.48,6.94,189.48,-0.7718361048558954,-0.7722033237975293,2401,2026-10-08
074610,이엔플러스,448.0,46.04,111.0,2.64,기계·장비,0.0,-59.3,141.78,-1.64,0.0,-0.776456470635146,-0.7748884982724589,2402,2026-10-08
002210,동성제약,1240.0,-4.62,-278.0,0.51,제약,-0.77,-15.27,175.31,-0.16,0.0,-0.7211555993159456,-0.7834078950455199,2403,2026-10-08
009830,한화솔루션,80961.0,-10.66,-3377.0,0.75,화학,-0.41,-1.82,183.71,36.27,201.51,-0.8046437794580765,-0.8034464520240954,2404,2026-10-08
012160,영흥,338.0,-0.84,-2583.0,0.22,금속,3.59,-19.82,136.52,-10.59,0.0,-0.8192899404087188,-0.8040860274433314,2405,2026-10-08
070960,모나용평,924.0,-3.02,-635.0,0.25,일반서비스,0.1,-11.39,176.25,-48.9,-93.88,-0.8114484746972017,-0.8181582223918187,2406,2026-10-08
006110,삼아알미늄,11312.0,-44.21,-1692.0,5.05,금속,13.33,-9.87,139.91,23.11,0.0,-0.8521508732991878,-0.8499969494419074,2407,2026-10-08
004410,서울식품,485.0,-153.62,-8.0,20.15,음식료·담배,1.32,-12.02,188.64,-9.56,0.0,-0.8621536823572385,-0.8621735518210066,2408,2026-10-08
005420,코스모화학,4444.0,-14.65,-790.0,2.02,화학,0.87,-8.55,107.27,15.05,0.0,-0.8662609657863872,-0.863969393880562,2409,2026-10-08
007460,에이프로젠,532.0,-0.63,-3309.0,0.27,제약,-3.94,-82.23,62.81,41.12,0.0,-1.087242442312464,-0.8674001099303933,2410,2026-10-08
241590,화승엔터프라이즈,1645.0,-5.69,-477.0,0.36,섬유·의류,1.5,-6.6,201.27,-7.65,-89.26,-0.8900872362378482,-0.8868298674570605,2411,2026-10-08
480370,씨케이솔루션,745.0,-1.83,-1254.0,1.04,기계·장비,9.29,-43.89,193.07,1.31,0.0,-0.9042355744984371,-0.8911794195584872,2412,2026-10-08
027740,마니커,364.0,-1146.0,-1.0,0.86,음식료·담배,2.05,-5.09,358.67,26.17,0.0,-0.9049747335295434,-0.903979647923858,2413,2026-10-08
096770,SK이노베이션,272006.0,-7.64,-21056.0,1.24,화학,0.81,-4.88,169.73,31.48,0.0,-0.9069055125444672,-0.9042921375123012,2414,2026-10-08
051630,진양화학,353.0,-6.53,-255.0,0.91,화학,-3.14,-12.58,111.63,-13.27,0.0,-0.9539962367647485,-0.9509257083699592,2415,2026-10-08
298050,HS효성첨단소재,7378.0,-34.1,-4830.0,0.91,화학,1.23,3.98,347.84,5.02,3.85,-0.9684855155758729,-0.9684188003050646,2416,2026-10-08
005250,녹십자홀딩스,4585.0,-6.95,-1403.0,0.49,일반서비스,-1.91,-13.11,139.77,3.28,-42.79,-0.9767717838081692,-0.9765301005204257,2417,2026-10-08
092200,디아이씨,2244.0,-21.29,-271.0,1.58,운송장비·부품,1.05,-5.87,301.32,-9.48,-30.32,-1.0018090067563448,-1.0001510994291238,2418,2026-10-08
084690,대상홀딩스,2825.0,-2.71,-2878.0,0.47,금융,-0.76,-11.32,222.54,4.78,34.77,-1.0024629052011638,-1.0010477164429266,2419,2026-10-08
004540,깨끗한나라,458.0,-0.97,-1263.0,0.27,종이·목재,-0.16,-21.21,295.63,2.78,0.0,-1.0384405060493842,-1.0295740811717786,2420,2026-10-08
133820,화인베스틸,371.0,-6.33,-158.0,0.74,금속,3.52,-11.07,288.64,18.37,0.0,-1.0372789483168472,-1.0338338674805416,2421,2026-10-08
009440,KC그린홀딩스,176.0,-0.43,-1741.0,0.17,금융,0.0,-33.38,54.34,-35.21,-4.23,-1.0627020482898748,-1.0596199833597113,2422,2026-10-08
001680,대상,6102.0,-2.08,-8447.0,0.59,음식료·담배,0.11,-23.89,203.41,3.13,6.91,-1.0821653391858983,-1.0819191429360568,2423,2026-10-08
000400,롯데손해보험,7091.0,0.0,0.0,0.0,보험,2.01,0.0,0.0,0.0,0.0,-1.0887855439519634,-1.0896393021864315,2424,2026-10-08
403550,쏘카,4219.0,-19.86,-560.0,2.22,일반서비스,-3.3,-7.74,209.7,-5.24,152.37,-1.1020822095974814,-1.1019755234973436,2425,2026-10-08
020560,아시아나항공,16912.0,-5.98,-1374.0,2.27,운송·창고,-0.36,-181.52,5496.47,-11.03,0.0,-1.1071555739642367,-1.107538749629454,2426,2026-10-08
002070,비비안,183.0,-0.64,-5953.0,0.14,섬유·의류,2.56,-26.05,160.61,-13.23,0.0,-1.120757681124694,-1.1078361216191432,2427,2026-10-08
017860,DS단석,2256.0,-18.88,-677.0,0.84,화학,-2.74,-4.43,257.03,25.2,39.24,-1.116867590524127,-1.1173087278512768,2428,2026-10-08
000520,삼일제약,1811.0,-5.23,-1598.0,1.33,제약,-2.11,-27.37,198.47,-2.76,0.0,-1.143534120804267,-1.1428970711987514,2429,2026-10-08
001570,금양,6333.0,-9.62,-1029.0,1.38,화학,0.0,-13.29,173.05,-50.59,0.0,-1.1910634088372873,-1.1901722896002738,2430,2026-10-08
003960,사조대림,2488.0,-3.17,-8577.0,0.37,음식료·담배,-0.37,-31.04,216.95,3.0,-5.68,-1.2232187224638258,-1.2225092422404915,2431,2026-10-08
071950,코아스,220.0,-0.28,-5422.0,0.52,제조,4.25,-191.32,117.28,19.1,0.0,-1.3044902384536368,-1.3372321094140953,2432,2026-10-08
361610,SK아이이테크놀로지,15212.0,-6.65,-2799.0,0.58,전기·전자,1.75,-87.2,151.83,-46.51,0.0,-1.3643516452802298,-1.3563909819884137,2433,2026-10-08
011230,삼화전자,492.0,-5.39,-476.0,2.4,전기·전자,-2.29,-52.52,272.43,-13.08,0.0,-1.405941947333521,-1.4072059306069393,2434,2026-10-08
069460,대호에이엘,463.0,-1.27,-2094.0,0.56,금속,0.0,-46.55,89.7,33.65,-57.99,-1.4321593949086562,-1.430725183445275,2435,2026-10-08
006490,인스코비,248.0,-0.5,-2821.0,1.38,통신,-4.18,-75.62,142.14,-7.45,0.0,-1.4343434241996071,-1.435181707240105,2436,2026-10-08
015260,에이엔피,117.0,-0.8,-313.0,0.55,전기·전자,29.69,-59.61,432.09,-1.3,0.0,-1.489341131371522,-1.4429876369984975,2437,2026-10-08
007120,미래아이앤지,262.0,-3.37,-284.0,0.51,IT 서비스,-2.24,-14.73,46.88,-10.16,-37.72,-1.441290200104691,-1.4468628753045398,2438,2026-10-08
336260,두산퓨얼셀,28654.0,-26.96,-1623.0,9.74,전기·전자,-3.31,-48.11,345.88,-17.14,0.0,-1.568260012191911,-1.5685251580055724,2439,2026-10-08
058860,KTis,905.0,0.0,0.0,0.0,IT 서비스,-0.95,0.0,95.16,6.2,6.45,-1.5821211673800848,-1.580218880821323,2440,2026-10-08
066970,엘앤에프,47277.0,-8.07,-14393.0,6.65,전기·전자,-1.19,-51.02,372.75,83.61,0.0,-1.6137500588246878,-1.6135734992384974,2441,2026-10-08
011300,성안머티리얼스,494.0,-5.64,-508.0,1.43,섬유·의류,3.43,-23.69,188.44,-38.2,0.0,-1.6715342092853787,-1.6697963202401622,2442,2026-10-08
011790,SKC,53566.0,-5.57,-19393.0,4.42,화학,-0.18,-48.9,156.69,26.23,0.0,-1.7472225445404592,-1.7454065978787485,2443,2026-10-08
432320,KB스타리츠,2450.0,-8.51,-191.0,0.92,리츠,0.68,-38.74,337.29,13.76,29.93,-1.7543709888367984,-1.7551747417125496,2444,2026-10-08
008600,윌비스,176.0,-0.48,-5410.0,0.34,유통,0.0,-153.82,1909.7,-15.97,0.0,-1.7976620533123846,-1.788614462253423,2445,2026-10-08
036420,콘텐트리중앙,290.0,-0.32,-4691.0,0.2,오락·문화,-1.57,-289.6,1964.17,-22.26,0.0,-1.7860159397659328,-1.7921986027279098,2446,2026-10-08
139990,아주스틸,880.0,-2.13,-1067.0,0.6,금속,-0.44,-25.96,709.95,0.57,0.0,-1.8581411546927655,-1.8566804701913495,2447,2026-10-08
006570,대림통상,297.0,-1.76,-1111.0,0.78,금속,6.15,-31.52,354.64,15.19,0.0,-1.9049134450702332,-1.9004960091724874,2448,2026-10-08
005090,SGC에너지,6607.0,-10.77,-4259.0,0.94,전기·가스,-3.37,-6.53,336.96,-3.92,56.35,-1.91490601152595,-1.9173113126425472,2449,2026-10-08
019490,엑시큐어하이트론,413.0,-1.47,-369.0,3.34,전기·전자,0.0,-144.2,302.26,-28.3,0.0,-1.9380442236769273,-1.9377927356251403,2450,2026-10-08
091810,티웨이항공,2645.0,-0.39,-6631.0,3.59,운송·창고,-0.77,-1837.94,2311.6,31.21,0.0,-1.9411911166434306,-1.9413263424106022,2451,2026-10-08
143210,핸즈코퍼레이션,336.0,-0.3,-4014.0,0.28,운송장비·부품,0.0,-91.33,681.62,-19.74,0.0,-1.9445159690402096,-1.9414134229547484,2452,2026-10-08
069640,한세엠케이,304.0,-0.71,-1960.0,1.57,유통,-1.41,-106.27,2154.33,6.2,0.0,-1.9662747752045289,-2.0167878675337345,2453,2026-10-08
011000,진원생명과학,485.0,-0.86,-3109.0,1.1,제약,0.0,-99.68,248.63,-69.73,0.0,-2.0406162535936305,-2.0479285145177135,2454,2026-10-08
012200,계양전기,1066.0,-2.49,-1211.0,4.39,기계·장비,-1.63,-106.96,1358.83,0.16,0.0,-2.166311535379079,-2.1659919151847427,2455,2026-10-08
