종목코드,flow_daily_json,종목명,기준일,외국인_순매수대금(백만원),기관_순매수대금(백만원),외국인+기관_순매수대금(백만원),수급합(5일),수급급증(3vs10_강도),매수우위비율(10일),frgn_sum_3,orgn_sum_3,frgn_sum_5,orgn_sum_5,frgn_pos_5,orgn_pos_5,frgn_series,orgn_series,수급합(5일)_TS_Z,수급급증(3vs10)_TS_Z,매수우위비율(10일)_TS_Z,수급강화점수,랭킹,시가총액,섹터,당일등락(%),raw_score,멀티팩터점수,순위변동,정배열
293940,"[{""date"": ""20260814"", ""foreign"": 63.0, ""institution"": 90.0}, {""date"": ""20260818"", ""foreign"": -70.0, ""institution"": 44.0}, {""date"": ""20260819"", ""foreign"": -148.0, ""institution"": 88.0}, {""date"": ""20260820"", ""foreign"": -285.0, ""institution"": 102.0}, {""date"": ""20260821"", ""foreign"": -57.0, ""institution"": 31.0}, {""date"": ""20260824"", ""foreign"": 342.0, ""institution"": 21.0}, {""date"": ""20260825"", ""foreign"": 137.0, ""institution"": 138.0}, {""date"": ""20260826"", ""foreign"": 47.0, ""institution"": -139.0}, {""date"": ""20260827"", ""foreign"": -430.0, ""institution"": 31.0}, {""date"": ""20260828"", ""foreign"": -116.0, ""institution"": 83.0}, {""date"": ""20260831"", ""foreign"": 0.0, ""institution"": 46.0}, {""date"": ""20260901"", ""foreign"": -134.0, ""institution"": 39.0}, {""date"": ""20260902"", ""foreign"": -85.0, ""institution"": 64.0}, {""date"": ""20260903"", ""foreign"": -52.0, ""institution"": 75.0}, {""date"": ""20260904"", ""foreign"": -137.0, ""institution"": 30.0}, {""date"": ""20260907"", ""foreign"": -141.0, ""institution"": 138.0}, {""date"": ""20260908"", ""foreign"": -1.0, ""institution"": 110.0}, {""date"": ""20260909"", ""foreign"": -110.0, ""institution"": 77.0}, {""date"": ""20260910"", ""foreign"": -6.0, ""institution"": 1.0}, {""date"": ""20260911"", ""foreign"": -73.0, ""institution"": 99.0}, {""date"": ""20260914"", ""foreign"": 21.0, ""institution"": 179.0}, {""date"": ""20260915"", ""foreign"": -137.0, ""institution"": 177.0}, {""date"": ""20260916"", ""foreign"": 25.0, ""institution"": 135.0}, {""date"": ""20260917"", ""foreign"": 35.0, ""institution"": 133.0}, {""date"": ""20260918"", ""foreign"": -22.0, ""institution"": 313.0}, {""date"": ""20260921"", ""foreign"": -180.0, ""institution"": 227.0}, {""date"": ""20260922"", ""foreign"": -97.0, ""institution"": 399.0}, {""date"": ""20260923"", ""foreign"": -86.0, ""institution"": 414.0}, {""date"": ""20260928"", ""foreign"": -109.0, ""institution"": 530.0}, {""date"": ""20260929"", ""foreign"": -61.0, ""institution"": 196.0}]",신한알파리츠,2026-09-29,-61.0,196.0,135.0,1233.0,1.3165618446816123,1.0,-256.0,1140.0,-533.0,1766.0,0.0,5.0,"21,-137,25,35,-22,-180,-97,-86,-109,-61","179,177,135,133,313,227,399,414,530,196",1.4014233623256733,0.5197559565022123,1.5616841840104099,3.4828635028382955,1,6761.0,리츠,0.18,1.7368821572707973,2.0476168158194126,-8,True
459580,"[{""date"": ""20260814"", ""foreign"": -39.0, ""institution"": -5915.0}, {""date"": ""20260818"", ""foreign"": 125.0, ""institution"": -8348.0}, {""date"": ""20260819"", ""foreign"": 1.0, ""institution"": -1411.0}, {""date"": ""20260820"", ""foreign"": 38.0, ""institution"": 16060.0}, {""date"": ""20260821"", ""foreign"": -55.0, ""institution"": -5490.0}, {""date"": ""20260824"", ""foreign"": 31.0, ""institution"": 17421.0}, {""date"": ""20260825"", ""foreign"": -5.0, ""institution"": -33.0}, {""date"": ""20260826"", ""foreign"": -1018.0, ""institution"": 229.0}, {""date"": ""20260827"", ""foreign"": 1020.0, ""institution"": 8429.0}, {""date"": ""20260828"", ""foreign"": -6.0, ""institution"": -23051.0}, {""date"": ""20260831"", ""foreign"": 33.0, ""institution"": -7675.0}, {""date"": ""20260901"", ""foreign"": -42.0, ""institution"": -9507.0}, {""date"": ""20260902"", ""foreign"": -34.0, ""institution"": -12592.0}, {""date"": ""20260903"", ""foreign"": -23.0, ""institution"": -832.0}, {""date"": ""20260904"", ""foreign"": -42.0, ""institution"": -12306.0}, {""date"": ""20260907"", ""foreign"": 222.0, ""institution"": -6845.0}, {""date"": ""20260908"", ""foreign"": -14.0, ""institution"": -6719.0}, {""date"": ""20260909"", ""foreign"": -20.0, ""institution"": 1331.0}, {""date"": ""20260910"", ""foreign"": -14.0, ""institution"": 6674.0}, {""date"": ""20260911"", ""foreign"": -2.0, ""institution"": -3526.0}, {""date"": ""20260914"", ""foreign"": 9.0, ""institution"": -286.0}, {""date"": ""20260915"", ""foreign"": 202.0, ""institution"": -2195.0}, {""date"": ""20260916"", ""foreign"": -16.0, ""institution"": -4200.0}, {""date"": ""20260917"", ""foreign"": -3.0, ""institution"": 7173.0}, {""date"": ""20260918"", ""foreign"": 39.0, ""institution"": -6447.0}, {""date"": ""20260921"", ""foreign"": 10.0, ""institution"": -4482.0}, {""date"": ""20260922"", ""foreign"": 104.0, ""institution"": 482.0}, {""date"": ""20260923"", ""foreign"": -4.0, ""institution"": -8233.0}, {""date"": ""20260928"", ""foreign"": -57.0, ""institution"": 22907.0}, {""date"": ""20260929"", ""foreign"": -1.0, ""institution"": -12123.0}]",KODEX CD금리액티브(합성),2026-09-29,-1.0,-12123.0,-12124.0,-1397.0,2.9331713133522666,0.3,-62.0,2551.0,52.0,-1449.0,2.0,2.0,"9,202,-16,-3,39,10,104,-4,-57,-1","-286,-2195,-4200,7173,-6447,-4482,482,-8233,22907,-12123",0.7148538531309339,2.9775491930373263,0.7245687498094823,4.416971795977743,2,69816.0,ETF,0.01,2.162530066613012,1.6468295735032088,41,True
161890,"[{""date"": ""20260814"", ""foreign"": 13255.0, ""institution"": -97.0}, {""date"": ""20260818"", ""foreign"": 7941.0, ""institution"": -3783.0}, {""date"": ""20260819"", ""foreign"": -416.0, ""institution"": 1345.0}, {""date"": ""20260820"", ""foreign"": -1399.0, ""institution"": 10067.0}, {""date"": ""20260821"", ""foreign"": -7667.0, ""institution"": 10451.0}, {""date"": ""20260824"", ""foreign"": -6141.0, ""institution"": 6854.0}, {""date"": ""20260825"", ""foreign"": -10985.0, ""institution"": 12463.0}, {""date"": ""20260826"", ""foreign"": 2435.0, ""institution"": 942.0}, {""date"": ""20260827"", ""foreign"": 4405.0, ""institution"": -4598.0}, {""date"": ""20260828"", ""foreign"": -4312.0, ""institution"": 8202.0}, {""date"": ""20260831"", ""foreign"": -20468.0, ""institution"": 7440.0}, {""date"": ""20260901"", ""foreign"": 1.0, ""institution"": 1781.0}, {""date"": ""20260902"", ""foreign"": 212.0, ""institution"": -2610.0}, {""date"": ""20260903"", ""foreign"": 14329.0, ""institution"": -6914.0}, {""date"": ""20260904"", ""foreign"": 17127.0, ""institution"": -12331.0}, {""date"": ""20260907"", ""foreign"": 5090.0, ""institution"": -10774.0}, {""date"": ""20260908"", ""foreign"": 3783.0, ""institution"": -2432.0}, {""date"": ""20260909"", ""foreign"": 1243.0, ""institution"": -2494.0}, {""date"": ""20260910"", ""foreign"": -6613.0, ""institution"": 7940.0}, {""date"": ""20260911"", ""foreign"": -3878.0, ""institution"": 2502.0}, {""date"": ""20260914"", ""foreign"": -10230.0, ""institution"": 16171.0}, {""date"": ""20260915"", ""foreign"": 258.0, ""institution"": 2140.0}, {""date"": ""20260916"", ""foreign"": -2808.0, ""institution"": 4646.0}, {""date"": ""20260917"", ""foreign"": 96.0, ""institution"": -1313.0}, {""date"": ""20260918"", ""foreign"": 972.0, ""institution"": -2983.0}, {""date"": ""20260921"", ""foreign"": 2245.0, ""institution"": 2496.0}, {""date"": ""20260922"", ""foreign"": 12638.0, ""institution"": -3858.0}, {""date"": ""20260923"", ""foreign"": 10692.0, ""institution"": -1503.0}, {""date"": ""20260928"", ""foreign"": 3650.0, ""institution"": -1184.0}, {""date"": ""20260929"", ""foreign"": -609.0, ""institution"": 722.0}]",한국콜마,2026-09-29,-609.0,722.0,113.0,25289.0,0.2702936096677344,0.8,13733.0,-1965.0,28616.0,-3327.0,4.0,2.0,"-10230,258,-2808,96,972,2245,12638,10692,3650,-609","16171,2140,4646,-1313,-2983,2496,-3858,-1503,-1184,722",1.9871227264377676,0.13918041361869604,2.238720827605886,4.365023967662349,3,35408.0,화학,1.08,2.1388588448930963,1.6438466827173488,38,True
305540,"[{""date"": ""20260814"", ""foreign"": 391.0, ""institution"": 62.0}, {""date"": ""20260818"", ""foreign"": -236.0, ""institution"": 848.0}, {""date"": ""20260819"", ""foreign"": -767.0, ""institution"": 1413.0}, {""date"": ""20260820"", ""foreign"": -19.0, ""institution"": 110.0}, {""date"": ""20260821"", ""foreign"": 895.0, ""institution"": -1109.0}, {""date"": ""20260824"", ""foreign"": 354.0, ""institution"": 459.0}, {""date"": ""20260825"", ""foreign"": -450.0, ""institution"": 403.0}, {""date"": ""20260826"", ""foreign"": 717.0, ""institution"": -823.0}, {""date"": ""20260827"", ""foreign"": 164.0, ""institution"": 737.0}, {""date"": ""20260828"", ""foreign"": -1125.0, ""institution"": 402.0}, {""date"": ""20260831"", ""foreign"": -315.0, ""institution"": 63.0}, {""date"": ""20260901"", ""foreign"": 88.0, ""institution"": -1260.0}, {""date"": ""20260902"", ""foreign"": 160.0, ""institution"": 1294.0}, {""date"": ""20260903"", ""foreign"": 31.0, ""institution"": -32.0}, {""date"": ""20260904"", ""foreign"": 982.0, ""institution"": -1232.0}, {""date"": ""20260907"", ""foreign"": -290.0, ""institution"": -288.0}, {""date"": ""20260908"", ""foreign"": 260.0, ""institution"": -369.0}, {""date"": ""20260909"", ""foreign"": -952.0, ""institution"": 535.0}, {""date"": ""20260910"", ""foreign"": 755.0, ""institution"": -282.0}, {""date"": ""20260911"", ""foreign"": 527.0, ""institution"": -847.0}, {""date"": ""20260914"", ""foreign"": 237.0, ""institution"": 217.0}, {""date"": ""20260915"", ""foreign"": -501.0, ""institution"": 689.0}, {""date"": ""20260916"", ""foreign"": 1734.0, ""institution"": -2065.0}, {""date"": ""20260917"", ""foreign"": -739.0, ""institution"": 1213.0}, {""date"": ""20260918"", ""foreign"": -49.0, ""institution"": -152.0}, {""date"": ""20260921"", ""foreign"": -4655.0, ""institution"": 4404.0}, {""date"": ""20260922"", ""foreign"": 216.0, ""institution"": -147.0}, {""date"": ""20260923"", ""foreign"": 196.0, ""institution"": 183.0}, {""date"": ""20260928"", ""foreign"": 46.0, ""institution"": 550.0}, {""date"": ""20260929"", ""foreign"": -295.0, ""institution"": -75.0}]",TIGER 2차전지테마,2026-09-29,-295.0,-75.0,-370.0,423.0,0.4107405076124162,0.6,-53.0,658.0,-4492.0,4915.0,3.0,3.0,"237,-501,1734,-739,-49,-4655,216,196,46,-295","217,689,-2065,1213,-152,4404,-147,183,550,-75",0.6683511543348241,2.7053684143745573,1.5121727316285074,4.885892300337889,4,9002.0,ETF(실물복제/수익증권),-4.28,2.376204470099757,1.5624155148523424,102,False
453340,"[{""date"": ""20260814"", ""foreign"": 72.0, ""institution"": 8.0}, {""date"": ""20260818"", ""foreign"": -213.0, ""institution"": 61.0}, {""date"": ""20260819"", ""foreign"": -135.0, ""institution"": 47.0}, {""date"": ""20260820"", ""foreign"": -155.0, ""institution"": 128.0}, {""date"": ""20260821"", ""foreign"": -200.0, ""institution"": 62.0}, {""date"": ""20260824"", ""foreign"": 503.0, ""institution"": -102.0}, {""date"": ""20260825"", ""foreign"": -146.0, ""institution"": -80.0}, {""date"": ""20260826"", ""foreign"": 114.0, ""institution"": -180.0}, {""date"": ""20260827"", ""foreign"": -85.0, ""institution"": -94.0}, {""date"": ""20260828"", ""foreign"": 152.0, ""institution"": -2.0}, {""date"": ""20260831"", ""foreign"": 52.0, ""institution"": 36.0}, {""date"": ""20260901"", ""foreign"": -146.0, ""institution"": -8.0}, {""date"": ""20260902"", ""foreign"": -129.0, ""institution"": 14.0}, {""date"": ""20260903"", ""foreign"": -140.0, ""institution"": 58.0}, {""date"": ""20260904"", ""foreign"": -123.0, ""institution"": 112.0}, {""date"": ""20260907"", ""foreign"": -96.0, ""institution"": -10.0}, {""date"": ""20260908"", ""foreign"": -38.0, ""institution"": -2.0}, {""date"": ""20260909"", ""foreign"": -110.0, ""institution"": -16.0}, {""date"": ""20260910"", ""foreign"": -216.0, ""institution"": 90.0}, {""date"": ""20260911"", ""foreign"": 9.0, ""institution"": 31.0}, {""date"": ""20260914"", ""foreign"": 14.0, ""institution"": 34.0}, {""date"": ""20260915"", ""foreign"": -268.0, ""institution"": 306.0}, {""date"": ""20260916"", ""foreign"": -239.0, ""institution"": 94.0}, {""date"": ""20260917"", ""foreign"": -92.0, ""institution"": -105.0}, {""date"": ""20260918"", ""foreign"": -385.0, ""institution"": 75.0}, {""date"": ""20260921"", ""foreign"": 629.0, ""institution"": 113.0}, {""date"": ""20260922"", ""foreign"": -137.0, ""institution"": -8.0}, {""date"": ""20260923"", ""foreign"": -318.0, ""institution"": 297.0}, {""date"": ""20260928"", ""foreign"": 165.0, ""institution"": -116.0}, {""date"": ""20260929"", ""foreign"": -62.0, ""institution"": -63.0}]",현대그린푸드,2026-09-29,-62.0,-63.0,-125.0,500.0,-0.6609285341856583,0.4,-215.0,118.0,277.0,223.0,2.0,2.0,"14,-268,-239,-92,-385,629,-137,-318,165,-62","34,306,94,-105,75,113,-8,297,-116,-63",2.1733997386317765,-0.7304881045837132,0.9999999000000102,2.442911534048074,5,6127.0,유통,-1.0,1.2630041448573084,1.5418868524809437,-26,True
451800,"[{""date"": ""20260814"", ""foreign"": 36.0, ""institution"": -33.0}, {""date"": ""20260818"", ""foreign"": -51.0, ""institution"": 77.0}, {""date"": ""20260819"", ""foreign"": 18.0, ""institution"": -17.0}, {""date"": ""20260820"", ""foreign"": 5.0, ""institution"": 66.0}, {""date"": ""20260821"", ""foreign"": 6.0, ""institution"": 45.0}, {""date"": ""20260824"", ""foreign"": 191.0, ""institution"": -9.0}, {""date"": ""20260825"", ""foreign"": 72.0, ""institution"": 61.0}, {""date"": ""20260826"", ""foreign"": 33.0, ""institution"": 131.0}, {""date"": ""20260827"", ""foreign"": -198.0, ""institution"": 106.0}, {""date"": ""20260828"", ""foreign"": 34.0, ""institution"": 73.0}, {""date"": ""20260831"", ""foreign"": 33.0, ""institution"": 13.0}, {""date"": ""20260901"", ""foreign"": -76.0, ""institution"": 79.0}, {""date"": ""20260902"", ""foreign"": -169.0, ""institution"": 134.0}, {""date"": ""20260903"", ""foreign"": -5.0, ""institution"": -18.0}, {""date"": ""20260904"", ""foreign"": 4.0, ""institution"": 33.0}, {""date"": ""20260907"", ""foreign"": -86.0, ""institution"": 114.0}, {""date"": ""20260908"", ""foreign"": 17.0, ""institution"": 78.0}, {""date"": ""20260909"", ""foreign"": -14.0, ""institution"": 76.0}, {""date"": ""20260910"", ""foreign"": -57.0, ""institution"": 102.0}, {""date"": ""20260911"", ""foreign"": 118.0, ""institution"": -22.0}, {""date"": ""20260914"", ""foreign"": 39.0, ""institution"": 73.0}, {""date"": ""20260915"", ""foreign"": -52.0, ""institution"": 73.0}, {""date"": ""20260916"", ""foreign"": -52.0, ""institution"": 47.0}, {""date"": ""20260917"", ""foreign"": -7.0, ""institution"": 103.0}, {""date"": ""20260918"", ""foreign"": -58.0, ""institution"": 222.0}, {""date"": ""20260921"", ""foreign"": 40.0, ""institution"": 178.0}, {""date"": ""20260922"", ""foreign"": -47.0, ""institution"": 301.0}, {""date"": ""20260923"", ""foreign"": -13.0, ""institution"": 277.0}, {""date"": ""20260928"", ""foreign"": -94.0, ""institution"": 255.0}, {""date"": ""20260929"", ""foreign"": -37.0, ""institution"": 30.0}]",한화리츠,2026-09-29,-37.0,30.0,-7.0,890.0,0.34203168673420037,0.8,-144.0,562.0,-151.0,1041.0,1.0,5.0,"39,-52,-52,-7,-58,40,-47,-13,-94,-37","73,73,47,103,222,178,301,277,255,30",1.3634213023596573,-0.2576761529480363,-0.2581988564138322,0.8475462929977888,6,9591.0,리츠,-0.19,0.536039311681463,1.5075922104020423,-57,True
411060,"[{""date"": ""20260814"", ""foreign"": -221.0, ""institution"": -702.0}, {""date"": ""20260818"", ""foreign"": -463.0, ""institution"": -2612.0}, {""date"": ""20260819"", ""foreign"": 95.0, ""institution"": -1020.0}, {""date"": ""20260820"", ""foreign"": 381.0, ""institution"": -7498.0}, {""date"": ""20260821"", ""foreign"": 146.0, ""institution"": -5271.0}, {""date"": ""20260824"", ""foreign"": -720.0, ""institution"": -15109.0}, {""date"": ""20260825"", ""foreign"": -306.0, ""institution"": -14492.0}, {""date"": ""20260826"", ""foreign"": 176.0, ""institution"": -3372.0}, {""date"": ""20260827"", ""foreign"": 1.0, ""institution"": -27.0}, {""date"": ""20260828"", ""foreign"": -289.0, ""institution"": -1239.0}, {""date"": ""20260831"", ""foreign"": -41.0, ""institution"": -2925.0}, {""date"": ""20260901"", ""foreign"": -136.0, ""institution"": -3090.0}, {""date"": ""20260902"", ""foreign"": 91.0, ""institution"": -1961.0}, {""date"": ""20260903"", ""foreign"": 220.0, ""institution"": -5444.0}, {""date"": ""20260904"", ""foreign"": -205.0, ""institution"": -1820.0}, {""date"": ""20260907"", ""foreign"": -15.0, ""institution"": -4902.0}, {""date"": ""20260908"", ""foreign"": 47.0, ""institution"": -1282.0}, {""date"": ""20260909"", ""foreign"": 70.0, ""institution"": -4217.0}, {""date"": ""20260910"", ""foreign"": 842.0, ""institution"": -1177.0}, {""date"": ""20260911"", ""foreign"": -264.0, ""institution"": -1136.0}, {""date"": ""20260914"", ""foreign"": -279.0, ""institution"": -762.0}, {""date"": ""20260915"", ""foreign"": -164.0, ""institution"": -1216.0}, {""date"": ""20260916"", ""foreign"": 308.0, ""institution"": -781.0}, {""date"": ""20260917"", ""foreign"": -5.0, ""institution"": 121.0}, {""date"": ""20260918"", ""foreign"": 37.0, ""institution"": 886.0}, {""date"": ""20260921"", ""foreign"": -595.0, ""institution"": -900.0}, {""date"": ""20260922"", ""foreign"": 236.0, ""institution"": -4031.0}, {""date"": ""20260923"", ""foreign"": 25.0, ""institution"": -651.0}, {""date"": ""20260928"", ""foreign"": 327.0, ""institution"": -10007.0}, {""date"": ""20260929"", ""foreign"": 67.0, ""institution"": -635.0}]",ACE KRX금현물,2026-09-29,67.0,-635.0,-568.0,-16164.0,1.3996469160163327,0.2,419.0,-11293.0,60.0,-16224.0,4.0,0.0,"-279,-164,308,-5,37,-595,236,25,327,67","-762,-1216,-781,121,886,-900,-4031,-651,-10007,-635",-1.1436080008341905,1.5424232292463373,1.1442835526482737,1.5430987810604206,7,37909.0,ETF(실물복제/수익증권),-1.69,0.8529837864881307,1.4390372405577048,-46,False
005810,,풍산홀딩스,2026-09-29,,,0.0,140.0,0.12696670313278835,0.7,,,,,3.0,1.0,"145,-121,21,102,48,67,143,-175,19,0","1,21,16,-9,-1,-12,-2,-7,107,0",0.2596599296358193,0.894795697373519,1.0072886223252653,2.1617442493346033,8,5284.0,금융,-1.08,1.1348838104242538,1.4210774303940132,-17,False
353200,"[{""date"": ""20260814"", ""foreign"": -9878.0, ""institution"": 23860.0}, {""date"": ""20260818"", ""foreign"": -8495.0, ""institution"": -6.0}, {""date"": ""20260819"", ""foreign"": 6793.0, ""institution"": -4737.0}, {""date"": ""20260820"", ""foreign"": 11384.0, ""institution"": -20567.0}, {""date"": ""20260821"", ""foreign"": 19877.0, ""institution"": -27230.0}, {""date"": ""20260824"", ""foreign"": 12634.0, ""institution"": -12952.0}, {""date"": ""20260825"", ""foreign"": 14871.0, ""institution"": -6183.0}, {""date"": ""20260826"", ""foreign"": 12492.0, ""institution"": -32095.0}, {""date"": ""20260827"", ""foreign"": 28975.0, ""institution"": -30194.0}, {""date"": ""20260828"", ""foreign"": 15196.0, ""institution"": -26083.0}, {""date"": ""20260831"", ""foreign"": 16166.0, ""institution"": -6428.0}, {""date"": ""20260901"", ""foreign"": 13384.0, ""institution"": -17943.0}, {""date"": ""20260902"", ""foreign"": 3809.0, ""institution"": -5733.0}, {""date"": ""20260903"", ""foreign"": 4070.0, ""institution"": -25443.0}, {""date"": ""20260904"", ""foreign"": 20393.0, ""institution"": -48434.0}, {""date"": ""20260907"", ""foreign"": 14732.0, ""institution"": -10116.0}, {""date"": ""20260908"", ""foreign"": -3004.0, ""institution"": -24096.0}, {""date"": ""20260909"", ""foreign"": 40761.0, ""institution"": -44.0}, {""date"": ""20260910"", ""foreign"": -3704.0, ""institution"": -28364.0}, {""date"": ""20260911"", ""foreign"": -3172.0, ""institution"": -14034.0}, {""date"": ""20260914"", ""foreign"": 9666.0, ""institution"": -14711.0}, {""date"": ""20260915"", ""foreign"": 9227.0, ""institution"": -4053.0}, {""date"": ""20260916"", ""foreign"": 10318.0, ""institution"": 4300.0}, {""date"": ""20260917"", ""foreign"": -2291.0, ""institution"": -2226.0}, {""date"": ""20260918"", ""foreign"": 449.0, ""institution"": 2205.0}, {""date"": ""20260921"", ""foreign"": -5836.0, ""institution"": -6587.0}, {""date"": ""20260922"", ""foreign"": 29306.0, ""institution"": 4818.0}, {""date"": ""20260923"", ""foreign"": -11444.0, ""institution"": 31428.0}, {""date"": ""20260928"", ""foreign"": -17520.0, ""institution"": 27144.0}, {""date"": ""20260929"", ""foreign"": -23454.0, ""institution"": 30843.0}]",대덕전자,2026-09-29,-23454.0,30843.0,7389.0,58698.0,-0.26831053045898345,0.7,-52418.0,89415.0,-28948.0,87646.0,1.0,4.0,"9666,9227,10318,-2291,449,-5836,29306,-11444,-17520,-23454","-14711,-4053,4300,-2226,2205,-6587,4818,31428,27144,30843",1.6298016922586778,-0.6686505317014163,2.133198772109687,3.0943499326669484,9,64341.0,전기·전자,5.6,1.5598470210782673,1.3949432844124081,18,False
497570,"[{""date"": ""20260814"", ""foreign"": -483.0, ""institution"": 989.0}, {""date"": ""20260818"", ""foreign"": 93.0, ""institution"": 280.0}, {""date"": ""20260819"", ""foreign"": -55.0, ""institution"": 463.0}, {""date"": ""20260820"", ""foreign"": -549.0, ""institution"": 522.0}, {""date"": ""20260821"", ""foreign"": 133.0, ""institution"": 1024.0}, {""date"": ""20260824"", ""foreign"": 813.0, ""institution"": -172.0}, {""date"": ""20260825"", ""foreign"": -250.0, ""institution"": 612.0}, {""date"": ""20260826"", ""foreign"": -54.0, ""institution"": 492.0}, {""date"": ""20260827"", ""foreign"": -699.0, ""institution"": 1025.0}, {""date"": ""20260828"", ""foreign"": 123.0, ""institution"": 730.0}, {""date"": ""20260831"", ""foreign"": -286.0, ""institution"": 555.0}, {""date"": ""20260901"", ""foreign"": 416.0, ""institution"": -13.0}, {""date"": ""20260902"", ""foreign"": 17.0, ""institution"": 235.0}, {""date"": ""20260903"", ""foreign"": -407.0, ""institution"": 1092.0}, {""date"": ""20260904"", ""foreign"": 37.0, ""institution"": 212.0}, {""date"": ""20260907"", ""foreign"": 105.0, ""institution"": 380.0}, {""date"": ""20260908"", ""foreign"": -30.0, ""institution"": 249.0}, {""date"": ""20260909"", ""foreign"": 1392.0, ""institution"": -1254.0}, {""date"": ""20260910"", ""foreign"": -641.0, ""institution"": 1358.0}, {""date"": ""20260911"", ""foreign"": -56.0, ""institution"": 208.0}, {""date"": ""20260914"", ""foreign"": 1239.0, ""institution"": -1108.0}, {""date"": ""20260915"", ""foreign"": -1224.0, ""institution"": 1549.0}, {""date"": ""20260916"", ""foreign"": -44.0, ""institution"": 386.0}, {""date"": ""20260917"", ""foreign"": -620.0, ""institution"": 857.0}, {""date"": ""20260918"", ""foreign"": -53.0, ""institution"": 474.0}, {""date"": ""20260921"", ""foreign"": 910.0, ""institution"": -755.0}, {""date"": ""20260922"", ""foreign"": -955.0, ""institution"": 1141.0}, {""date"": ""20260923"", ""foreign"": -43.0, ""institution"": 1169.0}, {""date"": ""20260928"", ""foreign"": 1346.0, ""institution"": -1100.0}, {""date"": ""20260929"", ""foreign"": -717.0, ""institution"": 1238.0}]",TIGER 미국필라델피아AI반도체나스닥,2026-09-29,-717.0,1238.0,521.0,2234.0,1.2503566333006293,1.0,586.0,1307.0,541.0,1693.0,2.0,3.0,"1239,-1224,-44,-620,-53,910,-955,-43,1346,-717","-1108,1549,386,857,474,-755,1141,1169,-1100,1238",1.579650097359725,2.5407867818525194,0.0,4.120436879212244,10,11038.0,ETF(실물복제/수익증권),0.23,2.027407117491138,1.3522922066425709,120,False
0043B0,,TIGER 머니마켓액티브,2026-09-29,,,0.0,-3142.0,-0.24024190967517278,0.3,,,,,3.0,2.0,"0,-70,-1,-21,-28,1,4,0,36,0","-5228,355,-3263,-1186,-1391,-1998,1481,-3570,904,0",1.8539838965935516,-0.44986642746448624,1.870828518386987,3.2749459875160523,11,32087.0,ETF(Active/수익증권),0.01,1.6421397635221004,1.3354971067035404,54,True
0072R0,,TIGER KRX금현물,2026-09-29,,,0.0,-7525.0,0.77381086880834,0.4,,,,,0.0,1.0,"-1980,-661,-1211,-897,-563,-1162,-100,-681,-2208,0","2150,747,1232,244,1254,395,-1948,-470,-1351,0",-1.0798027195322004,1.1690601026115133,0.9887295380942507,1.0779869211735635,12,11314.0,ETF(실물복제/수익증권),-1.38,0.6410448793773301,1.3285352081734545,-63,False
085620,,미래에셋생명,2026-09-29,,,0.0,1121.0,-0.1635091810211744,0.5,,,,,3.0,2.0,"-206,-117,53,20,-926,207,507,-374,461,0","77,-4,-2,393,-40,224,204,-67,-41,0",1.4584791801605785,-0.05033809302497083,1.36626000879462,2.7744010959302274,13,25752.0,보험,-2.41,1.414054981275524,1.327689591421675,6,False
259960,"[{""date"": ""20260814"", ""foreign"": 861.0, ""institution"": -1522.0}, {""date"": ""20260818"", ""foreign"": -9663.0, ""institution"": -2168.0}, {""date"": ""20260819"", ""foreign"": -4143.0, ""institution"": -1951.0}, {""date"": ""20260820"", ""foreign"": 2911.0, ""institution"": -5971.0}, {""date"": ""20260821"", ""foreign"": -4043.0, ""institution"": -888.0}, {""date"": ""20260824"", ""foreign"": -1957.0, ""institution"": -1283.0}, {""date"": ""20260825"", ""foreign"": -3074.0, ""institution"": -2147.0}, {""date"": ""20260826"", ""foreign"": -2422.0, ""institution"": 282.0}, {""date"": ""20260827"", ""foreign"": -9309.0, ""institution"": -410.0}, {""date"": ""20260828"", ""foreign"": -3540.0, ""institution"": -103.0}, {""date"": ""20260831"", ""foreign"": -482.0, ""institution"": -836.0}, {""date"": ""20260901"", ""foreign"": -1230.0, ""institution"": 1204.0}, {""date"": ""20260902"", ""foreign"": -2610.0, ""institution"": -3056.0}, {""date"": ""20260903"", ""foreign"": -3432.0, ""institution"": -1898.0}, {""date"": ""20260904"", ""foreign"": -5659.0, ""institution"": 841.0}, {""date"": ""20260907"", ""foreign"": 78.0, ""institution"": -1600.0}, {""date"": ""20260908"", ""foreign"": -3494.0, ""institution"": -1123.0}, {""date"": ""20260909"", ""foreign"": -1748.0, ""institution"": -3763.0}, {""date"": ""20260910"", ""foreign"": 7772.0, ""institution"": -8610.0}, {""date"": ""20260911"", ""foreign"": 3337.0, ""institution"": -951.0}, {""date"": ""20260914"", ""foreign"": 722.0, ""institution"": 458.0}, {""date"": ""20260915"", ""foreign"": 1510.0, ""institution"": -1527.0}, {""date"": ""20260916"", ""foreign"": -2234.0, ""institution"": 238.0}, {""date"": ""20260917"", ""foreign"": -1526.0, ""institution"": 1035.0}, {""date"": ""20260918"", ""foreign"": -597.0, ""institution"": 795.0}, {""date"": ""20260921"", ""foreign"": -2036.0, ""institution"": -2279.0}, {""date"": ""20260922"", ""foreign"": 3138.0, ""institution"": -1841.0}, {""date"": ""20260923"", ""foreign"": -2829.0, ""institution"": -266.0}, {""date"": ""20260928"", ""foreign"": 1769.0, ""institution"": 621.0}, {""date"": ""20260929"", ""foreign"": 1242.0, ""institution"": -3428.0}]",크래프톤,2026-09-29,1242.0,-3428.0,-2186.0,-5909.0,0.40270996762629485,0.4,182.0,-3073.0,1284.0,-7193.0,3.0,1.0,"722,1510,-2234,-1526,-597,-2036,3138,-2829,1769,1242","458,-1527,238,1035,795,-2279,-1841,-266,621,-3428",0.322060923551231,1.5764780824148095,1.1080344518177943,3.006573457783835,14,91235.0,IT 서비스,-1.63,1.5198496532164993,1.3174259212930775,28,False
005387,,현대차2우B,2026-09-29,,,0.0,9085.0,-0.48924796501156786,0.5,,,,,2.0,4.0,"-7753,-7603,-5391,-189,-3343,-578,2147,-2720,2607,0","-1883,338,-10,926,-290,910,300,3803,2616,0",1.8539422159522465,-0.3514958375902745,2.0970062248419516,3.5994526032039236,15,60738.0,운송장비·부품,-1.61,1.7900086600405472,1.2984276620861672,88,False
487340,"[{""date"": ""20260814"", ""foreign"": 0.0, ""institution"": -6914.0}, {""date"": ""20260818"", ""foreign"": 0.0, ""institution"": 7.0}, {""date"": ""20260819"", ""foreign"": 0.0, ""institution"": -572.0}, {""date"": ""20260820"", ""foreign"": 0.0, ""institution"": 225.0}, {""date"": ""20260821"", ""foreign"": 0.0, ""institution"": 19.0}, {""date"": ""20260824"", ""foreign"": 0.0, ""institution"": 98.0}, {""date"": ""20260825"", ""foreign"": 0.0, ""institution"": -125.0}, {""date"": ""20260826"", ""foreign"": 0.0, ""institution"": -355.0}, {""date"": ""20260827"", ""foreign"": 30.0, ""institution"": 1316.0}, {""date"": ""20260828"", ""foreign"": 0.0, ""institution"": -79.0}, {""date"": ""20260831"", ""foreign"": 0.0, ""institution"": 11.0}, {""date"": ""20260901"", ""foreign"": 0.0, ""institution"": -232.0}, {""date"": ""20260902"", ""foreign"": 0.0, ""institution"": -10.0}, {""date"": ""20260903"", ""foreign"": 0.0, ""institution"": -188.0}, {""date"": ""20260904"", ""foreign"": 0.0, ""institution"": -142.0}, {""date"": ""20260907"", ""foreign"": 0.0, ""institution"": -510.0}, {""date"": ""20260908"", ""foreign"": 0.0, ""institution"": 278.0}, {""date"": ""20260909"", ""foreign"": 0.0, ""institution"": -170.0}, {""date"": ""20260910"", ""foreign"": 0.0, ""institution"": 214.0}, {""date"": ""20260911"", ""foreign"": 0.0, ""institution"": 86.0}, {""date"": ""20260914"", ""foreign"": 0.0, ""institution"": -48.0}, {""date"": ""20260915"", ""foreign"": 0.0, ""institution"": 68.0}, {""date"": ""20260916"", ""foreign"": 0.0, ""institution"": -68.0}, {""date"": ""20260917"", ""foreign"": 0.0, ""institution"": -231.0}, {""date"": ""20260918"", ""foreign"": 0.0, ""institution"": 156.0}, {""date"": ""20260921"", ""foreign"": 0.0, ""institution"": 337.0}, {""date"": ""20260922"", ""foreign"": 0.0, ""institution"": -593.0}, {""date"": ""20260923"", ""foreign"": 0.0, ""institution"": 345.0}, {""date"": ""20260928"", ""foreign"": 0.0, ""institution"": 166.0}, {""date"": ""20260929"", ""foreign"": 0.0, ""institution"": -76.0}]",ACE 머니마켓액티브,2026-09-29,0.0,-76.0,-76.0,179.0,-0.007272112345310111,0.5,0.0,435.0,0.0,179.0,0.0,3.0,"0,0,0,0,0,0,0,0,0,0","-48,68,-68,-231,156,337,-593,345,166,-76",0.7089645017651247,-0.14993276738775013,0.6324554820336798,1.1914872164110544,16,11848.0,ETF(Active/수익증권),0.01,0.6927638971104807,1.2963327649957628,-56,True
330590,"[{""date"": ""20260814"", ""foreign"": 7.0, ""institution"": 145.0}, {""date"": ""20260818"", ""foreign"": -21.0, ""institution"": 30.0}, {""date"": ""20260819"", ""foreign"": -37.0, ""institution"": 191.0}, {""date"": ""20260820"", ""foreign"": -117.0, ""institution"": 207.0}, {""date"": ""20260821"", ""foreign"": 24.0, ""institution"": 47.0}, {""date"": ""20260824"", ""foreign"": 123.0, ""institution"": 9.0}, {""date"": ""20260825"", ""foreign"": 10.0, ""institution"": 57.0}, {""date"": ""20260826"", ""foreign"": 83.0, ""institution"": 122.0}, {""date"": ""20260827"", ""foreign"": -155.0, ""institution"": 152.0}, {""date"": ""20260828"", ""foreign"": -29.0, ""institution"": 78.0}, {""date"": ""20260831"", ""foreign"": 187.0, ""institution"": -28.0}, {""date"": ""20260901"", ""foreign"": 6.0, ""institution"": 55.0}, {""date"": ""20260902"", ""foreign"": -94.0, ""institution"": 145.0}, {""date"": ""20260903"", ""foreign"": -162.0, ""institution"": 284.0}, {""date"": ""20260904"", ""foreign"": -115.0, ""institution"": 187.0}, {""date"": ""20260907"", ""foreign"": -115.0, ""institution"": 157.0}, {""date"": ""20260908"", ""foreign"": -27.0, ""institution"": 168.0}, {""date"": ""20260909"", ""foreign"": -54.0, ""institution"": 131.0}, {""date"": ""20260910"", ""foreign"": 117.0, ""institution"": 83.0}, {""date"": ""20260911"", ""foreign"": 120.0, ""institution"": 130.0}, {""date"": ""20260914"", ""foreign"": 46.0, ""institution"": 159.0}, {""date"": ""20260915"", ""foreign"": -9.0, ""institution"": 73.0}, {""date"": ""20260916"", ""foreign"": -53.0, ""institution"": 166.0}, {""date"": ""20260917"", ""foreign"": -213.0, ""institution"": 282.0}, {""date"": ""20260918"", ""foreign"": -130.0, ""institution"": 445.0}, {""date"": ""20260921"", ""foreign"": -91.0, ""institution"": 328.0}, {""date"": ""20260922"", ""foreign"": -70.0, ""institution"": 421.0}, {""date"": ""20260923"", ""foreign"": -79.0, ""institution"": 424.0}, {""date"": ""20260928"", ""foreign"": -296.0, ""institution"": 501.0}, {""date"": ""20260929"", ""foreign"": 203.0, ""institution"": -36.0}]",롯데리츠,2026-09-29,203.0,-36.0,167.0,1305.0,0.27060074421740565,1.0,-172.0,889.0,-333.0,1638.0,1.0,4.0,"46,-9,-53,-213,-130,-91,-70,-79,-296,203","159,73,166,282,445,328,421,424,501,-36",1.4246833563471977,-0.45894236417809375,0.483045774873011,1.4487867670421148,17,12007.0,리츠,0.36,0.8100083500343697,1.2956995905234314,-48,True
192650,"[{""date"": ""20260814"", ""foreign"": -68.0, ""institution"": 156.0}, {""date"": ""20260818"", ""foreign"": -215.0, ""institution"": 282.0}, {""date"": ""20260819"", ""foreign"": -283.0, ""institution"": 324.0}, {""date"": ""20260820"", ""foreign"": -120.0, ""institution"": 50.0}, {""date"": ""20260821"", ""foreign"": -226.0, ""institution"": 20.0}, {""date"": ""20260824"", ""foreign"": 145.0, ""institution"": 94.0}, {""date"": ""20260825"", ""foreign"": 17.0, ""institution"": -28.0}, {""date"": ""20260826"", ""foreign"": 199.0, ""institution"": 156.0}, {""date"": ""20260827"", ""foreign"": -1169.0, ""institution"": 1904.0}, {""date"": ""20260828"", ""foreign"": 670.0, ""institution"": 673.0}, {""date"": ""20260831"", ""foreign"": -523.0, ""institution"": 126.0}, {""date"": ""20260901"", ""foreign"": -189.0, ""institution"": 98.0}, {""date"": ""20260902"", ""foreign"": -506.0, ""institution"": 1333.0}, {""date"": ""20260903"", ""foreign"": -727.0, ""institution"": 620.0}, {""date"": ""20260904"", ""foreign"": -343.0, ""institution"": 525.0}, {""date"": ""20260907"", ""foreign"": -219.0, ""institution"": 322.0}, {""date"": ""20260908"", ""foreign"": -237.0, ""institution"": 188.0}, {""date"": ""20260909"", ""foreign"": 109.0, ""institution"": 109.0}, {""date"": ""20260910"", ""foreign"": 184.0, ""institution"": -28.0}, {""date"": ""20260911"", ""foreign"": -545.0, ""institution"": 335.0}, {""date"": ""20260914"", ""foreign"": -125.0, ""institution"": 49.0}, {""date"": ""20260915"", ""foreign"": 991.0, ""institution"": 1573.0}, {""date"": ""20260916"", ""foreign"": -2.0, ""institution"": 979.0}, {""date"": ""20260917"", ""foreign"": -748.0, ""institution"": 6358.0}, {""date"": ""20260918"", ""foreign"": -2557.0, ""institution"": 1891.0}, {""date"": ""20260921"", ""foreign"": -1496.0, ""institution"": 5535.0}, {""date"": ""20260922"", ""foreign"": -1501.0, ""institution"": 7390.0}, {""date"": ""20260923"", ""foreign"": -674.0, ""institution"": 1463.0}, {""date"": ""20260928"", ""foreign"": 916.0, ""institution"": 336.0}, {""date"": ""20260929"", ""foreign"": 1016.0, ""institution"": 417.0}]",드림텍,2026-09-29,1016.0,417.0,1433.0,13402.0,-0.4324920362684024,0.8,1258.0,2216.0,-1739.0,15141.0,2.0,5.0,"-125,991,-2,-748,-2557,-1496,-1501,-674,916,1016","49,1573,979,6358,1891,5535,7390,1463,336,417",1.150112237211328,-0.8127912752058456,2.169897816159322,2.5072187781648045,18,5436.0,전기·전자,4.04,1.2923072184033642,1.2546058175688692,6,True
088980,,맥쿼리인프라,2026-09-29,,,0.0,5418.0,0.8538037378345706,0.7,,,,,1.0,4.0,"-2987,-3707,-2698,-1635,-2531,-1385,-1163,-3019,491,0","4064,2770,2355,1794,2950,1771,2396,3043,3284,0",1.808061735001944,1.9534111136151875,1.207025368159967,4.968498216777099,19,47126.0,인프라투용,-0.51,2.4138457541884297,1.2227826575163012,317,False
019170,,신풍제약,2026-09-29,,,0.0,1043.0,-0.5880058508145294,0.7,,,,,4.0,1.0,"26,-93,-549,604,376,427,111,367,161,0","19,15,-24,0,-5,8,-10,-21,0,0",1.09905973313048,-0.6221402211370967,1.5105814579899475,1.9875009699833308,20,4707.0,제약,-3.13,1.055485856121188,1.216918332586045,-27,False
066570,,LG전자,2026-09-29,,,0.0,185474.0,-0.2693880264229218,0.5,,,,,3.0,4.0,"14017,34645,-6725,-4393,-15528,17966,80345,-28073,38944,0","-3444,-1402,1933,-5254,5907,15901,50435,6063,3893,0",1.800507353074576,-0.4923334850849944,1.1660916555018475,2.474265523491429,21,347759.0,전기·전자,-0.47,1.2772913106539507,1.1783949616660252,26,True
014680,,한솔케미칼,2026-09-29,,,0.0,5963.0,-0.08854166667440655,0.9,,,,,0.0,4.0,"-289,2462,-3541,-2491,-2876,-2226,-1665,-3068,-3940,0","301,-221,6096,3864,4252,2334,4300,4777,5451,0",0.616276784693565,-0.6435878103677191,1.2590778080270082,1.231766782352854,22,26661.0,화학,4.22,0.7111182069461385,1.1488438484349293,-62,False
133690,"[{""date"": ""20260814"", ""foreign"": 5157.0, ""institution"": -15700.0}, {""date"": ""20260818"", ""foreign"": 16329.0, ""institution"": -37914.0}, {""date"": ""20260819"", ""foreign"": 33833.0, ""institution"": -47404.0}, {""date"": ""20260820"", ""foreign"": 34205.0, ""institution"": -47207.0}, {""date"": ""20260821"", ""foreign"": 24102.0, ""institution"": -41682.0}, {""date"": ""20260824"", ""foreign"": 20808.0, ""institution"": -34170.0}, {""date"": ""20260825"", ""foreign"": 99950.0, ""institution"": -111381.0}, {""date"": ""20260826"", ""foreign"": -24132.0, ""institution"": 10761.0}, {""date"": ""20260827"", ""foreign"": 3385.0, ""institution"": -12077.0}, {""date"": ""20260828"", ""foreign"": -4105.0, ""institution"": -3415.0}, {""date"": ""20260831"", ""foreign"": 30518.0, ""institution"": -38261.0}, {""date"": ""20260901"", ""foreign"": 23434.0, ""institution"": -31626.0}, {""date"": ""20260902"", ""foreign"": 9720.0, ""institution"": -21269.0}, {""date"": ""20260903"", ""foreign"": 74.0, ""institution"": -7682.0}, {""date"": ""20260904"", ""foreign"": 18556.0, ""institution"": -25564.0}, {""date"": ""20260907"", ""foreign"": -1071.0, ""institution"": -12248.0}, {""date"": ""20260908"", ""foreign"": -49074.0, ""institution"": 39429.0}, {""date"": ""20260909"", ""foreign"": 4790.0, ""institution"": -24344.0}, {""date"": ""20260910"", ""foreign"": 18602.0, ""institution"": -26309.0}, {""date"": ""20260911"", ""foreign"": 44803.0, ""institution"": -51261.0}, {""date"": ""20260914"", ""foreign"": -22435.0, ""institution"": 18551.0}, {""date"": ""20260915"", ""foreign"": 15797.0, ""institution"": -22891.0}, {""date"": ""20260916"", ""foreign"": 22845.0, ""institution"": -29158.0}, {""date"": ""20260917"", ""foreign"": 40201.0, ""institution"": -37366.0}, {""date"": ""20260918"", ""foreign"": -1558.0, ""institution"": -4762.0}, {""date"": ""20260921"", ""foreign"": -5790.0, ""institution"": -3961.0}, {""date"": ""20260922"", ""foreign"": -11319.0, ""institution"": 4042.0}, {""date"": ""20260923"", ""foreign"": 6374.0, ""institution"": -17052.0}, {""date"": ""20260928"", ""foreign"": -16171.0, ""institution"": 2443.0}, {""date"": ""20260929"", ""foreign"": 4009.0, ""institution"": -13351.0}]",TIGER 미국나스닥100,2026-09-29,4009.0,-13351.0,-9342.0,-50776.0,0.4572996687936419,0.1,-5788.0,-27960.0,-22897.0,-27879.0,2.0,2.0,"-22435,15797,22845,40201,-1558,-5790,-11319,6374,-16171,4009","18551,-22891,-29158,-37366,-4762,-3961,4042,-17052,2443,-13351",-0.728673382436528,1.5147949174018491,1.0327953589886834,1.8189168939540044,23,119631.0,ETF(실물복제/수익증권),-0.79,0.9786666478588334,1.1207000911779392,-20,False
423920,"[{""date"": ""20260814"", ""foreign"": -72.0, ""institution"": -526.0}, {""date"": ""20260818"", ""foreign"": -71.0, ""institution"": 857.0}, {""date"": ""20260819"", ""foreign"": 132.0, ""institution"": -1787.0}, {""date"": ""20260820"", ""foreign"": 1366.0, ""institution"": -5586.0}, {""date"": ""20260821"", ""foreign"": -13.0, ""institution"": 1316.0}, {""date"": ""20260824"", ""foreign"": -589.0, ""institution"": 320.0}, {""date"": ""20260825"", ""foreign"": -420.0, ""institution"": 367.0}, {""date"": ""20260826"", ""foreign"": -99.0, ""institution"": -524.0}, {""date"": ""20260827"", ""foreign"": 9067.0, ""institution"": -9004.0}, {""date"": ""20260828"", ""foreign"": 15.0, ""institution"": -549.0}, {""date"": ""20260831"", ""foreign"": 189.0, ""institution"": -368.0}, {""date"": ""20260901"", ""foreign"": -382.0, ""institution"": 411.0}, {""date"": ""20260902"", ""foreign"": -44.0, ""institution"": -331.0}, {""date"": ""20260903"", ""foreign"": 32.0, ""institution"": 113.0}, {""date"": ""20260904"", ""foreign"": 97.0, ""institution"": -2063.0}, {""date"": ""20260907"", ""foreign"": 1957.0, ""institution"": -2260.0}, {""date"": ""20260908"", ""foreign"": -2020.0, ""institution"": 1644.0}, {""date"": ""20260909"", ""foreign"": 41.0, ""institution"": 439.0}, {""date"": ""20260910"", ""foreign"": -18.0, ""institution"": -87.0}, {""date"": ""20260911"", ""foreign"": -11.0, ""institution"": 663.0}, {""date"": ""20260914"", ""foreign"": -121.0, ""institution"": 293.0}, {""date"": ""20260915"", ""foreign"": 47.0, ""institution"": -3286.0}, {""date"": ""20260916"", ""foreign"": 56.0, ""institution"": 20.0}, {""date"": ""20260917"", ""foreign"": -64.0, ""institution"": 700.0}, {""date"": ""20260918"", ""foreign"": 112.0, ""institution"": 192.0}, {""date"": ""20260921"", ""foreign"": 11.0, ""institution"": 840.0}, {""date"": ""20260922"", ""foreign"": 4201.0, ""institution"": -4546.0}, {""date"": ""20260923"", ""foreign"": -380.0, ""institution"": -95.0}, {""date"": ""20260928"", ""foreign"": -416.0, ""institution"": 2002.0}, {""date"": ""20260929"", ""foreign"": 3.0, ""institution"": -117.0}]",TIGER 미국필라델피아반도체레버리지(합성),2026-09-29,3.0,-117.0,-114.0,1503.0,0.05685131193794679,0.6,-793.0,1790.0,3419.0,-1916.0,3.0,2.0,"-121,47,56,-64,112,11,4201,-380,-416,3","293,-3286,20,700,192,840,-4546,-95,2002,-117",1.3219359420558867,-0.3217639158511977,0.6831300043973102,1.6833020306019995,24,6082.0,ETF(합성복제/수익증권),-0.06,0.916870618977101,1.1144093210056276,-33,False
002840,,미원상사,2026-09-29,,,0.0,305.0,1.6582278472600542,0.8,,,,,4.0,4.0,"65,-15,-16,-10,-32,1,10,40,186,0","-18,66,11,13,35,36,6,13,13,0",1.61773051914733,1.9657199234753315,1.1927967236683974,4.776247166291059,25,6165.0,화학,-1.15,2.326242145153764,1.1006196765354896,372,True
248070,"[{""date"": ""20260814"", ""foreign"": 327.0, ""institution"": -311.0}, {""date"": ""20260818"", ""foreign"": -2117.0, ""institution"": 297.0}, {""date"": ""20260819"", ""foreign"": -767.0, ""institution"": 333.0}, {""date"": ""20260820"", ""foreign"": -211.0, ""institution"": -100.0}, {""date"": ""20260821"", ""foreign"": -341.0, ""institution"": -516.0}, {""date"": ""20260824"", ""foreign"": 201.0, ""institution"": -360.0}, {""date"": ""20260825"", ""foreign"": -277.0, ""institution"": 162.0}, {""date"": ""20260826"", ""foreign"": -126.0, ""institution"": 65.0}, {""date"": ""20260827"", ""foreign"": -17.0, ""institution"": -163.0}, {""date"": ""20260828"", ""foreign"": -41.0, ""institution"": 63.0}, {""date"": ""20260831"", ""foreign"": 118.0, ""institution"": 108.0}, {""date"": ""20260901"", ""foreign"": -152.0, ""institution"": 76.0}, {""date"": ""20260902"", ""foreign"": -862.0, ""institution"": 434.0}, {""date"": ""20260903"", ""foreign"": -675.0, ""institution"": 172.0}, {""date"": ""20260904"", ""foreign"": -149.0, ""institution"": 9.0}, {""date"": ""20260907"", ""foreign"": -291.0, ""institution"": 102.0}, {""date"": ""20260908"", ""foreign"": -895.0, ""institution"": 177.0}, {""date"": ""20260909"", ""foreign"": -55.0, ""institution"": -257.0}, {""date"": ""20260910"", ""foreign"": 6.0, ""institution"": 159.0}, {""date"": ""20260911"", ""foreign"": -268.0, ""institution"": 134.0}, {""date"": ""20260914"", ""foreign"": -201.0, ""institution"": 80.0}, {""date"": ""20260915"", ""foreign"": -114.0, ""institution"": 64.0}, {""date"": ""20260916"", ""foreign"": -93.0, ""institution"": 185.0}, {""date"": ""20260917"", ""foreign"": -364.0, ""institution"": 130.0}, {""date"": ""20260918"", ""foreign"": -667.0, ""institution"": 336.0}, {""date"": ""20260921"", ""foreign"": 201.0, ""institution"": 152.0}, {""date"": ""20260922"", ""foreign"": 243.0, ""institution"": -2.0}, {""date"": ""20260923"", ""foreign"": -456.0, ""institution"": 383.0}, {""date"": ""20260928"", ""foreign"": 392.0, ""institution"": -380.0}, {""date"": ""20260929"", ""foreign"": 84.0, ""institution"": 44.0}]",솔루엠,2026-09-29,84.0,44.0,128.0,661.0,-0.6507624200860422,0.5,20.0,47.0,464.0,197.0,4.0,3.0,"-201,-114,-93,-364,-667,201,243,-456,392,84","80,64,185,130,336,152,-2,383,-380,44",1.652813044964043,-1.0095068987926836,2.0283700399198827,2.671676186091242,26,6235.0,전기·전자,-0.08,1.3672460155148443,1.0943073678909856,57,False
111770,,영원무역,2026-09-29,,,0.0,-1154.0,1.0508921329465464,0.5,,,,,2.0,2.0,"332,64,37,-197,-1642,-213,305,-1144,358,0","-29,-342,-16,213,959,234,-495,-360,161,0",-0.02109476449903575,1.9343797660555697,0.8500473466839109,2.7633323482404446,27,31505.0,유통,-0.42,1.4090112520336415,1.0858971110967173,77,False
479080,"[{""date"": ""20260814"", ""foreign"": 0.0, ""institution"": -16.0}, {""date"": ""20260818"", ""foreign"": 0.0, ""institution"": 237.0}, {""date"": ""20260819"", ""foreign"": 0.0, ""institution"": -786.0}, {""date"": ""20260820"", ""foreign"": 4.0, ""institution"": 16.0}, {""date"": ""20260821"", ""foreign"": 0.0, ""institution"": 315.0}, {""date"": ""20260824"", ""foreign"": 0.0, ""institution"": 53.0}, {""date"": ""20260825"", ""foreign"": 0.0, ""institution"": 187.0}, {""date"": ""20260826"", ""foreign"": 0.0, ""institution"": -117.0}, {""date"": ""20260827"", ""foreign"": 0.0, ""institution"": 22.0}, {""date"": ""20260828"", ""foreign"": 0.0, ""institution"": 282.0}, {""date"": ""20260831"", ""foreign"": 0.0, ""institution"": -82.0}, {""date"": ""20260901"", ""foreign"": 0.0, ""institution"": -67.0}, {""date"": ""20260902"", ""foreign"": 0.0, ""institution"": 292.0}, {""date"": ""20260903"", ""foreign"": 0.0, ""institution"": -792.0}, {""date"": ""20260904"", ""foreign"": 0.0, ""institution"": 370.0}, {""date"": ""20260907"", ""foreign"": 0.0, ""institution"": -339.0}, {""date"": ""20260908"", ""foreign"": 0.0, ""institution"": 165.0}, {""date"": ""20260909"", ""foreign"": 0.0, ""institution"": -119.0}, {""date"": ""20260910"", ""foreign"": 0.0, ""institution"": 105.0}, {""date"": ""20260911"", ""foreign"": 0.0, ""institution"": -187.0}, {""date"": ""20260914"", ""foreign"": 0.0, ""institution"": -217.0}, {""date"": ""20260915"", ""foreign"": 0.0, ""institution"": -13.0}, {""date"": ""20260916"", ""foreign"": 0.0, ""institution"": -37.0}, {""date"": ""20260917"", ""foreign"": 0.0, ""institution"": 417.0}, {""date"": ""20260918"", ""foreign"": 0.0, ""institution"": -259.0}, {""date"": ""20260921"", ""foreign"": 0.0, ""institution"": 189.0}, {""date"": ""20260922"", ""foreign"": 0.0, ""institution"": 103.0}, {""date"": ""20260923"", ""foreign"": 0.0, ""institution"": 182.0}, {""date"": ""20260928"", ""foreign"": 0.0, ""institution"": 296.0}, {""date"": ""20260929"", ""foreign"": 0.0, ""institution"": 185.0}]",1Q 머니마켓액티브,2026-09-29,0.0,185.0,185.0,955.0,0.34264884560494235,0.6,0.0,663.0,0.0,955.0,0.0,5.0,"0,0,0,0,0,0,0,0,0,0","-217,-13,-37,417,-259,189,103,182,296,185",1.9894325221531877,0.42947769348998305,1.9321833328252858,4.351093548468457,28,8855.0,ETF(Active/수익증권),0.01,2.132511129269876,1.0686345679833646,315,True
455030,"[{""date"": ""20260814"", ""foreign"": -17.0, ""institution"": -356.0}, {""date"": ""20260818"", ""foreign"": 20.0, ""institution"": -675.0}, {""date"": ""20260819"", ""foreign"": -19.0, ""institution"": -294.0}, {""date"": ""20260820"", ""foreign"": -75.0, ""institution"": -311.0}, {""date"": ""20260821"", ""foreign"": 1.0, ""institution"": -562.0}, {""date"": ""20260824"", ""foreign"": 4.0, ""institution"": -684.0}, {""date"": ""20260825"", ""foreign"": 0.0, ""institution"": -446.0}, {""date"": ""20260826"", ""foreign"": 0.0, ""institution"": -320.0}, {""date"": ""20260827"", ""foreign"": 14.0, ""institution"": -409.0}, {""date"": ""20260828"", ""foreign"": -14.0, ""institution"": -575.0}, {""date"": ""20260831"", ""foreign"": -1.0, ""institution"": -485.0}, {""date"": ""20260901"", ""foreign"": 0.0, ""institution"": -196.0}, {""date"": ""20260902"", ""foreign"": 2.0, ""institution"": -268.0}, {""date"": ""20260903"", ""foreign"": 0.0, ""institution"": -222.0}, {""date"": ""20260904"", ""foreign"": 9.0, ""institution"": -515.0}, {""date"": ""20260907"", ""foreign"": -5.0, ""institution"": -426.0}, {""date"": ""20260908"", ""foreign"": 45.0, ""institution"": -171.0}, {""date"": ""20260909"", ""foreign"": -26.0, ""institution"": -301.0}, {""date"": ""20260910"", ""foreign"": 0.0, ""institution"": -167.0}, {""date"": ""20260911"", ""foreign"": 6.0, ""institution"": -265.0}, {""date"": ""20260914"", ""foreign"": -21.0, ""institution"": -613.0}, {""date"": ""20260915"", ""foreign"": 21.0, ""institution"": -833.0}, {""date"": ""20260916"", ""foreign"": 1.0, ""institution"": -1046.0}, {""date"": ""20260917"", ""foreign"": -6.0, ""institution"": -1897.0}, {""date"": ""20260918"", ""foreign"": 13.0, ""institution"": 492.0}, {""date"": ""20260921"", ""foreign"": -3.0, ""institution"": 90.0}, {""date"": ""20260922"", ""foreign"": 31.0, ""institution"": 60.0}, {""date"": ""20260923"", ""foreign"": -43.0, ""institution"": -1092.0}, {""date"": ""20260928"", ""foreign"": 17.0, ""institution"": 50.0}, {""date"": ""20260929"", ""foreign"": -13.0, ""institution"": -257.0}]",KODEX 미국달러SOFR금리액티브(합성),2026-09-29,-13.0,-257.0,-270.0,-1160.0,-0.15837621499442467,0.4,-39.0,-1299.0,-11.0,-1149.0,2.0,3.0,"-21,21,1,-6,13,-3,31,-43,17,-13","-613,-833,-1046,-1897,492,90,60,-1092,50,-257",0.8808955448069427,-0.49992345900171303,1.7943386910605446,2.175310776865774,29,5366.0,ETF,-0.39,1.1410657104492161,1.0622405183706616,14,False
278540,"[{""date"": ""20260814"", ""foreign"": -3.0, ""institution"": 22.0}, {""date"": ""20260818"", ""foreign"": 14.0, ""institution"": -39.0}, {""date"": ""20260819"", ""foreign"": -1.0, ""institution"": -102.0}, {""date"": ""20260820"", ""foreign"": 31.0, ""institution"": 67.0}, {""date"": ""20260821"", ""foreign"": -1.0, ""institution"": -77.0}, {""date"": ""20260824"", ""foreign"": -102.0, ""institution"": 85.0}, {""date"": ""20260825"", ""foreign"": 28.0, ""institution"": -70.0}, {""date"": ""20260826"", ""foreign"": 37.0, ""institution"": -39.0}, {""date"": ""20260827"", ""foreign"": 0.0, ""institution"": 66.0}, {""date"": ""20260828"", ""foreign"": 24.0, ""institution"": 78.0}, {""date"": ""20260831"", ""foreign"": -86.0, ""institution"": 502.0}, {""date"": ""20260901"", ""foreign"": 52.0, ""institution"": -63.0}, {""date"": ""20260902"", ""foreign"": -29.0, ""institution"": 132.0}, {""date"": ""20260903"", ""foreign"": -17.0, ""institution"": 4.0}, {""date"": ""20260904"", ""foreign"": 11.0, ""institution"": 25.0}, {""date"": ""20260907"", ""foreign"": -14.0, ""institution"": 79.0}, {""date"": ""20260908"", ""foreign"": 165.0, ""institution"": -51.0}, {""date"": ""20260909"", ""foreign"": -169.0, ""institution"": 261.0}, {""date"": ""20260910"", ""foreign"": -4.0, ""institution"": 32.0}, {""date"": ""20260911"", ""foreign"": -59.0, ""institution"": -4.0}, {""date"": ""20260914"", ""foreign"": -133.0, ""institution"": 104.0}, {""date"": ""20260915"", ""foreign"": 36.0, ""institution"": -64.0}, {""date"": ""20260916"", ""foreign"": 11.0, ""institution"": 75.0}, {""date"": ""20260917"", ""foreign"": 2.0, ""institution"": 83.0}, {""date"": ""20260918"", ""foreign"": -2.0, ""institution"": 41.0}, {""date"": ""20260921"", ""foreign"": 6.0, ""institution"": 54.0}, {""date"": ""20260922"", ""foreign"": 2.0, ""institution"": 286.0}, {""date"": ""20260923"", ""foreign"": 18.0, ""institution"": 229.0}, {""date"": ""20260928"", ""foreign"": -60.0, ""institution"": -102.0}, {""date"": ""20260929"", ""foreign"": 1.0, ""institution"": 9.0}]",KODEX MSCI Korea TR,2026-09-29,1.0,9.0,10.0,443.0,0.7502088552526891,0.7,-41.0,136.0,-33.0,476.0,4.0,4.0,"-133,36,11,2,-2,6,2,18,-60,1","104,-64,75,83,41,54,286,229,-102,9",0.8131351239964157,0.4528878348762355,0.29580394540498767,1.561826904277639,30,24107.0,ETF(실물복제/수익증권),-0.01,0.8615176861996091,1.0535107890973279,-37,True
483650,"[{""date"": ""20260814"", ""foreign"": -1113.0, ""institution"": -4583.0}, {""date"": ""20260818"", ""foreign"": -215.0, ""institution"": -2645.0}, {""date"": ""20260819"", ""foreign"": -2879.0, ""institution"": 939.0}, {""date"": ""20260820"", ""foreign"": 5441.0, ""institution"": -92.0}, {""date"": ""20260821"", ""foreign"": 1493.0, ""institution"": -7035.0}, {""date"": ""20260824"", ""foreign"": 8616.0, ""institution"": 6358.0}, {""date"": ""20260825"", ""foreign"": 6115.0, ""institution"": 3010.0}, {""date"": ""20260826"", ""foreign"": -1805.0, ""institution"": 5445.0}, {""date"": ""20260827"", ""foreign"": -688.0, ""institution"": -182.0}, {""date"": ""20260828"", ""foreign"": 9113.0, ""institution"": -10374.0}, {""date"": ""20260831"", ""foreign"": -435.0, ""institution"": -442.0}, {""date"": ""20260901"", ""foreign"": 2619.0, ""institution"": -12941.0}, {""date"": ""20260902"", ""foreign"": 6800.0, ""institution"": -6107.0}, {""date"": ""20260903"", ""foreign"": 3442.0, ""institution"": -7813.0}, {""date"": ""20260904"", ""foreign"": 9608.0, ""institution"": -13727.0}, {""date"": ""20260907"", ""foreign"": 6719.0, ""institution"": -19676.0}, {""date"": ""20260908"", ""foreign"": 5929.0, ""institution"": -13230.0}, {""date"": ""20260909"", ""foreign"": -865.0, ""institution"": -1284.0}, {""date"": ""20260910"", ""foreign"": 10305.0, ""institution"": -17217.0}, {""date"": ""20260911"", ""foreign"": 1592.0, ""institution"": -17068.0}, {""date"": ""20260914"", ""foreign"": 1265.0, ""institution"": -1697.0}, {""date"": ""20260915"", ""foreign"": -3552.0, ""institution"": -1063.0}, {""date"": ""20260916"", ""foreign"": 4783.0, ""institution"": -8966.0}, {""date"": ""20260917"", ""foreign"": -2262.0, ""institution"": 12643.0}, {""date"": ""20260918"", ""foreign"": -10681.0, ""institution"": 16877.0}, {""date"": ""20260921"", ""foreign"": -3759.0, ""institution"": 4015.0}, {""date"": ""20260922"", ""foreign"": 6684.0, ""institution"": -8621.0}, {""date"": ""20260923"", ""foreign"": 7904.0, ""institution"": -728.0}, {""date"": ""20260928"", ""foreign"": 1286.0, ""institution"": 790.0}, {""date"": ""20260929"", ""foreign"": 1763.0, ""institution"": 6087.0}]",달바글로벌,2026-09-29,1763.0,6087.0,7850.0,15421.0,0.0850765492235599,0.6,10953.0,6149.0,13878.0,1543.0,4.0,3.0,"1265,-3552,4783,-2262,-10681,-3759,6684,7904,1286,1763","-1697,-1063,-8966,12643,16877,4015,-8621,-728,790,6087",1.2411433973550403,-0.026300740368290696,2.1833441877072595,3.398186844694009,31,23664.0,화학,2.77,1.6982972921390833,1.0369190955635712,176,
481060,"[{""date"": ""20260814"", ""foreign"": 498.0, ""institution"": -414.0}, {""date"": ""20260818"", ""foreign"": 756.0, ""institution"": 254.0}, {""date"": ""20260819"", ""foreign"": 288.0, ""institution"": 1487.0}, {""date"": ""20260820"", ""foreign"": 961.0, ""institution"": -78.0}, {""date"": ""20260821"", ""foreign"": 232.0, ""institution"": 167.0}, {""date"": ""20260824"", ""foreign"": 290.0, ""institution"": 56.0}, {""date"": ""20260825"", ""foreign"": 864.0, ""institution"": 1231.0}, {""date"": ""20260826"", ""foreign"": 639.0, ""institution"": -248.0}, {""date"": ""20260827"", ""foreign"": 302.0, ""institution"": 154.0}, {""date"": ""20260828"", ""foreign"": 107.0, ""institution"": 211.0}, {""date"": ""20260831"", ""foreign"": 287.0, ""institution"": 134.0}, {""date"": ""20260901"", ""foreign"": 652.0, ""institution"": -689.0}, {""date"": ""20260902"", ""foreign"": 203.0, ""institution"": -838.0}, {""date"": ""20260903"", ""foreign"": 30.0, ""institution"": -711.0}, {""date"": ""20260904"", ""foreign"": 1123.0, ""institution"": -818.0}, {""date"": ""20260907"", ""foreign"": 454.0, ""institution"": -2120.0}, {""date"": ""20260908"", ""foreign"": 2809.0, ""institution"": -3126.0}, {""date"": ""20260909"", ""foreign"": 174.0, ""institution"": -621.0}, {""date"": ""20260910"", ""foreign"": 1299.0, ""institution"": -2605.0}, {""date"": ""20260911"", ""foreign"": -737.0, ""institution"": -197.0}, {""date"": ""20260914"", ""foreign"": 218.0, ""institution"": -223.0}, {""date"": ""20260915"", ""foreign"": 565.0, ""institution"": -631.0}, {""date"": ""20260916"", ""foreign"": 247.0, ""institution"": 309.0}, {""date"": ""20260917"", ""foreign"": -8.0, ""institution"": 325.0}, {""date"": ""20260918"", ""foreign"": 236.0, ""institution"": -272.0}, {""date"": ""20260921"", ""foreign"": -23.0, ""institution"": 920.0}, {""date"": ""20260922"", ""foreign"": 1017.0, ""institution"": -925.0}, {""date"": ""20260923"", ""foreign"": 1325.0, ""institution"": -585.0}, {""date"": ""20260928"", ""foreign"": 180.0, ""institution"": -3219.0}, {""date"": ""20260929"", ""foreign"": 444.0, ""institution"": -1098.0}]",KODEX 미국30년국채타겟커버드콜(합성 H),2026-09-29,444.0,-1098.0,-654.0,-1964.0,2.173682703253715,0.5,1949.0,-4902.0,2943.0,-4907.0,4.0,1.0,"218,565,247,-8,236,-23,1017,1325,180,444","-223,-631,309,325,-272,920,-925,-585,-3219,-1098",-0.25478379819387964,2.3858558929598854,1.003365061564106,3.1344371563301117,32,7200.0,ETF(합성복제/수익증권),-0.21,1.5781136857346874,1.0227751330384862,147,
371160,"[{""date"": ""20260814"", ""foreign"": -1119.0, ""institution"": 481.0}, {""date"": ""20260818"", ""foreign"": 1546.0, ""institution"": -754.0}, {""date"": ""20260819"", ""foreign"": 425.0, ""institution"": 61.0}, {""date"": ""20260820"", ""foreign"": 324.0, ""institution"": -15.0}, {""date"": ""20260821"", ""foreign"": -199.0, ""institution"": -49.0}, {""date"": ""20260824"", ""foreign"": 94.0, ""institution"": 2403.0}, {""date"": ""20260825"", ""foreign"": 91.0, ""institution"": 86.0}, {""date"": ""20260826"", ""foreign"": 146.0, ""institution"": 123.0}, {""date"": ""20260827"", ""foreign"": 972.0, ""institution"": -678.0}, {""date"": ""20260828"", ""foreign"": -54.0, ""institution"": -116.0}, {""date"": ""20260831"", ""foreign"": 640.0, ""institution"": -696.0}, {""date"": ""20260901"", ""foreign"": -1761.0, ""institution"": 1905.0}, {""date"": ""20260902"", ""foreign"": 3190.0, ""institution"": -2857.0}, {""date"": ""20260903"", ""foreign"": -131.0, ""institution"": 441.0}, {""date"": ""20260904"", ""foreign"": 22.0, ""institution"": -201.0}, {""date"": ""20260907"", ""foreign"": -517.0, ""institution"": 343.0}, {""date"": ""20260908"", ""foreign"": -90.0, ""institution"": -257.0}, {""date"": ""20260909"", ""foreign"": 208.0, ""institution"": -398.0}, {""date"": ""20260910"", ""foreign"": 1022.0, ""institution"": -1083.0}, {""date"": ""20260911"", ""foreign"": 1014.0, ""institution"": -752.0}, {""date"": ""20260914"", ""foreign"": 462.0, ""institution"": -315.0}, {""date"": ""20260915"", ""foreign"": 156.0, ""institution"": -156.0}, {""date"": ""20260916"", ""foreign"": -725.0, ""institution"": 798.0}, {""date"": ""20260917"", ""foreign"": 214.0, ""institution"": -52.0}, {""date"": ""20260918"", ""foreign"": 1445.0, ""institution"": -1351.0}, {""date"": ""20260921"", ""foreign"": -350.0, ""institution"": 448.0}, {""date"": ""20260922"", ""foreign"": 164.0, ""institution"": -61.0}, {""date"": ""20260923"", ""foreign"": -215.0, ""institution"": 90.0}, {""date"": ""20260928"", ""foreign"": 246.0, ""institution"": -188.0}, {""date"": ""20260929"", ""foreign"": 1271.0, ""institution"": -1451.0}]",TIGER 차이나항셍테크,2026-09-29,1271.0,-1451.0,-180.0,-46.0,0.016806722603629698,0.7,1302.0,-1549.0,1116.0,-1162.0,3.0,2.0,"462,156,-725,214,1445,-350,164,-215,246,1271","-315,-156,798,-52,-1351,448,-61,90,-188,-1451",-0.28509301557154554,2.0346225518620673,1.1660917339501053,2.915621270240627,33,5127.0,ETF(실물복제/수익증권),-1.64,1.4784051989040825,1.011720594781461,128,
009240,,한샘,2026-09-29,,,0.0,1805.0,0.8238993709872462,0.9,,,,,1.0,4.0,"103,-37,-262,-236,-210,-187,-195,-369,591,0","429,112,343,355,441,464,505,513,483,0",1.4419884195234958,1.1409474510448183,0.3977336690801828,2.9806695396484972,34,9449.0,유통,-1.47,1.5080459376526205,1.0055258254391637,134,
498400,"[{""date"": ""20260814"", ""foreign"": -831.0, ""institution"": 26353.0}, {""date"": ""20260818"", ""foreign"": 532.0, ""institution"": 36219.0}, {""date"": ""20260819"", ""foreign"": -1241.0, ""institution"": -27916.0}, {""date"": ""20260820"", ""foreign"": 896.0, ""institution"": 53247.0}, {""date"": ""20260821"", ""foreign"": -577.0, ""institution"": 20921.0}, {""date"": ""20260824"", ""foreign"": -1003.0, ""institution"": -4482.0}, {""date"": ""20260825"", ""foreign"": 269.0, ""institution"": -13008.0}, {""date"": ""20260826"", ""foreign"": 778.0, ""institution"": 18712.0}, {""date"": ""20260827"", ""foreign"": -160.0, ""institution"": 14936.0}, {""date"": ""20260828"", ""foreign"": -1114.0, ""institution"": -17888.0}, {""date"": ""20260831"", ""foreign"": -514.0, ""institution"": -23212.0}, {""date"": ""20260901"", ""foreign"": 1262.0, ""institution"": -10291.0}, {""date"": ""20260902"", ""foreign"": -555.0, ""institution"": -78123.0}, {""date"": ""20260903"", ""foreign"": 530.0, ""institution"": -14410.0}, {""date"": ""20260904"", ""foreign"": -1378.0, ""institution"": 3283.0}, {""date"": ""20260907"", ""foreign"": 2253.0, ""institution"": 22834.0}, {""date"": ""20260908"", ""foreign"": -1427.0, ""institution"": 4919.0}, {""date"": ""20260909"", ""foreign"": 363.0, ""institution"": -15832.0}, {""date"": ""20260910"", ""foreign"": -688.0, ""institution"": -34009.0}, {""date"": ""20260911"", ""foreign"": -543.0, ""institution"": -79502.0}, {""date"": ""20260914"", ""foreign"": 1134.0, ""institution"": -40119.0}, {""date"": ""20260915"", ""foreign"": 952.0, ""institution"": -14899.0}, {""date"": ""20260916"", ""foreign"": 4272.0, ""institution"": 15504.0}, {""date"": ""20260917"", ""foreign"": -1394.0, ""institution"": 10728.0}, {""date"": ""20260918"", ""foreign"": 92.0, ""institution"": 36093.0}, {""date"": ""20260921"", ""foreign"": 4523.0, ""institution"": 42731.0}, {""date"": ""20260922"", ""foreign"": -2437.0, ""institution"": 34779.0}, {""date"": ""20260923"", ""foreign"": -194.0, ""institution"": 14385.0}, {""date"": ""20260928"", ""foreign"": 1644.0, ""institution"": -11365.0}, {""date"": ""20260929"", ""foreign"": -1361.0, ""institution"": -18588.0}]",KODEX 200타겟위클리커버드콜,2026-09-29,-1361.0,-18588.0,-19949.0,64117.0,-0.5543043302423262,0.6,89.0,-15568.0,2175.0,61942.0,2.0,3.0,"1134,952,4272,-1394,92,4523,-2437,-194,1644,-1361","-40119,-14899,15504,10728,36093,42731,34779,14385,-11365,-18588",0.7339955400624348,-0.9574529505323246,1.3624022977932924,1.1389448873234027,35,59632.0,ETF(실물복제/수익증권),0.34,0.6688217774522079,0.9819558633521794,-59,
295040,"[{""date"": ""20260814"", ""foreign"": 328.0, ""institution"": -337.0}, {""date"": ""20260818"", ""foreign"": 185.0, ""institution"": -361.0}, {""date"": ""20260819"", ""foreign"": -505.0, ""institution"": 221.0}, {""date"": ""20260820"", ""foreign"": 575.0, ""institution"": -501.0}, {""date"": ""20260821"", ""foreign"": -1291.0, ""institution"": 1272.0}, {""date"": ""20260824"", ""foreign"": -1131.0, ""institution"": 1106.0}, {""date"": ""20260825"", ""foreign"": 235.0, ""institution"": -235.0}, {""date"": ""20260826"", ""foreign"": -353.0, ""institution"": 402.0}, {""date"": ""20260827"", ""foreign"": -343.0, ""institution"": 352.0}, {""date"": ""20260828"", ""foreign"": -62.0, ""institution"": 17.0}, {""date"": ""20260831"", ""foreign"": 544.0, ""institution"": -716.0}, {""date"": ""20260901"", ""foreign"": 620.0, ""institution"": -974.0}, {""date"": ""20260902"", ""foreign"": -535.0, ""institution"": 206.0}, {""date"": ""20260903"", ""foreign"": 521.0, ""institution"": -473.0}, {""date"": ""20260904"", ""foreign"": -1148.0, ""institution"": 1374.0}, {""date"": ""20260907"", ""foreign"": -389.0, ""institution"": 470.0}, {""date"": ""20260908"", ""foreign"": 30.0, ""institution"": 368.0}, {""date"": ""20260909"", ""foreign"": 334.0, ""institution"": -270.0}, {""date"": ""20260910"", ""foreign"": -291.0, ""institution"": 241.0}, {""date"": ""20260911"", ""foreign"": 1151.0, ""institution"": -1189.0}, {""date"": ""20260914"", ""foreign"": -134.0, ""institution"": -81.0}, {""date"": ""20260915"", ""foreign"": 15.0, ""institution"": -31.0}, {""date"": ""20260916"", ""foreign"": -1111.0, ""institution"": 799.0}, {""date"": ""20260917"", ""foreign"": 22.0, ""institution"": -13.0}, {""date"": ""20260918"", ""foreign"": -156.0, ""institution"": 270.0}, {""date"": ""20260921"", ""foreign"": 44.0, ""institution"": -22.0}, {""date"": ""20260922"", ""foreign"": -443.0, ""institution"": 492.0}, {""date"": ""20260923"", ""foreign"": 344.0, ""institution"": 60.0}, {""date"": ""20260928"", ""foreign"": 329.0, ""institution"": -308.0}, {""date"": ""20260929"", ""foreign"": -3.0, ""institution"": -18.0}]",SOL 200TR,2026-09-29,-3.0,-18.0,-21.0,475.0,0.6722909634414369,0.6,670.0,-266.0,271.0,204.0,3.0,2.0,"-134,15,-1111,22,-156,44,-443,344,329,-3","-81,-31,799,-13,270,-22,492,60,-308,-18",0.719813854669054,1.219179096450616,1.602081628759801,3.5410745798794707,36,10211.0,ETF(실물복제/수익증권),0.41,1.7634073722004928,0.9749955300357571,250,
475150,"[{""date"": ""20260814"", ""foreign"": 1577.0, ""institution"": 4803.0}, {""date"": ""20260818"", ""foreign"": -11393.0, ""institution"": 11084.0}, {""date"": ""20260819"", ""foreign"": -4474.0, ""institution"": 13498.0}, {""date"": ""20260820"", ""foreign"": -13810.0, ""institution"": -17000.0}, {""date"": ""20260821"", ""foreign"": -11568.0, ""institution"": -12633.0}, {""date"": ""20260824"", ""foreign"": 10157.0, ""institution"": 9215.0}, {""date"": ""20260825"", ""foreign"": 4925.0, ""institution"": 9735.0}, {""date"": ""20260826"", ""foreign"": -4081.0, ""institution"": 593.0}, {""date"": ""20260827"", ""foreign"": 4570.0, ""institution"": 2108.0}, {""date"": ""20260828"", ""foreign"": -5113.0, ""institution"": 5185.0}, {""date"": ""20260831"", ""foreign"": -1191.0, ""institution"": -86.0}, {""date"": ""20260901"", ""foreign"": -15165.0, ""institution"": -6121.0}, {""date"": ""20260902"", ""foreign"": -2080.0, ""institution"": -6379.0}, {""date"": ""20260903"", ""foreign"": 235.0, ""institution"": -575.0}, {""date"": ""20260904"", ""foreign"": 11870.0, ""institution"": 3370.0}, {""date"": ""20260907"", ""foreign"": -4502.0, ""institution"": -4255.0}, {""date"": ""20260908"", ""foreign"": 1099.0, ""institution"": -6645.0}, {""date"": ""20260909"", ""foreign"": 13388.0, ""institution"": 1937.0}, {""date"": ""20260910"", ""foreign"": -8062.0, ""institution"": -4261.0}, {""date"": ""20260911"", ""foreign"": 2867.0, ""institution"": 4889.0}, {""date"": ""20260914"", ""foreign"": -2777.0, ""institution"": -3884.0}, {""date"": ""20260915"", ""foreign"": 2235.0, ""institution"": -1748.0}, {""date"": ""20260916"", ""foreign"": -372.0, ""institution"": -835.0}, {""date"": ""20260917"", ""foreign"": 1480.0, ""institution"": -510.0}, {""date"": ""20260918"", ""foreign"": 15192.0, ""institution"": 489.0}, {""date"": ""20260921"", ""foreign"": 882.0, ""institution"": -3464.0}, {""date"": ""20260922"", ""foreign"": 7231.0, ""institution"": 680.0}, {""date"": ""20260923"", ""foreign"": 522.0, ""institution"": -22.0}, {""date"": ""20260928"", ""foreign"": 4482.0, ""institution"": 1695.0}, {""date"": ""20260929"", ""foreign"": -7535.0, ""institution"": -1297.0}]",SK이터닉스,2026-09-29,-7535.0,-1297.0,-8832.0,3174.0,-0.2708818150629204,0.6,-2531.0,376.0,5582.0,-2408.0,4.0,2.0,"-2777,2235,-372,1480,15192,882,7231,522,4482,-7535","-3884,-1748,-835,-510,489,-3464,680,-22,1695,-1297",-0.1277327068785318,-0.24610021202203555,1.1264606796343328,0.7526277607337655,37,16999.0,건설,-2.54,0.4927875012514043,0.9687178674560715,-92,
436140,"[{""date"": ""20260814"", ""foreign"": 0.0, ""institution"": 1.0}, {""date"": ""20260818"", ""foreign"": 0.0, ""institution"": -3.0}, {""date"": ""20260819"", ""foreign"": 0.0, ""institution"": -5.0}, {""date"": ""20260820"", ""foreign"": 0.0, ""institution"": -7.0}, {""date"": ""20260821"", ""foreign"": 15.0, ""institution"": -17.0}, {""date"": ""20260824"", ""foreign"": 0.0, ""institution"": -2.0}, {""date"": ""20260825"", ""foreign"": 0.0, ""institution"": 3.0}, {""date"": ""20260826"", ""foreign"": -2.0, ""institution"": 0.0}, {""date"": ""20260827"", ""foreign"": -13.0, ""institution"": 13.0}, {""date"": ""20260828"", ""foreign"": 0.0, ""institution"": -1.0}, {""date"": ""20260831"", ""foreign"": 0.0, ""institution"": -1.0}, {""date"": ""20260901"", ""foreign"": 0.0, ""institution"": 0.0}, {""date"": ""20260902"", ""foreign"": 0.0, ""institution"": -1.0}, {""date"": ""20260903"", ""foreign"": 0.0, ""institution"": 0.0}, {""date"": ""20260904"", ""foreign"": 0.0, ""institution"": -1.0}, {""date"": ""20260907"", ""foreign"": 0.0, ""institution"": -1.0}, {""date"": ""20260908"", ""foreign"": 0.0, ""institution"": -12.0}, {""date"": ""20260909"", ""foreign"": 0.0, ""institution"": -20.0}, {""date"": ""20260910"", ""foreign"": 0.0, ""institution"": -2.0}, {""date"": ""20260911"", ""foreign"": 0.0, ""institution"": -1.0}, {""date"": ""20260914"", ""foreign"": 10.0, ""institution"": -14.0}, {""date"": ""20260915"", ""foreign"": -10.0, ""institution"": 10.0}, {""date"": ""20260916"", ""foreign"": 0.0, ""institution"": 0.0}, {""date"": ""20260917"", ""foreign"": 0.0, ""institution"": 2.0}, {""date"": ""20260918"", ""foreign"": 3.0, ""institution"": -1.0}, {""date"": ""20260921"", ""foreign"": 0.0, ""institution"": 0.0}, {""date"": ""20260922"", ""foreign"": 3.0, ""institution"": -5.0}, {""date"": ""20260923"", ""foreign"": 1.0, ""institution"": 0.0}, {""date"": ""20260928"", ""foreign"": 0.0, ""institution"": 1.0}, {""date"": ""20260929"", ""foreign"": -7.0, ""institution"": 6.0}]",SOL 종합채권(AA-이상)액티브,2026-09-29,-7.0,6.0,-1.0,-1.0,-0.6969696978879706,0.4,-6.0,7.0,-3.0,2.0,2.0,2.0,"10,-10,0,0,3,0,3,1,0,-7","-14,10,0,2,-1,0,-5,0,1,6",0.6974539579578255,-0.5789897298780705,1.8388369650751664,1.9573011931549213,38,12711.0,ETF(Active/수익증권),0.24,1.0417246338260606,0.9663622156732662,28,
284740,"[{""date"": ""20260814"", ""foreign"": 88.0, ""institution"": -52.0}, {""date"": ""20260818"", ""foreign"": 239.0, ""institution"": -51.0}, {""date"": ""20260819"", ""foreign"": -189.0, ""institution"": 116.0}, {""date"": ""20260820"", ""foreign"": -115.0, ""institution"": -19.0}, {""date"": ""20260821"", ""foreign"": -123.0, ""institution"": 210.0}, {""date"": ""20260824"", ""foreign"": 111.0, ""institution"": 91.0}, {""date"": ""20260825"", ""foreign"": 108.0, ""institution"": 82.0}, {""date"": ""20260826"", ""foreign"": 42.0, ""institution"": -3.0}, {""date"": ""20260827"", ""foreign"": 55.0, ""institution"": 111.0}, {""date"": ""20260828"", ""foreign"": 245.0, ""institution"": 316.0}, {""date"": ""20260831"", ""foreign"": -45.0, ""institution"": 22.0}, {""date"": ""20260901"", ""foreign"": -73.0, ""institution"": -46.0}, {""date"": ""20260902"", ""foreign"": -66.0, ""institution"": 71.0}, {""date"": ""20260903"", ""foreign"": -30.0, ""institution"": 58.0}, {""date"": ""20260904"", ""foreign"": -128.0, ""institution"": 142.0}, {""date"": ""20260907"", ""foreign"": 31.0, ""institution"": -8.0}, {""date"": ""20260908"", ""foreign"": 40.0, ""institution"": -51.0}, {""date"": ""20260909"", ""foreign"": 11.0, ""institution"": -23.0}, {""date"": ""20260910"", ""foreign"": 15.0, ""institution"": -11.0}, {""date"": ""20260911"", ""foreign"": 19.0, ""institution"": 0.0}, {""date"": ""20260914"", ""foreign"": 45.0, ""institution"": 15.0}, {""date"": ""20260915"", ""foreign"": -105.0, ""institution"": 173.0}, {""date"": ""20260916"", ""foreign"": -125.0, ""institution"": 180.0}, {""date"": ""20260917"", ""foreign"": -69.0, ""institution"": 195.0}, {""date"": ""20260918"", ""foreign"": -5.0, ""institution"": -6.0}, {""date"": ""20260921"", ""foreign"": -8.0, ""institution"": 32.0}, {""date"": ""20260922"", ""foreign"": -13.0, ""institution"": 67.0}, {""date"": ""20260923"", ""foreign"": 79.0, ""institution"": 4.0}, {""date"": ""20260928"", ""foreign"": -77.0, ""institution"": 110.0}, {""date"": ""20260929"", ""foreign"": 69.0, ""institution"": -55.0}]",쿠쿠홈시스,2026-09-29,69.0,-55.0,14.0,208.0,0.0007698227095991328,0.9,71.0,59.0,50.0,158.0,2.0,4.0,"45,-105,-125,-69,-5,-8,-13,79,-77,69","15,173,180,195,-6,32,67,4,110,-55",0.4564199177265797,-0.04548479377903362,1.3835186781043116,1.7944538020518577,39,5340.0,일반서비스,-2.06,0.9675194778779318,0.9397384589412914,14,
272580,"[{""date"": ""20260814"", ""foreign"": 0.0, ""institution"": 54.0}, {""date"": ""20260818"", ""foreign"": -36.0, ""institution"": 80.0}, {""date"": ""20260819"", ""foreign"": 0.0, ""institution"": 31.0}, {""date"": ""20260820"", ""foreign"": 0.0, ""institution"": -118.0}, {""date"": ""20260821"", ""foreign"": 0.0, ""institution"": -639.0}, {""date"": ""20260824"", ""foreign"": 0.0, ""institution"": 163.0}, {""date"": ""20260825"", ""foreign"": 0.0, ""institution"": -132.0}, {""date"": ""20260826"", ""foreign"": 0.0, ""institution"": -82.0}, {""date"": ""20260827"", ""foreign"": 0.0, ""institution"": -134.0}, {""date"": ""20260828"", ""foreign"": 0.0, ""institution"": -9.0}, {""date"": ""20260831"", ""foreign"": -5.0, ""institution"": -147.0}, {""date"": ""20260901"", ""foreign"": 0.0, ""institution"": 58.0}, {""date"": ""20260902"", ""foreign"": -19.0, ""institution"": -144.0}, {""date"": ""20260903"", ""foreign"": 0.0, ""institution"": -16.0}, {""date"": ""20260904"", ""foreign"": 0.0, ""institution"": -40.0}, {""date"": ""20260907"", ""foreign"": 0.0, ""institution"": -728.0}, {""date"": ""20260908"", ""foreign"": 0.0, ""institution"": -744.0}, {""date"": ""20260909"", ""foreign"": 0.0, ""institution"": 133.0}, {""date"": ""20260910"", ""foreign"": 0.0, ""institution"": -231.0}, {""date"": ""20260911"", ""foreign"": 0.0, ""institution"": -109.0}, {""date"": ""20260914"", ""foreign"": 6.0, ""institution"": 433.0}, {""date"": ""20260915"", ""foreign"": 0.0, ""institution"": -54.0}, {""date"": ""20260916"", ""foreign"": 0.0, ""institution"": 61.0}, {""date"": ""20260917"", ""foreign"": 0.0, ""institution"": 4.0}, {""date"": ""20260918"", ""foreign"": 0.0, ""institution"": 157.0}, {""date"": ""20260921"", ""foreign"": 0.0, ""institution"": 84.0}, {""date"": ""20260922"", ""foreign"": 0.0, ""institution"": 267.0}, {""date"": ""20260923"", ""foreign"": 0.0, ""institution"": -93.0}, {""date"": ""20260928"", ""foreign"": 0.0, ""institution"": -153.0}, {""date"": ""20260929"", ""foreign"": 0.0, ""institution"": 155.0}]",TIGER 단기채권액티브,2026-09-29,0.0,155.0,155.0,260.0,-0.13147065199492303,0.7,0.0,-91.0,0.0,260.0,0.0,3.0,"6,0,0,0,0,0,0,0,0,0","433,-54,61,4,157,84,267,-93,-153,155",0.653313955458873,-0.32966184850011376,1.4693658313376035,1.7930179382963627,40,7911.0,ETF(Active/수익증권),0.02,0.9668651935619532,0.9395701690863465,12,
477050,"[{""date"": ""20260814"", ""foreign"": 0.0, ""institution"": -155.0}, {""date"": ""20260818"", ""foreign"": 0.0, ""institution"": 70.0}, {""date"": ""20260819"", ""foreign"": 0.0, ""institution"": -5276.0}, {""date"": ""20260820"", ""foreign"": 0.0, ""institution"": 41.0}, {""date"": ""20260821"", ""foreign"": 0.0, ""institution"": -26.0}, {""date"": ""20260824"", ""foreign"": 0.0, ""institution"": -85.0}, {""date"": ""20260825"", ""foreign"": 0.0, ""institution"": 200.0}, {""date"": ""20260826"", ""foreign"": 0.0, ""institution"": 5.0}, {""date"": ""20260827"", ""foreign"": 0.0, ""institution"": -32.0}, {""date"": ""20260828"", ""foreign"": 0.0, ""institution"": -190.0}, {""date"": ""20260831"", ""foreign"": 0.0, ""institution"": -47.0}, {""date"": ""20260901"", ""foreign"": 0.0, ""institution"": 64.0}, {""date"": ""20260902"", ""foreign"": 0.0, ""institution"": -2.0}, {""date"": ""20260903"", ""foreign"": 0.0, ""institution"": -10.0}, {""date"": ""20260904"", ""foreign"": 0.0, ""institution"": 24.0}, {""date"": ""20260907"", ""foreign"": 0.0, ""institution"": 128.0}, {""date"": ""20260908"", ""foreign"": 0.0, ""institution"": 31.0}, {""date"": ""20260909"", ""foreign"": 0.0, ""institution"": 24.0}, {""date"": ""20260910"", ""foreign"": 0.0, ""institution"": 75.0}, {""date"": ""20260911"", ""foreign"": 0.0, ""institution"": -33.0}, {""date"": ""20260914"", ""foreign"": 0.0, ""institution"": 38.0}, {""date"": ""20260915"", ""foreign"": 0.0, ""institution"": -40.0}, {""date"": ""20260916"", ""foreign"": -15.0, ""institution"": 78.0}, {""date"": ""20260917"", ""foreign"": 0.0, ""institution"": 72.0}, {""date"": ""20260918"", ""foreign"": -1.0, ""institution"": -34.0}, {""date"": ""20260921"", ""foreign"": 0.0, ""institution"": -18.0}, {""date"": ""20260922"", ""foreign"": 0.0, ""institution"": 97.0}, {""date"": ""20260923"", ""foreign"": 0.0, ""institution"": -221.0}, {""date"": ""20260928"", ""foreign"": -2.0, ""institution"": 203.0}, {""date"": ""20260929"", ""foreign"": 0.0, ""institution"": 147.0}]",PLUS 머니마켓액티브,2026-09-29,0.0,147.0,147.0,206.0,2.8316498308757607,0.6,-2.0,129.0,-2.0,208.0,0.0,3.0,"0,0,-15,0,-1,0,0,0,-2,0","38,-40,78,72,-34,-18,97,-221,203,147",0.7963962125076258,2.226556059483351,0.0,3.022952271990977,41,5468.0,ETF(Active/수익증권),-0.01,1.5273130362910075,0.933102845012652,182,
006110,,삼아알미늄,2026-09-29,,,0.0,3385.0,0.5060682577054161,0.5,,,,,4.0,1.0,"421,-467,-267,2368,-478,253,2077,1106,1633,0","924,-113,490,-204,-66,-568,-1764,-2186,2834,0",1.1978438282485768,1.4150606226942033,1.712219866406023,4.325124317348804,42,8787.0,금속,0.17,2.120677652343818,0.9142548311962511,449,
036570,,엔씨소프트,2026-09-29,,,0.0,7709.0,-0.4116889201238756,0.6,,,,,1.0,2.0,"4235,770,272,900,-2343,-453,-1191,-3445,1635,0","-4545,-1896,758,1437,5635,486,12812,-1039,-1096,0",0.8624882870218055,-0.6777260715410927,1.5856946572162949,1.7704568726970078,43,45458.0,IT 서비스,-2.31,0.956584725574004,0.8828179869336185,24,
385540,"[{""date"": ""20260814"", ""foreign"": 103.0, ""institution"": -201.0}, {""date"": ""20260818"", ""foreign"": 0.0, ""institution"": 31.0}, {""date"": ""20260819"", ""foreign"": 0.0, ""institution"": 0.0}, {""date"": ""20260820"", ""foreign"": 5.0, ""institution"": 11.0}, {""date"": ""20260821"", ""foreign"": 3.0, ""institution"": -14.0}, {""date"": ""20260824"", ""foreign"": 7.0, ""institution"": -1.0}, {""date"": ""20260825"", ""foreign"": 1.0, ""institution"": 5.0}, {""date"": ""20260826"", ""foreign"": 0.0, ""institution"": -14.0}, {""date"": ""20260827"", ""foreign"": -16.0, ""institution"": 1.0}, {""date"": ""20260828"", ""foreign"": 0.0, ""institution"": -9.0}, {""date"": ""20260831"", ""foreign"": 0.0, ""institution"": -21.0}, {""date"": ""20260901"", ""foreign"": 0.0, ""institution"": 0.0}, {""date"": ""20260902"", ""foreign"": 0.0, ""institution"": -6.0}, {""date"": ""20260903"", ""foreign"": 0.0, ""institution"": -3.0}, {""date"": ""20260904"", ""foreign"": 0.0, ""institution"": 12.0}, {""date"": ""20260907"", ""foreign"": 0.0, ""institution"": -21.0}, {""date"": ""20260908"", ""foreign"": 0.0, ""institution"": -1.0}, {""date"": ""20260909"", ""foreign"": 5.0, ""institution"": -17.0}, {""date"": ""20260910"", ""foreign"": -5.0, ""institution"": 4.0}, {""date"": ""20260911"", ""foreign"": 15.0, ""institution"": -48.0}, {""date"": ""20260914"", ""foreign"": 0.0, ""institution"": -41.0}, {""date"": ""20260915"", ""foreign"": -38.0, ""institution"": -4.0}, {""date"": ""20260916"", ""foreign"": 0.0, ""institution"": 19.0}, {""date"": ""20260917"", ""foreign"": 0.0, ""institution"": 3.0}, {""date"": ""20260918"", ""foreign"": 0.0, ""institution"": -6.0}, {""date"": ""20260921"", ""foreign"": 0.0, ""institution"": -28.0}, {""date"": ""20260922"", ""foreign"": 3.0, ""institution"": 25.0}, {""date"": ""20260923"", ""foreign"": 1.0, ""institution"": -17.0}, {""date"": ""20260928"", ""foreign"": -3.0, ""institution"": 10.0}, {""date"": ""20260929"", ""foreign"": 0.0, ""institution"": 2.0}]",RISE 종합채권(A-이상)액티브,2026-09-29,0.0,2.0,2.0,-7.0,-0.6087636934544145,0.5,-2.0,-5.0,1.0,-8.0,2.0,3.0,"0,-38,0,0,0,0,3,1,-3,0","-41,-4,19,3,-6,-28,25,-17,10,2",0.9675737799653582,-0.9845980326757111,2.300795445483093,2.28377119277274,44,21868.0,ETF(Active/수익증권),0.35,1.190488191350256,0.8655825629520746,99,
011070,,LG이노텍,2026-09-29,,,0.0,62492.0,0.87571939648322,0.4,,,,,2.0,3.0,"11524,7125,7171,5790,18149,-14317,6079,-9088,26563,0","-13231,-12013,-995,-16540,7131,-6245,19653,1572,38275,0",1.4223580733589785,1.6464843956990376,0.5596802069014712,3.6285226759594873,45,138453.0,전기·전자,1.21,1.8032551067145675,0.8553558674124416,349,
0048J0,,KODEX 미국머니마켓액티브,2026-09-29,,,0.0,-2759.0,-0.46160691584289215,0.2,,,,,2.0,2.0,"-59,84,0,4,-60,0,50,-59,103,0","-1929,-3892,-5590,-4981,-142,7,572,-2785,-647,0",1.5200249510067316,-0.6314155770558756,1.5380236414416455,2.4266330153925013,46,9179.0,ETF(Active/수익증권),-0.63,1.2555864637556395,0.8530487510830397,127,
364980,"[{""date"": ""20260814"", ""foreign"": -900.0, ""institution"": 1292.0}, {""date"": ""20260818"", ""foreign"": 3025.0, ""institution"": -3778.0}, {""date"": ""20260819"", ""foreign"": -2868.0, ""institution"": 4153.0}, {""date"": ""20260820"", ""foreign"": -650.0, ""institution"": 1153.0}, {""date"": ""20260821"", ""foreign"": 1574.0, ""institution"": -2257.0}, {""date"": ""20260824"", ""foreign"": -1817.0, ""institution"": 2539.0}, {""date"": ""20260825"", ""foreign"": -225.0, ""institution"": -810.0}, {""date"": ""20260826"", ""foreign"": 1588.0, ""institution"": -2764.0}, {""date"": ""20260827"", ""foreign"": -2222.0, ""institution"": 3609.0}, {""date"": ""20260828"", ""foreign"": 679.0, ""institution"": -3367.0}, {""date"": ""20260831"", ""foreign"": -892.0, ""institution"": -1248.0}, {""date"": ""20260901"", ""foreign"": -165.0, ""institution"": -3907.0}, {""date"": ""20260902"", ""foreign"": 6077.0, ""institution"": -6651.0}, {""date"": ""20260903"", ""foreign"": -2948.0, ""institution"": 4034.0}, {""date"": ""20260904"", ""foreign"": -690.0, ""institution"": 1096.0}, {""date"": ""20260907"", ""foreign"": -244.0, ""institution"": 61.0}, {""date"": ""20260908"", ""foreign"": 534.0, ""institution"": -1718.0}, {""date"": ""20260909"", ""foreign"": -3338.0, ""institution"": 4607.0}, {""date"": ""20260910"", ""foreign"": 4158.0, ""institution"": -4716.0}, {""date"": ""20260911"", ""foreign"": -1403.0, ""institution"": 788.0}, {""date"": ""20260914"", ""foreign"": 3244.0, ""institution"": -2323.0}, {""date"": ""20260915"", ""foreign"": -5165.0, ""institution"": 5935.0}, {""date"": ""20260916"", ""foreign"": 2569.0, ""institution"": -3020.0}, {""date"": ""20260917"", ""foreign"": 61.0, ""institution"": 675.0}, {""date"": ""20260918"", ""foreign"": -667.0, ""institution"": -567.0}, {""date"": ""20260921"", ""foreign"": 3035.0, ""institution"": -3883.0}, {""date"": ""20260922"", ""foreign"": -1534.0, ""institution"": 1687.0}, {""date"": ""20260923"", ""foreign"": 131.0, ""institution"": -162.0}, {""date"": ""20260928"", ""foreign"": -2101.0, ""institution"": 4115.0}, {""date"": ""20260929"", ""foreign"": 4035.0, ""institution"": -7742.0}]",TIGER 2차전지TOP10,2026-09-29,4035.0,-7742.0,-3707.0,-2419.0,1.5378336642064259,0.5,2065.0,-3789.0,3566.0,-5985.0,3.0,2.0,"3244,-5165,2569,61,-667,3035,-1534,131,-2101,4035","-2323,5935,-3020,675,-567,-3883,1687,-162,4115,-7742",-1.3855331748996509,3.157757655970136,1.0394060985313036,2.811630579601789,47,6718.0,ETF(실물복제/수익증권),-3.66,1.431019451034626,0.8435759882542685,206,
487230,"[{""date"": ""20260814"", ""foreign"": -644.0, ""institution"": -244.0}, {""date"": ""20260818"", ""foreign"": 1128.0, ""institution"": -4247.0}, {""date"": ""20260819"", ""foreign"": -26.0, ""institution"": -2770.0}, {""date"": ""20260820"", ""foreign"": 595.0, ""institution"": -3430.0}, {""date"": ""20260821"", ""foreign"": 173.0, ""institution"": -3580.0}, {""date"": ""20260824"", ""foreign"": 247.0, ""institution"": -289.0}, {""date"": ""20260825"", ""foreign"": -376.0, ""institution"": -330.0}, {""date"": ""20260826"", ""foreign"": -161.0, ""institution"": -321.0}, {""date"": ""20260827"", ""foreign"": -2239.0, ""institution"": 362.0}, {""date"": ""20260828"", ""foreign"": 125.0, ""institution"": -1311.0}, {""date"": ""20260831"", ""foreign"": 427.0, ""institution"": -2027.0}, {""date"": ""20260901"", ""foreign"": -83.0, ""institution"": 337.0}, {""date"": ""20260902"", ""foreign"": 142.0, ""institution"": 466.0}, {""date"": ""20260903"", ""foreign"": 50.0, ""institution"": -276.0}, {""date"": ""20260904"", ""foreign"": 449.0, ""institution"": -875.0}, {""date"": ""20260907"", ""foreign"": 1680.0, ""institution"": -5200.0}, {""date"": ""20260908"", ""foreign"": -618.0, ""institution"": 2216.0}, {""date"": ""20260909"", ""foreign"": -744.0, ""institution"": 316.0}, {""date"": ""20260910"", ""foreign"": 1001.0, ""institution"": -2345.0}, {""date"": ""20260911"", ""foreign"": 963.0, ""institution"": -1605.0}, {""date"": ""20260914"", ""foreign"": 222.0, ""institution"": 331.0}, {""date"": ""20260915"", ""foreign"": -217.0, ""institution"": -655.0}, {""date"": ""20260916"", ""foreign"": -115.0, ""institution"": -213.0}, {""date"": ""20260917"", ""foreign"": 577.0, ""institution"": 346.0}, {""date"": ""20260918"", ""foreign"": -586.0, ""institution"": 221.0}, {""date"": ""20260921"", ""foreign"": 1114.0, ""institution"": -1381.0}, {""date"": ""20260922"", ""foreign"": -246.0, ""institution"": -1479.0}, {""date"": ""20260923"", ""foreign"": -153.0, ""institution"": 983.0}, {""date"": ""20260928"", ""foreign"": -204.0, ""institution"": 558.0}, {""date"": ""20260929"", ""foreign"": -769.0, ""institution"": -176.0}]",KODEX 미국AI전력핵심인프라,2026-09-29,-769.0,-176.0,-945.0,-1753.0,-0.04704355222621592,0.4,-1126.0,1365.0,-258.0,-1495.0,1.0,2.0,"222,-217,-115,577,-586,1114,-246,-153,-204,-769","331,-655,-213,346,221,-1381,-1479,983,558,-176",0.13119010494588446,-0.04254228540034087,1.5275249983186483,1.6161728178641919,48,14391.0,ETF(실물복제/수익증권),-2.25,0.8862816505807236,0.8014264532049138,28,
005930,,삼성전자,2026-09-29,,,0.0,2133247.0,0.6017302468398877,0.4,,,,,3.0,3.0,"-867842,-270957,-478772,-550702,-434923,1106291,185904,1283306,-1370443,0","-454331,-578325,418016,50959,715415,1138105,70913,382751,-663580,0",0.527332421586103,1.1877080279388788,0.8334107188754232,2.5484511684004048,49,15931109.0,전기·전자,0.93,1.3110957045241545,0.7892276155411017,192,
496020,"[{""date"": ""20260814"", ""foreign"": 0.0, ""institution"": -68.0}, {""date"": ""20260818"", ""foreign"": 0.0, ""institution"": -83.0}, {""date"": ""20260819"", ""foreign"": 0.0, ""institution"": -555.0}, {""date"": ""20260820"", ""foreign"": 0.0, ""institution"": -16.0}, {""date"": ""20260821"", ""foreign"": 0.0, ""institution"": -36.0}, {""date"": ""20260824"", ""foreign"": 0.0, ""institution"": 205.0}, {""date"": ""20260825"", ""foreign"": 0.0, ""institution"": 26.0}, {""date"": ""20260826"", ""foreign"": 0.0, ""institution"": 52.0}, {""date"": ""20260827"", ""foreign"": 0.0, ""institution"": 36.0}, {""date"": ""20260828"", ""foreign"": 0.0, ""institution"": 86.0}, {""date"": ""20260831"", ""foreign"": 0.0, ""institution"": -150.0}, {""date"": ""20260901"", ""foreign"": 0.0, ""institution"": -201.0}, {""date"": ""20260902"", ""foreign"": 0.0, ""institution"": -99.0}, {""date"": ""20260903"", ""foreign"": 0.0, ""institution"": -114.0}, {""date"": ""20260904"", ""foreign"": 0.0, ""institution"": -66.0}, {""date"": ""20260907"", ""foreign"": 0.0, ""institution"": -53.0}, {""date"": ""20260908"", ""foreign"": 0.0, ""institution"": -109.0}, {""date"": ""20260909"", ""foreign"": 0.0, ""institution"": -135.0}, {""date"": ""20260910"", ""foreign"": 0.0, ""institution"": -512.0}, {""date"": ""20260911"", ""foreign"": 0.0, ""institution"": -45.0}, {""date"": ""20260914"", ""foreign"": 0.0, ""institution"": 70.0}, {""date"": ""20260915"", ""foreign"": 0.0, ""institution"": -15.0}, {""date"": ""20260916"", ""foreign"": 0.0, ""institution"": 56.0}, {""date"": ""20260917"", ""foreign"": 0.0, ""institution"": 2.0}, {""date"": ""20260918"", ""foreign"": 0.0, ""institution"": -81.0}, {""date"": ""20260921"", ""foreign"": 0.0, ""institution"": 40.0}, {""date"": ""20260922"", ""foreign"": 0.0, ""institution"": -14.0}, {""date"": ""20260923"", ""foreign"": 0.0, ""institution"": -1.0}, {""date"": ""20260928"", ""foreign"": 0.0, ""institution"": 130.0}, {""date"": ""20260929"", ""foreign"": 0.0, ""institution"": -213.0}]",WON 전단채플러스액티브,2026-09-29,0.0,-213.0,-213.0,-58.0,0.18213058407057092,0.5,0.0,-84.0,0.0,-58.0,0.0,2.0,"0,0,0,0,0,0,0,0,0,0","70,-15,56,2,-81,40,-14,-1,130,-213",0.767378326374358,0.32916610359789705,1.4034839473748635,2.5000283773471184,50,5127.0,ETF(Active/수익증권),0.03,1.2890307470371865,0.7865880110754494,184,
002990,,금호건설,2026-09-29,,,0.0,-787.0,-0.48554976098187386,0.5,,,,,2.0,2.0,"-871,378,518,619,-1771,342,-823,269,-681,0","-28,126,61,-60,22,54,135,-43,-40,0",0.24642242761074987,0.035561663449221195,0.9180336914520214,1.2000177825119924,51,4739.0,건설,-1.55,0.6966510455846329,0.7766068964290122,-16,
192080,"[{""date"": ""20260814"", ""foreign"": 293.0, ""institution"": -436.0}, {""date"": ""20260818"", ""foreign"": -1327.0, ""institution"": -191.0}, {""date"": ""20260819"", ""foreign"": -462.0, ""institution"": 256.0}, {""date"": ""20260820"", ""foreign"": 58.0, ""institution"": -1329.0}, {""date"": ""20260821"", ""foreign"": 186.0, ""institution"": 869.0}, {""date"": ""20260824"", ""foreign"": -380.0, ""institution"": 371.0}, {""date"": ""20260825"", ""foreign"": -292.0, ""institution"": 109.0}, {""date"": ""20260826"", ""foreign"": -145.0, ""institution"": 363.0}, {""date"": ""20260827"", ""foreign"": -346.0, ""institution"": -356.0}, {""date"": ""20260828"", ""foreign"": -202.0, ""institution"": 868.0}, {""date"": ""20260831"", ""foreign"": -352.0, ""institution"": 262.0}, {""date"": ""20260901"", ""foreign"": 1210.0, ""institution"": -1295.0}, {""date"": ""20260902"", ""foreign"": 882.0, ""institution"": -464.0}, {""date"": ""20260903"", ""foreign"": -331.0, ""institution"": 199.0}, {""date"": ""20260904"", ""foreign"": -754.0, ""institution"": 325.0}, {""date"": ""20260907"", ""foreign"": -931.0, ""institution"": 361.0}, {""date"": ""20260908"", ""foreign"": -25.0, ""institution"": 202.0}, {""date"": ""20260909"", ""foreign"": 1480.0, ""institution"": -1521.0}, {""date"": ""20260910"", ""foreign"": 817.0, ""institution"": -672.0}, {""date"": ""20260911"", ""foreign"": -1065.0, ""institution"": 1562.0}, {""date"": ""20260914"", ""foreign"": 455.0, ""institution"": -284.0}, {""date"": ""20260915"", ""foreign"": 447.0, ""institution"": -388.0}, {""date"": ""20260916"", ""foreign"": -454.0, ""institution"": 255.0}, {""date"": ""20260917"", ""foreign"": 597.0, ""institution"": 1.0}, {""date"": ""20260918"", ""foreign"": 449.0, ""institution"": -727.0}, {""date"": ""20260921"", ""foreign"": 236.0, ""institution"": -146.0}, {""date"": ""20260922"", ""foreign"": 188.0, ""institution"": -7.0}, {""date"": ""20260923"", ""foreign"": 315.0, ""institution"": -468.0}, {""date"": ""20260928"", ""foreign"": 239.0, ""institution"": 128.0}, {""date"": ""20260929"", ""foreign"": 954.0, ""institution"": -771.0}]",더블유게임즈,2026-09-29,954.0,-771.0,183.0,668.0,0.03733215282408153,0.7,1508.0,-1111.0,1932.0,-1264.0,5.0,1.0,"455,447,-454,597,449,236,188,315,239,954","-284,-388,255,1,-727,-146,-7,-468,128,-771",0.6972711700323427,0.5725832620319562,1.0649774946944786,2.3348319267587776,52,12471.0,IT 서비스,0.0,1.213755188153796,0.7735618750924984,155,
444200,"[{""date"": ""20260814"", ""foreign"": -317.0, ""institution"": 334.0}, {""date"": ""20260818"", ""foreign"": -192.0, ""institution"": 263.0}, {""date"": ""20260819"", ""foreign"": -13.0, ""institution"": 13.0}, {""date"": ""20260820"", ""foreign"": 185.0, ""institution"": -33.0}, {""date"": ""20260821"", ""foreign"": 0.0, ""institution"": 701.0}, {""date"": ""20260824"", ""foreign"": -252.0, ""institution"": 576.0}, {""date"": ""20260825"", ""foreign"": -171.0, ""institution"": 230.0}, {""date"": ""20260826"", ""foreign"": 165.0, ""institution"": 9.0}, {""date"": ""20260827"", ""foreign"": 83.0, ""institution"": 465.0}, {""date"": ""20260828"", ""foreign"": -268.0, ""institution"": 279.0}, {""date"": ""20260831"", ""foreign"": 411.0, ""institution"": -405.0}, {""date"": ""20260901"", ""foreign"": -234.0, ""institution"": 224.0}, {""date"": ""20260902"", ""foreign"": -284.0, ""institution"": 266.0}, {""date"": ""20260903"", ""foreign"": 158.0, ""institution"": -130.0}, {""date"": ""20260904"", ""foreign"": -31.0, ""institution"": 450.0}, {""date"": ""20260907"", ""foreign"": 80.0, ""institution"": 438.0}, {""date"": ""20260908"", ""foreign"": 246.0, ""institution"": -196.0}, {""date"": ""20260909"", ""foreign"": -214.0, ""institution"": 280.0}, {""date"": ""20260910"", ""foreign"": 73.0, ""institution"": 10.0}, {""date"": ""20260911"", ""foreign"": -87.0, ""institution"": 127.0}, {""date"": ""20260914"", ""foreign"": 21.0, ""institution"": -57.0}, {""date"": ""20260915"", ""foreign"": -126.0, ""institution"": 76.0}, {""date"": ""20260916"", ""foreign"": 234.0, ""institution"": -200.0}, {""date"": ""20260917"", ""foreign"": -37.0, ""institution"": 104.0}, {""date"": ""20260918"", ""foreign"": -78.0, ""institution"": 97.0}, {""date"": ""20260921"", ""foreign"": 440.0, ""institution"": 2026.0}, {""date"": ""20260922"", ""foreign"": -346.0, ""institution"": 925.0}, {""date"": ""20260923"", ""foreign"": 176.0, ""institution"": 439.0}, {""date"": ""20260928"", ""foreign"": -184.0, ""institution"": 314.0}, {""date"": ""20260929"", ""foreign"": 108.0, ""institution"": -191.0}]",SOL 코리아메가테크액티브,2026-09-29,108.0,-191.0,-83.0,3707.0,-0.19767441862797464,0.7,100.0,562.0,194.0,3513.0,3.0,4.0,"21,-126,234,-37,-78,440,-346,176,-184,108","-57,76,-200,104,97,2026,925,439,314,-191",1.5042566260227634,-0.46150731970741316,-1.9321830994920357,-0.8894337931766854,53,4969.0,ETF(Active/수익증권),-0.96,-0.25545557994867996,0.7571822666729371,-230,
281820,"[{""date"": ""20260814"", ""foreign"": 2261.0, ""institution"": -1471.0}, {""date"": ""20260818"", ""foreign"": 2513.0, ""institution"": -4710.0}, {""date"": ""20260819"", ""foreign"": 6191.0, ""institution"": -4233.0}, {""date"": ""20260820"", ""foreign"": 1989.0, ""institution"": -984.0}, {""date"": ""20260821"", ""foreign"": 1465.0, ""institution"": -2460.0}, {""date"": ""20260824"", ""foreign"": 2706.0, ""institution"": -891.0}, {""date"": ""20260825"", ""foreign"": 489.0, ""institution"": -240.0}, {""date"": ""20260826"", ""foreign"": 1178.0, ""institution"": -1511.0}, {""date"": ""20260827"", ""foreign"": 1904.0, ""institution"": 40.0}, {""date"": ""20260828"", ""foreign"": -976.0, ""institution"": -363.0}, {""date"": ""20260831"", ""foreign"": 2053.0, ""institution"": -1318.0}, {""date"": ""20260901"", ""foreign"": -658.0, ""institution"": -1616.0}, {""date"": ""20260902"", ""foreign"": 830.0, ""institution"": -1036.0}, {""date"": ""20260903"", ""foreign"": -336.0, ""institution"": -561.0}, {""date"": ""20260904"", ""foreign"": 6195.0, ""institution"": -819.0}, {""date"": ""20260907"", ""foreign"": -763.0, ""institution"": 769.0}, {""date"": ""20260908"", ""foreign"": -1323.0, ""institution"": -447.0}, {""date"": ""20260909"", ""foreign"": 1455.0, ""institution"": -3003.0}, {""date"": ""20260910"", ""foreign"": 26354.0, ""institution"": -23524.0}, {""date"": ""20260911"", ""foreign"": -2543.0, ""institution"": 102.0}, {""date"": ""20260914"", ""foreign"": -1092.0, ""institution"": 906.0}, {""date"": ""20260915"", ""foreign"": 4001.0, ""institution"": 1054.0}, {""date"": ""20260916"", ""foreign"": -561.0, ""institution"": 1674.0}, {""date"": ""20260917"", ""foreign"": -677.0, ""institution"": 1495.0}, {""date"": ""20260918"", ""foreign"": -1427.0, ""institution"": 971.0}, {""date"": ""20260921"", ""foreign"": -4284.0, ""institution"": 2907.0}, {""date"": ""20260922"", ""foreign"": -5014.0, ""institution"": 7905.0}, {""date"": ""20260923"", ""foreign"": -2668.0, ""institution"": 6981.0}, {""date"": ""20260928"", ""foreign"": -546.0, ""institution"": 191.0}, {""date"": ""20260929"", ""foreign"": -1117.0, ""institution"": 1862.0}]",케이씨텍,2026-09-29,-1117.0,1862.0,745.0,6217.0,-0.03588921542949919,0.6,-4331.0,9034.0,-13629.0,19846.0,0.0,5.0,"-1092,4001,-561,-677,-1427,-4284,-5014,-2668,-546,-1117","906,1054,1674,1495,971,2907,7905,6981,191,1862",0.918308815499526,-0.5405530355840324,1.4819169825640333,1.8596727624795268,54,17443.0,의료·정밀기기,3.89,0.9972379959120778,0.7554483548007437,90,
016360,,삼성증권,2026-09-29,,,0.0,34543.0,0.1694275358199948,0.5,,,,,3.0,3.0,"4056,1753,-2632,5919,-6531,9054,9772,5829,-4974,0","-2517,-4625,-883,-2414,548,3395,5048,7116,-697,0",1.7287821356752995,-0.191448069315881,-2.011478875864152,-0.4741448095047338,55,79031.0,증권,-0.34,-0.06621961130234355,0.736475057399415,-192,
153130,"[{""date"": ""20260814"", ""foreign"": -1.0, ""institution"": -536.0}, {""date"": ""20260818"", ""foreign"": 2.0, ""institution"": 625.0}, {""date"": ""20260819"", ""foreign"": 0.0, ""institution"": 318.0}, {""date"": ""20260820"", ""foreign"": 0.0, ""institution"": -335.0}, {""date"": ""20260821"", ""foreign"": -1.0, ""institution"": 292.0}, {""date"": ""20260824"", ""foreign"": 19.0, ""institution"": 1019.0}, {""date"": ""20260825"", ""foreign"": -3.0, ""institution"": -2076.0}, {""date"": ""20260826"", ""foreign"": -1.0, ""institution"": -427.0}, {""date"": ""20260827"", ""foreign"": -4.0, ""institution"": -105.0}, {""date"": ""20260828"", ""foreign"": 0.0, ""institution"": 169.0}, {""date"": ""20260831"", ""foreign"": -2.0, ""institution"": 337.0}, {""date"": ""20260901"", ""foreign"": 0.0, ""institution"": -322.0}, {""date"": ""20260902"", ""foreign"": 0.0, ""institution"": -219.0}, {""date"": ""20260903"", ""foreign"": -2.0, ""institution"": -463.0}, {""date"": ""20260904"", ""foreign"": 0.0, ""institution"": -395.0}, {""date"": ""20260907"", ""foreign"": -2.0, ""institution"": -359.0}, {""date"": ""20260908"", ""foreign"": 0.0, ""institution"": -357.0}, {""date"": ""20260909"", ""foreign"": -1.0, ""institution"": 473.0}, {""date"": ""20260910"", ""foreign"": 0.0, ""institution"": -324.0}, {""date"": ""20260911"", ""foreign"": 4.0, ""institution"": -171.0}, {""date"": ""20260914"", ""foreign"": 0.0, ""institution"": -876.0}, {""date"": ""20260915"", ""foreign"": -1.0, ""institution"": 247.0}, {""date"": ""20260916"", ""foreign"": 2.0, ""institution"": 297.0}, {""date"": ""20260917"", ""foreign"": 1.0, ""institution"": -245.0}, {""date"": ""20260918"", ""foreign"": 0.0, ""institution"": 211.0}, {""date"": ""20260921"", ""foreign"": -1.0, ""institution"": -222.0}, {""date"": ""20260922"", ""foreign"": 0.0, ""institution"": 3.0}, {""date"": ""20260923"", ""foreign"": -1.0, ""institution"": -66.0}, {""date"": ""20260928"", ""foreign"": 0.0, ""institution"": 2.0}, {""date"": ""20260929"", ""foreign"": 1.0, ""institution"": 339.0}]",KODEX 단기채권,2026-09-29,1.0,339.0,340.0,55.0,-0.5551930397099991,0.6,0.0,275.0,-1.0,56.0,1.0,3.0,"0,-1,2,1,0,-1,0,-1,0,1","-876,247,297,-245,211,-222,3,-66,2,339",1.158063067717699,-0.7508750102985888,1.9706592272271732,2.3778472846462835,56,7751.0,ETF(실물복제/수익증권),-0.02,1.2333561244573246,0.7339285380260124,194,
000640,,동아쏘시오홀딩스,2026-09-29,,,0.0,181.0,-0.6583564173907335,0.6,,,,,3.0,2.0,"67,-280,-299,-171,-76,66,425,-60,73,0","-40,649,130,126,190,22,-365,21,-1,0",0.733186902771338,-0.8056479048976827,1.7016243367201835,1.629163334593839,57,6362.0,금융,0.53,0.8922010780473888,0.7328726828378815,55,
448330,"[{""date"": ""20260814"", ""foreign"": -422.0, ""institution"": 268.0}, {""date"": ""20260818"", ""foreign"": 298.0, ""institution"": -206.0}, {""date"": ""20260819"", ""foreign"": -1255.0, ""institution"": 1199.0}, {""date"": ""20260820"", ""foreign"": 1072.0, ""institution"": -843.0}, {""date"": ""20260821"", ""foreign"": -909.0, ""institution"": 349.0}, {""date"": ""20260824"", ""foreign"": -1013.0, ""institution"": 1281.0}, {""date"": ""20260825"", ""foreign"": 546.0, ""institution"": -424.0}, {""date"": ""20260826"", ""foreign"": -198.0, ""institution"": 419.0}, {""date"": ""20260827"", ""foreign"": 749.0, ""institution"": -725.0}, {""date"": ""20260828"", ""foreign"": 219.0, ""institution"": -130.0}, {""date"": ""20260831"", ""foreign"": -503.0, ""institution"": 333.0}, {""date"": ""20260901"", ""foreign"": 100.0, ""institution"": -189.0}, {""date"": ""20260902"", ""foreign"": -94.0, ""institution"": 128.0}, {""date"": ""20260903"", ""foreign"": 312.0, ""institution"": -359.0}, {""date"": ""20260904"", ""foreign"": 473.0, ""institution"": -533.0}, {""date"": ""20260907"", ""foreign"": 298.0, ""institution"": -321.0}, {""date"": ""20260908"", ""foreign"": 857.0, ""institution"": -1241.0}, {""date"": ""20260909"", ""foreign"": 436.0, ""institution"": -450.0}, {""date"": ""20260910"", ""foreign"": -459.0, ""institution"": 437.0}, {""date"": ""20260911"", ""foreign"": 158.0, ""institution"": 71.0}, {""date"": ""20260914"", ""foreign"": -799.0, ""institution"": 1042.0}, {""date"": ""20260915"", ""foreign"": -31.0, ""institution"": -83.0}, {""date"": ""20260916"", ""foreign"": 312.0, ""institution"": -542.0}, {""date"": ""20260917"", ""foreign"": 33.0, ""institution"": 28.0}, {""date"": ""20260918"", ""foreign"": 812.0, ""institution"": -825.0}, {""date"": ""20260921"", ""foreign"": -3.0, ""institution"": -257.0}, {""date"": ""20260922"", ""foreign"": -398.0, ""institution"": 786.0}, {""date"": ""20260923"", ""foreign"": 61.0, ""institution"": -10.0}, {""date"": ""20260928"", ""foreign"": -68.0, ""institution"": 194.0}, {""date"": ""20260929"", ""foreign"": -292.0, ""institution"": 172.0}]",KODEX 삼성전자채권혼합,2026-09-29,-292.0,172.0,-120.0,185.0,-0.3710292249446615,0.5,-299.0,356.0,-700.0,885.0,1.0,3.0,"-799,-31,312,33,812,-3,-398,61,-68,-292","1042,-83,-542,28,-825,-257,786,-10,194,172",0.8423960932750191,-1.1559502662620562,1.1771511581541416,0.8635969851671045,58,13021.0,ETF(실물복제/수익증권),0.43,0.5433531784092738,0.7271474223466148,-44,
157450,"[{""date"": ""20260814"", ""foreign"": 0.0, ""institution"": -636.0}, {""date"": ""20260818"", ""foreign"": 0.0, ""institution"": -11.0}, {""date"": ""20260819"", ""foreign"": 2.0, ""institution"": 123.0}, {""date"": ""20260820"", ""foreign"": -2.0, ""institution"": -101.0}, {""date"": ""20260821"", ""foreign"": 0.0, ""institution"": -67.0}, {""date"": ""20260824"", ""foreign"": 0.0, ""institution"": -44.0}, {""date"": ""20260825"", ""foreign"": 0.0, ""institution"": -458.0}, {""date"": ""20260826"", ""foreign"": 0.0, ""institution"": 51.0}, {""date"": ""20260827"", ""foreign"": 2.0, ""institution"": 18.0}, {""date"": ""20260828"", ""foreign"": 0.0, ""institution"": -75.0}, {""date"": ""20260831"", ""foreign"": 0.0, ""institution"": 1117.0}, {""date"": ""20260901"", ""foreign"": 0.0, ""institution"": 925.0}, {""date"": ""20260902"", ""foreign"": 0.0, ""institution"": 127.0}, {""date"": ""20260903"", ""foreign"": 0.0, ""institution"": -30.0}, {""date"": ""20260904"", ""foreign"": 0.0, ""institution"": -23.0}, {""date"": ""20260907"", ""foreign"": 0.0, ""institution"": -592.0}, {""date"": ""20260908"", ""foreign"": 0.0, ""institution"": -121.0}, {""date"": ""20260909"", ""foreign"": 0.0, ""institution"": 172.0}, {""date"": ""20260910"", ""foreign"": 0.0, ""institution"": -225.0}, {""date"": ""20260911"", ""foreign"": 0.0, ""institution"": -19.0}, {""date"": ""20260914"", ""foreign"": 0.0, ""institution"": 23.0}, {""date"": ""20260915"", ""foreign"": 0.0, ""institution"": 6.0}, {""date"": ""20260916"", ""foreign"": 0.0, ""institution"": 356.0}, {""date"": ""20260917"", ""foreign"": 0.0, ""institution"": -467.0}, {""date"": ""20260918"", ""foreign"": 0.0, ""institution"": -191.0}, {""date"": ""20260921"", ""foreign"": 1.0, ""institution"": 438.0}, {""date"": ""20260922"", ""foreign"": 0.0, ""institution"": 335.0}, {""date"": ""20260923"", ""foreign"": 0.0, ""institution"": -153.0}, {""date"": ""20260928"", ""foreign"": 0.0, ""institution"": -19.0}, {""date"": ""20260929"", ""foreign"": -1.0, ""institution"": 27.0}]",TIGER 단기통안채,2026-09-29,-1.0,27.0,26.0,628.0,-0.7044334975501821,0.6,-1.0,-145.0,0.0,628.0,1.0,3.0,"0,0,0,0,0,1,0,0,0,-1","23,6,356,-467,-191,438,335,-153,-19,27",1.5315592248673002,-0.9063915037134938,1.8422644913419344,2.4674322124957406,59,12889.0,ETF(실물복제/수익증권),0.0,1.2741775554710004,0.7167468676647282,223,
185750,"[{""date"": ""20260814"", ""foreign"": -93.0, ""institution"": -270.0}, {""date"": ""20260818"", ""foreign"": -822.0, ""institution"": -138.0}, {""date"": ""20260819"", ""foreign"": -391.0, ""institution"": 429.0}, {""date"": ""20260820"", ""foreign"": -51.0, ""institution"": -75.0}, {""date"": ""20260821"", ""foreign"": 530.0, ""institution"": -712.0}, {""date"": ""20260824"", ""foreign"": 169.0, ""institution"": 227.0}, {""date"": ""20260825"", ""foreign"": -372.0, ""institution"": 37.0}, {""date"": ""20260826"", ""foreign"": -115.0, ""institution"": 251.0}, {""date"": ""20260827"", ""foreign"": -588.0, ""institution"": 27.0}, {""date"": ""20260828"", ""foreign"": 50.0, ""institution"": 244.0}, {""date"": ""20260831"", ""foreign"": -387.0, ""institution"": 73.0}, {""date"": ""20260901"", ""foreign"": -8.0, ""institution"": -83.0}, {""date"": ""20260902"", ""foreign"": -1602.0, ""institution"": -564.0}, {""date"": ""20260903"", ""foreign"": -340.0, ""institution"": 85.0}, {""date"": ""20260904"", ""foreign"": -678.0, ""institution"": 171.0}, {""date"": ""20260907"", ""foreign"": -407.0, ""institution"": 251.0}, {""date"": ""20260908"", ""foreign"": -230.0, ""institution"": 28.0}, {""date"": ""20260909"", ""foreign"": -325.0, ""institution"": 56.0}, {""date"": ""20260910"", ""foreign"": -360.0, ""institution"": 132.0}, {""date"": ""20260911"", ""foreign"": -263.0, ""institution"": -49.0}, {""date"": ""20260914"", ""foreign"": -202.0, ""institution"": 10.0}, {""date"": ""20260915"", ""foreign"": -86.0, ""institution"": -148.0}, {""date"": ""20260916"", ""foreign"": -301.0, ""institution"": 6.0}, {""date"": ""20260917"", ""foreign"": -286.0, ""institution"": 90.0}, {""date"": ""20260918"", ""foreign"": -1651.0, ""institution"": 14.0}, {""date"": ""20260921"", ""foreign"": 39.0, ""institution"": 88.0}, {""date"": ""20260922"", ""foreign"": -163.0, ""institution"": 24.0}, {""date"": ""20260923"", ""foreign"": 439.0, ""institution"": -113.0}, {""date"": ""20260928"", ""foreign"": 140.0, ""institution"": -58.0}, {""date"": ""20260929"", ""foreign"": -78.0, ""institution"": -153.0}]",종근당,2026-09-29,-78.0,-153.0,-231.0,165.0,-0.41306144945127965,0.3,501.0,-324.0,377.0,-212.0,3.0,2.0,"-202,-86,-301,-286,-1651,39,-163,439,140,-78","10,-148,6,90,14,88,24,-113,-58,-153",2.0569780794604062,-0.39790854454523167,1.757921543166694,3.4169910780818684,60,8889.0,제약,-1.53,1.7068658731988071,0.7153287729362164,409,
357870,"[{""date"": ""20260814"", ""foreign"": 0.0, ""institution"": 580.0}, {""date"": ""20260818"", ""foreign"": 142.0, ""institution"": -2606.0}, {""date"": ""20260819"", ""foreign"": 41.0, ""institution"": 1442.0}, {""date"": ""20260820"", ""foreign"": 3.0, ""institution"": 882.0}, {""date"": ""20260821"", ""foreign"": 5.0, ""institution"": -2926.0}, {""date"": ""20260824"", ""foreign"": 1.0, ""institution"": 852.0}, {""date"": ""20260825"", ""foreign"": 0.0, ""institution"": -1346.0}, {""date"": ""20260826"", ""foreign"": -96.0, ""institution"": -440.0}, {""date"": ""20260827"", ""foreign"": -4.0, ""institution"": 1339.0}, {""date"": ""20260828"", ""foreign"": -1.0, ""institution"": -2587.0}, {""date"": ""20260831"", ""foreign"": 1.0, ""institution"": -1026.0}, {""date"": ""20260901"", ""foreign"": 0.0, ""institution"": -1959.0}, {""date"": ""20260902"", ""foreign"": -1.0, ""institution"": -3048.0}, {""date"": ""20260903"", ""foreign"": -42.0, ""institution"": -1822.0}, {""date"": ""20260904"", ""foreign"": -13.0, ""institution"": -3130.0}, {""date"": ""20260907"", ""foreign"": -2.0, ""institution"": 2195.0}, {""date"": ""20260908"", ""foreign"": -14.0, ""institution"": -2585.0}, {""date"": ""20260909"", ""foreign"": -3.0, ""institution"": -1412.0}, {""date"": ""20260910"", ""foreign"": 9.0, ""institution"": -1247.0}, {""date"": ""20260911"", ""foreign"": -1.0, ""institution"": -411.0}, {""date"": ""20260914"", ""foreign"": 46.0, ""institution"": -1725.0}, {""date"": ""20260915"", ""foreign"": -1.0, ""institution"": -172.0}, {""date"": ""20260916"", ""foreign"": -1.0, ""institution"": -225.0}, {""date"": ""20260917"", ""foreign"": 0.0, ""institution"": 162.0}, {""date"": ""20260918"", ""foreign"": 17.0, ""institution"": -1309.0}, {""date"": ""20260921"", ""foreign"": -11.0, ""institution"": -147.0}, {""date"": ""20260922"", ""foreign"": 173.0, ""institution"": -6190.0}, {""date"": ""20260923"", ""foreign"": 5.0, ""institution"": -2292.0}, {""date"": ""20260928"", ""foreign"": 0.0, ""institution"": 400.0}, {""date"": ""20260929"", ""foreign"": -1.0, ""institution"": 3236.0}]",TIGER CD금리투자KIS(합성),2026-09-29,-1.0,3236.0,3235.0,-4827.0,0.5455684309305859,0.3,4.0,1344.0,166.0,-4993.0,2.0,2.0,"46,-1,-1,0,17,-11,173,5,0,-1","-1725,-172,-225,162,-1309,-147,-6190,-2292,400,3236",0.38755714131247504,0.4965834664395726,2.2918794769074102,3.176020084659458,61,37523.0,ETF(합성복제/수익증권),0.01,1.59706190259317,0.7060793318065162,371,
469150,"[{""date"": ""20260814"", ""foreign"": -734.0, ""institution"": -1107.0}, {""date"": ""20260818"", ""foreign"": -160.0, ""institution"": 627.0}, {""date"": ""20260819"", ""foreign"": 1319.0, ""institution"": -2087.0}, {""date"": ""20260820"", ""foreign"": -443.0, ""institution"": 1150.0}, {""date"": ""20260821"", ""foreign"": -1852.0, ""institution"": 2596.0}, {""date"": ""20260824"", ""foreign"": 547.0, ""institution"": -1383.0}, {""date"": ""20260825"", ""foreign"": -289.0, ""institution"": 890.0}, {""date"": ""20260826"", ""foreign"": 2550.0, ""institution"": -2662.0}, {""date"": ""20260827"", ""foreign"": -797.0, ""institution"": 1313.0}, {""date"": ""20260828"", ""foreign"": 700.0, ""institution"": -445.0}, {""date"": ""20260831"", ""foreign"": 1999.0, ""institution"": -1630.0}, {""date"": ""20260901"", ""foreign"": -1288.0, ""institution"": 1976.0}, {""date"": ""20260902"", ""foreign"": -236.0, ""institution"": 602.0}, {""date"": ""20260903"", ""foreign"": 1139.0, ""institution"": -1258.0}, {""date"": ""20260904"", ""foreign"": 2328.0, ""institution"": -1455.0}, {""date"": ""20260907"", ""foreign"": 1014.0, ""institution"": 1769.0}, {""date"": ""20260908"", ""foreign"": -394.0, ""institution"": -5485.0}, {""date"": ""20260909"", ""foreign"": -466.0, ""institution"": 875.0}, {""date"": ""20260910"", ""foreign"": 2472.0, ""institution"": -2931.0}, {""date"": ""20260911"", ""foreign"": -646.0, ""institution"": -136.0}, {""date"": ""20260914"", ""foreign"": -1102.0, ""institution"": 319.0}, {""date"": ""20260915"", ""foreign"": -542.0, ""institution"": 706.0}, {""date"": ""20260916"", ""foreign"": -1030.0, ""institution"": 1431.0}, {""date"": ""20260917"", ""foreign"": -667.0, ""institution"": 1033.0}, {""date"": ""20260918"", ""foreign"": 1566.0, ""institution"": 70.0}, {""date"": ""20260921"", ""foreign"": -2154.0, ""institution"": 3002.0}, {""date"": ""20260922"", ""foreign"": 943.0, ""institution"": 598.0}, {""date"": ""20260923"", ""foreign"": -1814.0, ""institution"": 2169.0}, {""date"": ""20260928"", ""foreign"": -1494.0, ""institution"": 2131.0}, {""date"": ""20260929"", ""foreign"": 2349.0, ""institution"": -2148.0}]",ACE AI반도체포커스,2026-09-29,2349.0,-2148.0,201.0,3582.0,-0.46181260432902316,0.9,-959.0,2152.0,-2170.0,5752.0,2.0,4.0,"-1102,-542,-1030,-667,1566,-2154,943,-1814,-1494,2349","319,706,1431,1033,70,3002,598,2169,2131,-2148",0.8172188416535907,-0.5462258687953458,1.8902158839106384,2.161208856768883,62,12583.0,ETF(실물복제/수익증권),3.24,1.134639846498497,0.7034727078295757,171,
329750,"[{""date"": ""20260814"", ""foreign"": -35.0, ""institution"": -49.0}, {""date"": ""20260818"", ""foreign"": 43.0, ""institution"": -482.0}, {""date"": ""20260819"", ""foreign"": -19.0, ""institution"": -555.0}, {""date"": ""20260820"", ""foreign"": -1.0, ""institution"": -602.0}, {""date"": ""20260821"", ""foreign"": -8.0, ""institution"": -235.0}, {""date"": ""20260824"", ""foreign"": -3.0, ""institution"": 18.0}, {""date"": ""20260825"", ""foreign"": 32.0, ""institution"": 176.0}, {""date"": ""20260826"", ""foreign"": -78.0, ""institution"": -10.0}, {""date"": ""20260827"", ""foreign"": 31.0, ""institution"": -166.0}, {""date"": ""20260828"", ""foreign"": -63.0, ""institution"": 61.0}, {""date"": ""20260831"", ""foreign"": 0.0, ""institution"": -301.0}, {""date"": ""20260901"", ""foreign"": 0.0, ""institution"": -458.0}, {""date"": ""20260902"", ""foreign"": -2.0, ""institution"": -68.0}, {""date"": ""20260903"", ""foreign"": 6.0, ""institution"": -159.0}, {""date"": ""20260904"", ""foreign"": 5.0, ""institution"": -80.0}, {""date"": ""20260907"", ""foreign"": -30.0, ""institution"": -26.0}, {""date"": ""20260908"", ""foreign"": 43.0, ""institution"": -190.0}, {""date"": ""20260909"", ""foreign"": -17.0, ""institution"": 23.0}, {""date"": ""20260910"", ""foreign"": -18.0, ""institution"": 17.0}, {""date"": ""20260911"", ""foreign"": 34.0, ""institution"": -869.0}, {""date"": ""20260914"", ""foreign"": -35.0, ""institution"": -172.0}, {""date"": ""20260915"", ""foreign"": 32.0, ""institution"": -223.0}, {""date"": ""20260916"", ""foreign"": -43.0, ""institution"": -342.0}, {""date"": ""20260917"", ""foreign"": 4.0, ""institution"": -297.0}, {""date"": ""20260918"", ""foreign"": 1.0, ""institution"": -340.0}, {""date"": ""20260921"", ""foreign"": -1.0, ""institution"": 158.0}, {""date"": ""20260922"", ""foreign"": 26.0, ""institution"": 199.0}, {""date"": ""20260923"", ""foreign"": -22.0, ""institution"": -63.0}, {""date"": ""20260928"", ""foreign"": 36.0, ""institution"": -160.0}, {""date"": ""20260929"", ""foreign"": 21.0, ""institution"": -472.0}]",TIGER 미국달러단기채권액티브,2026-09-29,21.0,-472.0,-451.0,-278.0,-0.16635089052041108,0.2,35.0,-695.0,60.0,-338.0,3.0,2.0,"-35,32,-43,4,1,-1,26,-22,36,21","-172,-223,-342,-297,-340,158,199,-63,-160,-472",1.0703563962151499,-0.4672743037937101,0.9211322456709672,1.524214338092407,63,7100.0,ETF(Active/수익증권),-0.58,0.8443786560900138,0.6873176256507303,72,
006120,,SK디스커버리,2026-09-29,,,0.0,1247.0,0.9687310260184243,0.4,,,,,3.0,3.0,"-364,-191,-351,58,-343,58,-240,435,807,0","154,35,22,3,35,119,13,-41,96,0",2.10720800725414,1.3083086181358303,-0.20835267971885563,3.2071639456711147,64,11127.0,금융,-0.62,1.6112533185412108,0.6780954189036652,398,
017670,,SK텔레콤,2026-09-29,,,0.0,1747.0,-0.3292825847874632,0.4,,,,,4.0,1.0,"11394,-14172,-2219,3768,15,315,19009,9760,7574,0","-7979,4043,2216,-4160,1477,-17528,-10875,-9927,3419,0",0.41610149356703,0.04143374806864544,-0.04806485920066229,0.4094703824350132,65,185149.0,통신,-2.27,0.3364199561594839,0.6672362671593629,-102,
010120,,LS ELECTRIC,2026-09-29,,,0.0,18589.0,-0.4825298393014523,0.6,,,,,3.0,1.0,"-799,-24011,-4998,6785,49801,4222,25828,-9764,12121,0","-1330,-4320,5170,4493,2326,761,-652,-11542,-2385,0",-0.37317392038793995,-0.774864272610548,0.8143450157828017,-0.33369317721568625,66,307500.0,전기·전자,0.24,-0.002219597506716166,0.653662482053596,-197,
455890,"[{""date"": ""20260814"", ""foreign"": 10.0, ""institution"": -187.0}, {""date"": ""20260818"", ""foreign"": 0.0, ""institution"": 1327.0}, {""date"": ""20260819"", ""foreign"": 0.0, ""institution"": 922.0}, {""date"": ""20260820"", ""foreign"": 0.0, ""institution"": 3596.0}, {""date"": ""20260821"", ""foreign"": 499.0, ""institution"": -46.0}, {""date"": ""20260824"", ""foreign"": 0.0, ""institution"": -477.0}, {""date"": ""20260825"", ""foreign"": 0.0, ""institution"": 2247.0}, {""date"": ""20260826"", ""foreign"": 0.0, ""institution"": 1721.0}, {""date"": ""20260827"", ""foreign"": 0.0, ""institution"": 516.0}, {""date"": ""20260828"", ""foreign"": -29.0, ""institution"": -1612.0}, {""date"": ""20260831"", ""foreign"": 0.0, ""institution"": -9.0}, {""date"": ""20260901"", ""foreign"": 0.0, ""institution"": -556.0}, {""date"": ""20260902"", ""foreign"": -6.0, ""institution"": 429.0}, {""date"": ""20260903"", ""foreign"": 0.0, ""institution"": -425.0}, {""date"": ""20260904"", ""foreign"": 0.0, ""institution"": -1779.0}, {""date"": ""20260907"", ""foreign"": 0.0, ""institution"": 78.0}, {""date"": ""20260908"", ""foreign"": 0.0, ""institution"": 1093.0}, {""date"": ""20260909"", ""foreign"": -1.0, ""institution"": 1023.0}, {""date"": ""20260910"", ""foreign"": 177.0, ""institution"": 312.0}, {""date"": ""20260911"", ""foreign"": -1.0, ""institution"": -1729.0}, {""date"": ""20260914"", ""foreign"": 0.0, ""institution"": 1293.0}, {""date"": ""20260915"", ""foreign"": 9999.0, ""institution"": -11309.0}, {""date"": ""20260916"", ""foreign"": 0.0, ""institution"": 1571.0}, {""date"": ""20260917"", ""foreign"": 0.0, ""institution"": 187.0}, {""date"": ""20260918"", ""foreign"": 2.0, ""institution"": 7384.0}, {""date"": ""20260921"", ""foreign"": 0.0, ""institution"": 765.0}, {""date"": ""20260922"", ""foreign"": -1.0, ""institution"": 40.0}, {""date"": ""20260923"", ""foreign"": -10006.0, ""institution"": 7661.0}, {""date"": ""20260928"", ""foreign"": -1.0, ""institution"": 1657.0}, {""date"": ""20260929"", ""foreign"": 0.0, ""institution"": -99.0}]",RISE 머니마켓액티브,2026-09-29,0.0,-99.0,-99.0,16.0,-0.1345829111841359,0.7,-10007.0,9219.0,-10008.0,10024.0,0.0,4.0,"0,9999,0,0,2,0,-1,-10006,-1,0","1293,-11309,1571,187,7384,765,40,7661,1657,-99",-0.678628522029406,-0.746110017692641,0.5673085806553171,-0.85742995906673,67,31386.0,ETF(Active/수익증권),0.01,-0.2408722974964344,0.6498188224611791,-246,
007810,,코리아써키트,2026-09-29,,,0.0,3047.0,5.0,0.5,,,,,1.0,3.0,"-809,2720,1737,1977,1215,-256,-672,-10224,12023,0","-2316,-47,62,-40,-877,124,572,-2510,3990,0",0.6653416518140958,2.3321776727123855,0.4082482404638687,3.40576756499035,68,17771.0,전기·전자,7.39,1.7017516215451536,0.6484378378489952,463,
488770,"[{""date"": ""20260814"", ""foreign"": 68.0, ""institution"": -3696.0}, {""date"": ""20260818"", ""foreign"": 17.0, ""institution"": 12149.0}, {""date"": ""20260819"", ""foreign"": 32.0, ""institution"": 8247.0}, {""date"": ""20260820"", ""foreign"": -18.0, ""institution"": -21832.0}, {""date"": ""20260821"", ""foreign"": -37.0, ""institution"": 11083.0}, {""date"": ""20260824"", ""foreign"": 3095.0, ""institution"": -2172.0}, {""date"": ""20260825"", ""foreign"": 70.0, ""institution"": -6148.0}, {""date"": ""20260826"", ""foreign"": -2979.0, ""institution"": -3343.0}, {""date"": ""20260827"", ""foreign"": -60.0, ""institution"": -45097.0}, {""date"": ""20260828"", ""foreign"": 3.0, ""institution"": 7165.0}, {""date"": ""20260831"", ""foreign"": 38.0, ""institution"": -11966.0}, {""date"": ""20260901"", ""foreign"": 381.0, ""institution"": -16358.0}, {""date"": ""20260902"", ""foreign"": -14.0, ""institution"": -10702.0}, {""date"": ""20260903"", ""foreign"": -409.0, ""institution"": -13765.0}, {""date"": ""20260904"", ""foreign"": -3.0, ""institution"": 8023.0}, {""date"": ""20260907"", ""foreign"": 8.0, ""institution"": -1506.0}, {""date"": ""20260908"", ""foreign"": 77.0, ""institution"": 4040.0}, {""date"": ""20260909"", ""foreign"": -1.0, ""institution"": -2471.0}, {""date"": ""20260910"", ""foreign"": -104.0, ""institution"": -32150.0}, {""date"": ""20260911"", ""foreign"": 34.0, ""institution"": 324.0}, {""date"": ""20260914"", ""foreign"": 364.0, ""institution"": 3969.0}, {""date"": ""20260915"", ""foreign"": 29870.0, ""institution"": -14332.0}, {""date"": ""20260916"", ""foreign"": 165.0, ""institution"": -3033.0}, {""date"": ""20260917"", ""foreign"": -49.0, ""institution"": -11773.0}, {""date"": ""20260918"", ""foreign"": -31.0, ""institution"": 4039.0}, {""date"": ""20260921"", ""foreign"": -32.0, ""institution"": -5060.0}, {""date"": ""20260922"", ""foreign"": 27.0, ""institution"": -29491.0}, {""date"": ""20260923"", ""foreign"": -29972.0, ""institution"": 29216.0}, {""date"": ""20260928"", ""foreign"": 75.0, ""institution"": 500.0}, {""date"": ""20260929"", ""foreign"": -15.0, ""institution"": 21903.0}]",KODEX 머니마켓액티브,2026-09-29,-15.0,21903.0,21888.0,-12849.0,-0.28474834194387577,0.5,-29912.0,51619.0,-29917.0,17068.0,2.0,3.0,"364,29870,165,-49,-31,-32,27,-29972,75,-15","3969,-14332,-3033,-11773,4039,-5060,-29491,29216,500,21903",0.36157276060666627,-0.4044921136991036,0.9036960266150722,0.8607766735226349,69,97619.0,ETF(Active/수익증권),0.01,0.5420680385984202,0.6444623326755227,-40,
479520,"[{""date"": ""20260814"", ""foreign"": 0.0, ""institution"": 57.0}, {""date"": ""20260818"", ""foreign"": 0.0, ""institution"": -225.0}, {""date"": ""20260819"", ""foreign"": 0.0, ""institution"": 272.0}, {""date"": ""20260820"", ""foreign"": 0.0, ""institution"": 113.0}, {""date"": ""20260821"", ""foreign"": 0.0, ""institution"": 68.0}, {""date"": ""20260824"", ""foreign"": 0.0, ""institution"": -89.0}, {""date"": ""20260825"", ""foreign"": 0.0, ""institution"": -332.0}, {""date"": ""20260826"", ""foreign"": 0.0, ""institution"": -19.0}, {""date"": ""20260827"", ""foreign"": 0.0, ""institution"": -249.0}, {""date"": ""20260828"", ""foreign"": 0.0, ""institution"": -327.0}, {""date"": ""20260831"", ""foreign"": 0.0, ""institution"": -209.0}, {""date"": ""20260901"", ""foreign"": 0.0, ""institution"": 142.0}, {""date"": ""20260902"", ""foreign"": 0.0, ""institution"": -48.0}, {""date"": ""20260903"", ""foreign"": 0.0, ""institution"": 56.0}, {""date"": ""20260904"", ""foreign"": 0.0, ""institution"": -126.0}, {""date"": ""20260907"", ""foreign"": 0.0, ""institution"": -222.0}, {""date"": ""20260908"", ""foreign"": 0.0, ""institution"": 156.0}, {""date"": ""20260909"", ""foreign"": 0.0, ""institution"": 66.0}, {""date"": ""20260910"", ""foreign"": 0.0, ""institution"": 38.0}, {""date"": ""20260911"", ""foreign"": 0.0, ""institution"": -61.0}, {""date"": ""20260914"", ""foreign"": 0.0, ""institution"": -325.0}, {""date"": ""20260915"", ""foreign"": 0.0, ""institution"": 225.0}, {""date"": ""20260916"", ""foreign"": 0.0, ""institution"": -68.0}, {""date"": ""20260917"", ""foreign"": 0.0, ""institution"": -145.0}, {""date"": ""20260918"", ""foreign"": 0.0, ""institution"": 86.0}, {""date"": ""20260921"", ""foreign"": 0.0, ""institution"": 168.0}, {""date"": ""20260922"", ""foreign"": 0.0, ""institution"": 6.0}, {""date"": ""20260923"", ""foreign"": 0.0, ""institution"": -9.0}, {""date"": ""20260928"", ""foreign"": 0.0, ""institution"": -250.0}, {""date"": ""20260929"", ""foreign"": 0.0, ""institution"": 154.0}]",RISE KOFR금리액티브(합성),2026-09-29,0.0,154.0,154.0,69.0,0.15881032537944928,0.5,0.0,-105.0,0.0,69.0,0.0,3.0,"0,0,0,0,0,0,0,0,0,0","-325,225,-68,-145,86,168,6,-9,-250,154",0.8801425528495576,0.6200211324936872,0.37893233747510474,1.8790960228183495,70,10349.0,ETF,0.03,1.0060886508270912,0.642559734947634,137,
003160,,디아이,2026-09-29,,,0.0,34723.0,-0.31398651047396,0.7,,,,,3.0,4.0,"743,253,-31,-1768,-558,14809,670,1629,-713,0","-217,1793,1599,107,530,10464,1050,5660,1154,0",1.5294331451943146,-0.48882464725680386,1.1832158166199398,2.2238243145574508,71,10386.0,의료·정밀기기,1.52,1.1631720187273018,0.6412200690083542,206,
307950,"[{""date"": ""20260814"", ""foreign"": -19669.0, ""institution"": 638.0}, {""date"": ""20260818"", ""foreign"": -8252.0, ""institution"": -1323.0}, {""date"": ""20260819"", ""foreign"": 1951.0, ""institution"": -7542.0}, {""date"": ""20260820"", ""foreign"": 1918.0, ""institution"": 220.0}, {""date"": ""20260821"", ""foreign"": -1218.0, ""institution"": 4069.0}, {""date"": ""20260824"", ""foreign"": 812.0, ""institution"": 527.0}, {""date"": ""20260825"", ""foreign"": -11552.0, ""institution"": -2793.0}, {""date"": ""20260826"", ""foreign"": -30421.0, ""institution"": -16628.0}, {""date"": ""20260827"", ""foreign"": 7604.0, ""institution"": -8860.0}, {""date"": ""20260828"", ""foreign"": 6622.0, ""institution"": 1791.0}, {""date"": ""20260831"", ""foreign"": 10003.0, ""institution"": 1388.0}, {""date"": ""20260901"", ""foreign"": -3283.0, ""institution"": -8722.0}, {""date"": ""20260902"", ""foreign"": 9419.0, ""institution"": -14614.0}, {""date"": ""20260903"", ""foreign"": 3539.0, ""institution"": -465.0}, {""date"": ""20260904"", ""foreign"": 3613.0, ""institution"": -65.0}, {""date"": ""20260907"", ""foreign"": -305.0, ""institution"": 46.0}, {""date"": ""20260908"", ""foreign"": -214.0, ""institution"": -11718.0}, {""date"": ""20260909"", ""foreign"": 2335.0, ""institution"": -431.0}, {""date"": ""20260910"", ""foreign"": 1253.0, ""institution"": 1967.0}, {""date"": ""20260911"", ""foreign"": 703.0, ""institution"": 816.0}, {""date"": ""20260914"", ""foreign"": 254.0, ""institution"": -2322.0}, {""date"": ""20260915"", ""foreign"": 2658.0, ""institution"": -1057.0}, {""date"": ""20260916"", ""foreign"": -571.0, ""institution"": -348.0}, {""date"": ""20260917"", ""foreign"": 1088.0, ""institution"": 437.0}, {""date"": ""20260918"", ""foreign"": 780.0, ""institution"": -338.0}, {""date"": ""20260921"", ""foreign"": 940.0, ""institution"": -5189.0}, {""date"": ""20260922"", ""foreign"": 6242.0, ""institution"": 2041.0}, {""date"": ""20260923"", ""foreign"": -4684.0, ""institution"": 1876.0}, {""date"": ""20260928"", ""foreign"": -215.0, ""institution"": -759.0}, {""date"": ""20260929"", ""foreign"": -1170.0, ""institution"": -1888.0}]",현대오토에버,2026-09-29,-1170.0,-1888.0,-3058.0,-2806.0,-0.11387485425917654,0.4,-6069.0,-771.0,1113.0,-3919.0,2.0,2.0,"254,2658,-571,1088,780,940,6242,-4684,-215,-1170","-2322,-1057,-348,437,-338,-5189,2041,1876,-759,-1888",-0.20852552547081854,0.4105969076896178,-1.6020818037597402,-1.4000104215409408,72,101469.0,IT 서비스,-1.6,-0.4881115535851317,0.6354130312254236,-298,
465580,"[{""date"": ""20260814"", ""foreign"": 46.0, ""institution"": 748.0}, {""date"": ""20260818"", ""foreign"": 8.0, ""institution"": 11.0}, {""date"": ""20260819"", ""foreign"": -42.0, ""institution"": 2066.0}, {""date"": ""20260820"", ""foreign"": -27.0, ""institution"": -320.0}, {""date"": ""20260821"", ""foreign"": 9.0, ""institution"": -339.0}, {""date"": ""20260824"", ""foreign"": 47.0, ""institution"": -256.0}, {""date"": ""20260825"", ""foreign"": -29.0, ""institution"": -109.0}, {""date"": ""20260826"", ""foreign"": 29.0, ""institution"": -1686.0}, {""date"": ""20260827"", ""foreign"": -28.0, ""institution"": -899.0}, {""date"": ""20260828"", ""foreign"": 44.0, ""institution"": 171.0}, {""date"": ""20260831"", ""foreign"": -34.0, ""institution"": 100.0}, {""date"": ""20260901"", ""foreign"": -6.0, ""institution"": -216.0}, {""date"": ""20260902"", ""foreign"": -6.0, ""institution"": -218.0}, {""date"": ""20260903"", ""foreign"": 2.0, ""institution"": -69.0}, {""date"": ""20260904"", ""foreign"": 59.0, ""institution"": -690.0}, {""date"": ""20260907"", ""foreign"": -71.0, ""institution"": -383.0}, {""date"": ""20260908"", ""foreign"": 35.0, ""institution"": 201.0}, {""date"": ""20260909"", ""foreign"": -17.0, ""institution"": 563.0}, {""date"": ""20260910"", ""foreign"": -15.0, ""institution"": -293.0}, {""date"": ""20260911"", ""foreign"": 13.0, ""institution"": 356.0}, {""date"": ""20260914"", ""foreign"": -14.0, ""institution"": 147.0}, {""date"": ""20260915"", ""foreign"": 19.0, ""institution"": -388.0}, {""date"": ""20260916"", ""foreign"": -42.0, ""institution"": -88.0}, {""date"": ""20260917"", ""foreign"": 37.0, ""institution"": 167.0}, {""date"": ""20260918"", ""foreign"": -1.0, ""institution"": -489.0}, {""date"": ""20260921"", ""foreign"": -2.0, ""institution"": 584.0}, {""date"": ""20260922"", ""foreign"": -5.0, ""institution"": -962.0}, {""date"": ""20260923"", ""foreign"": 26.0, ""institution"": 376.0}, {""date"": ""20260928"", ""foreign"": 3.0, ""institution"": -491.0}, {""date"": ""20260929"", ""foreign"": 4.0, ""institution"": -503.0}]",ACE 미국빅테크TOP7 Plus,2026-09-29,4.0,-503.0,-499.0,-970.0,0.12981942408175162,0.4,33.0,-618.0,26.0,-996.0,3.0,2.0,"-14,19,-42,37,-1,-2,-5,26,3,4","147,-388,-88,167,-489,584,-962,376,-491,-503",-0.8468965751376847,0.016087097552274287,-0.2774453621881589,-1.1082548397735692,73,10755.0,ETF(실물복제/수익증권),-0.92,-0.3551664182830684,0.6329585449395657,-273,
457190,"[{""date"": ""20260814"", ""foreign"": -77.0, ""institution"": -410.0}, {""date"": ""20260818"", ""foreign"": -676.0, ""institution"": -181.0}, {""date"": ""20260819"", ""foreign"": 145.0, ""institution"": -280.0}, {""date"": ""20260820"", ""foreign"": 585.0, ""institution"": -691.0}, {""date"": ""20260821"", ""foreign"": -232.0, ""institution"": -336.0}, {""date"": ""20260824"", ""foreign"": 1258.0, ""institution"": 515.0}, {""date"": ""20260825"", ""foreign"": -1429.0, ""institution"": 516.0}, {""date"": ""20260826"", ""foreign"": -1137.0, ""institution"": 293.0}, {""date"": ""20260827"", ""foreign"": 466.0, ""institution"": 802.0}, {""date"": ""20260828"", ""foreign"": -1366.0, ""institution"": 1011.0}, {""date"": ""20260831"", ""foreign"": -5020.0, ""institution"": 515.0}, {""date"": ""20260901"", ""foreign"": -4876.0, ""institution"": 1240.0}, {""date"": ""20260902"", ""foreign"": -4130.0, ""institution"": -802.0}, {""date"": ""20260903"", ""foreign"": -581.0, ""institution"": -767.0}, {""date"": ""20260904"", ""foreign"": 84.0, ""institution"": 814.0}, {""date"": ""20260907"", ""foreign"": 440.0, ""institution"": 633.0}, {""date"": ""20260908"", ""foreign"": 36.0, ""institution"": -941.0}, {""date"": ""20260909"", ""foreign"": 687.0, ""institution"": 837.0}, {""date"": ""20260910"", ""foreign"": -751.0, ""institution"": -1548.0}, {""date"": ""20260911"", ""foreign"": 3949.0, ""institution"": -7348.0}, {""date"": ""20260914"", ""foreign"": -567.0, ""institution"": -281.0}, {""date"": ""20260915"", ""foreign"": 411.0, ""institution"": -85.0}, {""date"": ""20260916"", ""foreign"": -947.0, ""institution"": 526.0}, {""date"": ""20260917"", ""foreign"": 116.0, ""institution"": 126.0}, {""date"": ""20260918"", ""foreign"": -298.0, ""institution"": 560.0}, {""date"": ""20260921"", ""foreign"": -1097.0, ""institution"": 55.0}, {""date"": ""20260922"", ""foreign"": 307.0, ""institution"": -90.0}, {""date"": ""20260923"", ""foreign"": -905.0, ""institution"": -42.0}, {""date"": ""20260928"", ""foreign"": -145.0, ""institution"": -435.0}, {""date"": ""20260929"", ""foreign"": -4692.0, ""institution"": 141.0}]",이수스페셜티케미컬,2026-09-29,-4692.0,141.0,-4551.0,-6903.0,0.9149338374110121,0.4,-5742.0,-336.0,-6532.0,-371.0,1.0,2.0,"-567,411,-947,116,-298,-1097,307,-905,-145,-4692","-281,-85,526,126,560,55,-90,-42,-435,141",-1.238781239177882,2.7372688107858276,0.17939871623105316,1.6778862878389986,74,20549.0,화학,4.78,0.9144028113347356,0.6190159830791498,117,
161000,"[{""date"": ""20260814"", ""foreign"": 14.0, ""institution"": 9.0}, {""date"": ""20260818"", ""foreign"": -1456.0, ""institution"": 81.0}, {""date"": ""20260819"", ""foreign"": -248.0, ""institution"": 25.0}, {""date"": ""20260820"", ""foreign"": -160.0, ""institution"": 12.0}, {""date"": ""20260821"", ""foreign"": -238.0, ""institution"": 10.0}, {""date"": ""20260824"", ""foreign"": 349.0, ""institution"": 0.0}, {""date"": ""20260825"", ""foreign"": 206.0, ""institution"": 0.0}, {""date"": ""20260826"", ""foreign"": 149.0, ""institution"": 22.0}, {""date"": ""20260827"", ""foreign"": 74.0, ""institution"": 0.0}, {""date"": ""20260828"", ""foreign"": -715.0, ""institution"": 14.0}, {""date"": ""20260831"", ""foreign"": -1925.0, ""institution"": 158.0}, {""date"": ""20260901"", ""foreign"": 261.0, ""institution"": 26.0}, {""date"": ""20260902"", ""foreign"": -368.0, ""institution"": 12.0}, {""date"": ""20260903"", ""foreign"": 322.0, ""institution"": 109.0}, {""date"": ""20260904"", ""foreign"": -203.0, ""institution"": -1.0}, {""date"": ""20260907"", ""foreign"": -135.0, ""institution"": -16.0}, {""date"": ""20260908"", ""foreign"": 31.0, ""institution"": -27.0}, {""date"": ""20260909"", ""foreign"": 663.0, ""institution"": 0.0}, {""date"": ""20260910"", ""foreign"": -156.0, ""institution"": -86.0}, {""date"": ""20260911"", ""foreign"": 96.0, ""institution"": 16.0}, {""date"": ""20260914"", ""foreign"": 138.0, ""institution"": 2.0}, {""date"": ""20260915"", ""foreign"": 280.0, ""institution"": -21.0}, {""date"": ""20260916"", ""foreign"": 165.0, ""institution"": -20.0}, {""date"": ""20260917"", ""foreign"": 285.0, ""institution"": -2.0}, {""date"": ""20260918"", ""foreign"": 68.0, ""institution"": -1.0}, {""date"": ""20260921"", ""foreign"": 31.0, ""institution"": 0.0}, {""date"": ""20260922"", ""foreign"": -152.0, ""institution"": -2.0}, {""date"": ""20260923"", ""foreign"": -243.0, ""institution"": -2.0}, {""date"": ""20260928"", ""foreign"": 563.0, ""institution"": -1.0}, {""date"": ""20260929"", ""foreign"": -57.0, ""institution"": 0.0}]",애경케미칼,2026-09-29,-57.0,0.0,-57.0,137.0,0.37404580146116184,0.7,263.0,-3.0,142.0,-5.0,2.0,0.0,"138,280,165,285,68,31,-152,-243,563,-57","2,-21,-20,-2,-1,0,-2,-2,-1,0",-0.7281134170319,1.7998263646305601,0.36596614908668185,1.437679096685342,75,4918.0,화학,-0.59,0.80494688478484,0.6173240463466526,73,
471230,"[{""date"": ""20260814"", ""foreign"": -29.0, ""institution"": -130.0}, {""date"": ""20260818"", ""foreign"": 1.0, ""institution"": -1308.0}, {""date"": ""20260819"", ""foreign"": 0.0, ""institution"": 99.0}, {""date"": ""20260820"", ""foreign"": 0.0, ""institution"": -30.0}, {""date"": ""20260821"", ""foreign"": 10.0, ""institution"": 125.0}, {""date"": ""20260824"", ""foreign"": 0.0, ""institution"": 2.0}, {""date"": ""20260825"", ""foreign"": -8.0, ""institution"": -52.0}, {""date"": ""20260826"", ""foreign"": -1.0, ""institution"": 287.0}, {""date"": ""20260827"", ""foreign"": 0.0, ""institution"": -248.0}, {""date"": ""20260828"", ""foreign"": 0.0, ""institution"": -108.0}, {""date"": ""20260831"", ""foreign"": 0.0, ""institution"": 29.0}, {""date"": ""20260901"", ""foreign"": 0.0, ""institution"": -140.0}, {""date"": ""20260902"", ""foreign"": 0.0, ""institution"": -72.0}, {""date"": ""20260903"", ""foreign"": 0.0, ""institution"": 45.0}, {""date"": ""20260904"", ""foreign"": 0.0, ""institution"": -16.0}, {""date"": ""20260907"", ""foreign"": 0.0, ""institution"": -3.0}, {""date"": ""20260908"", ""foreign"": 0.0, ""institution"": -38.0}, {""date"": ""20260909"", ""foreign"": 42.0, ""institution"": 100.0}, {""date"": ""20260910"", ""foreign"": -42.0, ""institution"": 56.0}, {""date"": ""20260911"", ""foreign"": 42.0, ""institution"": -391.0}, {""date"": ""20260914"", ""foreign"": -25.0, ""institution"": 12.0}, {""date"": ""20260915"", ""foreign"": -17.0, ""institution"": -192.0}, {""date"": ""20260916"", ""foreign"": 0.0, ""institution"": -2.0}, {""date"": ""20260917"", ""foreign"": 13.0, ""institution"": 94.0}, {""date"": ""20260918"", ""foreign"": -17.0, ""institution"": 40.0}, {""date"": ""20260921"", ""foreign"": 0.0, ""institution"": -33.0}, {""date"": ""20260922"", ""foreign"": 31.0, ""institution"": 76.0}, {""date"": ""20260923"", ""foreign"": -15.0, ""institution"": 67.0}, {""date"": ""20260928"", ""foreign"": -14.0, ""institution"": -158.0}, {""date"": ""20260929"", ""foreign"": 0.0, ""institution"": -82.0}]",KODEX 국고채10년액티브,2026-09-29,0.0,-82.0,-82.0,-128.0,0.021021020918816635,0.4,-29.0,-173.0,2.0,-130.0,1.0,2.0,"-25,-17,0,13,-17,0,31,-15,-14,0","12,-192,-2,94,40,-33,76,67,-158,-82",-0.016744171556539265,0.049281229826471686,0.460566122835484,0.4931031811054164,76,4491.0,ETF(Active/수익증권),0.6,0.37452916273429504,0.6089966815868013,-89,
367380,"[{""date"": ""20260814"", ""foreign"": 66.0, ""institution"": -2383.0}, {""date"": ""20260818"", ""foreign"": 436.0, ""institution"": -4501.0}, {""date"": ""20260819"", ""foreign"": -290.0, ""institution"": -2805.0}, {""date"": ""20260820"", ""foreign"": -33.0, ""institution"": -3042.0}, {""date"": ""20260821"", ""foreign"": 694.0, ""institution"": -5403.0}, {""date"": ""20260824"", ""foreign"": -454.0, ""institution"": -2014.0}, {""date"": ""20260825"", ""foreign"": -17.0, ""institution"": -1947.0}, {""date"": ""20260826"", ""foreign"": -325.0, ""institution"": -2597.0}, {""date"": ""20260827"", ""foreign"": 267.0, ""institution"": -1685.0}, {""date"": ""20260828"", ""foreign"": -22.0, ""institution"": -1772.0}, {""date"": ""20260831"", ""foreign"": 51.0, ""institution"": -2122.0}, {""date"": ""20260901"", ""foreign"": 47.0, ""institution"": -1447.0}, {""date"": ""20260902"", ""foreign"": 74.0, ""institution"": -2964.0}, {""date"": ""20260903"", ""foreign"": -10.0, ""institution"": -1499.0}, {""date"": ""20260904"", ""foreign"": 10.0, ""institution"": -1359.0}, {""date"": ""20260907"", ""foreign"": -353.0, ""institution"": -3197.0}, {""date"": ""20260908"", ""foreign"": 70.0, ""institution"": -2122.0}, {""date"": ""20260909"", ""foreign"": 8.0, ""institution"": -1810.0}, {""date"": ""20260910"", ""foreign"": 100.0, ""institution"": -1779.0}, {""date"": ""20260911"", ""foreign"": 289.0, ""institution"": -2185.0}, {""date"": ""20260914"", ""foreign"": -74.0, ""institution"": -950.0}, {""date"": ""20260915"", ""foreign"": 36.0, ""institution"": -759.0}, {""date"": ""20260916"", ""foreign"": -16.0, ""institution"": -652.0}, {""date"": ""20260917"", ""foreign"": 8.0, ""institution"": -874.0}, {""date"": ""20260918"", ""foreign"": -44.0, ""institution"": -1434.0}, {""date"": ""20260921"", ""foreign"": -174.0, ""institution"": -1886.0}, {""date"": ""20260922"", ""foreign"": -8.0, ""institution"": -1901.0}, {""date"": ""20260923"", ""foreign"": -100.0, ""institution"": -2286.0}, {""date"": ""20260928"", ""foreign"": 16.0, ""institution"": -3740.0}, {""date"": ""20260929"", ""foreign"": 326.0, ""institution"": -2675.0}]",ACE 미국나스닥100,2026-09-29,326.0,-2675.0,-2349.0,-12428.0,0.9990547087179555,0.0,242.0,-8701.0,60.0,-12488.0,2.0,0.0,"-74,36,-16,8,-44,-174,-8,-100,16,326","-950,-759,-652,-874,-1434,-1886,-1901,-2286,-3740,-2675",-1.4422008549817018,2.1167049360074306,0.0,0.6745040810257288,77,35452.0,ETF(실물복제/수익증권),-0.79,0.45718865132996117,0.6042400574566062,-57,
368590,"[{""date"": ""20260814"", ""foreign"": 32.0, ""institution"": -469.0}, {""date"": ""20260818"", ""foreign"": -2.0, ""institution"": -1342.0}, {""date"": ""20260819"", ""foreign"": 2.0, ""institution"": -1115.0}, {""date"": ""20260820"", ""foreign"": -22.0, ""institution"": -755.0}, {""date"": ""20260821"", ""foreign"": -5.0, ""institution"": -1321.0}, {""date"": ""20260824"", ""foreign"": 20.0, ""institution"": -937.0}, {""date"": ""20260825"", ""foreign"": -28.0, ""institution"": -702.0}, {""date"": ""20260826"", ""foreign"": 38.0, ""institution"": -1140.0}, {""date"": ""20260827"", ""foreign"": -3.0, ""institution"": -532.0}, {""date"": ""20260828"", ""foreign"": 8.0, ""institution"": -434.0}, {""date"": ""20260831"", ""foreign"": -20.0, ""institution"": -947.0}, {""date"": ""20260901"", ""foreign"": 5.0, ""institution"": -805.0}, {""date"": ""20260902"", ""foreign"": 25.0, ""institution"": -1055.0}, {""date"": ""20260903"", ""foreign"": -2.0, ""institution"": -843.0}, {""date"": ""20260904"", ""foreign"": 3.0, ""institution"": -348.0}, {""date"": ""20260907"", ""foreign"": -16.0, ""institution"": -945.0}, {""date"": ""20260908"", ""foreign"": 27.0, ""institution"": -368.0}, {""date"": ""20260909"", ""foreign"": 1.0, ""institution"": -1096.0}, {""date"": ""20260910"", ""foreign"": 2.0, ""institution"": -740.0}, {""date"": ""20260911"", ""foreign"": 2.0, ""institution"": -728.0}, {""date"": ""20260914"", ""foreign"": -12.0, ""institution"": -382.0}, {""date"": ""20260915"", ""foreign"": 11.0, ""institution"": -230.0}, {""date"": ""20260916"", ""foreign"": -14.0, ""institution"": -175.0}, {""date"": ""20260917"", ""foreign"": 13.0, ""institution"": -559.0}, {""date"": ""20260918"", ""foreign"": -5.0, ""institution"": -322.0}, {""date"": ""20260921"", ""foreign"": 22.0, ""institution"": -643.0}, {""date"": ""20260922"", ""foreign"": -25.0, ""institution"": -695.0}, {""date"": ""20260923"", ""foreign"": 36.0, ""institution"": -1028.0}, {""date"": ""20260928"", ""foreign"": 0.0, ""institution"": -986.0}, {""date"": ""20260929"", ""foreign"": 1.0, ""institution"": -741.0}]",RISE 미국나스닥100,2026-09-29,1.0,-741.0,-740.0,-4059.0,0.6251121075941684,0.0,37.0,-2755.0,34.0,-4093.0,3.0,0.0,"-12,11,-14,13,-5,22,-25,36,0,1","-382,-230,-175,-559,-322,-643,-695,-1028,-986,-741",-1.2354556194166684,1.6792482424306516,0.0,0.44379262301398326,78,16159.0,ETF(실물복제/수익증권),-0.8,0.35205967379573255,0.6012252793752675,-93,
103140,,풍산,2026-09-29,,,0.0,-770.0,-0.16792191360385655,0.6,,,,,1.0,3.0,"-525,-1613,411,583,1962,-1887,-19,-1882,911,0","2307,-1670,1001,1009,115,1144,1159,-773,577,0",0.09092184871593459,0.5928963241618126,1.5491931384829913,2.2330113113607384,79,21831.0,금속,0.0,1.1673582849355917,0.5967004188938063,243,
383800,"[{""date"": ""20260814"", ""foreign"": 103.0, ""institution"": 34.0}, {""date"": ""20260818"", ""foreign"": -65.0, ""institution"": 21.0}, {""date"": ""20260819"", ""foreign"": -39.0, ""institution"": 18.0}, {""date"": ""20260820"", ""foreign"": -444.0, ""institution"": 18.0}, {""date"": ""20260821"", ""foreign"": -189.0, ""institution"": 56.0}, {""date"": ""20260824"", ""foreign"": 360.0, ""institution"": -6.0}, {""date"": ""20260825"", ""foreign"": 174.0, ""institution"": 23.0}, {""date"": ""20260826"", ""foreign"": 276.0, ""institution"": 12.0}, {""date"": ""20260827"", ""foreign"": -234.0, ""institution"": -52.0}, {""date"": ""20260828"", ""foreign"": 84.0, ""institution"": 0.0}, {""date"": ""20260831"", ""foreign"": -22.0, ""institution"": -26.0}, {""date"": ""20260901"", ""foreign"": 194.0, ""institution"": -9.0}, {""date"": ""20260902"", ""foreign"": -213.0, ""institution"": 14.0}, {""date"": ""20260903"", ""foreign"": 109.0, ""institution"": -3.0}, {""date"": ""20260904"", ""foreign"": -55.0, ""institution"": -2.0}, {""date"": ""20260907"", ""foreign"": 175.0, ""institution"": -7.0}, {""date"": ""20260908"", ""foreign"": -159.0, ""institution"": -3.0}, {""date"": ""20260909"", ""foreign"": -341.0, ""institution"": -11.0}, {""date"": ""20260910"", ""foreign"": 178.0, ""institution"": -17.0}, {""date"": ""20260911"", ""foreign"": 130.0, ""institution"": -104.0}, {""date"": ""20260914"", ""foreign"": 41.0, ""institution"": -7.0}, {""date"": ""20260915"", ""foreign"": 26.0, ""institution"": -5.0}, {""date"": ""20260916"", ""foreign"": 9.0, ""institution"": 55.0}, {""date"": ""20260917"", ""foreign"": -438.0, ""institution"": 46.0}, {""date"": ""20260918"", ""foreign"": -320.0, ""institution"": 8.0}, {""date"": ""20260921"", ""foreign"": -36.0, ""institution"": -14.0}, {""date"": ""20260922"", ""foreign"": 197.0, ""institution"": 4.0}, {""date"": ""20260923"", ""foreign"": 29.0, ""institution"": 51.0}, {""date"": ""20260928"", ""foreign"": 168.0, ""institution"": 2.0}, {""date"": ""20260929"", ""foreign"": -126.0, ""institution"": 4.0}]",LX홀딩스,2026-09-29,-126.0,4.0,-122.0,279.0,-0.231246125280146,0.6,71.0,57.0,232.0,47.0,3.0,4.0,"41,26,9,-438,-320,-36,197,29,168,-126","-7,-5,55,46,8,-14,4,51,2,4",1.5404651668183205,-0.37625400218799565,0.2320477135230553,1.3962588781533802,80,6202.0,금융,-1.09,0.7860728103845656,0.5618895022221925,95,
214980,"[{""date"": ""20260814"", ""foreign"": 0.0, ""institution"": 416.0}, {""date"": ""20260818"", ""foreign"": 2.0, ""institution"": -242.0}, {""date"": ""20260819"", ""foreign"": 1.0, ""institution"": -27.0}, {""date"": ""20260820"", ""foreign"": -6.0, ""institution"": -450.0}, {""date"": ""20260821"", ""foreign"": 6.0, ""institution"": 49.0}, {""date"": ""20260824"", ""foreign"": 0.0, ""institution"": -235.0}, {""date"": ""20260825"", ""foreign"": 0.0, ""institution"": -209.0}, {""date"": ""20260826"", ""foreign"": 57.0, ""institution"": -82.0}, {""date"": ""20260827"", ""foreign"": 0.0, ""institution"": 422.0}, {""date"": ""20260828"", ""foreign"": 0.0, ""institution"": -539.0}, {""date"": ""20260831"", ""foreign"": 0.0, ""institution"": -219.0}, {""date"": ""20260901"", ""foreign"": 0.0, ""institution"": 16.0}, {""date"": ""20260902"", ""foreign"": 0.0, ""institution"": -77.0}, {""date"": ""20260903"", ""foreign"": 0.0, ""institution"": 54.0}, {""date"": ""20260904"", ""foreign"": 0.0, ""institution"": -73.0}, {""date"": ""20260907"", ""foreign"": 0.0, ""institution"": 241.0}, {""date"": ""20260908"", ""foreign"": 164.0, ""institution"": 390.0}, {""date"": ""20260909"", ""foreign"": 1.0, ""institution"": 140.0}, {""date"": ""20260910"", ""foreign"": -1.0, ""institution"": -379.0}, {""date"": ""20260911"", ""foreign"": -7.0, ""institution"": -825.0}, {""date"": ""20260914"", ""foreign"": 0.0, ""institution"": 139.0}, {""date"": ""20260915"", ""foreign"": 0.0, ""institution"": 265.0}, {""date"": ""20260916"", ""foreign"": 0.0, ""institution"": 610.0}, {""date"": ""20260917"", ""foreign"": 0.0, ""institution"": -158.0}, {""date"": ""20260918"", ""foreign"": 89.0, ""institution"": 138.0}, {""date"": ""20260921"", ""foreign"": 0.0, ""institution"": 344.0}, {""date"": ""20260922"", ""foreign"": 20.0, ""institution"": 232.0}, {""date"": ""20260923"", ""foreign"": -51.0, ""institution"": -345.0}, {""date"": ""20260928"", ""foreign"": 24.0, ""institution"": 409.0}, {""date"": ""20260929"", ""foreign"": -34.0, ""institution"": -226.0}]",KODEX 단기채권PLUS,2026-09-29,-34.0,-226.0,-260.0,373.0,0.08422939064861912,0.7,-61.0,-162.0,-41.0,414.0,2.0,3.0,"0,0,0,0,89,0,20,-51,24,-34","139,265,610,-158,138,344,232,-345,409,-226",-0.034230229292403144,-0.5066584890235806,0.9710587676585571,0.4301700493425734,81,19588.0,ETF(실물복제/수익증권),0.0,0.3458522350590439,0.5572831389939095,-78,
003550,,LG,2026-09-29,,,0.0,2656.0,-0.7785775986185471,0.6,,,,,1.0,3.0,"3235,-1509,-6422,-1953,-954,-3723,-1998,-2880,943,0","-1487,3885,6265,2022,1202,3306,7134,695,-821,0",0.9131441861316886,-0.7479494199720056,1.4641883827592272,1.6293831489189103,82,168428.0,금융,-2.28,0.8923012414958853,0.5509342869838291,145,
0007F0,,KODEX 27-12 회사채(AA-이상)액티브,2026-09-29,,,0.0,-426.0,-0.828349944643271,0.3,,,,,1.0,0.0,"0,0,0,0,0,-137,2,0,-17,0","37,-46,44,-99,34,-193,-36,-28,-17,0",0.6892189378523214,-0.530562233804072,0.7888104821910908,0.9474671862393402,83,6508.0,ETF(Active/수익증권),-0.05,0.5815705628439273,0.5502123502099289,16,
103590,,일진전기,2026-09-29,,,0.0,2924.0,0.10192430729696067,0.4,,,,,2.0,3.0,"-2404,-2346,-2969,-3929,16401,-16367,350,364,-13261,0","1977,493,3440,791,3600,-93,13158,13769,5004,0",-0.018927186347110395,-0.6136328201756457,-0.3567529703699863,-0.9893129768927424,84,38577.0,전기·전자,-1.46,-0.30096782520737836,0.534314283510916,-265,
298040,"[{""date"": ""20260814"", ""foreign"": 14026.0, ""institution"": -38675.0}, {""date"": ""20260818"", ""foreign"": 39801.0, ""institution"": -12158.0}, {""date"": ""20260819"", ""foreign"": 15092.0, ""institution"": -10003.0}, {""date"": ""20260820"", ""foreign"": -6691.0, ""institution"": -26300.0}, {""date"": ""20260821"", ""foreign"": 11399.0, ""institution"": -38093.0}, {""date"": ""20260824"", ""foreign"": 14713.0, ""institution"": -7114.0}, {""date"": ""20260825"", ""foreign"": -9726.0, ""institution"": -3063.0}, {""date"": ""20260826"", ""foreign"": -882.0, ""institution"": 12825.0}, {""date"": ""20260827"", ""foreign"": 48542.0, ""institution"": 43226.0}, {""date"": ""20260828"", ""foreign"": -22329.0, ""institution"": 23398.0}, {""date"": ""20260831"", ""foreign"": -49518.0, ""institution"": -959.0}, {""date"": ""20260901"", ""foreign"": -12784.0, ""institution"": -8317.0}, {""date"": ""20260902"", ""foreign"": -23458.0, ""institution"": -15478.0}, {""date"": ""20260903"", ""foreign"": -11347.0, ""institution"": -21173.0}, {""date"": ""20260904"", ""foreign"": -14545.0, ""institution"": 962.0}, {""date"": ""20260907"", ""foreign"": 55995.0, ""institution"": 20283.0}, {""date"": ""20260908"", ""foreign"": -3653.0, ""institution"": -5577.0}, {""date"": ""20260909"", ""foreign"": 12958.0, ""institution"": 5620.0}, {""date"": ""20260910"", ""foreign"": 8374.0, ""institution"": -19984.0}, {""date"": ""20260911"", ""foreign"": -4622.0, ""institution"": -8493.0}, {""date"": ""20260914"", ""foreign"": 644.0, ""institution"": -4633.0}, {""date"": ""20260915"", ""foreign"": -47467.0, ""institution"": -29156.0}, {""date"": ""20260916"", ""foreign"": 18447.0, ""institution"": 10178.0}, {""date"": ""20260917"", ""foreign"": 15198.0, ""institution"": 15556.0}, {""date"": ""20260918"", ""foreign"": 21220.0, ""institution"": -5542.0}, {""date"": ""20260921"", ""foreign"": 16534.0, ""institution"": -12656.0}, {""date"": ""20260922"", ""foreign"": 15339.0, ""institution"": 5755.0}, {""date"": ""20260923"", ""foreign"": -74.0, ""institution"": -7854.0}, {""date"": ""20260928"", ""foreign"": -29979.0, ""institution"": -11094.0}, {""date"": ""20260929"", ""foreign"": 10067.0, ""institution"": -4859.0}]",효성중공업,2026-09-29,10067.0,-4859.0,5208.0,-18821.0,-0.19311673156420373,0.6,-19986.0,-23807.0,11887.0,-30708.0,3.0,1.0,"644,-47467,18447,15198,21220,16534,15339,-74,-29979,10067","-4633,-29156,10178,15556,-5542,-12656,5755,-7854,-11094,-4859",-0.3903926841667772,-0.1735525232606516,1.4675986637183858,0.903653456290957,85,261460.0,전기·전자,0.86,0.5616058299644712,0.5159061426113509,27,
114260,"[{""date"": ""20260814"", ""foreign"": 0.0, ""institution"": 11.0}, {""date"": ""20260818"", ""foreign"": 0.0, ""institution"": 225.0}, {""date"": ""20260819"", ""foreign"": 0.0, ""institution"": -98.0}, {""date"": ""20260820"", ""foreign"": 0.0, ""institution"": 32.0}, {""date"": ""20260821"", ""foreign"": 0.0, ""institution"": -32.0}, {""date"": ""20260824"", ""foreign"": 0.0, ""institution"": -58.0}, {""date"": ""20260825"", ""foreign"": 0.0, ""institution"": -356.0}, {""date"": ""20260826"", ""foreign"": 0.0, ""institution"": -157.0}, {""date"": ""20260827"", ""foreign"": -21.0, ""institution"": 564.0}, {""date"": ""20260828"", ""foreign"": 0.0, ""institution"": -100.0}, {""date"": ""20260831"", ""foreign"": 28.0, ""institution"": -89.0}, {""date"": ""20260901"", ""foreign"": -12.0, ""institution"": -75.0}, {""date"": ""20260902"", ""foreign"": 13.0, ""institution"": -40.0}, {""date"": ""20260903"", ""foreign"": -9.0, ""institution"": 65.0}, {""date"": ""20260904"", ""foreign"": 0.0, ""institution"": -21.0}, {""date"": ""20260907"", ""foreign"": -3.0, ""institution"": 42.0}, {""date"": ""20260908"", ""foreign"": 13.0, ""institution"": 52.0}, {""date"": ""20260909"", ""foreign"": 0.0, ""institution"": -11.0}, {""date"": ""20260910"", ""foreign"": 0.0, ""institution"": -16.0}, {""date"": ""20260911"", ""foreign"": 5.0, ""institution"": -108.0}, {""date"": ""20260914"", ""foreign"": 0.0, ""institution"": 30.0}, {""date"": ""20260915"", ""foreign"": 0.0, ""institution"": -23.0}, {""date"": ""20260916"", ""foreign"": -18.0, ""institution"": -214.0}, {""date"": ""20260917"", ""foreign"": -1.0, ""institution"": -47.0}, {""date"": ""20260918"", ""foreign"": 4.0, ""institution"": 52.0}, {""date"": ""20260921"", ""foreign"": -4.0, ""institution"": -119.0}, {""date"": ""20260922"", ""foreign"": 0.0, ""institution"": -65.0}, {""date"": ""20260923"", ""foreign"": 0.0, ""institution"": -44.0}, {""date"": ""20260928"", ""foreign"": 3.0, ""institution"": 436.0}, {""date"": ""20260929"", ""foreign"": 13.0, ""institution"": -172.0}]",KODEX 국고채3년,2026-09-29,13.0,-172.0,-159.0,48.0,2.026874115554898,0.3,16.0,220.0,12.0,36.0,2.0,1.0,"0,0,-18,-1,4,-4,0,0,3,13","30,-23,-214,-47,52,-119,-65,-44,436,-172",0.7202324100336135,1.708707886209779,-0.3789323195263914,2.050007976717001,86,4973.0,ETF(실물복제/수익증권),0.29,1.0839686101346506,0.5116205061435674,253,
138540,"[{""date"": ""20260814"", ""foreign"": -521.0, ""institution"": -9953.0}, {""date"": ""20260818"", ""foreign"": 329.0, ""institution"": -249.0}, {""date"": ""20260819"", ""foreign"": -459.0, ""institution"": 1206.0}, {""date"": ""20260820"", ""foreign"": -416.0, ""institution"": 140.0}, {""date"": ""20260821"", ""foreign"": 714.0, ""institution"": -686.0}, {""date"": ""20260824"", ""foreign"": -536.0, ""institution"": 925.0}, {""date"": ""20260825"", ""foreign"": -225.0, ""institution"": -631.0}, {""date"": ""20260826"", ""foreign"": 484.0, ""institution"": -756.0}, {""date"": ""20260827"", ""foreign"": 226.0, ""institution"": -284.0}, {""date"": ""20260828"", ""foreign"": -78.0, ""institution"": 377.0}, {""date"": ""20260831"", ""foreign"": -87.0, ""institution"": 658.0}, {""date"": ""20260901"", ""foreign"": -223.0, ""institution"": 211.0}, {""date"": ""20260902"", ""foreign"": -47.0, ""institution"": -744.0}, {""date"": ""20260903"", ""foreign"": -54.0, ""institution"": 254.0}, {""date"": ""20260904"", ""foreign"": 83.0, ""institution"": -391.0}, {""date"": ""20260907"", ""foreign"": 572.0, ""institution"": 146.0}, {""date"": ""20260908"", ""foreign"": 261.0, ""institution"": -42.0}, {""date"": ""20260909"", ""foreign"": -8.0, ""institution"": 536.0}, {""date"": ""20260910"", ""foreign"": 319.0, ""institution"": 36.0}, {""date"": ""20260911"", ""foreign"": 65.0, ""institution"": 335.0}, {""date"": ""20260914"", ""foreign"": 798.0, ""institution"": -510.0}, {""date"": ""20260915"", ""foreign"": -382.0, ""institution"": 404.0}, {""date"": ""20260916"", ""foreign"": 420.0, ""institution"": -199.0}, {""date"": ""20260917"", ""foreign"": 292.0, ""institution"": -160.0}, {""date"": ""20260918"", ""foreign"": -153.0, ""institution"": 256.0}, {""date"": ""20260921"", ""foreign"": 232.0, ""institution"": 226.0}, {""date"": ""20260922"", ""foreign"": -30.0, ""institution"": 318.0}, {""date"": ""20260923"", ""foreign"": -975.0, ""institution"": 150.0}, {""date"": ""20260928"", ""foreign"": 410.0, ""institution"": -262.0}, {""date"": ""20260929"", ""foreign"": 150.0, ""institution"": -505.0}]",TIGER 현대차그룹+펀더멘털,2026-09-29,150.0,-505.0,-355.0,-286.0,0.5837805604680819,0.8,-415.0,-617.0,-213.0,-73.0,3.0,3.0,"798,-382,420,292,-153,232,-30,-975,410,150","-510,404,-199,-160,256,226,318,150,-262,-505",-1.5489739856976852,1.306968252266895,0.07220908623866122,-0.1697966471921289,87,5987.0,ETF(실물복제/수익증권),-2.13,0.07246362269948355,0.507624908587628,-154,
068270,,셀트리온,2026-09-29,,,0.0,-2242.0,-0.7644332481746341,0.3,,,,,2.0,2.0,"9174,-398,-16402,-6006,-9072,260,-11015,-762,5473,0","-13315,-1916,8402,18630,2706,8777,-5109,-785,919,0",1.036899079288073,-0.9866821415750018,1.900138241212528,1.9503551789255993,88,416152.0,제약,0.34,1.038559522824813,0.5070506371942209,237,
009450,,경동나비엔,2026-09-29,,,0.0,437.0,-0.610428305409078,0.5,,,,,2.0,3.0,"167,269,-694,240,222,47,90,-40,-1,0","-275,-347,-356,-19,552,111,302,-278,206,0",0.906344276402513,-0.7263859446727375,0.7700534726657734,0.9500118043955489,89,8901.0,전기·전자,0.16,0.5827300765814878,0.5065509816268154,40,
383220,"[{""date"": ""20260814"", ""foreign"": 187.0, ""institution"": -1711.0}, {""date"": ""20260818"", ""foreign"": -195.0, ""institution"": -1112.0}, {""date"": ""20260819"", ""foreign"": -618.0, ""institution"": -477.0}, {""date"": ""20260820"", ""foreign"": 76.0, ""institution"": -1108.0}, {""date"": ""20260821"", ""foreign"": 275.0, ""institution"": -535.0}, {""date"": ""20260824"", ""foreign"": 295.0, ""institution"": 426.0}, {""date"": ""20260825"", ""foreign"": 539.0, ""institution"": -130.0}, {""date"": ""20260826"", ""foreign"": -376.0, ""institution"": 441.0}, {""date"": ""20260827"", ""foreign"": -1005.0, ""institution"": 174.0}, {""date"": ""20260828"", ""foreign"": -245.0, ""institution"": 1286.0}, {""date"": ""20260831"", ""foreign"": 127.0, ""institution"": -219.0}, {""date"": ""20260901"", ""foreign"": 539.0, ""institution"": -1.0}, {""date"": ""20260902"", ""foreign"": -750.0, ""institution"": 890.0}, {""date"": ""20260903"", ""foreign"": -163.0, ""institution"": -238.0}, {""date"": ""20260904"", ""foreign"": 114.0, ""institution"": 702.0}, {""date"": ""20260907"", ""foreign"": -124.0, ""institution"": -22.0}, {""date"": ""20260908"", ""foreign"": -467.0, ""institution"": 898.0}, {""date"": ""20260909"", ""foreign"": -317.0, ""institution"": -715.0}, {""date"": ""20260910"", ""foreign"": -131.0, ""institution"": 217.0}, {""date"": ""20260911"", ""foreign"": -290.0, ""institution"": 413.0}, {""date"": ""20260914"", ""foreign"": -1121.0, ""institution"": 1796.0}, {""date"": ""20260915"", ""foreign"": -783.0, ""institution"": 1515.0}, {""date"": ""20260916"", ""foreign"": -511.0, ""institution"": 678.0}, {""date"": ""20260917"", ""foreign"": -580.0, ""institution"": 1287.0}, {""date"": ""20260918"", ""foreign"": -1171.0, ""institution"": 1180.0}, {""date"": ""20260921"", ""foreign"": 266.0, ""institution"": -394.0}, {""date"": ""20260922"", ""foreign"": -310.0, ""institution"": 555.0}, {""date"": ""20260923"", ""foreign"": 289.0, ""institution"": -532.0}, {""date"": ""20260928"", ""foreign"": 924.0, ""institution"": -242.0}, {""date"": ""20260929"", ""foreign"": -369.0, ""institution"": 522.0}]",F&F,2026-09-29,-369.0,522.0,153.0,709.0,-0.07957650275581685,0.8,844.0,-252.0,800.0,-91.0,3.0,2.0,"-1121,-783,-511,-580,-1171,266,-310,289,924,-369","1796,1515,678,1287,1180,-394,555,-532,-242,522",-0.16680878542190147,0.1416030475060482,0.90369602661507,0.8784902886992167,90,26738.0,섬유·의류,0.29,0.5501396544080435,0.5002545736228213,28,
090435,,아모레퍼시픽우,2026-09-29,,,0.0,763.0,-0.7118267092241033,0.8,,,,,2.0,4.0,"16,-79,-110,-49,-4555,141,-13,15,-298,0","87,319,112,54,1980,258,79,183,398,0",1.2261123427352054,-0.6674253091109724,1.2537661970036407,1.8124532306278738,91,4540.0,화학,0.94,0.9757213311309273,0.49820705329753967,216,
486290,"[{""date"": ""20260814"", ""foreign"": -7.0, ""institution"": -5481.0}, {""date"": ""20260818"", ""foreign"": 91.0, ""institution"": -7871.0}, {""date"": ""20260819"", ""foreign"": 80.0, ""institution"": -9019.0}, {""date"": ""20260820"", ""foreign"": 2809.0, ""institution"": -10277.0}, {""date"": ""20260821"", ""foreign"": 2828.0, ""institution"": -12575.0}, {""date"": ""20260824"", ""foreign"": 10889.0, ""institution"": -17140.0}, {""date"": ""20260825"", ""foreign"": -49.0, ""institution"": -5079.0}, {""date"": ""20260826"", ""foreign"": 5438.0, ""institution"": -14031.0}, {""date"": ""20260827"", ""foreign"": 22.0, ""institution"": -10867.0}, {""date"": ""20260828"", ""foreign"": 522.0, ""institution"": -4926.0}, {""date"": ""20260831"", ""foreign"": 2802.0, ""institution"": -6280.0}, {""date"": ""20260901"", ""foreign"": 8.0, ""institution"": -2569.0}, {""date"": ""20260902"", ""foreign"": 3524.0, ""institution"": -11346.0}, {""date"": ""20260903"", ""foreign"": 59.0, ""institution"": -4022.0}, {""date"": ""20260904"", ""foreign"": 27897.0, ""institution"": -30403.0}, {""date"": ""20260907"", ""foreign"": -41.0, ""institution"": -7334.0}, {""date"": ""20260908"", ""foreign"": 3631.0, ""institution"": -7262.0}, {""date"": ""20260909"", ""foreign"": 1689.0, ""institution"": -6446.0}, {""date"": ""20260910"", ""foreign"": -30.0, ""institution"": -2531.0}, {""date"": ""20260911"", ""foreign"": 9212.0, ""institution"": -11201.0}, {""date"": ""20260914"", ""foreign"": 4343.0, ""institution"": -7194.0}, {""date"": ""20260915"", ""foreign"": 6499.0, ""institution"": -8729.0}, {""date"": ""20260916"", ""foreign"": 18447.0, ""institution"": -21527.0}, {""date"": ""20260917"", ""foreign"": -10.0, ""institution"": -4089.0}, {""date"": ""20260918"", ""foreign"": -63.0, ""institution"": -3180.0}, {""date"": ""20260921"", ""foreign"": 44.0, ""institution"": -5265.0}, {""date"": ""20260922"", ""foreign"": 45.0, ""institution"": -4960.0}, {""date"": ""20260923"", ""foreign"": 19.0, ""institution"": -6125.0}, {""date"": ""20260928"", ""foreign"": -26315.0, ""institution"": 16370.0}, {""date"": ""20260929"", ""foreign"": 30.0, ""institution"": -4753.0}]",TIGER 미국나스닥100타겟데일리커버드콜,2026-09-29,30.0,-4753.0,-4723.0,-30910.0,0.9815334134512825,0.0,-26266.0,5492.0,-26177.0,-4733.0,4.0,1.0,"4343,6499,18447,-10,-63,44,45,19,-26315,30","-7194,-8729,-21527,-4089,-3180,-5265,-4960,-6125,16370,-4753",-1.87618806271574,1.9310980875078134,0.0,0.05491002479207352,92,26023.0,ETF(실물복제/수익증권),-0.81,0.17485638149179217,0.49298477244767785,-121,
Q700026,,하나 CD금리투자 ETN,2026-09-29,,,0.0,-2.0,5.0,0.1,,,,,0.0,1.0,"0,0,0,0,0,0,0,0,0,0","0,0,0,0,0,0,0,-3,1,0",-1.5481484766154954,1.932183558380814,2.463059726921688,2.8470948086870065,93,12947.0,ETN(기타),0.0,1.4471795419763542,0.4795908089547488,663,
047040,,대우건설,2026-09-29,,,0.0,-52640.0,2.7107317791746923,0.4,,,,,1.0,2.0,"-7337,6089,2669,-7549,436,-25270,-3933,-63480,59424,0","-15548,3084,-14447,-2991,7028,-8095,6112,-27853,10455,0",-0.5860545327600717,2.0546477786973596,1.5491931384829936,3.0177863844202815,94,71375.0,건설,-7.01,1.5249590809086253,0.4779491285974822,713,
365550,"[{""date"": ""20260814"", ""foreign"": 458.0, ""institution"": -363.0}, {""date"": ""20260818"", ""foreign"": -955.0, ""institution"": 101.0}, {""date"": ""20260819"", ""foreign"": -484.0, ""institution"": -25.0}, {""date"": ""20260820"", ""foreign"": -1021.0, ""institution"": -42.0}, {""date"": ""20260821"", ""foreign"": -408.0, ""institution"": -40.0}, {""date"": ""20260824"", ""foreign"": 263.0, ""institution"": -107.0}, {""date"": ""20260825"", ""foreign"": -612.0, ""institution"": 314.0}, {""date"": ""20260826"", ""foreign"": -241.0, ""institution"": 295.0}, {""date"": ""20260827"", ""foreign"": -833.0, ""institution"": 395.0}, {""date"": ""20260828"", ""foreign"": 83.0, ""institution"": -102.0}, {""date"": ""20260831"", ""foreign"": 41.0, ""institution"": -22.0}, {""date"": ""20260901"", ""foreign"": 187.0, ""institution"": -101.0}, {""date"": ""20260902"", ""foreign"": -179.0, ""institution"": 215.0}, {""date"": ""20260903"", ""foreign"": -224.0, ""institution"": 251.0}, {""date"": ""20260904"", ""foreign"": -100.0, ""institution"": -27.0}, {""date"": ""20260907"", ""foreign"": -179.0, ""institution"": 151.0}, {""date"": ""20260908"", ""foreign"": -89.0, ""institution"": 189.0}, {""date"": ""20260909"", ""foreign"": -102.0, ""institution"": 103.0}, {""date"": ""20260910"", ""foreign"": 137.0, ""institution"": -142.0}, {""date"": ""20260911"", ""foreign"": 52.0, ""institution"": 54.0}, {""date"": ""20260914"", ""foreign"": -101.0, ""institution"": 153.0}, {""date"": ""20260915"", ""foreign"": 35.0, ""institution"": 61.0}, {""date"": ""20260916"", ""foreign"": -66.0, ""institution"": 46.0}, {""date"": ""20260917"", ""foreign"": -22.0, ""institution"": -120.0}, {""date"": ""20260918"", ""foreign"": -404.0, ""institution"": 146.0}, {""date"": ""20260921"", ""foreign"": 134.0, ""institution"": 111.0}, {""date"": ""20260922"", ""foreign"": -143.0, ""institution"": 210.0}, {""date"": ""20260923"", ""foreign"": -142.0, ""institution"": 341.0}, {""date"": ""20260928"", ""foreign"": -451.0, ""institution"": 367.0}, {""date"": ""20260929"", ""foreign"": -11.0, ""institution"": -61.0}]",ESR켄달스퀘어리츠,2026-09-29,-11.0,-61.0,-72.0,355.0,0.1928763439657719,0.5,-604.0,647.0,-613.0,968.0,1.0,4.0,"-101,35,-66,-22,-404,134,-143,-142,-451,-11","153,61,46,-120,146,111,210,341,367,-61",1.6658545973875027,-0.15579018940029057,-1.326263118342366,0.183801289644846,95,7690.0,리츠,-1.11,0.2335886482107498,0.4767956654498787,-80,
456600,"[{""date"": ""20260814"", ""foreign"": 74.0, ""institution"": -1814.0}, {""date"": ""20260818"", ""foreign"": -262.0, ""institution"": 268.0}, {""date"": ""20260819"", ""foreign"": 134.0, ""institution"": 2406.0}, {""date"": ""20260820"", ""foreign"": 53.0, ""institution"": 302.0}, {""date"": ""20260821"", ""foreign"": -81.0, ""institution"": 353.0}, {""date"": ""20260824"", ""foreign"": -159.0, ""institution"": 1588.0}, {""date"": ""20260825"", ""foreign"": -19.0, ""institution"": 1486.0}, {""date"": ""20260826"", ""foreign"": 227.0, ""institution"": 1732.0}, {""date"": ""20260827"", ""foreign"": -150.0, ""institution"": 2532.0}, {""date"": ""20260828"", ""foreign"": 2164.0, ""institution"": -1874.0}, {""date"": ""20260831"", ""foreign"": 128.0, ""institution"": 1145.0}, {""date"": ""20260901"", ""foreign"": -136.0, ""institution"": 1210.0}, {""date"": ""20260902"", ""foreign"": -641.0, ""institution"": 1934.0}, {""date"": ""20260903"", ""foreign"": 86.0, ""institution"": 1512.0}, {""date"": ""20260904"", ""foreign"": 96.0, ""institution"": 431.0}, {""date"": ""20260907"", ""foreign"": -40.0, ""institution"": 170.0}, {""date"": ""20260908"", ""foreign"": -593.0, ""institution"": 1456.0}, {""date"": ""20260909"", ""foreign"": 19.0, ""institution"": 980.0}, {""date"": ""20260910"", ""foreign"": -25.0, ""institution"": 327.0}, {""date"": ""20260911"", ""foreign"": 128.0, ""institution"": 202.0}, {""date"": ""20260914"", ""foreign"": -199.0, ""institution"": 1532.0}, {""date"": ""20260915"", ""foreign"": 161.0, ""institution"": 820.0}, {""date"": ""20260916"", ""foreign"": -15.0, ""institution"": 1006.0}, {""date"": ""20260917"", ""foreign"": -155.0, ""institution"": 485.0}, {""date"": ""20260918"", ""foreign"": 143.0, ""institution"": 1071.0}, {""date"": ""20260921"", ""foreign"": -61.0, ""institution"": 938.0}, {""date"": ""20260922"", ""foreign"": 47.0, ""institution"": 2314.0}, {""date"": ""20260923"", ""foreign"": -145.0, ""institution"": 1864.0}, {""date"": ""20260928"", ""foreign"": -493.0, ""institution"": 1363.0}, {""date"": ""20260929"", ""foreign"": 144.0, ""institution"": -329.0}]",TIMEFOLIO 글로벌AI인공지능액티브,2026-09-29,144.0,-329.0,-185.0,5642.0,-0.048501063328718175,0.9,-494.0,2898.0,-508.0,6150.0,2.0,4.0,"-199,161,-15,-155,143,-61,47,-145,-493,144","1532,820,1006,485,1071,938,2314,1864,1363,-329",0.8729524711965801,-0.17449656854155618,-3.614783056460801,-2.916327153805777,96,20765.0,ETF(Active/수익증권),-1.08,-1.179056117218072,0.46005579538489333,-451,
108320,,LX세미콘,2026-09-29,,,0.0,-242.0,-0.8337583829271628,0.4,,,,,3.0,1.0,"-360,58,136,116,-338,101,132,-42,106,0","-51,-17,-61,-60,-42,-31,-268,38,-278,0",1.1187169516568969,-0.9611837265007436,0.20982171405801722,0.3673549392141705,97,5977.0,전기·전자,1.1,0.3172290866536328,0.45306289196303284,-42,
011200,,HMM,2026-09-29,,,0.0,10801.0,-0.22729038344368424,0.6,,,,,2.0,3.0,"2473,-4533,-4982,2740,1735,-135,248,-358,7168,0","5624,-308,1120,2348,1726,2320,959,-115,714,0",1.1794856577433408,0.05268802729562875,1.183215816619937,2.4153895016589066,98,198080.0,운송·창고,-1.18,1.2504630983498144,0.43809526223446166,596,
449180,"[{""date"": ""20260814"", ""foreign"": 226.0, ""institution"": -605.0}, {""date"": ""20260818"", ""foreign"": 451.0, ""institution"": 4245.0}, {""date"": ""20260819"", ""foreign"": 26.0, ""institution"": 8167.0}, {""date"": ""20260820"", ""foreign"": -109.0, ""institution"": -226.0}, {""date"": ""20260821"", ""foreign"": 303.0, ""institution"": -392.0}, {""date"": ""20260824"", ""foreign"": -29.0, ""institution"": 1192.0}, {""date"": ""20260825"", ""foreign"": 9.0, ""institution"": -790.0}, {""date"": ""20260826"", ""foreign"": -506.0, ""institution"": 505.0}, {""date"": ""20260827"", ""foreign"": 2.0, ""institution"": -412.0}, {""date"": ""20260828"", ""foreign"": -26.0, ""institution"": 10.0}, {""date"": ""20260831"", ""foreign"": 18.0, ""institution"": -1447.0}, {""date"": ""20260901"", ""foreign"": -39.0, ""institution"": -183.0}, {""date"": ""20260902"", ""foreign"": -7.0, ""institution"": 723.0}, {""date"": ""20260903"", ""foreign"": 7.0, ""institution"": -111.0}, {""date"": ""20260904"", ""foreign"": 34.0, ""institution"": 100.0}, {""date"": ""20260907"", ""foreign"": -61.0, ""institution"": -1024.0}, {""date"": ""20260908"", ""foreign"": -217.0, ""institution"": 225.0}, {""date"": ""20260909"", ""foreign"": 66.0, ""institution"": -212.0}, {""date"": ""20260910"", ""foreign"": 253.0, ""institution"": -424.0}, {""date"": ""20260911"", ""foreign"": -64.0, ""institution"": 500.0}, {""date"": ""20260914"", ""foreign"": 0.0, ""institution"": 568.0}, {""date"": ""20260915"", ""foreign"": -28.0, ""institution"": 300.0}, {""date"": ""20260916"", ""foreign"": -377.0, ""institution"": 1803.0}, {""date"": ""20260917"", ""foreign"": 454.0, ""institution"": 883.0}, {""date"": ""20260918"", ""foreign"": 125.0, ""institution"": 797.0}, {""date"": ""20260921"", ""foreign"": -374.0, ""institution"": 109.0}, {""date"": ""20260922"", ""foreign"": -203.0, ""institution"": 523.0}, {""date"": ""20260923"", ""foreign"": -175.0, ""institution"": 111.0}, {""date"": ""20260928"", ""foreign"": 0.0, ""institution"": -215.0}, {""date"": ""20260929"", ""foreign"": -521.0, ""institution"": 419.0}]",KODEX 미국S&P500(H),2026-09-29,-521.0,419.0,-102.0,-326.0,-0.7833873443666487,0.6,-696.0,315.0,-1273.0,947.0,0.0,4.0,"0,-28,-377,454,125,-374,-203,-175,0,-521","568,300,1803,883,797,109,523,111,-215,419",-0.7569701266392466,-0.9722225286723966,0.3625677657522607,-1.3666248895593824,99,10273.0,ETF(실물복제/수익증권),-0.35,-0.4728986687466213,0.43168060822606935,-296,
001530,,DI동일,2026-09-29,,,0.0,601.0,2.913785744270536,0.7,,,,,2.0,3.0,"-47,-99,28,86,-140,162,-37,-237,520,0","172,26,-1,-18,163,46,53,-33,127,0",-0.07689216312294254,2.3647919331005607,-0.6278955068086853,1.6600042631689327,100,5272.0,유통,-3.23,0.9062544558693985,0.4254352063229797,230,
