종목코드,종목명,기준일,외국인_순매수대금(백만원),기관_순매수대금(백만원),외국인+기관_순매수대금(백만원),수급합(5일),수급급증(3vs10_강도),매수우위비율(10일),수급합(5일)_TS_Z,수급급증(3vs10)_TS_Z,매수우위비율(10일)_TS_Z,수급강화점수,랭킹,시가총액,PER,EPS,PBR,섹터,당일등락(%),ROE(%),부채비율(%),매출증가율(%),영업이익증가율(%),f_supply,f_value,f_quality,f_growth,f_safety,raw_score,멀티팩터점수,기준일자
137080,나래나노텍,2026-06-11,-3.0,0.0,-3.0,13.0,-0.5147679327965604,0.6,0.4271786603117962,-0.35658883090838683,1.9670680513409196,2.037657880744329,1,466.0,1.17,3613.0,0.4,기계·장비,-0.47,57.81,16.22,107.49,0.0,0.18289202051832745,0.5809087060941676,0.6285641645021016,0.004026569022418137,0.08451108009369039,1.480902540230705,1.4796685311706979,2026-06-11
068790,DMS,2026-06-11,79.0,0.0,79.0,445.0,0.1395819284464206,0.4,1.0747151053366626,0.6871158501526915,1.1832157816199493,2.9450467371093034,2,1144.0,0.92,5540.0,0.26,기계·장비,1.0,32.51,38.02,-58.67,0.0,0.2694312297426949,0.8453556928145697,0.3654388892802652,-0.02894699661903041,0.05453656917196956,1.505815384390469,1.313843646248687,2026-06-11
177350,베셀,2026-06-11,-1.0,0.0,-1.0,33.0,-0.6901709402702444,0.4,0.9202570959362321,-0.4770929697614428,0.2320477135230549,0.6752118396978442,3,129.0,0.71,925.0,0.31,화학,-0.3,59.28,42.91,-5.64,0.0,0.052953238290646555,0.6752927434564324,0.5684695342345977,-0.01842347600055414,0.03660432895364838,1.314896368934771,1.2570392794820902,2026-06-11
027830,대성창투,2026-06-11,79.0,0.0,79.0,100.0,0.17647058800461357,0.7,0.870646036056612,0.8663782632022743,1.42969998007457,3.1667242793334562,4,606.0,4.39,256.0,0.61,금융,-0.8,15.07,1.72,62.49,398.81,0.2905729917031959,0.35277702721456955,0.4246894018285365,0.057823465823747595,0.04867377618248814,1.1745366627525375,1.225116148939489,2026-06-11
007370,진양제약,2026-06-11,7.0,0.0,7.0,52.0,-0.040767386436174835,0.6,1.7804004393089137,-0.825230046397742,1.7695147572271483,2.72468515013832,5,561.0,1.69,2347.0,0.4,제약,1.02,28.47,89.84,20.94,34.86,0.24841497265938642,0.5865100637839861,0.2697727747956132,-0.00766585505320977,-0.015266851944800772,1.081765104240975,1.1423710998020171,2026-06-11
123420,위메이드플레이,2026-06-11,44.0,0.0,44.0,170.0,0.1242603546969645,0.6,1.620247225538376,1.0157809823464279,1.326263212573116,3.96229142045792,6,633.0,3.65,1667.0,0.24,IT 서비스,2.18,7.92,18.44,-0.05,92.73,0.3664475749040607,0.6391464524965296,0.10792959269517818,-0.002729114620538499,0.05909242892367655,1.1698869343989065,1.123721955801765,2026-06-11
041190,우리기술투자,2026-06-11,471.0,-559.0,-88.0,-286.0,0.4546596670509089,0.7,-0.7416564869650463,1.4118840890964488,0.9790600004430441,1.6492876025744465,7,4402.0,3.98,1316.0,0.53,금융,0.77,15.33,21.19,-15.28,-21.41,0.14585249052706345,0.39241628607221185,0.43410541602474767,-0.02370395850217488,0.03433239570014788,0.983002629821996,1.0233243395088563,2026-06-11
088910,동우팜투테이블,2026-06-11,-10.0,1.0,-9.0,-16.0,0.6581196576944994,0.4,-0.553242327737417,0.48433789052565485,-1.1832157232866347,-1.252120160498397,8,604.0,2.14,1095.0,0.25,음식료·담배,2.63,14.48,17.52,6.75,1487.0,-0.13085967283321903,0.48934266399091586,0.1527112988366282,0.21791833142462363,0.08499473661096313,0.8141073580299119,0.9898136885758513,2026-06-11
092600,앤씨앤,2026-06-11,-10.0,0.0,-10.0,5.0,-0.6120689656008472,0.6,-0.23319675205362297,-1.1030575114184165,0.3089023295857714,-1.027351933886268,9,139.0,1.11,2486.0,0.35,전기·전자,-1.95,51.74,55.98,-38.57,0.0,-0.10942314707765777,0.5995130356172229,0.3815739637628726,-0.02495825883982292,0.03190114238528499,0.8786067358478998,0.9837456408485628,2026-06-11
122450,KX,2026-06-11,37.0,4.0,41.0,113.0,1.162447256699647,0.5,2.34197710344502,1.5491466358149524,2.5525248487536034,6.443648588013576,10,1233.0,6.22,442.0,0.32,오락·문화,2.04,5.67,90.24,13.87,0.0,0.6000000000000001,0.42562360016235595,0.17316208408311842,-0.014551820574069662,-0.034132993775753795,1.1501008698956512,0.9576773752520797,2026-06-11
103230,에스앤더블류,2026-06-11,16.0,0.0,16.0,136.0,0.13268608359254697,0.7,2.0155574649797754,0.23415955868815166,2.3961993630625766,4.645916386730503,11,197.0,4.12,662.0,0.39,기계·장비,2.06,10.0,43.11,8.01,6.9,0.4316460436446427,0.42516170228681466,0.1313301957923784,-0.014629438501410031,0.04753793336501732,1.021046436587443,0.9483049042072587,2026-06-11
224060,더코디,2026-06-11,-10.0,0.0,-10.0,13.0,-0.47761194068834933,0.6,0.7436212187743588,0.054323566574896835,1.291517610033129,2.0894623953823848,12,196.0,0.81,4706.0,0.16,전기·전자,12.8,31.88,1110.97,-25.48,0.0,0.1878327046578584,0.8978108311463188,0.2534357869574377,-0.02236061816669725,-0.30000000000000004,1.0167187045949175,0.9288508678157092,2026-06-11
040610,SG&G,2026-06-11,2.0,-11.0,-9.0,83.0,0.553784859938731,0.7,0.5172078781915775,0.03286437394472466,0.9211323305194363,1.4712045826557385,13,529.0,1.95,1596.0,0.13,운송장비·부품,-0.8,7.14,20.92,8.58,95.31,0.1288684118578699,0.6556562374739137,0.08097005135070369,-0.0006107413650858112,0.03580986883997185,0.9006938281573733,0.9015074889466317,2026-06-11
227950,엔투텍,2026-06-11,20.0,0.0,20.0,39.0,-0.41548183263578486,0.4,0.7378861794933204,-0.5794629216952267,1.9659064549701875,2.124329712768281,14,408.0,1.81,653.0,0.32,기계·장비,4.97,3.78,18.99,37.9,0.0,0.19115805966214866,0.592896924497088,0.06664089888013246,-0.009783195258927579,0.08070239223804054,0.921615080018482,0.8889285834606233,2026-06-11
0010V0,제이피아이헬스케어,2026-06-11,26.0,0.0,26.0,86.0,0.6460905339633187,0.7,1.325776593475424,1.35497140202583,2.0332610913571525,4.714009086858407,15,413.0,6.96,1163.0,0.65,의료·정밀기기,-0.37,10.36,30.69,-4.44,-68.53,0.43814015957045105,0.2904218721628988,0.14530898854070137,-0.028964096494985242,0.03541268464435902,0.880319608423425,0.8822634837901788,2026-06-11
419530,SAMG엔터,2026-06-11,169.0,395.0,564.0,865.0,-0.5259207404869998,0.6,0.2761063489866232,-0.5188423986669181,1.2486355076585558,1.005899457978261,16,2608.0,7.86,3306.0,2.94,오락·문화,7.0,50.06,40.11,5.49,-38.21,0.08449147549241146,0.051433164240237694,0.75,-0.022224653994507133,0.04025573914829628,0.9039557248864383,0.8743639083249634,2026-06-11
298060,풍전약품,2026-06-11,-26.0,0.0,-26.0,191.0,0.13715277748164412,0.4,1.4023417745034628,-0.458656546006433,1.9040718774406253,2.847757105937655,17,257.0,93.87,31.0,0.71,제약,-3.0,0.0,48.9,2557.59,0.0,0.26015255314416025,0.25794759386614446,0.0697583232747527,0.2153598186958812,0.023543359608507775,0.8267616485894463,0.8609469134534501,2026-06-11
010470,오리콤,2026-06-11,126.0,0.0,126.0,179.0,1.0996441273666746,0.6,2.5118494836362286,1.755815971032007,2.587185857728423,6.854851312396658,18,566.0,7.3,648.0,0.42,일반서비스,-3.07,7.47,77.15,9.45,0.0,0.6000000000000001,0.41308909950067246,0.09556482695587704,-0.015428945996164043,0.00855805783869292,1.1017830382990785,0.8604855509931382,2026-06-11
052420,오성첨단소재,2026-06-11,12.0,0.0,12.0,115.0,-0.6182423776875551,0.4,1.0317686135575679,-0.5909620044519878,2.198038176410956,2.638844785516536,19,799.0,2.3,3562.0,0.27,화학,-0.12,16.86,25.42,6.74,45.21,0.24022823196735327,0.48298285058927976,0.1878791993673229,-0.008855867585290597,0.05460861961705188,0.9568430339557172,0.8594759990508872,2026-06-11
067770,세진티에스,2026-06-11,5.0,0.0,5.0,-2.0,0.1999999952,0.5,0.6920152703508072,1.5136207852071968,2.169897816159322,4.375533871717327,20,142.0,19.84,85.0,0.29,전기·전자,-2.6,3.21,2.69,1.63,703.92,0.4058592060907061,0.4489099241181989,0.06845484390548306,0.09373540789440023,0.07105737761384559,1.088016759622634,0.8594470770136842,2026-06-11
285490,노바텍,2026-06-11,-15.0,1.0,-14.0,1222.0,-0.822346891075577,0.8,0.8829744536401248,-1.4479484006050922,1.8422646186146352,1.2772906716496677,21,1481.0,8.36,1675.0,0.83,기타제조,2.34,12.31,22.76,-34.8,0.0,0.11037451434264639,0.2774332503361958,0.35011863051866043,-0.024210122450389476,0.0632902915637862,0.7770065643108993,0.8585136750224264,2026-06-11
038010,제일테크노스,2026-06-11,-3.0,17.0,14.0,155.0,1.9268292659131467,0.8,1.7449920563818855,1.477489477719597,1.3835186781043105,4.606000212205792,22,520.0,5.24,1104.0,0.34,금속,-0.34,8.63,20.32,0.59,8.56,0.42783917059964144,0.34334812184422675,0.14451568378757587,-0.015840804504456282,0.050025772964601624,0.9498879446915894,0.8505942666168314,2026-06-11
163280,에어레인,2026-06-11,3.0,0.0,3.0,239.0,-0.2638888890422453,0.8,1.1149967725246206,-0.0014561322646076329,1.8225170375847384,2.9360576778447514,23,562.0,15.18,272.0,0.52,기계·장비,0.73,4.03,28.79,49.9,679.39,0.268573927964115,0.2813360087641875,0.06924095100683046,0.09945612618571707,0.06722761209891834,0.7858346260197684,0.8498206061565372,2026-06-11
211050,인카금융서비스,2026-06-11,128.0,6.0,134.0,312.0,-0.5458183273445633,0.8,0.9049703070025849,-0.743885149863762,2.2692343226212723,2.430319479760095,24,4843.0,6.97,1410.0,2.24,금융,5.59,41.49,371.91,30.91,22.99,0.22034082103338715,0.16977191399188582,0.75,-0.00755433694605203,-0.22400396602385697,0.9085544320553639,0.8483507594625375,2026-06-11
043650,국순당,2026-06-11,0.0,-2.0,-2.0,21.0,-0.1954022997753997,0.5,1.402913273466632,0.4720459975211249,1.5925549910026175,3.4675142619903747,25,607.0,9.71,350.0,0.23,음식료·담배,0.15,2.47,8.05,1.5,-65.06,0.3192598408518821,0.4421126639815495,0.032548311307671676,-0.02723955557069114,0.09583149400855076,0.8625127545789629,0.8474124287149871,2026-06-11
033560,블루콤,2026-06-11,63.0,0.0,63.0,192.0,0.604938271109587,0.9,1.155981967704601,0.5442267564289384,1.7748236724299242,3.4750323965634635,26,630.0,3.85,957.0,0.33,전기·전자,4.54,2.6,17.44,43.42,0.0,0.31997685805595477,0.45054727922312005,0.0645190791596968,-0.00868778070463776,0.060219425472331826,0.8865748612064657,0.8443353304132781,2026-06-11
263770,유에스티,2026-06-11,13.0,0.0,13.0,27.0,3.880952363520408,0.4,2.345465209339908,2.8426787186293057,1.3353217330211236,6.523465660990337,27,399.0,7.22,233.0,0.49,금속,-0.65,6.87,11.12,-24.57,-50.93,0.6000000000000001,0.2437855065897086,0.1206018436722944,-0.030190568264385834,0.056289868506750454,0.9904866505043677,0.8297182259885569,2026-06-11
023760,한국캐피탈,2026-06-11,29.0,1.0,30.0,29.0,0.0030864195208903933,0.5,0.6917448895163938,0.3433735654534772,2.420270641100784,3.455389096070655,28,2329.0,2.31,319.0,0.31,금융,2.64,14.08,583.67,16.39,32.06,0.31810344327983087,0.622268221189724,0.3888361170045016,-0.009009176814755228,-0.30000000000000004,1.020198604659301,0.829247242694632,2026-06-11
089970,브이엠,2026-06-11,-86587.0,96434.0,9847.0,27695.0,0.1758775669706496,0.8,-0.3109153141866093,-0.1465708506904497,0.5495095441027397,0.09202337922568071,29,21081.0,83.6,1018.0,12.47,기계·장비,5.32,30.38,40.26,396.38,1503.56,-0.002666431098083002,-0.009349981979378374,0.34328644516079837,0.295995429781027,0.05145661942588449,0.6787220812902486,0.8261126977758175,2026-06-11
032960,동일기연,2026-06-11,3.0,-5.0,-2.0,18.0,0.583333329375,0.5,1.084443356867711,0.6811815305485296,0.8164964809277382,2.5821213683439788,30,379.0,6.84,1575.0,0.56,전기·전자,0.09,14.38,8.38,0.78,979.38,0.23481842377742046,0.2583393645511299,0.140524503266848,0.13689250845641165,0.06687649980467858,0.8374512998564886,0.8225172717579917,2026-06-11
043260,성호전자,2026-06-11,-38097.0,57287.0,19190.0,20937.0,0.8122996542361622,0.6,-0.5697848130625229,1.0692180774691369,0.17939871623105436,0.6788319806376684,31,32305.0,33.97,1341.0,12.88,전기·전자,12.19,113.32,131.66,11.37,100.31,0.05329849725213322,0.0050008048263629696,0.75,0.0007293452036689327,-0.02370673680588533,0.7853219104762799,0.807384320543481,2026-06-11
053950,경남제약,2026-06-11,4.0,0.0,4.0,25.0,-0.739776951721231,0.5,-0.56299895187345,-0.9278639504482983,0.23204771352305587,-1.2588151887986925,32,307.0,1.97,998.0,0.27,제약,0.15,0.0,40.37,23.18,256.85,-0.13149818900054708,0.7329035415447053,0.0697583232747527,0.027694400398757722,0.031629610330288965,0.7304876865479576,0.8008905871467121,2026-06-11
063080,컴투스홀딩스,2026-06-11,-16.0,-1.0,-17.0,121.0,-0.050042409062754145,0.4,1.2800667614555061,0.8285890137628026,1.3006407801751174,3.4092965553934262,33,895.0,8.17,1661.0,0.35,IT 서비스,-1.24,1.94,120.07,-29.57,0.0,0.3137075197533632,0.41924816974431106,0.06481684767982206,-0.023172256849133006,-0.04205242821547394,0.7325478521128894,0.7976808536186601,2026-06-11
035760,CJ ENM,2026-06-11,-164.0,439.0,275.0,-825.0,0.5798639455524375,0.2,1.7637503367460363,2.634338263347351,2.1405178222199135,6.538606422313301,34,8355.0,28.33,1345.0,0.28,오락·문화,4.81,3.53,148.97,16.81,107.19,0.6000000000000001,0.4487719481106631,0.14451963034677123,0.002891006294166009,-0.12128340839034508,1.0748991763612554,0.7865175029311222,2026-06-11
039310,세중,2026-06-11,44.0,0.0,44.0,24.0,-0.13541666693684895,0.8,-0.5379520679733532,-0.1715970617138515,1.0136071937545292,0.3040580640673246,35,191.0,10.55,100.0,0.19,IT 서비스,4.56,1.78,14.86,2.77,-64.6,0.017555675252045325,0.5910087724297338,0.06366332941854162,-0.026915179657787263,0.06265533936899938,0.7079679368115329,0.7818464795349731,2026-06-11
003800,에이스침대,2026-06-11,-29.0,-2.0,-31.0,-32.0,-0.6575012060312346,0.4,0.4491818787353327,-1.1170646884383038,1.515729349900417,0.847846540197446,36,3626.0,6.48,5047.0,0.46,기타제조,0.0,8.53,13.52,4.48,5.84,0.06941770152614384,0.40822895172593515,0.27949453734420365,-0.015496670472839608,0.07554053862167269,0.8171850587451156,0.7788590103738984,2026-06-11
187420,HLB제넥스,2026-06-11,-1.0,15.0,14.0,-24.0,-0.6705426357546872,0.4,0.7976238731588748,-0.7492802208815738,0.8723153432861929,0.920658995563494,37,734.0,2.91,775.0,1.61,제약,1.35,69.2,154.71,9.13,23.33,0.07636194848803057,0.22571489489445545,0.5559191959562964,-0.011822984798810053,-0.07676217249837003,0.7694108820416024,0.7781245642826152,2026-06-11
053980,오상자이엘,2026-06-11,23.0,0.0,23.0,65.0,0.0804597693697977,0.6,1.7036852847180144,1.6420493064298656,1.109781448752636,4.455516039900516,38,505.0,4.87,546.0,0.46,IT 서비스,1.33,8.9,45.67,-0.62,-17.77,0.41348724068477377,0.3408658709913492,0.11499489204552082,-0.02022224161121208,0.031992414558832824,0.8811181766692645,0.7764678699860137,2026-06-11
052790,액토즈소프트,2026-06-11,21.0,-1.0,20.0,112.0,-0.8178506375725363,0.7,0.7229324427921823,-1.840811119754991,-0.10240551633039371,-1.2202841932932023,39,459.0,1.5,2795.0,0.18,IT 서비스,-0.83,14.77,47.44,-24.97,0.0,-0.1278234228203334,0.7446423875801134,0.15731459325624664,-0.02225941138722482,0.030230863863798915,0.7821050104926006,0.7747991622277738,2026-06-11
204620,글로벌텍스프리,2026-06-11,36.0,-91.0,-55.0,-151.0,-0.7967423721064912,0.3,0.26248373749004483,-0.8638910240249963,-0.8359371483035073,-1.4373444348384588,40,3335.0,9.61,494.0,2.38,금융,1.93,25.85,23.61,21.19,12.8,-0.14852482500927675,0.15519516314841464,0.75,-0.011085955185441233,0.032549851233416326,0.778134234187113,0.7636970213451242,2026-06-11
121440,골프존홀딩스,2026-06-11,-39.0,2.0,-37.0,231.0,0.7794970983018379,0.6,0.8691586671986808,1.1209007622509315,0.7632759253754181,2.7533353548250306,41,1956.0,8.14,561.0,0.24,유통,-1.72,2.33,47.22,-0.8,2.54,0.2511473911151702,0.297203123919007,0.056441573137355795,-0.017063499435460667,0.04153790587788303,0.6292664946139552,0.7577935704121721,2026-06-11
024800,유성티엔에스,2026-06-11,-34.0,-1.0,-35.0,514.0,-0.8075559607067491,0.8,0.17785675159165673,-0.7087698296342566,0.0,-0.5309130780425999,42,1667.0,3.04,1480.0,0.28,운송·창고,3.57,10.03,16.98,-41.96,223.47,-0.062076934137523736,0.48154779365876604,0.12007533368990767,0.009517535226320907,0.04364899256901209,0.592712721006483,0.7546064639793195,2026-06-11
006620,동구바이오제약,2026-06-11,9.0,1.0,10.0,76.0,-0.8880597014985043,0.5,0.7892125699837681,-0.6563282626002683,2.2918794769074147,2.4247637842909144,43,1144.0,2.28,1766.0,0.72,제약,2.29,40.3,128.49,-1.04,-22.5,0.21981096496426994,0.3714003207924668,0.3528838025965187,-0.02104954732102987,-0.05190619431254321,0.8711393467196824,0.753319399410153,2026-06-11
101330,모베이스,2026-06-11,69.0,0.0,69.0,173.0,-0.6888888889132898,0.8,-0.07578628274681679,-1.0530295686250268,1.1684065895277966,0.03959073815595304,44,831.0,7.12,504.0,0.22,전기·전자,1.13,6.06,130.28,-5.47,19.22,-0.007667020717286168,0.6051815407894998,0.08684325296366481,-0.01536671904928916,-0.02269274535128947,0.6462983086352997,0.7482462158928382,2026-06-11
083550,케이엠,2026-06-11,-4.0,0.0,-4.0,0.0,-0.21921921992262539,0.5,0.0028709786552821035,0.58473092879877,0.9466847022216655,1.5342866096757175,45,354.0,8.46,309.0,0.25,섬유·의류,0.38,4.12,38.56,8.17,0.0,0.13488465141854553,0.3032236252357175,0.1657050447085506,-0.015682955168173276,0.06156559133342109,0.6496959575280614,0.7412132320551252,2026-06-11
124500,아이티센글로벌,2026-06-11,-24985.0,33692.0,8707.0,14275.0,2.941672362686506,0.9,2.2546796305612333,3.3876194292919313,1.4258911804945051,7.06819024034767,46,10071.0,21.59,2010.0,8.03,IT 서비스,0.0,51.1,184.76,100.92,193.07,0.6000000000000001,-0.003800396239413095,0.4192353334582346,0.03308983926587504,-0.10643362282662856,0.942091153658068,0.7364215060259782,2026-06-11
143240,사람인,2026-06-11,11.0,7.0,18.0,52.0,-0.35018050564975434,0.7,-0.6260879032165998,-0.4604629453575148,0.632455432033692,-0.4540954165404226,47,1701.0,2.02,7852.0,0.62,IT 서비스,3.59,43.85,22.02,0.86,117.38,-0.05475070389540396,0.33603918489107004,0.36696653724396505,0.0013285499667763008,0.055529518478353725,0.7051130866847612,0.7350839228347501,2026-06-11
087600,픽셀플러스,2026-06-11,8.0,0.0,8.0,115.0,1.4637681137996217,0.5,1.8652071685045646,1.0000017457155472,1.3938809168192199,4.259089831039332,48,382.0,11.01,425.0,0.36,전기·전자,6.36,4.05,21.35,5.55,0.0,0.39475374107592465,0.3725329686282415,0.07387458552263138,-0.016202880192129676,0.0573464496843102,0.8823048647189781,0.726006912270535,2026-06-11
102940,코오롱생명과학,2026-06-11,-137.0,-3.0,-140.0,-594.0,-0.4320011711565509,0.3,0.5361831395410923,0.07337555164313657,1.803394854223034,2.412953545407263,49,6441.0,24.59,2001.0,1.09,제약,3.04,6.51,46.46,10.76,3839.04,0.2186846025160507,0.1894798509378382,0.11549397762673029,0.21947119781993293,0.02585642546561752,0.7689860543661696,0.7232217965118322,2026-06-11
171090,선익시스템,2026-06-11,-1823.0,2186.0,363.0,1870.0,-0.6066431054828034,0.6,-0.12286997284643858,-0.45487561721278946,0.2958039672799826,-0.2819416227792455,50,7860.0,7.7,10110.0,4.77,기계·장비,4.99,70.41,152.3,1.29,0.0,-0.03833210554855062,0.041903308341046865,0.75,-0.0170482544677229,-0.10259586698097799,0.6339270813437953,0.7215210164418651,2026-06-11
012790,신일제약,2026-06-11,0.0,33.0,33.0,18.0,0.027397259570275834,0.3,1.7572028973925773,0.3574494390497333,0.8164964809277386,2.9311488173700493,51,640.0,4.48,1193.0,0.43,제약,2.89,10.16,13.21,0.34,8.79,0.26810576164193284,0.4589634334077102,0.14113685602684062,-0.015854240077088855,0.05737668765778921,0.9097284986571841,0.7202420559782938,2026-06-11
033290,로젠,2026-06-11,14.0,0.0,14.0,-99.0,1.6372549011851212,0.8,0.2794488324193376,1.4927978633674508,1.8683973932603857,3.640644089047174,52,870.0,4.14,374.0,0.2,유통,-3.01,4.77,144.24,0.74,-63.77,0.33577152514417913,0.3854287977701191,0.07334742816673248,-0.027187475621048274,-0.022718578161901412,0.744641697298081,0.7182301612577257,2026-06-11
008470,부스타,2026-06-11,0.0,-1.0,-1.0,22.0,0.5740740697016462,0.6,1.9248709558663253,0.8005097847744347,1.7968939147817333,4.522274655422493,53,268.0,17.12,186.0,0.32,금속,0.47,1.33,26.68,-12.19,0.0,0.4198541227063684,0.3242809744546731,0.04532759694578348,-0.019723288560445133,0.04569537648111613,0.8154347820274959,0.7141760328026567,2026-06-11
067280,멀티캠퍼스,2026-06-11,35.0,0.0,35.0,244.0,-0.17308680033285773,0.6,1.2423110656726402,0.09044973774956978,2.4904994969403598,3.82326030036257,54,1494.0,5.71,4417.0,0.65,일반서비스,3.49,10.75,41.12,6.28,-86.42,0.35318794194049447,0.30057358308320664,0.11130432353017282,-0.029650601734378952,0.02273868126241226,0.7581539280819073,0.7101930657252347,2026-06-11
060380,동양에스텍,2026-06-11,-29.0,0.0,-29.0,-63.0,0.7906336073355646,0.3,-1.0914007211543635,2.6333722526442958,0.7175948649242123,2.2595663964141446,55,232.0,17.07,69.0,0.2,금속,0.6,0.61,64.85,18.98,-97.36,0.20405581080681517,0.5016661705342295,0.03554466235316833,-0.028851054463040066,0.01970618878070081,0.7321217780118738,0.6972636411948956,2026-06-11
046440,KG파이낸셜,2026-06-11,-39.0,-49.0,-88.0,-24.0,0.021992237901424128,0.4,1.176105612940798,0.2602336961064921,1.7709977776102748,3.207337086657565,56,1579.0,6.82,609.0,0.42,IT 서비스,-0.6,6.17,66.29,2.13,-9.01,0.29444630379597336,0.3555974733610329,0.09531298671242347,-0.01829870051344869,0.01147084657487844,0.7385289099308594,0.6952836267745486,2026-06-11
036830,솔브레인홀딩스,2026-06-11,765.0,-970.0,-205.0,-81.0,-0.33823079278840107,0.5,0.37221302947803475,0.26364108283811166,0.15990863054327673,0.7957627428594232,57,8970.0,1.88,23248.0,0.51,일반서비스,1.98,32.22,35.85,39.56,-84.19,0.06445038172337368,0.45780180530895676,0.21433084531374913,-0.022695617287707068,0.02481283850479363,0.7387002535631662,0.694580117058777,2026-06-11
290270,휴네시온,2026-06-11,8.0,0.0,8.0,12.0,-0.4296951820758028,0.7,1.0481700499890891,-0.6476061727453255,2.2735940248506243,2.6741579020943878,58,270.0,4.78,588.0,0.51,IT 서비스,4.27,11.29,11.11,11.67,0.0,0.24359610359422945,0.3105031543238857,0.13222557107339727,-0.01498839883846053,0.06638743829915597,0.7377238684522079,0.6906105099358104,2026-06-11
064760,티씨케이,2026-06-11,-4210.0,3486.0,-724.0,-2139.0,-0.42857817778497675,0.5,-0.5296215670328168,0.08968896322985961,0.19225943680265115,-0.24767316700030603,59,31023.0,45.0,6167.0,6.28,비금속,9.47,14.78,9.16,21.65,21.06,-0.03506386498812566,0.12545272865264062,0.5424893778207872,-0.009695494967139699,0.09377242691588934,0.7169551734340518,0.6897614084022239,2026-06-11
036090,위지트,2026-06-11,-17.0,0.0,-17.0,35.0,-0.7147470398431246,0.5,0.7895430556737494,-0.7224615237645244,1.6766766823412176,1.7437582142504424,60,545.0,7.01,197.0,0.37,기계·장비,2.68,5.36,71.86,1.65,-12.14,0.1548623124705838,0.4188915427249542,0.08307322832086375,-0.018886256598679336,0.008007328365041456,0.6459481552827638,0.6883121281630429,2026-06-11
263700,케어랩스,2026-06-11,-11.0,0.0,-11.0,0.0,-0.44723618118229336,0.4,1.2065532099093164,-0.7997651709666475,1.4270120087526355,1.8338000476953042,61,369.0,1.92,988.0,0.54,일반서비스,5.26,-9.57,37.97,-10.96,-19.79,0.16344975434709758,0.4389585251727284,0.013796222801608764,-0.022591875538312076,0.02397845266914875,0.6175910794522714,0.688310005284027,2026-06-11
003380,하림지주,2026-06-11,1800.0,-1776.0,24.0,2132.0,-0.9082470469703845,0.7,-0.15102869841481412,-1.3055732615215658,1.5380236414416453,0.0814216815052653,62,11503.0,5.01,2051.0,0.31,금융,1.38,7.79,167.24,10.94,17.45,-0.003677532932456316,0.5567455228554662,0.16104100433462334,-0.012388636873145413,-0.07324637263296944,0.6284739847515184,0.6872739302516964,2026-06-11
245620,EDGC,2026-06-11,,,0.0,0.0,-1.0,0.0,0.0,0.0,0.0,0.0,63,575.0,2.03,204.0,-2.55,일반서비스,0.0,375.67,196.39,-67.44,0.0,-0.011442856345630146,0.015887289527232815,0.75,-0.03068735633662491,-0.038372209634087905,0.6853848672108899,0.6835522491549157,2026-06-11
214450,파마리서치,2026-06-11,9720.0,-7285.0,2435.0,12493.0,0.5900101855830653,0.8,0.5133951695208575,1.8746602075212215,2.1500511258842603,4.53810650292634,64,29974.0,20.3,14209.0,4.84,제약,2.49,27.99,48.18,24.97,28.08,0.4213640327674553,0.08087399602155412,0.2664005606498453,-0.00793251664113697,0.024225903631917206,0.7849319764296351,0.6808000502643059,2026-06-11
054930,유신,2026-06-11,63.0,17.0,80.0,-43.0,0.31092436952757563,0.3,1.246098454837143,1.076604646479014,1.4270118814799417,3.7497149827960987,65,558.0,2.28,8141.0,0.38,일반서비스,-1.64,0.0,98.7,-0.43,-68.25,0.3461738006716079,0.5305031976342658,0.059719083233319294,-0.028124293532508185,7.644710371785606e-05,0.9083482351104027,0.6778229344346709,2026-06-11
069510,에스텍,2026-06-11,47.0,-1.0,46.0,-21.0,0.12980769203610376,0.3,1.0311228139528754,0.319146783753628,1.7709977776102743,3.1212673753167777,66,1308.0,3.14,3815.0,0.43,전기·전자,2.04,17.31,43.48,-11.87,-55.77,0.28623768991962506,0.374616591873484,0.15942907819332958,-0.02843158133204509,0.041085847589957675,0.8329376262443514,0.6762655268836748,2026-06-11
019550,SBI인베스트먼트,2026-06-11,335.0,22.0,357.0,450.0,0.3481862323894729,0.4,1.5904600465133596,-0.1410245128013544,2.581988697471627,4.031424231183633,67,765.0,13.49,70.0,1.1,금융,7.27,8.64,3.11,-2.03,37.51,0.3730408879359486,0.21208929237989774,0.19182412766839071,-0.011807323268412046,0.047649917997051414,0.8127969027128764,0.6738259674670882,2026-06-11
033830,티비씨,2026-06-11,,,0.0,19.0,-0.6923076927810651,0.7,0.7439967857607704,-1.3926490222671124,-0.21251183667097948,-0.8611640731773215,68,400.0,10.53,38.0,0.29,오락·문화,0.0,2.48,4.64,-23.79,0.0,-0.09357352985174723,0.44943956953427694,0.1304660899621149,-0.02202524668177881,0.09289025653940053,0.5571971395022663,0.6732462326817586,2026-06-11
058400,KNN,2026-06-11,0.0,-11.0,-11.0,23.0,0.40522875679225945,0.5,0.471755616301223,0.6448336312835722,-1.166091655501844,-0.04950240791704874,69,735.0,6.53,85.0,0.32,오락·문화,2.59,7.78,6.77,12.91,0.0,-0.016163984675335325,0.42347498671640643,0.20140300809418976,-0.014742327453076583,0.08972951444627812,0.6837011971284623,0.6699316785844665,2026-06-11
031330,에스에이엠티,2026-06-11,-358.0,-158.0,-516.0,-3486.0,-0.26288323548949344,0.6,-0.04009034557220875,-0.2781690279078161,0.0434665214282788,-0.2747928520517461,70,15089.0,19.91,758.0,3.03,유통,0.73,53.44,213.27,134.89,1575.19,-0.03765031519886258,0.017869473203861733,0.4105638069699142,0.24410413416485957,-0.06843724537759219,0.5664498537621807,0.6575819926087034,2026-06-11
017000,신원종합개발,2026-06-11,6.0,0.0,6.0,-58.0,0.04504504448015578,0.4,0.0814805771983826,0.9224748903199709,1.884702322008922,2.888657789527276,71,276.0,4.99,474.0,0.25,건설,1.07,5.3,103.99,-16.12,379.87,0.2640533204830509,0.270954016899717,0.0764727288972095,0.039244749153583704,0.01421440585824671,0.6649392212918078,0.6563389101318895,2026-06-11
023600,삼보판지,2026-06-11,-39.0,0.0,-39.0,-92.0,0.3127413122344629,0.3,-0.3012298788155071,1.4535221666558484,0.8334107188754233,1.9857030067157648,72,1364.0,5.09,1673.0,0.23,종이·목재,-2.41,4.38,28.18,2.6,-25.08,0.17793699634953264,0.3178513490594241,0.17150892178926466,-0.020733004529175307,0.09268210753680403,0.7392463702058502,0.6546962725456638,2026-06-11
309960,LB인베스트먼트,2026-06-11,-8.0,0.0,-8.0,-55.0,-0.6881328473255488,0.5,0.7849776381577414,-0.724348359207885,1.7999285177503555,1.8605577967002118,73,1039.0,8.35,536.0,0.81,금융,0.56,10.11,6.9,-12.7,-10.94,0.16600168610520308,0.2683752348596949,0.24506082331620005,-0.021545195322107788,0.044858247117335465,0.7027507960763257,0.6541640439295259,2026-06-11
225590,패션플랫폼,2026-06-11,1.0,0.0,1.0,-10.0,-0.3560606067923554,0.7,-0.3690022870095941,-0.709422619108862,1.3120631260957405,0.2336382199772844,74,198.0,7.53,514.0,0.26,섬유·의류,-4.91,5.47,33.3,16.74,95.66,0.010839615672397884,0.2928801878798715,0.1883385980006953,0.0010636169230879078,0.06663036951498971,0.5597523879910423,0.6517956332740635,2026-06-11
002800,신신제약,2026-06-11,3.0,0.0,3.0,240.0,-0.8201438849136518,0.6,1.7565194199143437,-1.637336150247956,2.094063500921179,2.213246770587567,75,688.0,7.4,613.0,0.92,제약,0.89,15.51,83.98,19.24,149.62,0.19963822978575363,0.24165817014899826,0.17872299285987903,0.010046837457276707,-0.009711701976496227,0.6203545282754115,0.6513496834802736,2026-06-11
060250,NHN KCP,2026-06-11,1878.0,-699.0,1179.0,2564.0,0.2620134811750987,0.7,-0.11232377940857091,1.8088140605546457,-1.0327954589886577,0.663694822157417,76,5835.0,12.88,1128.0,1.86,금융,-1.16,18.39,114.54,22.7,26.37,0.05185484085763813,0.16346410139935144,0.54492466002631,-0.00865194370758327,-0.03442815222108801,0.7171635063546283,0.6500004629811809,2026-06-11
403850,더핑크퐁컴퍼니,2026-06-11,200.0,-171.0,29.0,491.0,-0.43937418517344373,0.8,1.3077643297180208,-0.5770525279384903,1.219482191798847,1.9501939935783774,77,1639.0,7.95,1437.0,0.89,오락·문화,-0.09,13.1,10.46,-14.43,-51.86,0.1745504417365992,0.15364113863051274,0.27260761270978184,-0.028324614581880396,0.08425386265115055,0.6567284411461639,0.6496811436410374,2026-06-11
148930,에이치와이티씨,2026-06-11,6.0,90.0,96.0,132.0,1.1290322566909468,0.6,2.7007067484913665,0.7928387459257631,0.5596802069014722,4.053225701318602,78,289.0,8.38,339.0,0.43,금속,6.57,9.9,17.74,26.63,0.0,0.3751201309993547,0.2654411387484557,0.16177169341621647,-0.01201966664060262,0.051782443236204234,0.8420957397596285,0.6494083107445598,2026-06-11
054410,케이피티유,2026-06-11,0.0,0.0,0.0,35.0,2.809523798639456,0.3,2.3204353967415368,2.1592727268071044,-0.11230586967385914,4.367402253874782,79,167.0,5.28,552.0,0.32,유통,4.48,6.32,75.08,-4.5,-10.57,0.4050836799500968,0.24445571647814643,0.08408680328785292,-0.019859753543502216,0.02308618823875301,0.7368526344113469,0.6483323264318768,2026-06-11
036220,오상헬스케어,2026-06-11,-11.0,0.0,-11.0,99.0,-0.552304964598541,0.3,1.1827675895639538,-0.04397887106906356,-0.903695939115098,0.23509277937979212,80,916.0,29.91,214.0,0.31,의료·정밀기기,-1.39,-1.57,21.34,-28.8,0.0,0.010978339461631036,0.5500411557860078,0.061075807509390616,-0.023019454456596197,0.043459265743309106,0.6425351140437423,0.6460970582759058,2026-06-11
115480,씨유메디칼,2026-06-11,10.0,0.0,10.0,28.0,-0.7910447761817777,0.6,1.8501944437818416,-1.0001692030017546,1.9180487891421827,2.7680740299222695,81,232.0,28.16,68.0,0.39,의료·정밀기기,3.68,5.22,82.21,73.12,120.61,0.2525530434757684,0.43656659219074456,0.10901740844841828,0.016176192670120028,-0.008925268106219476,0.8053879686788319,0.644042019324791,2026-06-11
053300,한국정보인증,2026-06-11,-350.0,826.0,476.0,1406.0,1.2215320909593252,0.8,1.428191641964514,1.788719831311522,1.8902158839106395,5.107127357186675,82,2204.0,8.8,617.0,1.06,IT 서비스,3.23,9.91,70.79,5.68,45.39,0.47563251360061304,0.13493189204754344,0.12227647606985353,-0.009037907596601672,0.0069923278586905314,0.7307953019800989,0.6419227592798866,2026-06-11
187220,디티앤씨,2026-06-11,4.0,0.0,4.0,-22.0,-0.8000000001333334,0.4,0.885047137323202,-0.5169897138672775,1.0801232747346727,1.4481806981905971,83,307.0,14.78,180.0,0.32,일반서비스,3.7,8.35,133.12,-1.78,0.0,0.1266725850732338,0.5028980855869747,0.09978761871971248,-0.017657479591213797,-0.013470515378780605,0.6982302944099265,0.641642283282289,2026-06-11
011370,서한,2026-06-11,-2.0,2.0,0.0,40.0,-0.5916429250150386,0.4,0.35810709559494663,-1.5872973174721365,1.3228754805323193,0.09368525865512933,84,856.0,2.95,287.0,0.16,건설,-0.12,3.76,136.65,-31.25,-61.92,-0.002507934847394114,0.47466288746354374,0.06432901500589452,-0.03324474287251565,0.0023936704770839454,0.5056328952266125,0.6379738314034993,2026-06-11
214180,헥토이노베이션,2026-06-11,50.0,-43.0,7.0,620.0,-0.18759231911465357,0.9,1.01195650770385,0.47722418815472095,2.18773360357041,3.6769142994289807,85,1957.0,6.47,2329.0,0.85,IT 서비스,0.33,14.56,129.35,25.41,24.14,0.33923067642516036,0.18026581087702695,0.1558006005383161,-0.008464904638151803,-0.05128812903463478,0.615544054167717,0.6370679496661673,2026-06-11
052300,오션인더블유,2026-06-11,36.0,18.0,54.0,115.0,-0.11428571453877556,0.8,1.27908851883246,-0.39159537479518114,1.610256461265177,2.497749605302456,86,254.0,-1.38,-1132.0,0.1,유통,3.72,-0.54,37.86,395.82,0.0,0.22677174610085193,0.3004198713271,0.03655640759050698,0.06124411946415417,0.04773704719526483,0.6727291916778779,0.6367695974153027,2026-06-11
114630,폴라리스우노,2026-06-11,26.0,18.0,44.0,18.0,0.04609929022370607,0.5,-0.12597160290127557,1.1176569819910676,1.1264606796343313,2.118146058724123,87,305.0,12.36,143.0,0.24,화학,-1.23,3.44,19.58,-16.76,54.67,0.19056831412213593,0.4417629804130715,0.06747556207550708,-0.012031399327143083,0.060620343886593146,0.7483958011701646,0.6328307641852847,2026-06-11
376290,씨유테크,2026-06-11,2.0,0.0,2.0,14.0,0.3513513476990504,0.5,0.5297076194571905,0.7439943788473988,1.9190122597837356,3.1927142580883245,88,406.0,29.87,77.0,0.35,전기·전자,0.0,4.53,23.14,-16.08,383.1,0.2930516999145955,0.3675150961128504,0.0769715807324304,0.039760718104968985,0.05603119989900107,0.8333302947638463,0.6320710430565506,2026-06-11
139670,키네마스터,2026-06-11,2.0,0.0,2.0,6.0,-0.00709220069413008,0.6,0.34910152307700903,1.4205415268222963,2.1602466661359787,3.929889716035284,89,232.0,6.8,241.0,0.92,IT 서비스,7.54,16.32,7.5,-10.01,15.11,0.3633573695763365,0.1650622061955202,0.16848930141240084,-0.016914099963508202,0.06998020553592003,0.7499749827566693,0.6282773080790436,2026-06-11
100030,인지소프트,2026-06-11,51.0,0.0,51.0,8.0,-0.24462924478628634,0.5,1.5786619247728018,0.042368235620268625,-0.09473307988159832,1.526297080511472,90,575.0,2.69,6513.0,0.65,IT 서비스,3.06,44.67,16.22,8.09,152.65,0.13412267651539472,0.2919465599673956,0.3728783183330273,0.0083107535621719,0.06130183149032925,0.8685601398683187,0.6277215780162626,2026-06-11
017650,대림제지,2026-06-11,-25.0,0.0,-25.0,21.0,0.04700854633738749,0.4,1.0624306750752845,1.4462737156325056,1.1684065163934834,3.677110907101274,91,772.0,12.35,712.0,0.27,종이·목재,-0.34,1.35,16.33,-0.23,-85.23,0.33924942723124346,0.2447534222250674,0.11540700739636044,-0.030755307131154135,0.11784841844423347,0.7865029681657506,0.627348931347359,2026-06-11
216050,인크로스,2026-06-11,-8.0,24.0,16.0,84.0,-0.18263090708200613,0.7,1.1082819544756628,0.5591679154590746,1.752562102328761,3.4200119722634987,92,710.0,6.24,933.0,0.54,일반서비스,6.99,9.4,95.77,2.81,-23.38,0.31472946717528805,0.3422432552189448,0.1048261770742889,-0.020423946325834646,0.0012296313010949792,0.742604584443782,0.6213853330872986,2026-06-11
131090,시큐브,2026-06-11,2.0,101.0,103.0,322.0,0.4305555552575233,1.0,1.559276147681047,0.27953588968675697,1.7709977776102834,3.6098098149780875,93,302.0,11.48,344.0,0.67,IT 서비스,3.0,6.67,5.74,-16.41,-23.18,0.3328308082991037,0.20871294565941928,0.09891773127892481,-0.024206595761220154,0.07173180396714021,0.6879866934433678,0.6209994632085437,2026-06-11
078340,컴투스,2026-06-11,115.0,-302.0,-187.0,-635.0,-0.6629856850798449,0.6,-0.3416214225094626,-1.0014693529252505,1.0183501025827817,-0.3247406728519313,94,3053.0,8.81,2865.0,0.29,IT 서비스,1.0,1.91,48.68,-13.85,206.9,-0.042413923308228484,0.5039541522550006,0.06460056300583197,0.012489599173504578,0.028996783150893796,0.5676271742770025,0.620581407444358,2026-06-11
017890,한국알콜,2026-06-11,-271.0,-290.0,-561.0,334.0,2.0840502976119093,0.7,-0.5369725301576875,1.7871608750688435,1.870828518386987,3.121016863298143,95,2461.0,8.09,1431.0,0.44,화학,-6.69,6.31,18.37,0.61,62.72,0.286213798164903,0.2386775319326392,0.09322507318038868,-0.007318269702969739,0.061865923743809725,0.6726640573187708,0.6149660126947463,2026-06-11
100700,세운메디칼,2026-06-11,0.0,0.0,0.0,129.0,0.08070175415844871,0.5,1.2401699407738618,0.6583795073937814,0.20835267971885676,2.1069021278865,96,953.0,8.0,272.0,0.61,제약,0.23,8.44,7.1,5.71,22.73,0.18949596142964265,0.3251162588188125,0.12905308867117218,-0.012596036669469127,0.06316883207866647,0.6942381043288246,0.6146324043164373,2026-06-11
115570,스타플렉스,2026-06-11,7.0,1.0,8.0,0.0,1.2777777739814815,0.4,0.3598861845544613,1.9566860353727624,0.5400616373673368,2.8566338572945607,97,202.0,5.83,434.0,0.28,화학,-6.64,10.21,34.87,6.84,22.14,0.260999143927725,0.3983606891715355,0.1282156980267435,-0.01246459245959835,0.04488074387267435,0.8199916825390801,0.6144869722483159,2026-06-11
088130,동아엘텍,2026-06-11,-74.0,0.0,-74.0,229.0,-0.3070848626635385,0.8,-1.13964343599645,-0.3165924401178093,0.5997167985092573,-0.856519077605002,98,1163.0,2.37,2811.0,0.68,기계·장비,0.0,29.19,114.69,54.18,0.0,-0.09313052877138404,0.3097448673710616,0.33091019703771596,-0.006552516102435146,-0.05088296075318345,0.4900890587817749,0.6128962716750624,2026-06-11
196700,웹스,2026-06-11,-2.0,0.0,-2.0,25.0,-0.6504369539386627,0.7,-0.4581608235063898,-0.6050357157858619,0.9878043581787971,-0.07539218111345469,99,172.0,4.17,286.0,0.43,화학,-0.42,12.0,76.24,25.94,52.21,-0.018633136113221198,0.2754029007771141,0.1442754976357115,-0.003944733672854886,0.0022942656139549006,0.39939479424070445,0.6118703478534535,2026-06-11
126880,제이엔케이글로벌,2026-06-11,4.0,0.0,4.0,86.0,-0.5059151010078118,0.6,1.5317045400977485,-0.4421497805226689,2.355178100832475,3.444732860407554,100,716.0,24.48,126.0,0.45,기계·장비,3.7,2.71,93.0,42.14,0.0,0.31708714006966415,0.31939496167893283,0.055512675777865075,-0.008941789876646993,-0.021059697363636446,0.6619932902861787,0.6115525947873242,2026-06-11
160980,싸이맥스,2026-06-11,-2359.0,4024.0,1665.0,15435.0,2.47112993207497,1.0,2.056925223488319,0.9253910179703152,0.2581987897471963,3.2405150312058306,101,4758.0,31.83,1368.0,2.45,기계·장비,6.48,7.22,23.37,-11.57,-36.03,0.2976105404567572,0.04504638368681783,0.10241761614349679,-0.025267238275277274,0.07467999050239203,0.4944872925141866,0.6113502340729791,2026-06-11
243070,휴온스,2026-06-11,-68.0,5.0,-63.0,306.0,-0.1948198198470218,0.4,1.0392403185063728,0.29158596285875177,0.35675300218815925,1.687579283553284,102,3540.0,8.3,3561.0,0.92,제약,3.32,8.5,62.08,-2.72,0.0,0.1495044328762953,0.23766889087780305,0.12947461543939318,-0.017844017576908077,0.011049012068874006,0.5098529336854575,0.6111593318366503,2026-06-11
484590,삼양컴텍,2026-06-11,-1609.0,-611.0,-2220.0,-2447.0,1.4555555554873458,0.6,-2.4057050660022523,2.036459958844332,0.8324236965198414,0.46317858936192124,103,3256.0,15.34,515.0,4.55,금속,7.63,36.45,202.23,70.52,161.14,0.032731268751753945,0.05137007456985238,0.5225174065188998,0.02203500530347716,-0.07383309878238686,0.5548206563615964,0.6110094745898631,2026-06-11
035610,솔본,2026-06-11,16.0,0.0,16.0,-7.0,-0.6441947567541977,0.4,1.6338454625675072,-0.8732756361314725,1.9001382412125272,2.660708067648562,104,917.0,4.4,763.0,0.43,일반서비스,3.07,14.94,20.22,42.22,0.0,0.24231337014541543,0.4292387670087336,0.1314105706784348,-0.008925914303396416,0.030964466151552808,0.8250012596807402,0.6097917709884368,2026-06-11
363260,모비데이즈,2026-06-11,4.0,0.0,4.0,119.0,-0.8769987700330878,0.8,1.2365583213170155,-1.2426801818256255,1.6906605183054408,1.6845386577968309,105,313.0,10.35,94.0,0.78,일반서비스,-0.71,5.78,165.83,-13.93,0.0,0.14921444325755037,0.2421567808550397,0.08745514731851124,-0.020068582278645188,-0.02634445909762211,0.432413330054834,0.6038987163548764,2026-06-11
215000,골프존,2026-06-11,6413.0,-7577.0,-1164.0,-665.0,2.5078109147793985,0.6,0.030289684726791968,3.0409315058077437,1.322965035379262,4.394186225913797,106,2714.0,10.59,4085.0,0.59,IT 서비스,-1.7,4.85,47.78,-13.87,-47.45,0.4076381126432967,0.24049701689920097,0.0857964610568599,-0.02751985787977911,0.029892486894131376,0.7363042196137098,0.6019668823119829,2026-06-11
066130,하츠,2026-06-11,15.0,-4.0,11.0,56.0,-0.6296296297820454,0.6,1.55814132034755,-1.090260112189497,1.760841953950943,2.228723162108996,107,438.0,4.94,694.0,0.38,전기·전자,2.24,8.39,43.77,20.65,70.53,0.20111423940887874,0.3833708246511253,0.10187658387789761,-0.002113041267237148,0.040872762429209265,0.7251213690998739,0.6008036867981019,2026-06-11
003100,선광,2026-06-11,-10.0,2.0,-8.0,-171.0,-0.2884178653074627,0.3,0.10166025544309029,-0.33649904724431173,-0.4492234786954346,-0.684062270496656,108,1214.0,3.07,5994.0,0.27,운송·창고,1.32,9.52,60.36,-3.54,6.94,-0.07668303152934978,0.49557318231004704,0.11620542925719446,-0.016915182981848968,0.017850463146766426,0.5360308602028091,0.600458158497629,2026-06-11
080220,제주반도체,2026-06-11,-19341.0,-5927.0,-25268.0,-48901.0,0.10686917462659218,0.4,-1.2745284129720287,-0.33859230710156435,-0.15990863054327714,-1.7730293506168702,109,33410.0,84.57,1147.0,14.39,전기·전자,3.74,45.66,74.99,272.57,1714.12,-0.18053966292164306,-0.0007693712589916746,0.34234535777208486,0.2714259957291027,0.01793304271001877,0.45039536203057157,0.5966901971357519,2026-06-11
060590,씨티씨바이오,2026-06-11,-2.0,1.0,-1.0,15.0,-0.29292929307213555,0.4,1.2042555587216859,-0.07295194645406536,1.1832158399532682,2.314519452220889,110,760.0,23.47,134.0,1.03,제약,0.48,8.34,92.4,16.94,414.08,0.2092967766403931,0.19834956847869928,0.12835054405747054,0.051186056160511494,-0.01769367513914542,0.569489270197929,0.5924113891238594,2026-06-11
160550,NEW,2026-06-11,8.0,0.0,8.0,42.0,-0.1787439619477701,0.7,0.5765069428565975,0.06355053281964741,2.4630600769215385,3.1031175525977837,111,343.0,43.86,28.0,0.38,오락·문화,1.24,1.54,108.24,-16.22,0.0,0.2845067106435996,0.32215684787081605,0.1178848252368035,-0.020523020562942956,-0.060843490337351674,0.6431818728509245,0.592143693675222,2026-06-11
105550,엣지파운드리,2026-06-11,22.0,0.0,22.0,46.0,-0.5850340136901291,0.8,-0.7369885241178147,-0.5177837192818715,0.2700308405586628,-0.9847414028410234,112,426.0,2.62,208.0,0.3,전기·전자,1.12,2.01,39.38,-7.38,0.0,-0.10535930869632917,0.5225653575766358,0.060712355880985495,-0.018768769718754193,0.04409843089709031,0.5032480659396283,0.5920181977702675,2026-06-11
184230,SGA솔루션즈,2026-06-11,-37.0,0.0,-37.0,299.0,-0.3594845556551364,0.6,0.7060734669690492,-1.0064464177968742,1.2379723705188799,0.9375994196910549,113,412.0,1.96,1111.0,1.15,IT 서비스,-3.54,45.4,180.02,222.93,0.0,0.07797758537583344,0.2305905656379119,0.37814124540011923,0.026935021223000833,-0.10171624977891065,0.6119281678579548,0.5919846202934266,2026-06-11
373160,데이원컴퍼니,2026-06-11,12.0,28.0,40.0,130.0,0.3771517990404607,1.0,0.9915650774704997,1.2909412902065156,2.5298217281347526,4.812328095811768,114,500.0,10.43,347.0,1.1,일반서비스,-0.28,15.52,110.79,11.9,0.0,0.4475170096682497,0.1876194474453528,0.1341937743409627,-0.01494275656536512,-0.00468191362880412,0.7497055612603959,0.5919250746304967,2026-06-11
041910,폴라리스AI파마,2026-06-11,-8.0,0.0,-8.0,455.0,-0.28236083172880344,0.6,0.5938320538977854,-0.08719276906689484,0.6370219964010468,1.1436612812319373,115,701.0,16.82,314.0,0.55,제약,-1.49,3.23,4.56,-7.18,-96.71,0.09763005347036821,0.3351845292472931,0.09245051429731609,-0.033940131542265446,0.0655766957168053,0.5569016611895172,0.5847940966894091,2026-06-11
038500,삼표시멘트,2026-06-11,-16320.0,18103.0,1783.0,10481.0,-0.7042841617579811,0.9,-0.2932896819004799,-1.1058059895948467,0.7629747460174378,-0.6361209254778887,116,12615.0,30.93,378.0,1.6,비금속,9.56,6.5,83.63,10.0,375.52,-0.07211078440731995,0.1755507799108059,0.26569543843478044,0.04374393324196954,-0.008264929997320846,0.404614437182915,0.5839419550563313,2026-06-11
053450,세코닉스,2026-06-11,19.0,0.0,19.0,39.0,-0.33333333348148153,0.8,0.66164990434704,0.5263586403633813,1.73925257559262,2.927261120303041,117,616.0,12.89,323.0,0.43,의료·정밀기기,0.24,-0.26,120.8,-12.49,-56.55,0.2677349854002776,0.4073724663380935,0.0703252179998363,-0.028677299473193037,-0.04213570282370442,0.6746196674413099,0.5825247584325639,2026-06-11
037950,엘컴텍,2026-06-11,3.0,0.0,3.0,54.0,-0.6447230931103272,0.6,0.2542868107893533,-0.8209136082208959,1.3522466932799218,0.7856198958483791,118,437.0,17.74,146.0,0.53,전기·전자,1.77,4.07,18.54,83.21,135.69,0.06348304125686652,0.24745771886186643,0.07400362698970633,0.02055036001649792,0.05941117141432062,0.4649059185392578,0.5816653856278754,2026-06-11
014940,오리엔탈정공,2026-06-11,183.0,-1.0,182.0,1568.0,0.6736753573728478,0.8,1.6444375370905078,1.2354442234495173,2.5649289073399313,5.444810667879956,119,2388.0,12.48,420.0,1.9,기계·장비,0.19,15.06,83.88,10.59,-2.64,0.5078379418144116,0.07591044544622352,0.1839552508367457,-0.015617951979809698,-0.00851990196886149,0.7435657841487094,0.5795500165304277,2026-06-11
095500,미래나노텍,2026-06-11,58.0,1.0,59.0,1274.0,0.4717891610167897,0.9,1.4342112511602574,0.21678055036194266,2.226227535390588,3.877219336912788,120,2202.0,15.92,446.0,0.67,화학,2.45,4.69,84.08,-26.22,-24.99,0.35833410647713104,0.134279819561198,0.07869050593651825,-0.02643802412556615,-0.005776268336936098,0.539090139512345,0.5793405593410151,2026-06-11
133750,메가엠디,2026-06-11,1.0,2.0,3.0,38.0,0.12449799061305455,0.8,-0.19083922696738115,0.3334706684611241,1.8685653903254862,2.011196831819229,121,342.0,9.02,162.0,0.49,일반서비스,2.09,3.84,31.35,-6.68,-61.68,0.18036838554842172,0.35652646896645573,0.0781458109300558,-0.02833120899225341,0.02658394051441719,0.6132933969670971,0.5792490146352586,2026-06-11
063440,SM Life Design,2026-06-11,-11.0,0.0,-11.0,210.0,-0.1635455681965895,0.7,1.2487552801793684,-0.8878396104247381,1.8719417694169371,2.2328574391715676,122,504.0,9.35,119.0,0.76,출판·매체복제,5.8,8.54,4.05,34.48,2.62,0.2015085324015684,0.16808713983038556,0.1087691423080593,-0.010049788816729932,0.05133859573705351,0.5196536214603369,0.5792310591351583,2026-06-11
069080,웹젠,2026-06-11,-340.0,-499.0,-839.0,-843.0,0.4158899244822063,0.8,-1.9224421767882844,2.4527245601837198,1.912606530038804,2.4428889134342393,123,3301.0,15.38,693.0,0.45,IT 서비스,-1.48,4.73,15.69,-5.25,-39.59,0.22153958917223793,0.3102872056417098,0.08493132236089959,-0.024573003266049984,0.06182930147245805,0.6540144153812554,0.5761242784731236,2026-06-11
317850,대모,2026-06-11,-10.0,0.0,-10.0,236.0,-0.4531250000712076,0.6,1.1237969067624458,-0.18834067689148187,1.5767121359071608,2.5121683657781246,124,560.0,29.65,227.0,1.16,기계·장비,0.15,5.12,39.94,31.43,116.12,0.228146887663157,0.11367906039320931,0.08057717827923368,0.00719682405533956,0.051896612246753786,0.4814965626376933,0.5745778107838824,2026-06-11
464280,티디에스팜,2026-06-11,33.0,0.0,33.0,5.0,-0.40584088638292826,0.6,1.3790579102405285,-0.4311203869802505,2.3268268677208885,3.274764390981167,125,352.0,8.91,715.0,0.89,제약,-1.09,12.1,27.68,-8.42,-25.65,0.30087695979903567,0.24114192987854,0.15476622153265268,-0.02300951730292936,0.043659448742880205,0.7174350426501792,0.5744380439267024,2026-06-11
090150,아이윈,2026-06-11,-7.0,0.0,-7.0,16.0,-0.2339544518215605,0.4,1.2259183595019494,-0.06578512995241863,0.8298299406099787,1.9899631701595095,126,256.0,2.97,206.0,0.53,운송장비·부품,6.62,22.3,113.29,-7.69,9.37,0.1783432953392129,0.16945522991182407,0.2464948321687196,-0.01735652533172519,0.01709676394368399,0.5940335960317153,0.5732225987015598,2026-06-11
151860,KG에코솔루션,2026-06-11,-899.0,-7.0,-906.0,-1412.0,1.2097881228494574,0.2,-1.7485074882817622,2.087499401678886,-0.5428966403464359,-0.20390472694931217,127,2704.0,3.31,1717.0,0.17,운송장비·부품,4.99,6.58,110.73,12.69,-56.53,-0.030889594867407274,0.5459923327756898,0.07485567949990626,-0.023677317088767347,0.017615390646450006,0.5838964909658715,0.5699464258454088,2026-06-11
208370,셀바스헬스케어,2026-06-11,63.0,0.0,63.0,436.0,-0.10216718275519432,0.9,0.6867563669423756,-0.8191107615741616,1.1832157816199496,1.0508613869881636,128,795.0,20.46,151.0,1.12,의료·정밀기기,0.16,22.8,9.2,-8.76,91.55,0.08877957067280241,0.1522675701985333,0.23314308510646048,-0.004643164182782323,0.05390691221830956,0.5234539740133234,0.569695765135475,2026-06-11
267980,매일유업,2026-06-11,51.0,1.0,52.0,337.0,-0.03322135135872839,0.6,2.0652362403363376,-0.5193116228782465,2.636611956757106,4.182536574215197,129,2575.0,4.66,7212.0,0.39,음식료·담배,2.28,10.61,69.93,2.41,44.59,0.38745272755494103,0.2118741382176177,0.11399100227234328,-0.009812649805481546,0.02502066531132559,0.7285258835507461,0.5680049661708299,2026-06-11
004780,대륙제관,2026-06-11,14.0,45.0,59.0,259.0,-0.3975426080779775,0.9,0.23455738305557208,-0.7160506905905772,2.1976344216751986,1.7161411141401934,130,610.0,5.3,724.0,0.4,금속,0.39,7.87,36.28,1.31,1.24,0.15222842294477962,0.30102680899098705,0.1341892528287043,-0.01684925193840332,0.039158928958873865,0.6097541617849415,0.5675054913534874,2026-06-11
036670,삼양케이씨아이,2026-06-11,-27.0,0.0,-27.0,-87.0,0.8120805356965901,0.4,-1.1108137178103854,1.9994390291818516,-7.343434085995242e-16,0.8886253113714654,131,595.0,4.04,1306.0,0.49,화학,3.94,13.08,14.93,0.22,46.24,0.07330684187185868,0.2452106518658159,0.15396520913162512,-0.009987723059174608,0.06540707639573129,0.5279020562058564,0.5670468785722393,2026-06-11
417180,핑거스토리,2026-06-11,8.0,0.0,8.0,60.0,0.5404040392370675,0.6,1.2607388757951594,-0.1538922408009357,1.5667783123867667,2.6736249473809903,132,165.0,4.6,1021.0,0.53,IT 서비스,2.84,0.0,58.27,15.23,0.0,0.2435452748022222,0.3018007670135242,0.050830438761796826,-0.01428193582880985,0.019452562153506672,0.60134710690224,0.565724294003207,2026-06-11
044780,에이치케이,2026-06-11,-1.0,0.0,-1.0,-27.0,-0.4719471949808842,0.4,-0.036809254509051995,-0.4312667368997349,-0.6278955068086853,-1.0959714982174722,133,223.0,4.88,247.0,0.35,기계·장비,1.09,9.93,42.57,-42.47,0.0,-0.11596751093322898,0.45885455572113476,0.13060218119690295,-0.02573219303578855,0.048280421250234254,0.4960374541992544,0.5645991906619185,2026-06-11
096630,에스코넥,2026-06-11,-23.0,0.0,-23.0,-134.0,-0.5228070176443214,0.3,-0.7578424753598701,-0.6588913360390726,-1.2306580289793283,-2.647391840378271,134,375.0,1.05,2254.0,0.42,전기·전자,-0.63,24.49,77.45,-30.29,-93.23,-0.26392909173006307,0.5513601361915603,0.20575496487324008,-0.03797883530268385,0.01612549272573918,0.4713326667577926,0.563728922630844,2026-06-11
069410,엔텔스,2026-06-11,-7.0,0.0,-7.0,139.0,0.6955266951596981,0.2,1.5774339621616194,1.0115613704641555,0.3789322656802609,2.9679275983060354,135,395.0,12.48,309.0,0.68,IT 서비스,0.39,5.53,20.79,9.44,-65.12,0.2716134161564338,0.20360397202536218,0.09069891366730173,-0.025673342036991054,0.056753646927445084,0.5969966067395518,0.5630296778503397,2026-06-11
176750,듀켐바이오,2026-06-11,13.0,0.0,13.0,27.0,-0.3913043480907372,0.7,0.6125375391486403,0.6887590153840288,1.7154847189128473,3.0167812734455164,136,1761.0,27.11,228.0,3.56,제약,0.49,14.92,54.06,14.72,87.53,0.2762726737444224,0.08909998513667135,0.1745779796390393,-0.0006159698988572162,0.018651794107406843,0.5579864627286826,0.5630050545861986,2026-06-11
065150,대산F&B,2026-06-11,,,0.0,0.0,-1.0,0.0,0.0,0.0,0.0,0.0,137,231.0,2.74,529.0,0.95,유통,0.0,49.65,50.77,5.48,182.2,-0.011442856345630146,0.151076532647287,0.3843043026414971,0.012440590359069359,0.039186735826952965,0.5755653051291764,0.5625959045684635,2026-06-11
046940,우원개발,2026-06-11,-96.0,0.0,-96.0,70.0,-0.4176706827699016,0.5,-0.06934127971567389,-0.74064580658409,-0.5384863777168337,-1.3484734640165974,138,602.0,1.25,2654.0,0.38,건설,-0.89,37.24,64.45,-31.68,65.7,-0.14004905028052883,0.31842180236109385,0.3283365092144829,-0.013257338089055942,0.028525241038013262,0.5219771642440052,0.5624793187267445,2026-06-11
036890,진성티이씨,2026-06-11,-242.0,762.0,520.0,2625.0,0.004901960771350522,0.6,1.6077257192449579,0.19587063623351375,2.4904994969403598,4.294095852418831,139,3316.0,10.3,1461.0,1.02,기계·장비,4.37,13.84,75.42,27.98,42.83,0.3980923245145719,0.1485267762406425,0.1712669964584595,-0.005015241640243444,0.0031124082328705294,0.7159832638063008,0.5615344024432911,2026-06-11
041510,에스엠,2026-06-11,7126.0,2513.0,9639.0,10593.0,1.3551052019984828,0.6,2.6884671686997694,2.8449533212693323,2.011478875864154,7.544899365833255,140,20330.0,5.87,15126.0,2.03,오락·문화,21.15,13.78,48.46,20.6,18.45,0.6000000000000001,0.08354558333956923,0.2817089531493688,-0.010314376212810056,0.027865036576666148,0.9828051968527941,0.5608712913384875,2026-06-11
090410,덕신이피씨,2026-06-11,3.0,0.0,3.0,66.0,-0.4296577948936663,0.7,0.3743672853101265,-0.5793690742815958,1.7757119184168548,1.5707101294453856,141,415.0,26.47,34.0,0.33,금속,0.33,-0.51,68.51,2.25,-99.07,0.13835842407502538,0.30964502446094755,0.020326764097989232,-0.03243999139452817,0.01721416816284594,0.45310438940227993,0.5595435832145075,2026-06-11
417970,모델솔루션,2026-06-11,-32.0,0.0,-32.0,298.0,-0.16984328684838923,0.7,0.7144703212225907,0.5750718424171254,1.5248891905501365,2.8144313541898525,142,886.0,12.97,1068.0,1.23,기계·장비,8.12,9.82,34.72,12.45,92.78,0.2569742198608799,0.1180475577783704,0.12945815826115586,-0.0002406920406194262,0.05907399513718418,0.5633132389969709,0.5594336529724522,2026-06-11
053620,태양,2026-06-11,-7.0,0.0,-7.0,42.0,-0.3595342069754581,0.5,-0.0762014741556692,-0.4943091145741295,-1.527524998318648,-2.0980355870484466,143,583.0,4.92,1378.0,0.28,금속,3.99,9.38,17.72,3.43,476.48,-0.21153605713178258,0.4063742783758269,0.1547062406548833,0.05831966460429835,0.05179606083520891,0.45966018733843483,0.5551038098566567,2026-06-11
148150,세경하이테크,2026-06-11,-11.0,0.0,-11.0,81.0,-0.49494949499322227,0.4,1.3718076808852797,-1.116072897682429,1.18321581661994,1.4389505998227907,144,1249.0,3.59,980.0,0.71,전기·전자,1.59,17.23,47.75,13.13,0.0,0.1257922949878861,0.24468038637889883,0.15891291232502974,-0.014698669626637496,0.037948352292041486,0.5526352763572187,0.5549152694056664,2026-06-11
237690,에스티팜,2026-06-11,-2174.0,2062.0,-112.0,5147.0,-0.3615819209084633,0.9,0.002384454948258038,-0.20753959567148111,1.1033545078651799,0.8981993671419568,145,25701.0,45.53,2706.0,4.3,제약,4.58,12.48,39.05,27.74,1024.65,0.07421993575618016,0.07749211665244446,0.15743589106471897,0.14936287720801258,0.03288094103987293,0.4913917617212291,0.5532590490875113,2026-06-11
206640,바디텍메드,2026-06-11,58.0,-84.0,-26.0,-50.0,-0.5577967416945077,0.5,1.0423671180492327,-0.5680043039072075,1.232332679864605,1.7066954940066301,146,2276.0,10.27,1012.0,0.96,제약,-0.1,11.4,16.04,9.58,-15.79,0.15132757818427978,0.2243081305092214,0.14984840923674111,-0.01788668134491372,0.05469391045466602,0.5622913470399946,0.5494327795912097,2026-06-11
031310,아이즈비전,2026-06-11,-16.0,0.0,-16.0,43.0,-0.7035745423100632,0.8,0.20741513628785568,-0.536118577044535,0.4830457748730073,0.15434233411632797,147,321.0,2.92,370.0,0.18,통신,0.84,6.54,48.9,29.67,0.0,0.003277032983601099,0.4897550978510081,0.030257152315388836,-0.011416394857080693,0.02334968322026293,0.5352225715131802,0.5483516395707217,2026-06-11
072870,메가스터디,2026-06-11,1.0,-2.0,-1.0,124.0,0.6465863451335461,0.3,0.9866207277379343,0.5191494154506456,-0.9911891818824983,0.5145809613060817,148,1533.0,5.62,2290.0,0.44,오락·문화,-0.23,9.1,56.47,-4.3,-8.12,0.03763359986272279,0.3188293319336132,0.21907031600632912,-0.01943471589407175,0.015978865606755096,0.5720773975153485,0.5475095788125889,2026-06-11
277070,린드먼아시아,2026-06-11,2.0,0.0,2.0,92.0,-0.8599439776498835,0.9,0.1571085825122571,-1.1756251052218374,1.183215906619926,0.16469938391034566,149,479.0,16.03,218.0,0.72,금융,-0.14,5.01,9.34,-18.28,-14.42,0.0042648023316425275,0.27287154657780227,0.060362083313596104,-0.023199869018677582,0.043060970878151576,0.35735953408251486,0.5461138873062582,2026-06-11
472850,폰드그룹,2026-06-11,14.0,42.0,56.0,207.0,-0.04761904776077097,0.5,1.5996821527470213,0.3884728270618962,2.3787799690634377,4.3669349488723554,150,2573.0,7.45,600.0,1.1,유통,0.45,16.46,85.34,9.74,17.64,0.4050391122820095,0.07958282042666151,0.15434310246731178,-0.012596886285741715,0.016290975640853727,0.6426591245310947,0.5455258847135402,2026-06-11
297090,씨에스베어링,2026-06-11,-117.0,-9.0,-126.0,-275.0,-0.05098435138561408,0.5,0.8004571465395768,0.26184502742358884,1.6119815412878051,2.6742837152509704,151,1179.0,10.5,412.0,1.17,기계·장비,-0.23,12.2,45.03,1.73,47.56,0.24360810260766705,0.12919482640573401,0.1542106545073207,-0.009480455162836776,0.044897976439801535,0.5624311047976864,0.5448024629917559,2026-06-11
024940,PN풍년,2026-06-11,39.0,0.0,39.0,145.0,-0.4816800716313637,0.9,1.1799785907208804,-0.9952105399659814,2.442379239724756,2.627147290479655,152,229.0,7.95,288.0,0.41,유통,1.33,5.51,18.52,-5.32,-4.26,0.2391126220904005,0.1809596255150083,0.07847461370842869,-0.01903000861834985,0.0605459567121627,0.5400628094076503,0.5443374265570138,2026-06-11
032620,GC메디아이,2026-06-11,35.0,-1.0,34.0,-102.0,-0.8493589743734591,0.3,1.9050721721304364,-2.0519362660436538,1.7968939147817362,1.650029820868519,153,1631.0,4.41,708.0,1.12,IT 서비스,2.46,28.56,45.74,10.01,421.63,0.14592327714053166,0.15787528319202562,0.2567334484003538,0.05099833781465797,0.031922748712136566,0.6434530952597056,0.5428481770125415,2026-06-11
033500,동성화인텍,2026-06-11,2858.0,-3406.0,-548.0,1307.0,-0.12254032599709652,0.5,1.223967339850742,0.7184588538655614,1.8128388287613035,3.755265022477607,154,5443.0,9.74,1863.0,2.1,화학,-0.22,26.79,85.15,-1.88,58.42,0.34670311733869336,0.029779495496751806,0.27697071339919555,-0.008488723238805097,-0.006877731516458219,0.6380868714793774,0.5424935445301529,2026-06-11
023410,유진기업,2026-06-11,54.0,-2.0,52.0,605.0,-0.652338811652823,0.7,1.3238085817133858,-1.817547997212196,2.036700205165564,1.5429607896667537,155,2621.0,-25.68,-132.0,0.26,비금속,1.5,4.99,184.4,18.37,0.0,0.13571192262848883,0.16931719351023752,0.2152173166385401,-0.013658819578724701,-0.14633803938558718,0.3602495738129545,0.5393901123841075,2026-06-11
078150,HB테크놀러지,2026-06-11,5.0,0.0,5.0,825.0,-0.8392845134836979,0.6,0.7145028039143916,-0.7421174372959477,2.5649289073399326,2.5373142739583763,156,2652.0,9.35,306.0,0.89,기계·장비,2.51,16.96,32.02,21.03,0.0,0.23054509543690582,0.17264817982216232,0.20371564699965036,-0.013130956768143015,0.06278643456326886,0.6565644000538443,0.5378766540960231,2026-06-11
014570,고려제약,2026-06-11,-11.0,16.0,5.0,71.0,-0.6801346802962283,0.3,2.0391513339347234,-1.1511328316462501,0.0,0.8880185022884732,157,369.0,12.32,272.0,0.46,제약,3.08,3.86,13.8,-10.29,-49.3,0.0732489694637682,0.3966195276041263,0.09687654536363649,-0.027100403578922908,0.056817380749717594,0.5964620196023256,0.5366311533098087,2026-06-11
319660,피에스케이,2026-06-11,-6597.0,626.0,-5971.0,17023.0,-0.20783280536251114,0.8,0.3042619196996662,-0.6485996491697976,1.838949251247694,1.4946115217775624,158,43392.0,55.24,2712.0,8.05,기계·장비,2.74,19.04,24.94,53.59,108.44,0.13110077121268968,-0.0010935450025325866,0.22534808069377762,0.010386407584029029,0.07252127572500205,0.4382629902129658,0.5363837680026452,2026-06-11
056360,코위버,2026-06-11,73.0,0.0,73.0,359.0,-0.7603574329910496,0.7,0.37020382588110984,-1.1312486784515758,1.87082834338704,1.109783490816574,159,670.0,19.32,354.0,0.39,전기·전자,2.4,2.65,15.77,41.7,0.0,0.0943990713261097,0.33429899656319934,0.0648416828273842,-0.009029105529525166,0.061446502087676096,0.5459571472748441,0.5352262494739819,2026-06-11
214370,케어젠,2026-06-11,-132.0,2671.0,2539.0,9278.0,0.06412362787058035,0.9,1.167742042124079,0.15833445420211784,1.2414586206882468,2.567535117014444,160,44046.0,219.25,374.0,18.86,제약,12.95,10.96,14.41,6.63,0.45,0.23342730832922928,0.04473216931183532,0.14675721293645383,-0.015917781617599207,0.05623911428544015,0.46523802324535934,0.5337511104994328,2026-06-11
079970,투비소프트,2026-06-11,,,0.0,0.0,-1.0,0.0,0.0,0.0,0.0,0.0,161,76.0,6.93,86.0,0.34,IT 서비스,0.0,8.51,52.17,-19.46,0.0,-0.011442856345630146,0.4375129408890282,0.11218319128364977,-0.021165981279591326,0.025523443079894726,0.5426107376273512,0.5336403666243796,2026-06-11
036190,금화피에스시,2026-06-11,63.0,-75.0,-12.0,729.0,0.810089020592474,0.6,1.6922906785880514,1.2577597024324998,1.9659064549701863,4.9159568359907375,162,1959.0,6.4,5099.0,0.5,건설,-0.15,8.04,24.03,-2.36,-79.44,0.4574002578094395,0.10968290416302083,0.09807907698954918,-0.03026731301695062,0.04315457735481053,0.6780495032998695,0.5335820052127906,2026-06-11
099390,브레인즈컴퍼니,2026-06-11,2.0,-1.0,1.0,66.0,-0.7590361446750858,0.7,0.03429376274189942,-0.8746932467115062,1.1660916555018455,0.32569217153223873,163,312.0,6.14,619.0,0.54,IT 서비스,1.88,12.67,10.18,10.97,0.0,0.01961895665467213,0.28200486875174396,0.142174666076941,-0.015127310104403078,0.06731299883383479,0.49598418021278873,0.5315297913585127,2026-06-11
054670,대한뉴팜,2026-06-11,9.0,0.0,9.0,-92.0,-0.9254079254183578,0.4,1.0392594820474919,-2.0126858844385307,1.9126065300388004,0.9391801276477616,164,812.0,5.25,1078.0,0.63,제약,1.07,13.18,76.41,-1.0,-0.77,0.0781283401659419,0.33481901638839967,0.1623537033606305,-0.017623802348573366,-0.0025355099525942743,0.5551417476138043,0.5309162225214246,2026-06-11
048430,유라테크,2026-06-11,-87.0,0.0,-87.0,-77.0,0.1935953418063474,0.6,-1.3426629638914658,0.17542099578440443,0.8334107188754233,-0.3338312492316381,165,718.0,6.5,958.0,0.46,전기·전자,2.81,5.91,20.88,-2.39,0.0,-0.04328090694570122,0.3108642436543322,0.08587544196060261,-0.017778530837249448,0.0576917946000059,0.39337204243199003,0.5308824187422446,2026-06-11
241520,DSC인베스트먼트,2026-06-11,450.0,0.0,450.0,1977.0,-0.2717116732564302,0.5,0.9633636034923728,-0.4702025171349555,-0.1599086401323166,0.33325244622510075,166,2921.0,17.24,637.0,2.25,금융,2.62,14.58,36.52,16.86,49.38,0.020339992833207823,0.14550322073886582,0.40694383661260003,-0.006191728325424114,0.023040492115439293,0.5896358139746889,0.5295309380680253,2026-06-11
006730,서부T&D,2026-06-11,-3119.0,4277.0,1158.0,2492.0,-0.303603016485396,0.6,1.1444334922730344,-0.4120893749276123,1.5722823078664179,2.30462642521184,167,7622.0,9.73,1206.0,0.7,일반서비스,2.89,8.45,135.0,48.26,37.29,0.20835326192981118,0.26515540818376954,0.10026748142014834,-0.0018621437756402438,-0.01421044244057889,0.55770356531751,0.5289769155742159,2026-06-11
265560,영화테크,2026-06-11,-38.0,0.0,-38.0,67.0,-0.334554334676211,0.6,0.9081083059823605,-0.32874242066839726,1.417512432840063,1.9968783181540262,168,802.0,4.21,1783.0,0.85,운송장비·부품,2.74,25.25,28.9,-8.79,-14.39,0.17900280469390373,0.07511829566845016,0.27870446959702744,-0.021311910586118032,0.034193212164943414,0.5457068715382067,0.5288265749248706,2026-06-11
451220,아이엠티,2026-06-11,164.0,0.0,164.0,1514.0,1.7901234565834474,0.8,1.5515015052495271,2.0499557249662237,2.1980381764109573,5.799495406626708,169,1029.0,105.4,124.0,3.33,기계·장비,5.15,10.02,128.37,116.48,0.0,0.5416648249635576,0.02296024785743356,0.13153819996251423,0.005810586566451734,-0.06969265384534588,0.6322812055046113,0.5279222982911886,2026-06-11
041830,인바디,2026-06-11,-2442.0,2251.0,-191.0,2866.0,1.080262080210968,0.9,0.5978183471995406,2.5017727946784527,-0.14564378443270654,2.9539473574452866,170,6228.0,20.39,2266.0,1.94,의료·정밀기기,1.2,13.29,15.3,23.14,86.01,0.27028009695114613,0.08726072880847328,0.16599660131704172,0.0008158606964671957,0.04865727107353998,0.5730105588466684,0.5270997796461745,2026-06-11
333430,일승,2026-06-11,12.0,0.0,12.0,338.0,-0.2544617156659935,0.8,0.7613724277394974,-0.6385446900529628,1.6848793185272497,1.8077070562137845,171,1178.0,15.78,243.0,2.57,운송장비·부품,2.13,21.09,40.86,20.44,227.97,0.16096122163780824,-0.04615940575993234,0.2332834215625323,0.02260826571824779,0.031770253037958426,0.40246375619661445,0.5267301753097711,2026-06-11
043150,바텍,2026-06-11,-29.0,-1.0,-30.0,-151.0,-0.6273451555157534,0.1,1.8023917823779003,-0.6613213482989276,0.08345760831382036,1.2245280423927931,172,2834.0,7.06,2701.0,0.57,의료·정밀기기,2.47,8.63,39.68,3.83,-16.74,0.10534245319217109,0.32706582232333326,0.13309411819835706,-0.019177159103110714,0.027675918432641222,0.5740011530433919,0.5261708188777916,2026-06-11
042420,네오위즈홀딩스,2026-06-11,67.0,68.0,135.0,184.0,-0.3284789644827897,0.8,-0.23324275901950187,-0.36340373893650907,0.7527726027090839,0.15612610475307298,173,1706.0,5.31,3946.0,0.37,IT 서비스,5.22,9.83,20.47,13.75,-33.93,0.003447154204793912,0.4142042014995822,0.12169971693921333,-0.01991232044178047,0.057072119369485114,0.5765108715712941,0.5259726542165709,2026-06-11
036640,HRS,2026-06-11,-12.0,-19.0,-31.0,8.0,-0.6920289855630383,0.5,0.6653791836292404,-0.8915175031720828,1.8225169620945512,1.5963786425517088,174,769.0,5.68,827.0,0.59,화학,2.62,10.62,20.89,10.85,-2.61,0.14080647356406722,0.1871482567809678,0.13189419961315518,-0.015561637811035478,0.059271823545309056,0.5035591156924638,0.5186461693492739,2026-06-11
105760,포스뱅크,2026-06-11,40.0,0.0,40.0,148.0,-0.6492985972295291,0.7,0.35494199162596124,-0.8230146791154447,2.171586561385745,1.7035138738962616,175,412.0,10.44,388.0,0.5,기계·장비,1.0,6.81,33.29,25.33,277.07,0.15102414169564288,0.3009425593624031,0.09815353065571208,0.03130136297830265,0.061040213055443854,0.6424618077475046,0.5172205201908409,2026-06-11
319400,현대무벡스,2026-06-11,-47073.0,101548.0,54475.0,92685.0,4.0850653876007765,0.9,3.0583723475840183,2.479743456069196,1.9812008826450014,7.519316686298216,176,45441.0,412.12,99.0,28.04,기계·장비,15.25,6.66,104.32,-3.54,0.0,0.6000000000000001,-0.01859809489857495,0.09659349937969329,-0.01800674220272649,-0.0366244434018878,0.6233642188765042,0.5171823894544998,2026-06-11
078140,대봉엘에스,2026-06-11,35.0,0.0,35.0,140.0,-0.42257217856862384,0.5,1.2971430534968638,-0.5652006846705321,1.912606530038801,2.644548898865133,177,921.0,9.16,907.0,0.64,제약,0.85,5.32,55.39,12.04,-44.9,0.24077224290053933,0.30881274102284617,0.10713369672368063,-0.021977079357911624,0.01739098361971998,0.6521325849088746,0.5146370483844529,2026-06-11
257720,실리콘투,2026-06-11,-2333.0,4006.0,1673.0,-930.0,-0.35453924914852,0.6,0.8869795610688146,-0.46619508093175177,1.2070253681599692,1.627809848297032,178,23214.0,13.57,2609.0,5.07,유통,2.61,44.96,70.92,41.06,35.22,0.1438041207922525,0.015156149258406637,0.3518090321137198,-0.0036165257121714986,0.025841362157589365,0.5329941386097967,0.5139458442564689,2026-06-11
205100,엑셈,2026-06-11,-44.0,-8.0,-52.0,338.0,0.6129032256063398,0.8,-0.3095287957704763,1.093998627462863,1.0801233330679911,1.864593164760378,179,1218.0,18.73,92.0,1.0,IT 서비스,-0.35,10.52,10.33,15.39,0.0,0.16638654597912197,0.12708671339990826,0.12667426444098517,-0.014250184682308695,0.06716371487662853,0.47306105401433524,0.513065694503327,2026-06-11
014190,원익큐브,2026-06-11,-20.0,0.0,-20.0,74.0,-0.30555555571630666,0.6,0.7547979591276742,-0.5711821978090456,1.6901109776169982,1.873726738935627,180,473.0,16.91,79.0,0.43,유통,3.81,3.61,43.12,-2.23,298.57,0.16725763038904584,0.15543225121584817,0.06531021839866816,0.0292138595855346,0.04425334171135156,0.4614673013004482,0.5126859810351232,2026-06-11
096250,와이즈넛,2026-06-11,17.0,-1.0,16.0,592.0,-0.06583398393969553,0.8,1.4640954146176393,-0.6469948561966463,2.414576401366285,3.231676959787278,181,944.0,53.73,134.0,1.39,IT 서비스,-0.41,6.76,12.42,33.79,0.0,0.29676763864430383,0.07640488140455266,0.09956658530089506,-0.010598802834675973,0.0650836917395546,0.5272239942546302,0.5124006498259337,2026-06-11
094970,제이엠티,2026-06-11,-5.0,3.0,-2.0,-191.0,-0.31101407093968736,0.5,-1.0756128537030245,-0.5143483232542985,-0.5596802069014712,-2.1496413838587944,182,473.0,3.32,852.0,0.33,전기·전자,0.53,13.8,40.43,77.08,0.0,-0.21645778921614112,0.4616372526055249,0.1367823007216742,-0.0020081332594574642,0.04332691565989781,0.4232805465114983,0.5115424512383973,2026-06-11
088390,이녹스,2026-06-11,27.0,0.0,27.0,72.0,-0.07007203685591246,0.6,0.31686998070892625,0.24873502871345007,2.366431633239879,2.9320366426622555,183,784.0,3.38,2469.0,0.45,운송장비·부품,-0.36,11.67,57.63,-6.2,-75.53,0.26819043504097,0.19119659624403873,0.13043095221518997,-0.03041435543879516,0.028372842957729485,0.587776471019133,0.507043850316557,2026-06-11
093920,서원인텍,2026-06-11,60.0,-3.0,57.0,59.0,-0.3545751635568851,0.6,0.5805918749015042,-0.4396335855037622,0.4693590605512989,0.6103173499490409,184,885.0,13.45,354.0,0.41,전기·전자,1.93,3.61,16.24,-32.68,-16.15,0.0467641410954509,0.324076157191746,0.07103567324698226,-0.026329575583049197,0.061101157171980405,0.4766475531231103,0.5068933105261934,2026-06-11
110020,전진바이오팜,2026-06-11,2.0,0.0,2.0,12.0,-0.5216741407227172,0.6,-0.6273922239223474,-0.5378941423156192,1.032795458988654,-0.13249090724931256,185,163.0,3.72,483.0,0.92,화학,-2.34,36.4,6.75,22.91,0.0,-0.0240787381534653,0.14287235098895087,0.36319120180264935,-0.012757880796754453,0.07382760799245174,0.5430545418338322,0.502417775607497,2026-06-11
049630,재영솔루텍,2026-06-11,-141.0,0.0,-141.0,2626.0,-0.4638369170697594,0.9,-0.15247220040901785,-0.690380406309793,0.96988774795404,0.12703514123522908,186,2142.0,20.77,441.0,2.1,의료·정밀기기,5.53,19.89,96.86,51.17,561.56,0.0006726998341568882,0.08023655851695008,0.21259668470402002,0.08117523693470124,-0.02153301282275626,0.353148167167072,0.5011935714850955,2026-06-11
083450,GST,2026-06-11,-5144.0,1972.0,-3172.0,5925.0,-0.08024506874108317,0.7,0.4330519532358344,-0.13794397505206749,1.6147333939838948,1.9098413721676617,187,11058.0,24.42,2457.0,3.56,기계·장비,4.17,19.24,32.64,60.19,104.05,0.1707019440142412,0.028554154323099327,0.22742812239513605,0.01100566039166095,0.061933948472834614,0.49962382959697216,0.5008561208730654,2026-06-11
110990,디아이티,2026-06-11,-36.0,147.0,111.0,1131.0,-0.3381530252258609,0.8,-0.1054275841191467,-0.22520890210526606,2.160246666135981,1.829610179911568,188,4394.0,14.47,1607.0,1.82,기계·장비,8.14,17.12,18.08,123.89,211.55,0.16305015957335117,0.07639930690313064,0.20537968036073712,0.04055474355271163,0.0819536218223876,0.5673375122123182,0.4997821138206815,2026-06-11
264450,유비쿼스,2026-06-11,11.0,180.0,191.0,752.0,-0.5109480938253546,0.8,-0.23551520172795867,-0.6318932173472455,2.3237897077244902,1.4563812886492862,189,1701.0,7.17,1618.0,0.87,전기·전자,3.29,14.96,13.13,6.72,26.98,0.12745468924884693,0.17379965137109507,0.14426670581202183,-0.011727145498285853,0.06338631182690296,0.49718021276058094,0.49974231988787327,2026-06-11
234100,폴라리스세원,2026-06-11,20.0,0.0,20.0,88.0,-0.7652081110175872,0.8,-0.3803126430583316,-0.767660119540334,1.5008231992320522,0.35285043663338667,190,422.0,93.23,31.0,0.22,운송장비·부품,1.4,0.85,19.81,-0.95,51.4,0.02220908630997147,0.3411944050150578,0.012292553240854084,-0.00940831173587092,0.036034742136874305,0.4023224749668868,0.49906798082780685,2026-06-11
039420,케이엘넷,2026-06-11,23.0,0.0,23.0,319.0,0.3646922181130037,0.9,0.8461503904470251,0.3556891997602982,1.9321830994920266,3.13402268969935,191,610.0,6.91,385.0,0.82,통신,2.31,14.37,14.69,-0.26,-4.62,0.28745418581588067,0.05978072950831689,0.15664846966366683,-0.018082501278769,0.07297098337685286,0.5587718670859483,0.49782700573213756,2026-06-11
352480,씨앤씨인터내셔널,2026-06-11,-157.0,213.0,56.0,330.0,-0.20538720546746925,0.8,1.2985631221856369,0.44235982073450875,1.961416334235539,3.7023392771556844,192,2740.0,15.15,1327.0,0.77,화학,4.36,5.47,19.63,7.36,-46.59,0.34165549953333735,0.11318330568652973,0.0856886309057892,-0.02317161236472499,0.0605688736445594,0.5779246974054907,0.49778830519537226,2026-06-11
047770,코데즈컴바인,2026-06-11,54.0,0.0,54.0,469.0,0.000408747159194478,0.8,0.7384894227403976,1.1409629684434817,2.229576987403666,4.109029378587545,193,1003.0,22.65,117.0,1.43,섬유·의류,2.71,5.85,27.24,16.96,77.37,0.3804422220398069,-0.021062333907049702,0.19470952411255826,-0.0017694713815753042,0.07246545616523796,0.6247853970289781,0.49769273120115104,2026-06-11
351870,차이커뮤니케이션,2026-06-11,0.0,0.0,0.0,24.0,-0.10447761327689908,0.9,0.5308141026309728,-0.39787727646094684,1.9706592272271741,2.1035960533972,194,301.0,24.95,108.0,0.56,일반서비스,1.51,0.22,187.61,70.97,0.0,0.1891806555164898,0.3003732091506083,0.06077478117427816,-0.003220630166470287,-0.03491659282420016,0.5121914228507057,0.497332146655959,2026-06-11
109860,동일금속,2026-06-11,0.0,11.0,11.0,28.0,-0.5625942686745427,0.6,-0.6500498496404304,-0.6943997527548982,0.777678066809201,-0.5667715355861277,195,672.0,13.32,554.0,0.4,금속,1.23,3.0,18.79,30.94,754.24,-0.06549681585422655,0.26975529103179174,0.06801857023698804,0.10746641182139414,0.05106751928845898,0.43081097652440636,0.49673379585742805,2026-06-11
032750,삼진,2026-06-11,-9.0,0.0,-9.0,3.0,-0.6168582377680891,0.4,-0.8811439525319097,-0.5893673715254599,-0.8819170259104259,-2.3524283499677954,196,256.0,6.59,431.0,0.23,전기·전자,1.43,3.15,14.34,-12.59,-47.82,-0.23579792499693905,0.5929877819879953,0.06806771950425819,-0.027324044228191298,0.06249723236309064,0.4604307646302137,0.4961669937485752,2026-06-11
083650,비에이치아이,2026-06-11,-4994.0,4970.0,-24.0,7029.0,-0.7689287717336821,0.6,1.3645743443464766,-1.3836289087102003,1.8774362422051956,1.858381677841472,197,19186.0,29.43,2107.0,10.8,기계·장비,2.31,40.11,393.23,107.57,183.89,0.16579414597079145,-0.0015432457397213716,0.444480473931884,0.03296561824511662,-0.30000000000000004,0.3416969924080706,0.495718664299724,2026-06-11
069330,유아이디,2026-06-11,6.0,1.0,7.0,1.0,0.0714285695153063,0.4,1.133369410437613,0.08384354290253576,2.041241202319349,3.258454155659498,198,136.0,8.38,96.0,0.55,전기·전자,3.08,18.74,94.51,27.89,0.0,0.299321425083021,0.2553755084957397,0.1686555430891892,-0.011769626361906031,0.0035902070624018925,0.7151730573684457,0.49455502641349136,2026-06-11
091590,남화토건,2026-06-11,40.0,0.0,40.0,43.0,2.4722222173996915,0.4,1.0619315190311658,2.9916326059609615,-0.5616875585629105,3.491876566429217,199,414.0,3.79,931.0,0.24,건설,4.9,7.05,11.93,27.71,0.0,0.3215833150120857,0.29937042472000736,0.09027240377370382,-0.01180534640171983,0.04753396798898289,0.7469547650930599,0.49357848611792443,2026-06-11
094840,슈프리마에이치큐,2026-06-11,-145.0,200.0,55.0,468.0,-0.31486446237877286,0.9,-1.0204296407040891,-0.4417699400674236,0.3789322656802605,-1.0832673150912522,200,988.0,7.89,1278.0,0.41,전기·전자,0.8,4.7,3.03,24.92,-22.92,-0.11475589151133206,0.3380890871556252,0.07806843320256757,-0.015963983581155455,0.07080755363227849,0.35624519889798373,0.49143318206696585,2026-06-11
024830,세원물산,2026-06-11,0.0,0.0,0.0,-7.0,-0.9086757991493088,0.5,-0.20987867696654522,-0.792902406642791,0.20835269599792186,-0.7944283876114144,201,848.0,3.86,2631.0,0.22,운송장비·부품,-0.1,5.95,24.65,19.61,-77.29,-0.0872088346988274,0.4057961675569047,0.06797701116775917,-0.025569320553805324,0.035054213526957305,0.3960492369989884,0.4891558163699198,2026-06-11
005710,대원산업,2026-06-11,-16.0,37.0,21.0,40.0,-0.7483380817072642,0.7,-0.5328284568562897,-0.8777218672380049,1.433342624689961,0.02279230059566628,202,2106.0,2.74,3836.0,0.36,운송장비·부품,-0.19,12.51,30.39,-9.25,-46.2,-0.009269116106131679,0.26277910460042336,0.1396025099913861,-0.026406437036648068,0.03389135521684913,0.4005974166658788,0.4879487060606814,2026-06-11
069920,엑시온그룹,2026-06-11,10.0,0.0,10.0,82.0,-0.549549549853908,0.9,0.9744266191620657,-0.8049489303411058,1.9013293403586364,2.0708070291795964,203,112.0,-0.44,-2747.0,0.18,유통,0.0,0.0,86.59,-6.04,0.0,0.18605351084513322,0.09068650358571217,0.04029786731012314,-0.018502853866807025,0.015463098862357225,0.3139981267365188,0.48665814328506474,2026-06-11
079960,동양이엔피,2026-06-11,33.0,11.0,44.0,-499.0,-0.5797979798234467,0.5,-0.2070434180216679,-0.5482141519227778,0.0,-0.7552575699444457,204,1666.0,3.37,6293.0,0.36,전기·전자,0.95,11.08,18.51,-24.84,-59.0,-0.0834730475974175,0.42760480853031824,0.11923266119947969,-0.031513439810054895,0.059433214706811836,0.4912841970291374,0.4866016214558916,2026-06-11
041460,한국전자인증,2026-06-11,0.0,31.0,31.0,73.0,-0.35280641477328645,0.8,0.5680524589209668,-0.8126437733157248,1.5974136849333878,1.3528223705386297,205,607.0,12.99,246.0,0.91,IT 서비스,3.57,8.62,39.67,15.75,21.62,0.11757810015635035,0.14799623955849608,0.11297623508828006,-0.010778238787785978,0.03796377284708337,0.40573610886242384,0.4837835004689548,2026-06-11
067900,와이엔텍,2026-06-11,32.0,-2.0,30.0,-184.0,-0.615384615422546,0.2,0.6521691534162785,-1.039326601970248,-0.3017563420399918,-0.6889137905939614,206,1141.0,3.75,1672.0,0.33,일반서비스,1.95,9.7,44.63,6.91,-4.88,-0.07714572920280244,0.5424797555340978,0.10626576517559642,-0.016700547175671352,0.02135722169490588,0.5762564660261262,0.48310774816754454,2026-06-11
035900,JYP Ent.,2026-06-11,1933.0,-1796.0,137.0,2074.0,-0.6763870967758638,0.7,-0.4333738224153852,-0.8177263297285947,2.039013204785126,0.787913052641146,207,19507.0,12.15,4519.0,2.93,오락·문화,5.98,21.29,38.54,32.11,70.04,0.0637017434969056,0.03893905070212631,0.3822252277101013,8.40648576472109e-05,0.04258548801505787,0.5275355747818383,0.48297496103202375,2026-06-11
072470,우리산업홀딩스,2026-06-11,8.0,0.0,8.0,8.0,-0.31555555573807403,0.4,1.0860647092861537,0.12116478212001926,1.8523962282050406,3.0596257196112138,208,529.0,4.81,582.0,0.37,운송장비·부품,4.87,10.49,155.02,-1.4,58.48,0.2803588210062355,0.21467770685945656,0.11754709724386682,-0.008384032687881945,0.008642743511486388,0.6128423359331634,0.48131138441479115,2026-06-11
123570,이엠넷,2026-06-11,-3.0,13.0,10.0,23.0,-0.46386946424438036,0.6,-0.8411716579689994,-0.36012880156772364,1.8389492512476924,0.6376487917109692,209,394.0,20.1,88.0,0.39,일반서비스,1.61,2.15,38.4,9.32,0.0,0.04937078690165394,0.416374704504721,0.07003613129269,-0.01545474380269623,0.023809214032673612,0.5441360929290424,0.478666716291543,2026-06-11
251120,바이오에프디엔씨,2026-06-11,-30.0,0.0,-30.0,192.0,-0.6368619390575339,0.7,0.1154609557989445,-0.9128756504616072,1.1264606796343322,0.32904598497166937,210,814.0,18.07,518.0,1.23,제약,2.41,7.39,6.63,3.04,-3.6,0.01993881551220436,0.1771761523316109,0.12167637022730482,-0.017267202988047955,0.06361438164950318,0.3651385167325753,0.47833940868447733,2026-06-11
189690,포시에스,2026-06-11,16.0,0.0,16.0,14.0,-0.5402298853217069,0.5,1.0345477530586231,-1.0846511770670513,2.5871858577284255,2.5370824337199975,211,475.0,10.41,167.0,0.61,IT 서비스,3.45,8.32,4.29,1.58,9.4,0.2305229844414324,0.2327480933218474,0.11081338834837927,-0.015512224725604727,0.07317488222013407,0.6317471236061885,0.4783179713493197,2026-06-11
122870,와이지엔터테인먼트,2026-06-11,581.0,-109.0,472.0,2620.0,-0.6623508504733361,0.6,0.9031986291475101,-1.7012017252517098,0.6087595256703721,-0.18924357043382756,212,8318.0,22.54,1974.0,1.61,오락·문화,10.01,7.31,32.62,46.89,238.5,-0.02949133558500058,0.06490820828062784,0.19511237573153403,0.029513340178375504,0.051370273550872286,0.31141286215640906,0.47812346994962696,2026-06-11
290550,디케이티,2026-06-11,1430.0,-597.0,833.0,7405.0,-0.415449562526391,0.8,1.0129246483619845,-0.9220361145144853,2.032659969986691,2.1235485038341904,213,4290.0,18.51,1159.0,2.12,전기·전자,0.94,16.09,58.46,33.81,259.83,0.19108355444542596,0.06281829907789366,0.15155754870175706,0.0302725770616061,0.030078896872677924,0.4658108761593607,0.4775425083949639,2026-06-11
263720,디앤씨미디어,2026-06-11,-11.0,-1.0,-12.0,70.0,-0.26229508216877184,0.6,0.08027657700776397,-0.5955379492628977,0.6831299110640016,0.16786853880886776,214,1158.0,14.65,637.0,1.22,오락·문화,0.54,8.83,19.81,-2.79,54.51,0.004567049991952475,0.09764023828368429,0.21545654847884607,-0.009284292978713572,0.07037924360387608,0.37875878737964536,0.47742831776952066,2026-06-11
018290,브이티,2026-06-11,200.0,-490.0,-290.0,1467.0,-0.2489791699087872,0.7,0.22321588402740902,-0.26257794270375273,1.1660917339501056,1.1267296752737619,215,4315.0,7.21,1713.0,1.76,화학,-0.56,22.41,35.45,13.78,-40.27,0.09601525758628726,0.04972398719765942,0.23767355011021243,-0.020903555208492127,0.04428368906508292,0.4067929287507499,0.4763209901274308,2026-06-11
452190,한빛레이저,2026-06-11,19.0,0.0,19.0,951.0,-0.9195154992439296,0.7,0.569158307705444,-1.3734535058599033,1.5157293499004179,0.7114341517459585,216,1179.0,47.4,104.0,3.76,기계·장비,0.41,13.75,31.24,690.48,0.0,0.056407821426568666,0.020951405328852663,0.1703309776928482,0.1197178246393421,0.0638589170641378,0.43126694615174943,0.47580407119440105,2026-06-11
225220,제놀루션,2026-06-11,19.0,1.0,20.0,32.0,0.4333333318999999,0.5,1.9165523582312292,2.3865096128062615,1.9001382412125294,6.20320021225002,217,280.0,-2.41,-607.0,0.39,제약,0.21,-12.19,38.09,20.16,0.0,0.5801668347619523,0.1631767261437052,-0.015881865135478745,-0.01330360362724304,0.03379099973775216,0.7479490918806879,0.4754557287920702,2026-06-11
143540,영우디에스피,2026-06-11,-10.0,0.0,-10.0,30.0,-0.552914544501486,0.5,1.2460565669988504,-0.6013759564301075,0.3789323374751042,1.023612948043847,218,446.0,8.0,125.0,1.42,기계·장비,0.2,34.5,68.99,187.59,0.0,0.08618084098563603,0.1146904909957692,0.38613530420878117,0.019921986739558417,0.011953513977212966,0.6188821369069578,0.4749312818216873,2026-06-11
307280,원바이오젠,2026-06-11,8.0,0.0,8.0,-16.0,-0.7265336290332889,0.3,1.3169953379588215,-0.4766654478319351,0.5991446356691292,1.4394745257960158,219,446.0,6.92,907.0,1.03,제약,3.63,17.69,18.33,12.43,38.13,0.12584226269367946,0.2260917466788943,0.1940384654385751,-0.008840296585366775,0.052523041269099915,0.589655219494882,0.47360999131704967,2026-06-11
032940,원익,2026-06-11,200.0,-13.0,187.0,357.0,-0.02556681145497597,0.6,1.0569781149562403,1.0048204770486286,1.5760675904253119,3.6378661824301806,220,1310.0,11.39,632.0,0.46,유통,8.43,3.38,37.12,0.99,1.23,0.33550659149390616,0.15283083770467462,0.0637166337032761,-0.01691432708330891,0.04822715024813476,0.5833668860666827,0.47155031917498225,2026-06-11
063570,NICE인프라,2026-06-11,5.0,-2.0,3.0,123.0,-0.8517846340122397,0.5,1.2210256024524941,-1.0692590605896601,1.1832158166199398,1.3349823584827738,221,1149.0,16.18,208.0,0.56,일반서비스,2.59,4.92,266.68,22.74,63.88,0.11587666804702107,0.30620024441070876,0.08332832809476294,-0.0027442384317481793,-0.06603682302440797,0.43662417909633666,0.4688776692024952,2026-06-11
197140,디지캡,2026-06-11,9.0,17.0,26.0,16.0,2.9285714145408166,0.3,1.1729424164966475,2.247375938666937,-0.2995723178345645,3.1207460373290203,222,246.0,20.13,94.0,0.43,IT 서비스,18.25,2.31,29.49,30.0,0.0,0.28618796903438093,0.3213939629704596,0.06748435865903306,-0.011350908117422061,0.0480951774094818,0.7118105599559333,0.4688460050538309,2026-06-11
065710,서호전기,2026-06-11,-62.0,0.0,-62.0,-548.0,2.4792261335097474,0.3,0.11838764452020786,2.372849937244599,1.1660916555018457,3.6573292372666524,223,2356.0,11.36,4026.0,2.52,전기·전자,1.67,18.73,41.67,-23.67,-19.11,0.3373628159370696,0.062176615508197246,0.1685910223556517,-0.02500715330907435,0.042415792903594284,0.5855390933954386,0.4684254338942739,2026-06-11
067290,JW신약,2026-06-11,44.0,0.0,44.0,-40.0,-0.5392953930163555,0.6,-0.8134621433271761,-1.057786963367424,-0.30175634203999235,-2.1730054487345924,224,729.0,4.66,279.0,1.78,제약,-1.06,46.3,43.0,-12.87,-25.09,-0.218686059581636,0.18132266062760924,0.39503647941861786,-0.023804516358408925,0.029136428689223955,0.36300499279540616,0.467370328523012,2026-06-11
049430,코메론,2026-06-11,19.0,22.0,41.0,255.0,-0.7763880993115565,1.0,-1.5075145236103005,-0.9524405250214386,1.932183099492033,-0.5277719491397059,225,1629.0,7.22,2493.0,0.64,의료·정밀기기,0.0,9.52,7.11,-0.46,0.3,-0.06177735936379639,0.29309931339537304,0.13937806883690415,-0.017348347075480827,0.055705559758074875,0.40905723555107487,0.4668352474563839,2026-06-11
332570,PS일렉트로닉스,2026-06-11,180.0,0.0,180.0,7381.0,-0.701076316267844,0.8,1.33722318316336,-0.6519708657857552,2.6944103063232063,3.379662623700811,226,3648.0,22.25,351.0,2.94,전기·전자,-3.22,23.42,77.88,-0.98,-97.1,0.31088128158997946,0.04328180164574577,0.19885124638472976,-0.03277111583957371,0.015809538866698444,0.5360527526475797,0.46638637295577856,2026-06-11
146060,율촌,2026-06-11,-8.0,0.0,-8.0,-4.0,-0.48853615547343765,0.4,-0.0798067343381692,-0.79545671811993,0.659152989189277,-0.21611046326882222,227,215.0,6.6,136.0,0.41,금속,1.93,4.04,114.39,-0.04,-55.69,-0.03205367657469538,0.28502965501270555,0.08214947575965434,-0.026071398122389754,-0.014024603953870195,0.2950294521214046,0.46519806624587307,2026-06-11
020710,시공테크,2026-06-11,41.0,-73.0,-32.0,-86.0,-0.8414824737770832,0.4,0.4412368529618787,-1.2481645816573816,-0.46056615465365824,-1.2674938833491614,228,740.0,2.43,1521.0,0.37,일반서비스,-1.99,15.82,36.67,-51.51,0.0,-0.13232589077165557,0.5336037418409343,0.13563336244227026,-0.027526132813103763,0.02449010436081778,0.533875185059263,0.46487717188423106,2026-06-11
039200,오스코텍,2026-06-11,1860.0,-1147.0,713.0,3687.0,-0.5907811668076718,0.5,0.723511304685607,-0.9895890594205213,-0.4492234786954334,-0.7153012334303477,229,15533.0,29.68,1368.0,8.57,제약,4.24,36.95,21.81,88.4,0.0,-0.07966234423559226,0.0625998967497146,0.32934855803751334,0.00023826035549919105,0.049224078489287657,0.36174844939642253,0.4644930108425117,2026-06-11
080470,성창오토텍,2026-06-11,-5.0,2.0,-3.0,-6.0,-0.8333333334523809,0.5,-0.10096094135759318,-1.2652291720620414,1.3592233596178591,-0.0069667538017754715,230,220.0,2.59,1163.0,0.36,운송장비·부품,2.2,14.37,167.03,-1.73,-20.13,-0.012107287433401852,0.26827750712372406,0.15991095935296323,-0.020813708239238327,0.006209654956713007,0.4014771257607601,0.46347555659556283,2026-06-11
195940,HK이노엔,2026-06-11,5887.0,-6303.0,-416.0,-175.0,-0.5329337394824971,0.3,1.5329190384677254,-1.005499551828122,1.3592233596178582,1.8866428462574616,231,11828.0,19.2,2174.0,0.95,제약,0.72,5.02,51.0,8.23,33.82,0.16848946137974852,0.21369015887404044,0.10502606288257567,-0.0103516633513365,0.021552606206896932,0.498406625991925,0.4624754014557334,2026-06-11
159580,제로투세븐,2026-06-11,6.0,0.0,6.0,229.0,-0.19270833354356554,0.8,1.5162311146242715,-1.4439959471449149,1.890215883910639,1.9624510513899958,232,518.0,15.03,172.0,0.62,유통,1.57,4.17,14.82,-8.12,-49.64,0.1757194180613516,0.10913609160851306,0.06919025070049231,-0.026723255619212582,0.06299647197651233,0.3903189767276567,0.4620405420319399,2026-06-11
259630,엠플러스,2026-06-11,-270.0,0.0,-270.0,116.0,-0.5907678650796955,0.4,0.9036693895407666,-0.6840778619714528,0.21251183667097803,0.43210336424029183,233,1434.0,6.94,1689.0,1.36,기계·장비,1.65,29.0,107.07,119.6,328.13,0.029767571997455996,0.12450404028510509,0.32893415742142545,0.05803972342560795,-0.04040563170623332,0.5008398614233611,0.4605924212060439,2026-06-11
080160,모두투어,2026-06-11,-20.0,-2.0,-22.0,375.0,-0.7204968944272984,0.4,1.2151046890227581,-1.4537836448587491,1.6383874294256544,1.3997084735896634,234,1680.0,11.59,767.0,1.75,일반서비스,-0.11,14.77,148.55,-6.05,-64.39,0.12204970706797043,0.13584977125572614,0.13059480408769386,-0.028632431718694465,-0.019543427380667625,0.3403184233120284,0.46043491399516556,2026-06-11
104540,코렌텍,2026-06-11,-7.0,0.0,-7.0,-21.0,-0.7451790634135305,0.5,1.2549854101890772,-1.7738142965920463,1.5157292781055618,0.9969003917025927,235,531.0,8.89,467.0,0.71,의료·정밀기기,2.47,6.0,77.36,8.61,-15.06,0.08363321932826394,0.2591712306040447,0.1145246910305157,-0.017964354481637402,-0.004751373097673174,0.4346134133835138,0.4594334245389675,2026-06-11
012700,리드코프,2026-06-11,20.0,0.0,20.0,-349.0,-0.7465277778041811,0.3,-0.3422976002586599,-1.913607929690481,2.1338115238033133,-0.12209400614582755,236,740.0,5.59,505.0,0.17,유통,1.25,4.69,151.6,29.24,-49.47,-0.023087168118669045,0.4284254575740268,0.07279313783790045,-0.019282624428837308,-0.027593116633688797,0.43125568623073207,0.4588817270241719,2026-06-11
466410,사이냅소프트,2026-06-11,39.0,0.0,39.0,-65.0,-0.32676518899997575,0.5,0.2723221870193651,-0.6686261168278039,1.0818010154515965,0.6854970856431577,237,466.0,6.39,1449.0,0.73,IT 서비스,1.42,12.3,8.8,4.16,-21.13,0.05393415958424855,0.20927915608269496,0.13950715509772998,-0.019802154348992768,0.06868641124013243,0.45160472765581317,0.45761979132059316,2026-06-11
303810,동국생명과학,2026-06-11,-8.0,0.0,-8.0,23.0,-0.3548387097998409,0.4,1.8908835636586914,-0.31955486283448614,0.0,1.5713287008242052,238,904.0,33.63,84.0,0.75,제약,4.82,2.58,82.14,9.7,39.7,0.13841741827315376,0.25141827399183697,0.08788397430825534,-0.009135112773727484,-0.007967422805561009,0.46061713099395757,0.45700602404281154,2026-06-11
101170,우림피티에스,2026-06-11,-75.0,1.0,-74.0,1341.0,-0.37854480636739885,0.7,0.7926020131231989,-0.36032179223223043,1.5481483359358994,1.9804285568268678,239,1264.0,52.88,177.0,1.49,기계·장비,2.52,2.63,14.99,-24.56,0.0,0.17743396314686885,0.08106921542542433,0.05468065909732172,-0.02217804907431561,0.08620230249890674,0.3772080910942061,0.4564527600525157,2026-06-11
018680,서울제약,2026-06-11,-1.0,0.0,-1.0,4.0,-0.7101449287964713,0.4,0.2242032866135389,-1.609239305235114,0.09473307988159747,-1.2903029387399776,240,257.0,15.07,146.0,0.64,제약,1.38,4.31,78.28,2.14,25.97,-0.13450122894429242,0.297156983667107,0.10003799612529393,-0.012794880109112847,-0.0043082284578382195,0.24559064228115748,0.4561948240104097,2026-06-11
012620,원일특강,2026-06-11,-2.0,0.0,-2.0,-15.0,-0.575163399109317,0.1,0.24810108644902396,-0.8956945836314647,-1.139539617419657,-1.787133114602098,241,313.0,3.82,1866.0,0.19,금속,1.86,4.46,74.51,12.38,-21.94,-0.18188476273613519,0.5824894457252315,0.08785618760534651,-0.018298340201661795,0.013128888461444527,0.48329141885422566,0.455006777264916,2026-06-11
190650,코리아에셋투자증권,2026-06-11,16.0,0.0,16.0,22.0,0.0852713169881616,0.4,1.4476589790037804,0.38832223187715387,0.2774453621881597,2.113426573069094,242,448.0,5.79,1210.0,0.46,금융,1.01,8.12,313.93,23.57,30.17,0.19011820879665497,0.40870425160374246,0.17299209927596831,-0.007881613125236185,-0.1812965576845612,0.5826363888665683,0.4548470818394067,2026-06-11
053350,이니텍,2026-06-11,-1.0,0.0,-1.0,-30.0,-0.9382716049573235,0.4,-0.42877188315703973,-1.476337814858112,0.48304583320632133,-1.4220638648088304,243,525.0,17.16,139.0,0.35,IT 서비스,0.63,0.0,6.2,7.85,0.0,-0.14706749121287213,0.40202148360342155,0.050830438761796826,-0.015746457461175582,0.07127399983170767,0.3613119735228783,0.4541172496531215,2026-06-11
448710,코츠테크놀로지,2026-06-11,46.0,-198.0,-152.0,-546.0,0.2579821199305894,0.3,-0.6369498673572854,1.1343666468781903,-0.33383043325528167,0.16358634626562324,244,706.0,8.38,1593.0,1.4,전기·전자,-0.67,19.84,45.5,26.67,7.71,0.004158650049811453,0.11183002058589812,0.17575282377831197,-0.010799060036547112,0.03960159922888257,0.32054403360635697,0.45387182791381286,2026-06-11
484120,도우인시스,2026-06-11,122.0,-5.0,117.0,194.0,-0.21850079757280694,0.6,1.5667439766880056,0.1917529203327183,1.842264491341932,3.600761388362656,245,1810.0,337.14,49.0,1.07,전기·전자,9.11,6.04,33.44,61.26,0.0,0.33196784455590655,0.10935322553566292,0.08671421149658985,-0.005147527869759077,0.048463002810350785,0.571350756528751,0.4522274450130007,2026-06-11
067010,이씨에스,2026-06-11,6.0,0.0,6.0,-9.0,-0.27350427443567826,0.4,1.1930412601441696,-0.2671856896176644,2.3960558167668426,3.3219113872933477,246,215.0,38.8,51.0,0.44,IT 서비스,3.4,1.18,44.25,-20.11,0.0,0.30537344854202636,0.30718498801361455,0.05933763593874001,-0.021294970312252266,0.03340563602038545,0.6840067382025141,0.45108010113829605,2026-06-11
080520,오디텍,2026-06-11,-11.0,0.0,-11.0,-62.0,0.11111111008230434,0.3,-1.0679741984649245,1.0925170229595027,-1.525710982865684,-1.5011681583711058,247,334.0,38.82,76.0,0.26,전기·전자,2.43,-0.43,11.17,10.49,0.0,-0.15461180142024597,0.49405709945066967,0.04496929689784042,-0.015222563543906541,0.06482647360299564,0.43401850498735317,0.45018221493638877,2026-06-11
101240,씨큐브,2026-06-11,0.0,0.0,0.0,-54.0,-0.8106060606419306,0.5,-0.6422489863837695,-1.383081835945791,0.5825752225792963,-1.4427555997502641,248,376.0,3.7,896.0,0.39,화학,2.16,11.19,30.88,17.7,103.04,-0.14904089695479988,0.31046149789920646,0.13700821401377627,0.002414888506716758,0.04898806918696709,0.3498317726518667,0.44988523189360596,2026-06-11
171120,라이온켐텍,2026-06-11,8.0,-2.0,6.0,20.0,-0.5197044335566866,0.8,-0.7880235521561746,-0.5249161813729333,1.632992961855473,0.3200532283263653,249,740.0,8.69,237.0,0.52,화학,2.74,11.06,19.11,45.9,0.0,0.01908116110817147,0.1968410698690438,0.1358418598522311,-0.00819563793386987,0.06110416416171033,0.40467261705728685,0.4477899846878135,2026-06-11
011040,경동제약,2026-06-11,11.0,9.0,20.0,135.0,-0.6209587514569188,0.4,0.8891681601343788,-0.9027868164556714,1.1684065163934823,1.1547878600721897,250,1569.0,18.41,277.0,0.62,제약,2.62,5.25,34.71,4.37,57.57,0.09869121410448198,0.30174649107790585,0.10664191549408947,-0.0073821364903827145,0.03699516473653533,0.53669264892263,0.4477367405635677,2026-06-11
010240,흥국,2026-06-11,13.0,-4.0,9.0,8.0,-0.7820512821351084,0.5,1.0017729210234005,-0.9026442984563624,0.7888105599688446,0.8879391825358828,251,623.0,5.36,992.0,0.52,기계·장비,2.31,11.99,20.43,17.1,36.46,0.07324140460486907,0.3139455024589496,0.15202661072089438,-0.008176226264712391,0.0787224245441287,0.6097597160641294,0.4463092884510622,2026-06-11
114450,그린생명과학,2026-06-11,39.0,0.0,39.0,356.0,-0.7961975106088279,0.8,0.9213064580766899,-1.3017388907772915,1.677905420391034,1.2974729876904323,252,422.0,27.05,78.0,1.12,제약,2.18,4.36,25.8,11.14,0.0,0.11229933594281548,0.18463743925740211,0.10038926843214477,-0.015093574511245603,0.04544164702622706,0.4276741161473438,0.44622393309436037,2026-06-11
100660,서암기계공업,2026-06-11,18.0,0.0,18.0,45.0,-0.24501424533688843,0.4,1.3692409802206507,-0.2126381512698842,0.7888104821910911,1.9454133111418574,253,414.0,34.58,95.0,0.62,기계·장비,1.39,0.0,21.76,9.75,0.0,0.17409449997061077,0.22487717329740756,0.02732811072445889,-0.01536941259647438,0.07689370438239068,0.4878240757783935,0.44563328335531865,2026-06-11
314140,알피바이오,2026-06-11,-56.0,0.0,-56.0,-53.0,0.7816091938664289,0.3,-0.7746672503841902,2.1089643279537844,1.433342624689962,2.7676397022595562,254,484.0,-53.14,-105.0,0.47,제약,8.56,-0.88,55.91,-17.93,0.0,0.25251162091231966,0.09505618157407048,0.06357593067417816,-0.020862360941174038,0.016898035158368723,0.407179407377763,0.445411098203329,2026-06-11
234340,헥토파이낸셜,2026-06-11,-466.0,-26.0,-492.0,1993.0,-0.620823790312057,0.7,0.8859910334491873,-0.44791309075637614,1.3542925239864907,1.7923704666793019,255,3206.0,34.56,664.0,1.82,금융,1.55,8.42,207.05,24.96,149.83,0.1594985451665215,0.15136346721374302,0.1838567310408274,0.011214970834661886,-0.10256996569932615,0.4033637485564277,0.44523342227115037,2026-06-11
006910,보성파워텍,2026-06-11,486.0,-4.0,482.0,3245.0,-0.5978560883278978,0.8,0.9992860162509211,-0.6883448466404642,1.9886683454009162,2.299609515011373,256,3901.0,65.62,121.0,4.31,금속,-1.0,6.8,7.64,-1.82,44.06,0.2078747907226186,0.038778034394793374,0.1196507250313457,-0.010735431891979742,0.058659330733563275,0.41422744899034125,0.4445963472633139,2026-06-11
004650,창해에탄올,2026-06-11,15.0,-5.0,10.0,-10.0,-0.009608278120559977,0.5,1.0423889167836755,-0.05622959395326436,1.9733858785415874,2.9595452013719985,257,838.0,6.32,1443.0,0.49,음식료·담배,0.55,9.65,36.61,-5.7,2.9,0.2708139727899125,0.12036454682249373,0.10438596746569898,-0.017979255628540372,0.06314957307136991,0.5407348045209347,0.44282682015867275,2026-06-11
192440,슈피겐코리아,2026-06-11,-18.0,0.0,-18.0,-551.0,-0.5769881556922173,0.5,-1.5432119096924315,-1.0610551932746737,-2.6379579445716086,-5.242225047538714,258,1880.0,6.48,4669.0,0.33,기타제조,3.95,6.57,8.15,3.9,21.49,-0.5114027214111315,0.514848471286712,0.24287463717967053,-0.01315025515027037,0.08266000038583399,0.3158301322908146,0.44229513199964504,2026-06-11
131290,티에스이,2026-06-11,-19420.0,13366.0,-6054.0,-1614.0,0.7235698460391777,0.4,0.6080630062244973,1.2053164046320353,0.7409584912820161,2.5543379021385486,259,28760.0,75.23,3456.0,7.35,의료·정밀기기,25.3,18.82,30.96,81.46,1246.96,0.23216866763586747,0.011727236815072139,0.20504182270037355,0.19498939530763143,0.03518032347893479,0.6791074459378794,0.44177074960190754,2026-06-11
098070,한텍,2026-06-11,402.0,-86.0,316.0,309.0,-0.7026384083077137,0.4,0.6965825625414587,-1.0054933948609865,0.3202203804508475,0.011309548131319624,260,3359.0,10.49,2879.0,2.07,금속,-2.27,24.66,36.64,39.37,257.73,-0.01036424562090723,0.084570679512096,0.3623218525648268,0.031045630502832045,0.03891381217678978,0.5064877291356374,0.4416340367884103,2026-06-11
036560,KZ정밀,2026-06-11,-5.0,3.0,-2.0,-33.0,-0.2122958695833923,0.2,0.683800472813923,-0.23482987383466697,-0.5825751377308361,-0.13360453875158013,261,1922.0,10.01,1219.0,0.4,기계·장비,4.99,4.69,25.31,-18.74,-26.94,-0.024184947072494398,0.3769691568279332,0.07610508862131314,-0.025260364147777138,0.07201253402587193,0.4756414682548467,0.4410995883789292,2026-06-11
037030,파워넷,2026-06-11,-363.0,0.0,-363.0,816.0,-0.49319432378271666,0.8,-0.05478582504390323,-0.278636235340768,1.4270120087526352,1.093589948367964,262,1327.0,7.99,651.0,0.86,전기·전자,1.36,8.7,80.05,0.55,-17.65,0.09285466580667463,0.17170936737312265,0.10387672661755946,-0.019971187129583012,0.014215074043167264,0.36268464671094097,0.4409228984896483,2026-06-11
017250,인터엠,2026-06-11,6.0,-1.0,5.0,22.0,-0.7660818715502207,0.5,1.1145152205655784,-0.7310995633683204,0.9036960266150729,1.2871116838123309,263,215.0,10.55,97.0,0.49,전기·전자,1.19,6.9,108.84,17.3,0.0,0.1113111608755832,0.2777611315043446,0.09226299458081312,-0.01387115537095117,-0.006939138984234875,0.46052499260555485,0.43948911056442697,2026-06-11
450950,아스테라시스,2026-06-11,16.0,2.0,18.0,421.0,-0.7822141560996176,0.7,1.2679098175292414,-1.9033360566699495,1.973385878541584,1.337959639400876,264,2784.0,29.6,250.0,5.93,의료·정밀기기,4.96,19.29,18.23,11.67,0.0,0.1161606163614444,0.023150287350235388,0.208360313487022,-0.01498839883846053,0.04613572213023262,0.3788185404904738,0.4392026722945897,2026-06-11
038390,레드캡투어,2026-06-11,30.0,-1.0,29.0,17.0,-0.8456375839029774,0.3,1.3035204427035507,-0.8382887900597207,2.338611650809938,2.8038433034537684,265,1625.0,6.86,1416.0,0.81,일반서비스,0.21,12.12,256.57,-12.26,0.35,0.25596441956247334,0.24842300789899055,0.11787844252614392,-0.019682129870424534,-0.062057747176120365,0.540525992941063,0.43862906101621485,2026-06-11
352700,씨앤투스,2026-06-11,12.0,-1.0,11.0,25.0,0.18721461024582475,0.7,1.2850310365990456,0.6998760896590956,1.6077907211278737,3.592697847386015,266,397.0,-5.13,-295.0,0.25,화학,-0.07,-4.85,8.6,-18.77,0.0,0.33119881102108634,0.13692310510740163,-0.006901945610718934,-0.021029054460305098,0.07192320903720324,0.5121141250946671,0.4383288210441168,2026-06-11
038290,마크로젠,2026-06-11,-133.0,-1.0,-134.0,-90.0,-0.1355831853935242,0.4,0.7908814192146495,-0.04624814830039007,1.6749037039306403,2.4195369748449,267,1403.0,69.2,187.0,0.89,일반서비스,0.7,2.48,120.0,10.57,0.0,0.21931247531118273,0.19703125865859347,0.07161967820412829,-0.015206687970655964,-0.00830676907516701,0.4644499551280815,0.43832339830981826,2026-06-11
054540,삼영엠텍,2026-06-11,4.0,-4.0,0.0,648.0,-0.6231884058127044,0.7,0.32797988759197244,-1.768243735258864,0.8164964809277364,-0.6237673667391552,268,1106.0,13.59,626.0,1.38,금속,-0.47,11.89,126.58,396.99,95.57,-0.07093260462600824,0.10143037792641471,0.1888106376374722,0.07650804536260744,-0.022324530547217395,0.27349192575326875,0.437731378567371,2026-06-11
205470,휴마시스,2026-06-11,10.0,0.0,10.0,138.0,-0.6507607192616777,0.5,1.480694398020179,-0.6106753625652652,1.5248890879639518,2.3949081234188654,269,654.0,-4.39,-604.0,0.28,제약,-0.93,-4.67,38.51,44.76,0.0,0.2169635801141977,0.32040137588701406,0.03694948981488553,-0.008421864852690595,0.03339284905743,0.5992854300208367,0.43751914500819816,2026-06-11
348030,모비릭스,2026-06-11,-7.0,23.0,16.0,484.0,1.5276938562353393,0.5,2.278538751236369,0.1761031267249885,2.3664316332398805,4.821073511201238,270,242.0,-2.03,-1241.0,0.42,IT 서비스,2.02,-20.7,8.22,-29.9,0.0,0.4483510747185691,0.047559847183845524,-0.09840598629135898,-0.023237743588791635,0.06926364254132998,0.443530834563594,0.43440193328199195,2026-06-11
038870,에코심플렉스,2026-06-11,12.0,0.0,12.0,36.0,-0.6540880504776314,0.8,0.4696474258409972,-0.9833724446931393,2.1974008765798745,1.6836758577277324,271,270.0,-11.98,-161.0,0.35,일반서비스,0.21,-3.09,44.35,-30.29,0.0,0.1491321565563475,0.1775011420689642,0.04489132578985163,-0.023315137008388196,0.0214674235977269,0.369676911004502,0.4339094223449952,2026-06-11
037350,성도이엔지,2026-06-11,-170.0,40.0,-130.0,-371.0,-0.055499268297123816,0.6,0.0015440302525893802,0.02702335337123489,0.14564380034179555,0.17421118396561983,272,1367.0,4.94,1820.0,0.47,일반서비스,4.53,10.7,130.81,-27.82,-2.71,0.005171958783156884,0.3937388602502916,0.1110643921799549,-0.023251221550065978,-0.012561349680507173,0.47416263998283026,0.43355408079840696,2026-06-11
052860,아이앤씨,2026-06-11,-24.0,0.0,-24.0,-28.0,-0.4407456725112189,0.5,1.6035855543811777,-1.1324387585415883,1.497861589172823,1.9690083850124125,273,899.0,19.65,256.0,2.35,전기·전자,0.6,15.44,50.55,-4.45,81.84,0.1763448020544696,0.05597678208081939,0.14736370102182086,-0.005315106871994052,0.035890978326194804,0.41026115661131063,0.4327713816125584,2026-06-11
419120,산돌,2026-06-11,-5.0,0.0,-5.0,-32.0,-0.7689768977660143,0.5,0.4374405505717622,-1.1080326594554775,1.2663250877917647,0.5957329789080494,274,419.0,12.03,237.0,0.71,IT 서비스,1.42,5.24,29.56,2.29,-6.94,0.04537320497355686,0.19525414561060192,0.08860816181873096,-0.017941369022968216,0.04802551156278553,0.359319654942707,0.43272903142467944,2026-06-11
340570,티앤엘,2026-06-11,-181.0,442.0,261.0,2359.0,0.7404688609580754,0.8,-0.28139693652586917,2.136990475580324,1.0327953589886807,2.8883888980431354,275,4812.0,12.64,4684.0,2.36,제약,-0.17,19.98,16.46,-12.18,-9.68,0.264027675847632,0.12288923617706225,0.21012673709234292,-0.02124382475616554,0.05429575977434386,0.6300955841352156,0.4324167177432034,2026-06-11
050860,아세아텍,2026-06-11,9.0,0.0,9.0,-7.0,-0.7202797203775246,0.3,0.6578298769754387,-1.0504256245418413,-0.7071067311865514,-1.099702478752954,276,397.0,14.36,123.0,0.29,기계·장비,1.15,2.12,51.52,-8.5,-37.55,-0.11632334085433416,0.5108725142912175,0.04937655275885783,-0.0248970866410852,0.03597437204154611,0.4550030115962021,0.43132492649031473,2026-06-11
066700,테라젠이텍스,2026-06-11,-4.0,-5.0,-9.0,-88.0,-0.7091082499223975,0.5,-0.11669395856205841,-1.957278377104112,1.6782926208565625,-0.39567971480960784,277,882.0,8.11,293.0,0.63,제약,1.06,7.66,66.63,1.99,-56.81,-0.049179499666246136,0.31653179938115716,0.12357324068429931,-0.025844714864323912,0.006735713032050512,0.3718165385669369,0.43122901083845444,2026-06-11
220180,핸디소프트,2026-06-11,-2.0,0.0,-2.0,-8.0,-0.6825396829176116,0.4,0.36737989724283854,-0.5559196858134672,0.6324554320336914,0.4439156434630627,278,400.0,42.82,39.0,0.51,IT 서비스,0.12,2.31,15.87,13.72,0.0,0.030894129036266333,0.2605747900426794,0.06748435865903306,-0.014581587273914494,0.061650160723810535,0.4060218511878748,0.43096312980544504,2026-06-11
357550,석경에이티,2026-06-11,-27.0,38.0,11.0,223.0,-0.29792429805288323,0.7,1.099320387377561,-0.6445194356295456,1.8523963311462006,2.307197282894216,279,2400.0,63.22,696.0,5.43,화학,1.85,7.96,23.4,-7.85,-37.71,0.2085984489731616,-0.026254733427476317,0.10802879907692343,-0.024793263238876775,0.05668801739521513,0.32226726877894707,0.430927865461212,2026-06-11
126600,BGF에코머티리얼즈,2026-06-11,-1.0,0.0,-1.0,196.0,-0.3069610549548948,0.6,0.4827496153620979,0.06926814683879294,1.0801233330679894,1.6321410952688802,280,1908.0,13.63,223.0,0.46,화학,-0.82,3.49,58.67,-6.25,-32.95,0.14421719913817876,0.21419988802779014,0.06792415982994753,-0.02372707426790312,0.020380908664612396,0.4229950813926257,0.43028850947442726,2026-06-11
052330,코텍,2026-06-11,-44.0,0.0,-44.0,-392.0,-0.7652582159860573,0.3,-0.6265130184629918,-1.063818793394057,-0.4605661228354836,-2.1508979346925323,281,1993.0,6.78,1655.0,0.4,전기·전자,-0.27,9.59,23.63,38.53,44.53,-0.21657762859342589,0.3515677731839342,0.10961907190239517,-0.002654265594265698,0.05567115945497791,0.29762611035361564,0.4301796753218909,2026-06-11
095660,네오위즈,2026-06-11,276.0,-387.0,-111.0,-617.0,-0.4860050890781423,0.5,-0.5761882198684478,-0.6115613192398142,1.134617161310636,-0.05313237779762603,282,4269.0,8.63,2287.0,0.73,IT 서비스,1.96,11.42,18.27,13.91,-32.04,-0.016510181039518,0.1983668194749907,0.1331628046606876,-0.019583300285559064,0.05926161740851032,0.35469776021911165,0.43004509866458773,2026-06-11
075970,동국알앤에스,2026-06-11,-1.0,0.0,-1.0,-23.0,-0.748201438939496,0.4,-0.2069136880301286,-0.9991444716543529,0.2581988564138323,-0.9478593032706493,283,325.0,55.19,32.0,0.41,비금속,2.91,1.47,56.22,3.35,37.27,-0.10184180050900056,0.3535230453410493,0.09754646317975457,-0.010777439412989502,0.029291723057480963,0.3677419916562948,0.4292875327541485,2026-06-11
131220,대한과학,2026-06-11,16.0,0.0,16.0,24.0,-0.24657534298179773,0.5,1.604232188575579,-0.1508574044056527,2.558538088692443,4.01191287286237,284,283.0,8.62,440.0,0.63,유통,1.34,7.61,25.55,12.07,4.86,0.3711800567077808,0.12064702805938862,0.0930247348402693,-0.014144614947212718,0.05588997770989837,0.6265971823701243,0.4287846121355132,2026-06-11
066360,체리부로,2026-06-11,-184.0,0.0,-184.0,-246.0,1.807692306612426,0.4,-1.378482775152378,2.558554814454285,-0.5384864049012968,0.64158563440061,285,383.0,1.61,496.0,0.38,음식료·담배,8.41,27.66,141.78,3.96,-1.9,0.04974625024442306,0.33105485706062127,0.28458042253618254,-0.016817249072108423,-0.05719908326488041,0.591365197504238,0.4256635047525976,2026-06-11
036120,서울평가정보,2026-06-11,43.0,14.0,57.0,119.0,0.889596602370617,0.5,1.0668753181213815,2.2713553768697983,-0.07543908550999734,3.262791609481182,286,581.0,8.48,195.0,1.74,IT 서비스,-1.78,22.28,23.53,3.08,10.47,0.29973509538670917,0.08176382807836209,0.21145785664509692,-0.015046262573505262,0.05402672664247733,0.6319372441791402,0.42517485843378333,2026-06-11
238490,힘스,2026-06-11,-2.0,0.0,-2.0,-24.0,-0.3169398912702678,0.2,1.118303566261977,-0.19030960375491734,-1.183215723286636,-0.2552217607795765,287,290.0,10.69,240.0,0.4,기계·장비,0.2,3.89,22.63,22.28,-97.03,-0.03578378713818488,0.37525217278359635,0.06778492181587958,-0.028144282953645468,0.07569747390065229,0.4548064984082979,0.42508441823549453,2026-06-11
086670,비엠티,2026-06-11,43.0,46.0,89.0,-449.0,-0.5265515035370486,0.4,-0.017038220412937444,-0.8603995976974701,2.330300550923344,1.4528627328129367,288,1519.0,7.55,2027.0,1.02,기계·장비,2.0,14.15,86.6,-2.81,-36.2,0.12711911863041406,0.15808148924888313,0.174491061095565,-0.023555601486694874,-0.012259840946250508,0.4238762265419168,0.42481658678877193,2026-06-11
095610,테스,2026-06-11,6428.0,-8819.0,-2391.0,28542.0,0.4035212015987042,0.8,0.7677290876935685,1.171365798801881,0.145643800341795,2.0847386868372446,289,33028.0,59.13,2885.0,7.72,기계·장비,-1.61,17.58,31.33,15.09,36.45,0.18738219658820848,-0.0006197164001101929,0.21016377627386135,-0.008576672894536421,0.0637351690832683,0.4520847526506916,0.42444908900122325,2026-06-11
224110,에이텍모빌리티,2026-06-11,5.0,11.0,16.0,-44.0,0.006124234206616563,0.2,1.4946176483898659,0.6906839513316276,0.0,2.1853015997214937,290,416.0,4.05,2020.0,0.56,전기·전자,5.55,11.37,73.83,-63.63,-74.09,0.19697305159734413,0.28527619705073665,0.12110376247206658,-0.0415845419119806,0.018785383353012393,0.5805538525611792,0.4242628905913438,2026-06-11
045340,토탈소프트,2026-06-11,40.0,26.0,66.0,297.0,-0.3259972490610733,0.9,1.423117317271338,-0.9494352729641848,1.570100939823054,2.0437829841302073,291,596.0,9.76,713.0,2.17,IT 서비스,1.02,24.76,55.82,29.0,43.34,0.18347618198307683,0.06083007510413743,0.22933738969494358,-0.004732612634231216,0.02189086678787565,0.49080190093580234,0.4239664895763307,2026-06-11
085810,알티캐스트,2026-06-11,7.0,0.0,7.0,-19.0,-0.6638655465009533,0.5,-0.06611975676356531,-1.5428218129446385,1.326263212573116,-0.28267835713508793,292,190.0,-18.87,-77.0,0.35,IT 서비스,-0.14,-4.83,50.66,979.59,0.0,-0.03840236914955894,0.1177194604663151,0.016008606249393806,0.17709016192027127,0.027026234915771122,0.2994420944021923,0.42392038510017854,2026-06-11
109960,앱토크롬,2026-06-11,-1.0,0.0,-1.0,-9.0,-0.8550724639781558,0.1,0.4793860582407394,-0.6295839294039722,1.3662598221280038,1.216061950964771,293,199.0,-3.43,-526.0,0.06,유통,-1.63,-2.48,4.64,-27.52,0.0,0.10453502774026809,0.3004198713271,0.02311486711633044,-0.022765445284586967,0.06973870046058783,0.4750430213596994,0.42249548033817186,2026-06-11
081580,성우전자,2026-06-11,-10.0,0.0,-10.0,-74.0,-0.7533206831587627,0.2,0.17312708353454087,-0.8225672149207335,-1.6630854299891102,-2.3125255613753026,294,362.0,2.93,798.0,0.31,전기·전자,-1.68,11.22,40.21,2.56,17.41,-0.2319923285909231,0.4977825057389895,0.1201359514690044,-0.014057894578756485,0.043488566471500054,0.4153568005098144,0.4224516062801918,2026-06-11
037460,삼지전자,2026-06-11,-108.0,356.0,248.0,2227.0,-0.7106292390733899,0.9,-1.0405736743040241,-0.6561301402749894,1.9001382412125272,0.20343442663351374,295,6756.0,8.93,4636.0,1.27,전기·전자,0.49,38.27,176.79,113.54,1240.31,0.007959028839959657,0.11937194973547727,0.2946645356878873,0.20030955366543043,-0.056867196476835594,0.5654378714519191,0.42238137505404927,2026-06-11
131100,티엔엔터테인먼트,2026-06-11,4.0,-2.0,2.0,38.0,0.5853658517251636,0.7,0.2669276998084257,0.8790056681961308,-0.1793987162310532,0.9665346517735033,296,262.0,10.55,77.0,0.35,오락·문화,5.73,3.34,86.75,-4.88,-28.29,0.08073718737620389,0.37196536539952657,0.14197660875335724,-0.0227222560890577,-0.028954125275755107,0.543002780164275,0.42191617647323815,2026-06-11
009300,삼아제약,2026-06-11,-1.0,0.0,-1.0,0.0,-0.8807394156444712,0.5,-0.9280570683178989,-0.9306212492845901,-0.6278955068086873,-2.4865738244111766,297,861.0,6.65,2031.0,0.36,제약,1.58,3.97,9.84,-28.05,-72.0,-0.2485916056752131,0.5097128273343022,0.09764934443870832,-0.03419515466100056,0.06057137287846947,0.3851467843152664,0.4201100099111342,2026-06-11
084370,유진테크,2026-06-11,-19897.0,16921.0,-2976.0,7386.0,-0.2914880952393605,0.7,-0.5791697796910451,-0.4044072940289264,0.7888105599688461,-0.19476651375112541,298,40859.0,96.22,1853.0,8.75,기계·장비,15.11,12.78,22.85,22.51,104.65,-0.030018068026023328,-0.004665693250504738,0.16024277544126003,0.0036226365048360643,0.07539497883630465,0.2045766295058727,0.41987260077996363,2026-06-11
451250,삐아,2026-06-11,29.0,2.0,31.0,116.0,-0.07407407430789381,0.7,0.3400519635613944,-0.17169507939507314,2.169897816159326,2.3382547003256473,299,749.0,15.61,469.0,1.62,화학,2.09,12.21,25.13,31.03,133.63,0.21156044737794044,0.035536040976011596,0.14615960820436139,0.009871509871732999,0.054907147020847605,0.458034753450894,0.4196441409733153,2026-06-11
054300,팬스타엔터프라이즈,2026-06-11,12.0,0.0,12.0,80.0,-0.5030303032110193,0.5,1.1385478702929805,-0.6278842808561385,1.5275249983186487,2.038188587755491,300,481.0,15.41,54.0,0.98,기계·장비,0.12,6.67,76.54,-9.0,-82.47,0.1829426349431726,0.14582374698438882,0.0966975014647612,-0.032061559723442885,0.0015724333598279858,0.3949747570287077,0.41801118773944307,2026-06-11
408920,메쎄이상,2026-06-11,-5.0,0.0,-5.0,159.0,-0.03127383698750408,0.5,1.4699700021351905,-0.2706708171683703,0.6278955068086852,1.8271946917755053,301,1310.0,8.44,359.0,1.61,일반서비스,0.5,23.58,37.32,25.76,50.7,0.1628197903862938,0.15172666254010503,0.17287070799609197,-0.004217954350064226,0.024234278514983266,0.5074334850874098,0.41800765847768245,2026-06-11
318000,KBG,2026-06-11,-2.0,0.0,-2.0,33.0,-0.512195122347809,0.4,1.976926276184938,-0.8858901018667824,0.08345760831381997,1.1744937826319755,302,287.0,11.06,297.0,0.61,화학,2.66,6.22,14.16,-11.97,38.14,0.10057060125299964,0.15820013793918136,0.09241759722239588,-0.013680773574889496,0.06619971812305095,0.40370728096273834,0.41767107222116207,2026-06-11
119850,지엔씨에너지,2026-06-11,-2014.0,551.0,-1463.0,-182.0,0.38208244900542665,0.7,-0.31224186654645664,1.9765017839947807,0.5384863777168349,2.2027462951651593,303,3495.0,8.75,2428.0,1.57,전기·전자,-0.7,19.71,63.99,-16.37,-70.62,0.19863678169306342,0.10042309952870293,0.17491405424232476,-0.03166026740376343,0.02601558329013073,0.4683292513504584,0.4155225847275032,2026-06-11
099430,바이오플러스,2026-06-11,234.0,-8.0,226.0,1911.0,-0.5866245392393372,0.6,0.39437902941580455,-0.9686390284419717,1.8708285183869866,1.2965685193608194,304,2798.0,18.53,245.0,1.6,제약,-0.77,8.54,49.48,15.35,-20.36,0.11221307526916478,0.1474576058011546,0.12975563328487383,-0.017460448944015605,0.022993532478539067,0.3949593978897167,0.4127821590877997,2026-06-11
091340,S&K폴리텍,2026-06-11,-1.0,0.0,-1.0,-6.0,-0.583333333512931,0.6,-0.6453127883728659,-0.9439561222015936,-0.6324554320336926,-2.221724342608152,305,255.0,8.06,270.0,0.25,전기·전자,-0.23,6.05,75.19,-8.36,29.27,-0.2233324628524383,0.5403560827368986,0.08677873223012733,-0.01435950797016811,0.017786087426744004,0.4072289315711635,0.41174155436420656,2026-06-11
195500,마니커에프앤지,2026-06-11,-267.0,197.0,-70.0,-7.0,-0.1973559964502296,0.7,-0.11050916224461449,-0.38056403768514707,1.682857474129464,1.1917842741997025,306,371.0,12.34,188.0,0.48,음식료·담배,29.83,4.16,58.46,6.41,82.67,0.10221962466438023,0.1058075206782743,0.04945717466520178,-0.0030294510952558313,0.03814607263448611,0.2926009415470866,0.4095458284241917,2026-06-11
083930,아바코,2026-06-11,-227.0,383.0,156.0,-243.0,0.1849192100113135,0.4,0.23269972841434874,0.5320547280106168,0.8143449605196555,1.579099416944621,307,1883.0,6.62,1939.0,0.83,기계·장비,1.1,15.48,79.94,-43.12,0.0,0.13915852460639858,0.19673478373952244,0.1883233384095983,-0.02586118206844949,-0.0031024903619082784,0.4952529743251616,0.4092445307953715,2026-06-11
025550,한국선재,2026-06-11,60.0,0.0,60.0,138.0,-0.7734829592826175,0.6,0.4453115876959794,-1.3486075107426954,2.194690137850952,1.291394214804236,308,665.0,200.38,13.0,0.51,금속,1.56,-0.45,110.77,23.9,3109.69,0.11171959309614517,0.1994641092294582,0.021142008647373825,0.22207876072634022,-0.011559818534024671,0.5428446531652927,0.408788893913417,2026-06-11
460940,피앤에스로보틱스,2026-06-11,-2.0,0.0,-2.0,381.0,-0.6924862199281271,0.5,0.6316664539418612,-0.6230151193962273,2.0412412023193465,2.0498925368649803,309,709.0,24.86,212.0,1.62,의료·정밀기기,1.35,0.0,5.13,-55.36,0.0,0.184058860355941,0.10231323769291269,0.07216097886053545,-0.02829014477578778,0.05740954163785255,0.3876524737714539,0.40859044992320026,2026-06-11
049720,고려신용정보,2026-06-11,60.0,-6.0,54.0,-21.0,-0.7381864623494713,0.2,1.6540907768290531,-0.7659027090142272,2.3303005509233436,3.21848861873817,310,1391.0,10.5,927.0,2.21,일반서비스,1.25,23.16,79.77,2.74,10.84,0.2955098442628044,0.1209232248920292,0.1708552846542614,-0.015055538239398786,0.007526882890867649,0.5797596984605639,0.4077391306319802,2026-06-11
123330,제닉,2026-06-11,182.0,-199.0,-17.0,-334.0,-0.60298427925914,0.4,-0.8644643707019337,-0.5318247104061311,-0.8298299406099782,-2.226119021718043,311,1777.0,9.41,2370.0,4.25,화학,-0.67,53.68,50.14,64.66,-9.31,-0.22375159082860538,0.003463954287067189,0.5182265857372677,-0.005937141128564854,0.02916173195556905,0.3211635400227337,0.40589130767111253,2026-06-11
015750,성우하이텍,2026-06-11,220.0,-660.0,-440.0,91.0,-0.5303607934217853,0.7,-0.6107670130509008,-0.4443337410973793,0.2581987897471859,-0.7969019644010941,312,5288.0,3.13,2110.0,0.31,운송장비·부품,2.16,9.73,140.81,1.97,-6.45,-0.08744474389898241,0.2941801802109166,0.10924902116064175,-0.01792780157270972,0.011521526888949314,0.3095781827888155,0.40582036100524344,2026-06-11
246690,TS인베스트먼트,2026-06-11,,,0.0,0.0,-1.0,0.2,0.44698079231298266,-0.761050142987779,-1.2379723029052547,-1.552041653580051,313,626.0,7.79,169.0,0.63,금융,0.0,8.19,27.26,11.48,0.0,-0.1594636926628809,0.3179037593542507,0.1755271800211021,-0.015026103324930649,0.029861302760866654,0.34880244614840794,0.40542558411156604,2026-06-11
032850,비트컴퓨터,2026-06-11,37.0,0.0,37.0,-44.0,-0.7624434389409,0.6,0.2126476589619853,-0.7867904918830323,1.8389492512476917,1.2648064183266448,314,697.0,9.47,443.0,0.88,IT 서비스,1.33,10.7,13.49,11.83,18.86,0.1091838699978843,0.16120293189665186,0.12797197248492567,-0.011990249002370015,0.06401879951148325,0.45038732488857514,0.40419356504423476,2026-06-11
155650,와이엠씨,2026-06-11,-26.0,0.0,-26.0,-71.0,-0.8382889932438775,0.3,0.5643764126890367,-0.7155318879876073,-0.23204772698459084,-0.3832032022831614,315,626.0,48.53,68.0,0.51,전기·전자,1.54,3.05,46.0,14.61,5051.32,-0.04798959357433982,0.24751396052891628,0.06742251216888338,0.22023520978261696,0.03923421102069566,0.5264162999267724,0.4033511246325522,2026-06-11
053610,프로텍,2026-06-11,-801.0,1301.0,500.0,1515.0,-0.7351239346328771,0.8,0.23035643128184602,-0.980457132082412,1.6749037039306403,0.9248030031300742,316,7605.0,19.51,4331.0,2.18,기계·장비,9.74,18.29,24.24,105.28,428.35,0.07675716949533751,0.05798088599738069,0.21754792431368364,0.07096111758844427,0.07348376002065364,0.49673085741549977,0.40045127870350067,2026-06-11
330350,위더스제약,2026-06-11,29.0,0.0,29.0,-99.0,-0.5404984424749614,0.5,-0.6726372121743484,-0.456307516614959,0.370479245641008,-0.7584654831482993,317,870.0,18.2,362.0,0.93,제약,0.46,5.22,44.64,28.21,-28.43,-0.08377899170283004,0.21800249881911013,0.10643115210997897,-0.01617774202993371,0.027581745080346914,0.2520586622766723,0.39898487710806174,2026-06-11
366030,공구우먼,2026-06-11,-33.0,0.0,-33.0,187.0,-0.8590308370168255,0.3,1.4042509286827733,-1.1232327520759582,0.29580394540498667,0.5768221220118018,318,1073.0,14.39,329.0,1.3,섬유·의류,4.53,13.38,8.78,-6.13,-29.36,0.04356964458147487,-0.007907364529197502,0.3209544546976323,-0.023138607074749115,0.09024032408002058,0.4237184517551811,0.39892455415475697,2026-06-11
031980,피에스케이홀딩스,2026-06-11,-1163.0,-1435.0,-2598.0,29263.0,0.6231993034636234,0.4,0.9792688765276835,0.4550201640470488,-0.5400616811173249,0.8942273594574073,319,28872.0,31.49,4252.0,5.7,기계·장비,-3.46,20.41,21.06,-10.16,-3.86,0.07384111866839814,0.010268963960061994,0.23959636634808262,-0.019927566723878496,0.07785618867804228,0.38163507093070653,0.39805926733955865,2026-06-11
478440,미래에셋비전스팩6호,2026-06-11,1.0,14.0,15.0,92.0,2.3986928037934128,0.3,2.327914535620107,0.6695397381565753,1.7999285177503566,4.797382791527039,320,142.0,63.91,32.0,1.04,금융,-0.73,0.0,17.23,0.0,0.0,0.44609165073272217,0.20266932360666964,-0.12107726715955013,-0.017304248086388457,0.03724928664570861,0.5476287457391619,0.3978867847436659,2026-06-11
064800,포니링크,2026-06-11,-8.0,0.0,-8.0,-49.0,-0.5726495727338627,0.4,0.6810844958921297,-0.4796211283905139,0.5209744819541361,0.722437849455752,321,662.0,4.18,620.0,0.3,유통,-2.81,-9.08,25.06,-4.52,0.0,0.057457262679532974,0.2719109440060044,-0.022614085012311422,-0.018201217975046063,0.056214505407068995,0.3447674091052489,0.39556187434120643,2026-06-11
177900,쓰리에이로직스,2026-06-11,28.0,0.0,28.0,11.0,-0.5648272768643121,0.4,1.0936201192892037,-0.5725447229980125,0.7292344359927263,1.2503098322839175,322,505.0,4.56,1151.0,0.99,전기·전자,3.96,24.55,47.13,27.93,0.0,0.10780130607968029,0.17703316750713857,0.20614208927446498,-0.011761688575280744,0.038403913670193246,0.5176187879561963,0.39480231380638275,2026-06-11
049070,인탑스,2026-06-11,93.0,-4.0,89.0,-87.0,-0.7100859339704647,0.3,-0.45513108536492597,-0.7148791871010571,-1.6664479468672517,-2.8364582193332346,323,3130.0,19.32,942.0,0.43,전기·전자,-2.99,3.26,17.8,0.9,2395.46,-0.2819606719185419,0.3032828190219098,0.06877744757317047,0.2175145334167993,0.059954905962437244,0.3675690340557749,0.3946249735441759,2026-06-11
032300,한국파마,2026-06-11,33.0,0.0,33.0,66.0,0.0027855150410067697,0.7,0.6146828616213018,-0.21819112321841644,0.9096168040281987,1.306108542431084,324,943.0,24.86,348.0,1.32,제약,0.58,5.42,57.31,-2.36,-2.92,0.11312292339733139,0.1644091784883792,0.10783624133738227,-0.018231850253038747,0.01557086622396149,0.3827073591940156,0.3936927800856864,2026-06-11
104460,디와이피엔에프,2026-06-11,14.0,0.0,14.0,119.0,-0.20898437507724765,0.2,1.3820721125223554,-0.2820486428757627,-0.30175634203999185,0.7982671276066009,325,1039.0,4.15,2378.0,0.62,기계·장비,1.96,13.37,64.09,-35.26,-70.84,0.06468922913051789,0.2821697026656215,0.16637889846026727,-0.035443489879428136,0.018690904046774058,0.4964852444237526,0.3921677169012405,2026-06-11
063760,이엘피,2026-06-11,40.0,0.0,40.0,31.0,-0.4791666667829241,0.5,-0.6411398543330116,-0.3004098746674855,-1.247219051146874,-2.188768780147371,326,261.0,10.04,279.0,0.37,의료·정밀기기,3.32,9.15,17.83,372.03,0.0,-0.22018943514728748,0.47862084641558034,0.13676563991975535,0.05652312086876382,0.04647996089382407,0.49820013295063603,0.3919692483013425,2026-06-11
040420,정상제이엘에스,2026-06-11,83.0,-6.0,77.0,84.0,0.2779060813061034,0.2,2.056592448861158,0.6388172961348711,0.9466847022216653,3.642094447217695,327,890.0,13.43,423.0,1.02,일반서비스,0.53,8.08,34.0,-1.24,1.66,0.3359098482548153,0.19226312421889546,0.09849198942853572,-0.017289226055827635,0.025540958219861094,0.63491669406628,0.39135691553639584,2026-06-11
017480,삼현철강,2026-06-11,12.0,1.0,13.0,99.0,0.6101694908431483,0.6,0.001264780256176512,0.9221818955943935,-0.41464417758926364,0.5088024982613063,328,780.0,14.39,351.0,0.4,금속,1.1,2.83,11.1,-14.78,-63.4,0.03708249807331978,0.26821864638258613,0.06570871068039835,-0.030209141311238797,0.056303486105755134,0.3971041999308206,0.39100723259371106,2026-06-11
032860,더라미,2026-06-11,-2.0,0.0,-2.0,-9.0,-0.8191214470985317,0.6,-0.27781510244458973,-0.7560583772218911,0.1847872699987904,-0.8490862096676904,329,321.0,13.03,61.0,0.57,일반서비스,3.92,4.57,9.16,36.88,0.0,-0.09242164359051361,0.30564346004094006,0.0816488086432375,-0.009985608817872435,0.035317441312983165,0.3202024575887747,0.3907046952210522,2026-06-11
092130,이크레더블,2026-06-11,39.0,0.0,39.0,60.0,-0.3489030433087963,0.5,1.0308605538587265,-0.6966982330223268,1.3262631183423668,1.6604254391787665,330,1685.0,13.09,1069.0,3.94,IT 서비스,1.01,40.95,68.72,13.4,10.27,0.14691472483316823,0.0233261663265134,0.3460590187582573,-0.013029770662246455,0.009052446468136978,0.5123225857238295,0.39048322648859457,2026-06-11
073560,우리손에프앤지,2026-06-11,-3.0,0.0,-3.0,80.0,-0.019607843329488728,0.5,0.7518187230603746,0.549584486464993,-0.9211322456709666,0.38027096385440096,331,1093.0,4.59,344.0,0.33,음식료·담배,-0.32,8.14,67.47,2.25,262.06,0.024824228347011604,0.2807755119325144,0.08927804813441469,0.02436040938868528,0.027835704719780252,0.4470739025224062,0.3894854735857234,2026-06-11
035890,서희건설,2026-06-11,136.0,22.0,158.0,570.0,-0.8953343977311454,0.7,0.5470151098209777,-0.6592549131015516,1.7748236724299244,1.6625838691493504,332,5320.0,4.37,530.0,0.4,건설,4.28,12.0,51.35,-33.21,-79.45,0.14712057794841232,0.1654221031569465,0.1293057698529306,-0.036390903803607676,0.033266564782447806,0.43872411193712957,0.38859274666945975,2026-06-11
145020,휴젤,2026-06-11,1648.0,-1793.0,-145.0,1494.0,-0.5792510071140435,0.5,-0.16050039054932475,-0.4715332056917248,0.0,-0.6320335962410495,333,30206.0,21.63,11348.0,2.79,제약,2.51,16.4,9.63,29.86,22.26,-0.07172096890813838,0.10374426307750517,0.18497563992182373,-0.00787752203390542,0.06077044821863056,0.26989186027591566,0.38838554618733234,2026-06-11
473980,노머스,2026-06-11,75.0,357.0,432.0,858.0,0.06701555453988872,1.0,-1.134250347939468,0.5131460006398434,1.006993002716779,0.38588865541715434,334,1604.0,10.67,1359.0,1.54,오락·문화,15.81,14.17,11.64,-2.94,-12.98,0.025359997088380784,0.08250014015092663,0.28692883957795545,-0.019929237173806864,0.08250284120989025,0.4573625808533463,0.3883089172757299,2026-06-11
086960,MDS테크,2026-06-11,-73.0,0.0,-73.0,272.0,-0.6224708941011935,0.6,-0.06979006715143393,-0.650298290716647,1.5491931384829933,0.8291047806149123,335,1040.0,11.18,221.0,0.68,IT 서비스,-1.4,6.67,42.69,15.69,205.54,0.06763026823073945,0.2061070152702495,0.09891773127892481,0.018137746737433836,0.0349581891753306,0.42575095069267815,0.388233850191195,2026-06-11
170790,파이오링크,2026-06-11,-21.0,0.0,-21.0,40.0,0.2663398689706684,0.3,1.1039155334928978,1.1842001968112543,-2.011478875864154,0.2766368544399982,336,525.0,7.39,1109.0,0.6,전기·전자,1.49,8.53,16.03,6.94,0.0,0.014940468132761557,0.23994881730823714,0.10277987414742233,-0.015927042106900897,0.06125546021941889,0.4029975777009391,0.3881813333400974,2026-06-11
053060,세동,2026-06-11,0.0,-1.0,-1.0,-70.0,-0.7815533981112734,0.3,0.7665049736057696,-0.8630302799184115,0.7292343790159962,0.6327090727033543,337,237.0,4.03,333.0,0.59,운송장비·부품,3.63,17.56,215.43,25.59,48.91,0.048899677549019756,0.1279031428949855,0.19474104186018426,-0.004533230433909136,-0.00359563114245699,0.3634150007278234,0.38725502509281573,2026-06-11
110790,크리스에프앤씨,2026-06-11,-1.0,0.0,-1.0,-7.0,-0.5370370376800411,0.2,0.8450886286928585,-0.9703676165016218,-0.054519708955386936,-0.17979869676415028,338,770.0,5.99,548.0,0.19,섬유·의류,1.7,-2.89,98.84,3.63,0.0,-0.028590562016023488,0.4327191049925083,0.04817822353971009,-0.016583893950143522,0.003522848218410464,0.43924572078446183,0.38704367264254846,2026-06-11
054040,한국컴퓨터,2026-06-11,-37.0,0.0,-37.0,-79.0,-0.5884773662890141,0.4,-0.6202515775563469,-1.4845916093634033,-1.0596094304218082,-3.164452617341558,339,793.0,3.86,1279.0,0.4,전기·전자,2.6,15.79,78.03,22.47,402.13,-0.3132420521499142,0.3814091804833111,0.14962192669563265,0.050403897137035955,0.015699322404242367,0.2838922745703079,0.3838584263924733,2026-06-11
473000,에스케이증권제12호스팩,2026-06-11,0.0,0.0,0.0,41.0,1.9078014122529048,0.1,1.8091503734534413,-0.017491815357216303,1.9321830994920377,3.7238416575882627,340,68.0,81.8,25.0,1.04,금융,0.0,1.65,22.12,0.0,0.0,0.3437062179061982,0.20170822945390024,-0.06132179245282532,-0.017304248086388457,0.03364736828111467,0.5004357751019993,0.3817438998134007,2026-06-11
040300,YTN,2026-06-11,8.0,0.0,8.0,303.0,-0.028749028975427637,1.0,1.3650237769277458,0.07712957982043847,1.5157294216952775,2.957882778443462,341,1094.0,-5.18,-443.0,0.43,오락·문화,-0.65,-7.99,57.63,0.54,0.0,0.27065542470479675,-0.005853694369325196,-0.009667784159172606,-0.017197087966947064,0.014257522495007672,0.2521943807043595,0.3815519951487306,2026-06-11
016670,디모아,2026-06-11,1.0,0.0,1.0,0.0,-0.9290780142346965,0.5,-0.1687289408806362,-1.6100730022144643,1.183215723286636,-0.5955862198084645,342,274.0,3.19,841.0,0.21,유통,-0.19,0.0,59.6,22.45,56.74,-0.06824492100138507,0.38855780170338333,0.04029786731012314,-0.003924803643724682,0.03333861426365368,0.39002455863205043,0.38111974640041746,2026-06-11
263690,디알젬,2026-06-11,17.0,-1.0,16.0,-8.0,0.28550074680769777,0.5,-0.2077050361502433,1.047213161357342,-1.4270120087526357,-0.5875038835455368,343,580.0,8.55,599.0,0.61,의료·정밀기기,4.49,10.65,36.16,17.1,50.34,-0.06747409492833722,0.30023990738171796,0.1473565679622504,-0.005993107822957336,0.030705219552245967,0.40483449214491984,0.3810324575657144,2026-06-11
014620,성광벤드,2026-06-11,3867.0,-4441.0,-574.0,223.0,-0.5648836934780102,0.5,0.19691341251330505,-0.011029221917706679,1.4270118814799408,1.6128960720755392,344,7410.0,21.97,1270.0,1.35,금속,-3.46,6.27,8.1,-7.16,-38.86,0.1423817687414157,0.0952275084681709,0.11244939817844846,-0.024837214388467945,0.058346125956455844,0.38356758695602294,0.37833129542133953,2026-06-11
066620,국보디자인,2026-06-11,186.0,68.0,254.0,1330.0,3.5636623743315097,0.7,2.285957202289479,2.5720335829307714,-1.1346171613106357,3.723373623909615,345,1853.0,4.67,5293.0,0.52,건설,7.39,15.49,44.16,0.24,-9.58,0.34366158074302783,0.1184093739347176,0.1568262643209107,-0.018763413489980632,0.03586886384523287,0.6360026693539084,0.37823938247769995,2026-06-11
054800,아이디스홀딩스,2026-06-11,-3.0,0.0,-3.0,-100.0,-0.7896440129705125,0.1,0.7053870785766279,-1.4611268814265084,-1.673319913068165,-2.4290597159180454,346,1445.0,3.7,3775.0,0.33,일반서비스,-1.34,12.45,40.22,20.58,46.74,-0.24310638791732822,0.5434463273611433,0.11946198943758221,-0.0058687470717386616,0.02309290166433697,0.43702608347399563,0.37809246670371405,2026-06-11
100120,뷰웍스,2026-06-11,-92.0,0.0,-92.0,315.0,-0.064748201490606,0.6,-0.6421095984882823,2.3851705790451856,-1.2379723029052534,0.5050886776516499,347,2243.0,11.11,2251.0,0.9,의료·정밀기기,0.6,12.25,46.98,6.93,329.47,0.03672830472335036,0.20154658033610992,0.15865355787424515,0.03589172510386625,0.0213935609970973,0.45421372903466894,0.37697500092307135,2026-06-11
256150,한독크린텍,2026-06-11,1.0,0.0,1.0,-7.0,-0.8534798536408646,0.3,-0.6616550327811023,-1.23681812250994,0.3338304332552806,-1.5646427220357617,348,397.0,10.96,431.0,0.63,기계·장비,0.0,6.36,10.84,4.88,-32.88,-0.16066547786433008,0.2378801778292309,0.09347343682765571,-0.021507375176093618,0.09190845939455544,0.24108922101101837,0.3766761109258649,2026-06-11
036620,감성코퍼레이션,2026-06-11,390.0,-510.0,-120.0,28.0,-0.5322876925349946,0.5,1.0058208284894536,-0.8889104886011988,1.0420639527360198,1.1589742926242748,349,4552.0,15.92,316.0,4.16,유통,-0.4,30.74,37.23,23.85,11.82,0.09909048125437837,0.015166700733607874,0.2532839261638278,-0.010712231861381158,0.04815429709162706,0.4049831733820599,0.37659570635635514,2026-06-11
019010,베뉴지,2026-06-11,-65.0,3.0,-62.0,-224.0,-0.6453373016136903,0.4,-0.3861115267436468,-0.6656453583717608,-1.1832157816199496,-2.234972666735357,350,2241.0,2.39,1945.0,0.48,유통,-2.52,37.35,55.57,13.93,-10.29,-0.22459597792150066,0.23520390358803214,0.2990821645835737,-0.016158378502608636,0.0360076889975264,0.3295394007450229,0.3765410234809946,2026-06-11
258790,소프트캠프,2026-06-11,81.0,0.0,81.0,83.0,-0.5523959979643398,0.5,0.43735839519886377,-0.5660310049481787,1.9614163342355393,1.8327437244862244,351,211.0,5.58,756.0,1.31,IT 서비스,0.96,21.18,178.35,14.12,0.0,0.16334901101687274,0.12602257175854692,0.20352741859879395,-0.014502209407661608,-0.10005422172201424,0.37834257024453777,0.37646861897649625,2026-06-11
253450,스튜디오드래곤,2026-06-11,345.0,-382.0,-37.0,-148.0,-0.781570659358481,0.4,0.5512170688115132,-1.1019739053165571,1.0892129142138243,0.5384560777087803,352,7455.0,72.3,343.0,0.93,오락·문화,4.2,1.94,27.68,16.05,50.11,0.03991061007630009,0.11579467567483291,0.12323855490714877,-0.00623765031564664,0.058700820940555246,0.3314070112831904,0.37585722027604124,2026-06-11
121800,비덴트,2026-06-11,,,0.0,0.0,-1.0,0.0,0.0,0.0,0.0,0.0,353,2563.0,29.12,114.0,0.4,전기·전자,0.0,-6.59,9.24,37.39,0.0,-0.011442856345630146,0.32130452414826227,0.00522452503875286,-0.009884402038400006,0.0662445920865971,0.3714463828895821,0.3750107801369198,2026-06-11
035460,기산텔레콤,2026-06-11,-5.0,-3.0,-8.0,229.0,-0.3445692884355407,0.7,-0.11074203174759946,0.19923798751200103,-0.6324554320336907,-0.5439594762692891,354,400.0,9.24,290.0,0.72,전기·전자,1.52,12.01,96.97,-1.86,612.69,-0.06332119119208662,0.1965817197500713,0.1252330894184653,0.07869370809770453,0.0017826570781223122,0.33896998315227683,0.3736377008875109,2026-06-11
298540,더네이쳐홀딩스,2026-06-11,11.0,-1.0,10.0,26.0,-0.763700351971287,0.5,1.4738488456623144,-1.4772294152844188,1.5491931384829927,1.5458125688608884,355,887.0,13.22,463.0,0.25,섬유·의류,3.2,-0.62,73.78,-12.43,0.0,0.13598390163132953,0.29197291508126344,0.0862361242605757,-0.019770915280196866,0.02765276099980009,0.522074786692772,0.37339385760487986,2026-06-11
093190,빅솔론,2026-06-11,6.0,-25.0,-19.0,-49.0,-0.6530920060724255,0.4,0.1222781938260007,-1.4731966937246328,-0.1972026399922116,-1.5481211398908437,356,1481.0,8.09,952.0,0.56,전기·전자,2.26,12.17,20.19,35.31,390.53,-0.15908978664448825,0.25229766899667044,0.12626542115506498,0.05112741843594675,0.05819879032730383,0.32879951227049775,0.37244207758357817,2026-06-11
080530,코디,2026-06-11,-4.0,0.0,-4.0,4.0,-0.6855345913433013,0.4,-0.14387758555340932,-0.5360295117229937,0.3006361090109384,-0.3792709882654647,357,260.0,4.51,520.0,0.44,화학,-2.29,8.95,41.16,-13.87,-47.04,-0.04761457167583903,0.2646370563986954,0.11691103461484427,-0.027455370951744558,0.038405787424829405,0.34488393581078547,0.3713461720031737,2026-06-11
298830,슈어소프트테크,2026-06-11,-114.0,0.0,-114.0,2113.0,-0.5556923708446613,0.7,0.3339205833581809,-0.7798558524960185,1.9001382412125258,1.4542029720746883,358,2684.0,30.8,163.0,2.49,IT 서비스,0.9,9.58,38.88,19.55,0.0,0.12724693951455857,0.033301457380852176,0.11989734465596266,-0.013424654873278688,0.03875000168836969,0.3057710883664643,0.37084088283036964,2026-06-11
178780,일월지엠엘,2026-06-11,2.0,0.0,2.0,6.0,-0.4366197191033525,0.6,0.7146782781124472,-0.644975689479469,2.0412412023193447,2.110943790952323,359,426.0,7.67,298.0,1.02,유통,-2.14,14.84,23.33,-63.59,0.0,0.1898814216688931,0.08338201525768686,0.14311872330846334,-0.029923344373940893,0.057360286868508165,0.44381910272961056,0.37051423155234375,2026-06-11
082920,비츠로셀,2026-06-11,-53329.0,54604.0,1275.0,14594.0,-0.00010492078795476534,0.9,0.15609069542569307,0.8314053941057529,1.3542924181725629,2.341788507704009,360,20765.0,36.46,1256.0,6.23,전기·전자,1.44,20.52,14.68,26.56,34.53,0.21189747256171856,0.015239637588939458,0.18014023365886062,-0.006602500145165029,0.06224740838152355,0.46292225204587717,0.3691021248291607,2026-06-11
318020,포인트모바일,2026-06-11,2.0,0.0,2.0,26.0,-0.9128540305580475,0.6,1.3683031653875761,-1.7467559410222302,1.0801233622346509,0.7016705865999968,361,300.0,10.77,226.0,0.57,전기·전자,2.31,13.82,82.36,43.6,0.0,0.05547665371273213,0.2399972117785988,0.13691134218874915,-0.008652060664823963,0.012517740521343749,0.43625088753659985,0.368229833494405,2026-06-11
084110,휴온스글로벌,2026-06-11,320.0,-4.0,316.0,813.0,-0.5893548132451389,0.6,-0.0014892642229266027,-0.28137933368765894,0.7637625574926439,0.48089395958205833,362,3368.0,11.66,2281.0,0.59,제약,-0.93,4.41,42.53,-1.08,-64.15,0.03442081355849658,0.32310780356044105,0.10074054073899559,-0.027608413284823607,0.029581978260060666,0.46024272283317025,0.36795734113872774,2026-06-11
327260,RF머트리얼즈,2026-06-11,1051.0,-232.0,819.0,-1578.0,0.1040101221327343,0.9,-0.23781560505517726,-0.044655008284900495,1.5248891905501378,1.24241857721006,363,5522.0,77.66,837.0,10.38,전기·전자,7.08,18.74,41.31,69.6,281.87,0.10704870374266776,0.003003006334760938,0.1686555430891892,0.04084147723941597,0.04268031241348885,0.36222904281952273,0.3670010665491296,2026-06-11
452300,캡스톤파트너스,2026-06-11,-23.0,0.0,-23.0,163.0,-0.7888386123998735,0.5,1.156975754319448,-1.8459073880255834,0.0,-0.6889316337061353,364,404.0,21.92,130.0,1.24,금융,2.89,5.78,14.82,1.93,0.0,-0.07714743093057526,0.19037424932035313,0.08824797151006769,-0.016921249881718288,0.039024465226214,0.2235780052443413,0.3661961158360764,2026-06-11
065680,우주일렉트로,2026-06-11,168.0,0.0,168.0,1083.0,-0.6042766803649988,0.6,1.3732124990143626,-1.438953398803621,2.153945510867339,2.0882046110780808,365,3668.0,17.1,2322.0,1.21,전기·전자,4.06,8.66,32.98,-0.42,-31.07,0.18771274764240048,0.1101395262491907,0.10361864368340956,-0.022274445709450353,0.04880099996188273,0.42799747182743314,0.36565218197720417,2026-06-11
282880,코윈테크,2026-06-11,-3.0,12.0,9.0,42.0,-0.6259497370177703,0.4,0.8485902654613248,-0.7973267078330811,2.2918794769074124,2.343143034535656,366,1430.0,84.34,145.0,0.82,기계·장비,0.33,3.08,69.88,50.82,0.0,0.21202665607555798,0.16132561311852747,0.0593607529253781,-0.007219290178959383,0.010729783944170235,0.43622351588467445,0.36500651311448523,2026-06-11
420570,제이투케이바이오,2026-06-11,-14.0,0.0,-14.0,149.0,-0.7950688440798845,0.7,0.11266028859906706,-0.6318329146184144,0.44370595091997317,-0.07546667509937416,367,430.0,16.01,459.0,1.27,화학,1.24,12.36,21.09,53.08,476.55,-0.018640240730594688,0.05436895690661368,0.1475054014676827,0.06818345221626071,0.05906594257717408,0.3104835124371365,0.3648722345370255,2026-06-11
019540,일지테크,2026-06-11,-48.0,-3.0,-51.0,164.0,-0.4838212635220478,0.2,0.30456166449311456,-0.6407913073638466,-1.9549343427795316,-2.2911639856502637,368,812.0,1.78,3380.0,0.41,운송장비·부품,0.17,29.63,216.71,8.2,15.16,-0.22995503900105874,0.28129569539498517,0.32652759228719297,-0.013292558342829193,-0.0038549444938399987,0.3607207458444502,0.3642949125463667,2026-06-11
425420,티에프이,2026-06-11,-1173.0,1454.0,281.0,-148.0,-0.6135091926505175,0.6,0.1744079975062126,-0.6665067489877926,1.420569534733483,0.928470783251903,369,7075.0,36.4,1574.0,6.09,전기·전자,12.8,18.45,34.1,46.82,12.01,0.0771069718861487,0.01573155556135474,0.1667844418166023,-0.006124073705646869,0.047978050375544055,0.3014769459340029,0.363747988034289,2026-06-11
032280,삼일,2026-06-11,-3.0,0.0,-3.0,-37.0,-0.4047619052933673,0.1,-0.2934475298459457,-0.5352800777942706,-1.2353645664124435,-2.06409217405266,370,212.0,17.21,76.0,0.33,운송·창고,0.15,1.96,70.9,5.46,43.7,-0.20829881645109036,0.3479530717351998,0.05883978707815177,-0.009347377394695372,0.011582217408857957,0.20072888237642378,0.3635481169734195,2026-06-11
192250,케이사인,2026-06-11,24.0,0.0,24.0,221.0,-0.7283406755071578,0.7,0.2090225928239268,-1.728125577065157,2.1715865613857437,0.6524835771445137,371,584.0,24.4,339.0,0.63,IT 서비스,1.97,3.9,60.0,14.69,0.0,0.05078560546750563,0.2102838913648341,0.07894744638050735,-0.014389095948251246,0.01773082051372777,0.3433586677783236,0.3633810540277262,2026-06-11
061040,알에프텍,2026-06-11,16.0,0.0,16.0,-35.0,-0.8881036513743045,0.5,0.5795306443954502,-0.6892774001067548,2.2116267587490435,2.101880003037739,372,602.0,-1.55,-4285.0,0.22,전기·전자,2.31,-15.7,105.29,3.64,0.0,0.18901699289262655,0.3001607216873017,-0.053553863213891245,-0.016581909503487202,-0.004330682706107833,0.41471125915644197,0.36336850888052796,2026-06-11
045390,대아티아이,2026-06-11,257.0,28.0,285.0,-169.0,-0.2573273720999174,0.7,0.25509305992471104,0.037718970059521066,2.012390804515363,2.305202834499595,373,1987.0,9.72,290.0,1.29,전기·전자,-1.05,12.25,92.9,-27.57,-60.36,0.20840823505803738,0.11535027082714422,0.1267815870233648,-0.032269101606077155,0.004773197092763734,0.42304418839523306,0.3629375681889863,2026-06-11
071200,인피니트헬스케어,2026-06-11,78.0,0.0,78.0,149.0,0.9733333330175999,0.6,-0.29614246810893186,1.1110182460322389,-0.09473307988159944,0.7201426980417076,374,1808.0,6.85,1082.0,0.94,IT 서비스,2.49,21.48,27.78,31.13,232.68,0.05723837020909062,0.16136645320525433,0.20569026533869472,0.02547045244030185,0.049797014521633196,0.4995625557149747,0.36117635784517327,2026-06-11
015710,코콤,2026-06-11,1.0,0.0,1.0,-43.0,-0.7916666667317709,0.3,1.1668791132034242,-0.9671883794485795,0.4830457748730085,0.6827365086278532,375,524.0,21.82,137.0,0.41,전기·전자,3.1,1.94,20.52,4.48,95.05,0.053670878687385376,0.3164483119227069,0.060260710746223134,-0.0014652586436632118,0.057956314109900466,0.48687095682255266,0.3601424108355528,2026-06-11
413640,비아이매트릭스,2026-06-11,15.0,0.0,15.0,18.0,-0.7725284340054607,0.5,1.5365656343647178,-1.002882809715693,2.1539455108673384,2.6876283355163633,376,475.0,19.85,332.0,1.47,IT 서비스,1.38,0.0,45.78,21.74,0.0,0.24488080160222256,0.07917026016582412,0.050830438761796826,-0.012990061055544143,0.03188293965688156,0.3937743791311809,0.3599345034143909,2026-06-11
094820,일진파워,2026-06-11,-877.0,-4.0,-881.0,-1066.0,0.22801285191045007,0.4,0.20387493757764383,0.6969681299827056,1.0394060985313034,1.940249166091653,377,1999.0,10.77,1231.0,1.36,건설,5.32,17.16,109.7,55.36,205.09,0.17360198672688976,-0.001187747903663333,0.16999509691733672,0.025939268287416058,0.012147767798649666,0.3804963718266289,0.35970286298703313,2026-06-11
238120,얼라인드,2026-06-11,0.0,0.0,0.0,-11.0,-0.34937611425596005,0.4,0.713798360868107,-0.7170220138029747,1.183215781619949,1.1799921286850812,378,477.0,16.41,202.0,1.25,의료·정밀기기,4.57,7.63,57.02,-7.16,-56.7,0.10109498781135332,0.13967944898653778,0.12603349950336037,-0.02764318218392257,0.012753168030951952,0.3519179221482808,0.35968310391907926,2026-06-11
479960,위너스일렉,2026-06-11,-4.0,0.0,-4.0,-14.0,-0.5872033025013819,0.7,-0.21995011171339718,-0.5917204206408442,1.96141622325995,1.1497456909057084,379,504.0,15.15,485.0,1.5,전기·전자,0.68,9.82,34.46,-4.62,-15.37,0.09821033390699885,0.09137569701848093,0.11110304877375722,-0.020638535816953317,0.047713530865649494,0.3277640747479332,0.3585618818760845,2026-06-11
047080,한빛소프트,2026-06-11,14.0,-1.0,13.0,-40.0,-0.31995540696878855,0.6,0.2234916819599239,-0.9899543399745446,-0.8175337643343653,-1.583996422348986,380,375.0,7.19,210.0,2.17,IT 서비스,-4.19,46.14,21.85,2.84,0.0,-0.1625112729817413,0.07066873175450102,0.38347626735854123,-0.016740665235992973,0.05569870696318749,0.3305917678584954,0.3582785324584782,2026-06-11
038460,바이오스마트,2026-06-11,-9.0,0.0,-9.0,34.0,-0.678469678489308,0.6,-1.082023347156325,-1.096892310578305,0.2581988397471723,-1.9207168179874579,381,680.0,7.82,344.0,0.47,전기·전자,1.13,8.17,63.41,29.43,79.37,-0.19462486635889964,0.2979040987852501,0.10045712774007305,0.001019703979514742,0.026441753611627546,0.23119781775756576,0.35741980025662795,2026-06-11
419540,비스토스,2026-06-11,-1.0,0.0,-1.0,36.0,-0.6029776675923132,0.6,0.4099632870417166,-0.6026392936569079,1.4278209701292484,1.235144963514057,382,120.0,70.27,37.0,3.06,의료·정밀기기,7.88,4.47,10.4,-4.93,9.72,0.10635500690801934,0.0448730725812477,0.10372194442717075,-0.01675376823796542,0.05287419592753522,0.2910704516060076,0.3571363847283039,2026-06-11
263920,휴엠앤씨,2026-06-11,2.0,9.0,11.0,12.0,0.874999994140625,0.4,-0.11354005616426043,1.2066401341492003,-1.366259962127961,-0.27315988414302095,383,305.0,19.41,160.0,0.67,기타제조,9.14,4.9,44.59,15.82,60.73,-0.037494576288781674,0.2933473863071803,0.21167298754968572,-0.004612923867456843,0.03434841999737259,0.49726129369800015,0.35710318712189393,2026-06-11
336570,원텍,2026-06-11,14243.0,-16989.0,-2746.0,-3299.0,0.22414641090400855,0.3,-0.46812382981494477,1.0777766152094155,-0.44922347869543494,0.1604293066990357,384,6656.0,18.91,393.0,4.21,의료·정밀기기,2.91,22.67,39.08,7.57,-23.03,0.003857557849189768,0.04043868204045098,0.23222520467611088,-0.01942429990081045,0.028192276578028398,0.2852894212429696,0.3567311259222861,2026-06-11
121600,나노신소재,2026-06-11,742.0,-590.0,152.0,-1337.0,-0.6593648093046289,0.5,0.7115541637406518,-0.7705311223325275,1.4204388932308665,1.361461934638991,385,6801.0,414.18,134.0,2.67,화학,1.83,2.95,50.91,46.47,837.9,0.1184020699902798,-0.008252049356459823,0.06307930408199071,0.12370673650151741,0.028369090228249405,0.32530515144557753,0.35563497814917344,2026-06-11
439090,마녀공장,2026-06-11,-20.0,342.0,322.0,1878.0,-0.03839619438400288,0.9,1.3293455957001468,-0.9263939634801617,2.3028306141774166,2.7057822463974017,386,2310.0,25.3,557.0,1.88,화학,1.59,10.13,9.16,0.17,326.41,0.24661217077317343,0.019381327621874767,0.12749794161963882,0.03406894648178827,0.07134674232642531,0.4989071288229006,0.35516334389010995,2026-06-11
054220,비츠로시스,2026-06-11,-10.0,0.0,-10.0,73.0,-0.8532110092012457,0.4,0.6595524223133112,-0.6206221462276651,0.9970971652422002,1.0360274413278463,387,199.0,12.44,127.0,0.99,전기·전자,0.83,10.51,135.12,66.8,39.83,0.0873648321975431,0.1398801200884558,0.11555497938784333,0.0022165247086145495,-0.026249063206538734,0.318767393175918,0.3541003445873684,2026-06-11
264850,이랜시스,2026-06-11,264.0,0.0,264.0,708.0,-0.1466510447428241,0.7,0.9873152611056307,0.08553450424845332,1.663085429989112,2.7359351953431963,388,1584.0,37.36,140.0,2.94,전기·전자,-0.57,8.53,26.4,2.4,-15.39,0.24948790848942132,0.0384201814343195,0.10277987414742233,-0.019248599968021744,0.053635828781622444,0.42507519288476386,0.3539668808357166,2026-06-11
039340,한국경제TV,2026-06-11,-9.0,0.0,-9.0,-16.0,-0.27272727338842984,0.5,-1.1037658693656338,-0.026931042969726374,-0.15227738882972425,-1.2829743011650845,389,1033.0,38.17,123.0,0.52,오락·문화,0.86,2.75,16.74,47.72,0.0,-0.13380228438929326,0.23031774330889182,0.13407985748959797,-0.007834468642419243,0.07493486718410418,0.2976957149508815,0.35392445447114274,2026-06-11
237880,클리오,2026-06-11,-48.0,-1.0,-49.0,306.0,-0.1172595521293881,0.5,1.1066964079089914,-0.20756056303817425,0.07543908550999782,0.9745749303808149,390,1905.0,14.03,751.0,0.76,화학,1.44,7.39,36.33,-4.84,404.16,0.08150400233953475,0.11651166811065258,0.10291478467630234,0.04530366225498641,0.04337781280528904,0.3896119301867651,0.3526900957929954,2026-06-11
038620,위즈코프,2026-06-11,16.0,0.0,16.0,-50.0,-0.39950980414233717,0.4,-0.14244375202151463,-0.42356921068141073,-0.25819886974716244,-0.8242118324500878,391,276.0,6.3,289.0,0.29,유통,-3.19,8.51,18.6,9.4,-6.0,-0.09004933218371126,0.25814521316685884,0.09926050103962954,-0.016382579371414695,0.06049297259833891,0.31146677524970134,0.35241623385811083,2026-06-11
318410,비비씨,2026-06-11,0.0,1.0,1.0,-197.0,0.7440912791171741,0.5,-0.4619537032404872,0.7166226522680471,0.40824826546386417,0.6629172144914242,392,329.0,5.97,992.0,0.41,화학,1.02,6.99,20.12,0.74,-30.63,0.051780679099942085,0.26911463668516755,0.09932600264077877,-0.02197504441357259,0.0600644652726287,0.4583107392849446,0.35156641685569634,2026-06-11
052900,KX하이텍,2026-06-11,611.0,128.0,739.0,412.0,-0.26988714562476146,0.7,0.02070658905967823,-0.8451726298122411,1.2353646704664707,0.4108986297139079,393,1068.0,18.27,80.0,0.69,화학,-0.88,6.13,42.54,35.75,351.31,0.027745240617856368,0.1272452144597201,0.09161012126440309,0.045046008924153946,0.03698520874469808,0.3286317940108316,0.35111773859370743,2026-06-11
114810,한솔아이원스,2026-06-11,-1245.0,1714.0,469.0,558.0,0.0815602836681053,0.4,1.8975538575502509,-0.04001763444435663,0.2958039454049875,2.1533401685108817,394,4334.0,15.59,988.0,2.02,기계·장비,13.15,11.37,17.06,0.64,-40.21,0.19392483587015774,0.06690696998016861,0.14557848144668337,-0.023501681003479716,0.08335609893890848,0.46626470523243846,0.3500976642702043,2026-06-11
115440,우리넷,2026-06-11,50.0,2.0,52.0,1162.0,-0.7670509125882495,0.9,0.5736449597308089,-1.4132523724939996,2.3268268677208863,1.4872194549576956,395,1047.0,28.53,340.0,1.05,전기·전자,6.24,1.07,38.04,-22.54,0.0,0.13039577730336657,0.12024931753293969,0.054647406928462386,-0.021777190849738542,0.04508303129503123,0.3285983422100613,0.34796958717079624,2026-06-11
019570,플루토스,2026-06-11,-8.0,0.0,-8.0,15.0,-0.9004975124543122,0.5,0.6488987937111098,-0.9945431051562768,-0.3993665605104298,-0.7450108719555968,396,311.0,7.58,43.0,0.54,금융,-1.21,7.29,77.41,24.69,160.0,-0.08249580268759106,0.3542355403871835,0.14293328472652495,0.012760981160578716,-0.007078616663343084,0.42035538692335306,0.34674122200908264,2026-06-11
108230,톱텍,2026-06-11,22.0,1.0,23.0,-57.0,-0.4028103045195772,0.4,0.527971292570135,-0.7898852424610338,1.932183332825287,1.6702693829343884,397,1319.0,-8.94,-388.0,0.33,기계·장비,1.46,-0.76,40.31,-28.03,0.0,0.1478535583908927,0.15924239845542001,0.01942395225929701,-0.02286665206405939,0.05138787054762365,0.355041127589174,0.3462007639210387,2026-06-11
039860,나노엔텍,2026-06-11,-86.0,0.0,-86.0,-574.0,-0.3198141107101876,0.6,-1.0087606468863928,-1.051511130292926,1.427011881479942,-0.6332598956993769,398,1676.0,93.62,47.0,1.83,의료·정밀기기,4.51,3.19,9.38,31.74,82.74,-0.07183792316060855,0.08173022829938091,0.09468435249757495,0.002008162248531099,0.0537520047746934,0.1603368246595718,0.34619429873917906,2026-06-11
368770,파이버프로,2026-06-11,-54.0,-37.0,-91.0,1356.0,-0.7831108829596624,0.7,-0.19678161626993465,-1.0337465754825452,0.44922347869543017,-0.7813047130570498,399,4991.0,53.67,283.0,10.87,의료·정밀기기,6.52,29.71,51.31,100.63,282.77,-0.08595720767025405,0.005645833057095917,0.28193196028888773,0.0471407718852789,0.01766717638121987,0.2664285339422284,0.3459753647889908,2026-06-11
204610,티쓰리,2026-06-11,-21.0,14.0,-7.0,2.0,-0.7308819611193007,0.4,0.2751737528589817,-1.1889750959642944,0.4605661228354839,-0.45323522026982876,400,1366.0,8.95,275.0,1.34,IT 서비스,-2.38,19.22,16.64,37.8,69.85,-0.054668665522866346,0.10537642163970669,0.18939681989810866,0.0011833308189321485,0.06088383641015171,0.30217174324403284,0.34590442914346786,2026-06-11
310200,애니플러스,2026-06-11,56.0,0.0,56.0,94.0,-0.015271195521547432,0.7,-0.0826719359110576,0.08994440067779072,0.575649637365771,0.5829221021325042,401,1168.0,9.11,246.0,0.97,오락·문화,2.75,8.11,87.14,0.83,-53.87,0.04415140999795207,0.13699508851341272,0.2058198350722246,-0.025612492216892453,-0.0295328527012564,0.3318209886654405,0.3456656646924808,2026-06-11
469900,하나31호스팩,2026-06-11,0.0,0.0,0.0,11.0,-0.4366197191033525,0.3,1.3772800443870037,-0.4021541109794946,1.5275249983186487,2.5026509317261576,402,116.0,51.88,40.0,1.07,금융,0.0,3.25,14.96,0.0,0.0,0.22723919388785344,0.2000877161377085,-0.0033770897069103504,-0.017304248086388457,0.038921342819047716,0.44556691505131085,0.3455272930050658,2026-06-11
362320,청담글로벌,2026-06-11,-50.0,0.0,-50.0,202.0,0.5373563216181962,0.8,0.2652062675342537,0.15385654038242538,1.6329929618554802,2.052055769772159,403,861.0,45.73,89.0,0.95,유통,1.75,6.41,83.49,-10.98,-29.19,0.18426517153536778,0.05922600367309963,0.08471037990778894,-0.024074325220709552,0.017516233273028554,0.32164346316857534,0.34415955673234466,2026-06-11
018120,진로발효,2026-06-11,9.0,-1.0,8.0,-16.0,-0.46360153318359976,0.3,1.9717494216967641,-0.6837681736114658,2.552524848753602,3.8405060968389004,404,1120.0,9.22,1834.0,1.22,음식료·담배,1.26,13.13,23.03,-17.86,-29.1,0.354832702705449,-0.07119220534879185,0.13920421863978463,-0.025425468853129646,0.07868950606600983,0.476108753209322,0.3432667512986509,2026-06-11
084650,랩지노믹스,2026-06-11,49.0,-8.0,41.0,1509.0,0.5522606625543331,0.9,1.764703031398461,0.48833948583056946,1.6137016420624737,3.866744159291504,405,828.0,-1.29,-867.0,0.55,일반서비스,-9.2,-35.39,57.52,-18.13,0.0,0.3573350710785014,0.026129444517376286,-0.11010432645092685,-0.02090204987430048,0.01628399838289527,0.26874213765354565,0.34165042586438754,2026-06-11
214150,클래시스,2026-06-11,-16888.0,17740.0,852.0,2904.0,-0.1608108498959473,0.4,1.4575879751683303,0.4162655989341125,1.0394060985313034,2.913259672633746,406,30563.0,23.26,2014.0,5.52,의료·정밀기기,8.2,27.42,51.12,13.05,-4.08,0.26639964366580765,0.027918987350245672,0.26576314347734525,-0.015356268776427026,0.017830689793925814,0.5625561955108973,0.3413039115374663,2026-06-11
061090,세나테크놀로지,2026-06-11,-12.0,792.0,780.0,2160.0,0.41622525783618003,0.7,1.8954142837016708,1.3195531184954814,1.166091655501844,4.381059057698996,407,2420.0,13.21,3277.0,1.37,전기·전자,6.26,0.0,17.31,-4.31,-36.83,0.4063861524184213,0.10219440106413373,0.04774368843995205,-0.023952358155049945,0.060314946406460415,0.5926868301739175,0.34117165440369124,2026-06-11
089030,테크윙,2026-06-11,-9683.0,9740.0,57.0,87211.0,3.097966543116468,0.8,1.7652176459262374,1.3630694543688489,1.1514153866341477,4.279702486929234,408,22640.0,242.46,252.0,10.15,기계·장비,6.08,2.36,222.93,51.5,444.03,0.3967196049150202,-0.008721215123006271,0.05187260280048789,0.0627549952550896,-0.19971053241222303,0.30291545543536835,0.3409341467764534,2026-06-11
078070,유비쿼스홀딩스,2026-06-11,131.0,-42.0,89.0,289.0,-0.7212993724775951,0.7,-1.752835629790081,-1.293738374512934,-1.0561471971399734,-4.102721201442988,409,1723.0,8.84,1143.0,0.63,금융,1.0,10.26,8.02,13.39,28.18,-0.4027263132124559,0.31362145735060754,0.2504931391986296,-0.010214777350125182,0.04403326786000516,0.1952067738466612,0.3407368516002216,2026-06-11
131030,옵투스제약,2026-06-11,4.0,0.0,4.0,-213.0,-0.24211248293119547,0.5,-0.43013098389712145,-0.1088075959313214,0.19225943680265042,-0.3466791430257924,410,1022.0,9.08,638.0,0.63,제약,-0.17,7.41,15.84,13.09,4.9,-0.044506232296950145,0.31294566322510137,0.12181687915004517,-0.013935909980654734,0.0548835060167242,0.43120390611426584,0.3398346917122287,2026-06-11
097870,효성오앤비,2026-06-11,3.0,0.0,3.0,-31.0,-0.5771670191168781,0.5,1.0658591772313994,-0.8835600802101256,1.417512432840063,1.599811529861337,411,426.0,15.17,331.0,0.51,화학,0.0,0.81,15.64,-16.41,-2.42,0.1411338738302791,0.18810439467293316,0.0438793201919396,-0.02094135521000726,0.06467619895885213,0.4168524324439967,0.33953443815867557,2026-06-11
136410,아셈스,2026-06-11,-16.0,0.0,-16.0,11.0,-0.37422552675819853,0.7,-0.5287199287137598,-0.6836885351759303,1.1832158788421503,-0.029192585047539854,412,603.0,6.83,801.0,0.81,화학,1.86,11.24,59.81,-20.86,-42.36,-0.01422700253335129,0.12719676297115687,0.13745681176821672,-0.028106404473777876,0.019207387146243038,0.24152755487848743,0.3389093783408773,2026-06-11
318010,팜스빌,2026-06-11,4.0,0.0,4.0,-16.0,0.1904761883503403,0.4,-0.7395685840005305,2.335973390961542,-0.48304577487300976,1.1133590320880018,413,282.0,9.77,364.0,0.41,음식료·담배,2.3,5.48,2.34,-25.51,0.0,0.0947400767418231,0.16343798142737107,0.06266409752433773,-0.022366571506666214,0.10236558954606134,0.400841173732927,0.33882361963627494,2026-06-11
352090,스톰테크,2026-06-11,9.0,0.0,9.0,122.0,-0.6048109966654267,0.6,1.5626121256888883,-1.601047543681011,1.9321834494919319,1.8937480314998092,414,962.0,9.42,380.0,1.03,화학,-0.28,12.01,56.83,8.62,27.92,0.16916709490803383,0.08669763205288718,0.14436521718659956,-0.011202252554676165,0.02227501357145416,0.41130270516429857,0.3387241705840577,2026-06-11
0008Z0,에스엔시스,2026-06-11,-200.0,122.0,-78.0,527.0,-0.6237030542242357,0.4,1.3209992618848467,-0.44011108729195847,1.417512432840063,2.298400607432951,415,2454.0,11.99,2169.0,1.42,전기·전자,0.58,13.34,37.79,7.71,3.69,0.20775949516313702,0.10091239210907718,0.13381434697895012,-0.01519385736205313,0.045266725399124685,0.47255910228823583,0.33851946645897024,2026-06-11
060570,드림어스컴퍼니,2026-06-11,7.0,14.0,21.0,3.0,-0.6136865343442539,0.2,1.6379402400021577,-0.46931538013594626,-0.35841930715637843,0.8102055527098331,416,618.0,23.83,35.0,0.43,오락·문화,7.34,-1.71,41.63,-9.75,0.0,0.06582781691520466,0.28747384462702413,0.07438577166524817,-0.019239083576302534,0.03800018610531689,0.44644853573649135,0.3376941237513093,2026-06-11
051500,CJ프레시웨이,2026-06-11,80.0,-75.0,5.0,637.0,-0.7133121842422754,0.8,0.7133544411107078,-0.9606648212501113,1.8536701802793287,1.6063598001399253,417,2802.0,5.59,4221.0,0.62,유통,0.64,11.97,303.27,4.42,3.79,0.1417583934369741,0.1392153543104099,0.12323355776161452,-0.015831011792950295,-0.12804437342934025,0.26033192028670793,0.33758464622300366,2026-06-11
024120,KB오토시스,2026-06-11,34.0,-6.0,28.0,22.0,1.1739130419029613,0.2,1.0688378514546109,2.790255872718517,-0.7299882451097899,3.1291054790633384,418,370.0,9.5,339.0,0.31,운송장비·부품,-0.77,5.02,124.12,12.04,95.72,0.286985223124698,0.23845299753741786,0.05782278648697059,0.0001403641060361966,0.014902729884716817,0.5983041011398396,0.33751750732824504,2026-06-11
039440,에스티아이,2026-06-11,590.0,916.0,1506.0,372.0,-0.1577689026612512,0.4,1.1418711293067394,-0.13100470209107046,1.4333426246899637,2.4442090519056325,419,4637.0,30.7,974.0,1.59,기계·장비,10.54,6.34,23.39,-12.17,-93.04,0.22166549301002436,0.07843636763240965,0.09326543265751985,-0.0343531337752658,0.07465249095108771,0.4336666504757758,0.3373666802477663,2026-06-11
093380,풍강,2026-06-11,1.0,7.0,8.0,13.0,-0.5884773667631966,0.5,0.020958552048353472,-0.6893430472236863,0.24247193698850888,-0.42591255818682394,420,241.0,30.12,81.0,0.33,금속,2.31,6.03,30.12,-2.87,0.0,-0.052062857049484795,0.30838482687094215,0.10918841998091007,-0.01787378427675291,0.043353149452312646,0.3909897549779272,0.33726085837578046,2026-06-11
471050,대신밸런스제17호스팩,2026-06-11,-1.0,-1.0,-2.0,39.0,-0.6557971016363422,0.7,-0.05989139469210004,-0.4642301938208587,1.5909346763207324,1.0668130878077737,421,126.0,77.22,27.0,1.06,금융,0.0,2.46,10.05,0.0,0.0,0.09030091134723264,0.19948881714931554,-0.03198728668770587,-0.017304248086388457,0.04253799295609398,0.2830361866785478,0.3370283202588218,2026-06-11
173130,오파스넷,2026-06-11,-156.0,0.0,-156.0,2308.0,-0.24633715296882164,0.4,2.1837935962452444,-1.101008880722071,-0.3415649905319902,0.7412197249911832,422,971.0,7.66,971.0,1.5,IT 서비스,0.54,24.12,116.8,-14.14,148.97,0.05924852190118353,0.09870322577083523,0.22472331664982184,0.0033205191447601185,-0.0387980379483774,0.34719754551822335,0.3365950079165029,2026-06-11
453450,그리드위즈,2026-06-11,79.0,0.0,79.0,53.0,-0.27927927931406304,0.6,0.20121557169608767,-0.19292760640810985,1.4978615891728209,1.5061495544607988,423,1193.0,55.63,270.0,0.9,일반서비스,-0.92,2.91,36.29,-6.9,0.0,0.1322011728953951,0.1961578421784132,0.07368308781600244,-0.018673516279250728,0.024639664086074882,0.4080082506966348,0.33657042519287494,2026-06-11
206650,유바이오로직스,2026-06-11,36.0,-6.0,30.0,194.0,-0.24140617394367303,0.7,-0.14240106000158093,-1.0995635042720455,0.7292343790159918,-0.5127301852576346,424,3357.0,17.58,520.0,2.53,제약,-0.11,15.61,53.06,38.45,345.78,-0.06034280091339977,0.11239297640265039,0.17942553747358067,0.04471202241884612,0.019599771917697722,0.29578750729937514,0.3348246022022425,2026-06-11
060540,에스에이티,2026-06-11,-14.0,0.0,-14.0,-60.0,0.028571427983673514,0.2,-1.4453319760231103,1.2501218535067968,-2.0970062248419503,-2.2922163473582637,425,331.0,42.2,30.0,0.32,의료·정밀기기,0.64,3.96,57.75,18.84,0.0,-0.23005540451622847,0.5299049481034351,0.10012102889272242,-0.013565550585877561,0.012124932287397562,0.3985299541814491,0.33423009036930273,2026-06-11
228340,동양파일,2026-06-11,2.0,0.0,2.0,-35.0,-0.6052631584141275,0.3,0.1053309131747996,-0.6921845633793373,2.330300805468714,1.7434471552641764,426,340.0,-6.44,-264.0,0.28,비금속,-2.24,-4.2,4.6,-20.4,0.0,0.15483264624920057,0.1416754348655572,-0.09199721270414139,-0.021352519265285603,0.10002045091916903,0.2831788000644998,0.333924021255122,2026-06-11
241710,코스메카코리아,2026-06-11,1419.0,-1889.0,-470.0,223.0,-0.6789792352430536,0.7,0.7769534211982211,-0.4406582408090471,1.6785737124641351,2.014868892853309,427,7519.0,16.55,4255.0,2.98,화학,0.57,23.45,117.01,56.42,78.03,0.18071859621707143,0.0026849988076562636,0.24700438340257372,0.006164963349888423,-0.039674569740359635,0.39689837203683015,0.3337896409341361,2026-06-11
008370,원풍,2026-06-11,-1.0,0.0,-1.0,4.0,-0.8173515984237193,0.7,-0.6016521026323883,-0.5478652849103751,0.906419414380651,-0.24309797316211257,428,589.0,8.29,592.0,0.57,화학,-0.1,0.0,0.0,0.0,0.0,-0.03462752101714988,0.17921520125373774,0.036612036570004364,-0.017304248086388457,0.08077609066700714,0.2446715593872109,0.33373991392732166,2026-06-11
047820,초록뱀미디어,2026-06-11,20.0,0.0,20.0,-7.0,-0.522184300504374,0.5,-0.2531114375959427,1.0378422482341143,-0.4596963458970904,0.3250344647410812,429,929.0,33.04,115.0,0.34,오락·문화,0.0,0.1,30.08,-51.14,0.0,0.01955623004610843,0.36480825168357633,0.09861139842356052,-0.02745270828681984,0.055139421399008876,0.5106625932654343,0.3326771445402527,2026-06-11
025320,시노펙스,2026-06-11,1175.0,-718.0,457.0,1031.0,0.18062736985210903,0.7,0.3235005564767538,0.5274267528756782,1.1832158788421505,2.0341431881945824,430,4083.0,55.38,80.0,2.37,전기·전자,5.23,2.64,50.55,-14.9,-80.46,0.18255681834806906,0.04672828143852031,0.06477716209384672,-0.03291624001811331,0.035890978326194804,0.2970370001885176,0.33267444995747264,2026-06-11
083500,에프엔에스테크,2026-06-11,-426.0,0.0,-426.0,510.0,0.4059134520970058,0.5,-0.1790151757961674,0.8250631161439231,0.0,0.6460479403477557,431,1521.0,18.06,1014.0,1.69,기계·장비,5.96,12.36,40.39,-0.85,197.22,0.05017182790638616,0.07902018591768993,0.1558746878684074,0.013546859184346624,0.05127787234240633,0.34989143321923644,0.33167992353203285,2026-06-11
481070,에이유브랜즈,2026-06-11,164.0,-284.0,-120.0,-371.0,0.05420991918886675,0.2,0.5977858901562797,-0.4289579839536687,1.4270118814799426,1.5958397876825536,432,1873.0,21.25,615.0,2.7,유통,5.83,16.08,45.22,136.1,154.01,0.14075508206423087,0.01975401148884454,0.15171022340535964,0.03392756306859782,0.04286250872347743,0.38900938875051033,0.3316570927865069,2026-06-11
059210,메타바이오메드,2026-06-11,50.0,0.0,50.0,101.0,-0.6188630491140732,0.4,1.4930026549282915,-0.6164794431718805,-0.393070576966604,0.483452634789807,433,1005.0,8.87,417.0,0.81,제약,4.82,8.69,48.36,-11.84,-13.59,0.03466483873864658,0.25860042516294784,0.1308094502054263,-0.021791338664033745,0.024055267626064848,0.4263386430690518,0.33153988765362064,2026-06-11
064820,케이프,2026-06-11,-198.0,3.0,-195.0,236.0,-0.2943075117681495,0.8,-0.1543986782788383,-0.4600671386219698,1.9190122597837347,1.3045464428829265,434,3068.0,5.17,1922.0,1.02,운송장비·부품,-1.09,30.54,1451.82,46.38,552.74,0.11297394332260485,0.04472511996867423,0.33646344654473875,0.07883743160762845,-0.25407409560842376,0.31892584583522254,0.3311815664230866,2026-06-11
060850,영림원소프트랩,2026-06-11,5.0,0.0,5.0,6.0,-0.779614325159939,0.2,0.20510651758228454,-0.9618731198724455,-1.3353218166031957,-2.092088418893357,435,444.0,6.92,789.0,0.81,IT 서비스,1.68,15.94,76.96,32.23,2367.01,-0.21096886565080322,0.18612546652851533,0.1657496955418598,0.22373180479105653,0.0008517810856062321,0.3654898822962347,0.33096315081721067,2026-06-11
263600,덕우전자,2026-06-11,28.0,0.0,28.0,-106.0,0.412280701382733,0.3,-0.41416537487517263,0.7723306170932126,-0.7383571569776551,-0.38019191475961517,436,668.0,9.67,434.0,0.63,전기·전자,1.08,20.68,75.74,30.92,8.26,-0.04770240199246515,0.22109524624506086,0.18117256539546028,-0.009869163352929708,0.01738196039773841,0.3620782066928647,0.3309569733532509,2026-06-11
023160,태광,2026-06-11,1703.0,-4178.0,-2475.0,-938.0,0.46179090481517315,0.5,-1.1567051491064664,2.940108093818317,-0.5400616373673354,1.2433413073445152,437,6751.0,10.83,2410.0,1.08,금속,-7.45,13.26,11.54,31.36,26.28,0.10713670607551891,0.12563025903349734,0.20742538818175377,-0.0069475685703378415,0.056003898927652354,0.4892486836480845,0.33064285604855426,2026-06-11
272110,케이엔제이,2026-06-11,-564.0,-29.0,-593.0,-2965.0,-0.5330179929577117,0.3,-1.2154780893266601,-0.8921588258160904,0.2958039454049869,-1.8118329697377633,438,2861.0,11.19,3185.0,2.88,전기·전자,10.03,30.63,142.43,80.78,35.45,-0.18424042967694357,0.05608413002883904,0.24537069526525268,0.00430187200051549,-0.03162027881023132,0.0898959888074323,0.33009799975000126,2026-06-11
044490,태웅,2026-06-11,-54.0,-83.0,-137.0,283.0,-0.40125638006378206,0.5,0.5243649102755445,0.06744242253237961,1.3262631183423654,1.9180704511502897,439,6292.0,25.49,1234.0,1.04,금속,-0.16,4.42,34.43,-12.94,-42.28,0.1714867651885439,0.11438042293101727,0.08731269123909012,-0.026522139906744492,0.04041855686680597,0.3870762963187127,0.32973048668863836,2026-06-11
036930,주성엔지니어링,2026-06-11,68960.0,168848.0,237808.0,182439.0,1.454583649695635,0.5,2.2849409735863047,2.478802156083182,2.153945510867339,6.917688640536825,440,114111.0,325.17,755.0,19.0,기계·장비,23.37,1.16,48.58,-54.59,0.0,0.6000000000000001,-0.015880439050757915,0.03939235259233755,-0.028137342383250975,0.040016806083282785,0.6353913772416115,0.3295669814446025,2026-06-11
193250,링크드,2026-06-11,-1.0,0.0,-1.0,10.0,-0.9038461538923817,0.3,0.9082081423755101,-0.9080938045385032,0.9132323248125922,0.9133466626495991,441,183.0,-6.5,-211.0,0.3,전기·전자,4.66,-7.27,37.83,-5.44,0.0,0.07566455893611473,0.15302597691877032,0.0008371151582042348,-0.018383787067427697,0.04523733434246974,0.25638119828813133,0.32804320538234044,2026-06-11
080580,오킨스전자,2026-06-11,-935.0,498.0,-437.0,1886.0,-0.7090134847425396,0.7,-0.1049783264223212,-0.9052373324350586,0.8500473466839145,-0.1601683121734654,442,3895.0,44.72,413.0,7.37,전기·전자,7.32,23.67,82.77,35.65,118.07,-0.026718379051320226,0.010656139893887973,0.20046426472316675,0.008340966665447437,0.012216482190630488,0.2049594744218124,0.3277649141668175,2026-06-11
060280,큐렉소,2026-06-11,849.0,-627.0,222.0,2977.0,-0.6524505658291758,0.9,0.5739246993065863,-1.327503050682092,2.593354719487051,1.8397763681115453,443,4361.0,157.76,67.0,4.51,유통,4.76,2.22,6.07,-18.34,0.0,0.1640197261285065,-0.00121604520878269,0.05567942393521177,-0.02094372325408325,0.06879160942598783,0.26633099102684016,0.3231723267039015,2026-06-11
468760,유진스팩10호,2026-06-11,0.0,15.0,15.0,53.0,-0.3243243252373996,0.4,0.9157916442630698,-0.24507454440106083,2.133811523803312,2.804528623665321,444,88.0,57.78,36.0,1.03,금융,0.0,2.85,17.67,0.0,0.0,0.2560297797096222,0.20438235720953188,-0.01786326539338909,-0.017304248086388457,0.03692518765175742,0.46216981109113386,0.32228748428318077,2026-06-11
240550,동방메디컬,2026-06-11,-40.0,-12.0,-52.0,-157.0,-0.4936903662899189,0.4,0.08775994755021044,-0.42351004355170074,-0.20835267971885543,-0.5441027757203457,445,1279.0,10.68,572.0,1.03,의료·정밀기기,3.91,11.36,43.43,13.9,41.5,-0.06333485790298982,0.1783997098996406,0.15236960723569806,-0.008018531835481476,0.024448680023971398,0.2838646074208388,0.32052836966616105,2026-06-11
402490,그린리소스,2026-06-11,-84.0,0.0,-84.0,3151.0,-0.751859036536115,0.8,0.4064187373062665,-1.127069651990747,1.9321834106030493,1.2115324959185687,446,1897.0,18.09,619.0,2.65,전기·전자,1.45,19.98,96.43,4.66,196.06,0.10410304595520857,0.05088628878826602,0.1766561140478367,0.014457838471199441,0.0021794363429641665,0.3482827236054749,0.31967217303796436,2026-06-11
066910,손오공,2026-06-11,-62.0,0.0,-62.0,-435.0,5.0,0.0,-2.364783540160844,1.932183558380814,0.0,-0.4325999817800301,447,328.0,33.56,73.0,0.67,유통,-0.61,19.16,115.65,730.91,0.0,-0.05270064794304154,0.09114788764382414,0.17305040106539255,0.12774094247085246,-0.0037833804841294347,0.33545520275289814,0.3186448777885927,2026-06-11
036170,에이치엠넥스,2026-06-11,177.0,0.0,177.0,-4378.0,-0.875382516683947,0.6,-0.7985822036822513,-0.8603770014808917,-0.27003084055866244,-1.9289900457218054,448,2617.0,23.96,178.0,1.9,전기·전자,-7.28,0.0,20.93,202.95,2700.65,-0.19541389807428974,0.0666338516602735,0.04774368843995205,0.25761027810778797,0.057655055779187205,0.23422897591291097,0.31766244770854374,2026-06-11
321260,프로이천,2026-06-11,-314.0,0.0,-314.0,1089.0,-0.6743941781115493,0.7,0.5668801988223718,-0.7157730711507462,0.7992866096039837,0.6503937372756093,449,829.0,21.15,139.0,1.87,전기·전자,16.9,7.25,21.82,-26.93,0.0,0.05058629390621421,0.0692148870521589,0.09452122025462491,-0.02264836293186396,0.0570011047686145,0.24867514304974855,0.3172105598118719,2026-06-11
477340,에이치엠씨제7호스팩,2026-06-11,0.0,0.0,0.0,5.0,0.28205127218934933,0.4,0.017033596609288843,2.0102393581254114,2.0010412017905175,4.028314156525218,450,152.0,63.44,32.0,1.04,금융,-0.25,0.0,8.62,0.0,0.0,0.3727442748580162,0.20270188054686586,-0.12107726715955013,-0.017304248086388457,0.043591314686435345,0.4806559548453788,0.316642888184554,2026-06-11
270870,뉴트리,2026-06-11,-3.0,0.0,-3.0,21.0,0.1985018713125446,0.5,1.2584496622325811,0.39262536556973543,1.0690826148987866,2.7201576427011034,451,323.0,-13.35,-263.0,0.3,음식료·담배,-2.9,-2.57,29.52,1.1,0.0,0.2479831766210884,-0.0025568310103185497,-0.017878121427211003,-0.017085958954193025,0.07126283705752581,0.2817251022868916,0.3160572955447483,2026-06-11
048870,시너지이노베이션,2026-06-11,16.0,-20.0,-4.0,-70.0,-0.6739130435104829,0.5,-0.35580185811971854,-1.4488753250364594,0.7888104821910848,-1.0158667009650932,452,1630.0,52.86,35.0,0.77,의료·정밀기기,4.82,3.04,21.88,-0.78,-20.21,-0.10832778099752116,0.21373646570325064,0.09362525969332545,-0.020637768622113983,0.04299454341246066,0.22139071918940162,0.3158634919313603,2026-06-11
013120,동원개발,2026-06-11,10.0,0.0,10.0,-115.0,-0.7674418604989183,0.2,1.5059463884316997,-1.56542776948635,0.2581988647471635,0.19871748369251313,453,2075.0,7.93,288.0,0.19,건설,0.22,2.52,41.3,-18.0,20.62,0.007509166017414186,0.34720563927101533,0.05455095966483569,-0.017633031443201348,0.0369039925405827,0.4285367260506466,0.3150201137836136,2026-06-11
237820,플레이디,2026-06-11,6.0,0.0,6.0,63.0,-0.037037037572016596,0.5,0.14380122317533892,-0.11480155758826172,-0.545836046926815,-0.5168363813397377,454,392.0,6.67,458.0,0.43,일반서비스,-0.97,0.0,58.9,17.45,0.0,-0.060734415775509636,0.4084922848582731,0.059719083233319294,-0.013841388671106339,0.015740860433277378,0.4093764240782538,0.31484921259593984,2026-06-11
488060,유진스팩11호,2026-06-11,0.0,0.0,0.0,-40.0,5.0,0.3,-1.145077097670152,2.093375594776546,0.9545999726331833,1.902898469739577,455,96.0,225.56,9.0,1.02,금융,0.0,0.0,16.15,0.0,0.0,0.17003978767230052,0.20203803455895894,-0.12107726715955013,-0.017304248086388457,0.03804480235813426,0.27174110934345513,0.3146090404458626,2026-06-11
377450,리파인,2026-06-11,29.0,0.0,29.0,-130.0,-0.7813656239709351,0.4,0.5767356750956774,-0.8680735354256839,0.2581988397471711,-0.03313902058283541,456,1655.0,8.03,1190.0,0.83,IT 서비스,1.92,12.53,6.57,2.05,-9.08,-0.014603380762027763,0.1763760512627733,0.14116533759832062,-0.01832558605002224,0.07090576607059888,0.3555181881196428,0.31453438535430056,2026-06-11
339950,아이비김영,2026-06-11,7.0,-2.0,5.0,-234.0,-0.5477753465613913,0.7,-1.3027565194225006,-0.5730209395770537,-0.25819878974719296,-2.1339762487467473,457,1130.0,5.46,461.0,1.48,일반서비스,0.6,38.02,122.17,6.26,0.0,-0.21496377879769693,0.17702061478726136,0.2421628819390282,-0.016061984479530802,-0.00916083382202993,0.1789968996270319,0.31401121849688923,2026-06-11
041520,이엘씨,2026-06-11,21.0,0.0,21.0,52.0,-0.6853146853421928,0.6,-0.6202119721166947,-0.9209286408225438,0.25819885641383117,-1.2829417565254073,458,1164.0,14.09,678.0,0.65,의료·정밀기기,6.94,6.13,9.07,29.73,0.0,-0.13379918055198867,0.26981768317625904,0.1154425714608653,-0.011404488177142758,0.05401878981647678,0.2940753757244697,0.31320750128563896,2026-06-11
170030,현대공업,2026-06-11,9.0,13.0,22.0,-142.0,-0.3486590039146029,0.3,-0.21894422411740905,0.49887480519456645,-0.3017563420399914,-0.021825760962834007,459,778.0,6.57,772.0,0.47,운송장비·부품,1.5,9.81,72.16,8.34,594.73,-0.013524416066354784,0.14470381673260405,0.11012250285361282,0.0778930016688591,0.02542923124242081,0.344624136431142,0.31266061906279363,2026-06-11
376300,디어유,2026-06-11,-456.0,741.0,285.0,678.0,-0.5376803848333063,0.8,0.3752265420986784,-0.38086840428439034,1.4978615891728244,1.4922197269871125,460,5602.0,30.06,785.0,2.67,IT 서비스,8.01,12.3,18.96,33.4,76.91,0.13087266170005837,0.029527137956755226,0.13950715509772998,0.001420607733867319,0.058574911205361506,0.35990247369377243,0.31225953279963464,2026-06-11
297890,HB솔루션,2026-06-11,-66.0,2.0,-64.0,-476.0,-0.83268356076189,0.3,-0.2865209803176201,-1.3663043221322295,-1.2950781927377648,-2.9479034951876146,461,1276.0,4.82,362.0,0.52,기계·장비,0.29,15.46,27.26,-27.01,0.0,-0.2925893962813969,0.31959293512060855,0.18811533423946245,-0.022664238505114537,0.06933132777369964,0.2617859623472592,0.31204776307910465,2026-06-11
072950,빛샘전자,2026-06-11,46.0,0.0,46.0,780.0,-0.819175942200908,0.6,0.6183148092752295,-1.5719445751230166,1.166091655501845,0.212461889654058,462,829.0,10.98,938.0,0.99,전기·전자,1.28,11.8,40.63,38.45,146.09,0.008819993249672321,0.1427389188329962,0.12387815401417822,0.013303742762213073,0.04317996037662305,0.3319207692356828,0.3083542274514782,2026-06-11
009780,엠에스씨,2026-06-11,19.0,0.0,19.0,-40.0,-0.23395445150435723,0.3,1.3126721449464978,-0.08916551497038172,1.4270118814799395,2.6505185114560557,463,1084.0,4.71,1307.0,0.57,음식료·담배,2.84,12.65,46.72,-0.09,-1.15,0.24134157494530767,0.09311938544698094,0.13440170123646247,-0.01750298607517276,0.051580447697598966,0.5029401232511773,0.3083529237361756,2026-06-11
263860,지니언스,2026-06-11,17.0,3.0,20.0,22.0,-0.8525073746377947,0.5,-0.8626675016698392,-0.8685419496013845,0.8334107188754236,-0.8977987323958001,464,1271.0,16.95,826.0,1.95,IT 서비스,1.6,14.87,32.69,25.5,4670.76,-0.0970674392344035,0.05681427120058103,0.1580355421695469,0.22239627219135175,0.0449104529890815,0.38508909931615765,0.30833400150211293,2026-06-11
037330,인지디스플레,2026-06-11,7.0,0.0,7.0,23.0,-0.03267973894143272,0.4,0.49603940511731354,-0.5564009400488006,-1.1003684129729314,-1.1607299479044184,465,474.0,7.83,138.0,0.26,전기·전자,2.18,1.7,131.76,-14.94,-93.63,-0.12214363375774179,0.5213253785519438,0.05871221314132362,-0.034995623761360645,-0.023780214447522707,0.3991181197266423,0.3079562242143018,2026-06-11
096240,크레버스,2026-06-11,100.0,18.0,118.0,250.0,-0.6948705261572719,0.6,1.2724186762209135,-0.8036741868908549,2.197400876579873,2.666145365909932,466,986.0,15.48,593.0,1.65,일반서비스,0.88,11.69,270.86,-3.01,-7.18,0.2428319344726665,0.13507992395299337,0.11581503291426978,-0.01903087419649771,-0.06768198000223608,0.40701403714119583,0.3065592353500657,2026-06-11
053290,NE능률,2026-06-11,22.0,0.0,22.0,16.0,-0.17197452282039838,0.4,1.4774282578220297,-0.21842273202985804,2.5298217281347677,3.7888272539269394,467,243.0,-4.82,-305.0,0.3,오락·문화,2.29,-6.09,22.69,-9.42,0.0,0.34990400409089095,0.12613640658308475,0.01576243177496744,-0.019173596836643905,0.06610556415402044,0.5387348097663197,0.30625613737798635,2026-06-11
017510,세명전기,2026-06-11,-242.0,0.0,-242.0,-327.0,-0.5207459207593265,0.6,-0.37418756713877954,0.6033597635323874,1.046733959882036,1.275906156275644,468,1264.0,27.0,307.0,1.61,금속,-0.12,6.1,12.57,15.64,51.71,0.11024247077082319,0.08157940207211838,0.11013953862185877,-0.0060673563240307695,0.055302592578911784,0.35119664771968134,0.30575956216887934,2026-06-11
079810,APS이노베이션,2026-06-11,35.0,1.0,36.0,14.0,-0.47379073065328126,0.6,-0.31636287862102247,-0.5636438490604945,0.7245687498094837,-0.15543797787203317,469,792.0,920.0,4.0,0.47,전기·전자,1.24,3.0,32.32,22.47,142.03,-0.026267239072091532,0.2639931912342632,0.06709990850119599,0.009494019132677918,0.049285952396689446,0.363605832192735,0.3052303995865261,2026-06-11
045100,한양이엔지,2026-06-11,-404.0,1078.0,674.0,1776.0,-0.5490932854145638,0.5,-0.023164198817901126,-0.9192055580129814,-0.5384863777168343,-1.4808561345477167,470,5495.0,13.53,2320.0,0.82,일반서비스,6.26,9.15,43.31,26.9,88.64,-0.15267460936956953,0.22695416754017023,0.10362652032319927,0.0019756726898074142,0.02187674495106212,0.2017584961346695,0.3050103062415592,2026-06-11
223250,드림씨아이에스,2026-06-11,6.0,0.0,6.0,205.0,-0.8513612950764667,0.8,0.15468235420124313,-1.3110368667353502,1.8685653903254864,0.7122108777913794,471,967.0,13.14,299.0,1.22,일반서비스,0.9,8.34,84.77,22.87,-59.4,0.05648189910262033,0.16928776035011298,0.09973963244966891,-0.02210855888887327,0.0055589917690636904,0.30895972478259265,0.304634788786756,2026-06-11
043370,피에이치에이,2026-06-11,-164.0,188.0,24.0,454.0,-0.7479126525490729,1.0,-1.1341878486661636,-1.337962069941875,2.0114788758641513,-0.46067104274388715,472,2491.0,5.38,2204.0,0.27,운송장비·부품,-1.33,5.9,35.94,1.87,-21.92,-0.05537783248290114,0.30553502488643625,0.06743108510965226,-0.020380847933649793,0.03276698873233687,0.32997441831187446,0.30242270834229323,2026-06-11
069140,누리플랜,2026-06-11,13.0,0.0,13.0,164.0,-0.6166666666986111,0.6,1.026542084383276,-0.6248278981945447,1.1832158399532675,1.5849300261419987,473,247.0,102.06,16.0,0.59,금속,5.02,3.4,175.41,16.09,282.12,0.13971459966253133,0.175641514810176,0.073453533899552,0.030262024479018282,-0.055571898517122555,0.36349977433415503,0.3011422704818896,2026-06-11
462860,더즌,2026-06-11,60.0,0.0,60.0,765.0,-0.14193867464327858,1.0,0.6758833532049372,-0.3109969057080167,1.7968940661330477,2.161780513629968,474,1751.0,15.44,158.0,2.39,통신,-2.01,16.65,165.61,1.89,49.38,0.1947298058530519,-0.032466683081620144,0.19345207165013859,-0.009162444969938345,-0.14593713178340886,0.20061561766822314,0.3011269718930273,2026-06-11
021650,한국큐빅,2026-06-11,2.0,0.0,2.0,1.0,-0.27536232199117816,0.2,0.7332420386101547,-0.0595206405330081,-1.1660916555018452,-0.49237025742469864,475,334.0,7.25,282.0,0.34,화학,-3.08,4.32,68.16,-9.94,-44.12,-0.058401040176348375,0.31813132123527743,0.07537088255365894,-0.026216210660051694,0.010611856726607865,0.3194968096791441,0.2994253767034124,2026-06-11
130580,나이스디앤비,2026-06-11,-3.0,0.0,-3.0,5.0,-0.9238095238312926,0.7,-1.3878448298609318,-1.1696632832889435,-0.2640368142240155,-2.821544927373891,476,827.0,6.4,839.0,0.72,일반서비스,-1.83,13.01,19.67,3.7,101.76,-0.28053836605260496,0.2737171323614012,0.12214922056002296,-0.0005646618557542889,0.03118093417495124,0.14594425918801618,0.29896648066783144,2026-06-11
045300,성우테크론,2026-06-11,13.0,0.0,13.0,3.0,-0.46115288240808794,0.4,0.27545013774383065,-0.9268553932623608,-0.5916079433099635,-1.2430131988284936,477,303.0,6.39,449.0,0.39,전기·전자,3.8,7.19,34.47,2.06,172.21,-0.12999112650291997,0.3623109884592251,0.09413409585340003,0.010190630551228737,0.04770618310148575,0.3843507714624197,0.2986841782039169,2026-06-11
262840,아이퀘스트,2026-06-11,-3.0,0.0,-3.0,-84.0,-0.07859078628241567,0.4,-1.4135196461360533,-0.13980904691238497,-1.1660916555018455,-2.7194203485502837,478,316.0,5.63,531.0,0.57,IT 서비스,0.67,14.76,78.61,7.56,-38.22,-0.270798572322747,0.2716081769073781,0.15724249836491663,-0.021815446388551735,-0.0007903424436626736,0.13544631411733332,0.29846383730272513,2026-06-11
215200,메가스터디교육,2026-06-11,1513.0,-1706.0,-193.0,-1149.0,-0.37136819864312287,0.3,0.6894527133466479,-0.8956031898413684,-0.6831299110640016,-0.8892803875587221,479,4032.0,4.92,7903.0,0.81,일반서비스,2.1,18.39,91.1,-0.48,-0.83,-0.09625503028654148,0.26384035433674713,0.1479658338434715,-0.017530048233864302,0.003067641608859878,0.30108875126867274,0.2980937070556071,2026-06-11
053270,구영테크,2026-06-11,14.0,-19.0,-5.0,52.0,0.13461538439718934,0.2,0.6901493492030121,-0.0009863720872416875,-1.153020916094038,-0.46385793897826755,480,520.0,2.3,823.0,0.34,운송장비·부품,0.32,16.6,359.52,42.89,11.71,-0.05568177216440463,0.29670779852110607,0.18425926154453157,-0.0069511467986799165,-0.032786616143064516,0.3855475249594886,0.2980445811641177,2026-06-11
389020,자람테크놀로지,2026-06-11,328.0,-692.0,-364.0,-346.0,-0.4841035726092934,0.6,0.3184270266914889,-0.46908444706098607,1.6901109776169976,1.5394535572475005,481,2165.0,97.97,320.0,4.57,전기·전자,-0.79,5.09,84.49,90.74,0.0,0.13537743194348734,0.018215679203637373,0.08058474181052927,0.0007026208730785667,0.010952666754467526,0.24583314058520006,0.29790496233134867,2026-06-11
096530,씨젠,2026-06-11,2294.0,-1419.0,875.0,6748.0,-0.4918089094000039,1.0,-1.0295124359855334,-0.5211230889769758,0.9423022595946026,-0.6083332653679067,482,14702.0,30.47,924.0,1.28,제약,1.44,5.34,22.71,11.33,58.63,-0.06946062828599979,0.1660880017498447,0.10727420564642096,-0.0058342393158346455,0.04837089846002587,0.24643823825445707,0.2976221177094555,2026-06-11
019770,서연탑메탈,2026-06-11,-4.0,0.0,-4.0,-38.0,-0.7198879552605356,0.2,0.3251037338272603,-1.0906274063083239,-1.239590754592497,-2.0051144270735604,483,385.0,4.11,805.0,0.42,기계·장비,3.77,10.65,62.45,5.38,33.21,-0.20267400901643395,0.3978799245746623,0.13809033132179319,-0.011013174614488495,0.020945867253729204,0.3432289395192623,0.297285322044491,2026-06-11
221980,케이디켐,2026-06-11,3.0,0.0,3.0,16.0,-0.671361502810289,0.9,-0.8150282219696142,-0.6722681553323324,0.5400616373673355,-0.9472347399346113,484,403.0,11.51,869.0,0.37,화학,1.11,2.83,35.46,8.09,7.64,-0.10178223484778254,0.2776311600432077,0.06200266947133363,-0.014497171887316604,0.044273395016676174,0.26762781779611833,0.2972403836070017,2026-06-11
253590,네오셈,2026-06-11,947.0,-422.0,525.0,2156.0,-0.4198414233261145,0.6,0.6220717674427669,-0.5267254543464726,1.8422644913419344,1.9376108044382288,485,5760.0,107.62,122.0,4.68,기계·장비,5.89,4.9,28.13,-2.41,-60.74,0.17335036171570117,0.009928356081778856,0.07828913240773945,-0.02733600219109538,0.06813509729196127,0.3023669453060854,0.297110049341389,2026-06-11
046390,삼화네트웍스,2026-06-11,14.0,0.0,14.0,16.0,-0.7876269622010267,0.6,0.8149174276250529,-0.5371442748037324,1.9277385957502784,2.205511748571599,486,254.0,-28.8,-51.0,0.39,오락·문화,0.62,-1.54,19.58,-46.0,0.0,0.19890052765959298,0.02538656621112681,0.07666110677514491,-0.02643270270547026,0.07072054439327428,0.3452360423336687,0.2952371492778507,2026-06-11
336680,탑런토탈솔루션,2026-06-11,3.0,0.0,3.0,55.0,-0.5470383276839588,0.5,0.7219684138394321,-1.2991103211990187,2.7003081868366774,2.1231662794770907,487,1182.0,17.87,169.0,0.65,전기·전자,0.67,-0.57,195.01,15.91,0.0,0.1910471010623172,0.20205271765858637,0.0440660066283157,-0.014146993456179945,-0.07025482278316651,0.3527640091098729,0.29414668657922893,2026-06-11
048910,대원미디어,2026-06-11,65.0,-1.0,64.0,107.0,0.1133879779139233,0.7,0.05898429588850164,0.990822084783931,1.549193138482994,2.5989995191554267,488,633.0,11.51,437.0,0.6,유통,0.6,6.91,83.34,74.69,62.46,0.23642812155378903,0.11822520939302852,0.08817469446298909,0.007341616977579289,0.017615578486448128,0.46778522087383406,0.29393952974607007,2026-06-11
142280,녹십자엠에스,2026-06-11,8.0,4.0,12.0,220.0,-0.7786931588778283,0.7,-0.2378763137698386,-0.766495905659737,1.6733199130681642,0.6689476936385885,489,830.0,20.5,169.0,1.7,제약,1.17,10.52,95.63,-11.07,-41.09,0.0523558160910776,0.14030744353817964,0.14366601663616657,-0.025963879005521728,-0.02075564346638495,0.28960975379351717,0.292471135650787,2026-06-11
201490,미투온,2026-06-11,-6.0,-1.0,-7.0,10.0,-0.6061359867574958,0.7,-1.3999832862741872,-0.7727109263694995,-0.4605661228354843,-2.633260335479171,490,738.0,90.6,25.0,0.49,IT 서비스,1.12,0.17,10.22,0.21,16.97,-0.2625813462177174,0.2690576576243313,0.052056051914407285,-0.014593445026736582,0.0672731897785798,0.11121210807286441,0.2913422549961467,2026-06-11
038070,서린바이오,2026-06-11,-8.0,0.0,-8.0,51.0,-0.6891191710113023,0.5,0.9386534585968402,-0.6442428341501834,0.19399588712547064,0.48840651157212756,491,464.0,63.1,79.0,0.52,유통,2.26,0.62,39.93,8.28,79.81,0.035137298342188955,0.11657795951852078,0.044593617358571314,-0.003108195214862171,0.04636608325007463,0.2395667632544935,0.29031725927144386,2026-06-11
149980,하이로닉,2026-06-11,15.0,0.0,15.0,-251.0,0.11845730009061328,0.6,-1.2214807099366665,0.17104081844024244,1.414213462373102,0.36377357087667783,492,1176.0,32.65,170.0,1.28,의료·정밀기기,-0.54,3.74,11.3,28.04,-34.94,0.0232508440889383,0.1278576071178546,0.09856769277982315,-0.0172354042121276,0.05209965870945446,0.28454039848394286,0.290140173796705,2026-06-11
037440,희림,2026-06-11,-62.0,0.0,-62.0,139.0,-0.8100918689193043,0.5,0.5232928056996702,-1.060726850797673,0.7245687498094827,0.18713470471147986,493,657.0,8.41,561.0,0.68,일반서비스,-1.67,8.5,137.28,4.13,-52.02,0.006404496804641677,0.27560381182898025,0.10050741277036626,-0.024666647218199025,-0.015107800792121496,0.34274127339366767,0.2896037501850124,2026-06-11
054950,제이브이엠,2026-06-11,85.0,-117.0,-32.0,208.0,-0.7175141243054631,0.4,0.9800109827951304,-1.085768605350549,-0.47117558050222896,-0.5769332030576476,494,2660.0,9.38,2345.0,1.08,기계·장비,0.92,12.86,39.33,6.22,4.81,-0.06646595125986636,0.1429389806989256,0.16107479212180337,-0.015313380500677577,0.05273534856153588,0.2749697896217209,0.28900568967394097,2026-06-11
009520,포스코엠텍,2026-06-11,533.0,-453.0,80.0,1351.0,-0.5184030869801484,0.9,1.2419188794775895,-0.9504928022553143,1.782127378559447,2.073553455781722,495,5884.0,1009.29,14.0,5.26,금속,1.8,0.5,33.94,1.53,-68.3,0.18631544219316948,0.03089255810544778,0.034050047345963244,-0.027743206247385452,0.04075218804242042,0.26426702943961544,0.28866131887814117,2026-06-11
034950,한국기업평가,2026-06-11,14.0,7.0,21.0,-285.0,-0.8559364133241975,0.6,-1.3101651335358255,-0.8266917076977703,1.5954479431622146,-0.5414088980713814,496,4545.0,18.02,5556.0,3.38,일반서비스,-0.6,24.78,69.06,2.84,-1.41,-0.06307793823745361,0.08744253901455086,0.17862906040132212,-0.016962437354355698,0.011742105673771729,0.1977733294978354,0.288373032853038,2026-06-11
241770,메카로,2026-06-11,454.0,16.0,470.0,151.0,-0.5393748121534556,0.6,-0.26213160392588497,-1.2059300189886775,1.2379723029052552,-0.23008932000930726,497,4072.0,32.27,1238.0,1.94,전기·전자,5.97,6.7,11.77,18.66,24.08,-0.033386863774093514,0.06234818274982511,0.09097257991006352,-0.009813843242588932,0.06438560775317136,0.17450566339637752,0.2876519751638653,2026-06-11
474490,유안타제16호스팩,2026-06-11,0.0,5.0,5.0,5.0,-0.771689498029649,0.2,1.1391479841224177,-0.4657304710010553,2.330300550923344,3.0037180640447065,498,113.0,46.59,44.0,1.03,금융,-0.24,2.92,15.16,0.0,0.0,0.27502681337976337,0.20554980523309963,-0.015328184648255314,-0.017304248086388457,0.03877402509452445,0.48671821097274365,0.28728409138800526,2026-06-11
066430,아이로보틱스,2026-06-11,543.0,-12.0,531.0,2333.0,1.159803423093718,0.7,2.088872013383486,0.46058587375760995,1.5037610417527205,4.053218928893816,499,1343.0,-285.83,-12.0,3.09,유통,-1.01,-1.14,20.35,1.03,621.59,0.37511948510175375,-0.26372153354080907,0.03239923012426682,0.08066705137530235,0.05933394510844381,0.28379817816895764,0.28686930749164186,2026-06-11
318160,셀바이오휴먼텍,2026-06-11,12.0,0.0,12.0,8.0,-0.7487922706042148,0.2,0.7231162859523582,-0.6767871215609728,-1.3592234411246928,-1.3128942767333074,500,529.0,6.03,939.0,0.84,섬유·의류,1.43,17.4,47.7,53.8,-0.74,-0.13665580304066727,0.0564491674526869,0.38835214672312995,-0.006744316116218238,0.05276481707875624,0.3541660120976876,0.2865361227183861,2026-06-11
196170,알테오젠,2026-06-11,16964.0,18921.0,35885.0,53123.0,-0.0027366089980696007,0.5,0.020710906036313256,0.49418677429747937,0.6396345221731099,1.1545322025069025,501,185945.0,131.79,2633.0,42.02,일반서비스,10.16,29.86,42.24,-14.45,-35.59,0.09866683161027678,0.034955174920915266,0.20300608558346314,-0.025769553428553648,0.02229787365112817,0.3331564123372297,0.2854836378815866,2026-06-11
007530,와이엠,2026-06-11,3.0,1.0,4.0,13.0,0.145833329752604,0.5,1.2946091544586715,1.0121853877856688,-0.23204771352305534,2.0747468287212847,502,475.0,19.06,112.0,0.83,금속,1.67,5.42,180.72,-2.15,45.09,0.18642925618788087,0.14103311569699392,0.10090010039550004,-0.010638914885600355,-0.05918737105286281,0.35853618634191164,0.28485806131663627,2026-06-11
290120,DH오토리드,2026-06-11,-2.0,0.0,-2.0,-98.0,-0.34463276858374037,0.2,0.037593119131792654,-0.47652801772101167,-0.8334107188754232,-1.2723456174646421,503,404.0,2.87,889.0,0.41,운송장비·부품,0.59,13.98,161.99,17.65,10.78,-0.1327886088563834,0.22579221753663775,0.15565273609972932,-0.01210616538624218,0.0072307012777836,0.2437808806715251,0.28441405913606593,2026-06-11
290520,신도기연,2026-06-11,1.0,0.0,1.0,-7.0,-0.5000000003571429,0.4,-0.3565565103042282,0.1859724226581485,-1.0801232747346716,-1.2507073623807514,504,282.0,15.54,114.0,0.47,기계·장비,0.11,5.72,6.72,110.73,0.0,-0.13072493188832304,0.31157623562315634,0.08681730338330886,0.00466952973906651,0.09757336696324763,0.36991150382045634,0.2840565712729266,2026-06-11
074600,원익QnC,2026-06-11,1153.0,333.0,1486.0,3986.0,-0.05055849500817222,0.6,0.5301379344169665,-0.3508761038618783,0.37893233747510374,0.5581941680301921,505,9516.0,42.29,856.0,1.95,비금속,8.22,4.72,169.02,10.75,14.61,0.04179306511862547,0.16148469382084155,0.20619142731073548,-0.012873031300147546,-0.12526466018154295,0.2713314947685119,0.2828626997838275,2026-06-11
108380,대양전기공업,2026-06-11,62.0,-177.0,-115.0,-407.0,-0.6648512777685441,0.3,1.4010919491311211,-1.317283017283318,1.1982892713382576,1.2820982031860606,506,1768.0,7.13,2591.0,0.64,운송장비·부품,-0.05,10.03,21.22,-8.53,9.86,0.11083301675267963,0.08706146897469504,0.11252457750928323,-0.01744614910759544,0.03574909227324146,0.3287220064023039,0.28198550778083337,2026-06-11
458870,씨어스,2026-06-11,-618.0,1633.0,1015.0,5162.0,-0.661456990081009,0.9,-0.21934263024214282,-0.6268444892619056,1.7392525755926203,0.8930654560885718,507,11132.0,68.82,425.0,28.1,의료·정밀기기,3.72,0.0,35.95,699.57,0.0,0.07373030597984812,-0.005240267600448473,0.07216097886053545,0.12152168664993891,0.030885944903131474,0.29305864879300547,0.2803628377581283,2026-06-11
382800,지앤비에스 에코,2026-06-11,570.0,19.0,589.0,-1594.0,-0.010188246413803337,0.5,-1.5423086787128466,0.017017393919086504,-0.8052312362051065,-2.3305225209988665,508,1974.0,31.16,199.0,1.68,기계·장비,4.2,12.86,24.5,123.29,2549.24,-0.23370872905511356,0.07325827208106835,0.16107479212180337,0.24180217604352588,0.07312626585369734,0.3155527770449814,0.2779521725994949,2026-06-11
013310,아진산업,2026-06-11,-187.0,-2.0,-189.0,-799.0,-0.2880855773040176,0.4,-0.49564810896102757,0.7791932814167568,-0.29580394540498645,-0.012258772949257202,509,1145.0,4.93,598.0,0.33,운송장비·부품,-0.17,10.93,333.04,-12.2,149.16,-0.012611996245958698,0.2449716612761105,0.12235124655520765,0.0037353859822489652,-0.027422071186328546,0.33102422638127993,0.27672362522664423,2026-06-11
398120,에스지헬스케어,2026-06-11,16.0,0.0,16.0,63.0,-0.1896869247173978,0.6,0.6696859988725318,-0.28014511736285125,0.4771186894673591,0.8666595709770396,510,278.0,28.37,83.0,1.08,의료·정밀기기,1.95,4.02,66.34,52.76,0.0,0.07121193207609988,0.15410603907787063,0.10054466601442223,-0.006834307527632889,0.004732404839271214,0.3237607344800311,0.27658890165954825,2026-06-11
039010,현대에이치티,2026-06-11,14.0,0.0,14.0,280.0,0.15447154460281576,0.3,1.831364041832417,-0.013947171906789218,-0.18128388287613043,1.6361329870494974,511,939.0,8.84,1232.0,0.79,전기·전자,-2.77,0.0,33.44,-23.29,0.0,0.14459791260581797,0.18188853138937403,0.04774368843995205,-0.0219260243489627,0.048463002810350785,0.4007671108965321,0.27580984737583125,2026-06-11
150900,파수,2026-06-11,0.0,0.0,0.0,44.0,-0.8585209003306418,0.7,-0.594256818839127,-1.1143130677088589,1.433342624689962,-0.2752272618580238,512,408.0,15.31,228.0,1.06,IT 서비스,1.01,10.12,28.81,6.78,0.0,-0.037691745596481946,0.12195100068664516,0.1237904687877841,-0.01595879325340205,0.048771931348816855,0.24086286197336212,0.2756249052551864,2026-06-11
033320,제이씨현시스템,2026-06-11,-7.0,0.0,-7.0,89.0,-0.6779141104541477,0.7,0.21823068650594188,-1.1963790654539492,1.0358744701523528,0.057726091204345464,513,619.0,7.09,457.0,0.53,유통,1.89,6.84,39.63,5.23,-8.91,-0.005937421438207803,0.1476363615877774,0.08768969042526106,-0.017667793530956013,0.04656477367691378,0.2582856107207884,0.27542167451985927,2026-06-11
104480,티케이케미칼,2026-06-11,-70.0,51.0,-19.0,121.0,-0.8170494355851674,0.7,0.023416204394373644,-0.8519694905714604,1.392286281138328,0.5637329949612413,514,1553.0,-1.39,-1233.0,0.14,화학,-0.06,-10.89,34.14,-10.44,0.0,0.04232131240674385,0.27399596078678257,-0.061092554347124864,-0.01937601039558876,0.045632209406367,0.2814809178571798,0.2738802322270622,2026-06-11
086710,선진뷰티사이언스,2026-06-11,72.0,0.0,72.0,207.0,-0.21568627460395917,0.6,1.3924802941962728,0.3207339977450723,1.6782926208565627,3.391506912797908,515,919.0,15.43,488.0,1.07,화학,5.17,5.98,104.75,1.09,-59.32,0.3120108914646188,0.07164984065220047,0.09026432800108175,-0.02641810089111662,-0.0270540663936857,0.4204528928330987,0.2736068348279064,2026-06-11
099410,동방선기,2026-06-11,-51.0,0.0,-51.0,-103.0,-0.6982281284857507,0.3,0.8009927349477558,-0.9575339865366315,1.1832158166199405,1.026674565031065,516,511.0,8.43,433.0,1.22,운송장비·부품,2.96,15.71,43.66,30.79,19.56,0.0864728325735459,0.009759291378803969,0.1745417777102285,-0.008117638508753532,0.0312030050818081,0.29385926823563296,0.2726518822442335,2026-06-11
272290,이녹스첨단소재,2026-06-11,739.0,-755.0,-16.0,-836.0,-0.8013969536324914,0.4,1.0543843726410544,-0.9644369223809175,0.8164964809277395,0.9064439311878765,517,5573.0,9.74,2871.0,1.34,전기·전자,5.67,11.98,97.04,-15.91,-35.96,0.07500623376714732,0.11153247936873506,0.12503952721785286,-0.026117478160798107,0.0017312227289761396,0.2871919849219133,0.2722119920864159,2026-06-11
091700,파트론,2026-06-11,-519.0,-95.0,-614.0,-1343.0,1.6432115469569317,0.2,-1.9347057733377502,2.3149922654560524,-1.2429983428917977,-0.8627118507734954,518,3145.0,10.62,592.0,0.61,전기·전자,-0.47,7.3,49.05,37.47,93.94,-0.09372114401770104,0.2253884821632837,0.0948438239223123,0.004906844314279229,0.03699314295075553,0.2684111493329297,0.27167794297588715,2026-06-11
032680,소프트센,2026-06-11,-1.0,1.0,0.0,15.0,-0.9078341014037249,0.3,1.3494519943011318,-0.9841773939030356,2.097006224841952,2.4622808252400485,519,204.0,-9.68,-101.0,0.4,IT 서비스,29.88,-2.98,34.27,23.22,0.0,0.22338902858429566,0.06509975050446289,0.02934616114544879,-0.012696362950408468,0.04333799530650886,0.3484765725903077,0.27125617165737576,2026-06-11
033310,엠투엔,2026-06-11,22.0,0.0,22.0,172.0,1.154626108179483,0.5,1.6652126979277475,1.8665027471165574,0.6370219964010467,4.1687374414453515,520,558.0,-99.79,-14.0,0.4,전기·전자,-0.5,0.76,34.32,1.66,-7.72,0.3861366809344564,0.044663206633889875,0.05264726418880052,-0.018189071610772486,0.04781639956394182,0.5130744797103162,0.27089553333923644,2026-06-11
290740,액트로,2026-06-11,-3.0,-6.0,-9.0,177.0,-0.6855345912141083,0.6,-0.7912919340322457,-0.5956762336657634,0.40824824046386876,-0.9787199272341405,521,1165.0,15.78,733.0,1.45,전기·전자,1.05,13.43,49.79,-8.24,0.0,-0.10478503038805131,0.09366020107410915,0.13439503358078742,-0.018939432131197895,0.036449408402638904,0.14078018053828625,0.27087083157390024,2026-06-11
051490,나라엠앤디,2026-06-11,40.0,0.0,40.0,29.0,-0.5342465754700694,0.4,0.7702858842006097,-0.36389302770919413,0.3789323195263905,0.7853251760178062,522,393.0,7.47,371.0,0.35,기계·장비,0.0,1.05,162.52,-9.5,0.0,0.06345493332838402,0.4396577721052774,0.03824832965659044,-0.019189472409894482,-0.11664813769749112,0.40552342498286625,0.2699947923309801,2026-06-11
434480,모니터랩,2026-06-11,26.0,0.0,26.0,-7.0,-0.4001363327743416,0.6,0.3298093106634666,0.09799159309407615,1.1684065163934834,1.5962074201510261,523,325.0,50.77,52.0,0.86,IT 서비스,0.38,1.26,28.69,6.09,0.0,0.14079014379425284,0.1420198363471211,0.059914395069380226,-0.01609572007268828,0.04889135851458187,0.37552001365264776,0.2698277610340485,2026-06-11
448280,에코아이,2026-06-11,-38.0,-1.0,-39.0,18.0,0.3072586327018403,0.3,0.8955722738154906,0.4754273557795744,-0.6278955068086859,0.7431041227863792,524,2578.0,145.0,60.0,2.06,일반서비스,-1.47,0.1,21.18,51.72,0.0,0.05942824010459378,0.10202832813559357,0.06019894593375514,-0.007040689979890391,0.030586631056166453,0.24520145525021855,0.26969266322589835,2026-06-11
046310,백금T&A,2026-06-11,-19.0,0.0,-19.0,25.0,-0.7888386124157982,0.5,0.3370713274409029,-1.1026294829759775,-0.048064859200662245,-0.8136230147357368,525,360.0,8.51,258.0,0.48,전기·전자,1.86,4.28,31.03,-16.42,0.0,-0.08903945873729072,0.2893670172100878,0.07535856239399341,-0.0205627094960694,0.05023381397381167,0.3053572253445327,0.269620573095799,2026-06-11
127710,아시아경제,2026-06-11,0.0,0.0,0.0,3.0,-0.13978494901144645,0.2,-0.17455761418847315,1.9130031543216304,-1.2496863392172317,0.4887592009159256,526,401.0,10.22,89.0,0.33,IT 서비스,-2.15,1.02,220.2,-0.78,0.0,0.03517093492114852,0.43816503506410637,0.058184117677459575,-0.017459034925581582,-0.14170444578256178,0.3723566069545712,0.26822294415147574,2026-06-11
080010,이상네트웍스,2026-06-11,-4.0,0.0,-4.0,64.0,-0.8019801981178316,0.5,0.10429168897266379,-1.0293699530387441,-2.229576987403666,-3.1546552514697463,527,657.0,4.5,1484.0,0.44,유통,0.45,10.47,26.26,19.97,43.66,-0.3123076608037112,0.19551173276661468,0.11284061409601409,-0.006474236703985088,0.05541974369971236,0.04499019305464485,0.2674579564722513,2026-06-11
005990,매일홀딩스,2026-06-11,2.0,0.0,2.0,-9.0,-0.7619047620464853,0.3,-0.9162236681787344,-0.7847437608922387,-0.17939871623105347,-1.8803661453020266,528,1460.0,4.59,2392.0,0.31,음식료·담배,1.86,8.65,66.25,4.25,52.42,-0.19077655448976644,0.30930052756807097,0.09438072287544448,-0.008215968580448674,0.029231781174379714,0.23392050854768004,0.2671658851122058,2026-06-11
048830,엔피케이,2026-06-11,8.0,0.0,8.0,8.0,0.45539905898300614,0.3,-0.0023577138799298113,1.4518209472116865,-0.5258737239298445,0.9235895094019122,529,148.0,13.15,60.0,0.32,화학,3.14,1.85,64.74,11.48,0.0,0.07664143654700202,0.32256616843604863,0.05321015348430088,-0.015026103324930649,0.014132421281715928,0.4515240764241368,0.26695091507937374,2026-06-11
115310,인포바인,2026-06-11,24.0,0.0,24.0,11.0,-0.03353057227804812,0.8,0.2026013972117682,-0.16329473811905407,0.952815638506926,0.9921222975996401,530,1239.0,17.6,441.0,0.6,통신,1.57,7.04,10.08,-3.45,-16.22,0.08317752441602355,0.07217541011694603,0.038328117663299306,-0.020540047969942573,0.0796577472973989,0.2527987515237252,0.26664603579762514,2026-06-11
053580,웹케시,2026-06-11,20.0,0.0,20.0,12.0,-0.3245227607948922,0.6,0.09607468773122044,-0.9252197571671726,0.5400616373673361,-0.2890834320686161,531,860.0,12.65,525.0,0.83,IT 서비스,1.37,0.0,0.0,0.0,0.0,-0.0390132319741156,0.16415756811125978,0.050830438761796826,-0.017304248086388457,0.07744440339623322,0.23611493020878577,0.26655197694326616,2026-06-11
051160,지어소프트,2026-06-11,-20.0,0.0,-20.0,-104.0,-0.26566416045621577,0.7,-1.1707522730102506,-0.23729709694324155,-0.37047924564100687,-1.778528615594499,532,1110.0,8.79,816.0,0.67,IT 서비스,-2.18,9.13,39.62,4.14,32.82,-0.181064137119382,0.2158744276877353,0.11665307454611146,-0.011320587224100427,0.03801353416615213,0.17815631205651647,0.26607975584098137,2026-06-11
475460,미트박스,2026-06-11,7.0,0.0,7.0,-45.0,-0.39393939420175794,0.3,1.4017579828226372,-0.816220498445137,1.3922862811383288,1.9778237655158288,533,350.0,19.9,313.0,0.94,IT 서비스,3.66,6.24,166.05,21.16,624.5,0.17718553979598614,0.13564779816873,0.09581765095173365,0.08511944239833381,-0.08781293723110063,0.405957494083683,0.26485094087534655,2026-06-11
011320,유니크,2026-06-11,-17.0,0.0,-17.0,52.0,-0.7459663577329935,0.6,0.04638396895565231,-0.8588911661493659,0.9710587676585566,0.15855157046484303,534,791.0,7.33,559.0,0.58,운송장비·부품,1.49,9.99,126.17,9.42,54.66,0.003678474970114145,0.10166252753824691,0.1120878366627977,-0.006837690832795023,0.01448742334539247,0.22507857168375617,0.26429901289569263,2026-06-11
058630,엠게임,2026-06-11,62.0,-29.0,33.0,-43.0,-0.6300813008581201,0.2,0.7404554022672253,-0.9676488741128554,0.21807883582154813,-0.009114636024081968,535,821.0,5.21,820.0,0.6,IT 서비스,-2.06,11.25,21.62,-10.48,-51.05,-0.012312134592061158,0.2625307043532161,0.13193719150807717,-0.02741335714846733,0.05592760903090375,0.41067001315166857,0.2638664824481409,2026-06-11
065440,이루온,2026-06-11,49.0,0.0,49.0,1032.0,-0.646136189754282,0.8,-0.08595165101232681,-0.5511576247012201,1.6020818037597424,0.9649725280461955,536,566.0,35.17,59.0,1.07,IT 서비스,-1.43,-0.18,53.28,7.05,0.0,0.0805882049954709,0.11074335994445407,0.04953273071785635,-0.015905213193681354,0.024418741796568378,0.24937782426066837,0.263836176313765,2026-06-11
130740,티피씨글로벌,2026-06-11,17.0,64.0,81.0,474.0,0.015325670414724435,0.6,0.7310388808845073,-0.6545791188920783,1.1832158166199382,1.2596755786123672,537,242.0,-51.07,-42.0,0.37,운송장비·부품,1.66,25.77,36.13,-0.96,0.0,0.10869453314035521,-0.09953710540004922,0.2843821006013393,-0.01749475496539538,0.03272849690674095,0.30877327028299084,0.26376674925628846,2026-06-11
443670,에스피소프트,2026-06-11,30.0,0.0,30.0,168.0,-0.4884766723309323,0.8,0.3161729742484731,-0.4930298272398943,2.088429421707493,1.9115725687160718,538,866.0,22.58,155.0,1.26,IT 서비스,3.55,6.48,24.87,-4.36,31.94,0.17086705115575004,0.0942386425885334,0.0975479283436543,-0.01314577784946303,0.05269312329143471,0.4022009675299094,0.26313632498816697,2026-06-11
215090,솔디펜스,2026-06-11,25.0,-14.0,11.0,72.0,-0.6166134185915952,0.6,0.3758705431383623,-0.9121041476568291,0.0,-0.5362336045184668,539,408.0,13.04,135.0,0.78,의료·정밀기기,7.71,0.0,17.13,50.16,0.0,-0.06258436174218195,0.22723764822564002,0.07216097886053545,-0.007350263658276644,0.047082378730109106,0.27654638041582597,0.2622641510019087,2026-06-11
029480,광무,2026-06-11,-7.0,0.0,-7.0,94.0,-0.14529914546772538,0.5,1.0094732295084432,-0.028086756782049933,0.11230586967385822,1.0936923424002514,540,914.0,-3.03,-506.0,0.43,전기·전자,0.99,14.33,8.07,-19.02,0.0,0.09286443129863685,0.02198262680682192,0.14020189959916063,-0.021078665626713153,0.06710428049375446,0.3010745725716607,0.2620553921144497,2026-06-11
376980,원티드랩,2026-06-11,-42.0,0.0,-42.0,-2.0,-0.35157041559729374,0.5,0.2816927778727179,-0.5223579378187525,-0.632455432033689,-0.8731205919797236,541,223.0,17.4,131.0,0.53,IT 서비스,1.33,2.54,62.26,12.11,0.0,-0.09471384326311227,0.25883878794109794,0.06914254115962368,-0.014901083185582358,0.015481608891820065,0.23384801154384705,0.2619945159520376,2026-06-11
347000,센코,2026-06-11,9.0,0.0,9.0,-69.0,-0.8298676748903842,0.4,0.299577003236324,-1.6528558872389725,0.33383045415079887,-1.0194484298518496,542,653.0,12.25,141.0,1.11,의료·정밀기기,3.04,12.47,23.58,36.13,0.0,-0.10866937653656897,0.16293712470446794,0.16020689398714444,-0.010134442317096594,0.041531528667197004,0.24587172850514383,0.2619379868751113,2026-06-11
079650,서산,2026-06-11,-52.0,0.0,-52.0,-41.0,4.602836867511694,0.2,-1.647719849970766,3.147764701324248,-0.3625677657522604,1.1374770856012217,543,260.0,-26.53,-49.0,0.37,비금속,2.2,-0.31,5.22,46.1,0.0,0.0970402562783299,0.0542677115837303,0.03804245205570963,-0.008155949000743429,0.09917093888363539,0.2803654098006618,0.2614250454022211,2026-06-11
091120,이엠텍,2026-06-11,54.0,0.0,54.0,37.0,-0.5015906681334474,0.6,1.005674860654764,-0.13937363813685633,1.9999998000000196,2.8663010225179275,544,732.0,-6.38,-669.0,0.35,전기·전자,0.71,-5.98,69.53,-9.06,0.0,0.26192111781797406,0.09110439389883865,0.009160289784539125,-0.01910215675701631,0.021944921943419793,0.36502856668775535,0.2605997329665404,2026-06-11
043610,KT지니뮤직,2026-06-11,16.0,0.0,16.0,103.0,0.6506410248474481,0.7,1.477113521138143,1.0837634203370365,2.1502016688138847,4.711078610289064,545,848.0,-3.08,-474.0,0.59,오락·문화,0.48,-17.1,54.76,8.46,22.9,0.43786067506589427,-0.08845506132780862,-0.13159897740128618,-0.01202357535662475,0.018516362780106894,0.22429942376028164,0.2590491723004627,2026-06-11
002230,피에스텍,2026-06-11,-95.0,6.0,-89.0,509.0,-0.6587030716869154,0.8,-1.3286684134985547,-1.1620983994574292,0.0,-2.490766812955984,546,1047.0,11.84,473.0,0.69,의료·정밀기기,-0.88,11.38,29.51,-31.71,-76.45,-0.24899149808121873,0.2582660593632629,0.15251081960959803,-0.03562138123417483,0.036428188996953784,0.16259218865442115,0.258905985846709,2026-06-11
075130,플랜티넷,2026-06-11,4.0,0.0,4.0,-21.0,-0.6405228759932078,0.6,-0.18305938863299798,-1.2302504571220299,0.23204771352305514,-1.1812621322319725,547,329.0,14.56,136.0,0.43,IT 서비스,2.22,1.37,19.86,-20.32,-85.85,-0.12410182288789438,0.3264993824942659,0.06070743887401052,-0.034839577281708764,0.05767920746212392,0.2859446286607972,0.25765520229933153,2026-06-11
484810,티엑스알로보틱스,2026-06-11,30.0,-4.0,26.0,503.0,0.05017502904898774,0.8,0.6339290994411488,0.6565714682085283,1.0561471971399723,2.3466477647896493,548,1871.0,37.26,325.0,4.98,기계·장비,1.68,16.19,144.88,72.41,48.2,0.21236090812482855,0.012740629590323354,0.1957074864494206,0.004646276325858082,-0.09239353344707113,0.33306176704335944,0.25636033360920685,2026-06-11
347740,피엔케이피부임상연구센타,2026-06-11,57.0,0.0,57.0,46.0,0.1357340717075528,0.5,0.45397151476700237,-0.1152481815983646,-1.166091655501844,-0.8273683223332061,549,569.0,12.16,156.0,0.68,일반서비스,0.26,4.8,8.41,-3.43,-49.84,-0.09035037196009123,0.26576825805997734,0.08275249285423994,-0.02582400717546314,0.03561262498125376,0.26795899675991675,0.25524335781598695,2026-06-11
054920,한컴위드,2026-06-11,81.0,0.0,81.0,-180.0,-0.421120578371994,0.8,-1.1168410898138745,-0.6185873682718014,1.758994935976055,0.023566477890379245,550,1151.0,14.68,278.0,0.7,IT 서비스,-1.09,4.06,63.1,3.9,-97.09,-0.00919528150874384,0.19418742484726662,0.08010096464178777,-0.03180113301938524,0.014645618731464985,0.24793759369239027,0.2543351286446873,2026-06-11
050890,쏠리드,2026-06-11,1963.0,-1973.0,-10.0,4458.0,-0.876894140274474,0.7,-0.6344545620617617,-0.5808400435078417,1.6906604162221246,0.47536581065252115,551,7546.0,20.8,597.0,2.11,전기·전자,2.22,15.98,62.32,14.32,0.0,0.03389358464943417,0.06151818457372725,0.15084782063284477,-0.014462520474535164,0.027242659905475,0.259039729286946,0.25407369361406984,2026-06-11
052460,아이크래프트,2026-06-11,10.0,0.0,10.0,-174.0,-0.7637795275962552,0.4,-0.17333396332142723,-0.6057181259610994,-0.5424744879950476,-1.3215265772775742,552,419.0,4.13,695.0,0.75,IT 서비스,2.14,23.86,102.93,-59.44,0.0,-0.13747908013697255,0.22690293240228498,0.22284884947524117,-0.029099799011567208,-0.024994248038704894,0.2581786546902815,0.2537477292826937,2026-06-11
234030,싸이닉솔루션,2026-06-11,73.0,0.0,73.0,445.0,0.08055009812568281,1.0,-0.025530582211862378,0.6795227980424259,2.1298595499856807,2.7838517658162445,553,1093.0,58.61,79.0,2.99,전기·전자,6.44,0.0,87.85,28.82,0.0,0.2540577928211431,0.03508497805073563,0.04774368843995205,-0.011585072822868072,0.008483817995451509,0.33378520448441423,0.25219304006509796,2026-06-11
072990,에이치시티,2026-06-11,1.0,0.0,1.0,-84.0,-0.934052757805626,0.4,0.6527496867015952,-0.7554943494351012,-0.8486517794597822,-0.9513964421932882,554,518.0,8.24,434.0,0.54,일반서비스,0.99,5.6,87.68,-3.71,-71.83,-0.10217914342778861,0.33181010851411386,0.0865913944577267,-0.0293382730171567,0.004413679136173782,0.2912977656630691,0.25198635147552906,2026-06-11
045060,오공,2026-06-11,-1.0,-4.0,-5.0,-49.0,-0.4674556214593326,0.5,-1.5998036475484145,-0.557146026555686,-0.7976554577857967,-2.954605131889897,555,335.0,6.02,329.0,0.28,화학,0.05,5.18,20.97,11.13,103.9,-0.2932285427031944,0.3969284111606329,0.08308676393003461,0.0012463723171953474,0.05918947115805506,0.24722247586272353,0.25164811052412484,2026-06-11
041440,현대에버다임,2026-06-11,-48.0,0.0,-48.0,496.0,0.07418596839169922,0.3,0.7840930290828069,1.3613292984495764,-1.28088152180339,0.8645408057289934,556,1354.0,29.31,259.0,0.71,기계·장비,-0.26,3.72,74.91,32.06,0.0,0.0710098618524997,0.1956489890917047,0.06601688636972496,-0.010942112106219702,0.003813646791130978,0.32554727199884065,0.2508023349498971,2026-06-11
136540,윈스테크넷,2026-06-11,35.0,33.0,68.0,142.0,-0.3863179075064066,0.4,0.8687151667180224,-0.5094982521837838,-0.5276864733766791,-0.16846955884244041,557,1272.0,6.91,1499.0,0.6,IT 서비스,1.77,10.2,13.14,-2.36,-31.36,-0.027510082979873392,0.24984500132863208,0.1243672279184243,-0.022705041065972015,0.06436712874496453,0.3883642339461755,0.24988679346792186,2026-06-11
105740,디케이락,2026-06-11,-100.0,3.0,-97.0,-420.0,-0.8099728532728974,0.2,0.8571496850512871,-1.3877163769925935,0.4146441775892629,-0.11592251435204354,558,686.0,10.17,664.0,0.5,기계·장비,0.75,5.53,75.88,55.71,-83.15,-0.022498582513035464,0.30162964590412716,0.08484126376701838,-0.019327159339805524,0.0024799185528709246,0.34712508637117556,0.24976096184592292,2026-06-11
057030,YBM넷,2026-06-11,-5.0,0.0,-5.0,18.0,-0.8585858586715641,0.6,-0.4815079906146323,-1.1501377610874381,0.25819878974720134,-1.373446961954869,559,354.0,22.14,98.0,0.67,일반서비스,2.6,2.8,60.53,-4.87,-9.49,-0.14243081499803065,0.2590231568820597,0.07315523884552301,-0.019763310064231706,0.015099327927569284,0.18508359859288964,0.2490672050111327,2026-06-11
092730,네오팜,2026-06-11,-64.0,24.0,-40.0,-74.0,0.31810897420054784,0.3,0.37276009375172336,1.0849099006924188,-1.6906604162221281,-0.2329904217779859,560,2701.0,9.71,1736.0,1.35,화학,-1.0,14.95,11.49,11.07,16.72,-0.033663546754251115,0.05980903623779252,0.17074276514769784,-0.012477657255552792,0.06894822904765285,0.2533588264233393,0.2489922395434415,2026-06-11
0011A0,액스비스,2026-06-11,477.0,-328.0,149.0,-1227.0,1.2577051614460562,0.7,-1.479654241277271,1.8139632602094875,1.9614162232599495,2.295725242192166,561,1240.0,18.48,719.0,3.29,전기·전자,-0.45,0.0,75.48,40.29,0.0,0.20750434105726512,0.041028753296837736,0.04774368843995205,-0.009308912508066588,0.01757300226599559,0.3045408725519839,0.24874268149350193,2026-06-11
256840,한국비엔씨,2026-06-11,116.0,-3.0,113.0,596.0,-0.5096090126106186,0.9,-1.4325774862605376,-0.8874778320943146,0.8425313378443671,-1.4775239805104852,562,1936.0,67.38,42.0,0.83,제약,-0.35,-1.4,18.51,-18.45,0.0,-0.1523568162058415,0.22730476953056147,0.05992269868292957,-0.02096555216730279,0.05235240526324755,0.16625750510359433,0.24766664970363872,2026-06-11
037400,우리엔터프라이즈,2026-06-11,40.0,16.0,56.0,91.0,1.0624999987109374,0.3,2.220100649138466,0.5452518515983478,1.0420638786975747,3.8074163794343887,563,209.0,-6.94,-115.0,0.14,유통,1.14,-1.84,187.93,-9.71,0.0,0.35167688041651796,0.198209413229399,0.02754918974698662,-0.01923114578967725,-0.05165452732391112,0.5065498102793153,0.24701483267022728,2026-06-11
060370,LS마린솔루션,2026-06-11,777.0,-992.0,-215.0,278.0,-0.6879643387843024,0.5,1.6175635920482443,-1.1239319303955664,1.5481483359358994,2.041779997588577,564,15175.0,147.46,197.0,2.35,건설,-0.68,2.83,22.72,18.69,39.61,0.18328515377043808,-0.04601851345371306,0.056995473500100396,-0.007365250896823424,0.043628709729253985,0.230525572649256,0.24697301416125034,2026-06-11
364950,에이아이코리아,2026-06-11,6.0,0.0,6.0,181.0,-0.6428571429368622,0.7,1.1015982679706087,-1.2030087835335188,1.7880986710810154,1.6866881555181052,565,351.0,-44.01,-96.0,0.61,기계·장비,-0.59,0.0,78.57,-52.93,-20.05,0.14941944448907735,-0.049164558823664314,0.02732811072445889,-0.03096149230438139,-0.0012187710975615964,0.09540273298792894,0.2469010179322908,2026-06-11
084730,팅크웨어,2026-06-11,14.0,0.0,14.0,153.0,-0.2478632480561035,0.8,1.9014519551587552,-0.7005401879668917,2.355178100832477,3.5560898680243405,566,794.0,-3.57,-2005.0,0.45,전기·전자,0.0,-13.71,91.76,-16.12,0.0,0.3277074461414773,0.008542283205596428,-0.04071423723993277,-0.020503176096379732,0.005610842207429884,0.2806431582181911,0.24606621397477976,2026-06-11
053700,삼보모터스,2026-06-11,115.0,4.0,119.0,453.0,-0.8531364737164331,0.5,0.8153585369347562,-0.7739988861260579,0.2700308405586626,0.3113904913673609,567,1130.0,5.01,886.0,0.24,운송장비·부품,-1.11,1.93,211.03,4.15,-40.69,0.018254981239538164,0.35377748615287274,0.024084556095963397,-0.022880637118468168,-0.0027042414970778984,0.37053214487282826,0.24564809196109583,2026-06-11
240810,원익IPS,2026-06-11,16519.0,17825.0,34344.0,76661.0,-0.2329477450203956,0.6,1.2507694884740517,-0.6767186718060773,-0.3185109982005231,0.25553981846745133,568,69208.0,82.36,1712.0,7.07,기계·장비,20.82,11.92,28.5,32.77,0.0,0.012928408146311946,-0.0001242142820082337,0.15129859612541896,-0.01080121639362083,0.06762635559283113,0.22092792918893295,0.2455623628472936,2026-06-11
038060,루멘스,2026-06-11,37.0,0.0,37.0,138.0,-0.46562032890893645,0.8,0.2877283980186444,-0.645649804520156,2.1602467244693013,1.8023253179677898,569,453.0,-6.82,-138.0,0.43,전기·전자,0.11,-4.53,39.51,-20.18,7.98,0.16044795616315097,0.02198262680682192,0.018515796147473697,-0.02005372562002769,0.044002909962961724,0.22489556346038062,0.24398956848553865,2026-06-11
303360,프로티아,2026-06-11,1.0,0.0,1.0,-107.0,-0.5515151516782368,0.5,-1.593770940706055,-1.2892667098214663,-0.11230586967385735,-2.995343520201379,570,522.0,21.34,190.0,1.99,의료·정밀기기,-1.46,9.82,6.3,27.79,815.25,-0.2971138316670394,0.0844094708931304,0.14149625444540315,0.11643728058657454,0.05640264325434755,0.1016318175124162,0.24363911302590757,2026-06-11
024880,케이피에프,2026-06-11,-56.0,4.0,-52.0,-164.0,-0.7631352282617082,0.3,-0.017564155767223727,-1.4624494886672184,-1.1097815064845873,-2.5897951509190293,571,850.0,4.48,940.0,0.31,금속,1.2,7.28,107.27,-6.03,-43.38,-0.25843599808583234,0.3791801841122278,0.12617268142642246,-0.02532390097658689,-0.00917673870820718,0.21241622776802388,0.24351016928554983,2026-06-11
125020,티씨머티리얼즈,2026-06-11,-2178.0,-344.0,-2522.0,-2231.0,3.189095928154087,0.6,-1.0119487768995508,1.3565690510007957,0.32203056843384087,0.6666508425350859,572,2460.0,37.74,186.0,4.22,전기·전자,-0.71,12.5,33.89,20.56,25.76,0.052136761518378184,0.024932454937065283,0.1283946053618018,-0.009172559258136394,0.04813235342298256,0.24442361598209142,0.24265631930614506,2026-06-11
093320,케이아이엔엑스,2026-06-11,77.0,23.0,100.0,755.0,-0.33823529416630627,0.7,1.910485291519948,-0.14984084320722155,-0.3017563420399927,1.4588881062727337,573,5583.0,32.65,3504.0,2.71,IT 서비스,1.33,10.68,38.73,7.93,79.53,0.1276937686835139,0.028003708448078417,0.12782778270226564,-0.0032216907011253346,0.03889928564557596,0.31920285477830856,0.2404099657014173,2026-06-11
042370,비츠로테크,2026-06-11,-156.0,-3.0,-159.0,1882.0,-0.6977485350087618,0.6,0.034473035390262516,-1.296644506224375,-0.5400616373673351,-1.8022331082014476,574,2848.0,42.96,253.0,1.1,금융,1.12,2.11,37.5,8.07,16.49,-0.18332487465310932,0.19780753571615176,-0.04466269041337477,-0.01310916684622491,0.022318635265275277,-0.02097056093128196,0.2403960530712087,2026-06-11
222110,팬젠,2026-06-11,30.0,0.0,30.0,-45.0,-0.18010752721232237,0.1,-0.014556513280005658,2.5270965818242495,-0.4514983467176607,2.061041721826583,575,622.0,56.79,81.0,2.38,제약,2.0,5.04,22.63,100.58,0.0,0.18512217697406486,0.10558891955765246,0.10516657180531601,0.0026553163828995445,0.04844673668484914,0.44697972140478204,0.24039215427989294,2026-06-11
035600,KG이니시스,2026-06-11,-210.0,-79.0,-289.0,-361.0,-0.5037963854292441,0.2,1.139890981433622,-0.9285854791773018,-0.37893233747510446,-0.1676268352187843,576,2739.0,5.74,1732.0,0.53,IT 서비스,0.91,9.8,163.96,16.16,4.7,-0.027429711003212745,0.2902018746888203,0.12148343226522325,-0.013358141895229474,-0.0857329140940267,0.28516453996157465,0.23981325041989102,2026-06-11
187270,신화콘텍,2026-06-11,-4.0,0.0,-4.0,-55.0,-0.6396396398831264,0.1,-0.3551079233365152,-1.173016965522559,-2.171586561385746,-3.6997114502448203,577,341.0,11.03,305.0,0.43,전기·전자,2.75,1.47,30.14,2.05,-34.04,-0.3642905919296166,0.31368741793906796,0.05722823626996158,-0.022251424400613465,0.05088776498438437,0.03526140286318384,0.23926820663767495,2026-06-11
096690,에이루트,2026-06-11,-2.0,0.0,-2.0,-24.0,-0.8972099853383532,0.0,1.2217554697229123,-0.752969769929464,-1.3662598221280036,-0.8974741223345553,578,208.0,-1.24,-4190.0,0.21,전기·전자,6.8,-15.22,81.68,21.28,0.0,-0.09703648062409068,0.3001607216873017,-0.050456868004092215,-0.013081345601734962,0.013017388484477938,0.15260341594186178,0.2385665902064718,2026-06-11
314930,바이오다인,2026-06-11,89.0,14.0,103.0,918.0,0.25567322232699574,0.6,1.2030672607509776,-0.2753309595905107,0.06936134054704021,0.9970976417075071,579,3045.0,352.76,29.0,6.84,의료·정밀기기,0.79,0.0,1.06,-5.4,0.0,0.08365203139469506,0.010512270279830354,0.07216097886053545,-0.01837584928080241,0.06091217105739552,0.20886160231165396,0.23822604674898373,2026-06-11
137400,피엔티,2026-06-11,-133.0,-182.0,-315.0,-1741.0,-0.6247542525034212,0.3,0.9188916847561793,-1.5886006939531392,1.3353217330211218,0.6656127238241619,580,9441.0,13.79,2890.0,1.45,기계·장비,1.66,12.68,149.63,-33.19,-39.02,0.052037754381918225,0.09832688321065233,0.15920275459058084,-0.03002789466532696,-0.09892467688184975,0.18061482063597473,0.23756982641246438,2026-06-11
194480,데브시스터즈,2026-06-11,157.0,-236.0,-79.0,445.0,-0.5770392749457685,0.8,-0.3895751002800138,-1.1411435120669913,0.5495095441027397,-0.9812090682442655,581,1690.0,16.14,863.0,0.92,IT 서비스,-0.92,-9.26,89.27,-34.36,0.0,-0.1050224239742224,0.14220012184974917,-0.015929430609808136,-0.024122806797511304,-0.01139945566912114,-0.014273995200913808,0.23635253375139775,2026-06-11
064850,에프앤가이드,2026-06-11,531.0,-1197.0,-666.0,-56.0,-0.23778200912980596,0.8,-1.878117424381252,-0.44584289749558137,0.37893234644946155,-1.9450279754273716,582,2756.0,27.89,866.0,4.0,IT 서비스,-3.01,20.12,33.59,16.46,123.96,-0.19694346254334844,0.011874566896393712,0.19588536011781107,0.005459223302998212,0.04401474924584392,0.06029043701969848,0.23615813448593065,2026-06-11
126730,코칩,2026-06-11,-93.0,-4.0,-97.0,-887.0,-0.71270657765288,0.6,-0.5122730536521984,-1.1172325747000496,0.9710587676585569,-0.6584468606936911,583,1842.0,62.69,335.0,2.98,전기·전자,3.96,8.08,20.5,40.89,138.45,-0.07424004659212341,0.03493392667376522,0.09987644113823574,0.012586288892248417,0.05797100963822795,0.13112761975035392,0.23592783135947948,2026-06-11
042000,카페24,2026-06-11,554.0,-411.0,143.0,1085.0,-0.12251957038624106,0.7,-0.2018450641978288,-0.08219984952658739,-0.5596802069014718,-0.843725120625888,584,4683.0,12.02,1611.0,1.76,IT 서비스,2.6,16.68,56.06,5.97,4.65,-0.09191034746536879,0.07147154993228894,0.1710847175002818,-0.015388157297538136,0.021652012456345626,0.15690977512600943,0.2355706722019444,2026-06-11
005670,푸드웰,2026-06-11,5.0,0.0,5.0,-45.0,-0.751773049689402,0.4,0.8382129092600813,-1.3693101796817748,2.2918794769074133,1.76078220648572,585,619.0,6.18,1002.0,0.57,음식료·담배,0.98,11.51,109.21,21.91,71.48,0.15648591939009626,0.07953683628195221,0.12299572240357234,-0.0017135800577287935,-0.01992841922692591,0.3373764787909661,0.23471170278055228,2026-06-11
208860,다산디엠씨,2026-06-11,3.0,0.0,3.0,-3.0,-0.8888888889506172,0.5,-0.682647381793453,-1.016793056813993,0.606976941824781,-1.092463496782665,586,341.0,-4.67,-215.0,0.61,IT 서비스,5.24,0.0,96.8,1386.06,0.0,-0.11563294690591402,-0.061705124321639826,0.050830438761796826,0.2153598186958812,-0.01889351032087558,0.06995867590924859,0.23437722073789424,2026-06-11
234690,녹십자웰빙,2026-06-11,-108.0,0.0,-108.0,-432.0,-0.5861078469936243,0.3,0.31034889061254795,-0.5604785579568937,0.9036959391150989,0.6535662717707531,587,1426.0,14.08,564.0,1.25,제약,1.15,1.74,117.82,41.34,-3.3,0.050888863884367364,0.17941529648149193,0.08198259955316146,-0.009619586737235735,-0.04179127107673952,0.2608759021050455,0.23412739842541985,2026-06-11
025880,케이씨피드,2026-06-11,-37.0,0.0,-37.0,-75.0,-0.31985294130149766,0.2,0.7949382225154266,-0.5093011971552988,-0.9211322456709677,-0.6354952203108399,588,419.0,4.05,618.0,0.49,음식료·담배,2.04,13.9,46.02,9.17,-24.98,-0.07205110984774808,0.14421667249502707,0.1469082569742806,-0.01941349455693885,0.05238147517154948,0.2520418002361702,0.23410693990832004,2026-06-11
228850,레이언스,2026-06-11,-45.0,1.0,-44.0,299.0,1.2161172157113338,0.6,0.5641304523355655,2.4648903149346477,-1.359223359617856,1.6697974076523572,589,1138.0,-21.57,-318.0,0.46,의료·정밀기기,-1.86,0.16,13.11,34.88,0.0,0.14780854531034412,0.0758516779970159,0.07329067785173493,-0.010382498149136861,0.05054197830420315,0.3371103813141612,0.23392383392784327,2026-06-11
038680,에스넷,2026-06-11,4.0,0.0,4.0,230.0,-0.8778220451624578,0.7,-0.05453100642071429,-1.4027548436303947,0.322030568433841,-1.135255281617268,590,670.0,14.69,229.0,0.59,IT 서비스,-0.44,6.31,109.8,-2.01,0.0,-0.11971407176755362,0.23341678487014222,0.09632231519104384,-0.017703121864309206,-0.03183145327875176,0.1604904531505715,0.23337710270392023,2026-06-11
293580,나우IB,2026-06-11,-31.0,1.0,-30.0,1345.0,-0.6383002962012139,0.6,0.8849877812045593,-0.5831389680295653,0.30808316996615076,0.6099319831411447,591,1483.0,25.61,61.0,1.42,금융,1.56,5.64,62.31,-7.2,-18.97,0.04672738801149718,0.1748749619551024,0.08317781001980011,-0.021716749739465854,0.004043871538163735,0.28710728178509753,0.23331169494865323,2026-06-11
250060,모비스,2026-06-11,-45.0,0.0,-45.0,265.0,-0.8448197170312725,0.6,-0.582849614569923,-1.1448538281545597,0.5400616373673356,-1.1876418053571474,592,1029.0,11.15,287.0,2.91,IT 서비스,1.91,32.31,42.94,-73.66,0.0,-0.12471026309904516,0.04013292266704544,0.28376903264911396,-0.03192168215685728,0.03470938257998682,0.20197939264024378,0.2326214667503961,2026-06-11
270520,앱튼,2026-06-11,17.0,0.0,17.0,-34.0,0.11111111026936027,0.5,-0.44378452702757387,1.2469628257458454,0.5030977011288409,1.3062759998471125,593,190.0,-0.75,-1297.0,0.2,일반서비스,1.36,-54.82,80.25,-30.86,0.0,0.11313889409419438,0.32505286851854015,-0.2033416491456119,-0.023428250467798555,0.007337965343174469,0.21875982834249852,0.23236428816714325,2026-06-11
473950,에스케이증권제13호스팩,2026-06-11,0.0,2.0,2.0,-2.0,-0.6969696983471074,0.2,0.7099850421451201,-0.6838723510317497,2.213594012117921,2.2397067032312914,594,90.0,127.19,16.0,1.05,금융,0.0,0.76,15.85,0.0,0.0,0.2021617582940175,0.19925989615371226,-0.09355353335524051,-0.017304248086388457,0.03826577894491917,0.32882965195101993,0.23235890442296103,2026-06-11
042510,라온시큐어,2026-06-11,-143.0,0.0,-143.0,610.0,-0.5486307837710491,0.8,0.06708911212503994,-1.0016376146801989,1.6020816287597903,0.6675331262046315,595,921.0,27.45,302.0,1.67,IT 서비스,-2.81,8.37,33.63,-13.49,0.0,0.05222090640349383,0.06341983187704701,0.11117386280502939,-0.019981266625767016,0.04397494019058892,0.2508082746503921,0.23020306325045997,2026-06-11
046120,오르비텍,2026-06-11,329.0,16.0,345.0,2417.0,-0.6588361438769974,0.8,-0.14005729443819667,-1.0513458920957675,0.43943532612618696,-0.7519678604077771,596,2373.0,241.72,29.0,3.07,일반서비스,2.64,16.51,75.34,62.95,0.0,-0.083159302437463,0.07802004107099574,0.1389444150752776,-0.004812156384840636,0.009270434424785956,0.13826343174875566,0.23006632848695072,2026-06-11
079940,가비아,2026-06-11,31.0,-25.0,6.0,164.0,-0.8011204481959843,0.7,0.3922679432607262,-1.0986409363836265,1.36626000879462,0.6598870156717197,597,4160.0,26.56,1167.0,2.29,IT 서비스,2.99,10.15,67.34,10.4,85.71,0.051491683915782197,0.03986162343693509,0.1240067534617742,-0.0017595099007856544,0.010425858874434597,0.22402640978814042,0.22852985927108788,2026-06-11
104830,원익머트리얼즈,2026-06-11,-195.0,17.0,-178.0,-924.0,-0.7258592471414513,0.4,0.2347283472021442,-1.1948014746447897,1.275071020025867,0.31499789258322153,598,5497.0,11.29,3863.0,1.05,화학,9.0,9.97,24.58,13.06,6.35,0.01859902519201319,0.07995239088167469,0.1260624288054294,-0.013713799794647848,0.05547331968321878,0.26637336476768825,0.2280292552591196,2026-06-11
049520,유아이엘,2026-06-11,-18.0,-7.0,-25.0,-296.0,-0.6334185848564859,0.6,-0.9991155570189841,-1.1610748118860312,-0.6324554320336921,-2.7926458009387076,599,1123.0,5.23,696.0,0.56,전기·전자,1.11,11.12,39.71,-8.73,-18.42,-0.2777822075088529,0.2703764552474632,0.11949074413362959,-0.021933863223202645,0.043855954679686955,0.13400708332872416,0.22741687215047643,2026-06-11
267790,배럴,2026-06-11,0.0,0.0,0.0,-4.0,-0.6913580252629172,0.4,-0.7976912385725462,-1.2340259646488756,-1.0561471971399725,-3.0878644003613944,600,246.0,6.83,469.0,0.62,섬유·의류,3.72,8.73,69.96,-11.03,-65.05,-0.30593770441974794,0.09031146714238535,0.24299443780246707,-0.029724494379159486,0.03133098393774536,0.02897469008369037,0.22733208549668538,2026-06-11
140520,대창스틸,2026-06-11,6.0,0.0,6.0,2.0,-0.5833333337673612,0.2,0.8110904828826512,-0.5952314646118697,-0.6172133712769404,-0.40135435300615896,601,417.0,14.62,135.0,0.28,금속,-0.55,1.39,92.25,7.32,0.0,-0.04972069950435215,0.3692537672122658,0.04614284149516807,-0.015851633133960655,0.0010500781443010209,0.3508743542134221,0.22646149334948285,2026-06-11
397030,에이프릴바이오,2026-06-11,-161.0,968.0,807.0,-993.0,-0.18880623450406164,0.6,-0.4960378941332114,-0.2702361670550448,0.6831299810639804,-0.08314408012427577,602,10091.0,47.94,899.0,10.63,일반서비스,-0.23,26.9,9.46,0.0,0.0,-0.019372447826912536,0.04875368796737057,0.18880214965056202,-0.017304248086388457,0.03519936784567493,0.23607850955030654,0.2263963094003394,2026-06-11
450520,인스웨이브,2026-06-11,1.0,0.0,1.0,60.0,-0.4262295084318731,0.7,1.381780477656075,-0.33743994927681614,1.5722823520105553,2.616622880389814,603,317.0,-9.13,-236.0,0.78,IT 서비스,3.36,-7.24,26.56,58.33,0.0,0.23810889130801424,-0.11434695269877654,-0.0013662625611426927,-0.0057289707400614625,0.051011190706910806,0.16767789601494437,0.22633465176322418,2026-06-11
086980,쇼박스,2026-06-11,64.0,0.0,64.0,268.0,0.036394311807443014,0.7,0.671226168241951,1.2001441332382845,1.1442835526482753,3.015653854128511,604,1594.0,-10.6,-240.0,1.48,오락·문화,2.41,3.49,68.23,572.0,0.0,0.2761651498581927,-0.22194975362093192,0.1439842573797367,0.09620610065523748,-0.0014719921468221893,0.2929337621254127,0.2256375736199319,2026-06-11
052260,현대바이오랜드,2026-06-11,79.0,2.0,81.0,129.0,0.23726346406755527,0.4,1.7742458399001118,0.5498016013353075,0.3789323195263912,2.7029797607618105,605,1091.0,454.38,8.0,0.8,화학,0.28,9.32,15.64,13.45,4.43,0.2463448929803446,0.09078956037818325,0.12023065799770358,-0.013938393940481382,0.06467619895885213,0.5081029163746023,0.22554422305651245,2026-06-11
450330,하스,2026-06-11,19.0,0.0,19.0,38.0,-0.6193415639034954,0.5,0.44864031032285573,-0.6765424926119458,-0.06454971618679028,-0.2924518984758803,606,406.0,25.54,194.0,0.87,제약,-0.9,3.25,21.45,-0.46,0.0,-0.03933448830996181,0.22527794853737096,0.09259102322005641,-0.017395532632579275,0.04956535050099237,0.3107043013158787,0.22448424538605463,2026-06-11
0015N0,아로마티카,2026-06-11,51.0,-20.0,31.0,164.0,-0.5854063018757787,0.7,0.08507265004199537,-1.0144938037822682,2.041241202319351,1.1118200485790781,607,730.0,13.23,434.0,3.15,화학,1.06,0.0,21.4,19.87,18.29,0.09459330128283727,0.004646643179577741,0.036612036570004364,-0.01048440644917408,0.05874682707656487,0.18411440165981016,0.22404498211013452,2026-06-11
312610,에이에프더블류,2026-06-11,15.0,0.0,15.0,8.0,0.6339869249006795,0.7,-0.27451310187368705,1.2585368379672253,1.4270118814799437,2.411035617573482,608,124.0,-2.21,-277.0,0.22,금속,0.0,-9.33,24.29,130.78,0.0,0.21850168649617618,0.16728197793887792,-0.09951418466154623,0.008648345284992386,0.047322679562174355,0.34224050462067457,0.2238826300068951,2026-06-11
479880,한국제15호스팩,2026-06-11,0.0,0.0,0.0,18.0,3.615384579881657,0.1,1.9608228426873189,0.9304225019242933,-0.34156499053199013,2.549680354079622,609,140.0,52.44,39.0,1.05,금융,-0.24,0.0,12.32,0.0,0.0,0.23172446940363584,0.20240745068040547,-0.12107726715955013,-0.017304248086388457,0.040865936782754866,0.3366163416208576,0.22321418901328408,2026-06-11
013030,하이록코리아,2026-06-11,-169.0,-193.0,-362.0,-323.0,-0.07024793392271711,0.4,-0.4745527353700872,0.5207747587091013,-1.39388091681922,-1.347658893480206,610,3901.0,8.01,4141.0,0.86,금속,-1.19,12.25,10.42,10.42,23.48,-0.13997136331139504,0.1569813520675594,0.19370210493377976,-0.011543398401595273,0.05676648447191395,0.2559351797602628,0.22245927114265018,2026-06-11
237750,피앤씨테크,2026-06-11,5.0,0.0,5.0,-19.0,-0.8544395924944224,0.4,0.030487419972281195,-1.4798255881008913,5.192592240596503e-16,-1.4493381681286097,611,272.0,12.17,344.0,0.4,전기·전자,3.08,0.0,131.59,133.04,0.0,-0.14966868762925162,0.3340966051582912,0.04774368843995205,0.009096830229321187,-0.023655302456739167,0.21761313374157368,0.22191560236822766,2026-06-11
486630,KB제30호스팩,2026-06-11,0.0,-10.0,-10.0,39.0,-0.5147679327965604,0.5,-0.3962257346709038,-0.700087380733983,1.3592233596178573,0.2629102442129705,612,109.0,89.35,23.0,1.05,금융,0.49,0.0,14.58,0.0,0.0,0.013631338109789032,0.20019504624213327,-0.12107726715955013,-0.017304248086388457,0.039201246495641925,0.11464611560162564,0.2211031225020202,2026-06-11
041920,메디아나,2026-06-11,-107.0,-1.0,-108.0,2069.0,-0.39858082383008187,0.5,1.1254814510901148,-0.9534194382077108,-0.6564174503697645,-0.48435543748736054,613,2581.0,48.87,284.0,1.89,의료·정밀기기,7.43,4.54,10.96,6.99,28.08,-0.05763665324941222,0.08151172699934907,0.10421618773582053,-0.011500551729204164,0.05239226165850718,0.1689829714150604,0.22035915203450415,2026-06-11
203450,유니온바이오메트릭스,2026-06-11,-3.0,0.0,-3.0,6.0,-0.23076923195266275,0.3,0.15482412141264537,0.46159207841463185,-1.1097814487526372,-0.49336524892535993,614,350.0,17.38,143.0,0.72,전기·전자,-0.8,3.43,56.82,-11.15,0.0,-0.05849593419785657,0.18302495346658862,0.06987430004330762,-0.019516906108187636,0.03128393019553099,0.20617034339938306,0.2201721319018568,2026-06-11
472220,신영스팩10호,2026-06-11,0.0,0.0,0.0,-309.0,5.0,0.5,-2.409338253656835,2.372831420670764,0.37893226568025923,0.3424254326941883,615,98.0,60.0,35.0,1.03,금융,-0.24,3.01,16.22,0.0,0.0,0.021214836060223785,0.20420251074604065,-0.012068795118797604,-0.017304248086388457,0.03799324115455112,0.2340375447556295,0.2194133475151502,2026-06-11
307750,국전,2026-06-11,92.0,0.0,92.0,173.0,-0.607843137281417,0.8,0.05628305968817852,-0.8765207445278345,2.133811703532998,1.3135740186933422,616,1317.0,-28.37,-86.0,1.27,제약,5.4,-7.57,75.01,-9.44,2248.94,0.11383491848927824,-0.11413289230118598,0.0165756960175376,0.21546261557416224,-0.001208341018187053,0.23053199676160505,0.21685464836308574,2026-06-11
092300,현우산업,2026-06-11,4.0,0.0,4.0,12.0,-0.6089131423641032,0.5,-0.5047428404862457,-1.1637882957691497,-0.2581988564138324,-1.9267299926692278,617,683.0,8.39,404.0,0.55,전기·전자,1.65,10.3,72.04,19.94,248.01,-0.19519835299391625,0.2553374678861353,0.11420004398355625,0.02566103859960829,0.020100633138321514,0.2201008306137051,0.21635185576223231,2026-06-11
394800,쓰리빌리언,2026-06-11,100.0,-21.0,79.0,1506.0,1.3254099869729825,0.9,1.329925822930199,0.9927214999041446,0.7977239715811079,3.1203712944154516,618,2368.0,-43.51,-171.0,10.01,일반서비스,3.48,0.0,25.91,67.79,0.0,0.28615222916918953,-0.22421605527948066,0.059719083233319294,-0.0038516842031807233,0.0287250060549399,0.14652857897478735,0.2146656043022645,2026-06-11
425040,티이엠씨,2026-06-11,-190.0,390.0,200.0,6177.0,-0.6983617714268933,0.7,1.133361837896874,-1.1791080735728192,1.66308542998911,1.6173391943131648,619,3627.0,22.69,748.0,1.8,화학,5.21,7.72,53.1,-21.44,-97.9,0.14280551682057072,0.02326020439697165,0.10587552985560927,-0.03695712185067134,0.026114693627171434,0.26109882284965175,0.21216846671597722,2026-06-11
462980,아이지넷,2026-06-11,20.0,0.0,20.0,-145.0,-0.8000655522976009,0.3,0.7656245158767788,-1.1444832206016717,0.17939871623105277,-0.19945998849384014,620,261.0,10.16,141.0,1.18,IT 서비스,-3.7,14.17,186.95,15.55,2489.9,-0.030465692646823934,0.11671033186873819,0.15298889977644503,0.22042174776831125,-0.10861316860184,0.35104211816483055,0.21197461743421014,2026-06-11
104620,노랑풍선,2026-06-11,46.0,0.0,46.0,221.0,0.048543689116787636,0.8,0.7110143460671948,0.24603597137583713,1.757741304504737,2.714791621947769,621,616.0,-21.18,-173.0,1.54,일반서비스,3.24,-1.92,191.97,-5.74,570.11,0.2474714101502774,-0.14416371522816013,0.05050571938495104,0.07122653939087788,-0.03663259388241321,0.188407359815533,0.21115078614240834,2026-06-11
057540,옴니시스템,2026-06-11,-9.0,0.0,-9.0,-54.0,-0.42748091624905304,0.2,0.028227938231711915,0.5644668834000559,-0.7836038731272751,-0.1909090514955073,622,372.0,-208.67,-3.0,0.34,의료·정밀기기,0.97,1.21,18.49,-32.57,0.0,-0.02965017532944411,0.2081112228195213,0.08070432748148147,-0.02376759084602964,0.04591196693389818,0.28130975105942724,0.21052434799638314,2026-06-11
001810,무림SP,2026-06-11,1.0,0.0,1.0,-43.0,-0.8941798942358836,0.3,-1.5371003765360702,-0.7198096809578416,-0.07543908550999844,-2.3323491430039103,623,254.0,-14.69,-78.0,0.13,종이·목재,0.7,-2.05,73.83,23.25,-60.21,-0.23388293708374375,0.2225085238150057,0.05245436418320057,-0.022160550920098856,-0.004266592288019049,0.014652807706344605,0.20965140999715204,2026-06-11
362990,드림인사이트,2026-06-11,6.0,0.0,6.0,7.0,-0.07407407536008226,0.7,-0.29635248569208433,0.46064375289006937,1.9994599857008433,2.1637512528988285,624,209.0,-51.92,-24.0,0.62,일반서비스,5.59,-0.72,46.11,-3.81,0.0,0.19491775858877075,-0.0037786731440261397,0.0562640717901812,-0.01806032226244719,0.020774725922851907,0.25011756089533055,0.20842804713337287,2026-06-11
241790,티이엠씨씨엔에스,2026-06-11,66.0,0.0,66.0,5.0,-0.39924906140184613,0.3,0.4202705530950025,-0.385208724634229,-0.44922351653326237,-0.4141616880724889,625,580.0,13.81,420.0,0.49,기계·장비,3.94,1.68,64.62,-28.89,0.0,-0.0509421567011616,0.3007425999531306,0.04480046101586937,-0.0230373144765031,0.01796216593720928,0.28952575572854455,0.20724477294405225,2026-06-11
038110,에코플라스틱,2026-06-11,-342.0,0.0,-342.0,129.0,-0.07939952980216691,0.8,-1.1279646555019094,0.4601849962045707,0.7245687498094824,0.05678909051214376,626,939.0,47.5,48.0,0.26,운송장비·부품,3.17,-1.71,389.76,-0.9,-65.63,-0.0060267847782764245,0.27640473239992036,-0.015658860934219837,-0.027805475326695504,-0.03891289406948809,0.18800071729124046,0.2070522273517691,2026-06-11
049830,승일,2026-06-11,1.0,0.0,1.0,-1.0,-0.722222224537037,0.2,-0.8441786536458398,-1.1683477327304495,-1.3448427041561075,-3.357369090532397,627,408.0,11.14,597.0,0.27,금속,1.06,2.49,18.68,1.75,282.26,-0.33164082233447323,0.38764607122053735,0.06108899156721899,0.02743834790049829,0.05114241608298468,0.19567500443676608,0.20593175197145241,2026-06-11
238090,앤디포스,2026-06-11,-21.0,0.0,-21.0,-29.0,-0.5772357724608368,0.3,0.8913250012667991,-0.35172745045253884,-0.6831299110640019,-0.1435323602497416,628,739.0,10.92,222.0,0.58,화학,0.0,3.37,22.65,-12.6,-50.14,-0.025131780192325,0.16810499184881883,0.06684752521929045,-0.027690930316408985,0.05746007102572129,0.2395898775850966,0.2056595583592159,2026-06-11
032820,우리기술,2026-06-11,4531.0,-3313.0,1218.0,9123.0,-0.6225324801245424,0.9,-0.7922987596650003,-1.1449239634735118,2.0390132047851175,0.10179048164660554,629,23201.0,2704.0,5.0,17.91,전기·전자,2.42,24.19,147.62,-8.52,0.0,-0.0017349260283532682,-0.005609026787164295,0.2038193428671157,-0.018994996637574913,-0.03543376841121142,0.1420466250028118,0.204709863861472,2026-06-11
049960,쎌바이오텍,2026-06-11,-17.0,0.0,-17.0,-111.0,-0.4333936107112609,0.2,-0.6696520944670086,-0.26221194357413574,-1.3920678417806416,-2.323931879821786,630,1518.0,15.0,1077.0,0.84,제약,0.06,10.46,7.71,30.0,134.0,-0.233080168464199,0.23917536726329242,0.14324448986794555,0.009725307386553245,0.06259056561438904,0.22165556166798128,0.20465100129356079,2026-06-11
090850,현대이지웰,2026-06-11,32.0,-36.0,-4.0,13.0,-0.8372939413506341,0.6,-0.7034188031227888,-1.1151527855847498,-0.8334107188754191,-2.6519823075829576,631,1178.0,5.18,1011.0,1.08,IT 서비스,-0.57,21.15,131.5,7.91,-13.62,-0.26436689234782185,0.15369215932352664,0.20331113392480385,-0.017876775073507382,-0.053427865754591235,0.021331760072410035,0.20407112582029605,2026-06-11
057680,티사이언티픽,2026-06-11,5.0,0.0,5.0,-3.0,-0.534450652029171,0.6,-0.9348946410433565,-0.6242052092044929,-1.3922862811383285,-2.951386131386178,632,325.0,-25.33,-90.0,0.19,IT 서비스,-1.72,0.77,16.79,-12.42,0.0,-0.29292154118324987,0.2968980119346704,0.0563817453942089,-0.019768930833540546,0.06073455245294545,0.10132383776503434,0.20333865328615436,2026-06-11
129890,앱코,2026-06-11,3.0,0.0,3.0,23.0,-0.6430976431697446,0.4,1.063553990580535,-0.9423973857301171,0.6614377840161512,0.782594388866569,633,436.0,7.42,129.0,0.7,전기·전자,-0.42,0.0,85.9,-28.73,-66.54,0.06319449354121842,0.20884169816158446,0.04774368843995205,-0.03347131989443864,0.009916632007380438,0.29622519225569677,0.20314144700741704,2026-06-11
051390,YW,2026-06-11,-16.0,37.0,21.0,51.0,0.09730848793127822,0.8,-1.1178281590714978,0.45762384481386276,1.2740439928020961,0.6138396785444611,634,502.0,9.9,447.0,0.42,유통,0.11,5.97,17.75,-38.6,-26.43,0.04710007152829439,0.17039303965283475,0.08166178309921282,-0.029121259760165528,0.061055928807716535,0.3310895633278929,0.20236485455775083,2026-06-11
370090,퓨런티어,2026-06-11,8.0,0.0,8.0,244.0,-0.6067263358063417,0.7,0.6927436580759924,-0.7881622720799162,1.5248890879639512,1.4294704739600275,635,732.0,1068.75,8.0,1.54,의료·정밀기기,0.94,0.13,7.11,-45.56,0.0,0.12488815935765854,0.09670651949571821,0.07307885929088503,-0.02634538705259209,0.055705559758074875,0.3240337108497446,0.20215766393617707,2026-06-11
099320,쎄트렉아이,2026-06-11,-30095.0,29068.0,-1027.0,11203.0,-0.4725382778496,0.8,0.6172171758732734,-1.0092125832243564,1.9321834106030475,1.5401880032519646,636,12452.0,81.45,1396.0,5.0,운송장비·부품,0.98,4.98,58.12,-7.13,0.0,0.13544747730055612,-0.07769747252082176,0.05738604564048507,-0.018719158552346137,0.02827357456540318,0.12469046643327647,0.20115339268331506,2026-06-11
001540,안국약품,2026-06-11,-127.0,1.0,-126.0,-1024.0,-0.21099290783639213,0.5,-1.3455499667024233,0.13492944392546347,-1.067177910423562,-2.277798433200522,637,1445.0,19.3,574.0,0.76,제약,1.93,9.78,90.95,30.59,173.53,-0.22868034366869483,0.25469068943686257,0.13846718649477432,0.016059873312948968,-0.016319107314223643,0.1642182982616674,0.20103716877106584,2026-06-11
039740,한국정보공학,2026-06-11,-49.0,-2.0,-51.0,60.0,-0.7678447678689004,0.5,0.4833830623934364,-0.748975590913057,-1.427011881479946,-1.6926044099995665,638,286.0,13.32,268.0,0.55,유통,5.0,6.21,125.2,268.8,406.55,-0.1728694003720017,0.1253281928151974,0.08332465408570888,0.09998197216346957,-0.010108359071842703,0.12565705962053142,0.20079030747531784,2026-06-11
064550,바이오니아,2026-06-11,195.0,-4.0,191.0,1361.0,-0.0629370629632745,0.7,1.2735049214489378,-0.15714026407998527,1.7999286456349446,2.916293303003897,639,1964.0,-69.82,-109.0,0.94,제약,2.42,-2.79,69.08,10.69,0.0,0.26668896612273485,-0.07098764581441434,0.0501573285524766,-0.015182874610780099,0.004413167396837859,0.23508894164685484,0.2006221259842393,2026-06-11
101730,위메이드맥스,2026-06-11,159.0,-158.0,1.0,140.0,0.06710671049497696,0.6,0.43926755945407875,0.5022141565819823,0.864098703787718,1.8055804198237793,640,2820.0,-7.9,-426.0,0.6,IT 서비스,2.28,-9.53,22.76,-30.63,0.0,0.16075840073009282,-0.05767957273985879,-0.01787599267571886,-0.02338260819470315,0.05479305095613615,0.11661327807594815,0.20040281243831032,2026-06-11
464440,한국제13호스팩,2026-06-11,0.0,0.0,0.0,-16.0,0.11111110879629638,0.0,0.7382339310054933,1.1348964149772207,-0.5729699139942827,1.3001604319884312,641,91.0,55.53,38.0,1.06,금융,0.0,1.93,17.4,0.0,0.0,0.11255564204879416,0.20090944327418003,-0.0511814694722902,-0.017304248086388457,0.03712406657986383,0.28210343434415935,0.1997279840477558,2026-06-11
367000,플래티어,2026-06-11,-1.0,0.0,-1.0,21.0,0.05263157617728531,0.8,1.1061776476946803,-0.3725772479377628,1.658576710357052,2.3921771101139693,642,242.0,-5.33,-540.0,0.72,IT 서비스,-3.52,0.0,45.59,10.17,0.0,0.21670311875837533,-0.09860601382129937,0.050830438761796826,-0.01528606583690885,0.032072032669342825,0.1857135105313068,0.19940223482126446,2026-06-11
215380,우정바이오,2026-06-11,5.0,0.0,5.0,18.0,-0.9293942772282355,0.6,0.49272828294958093,-1.0416588066052166,1.420438893230866,0.8715083695752304,643,427.0,181.43,14.0,1.36,일반서비스,1.8,0.88,222.4,11.87,0.0,0.07167437019558114,0.13805990924707498,0.06394187499715474,-0.014948709905334086,-0.04860917924971211,0.21011826528476465,0.19861830481498344,2026-06-11
460930,현대힘스,2026-06-11,9046.0,-11732.0,-2686.0,-1212.0,1.1779572853158684,0.7,-1.5047850650913976,1.7792637565930047,1.010927207341259,1.285405898842866,644,4726.0,22.04,604.0,1.87,운송장비·부품,-1.84,9.15,30.38,10.71,17.82,0.11114847727931815,-0.03678735294102065,0.10291627888660157,-0.012376083625819394,0.033893381102406805,0.19879470070148647,0.19851823838814292,2026-06-11
183300,코미코,2026-06-11,2665.0,-10276.0,-7611.0,5647.0,0.41306504179846093,0.6,0.4358292019307613,-0.1259796058064281,0.9941001611424818,1.3039497572668148,645,14561.0,57.35,2427.0,10.39,기계·장비,29.97,17.76,214.45,16.37,-34.58,0.11291703640666506,-0.005465317929738966,0.212035813805084,-0.01949463079153738,-0.18805072265918663,0.11194217883128607,0.19687378974214498,2026-06-11
078890,가온그룹,2026-06-11,-160.0,0.0,-160.0,-304.0,-0.46784538049572255,0.4,1.4591765055628423,-0.023902646441499285,-1.524889087963951,-0.08961522884260797,646,1050.0,15.41,370.0,0.8,전기·전자,-1.55,5.75,247.58,-4.34,2448.65,-0.019989612220027472,0.16693177667149298,0.08484311022400293,0.2164746833688865,-0.108882018991938,0.3393779390524169,0.19528239210436238,2026-06-11
067080,대화제약,2026-06-11,31.0,-6.0,25.0,300.0,-0.3961625282507809,0.7,0.02248216884983933,-0.09920704384675635,2.1602466661359796,2.0835217911390624,647,1996.0,120.45,89.0,2.53,제약,-0.92,2.43,161.39,0.99,-59.81,0.18726613918824095,0.09916708940454384,0.08683015738770286,-0.02651501510094065,-0.08309466427111308,0.26365370660843396,0.19498304197460448,2026-06-11
458650,성우,2026-06-11,5.0,0.0,5.0,26.0,-0.6615231458605514,0.6,-0.352951633916739,-0.5944852150565099,1.1660916555018468,0.21865480652859792,648,1676.0,35.25,316.0,0.75,전기·전자,4.11,2.1,11.89,-0.6,-73.07,0.009410622201477922,0.16799943056631994,0.061293042482822815,-0.028916143743047455,0.0642974345832065,0.2740843860907797,0.19430257274544266,2026-06-11
067310,하나마이크론,2026-06-11,-18873.0,22533.0,3660.0,13239.0,-0.2947441005218935,0.5,0.22240560733792222,0.374949045993097,0.9896753059901288,1.587029959321148,649,31870.0,83.39,575.0,7.98,전기·전자,13.22,24.53,195.46,62.84,513.61,0.13991487383988413,0.00653402720660261,0.20601304780739002,0.07594926130639325,-0.07058547217053474,0.35782573798973527,0.19419481541948663,2026-06-11
018620,우진비앤지,2026-06-11,9.0,0.0,9.0,-13.0,-0.39102564161119335,0.4,0.9869568455379414,-0.5467996276691942,1.6505526194593991,2.0907098373281463,650,181.0,-10.21,-307.0,0.59,제약,0.97,-7.37,68.21,-0.11,66.45,0.1879516753050977,0.027512929755025815,0.017980785244940907,-0.006874476102300843,0.0052379080917909285,0.2318088222945545,0.19365111037499244,2026-06-11
273640,와이엠텍,2026-06-11,-27.0,0.0,-27.0,214.0,-0.7562724014511633,0.7,0.0242165660643147,-0.8764184746732354,1.0892129142138238,0.23701100560490307,651,723.0,14.81,445.0,1.31,전기·전자,0.3,8.53,6.48,-11.38,-27.6,0.011161283939591184,0.1043543760244088,0.10277987414742233,-0.023903619634340647,0.06827257499578883,0.2626644894728705,0.19360488952047933,2026-06-11
091580,상신이디피,2026-06-11,1501.0,-1510.0,-9.0,3523.0,-0.13402873450960417,0.6,0.9382018209877209,-0.18574259447316377,0.4058396837802469,1.158298910294804,652,2230.0,110.79,151.0,1.39,전기·전자,-0.42,5.29,117.77,26.87,0.0,0.09902606889984424,0.08299625446989874,0.08187515648127887,-0.011972039920850889,-0.013500692382453036,0.23842474754771792,0.19311161109034855,2026-06-11
131180,딜리,2026-06-11,-2.0,0.0,-2.0,-11.0,-0.30555555700231474,0.2,-0.08441991483952693,-0.2070271438384806,-0.9339808727403457,-1.2254279314183532,653,242.0,25.15,164.0,1.85,전기·전자,2.23,7.96,13.55,48.66,0.0,-0.12831398982111297,0.06795539949744095,0.09910219233578597,-0.007647930656724964,0.06307770573202597,0.09417337708741495,0.19290933960423284,2026-06-11
302550,리메드,2026-06-11,9.0,58.0,67.0,165.0,-0.4702297234687909,1.0,-0.4197274450060117,-0.9677579774453509,1.2314100528769942,-0.1560753695743684,654,909.0,172.94,17.0,2.27,의료·정밀기기,4.07,2.94,39.51,11.37,81.34,-0.026328028196290428,0.06208364706982965,0.09291919782382578,-0.002254354856856527,0.02782221990716759,0.15424268174767608,0.19282895527963745,2026-06-11
140860,파크시스템스,2026-06-11,-327.0,1127.0,800.0,-3392.0,-0.37285825545537654,0.7,-1.217945031558862,-0.618763098742185,1.335321816603196,-0.5013863136978511,655,18487.0,53.54,4931.0,8.15,의료·정밀기기,8.2,11.47,60.91,-22.68,-84.05,-0.059260916705278534,0.010951195556798504,0.15314627529214772,-0.035024793350010075,0.009405446055025126,0.07921720684868273,0.1919279447147809,2026-06-11
208140,정다운,2026-06-11,0.0,0.0,0.0,104.0,-0.2449799198606475,0.5,0.6437031781937628,-0.574090483787872,0.2083526797188554,0.2779653741247462,656,732.0,12.04,186.0,0.56,음식료·담배,1.59,4.77,75.1,-14.32,51.3,0.015067171301034602,0.06292634453576558,0.05556037386525702,-0.012077245434406428,0.019104505253719692,0.14058114952137046,0.19192486765348404,2026-06-11
067160,SOOP,2026-06-11,943.0,-1146.0,-203.0,-16.0,-0.6162470369732287,0.4,-0.7486806891473421,-0.5782994480672146,-2.1405178222199144,-3.4674979594344713,657,5230.0,5.14,8860.0,1.04,IT 서비스,-1.19,24.09,81.44,-1.52,-24.06,-0.34214399874082546,0.1593427364815959,0.22450703197583177,-0.021390165657445285,-0.003606833102954179,0.016708770956202733,0.19173519792597754,2026-06-11
264660,씨앤지하이테크,2026-06-11,-9.0,-1.0,-10.0,-295.0,-0.5603458774974908,0.2,0.267150012123439,-0.709898393657761,-1.4175124328400628,-1.8602608143743848,658,1407.0,7.2,2009.0,0.95,기계·장비,2.99,12.2,37.86,-78.85,0.0,-0.18885907508998362,0.1706447347023265,0.1542106545073207,-0.032951609971488466,0.05475656558240421,0.1578012697305793,0.19131703351408666,2026-06-11
000250,삼천당제약,2026-06-11,5202.0,-8232.0,-3030.0,17936.0,-0.607053760837345,0.6,0.047988272317613,-1.1402959913702517,-1.7709977776102714,-2.8633054966629103,659,61693.0,1174.11,224.0,22.16,제약,1.74,3.65,45.29,28.15,692.36,-0.2845211421443333,0.04248992422467342,0.09540120167486303,0.09717994362677283,0.026965559503657845,-0.0224845131143662,0.19121568517309656,2026-06-11
052400,코나아이,2026-06-11,-918.0,564.0,-354.0,-585.0,-0.4318220068050238,0.5,-0.044905370151098814,0.21607298421221538,-0.8425313378443647,-0.6713637237832482,660,7260.0,9.76,5110.0,2.77,IT 서비스,-0.1,38.64,102.42,31.97,95.38,-0.07547194966167145,0.046123273670756144,0.32940509886102104,0.0040418893273746264,-0.02448668258420359,0.2796116296132768,0.1912034567003124,2026-06-11
452280,한선엔지니어링,2026-06-11,1652.0,765.0,2417.0,825.0,0.6215240158776647,0.7,-0.560491330181256,0.6874474044189701,0.7629747460174372,0.8899308202551514,661,4350.0,92.62,244.0,6.57,금속,5.12,7.3,34.0,1.65,-20.5,0.07343135046113336,0.030006569523528037,0.12644442960955066,-0.020201160789822873,0.040711335245406405,0.2503925240497956,0.1908722269695122,2026-06-11
0001A0,덕양에너젠,2026-06-11,119.0,-30.0,89.0,115.0,-0.5493096647076141,0.6,0.6503411179360861,-0.47288665242887257,1.8837500985276576,2.0612045640348713,662,2579.0,41.27,251.0,4.38,,1.97,0.0,55.27,23.41,117.94,0.18513770751076342,0.0,0.0,0.005891556883366486,0.0,0.1910292643941299,0.19086450654322423,2026-06-11
041930,동아화성,2026-06-11,30.0,0.0,30.0,-10.0,-0.6984924623332023,0.4,-0.1581790369840769,-0.8218274720190402,-0.28883634495464533,-1.2688428539577623,663,800.0,3.02,1743.0,0.41,화학,1.15,11.57,66.59,-7.91,-24.86,-0.13245454437910995,0.31240383184490494,0.14041755694752367,-0.022784055223097666,0.012228022326467407,0.3098108115166884,0.19070611776326596,2026-06-11
352940,인바이오,2026-06-11,-6.0,0.0,-6.0,-6.0,-0.3162393179925488,0.5,-1.5417625596369064,-0.6854849383518685,0.6278955068086858,-1.599351991180089,664,218.0,33.98,59.0,0.53,화학,0.45,1.57,63.81,4.79,0.0,-0.16397575954063234,0.17007467629292683,0.050698006059434385,-0.016353698138010155,0.015089767783543552,0.05553299245726227,0.19040905879393655,2026-06-11
033130,디지틀조선,2026-06-11,7.0,0.0,7.0,-186.0,-0.8738170347202181,0.4,-0.5445331031985808,-0.8262580306112213,-0.24759791975399748,-1.6183890535637995,665,710.0,13.01,147.0,0.77,IT 서비스,4.2,8.97,16.5,24.83,0.0,-0.16579135636341125,0.1774020470182967,0.11549955628483102,-0.012376867038740604,0.061023168103544224,0.1757565480045201,0.19031524975356887,2026-06-11
041020,폴라리스오피스,2026-06-11,-8.0,-14.0,-22.0,902.0,-0.16205624714746225,0.5,0.5713890723220035,-0.16079567756666657,-0.09473307988159674,0.3158603148737402,666,1682.0,34.54,98.0,1.88,IT 서비스,1.65,6.57,27.74,1.5,18.51,0.01868127586383424,0.051556027873314446,0.09819678236562454,-0.01409523221496564,0.049836823576888206,0.20417567746469578,0.19006951411063414,2026-06-11
066980,한성크린텍,2026-06-11,-90.0,0.0,-90.0,-98.0,-0.24355992075703725,0.5,0.26517119430443054,-0.48568033171494557,0.683129911064001,0.462620773653486,667,906.0,872.0,2.0,1.5,일반서비스,-2.08,-3.97,145.77,-4.31,0.0,0.03267806892462107,0.12689042436846154,0.040668534026016175,-0.018159544595263297,-0.018449279916944623,0.1636282028068909,0.18898446869305036,2026-06-11
0015S0,페스카로,2026-06-11,25.0,-2.0,23.0,48.0,-0.1056910570144376,0.6,-0.832304583404136,-0.05425294729956946,-0.9036959391150947,-1.7902534698188002,668,943.0,31.45,304.0,1.51,일반서비스,4.03,0.0,8.96,105.16,543.46,-0.1821823562882913,0.13446815717124963,0.059719083233319294,0.0890424024872445,0.03539615695785533,0.13644344356137747,0.1889273629513443,2026-06-11
142210,유니트론텍,2026-06-11,-169.0,0.0,-169.0,897.0,-0.7985366342608144,0.6,0.3812073883362559,-0.9859097392949867,0.6831299810639804,0.07842763010524956,669,1405.0,10.64,636.0,1.01,유통,5.45,16.2,168.08,27.67,84.71,-0.003963080676091218,0.07429671494540115,0.1525416588986077,0.0015103442843544944,-0.03850784408138669,0.18587779337088545,0.1883426476177032,2026-06-11
104040,디에스엠,2026-06-11,26.0,-27.0,-1.0,-33.0,-0.4666666668307693,0.4,-0.49626289553611086,-1.0520984089821013,0.724568749809482,-0.82379255470873,670,508.0,14.46,131.0,0.44,운송장비·부품,0.64,0.0,140.04,366.33,0.0,-0.09000934495670494,0.13709724562064693,0.003011810253036572,0.05539198627466021,0.011677520076890657,0.11716921726852943,0.18831929786783777,2026-06-11
263750,펄어비스,2026-06-11,3153.0,-1848.0,1305.0,-2538.0,0.06351968674991615,0.9,-2.1048579910848804,0.6759497057450579,0.26263306854917773,-1.1662752167906447,671,26374.0,-313.36,-131.0,3.16,IT 서비스,2.37,16.85,47.0,419.57,2597.44,-0.12267249542601588,-0.2566131597686332,0.17231033065289228,0.30059736157703804,0.030668763471603952,0.1242908005068852,0.18734831730066903,2026-06-11
101490,에스앤에스텍,2026-06-11,-1122.0,-336.0,-1458.0,-558.0,-0.0027625196797271823,0.5,0.5396167410740524,-0.11908205554948618,-0.4830458332063208,-0.06251114768175453,672,13441.0,23.18,2718.0,4.33,전기·전자,3.45,20.9,25.96,6.62,-4.21,-0.01740465017871507,0.02860107922313021,0.18259202153328483,-0.01665271505118482,0.053959130404826916,0.23109486593134207,0.18721482023828517,2026-06-11
031510,오스템,2026-06-11,18.0,0.0,18.0,-22.0,-0.2446043168184877,0.6,-1.225717870805129,-0.8662735474592067,0.5428966403464356,-1.5490947779179,673,332.0,35.91,33.0,0.44,운송장비·부품,0.85,17.04,87.23,40.77,0.0,-0.15918264414911945,0.12635143465362508,0.18906341085587236,-0.009213659068563125,0.02237622170699742,0.16939476399881231,0.18715815029808172,2026-06-11
300080,플리토,2026-06-11,-29.0,3.0,-26.0,81.0,-0.871103117509859,0.4,0.3502929565237192,-0.7327019577425512,-1.3178654703937562,-1.7002744716125882,674,1245.0,19.28,391.0,7.23,IT 서비스,-1.18,44.62,33.63,13.14,0.0,-0.1736009071147141,-0.00027932933039127026,0.3725178438763771,-0.014696685179981177,0.04397494019058892,0.22791586244187947,0.18699326291392127,2026-06-11
050090,비케이홀딩스,2026-06-11,5.0,0.0,5.0,16.0,0.1363636337809917,0.5,1.5513820130093405,0.279555595383767,2.5871858577284264,4.418123466121534,675,110.0,-5.46,-102.0,0.68,일반서비스,7.32,-12.48,25.58,12.11,0.0,0.4099210477091843,-0.024513292531132918,-0.0001677817810743759,-0.014901083185582358,0.028854886868978965,0.3991937770803736,0.1866676027432349,2026-06-11
065690,파커스,2026-06-11,-5.0,0.0,-5.0,-34.0,-0.5538057746295493,0.0,-0.8796596681732888,-0.4663770233847371,-1.7501514602293502,-3.096188151787376,676,151.0,2.26,477.0,0.24,화학,-0.28,-1.45,56.68,-13.03,0.0,-0.3067315546650224,0.5374236096831977,0.023602701691231416,-0.019889982079576197,0.02242942429755539,0.2568341989273859,0.18336564910642958,2026-06-11
065370,위세아이텍,2026-06-11,19.0,0.0,19.0,17.0,0.3253012032225284,0.4,2.140067709436375,2.1624444431105085,-0.37047924564100815,3.9320329069058757,677,263.0,18.07,197.0,0.8,IT 서비스,0.14,9.12,113.2,29.54,0.0,0.3635617693128518,0.16444438744955522,0.11658097965478141,-0.01144219266361288,-0.03521522297542708,0.5979297207781484,0.1833310073233545,2026-06-11
071280,로체시스템즈,2026-06-11,-64.0,0.0,-64.0,166.0,-0.44879605456416616,0.3,0.1901737138888754,-0.9071774920392478,-1.586512202732771,-2.3035159808831436,678,1080.0,8.81,801.0,0.78,기계·장비,4.9,8.96,25.63,32.42,-15.25,-0.23113306966817398,0.19816079548922763,0.12051397894531478,-0.01326927117909676,0.07157254120500264,0.14584497479227432,0.1825362263739779,2026-06-11
303030,지니틱스,2026-06-11,3.0,0.0,3.0,-20.0,-0.3506493510710069,0.6,-1.5626058992008816,-0.15474014430748514,1.0394060985313047,-0.677939944977062,679,176.0,106.56,18.0,4.05,전기·전자,0.89,3.94,63.11,63.53,0.0,-0.07609913499440411,0.021648978369946423,0.07316485745371909,-0.004697058478773953,0.026662186536539692,0.040679828887027134,0.18241089977211022,2026-06-11
022220,티케이지애강,2026-06-11,0.0,0.0,0.0,51.0,5.0,0.4,1.4800799734218835,1.803966350781889,0.3789323374751049,3.6629786616788773,680,369.0,-3.19,-223.0,0.43,화학,-1.52,-13.95,64.65,51.64,0.0,0.33790161109393907,-0.0526117618779322,-0.08854673691888018,-0.007056565553140968,0.014225067717376656,0.20391161446136238,0.1817565699939721,2026-06-11
214430,아이쓰리시스템,2026-06-11,-673.0,1322.0,649.0,262.0,-0.34046345812153855,0.6,-0.8027307608036077,-0.14165864730864916,0.09149153727167043,-0.8528978708405864,681,5349.0,34.76,2106.0,4.75,전기·전자,11.42,15.31,38.93,-0.69,20.94,-0.09278516816040426,0.022101813217703315,0.14652493148583365,-0.014147623020202723,0.044429080284458536,0.10612303380738851,0.18113010602702279,2026-06-11
080420,모다이노칩,2026-06-11,-2.0,0.0,-2.0,21.0,-0.5934959359508228,0.5,0.9742446001039492,-0.8440465710786392,1.3107942508034158,1.4409922798287258,682,1219.0,-26.36,-58.0,0.34,유통,-0.84,-3.11,180.55,-8.37,-61.91,0.12598701346162913,-0.08641005347447799,0.018749830776778262,-0.02870275607094733,-0.04676674282366777,-0.017142708130685694,0.18047509946131046,2026-06-11
170920,엘티씨,2026-06-11,-2480.0,4097.0,1617.0,3825.0,-0.5791979120729143,0.8,-0.6412322711316664,-0.5972680391272727,1.2637970067665492,0.025296696507610017,683,6106.0,120.42,480.0,4.62,화학,15.37,8.3,68.49,30.27,92.04,-0.009030267634184857,-0.02458773529816216,0.11107926380711847,0.003179200860103765,0.010272153129185158,0.09091261486406037,0.18029701621004773,2026-06-11
415380,스튜디오삼익,2026-06-11,-1.0,0.0,-1.0,15.0,-0.7766323025206363,0.3,0.7027370940364277,-0.9926526007644769,-0.9542373789347175,-1.2441528856627668,684,198.0,5.89,293.0,0.57,유통,1.95,13.41,36.01,13.13,43.57,-0.1300998203630105,0.14636004339617825,0.13321078368059094,-0.007845753884038959,0.04896230482743965,0.1905875576571594,0.18022874435210257,2026-06-11
388050,지투파워,2026-06-11,476.0,-2.0,474.0,435.0,-0.3920117202630271,0.7,-0.015108968851563305,-0.3260746417296839,1.0327953589886807,0.6916117484074334,685,1585.0,28.52,297.0,3.76,전기·전자,-3.64,19.65,98.12,92.35,0.0,0.0545173253092652,0.03099330136849976,0.17452692984109985,0.0010221167847464304,0.0009376641992924206,0.2619973375029037,0.18006875135735062,2026-06-11
198080,캐프,2026-06-11,-15.0,1.0,-14.0,-125.0,-0.7795823666148977,0.4,-1.3282573603174253,-1.296801417490446,-1.2306580289793279,-3.8557168067871994,686,572.0,2.94,904.0,0.43,전기·전자,0.19,15.27,62.03,-6.93,2.06,-0.379169086519055,0.3804109650876327,0.1462668485516837,-0.018355462127143656,0.02745574506622341,0.1566090100593412,0.1798276114397368,2026-06-11
016600,큐캐피탈,2026-06-11,60.0,66.0,126.0,-83.0,0.169398906976022,0.3,0.5100190646600916,-0.3311858207836413,2.19469035035089,2.3735235942273403,687,589.0,413.0,10.0,5.26,금융,20.41,1.3,29.93,-48.1,-73.04,0.21492410141343035,0.09592452332695371,-0.0739971961784942,-0.038337546804867735,0.027894611138481018,0.22640849289550313,0.178898240227628,2026-06-11
125490,한라캐스트,2026-06-11,-7774.0,9340.0,1566.0,4299.0,0.9409787500380395,0.6,0.40782925245331497,2.472074378993131,-0.4711755805022309,2.4087280509442155,688,4632.0,108.46,117.0,4.39,운송장비·부품,8.37,4.55,103.6,-0.04,-65.09,0.21828160996566945,-0.07581130978526689,0.052691081540765614,-0.02754987891147459,0.019059847049075672,0.1866713498587693,0.17885752004928263,2026-06-11
100590,머큐리,2026-06-11,79.0,-505.0,-426.0,824.0,-0.6251283806979608,0.8,0.4779593035829338,-0.8085721432834551,1.9013293403586353,1.570716500658114,689,860.0,-32.18,-156.0,0.56,전기·전자,0.7,1.01,29.46,20.9,0.0,0.13835903170835423,-0.04821916789600764,0.05426028252723752,-0.013156754574675201,0.051387412947518564,0.18263080471242749,0.17779059743067163,2026-06-11
042500,링네트,2026-06-11,168.0,-9.0,159.0,435.0,-0.6870644875324821,0.7,0.029701626826725343,-1.1595757921632526,0.06936134054703905,-1.0605128247894882,690,918.0,8.43,489.0,0.71,IT 서비스,1.23,10.3,40.49,45.17,193.59,-0.11258575730348351,0.20479068239629836,0.1250881768317246,0.022108337455849805,0.03714768721435579,0.276549126594745,0.17760262400021004,2026-06-11
489480,키움제11호스팩,2026-06-11,0.0,6.0,6.0,111.0,5.0,0.5,2.0384203818142286,1.5360517051045908,1.1346171613106346,4.7090892482294535,691,134.0,-405.0,-5.0,1.16,금융,-0.25,0.0,6.74,0.0,0.0,0.4376709462431387,-0.09586229978907694,-0.12107726715955013,-0.017304248086388457,0.04497610129695408,0.24840323250507723,0.17756231498239067,2026-06-11
038530,케이바이오랩스,2026-06-11,50.0,0.0,50.0,53.0,0.0521415267079679,0.6,1.1584106904516647,1.8068058508522935,1.5810715597062228,4.54628810101018,692,215.0,-6.75,-138.0,0.4,유통,2.76,-4.25,13.95,-22.75,0.0,0.4221443256081715,-0.11629509747838504,0.01085119359092194,-0.02181886422952131,0.0635726742143459,0.35845423170553303,0.17717442071023598,2026-06-11
464580,닷밀,2026-06-11,12.0,0.0,12.0,-33.0,-0.287749288358049,0.2,-0.23828802590812861,-0.06104021536389911,-1.4204388932308665,-1.7197671345028942,693,322.0,27.78,63.0,0.96,오락·문화,9.31,5.66,38.02,25.83,26.49,-0.17545995532802583,0.1176336436912802,0.17302824084135981,-0.008011937681315065,0.04335712458239291,0.15054711610569202,0.17682187822899414,2026-06-11
051360,토비스,2026-06-11,19.0,-1.0,18.0,160.0,-0.8276065651259557,0.5,-0.31402111562653867,-1.6115448999787125,-0.6831299810639815,-2.6086959966692325,694,2611.0,6.5,2691.0,0.94,전기·전자,3.0,18.86,85.46,10.4,28.57,-0.2602386036979917,0.16651420738215106,0.16942979189163895,-0.010746785676137512,0.010239933630584926,0.07519854353024574,0.1767088188774315,2026-06-11
040160,누리플렉스,2026-06-11,55.0,-8.0,47.0,1207.0,0.05074626859398523,0.9,1.6051978068437605,0.24540663348391714,1.9126065300387964,3.7632109703664742,695,1058.0,-16.2,-542.0,1.4,IT 서비스,3.17,-7.53,116.2,-19.84,0.0,0.3474609358219347,-0.1979987993047979,-0.0034570144097134745,-0.021241390252531567,-0.03820090211955235,0.08656282973533942,0.17539426962659674,2026-06-11
475660,에스켐,2026-06-11,-10.0,-26.0,-36.0,-186.0,1.6666666654814812,0.2,-2.219776642056158,1.8937852873470802,-0.7888104821910897,-1.1148018369001675,696,330.0,24.62,169.0,0.86,화학,4.13,5.88,9.33,35.55,16.65,-0.11776339216716383,0.0910817853500195,0.08936713249220085,-0.007630741804199184,0.07117174350351058,0.1262265273743679,0.17481461899076353,2026-06-11
049480,오픈베이스,2026-06-11,48.0,0.0,48.0,-93.0,-0.4333333333666667,0.5,-0.9821084738306494,-0.5859260264344058,-0.6305969503343208,-2.198631450599376,697,669.0,9.22,231.0,0.68,IT 서비스,3.65,11.87,97.64,45.99,0.0,-0.22113005470170452,0.21121517814398044,0.13640707477053882,-0.008177777913962972,-0.019729500481230657,0.0985849198176211,0.17399060497523966,2026-06-11
213420,덕산네오룩스,2026-06-11,-1730.0,2071.0,341.0,-1461.0,-0.7645870561746205,0.1,1.6475966692103357,-0.9895557956509061,-0.3080831699661513,0.3499577035932782,698,9200.0,17.3,2142.0,2.01,전기·전자,7.7,13.96,49.78,92.06,72.66,0.02193320146960542,0.06718568944391606,0.13781463245827386,0.012392909760958207,0.03645675616680264,0.2757831892995562,0.173875890254358,2026-06-11
035200,프럼파스트,2026-06-11,-14.0,0.0,-14.0,69.0,-0.8078197482158078,0.6,0.6314622113061795,-1.0097815299348825,0.25819883974717206,-0.12012047888153088,699,292.0,28.57,105.0,0.62,화학,0.0,1.49,13.57,-21.28,0.0,-0.022898949487112182,0.14054629633568336,0.04998024965232967,-0.021527150571041955,0.06680706697904913,0.21290751290890803,0.17341685575750634,2026-06-11
027360,아주IB투자,2026-06-11,-7158.0,-80.0,-7238.0,23491.0,-0.23568703207186859,0.7,-0.5196314873539706,-0.563873368703339,1.322875568032301,0.2393707119749915,700,10721.0,128.26,69.0,3.97,금융,-1.45,3.15,26.77,-22.65,41.75,0.011386333125325306,0.10568479714261293,-0.006998633628530039,-0.015232363066756826,0.030222231185948675,0.12506236475860005,0.1723074576390136,2026-06-11
100790,미래에셋벤처투자,2026-06-11,-41784.0,30157.0,-11627.0,-18828.0,-0.3228596555245332,0.6,-1.3790985088055723,-0.573082281932741,0.7337993318591929,-1.2183814588791204,701,22365.0,72.34,582.0,5.91,금융,6.72,8.47,190.79,2.56,123.61,-0.1276419558225809,0.09633426421025755,0.18566750300163726,0.002645792634095588,-0.09059303469558438,0.06641256932782513,0.17198367677959597,2026-06-11
311390,네오크레마,2026-06-11,21.0,0.0,21.0,12.0,-0.5575221240243298,0.4,1.186752616556137,-0.9481201220550098,0.5400616373673367,0.7786941318684639,702,385.0,12.9,236.0,0.52,음식료·담배,1.84,2.69,26.6,-8.24,-75.92,0.06282251943770127,0.08147909385965736,0.03474946511752766,-0.030880523780912862,0.0746042659488622,0.22277482058283565,0.1715557926654822,2026-06-11
328380,솔트웨어,2026-06-11,-254.0,31.0,-223.0,-388.0,5.0,0.4,-2.899365446127012,2.6908840102316995,-0.4605661228354841,-0.6690475587307967,703,230.0,27.02,124.0,0.97,IT 서비스,-23.69,3.21,62.08,8.53,0.0,-0.07525105308500946,0.1272428626323774,0.07397289887873548,-0.015611515088545679,0.01566074964046758,0.12601394297802535,0.17087210451118184,2026-06-11
452980,신한제11호스팩,2026-05-06,0.0,87.0,87.0,92.0,-0.6934865900703427,0.5,0.7818650121533542,-1.0286011291690391,2.2135941871178795,1.9668580701021945,704,,,,,,,,,,,0.17613972288625157,0.0,0.0,0.0,0.0,0.17613972288625157,0.17063706382876143,2026-06-11
078020,LS증권,2026-06-11,-146.0,1.0,-145.0,655.0,-0.22656859469876633,0.3,0.7068790632059502,-0.43973507344205404,-0.22281244003411466,0.04433154972978148,705,3490.0,18.39,342.0,0.4,금융,-1.26,2.62,1082.25,38.8,1.89,-0.007214881502876615,0.4190215481955462,-0.026192816413114363,-0.009307326050138337,-0.30000000000000004,0.0763065242294168,0.1696939756883715,2026-06-11
010280,아이티센엔텍,2026-06-11,-6.0,0.0,-6.0,-19.0,-0.9396226415139908,0.4,-0.2985119203697592,-1.2940550756288522,-1.4333426246899632,-3.0259096206885747,706,754.0,3.27,1768.0,0.76,IT 서비스,-2.53,35.14,177.94,21.51,0.0,-0.3000289723442471,0.24142542680299356,0.3041718868955116,-0.013035703328639552,-0.09964617890565046,0.1328864591199681,0.1690368150702802,2026-06-11
064240,홈캐스트,2026-06-11,-20.0,0.0,-20.0,-57.0,-0.7624703088450189,0.1,1.3982386737024055,-0.8806465691130217,-1.0327953589886834,-0.5152032543992996,707,566.0,1630.0,1.0,0.66,유통,0.68,1.5,4.3,429.71,0.0,-0.060578661698305405,0.08486691914420882,0.05069081097572356,0.06796940918242987,0.06996388294433889,0.21291236054839574,0.1687248969499546,2026-06-11
039290,인포뱅크,2026-06-11,5.0,9.0,14.0,-88.0,5.0,0.5,-2.003066256832037,1.577239710355311,1.183215723286635,0.757389176809909,708,259.0,-6.25,-476.0,0.38,IT 서비스,9.58,-5.91,42.52,8.97,0.0,0.060790629856519944,0.08448595943777688,0.008222357985750894,-0.015524199435667504,0.035127377660164355,0.17310212550454454,0.16837512481554168,2026-06-11
478390,KB제29호스팩,2026-06-11,0.0,0.0,0.0,26.0,-0.17647058920415237,0.4,0.8058968263476909,-0.10906159398184048,-0.48304583320632144,0.213789399159529,709,128.0,58.57,35.0,1.02,금융,-0.49,0.0,17.21,0.0,0.0,0.008946600075439954,0.20558805513673964,-0.12107726715955013,-0.017304248086388457,0.03726401841816093,0.11341715838440194,0.16837292508655283,2026-06-11
413630,씨피시스템,2026-06-11,72.0,0.0,72.0,325.0,-0.4548022599332089,0.8,-0.8853917172481084,-0.8021777799177209,0.8334107188754306,-0.8541587782903987,710,940.0,48.68,53.0,2.16,화학,-0.96,5.89,13.3,5.0,12.31,-0.09290542303552912,0.0065539425666215345,0.08945685204308895,-0.014375844065287571,0.06708500628603134,0.05581453379492513,0.16808337474504612,2026-06-11
044990,에이치엔에스하이텍,2026-06-11,-20.0,3.0,-17.0,-107.0,-0.5814648729759743,0.2,0.4219164060977055,-0.6163585381859557,-0.7927292080109782,-0.9871713400992284,711,1021.0,11.93,1113.0,0.93,전기·전자,2.31,8.56,16.76,9.31,-28.0,-0.10559105592059233,0.1492733370923786,0.10297343634803477,-0.019860713578541425,0.06071907343546601,0.18751407737674564,0.16654524593465836,2026-06-11
032190,다우데이타,2026-06-11,691.0,-853.0,-162.0,-198.0,-0.6500189179062612,0.5,0.13628613694088892,-0.7593736429911836,0.935414259193494,0.31232675314319924,712,7139.0,3.26,5713.0,0.44,유통,1.64,16.49,1101.18,148.6,85.04,0.01834427410790403,0.21814032581572448,0.1545509613406238,0.025560161812066336,-0.30000000000000004,0.1165957230763186,0.1662722202877779,2026-06-11
265520,AP시스템,2026-06-11,20.0,66.0,86.0,579.0,-0.33219340744754833,0.8,-0.32394706365939313,0.19841584494590003,0.8164964809277392,0.6909652622142461,713,3499.0,14.86,1565.0,0.94,기계·장비,4.49,10.62,84.02,60.87,135.42,0.054455668828098984,0.15297854528086932,0.1377783250665894,0.01607463918488567,-0.008712398827991807,0.3525747795324516,0.16625749531812073,2026-06-11
002290,삼일기업공사,2026-06-11,-10.0,0.0,-10.0,51.0,-0.5362318841587902,0.3,1.5686621325144945,-1.2905585991797777,-0.26403681422401526,0.014066719110701564,714,423.0,7.25,471.0,0.61,건설,0.15,8.71,24.87,43.25,82.12,-0.010101289563448095,0.0780059834540667,0.1033623810851213,0.004194743531954407,0.0428505535421903,0.2183123720498846,0.16596794442842916,2026-06-11
473050,유안타제15호스팩,2026-06-11,0.0,0.0,0.0,-42.0,-0.15686274559400226,0.1,-0.02070578245191481,-1.19412217984318,0.37893226568025973,-0.8358956966148351,715,145.0,53.08,39.0,1.05,금융,-0.24,3.21,11.8,0.0,0.0,-0.09116364206134488,0.20234287572833964,-0.004825707275558226,-0.017304248086388457,0.04124896286651537,0.13029824117156344,0.16547115275883276,2026-06-11
065510,휴비츠,2026-06-11,23.0,1.0,24.0,285.0,1.9828178688007934,0.3,1.6562684549734696,1.9824091481224944,1.0561471971399725,4.694824800235937,716,804.0,-16.87,-415.0,0.7,의료·정밀기기,-0.57,-3.39,101.07,-0.7,-19.86,0.4363105217231306,-0.05262902268770362,0.048225481484496596,-0.020566843232248545,-0.025156125809556246,0.3861840114781188,0.16542546523729385,2026-06-11
065500,오리엔트정공,2026-06-11,56.0,0.0,56.0,499.0,0.46785109964452,0.9,1.1487939953496416,0.7839260198279443,1.3228754805323204,3.2555954957099065,717,476.0,25.12,57.0,1.15,운송장비·부품,1.49,-2.25,159.48,-9.44,0.0,0.29904878985090005,-0.0059288969210990914,-0.021554862361774493,-0.019177565729956547,0.007739198552761221,0.2601266633908311,0.1646746009803206,2026-06-11
0013V0,삼진식품,2026-06-11,21.0,-1.0,20.0,117.0,-0.04387688296452974,0.7,0.556409352371319,1.0961267813446014,1.632992961855478,3.2855290955713983,718,560.0,7.65,739.0,1.34,음식료·담배,5.41,0.0,77.99,9.32,66.72,0.30190360787415577,-0.07591556733317904,0.007835357169743061,-0.004960675904000467,0.015797406111266867,0.2446601279179862,0.16432557377343507,2026-06-11
052220,iMBC,2026-06-11,-2.0,0.0,-2.0,175.0,-0.0371991249371556,0.7,0.5023519705571847,0.4747485240263714,1.6733199130681624,2.6504204076517186,719,495.0,-9.23,-233.0,0.89,오락·문화,1.18,-8.12,16.37,-6.03,0.0,0.24133221861963797,-0.16328354684497406,-0.011407746302034807,-0.018500869420150706,0.07548391628009257,0.12362397233257096,0.16431098744888753,2026-06-11
004590,한국가구,2026-06-11,6.0,0.0,6.0,-11.0,-0.6652421652779299,0.6,-0.9013391594479497,-0.8377160929261208,-0.9180336914520213,-2.657088943826092,720,806.0,5.64,952.0,0.41,유통,-0.56,7.42,31.97,27.63,3.66,-0.26485392087939064,0.19475176777679795,0.09170829530929323,-0.011245558178369293,0.05163800257554035,0.06199858660387159,0.16385429847928432,2026-06-11
089890,코세스,2026-06-11,-622.0,-37.0,-659.0,-3705.0,0.11489245846562901,0.2,-0.6583200846632188,0.9443305854961325,-0.5825752013671788,-0.2965647005342651,721,6261.0,47.42,796.0,8.14,기계·장비,3.57,16.19,28.92,-32.9,-63.07,-0.03972673319519744,-0.0004927285248355173,0.1957074864494206,-0.033753054539686196,0.06704886501544018,0.18878383520514164,0.1620254285491607,2026-06-11
123410,코리아에프티,2026-06-11,-282.0,165.0,-117.0,-814.0,-0.6513164582804316,0.5,-1.2888810095634764,-0.8629951567289307,-0.5097533290371857,-2.661629495329593,722,1687.0,3.84,1577.0,0.65,운송장비·부품,0.33,16.76,102.89,7.62,1.94,-0.26528696095234194,0.1160006716227799,0.18600622493047367,-0.015486966465034335,0.01920368492367093,0.0404366540595482,0.16198723920211017,2026-06-11
056090,시지메드텍,2026-06-11,6.0,0.0,6.0,499.0,-0.5836575875648382,0.9,-0.12885065248390576,-1.032069477482708,1.0327953589886822,-0.1281247709779314,723,1291.0,19.84,63.0,1.37,의료·정밀기기,0.48,7.27,32.89,10.87,-59.76,-0.0236623323560602,0.1246147979638752,0.12349167677316154,-0.024546517544977973,0.03351937144460605,0.23341699628060464,0.16072291774752995,2026-06-11
043590,웰킵스하이텍,2026-06-11,-7.0,0.0,-7.0,-2.0,-0.7589098533252904,0.4,0.9087248684873371,-0.8026869284554121,1.0811581535502,1.1871960935821249,724,135.0,-4.18,-239.0,0.38,전기·전자,-2.16,-11.38,57.5,-18.31,0.0,0.10178204212229969,0.061773117731502604,-0.025680906325699974,-0.02093776991411428,0.03078428223239679,0.14772076584638483,0.16054921893713373,2026-06-11
138360,앤로보틱스,2026-06-11,192.0,0.0,192.0,-844.0,-0.7303727200705691,0.6,-0.879994449009958,-1.8358180340213068,1.366259822128002,-1.3495526609032629,725,1813.0,21.03,112.0,2.17,기계·장비,-3.29,0.0,50.4,730.87,0.0,-0.1401519751120543,0.057296651810234765,0.02732811072445889,0.12773300468422719,0.03751434691458866,0.10972013902145522,0.15950672901845858,2026-06-11
306040,에스제이그룹,2026-06-11,-31.0,0.0,-31.0,163.0,-0.8080689385262747,0.7,-0.8023491186907646,-1.1723273167982255,0.5825752013671786,-1.3921012341218117,726,210.0,-2.34,-910.0,0.16,섬유·의류,-6.18,-9.16,79.66,-16.6,0.0,-0.14420990447070764,0.21534258974547216,-0.056942057306028825,-0.020598429535883193,0.021990993755004764,0.015583192187857264,0.15900602441044362,2026-06-11
042110,에스씨디,2026-06-11,31.0,0.0,31.0,13.0,-0.6838156484967071,0.4,-0.38171785962194577,-0.9095350331900481,-0.7798607806941419,-2.0711136735061357,727,583.0,9.14,132.0,0.43,전기·전자,0.92,3.28,30.93,-14.34,-81.71,-0.2089684687242154,0.31870152431463106,0.06890648904024543,-0.03300171749326948,0.05030729161544906,0.19594511875284065,0.15774960026156076,2026-06-11
141000,비아트론,2026-06-11,-36.0,3.0,-33.0,-21.0,-0.637467191618891,0.3,-0.11448048172266265,-1.2579510916684595,-1.1496902159283309,-2.5221217893194527,728,1055.0,9.81,888.0,0.48,기계·장비,1.4,2.56,14.66,-40.48,0.0,-0.2519818751843864,0.3150904040641688,0.05395264450184629,-0.025337288151180446,0.08665604509542822,0.17837993032587646,0.15759489553440187,2026-06-11
068930,디지털대성,2026-06-11,23.0,-7.0,16.0,-177.0,-0.4946452477080342,0.3,-0.18155534253270653,-1.0513968739123514,-0.21807883582154858,-1.4510310522666066,729,2095.0,10.01,756.0,1.42,일반서비스,-0.39,20.07,122.3,15.56,95.92,-0.14983014085140997,0.1588505234304996,0.15602752721079372,0.0008703463671272234,-0.00921199899119683,0.15670625716581374,0.15757260989085584,2026-06-11
018310,삼목에스폼,2026-06-11,-114.0,-216.0,-330.0,-1707.0,0.008152485916727237,0.7,-2.641558887848103,-0.3134505788987363,-0.709389715070447,-3.664399181817286,730,2146.0,20.98,696.0,0.32,금속,-4.01,1.42,19.11,-6.45,0.0,-0.3609228011922701,0.32132273891982277,0.04655046376986037,-0.018584216179716232,0.05084963770438425,0.039215823022081056,0.15703460203762953,2026-06-11
226590,엠디바이스,2026-06-11,-243.0,-6.0,-249.0,378.0,-0.6143310265365989,0.7,-0.17597032534356158,-0.4227844152058804,1.0327955089886471,0.43404076843920514,731,1653.0,14.93,1033.0,3.46,전기·전자,8.29,0.0,173.12,1.88,37.16,0.029952345511199137,0.042528082407714086,0.04774368843995205,-0.011086454442404954,-0.054170567028743705,0.05496709488771662,0.15570918438821157,2026-06-11
067000,조이시티,2026-06-11,22.0,-2.0,20.0,633.0,-0.22735042742967349,0.6,1.5891307224607392,-0.13100237182223484,2.129859549985681,3.5879879006241855,732,828.0,-8.98,-132.0,0.96,IT 서비스,0.77,-10.84,147.15,29.2,-85.68,0.33074961543597586,-0.14976406517310006,-0.027320423439952397,-0.024985858957245775,-0.06900315862311142,0.05967610924256621,0.15432164340963514,2026-06-11
189980,흥국에프엔비,2026-06-11,-2.0,0.0,-2.0,4.0,-0.8152254250224925,0.5,0.010087496704987799,-1.1900219421850202,0.8143449605196535,-0.3655894849603789,733,486.0,6.24,194.0,0.48,음식료·담배,2.37,6.82,142.18,-14.29,-53.97,-0.046309743576267944,0.1271135940777697,0.07607112527527875,-0.02862870408028433,-0.05765681324999499,0.07058945844650116,0.15410982668088447,2026-06-11
437730,삼현,2026-06-11,-14652.0,23923.0,9271.0,20431.0,0.8884850264888875,0.8,2.0248101403937224,0.302723515673592,1.080123274734671,3.4076569308019855,734,16615.0,159.76,328.0,12.57,운송장비·부품,6.4,4.44,60.73,-22.87,0.0,0.3135511459841982,-0.09088483123391945,0.051490044212930415,-0.02184267758939717,0.027744818434848762,0.28005849980866077,0.1538644279563429,2026-06-11
060260,뉴보텍,2026-06-11,17.0,73.0,90.0,86.0,0.9405320804661039,0.5,2.1341782455669422,0.8497311495582036,0.3567529703699845,3.34066236549513,735,177.0,10.1,131.0,0.84,화학,15.65,-2.72,153.27,-0.96,0.0,0.3071617610327331,0.10966447218731136,0.012208318728444079,-0.01749475496539538,-0.0770007892632305,0.33453900771986267,0.1531709758260449,2026-06-11
246250,에스엘에스바이오,2026-06-11,,,0.0,0.0,-1.0,0.0,0.0,0.0,0.0,0.0,736,302.0,89.5,22.0,2.25,일반서비스,0.0,2.58,30.73,-7.23,-72.1,-0.011442856345630146,0.09720301685242753,0.07209954090456414,-0.030079265241570695,0.02682795901352088,0.1546083951833117,0.15268145240457326,2026-06-11
019210,와이지-원,2026-06-11,-703.0,-830.0,-1533.0,-638.0,0.034536463796660755,0.4,-1.0035123337405212,0.7618080736326951,-1.6906604162221262,-1.9323646763299522,737,5304.0,20.97,680.0,1.24,금속,3.18,10.85,180.68,46.72,327.78,-0.19573574230039506,0.10203994766724415,0.17467973211480586,0.043522026377717384,-0.05916013585485347,0.06534582800451888,0.15230661247812957,2026-06-11
124560,태웅로직스,2026-06-11,0.0,0.0,0.0,127.0,-0.94656802302344,0.6,1.8749095365998405,-0.9583516300483947,1.690660416222125,2.607218322773571,738,811.0,-16.9,-124.0,0.32,운송·창고,3.71,-2.5,119.02,1.46,-93.29,0.23721196274920975,0.07463555129806927,0.024997093411679487,-0.03168765428028078,-0.01703523846478108,0.2881217147138967,0.15115393133450591,2026-06-11
278650,HLB바이오스텝,2026-06-11,5.0,0.0,5.0,46.0,-0.6398046398706096,0.5,0.6236328851841326,-0.4707567485976167,1.463864596346731,1.6167407329332468,739,521.0,-2.74,-1090.0,0.52,일반서비스,0.17,-17.95,44.02,-0.68,0.0,0.1427484405470347,0.041412163981719284,-0.026416271494915187,-0.017439190459018362,0.02159730441176596,0.1619024469865864,0.15109501922905005,2026-06-11
005860,한일사료,2026-06-11,-1203.0,0.0,-1203.0,-981.0,0.48023360282523897,0.7,-2.270796002928739,0.35760691413873497,-0.37047924564100826,-2.2836683344310122,740,1007.0,15.77,162.0,0.61,음식료·담배,3.86,4.72,23.39,15.8,250.32,-0.22924016607245098,0.03628663202121498,0.0550601116357443,0.025202806473549007,0.0782775490794067,-0.03441306686253598,0.15103069061388613,2026-06-11
469610,이노테크,2026-06-11,99.0,-8.0,91.0,335.0,-0.7703057977125928,0.5,0.8137769037371334,-0.5518385881890844,0.4830458332063225,0.7449841487543716,741,1273.0,12.82,1110.0,2.04,기계·장비,3.27,0.0,45.28,14.76,0.84,0.059607541359452815,0.06992446286678108,0.02732811072445889,-0.014243085261781327,0.0445542320484974,0.18717126173740886,0.14896795486023492,2026-06-11
230360,에코마케팅,2026-06-11,,,0.0,2419.0,0.6052508203955389,0.9,0.3004044079549205,1.0238818610515743,-3.614783056460801,-2.2904967874543063,742,4960.0,30.13,531.0,2.14,일반서비스,0.0,8.28,61.29,22.64,143.89,-0.2298914071811735,0.10643676562963553,0.09945171482940739,0.009820305179845792,0.014800208477055083,0.0006175869347702766,0.14585319065092023,2026-06-11
035290,골드앤에스,2026-06-11,5.0,0.0,5.0,-38.0,-0.2911877398709648,0.3,0.07427276826098482,-0.588451783820669,1.2988407406064735,0.7846617250467893,743,124.0,868.33,3.0,4.79,오락·문화,9.68,0.49,22.27,-3.58,0.0,0.06339165888767627,-0.0012645467086567995,0.10383128485214717,-0.01801467998935178,0.06672880907379106,0.21467252611560592,0.1456269911491509,2026-06-11
030520,한글과컴퓨터,2026-06-11,-179.0,144.0,-35.0,-1313.0,-0.19157894738544046,0.4,-1.1340433510272019,-0.07209224490145698,-0.414644177589262,-1.6207797735179208,744,4809.0,13.99,1422.0,1.3,IT 서비스,3.32,9.42,47.77,4.43,2.13,-0.16601936336708484,0.0979459270049239,0.11874382639468223,-0.016090120762238744,0.02990243915794513,0.06448270842822768,0.14551750672512256,2026-06-11
051370,인터플렉스,2026-06-11,-171.0,-25.0,-196.0,-442.0,-0.6961093585795128,0.3,0.16436083785693303,-0.9954648037577506,-1.3662599621279612,-2.197363928028779,745,2158.0,6.56,1410.0,0.7,전기·전자,3.7,11.25,15.59,-2.09,-38.35,-0.22100916893132716,0.21356715884349353,0.12032951366961682,-0.023750884486645252,0.06157876184262338,0.15071538093776132,0.14522128438109738,2026-06-11
113810,디젠스,2026-06-11,74.0,0.0,74.0,-105.0,0.4606741570298363,0.7,-1.6850262751924046,-0.27339280726235343,1.0639610416196226,-0.8944580408351355,746,192.0,25.61,23.0,0.8,운송장비·부품,1.38,2.87,152.99,8.75,-19.24,-0.09674883183263247,0.030581339896499804,0.034347965988373357,-0.018594024324020658,0.009053998279695377,-0.04135955199208459,0.14506328251596054,2026-06-11
149950,아바텍,2026-06-11,-74.0,6.0,-68.0,415.0,-0.39787997005873965,0.4,0.7446015653341735,-0.5665959724928631,-1.1660916555018435,-0.988086062660533,747,1913.0,24.56,570.0,1.35,전기·전자,3.7,6.19,6.52,11.58,163.52,-0.10567829455765483,0.0942439669927012,0.08768202249965205,0.010713015464095574,0.06824318393913388,0.15520389433792786,0.14478073267985347,2026-06-11
087260,모바일어플라이언스,2026-06-11,25.0,0.0,25.0,546.0,0.43004115211625105,0.8,-0.15203074542782338,1.4064692355457007,0.0,1.2544384901178773,748,156.0,-28.18,-17.0,0.32,IT 서비스,-6.26,-8.22,32.46,-46.91,0.0,0.1081950631570376,0.15718424293770422,-0.008431561911485337,-0.026613287351195575,0.045139355056797774,0.2754738118888586,0.1443614411959566,2026-06-11
011560,세보엠이씨,2026-06-11,28.0,6.0,34.0,274.0,-0.5515227367823411,0.5,0.8009859565204294,-0.9408697171417242,-0.12758944976135134,-0.26747321038264615,749,2330.0,6.84,3377.0,0.83,건설,4.05,14.97,61.87,40.94,55.76,-0.03695222859860699,0.04744303493609611,0.15272578950046667,-0.00040970126270667217,0.02945902846248968,0.1922659230377388,0.14358032478329627,2026-06-11
120240,대정화금,2026-06-11,-63.0,1.0,-62.0,-141.0,-0.28257686686931516,0.3,-0.24839290430981967,-0.5497130383626532,-1.8708283433870363,-2.668934286059509,750,975.0,10.07,1346.0,0.56,화학,3.04,5.7,16.82,-1.05,-22.88,-0.2659836311934212,0.17712015028856992,0.08775218057621524,-0.021111300140010898,0.06346150124685578,0.04123890077820882,0.14333928686898909,2026-06-11
396470,워트,2026-06-11,79.0,0.0,79.0,-152.0,-0.7788799338774888,0.5,0.32624097925189166,-0.7377131302625562,0.37893231952638834,-0.03253983148427625,751,1062.0,29.82,221.0,1.61,기계·장비,5.44,5.06,3.56,-5.77,-6.91,-0.014546235084734682,0.07752549748424428,0.07995316576882616,-0.01953611447225401,0.10191829606933192,0.22531460976541368,0.14327522641723195,2026-06-11
098460,고영,2026-06-11,-10259.0,14225.0,3966.0,-7358.0,-0.1524279968699861,0.7,-0.8703536765850671,0.9014088528538617,-0.7629747460174386,-0.731919569748644,752,23480.0,159.07,215.0,6.73,기계·장비,10.5,8.27,26.8,42.27,209.09,-0.08124726306451768,-0.0006356133962712396,0.11333783507562832,0.023970768375603083,0.06996381745369927,0.12538954444414174,0.1416105796214871,2026-06-11
096610,알에프세미,2026-06-11,,,0.0,0.0,-1.0,0.0,0.0,0.0,0.0,0.0,753,516.0,30.26,98.0,3.58,전기·전자,0.0,9.71,42.15,-13.06,-89.59,-0.011442856345630146,0.03219291213771432,0.11039332070484494,-0.03398711562104627,0.042063100223734856,0.1392193610996177,0.14108733944940385,2026-06-11
273060,와이즈버즈,2026-06-11,-6.0,55.0,49.0,72.0,-0.1358024693491846,0.6,-0.29746739926012983,1.1462890019766012,-0.8819170259104245,-0.03309542319395309,754,553.0,29.62,37.0,1.11,일반서비스,1.76,7.75,271.68,39.72,353.43,-0.014599222805346174,0.16976513810398663,0.09690844251709742,0.04616727885020956,-0.06800471414621194,0.2302369225197355,0.14060099738630305,2026-06-11
138070,신진에스엠,2026-06-11,-1.0,0.0,-1.0,73.0,-0.8141263941211426,0.3,0.9911325289665497,-1.1708992857412952,-0.3567529703699856,-0.5365197271447311,755,235.0,-60.91,-22.0,0.29,금속,6.1,-0.39,33.03,15.26,12.03,-0.06261164974075545,0.06351046713560433,0.021957253196758418,-0.012383841649192952,0.04137178879713296,0.05184401773954732,0.13964116405780266,2026-06-11
058820,CMG제약,2026-06-11,7.0,2.0,9.0,302.0,-0.6546546546740998,0.8,0.6228659328710332,-0.540204036274196,1.7122198664060255,1.7948817630028628,756,1626.0,-15.71,-70.0,0.81,제약,2.8,-4.3,58.31,23.71,0.0,0.1597380517423898,-0.04433863648046,0.039548904885581646,-0.012599125064248682,0.01462288841367061,0.1569720834969334,0.1395214632269849,2026-06-11
452160,제이엔비,2026-06-11,8.0,0.0,8.0,164.0,-0.2133726649321417,0.7,2.4726635403153883,-0.5821424631355586,2.1321507558237305,4.02267183300356,757,378.0,-109.17,-36.0,0.96,기계·장비,-1.63,-5.01,85.24,-19.46,0.0,0.3722061569250846,-0.13871442327952083,-0.02477693389456878,-0.021165981279591326,-0.010389871457555998,0.17715894701384766,0.13897956074075066,2026-06-11
073010,케이에스피,2026-06-11,51.0,0.0,51.0,-345.0,-0.4005270092522797,0.7,-0.5118957318552015,-0.12764292873300986,0.8750403637898552,0.23550170320164376,758,1403.0,21.41,163.0,1.68,기계·장비,-3.32,8.93,76.11,15.06,43.32,0.011017339217830173,0.07720702198852171,0.12020197269011101,-0.007502076976950832,0.002163673712871112,0.20308793063238317,0.13845098987498927,2026-06-11
457370,한켐,2026-06-11,-427.0,-145.0,-572.0,275.0,0.012935692003831933,0.5,0.7549479993517562,-0.9069554214710192,-0.24407880042042582,-0.39608622253968884,759,975.0,14.14,855.0,1.76,화학,-2.89,15.21,14.29,36.22,30.19,-0.04921826899568857,0.03173994429466837,0.17307547347078817,-0.005368142401182125,0.06606589549376322,0.21629490186234906,0.1380951233297019,2026-06-11
382900,범한퓨얼셀,2026-06-11,-145.0,-1.0,-146.0,-893.0,-0.7796278158694953,0.3,0.35541822383430155,-0.7613403880632073,0.4146441775892626,0.008722013360356884,760,2300.0,144.23,182.0,1.4,전기·전자,-0.19,-0.04,117.99,-51.62,0.0,-0.0106110231863897,0.08176832532430477,0.04748560550580213,-0.027547961726323306,-0.013662343194055277,0.07743260272333863,0.1374343642193024,2026-06-11
127980,화인써키트,2026-06-11,12.0,0.0,12.0,100.0,0.25295508229800645,0.6,0.8267422688333926,1.6251340760251038,1.602081803759742,4.053958148618238,761,443.0,-11.15,-336.0,1.17,전기·전자,1.9,-1.42,91.73,-35.88,-48.19,0.3751899857365652,-0.16928380136446378,0.03858174427762992,-0.03200401601118697,0.005632885499921099,0.2181167981384655,0.1369592743707775,2026-06-11
047920,HLB제약,2026-06-11,-44.0,-5.0,-49.0,273.0,-0.8256172839586906,0.7,-0.3806881122042067,-1.1378420048763236,1.6630854299891096,0.14455531290857926,762,3513.0,75.96,141.0,2.81,일반서비스,-3.34,0.0,33.56,89.49,-48.02,0.00234362822549812,0.0848326198451634,0.059719083233319294,-0.007098269798520614,0.025714132638579842,0.16551119414404003,0.1367429888774209,2026-06-11
187870,디바이스,2026-06-11,-690.0,1097.0,407.0,2019.0,-0.5023840485511331,0.8,-1.5992708456175955,-0.6516492953357181,0.9180336914520218,-1.332886449501292,763,3346.0,19.77,1229.0,2.03,기계·장비,9.21,18.26,33.82,259.95,0.0,-0.13856249035546325,0.06287727158553799,0.21723591805847994,0.03428144274470536,0.06031147494587907,0.2361436169791391,0.1361958537590255,2026-06-11
251970,펌텍코리아,2026-06-11,-213.0,27.0,-186.0,-161.0,-0.3213273303657833,0.4,-0.6982457232787038,-0.35373617339950536,-1.5380236414416448,-2.590005538119854,764,4346.0,12.62,2778.0,1.48,화학,4.63,12.81,31.51,0.02,-3.49,-0.2584560630688466,0.0461612338832612,0.15154278125764675,-0.01784920450732114,0.048339544137341914,-0.03026170829791787,0.13609228389576036,2026-06-11
263810,상신전자,2026-06-11,25.0,0.0,25.0,-64.0,-0.6457142857547755,0.2,0.6374826640881778,-0.5234270830677802,-0.10240551633039356,0.011650064690004028,765,420.0,23.11,114.0,0.79,전기·전자,1.74,2.62,72.81,2.79,0.0,-0.010331769981042752,0.1632064521405008,0.06464812062677176,-0.016750587469274585,0.01953485529771368,0.22030707061466892,0.13582889122137753,2026-06-11
475250,하나33호스팩,2026-06-11,0.0,0.0,0.0,-2.0,-0.3333333466666665,0.2,-0.4545859293071084,-0.24352379386605816,0.6831299110640022,-0.014979812109164325,766,77.0,57.5,36.0,1.05,금융,-0.24,0.0,15.44,0.0,0.0,-0.01287150635071161,0.20193615039275317,-0.12107726715955013,-0.017304248086388457,0.038567780280191866,0.08925090907629485,0.1353274347129364,2026-06-11
191410,육일씨엔에쓰,2026-06-11,-30.0,0.0,-30.0,-10.0,-0.24966799483738367,0.7,-2.508099275761205,-0.5351474174498642,-0.3567529703699878,-3.399999663581057,767,141.0,9.52,132.0,0.67,전기·전자,-3.16,9.57,140.51,-42.9,-34.55,-0.33570657215554967,0.20920833719402826,0.10949003043532023,-0.03125172756784881,-0.030209508090793587,-0.07846944018484357,0.13508731943009936,2026-06-11
050120,ES큐브,2026-06-11,15.0,0.0,15.0,31.0,2.8235294005190315,0.6,1.895167163598023,2.0014362481914367,-1.1832158691199306,2.713387542669529,768,421.0,-20.56,-151.0,0.46,유통,19.42,-0.69,6.9,41.44,0.0,0.24733750073583521,-0.1383840430464903,0.03551711322394695,-0.009080701142589543,0.06824189924506617,0.20363176901576846,0.1327061698180677,2026-06-11
020180,대신정보통신,2026-06-11,13.0,201.0,214.0,239.0,-0.47738036912572035,0.7,0.28504953543956923,-0.5680811852727153,1.1097814487526372,0.8267497989194911,769,382.0,6.68,149.0,0.98,IT 서비스,3.0,15.66,248.22,-20.48,-1.26,0.06740566964521566,0.15596699530791477,0.16373103858461904,-0.021566574178349684,-0.16959068898869187,0.19594644037070794,0.13191794019674424,2026-06-11
023900,풍국주정,2026-06-11,4.0,0.0,4.0,135.0,-0.5679921453753571,0.5,0.8254463743991963,-0.5933264154805746,0.2424719369885096,0.4745918959071313,770,949.0,9.27,812.0,0.55,음식료·담배,-0.53,5.6,15.8,-7.39,-24.57,0.03381977509181914,0.07433846717739276,0.06386472687516825,-0.02263525129177375,0.08696297554695581,0.23635069339956222,0.13159920021730465,2026-06-11
255440,야스,2026-06-11,-1.0,0.0,-1.0,5.0,-0.26478717535686225,0.3,1.363777299210956,-0.5793270883571305,-0.7888104821910902,-0.004360271337264687,771,1081.0,-19.62,-422.0,0.74,기계·장비,0.85,3.81,44.88,709.99,0.0,-0.011858702794353547,-0.09231445490123534,0.06695290513533624,0.12358948006582657,0.04510422307458402,0.13147345058015794,0.13077648685092674,2026-06-11
417840,저스템,2026-06-11,-60.0,941.0,881.0,2563.0,-0.7937870855156979,0.6,-0.8364678436825124,-1.1296662400897164,0.3338304332552799,-1.6323036505169488,772,3443.0,93.77,162.0,6.16,기계·장비,6.45,11.44,53.64,66.65,147.39,-0.16711841499825633,0.00260728435862429,0.1463064960421588,0.01910435308046811,0.033059419603287024,0.0339591380862819,0.12957553278727552,2026-06-11
234300,에스트래픽,2026-06-11,-21.0,0.0,-21.0,-63.0,-0.555555555627823,0.3,0.4590779895184716,-0.6408123918608892,-0.509753301196281,-0.6914877035386986,773,785.0,16.39,176.0,0.76,IT 서비스,0.0,1.51,65.07,-57.67,0.0,-0.0773912076316893,0.17566138172663562,0.061716767352630895,-0.028748551953398194,0.012685022760156065,0.14392341225433508,0.12951738366715643,2026-06-11
027710,팜스토리,2026-06-11,-85.0,-13.0,-98.0,-153.0,-0.42148760335890834,0.4,-0.23495210144418033,0.3760903910175465,0.7888104821910908,0.929948771764457,774,1164.0,3.87,270.0,0.41,음식료·담배,0.97,8.71,188.17,-2.6,135.9,0.07724793014921522,0.20540613052182788,0.09498103755085975,0.0035548531485666258,-0.11028431828854353,0.27090563308192595,0.12935590248065465,2026-06-11
054940,엑사이엔씨,2026-06-11,29.0,0.0,29.0,20.0,-0.6917148362829066,0.5,-0.6515751875574852,-0.5862842778495702,-0.7292343790159951,-1.9670938444230504,775,199.0,31.63,19.0,0.29,건설,0.17,5.58,92.96,38.73,0.0,-0.1990479217730819,0.18722467096498902,0.0786806768774486,-0.00961848618645284,0.018206528064438544,0.07544546794734143,0.12871779140075662,2026-06-11
331520,밸로프,2026-06-11,-13.0,0.0,-13.0,-12.0,-0.2578125002899171,0.4,-1.1946023581862355,1.6537028193739034,-1.4994948008046107,-1.0403943396169428,776,217.0,11.97,178.0,0.65,IT 서비스,-2.74,10.21,69.03,25.85,0.0,-0.11066702336112622,0.21452125309445655,0.12443932280975438,-0.012174453479795745,0.008743926289910697,0.22486302535319966,0.12847293670760834,2026-06-11
094480,갤럭시아머니트리,2026-06-11,-2.0,-1.0,-3.0,995.0,-0.46416959294586413,0.7,0.23792977145355593,-0.8181451652734976,1.0420638786975749,0.4618484848776332,777,2318.0,27.88,212.0,1.95,IT 서비스,0.17,7.22,264.59,12.48,1.3,0.03260441443846957,0.050600731471775295,0.1028829503020763,-0.014623187911871812,-0.18588254485180206,-0.014417636551352725,0.12821524690778113,2026-06-11
336060,웨이버스,2026-06-11,-25.0,3.0,-22.0,-99.0,0.46220569958034496,0.3,-0.5547484527464676,0.8859836796610988,-1.3501542027933133,-1.018918975878682,778,328.0,11.95,57.0,0.77,IT 서비스,5.58,4.53,40.71,-25.72,0.0,-0.10861888161607572,0.17923369517379023,0.08348942453429904,-0.022408244886448977,0.03692873741045327,0.16862473061601785,0.12797181503453187,2026-06-11
066310,큐에스아이,2026-06-11,28.0,0.0,28.0,1079.0,-0.6847805066779196,0.7,-0.20341850906337447,-1.0856675535965756,0.6729080288092774,-0.6161780338506727,779,896.0,35.65,271.0,1.0,전기·전자,2.22,5.29,7.22,9.07,0.0,-0.07020879711823168,0.12456919007073988,0.08187515648127887,-0.015504354969104284,0.0677288404476722,0.188460034912355,0.12773788098019462,2026-06-11
332370,아이디피,2026-06-11,-14.0,0.0,-14.0,-61.0,-0.4166666671527778,0.2,-1.2810932859651987,-1.258474294133883,-1.8148011863164064,-4.354368766415488,780,674.0,6.55,776.0,0.88,전기·전자,0.99,17.31,10.66,13.54,30.75,-0.426726366908507,0.17563206935843742,0.15942907819332958,-0.009780787711136944,0.0652012095753463,-0.03624479749253069,0.12724387330728767,2026-06-11
100130,동국S&C,2026-06-11,6.0,-10.0,-4.0,-69.0,-0.3599033817584716,0.3,1.4653286687296316,-0.3893017437572225,1.5925549910026167,2.6685819159750257,781,896.0,-54.07,-29.0,0.47,금속,3.09,-5.26,37.9,-64.96,0.0,0.24306431237150192,-0.0613938437400684,-0.044213429394957864,-0.030195213565857026,0.03805590343949549,0.14531772911011412,0.1268938642534698,2026-06-11
337930,젝시믹스,2026-06-11,41.0,76.0,117.0,111.0,-0.34190620277292694,0.6,-0.9364629725557503,-0.35642648653611186,-0.1456437844327098,-1.438533243524572,782,1016.0,8.61,398.0,0.87,IT 서비스,5.06,10.59,57.34,4.45,39.05,-0.14863820370342054,0.16596089549183698,0.12717892868029537,-0.010279182642009917,0.020378122688185507,0.1546005605148874,0.12586956506277838,2026-06-11
420770,기가비스,2026-06-11,-13404.0,21806.0,8402.0,11479.0,0.5852351869673236,0.8,0.09190696854764972,0.8306224053371843,0.509753301196281,1.432282675081115,783,18709.0,121.08,1219.0,8.87,기계·장비,12.76,0.0,20.69,29.94,0.0,0.12515636373276376,-0.005473895414041746,0.02732811072445889,-0.011362814797359993,0.0783649303771724,0.21401269462299333,0.12393821025725203,2026-06-11
065530,와이어블,2026-06-11,73.0,0.0,73.0,176.0,-0.577250608311078,0.8,0.287468503689673,-0.6137828438864414,1.7968939147817313,1.470579574584963,784,636.0,14.94,89.0,0.82,통신,-0.45,7.38,78.3,-3.88,325.49,0.1288088037815481,0.036834501869866386,0.04381637409987843,0.03312054321087589,-0.019294754797969868,0.22328546816419892,0.12388277212208185,2026-06-11
101680,한국정밀기계,2026-06-11,-6.0,0.0,-6.0,-126.0,-0.9467275494794382,0.3,-1.0667053483184945,-1.7294473492684126,-1.4978615891728222,-4.2940142867597295,785,179.0,11.87,179.0,0.43,기계·장비,6.36,3.65,73.56,45.68,0.0,-0.4209702581510322,0.3466064864908088,0.06528887177424951,-0.008239295760308959,0.005669866504173315,-0.011644329142109533,0.1236550956919451,2026-06-11
073540,에프알텍,2026-06-11,0.0,-1.0,-1.0,-2.0,-0.8424700693429483,0.5,0.05895996552565276,-1.7609054980379077,-0.3338304332552797,-2.0357759657675345,786,302.0,14.45,183.0,0.5,전기·전자,0.57,0.45,23.54,-55.61,0.0,-0.2055982517967658,0.2656113360026534,0.050647121449138646,-0.028339755942195833,0.05573728933245155,0.13805773904528196,0.12351328740781446,2026-06-11
053160,프리엠스,2026-06-11,-15.0,0.0,-15.0,-164.0,-0.3017456360843528,0.1,-0.866576518538863,-0.545979555370741,-0.9281908540922189,-2.340746928001823,787,460.0,51.13,150.0,0.58,전기·전자,2.27,-0.94,12.19,-2.42,0.0,-0.2346838480359313,0.21646132456973277,0.041678739487428944,-0.017784484177218413,0.06407700165829434,0.06974873350230636,0.12237053514398329,2026-06-11
277410,인산가,2026-06-11,6.0,0.0,6.0,19.0,-0.5206971680692611,0.8,-1.0022735124756956,-0.6907265971387477,1.0064069099883768,-0.6865931996260666,788,313.0,48.0,17.0,0.47,음식료·담배,-0.97,0.91,80.45,31.76,0.0,-0.07692441051910234,0.0960830438345775,0.016940129746874654,-0.011001645505909366,0.012982366702812206,0.03807948425925265,0.1211246287972303,2026-06-11
405920,나라셀라,2026-06-11,1.0,0.0,1.0,-5.0,-0.5238095251700681,0.6,-1.2097589635881805,-0.6702865028633777,-0.5030977011288397,-2.383143167580398,789,262.0,290.71,7.0,0.4,유통,1.5,-0.61,88.86,6.51,548.4,-0.2387272490778116,0.15233664368002378,0.03607140355277896,0.07024282506284783,0.013959674632607581,0.03388329785044657,0.12093885339002751,2026-06-11
025980,아난티,2026-06-11,-505.0,1150.0,645.0,655.0,-0.22714227143222043,0.8,-0.21860186818594268,0.5767822363235933,1.5596870802388034,1.917867448376454,790,4442.0,-10.52,-434.0,0.6,일반서비스,4.7,-7.21,112.66,-18.42,0.0,0.17146740447081532,0.004054405291103058,0.025120982531894747,-0.020959598827333826,-0.005417904908358797,0.17426528855812048,0.12083195514121456,2026-06-11
071670,에이테크솔루션,2026-06-11,33.0,0.0,33.0,224.0,-0.5464270432760256,0.7,0.8365744895870673,-1.037992448303338,2.338611650809938,2.1371936920936676,791,592.0,128.7,46.0,0.67,기계·장비,1.02,-0.73,269.09,-7.2,0.0,0.19238491911770472,0.201128687091455,0.019735958514500766,-0.01873304967894039,-0.263179496822619,0.13133701822210114,0.12043875933996578,2026-06-11
065450,빅텍,2026-06-11,-229.0,0.0,-229.0,-1113.0,0.37978708690530416,0.3,-1.1048997000821206,1.8662843848844552,-2.1946901378509556,-1.433305453048621,792,1012.0,22.27,154.0,1.62,의료·정밀기기,-0.58,7.63,109.91,39.86,151.25,-0.14813962048784982,0.10363899689516655,0.12603349950336037,0.014395141322847868,-0.032763802484927246,0.06316421474859774,0.11967383080849456,2026-06-11
119610,인터로조,2026-06-11,-119.0,353.0,234.0,143.0,-0.5110622173507738,0.4,0.051562685592734026,-0.6501146454876244,-1.5856945579625836,-2.184246517857474,793,2049.0,18.0,997.0,1.46,의료·정밀기기,6.09,10.28,64.53,32.82,185.91,-0.2197581393475565,0.1183186757491206,0.14474413904510164,0.018449595573571596,0.0062900852445225185,0.06804435626475984,0.11734891794756738,2026-06-11
056700,신화인터텍,2026-06-11,3.0,0.0,3.0,-51.0,-0.6759259260759602,0.1,1.1377142471304404,-0.8798811946530318,-0.05732699548493803,0.2005060569924706,794,454.0,13.54,115.0,0.46,화학,0.0,0.58,64.32,-25.4,-86.91,0.0076797452767167484,0.21432891091579656,0.04181577052151354,-0.036014398484868274,0.014564771314799375,0.24237479954395796,0.11598109988301375,2026-06-11
189300,인텔리안테크,2026-06-11,3404.0,-5026.0,-1622.0,-4243.0,-0.4623655914007889,0.3,0.12506755371311265,-0.24413001918298913,0.1456437844327083,0.026581318962831835,795,11167.0,149.64,695.0,3.98,전기·전자,5.8,13.28,85.25,49.3,0.0,-0.008907751018902505,0.02149110077098083,0.13342722257772524,-0.007520926070720347,0.010394236678023423,0.14888388293710664,0.1157806036714173,2026-06-11
048550,SM C&C,2026-06-11,23.0,1.0,24.0,204.0,-0.46621237942086113,0.9,0.9037306460491485,-1.4059101723595198,2.0010412017905197,1.4988616754801485,796,951.0,-44.68,-22.0,1.17,일반서비스,11.7,-1.89,136.72,21.35,0.0,0.1315061155564336,-0.11424516389584839,0.05064967819508179,-0.013067454475140705,-0.01488739698647945,0.03995577839404684,0.11524854706580574,2026-06-11
200780,비씨월드제약,2026-06-11,-11.0,4.0,-7.0,-41.0,0.1650485425582051,0.6,-1.7439834968023176,1.0093315398186526,0.7245687498094827,-0.010083207174182207,797,384.0,-7.84,-459.0,0.52,제약,3.45,-3.47,139.45,25.36,0.0,-0.012404508860071231,0.06312467630705412,0.04538002517930535,-0.012271691365955531,-0.06229603111333121,0.021532470147001506,0.11434892328874546,2026-06-11
467930,IBKS제23호스팩,2026-06-11,0.0,0.0,0.0,47.0,0.6849816831300568,0.2,1.4261892990767555,0.7582809716070839,-0.5705455439088472,1.6139247267749923,798,89.0,72.41,29.0,1.05,금융,-0.24,1.45,18.19,0.0,0.0,0.14247987327910225,0.2009304028805636,-0.0685648802960647,-0.017304248086388457,0.03654216156799692,0.29408330934520954,0.11372936096076056,2026-06-11
387570,파인메딕스,2026-06-11,-15.0,0.0,-15.0,-30.0,-0.13419913532355088,0.4,-0.6953207768876006,0.44668530504921705,1.5925549910026169,1.3439195191642332,799,340.0,-18.11,-334.0,1.73,의료·정밀기기,3.42,0.0,33.76,17.55,0.0,0.11672902016999394,-0.1992430785268658,0.07216097886053545,-0.013821544204543117,0.03277065213379465,0.008596028432915133,0.11312381155008011,2026-06-11
260930,씨티케이,2026-06-11,-6.0,0.0,-6.0,33.0,-0.36507936538170827,0.7,-0.4269901887325912,-0.31597394453331223,0.6667978267184013,-0.07616630654750212,800,541.0,-7.7,-363.0,0.36,화학,3.52,-7.41,84.37,24.35,0.0,-0.01870696576456969,-0.001425648108744848,-0.029870150638069793,-0.012472120478244066,-0.006074795740731818,-0.06854968073036022,0.11288299975159571,2026-06-11
277880,티에스아이,2026-06-11,-46.0,0.0,-46.0,-137.0,0.12132352920563916,0.2,-0.14007236861164077,0.8146515919926577,-1.5856945579625874,-0.9111153345815705,801,764.0,24.68,156.0,0.75,기계·장비,1.58,8.74,146.3,-21.09,87.95,-0.09833746609733923,0.1861235496196417,0.11822593307382055,-0.0076562135952089345,-0.09434600158967867,0.1040098014112354,0.11256750470766014,2026-06-11
131970,두산테스나,2026-06-11,-29326.0,20813.0,-8513.0,10725.0,-0.430118356755133,0.6,0.268815628060543,-0.7089550981835584,-1.0801232747346665,-1.520262744857682,802,29416.0,79.98,1903.0,6.69,일반서비스,12.32,0.0,0.0,0.0,0.0,-0.15643288441396297,0.054584355845325096,0.059719083233319294,-0.017304248086388457,0.038922617848128026,-0.020511075573579014,0.11240355603642221,2026-06-11
032540,TJ미디어,2026-06-11,-2.0,0.0,-2.0,-63.0,3.4025157149638066,0.2,-2.0872194161976654,1.103191345203434,-2.645750611064772,-3.6297786820590034,803,742.0,18.59,191.0,0.89,전기·전자,-0.56,4.48,62.02,-18.6,0.0,-0.35762098560238464,0.147525806948514,0.076648977064743,-0.02099531886714762,0.027463092830387142,-0.12697842762588812,0.11207057828351155,2026-06-11
464680,KB제27호스팩,2026-06-08,-5.0,84.0,79.0,-845.0,2.8461538455621307,0.3,-1.8553089459849301,1.2855568195934488,1.515729278105563,0.9459771517140816,804,,,,,,,2.72,15.59,0.0,0.0,0.07877658384190539,0.0,0.0,-0.017304248086388457,0.0,0.06147233575551693,0.1107413748705183,2026-06-11
099750,이지케어텍,2026-06-11,4.0,-6.0,-2.0,12.0,-0.8884758364726856,0.4,0.71024421539935,-1.525713533681005,0.8143449605196555,-0.0011243577619994838,805,1020.0,44.46,168.0,2.76,IT 서비스,5.66,7.64,35.5,-5.16,14.6,-0.01155008824618324,0.024833154832053228,0.10591093573793742,-0.01603185878225934,0.0421138668574175,0.14527601039896557,0.1102412779924431,2026-06-11
054050,농우바이오,2026-06-11,-48.0,1.0,-47.0,-21.0,0.012461059032327082,0.3,1.0731677799316814,0.5096005784552688,0.7888104821910906,2.371578840578041,806,1145.0,9.31,767.0,0.41,,2.59,4.41,27.11,-2.71,-28.97,0.2147386269701792,0.0,0.0,-0.022398585094058954,0.0,0.19234004187612025,0.11002807727166683,2026-06-11
085670,뉴프렉스,2026-06-11,-109.0,0.0,-109.0,-393.0,-0.4821815318128909,0.1,0.8613497411212515,-0.7092355288708726,-1.1214327595561013,-0.9693185473057224,807,956.0,10.83,360.0,0.88,전기·전자,1.3,9.02,49.93,-4.54,-56.65,-0.10388840489070679,0.1594948961775794,0.10594139009075883,-0.027115392900449762,0.03634653970434657,0.17077902818152824,0.10939920585207195,2026-06-11
204020,그리티,2026-06-11,-17.0,0.0,-17.0,-33.0,-0.5146871010799412,0.2,0.9241114434006128,-1.0110967070224381,-1.1346171613106344,-1.2216024249324597,808,396.0,8.55,238.0,0.47,섬유·의류,5.44,4.08,81.94,-6.4,-53.21,-0.12794914480031547,0.13004612114143552,0.16503442090730183,-0.026943438923796758,0.019795614619267796,0.15998357294389293,0.10900094301447101,2026-06-11
086060,진바이오텍,2026-06-11,-16.0,0.0,-16.0,-94.0,-0.43915343933148565,0.0,0.5684699046967099,-0.7611368755667903,-0.7888104821910907,-0.9814774530611712,809,335.0,8.85,440.0,0.61,유통,0.0,6.72,44.23,-5.91,1.96,-0.10504802028793062,0.12336523974838887,0.08685825493201303,-0.01816877708723162,0.04351818713204666,0.13052488443728633,0.10885428191652147,2026-06-11
408470,한패스,2026-06-11,18.0,0.0,18.0,477.0,-0.2822736031347106,1.0,-0.10537806078101962,-0.3416688084606435,2.646538363658422,2.199491494416759,810,858.0,11.47,708.0,1.82,금융,2.27,0.0,107.45,12.8,0.0,0.19832636584326138,0.1677227589359544,-0.12107726715955013,-0.01476415636629613,-0.029205738886738122,0.20100196236663143,0.10842626092351226,2026-06-11
095340,ISC,2026-06-11,47612.0,-53758.0,-6146.0,-5905.0,-0.2895899759480719,0.4,-1.114758811628868,0.12285551973169936,-1.1660917339501053,-2.157995025847274,811,40380.0,71.94,2648.0,7.26,유통,5.48,13.23,16.32,115.48,237.78,-0.21725449017489273,-0.004881017473256893,0.13196363044071888,0.04301141445705273,0.062003019842316535,0.014842557091938512,0.10825755724992406,2026-06-11
190510,나무가,2026-06-11,-112.0,-1.0,-113.0,-243.0,-0.21763506628882656,0.2,0.18969524543842065,0.4138162308705845,-1.8791575116609482,-1.2756460353519432,812,2210.0,9.23,1700.0,1.28,전기·전자,-1.07,12.03,55.51,-30.33,-58.79,-0.13310337528984081,0.11759856001937997,0.12536213088554027,-0.032569871134406826,0.03224648730098068,0.10953393178165327,0.10758249737863869,2026-06-11
045660,에이텍,2026-06-11,94.0,0.0,94.0,-331.0,-0.12226775965277292,0.3,-0.40885593109191826,-0.3067077900746192,-0.08345760831382076,-0.7990213294803582,813,700.0,148.77,57.0,0.63,기계·장비,2.66,-11.61,74.11,69.37,4.24,-0.08764687132949989,0.2150439722041095,-0.09341831003939566,-0.00287125242449037,0.004913628843304215,0.036021167254027806,0.10733686574690812,2026-06-11
054210,이랜텍,2026-06-11,-285.0,36.0,-249.0,-418.0,-0.04146793854581077,0.2,-0.19691510666878326,-0.22803632226460513,-0.9898030273932089,-1.4147544563265972,814,2198.0,9.49,916.0,0.81,전기·전자,-0.11,15.58,113.37,94.18,0.0,-0.1463703805689478,0.1757520129862667,0.1482669912913456,0.0013852705228533824,-0.010267676150408259,0.16876621808110964,0.10717538372821106,2026-06-11
036200,유니셈,2026-06-11,780.0,203.0,983.0,1178.0,-0.3809816264953606,0.5,0.671229034031863,-0.3690683072309284,-1.166091733950106,-0.8639310071491715,815,3318.0,36.93,293.0,1.31,기계·장비,9.29,4.35,18.45,23.67,7.23,-0.09383741702230296,0.0970929681822609,0.07256901772900387,-0.011469890924801272,0.08144488012325747,0.145799558087418,0.10715221106234095,2026-06-11
098120,마이크로컨텍솔,2026-06-11,-423.0,0.0,-423.0,-974.0,-0.709455318845289,0.3,-0.3321003916809949,-0.43440157349911673,-1.6585767103570515,-2.425078675537163,816,2390.0,14.16,2031.0,2.94,전기·전자,5.12,23.12,21.0,8.9,7.99,-0.2427267093660267,0.050149460287411136,0.19691562437860535,-0.01428138189153965,0.05760362143004103,0.04766061483849117,0.10707459842721564,2026-06-11
232680,라온로보틱스,2026-06-11,-103.0,-1.0,-104.0,-2768.0,-0.8222733665783002,0.4,-1.2640699498461643,-0.9895725545738558,-1.6906604162221246,-3.9443029206421447,817,1812.0,46.64,295.0,4.59,기계·장비,1.55,12.71,58.01,16.36,15147.65,-0.3876176939573011,0.013838601307439035,0.1595147608457846,0.22058248794747332,0.0270507676432907,0.033368923786686516,0.10691082963728792,2026-06-11
036010,아비코전자,2026-06-11,-296.0,220.0,-76.0,390.0,-0.7571944541552567,0.3,-0.3676638048323073,-0.7770286274867226,-1.932183332825286,-3.076875765144316,818,1417.0,14.89,716.0,1.21,전기·전자,8.78,9.85,29.21,12.22,108.19,-0.3048896997021779,0.11246095261638746,0.11129661097436966,0.0021374304692423243,0.051571107051612025,-0.027423598590566436,0.10626335242481331,2026-06-11
0009K0,에임드바이오,2026-06-11,-2873.0,3858.0,985.0,1187.0,-0.6956726665913975,0.6,0.6576430596989028,-0.772230563935929,1.313633442712119e-15,-0.11458750423702492,819,17591.0,295.65,92.0,9.06,일반서비스,9.24,0.0,4.14,437.45,0.0,-0.022371260341455066,0.046441044041062786,0.059719083233319294,0.0695053708944232,0.03729320399927435,0.19058744182662457,0.10589380668257967,2026-06-11
365330,에스와이스틸텍,2026-06-11,33.0,-18.0,15.0,376.0,-0.30339985221895416,0.8,0.8549345271365055,1.4632981536195087,2.2332968097955415,4.551529490551555,820,1046.0,-40.88,-51.0,1.09,금속,-2.11,0.0,31.97,-34.16,0.0,0.42264420578960166,-0.17585763117863087,0.027256342767758287,-0.02408311786438486,0.04209352154438055,0.2920533210587247,0.10566898487333717,2026-06-11
215360,우리산업,2026-06-11,-13.0,0.0,-13.0,68.0,-0.619358346989773,0.4,0.7238801810158206,-0.829951220514513,-0.8704468888083481,-0.9765179283070404,821,633.0,4.51,1536.0,0.52,운송장비·부품,-0.86,14.31,196.13,-7.61,37.72,-0.10457502202776847,0.14304861796086935,0.15925584808323495,-0.012881614612670879,0.000314327983864932,0.1851621573875299,0.10550346071984584,2026-06-11
388210,씨엠티엑스,2026-06-11,-1479.0,1641.0,162.0,3785.0,-0.0008273404251203376,0.5,1.1068160864545407,0.14358479534595464,2.5585380886924387,3.808938970492934,822,10745.0,-30.33,-3670.0,5.79,전기·전자,5.0,0.0,45.71,19.41,7.01,0.3518220924997988,-0.25796649898036167,0.04774368843995205,-0.012349867942266703,0.03944729618144407,0.16869671019856655,0.105390419013246,2026-06-11
199730,바이오인프라,2026-06-11,-3.0,-9.0,-12.0,-11.0,0.4492753591682421,0.3,-0.1920053638294921,0.617490867038774,0.627895506808686,1.053381010017968,823,144.0,-3.62,-820.0,0.52,일반서비스,1.02,-12.92,49.16,-20.9,0.0,0.08901987138072193,0.041412163981719284,-0.002279177662992099,-0.02145174159810171,0.01957431233855149,0.12627542843989892,0.10515614152893557,2026-06-11
123860,아나패스,2026-06-11,-93.0,0.0,-93.0,-639.0,-0.8494182067105454,0.2,-0.5919106254607522,-0.7129604024943424,-1.4620229562664204,-2.766893984221515,824,1815.0,9.6,1559.0,2.5,전기·전자,2.18,29.88,61.77,154.96,348.44,-0.2753262132136129,0.06690577504494609,0.2405316402499417,0.06825118901792822,0.027646786934480597,0.12800917803368372,0.10495488475862444,2026-06-11
012860,모베이스전자,2026-06-11,-349.0,14.0,-335.0,26.0,-0.5705645161376902,0.6,-0.6304383900829411,0.4504374000527717,-0.2581988397471701,-0.4381998297773395,825,2190.0,10.99,272.0,0.89,운송장비·부품,1.53,8.72,220.85,0.36,-8.17,-0.05323471491340875,0.03189699683885272,0.09822131478688212,-0.01851782801174204,-0.004693661114719413,0.05367210758586463,0.10486773478738631,2026-06-11
086450,동국제약,2026-06-11,19774.0,-21674.0,-1900.0,-6240.0,-0.2577376061414044,0.2,-1.703439606500647,-0.6446427846581291,-1.5722823078664183,-3.9203646990251944,826,8567.0,12.97,1460.0,1.29,제약,4.07,11.56,39.81,12.19,7.97,-0.3853346652927576,0.1771983017957533,0.15097248061866375,-0.013631644645416234,0.032160477904051854,-0.038635049619704945,0.10409960175404419,2026-06-11
311320,지오엘리먼트,2026-06-11,-37.0,9.0,-28.0,-325.0,-0.5833333334216102,0.4,-1.2555387909984561,-0.35078015292032244,-2.1715865613857464,-3.777905505304525,827,904.0,16.56,433.0,1.54,전기·전자,4.52,9.33,26.73,12.49,172.88,-0.37174809115218993,0.08762086252697865,0.10794153283042071,0.012365789491292594,0.05339335256421908,-0.11042655373927888,0.10313677454465972,2026-06-11
465480,인스피언,2026-06-11,14.0,0.0,14.0,116.0,-0.8013656114584671,0.8,-0.6988854953189418,-0.7091513622058775,-0.729234379015999,-2.137271236540818,828,430.0,16.08,264.0,0.77,IT 서비스,2.17,0.0,8.84,5.18,-32.63,-0.21527802735398308,0.17345968570830694,0.050830438761796826,-0.02140852047882191,0.06864660218487742,0.0562501788221762,0.10227622599548335,2026-06-11
260660,알리코제약,2026-06-11,6.0,0.0,6.0,88.0,-0.134615385031435,0.7,1.2915666309366758,-0.03574998519627939,2.152216793706015,3.4080334394464114,829,383.0,0.0,0.0,0.0,제약,-0.2,0.0,0.0,0.0,0.0,0.31358705425012656,-0.3931126709480749,0.0697583232747527,-0.017304248086388457,0.0698994745317317,0.042827933022147616,0.10126862878968333,2026-06-11
109670,씨싸이트,2026-06-11,-2.0,0.0,-2.0,28.0,-0.4186046518388319,0.6,0.7367993497572612,-0.6179414532641329,0.9354142591934936,1.054272155686622,830,194.0,-14.76,-225.0,0.36,섬유·의류,-2.64,-3.26,89.12,-8.64,0.0,0.08910486144967425,-0.10520206732302603,0.04197495337815932,-0.019018809997450776,0.01288209611286805,0.01974103362022481,0.10070547511023778,2026-06-11
048470,대동스틸,2026-06-11,13.0,0.0,13.0,-23.0,-0.4715447157693833,0.6,-0.974967927006225,-0.26310905657177275,-0.3017563420399926,-1.5398333256179901,831,284.0,65.44,45.0,0.4,유통,1.73,0.64,32.47,1.5,0.0,-0.15829936378626142,0.15550669343107199,0.044732189940779314,-0.017006581087940138,0.05130685186414174,0.07623979036179149,0.10066116021275083,2026-06-11
102710,이엔에프테크놀로지,2026-06-11,-1821.0,1276.0,-545.0,-2797.0,-0.4206651434462453,0.1,-0.11329247901024574,-0.0034680969202037387,-1.6119815412878054,-1.7287421172182549,832,6637.0,12.78,3635.0,1.48,화학,7.77,13.01,62.16,8.29,16.11,-0.17631591460231216,0.04589877060837113,0.1533371722754085,-0.013125277392110531,0.016788285770657094,0.026583036660014034,0.10027059112825946,2026-06-11
024950,삼천리자전거,2026-06-11,-15.0,13.0,-2.0,20.0,-0.28256070663932864,0.6,-0.9696693301185102,0.45763040442004266,-1.1097814487526367,-1.6218203744511044,833,487.0,8.89,442.0,0.48,유통,11.49,6.89,67.92,-10.21,73.27,-0.16611860723727803,0.15330470056215198,0.08803612188078107,-0.007806082227148052,0.027828266425980963,0.09524439940448792,0.09982230171545559,2026-06-11
118990,모트렉스,2026-06-11,-107.0,0.0,-107.0,150.0,-0.3689508324021128,0.6,0.24326849039059706,-0.6381750958686155,0.9036959391150974,0.5087893336370789,834,1639.0,22.42,298.0,0.65,운송장비·부품,0.3,1.46,194.81,-5.4,-40.49,0.03708124254085166,0.05986040445490331,0.018952851149758417,-0.024744326637190173,0.0005817448774786577,0.09173191638580187,0.09952240200668225,2026-06-11
002680,한탑,2026-06-11,-28.0,-1.0,-29.0,-389.0,1.2727272720816112,0.5,-2.4469715140357864,0.8158555830819034,-1.0327954256553304,-2.6639113566092134,835,133.0,6.35,65.0,0.27,음식료·담배,-8.63,-2.74,196.74,-2.44,0.0,-0.26550458592019655,0.3627878362982495,-0.01957901300755427,-0.017788453070531056,-0.12009118321962338,-0.06017539891965574,0.09907885147272877,2026-06-11
035810,이지홀딩스,2026-06-11,128.0,-196.0,-68.0,-22.0,-0.5786480548179405,0.5,0.5189627649933407,-0.795346133352277,-0.2083526797188555,-0.4847360480777918,836,2761.0,10.34,414.0,0.4,음식료·담배,-0.47,4.29,155.93,1.8,96.27,-0.05767295272486566,0.1708171401834707,0.05075785646193486,-0.0018052024153571713,-0.07339128148830859,0.08870556001687413,0.09808322042326516,2026-06-11
131370,알서포트,2026-06-11,26.0,-33.0,-7.0,57.0,-0.47181535737170677,0.6,0.03804234434634582,-1.0155564100469527,-1.549193138482991,-2.526707204183598,837,884.0,50.3,33.0,0.89,IT 서비스,0.48,0.89,13.66,-2.23,0.0,-0.25241919395188644,0.13629444827956513,0.057246884090169224,-0.017746779690748293,0.06384961102664949,-0.012775030246250887,0.09709083353330467,2026-06-11
218410,RFHIC,2026-06-11,2289.0,-1386.0,903.0,-9390.0,-0.3272381534508382,0.5,-1.8650274412654115,-0.22486284336493365,-1.0801233330679902,-3.170013617698335,838,19889.0,69.22,1082.0,5.6,전기·전자,2.88,9.39,33.63,35.13,107.15,-0.31377241415512963,0.014116032414430824,0.10832865723164559,0.00652022116093503,0.048323395291239746,-0.13648410805687844,0.09642133130759728,2026-06-11
254490,미래반도체,2026-06-11,3.0,-12.0,-9.0,-991.0,-0.6289233214165937,0.5,0.4210142297691478,-0.6223122277746518,-0.5825751377308348,-0.7838731357363388,839,3508.0,58.0,419.0,4.09,유통,4.07,7.29,55.23,28.15,8.79,-0.0862021624832435,0.003245087666182789,0.0908075735249412,-0.010335493925857009,0.03623287148127745,0.033747876263300926,0.09525425945617308,2026-06-11
0007C0,아크릴,2026-06-11,-120.0,8.0,-112.0,1033.0,-0.2139252416590388,0.8,1.4692978937801342,-0.09712011304643384,1.4757294969674704,2.8479072777011707,840,1875.0,-48.85,-478.0,4.29,IT 서비스,-1.89,0.0,24.63,123.44,0.0,0.2601668752791207,-0.26889435258673394,0.050830438761796826,0.007191761439251939,0.05293197762296473,0.10222670051640025,0.09498073303106033,2026-06-11
321820,아티스트컴퍼니,2026-06-11,-22.0,0.0,-22.0,-57.0,-0.8857736241032426,0.4,1.1933079333064156,-0.9398933193260206,-0.3435841245839294,-0.0901695106035344,841,485.0,37.02,84.0,1.19,오락·문화,-2.66,3.47,74.26,13.69,0.0,-0.020042475008612094,0.08873510076931522,0.14371657089621945,-0.014587540613883461,-0.01042000849495748,0.18740164754808164,0.0933869488332128,2026-06-11
089140,넥스턴앤롤코리아,2026-06-11,11.0,-1.0,10.0,-176.0,-0.30392156872981535,0.3,-0.08181304948919416,-0.5506729625865869,-0.5097533290371858,-1.142239341112967,842,398.0,-3.66,-710.0,0.29,기계·장비,5.05,-5.11,56.63,298.29,0.0,-0.12038015332861107,0.22186714916489844,-0.02581695474524798,0.04188981122504441,0.02894823668328953,0.14650808899937334,0.09316603769613926,2026-06-11
153460,네이블,2026-06-11,-11.0,0.0,-11.0,-93.0,-0.2831541220564998,0.4,-0.7482871770077911,-0.29530634525056604,-1.0801233330679896,-2.1237168553263466,843,427.0,33.2,197.0,1.28,IT 서비스,-2.97,4.02,10.29,27.94,0.0,-0.21398532310310103,0.0886057875252328,0.07981258507646767,-0.011759704128624421,0.06720352393188354,0.009876869301858555,0.09072246155095028,2026-06-11
085910,네오티스,2026-06-11,128.0,576.0,704.0,-1092.0,-0.616248070719684,0.7,-0.9841698183710471,-0.6813538241527534,0.9710587676585565,-0.694464874865244,844,4083.0,97.05,305.0,7.13,운송장비·부품,4.41,9.76,94.71,3.36,36.38,-0.0776751454941806,-0.08397592142305609,0.10957657679550589,-0.010915438785725255,0.020860859309852972,-0.04212906959760308,0.08992249518815468,2026-06-11
389260,대명에너지,2026-06-11,-492.0,-7.0,-499.0,-1995.0,2.0460208491083387,0.7,-2.1929792987194285,1.4915533322992836,0.46056612283548315,-0.24085984358466184,845,2512.0,17.37,807.0,1.53,건설,0.14,6.88,135.95,60.79,215.5,-0.03441406681566215,-0.01616382672660423,0.08893186392855867,0.028654161653115264,0.0026470236542674767,0.06965515569367503,0.0889650347070616,2026-06-11
199820,제일일렉트릭,2026-06-11,14.0,0.0,14.0,988.0,-0.6368740378569655,0.8,-1.0006446269739602,-1.3927857516185143,0.659152989189276,-1.7342773894031982,846,2066.0,31.21,298.0,1.32,전기·전자,0.54,4.56,48.67,1.9,-6.24,-0.17684382286828493,0.0941127667359825,0.07716514293304284,-0.01790866280933506,0.03727235798897757,0.013797781980382926,0.08881361940652839,2026-06-11
053800,안랩,2026-06-11,3387.0,-5314.0,-1927.0,-4885.0,-0.010255721272646512,0.3,-1.6287681611642153,0.18645685489791974,-1.3353217330211224,-2.777633039287418,847,6331.0,11.66,4878.0,1.37,IT 서비스,-0.87,15.51,37.16,3.28,84.32,-0.27635041505023583,0.09599235825746669,0.16264961521466864,-0.0033910623346431737,0.04046179106433485,0.01936228715159117,0.08699940231320535,2026-06-11
475960,토모큐브,2026-06-11,386.0,-76.0,310.0,2213.0,-0.6489323199463273,0.6,1.4530705743788632,-0.7771326432621826,2.7325199242559215,3.4084578553726024,848,5153.0,-105.48,-365.0,13.22,의료·정밀기기,4.62,-8.73,7.73,320.57,0.0,0.31362753151450684,-0.2858444952619084,0.010521777653214165,0.04631115837533013,0.05517198967450813,0.13978796195565085,0.08671802117066342,2026-06-11
179290,엠아이텍,2026-06-11,-75.0,0.0,-75.0,-19.0,-0.8409914649886242,0.3,0.3886901172710048,-0.7196754427784087,-1.6749037039306387,-2.0058890294380425,849,1568.0,7.71,628.0,1.25,의료·정밀기기,6.84,0.0,15.1,-3.02,-26.27,-0.20274788415344425,0.15916633842191968,0.07216097886053545,-0.022035432926518873,0.0488293904553357,0.05537339065782772,0.08659422319346051,2026-06-11
482680,미래에셋비전스팩7호,2026-06-11,,,0.0,0.0,-1.0,0.0,0.0,0.0,0.0,0.0,850,169.0,128.44,16.0,1.02,금융,0.0,0.0,20.54,0.0,0.0,-0.011442856345630146,0.20297954254170825,-0.12107726715955013,-0.017304248086388457,0.034811178304848506,0.08796634925498803,0.08598209196029899,2026-06-11
095270,웨이브일렉트로,2026-06-11,-298.0,-1.0,-299.0,-792.0,0.26093146219681107,0.3,-1.0981258210104379,3.2583451629393867,-1.520958649917412,0.6392606920115369,851,616.0,42.85,100.0,1.01,의료·정밀기기,9.31,2.44,100.66,-8.13,0.0,0.049524516558328874,0.16179253385579415,0.08938888847632742,-0.018917603217978352,-0.024803281076875017,0.25698505459559706,0.08531695520518266,2026-06-11
122310,제노레이,2026-06-11,-8.0,0.0,-8.0,-35.0,-0.5578231294773013,0.3,-0.8562528384676382,-1.104609677926237,-2.0390132047851264,-3.9998757211790017,852,509.0,67.21,52.0,0.53,의료·정밀기기,0.72,0.27,65.27,0.9,0.0,-0.3929177658935039,0.3139659419684911,0.07406734590818456,-0.017125647887319465,0.005653243531878344,-0.016356882372269378,0.08512320564806779,2026-06-11
074430,아미노로직스,2026-06-11,31.0,0.0,31.0,-94.0,-0.4970986461320893,0.6,-1.0002188216473171,-2.452592387501091,1.4270118814799433,-2.025799327668465,853,1066.0,30.35,40.0,1.9,제약,0.33,4.05,53.43,13.87,23.05,-0.20464676295517933,0.12633289223799268,0.09821138012966962,-0.010926396937005254,0.019249020127890096,0.028220132603367816,0.08451248722353384,2026-06-11
340440,세림B&G,2026-06-11,-233.0,0.0,-233.0,-157.0,-0.06554019464422367,0.7,-1.7466587538053349,0.4594853497192438,-0.5428966403464393,-1.8300700444325302,854,354.0,15.22,82.0,1.04,화학,-1.65,6.93,40.21,-4.85,-28.31,-0.18597973032140291,0.07493803163810185,0.09878768533545024,-0.022719448452895294,0.039383722023470534,0.0044102602227244145,0.08357639193409769,2026-06-11
352910,오비고,2026-06-11,13.0,-2.0,11.0,47.0,-0.005235602615060064,0.6,1.2781542532308368,1.0761852388226405,2.366431633239879,4.720771125293357,855,535.0,-27.68,-153.0,1.58,IT 서비스,-0.94,-7.94,39.83,183.64,0.0,0.4387850666076055,-0.2099881003087642,-0.0064129049542445814,0.019138130310311172,0.037804536626063354,0.27932672828097127,0.08270478352829912,2026-06-11
046890,서울반도체,2026-06-11,16972.0,-18925.0,-1953.0,4062.0,0.04031054045362614,0.9,0.3789326224337781,1.2177822306907768,1.5760675904253103,3.172782443549865,856,7696.0,-14.97,-882.0,1.2,전기·전자,0.38,-4.21,65.33,-0.44,0.0,0.2911507690661884,-0.17206233393587098,0.020580459620673053,-0.017391563739266633,0.02503098289218982,0.1473083139039137,0.08250080627526035,2026-06-11
137940,넥스트아이,2026-06-11,11.0,0.0,11.0,-22.0,-0.6310432571382787,0.1,0.898855763972734,-0.6345773250017712,3.614783056460798,3.8790614954317606,857,156.0,-0.38,-4755.0,0.35,의료·정밀기기,6.74,-50.48,123.7,839.06,0.0,0.35850979624935997,0.19362565362467554,-0.2842590528628985,0.14920273305897633,-0.04463143385974242,0.3724476962103709,0.08108374024143022,2026-06-11
033050,제이엠아이,2026-06-11,-2.0,0.0,-2.0,-4.0,-0.6491228079409048,0.4,-1.821063688162438,-0.8557153871997861,-1.6233587351209917,-4.300137810483216,858,283.0,8.27,105.0,0.47,화학,2.84,7.61,80.35,57.04,5.11,-0.42155426896070874,0.22154487708447979,0.1048886147958403,-0.00518123703615005,-0.001936588281218822,-0.10223860239775753,0.07946730051134063,2026-06-11
065350,신성델타테크,2026-06-11,1525.0,-1703.0,-178.0,1196.0,-0.6661841867227594,0.7,-0.3737464586000481,-2.2589012070502292,1.080123333067991,-1.5525243325822866,859,11062.0,50.95,790.0,4.44,전기·전자,4.01,9.84,176.25,6.62,-40.65,-0.15950972657532062,0.021568204880097263,0.11123209024083218,-0.02238418738674348,-0.056470417211993744,-0.10556403605312842,0.07810278191265338,2026-06-11
359090,씨엔알리서치,2026-06-11,,,0.0,0.0,-1.0,0.4,-0.8391488173102634,-1.340306903106891,-2.330300805468713,-4.509756525885868,860,316.0,12.22,45.0,0.64,일반서비스,0.0,5.11,97.39,-13.39,0.0,-0.4415459602211056,0.279051062640406,0.08424006722559106,-0.019961422159203792,0.0005920345776304944,-0.09762421793668181,0.07804287728126859,2026-06-11
0015G0,그린광학,2026-06-11,336.0,-132.0,204.0,-164.0,-0.7555715312768589,0.7,-0.1222225627295384,-1.1330369424581062,2.9373732458201894e-15,-1.2552595051876416,861,2183.0,89.66,208.0,3.33,의료·정밀기기,0.54,0.0,60.96,67.79,0.0,-0.13115907744347433,0.039433392402006745,0.07216097886053545,-0.0038516842031807233,0.009362416209576192,-0.014053974174536663,0.07666997383467056,2026-06-11
145170,노브랜드,2026-06-11,-9.0,0.0,-9.0,-12.0,-0.7872340425770175,0.5,-0.5967934021672806,-1.4617677320061833,0.23204771352305523,-1.8265134206504088,862,604.0,11.88,301.0,0.38,섬유·의류,-1.65,1.93,178.87,5.76,-23.69,-0.18564052909862577,0.16790002086608033,0.12898839159018244,-0.019887292971221354,-0.0735368852171287,0.01782370516928694,0.0760175099892122,2026-06-11
296640,이노에이엑스,2026-06-11,2.0,0.0,2.0,-40.0,-0.7512437812182867,0.2,0.9694915973652812,-1.5240285979675157,-1.0690826148987869,-1.6236196155010214,863,301.0,11.66,499.0,0.86,IT 서비스,0.0,7.62,17.9,24.51,-1.0,-0.1662902038979287,0.15976841141102713,0.10576674595527737,-0.012597654522071086,0.0596298511696191,0.14627715011592382,0.07559560592167323,2026-06-11
335870,윙스풋,2026-06-11,1.0,0.0,1.0,-17.0,-0.7756410258567554,0.5,-1.0717578137644743,-1.3360322678900884,0.6324554820336803,-1.7753345996208822,864,237.0,19.64,72.0,0.76,유통,3.21,3.92,55.26,-9.87,-52.47,-0.18075951841631122,0.08482890661396625,0.06745809342289225,-0.027515650872697688,0.03621300243859354,-0.01977516681355687,0.07517880273261406,2026-06-11
417500,제이아이테크,2026-06-11,-39.0,0.0,-39.0,-70.0,-0.024071167004913296,0.5,-0.27327686363607706,1.7803405482290133,-1.7577413045047368,-0.2506776199118006,865,1113.0,16.48,206.0,1.41,화학,4.95,10.97,70.92,21.9,55.58,-0.035350404741494645,0.045047931854756446,0.1350343838942383,-0.004216399030603083,0.007770699366345212,0.14828621134324224,0.07511671340550655,2026-06-11
200130,콜마비앤에이치,2026-06-11,5256.0,-6375.0,-1119.0,-1126.0,1.6593001840151396,0.5,-2.6739872793809067,3.2218607615434642,0.20835267971885543,0.7562261618814129,866,2762.0,-12.18,-771.0,0.75,제약,-1.98,-0.47,57.31,0.12,188.55,0.060679711156645916,-0.028923209542664866,0.06645636359035494,0.012375687909864604,0.01557086622396149,0.12615941933816208,0.07341037412682538,2026-06-11
452670,상상인제4호스팩,2026-04-20,-28.0,0.0,-28.0,477.0,-0.626068376128301,0.4,1.413040666561261,-0.9108195807837562,0.3933821874369445,0.8956032732144492,867,,,,,,,,,,,0.07397234188946826,0.0,0.0,0.0,0.0,0.07397234188946826,0.07113973100565418,2026-06-11
260970,에스앤디,2026-06-11,-162.0,90.0,-72.0,1711.0,-0.5585335426026173,0.5,0.5613690968704772,-0.8360564217009803,0.3435841245839299,0.06889679975342683,868,1464.0,9.68,5225.0,2.15,음식료·담배,5.09,21.74,36.67,31.56,56.19,-0.004872052079159217,-0.12431003504321841,0.22534937456187587,-0.002203479594495717,0.06308091357360272,0.15704472141860526,0.07100030405689604,2026-06-11
477380,미래에셋비전스팩4호,2026-06-11,0.0,0.0,0.0,-7.0,-0.12280701908279468,0.3,-0.614604835704839,-0.6036739955622465,-0.7175948649242126,-1.9358736961912983,869,166.0,58.71,35.0,1.1,금융,0.0,0.0,13.44,0.0,0.0,-0.19607040345677074,0.1960537282251007,-0.12107726715955013,-0.017304248086388457,0.04004095752542456,-0.09835723295218407,0.07050252902441556,2026-06-11
472230,에스케이증권제11호스팩,2026-06-11,2.0,0.0,2.0,-10.0,-0.8245614036934441,0.2,-0.3147224341674309,-1.0837118292351156,0.7888104821910908,-0.6096237812114556,870,87.0,83.4,25.0,1.03,금융,0.72,2.05,19.54,0.0,0.0,-0.06958370696369,0.20288917346637125,-0.04683561676634658,-0.017304248086388457,0.03554776692746485,0.10471336857741108,0.0699446242125272,2026-06-11
041590,플래스크,2026-06-11,,,0.0,0.0,-1.0,0.0,0.0,0.0,0.0,0.0,871,1161.0,395.0,6.0,2.8,건설,0.0,9.66,14.19,13.46,0.0,-0.011442856345630146,-0.052219700921356485,0.1108536331609325,-0.014633182886978867,0.04671599915979037,0.07927389216675737,0.06987019869795877,2026-06-11
003310,대주산업,2026-06-11,197.0,0.0,197.0,646.0,-0.6765350877259484,0.8,-1.551971203011205,-1.0886081986495313,0.5400616373673341,-2.1005177642934023,872,662.0,9.79,191.0,0.59,음식료·담배,1.8,6.41,30.86,-2.2,-23.69,-0.21177278657189685,0.05481216187792511,0.0719689749932744,-0.021466912509653772,0.06972944160739196,-0.036729120602959145,0.06970155358837453,2026-06-11
211270,AP위성,2026-06-11,-124.0,-14.0,-138.0,-313.0,-0.692825112111067,0.4,-0.38059747086659323,-0.5233635777104156,-1.5722821754340193,-2.476243224011028,873,1899.0,18.22,691.0,1.69,전기·전자,6.24,10.41,28.45,18.61,-27.51,-0.24760635885057922,0.0786548443227277,0.11490977205246852,-0.017938108444901037,0.05212953712805612,-0.01985031379222791,0.06954302110935623,2026-06-11
030530,원익홀딩스,2026-06-11,-35137.0,50720.0,15583.0,23396.0,1.9818785647116521,0.6,1.3215393064232803,2.790086391205763,-0.4738790601020154,3.637746637527028,874,22051.0,80.42,355.0,2.18,화학,19.71,1.96,55.36,-31.5,0.0,0.335495190294395,0.003928145746212436,0.05419706854406986,-0.02355525505380317,0.02378823868724622,0.3938533882181203,0.06942797728921844,2026-06-11
024740,한일단조,2026-06-11,-104.0,0.0,-104.0,-407.0,0.15067079454458177,0.6,-1.7836754693595838,0.37022360987387365,-0.25819883974717023,-1.6716506992328803,875,767.0,51.78,45.0,0.55,운송장비·부품,0.87,2.15,81.42,19.07,211.66,-0.1708710095527345,0.08027186541320372,0.026486630751633808,0.019771075072079137,0.023553261216009355,-0.020788177099808472,0.0691872910696679,2026-06-11
228670,레이,2026-06-11,-56.0,1.0,-55.0,-222.0,-0.452914798255344,0.4,-0.17700947513389256,-1.0302093033572113,-0.0645497161867902,-1.2717684946778942,876,712.0,22.64,201.0,0.93,의료·정밀기기,-3.19,4.6,124.68,4.94,0.0,-0.13273356768055214,0.18237767194093457,0.10463982485752032,-0.016323931438165327,-0.04547481883054147,0.09248517884919596,0.06906340735534032,2026-06-11
183490,엔지켐생명과학,2026-06-11,,,0.0,0.0,-1.0,0.0,0.0,0.0,0.0,0.0,877,838.0,-4.65,-213.0,0.54,제약,0.0,-11.88,7.45,-28.34,0.0,-0.011442856345630146,0.05200778188075955,-0.01370397683300363,-0.022928169910405378,0.06283703984506465,0.06676981863678505,0.06857245012877644,2026-06-11
128660,피제이메탈,2026-06-11,-45.0,1.0,-44.0,-109.0,-0.38714499266356994,0.3,-0.49506383098882334,0.347518983060044,-1.3322204359785774,-1.4797652839073567,878,694.0,9.09,308.0,0.94,금속,-1.75,9.18,119.88,22.34,67.75,-0.1525705730998529,0.14353857244739354,0.15198875882360133,-0.0022149226114310315,-0.01776263488065248,0.12297920067905847,0.06736712355571199,2026-06-11
222080,씨아이에스,2026-06-11,771.0,-888.0,-117.0,4169.0,-0.6970418900157016,0.6,-0.5441840544559094,-0.713372325069922,-0.6831299810639804,-1.9406863605898117,879,8011.0,27.76,371.0,1.57,기계·장비,0.98,3.94,30.88,-50.46,-87.28,-0.1965293953965418,0.0805688736350569,0.06830493224121917,-0.04104561732603296,0.06435390898761575,-0.024347297858682934,0.06706336470295339,2026-06-11
461300,아이스크림미디어,2026-06-11,318.0,-651.0,-333.0,-1478.0,-0.19933103378699701,0.2,-1.2404720049667206,-1.6291751706789874,-1.7589949359760522,-4.62864211162176,880,2152.0,5.96,2712.0,1.11,IT 서비스,-0.55,23.29,21.61,23.67,35.41,-0.4528842795156305,0.14321774681165275,0.21873944066942963,-0.007037594261353333,0.05593756129471751,-0.0420271250011839,0.06631555518266251,2026-06-11
068050,팬엔터테인먼트,2026-06-11,33.0,0.0,33.0,76.0,-0.20060331861209502,0.9,0.6437818299181037,-0.44263514888903865,2.114853804829159,2.316000485858224,881,304.0,-3.95,-278.0,0.43,오락·문화,5.28,-9.44,90.75,-2.37,0.0,0.20943802532215794,-0.005853694369325196,-0.02907505421417421,-0.0177745619439368,-0.03488979117833241,0.1218449236163893,0.06625662460953052,2026-06-11
027050,코리아나,2026-06-11,-2.0,0.0,-2.0,59.0,-0.24358974373520703,0.6,-0.2906374389609154,-0.6867121820752713,0.9896753059901281,0.012325684953941374,882,578.0,-7.45,-194.0,0.56,화학,2.41,-8.46,19.71,-2.38,0.0,-0.010267334934296289,-0.11372171403094164,-0.039290703481319175,-0.017776546390593125,0.06048652125730541,-0.12056977757984483,0.06620300009539301,2026-06-11
162300,신스틸,2026-06-11,-10.0,0.0,-10.0,18.0,-0.1846522784707486,0.3,0.9727732484938321,-0.2957630591327349,0.049955413100249334,0.7269656024613464,883,675.0,50.84,32.0,0.78,금속,0.25,-0.46,177.26,-0.3,-75.78,0.05788908213810234,0.13930998054132376,0.021006134555809727,-0.02928285320914714,-0.05683152642505466,0.13209081760103406,0.06531786621404989,2026-06-11
252500,세화피앤씨,2026-06-11,-2.0,0.0,-2.0,6.0,-0.8440545809878823,0.4,-1.079363641800229,-1.268599661970956,-1.366259962127959,-3.714223265899144,884,284.0,8.56,80.0,0.69,화학,0.88,8.22,10.22,6.43,40.01,-0.3656746083216251,0.14367173902146002,0.11036150740001376,-0.009735268421343087,0.07025557319530994,-0.051121057126184505,0.0652892082019527,2026-06-11
289010,아이스크림에듀,2026-06-11,0.0,19.0,19.0,51.0,-0.14239482242278567,0.7,0.24156576009938271,-0.2782790693265417,1.7999285177503521,1.7632152085231931,885,179.0,-2.86,-449.0,0.41,오락·문화,5.08,-10.64,60.47,-15.45,0.0,0.1567179589075394,0.009004478345767829,-0.04513624322521004,-0.020370218170406153,0.01004319970417779,0.11025917556186883,0.06280035378198646,2026-06-11
232140,와이씨,2026-06-11,-157.0,-1415.0,-1572.0,135.0,-0.4541544908228805,0.3,0.8968224533223227,-0.6569794678185884,-0.665635856147561,-0.42579287064382676,886,12266.0,63.62,235.0,3.33,기계·장비,4.84,6.3,30.73,-14.5,0.0,-0.05205144224617051,0.024643709747419473,0.09284942431724817,-0.02018169573805555,0.06456015562239822,0.1098201517028398,0.061182579847739435,2026-06-11
408900,스튜디오미르,2026-06-11,45.0,0.0,45.0,362.0,0.1061285499093978,0.7,1.1553724591255485,0.4552090851927897,0.13462159442920832,1.7452031387475466,887,486.0,-33.7,-44.0,1.27,오락·문화,4.66,-2.38,10.18,-6.54,0.0,0.15500011736260025,-0.20731647716767357,0.06541827446741984,-0.018602076199623133,0.08466935926433096,0.07916919772705434,0.0611520575492078,2026-06-11
058970,엠로,2026-06-11,6451.0,-7821.0,-1370.0,-1274.0,0.14035087716688732,0.5,-0.5648995142024755,1.6154947655685536,-1.5722821754340188,-0.5216869240679407,888,2609.0,88.66,238.0,2.73,IT 서비스,-0.94,3.19,18.66,5.69,-89.43,-0.06119702023561868,0.022407416436811028,0.07382870909607543,-0.030241112509989763,0.05887347911977403,0.06367147190705205,0.059784392924105735,2026-06-11
382480,지아이텍,2026-06-11,-27.0,0.0,-27.0,-436.0,0.07250405366649271,0.4,-0.9315642120762466,-0.12467596480500868,-1.1832157816199458,-2.239455958501201,889,768.0,84.87,23.0,0.9,기계·장비,-0.1,4.05,36.56,75.66,0.0,-0.22502355703647076,0.14506390362040228,0.0694489551769663,-0.0022899246846552076,0.05654403641718573,0.04374341349342834,0.059451651156821175,2026-06-11
221840,하이즈항공,2026-06-11,-1.0,0.0,-1.0,0.0,-0.8484848485709366,0.3,2.222431100510256,-1.5063235087958873,0.6324554320336915,1.3485630237480601,890,389.0,18.91,110.0,0.94,운송장비·부품,2.21,5.56,159.59,7.75,-26.8,0.11717187905226399,0.01621656427198379,0.06371878791452525,-0.019981545028533866,0.007716913811626741,0.18484260002186592,0.058654236288156275,2026-06-11
078350,한양디지텍,2026-06-11,-567.0,-174.0,-741.0,932.0,-0.5559931966739236,0.6,-0.5068184915058428,-0.5344325967211536,-0.8750403637898558,-1.9162914520168521,891,4101.0,27.39,982.0,2.31,전기·전자,13.03,9.2,76.71,28.46,43.12,-0.19420281172494827,0.05308867923520016,0.10710276329443347,-0.004874375495544811,0.016669227273855808,-0.022216517417003645,0.05852048829351852,2026-06-11
093520,매커스,2026-06-11,-102.0,-20.0,-122.0,-220.0,0.19330691317525472,0.5,-0.6921597627542161,0.20201553710688638,-0.6978226399213574,-1.1879668655686872,892,2313.0,12.91,1505.0,1.34,유통,-0.66,19.7,112.1,-16.56,-6.12,-0.12474126464095264,0.0533556949061177,0.1767918607850087,-0.021553077114066333,-0.001432210433199364,0.08242100350290804,0.05835440747311226,2026-06-11
101360,에코앤드림,2026-06-11,6264.0,-8052.0,-1788.0,-1025.0,1.2196365247489038,0.7,-1.562299516104709,2.8776301681364886,1.5810715597062248,2.896402211738004,893,1933.0,-22.46,-484.0,0.89,전기·전자,-7.88,-4.25,137.3,-46.14,0.0,0.26479191912167743,-0.1343179982186654,0.020322376686523133,-0.026460484958658777,-0.027850875794233655,0.09648493683664275,0.05811478120473161,2026-06-11
333050,이노테나,2026-06-11,-128.0,0.0,-128.0,-220.0,2.2195121935514575,0.2,-2.04036008597197,0.3987870195458983,-0.5908547795837157,-2.2324278460097875,894,261.0,54.64,97.0,5.58,IT 서비스,2.71,11.23,43.12,13.73,187.67,-0.22435327406673788,-0.0032707723936360234,0.1317930017254171,0.01493810884163023,0.034530241831339306,-0.04636269406198726,0.057555993172903414,2026-06-11
217500,러셀,2026-06-11,89.0,-154.0,-65.0,-192.0,-0.3324061197034206,0.6,-0.5164557217662568,0.7457472705911893,0.7798607806941412,1.0091523295190736,895,581.0,-21.47,-85.0,0.98,기계·장비,-0.16,-3.03,32.42,228.7,0.0,0.08480170735042443,-0.14189957880827142,-0.004184521051120719,0.028080046943698703,0.06223644353718225,0.029034097971913246,0.05717209624451508,2026-06-11
417200,LS머트리얼즈,2026-06-11,1249.0,-1386.0,-137.0,2433.0,-0.9605698768740075,0.7,-0.38760978637729504,-1.5841654487196075,0.7175948649242109,-1.2541803701726915,896,11034.0,2718.33,6.0,5.96,전기·전자,-0.12,0.34,37.65,21.87,0.0,-0.13105615851275895,0.008947972107773022,0.04993739338022636,-0.012964263249011955,0.04536959409741702,-0.0397654621763545,0.055686251870807946,2026-06-11
114840,아이패밀리에스씨,2026-06-11,-17.0,4.0,-13.0,-180.0,-0.5732814526754884,0.5,-1.7560745979708334,-1.0082449331869212,-1.7525621023287594,-4.5168816334865145,897,1566.0,7.17,1261.0,1.47,화학,3.08,18.55,40.16,0.83,-48.33,-0.44222549377838183,0.06261669674623133,0.20304180346741,-0.024741132262474368,0.03943519226550428,-0.16187293356171062,0.05548523417052794,2026-06-11
060720,KH바텍,2026-06-11,36.0,0.0,36.0,-463.0,-0.1476165160602263,0.4,-0.6654448371394875,-0.05764052039261239,-1.4819169825640324,-2.205002340096132,898,2548.0,12.5,861.0,0.86,전기·전자,2.87,5.75,48.49,-10.47,-54.74,-0.22173765720336377,0.15963197441720547,0.08484311022400293,-0.02799175505412197,0.03740461774392486,0.032150290127647516,0.05421529088647659,2026-06-11
166090,하나머티리얼즈,2026-06-11,-4002.0,5555.0,1553.0,-4873.0,-0.8271373736572224,0.5,-0.12602457276603013,-1.0917615400106975,0.16881565130963258,-1.048970461467095,899,13409.0,34.95,1940.0,2.82,전기·전자,11.51,11.76,46.21,59.29,144.33,-0.11148494260040048,0.04079594335183407,0.1236200710800283,0.017162507659010808,0.039079907973257166,0.10917348746372986,0.05347844356237742,2026-06-11
297570,알로이스,2026-06-11,-45.0,0.0,-45.0,-135.0,-0.3235294118641868,0.5,-1.214726691750367,-0.45980332370711025,-1.9733858785415854,-3.6479158939990626,900,398.0,8.04,143.0,0.86,전기·전자,-7.63,0.0,108.26,101.75,55.8,-0.3593507621671039,0.17150119618368603,0.04774368843995205,0.01166401026200134,-0.006512968662738064,-0.13495483594420252,0.05324168766530217,2026-06-11
348350,위드텍,2026-06-11,-15.0,0.0,-15.0,-289.0,-0.863819251018525,0.3,-1.026782701192558,-1.205240033605199,-1.9659064549701832,-4.19792918976794,901,838.0,13.27,633.0,0.65,의료·정밀기기,3.19,8.14,23.85,-14.29,0.0,-0.4118064600135647,0.2710605315945829,0.12963441503780868,-0.020140022358272783,0.041299167501772774,0.010047631762326856,0.05314972841152443,2026-06-11
317240,TS트릴리온,2026-06-11,12.0,0.0,12.0,118.0,-0.03125000030273439,0.9,0.676793572867096,0.14960797956662789,1.7695147572271501,2.5959163096608737,902,258.0,-10.05,-88.0,0.86,화학,0.23,-3.32,102.9,42.2,160.98,0.23613407065195124,-0.18423319728441404,0.006825145675158724,0.016389886742320378,-0.025149667438437197,0.049966238346579116,0.052455691390072015,2026-06-11
468530,프로티나,2026-06-11,436.0,7.0,443.0,1912.0,0.18431016202961836,0.9,0.06261573342731527,0.3348459284010328,2.366431633239874,2.763893295068222,903,3658.0,-36.35,-912.0,19.43,일반서비스,3.43,0.0,14.04,297.96,0.0,0.25215431972496616,-0.23127255687760387,0.059719083233319294,0.041824324485385776,0.0333967795781025,0.15582195014416986,0.05225781329122479,2026-06-11
452400,이닉스,2026-06-11,29.0,0.0,29.0,-41.0,-0.3367786392755956,0.4,0.1060470791213584,-0.619020489014817,-0.23204771352305498,-0.7450211234165136,904,593.0,242.22,27.0,0.48,운송장비·부품,1.55,0.2,16.18,-8.25,0.0,-0.08249678038674939,0.10190662839447581,0.005195514485464223,-0.01894141657785422,0.03677013859431205,0.04243408450964848,0.05225450658076816,2026-06-11
060150,인선이엔티,2026-06-11,-8.0,1.0,-7.0,-237.0,-0.6694521820054158,0.2,1.024416042631736,-1.1192811764174706,-0.3789323195263918,-0.47379745331212647,905,1513.0,-14.13,-235.0,0.47,일반서비스,0.3,-2.25,48.25,-1.97,-13.09,-0.056629720449743105,0.07121888634125352,0.04892217247351274,-0.019754047219079716,0.01993246852271981,0.06368975966866325,0.0515159123858375,2026-06-11
134060,이퓨쳐,2026-06-11,31.0,72.0,103.0,412.0,2.606321837526011,0.6,2.142538469071822,0.38900651318002083,1.0064069099883775,3.53795189224022,906,219.0,0.0,0.0,0.0,오락·문화,2.91,0.0,0.0,0.0,0.0,0.3259775967276587,-0.4414210275122781,0.09727296600597421,-0.017304248086388457,0.0997756289863902,0.06430091612135656,0.04939087674355826,2026-06-11
097780,에코볼트,2026-06-11,,,0.0,0.0,-1.0,0.0,0.0,0.0,0.0,0.0,907,337.0,-2.46,-270.0,0.2,운송장비·부품,0.0,-7.74,10.76,-46.97,0.0,-0.011442856345630146,0.1221304406446092,-0.08149754354191349,-0.026625194031133507,0.03786816856657448,0.040433015292506536,0.047252344296699944,2026-06-11
303530,이노뎁,2026-06-11,2.0,0.0,2.0,-12.0,-0.3762183239515293,0.7,0.11999084631447703,-0.4897928746742903,1.9199775109805626,1.5501754826207494,908,246.0,-8.16,-411.0,0.69,IT 서비스,2.13,-7.73,103.76,-9.28,0.0,0.1364000000923631,-0.08970896141229051,-0.004898912236314015,-0.019145814583455396,-0.02582028593524622,-0.0031739740749430305,0.0470205498927617,2026-06-11
056190,에스에프에이,2026-06-11,199.0,-785.0,-586.0,-1429.0,-0.7814685314700008,0.3,-0.1297185792547502,-0.8490878547181944,-1.3634574110732056,-2.3422638450461504,909,8977.0,16.3,1534.0,0.78,기계·장비,3.31,5.54,49.48,-9.35,-46.82,-0.2348285189788839,0.1840683152597747,0.08494526585208631,-0.026523798321214754,0.03877932627458788,0.04644059008635025,0.04641729178656894,2026-06-11
458350,에스팀,2026-06-11,65.0,-21.0,44.0,-100.0,-0.2543859650349145,0.6,-1.2115732870434102,-0.2865010429430144,-0.9211322456709655,-2.41920657565739,910,400.0,19.29,239.0,2.6,일반서비스,1.21,0.0,28.19,-20.82,0.0,-0.2421666772733715,0.09939409850907877,0.059719083233319294,-0.021435866024851136,0.027827647703397296,-0.07666171385242727,0.0462657656951274,2026-06-11
200230,텔콘RF제약,2026-06-11,,,0.0,0.0,-1.0,0.4,-1.1521538796256086,-1.2026278901738017,-1.6329930618554587,-3.9877748316548685,911,257.0,-1.63,-221.0,0.23,제약,0.0,-10.04,54.37,-2.85,0.0,-0.3917636836023404,0.3224613799398949,-0.00077715594089321,-0.017869815383440266,0.018357920986216674,-0.0695913540005623,0.043827084967435335,2026-06-11
396300,세아메카닉스,2026-06-11,336.0,-481.0,-145.0,236.0,-0.6908877820144903,0.7,-0.8958270242476499,-1.0697314239805058,-1.3228754805323184,-3.2884339287604742,912,1183.0,46.51,96.0,1.63,금속,-2.08,3.59,84.09,6.41,0.0,-0.32506635941744516,0.07658196615704425,0.07603514163926989,-0.01603221777968597,0.00660605853820694,-0.18187541086261003,0.043613045741611664,2026-06-11
257370,피엔티엠에스,2026-06-11,-1.0,0.0,-1.0,-50.0,-0.619047619265306,0.4,-1.6190804943399764,-1.3306600815528262,-0.7629747460174371,-3.7127153219102396,913,288.0,19.53,118.0,0.96,기계·장비,3.6,5.5,101.33,4.75,0.0,-0.3655307931541376,0.14531009728040237,0.08452925751181463,-0.016361635924635444,-0.032513260481890315,-0.18456633476844636,0.04293373464111096,2026-06-11
489730,디비금융제13호스팩,2026-06-11,0.0,0.0,0.0,13.0,-0.7565543072528722,0.3,1.6255645314361415,-0.9749779654766625,1.433677228625514,2.084263794584993,914,128.0,-155.0,-13.0,1.02,금융,0.0,0.0,13.97,0.0,0.0,0.18733690531127867,-0.08005922407517055,-0.12107726715955013,-0.017304248086388457,0.039650565555437896,0.008546731545607433,0.04246144701104558,2026-06-11
101930,인화정공,2026-06-11,22.0,0.0,22.0,60.0,-0.7324772606100892,0.6,-0.1582391539673866,-1.0246269982169887,0.6324554320336907,-0.5504107201506846,915,4030.0,16.14,541.0,1.18,운송장비·부품,1.87,11.27,32.6,-8.89,56.52,-0.06393645722725265,-0.002300395945030692,0.12606354375033466,-0.010178662206510444,0.033443634508601904,0.08309166288014277,0.04182457157400858,2026-06-11
089850,유비벨록스,2026-06-11,-23.0,0.0,-23.0,-48.0,-0.1291291295214133,0.6,-1.0845897794629644,-0.3433030691346252,1.078291094881529,-0.3496017537160607,916,612.0,-8.46,-491.0,0.46,IT 서비스,2.09,-4.36,124.54,-11.82,0.0,-0.044784966619321825,0.017055667495815274,0.019397066141905072,-0.019649864034161215,-0.04650109014022061,-0.0744831871559833,0.041670560639469015,2026-06-11
143160,아이디스,2026-06-11,16.0,0.0,16.0,-166.0,-0.40234134330209337,0.1,-0.215863305081728,-1.3706999528980512,-1.1281520859991723,-2.7147153439789515,917,1661.0,9.74,1591.0,0.63,전기·전자,1.31,7.04,37.3,-2.33,-22.91,-0.2703498480826993,0.22089646927955964,0.09316628485033783,-0.02137002786772998,0.04562676584314786,0.06796964402261604,0.04147176296949857,2026-06-11
158430,아톤,2026-06-11,-27.0,0.0,-27.0,735.0,-0.5670512343542842,0.6,-0.13457011285899256,-0.6385059393710217,-1.5722821754340168,-2.3453582276640312,918,1229.0,79.68,63.0,1.18,IT 서비스,-0.2,1.05,53.16,-12.76,-79.37,-0.2351236354803823,0.09364030397551827,0.058400402351449665,-0.032320127576202666,0.024538168962333393,-0.09086488776728364,0.04124925632564359,2026-06-11
332290,누보,2026-06-11,-36.0,0.0,-36.0,-136.0,-0.7857498754679995,0.3,0.6849538591000348,-1.0419251239153136,-1.1684065163934825,-1.5253777812087612,919,387.0,33.41,29.0,1.1,화학,3.53,9.0,159.36,56.44,729.32,-0.15692071407802735,0.059537138372720295,0.11735963236928472,0.10860720385203747,-0.08326986474294047,0.04531339577307465,0.041075466891606925,2026-06-11
064520,테크엘,2026-06-11,-7.0,0.0,-7.0,0.0,-0.45205479527115777,0.5,0.18743463920604828,-0.5231156843437849,-1.538023641441646,-1.8737046865793825,920,351.0,-7.51,-209.0,0.37,전기·전자,3.63,-4.67,6.04,-45.27,0.0,-0.19014123990981033,0.07102171832480673,0.01761250587794898,-0.02628783809955875,0.0685958766189933,-0.05919897718762007,0.04089098394920958,2026-06-11
310870,디와이씨,2026-06-11,52.0,0.0,52.0,43.0,-0.7781522044556457,0.3,0.1025122698982825,-0.6003862526296159,-0.6305969503343192,-1.1284709330656526,921,259.0,7.02,178.0,0.48,운송장비·부품,2.71,7.69,153.37,27.18,4.44,-0.11906703697685622,0.13788867017742218,0.08697523798987973,-0.011212175829447812,0.008977014628503546,0.10356170998950143,0.03993721281110703,2026-06-11
335810,프리시젼바이오,2026-06-11,12.0,0.0,12.0,19.0,0.3725490169165706,0.4,1.3194846053828633,1.9123960740760357,2.0884294217074926,5.320310101166392,922,364.0,-2.09,-793.0,0.91,의료·정밀기기,-0.54,-23.55,46.72,52.18,0.0,0.4959641122915991,-0.10945702491363732,-0.09411659140663708,-0.006949405433699573,0.02161731619343174,0.3070584067310569,0.039632564790475666,2026-06-11
383310,에코프로에이치엔,2026-06-11,13856.0,-17724.0,-3868.0,-2862.0,0.5511130015486241,0.6,-1.5186390047312022,0.30475664673298225,-0.0597423803214938,-1.2736247383197137,923,5695.0,43.1,630.0,1.87,화학,-2.51,4.69,47.71,0.68,47.69,-0.13291060077475866,0.015384526196328007,0.07869050593651825,-0.00966837498700794,0.03166318571840899,-0.016840757910511366,0.03797102890536147,2026-06-11
084990,헬릭스미스,2026-06-11,203.0,-4.0,199.0,401.0,-0.6663307580394189,0.5,0.9222379240829766,-0.5965337605614042,1.4819169825640324,1.8076211460856046,924,2113.0,-509.44,-9.0,1.49,일반서비스,2.57,-0.22,1.19,-40.36,0.0,0.16095302824364777,-0.1409889732493097,0.05866338529236043,-0.025313474791304583,0.03845425976113868,0.09176822525653258,0.037158371508523955,2026-06-11
323990,박셀바이오,2026-06-11,118.0,0.0,118.0,322.0,-0.19175911258385425,0.8,0.2681621951015346,0.0007706098737929703,-0.17939871623105103,0.08953408874427654,925,1184.0,-11.02,-462.0,1.6,일반서비스,5.49,-13.66,6.88,13737.28,0.0,-0.0029038389395826714,-0.14771148938952547,-0.005830161646217366,0.2153598186958812,0.036214799664525774,0.09512912838508146,0.03698320565905915,2026-06-11
014970,삼륭물산,2026-06-11,-48.0,0.0,-48.0,41.0,-0.6055226825235656,0.4,-0.00935911681870483,-1.1842068642084829,-1.4912688993386625,-2.68483488036585,926,756.0,12.75,400.0,1.32,종이·목재,2.62,10.34,80.58,8.14,-38.93,-0.26750009775328243,0.049407366924461814,0.28186120224527433,-0.021812020967618053,-0.018601832678326952,0.023354617770508717,0.03497356974118513,2026-06-11
317830,에스피시스템스,2026-06-11,48.0,0.0,48.0,681.0,-0.0889252592125811,0.8,0.8172545927339916,0.2844463925867,2.012390804515363,3.1140917898360545,927,671.0,-10.87,-573.0,1.25,기계·장비,-0.48,-11.09,41.03,-30.05,0.0,0.28555334220159023,-0.17492327133035745,-0.08801020161586384,-0.023267510288636464,0.05039788670066774,0.04975024566740022,0.03485472988827172,2026-06-11
196450,코아시아씨엠,2026-06-11,-12.0,0.0,-12.0,-77.0,-0.8234200743658531,0.0,-0.20962556637136892,-0.7210804029075452,-1.4464059589657472,-2.3771119282446613,928,435.0,13.52,71.0,0.74,의료·정밀기기,1.05,6.73,121.82,-9.27,96.24,-0.2381520395862068,0.23841190834127957,0.11967894267786333,-0.004006703419615616,-0.04301351167086261,0.07291859634245787,0.03446069340095756,2026-06-11
192390,윈하이텍,2026-06-11,34.0,9.0,43.0,68.0,0.13131313062748706,0.6,0.47346290121961004,-0.34365174251856107,0.9211322456709669,1.0509434043720158,929,203.0,-3.04,-606.0,0.28,금속,3.37,-12.85,117.1,-26.1,0.0,0.08878739280935549,0.07515828977678807,-0.14734186489210913,-0.022483653859389222,-0.01586978861900316,-0.02174962478435795,0.03270164836700748,2026-06-11
044960,이글벳,2026-06-11,-50.0,-1.0,-51.0,55.0,0.2543859645821791,0.7,0.42833404065923775,0.9989361298074927,1.6306313226767641,3.0579014931434947,930,387.0,0.0,0.0,0.0,유통,1.16,0.0,0.0,0.0,0.0,0.2801943786131055,-0.3533831132427146,0.04029786731012314,-0.017304248086388457,0.07281177906236685,0.02261666365649241,0.03241070749755608,2026-06-11
021880,메이슨캐피탈,2026-06-11,,,0.0,0.0,-1.0,0.4,0.1952447092176165,-0.8019989086894724,-0.054519708955386485,-0.6612739084272424,931,289.0,-2.16,-63.0,0.4,금융,0.0,0.36,18.8,-6.87,0.0,-0.07450966691375834,0.12289741973628443,-0.10803970904171926,-0.018667562939281762,0.03609284250820095,-0.042226676650273985,0.032144098258224896,2026-06-11
089980,상아프론테크,2026-06-11,245.0,-224.0,21.0,442.0,-0.6494487798965893,0.8,0.3882538074161305,-0.7643400116640161,0.8819170259104263,0.5058308216625407,932,2843.0,42.13,422.0,1.36,화학,0.79,3.58,92.5,19.15,7.69,0.036799084252305984,0.03822527728258844,0.06873163578794032,-0.012294509625907918,-0.014443857095418523,0.11701763060150829,0.03021250889675917,2026-06-11
462310,뉴키즈온,2026-06-11,-28.0,35.0,7.0,256.0,0.3090128752555765,1.0,0.4520182739924019,-0.2040296684296196,1.8422644913419333,2.0902530969047155,933,305.0,-7.3,-511.0,0.66,섬유·의류,-0.4,0.0,26.88,-11.89,0.0,0.18790811519876927,-0.22176376080247992,0.09663079317993106,-0.019663755160755473,0.0728120949761438,0.11592348739160874,0.027781388725581994,2026-06-11
058610,에스피지,2026-06-11,3619.0,-4705.0,-1086.0,2016.0,-0.4911650880954823,0.4,-0.05207092462407712,-0.4420809210478094,-0.5400616373673369,-1.0342134830392236,934,20270.0,221.84,412.0,7.86,전기·전자,3.28,3.64,67.76,-13.36,9.69,-0.11007754462021704,0.004781137728673096,0.0712292354475947,-0.01843137532495482,0.023245476200401446,-0.02925307056850262,0.02733628393406997,2026-06-11
040350,크레오에스지,2026-06-11,693.0,3.0,696.0,1277.0,3.9657657652289267,0.5,2.8112645103559766,2.7549295097548234,1.0327954923219818,6.598989512432781,935,2333.0,-27.1,-441.0,4.92,IT 서비스,20.71,-15.78,91.06,30.49,0.0,0.6000000000000001,-0.2732920428274481,-0.06293529975698571,-0.011253670231262277,-0.013180910891782558,0.23933807629252143,0.027264188393615517,2026-06-11
039830,오로라,2026-06-11,89.0,-18.0,71.0,66.0,-0.7698720206726593,0.6,-1.2494114013422535,-0.8437736847262023,-1.0690826148987853,-3.1622677009672406,936,1864.0,8.56,2023.0,0.96,일반서비스,3.34,15.16,225.6,22.21,45.93,-0.3130336729815692,0.21255309277820794,0.13246626861939365,-0.005672683270923974,-0.049868629567666634,-0.023555624422558222,0.026804149954278912,2026-06-11
024060,흥구석유,2026-06-11,-549.0,0.0,-549.0,-1356.0,-0.23282406073277884,0.5,-0.8312792130698797,-0.75637864262129,-1.0394060985313025,-2.6270639542224723,937,1826.0,296.83,41.0,2.29,유통,2.27,0.79,17.74,-7.77,0.0,-0.2619903868619286,0.012549612745522864,0.04577148430733936,-0.018846163138350757,0.06106255182194451,-0.16145290112547264,0.024439392817358255,2026-06-11
226400,오스테오닉,2026-06-11,-95.0,-1.0,-96.0,-58.0,-0.658241932936342,0.6,-1.0239379479757105,-1.1030650445683807,-0.9036960266150728,-3.0306990191591643,938,938.0,12.51,363.0,1.35,의료·정밀기기,2.02,14.33,58.62,35.39,55.69,-0.3004857453731397,0.13484819092348452,0.17333964475983832,-0.001522079120288427,0.011376212976586164,0.017556224166480863,0.02353500137799347,2026-06-11
474660,신한제12호스팩,2026-06-11,0.0,0.0,0.0,12.0,0.7663817648720384,0.3,0.5391798782659742,-0.05774419205354549,1.5925549910026167,2.0739906772150456,939,113.0,-170.83,-12.0,1.05,금융,0.0,-0.85,16.21,0.0,0.0,0.1863571407404134,-0.08380036036662596,-0.15186039049331745,-0.017304248086388457,0.03800060704077728,-0.028607251165141186,0.022400974222186565,2026-06-11
239890,피엔에이치테크,2026-06-11,-10.0,0.0,-10.0,-54.0,-0.858156028383884,0.3,0.5330247978095269,-1.4094595204724418,-0.5428966403464369,-1.4193313630093518,940,379.0,11.17,341.0,0.72,화학,3.25,6.63,36.48,-16.4,-61.03,-0.14680688789680504,0.12961441187069347,0.09609609880880755,-0.03015785576848521,0.04322340207918781,0.09196916909339858,0.021884681105046218,2026-06-11
478110,이베스트스팩6호,2026-06-11,0.0,0.0,0.0,-103.0,-1.0,0.0,-1.6020819784199163,-0.4830458895952035,0.0,-2.0851278680151197,941,102.0,127.0,16.0,1.13,금융,0.1,0.0,9.82,0.0,0.0,-0.21030502614633578,0.19025798663598484,-0.12107726715955013,-0.017304248086388457,0.04270740833929573,-0.11572114641699377,0.02064550589163862,2026-06-11
034810,해성산업,2026-06-11,21.0,0.0,21.0,41.0,-0.6348980560026223,0.3,1.5813844685656342,-0.896426155995073,2.1698978161593234,2.8548561287298844,942,1945.0,-8.7,-708.0,0.27,금융,0.98,-8.66,114.13,9.87,179.5,0.2608295989491598,0.2836623598163257,-0.43470297077181486,0.012887092427308707,-0.034126150885815304,0.08854992953516405,0.019879189669539016,2026-06-11
263020,디케이앤디,2026-06-11,0.0,0.0,0.0,-189.0,-0.5753424658115969,0.4,-1.4796545517006168,-0.9280452632520126,-1.2353646704664705,-3.6430644854191,943,449.0,5.93,547.0,0.58,화학,-0.61,11.42,39.0,18.46,22.58,-0.3588880751292487,0.1884923984005182,0.13907176368420232,-0.010089459961207636,0.04062930188068713,-0.000784071125048677,0.019687601576413947,2026-06-11
006050,국영지앤엠,2026-06-11,31.0,0.0,31.0,244.0,-0.3647798743336894,1.0,0.5905386434358365,-0.3070772009968564,1.9538488807728345,2.2373103232118146,944,234.0,0.0,0.0,0.0,비금속,-1.47,0.0,0.0,0.0,0.0,0.20193321148034227,-0.3182834289819232,0.04840551017281858,-0.017304248086388457,0.10632328215054765,0.021074326735396845,0.019156596225803995,2026-06-11
067920,이글루,2026-06-11,50.0,43.0,93.0,233.0,-0.10439851630560693,0.6,1.4809700985226057,0.2709799361444958,0.3789323464494609,2.1308823811165625,945,573.0,-1302.5,-4.0,0.72,IT 서비스,1.76,-0.65,33.84,65.8,0.0,0.19178299872018545,-0.09860601382129937,0.04614427082534507,-0.004246589087788829,0.04376594265050015,0.17884060928694248,0.019071154450566383,2026-06-11
092870,엑시콘,2026-06-11,-1199.0,195.0,-1004.0,-1887.0,-0.4383271298637432,0.4,-1.262415049157582,-0.7896975623790555,-1.1442835526482713,-3.196396164184909,946,3609.0,40.25,687.0,1.83,기계·장비,10.16,6.19,15.01,411.9,0.0,-0.31628856221476026,0.06398982210394809,0.09170540138150106,0.06443510968752016,0.08617480294760242,-0.009983426094188508,0.017446346819741294,2026-06-11
405100,큐알티,2026-06-11,109.0,1.0,110.0,-483.0,-0.5978476352478965,0.2,-0.03994883407085399,-0.9282802183394276,-1.15141542640687,-2.1196444788171513,947,1861.0,64.43,235.0,1.98,일반서비스,4.34,6.16,79.77,32.73,425.45,-0.21359693367083332,0.10719914460390108,0.08927862558016746,0.056107830044875476,0.007526882890867649,0.04651554944897834,0.017399833051981145,2026-06-11
036800,나이스정보통신,2026-06-11,-152.0,231.0,79.0,575.0,-0.41054379414214126,0.9,-0.3891309006541531,-0.32449231239795573,1.0649774946944788,0.3513542816423699,948,2870.0,6.69,4287.0,0.63,통신,1.77,12.98,185.74,10.99,54.39,0.02206639547914249,0.09270755148821146,0.13421118599647575,-0.0065685997091410545,-0.17513551740609684,0.06728101584859178,0.01687892464961338,2026-06-11
106240,파인테크닉스,2026-06-11,37.0,0.0,37.0,156.0,-0.5833333334077382,0.8,0.9235886656059218,-0.6897673081029881,1.322875480532322,1.5566968380352555,949,305.0,-1.0,-1278.0,0.38,전기·전자,8.57,-30.34,64.6,-21.16,0.0,0.13702195278296944,0.061773117731502604,-0.1480122171127617,-0.02150333721116609,0.025567369676142704,0.05484688586668696,0.016728297086918024,2026-06-11
045510,정원엔시스,2026-06-11,-4.0,0.0,-4.0,-51.0,-0.4781682642774756,0.5,-0.9374118633736781,-0.5172523917000338,-1.3228754805323186,-2.7775397356060303,950,259.0,23.0,35.0,0.56,유통,0.88,4.12,129.33,87.68,0.0,-0.27634151652040667,0.11467005043057305,0.06884381924497229,9.53801962439979e-05,-0.012843663947995146,-0.10557593059661248,0.016363073742869175,2026-06-11
281740,레이크머티리얼즈,2026-06-11,1519.0,-1221.0,298.0,1643.0,-0.6925604318271232,0.8,-0.1786862929816274,-1.3625290118909001,0.9545999726331815,-0.5866153322393459,951,10320.0,134.19,117.0,7.66,화학,2.48,9.16,164.49,3.75,53.77,-0.06738935228811892,-0.03453680574159826,0.11879514518349414,-0.008102855906321746,-0.08855071157560257,-0.07978458032814735,0.015605414209189383,2026-06-11
469880,하나30호스팩,2026-06-11,0.0,-100.0,-100.0,-77.0,1.2831050212672799,0.2,-1.4815281548059263,0.2266016398906729,-1.3353217330211216,-2.590248247936375,952,153.0,41.9,50.0,1.03,금융,-0.48,2.5,18.35,0.0,0.0,-0.2584792107143631,0.20622455668075718,-0.03053866911905799,-0.017304248086388457,0.0364243073883783,-0.06367326385067407,0.015000158863707997,2026-06-11
007720,소노스퀘어,2026-06-11,8.0,0.0,8.0,34.0,-0.5814648731323775,0.7,0.6175389044751501,-0.4924378998601959,1.042063878697572,1.1671648833125263,953,290.0,-10.67,-27.0,0.39,유통,1.41,-2.35,28.26,14.1,0.0,0.09987163173497966,-0.11195282612739002,0.024015588900682474,-0.01450617830097425,0.05409514085411796,0.05152335706141582,0.014757337522127703,2026-06-11
411080,샌즈랩,2026-06-11,-14.0,0.0,-14.0,203.0,-0.4548481066015586,0.6,0.7450376341628104,-0.333346975933678,1.177151158154141,1.5888418163832734,954,773.0,-140.56,-36.0,1.43,IT 서비스,0.2,0.69,3.82,155.87,0.0,0.14008767371094719,-0.20020661930319725,0.05580498626356869,0.013627321945704615,0.07364263861938039,0.08295600123640363,0.013505964676549412,2026-06-11
443250,레뷰코퍼레이션,2026-06-11,-7.0,0.0,-7.0,-61.0,-0.9009900990295069,0.3,-0.5812128807590332,-0.8295553374613386,-0.955878085143902,-2.366646303364274,955,682.0,12.83,477.0,1.4,일반서비스,2.0,11.38,71.44,11.06,-4.71,-0.23715391524862586,0.15442667464756374,0.11432745854291865,-0.015850263330941878,0.010805389499793046,0.02655534411070769,0.013090849135190073,2026-06-11
086900,메디톡스,2026-06-11,19413.0,-21205.0,-1792.0,-4070.0,-0.42905573836217525,0.3,-0.5842579264561815,-0.7396896937236479,-1.7748237599299004,-3.0987713801097296,956,6072.0,38.81,2144.0,1.29,제약,1.96,4.92,48.74,-5.11,34.62,-0.3069779215172207,0.16322269627894428,0.10432351826887401,-0.012873087038607687,0.023695036058154314,-0.028609757949855773,0.010545217724950378,2026-06-11
236200,슈프리마,2026-06-11,-192.0,175.0,-17.0,-1481.0,-0.7758743754509092,0.4,-1.8534088838471792,-1.4758820499707013,-1.308197446406569,-4.6374883802244495,957,2929.0,9.39,4474.0,1.08,전기·전자,0.0,13.04,7.02,8.07,-5.27,-0.45372796310739283,0.13591779207654683,0.1318787249728257,-0.016531692587765972,0.06787579573094697,-0.13458734291483926,0.010274586595078516,2026-06-11
063170,서울옥션,2026-06-11,32.0,0.0,32.0,133.0,-0.22072072082602867,0.6,1.0815384403402057,0.13669178550302147,1.3448427041561084,2.5630729299993353,958,850.0,-9.68,-494.0,0.82,유통,1.16,-6.21,145.79,309.83,0.0,0.23300174201001564,-0.20303461544094464,-0.0027289194654626114,0.04417986266644015,-0.02374514536723706,0.047672924402811484,0.010027033252202566,2026-06-11
431190,케이쓰리아이,2026-06-11,-4.0,0.0,-4.0,49.0,-0.41373534367819,0.7,0.0991164802605121,-0.8839727568515183,0.7175948649242126,-0.06726141166679356,959,198.0,-5.14,-515.0,0.58,IT 서비스,1.54,-12.42,33.2,-17.48,0.0,-0.01785769088556162,-0.04921203320576762,-0.03871141627009666,-0.020773060841639542,0.0444028875345802,-0.08215131366848526,0.00863662970005305,2026-06-11
380550,뉴로핏,2026-06-11,203.0,-1.0,202.0,1637.0,-0.19957872567036616,1.0,0.3993645838376747,-0.1488768814436455,1.5735287497477761,1.8240164521418052,960,1522.0,-5.77,-2162.0,7.46,IT 서비스,3.57,0.0,15.63,-9.86,0.0,0.16251667629943167,-0.2834881940417481,0.050830438761796826,-0.019260912489522077,0.06188901505534055,-0.02751297641470111,0.008628289324341887,2026-06-11
241840,에이스토리,2026-06-11,17.0,0.0,17.0,108.0,-0.0040160644970241854,0.7,0.1286093735571896,-0.2466822702679111,0.5825751377308303,0.46450224102010873,961,289.0,-4.06,-746.0,0.57,오락·문화,2.71,-13.93,24.02,431.79,0.0,0.03285750764810424,-0.0806658973383025,-0.08917066976379989,0.06838217408694489,0.06413195524141349,-0.004464930125639782,0.008505425508908187,2026-06-11
089600,KT나스미디어,2026-06-11,7.0,1.0,8.0,-62.0,-0.56266666673664,0.3,1.2239414565140034,-1.049375859447438,0.0,0.17456559706656538,962,1189.0,-18.42,-558.0,0.58,일반서비스,1.78,0.0,0.0,0.0,0.0,0.005205759759749712,0.012427696032103263,0.059719083233319294,-0.017304248086388457,0.038922617848128026,0.09897090878691184,0.00828717650278028,2026-06-11
256940,킵스파마,2026-06-11,18.0,0.0,18.0,158.0,-0.23214285727997452,0.5,1.2668267092269185,-0.05366243422484729,2.5871858577284246,3.800350132730496,963,1265.0,-12.63,-499.0,2.04,제약,0.64,-3.91,186.14,46.23,0.0,0.3510029605224728,-0.16052108215134245,0.04228882887901809,-0.008130151194211241,-0.1065571150758123,0.11808344098012492,0.007268898330444529,2026-06-11
291230,엔피,2026-06-11,-48.0,-10.0,-58.0,0.0,5.0,0.5,-0.046159364533668985,1.8702581698523046,-0.29580394540498745,1.528294859913648,964,249.0,-6.41,-88.0,0.95,일반서비스,-22.1,-15.67,72.17,-9.46,0.0,0.13431320811434078,-0.08540759578379377,-0.015475401924977884,-0.019181534623269197,0.010518077396009667,0.024766753178309592,0.006759309967246569,2026-06-11
078130,국일제지,2026-06-11,-42.0,111.0,69.0,586.0,-0.3625498008391401,0.9,0.3637367754874686,-1.011302489111552,1.4137962832551034,0.7662305696310199,965,4014.0,-222.5,-16.0,3.35,종이·목재,-0.84,-2.05,11.29,-10.47,0.0,0.06163384843675032,-0.26605943986766856,0.05245436418320057,-0.019381963735557728,0.12855206460233,-0.04280112638094538,0.0062385431686186495,2026-06-11
347890,엠엑스온,2026-06-11,-5.0,0.0,-5.0,-42.0,-0.7881355932652255,0.4,-0.27258659680123887,-0.9643620898662707,-2.330300805468714,-3.5672494921362237,966,830.0,48.42,101.0,1.07,의료·정밀기기,2.41,0.0,65.33,297.66,-55.97,-0.35165747105027173,0.15146137434686657,0.07216097886053545,0.032961538983028234,0.005601607717339625,-0.08947197114250184,0.004818496652149579,2026-06-11
070300,엑스큐어,2026-06-11,-568.0,11.0,-557.0,-777.0,0.7974401779245321,0.4,-2.921313051116867,1.5189142245229736,-1.080123333067989,-2.4825221596618823,967,607.0,131.54,13.0,1.25,IT 서비스,29.94,0.0,95.35,-44.17,0.0,-0.24820519155850157,0.08531887535264389,0.050830438761796826,-0.026069548967363316,-0.01745043206788169,-0.15557585847930588,0.002665936582872827,2026-06-11
0004Y0,디비금융제14호스팩,2026-06-11,-1.0,60.0,59.0,34.0,3.545454535123967,0.5,2.463420901154618,1.1513982528227686,1.90013837015987,5.514957524137257,968,107.0,-91.36,-22.0,1.04,금융,0.5,0.0,242.87,0.0,0.0,0.514527966082949,-0.08257729657903477,-0.12107726715955013,-0.017304248086388457,-0.12895457016144368,0.16461458409653196,0.0025863869064324183,2026-06-11
250000,보라티알,2026-06-11,2.0,0.0,2.0,-19.0,-0.6502732241583804,0.4,-0.6890582942594031,-0.6519267622446301,0.0645497161867908,-1.2764353403172426,969,414.0,180.59,34.0,0.45,유통,-0.49,0.38,179.58,12.4,-30.78,-0.1331786526387467,0.13408167166953122,0.042930746372075244,-0.01968477239085021,-0.04612431044355449,-0.02197531743154494,0.0015684495352351231,2026-06-11
475240,하나32호스팩,2026-06-11,1.0,2.0,3.0,-2.0,-0.8000000004,0.1,0.6278111196232945,-0.4354851588713365,0.37047924564100826,0.5628052063929663,970,66.0,59.29,35.0,1.06,금융,0.73,0.0,14.83,0.0,0.0,0.042232827642507735,0.20058870082820257,-0.12107726715955013,-0.017304248086388457,0.03901709933998784,0.14345711256475957,0.0001189679167253252,2026-06-11
090710,휴림로봇,2026-06-11,-21310.0,53483.0,32173.0,52830.0,2.5706245419919225,0.9,2.47921767029573,3.28108549597596,2.0563965350076314,7.816699701279322,971,13785.0,-77.97,-148.0,10.81,기계·장비,10.33,-13.27,30.72,-40.71,0.0,0.6000000000000001,-0.28092675592998045,-0.1106826561606703,-0.025382930424275855,0.0645739053980504,0.24758156288312388,-0.0014250922363522045,2026-06-11
126700,하이비젼시스템,2026-06-11,-142.0,-165.0,-307.0,-1096.0,-0.45545796739133104,0.2,0.7824339033739612,-0.6608244442705925,-0.449223478695435,-0.32761401959206626,972,1723.0,-10.1,-1142.0,0.6,의료·정밀기기,3.97,-9.5,22.02,22.57,0.0,-0.04268795924439241,-0.011586576635640417,0.0050851012580667,-0.012825351983069406,0.04287405984520365,-0.019140726759831875,-0.0014267350209339709,2026-06-11
039240,경남스틸,2026-06-11,10.0,0.0,10.0,450.0,0.7663817660043346,0.6,1.8698767551630033,0.6272759389493792,1.3542925239864918,3.851445218098874,973,575.0,0.0,0.0,0.0,금속,0.47,0.0,0.0,0.0,0.0,0.3558759851932238,-0.35720888666395334,0.027256342767758287,-0.017304248086388457,0.06386125355334775,0.07248044676398802,-0.0015868053940661687,2026-06-11
377460,큐에이드,2026-06-11,,,0.0,0.0,-1.0,0.0,0.0,0.0,0.0,0.0,974,2532.0,-0.14,-29746.0,0.33,일반서비스,0.0,-42.18,200.94,-20.68,0.0,-0.011442856345630146,0.2027297583275622,-0.14268700381052085,-0.021408083771662624,-0.04016299055492951,-0.01297117615518091,-0.0041154230921164854,2026-06-11
078600,대주전자재료,2026-06-11,3799.0,-8160.0,-4361.0,18214.0,-0.24762668481169703,0.5,0.5772400491646568,-0.30249793053011875,-0.27744536218816007,-0.002703243553622059,975,18301.0,87.72,1335.0,6.99,전기·전자,1.83,4.15,162.96,68.26,93.02,-0.01170066925332716,0.008683607037286966,0.07451979285800618,0.010872253193993155,-0.04670523863838574,0.035669745197573405,-0.004533472214447021,2026-06-11
241690,유니테크노,2026-06-11,1.0,5.0,6.0,13.0,-0.34178743973276793,0.5,0.6541928926450075,-0.4728128833225044,2.13381152380331,2.3151915331258133,976,683.0,-21.3,-131.0,0.5,운송장비·부품,0.9,-1.99,76.68,13.18,35.95,0.20936087413248697,-0.16734129595488592,-0.01871604685961855,-0.009034344801058034,0.024513530970349556,0.03878271748727402,-0.006547353097580359,2026-06-11
481890,엔에이치스팩31호,2026-06-11,0.0,2.0,2.0,-7.0,-0.8550724639781558,0.1,1.066111410467088,-0.5446829453400623,-0.08345760831382014,0.4379708568132054,977,132.0,56.08,37.0,1.04,금융,0.0,0.0,18.72,0.0,0.0,0.030327164683467068,0.20328289154152504,-0.12107726715955013,-0.017304248086388457,0.03615176959801025,0.13138031057706379,-0.006949188945732834,2026-06-11
025770,한국정보통신,2026-06-11,-39.0,1.0,-38.0,381.0,-0.5923840171791748,0.5,0.4539493378901316,-0.9319028613348251,-0.7299882143665508,-1.2079417378112445,978,2805.0,7.66,978.0,0.78,통신,-0.27,11.45,72.03,12.35,8.57,-0.12664630197539106,0.06096087411465384,0.10951403203186967,-0.013505522384718175,-0.010200175669591655,0.02012290611682262,-0.007145390865892418,2026-06-11
200710,에이디테크놀로지,2026-06-11,-2182.0,2505.0,323.0,2368.0,-0.6548364648597436,0.6,0.4284984082704,-1.0716392861963613,0.7175948649242126,0.07445398699825134,979,5035.0,139.55,268.0,3.58,전기·전자,7.78,4.41,129.53,10.39,0.0,-0.004342053736876932,0.02527085613149919,0.07619733192998064,-0.015242408010469761,-0.022141663039009107,0.05974206327512403,-0.007384779600361369,2026-06-11
043100,알파AI,2026-06-11,,,0.0,0.0,-1.0,0.0,0.0,0.0,0.0,0.0,980,105.0,-1.52,-343.0,0.34,의료·정밀기기,0.0,-25.15,160.51,-21.36,0.0,-0.011442856345630146,0.2081112228195213,-0.10541358131863181,-0.021543026144292533,-0.07631000607924542,-0.006598247068278593,-0.008281670032937213,2026-06-11
474930,신한제13호스팩,2026-06-11,0.0,0.0,0.0,-1.0,0.11111107407407528,0.1,-1.5459298048355312,0.7235705345943736,-1.2070253681599679,-2.0293846384011256,981,75.0,79.81,26.0,1.13,금융,0.0,1.99,8.0,0.0,0.0,-0.20498870010092635,0.19156556179470888,-0.04900854311931838,-0.017304248086388457,0.04404799963245748,-0.035687929879466826,-0.00880088173746295,2026-06-11
194700,노바렉스,2026-06-11,-416.0,584.0,168.0,-66.0,-0.596730245242596,0.4,-0.6612927949011543,-0.488958703379234,-0.6978226399213578,-1.8480741382017463,982,2685.0,7.79,1888.0,1.03,음식료·담배,1.31,15.0,41.2,35.78,85.65,-0.1876968111811249,-0.043776286944617514,0.15791402602356056,0.003267578601540229,0.05789712149218014,-0.01239437200846151,-0.009284929690080858,2026-06-11
025950,동신건설,2026-06-11,46.0,0.0,46.0,209.0,-0.26235212263138086,0.9,0.5922759065266789,-0.34011516914455,2.593354719487059,2.845515456869188,983,979.0,0.0,0.0,0.0,건설,1.39,0.0,0.0,0.0,0.0,0.2599387632828644,-0.405351508408394,0.03467942784268388,-0.017304248086388457,0.05185182999441068,-0.07618573537482348,-0.00930082221844519,2026-06-11
146320,비씨엔씨,2026-06-11,213.0,0.0,213.0,89.0,-0.32541366146264683,0.4,0.7362571429583741,-0.5104751349009603,0.2302830773268296,0.4560650853842434,984,1723.0,149.56,90.0,2.18,전기·전자,8.99,3.4,128.04,19.51,0.0,0.03205284185161685,0.048469096124042835,0.06968073784269518,-0.013432592659903977,-0.021046846178612116,0.11572323697983876,-0.010313029939035628,2026-06-11
247540,에코프로비엠,2026-06-11,-30.0,-17480.0,-17510.0,-109980.0,-0.6746825989545516,0.3,-1.0710277803838497,-0.8573876842414744,-1.2472190511468744,-3.175634515772199,985,160735.0,407.69,403.0,9.29,전기·전자,-0.12,3.29,147.34,-3.88,822.59,-0.31430848870688416,0.0016849479746170626,0.06897100977378291,0.11130701132301114,-0.03522803101462676,-0.16757355065009985,-0.0126071383263517,2026-06-11
169330,엠브레인,2026-06-11,-3.0,0.0,-3.0,-13.0,-0.8015873018235072,0.2,0.46329612975508416,-0.6027414846736697,-1.2353645664124429,-1.3748099213310283,986,314.0,-37.28,-46.0,1.17,일반서비스,2.69,1.37,59.98,8.35,368.63,-0.14256080273789584,-0.11424516389584839,0.0662932022292904,0.042332804582315274,0.015315795950967723,-0.1328641638711708,-0.01418632801122676,2026-06-11
217730,강스템바이오텍,2026-06-11,-270.0,-30.0,-300.0,-363.0,-0.2699790963529517,0.7,-0.3129988145819883,0.039366732028388585,1.6624828690632045,1.3888507865096047,987,2535.0,-19.25,-140.0,3.69,제약,9.11,0.0,19.6,-15.65,0.0,0.12101419109560325,-0.19473304562968077,0.0697583232747527,-0.020409907103532594,0.0513191094500305,0.026948671087173092,-0.014953697258727045,2026-06-11
144960,뉴파워프라즈마,2026-06-11,-430.0,95.0,-335.0,1234.0,-0.5434343434380329,0.5,-0.3531119987633489,-0.4536786289089298,-0.632455432033688,-1.4392460597059666,988,3640.0,42.72,195.0,1.18,기계·장비,5.04,5.96,128.82,37.31,293.09,-0.14870618618769674,0.10870187335081204,0.08931335342493892,0.036198438821633906,-0.07031139374969331,0.015196085659994807,-0.01503954290844141,2026-06-11
356890,싸이버원,2026-06-11,-19.0,0.0,-19.0,176.0,-0.8060762766770474,0.7,0.7426398246901944,-0.5361368238765029,0.9132323248125916,1.1197353256262832,989,308.0,-25.5,-101.0,0.77,IT 서비스,0.19,-2.25,10.99,1.23,0.0,0.09534819463605848,-0.11189381936722162,0.034609088212540766,-0.017060161147660836,0.06650686546492099,0.06751016779863778,-0.015491388980137473,2026-06-11
039030,이오테크닉스,2026-06-11,19436.0,-19070.0,366.0,-122.0,-0.818839085673692,0.4,-0.251305949196634,-1.079752895072361,-0.7299882451097902,-2.061047089378785,990,62091.0,108.53,4644.0,9.03,기계·장비,15.07,11.28,13.66,35.69,105.75,-0.20800840157785286,-0.005515153169262249,0.1446424626810721,0.006411150907229624,0.08803102266064478,0.02556108150183139,-0.015788480713447114,2026-06-11
101160,월덱스,2026-06-11,229.0,-890.0,-661.0,-1046.0,-0.4600023632377407,0.5,-1.417593247814443,-1.1179366256158416,-1.1832158566199316,-3.7187457300502165,991,4243.0,10.35,2482.0,1.22,전기·전자,2.59,13.69,25.34,-6.76,-3.27,-0.3661059233731976,0.11945913103231132,0.1360725726527619,-0.019160056598435348,0.054414691782978676,-0.07531958450358103,-0.016291324197722015,2026-06-11
046210,HLB파나진,2026-06-11,-1.0,0.0,-1.0,2.0,-0.46540880528361217,0.4,0.8781193509346609,-0.6441609794259529,0.0,0.23395837150870802,992,650.0,-20.39,-70.0,0.9,제약,0.85,-4.75,11.48,-11.57,0.0,0.010870149065184256,-0.06360792015270389,0.036387454123924204,-0.019600252867753166,0.059016689269592415,0.02306611943824382,-0.017107928268818982,2026-06-11
083790,CG인바이츠,2026-06-11,-16.0,0.0,-16.0,111.0,-0.8202898551037177,0.4,1.006704605058978,-1.4259451093923552,-0.34156499053199013,-0.7608054948653673,993,647.0,-22.13,-38.0,0.74,일반서비스,-5.82,-3.32,92.18,74.43,0.0,-0.08400216257621068,-0.041885541206816944,0.043787641578849186,-0.0025340116233828276,0.002642577126550218,-0.08199149670101107,-0.01824392916831415,2026-06-11
112040,위메이드,2026-06-11,441.0,580.0,1021.0,1322.0,-0.30165371589009293,0.8,0.6822828910105706,-0.5603640710227915,2.0185567319305857,2.1404755519183647,994,6073.0,-32.65,-548.0,1.48,IT 서비스,6.17,6.4,121.4,8.1,0.0,0.1926979156373581,-0.2036874165979711,0.09697116921301409,-0.01569684629476753,-0.04337607930270282,0.026908742654930748,-0.018735911461902705,2026-06-11
014950,삼익제약,2026-06-11,40.0,4.0,44.0,69.0,-0.5833333333875867,0.7,-0.9158723411134274,-0.8730479735278278,1.5722821754340184,-0.21663813920723696,995,569.0,-69.39,-82.0,0.76,제약,-1.9,0.0,23.85,10.39,-8.46,-0.032104001921008395,-0.031661476169773176,0.0697583232747527,-0.016573040720646113,0.047290203756294266,0.0367100082196193,-0.020150315839890194,2026-06-11
086040,바이오톡스텍,2026-06-11,8.0,1.0,9.0,4.0,-0.0944123319300123,0.5,0.44160623543758964,0.04823143940616829,-1.3031674152805393,-0.8133297404367813,996,374.0,32.12,73.0,0.9,일반서비스,-2.29,2.0,344.69,5.51,0.0,-0.08901148867160232,0.19968695183122137,0.06931633724203623,-0.016210817978754965,-0.09673986030679335,0.067041122116107,-0.020249413308512917,2026-06-11
285800,진영,2026-06-11,-204.0,0.0,-204.0,-141.0,0.6152716589687359,0.9,-1.3795898842882637,1.0055016030829247,1.3835186781043092,1.0094303968989702,997,189.0,-6.83,-158.0,0.54,화학,-1.19,-6.9,93.93,15.8,0.0,0.084828227106534,-0.10623530963612854,-0.02529445354277724,-0.01416882236939949,-0.015915906017583595,-0.07678626445935487,-0.020386453213956626,2026-06-11
148250,알엔투테크놀로지,2026-06-11,-54.0,0.0,-54.0,-37.0,-0.6527131783268794,0.4,0.6340623131778824,-0.5056886394681078,1.799928517750356,1.9283021914601304,998,376.0,-6.43,-429.0,0.66,전기·전자,8.24,-14.86,94.83,3.42,0.0,0.1724625835592365,-0.08340188552096879,-0.048134121596742935,-0.01662556732992629,0.0033550786091622767,0.027656087720760756,-0.02042531877993068,2026-06-11
014470,부방,2026-06-11,-39.0,0.0,-39.0,113.0,-0.6442255063236815,0.6,0.7858434525373355,-1.0817206193005413,0.21251183667097803,-0.08336533009222782,999,702.0,29.97,39.0,0.36,,2.9,1.74,42.82,-4.8,-12.58,-0.019393548810391868,0.0,0.0,-0.02023543017575151,0.0,-0.03962897898614338,-0.023733198405055576,2026-06-11
033200,모아텍,2026-06-11,36.0,0.0,36.0,16.0,0.36842105119113566,0.3,0.277829935347384,1.6785428696784175,-1.2239134719948397,0.7324593330309619,1000,275.0,-21.67,-138.0,0.39,전기·전자,-2.13,-2.11,12.29,32.41,0.0,0.05841302850999278,0.052998804348111446,0.03412981366354381,-0.010872656473248428,0.06400352401665696,0.19867251406505657,-0.02381391700738443,2026-06-11
188040,바이오포트,2026-06-11,22.0,0.0,22.0,38.0,-0.7682709448034926,0.7,-0.18216111626998194,-0.7382413621581745,1.9670680513409207,1.0466655729127643,1001,230.0,-15.67,-313.0,0.56,음식료·담배,10.35,0.0,46.7,26.78,0.0,0.08837940879116754,-0.22836289228250098,0.007835357169743061,-0.011989899940757788,0.05160333419685469,-0.09253469206549345,-0.024525997793016438,2026-06-11
230240,에치에프알,2026-06-11,-844.0,-172.0,-1016.0,-1269.0,-0.2521406174659966,0.6,-0.10752963412895032,-0.767175413227214,1.3922862811383285,0.5175812337821641,1002,3261.0,-1065.22,-23.0,2.23,전기·전자,6.29,-5.92,74.71,-39.34,0.0,0.03791974092089926,-0.2221132995831476,0.009547414185764005,-0.025111061232359722,0.018138780106603438,-0.18161842560224065,-0.025263095443008893,2026-06-11
290090,트윔,2026-06-11,-2.0,0.0,-2.0,1.0,-0.6666666675,0.4,-0.5834780618885248,-0.9860194328882259,-0.9698877479540366,-2.5393852427307877,1003,366.0,-12.98,-379.0,0.55,IT 서비스,-0.71,-3.93,10.79,-6.17,0.0,-0.2536283199210823,-0.03535605942270941,0.022497146469096233,-0.018528651673339214,0.066705910741196,-0.21830997380683873,-0.025818953588374348,2026-06-11
200350,아티스트스튜디오,2026-06-11,17.0,0.0,17.0,-40.0,-0.5035460994228158,0.4,1.258042999783054,-0.6434051383539442,2.088429421707493,2.703067283136603,1004,301.0,-6.41,-470.0,0.61,오락·문화,1.86,-8.81,12.23,-42.48,0.0,0.24635324013719015,-0.09573346046554383,-0.020642929983380416,-0.025734177482444873,0.08162733048926007,0.18587000269508108,-0.02597848513883267,2026-06-11
222420,쎄노텍,2026-06-11,22.0,0.0,22.0,149.0,-0.7981497056519639,0.8,1.4466439587943762,-1.1352070703721333,2.114853804829162,2.426290693251405,1005,571.0,0.0,0.0,0.0,비금속,5.08,0.0,0.0,0.0,0.0,0.219956588853159,-0.3182834289819232,0.04840551017281858,-0.017304248086388457,0.10632328215054765,0.039097704108213574,-0.026760618041019084,2026-06-11
059100,아이컴포넌트,2026-06-11,-5.0,0.0,-5.0,68.0,0.2976190471556124,0.3,1.5838265907877553,0.4226209724356245,1.3228754805323186,3.3293230437556987,1006,339.0,0.0,0.0,0.0,전기·전자,0.0,0.0,0.0,0.0,0.0,0.3060803107486706,-0.4104604285626079,0.04774368843995205,-0.017304248086388457,0.07303392617389115,-0.0009067512864825572,-0.02761493392735222,2026-06-11
219420,링크제니시스,2026-06-11,1.0,0.0,1.0,-217.0,-0.7262647262931811,0.3,-1.0684197009041454,-1.0540921969264987,-1.4929658622684692,-3.615477760099113,1007,504.0,17.99,244.0,1.07,IT 서비스,5.53,9.76,11.55,28.48,0.0,-0.3562570824985421,0.11803795213512587,0.12119505269990315,-0.011652544009183025,0.06594953869135094,-0.06272708298134518,-0.029152610485925864,2026-06-11
451760,컨텍,2026-06-11,190.0,-494.0,-304.0,804.0,-0.4034138921851713,0.6,0.5957574116017871,-0.10006208851959729,0.599144635669129,1.0948399587513187,1008,2153.0,-27.4,-485.0,2.35,IT 서비스,0.61,-2.5,39.28,-2.99,0.0,0.09297388141014933,-0.2405423945931039,0.03280671592929009,-0.017897597636628775,0.03835191113581965,-0.09430748375447359,-0.02982198596903526,2026-06-11
368970,오에스피,2026-06-11,6.0,0.0,6.0,0.0,-0.5488721807903217,0.4,0.5770385514519526,-0.5269433754007156,1.7821273785594476,1.8322225546106847,1009,138.0,-4.3,-705.0,0.44,음식료·담배,3.95,-10.09,50.42,12.06,0.0,0.163299306164775,-0.15730504083321276,-0.09311756074592484,-0.014911005418863966,0.04734644533528912,-0.054687855497937435,-0.030478696690848572,2026-06-11
061250,화일약품,2026-06-11,2.0,0.0,2.0,34.0,-0.6846846847557017,0.6,0.8904967424098171,-1.1890385704000925,0.8705984978568384,0.572056669866563,1010,648.0,0.0,0.0,0.0,제약,-0.65,0.0,0.0,0.0,0.0,0.043115155354113616,-0.3931126709480749,0.0697583232747527,-0.017304248086388457,0.0698994745317317,-0.22764396587386534,-0.032433994893141596,2026-06-11
277810,레인보우로보틱스,2026-06-11,5132.0,-17066.0,-11934.0,-33210.0,-0.5411372063866435,0.2,0.40953252953574903,-0.43104594424716586,-1.446405890745417,-1.4679193054568338,1011,117369.0,8287.67,73.0,87.69,기계·장비,1.17,0.94,5.69,116.56,0.0,-0.15144080210872138,-0.022855901643056547,0.037104306720843326,0.005826462139702314,0.09898959385542068,-0.03237634103581159,-0.0334759689913083,2026-06-11
064480,브리지텍,2026-06-11,35.0,0.0,35.0,43.0,-0.23717948732618344,0.7,-0.13617093705943709,-0.6174615053361796,2.700308186836679,1.9466757444410625,1012,366.0,-13.27,-231.0,0.77,IT 서비스,1.16,-5.68,44.97,-18.64,0.0,0.1742149003685718,-0.11189381936722162,0.009880540486341518,-0.021003256653772912,0.032689073025795386,0.08388743785971417,-0.03368536950669868,2026-06-11
007390,네이처셀,2026-06-11,4199.0,-2926.0,1273.0,-3655.0,-0.6327204468881898,0.7,-0.8743661851459643,-0.9350477526721453,2.1539455108673393,0.34453157304922977,1013,20748.0,-731.82,-44.0,32.92,제약,4.55,-4.33,37.5,-0.44,0.0,0.021415702226435008,-0.23229024605389625,0.03933814150147115,-0.017391563739266633,0.03435030664582378,-0.15457765941943297,-0.034303684674156926,2026-06-11
208350,지란지교시큐리티,2026-06-11,-20.0,14.0,-6.0,-31.0,-0.8371335505416503,0.2,-1.3846818146904363,-1.2636429804374618,-2.005943456650057,-4.654268251777955,1014,231.0,13.57,210.0,0.45,IT 서비스,3.83,3.29,30.68,-2.3,0.0,-0.4553282878247846,0.31261703321760326,0.0745496580093757,-0.017760670817342547,0.046910858015645436,-0.03901140939950278,-0.03523469201404996,2026-06-11
043910,자연과환경,2026-06-11,-7.0,0.0,-7.0,-3.0,-0.5406360425651463,0.5,0.6510680024787033,-0.6112027874349983,1.0771600897659022,1.1170253048096073,1015,338.0,-5.12,-582.0,0.41,비금속,0.0,-7.34,50.05,-27.01,-46.23,0.09508973536932666,0.02773745411065547,-0.19696496266453525,-0.029935532853986018,0.03774573799174318,-0.06632756804679596,-0.036023443568538385,2026-06-11
019990,에너토크,2026-06-11,22.0,0.0,22.0,85.0,-0.7469175859995512,0.7,1.1863804512084533,-0.7804989116310159,1.8551728604125883,2.2610543999900257,1016,583.0,-14.1,-424.0,1.51,기계·장비,1.18,-9.94,22.82,28.81,0.0,0.2041977242234022,-0.1955620666568905,-0.0760499618330531,-0.011587057269524395,0.07543622816326115,-0.0035651333728046325,-0.03667234980853966,2026-06-11
094850,참좋은여행,2026-06-11,20.0,0.0,20.0,117.0,-0.05263157919667594,0.7,1.151508322777278,0.049433310662604917,1.9612539181359427,3.1621955515758255,1017,602.0,0.0,0.0,0.0,일반서비스,0.0,0.0,0.0,0.0,0.0,0.29014107928087696,-0.3844662850913059,0.059719083233319294,-0.017304248086388457,0.038922617848128026,-0.012987752815370103,-0.036834046150368394,2026-06-11
459550,알트,2026-06-11,-81.0,183.0,102.0,-2792.0,0.2357549857109773,0.3,-1.8968742577665991,-0.46620075228397223,-0.9660917364126307,-3.329166746463202,1018,454.0,8.45,213.0,0.92,전기·전자,-5.36,0.0,16.65,-57.79,0.0,-0.32895111710291597,0.16002599641447598,0.04774368843995205,-0.02877236531327406,0.060799898841267144,-0.08915389872049485,-0.036899061346613624,2026-06-11
230980,비유테크놀러지,2026-06-04,0.0,0.0,0.0,-2.0,-1.0,0.1,-0.6085313357044084,-0.7685813512394268,1.366259822128004,-0.010852864815831254,1019,,,,,,,0.0,0.0,0.0,0.0,-0.01247791241050563,0.0,0.0,-0.017304248086388457,0.0,-0.029782160496894087,-0.037048656225709076,2026-06-11
101400,엔시트론,2026-06-11,-62.0,1.0,-61.0,-87.0,0.7874396126630727,0.2,-0.7257998769964075,-0.11140334938519024,-0.9698877479540379,-1.8070909743356356,1020,240.0,-18.38,-111.0,0.65,전기·전자,7.54,-4.81,22.7,-5.77,0.0,-0.1837881775588278,-0.0803707590794337,0.016709215608424265,-0.018449273807086327,0.05635450152220555,-0.20954449331471803,-0.03711775820127943,2026-06-11
209640,와이제이링크,2026-06-11,-439.0,0.0,-439.0,705.0,-0.7391999086936666,0.8,0.2538278386172822,-0.6812018668817111,1.4230248345757803,0.9956508063113514,1021,1553.0,-50.09,-109.0,2.08,기계·장비,5.2,1.74,59.26,94.18,0.0,0.08351404425700557,-0.2227535268457862,0.04542447352627689,0.0013852705228533824,0.025332045686770013,-0.06709769285288035,-0.03921477745159192,2026-06-11
347700,스피어,2026-06-11,-8916.0,9066.0,150.0,-5836.0,-0.8979018448146867,0.4,-0.07487020571333294,-0.8954064594444492,1.3542924181725626,0.3840157530147805,1022,19843.0,7700.0,5.0,25.94,IT 서비스,29.85,46.87,399.35,106.24,-83.51,0.025181375220017593,-0.028876859337836597,0.3887391944256332,-0.009356373053927934,-0.30000000000000004,0.07568733725388621,-0.03926964385639738,2026-06-11
313760,캐리,2026-06-11,,,0.0,0.0,-1.0,0.0,0.0,0.0,0.0,0.0,1023,52.0,-0.59,-791.0,0.24,전기·전자,0.0,-38.25,183.58,-75.91,0.0,-0.011442856345630146,0.2613887472036508,-0.19904811734090821,-0.03236818265452976,-0.06185632834401381,-0.04332673748143113,-0.039412477202907505,2026-06-11
282720,금양그린파워,2026-06-11,-84.0,-3.0,-87.0,-633.0,1.2112573096990582,0.4,-0.8114960068414754,2.1631241078329997,-2.0412412023193465,-0.6896131013278222,1024,951.0,3925.0,2.0,0.99,건설,-0.76,-0.64,91.68,55.52,0.0,-0.07721242364971559,-0.0037503736617251313,0.029632689602137385,-0.00628660025048798,0.01866980244557413,-0.03894690551421719,-0.04007094006169609,2026-06-11
356860,티엘비,2026-06-11,-2037.0,-1395.0,-3432.0,-3441.0,-0.24534344711717482,0.7,-2.585499327935085,0.3966307574234438,-1.9001382412125265,-4.089006811724167,1025,10432.0,54.78,1937.0,8.18,전기·전자,9.95,21.81,97.19,43.11,472.08,-0.40141834868001053,0.007810691733690883,0.1884634082851955,0.0655018940991406,0.0016210062665200737,-0.13802134829546348,-0.04112885482260804,2026-06-11
391710,코닉오토메이션,2026-06-11,24.0,0.0,24.0,-143.0,-0.5157384989066008,0.3,-0.7480942583706605,-0.5064506076866364,-0.8486517794597835,-2.1031966455170803,1026,679.0,63.68,25.0,2.56,기계·장비,2.71,3.92,50.21,102.98,-97.53,-0.2120282760030012,0.03817303235002251,0.06809692807108333,-0.01220844103228995,0.0377755926519798,-0.0801911639622055,-0.04145222215159179,2026-06-11
079370,제우스,2026-06-11,9541.0,-12045.0,-2504.0,-2439.0,1.1235324144565428,0.6,-1.3315237660457133,2.337688285515617,1.0327954256553282,2.0389599451252316,1027,3582.0,-61.44,-188.0,1.06,기계·장비,9.27,-3.32,59.1,-32.7,0.0,0.1830162005995486,-0.15343825544072637,-0.007200581518090385,-0.02379338865256183,0.025552042097204655,0.02413601708537467,-0.04207919601197236,2026-06-11
102120,어보브반도체,2026-06-11,-154.0,-1.0,-155.0,-1375.0,-0.5346166033008403,0.2,-0.10069096820393472,-0.9272132848926014,-1.3101744513293245,-2.3380787044258606,1028,1821.0,18.0,569.0,1.42,전기·전자,5.03,7.77,81.75,1.28,-24.09,-0.23442937504270694,0.09346445104847,0.09787629839857385,-0.020839239149384937,0.012965954135331775,-0.05096191060971625,-0.04323931828678804,2026-06-11
469480,IBKS제24호스팩,2026-06-11,-10.0,0.0,-10.0,9.0,-0.7003745320035349,0.5,-0.8260741202602999,-0.8342237028974707,-0.3185109982005236,-1.9788088213582944,1029,102.0,72.73,33.0,1.19,금융,-2.04,2.84,17.72,0.0,0.0,-0.2001651989282357,0.18594879235062986,-0.018225419785551065,-0.017304248086388457,0.0368883582206266,-0.012857716228918757,-0.043428338238855925,2026-06-11
299660,셀리드,2026-06-11,-9.0,0.0,-9.0,135.0,-0.2613636364475722,0.5,-0.19447905624733325,0.2516787738334065,-0.21251183667097825,-0.15531211908490503,1030,707.0,-3.9,-614.0,1.05,일반서비스,0.21,-26.74,48.6,0.0,0.0,-0.026255235706791627,-0.10001363677561365,-0.06859620286322611,-0.017304248086388457,0.019794716144193536,-0.19237460728782627,-0.04358989902783246,2026-06-11
039610,화성밸브,2026-06-11,58.0,0.0,58.0,139.0,0.4262820510534804,0.6,0.3627887006331022,1.570045776034867,-0.833410718875422,1.0994237577925472,1031,656.0,-33.33,-189.0,0.69,기계·장비,-1.1,-2.47,36.49,6.02,-20.2,0.09341104607388613,-0.07764252814130312,0.0016395957126827698,-0.01928677204391165,0.05664028484675088,0.054761626448105005,-0.044957326108040215,2026-06-11
189860,서전기전,2026-06-11,28.0,0.0,28.0,242.0,-0.8727422003362433,0.7,-0.3693981098754968,-2.0680809887663565,-0.11230586967385883,-2.5497849683157123,1032,451.0,41.47,112.0,1.43,전기·전자,-0.21,3.5,101.54,46.38,0.0,-0.25462015933144844,0.08441476931054868,0.07032594517806998,-0.00810038449436641,-0.0015752711447060278,-0.1095551004819022,-0.04523499035455077,2026-06-11
035620,바른손이앤에이,2026-06-11,3.0,4.0,7.0,36.0,-0.6250000001171875,0.6,-0.24791254565478643,-0.8010724475123635,0.49559459094125036,-0.5533904022258996,1033,190.0,-2.76,-370.0,0.32,오락·문화,-2.85,-11.91,74.62,-48.08,0.0,-0.06422063454408913,0.09884999148234613,-0.06213433492855627,-0.02684546760998527,-0.010954218426189434,-0.06530466402647397,-0.045521149939877874,2026-06-11
227100,프로브잇,2026-06-11,,,0.0,0.0,-1.0,0.0,0.0,0.0,0.0,0.0,1034,148.0,-0.38,-1596.0,3.85,,0.0,0.0,0.0,-90.06,0.0,-0.011442856345630146,0.0,0.0,-0.03517617467322558,0.0,-0.04661903101885572,-0.04695296872760423,2026-06-11
054620,APS,2026-06-11,42.0,0.0,42.0,-38.0,-0.40042826565301326,0.6,-0.700844381393632,0.4997362469887637,-0.5729699139942855,-0.7740780483991538,1035,773.0,-23.89,-176.0,0.36,금융,1.57,3.11,64.26,8.71,0.0,-0.08526798844473993,0.15999702129321702,-0.008447251197177914,-0.01557579504873188,0.0026075237240618587,0.053313510326629156,-0.04847346538421095,2026-06-11
033160,엠케이전자,2026-06-11,-15446.0,5261.0,-10185.0,-13160.0,1.5470807453289588,0.5,-1.3740019745580092,2.6687869689737824,-0.7100468780546999,0.5847381163610733,1036,6774.0,466.67,60.0,1.59,전기·전자,26.7,1.61,160.09,58.69,0.0,0.04432460634500679,0.06938791481535425,0.0581315265394863,-0.005657530660433866,-0.044596430323392895,0.12159008671602059,-0.05033886618273722,2026-06-11
265740,엔에프씨,2026-06-11,358.0,-18.0,340.0,176.0,0.3081166271624809,0.4,2.1745238294759575,1.326963731659333,1.570100939823055,5.071588500958345,1037,907.0,0.0,0.0,0.0,화학,-1.17,0.0,0.0,0.0,0.0,0.47224311280164494,-0.42904906714047025,0.036612036570004364,-0.017304248086388457,0.08077609066700714,0.14327792481179774,-0.05199854144212351,2026-06-11
365590,하이딥,2026-06-11,7.0,-8.0,-1.0,54.0,-0.4561403511634349,0.8,0.027818557929797882,-0.5599663090940123,1.7154847189128477,1.1833369677486334,1038,353.0,0.0,0.0,0.0,전기·전자,2.43,0.0,0.0,0.0,0.0,0.10141399076748632,-0.4104604285626079,0.04774368843995205,-0.017304248086388457,0.07303392617389115,-0.20557307126766683,-0.05253542808133978,2026-06-11
413390,엠오티,2026-06-11,-3.0,0.0,-3.0,-101.0,-0.6951524238338103,0.2,0.19609038177999907,-0.9553906564871697,-0.7245687498094817,-1.4838690245166524,1039,760.0,21.87,300.0,1.26,기계·장비,1.08,6.13,128.13,-30.5,-75.13,-0.15296195377937,0.10666970322604447,0.09108138887109356,-0.03517364673752667,-0.0693626592296939,-0.05974716764945254,-0.052757456484465615,2026-06-11
073490,LIG아큐버,2026-06-11,514.0,3.0,517.0,4126.0,-0.7254111529834479,0.7,0.5978951930269328,-1.3787587161276884,1.042063878697571,0.26120035559681554,1040,2574.0,-214.24,-158.0,1.54,전기·전자,4.15,1.75,42.92,19.99,0.0,0.01346826314180168,-0.1959865819208446,0.05903481680901101,-0.013337339220400516,0.04149732238312701,-0.09532351880730539,-0.05317949953065243,2026-06-11
067370,선바이오,2026-06-11,15.0,0.0,15.0,0.0,-0.48998178534245074,0.6,0.10133014960873404,-0.2685338995339904,1.6782926750232214,1.511088925097965,1041,708.0,-726.25,-8.0,2.62,제약,-3.01,-0.38,125.34,-29.36,0.0,0.13267224902335067,-0.17745849696428248,0.06708865374268642,-0.02313058346935024,-0.048920064210126936,-0.04974824187772256,-0.05340049023259817,2026-06-11
270660,에브리봇,2026-06-11,59.0,-2.0,57.0,597.0,0.19986850744248508,0.8,1.2044288661431422,0.3373814775894829,2.26923432262127,3.811044666353895,1042,1571.0,-12.19,-1016.0,2.52,전기·전자,-0.4,-20.12,69.91,99.26,0.0,0.3520229162738581,-0.22882378503747502,-0.08207202743745733,0.0023933694242650244,0.021665706905197746,0.06518618012838855,-0.05369908712953273,2026-06-11
291810,핀텔,2026-06-11,12.0,-43.0,-31.0,-413.0,0.509971509713395,0.3,-1.3507063154842445,-0.19775312657014157,-2.046477933505736,-3.5949373755601224,1043,145.0,213.17,6.0,0.7,IT 서비스,-22.48,0.32,9.97,-16.54,0.0,-0.35429811130036193,0.1771474919384669,0.053137475284357694,-0.020586522855945266,0.06752199637392357,-0.07707767055955901,-0.054817215036375155,2026-06-11
018700,바른손,2026-06-11,13.0,0.0,13.0,156.0,0.18541033398619744,1.0,0.7712723197499259,-0.11767132634490932,1.3501542757099718,2.0037552691149885,1044,156.0,-5.99,-223.0,0.55,유통,-6.31,-19.84,45.36,-34.09,0.0,0.17965867113293024,-0.16248107457533237,-0.09716613424021846,-0.02406922673779061,0.04276978652428582,-0.06128797789612537,-0.055536502890772665,2026-06-11
482520,교보16호스팩,2026-06-11,0.0,0.0,0.0,-144.0,-0.1995614037720741,0.3,-1.0779102430837466,-1.0988044997229924,-1.3662598221280051,-3.5429745649347444,1045,124.0,289.57,7.0,1.01,금융,-0.15,0.0,22.21,0.0,0.0,-0.3493423302049117,0.2030592289782699,-0.12107726715955013,-0.017304248086388457,0.03358107530507921,-0.2510835411675012,-0.05576175557842097,2026-06-11
357780,솔브레인,2026-06-11,36312.0,-42676.0,-6364.0,-7726.0,-0.3514616628253917,0.3,0.19069387058360632,-0.043537201761170166,-2.011478875864153,-1.864322207041717,1046,27614.0,34.93,10164.0,2.58,화학,4.87,7.89,29.48,25.94,24.0,-0.18924641697468403,0.0001623251864852515,0.10740076222070681,-0.008381748892012673,0.050429235963911904,-0.03963584249559272,-0.055800757051243294,2026-06-11
067990,도이치모터스,2026-06-11,15.0,20.0,35.0,-218.0,-0.679530580026211,0.2,0.8604434109333394,-1.5134767411230077,-0.12382230406558602,-0.7768556342552543,1047,1236.0,36.2,117.0,0.32,유통,0.83,0.99,356.32,10.24,31.55,-0.08553289150350424,0.20114823053948525,0.04715721012941942,-0.010309826955460706,-0.16317946390873175,-0.010716741698792026,-0.05590398261064185,2026-06-11
0041B0,교보18호스팩,2026-06-11,0.0,61.0,61.0,73.0,5.0,0.4,1.4988256813043395,3.100829414503225,1.0394060985313038,5.639061194338868,1048,102.0,0.0,0.0,0.0,금융,1.0,,,,,0.5263639429144402,-0.3445575598810667,0.0,0.0,0.010835218638686445,0.19264160167206,-0.056836804517233344,2026-06-11
489500,엘케이켐,2026-06-11,-16.0,0.0,-16.0,-448.0,-0.7988103568964519,0.3,-0.7241534479045733,-0.6015268251344242,-1.390340144325125,-2.7160204173641223,1049,1815.0,40.06,709.0,2.99,화학,7.58,9.02,10.83,79.6,130.7,-0.2704743151377444,-0.006823760104264048,0.1175390714710609,0.019049121673828044,0.06962763624249828,-0.07108224585462121,-0.056890987300429914,2026-06-11
142760,모아라이프플러스,2026-06-11,-10.0,0.0,-10.0,4.0,-0.775910364192736,0.6,0.8995381316298141,-0.7255693420885875,1.570100939823055,1.7440697293642815,1050,290.0,-2.02,-340.0,0.9,일반서비스,1.03,-37.66,35.62,-24.7,0.0,0.15489202219362475,-0.07688740520523214,-0.12099720975082055,-0.02220583132750412,0.024903361496396614,-0.04029506259353545,-0.057598059831110895,2026-06-11
019660,글로본,2026-06-11,20.0,0.0,20.0,2.0,-0.6615905247064684,0.3,0.18033718825111833,-0.5454923280762101,-0.9542373789347188,-1.3193925187598106,1051,262.0,39.15,48.0,1.96,유통,4.39,5.11,20.24,-14.68,0.0,-0.1372755513683853,0.023466190522671158,0.07570316206426858,-0.020217415777869348,0.059406798264951516,0.001083183705636613,-0.058021734342660905,2026-06-11
0068Y0,비엔케이제3호스팩,2026-06-11,0.0,4.0,4.0,14.0,-0.7807017546745152,0.6,-0.3044785729784493,-0.552864472583487,2.043736542426154,1.1863934968642178,1052,86.0,0.0,0.0,0.0,금융,0.2,,,,,0.10170549711647717,-0.3445575598810667,0.0,0.0,0.010835218638686445,-0.23201684412590307,-0.059240173251276264,2026-06-11
219130,타이거일렉,2026-06-11,-1066.0,189.0,-877.0,-3336.0,1.385431074161768,0.2,-2.254166485959371,2.0603561554421557,-0.9896753059901274,-1.183485636507343,1053,4704.0,1693.18,44.0,8.88,전기·전자,18.07,0.52,45.6,27.29,0.0,-0.12431388224959782,0.001833153365129414,0.051098766583901,-0.011888693161285359,0.03952812158724519,-0.04374253387460756,-0.059526354351846535,2026-06-11
032080,아즈텍WB,2026-06-11,1.0,0.0,1.0,-5.0,-0.4444444462962962,0.3,-0.8855495406003542,-0.08274618100682724,-1.1271069895184458,-2.0954027111256273,1054,239.0,-11.72,-95.0,0.22,섬유·의류,-1.07,-1.9,11.03,-4.65,0.0,-0.21128495530399577,0.057984303548209465,0.06477616262061624,-0.01822701578157825,0.0880738315118591,-0.01867767340488921,-0.059580854045014085,2026-06-11
475400,씨메스로보틱스,2026-06-11,141.0,52.0,193.0,312.0,-0.5346694310227597,0.6,2.010310816179862,-0.11092915158099088,2.1144292574735757,4.013810922072446,1055,2874.0,-16.99,-1439.0,4.85,기계·장비,1.66,-26.34,13.11,562.04,0.0,0.37136107686970676,-0.26389431922491224,-0.24661338134444108,0.09422959178554062,0.08878726032151386,0.043870228407407924,-0.05966220242805603,2026-06-11
356680,엑스게이트,2026-06-11,-529.0,-1.0,-530.0,3463.0,-0.8268315889634417,0.4,0.4013487700293304,-0.7686192321397964,-0.7888104821910906,-1.1560809443015567,1056,4644.0,116.21,140.0,10.45,IT 서비스,3.3,9.43,51.08,0.92,-15.05,-0.12170025042472997,-0.01818079865041165,0.11881592128601226,-0.019488821108445836,0.02660823983559358,-0.013945709061981622,-0.059825699480813115,2026-06-11
094360,칩스앤미디어,2026-06-11,103.0,0.0,103.0,286.0,-0.40706275354066823,0.3,0.35652157281773195,-0.6161495560291459,-1.1873343121587367,-1.4469622953701506,1057,2934.0,49.07,280.0,3.33,전기·전자,3.31,9.89,25.7,7.64,-11.12,-0.14944209662772837,0.031531734667844376,0.11155469390851958,-0.01753714215740764,0.05415017227308411,0.030257362064312045,-0.060265673230247854,2026-06-11
182360,큐브엔터,2026-06-11,-17.0,6.0,-11.0,198.0,-0.6541239072990357,0.6,-0.7750584806003621,-1.2857326440861097,-0.9036959391150958,-2.9644870638015677,1058,989.0,-18.65,-341.0,0.59,오락·문화,2.91,-2.39,59.81,-5.71,0.0,-0.2941709992555823,-0.08845506132780862,0.0652844312256612,-0.018437367127148396,0.011022584578103041,-0.32475641190677507,-0.06313338519578779,2026-06-11
463480,모티브링크,2026-06-11,-357.0,0.0,-357.0,-258.0,1.995780590175567,0.5,-1.091053982912493,3.1720828480283028,0.5673085806553173,2.6483374457711273,1059,695.0,-623.33,-9.0,1.89,전기·전자,9.57,-3.18,86.73,4.2,0.0,0.24113356302371958,-0.2116233453097162,0.02722609517503347,-0.01647078049073316,0.009306767581790174,0.04957229998009387,-0.06439548784802579,2026-06-11
073110,엘엠에스,2026-06-11,31.0,0.0,31.0,126.0,-0.2537313434692211,0.6,2.0026014582216893,-0.6813052452234503,1.018457050724055,2.3397532637222938,1060,575.0,-4.74,-1364.0,0.65,전기·전자,1.25,-9.36,116.0,51.7,0.0,0.2117033679024859,-0.0803707590794337,-0.012647718151129044,-0.007044658873203034,-0.01220013812547139,0.09944009367324874,-0.06513472392956712,2026-06-11
102370,케이옥션,2026-06-11,-11.0,0.0,-11.0,49.0,-0.5752123938667848,0.6,0.578299152872906,-1.1492787884400106,1.2601267036158448,0.6891470680487402,1061,720.0,-14.14,-187.0,0.65,유통,1.34,-4.02,86.53,-34.7,0.0,0.05428226457677329,-0.18142916774331078,0.012444778286314009,-0.024190277983826256,0.015502836947725057,-0.12338956591632469,-0.06561551667632994,2026-06-11
188260,세니젠,2026-06-11,-1.0,0.0,-1.0,-29.0,-0.6078431376393695,0.1,0.9003818777047702,-1.0504112083966701,0.5825751377308365,0.4325458070389365,1062,225.0,0.0,0.0,0.0,기타제조,11.96,0.0,0.0,0.0,0.0,0.029809768515137638,-0.3243536083273382,0.12012323713835288,-0.017304248086388457,0.09346514254187022,-0.09825970821836597,-0.06615337301631811,2026-06-11
340450,지씨지놈,2026-06-11,128.0,0.0,128.0,204.0,-0.6198954359352877,0.6,1.1860962661006156,-1.3139642276998584,1.1883670547466891,1.0604990931474463,1063,1230.0,-81.25,-64.0,3.07,일반서비스,2.36,-4.32,22.8,-5.15,0.0,0.08969873500230756,-0.19131328714467669,0.038989014574490714,-0.018326238114394353,0.029949034332701963,-0.05100274134957081,-0.06828518269567349,2026-06-11
462020,에이치엠씨제6호스팩,2026-05-18,-3.0,0.0,-3.0,101.0,0.1937557388814264,0.5,0.11044843565324222,-0.5624862699545095,-0.165683360190414,-0.6177211944916812,1064,,,,,,,,,,,-0.0703559709573661,0.0,0.0,0.0,0.0,-0.0703559709573661,-0.06947732894023326,2026-06-11
056730,CNT85,2026-06-11,0.0,0.0,0.0,-10.0,-0.5238095260770975,0.3,0.2724896768292352,-0.3035864720903524,1.1003684129729323,1.0692716177118151,1065,255.0,-95.56,-18.0,1.66,건설,-2.93,-1.88,25.89,33.62,0.0,0.09053538550046669,-0.2850039531078416,0.019854634261078558,-0.010632538427833451,0.04248138176972288,-0.14276509000440693,-0.06977595941714337,2026-06-11
025900,동화기업,2026-06-11,130.0,-94.0,36.0,232.0,-0.4618907425844673,0.6,0.894718326102466,-0.4625237599331071,2.0390132790275364,2.4712078451968953,1066,3883.0,-8.49,-905.0,0.43,종이·목재,1.99,-3.57,162.59,7.79,0.0,0.22424041356921876,-0.13211433007860082,0.024310829570258506,-0.015758364141113517,-0.1927696940722753,-0.09209114515251236,-0.07008137172336394,2026-06-11
107640,한중엔시에스,2026-06-11,8.0,-147.0,-139.0,-1704.0,-0.820439761304121,0.2,1.1508829305459902,-1.097086153637748,-0.258198856413832,-0.20440207950558986,1067,3803.0,94.48,444.0,4.07,전기·전자,1.94,6.36,154.87,65.33,0.0,-0.03093702822150246,0.021812114261066284,0.08877887496978921,-0.0043398580806359695,-0.04076089742992158,0.03455320549879549,-0.07068345252718264,2026-06-11
477470,미래에셋비전스팩5호,2026-06-11,0.0,12.0,12.0,-54.0,-0.4377510046934727,0.3,-0.8152848397789858,-0.3421231825238863,-0.4058396837802472,-1.5632477060831194,1068,113.0,73.39,28.0,1.08,금융,0.0,0.0,15.12,0.0,0.0,-0.1605324328345722,0.19734531481751136,-0.12107726715955013,-0.017304248086388457,0.038803488639429104,-0.06276514462357032,-0.07133301663797682,2026-06-11
033790,피노,2026-06-11,-1187.0,195.0,-992.0,7917.0,-0.748149120217792,0.8,-0.24604224315946813,-2.0970524516181555,1.2881222737353661,-1.0549724210422575,1069,7879.0,-77.8,-123.0,3.89,전기·전자,4.48,-6.36,107.37,340.31,0.0,-0.11205735963174022,-0.24699700027682941,0.006708501910114893,0.05022845607491002,-0.005859017652165368,-0.3079764195757101,-0.07243076392363447,2026-06-11
030960,양지사,2026-06-11,-128.0,-8.0,-136.0,-721.0,3.135285912663469,0.4,-2.573735773262434,2.532345876943328,-1.7748237599299,-1.816213656249006,1070,876.0,-54.8,-100.0,0.46,출판·매체복제,2.43,-0.85,9.42,-3.93,0.0,-0.1846582231553223,-0.03241307296984639,0.03751737245869278,-0.018084135622323055,0.04814500184591798,-0.149493057442881,-0.07369835198657282,2026-06-11
360070,탑머티리얼,2026-06-11,-47.0,11.0,-36.0,119.0,0.01567825473435347,0.6,0.4632655581859144,1.5594238087108319,1.6630854299891096,3.6857747968858563,1071,964.0,0.0,0.0,0.0,전기·전자,0.86,0.0,74.86,84.35,0.0,0.34007571704680106,-0.4104604285626079,0.04774368843995205,-0.0005654405403112756,0.01802856364414736,-0.005177899972018691,-0.07380092343467783,2026-06-11
407400,꿈비,2026-06-11,28.0,0.0,28.0,237.0,-0.5153813738497199,0.9,0.5666345483716334,-0.4265188496881298,1.587450702638759,1.7275664013222625,1072,346.0,-3.82,-619.0,0.71,기타제조,0.0,-20.23,83.16,164.48,0.0,0.153318071898436,-0.02450440303430115,-0.2578464467027212,0.01533593051679797,-0.016787080979108054,-0.13048392830089647,-0.07455775085755094,2026-06-11
089790,제이티,2026-06-11,-123.0,0.0,-123.0,-278.0,-0.6017122650510862,0.3,-0.7171195887238662,-0.4277816604049831,-1.5760675904253116,-2.720968839554161,1073,479.0,-185.6,-25.0,0.66,기계·장비,6.42,5.62,43.95,709.18,0.0,-0.2709462545275995,-0.06777232286643971,0.08577728253262965,0.12342873988666447,0.04638295221023541,-0.0831296027645097,-0.07471505971240289,2026-06-11
136480,하림,2026-06-11,-3275.0,0.0,-3275.0,-4440.0,1.5145396327024532,0.0,-1.5961586275394837,2.5971230018942912,-0.8359371483035062,0.16502722605130138,1074,3054.0,7.92,363.0,0.94,음식료·담배,3.6,12.71,155.08,1.7,67.82,0.004296069190861394,-0.030780200439074878,0.13500201591187774,-0.00629981054675694,-0.07241860526994012,0.0297994688469672,-0.07536100915742767,2026-06-11
215100,로보로보,2026-06-11,55.0,0.0,55.0,585.0,-0.42088651024752777,0.6,1.0477679399658097,-0.6130097771809556,1.3031674152805404,1.7379255780653944,1075,1021.0,-74.93,-67.0,3.42,전기·전자,-0.4,-7.51,7.14,-11.07,0.0,0.15430604409721016,-0.24240307955938983,-0.0007113824466952819,-0.01950103053493706,0.06778762256098211,-0.040521825882829904,-0.07598792749140135,2026-06-11
365900,브이씨,2026-06-11,1.0,0.0,1.0,5.0,-0.45833333401041676,0.4,0.6244098892493288,-1.0558810356373693,0.733799331859193,0.3023281854711525,1076,194.0,-6.49,-410.0,0.52,기타제조,0.19,-6.06,136.99,2.89,0.0,0.01739069380586953,0.03956593997703155,0.006900484588826993,-0.01673074300271136,-0.08815405058149216,-0.04102767521247545,-0.07646709050642699,2026-06-11
050760,에스폴리텍,2026-06-11,1.0,-7.0,-6.0,10.0,-0.516908212910453,0.6,-0.08740929519391684,-0.4959502460985943,0.0,-0.5833595412925111,1077,179.0,-2.04,-538.0,0.3,화학,3.1,-8.67,95.9,11.11,0.0,-0.06707884200141818,0.0614601488076854,-0.04117481404996904,-0.015099527851214569,-0.017943833553713092,-0.07983686864862949,-0.07808247239582577,2026-06-11
052710,아모텍,2026-06-11,-642.0,336.0,-306.0,-2602.0,-0.7819251215933201,0.3,-0.40981110654091557,-0.8445358251287598,-2.0630852366571144,-3.31743216832679,1078,4040.0,51.01,542.0,2.59,전기·전자,13.79,3.72,117.99,-27.45,-85.35,-0.3278319705480698,0.04248148405483697,0.07174540131589453,-0.03617584515250235,-0.013662343194055277,-0.2634432735238959,-0.07811657941109551,2026-06-11
0007J0,인벤테라,2026-06-11,73.0,1.0,74.0,1289.0,-0.6960711638363206,0.9,0.7010237700358317,-0.8378245497047884,1.807392088230141,1.6705913085611845,1079,849.0,0.0,0.0,0.0,일반서비스,1.89,,,,,0.14788426098215396,-0.3844662850913059,0.0,0.0,0.018027549916813577,-0.2185544741923384,-0.07880884090541015,2026-06-11
049550,잉크테크,2026-06-11,0.0,0.0,0.0,-29.0,-0.7306397309118118,0.1,-0.314062035998286,-1.7096218097602844,-1.9999998000000199,-4.02368364575859,1080,597.0,23.79,128.0,0.76,화학,-0.81,5.53,102.68,23.75,336.33,-0.39518836790931944,0.10877531161412328,0.08622694821111775,0.04030854078545135,-0.024923198373488723,-0.18480076567211576,-0.07971661355960502,2026-06-11
086820,바이오솔루션,2026-06-11,-373.0,-86.0,-459.0,-719.0,-0.006349206396523144,0.3,-0.7060747205788005,0.32733316987471156,-1.4333427057875097,-1.8120842564915987,1081,1841.0,645.45,11.0,5.36,제약,1.14,0.0,58.23,19.87,0.0,-0.1842643953194715,0.06475609361506003,0.0697583232747527,-0.01336115258027638,0.014698726638493887,-0.048412404371441266,-0.07984965867744016,2026-06-11
220100,퓨쳐켐,2026-06-11,61.0,-16.0,45.0,1056.0,-0.6213206046231985,0.9,0.057726548982976036,-0.9254607156197765,1.7016243367201849,0.8338901700833844,1082,2602.0,-23.11,-502.0,4.77,제약,1.4,-20.78,32.07,25.29,0.0,0.06808665891432264,-0.20431004809908873,-0.07623044745245071,-0.012285582492549785,0.03949782615570325,-0.18524159297406334,-0.08007078239005301,2026-06-11
007680,대원,2026-06-11,-6.0,8.0,2.0,-4.0,-0.49152542415972433,0.6,-1.2453727908679453,-1.1721016361624652,0.14564380034179417,-2.271830626688616,1083,508.0,-6.0,-629.0,0.18,건설,-5.74,-2.27,88.03,-20.79,-97.02,-0.22811118387273563,0.08699767981784247,0.01677927814574554,-0.036689721850521606,0.019990858298031083,-0.14103308946163814,-0.08141654584237432,2026-06-11
487830,신한제15호스팩,2026-06-11,0.0,35.0,35.0,22.0,3.333333318888889,0.3,2.5983897461085417,1.5979703323441434,1.3592233596178587,5.555583438070544,1084,88.0,-119.41,-17.0,1.06,금융,0.0,0.0,18.36,0.0,0.0,0.5184025281752013,-0.08500034747897958,-0.12107726715955013,-0.017304248086388457,0.03641694150215214,0.33143760695243524,-0.08146308052819051,2026-06-11
001000,신라섬유,2026-06-11,-130.0,-3.0,-133.0,-587.0,5.0,0.3,-2.4571828458289913,1.8819393815985266,-1.166091655501845,-1.7413351197323097,1085,334.0,-114.58,-12.0,2.32,,-11.86,-2.07,112.79,-2.86,6.49,-0.17751693054126969,0.0,0.0,-0.01685101894486674,0.0,-0.19436794948613642,-0.0822848785830714,2026-06-11
389470,인벤티지랩,2026-06-11,159.0,167.0,326.0,2996.0,0.16107976544151303,0.9,0.1170335797349996,0.5981364438822123,0.0834576083138209,0.7986276319310328,1086,5909.0,-58.12,-764.0,8.6,일반서비스,1.25,-17.44,36.85,64.83,0.0,0.06472361103739217,-0.221829717024251,-0.023968971722692377,-0.004439080413452076,0.02441926028043284,-0.16109489784257042,-0.08263111488742075,2026-06-11
466100,클로봇,2026-06-11,564.0,2302.0,2866.0,6040.0,-0.43781352707368504,0.8,0.29340882699607607,-0.8436807142274086,1.6782926750232219,1.1280207877918893,1087,9178.0,-414.37,-87.0,14.93,IT 서비스,6.97,-2.28,15.36,64.95,0.0,0.09613839316984074,-0.2933698208431582,0.03439280353855069,-0.00441526705357621,0.06215772617831183,-0.10509616501003116,-0.08334041180853827,2026-06-11
203650,드림시큐리티,2026-06-11,-581.0,-292.0,-873.0,-1241.0,-0.8647392334789421,0.6,-0.4247142054022799,-0.5376272577332535,1.2486355076585574,0.286294044523024,1088,2975.0,34.82,84.0,2.35,IT 서비스,-1.18,6.74,312.72,46.13,-36.63,0.015861490677012754,0.03581952733026943,0.09942239551823501,-0.013911352182495474,-0.23378279058738524,-0.09659072924436352,-0.08339095667745039,2026-06-11
053050,지에스이,2026-06-11,-20.0,0.0,-20.0,-16.0,-0.7309170785504462,0.6,-0.40417800341688187,-1.0103812640641068,2.937373245820184e-15,-1.4145592674809857,1089,595.0,0.0,0.0,0.0,,0.41,0.0,0.0,0.0,0.0,-0.1463517650787639,0.0,0.0,-0.017304248086388457,0.0,-0.16365601316515235,-0.08358762846427373,2026-06-11
051380,피씨디렉트,2026-06-11,-13.0,0.0,-13.0,-10.0,-0.5413870247623982,0.3,1.2634330342651843,-0.57254034658437,1.1832157232866358,1.87410841096745,1090,234.0,-35.42,-43.0,0.57,유통,3.96,-1.64,135.47,9.52,-43.62,0.16729403109595922,-0.16680256950838007,0.028934915569066678,-0.022275834871684736,-0.01691019468396995,-0.009759652399008858,-0.08462564767692027,2026-06-11
461030,아이엠비디엑스,2026-06-11,13.0,0.0,13.0,156.0,0.48674242382005417,0.8,0.3268250932320459,1.1164362236078293,1.842264491341936,3.285525808181811,1091,625.0,0.0,0.0,0.0,일반서비스,5.44,0.0,0.0,0.0,0.0,0.3019032943502533,-0.3844662850913059,0.059719083233319294,-0.017304248086388457,0.038922617848128026,-0.0012255377459937447,-0.08592048270873756,2026-06-11
357230,에이치피오,2026-06-11,10.0,-1.0,9.0,-239.0,-0.5695238095730069,0.2,-0.4810927533402159,-0.96073894243438,-1.3835187433585399,-2.8253504391331354,1092,933.0,11.24,201.0,0.61,음식료·담배,1.35,6.54,38.33,14.09,112.51,-0.28090130414251974,0.04316006228305679,0.07326965679000749,0.0031879940161922754,0.061181334135377234,-0.10010225691788593,-0.08688148676143542,2026-06-11
013810,스페코,2026-06-11,-20.0,0.0,-20.0,-20.0,-0.4527363186121631,0.4,0.31777866673973154,-0.3979885273284038,-0.8164964809277382,-0.8967063415164105,1093,271.0,-308.33,-6.0,0.61,기계·장비,2.04,1.15,49.31,-14.89,0.0,-0.09696325606948676,-0.049164558823664314,0.039288350507269636,-0.02025908915765211,0.039013072460674696,-0.08808548108285885,-0.08691073168375218,2026-06-11
163730,핑거,2026-06-11,-102.0,0.0,-102.0,-1085.0,-0.8558145009441652,0.6,-1.3835366136735423,-1.1931439155447574,-1.248635507658556,-3.825316036876856,1094,1325.0,440.31,32.0,2.84,IT 서비스,8.64,-0.37,40.37,-0.74,0.0,-0.3762697136984626,0.01789712409256611,0.04816292778258583,-0.017451097138956293,0.03726711438012081,-0.29039364458214617,-0.08696513679205096,2026-06-11
042940,상지건설,2026-06-11,-75.0,0.0,-75.0,226.0,-0.3383137674132002,0.5,0.730355372304181,-0.4967457483381583,1.2379723029052525,1.4715819268712753,1095,446.0,-2.89,-2263.0,0.45,건설,2.67,-14.49,121.47,59.02,0.0,0.12890439981362767,-0.16334936504295572,-0.07958188013468905,-0.005592043920775234,0.007887815090863823,-0.11173107419392851,-0.08759973927640728,2026-06-11
036810,에프에스티,2026-06-11,-2556.0,2905.0,349.0,2885.0,-0.5084739531689078,0.9,0.5237734820186798,-0.835153684386001,1.3297406724116358,1.0183604700443145,1096,6841.0,-56.83,-556.0,2.69,전기·전자,8.78,-5.96,108.8,1.55,-48.42,0.08567990327920569,-0.23208483494868576,0.009289331251614087,-0.02461240777034871,-0.006909747927579918,-0.16863775611579462,-0.08812253472084945,2026-06-11
459100,위츠,2026-06-11,-11.0,0.0,-11.0,-65.0,-0.7968319559438535,0.1,0.5868487131736362,-1.2881978539925545,-0.6396345221731092,-1.3409836629920275,1097,700.0,34.21,152.0,1.54,전기·전자,4.84,11.64,248.83,70.68,94.49,-0.13933473529487791,0.07928818163383496,0.12284582227757854,0.011583698514605525,-0.10980048951240524,-0.03541752238126414,-0.08839925750898404,2026-06-11
128540,에코캡,2026-06-11,6.0,0.0,6.0,-59.0,0.0023310019805369286,0.6,-0.36939173309617407,0.2408776417948962,0.5400616373673345,0.4115475460660566,1098,379.0,-15.45,-92.0,0.34,운송장비·부품,0.78,2.31,51.83,-7.48,0.0,0.027807128867391052,-0.07652663349229923,0.02823359413757593,-0.018788614185317413,0.029547856581183748,-0.009726668091465916,-0.09016736793405758,2026-06-11
038950,파인디지털,2026-06-11,-1.0,0.0,-1.0,-242.0,-0.8419243986580225,0.3,-1.8462645476232584,-1.3562917442655538,-2.4245257376992715,-5.627082029588084,1099,309.0,-27.01,-112.0,0.27,전기·전자,0.17,-0.42,9.74,-9.26,0.0,-0.5481071824119539,0.2011872081564949,0.0450338176313779,-0.019141845690142753,0.0658772038784102,-0.25515079843581356,-0.09068767597270551,2026-06-11
078860,스테이지원엔터,2026-06-11,0.0,0.0,0.0,-22.0,-0.570957096134366,0.0,0.6526296645115056,-0.26633608064470765,-1.4819170649169604,-1.0956234810501624,1100,218.0,-1.24,-2959.0,0.32,오락·문화,0.14,-12.16,20.66,-74.23,0.0,-0.11593431994763968,0.09884999148234613,-0.06548041597252206,-0.032034795616267646,0.06911791459957843,-0.045481625454504834,-0.09160855133573144,2026-06-11
032580,피델릭스,2026-06-11,386.0,0.0,386.0,1025.0,-0.4164487067814626,0.8,-0.03211205552017354,-1.153397527228628,1.8484990197969073,0.6629894370481058,1101,1783.0,-80.3,-67.0,3.74,전기·전자,5.91,-4.53,19.2,-15.11,0.0,0.051787567087269185,-0.24565630092078977,0.018515796147473697,-0.020302746984091197,0.0589262189795139,-0.13672946569062422,-0.09210799003615491,2026-06-11
372170,윤성에프앤씨,2026-06-11,16.0,-6.0,10.0,36.0,-0.755515802071166,0.5,1.46694994755143,-0.9930176087480177,1.9321834106030487,2.406115749406461,1102,1735.0,-9.06,-2401.0,0.98,기계·장비,1.4,-10.03,48.19,-26.46,0.0,0.21803247035176843,-0.14189957880827142,-0.07698598059866438,-0.02255509393901682,0.040553047333717236,0.017144864339533043,-0.09327075079527745,2026-06-11
471820,셀로맥스사이언스,2026-06-11,-8.0,0.0,-8.0,14.0,-0.839839839887936,0.7,-2.417250718635785,-1.255826723366103,-0.23204772698459075,-3.9051251689864785,1103,519.0,18.07,254.0,1.09,음식료·담배,0.0,7.58,9.23,-20.42,-59.17,-0.38388124554966685,-0.07121518042251353,0.08367511116387216,-0.0306630528703163,0.09448119055246275,-0.30760317712616175,-0.09369720510760923,2026-06-11
388790,라이콤,2026-06-11,3543.0,-42.0,3501.0,3711.0,2.0578266053092595,0.5,2.5703547115073015,1.644703607700291,1.6020816287597979,5.817139947967391,1104,2691.0,0.0,0.0,0.0,전기·전자,24.15,0.0,0.0,0.0,0.0,0.5433476147003263,-0.4104604285626079,0.04774368843995205,-0.017304248086388457,0.07303392617389115,0.2363605526651732,-0.09381894798255959,2026-06-11
354200,엔젠바이오,2026-06-11,17.0,0.0,17.0,-16.0,-0.2912513845101048,0.7,-0.33756965270006245,0.9210296069458254,1.5248890879639512,2.108349042209714,1105,239.0,-3.63,-246.0,0.97,일반서비스,0.45,-37.99,224.1,500.13,0.0,0.1896339560947391,-0.08856972836965166,-0.12258075666225889,0.08194388253625033,-0.04927826223112545,0.011149091367953438,-0.09537735660491753,2026-06-11
203400,에이비온,2026-06-11,17.0,0.0,17.0,4225.0,1.1754850087607895,0.5,1.7153380808419008,0.056510160514058286,0.921132245670967,2.692980487026926,1106,1111.0,-2.72,-454.0,1.62,일반서비스,-1.36,-63.36,19.3,30.69,0.0,0.2453912453399036,-0.14883568120197457,-0.24432192376283315,-0.011213981298135835,0.03132655811796474,-0.12765378280507522,-0.09564304216620116,2026-06-11
338840,와이바이오로직스,2026-06-11,231.0,7.0,238.0,2378.0,-0.11130039752034437,1.0,0.3327106796646347,-0.5906479145094001,1.418271451638292,1.1603342167935264,1107,2082.0,-31.37,-432.0,11.03,일반서비스,3.44,-30.85,18.37,65.64,0.0,0.09922017952142961,-0.22556202720484694,-0.08831855985113943,-0.004278340234289983,0.03169258586662027,-0.18724616190222648,-0.09581870170727472,2026-06-11
053030,바이넥스,2026-06-11,10260.0,-11801.0,-1541.0,-809.0,2.459994983566842,0.5,-1.8021223234219779,2.8732011138402966,-0.34156499053199013,0.7295137998863286,1108,2556.0,-78.99,-99.0,1.33,제약,-0.38,-7.06,75.79,-11.24,0.0,0.058132108034396605,-0.11967718918397004,0.020158673547416035,-0.019534766128094534,-0.0019477637102139388,-0.06286893744046586,-0.09657350890286594,2026-06-11
0105P0,유진스팩12호,2026-06-11,0.0,0.0,0.0,40.0,-0.9722222222453704,0.4,-0.018494654158845335,-0.8674998827069837,1.6749037039306378,0.7889091670648087,1109,113.0,0.0,0.0,0.0,금융,-0.1,,,,,0.06379674461347883,-0.3445575598810667,0.0,0.0,0.010835218638686445,-0.26992559662890137,-0.09685177025180823,2026-06-11
217270,넵튠,2026-06-11,-1.0,-2.0,-3.0,-42.0,-0.9622071050728177,0.4,-0.9490847734672597,-1.501926851274518,-0.6591529891892763,-3.110164613931054,1110,1283.0,-3.19,-860.0,0.39,IT 서비스,-0.54,-11.67,17.66,-0.56,-27.61,-0.30806451348767483,0.07454431383094917,-0.03330429942034464,-0.021758021204103382,0.05986870550114912,-0.22871381478002453,-0.09692447048890829,2026-06-11
492220,KB제31호스팩,2026-06-11,0.0,0.0,0.0,-10.0,-1.0,0.1,0.8078207743855215,-1.0747018559016186,0.9036959391150959,0.6368148575989988,1111,125.0,-155.38,-13.0,1.02,금융,-0.25,0.0,17.31,0.0,0.0,0.04929125319558193,-0.08005922407517055,-0.12107726715955013,-0.017304248086388457,0.0371903595558993,-0.13195912656962788,-0.09730689604581058,2026-06-11
108490,로보티즈,2026-06-11,-6614.0,3569.0,-3045.0,-36883.0,-0.5978285505798467,0.2,-0.7812401990262207,-0.4886980851544073,-1.871941769416936,-3.141880053597564,1112,41992.0,759.95,377.0,13.2,기계·장비,4.37,-2.68,2.66,15.83,0.0,-0.3110892685854374,-0.01289086002240945,-0.0005444480737435396,-0.014162869029430522,0.10315577587802682,-0.23553166983299412,-0.097753434094384,2026-06-11
050960,수산아이앤티,2026-06-11,11.0,0.0,11.0,32.0,-0.43419434215220387,0.5,1.6227990783370145,-0.6972232693257256,2.3897140803619936,3.3152898893732825,1113,527.0,0.0,0.0,0.0,IT 서비스,2.49,0.0,0.0,0.0,0.0,0.3047419450913682,-0.45057340712168825,0.050830438761796826,-0.017304248086388457,0.07744440339623322,-0.03486086795867846,-0.09866224155298277,2026-06-11
020400,대동금속,2026-06-11,-24.0,0.0,-24.0,-91.0,-0.07407407425145451,0.6,-1.0738990071452679,0.32373155743469034,-0.0834576083138207,-0.8336250580243981,1114,198.0,-1.7,-1826.0,0.22,금속,3.84,-11.85,112.21,-25.21,0.0,-0.09094708742033031,0.16728197793887792,-0.1337544557356992,-0.022307038106976554,-0.01254028566236101,-0.09226688898648915,-0.09869226241080473,2026-06-11
065770,CS,2026-06-11,29.0,0.0,29.0,130.0,-0.6224899598848406,0.6,-0.08255784299805918,-0.9577596629603163,0.913139334829079,-0.12717817112929652,1115,160.0,-15.97,-103.0,0.92,전기·전자,0.24,-3.33,16.73,20.65,0.0,-0.02357205352821462,-0.13908236037090735,0.026258284171971274,-0.013206365741083255,0.06074111672795723,-0.08886137874027672,-0.09904085262830195,2026-06-11
084440,유비온,2026-06-11,-3.0,0.0,-3.0,37.0,-0.7157622741221481,0.5,-0.11624288637145647,-0.9486446480558114,-1.8389492512476886,-2.9038367856749563,1116,196.0,15.03,68.0,2.65,IT 서비스,0.69,6.49,229.84,4.46,-49.78,-0.28838667969787796,0.03888061724127376,0.09762002323498432,-0.024248841652205286,-0.1512984280990177,-0.32743330897284284,-0.10182546311521458,2026-06-11
314130,지놈앤컴퍼니,2026-06-11,97.0,-9.0,88.0,-45.0,-0.721224559610367,0.4,0.5987330551220184,-0.5868525831174202,-0.30175634203999196,-0.2898758700353938,1117,2517.0,-32.73,-172.0,2.34,제약,-3.1,-7.74,52.63,-8.99,0.0,-0.03908880812266896,-0.17033010664513173,0.015381370174244792,-0.01908826563042206,0.020007402376122797,-0.19311840784785517,-0.10278377950437256,2026-06-11
219750,한국비티비,2026-06-11,,,0.0,0.0,-1.0,0.3,-0.8475191043661977,-0.8921304963677826,-1.6329930618554584,-3.372642662589439,1118,374.0,-190.33,-3.0,1.3,의료·정밀기기,0.0,-1.12,51.05,1016.82,0.0,-0.3330974887224018,-0.16628502713957097,0.06425308592213914,0.18447825682175858,0.01789093157755432,-0.23276024154052075,-0.10344118263003947,2026-06-11
240600,유진테크놀로지,2026-06-11,0.0,0.0,0.0,29.0,-0.28143712617878014,0.4,1.4477106548534748,-0.3202030842724747,1.3542924181725633,2.4817999887535636,1119,145.0,-1.87,-1121.0,0.37,금속,0.48,-16.87,54.86,70.06,0.0,0.22525060420684362,-0.007006080746156862,-0.201963249700877,-0.0034012148121956008,0.026508179483534157,0.03938823843114831,-0.10481724767690836,2026-06-11
474650,링크솔루션,2026-06-11,40.0,103.0,143.0,2259.0,-0.7021996615955635,0.8,0.14322870847573158,-0.9706714458490973,0.3089023295857718,-0.5185404077875939,1120,2199.0,-66.99,-571.0,8.01,기계·장비,1.32,0.0,88.61,9.82,0.0,-0.060896931658596,-0.2760817113452997,0.02732811072445889,-0.015355521469880123,-0.015023545852335783,-0.3400295996016527,-0.10519685493520704,2026-06-11
298380,에이비엘바이오,2026-06-11,6205.0,-4415.0,1790.0,28576.0,-0.4506321685109266,0.9,0.08659368816306867,-0.954081178682361,2.3960558167668395,1.5285683262475471,1121,52124.0,-134.34,-693.0,33.17,제약,3.22,-14.91,62.61,506.83,0.0,0.13433928906091522,-0.23232598035559204,-0.034991078628163697,0.08327346179598616,0.010546583829419838,-0.039157724297434526,-0.10537914550548642,2026-06-11
037230,한국팩키지,2026-06-11,-52.0,0.0,-52.0,-71.0,-0.3041526377202628,0.4,-1.076858980452812,0.6935667799244221,-1.2389864773531238,-1.6222786778815137,1122,464.0,37.07,42.0,0.43,종이·목재,3.94,1.15,110.32,-1.08,-20.54,-0.1661623164102244,0.13941356084368292,0.11170391073676278,-0.02074920613461194,-0.08176183996836503,-0.017555890932755655,-0.10548979316516487,2026-06-11
088280,쏘닉스,2026-06-11,77.0,0.0,77.0,206.0,-0.709022038582523,0.7,-0.32546027752531537,-0.851726882141498,1.5925549910026167,0.41536783133580313,1123,588.0,-26.36,-129.0,1.4,전기·전자,-1.59,-5.19,35.79,22.91,0.0,0.028171475931977864,-0.18754272969085387,0.014257427734000029,-0.012757880796754453,0.04673627823187232,-0.11113542858975811,-0.10642782524430178,2026-06-11
154030,아시아종묘,2026-06-11,-1.0,0.0,-1.0,-20.0,-0.8686371100811312,0.2,1.231973360036052,-0.8920815198692785,-0.9486831480505382,-0.6087913078837647,1124,198.0,-14.53,-113.0,0.82,,0.49,3.54,64.26,0.0,0.0,-0.06950431257508427,0.0,0.0,-0.017304248086388457,0.0,-0.08680856066147273,-0.10661480420810791,2026-06-11
141080,리가켐바이오,2026-06-11,5731.0,-12395.0,-6664.0,-4386.0,-0.3383134325439622,0.4,0.40837166510084244,0.027081010142757447,1.0420638786975736,1.4775165539411734,1125,49902.0,-66.44,-2029.0,9.68,일반서비스,2.98,-26.39,30.45,-30.42,0.0,0.12947039523011086,-0.2237198630890799,-0.06691668341170065,-0.023340934814920382,0.026938160916341904,-0.15756892516924817,-0.10674264141102915,2026-06-11
026150,특수건설,2026-06-11,-2.0,0.0,-2.0,283.0,-0.37500000009527423,0.6,1.2424050882746187,-0.5971402057036646,2.011478875864155,2.656743758435109,1126,719.0,-3.68,-1113.0,0.83,건설,-1.09,-29.91,129.29,16.0,296.88,0.24193528727383662,-0.23976051126552866,-0.20117672961785607,0.032565693868355235,0.005057498168613586,-0.1613787615725793,-0.10729150826538643,2026-06-11
013990,아가방컴퍼니,2026-06-11,-488.0,0.0,-488.0,-362.0,-0.4423076923230136,0.7,-2.008841085766281,-0.5437899217294591,-1.9126065300388024,-4.465237537534542,1127,1309.0,11.34,351.0,0.62,유통,-10.36,7.61,31.91,9.25,57.69,-0.4373001090401397,0.11493198397689457,0.0930247348402693,-0.0063948522992581325,0.05167774066090817,-0.1840605018613258,-0.10821212556289556,2026-06-11
263800,데이타솔루션,2026-06-11,2.0,0.0,2.0,-316.0,-0.7186625423603479,0.5,-0.806979920539229,-0.6536370406208948,0.40824824046387037,-1.0523687206962535,1128,702.0,288.33,15.0,2.06,유통,1.05,0.7,111.42,10.9,-95.38,-0.11180904032803723,0.015878882322885073,0.04514790768740334,-0.030143062684498564,-0.0009818454656972723,-0.08190715846794465,-0.10933827534979934,2026-06-11
023790,동일스틸럭스,2026-06-11,5.0,0.0,5.0,-16.0,-0.43894389452831417,0.6,0.12314790009379077,-0.7132147848450069,1.4258911804945051,0.835824295743289,1129,143.0,0.0,0.0,0.0,금속,4.08,0.0,0.0,0.0,0.0,0.06827111974825796,-0.35720888666395334,0.027256342767758287,-0.017304248086388457,0.06386125355334775,-0.2151244186809778,-0.11249356237359404,2026-06-11
416180,신성에스티,2026-06-11,32.0,4.0,36.0,252.0,-0.7586007516675644,0.4,0.009405160008248956,-0.625283046303006,1.1684065163934831,0.5525286300987261,1130,2310.0,418.85,61.0,2.18,운송장비·부품,0.79,-2.48,140.7,70.78,0.0,0.04125273318818515,-0.05530656625106545,-0.024066122229066293,-0.0032583346529404074,0.011543811630083795,-0.0298344783148032,-0.11250088484710576,2026-06-11
053280,예스24,2026-06-11,15.0,0.0,15.0,68.0,-0.370915032833926,0.7,0.8800112456985224,-0.6619121466139846,1.757741304504739,1.975840403589277,1131,710.0,-6.88,-413.0,0.41,유통,0.71,-8.25,181.16,-7.39,-84.74,0.17699638321606392,-0.12042555071469742,-0.016863322850679187,-0.03209910119381998,-0.04717074669157406,-0.03956233823470672,-0.11294147648317641,2026-06-11
059090,미코,2026-06-11,23680.0,-26493.0,-2813.0,-2576.0,0.1857629945702226,0.4,-1.1918991549402675,0.8095417736246447,-1.1832157816199467,-1.5655731629355696,1132,7402.0,25.08,883.0,6.06,전기·전자,10.2,4.9,248.04,49.81,-46.54,-0.1607542155859084,0.01915369081043373,0.07935884787331716,-0.014739772049121132,-0.10922001614346993,-0.1862014650947486,-0.11356850649404657,2026-06-11
048530,인트론바이오,2026-06-11,-13.0,0.0,-13.0,-215.0,-0.3183131138661196,0.4,-0.035247652037310624,-0.5677961749388711,0.06454971618679077,-0.538494110789391,1133,789.0,-9.75,-262.0,1.16,제약,-0.39,-11.66,6.37,-10.56,0.0,-0.06279995004675533,-0.10247871652602351,-0.01215837868285999,-0.01939982375546463,0.0638608558801788,-0.13297601313092466,-0.1136037153190179,2026-06-11
199480,뱅크웨어글로벌,2026-06-11,30.0,0.0,30.0,127.0,0.011235954677439652,0.7,1.8218094408096306,-0.043148217885309835,2.061011464402329,3.83967268732665,1134,344.0,-12.34,-273.0,1.91,IT 서비스,-0.74,-7.89,157.02,35.94,0.0,0.35475321903133916,-0.226099377399609,-0.0060524304975944415,-0.010172146803566715,-0.07882604300728357,0.03360322132328543,-0.11401604962001652,2026-06-11
397810,애드포러스,2026-06-11,3.0,0.0,3.0,-2.0,-0.7222222224794239,0.5,0.3523026178656608,-1.2282146864862156,-0.3017563591131599,-1.1776684277337148,1135,260.0,-12.51,-402.0,0.57,일반서비스,1.0,-6.95,27.75,-5.97,-25.11,-0.12375908521453223,0.016834691158945463,0.02636862555302795,-0.02243839386935322,0.028000822122116045,-0.07499334024979598,-0.11472832373943317,2026-06-11
033640,네패스,2026-06-11,-599.0,-1694.0,-2293.0,-6082.0,0.12319851231201873,0.2,-1.2039859179962704,-0.19896128081537623,-1.433342624689963,-2.83628982350161,1136,7275.0,43.88,719.0,5.89,전기·전자,2.1,10.49,185.2,3.55,198.98,-0.2819446117233971,0.015204063351643631,0.11542593792076837,0.014696837648105945,-0.06304666613853938,-0.19966443894141847,-0.11494922435555832,2026-06-11
014100,메디앙스,2026-06-11,-6.0,0.0,-6.0,-25.0,-0.11458333471679683,0.4,-2.6537146918263215,0.1025926200279663,-1.1483050478521606,-3.6994271196505157,1137,182.0,-3.02,-510.0,0.26,유통,3.22,2.17,60.05,-2.54,0.0,-0.36426347484016064,-0.025107399107489086,0.05533299247969175,-0.017808297537094276,0.03304057862339494,-0.31880560038165734,-0.1151094348001667,2026-06-11
353810,이지바이오,2026-06-11,-140.0,40.0,-100.0,-339.0,-0.662090813111822,0.3,-0.3285400479478183,-1.2880510082613708,-1.0184570507240545,-2.6350481069332434,1138,2173.0,7.88,834.0,2.03,음식료·담배,0.0,33.83,200.82,11.77,45.17,-0.26275184900362236,-0.11395178316495191,0.34631278165805274,-0.007863982324773693,-0.12476002906779204,-0.16301486190308728,-0.11655191523551814,2026-06-11
389650,넥스트바이오메디컬,2026-06-11,217.0,43.0,260.0,1052.0,-0.7559691671394326,0.6,-0.0988801928880669,-1.9661500845003628,-0.8677217842158039,-2.9327520616042335,1139,3361.0,104.91,387.0,7.27,의료·정밀기기,4.37,14.56,30.21,95.46,0.0,-0.29114437844618346,0.010919596992380903,0.17496358705968756,0.0016392796948626123,0.035825771160668755,-0.06779614353858365,-0.11698915149812895,2026-06-11
154040,다산솔루에타,2026-06-11,5.0,0.0,5.0,27.0,-0.7706422019400724,0.8,-0.017591493801816915,-1.1115545266539537,1.1832158399532686,0.054069819497498006,1140,139.0,-0.72,-1076.0,0.36,전기·전자,-0.51,-39.15,113.9,-77.68,0.0,-0.006286126252026608,0.08078413006218337,-0.20485498335928137,-0.032719429712698776,-0.010657107651086382,-0.17373351691290978,-0.11708715755798477,2026-06-11
092460,한라IMS,2026-06-11,-8.0,-5.0,-13.0,940.0,-0.8892648415889071,0.7,-1.1025538182040964,-1.1827280579648871,-1.335321733021124,-3.6206036091901073,1141,3150.0,12.36,1490.0,1.59,운송장비·부품,-1.23,14.33,54.23,48.21,7.6,-0.3567459433918918,-0.018457099628415113,0.15947421850647772,-0.006541863309765337,0.0290616440473406,-0.19320904377625395,-0.11869901225584564,2026-06-11
393210,토마토시스템,2026-06-11,26.0,0.0,26.0,146.0,-0.5938529089359107,0.9,0.006830944296418277,-0.7499762011822604,1.3662600087946204,0.6231147519087783,1142,455.0,-22.77,-128.0,1.73,IT 서비스,-0.17,-0.17,120.08,48.28,0.0,0.04798465095509215,-0.2180733707353311,0.04960482560918637,-0.007723339629665204,-0.042062380479287696,-0.17026961428000545,-0.11944138204899138,2026-06-11
330730,스톤브릿지벤처스,2026-06-11,-28.0,1.0,-27.0,-265.0,-0.6686159844296822,0.2,-0.28447440742249375,-0.9316286371595685,-1.3920678417806407,-2.6081708863627027,1143,993.0,42.91,127.0,1.1,금융,0.55,2.63,8.33,-25.4,-47.61,-0.26018852304032886,0.19781515343487643,-0.025830662020952404,-0.02983309050497103,0.04380492538699409,-0.07423219674438178,-0.12261912897623609,2026-06-11
424760,벨로크,2026-06-11,-3.0,0.0,-3.0,55.0,-0.8680490103800143,0.7,-0.22996479996572083,-0.9407514269193997,0.9898983304621584,-0.1808178964229622,1144,244.0,-39.75,-61.0,1.93,IT 서비스,4.98,-4.75,58.26,16.94,0.0,-0.028687764810499783,-0.2268987436361778,0.016585365380034023,-0.013942595450578766,0.01946251441732043,-0.23348122409990185,-0.12472148368527428,2026-06-11
476040,오가노이드사이언스,2026-06-11,32.0,0.0,32.0,418.0,-0.35173824134856413,0.9,-0.34234149579325657,-0.4489867089765069,1.3662598221279978,0.5749316173582344,1145,780.0,-4.73,-2505.0,3.16,일반서비스,-0.67,0.0,58.41,-43.62,0.0,0.04338934395665773,-0.1926649316113825,0.059719083233319294,-0.025960404401265597,0.015933713763214168,-0.09958319505945692,-0.12566028478708194,2026-06-11
347770,핌스,2026-06-11,-5.0,0.0,-5.0,10.0,-0.4117647062283737,0.6,-1.248268314158555,-0.32576515035624926,-1.1832157816199471,-2.7572492461347515,1146,265.0,-3.22,-360.0,0.57,전기·전자,0.09,-13.35,86.09,-2.64,0.0,-0.274406378237296,-0.05229295625258205,-0.03839149083258349,-0.0178281420036575,0.009777024488269417,-0.3731419428378497,-0.12608599170777557,2026-06-11
153710,옵티팜,2026-06-11,8.0,0.0,8.0,9.0,-0.6684118675383534,0.5,0.8045694537447404,-1.7180776451592437,1.0973017335126152,0.18379354209811194,1147,672.0,-28.45,-161.0,2.46,제약,3.04,-8.98,58.47,13.03,0.0,0.006085844477777988,-0.1735838318430716,0.006669816964344298,-0.01471851409320072,0.014471211964024074,-0.16107547253012597,-0.1276526219415757,2026-06-11
068330,일신바이오,2026-06-11,11.0,0.0,11.0,23.0,-0.45848375470812863,0.5,0.9791944951334777,-0.1802382423923976,1.6020818037597404,2.4010380565008207,1148,486.0,0.0,0.0,0.0,기계·장비,1.2,0.0,0.0,0.0,0.0,0.21754820219522678,-0.4446167602607267,0.02732811072445889,-0.017304248086388457,0.10681321620150286,-0.11023147922592663,-0.13130690828196215,2026-06-11
144510,지씨셀,2026-06-11,50.0,1.0,51.0,-21.0,-0.2997198880205676,0.4,1.1389586228537945,0.5251589455948655,2.2735940248506257,3.9377115932992854,1149,2637.0,-0.97,-17269.0,1.35,일반서비스,2.39,-82.94,71.09,-5.5,0.0,0.3641033552343359,-0.13084861220278896,-0.3382790405081719,-0.01839569374736563,0.010943141878319322,-0.11247684934567129,-0.1317371345794282,2026-06-11
067570,엔브이에이치코리아,2026-06-11,66.0,0.0,66.0,26.0,0.15027829292202632,0.5,1.0573368781773258,0.2329185896567078,2.1338115238033106,3.4240669916373445,1150,754.0,-5.75,-311.0,0.36,운송장비·부품,0.51,-14.66,388.56,-7.47,-30.86,0.31511620122821427,-0.0922930679476094,-0.15705370998391022,-0.02364045071218854,-0.038669787802566524,0.0034591847819396004,-0.13180733082579768,2026-06-11
136150,원일티엔아이,2026-06-11,-17.0,0.0,-17.0,149.0,-0.49834983503316665,0.7,0.6405482199318844,-0.632957323842785,1.6624828690632063,1.6700737651523057,1151,939.0,0.0,0.0,0.0,기계·장비,2.0,0.0,0.0,0.0,0.0,0.1478349019923124,-0.4446167602607267,0.02732811072445889,-0.017304248086388457,0.10681321620150286,-0.17994477942884102,-0.1321533222918563,2026-06-11
114190,강원에너지,2026-06-11,-20.0,-2.0,-22.0,537.0,-0.11136107991499666,0.7,0.22271674596263152,-0.3659322659033665,1.4819169825640321,1.3387014626232971,1152,2510.0,-41.07,-234.0,7.27,전기·전자,2.34,-19.84,161.74,-2.57,0.0,0.11623136529626138,-0.2625385396620366,-0.0802654468984079,-0.017814250877063245,-0.04580881141040969,-0.2901956835516561,-0.13240580544055977,2026-06-11
489460,바이오비쥬,2026-06-11,77.0,-8.0,69.0,-130.0,-0.5205479452602113,0.5,-0.5815324051780032,-0.8287327172145083,-0.37893233747510374,-1.7891974598676152,1153,1065.0,23.76,298.0,1.72,화학,3.66,0.0,6.86,-30.83,23.86,-0.1820816428340015,0.025660025671380583,0.036612036570004364,-0.019669472486599362,0.07371437345997751,-0.06576467961923839,-0.13254922263815233,2026-06-11
125210,아모그린텍,2026-06-11,-581.0,-5.0,-586.0,-952.0,-0.24717778241054422,0.6,-1.6287672158593172,-0.15279157794079845,-1.9001382412125252,-3.6816970350126406,1154,1478.0,25.1,357.0,1.82,전기·전자,2.28,7.84,122.31,-10.95,-11.35,-0.3625725266945228,0.06913519957998743,0.09832794353333621,-0.021262404085285964,-0.016836577312790164,-0.23320836497927527,-0.13255697590190624,2026-06-11
148780,비큐AI,2026-06-11,12.0,0.0,12.0,60.0,-0.6629732225766889,0.8,-0.6459013722559482,-0.6703491404623818,1.4808375387212949,0.1645870260029647,1155,194.0,-25.75,-24.0,1.73,IT 서비스,-2.22,-0.58,36.28,0.7,0.0,0.004254086568068127,-0.2180733707353311,0.04664893506465526,-0.01716533682044591,0.04133759027994493,-0.14299809564310867,-0.1328075302562033,2026-06-11
016790,현대사료,2026-06-11,,,0.0,0.0,-1.0,0.0,0.0,0.0,0.0,0.0,1156,1873.0,43.22,23.0,2.45,음식료·담배,0.0,0.0,51.85,8.05,-87.99,-0.011442856345630146,-0.15418115642436447,0.007835357169743061,-0.02954629242502517,0.04571006063850451,-0.1416248873867722,-0.13317344696382294,2026-06-11
049470,비트플래닛,2026-06-11,-14.0,0.0,-14.0,28.0,-0.8470948012512975,0.4,0.20438748903528142,-1.280608616219064,0.520974481954136,-0.5552466452296465,1157,369.0,-82.42,-19.0,2.48,IT 서비스,-2.0,-3.07,15.95,-16.72,0.0,-0.0643976675774416,-0.24382886927157235,0.028697307123478552,-0.020622242895759063,0.06157054261330052,-0.23858093000799396,-0.13336391328918948,2026-06-11
109820,진매트릭스,2026-06-11,5.0,0.0,5.0,34.0,-0.8780487805373786,0.7,-0.15418833490796588,-0.94286289551332,2.1715865613857472,1.0745353309644614,1158,331.0,-8.81,-184.0,1.72,일반서비스,0.56,-17.69,48.01,2.08,0.0,0.09103739473198036,-0.1540644803296448,-0.025168628473781995,-0.016891483181873453,0.0200269272965664,-0.08506026995675349,-0.13348701240971275,2026-06-11
153490,우리이앤엘하루틴,2026-06-11,-2.0,0.0,-2.0,-27.0,-0.8542805100978431,0.2,-0.45754897884296236,-0.9158085453035777,-0.549509544102739,-1.9228670682492792,1159,358.0,-57.92,-12.0,0.4,전기·전자,-0.14,-4.35,42.92,-28.36,0.0,-0.19482993936149076,0.044663206633889875,0.019677169351148337,-0.022932138803718024,0.04149732238312701,-0.11192437979704359,-0.13443318698410783,2026-06-11
217190,제너셈,2026-06-11,-22.0,0.0,-22.0,-225.0,-0.7458893871592365,0.3,-0.05555314103389539,-1.6108579636566474,-0.7070367969377558,-2.3734479016282988,1160,716.0,76.62,71.0,1.42,기계·장비,1.87,1.01,81.85,-20.18,0.0,-0.2378025951735574,0.08444311475812083,0.03783232131631876,-0.021308861438846517,-0.005728697511471887,-0.14256471804943624,-0.134457325498601,2026-06-11
191420,테고사이언스,2026-06-11,-4.0,-4.0,-8.0,-3.0,-0.6777251185139597,0.4,-0.6205018992811474,-0.649894252643357,0.37893226568026017,-0.8914638862442442,1161,641.0,-9.13,-865.0,1.25,제약,0.13,-17.11,55.33,-8.69,0.0,-0.0964632742475093,-0.11216651500675856,-0.050447060129600055,-0.01902873223073239,0.01744786228833743,-0.26065771932626286,-0.1347566116779863,2026-06-11
108860,셀바스AI,2026-06-11,8004.0,-10545.0,-2541.0,-1214.0,1.9230894706078687,0.5,-0.9534948114868952,1.346524817436039,-0.2581988564138324,0.13483114953531133,1162,2363.0,-39.37,-223.0,2.15,IT 서비스,-4.46,-4.18,17.81,0.76,0.0,0.0014162183253343449,-0.2347102248595785,0.02069477418584556,-0.017153430140507978,0.05971942154394286,-0.17003324094496372,-0.13517422648801408,2026-06-11
083640,인콘,2026-06-11,-2.0,23.0,21.0,41.0,-0.6262626263758799,0.8,-0.4110811434481008,-0.5022127822356736,1.1395396174196568,0.22624569173588238,1163,198.0,-34.38,-37.0,1.18,유통,2.5,-3.62,6.71,-22.56,-37.04,0.010134577756522913,-0.22823738095064716,0.015216229930474117,-0.027607003192806748,0.06836773651539764,-0.16212583994105928,-0.1354128380628355,2026-06-11
140670,알에스오토메이션,2026-06-11,71.0,-7.0,64.0,203.0,-0.7850098619392996,0.8,-0.3077146418846169,-0.7010068390630055,1.5121727316285078,0.5034512506808855,1164,1475.0,-29.24,-393.0,2.52,전기·전자,0.09,-8.7,55.09,26.71,0.0,0.03657214054498447,-0.22882378503747502,-0.008389349737655375,-0.012003791067352044,0.03255509339585768,-0.1800896919016403,-0.1355988674807823,2026-06-11
334970,프레스티지바이오로직스,2026-06-11,35.0,-16.0,19.0,92.0,-0.5035460993964087,0.7,0.5136403255486683,-0.6651416912392182,1.198289271338258,1.046787905647708,1165,1469.0,-5.06,-373.0,1.09,제약,3.0,-26.56,99.91,477.83,0.0,0.08839107587090962,-0.09383771380365538,-0.1168375261244062,0.07751856649265196,-0.024812988494429908,-0.06957858605892991,-0.13656241198538582,2026-06-11
093640,케이알엠,2026-06-11,-1.0,0.0,-1.0,160.0,-0.4573643411378523,0.6,0.6141514288235822,-0.5697998145074419,1.1684065163934836,1.212758130709624,1166,1086.0,-7.71,-431.0,1.54,전기·전자,4.23,-17.77,47.47,-29.47,0.0,0.10421993681723732,-0.1959865819208446,-0.06690965505614957,-0.02315241238256978,0.03815408968862616,-0.14367462285370047,-0.13684254572506233,2026-06-11
322180,LS티라유텍,2026-06-11,-47.0,-10.0,-57.0,180.0,-0.6134606639645206,0.5,1.073305131963887,-1.0323056560455406,1.5954479431622168,1.6364474190805633,1167,1100.0,-13.84,-380.0,1.67,IT 서비스,-1.87,-15.62,73.84,15.35,0.0,0.1446279005201861,-0.21501355581940876,-0.061781781495705276,-0.014258122468933983,0.003956887395496506,-0.1424686718683654,-0.13732353375563147,2026-06-11
299900,위지윅스튜디오,2026-06-11,-16.0,-13.0,-29.0,-332.0,0.07460643372869136,0.4,-2.000838950700686,-0.3227095163245431,-0.37893231952639145,-2.7024807865516207,1168,520.0,-1.47,-207.0,0.41,오락·문화,-3.8,-15.65,50.35,-34.15,0.0,-0.26918301765763464,0.009004478345767829,-0.11219170734628457,-0.024081133417728537,0.02506043443769837,-0.37139094563818154,-0.1377954547299413,2026-06-11
0082N0,카나프테라퓨틱스,2026-06-11,22.0,-14.0,8.0,1487.0,-0.5418602755471951,0.9,0.8333470369786664,-1.676175872445138,2.646538363658421,1.8037095281919495,1169,2584.0,0.0,0.0,0.0,일반서비스,4.77,,,,,0.16057997063231574,-0.3844662850913059,0.0,0.0,0.018027549916813577,-0.2058587645421766,-0.13812843879903047,2026-06-11
475830,오름테라퓨틱,2026-06-11,-44362.0,54701.0,10339.0,23884.0,0.960380348645165,1.0,1.862562569503631,1.1966157224918226,2.311120351192049,5.370298643187503,1170,15296.0,-35.27,-2016.0,11.53,제약,10.92,-34.58,161.62,0.0,0.0,0.5007316040526463,-0.2234945089578709,-0.17318160414327877,-0.017304248086388457,-0.08331269916747999,0.003438543697628124,-0.1384298695127873,2026-06-11
036480,대성미생물,2026-06-11,4.0,0.0,4.0,-15.0,-0.8783454988278544,0.3,0.8104255354337954,-1.1169231181727153,0.06454971618679076,-0.24194786655212916,1171,243.0,-13.71,-466.0,0.69,제약,-2.59,-4.88,66.09,-6.88,0.0,-0.034517833405434656,-0.010826838789600973,0.035474146126112056,-0.018669547385938085,0.007247621049607579,-0.021292452405254077,-0.1385906669879177,2026-06-11
054780,키이스트,2026-06-11,21.0,0.0,21.0,63.0,-0.4074074076707819,0.7,0.19435769249759022,-0.6370042569662607,1.3107942508034156,0.868147686334745,1172,300.0,-2.72,-562.0,0.71,오락·문화,-0.65,-21.81,69.9,45.79,0.0,0.07135385615350852,-0.1259746963195141,-0.19463914426960172,-0.008217466847089416,-0.003950132661148217,-0.26142758394384497,-0.13971286695021207,2026-06-11
073570,리튬포어스,2026-06-11,43.0,0.0,43.0,25.0,-0.550264550383528,0.4,0.9994874053514755,-0.9294912567036956,0.7700534726657737,0.8400496213135537,1173,247.0,-0.73,-2825.0,1.4,기타제조,0.24,0.0,11.21,25.06,0.0,0.06867409619104901,-0.1109271063142492,0.12012323713835288,-0.012331224765645195,0.0786031003861443,0.1441421026356518,-0.1398853265789949,2026-06-11
035080,그래디언트,2026-06-11,-16.0,-2.0,-18.0,-6.0,0.22945430613488726,0.4,-0.4113024793176298,1.310844251173549,-1.0420639527360194,-0.14252218088010027,1174,1017.0,-3.4,-2617.0,0.23,유통,1.02,-6.15,152.57,12.6,0.0,-0.025035437678076217,0.008875594074211278,-0.0023132017188385976,-0.014803845299422571,-0.028235549013802083,-0.06151243963592819,-0.14110195641398654,2026-06-11
239610,에이치엘사이언스,2026-06-11,0.0,0.0,0.0,-7.0,-0.5652173931947069,0.3,-1.2536861511583797,-1.2110577423704745,0.3338304332552806,-2.1309134602735735,1175,305.0,-2.56,-2210.0,0.35,음식료·담배,-1.57,-13.07,2.81,-57.97,0.0,-0.214671675483191,-0.07203561909406699,-0.12293318962488325,-0.028808085353087855,0.10182775681355172,-0.3366208127416774,-0.14122989211274403,2026-06-11
453860,에이에스텍,2026-06-11,-25.0,0.0,-25.0,43.0,-0.44078947386816136,0.4,1.3603033816089458,-0.5920552874253654,1.4905018826083918,2.258749976791972,1176,715.0,0.0,0.0,0.0,화학,1.56,0.0,0.0,0.0,0.0,0.20397794748724443,-0.42904906714047025,0.036612036570004364,-0.017304248086388457,0.08077609066700714,-0.12498724050260276,-0.14321431512671567,2026-06-11
0098T0,교보19호스팩,2026-06-11,0.0,0.0,0.0,43.0,-1.0,0.4,0.3501594716028251,-0.8568141985741593,1.3353217330211227,0.8286670060497885,1177,109.0,0.0,0.0,0.0,금융,0.25,,,,,0.06758851693038061,-0.3445575598810667,0.0,0.0,0.010835218638686445,-0.2661338243119996,-0.14478979102465406,2026-06-11
487720,키움제10호스팩,2026-06-11,0.0,0.0,0.0,46.0,1.2222222185185188,0.3,1.2099714986286265,0.49941588533631487,-0.40824824046386926,1.3011391435010722,1178,86.0,-33.83,-60.0,1.05,금융,-0.25,0.0,20.3,0.0,0.0,0.11264898342032262,-0.08380036036662596,-0.12107726715955013,-0.017304248086388457,0.03498795957427643,-0.07454493261796549,-0.14523021475681303,2026-06-11
007770,한일화학,2026-06-11,-5.0,0.0,-5.0,-10.0,-0.29078014335295,0.1,1.6484109407189762,-0.6876313688072883,-0.7001400126022415,0.2606395593094465,1179,249.0,-1.36,-5223.0,0.28,화학,0.14,-17.65,52.67,9.46,0.0,0.013414779051817045,0.0884112046290126,-0.1217429707474732,-0.01542696154950772,0.026557337708661623,-0.008786610907489646,-0.1453837832715554,2026-06-11
088340,유라클,2026-06-11,38.0,0.0,38.0,366.0,1.4851190470643334,0.7,1.7029908585414657,1.2851604361145503,1.0801232747346734,4.06827456939069,1180,367.0,-5.35,-1571.0,1.71,IT 서비스,3.7,-30.88,79.08,-25.36,0.0,0.3765553669883633,-0.21707729063599576,-0.17179858566532644,-0.022336804806821386,-0.001258098842908965,-0.03591541296268927,-0.14685699514286116,2026-06-11
236810,엔비티,2026-06-11,5.0,0.0,5.0,59.0,-0.5352564104798447,0.8,0.19014763846316673,-0.573391239950955,0.9545999726331815,0.5713563711453933,1181,221.0,-4.87,-267.0,1.01,일반서비스,1.48,-17.84,81.86,0.1,0.0,0.043048366681180554,-0.09451829462027547,-0.025888422524435756,-0.017284403619825237,0.006704304401953594,-0.08793844968140233,-0.14744170234760867,2026-06-11
039980,폴라리스AI,2026-06-11,4.0,0.0,4.0,346.0,-0.29487179490127347,0.6,1.0365280866612911,-0.4285814457411885,2.35828557859935,2.966232219519453,1182,916.0,0.0,0.0,0.0,IT 서비스,0.63,0.0,0.0,0.0,0.0,0.2714517250154224,-0.45057340712168825,0.050830438761796826,-0.017304248086388457,0.07744440339623322,-0.06815108803462423,-0.14772873161091768,2026-06-11
238200,비피도,2026-06-11,-2.0,0.0,-2.0,14.0,-0.642857143494898,0.4,1.0301816413066416,-0.9740906668186016,-0.9486831480505387,-0.8925921735624986,1183,196.0,-99.58,-24.0,0.43,음식료·담배,5.75,-4.13,28.28,-49.57,0.0,-0.09657088091648558,-0.1495933360247629,-0.03348630298800802,-0.027141150161777268,0.072681800011381,-0.23410987007965275,-0.14786284000776023,2026-06-11
382150,온코크로스,2026-06-11,57.0,0.0,57.0,385.0,0.7952928294807948,0.7,1.2926520695989414,0.5464070894486576,0.788810482191092,2.627869641238691,1184,571.0,-6.27,-747.0,4.21,일반서비스,-0.43,-61.99,195.96,167.31,0.0,0.23918151390346512,-0.20416407634198727,-0.2377478047668621,0.015897528920537134,-0.03820297099761277,-0.2250358092824599,-0.14790069189826988,2026-06-11
489210,교보17호스팩,2026-06-11,0.0,0.0,0.0,-26.0,0.4705882331314879,0.3,-1.4657172070131066,-0.18774019013406798,1.3835186781043123,-0.2699387190428624,1185,107.0,-103.0,-20.0,1.04,금융,-0.48,0.0,15.43,0.0,0.0,-0.037187368327615426,-0.08257729657903477,-0.12107726715955013,-0.017304248086388457,0.03857514616641803,-0.21957103398617075,-0.14794055793307892,2026-06-11
333620,엔시스,2026-06-11,-3.0,0.0,-3.0,3.0,-0.4017094019650814,0.5,0.12153384823731757,0.08887587825004889,-0.2581988647471639,-0.04778913825979747,1186,582.0,-8.27,-640.0,1.06,전기·전자,1.54,-16.47,90.49,-8.5,0.0,-0.016000587251742773,-0.1577502699359811,-0.05852195969627719,-0.018991027744262267,0.006544008256224636,-0.2447198363720387,-0.14797778804395811,2026-06-11
455180,케이지에이,2026-06-11,42.0,-9.0,33.0,-39.0,-0.529411764816609,0.5,-0.7448592272647123,-0.971461100019672,1.0394060985313032,-0.6769142287530812,1187,246.0,-2.25,-781.0,0.58,기계·장비,5.13,0.0,152.04,-92.48,0.0,-0.07600131070409102,-0.036459947511700425,0.02732811072445889,-0.035656410764055534,-0.10223837281402165,-0.22302793106940974,-0.14812827693384584,2026-06-11
123840,뉴온,2026-06-11,5.0,0.0,5.0,5.0,-0.6763754048449431,0.5,-0.24393660705559717,-0.696012665693615,0.7245687498094836,-0.21538052293972854,1188,212.0,-0.33,-10220.0,0.22,음식료·담배,2.62,-40.31,13.29,106.08,0.0,-0.03198406093150377,0.17429826593013198,-0.39547605226341587,0.003746762043876717,0.08983523120354979,-0.15957985401736113,-0.14831815052904163,2026-06-11
006140,피제이전자,2026-06-11,-14.0,8.0,-6.0,158.0,0.1440860213577524,0.5,0.18750914126431592,1.0957182008560258,1.366259822128004,2.6494871642483457,1189,739.0,0.0,0.0,0.0,의료·정밀기기,2.47,0.0,0.0,0.0,0.0,0.24124321361855686,-0.47126197241874823,0.07216097886053545,-0.017304248086388457,0.06182440378091286,-0.11333762424513152,-0.1492368818110986,2026-06-11
033100,제룡전기,2026-06-11,279.0,-68.0,211.0,4901.0,-0.7392272221352667,0.9,0.6200799585739758,-2.1412941033686193,1.8839114665264187,0.36269732173177527,1190,8160.0,0.0,0.0,0.0,전기·전자,1.4,0.0,0.0,0.0,0.0,0.023148200388528113,-0.4104604285626079,0.04774368843995205,-0.017304248086388457,0.07303392617389115,-0.28383886164662503,-0.15141235105556292,2026-06-11
466910,엔에이치스팩30호,2026-05-18,0.0,0.0,0.0,0.0,-1.0,0.0,-0.3435163665296807,-0.25819874020874184,-0.9087512771592324,-1.510466383897655,1191,,,,,,,,,,,-0.15549858890789583,0.0,0.0,0.0,0.0,-0.15549858890789583,-0.15246913520796385,2026-06-11
175140,휴먼테크놀로지,2026-06-11,29.0,0.0,29.0,423.0,0.05967078172947482,0.7,1.5686882845691668,-0.5129768116902649,1.9321833328252882,2.9878948057041903,1192,591.0,-3.13,-756.0,1.44,전기·전자,3.49,-41.51,42.54,-27.82,0.0,0.2735177224817037,-0.19012279565001772,-0.22008187647412658,-0.02282497868427663,0.04177653742134906,-0.11773539090536816,-0.15262107020119264,2026-06-11
424960,스마트레이더시스템,2026-06-11,5.0,0.0,5.0,59.0,-0.531405782698763,0.7,0.13609187070338344,-0.2376949255084342,1.6147333939838913,1.5131303391788404,1193,772.0,-24.89,-188.0,4.03,의료·정밀기기,-0.43,-9.3,94.98,-28.42,0.0,0.13286694213537117,-0.25610993388378867,0.006497224997066038,-0.022944045483655955,-0.01991509063387646,-0.15960490286888385,-0.15262669588358566,2026-06-11
138080,오이솔루션,2026-06-11,1244.0,-1241.0,3.0,454.0,-0.8999105518033069,0.7,0.6946478454206502,-1.5536485625382477,1.7201603802284515,0.861159663110854,1194,3788.0,-12.22,-2504.0,5.3,전기·전자,4.79,-27.23,57.69,28.13,0.0,0.07068739656499247,-0.25589013736379734,-0.12794626898260547,-0.0117219996421543,0.030644674713285764,-0.2942263347102789,-0.15269017977419438,2026-06-11
299170,더블유에스아이,2026-06-11,-60.0,0.0,-60.0,85.0,-0.5637653934733605,0.7,-0.16173557676973055,-0.3564303076574903,0.6993757834034854,0.1812098989762646,1195,662.0,-15.05,-106.0,1.11,유통,-0.31,-8.14,39.07,-6.85,0.0,0.0058394380654507114,-0.22461716388293718,-0.01610117364853516,-0.01866359404596912,0.04693566247368021,-0.20660683103831057,-0.1530756416400998,2026-06-11
130500,GH신소재,2026-06-11,4.0,0.0,4.0,-5.0,-0.7619047620464853,0.3,1.615882023717146,-1.7714852043701736,-0.17939871623105352,-0.3350018968840811,1196,292.0,-5.89,-341.0,0.36,섬유·의류,1.67,-5.89,106.0,-2.48,4.09,-0.04339255359136163,-0.10520206732302603,-0.0021185615539448853,-0.017153094428714113,-0.0033714125762722815,-0.1712376894733189,-0.15540229923798782,2026-06-11
304100,솔트룩스,2026-06-11,7761.0,-8578.0,-817.0,-293.0,1.0575805598762185,0.6,-0.11617279653410212,1.8157284604085713,0.6831299810639816,2.3826856449384506,1197,1957.0,-17.56,-885.0,2.77,IT 서비스,-2.08,-15.14,57.41,55.13,0.0,0.2157979016787205,-0.2500486207111065,-0.058321226711863995,-0.0063639936700845435,0.020308456841489256,-0.07862748257284527,-0.15650340573855281,2026-06-11
106080,케이이엠텍,2026-06-11,,,0.0,0.0,-1.0,0.0,0.0,0.0,0.0,0.0,1198,95.0,-0.69,-2393.0,0.32,전기·전자,0.0,-46.63,104.41,-75.49,0.0,-0.011442856345630146,0.1259352843475502,-0.2531164920453163,-0.03228483589496423,-0.00368407945969887,-0.17459297939805932,-0.15871102098293893,2026-06-11
088290,이원컴포텍,2026-06-11,15.0,0.0,15.0,4.0,-0.15032679821863393,0.2,1.0414645162443674,-0.402412122315655,2.700308186836679,3.3393605807653914,1199,167.0,-3.75,-558.0,1.75,운송장비·부품,16.65,0.0,207.43,-40.33,0.0,0.30703760762231624,-0.30518498004988365,0.003011810253036572,-0.025307521451335618,-0.0019749226963131894,-0.022418006322179638,-0.15958951521165135,2026-06-11
109610,에스와이,2026-06-11,59.0,0.0,59.0,-44.0,-0.07043407054826767,0.4,0.7746096144236826,0.01977539139364023,0.7888104821910908,1.5831954880084136,1200,1010.0,-7.15,-289.0,0.57,금속,-3.05,-7.81,105.67,8.6,0.0,0.13954917382839524,-0.09669818112208114,-0.07886132274380316,-0.015597623961951423,-0.008087330787833474,-0.05969528478727396,-0.15976488008926332,2026-06-11
134580,탑코미디어,2026-06-11,-5.0,0.0,-5.0,-18.0,-0.6311475411347756,0.5,0.896824491438468,-0.516174203356216,0.7888105599688453,1.1694608480510973,1201,602.0,-22.22,-55.0,1.85,IT 서비스,-0.49,-1.97,80.12,112.52,0.0,0.1000906017735571,-0.22359757712407732,0.03662774516978152,0.00502474569054817,-0.002293134279539066,-0.08414761876972959,-0.16021131114872936,2026-06-11
060230,제이케이시냅스,2026-06-11,-19.0,0.0,-19.0,4.0,-0.5662100457611392,0.3,-0.9290393572232717,-0.6252507644861048,-1.8225169620945514,-3.3768070838039277,1202,157.0,-0.52,-530.0,0.17,화학,5.7,-23.68,131.16,110.61,0.0,-0.3334946566138202,0.27399596078678257,-0.17584385993299104,0.004645716379190642,-0.054240648235909066,-0.2849374876167471,-0.16024456141602755,2026-06-11
429270,시지트로닉스,2026-06-11,-18.0,0.0,-18.0,533.0,-0.8922863099411993,0.6,0.576027200944593,-1.336075092623997,0.20835267971885676,-0.5516952119605473,1203,335.0,-4.11,-1263.0,0.99,전기·전자,0.39,-21.67,42.75,-2.72,0.0,-0.06405896138266623,-0.14907629175422965,-0.0920727411357667,-0.017844017576908077,0.04162223437391056,-0.2814297774756601,-0.16240145982039172,2026-06-11
005290,동진쎄미켐,2026-06-11,571.0,2710.0,3281.0,-8182.0,-0.6347562352794389,0.4,-0.7712292725173099,-1.0893162168836283,-1.1547004717125886,-3.0152459611135267,1204,28237.0,28.75,1927.0,2.63,화학,6.13,12.08,87.73,13.22,39.39,-0.2990119611030474,0.0009563587907846505,0.1449932540428162,-0.008485345959703829,-0.009533596005399388,-0.17108129023454974,-0.1627787870368477,2026-06-11
457600,벡트,2026-06-11,16.0,-1.0,15.0,52.0,0.9999999978947367,0.6,1.6957572314320966,2.0633042414807057,0.5384863777168343,4.297547850629637,1205,276.0,-6.01,-335.0,1.53,전기·전자,3.39,-26.21,125.54,-22.8,0.0,0.3984215474197371,-0.19543469615417852,-0.12136515416178253,-0.02182878646280292,-0.01920990513767759,0.04058300550329555,-0.1631463147418955,2026-06-11
290720,푸드나무,2026-06-11,-62.0,4.0,-58.0,-200.0,0.5394402029747685,0.3,-1.4338735264093798,2.1663306029084217,-1.5865122027327703,-0.8540551262337284,1206,1140.0,43.45,74.0,3.16,유통,18.85,-15.84,178.05,-27.77,0.0,-0.09289553756365473,0.009665058692653038,-0.06945161779861732,-0.022815056450995023,-0.04511098926667478,-0.22060814238728882,-0.16341044571462846,2026-06-11
068100,케이웨더,2026-06-11,-2.0,0.0,-2.0,-11.0,-0.41025641071005914,0.4,-0.34218227763102055,-0.3236357285256787,0.9710587676585568,0.30524076150185764,1207,271.0,-13.05,-174.0,1.95,기계·장비,2.02,-4.65,26.57,14.99,0.0,0.017668471105794503,-0.2179512923562853,-0.021032858832123684,-0.01432956254856158,0.07028006229369908,-0.165365180337477,-0.16515552549143303,2026-06-11
079000,와토스코리아,2026-06-11,30.0,5.0,35.0,109.0,-0.004975124749387438,0.7,1.5421737042509105,0.050980799097847446,1.7122198664060229,3.305374369754781,1208,356.0,0.0,0.0,0.0,화학,-1.0,0.0,0.0,0.0,0.0,0.30379628522259783,-0.42904906714047025,0.036612036570004364,-0.017304248086388457,0.08077609066700714,-0.025168902767249382,-0.16623584627441998,2026-06-11
036630,세종텔레콤,2026-06-11,-18.0,0.0,-18.0,-72.0,-0.5065789474495759,0.5,-0.5061716209514939,-1.3454757120914034,-1.6984840454084644,-3.5501313784513617,1209,1231.0,33.91,363.0,0.72,건설,1.9,2.93,117.59,-10.81,0.0,-0.35002488760899464,0.03202359326361022,0.057784026350185785,-0.01944943492187268,0.009292115558681075,-0.2703745873583902,-0.16691459105471007,2026-06-11
016250,SGC E&C,2026-06-11,11.0,0.0,11.0,28.0,-0.6264367817702141,0.5,0.6717958552770759,-0.6601096591477846,0.4126381548648493,0.4243243509941405,1210,575.0,-0.89,-12847.0,0.18,건설,1.69,-16.02,324.98,-3.67,54.67,0.02902567435330305,0.08699767981784247,-0.0916467387409955,-0.009433758654017412,-0.0657691921785922,-0.050826335402459594,-0.1675078971802244,2026-06-11
289930,웨이비스,2026-06-11,-178.0,0.0,-178.0,-186.0,-0.027335781337560205,0.6,0.24034069274672576,0.20187133794829348,0.9878043581787976,1.4300163888738169,1211,1403.0,-21.64,-493.0,3.97,전기·전자,1.91,-21.94,99.33,74.05,0.0,0.12494022418588707,-0.24767061446209737,-0.09381480094127866,-0.002609420596323071,4.8584735480109155e-05,-0.2191060270783319,-0.16763901028600375,2026-06-11
058110,멕아이씨에스,2026-06-11,-66.0,0.0,-66.0,-9.0,-0.13825757600238908,0.5,-1.9741419485159934,-0.06372112358323981,-1.2909943487358135,-3.328857420835047,1212,308.0,-12.16,-158.0,0.81,의료·정밀기기,0.89,-2.3,54.03,33.35,0.0,-0.32892161619482607,-0.08607101576716254,0.05592155586204302,-0.010686118487554146,0.015326352788798027,-0.3544308417987017,-0.1677051393800231,2026-06-11
0041L0,하나35호스팩,2026-06-11,0.0,0.0,0.0,40.0,3.4444444296296304,0.2,1.520256030324853,1.510120112331109,0.0,3.030376142655962,1213,120.0,0.0,0.0,0.0,금융,-0.15,,,,,0.27756923940392775,-0.3445575598810667,0.0,0.0,0.010835218638686445,-0.056153101838452485,-0.16818571376216057,2026-06-11
043360,디지아이,2026-06-11,0.0,4.0,4.0,19.0,-0.722222222350823,0.6,0.014889865320764048,-0.8069898611989311,-0.47813173571107115,-1.2702317315892382,1214,221.0,-11.66,-211.0,0.53,전기·전자,6.96,-4.55,10.23,22.32,0.0,-0.13258700398680098,-0.03507543565121082,0.01838675468039874,-0.01287496314947746,0.06551716343438702,-0.0966334846727035,-0.169803611491311,2026-06-11
307930,컴퍼니케이,2026-06-11,-64.0,0.0,-64.0,1163.0,-0.4030332365471754,0.6,1.3808129185740698,-0.9479246134728414,1.5856945579625816,2.01858286306381,1215,1113.0,0.0,0.0,0.0,금융,-3.78,0.0,0.0,0.0,0.0,0.18107280383472632,-0.3445575598810667,-0.12107726715955013,-0.017304248086388457,0.04994070861338825,-0.2519255626788907,-0.17150196574838628,2026-06-11
096870,엘디티,2026-06-11,-1.0,0.0,-1.0,-56.0,-0.6019900500482662,0.3,-1.0406500762195416,-1.1135812855755143,-0.9466847539262023,-3.100916115721258,1216,150.0,-44.9,-40.0,0.8,전기·전자,0.17,-1.78,14.94,12.35,0.0,-0.30718246857829057,-0.11788094879343075,0.03625899787028064,-0.014853456465830625,0.06205636651326636,-0.34160150945400497,-0.17160680249374977,2026-06-11
066670,디티씨,2026-06-11,3.0,0.0,3.0,-109.0,-0.5541401275305287,0.2,0.036622646396802884,-0.8604760342606067,-0.25819886474716347,-1.0820522526109673,1217,506.0,13.39,202.0,0.26,,8.2,3.25,19.58,-18.44,2.43,-0.11464000894845455,0.0,0.0,-0.020581364708149006,0.0,-0.13522137365660356,-0.1726321251242078,2026-06-11
217620,선샤인푸드,2026-05-07,0.0,0.0,0.0,-3.0,-1.0,0.2,-2.228124534383689,-0.6499626038474355,1.1442835526482737,-1.7338035855828509,1218,,,,,,,,,,,-0.17679863539694587,0.0,0.0,0.0,0.0,-0.17679863539694587,-0.17307883950426453,2026-06-11
376180,피코그램,2026-06-11,-2.0,0.0,-2.0,-2.0,-0.6035242292495488,0.3,0.7402964428972648,-1.0021651087184509,0.3017563420399922,0.03988767621880612,1219,329.0,0.0,0.0,0.0,기타제조,-1.93,0.0,0.0,0.0,0.0,-0.007638701232241064,-0.3243536083273382,0.12012323713835288,-0.017304248086388457,0.09346514254187022,-0.13570817796574466,-0.17407113033213717,2026-06-11
008830,대동기어,2026-06-11,-619.0,60.0,-559.0,-248.0,0.08152827913290328,0.7,-1.9103752374328469,1.0329550930319154,0.25819885641383217,-0.6192212879870993,1220,1167.0,99.85,130.0,1.36,기계·장비,-4.84,1.35,191.53,-8.6,-44.81,-0.07049903741001813,0.08827773440981614,0.04136839220862803,-0.02605882158943097,-0.15653623686442328,-0.12344796924542821,-0.17512606119231475,2026-06-11
107600,새빗켐,2026-06-11,-7.0,0.0,-7.0,319.0,-0.4966996700292863,0.7,0.7490337603134082,-0.5964803825664392,0.5163977394943252,0.6689511172412942,1221,1037.0,-8.44,-2178.0,1.73,화학,-1.13,-18.45,77.6,-34.04,0.0,0.05235614260585543,-0.2504243237605061,-0.12892053481852034,-0.024059304504508994,0.0008942750306370755,-0.350153745447043,-0.17754991459712674,2026-06-11
200670,휴메딕스,2026-06-11,-234.0,25.0,-209.0,-34.0,-0.3929078014442735,0.4,0.4936230015318887,-0.2222757611681716,1.427011881479942,1.6983591218436591,1222,3099.0,0.0,0.0,0.0,제약,4.94,0.0,0.0,0.0,0.0,0.15053252427798255,-0.3931126709480749,0.0697583232747527,-0.017304248086388457,0.0698994745317317,-0.12022659694999638,-0.17779070955143833,2026-06-11
315640,딥노이드,2026-06-11,55.0,-43.0,12.0,105.0,-0.3895191789212017,0.7,0.4248786613847854,-0.2501541964144923,1.4819170649169602,1.6566415298872532,1223,652.0,-5.87,-378.0,2.8,IT 서비스,2.07,-39.28,67.92,461.15,0.0,0.1465538470071212,-0.25061850926665,-0.23235829438254907,0.07420850946990665,0.009848627573237047,-0.25236581959893417,-0.17917533168606806,2026-06-11
078160,메디포스트,2026-06-11,16.0,9.0,25.0,682.0,-0.5090246729712944,0.8,0.47440226008534114,0.4183653579348592,2.191690652971818,3.0844582709920183,1224,4097.0,-4.69,-2230.0,1.64,제약,11.29,-33.44,139.46,1.24,0.0,0.2827271434122734,-0.14186001116315786,-0.16517259554707991,-0.017058176701004513,-0.062305510891434136,-0.10366915089040302,-0.17968831399247698,2026-06-11
099520,DGI,2026-06-11,,,0.0,0.0,-1.0,0.0,0.0,0.0,0.0,0.0,1225,581.0,-17.59,-73.0,2.52,전기·전자,0.0,-9.46,23.31,166.74,0.0,-0.011442856345630146,-0.22882378503747502,-0.013292925486503852,0.015784415461126775,0.05590628790821753,-0.1818688635002647,-0.1804217594464218,2026-06-11
03481K,해성산업1우,2026-06-11,-2.0,0.0,-2.0,-8.0,0.42857141836734725,0.0,0.4124227343072829,2.346084974569503,0.0,2.758507708876786,1226,82.0,0.0,0.0,0.0,금융,-0.17,,,,,0.25164068726524697,-0.3445575598810667,0.0,0.0,0.010835218638686445,-0.08208165397713327,-0.1808485590552392,2026-06-11
0091W0,신영스팩11호,2026-06-11,-1.0,1.0,0.0,9.0,-0.6219931275374642,0.4,-0.48145417403266016,-0.6502165353399462,1.9321833328252864,0.80051262345268,1227,123.0,0.0,0.0,0.0,금융,-0.15,,,,,0.0649033858654978,-0.3445575598810667,0.0,0.0,0.010835218638686445,-0.2688189553768824,-0.1816332441123617,2026-06-11
060560,HC홈센타,2026-06-11,23.0,0.0,23.0,47.0,-0.5713035871641374,0.7,-0.4817786839257803,-0.628860321300054,0.6954643428524667,-0.41517466237336764,1228,512.0,-2.53,-796.0,0.36,유통,3.44,-17.59,145.45,-1.23,0.0,-0.05103876577272749,-0.09747858829073987,-0.08157671874181782,-0.01754833502511608,-0.023519962883486012,-0.27116237071388727,-0.18273476637184372,2026-06-11
294570,쿠콘,2026-06-11,61.0,-6.0,55.0,415.0,-0.3526785714767353,0.8,0.1640006876759074,-0.38432324345448016,1.2881222737353677,1.0677997179567948,1229,2185.0,0.0,0.0,0.0,IT 서비스,0.7,0.0,0.0,0.0,0.0,0.09039500793249956,-0.45057340712168825,0.050830438761796826,-0.017304248086388457,0.07744440339623322,-0.24920780511754714,-0.1829780487069072,2026-06-11
104200,NHN벅스,2026-06-11,5.0,0.0,5.0,-26.0,-0.5874587460788158,0.5,-0.14504266659172832,-0.4810813353365934,0.6396345221731096,0.013510520244787827,1230,454.0,-3.58,-855.0,0.68,IT 서비스,0.99,-20.18,34.63,-8.4,-55.52,-0.010154335189576333,-0.0865688252679345,-0.09465705194219758,-0.02770365704471927,0.042979713809213824,-0.17610415563521387,-0.18386346235981782,2026-06-11
457550,우진엔텍,2026-06-11,39.0,-17.0,22.0,1095.0,-0.34106031339318343,1.0,-1.027388313882425,-0.6245280865345522,1.481916982564031,-0.16999941785294603,1231,1957.0,0.0,0.0,0.0,일반서비스,0.24,0.0,0.0,0.0,0.0,-0.027655988220019603,-0.3844662850913059,0.059719083233319294,-0.017304248086388457,0.038922617848128026,-0.33078482031626666,-0.18519076051304917,2026-06-11
047310,파워로직스,2026-06-11,31.0,0.0,31.0,327.0,-0.4610127368999217,0.6,0.3007905033710358,-0.6881417874175875,0.33156580314327866,-0.05578548090327301,1232,1430.0,-11.59,-337.0,0.72,전기·전자,2.23,-0.72,95.39,35.31,0.0,-0.016763211967926333,-0.09982048707928404,0.04309819562525351,-0.01029716694291501,0.0029436038159929385,-0.08083906654887893,-0.18650205630800576,2026-06-11
0097F0,미래에셋비전스팩10호,2026-06-11,0.0,0.0,0.0,65.0,-0.7916666667751736,0.8,0.031071172559104247,-1.200933007580695,0.8703882343239466,-0.29947360069764417,1233,130.0,0.0,0.0,0.0,금융,0.05,,,,,-0.04000415992144126,-0.3445575598810667,0.0,0.0,0.010835218638686445,-0.37372650116382145,-0.18891610996314884,2026-06-11
0004V0,엔비알모션,2026-06-11,-137.0,0.0,-137.0,26.0,-0.7918545235995224,0.4,0.09527883277154346,-0.7550650773227541,0.8334107188754232,0.17362447432421257,1234,1035.0,-7.9,-1260.0,3.01,금속,-1.39,0.0,138.29,-3.75,0.0,0.005116003292789617,-0.23120653364597563,0.027256342767758287,-0.018048415582509258,-0.03029763476445248,-0.24718023793238947,-0.18958290597051153,2026-06-11
256630,포인트엔지니어링,2026-06-11,6.0,0.0,6.0,9.0,-0.8901098901501429,0.3,1.0310958243198933,-0.7672874133726341,1.032795425655328,1.2966038366025874,1235,545.0,-9.2,-511.0,0.8,금속,6.82,-10.71,40.29,-30.94,0.0,0.112216443534218,-0.14440316700952588,-0.11826480929739192,-0.023444126041049135,0.03642860035843725,-0.13746705845531168,-0.1919177867487106,2026-06-11
361670,삼영에스앤씨,2026-06-11,-1.0,0.0,-1.0,-24.0,-0.8333333336111111,0.3,-0.9285591210876163,-1.4232124401286093,-1.237972302905255,-3.5897438641214805,1236,138.0,-12.26,-199.0,0.72,전기·전자,1.67,-3.29,12.89,-0.12,0.0,-0.3538027973345301,-0.09982048707928404,0.026516367106121194,-0.017328061446264323,0.06356265816683268,-0.3808723205871245,-0.1921237056204018,2026-06-11
139050,BF랩스,2026-05-07,-22.0,0.0,-22.0,-60.0,0.2903225785639958,0.0,-1.5871239296660051,-0.3576335515916372,0.0,-1.9447574812576423,1237,,,,,,,,,,,-0.1969176650570955,0.0,0.0,0.0,0.0,-0.1969176650570955,-0.19266013066764776,2026-06-11
090360,로보스타,2026-06-11,-25337.0,27412.0,2075.0,12497.0,0.6068855545491789,0.7,-0.002333837591640483,-0.08192537503723296,-0.4492234786954345,-0.5334826913243079,1238,10364.0,-199.44,-533.0,11.94,기계·장비,2.61,-2.32,27.02,77.72,0.0,-0.062322002500278674,-0.2822384917534227,0.003199626988701566,-0.0018811286734528483,0.06966132238935163,-0.27358067354910104,-0.19336217827230284,2026-06-11
417010,나노팀,2026-06-11,-143.0,0.0,-143.0,-779.0,-0.831966554110404,0.5,-0.8691552811445896,-0.6982590759116912,-0.9486831480505391,-2.5160975051068197,1239,1632.0,161.8,50.0,3.34,기계·장비,-0.37,1.01,141.25,8.79,0.0,-0.2514073290146301,0.021931964474694098,0.03783232131631876,-0.015559919475481302,-0.08740236488533507,-0.2946053275844336,-0.19432610501477965,2026-06-11
378340,필에너지,2026-06-11,26.0,0.0,26.0,268.0,-0.6000000000222223,0.6,0.7015040060398069,-0.4736299781704949,1.8847023220089218,2.1125763498782337,1240,2757.0,-17.81,-716.0,2.16,기계·장비,3.32,-10.9,63.42,81.4,0.0,0.19003712157359162,-0.22542143489550892,-0.08603416199957338,-0.0011508523039263023,0.01961213901546915,-0.10295718860994783,-0.19457675997296398,2026-06-11
439580,블루엠텍,2026-06-11,-23.0,107.0,84.0,-62.0,-0.1079812207200952,0.8,-0.10311097700344134,-0.21030447560728438,0.5163977394943259,0.20298228688360015,1241,821.0,-18.1,-134.0,1.83,유통,4.3,-0.56,138.56,28.85,0.0,0.007915907507642253,-0.24862759651936528,0.036417835008298975,-0.011579119482899107,-0.018956706080413305,-0.23482967956673645,-0.19611461658930954,2026-06-11
218150,미래생명자원,2026-06-11,-317.0,0.0,-317.0,-256.0,1.80459770050469,0.7,-2.298404213980871,2.5147273308362705,0.9339808727403454,1.150303989595745,1242,394.0,-12.06,-160.0,0.93,음식료·담배,-1.98,-8.39,41.15,15.87,182.25,0.09826357979690356,-0.3320207616009966,-0.07610864494249218,0.01451029469450446,0.05795433774031947,-0.2374011943117613,-0.19639842166579818,2026-06-11
258610,케일럼,2026-06-11,3.0,0.0,3.0,9.0,-0.48484848531680447,0.8,-0.6169579642333158,-1.1851052272585243,1.9733858785415825,0.1713226870497424,1243,367.0,-13.59,-74.0,0.81,금속,-1.95,-3.75,71.97,-14.64,-32.98,0.004896477949120156,-0.1458627398466619,-0.023696441568778894,-0.02539674356826723,0.014858323535037797,-0.17520112349955008,-0.19783408192480703,2026-06-11
357580,아모센스,2026-06-11,111.0,-295.0,-184.0,-213.0,-0.47327652984224333,0.2,0.022563773571507954,0.08812507597370658,-1.1006990381734,-0.9900101886281856,1244,1096.0,211.36,44.0,2.43,전기·전자,1.42,0.07,188.62,-10.66,-65.33,-0.10586180170403503,0.041809461958837564,0.04819533357471441,-0.029695109706167455,-0.06555960148253784,-0.11111171735918836,-0.19784984622438287,2026-06-11
278280,천보,2026-06-11,-2216.0,2587.0,371.0,34.0,-0.5930974626089789,0.5,1.2866579190537573,-0.6460065700129265,1.8517518783069427,2.4924032273477734,1245,5219.0,-7.5,-5710.0,1.18,화학,8.07,-16.84,75.26,14.67,0.0,0.22626185299695567,-0.21992714586922266,-0.11447568712553799,-0.014393064841563889,0.0033030823578162646,-0.1192309624815526,-0.19888490039406065,2026-06-11
177830,파버나인,2026-06-11,-6.0,0.0,-6.0,-10.0,-0.33333333386666664,0.2,-0.2976874720734533,-0.21179482348671702,-1.3015826763237042,-1.8110649718838745,1246,341.0,-9.23,-274.0,0.39,전기·전자,3.27,-6.02,121.35,-9.97,-91.72,-0.18416718442327384,0.052998804348111446,0.00890220685038921,-0.033708939059641736,-0.016131191953071295,-0.17210630423748624,-0.20008686158580788,2026-06-11
039020,이건홀딩스,2026-06-11,51.0,-3.0,48.0,-29.0,-0.22948073721202322,0.3,1.3676238327445456,-0.8069420828783181,0.7391490799951592,1.2998308298613868,1247,667.0,-13.68,-216.0,0.36,종이·목재,3.32,-3.51,108.35,-18.05,-21.26,0.11252420733672666,-0.10223407109312105,0.0254217585681378,-0.024230057447426886,-0.07757807351371221,-0.06609623614939568,-0.20150895484012712,2026-06-11
0044K0,삼성스팩10호,2026-06-11,-2.0,5.0,3.0,6.0,-0.962686567178102,0.5,0.8866542947674942,-0.9713131318886518,1.8719417694169356,1.7872829322957782,1248,151.0,0.0,0.0,0.0,금융,0.0,,,,,0.15901333841159657,-0.3445575598810667,0.0,0.0,0.010835218638686445,-0.17470900283078367,-0.201961383070564,2026-06-11
043200,파루,2026-06-11,-31.0,0.0,-31.0,-132.0,0.5415415410786164,0.6,-2.353322633837317,1.7774677900312421,-0.5351295032822388,-1.1109843470883138,1249,317.0,-7.74,-98.0,1.32,전기·전자,1.07,-10.24,136.56,-0.22,0.0,-0.11739931171012213,-0.1819134948708601,-0.018325542702427273,-0.017347905912827543,-0.027307141246117023,-0.36229339644235403,-0.20260919069678285,2026-06-11
432980,엠에프씨,2026-06-11,1.0,0.0,1.0,-79.0,0.7557251894994463,0.4,-0.8586754324420501,0.18037761717684822,-1.1301295571352594,-1.8084273724004614,1250,243.0,-20.51,-138.0,0.8,제약,0.53,-5.13,28.5,19.04,102.91,-0.1839156321015277,-0.0419299760214295,0.03371778459185793,0.0026603572839212597,0.04288210693844169,-0.14658535930873634,-0.2036298449894855,2026-06-11
039560,다산네트웍스,2026-06-11,-110.0,13.0,-97.0,-334.0,-0.14134742409898637,0.4,-1.566988935955218,0.23406949957182202,-1.8708283433870332,-3.2037477797704295,1251,1362.0,-17.54,-181.0,0.47,전기·전자,-0.31,-2.8,85.68,4.73,10.76,-0.3169896982214786,-0.003754201365737547,0.029677883049457707,-0.014673216170016939,0.010078282818982678,-0.2956609498887927,-0.2040469030947694,2026-06-11
317530,에피소드컴퍼니,2026-06-11,2.0,0.0,2.0,50.0,-0.8666666667022223,0.8,0.4948386592729495,-0.8171574762916272,2.1974008765798763,1.8750820595611986,1252,530.0,-5.02,-603.0,1.99,오락·문화,1.0,-26.02,109.75,1478.01,0.0,0.16738688960835374,-0.24462975639378542,-0.2509871490499857,0.2153598186958812,-0.06308420421557462,-0.1759544013551108,-0.2057131598631529,2026-06-11
250930,예선테크,2026-06-11,2.0,0.0,2.0,-12.0,-0.799196787390526,0.5,-0.10690479889903605,-1.290413087550521,1.3542925239864914,-0.043025362463065875,1253,133.0,-17.48,-23.0,0.86,화학,1.52,7.43,221.22,3.81,0.0,-0.015546257900572614,-0.18423319728441404,0.10327366287985469,-0.016548173910329724,-0.14694884818708803,-0.26000281440254974,-0.20709017503608917,2026-06-11
109740,디에스케이,2026-06-11,-37.0,0.0,-37.0,-36.0,0.8412698409191233,0.4,-0.11610717037289446,0.6713349434615127,0.0,0.5552277730886183,1254,1638.0,-10.55,-604.0,1.52,기계·장비,-0.47,-12.9,29.75,58.34,0.0,0.041510155018187,-0.1962148625617024,-0.10683457901315728,-0.0057269862934051395,0.06590763363631044,-0.20135863921376737,-0.2072775911950565,2026-06-11
024840,KBI메탈,2026-06-11,487.0,-776.0,-289.0,-2081.0,-0.5003103662352557,0.3,0.542195632559579,-0.3937685976672437,-0.724568749809483,-0.5761417149171477,1255,1842.0,-4495.0,-1.0,1.29,금속,-3.44,6.3,163.31,14.22,202.32,-0.06639046569785083,-0.18931048941722162,0.11285702045314075,0.01733957476609776,-0.04733325111929638,-0.17283761101513032,-0.20801523199513106,2026-06-11
127120,제이에스링크,2026-06-11,168.0,-59.0,109.0,160.0,-0.7178488798616451,0.8,-0.6413675970583976,-1.070525632247589,1.6630854299891082,-0.048807799316878286,1256,11373.0,-54.66,-601.0,15.3,일반서비스,6.31,-26.29,60.37,69.4,0.0,-0.01609773867886144,-0.22924846025715723,-0.0664368207112648,-0.0035321882915128606,0.015162300443467011,-0.30015290749532936,-0.20870240050456557,2026-06-11
482690,대신밸런스제19호스팩,2026-06-11,0.0,0.0,0.0,41.0,-0.8924731183662852,0.4,0.35779831855775035,-0.8149156911830072,0.0,-0.45711737262525687,1257,123.0,-35.9,-61.0,1.07,금융,2.1,0.0,16.25,0.0,0.0,-0.055038912956004465,-0.0861779049256817,-0.12107726715955013,-0.017304248086388457,0.037971143495872633,-0.24162718963175214,-0.20900114118905602,2026-06-11
095700,제넥신,2026-06-11,-45.0,-2.0,-47.0,-375.0,-0.5365344467834432,0.4,0.8312236897180064,-0.8373622963019631,0.9211322456709666,0.9149936390870099,1258,1375.0,0.0,0.0,0.0,일반서비스,1.0,0.0,0.0,0.0,0.0,0.07582163386325863,-0.3844662850913059,0.059719083233319294,-0.017304248086388457,0.038922617848128026,-0.22730719823298842,-0.20994544960690298,2026-06-11
123010,알엔티엑스,2026-06-11,-62.0,0.0,-62.0,-23.0,-0.8222594453799853,0.3,0.9844283189445268,-1.0883139576576075,-0.5424744879950489,-0.6463601267081297,1259,770.0,-22.28,-101.0,2.76,전기·전자,-8.16,-6.68,76.88,-10.23,1069.27,-0.07308731433860426,-0.23331085627080336,0.004643838436915543,0.14884599844640053,0.01654431528307226,-0.13636401844301924,-0.21117338978152023,2026-06-11
226340,본느,2026-06-11,17.0,36.0,53.0,149.0,-0.0972222224573206,1.0,0.12018500405526632,-0.6543467835252613,1.7501514602293502,1.215989680759355,1260,205.0,-1.38,-1767.0,0.59,화학,2.73,-34.49,65.04,-29.18,0.0,0.10452813520860066,-0.12399965904754945,-0.27283069444301555,-0.02309486342953644,0.013823599829513453,-0.3015734818819873,-0.21199928657436223,2026-06-11
464500,아이언디바이스,2026-06-11,-22.0,0.0,-22.0,-58.0,-0.234348561856893,0.3,0.25837107570215023,-0.5100277715305443,-1.1264606796343306,-1.3781173754627247,1261,328.0,-7.22,-325.0,1.23,전기·전자,8.56,-14.93,25.9,342.49,0.0,-0.1428762402298764,-0.17470532833306318,-0.048585766731505296,0.05066106544598825,0.054003216989809345,-0.2615030528586473,-0.2129634619754981,2026-06-11
463020,뉴엔AI,2026-06-11,-11.0,-2.0,-13.0,291.0,0.05592841149137451,0.7,1.015513467384199,0.014214763087536022,1.3592233596178587,2.3889515900895937,1262,744.0,-9.09,-922.0,2.6,IT 서비스,1.33,-35.79,40.95,10.27,-70.93,0.21639549546072423,-0.2465708392695845,-0.20719717730836965,-0.026422459920323004,0.03668988307892325,-0.2271050979586297,-0.21323259072052594,2026-06-11
210120,캔버스엔,2026-06-11,,,0.0,227.0,-0.3268608414893015,0.3,1.4644507479478568,-0.7280212206322372,-0.258198856413833,0.4782306709017866,1263,225.0,0.0,0.0,0.0,오락·문화,0.0,0.0,0.0,0.0,0.0,0.03416681121461698,-0.4414210275122781,0.09727296600597421,-0.017304248086388457,0.0997756289863902,-0.22750986939168516,-0.21336602328534496,2026-06-11
490470,세미파이브,2026-06-11,-356.0,290.0,-66.0,3362.0,-0.7455717453569657,0.4,1.2356849846459677,-0.8258879834755515,-0.8143449605196548,-0.4045479593492386,1264,9170.0,-13.62,-1978.0,4.14,일반서비스,2.28,0.0,39.5,136.81,0.0,-0.05002527914026611,-0.20357893467775684,0.059719083233319294,0.00984496661875463,0.023376277985876742,-0.16066388598007228,-0.21441863280391735,2026-06-11
258830,세종메디칼,2026-06-11,,,0.0,0.0,-1.0,0.0,0.0,0.0,0.0,0.0,1265,312.0,0.0,0.0,1.2,의료·정밀기기,0.0,-4.95,158.17,9.53,0.0,-0.011442856345630146,-0.1552351378178616,0.03721091632030173,-0.015413070422913466,-0.07429620931223543,-0.2191763575783389,-0.21495921948455604,2026-06-11
140430,카티스,2026-06-11,28.0,0.0,28.0,-24.0,-0.5012165451942032,0.5,0.1929033151054762,-0.487836458084222,1.7968941165834917,1.501960973604746,1266,229.0,-22.58,-95.0,3.34,IT 서비스,-0.46,-19.15,70.23,5.52,-15.67,0.13180170085811746,-0.2591258875239555,-0.08723127813520479,-0.018673492464541124,0.007549654632260584,-0.22567930263332334,-0.2151964309717101,2026-06-11
099220,SDN,2026-06-11,-13.0,0.0,-13.0,-328.0,0.30589430874402046,0.1,0.340437600150779,1.6752902051375496,-1.056147197139972,0.9595806081483564,1267,617.0,-35.19,-27.0,0.78,유통,2.15,-3.09,107.33,15.87,0.0,0.08007396847946452,-0.19879825314729094,0.01888840335898627,-0.014154931242805235,0.0017269673535432817,-0.11226384519810209,-0.21524265291144695,2026-06-11
060900,에이전트AI,2026-06-11,16.0,0.0,16.0,-8.0,-0.4690265489075104,0.2,0.5870511936494279,-0.16319089041887339,-0.7437914678645446,-0.3199311646339901,1268,199.0,-0.76,-6535.0,0.53,,2.89,-50.02,59.13,-54.71,0.0,-0.041955232378734275,0.0,0.0,-0.028161155743126838,0.0,-0.0701163881218611,-0.21533202216628988,2026-06-11
101670,하이드로리튬,2026-06-11,69.0,0.0,69.0,261.0,-0.5114345114852978,0.6,1.0679640307567966,-0.4722682710473309,0.6305969503343194,1.226292710043785,1269,754.0,-2.08,-640.0,1.19,금속,1.53,0.0,177.11,-41.26,0.0,0.10551075252931792,-0.18314930644240485,0.027256342767758287,-0.02549207499037357,-0.056729394432519634,-0.13260368056822186,-0.2166482619023458,2026-06-11
083310,엘오티베큠,2026-06-11,-48.0,0.0,-48.0,-658.0,-0.736607504666425,0.1,0.45128015221468915,-0.860351706925239,-1.1832158788421503,-1.5922874335527002,1270,1922.0,-24.19,-446.0,0.7,기계·장비,5.68,-1.75,36.01,12.67,0.0,-0.1633020007366689,-0.08074459265626024,0.009127745837572976,-0.014789954172828315,0.05730027407805484,-0.19240852765012967,-0.21670290877262569,2026-06-11
476060,온코닉테라퓨틱스,2026-06-11,880.0,-1505.0,-625.0,1543.0,-0.4813322343363433,0.5,1.177348068965818,0.07658911379460832,1.5760675904253112,2.8300047731857374,1271,7211.0,-65.08,-244.0,12.25,일반서비스,0.7,-44.55,8.74,-29.53,0.0,0.25845948315827444,-0.2268775356759921,-0.15405974981085038,-0.023164319062507713,0.035482744167214704,-0.11015937722386104,-0.21698647148550798,2026-06-11
059120,아진엑스텍,2026-06-11,-48.0,0.0,-48.0,872.0,-0.7369454259975592,0.7,0.47325442859200184,-1.4681344926770394,0.7245687498094802,-0.27031131427555743,1272,1271.0,0.0,0.0,0.0,전기·전자,2.81,0.0,0.0,0.0,0.0,-0.037222903364851144,-0.4104604285626079,0.04774368843995205,-0.017304248086388457,0.07303392617389115,-0.3442099654000043,-0.2170345219033003,2026-06-11
246960,SCL사이언스,2026-06-11,8.0,-10.0,-2.0,-19.0,-0.48434622496260804,0.4,0.6025634232360524,-0.5296755403771193,0.6324554320336915,0.7053433148926246,1273,602.0,-14.75,-120.0,2.46,제약,-0.56,-12.66,243.96,237.88,0.0,0.055826928018957604,-0.1735838318430716,-0.019183824819876516,0.02990176897420242,-0.16136919206683087,-0.26840815173661897,-0.21972137925495094,2026-06-11
084180,수성웹툰,2026-06-11,-1.0,0.0,-1.0,-50.0,-0.6732026146994745,0.2,-0.6495055743107425,-0.6162777318388185,-0.14564378443270867,-1.41142709058227,1274,116.0,-0.29,-2226.0,0.15,기계·장비,0.47,-43.23,122.16,-2.4,-56.08,-0.14605304407280892,0.29096502996621104,-0.42227290302415715,-0.026601068757509765,-0.061154043165351085,-0.36511602905361595,-0.22001160036009532,2026-06-11
082850,우리바이오,2026-06-11,101.0,0.0,101.0,295.0,0.7155555553268149,0.6,0.8003819536974103,1.344377637184249,-0.6492344089029489,1.4955251819787103,1275,672.0,-7.19,-193.0,0.32,음식료·담배,1.39,-3.18,226.52,-9.76,0.0,0.13118790853066806,-0.0329538007969585,-0.02398132062726625,-0.01924106802295886,-0.15416918061140372,-0.09915746152791928,-0.22014529149848508,2026-06-11
046970,우리로,2026-06-11,-300.0,0.0,-300.0,964.0,-0.8811038476730527,0.6,0.24167893705168475,-1.1722439847540458,0.29580394540498606,-0.6347611022973749,1276,2673.0,-338.89,-18.0,6.76,유통,0.0,6.57,43.15,63.46,0.0,-0.07198109577173538,-0.2756230539725879,0.08581896056545299,-0.0047109496053682086,0.044233472668667645,-0.22226266611557086,-0.22206594202074392,2026-06-11
0096B0,삼성스팩12호,2026-06-11,0.0,5.0,5.0,55.0,-0.7460317462736206,0.7,0.4204643143307035,-0.6956850199111337,1.3542924181725606,1.0790717125921305,1277,131.0,0.0,0.0,0.0,금융,0.0,,,,,0.09147003711682417,-0.3445575598810667,0.0,0.0,0.010835218638686445,-0.24225230412555607,-0.22260498900702558,2026-06-11
095190,신화프리텍,2026-06-11,4.0,0.0,4.0,-100.0,-0.6673064619960385,0.2,1.2687080855228317,-0.7757418471289785,0.07543908550999788,0.568405323903851,1278,1224.0,-18.56,-101.0,1.1,금속,1.41,-5.4,155.21,18.11,147.45,0.04276692031684026,-0.17664645786625735,-0.04611566667685526,0.009481286122100165,-0.04181812352240448,-0.21233204162657665,-0.22323768913271985,2026-06-11
215480,토박스코리아,2026-06-11,19.0,0.0,19.0,0.0,-0.3285371705053224,0.7,-1.5369932901650716,-0.5496695403091687,0.134621594429207,-1.952041236045033,1279,177.0,-14.95,-132.0,0.56,유통,-3.24,-0.57,25.77,8.65,0.0,-0.19761232906477363,-0.16468040681804416,0.03634854871719498,-0.015587701728669813,0.05574427139688298,-0.2857876174974096,-0.2242647106104822,2026-06-11
056080,유진로봇,2026-06-11,967.0,-509.0,458.0,2370.0,-0.7315034524055783,0.8,0.40808084907836867,-1.6164128546537808,1.979754220531964,0.7714222149565519,1280,7120.0,-223.29,-85.0,19.94,기계·장비,5.27,-8.56,53.28,35.12,0.0,0.062128984428220124,-0.28727301630101615,-0.06169767409368022,-0.01033487142938513,0.033554411526764985,-0.26362216586909637,-0.2247831983613553,2026-06-11
440320,오픈놀,2026-06-11,-8.0,0.0,-8.0,-8.0,-0.6310596311071137,0.5,-0.6675365228949905,-0.6879442044030945,0.5825751377308361,-0.7729055895672488,1281,288.0,-4.41,-663.0,0.83,IT 서비스,2.63,-16.13,89.99,-12.96,90.01,-0.08515616906383233,-0.12572594465839854,-0.06545862095353665,-0.005718850971543004,-0.012116018663711203,-0.29417560431102174,-0.22576047416710338,2026-06-11
054180,메디콕스,2026-06-11,,,0.0,0.0,-1.0,0.0,0.0,0.0,0.0,0.0,1282,127.0,-1.04,-2208.0,0.27,운송장비·부품,0.0,-20.78,51.76,-7.21,0.0,-0.011442856345630146,-0.0029499393675183395,-0.22387505949619632,-0.018735034125596715,0.029562037780087504,-0.22744085155485402,-0.2257834000441915,2026-06-11
058470,리노공업,2026-06-11,6221.0,-6649.0,-428.0,23524.0,-0.13242869707315064,0.5,1.0201074090696773,-0.290504867986031,0.3185109982005236,1.04811353928417,1283,76059.0,0.0,0.0,0.0,전기·전자,7.31,0.0,0.0,0.0,0.0,0.08851750379187862,-0.4104604285626079,0.04774368843995205,-0.017304248086388457,0.07303392617389115,-0.21846955824327458,-0.2258919671913341,2026-06-11
293490,카카오게임즈,2026-06-11,1204.0,-807.0,397.0,-1013.0,-0.5341387516080798,0.6,-1.2193118128624318,-0.952287638417882,0.11230586967385937,-2.059293581606455,1284,7820.0,-7.34,-1186.0,0.65,IT 서비스,2.35,-8.74,134.96,-32.5,0.0,-0.2078411665772004,-0.0765686993928314,-0.012180496260646738,-0.023753699719435386,-0.05687134903414906,-0.3772154109842629,-0.226960719470356,2026-06-11
082210,옵트론텍,2026-06-11,11.0,0.0,11.0,-33.0,0.023864510925974525,0.5,-1.018228591582716,0.901634289431649,0.7337993318591929,0.6172050297081259,1285,516.0,-2.28,-649.0,0.8,의료·정밀기기,3.87,-28.97,291.27,25.46,570.97,0.047421030758092016,-0.08341085722675103,-0.13238514473351926,0.07755327822228517,-0.18884165789728977,-0.27966335087718286,-0.22724941201612392,2026-06-11
156100,엘앤케이바이오,2026-06-11,-74.0,-7.0,-81.0,-314.0,-0.09985935311886152,0.3,0.26732587433069704,0.36510378824838197,-0.6324554320336915,-2.576945461241209e-05,1286,1169.0,-6.53,-801.0,2.51,의료·정밀기기,3.98,-14.27,115.61,6.83,0.0,-0.011445314022081272,-0.2302070960444392,-0.028594049917067606,-0.01594887102012044,-0.03766920486610539,-0.3238645358698139,-0.22892978741500486,2026-06-11
026040,제이에스티나,2026-06-11,28.0,-1.0,27.0,-54.0,-0.6754850088526823,0.4,1.470246782029447,-1.0763442891081376,0.7175948649242107,1.1114973578455198,1287,321.0,0.0,0.0,0.0,기타제조,3.02,0.0,0.0,0.0,0.0,0.09456252572205065,-0.3243536083273382,0.12012323713835288,-0.017304248086388457,0.09346514254187022,-0.03350695101145293,-0.23023937701145297,2026-06-11
049080,기가레인,2026-06-11,,,0.0,1438.0,-0.9404365295700905,0.7,0.885707770449995,-0.8024597341714045,1.4270120087526366,1.5102600450312271,1288,843.0,-7.94,-125.0,2.04,전기·전자,0.0,-26.47,129.81,14.75,0.0,0.13259319733011662,-0.2166822981708217,-0.123042693233757,-0.014377189268313313,-0.022347400435593773,-0.24385638377836916,-0.23032661534574445,2026-06-11
383930,디티앤씨알오,2026-06-11,38.0,0.0,38.0,-51.0,-0.7092419522627993,0.4,1.0770772982078485,-0.9560749448581864,-0.5596802069014708,-0.43867785355180877,1289,297.0,-14.78,-157.0,1.03,일반서비스,0.43,-6.63,182.85,35.3,0.0,-0.053280304848906446,-0.09731931853440415,0.02790418619442266,-0.010299151389571333,-0.03304316047624278,-0.16603774905470206,-0.2313311517757607,2026-06-11
012210,삼미금속,2026-06-11,-41.0,0.0,-41.0,381.0,-0.0767487964534056,0.6,1.002740167518371,-0.14821270966887573,0.4605661228354834,1.3150935806849786,1290,1937.0,0.0,0.0,0.0,금속,0.46,0.0,0.0,0.0,0.0,0.11397984168532718,-0.35720888666395334,0.027256342767758287,-0.017304248086388457,0.06386125355334775,-0.16941569674390855,-0.2313513793688315,2026-06-11
051980,중앙첨단소재,2026-06-11,59.0,0.0,59.0,257.0,-0.5680473373036659,0.7,-0.12885263249014547,-1.0955927309308868,0.405839683780248,-0.8186056796407843,1291,1511.0,-25.66,-53.0,1.45,전기·전자,4.62,-3.61,22.76,-30.38,0.0,-0.08951466391276554,-0.19074557019188484,0.02445170363292184,-0.023332997028295093,0.05631041493722312,-0.22283111256280058,-0.23206248321416884,2026-06-11
126640,화신정공,2026-06-11,-2640.0,0.0,-2640.0,-6141.0,5.0,0.3,-2.972105547248104,2.3620334649762653,-1.9085696095128806,-2.5186416917847194,1292,1616.0,64.03,72.0,1.54,운송장비·부품,4.06,2.34,58.87,-10.54,-84.6,-0.2516499723991947,-0.03347046952933452,0.02856114977244008,-0.0327021819639155,0.0281216331485772,-0.26113984097142745,-0.23356073578657793,2026-06-11
138610,나이벡,2026-06-11,73.0,-1.0,72.0,694.0,0.5594541909318091,0.6,1.4409931700177991,1.0169935937570167,-0.05732699548493847,2.400659768289877,1293,2127.0,0.0,0.0,0.0,제약,2.24,0.0,0.0,0.0,0.0,0.2175121242090312,-0.3931126709480749,0.0697583232747527,-0.017304248086388457,0.0698994745317317,-0.053246997018947737,-0.23487569538059458,2026-06-11
208710,포톤,2026-06-11,51.0,0.0,51.0,250.0,-0.6066113230213159,0.6,0.0033198022584984763,-0.7675402846016638,-0.16568336019041383,-0.9299038425335792,1294,326.0,-5.11,-483.0,0.68,전기·전자,2.07,-7.05,85.54,-0.97,0.0,-0.10012935786377125,-0.08919668607096241,0.002256571296028789,-0.017496739412051703,0.010181151517275012,-0.1943850605334816,-0.23492916520702023,2026-06-11
187790,나노,2026-06-11,13.0,64.0,77.0,-590.0,-0.5915891629682251,0.6,-1.147278065348048,-0.706985920928546,-0.09473307988159835,-1.9489970661581926,1295,1445.0,20.55,228.0,3.36,화학,0.64,6.43,171.73,-19.22,0.0,-0.19732200143632211,-0.004722528030909889,0.09430170779104577,-0.021118354559839597,-0.09600360262208862,-0.22486477885811446,-0.23753644967281629,2026-06-11
299030,하나기술,2026-06-11,-155.0,28.0,-127.0,-1124.0,0.876284422407956,0.3,-0.5370283187453914,2.3443912252817682,1.4911502417137228,3.2985131482501,1296,1397.0,-24.06,-726.0,1.39,기계·장비,-2.67,-7.89,281.19,-42.41,0.0,0.30314191892840836,-0.18699588154626526,-0.0547295343941296,-0.025720286355850618,-0.2798167253617393,-0.2441205087295764,-0.23789093660401112,2026-06-11
064260,다날,2026-06-11,-225.0,32.0,-193.0,2505.0,-0.5238095238157763,0.7,0.07423277304029985,-1.0311502650707953,-0.19720263999221116,-1.1541201320227066,1297,3797.0,-5.52,-910.0,1.24,IT 서비스,-1.18,-19.51,132.94,-3.21,-48.4,-0.12151324444283057,-0.18441951931464248,-0.08982669422308578,-0.02555385867495148,-0.05486099174377136,-0.4761743083992816,-0.23791225009674744,2026-06-11
122990,와이솔,2026-06-11,373.0,70.0,443.0,826.0,0.02206135809951415,0.8,-0.304968420502897,0.1357649879906821,-0.3220305684338407,-0.4912340009460556,1298,1982.0,-4.95,-1504.0,0.67,전기·전자,8.45,-8.91,21.56,13.81,0.0,-0.05829267347507353,-0.08634253057618944,-0.009744285141942456,-0.014563727254007591,0.0571921466368717,-0.11175106981034133,-0.23812726231677664,2026-06-11
354320,알멕,2026-06-11,-24.0,-587.0,-611.0,2104.0,-0.7600708618972499,0.6,-0.00017853671308243725,-1.0632103120563148,1.0394060985313023,-0.02398275023809493,1299,3630.0,-277.07,-205.0,2.41,금속,2.71,1.44,115.5,0.14,61.1,-0.013730131780050345,-0.22338362082317922,0.046822211952988566,-0.0076663407041485205,-0.014780380698629454,-0.21273826205301896,-0.23912603159831264,2026-06-11
050110,캠시스,2026-06-11,12.0,0.0,12.0,39.0,-0.8417408506664084,0.2,1.0872931389397282,-1.094747110649225,-0.7409585324584802,-0.748412504167977,1300,361.0,-1.0,-1237.0,0.32,전기·전자,4.58,-21.92,254.75,7.62,66.73,-0.08282022210233987,0.1259352843475502,-0.0936857594742037,-0.005296458983671946,-0.11415036589733821,-0.17001752211000354,-0.2409522648620517,2026-06-11
033540,파라텍,2026-06-11,13.0,0.0,13.0,38.0,-0.21666666686250002,0.4,1.0384086139146207,-0.2723813398999236,-1.326263118342366,-0.5602358443276689,1301,397.0,-1.3,-582.0,0.35,기계·장비,5.71,-26.09,89.81,-42.94,0.0,-0.06487349592994687,0.13329785887577886,-0.2440133292177431,-0.02582546202863569,-0.01667351893059565,-0.21808794723114247,-0.24259862224019307,2026-06-11
459510,나우로보틱스,2026-06-11,165.0,-10.0,155.0,699.0,-0.4967532467736707,0.8,0.3831282946286913,-0.2526548012102592,2.150201556958233,2.280675050376665,1302,2435.0,0.0,0.0,0.0,기계·장비,0.91,0.0,0.0,0.0,0.0,0.20606897882060943,-0.4446167602607267,0.02732811072445889,-0.017304248086388457,0.10681321620150286,-0.12171070260054398,-0.24302373439000127,2026-06-11
243840,신흥에스이씨,2026-06-11,-204.0,-1.0,-205.0,-228.0,-0.45218198701364487,0.6,-0.5362589913909784,-0.5747543337126816,0.10701374165037633,-1.0039995834532838,1303,2252.0,-45.62,-128.0,0.75,전기·전자,0.34,2.1,149.76,19.5,0.0,-0.10719599393837796,-0.10704467176494273,0.061293042482822815,-0.0134345771065603,-0.037006189942251376,-0.20338839026930955,-0.24349264415896107,2026-06-11
291650,압타머사이언스,2026-06-11,-5.0,0.0,-5.0,-90.0,-0.6707818931057258,0.4,-1.3761985045387926,-0.9429204150117506,-0.6591529891892767,-2.9782719087398197,1304,531.0,-1.9,-457.0,1.03,일반서비스,2.35,-42.54,25.73,345.26,0.0,-0.2954856832214134,-0.09731931853440415,-0.1444145095320899,0.05121075716978947,0.028795850135324843,-0.4572129039827932,-0.244344334707906,2026-06-11
073190,듀오백,2026-06-11,4.0,0.0,4.0,21.0,1.4242424132231402,0.5,0.6436288157854193,2.575475226707659,-0.15990863054327717,3.059195411949801,1305,110.0,-3.07,-298.0,0.66,기타제조,29.93,-24.24,75.23,-2.43,0.0,0.28031778183710676,-0.011220280878841431,-0.3327677730597507,-0.017786468623874733,-0.0062736113720691326,-0.08773035209742922,-0.24616298468889983,2026-06-11
159010,아스플로,2026-06-11,-447.0,27.0,-420.0,2241.0,0.577598359574953,0.8,1.05272929200266,0.22306427859904115,0.908971607382138,2.1847651779838393,1306,2470.0,-24.86,-745.0,5.16,기계·장비,-1.49,-13.21,154.49,8.9,0.0,0.19692189214937234,-0.2657502775075964,-0.11005864365026279,-0.015538090562261759,-0.10560706784880221,-0.30003218741955084,-0.24647098802515,2026-06-11
079190,케스피온,2026-06-11,14.0,0.0,14.0,3.0,-0.3704850363146073,0.6,0.13088019974671894,0.6284167994128359,-0.9999999000000109,-0.2407029008404561,1307,128.0,-2.79,-239.0,0.95,전기·전자,-2.91,-15.09,89.69,3.85,0.0,-0.03439909892082655,-0.14354581543984982,-0.04961809846810498,-0.016540236123704435,0.007131829389323687,-0.23697141956316206,-0.24675332475417347,2026-06-11
323280,태성,2026-06-11,1589.0,-1760.0,-171.0,-7385.0,-0.5256778605058574,0.4,-0.14017802116371764,-0.9839339239534105,-0.47387906010201447,-1.5979910052191426,1308,15849.0,-610.59,-85.0,12.36,기계·장비,1.96,-1.34,51.01,163.19,0.0,-0.16384596000871215,-0.2826648988749962,0.013391831325357676,0.015079936898132414,0.036675610599806556,-0.3813634800604117,-0.24989343920770096,2026-06-11
322310,오로스테크놀로지,2026-06-11,804.0,458.0,1262.0,1830.0,-0.04754762263315515,0.6,1.1394778769125353,-0.046910383390271114,0.7419821816033702,1.8345496751256345,1309,2641.0,-41.11,-686.0,4.1,기계·장비,12.8,-17.56,99.0,-59.64,0.0,0.1635212475824163,-0.25824321099990244,-0.15529955065480774,-0.029139487944693655,-0.029309562754935754,-0.3084705647719233,-0.25131276375456746,2026-06-11
381620,제닉스로보틱스,2026-06-11,97.0,0.0,97.0,485.0,-0.7849462365633957,0.6,0.5755842607113414,-0.8952137397806545,0.5825751377308337,0.26294565866152053,1310,1073.0,-14.66,-558.0,2.19,기계·장비,-0.12,0.0,58.94,-21.52,0.0,0.013634715645617402,-0.22637164872143756,0.02732811072445889,-0.021574777290793688,0.025772038507639306,-0.18121156113451561,-0.25150059113494916,2026-06-11
090470,제이스로보틱스,2026-06-11,32.0,0.0,32.0,-47.0,-0.618351603781768,0.4,-0.6482702468088278,-0.7220023551178159,0.8143449605196543,-0.5559276414069892,1311,947.0,-3.82,-1417.0,0.69,기계·장비,9.38,-18.24,52.11,141.53,0.0,-0.06446261533413782,-0.07764252814130312,-0.16237169243942629,0.010781625440538678,0.03516313527806835,-0.2585320751962602,-0.2520263015894362,2026-06-11
451700,엔에이치스팩29호,2026-06-09,0.0,0.0,0.0,0.0,-1.0,0.0,0.5145721665130824,-0.36796808690351746,-0.5384863777168347,-0.3918822981072698,1312,,,,,,,0.0,0.0,0.0,0.0,-0.0488173336155937,0.0,0.0,-0.017304248086388457,0.0,-0.06612158170198215,-0.2535675717735342,2026-06-11
099190,아이센스,2026-06-11,3.0,-39.0,-36.0,301.0,-0.6217494089923936,0.3,0.10670206466575578,-1.0670755021303369,-2.194690137850952,-3.155063575315533,1313,4771.0,-89.19,-186.0,1.45,의료·정밀기기,-1.72,-1.77,65.8,-1.49,-71.03,-0.31234660333917874,-0.1800021311251411,0.05966368377039128,-0.02877189770719065,0.005197127170119675,-0.4562598212309995,-0.2537456522917672,2026-06-11
382840,원준,2026-06-11,-13.0,0.0,-13.0,-387.0,-0.12195121954074961,0.5,0.4907778562379573,-0.5183614612167637,-0.05451970895538648,-0.08210331393419294,1314,1048.0,-7.97,-861.0,0.98,기계·장비,0.15,-14.44,67.44,-99.37,0.0,-0.01927318819588947,-0.14189957880827142,-0.12285090011361688,-0.03702369451026148,0.014084729203298616,-0.30696263242474064,-0.25434273407440566,2026-06-11
438700,버넥트,2026-06-11,-208.0,0.0,-208.0,-218.0,3.6202531616327507,0.3,-3.3787750953498534,3.2800528371999014,-0.9466847022216653,-1.0454069603716174,1315,314.0,-6.23,-452.0,1.04,IT 서비스,-5.85,-13.91,59.59,310.17,0.0,-0.11114508547662205,-0.16156976933120795,-0.04945355507827068,0.04424733385275511,0.018138863330091553,-0.25978221270325397,-0.2550946924845579,2026-06-11
474610,RF시스템즈,2026-06-11,674.0,-46.0,628.0,1320.0,-0.7499167499192483,0.8,-0.05184696166446237,-0.6316164573947519,1.6329929618554777,0.9495295427962634,1316,1170.0,0.0,0.0,0.0,금속,-3.65,0.0,0.0,0.0,0.0,0.07911538138493368,-0.35720888666395334,0.027256342767758287,-0.017304248086388457,0.06386125355334775,-0.20428015704430208,-0.2552491858859668,2026-06-11
016920,카스,2026-06-11,9.0,0.0,9.0,-50.0,-0.2339544518215605,0.1,0.109289121436667,-0.5009833532055277,-0.6392460545850353,-1.030940286353896,1317,223.0,-13.33,-63.0,0.3,유통,2.31,-3.47,141.71,-3.19,-92.99,-0.10976537431881084,-0.05984556991544943,0.016255524297034158,-0.03256323641837211,-0.02104295556222449,-0.2069616119178227,-0.25593495382675124,2026-06-11
225530,HC보광산업,2026-06-11,21.0,0.0,21.0,-37.0,-0.5302619694136599,0.4,0.18830737789145482,-1.0090634003520536,0.6831299810639808,-0.13762604139661794,1318,818.0,-32.61,-69.0,0.89,비금속,0.0,-2.41,92.46,-4.61,0.0,-0.024568484578332245,-0.10461574047412238,-0.03215890938277036,-0.01821907799495296,-0.020363625600162874,-0.1999258380303408,-0.2563252907817042,2026-06-11
305090,마이크로디지탈,2026-06-11,14.0,-7.0,7.0,309.0,0.3381028085846767,0.4,0.9077949260402496,1.0543297508951164,1.0327953589886827,2.9949200359240487,1319,471.0,0.0,0.0,0.0,의료·정밀기기,1.2,0.0,0.0,0.0,0.0,0.2741877305643257,-0.47126197241874823,0.07216097886053545,-0.017304248086388457,0.06182440378091286,-0.08039310729936266,-0.25707534402449306,2026-06-11
418550,제이오,2026-06-11,277.0,-11.0,266.0,-235.0,-0.7683292450306283,0.4,-0.7023283975489204,-0.6667666381306246,-1.032795458988653,-2.401890494668198,1320,1812.0,-24.29,-233.0,0.99,일반서비스,-0.53,0.0,19.5,-34.77,0.0,-0.2405152133556054,-0.09160409802274765,0.059719083233319294,-0.024204169110420507,0.03124784247309258,-0.26535655478236164,-0.25744496238925096,2026-06-11
288330,파라택시스코리아,2026-06-11,,,0.0,0.0,-1.0,0.0,0.0,0.0,0.0,0.0,1321,441.0,-0.93,-445.0,1.01,일반서비스,0.0,-89.69,53.33,3446.93,0.0,-0.011442856345630146,-0.09451829462027547,-0.3706697727875916,0.2153598186958812,0.017933091142966987,-0.2433380139146491,-0.2580379580411434,2026-06-11
040910,아이씨디,2026-06-11,20.0,0.0,20.0,-61.0,-0.8678414097110365,0.2,0.6885732806779468,-0.9096387400242313,-1.350154202793312,-1.5712196621395966,1322,813.0,-43.87,-102.0,0.74,기계·장비,3.83,1.6,86.92,28.58,0.0,-0.1612927317607268,-0.09231445490123534,0.04396844433532601,-0.011632699542619805,-0.012699833767119815,-0.23397127563637574,-0.2584639920830393,2026-06-11
123750,알톤,2026-06-11,18.0,0.0,18.0,11.0,-0.538690476396418,0.5,-0.7005304867350777,-0.7724129153365384,-1.056147197139972,-2.529090599211588,1323,225.0,95.94,17.0,1.02,운송장비·부품,7.73,1.5,71.3,-10.48,0.0,-0.25264650236497166,-0.002879343666172213,0.01938959199624395,-0.01938394818221405,0.025603457400381266,-0.2299167448167327,-0.2594357983702267,2026-06-11
293780,압타바이오,2026-06-11,-13.0,0.0,-13.0,-161.0,-0.6814112691141592,0.3,0.35962110430881566,-1.5141146509898038,1.3353217330211213,0.1808281863401333,1324,1438.0,-8.43,-607.0,3.05,일반서비스,1.39,-43.64,31.43,150.17,0.0,0.005803033486035793,-0.1910020888558031,-0.1496929992368842,0.012496187351600995,0.026552454256468336,-0.29584341299858213,-0.2602881439838683,2026-06-11
005160,동국산업,2026-06-11,-61.0,-7.0,-68.0,-454.0,-0.08743795352186645,0.1,-0.8842963380038712,-0.27824779514558917,-1.322875568032301,-2.4854197011817614,1325,1326.0,-13.29,-184.0,0.34,금속,-0.61,-5.85,96.74,-18.37,0.0,-0.24848153499171236,0.015548844495435853,-0.05223000079723972,-0.020949676594052214,-0.0020070728322476995,-0.3081194407198162,-0.26099888708354546,2026-06-11
227610,아우딘퓨쳐스,2026-06-11,8.0,11.0,19.0,-4.0,-0.4139194142414363,0.5,0.6005040455493897,-0.5060839631100231,1.6233588174739184,1.717778899913285,1326,201.0,-5.37,-197.0,0.92,화학,7.09,-16.02,170.93,-7.51,0.0,0.15238462134273,-0.1928172039413585,-0.10711868395271466,-0.01879456752528638,-0.09518007874954873,-0.26152591282617826,-0.261173651313968,2026-06-11
274400,이노시뮬레이션,2026-06-11,12.0,0.0,12.0,-2.0,0.16402116217351148,0.4,0.31005156661825084,1.686861836167346,0.13462159442920898,2.1315349972148057,1327,256.0,-3.34,-842.0,1.0,IT 서비스,4.07,-26.08,118.22,-52.08,0.0,0.19184523982075982,-0.15590303133531616,-0.13719303782691347,-0.027639246272514118,-0.04021125940993003,-0.16910133502391397,-0.26194335018131504,2026-06-11
406820,뷰티스킨,2026-06-11,-55.0,0.0,-55.0,120.0,-0.4590643275446932,0.6,0.024789814860510215,0.055063758350052894,1.0327954256553293,1.1126489988658925,1328,344.0,-19.96,-122.0,1.07,화학,29.94,-7.71,191.39,-33.06,0.0,0.0946723596730787,-0.21006544161652732,-0.03256173716471247,-0.02386482873218943,-0.1162417017897566,-0.2880613496301071,-0.2620868609460867,2026-06-11
215600,신라젠,2026-06-11,-86.0,-4.0,-90.0,-263.0,-0.3617021276911577,0.4,0.1702099288523511,-0.47317144424951285,-0.5351295032822384,-0.8380910186794002,1329,3498.0,-14.43,-175.0,3.17,일반서비스,3.91,-20.8,6.22,146.45,0.0,-0.09137301363796016,-0.1928103767047154,-0.04009235845733682,0.011757973195449165,0.036474561292603895,-0.27604321431195933,-0.2632320006592428,2026-06-11
220260,켐트로스,2026-06-11,120.0,0.0,120.0,380.0,-0.5697674418771408,0.6,1.122395960130102,-1.0562287985010133,2.1715865613857446,2.2377537230148334,1330,1462.0,0.0,0.0,0.0,화학,6.54,0.0,0.0,0.0,0.0,0.20197549926914898,-0.42904906714047025,0.036612036570004364,-0.017304248086388457,0.08077609066700714,-0.1269896887206982,-0.26387616920460016,2026-06-11
310210,보로노이,2026-06-11,-1467.0,529.0,-938.0,16133.0,-0.583279499040673,0.7,0.8069147933244529,-1.2666725500659384,0.44922347869543267,-0.01053427804605278,1331,38092.0,-89.11,-2323.0,36.28,일반서비스,4.55,-69.86,72.84,0.0,0.0,-0.012447528251682674,-0.23475517010933022,-0.2755129992911632,-0.017304248086388457,0.010254379985687935,-0.5297655657528766,-0.26600863889836923,2026-06-11
101000,KS인더스트리,2026-06-11,36.0,0.0,36.0,-1.0,-0.026455026764088285,0.6,0.18969450991734912,-0.35124417392441365,1.0420638786975747,0.8805142146905102,1332,219.0,-2.56,-216.0,0.54,기계·장비,6.36,-15.48,86.66,15.3,0.0,0.07253327286912241,-0.01732460701713759,-0.1336671169606805,-0.014268044702215595,-0.012342339600163503,-0.10506883541107478,-0.2669052621209326,2026-06-11
024850,HLB이노베이션,2026-06-11,-295.0,416.0,121.0,691.0,-0.6486550539225859,0.9,-1.054410130269557,-0.822479601564938,0.7826699887735468,-1.0942197430609482,1333,4430.0,-12.07,-1156.0,1.92,전기·전자,0.65,-15.01,16.12,25.12,0.0,-0.11580044308250884,-0.21269837279270112,-0.04910193259980514,-0.012319318085707262,0.06118933034194525,-0.32873073621877713,-0.26766152218248057,2026-06-11
308430,셀비온,2026-06-11,-34.0,44.0,10.0,-41.0,-0.7593059054083597,0.8,-0.013817968872382182,-0.9633097695351376,1.2817616284042797,0.3046338899967599,1334,2296.0,-27.58,-645.0,7.7,제약,0.62,-39.2,16.34,55.64,0.0,0.017610592744402288,-0.21676118778144776,-0.20563916529629514,-0.0062627868906121155,0.05440951711157876,-0.3566430301123739,-0.2679115626690408,2026-06-11
147830,제룡산업,2026-06-11,92.0,0.0,92.0,263.0,-0.5061728395211645,0.8,-0.7173916932817981,-0.14140733448588072,1.226444607549027,0.36764557978134815,1335,1486.0,0.0,0.0,0.0,금속,-0.93,0.0,0.0,0.0,0.0,0.023620124124029564,-0.35720888666395334,0.027256342767758287,-0.017304248086388457,0.06386125355334775,-0.2597754143052062,-0.26809981992794263,2026-06-11
239340,이스트에이드,2026-06-11,19.0,0.0,19.0,60.0,-0.47269303231297943,1.0,0.6655447494021228,-0.8525291817573184,1.8946617591703823,1.7076773268151868,1336,216.0,-3.38,-237.0,1.5,IT 서비스,-2.79,-39.87,96.0,-15.08,0.0,0.15142121723907642,-0.20501476063304483,-0.23661189297102064,-0.02029679364412223,-0.018097329215775504,-0.3285995592248868,-0.26814907993988185,2026-06-11
079170,한창산업,2026-06-11,-5.0,-4.0,-9.0,75.0,-0.7456492638237018,0.6,0.01877910290829307,-1.4106386790392207,0.2774453621881587,-1.1144142139427688,1337,269.0,0.0,0.0,0.0,금속,0.19,0.0,0.0,0.0,0.0,-0.1177264239104179,-0.35720888666395334,0.027256342767758287,-0.017304248086388457,0.06386125355334775,-0.40112196233965364,-0.2709345146914166,2026-06-11
065130,탑엔지니어링,2026-06-11,-2.0,0.0,-2.0,51.0,-0.7172236504098352,0.5,-0.9596223772699355,-0.8574761918318861,-2.039013204785123,-3.856111773886944,1338,536.0,-1.5,-2230.0,0.33,기계·장비,1.06,-12.07,75.15,29.63,0.0,-0.3792067551990722,0.15924239845542001,-0.09820240595251996,-0.011424332643705981,0.0034836521754789927,-0.32610744316439916,-0.2715725284039106,2026-06-11
214680,디알텍,2026-06-11,-58.0,0.0,-58.0,43.0,-0.577167019072181,0.7,0.28430829090760645,-1.0114465376743447,1.226444666924018,0.4993064201572799,1339,1094.0,-4.35,-301.0,1.45,의료·정밀기기,0.0,-27.39,169.16,25.53,0.0,0.03617684105087478,-0.1800021311251411,-0.12122936719542447,-0.012237955772798053,-0.08375416934191048,-0.36104678238439936,-0.2724631244110596,2026-06-11
494120,큐리오시스,2026-06-11,7.0,56.0,63.0,2455.0,-0.8903677160665852,1.0,0.33364878781282914,-1.0659587963459527,1.3647655223370363,0.6324555138039127,1340,2060.0,-22.48,-1201.0,7.29,의료·정밀기기,4.25,-41.28,22.76,-25.46,0.0,0.048875495208124176,-0.27523784530753614,-0.2193013608689288,-0.022356649273384606,0.04223721813255947,-0.4257831421091659,-0.2726197440018197,2026-06-11
054090,삼진엘앤디,2026-06-11,-5.0,0.0,-5.0,78.0,-0.4512195123624331,0.6,0.12414230183395311,-0.3318020693047766,-0.09149153727167046,-0.29915130474249396,1341,229.0,-2.41,-381.0,0.6,기타제조,-0.97,-5.54,212.82,-9.77,0.0,-0.039973422011338806,0.0076431725819114055,0.01661596830594802,-0.01924305246961518,-0.18868827508360594,-0.22364560867670052,-0.2729072976665966,2026-06-11
119500,포메탈,2026-06-11,-18.0,0.0,-18.0,25.0,-0.4658119659261085,0.5,0.7335157257990311,-0.25136674612774973,0.6396345221731103,1.1217835018443918,1342,349.0,0.0,0.0,0.0,금속,2.79,0.0,0.0,0.0,0.0,0.09554353266453872,-0.35720888666395334,0.027256342767758287,-0.017304248086388457,0.06386125355334775,-0.18785200576469702,-0.27491032672619536,2026-06-11
417790,트루엔,2026-06-11,-10.0,18.0,8.0,84.0,-0.7522522523080513,1.0,-0.5304771130096192,-1.5791031057659006,1.5974662420417174,-0.5121139767338023,1343,662.0,0.0,0.0,0.0,전기·전자,0.16,0.0,0.0,0.0,0.0,-0.06028403206474608,-0.4104604285626079,0.04774368843995205,-0.017304248086388457,0.07303392617389115,-0.3672710940998993,-0.27608972890495087,2026-06-11
039840,디오,2026-06-11,-12.0,0.0,-12.0,-78.0,-0.578264395816848,0.2,0.09373757347450742,-0.7731560001295121,-1.468545070301596,-2.147963496956601,1344,1791.0,-143.55,-93.0,0.93,의료·정밀기기,0.53,4.15,73.27,15.41,172.46,-0.21629776630571504,-0.11353071682947483,0.1014625464447718,0.012879188135000826,-0.0012315317399506152,-0.21671828029536783,-0.2763038894681623,2026-06-11
037370,EG,2026-06-11,-2.0,0.0,-2.0,-15.0,-0.2514619885667385,0.4,-0.37047715191709124,-0.33200055477051627,0.11230586967385824,-0.5901718370137493,1345,296.0,-24.86,-138.0,0.49,화학,0.59,-1.79,634.14,4.83,0.0,-0.06772854216092881,-0.08484558279380532,0.020552236961036384,-0.01634576035138487,-0.30000000000000004,-0.4483676483450827,-0.2782130647482508,2026-06-11
478340,나라스페이스테크놀로지,2026-06-11,3.0,-7.0,-4.0,1312.0,-0.5487143606865714,0.6,0.9109697913524817,-1.03616082211011,1.4808375387212953,1.355646507963667,1346,2509.0,-18.22,-1194.0,-4.75,운송장비·부품,5.58,0.0,0.0,164.1,0.0,0.11784744291694225,-0.45681303255438105,0.003011810253036572,0.015260521543857727,0.040048021426637895,-0.2806452364139066,-0.27836149662735615,2026-06-11
101970,우양에이치씨,2026-06-11,-16.0,-25.0,-41.0,-31.0,-0.715639810471463,0.4,1.1714367544478086,-0.8167143981010084,0.9180336914520211,1.2727560477988211,1347,1223.0,0.0,0.0,0.0,금속,-3.5,0.0,30.55,3.73,-10.35,0.10994203959994975,-0.35720888666395334,0.027256342767758287,-0.018191951203476903,0.04306037107371222,-0.19514208442601,-0.27934736000896454,2026-06-11
036030,케이티알파,2026-06-11,17.0,2.0,19.0,24.0,-0.681611436059465,0.5,0.5969273542615549,-0.650451217358315,0.6993757834034866,0.6458519203067264,1348,2260.0,0.0,0.0,0.0,유통,2.22,0.0,0.0,0.0,0.0,0.05015313314369009,-0.3533831132427146,0.04029786731012314,-0.017304248086388457,0.07281177906236685,-0.207424581812923,-0.28113978377269416,2026-06-11
182400,엔케이젠바이오텍코리아,2026-06-11,,,0.0,0.0,-1.0,0.0,0.0,0.0,0.0,0.0,1349,2655.0,-22.94,-160.0,37.07,제약,0.0,-7.3,113.58,10.63,0.0,-0.011442856345630146,-0.23282102815986772,0.018472566474532066,-0.01519478129071803,-0.03777184516110621,-0.27875794448279,-0.28154420135041797,2026-06-11
246720,아스타,2026-06-11,,,0.0,0.0,-1.0,0.0,0.0,0.0,0.0,0.0,1350,994.0,0.0,0.0,0.0,제약,0.0,0.0,0.0,0.0,0.0,-0.011442856345630146,-0.3931126709480749,0.0697583232747527,-0.017304248086388457,0.0698994745317317,-0.2822019775736091,-0.28160888389415156,2026-06-11
388720,유일로보틱스,2026-06-11,-20.0,-1038.0,-1058.0,-2742.0,-0.46225649351194953,0.4,-0.8017706290730382,-1.1015228837577797,0.40824824046386954,-1.4950452723669483,1351,9826.0,-98.58,-846.0,10.05,기계·장비,-0.48,0.0,16.24,-54.74,0.0,-0.15402785143093992,-0.27987861472835635,0.02732811072445889,-0.028167109083095804,0.08448358054238607,-0.3502618839755471,-0.2817690289599329,2026-06-11
251370,와이엠티,2026-06-11,212.0,0.0,212.0,-282.0,-0.28396100709831074,0.3,0.6769212114382978,-0.20870730310640878,-0.25084126539102714,0.21737264294086184,1352,2538.0,-139.5,-101.0,1.29,화학,13.08,-0.07,70.38,0.05,67.66,0.009288340092544539,-0.22810700908657466,0.03598399971378773,-0.006652409875502601,0.00832657798030965,-0.18116050117543536,-0.2821756537388331,2026-06-11
048770,TPC로보틱스,2026-06-11,451.0,-1.0,450.0,589.0,0.0009476427031174239,0.8,0.09588573459046072,0.30214782973068294,1.3956231608983642,1.793656725219508,1353,660.0,-25.8,-163.0,1.81,기계·장비,-2.1,-2.91,206.4,19.44,0.0,0.1596212178179947,-0.2120081955294997,-0.0029364960303056883,-0.013446483786498232,-0.17698215325919342,-0.24575211078750234,-0.28338280890475137,2026-06-11
089010,켐트로닉스,2026-06-11,120.0,-5.0,115.0,1116.0,-0.8606827895915651,0.6,0.058605939017892385,-1.3759326156236116,-0.763275925375419,-2.080602601981138,1354,4914.0,47.95,611.0,2.09,화학,5.4,2.34,210.79,16.91,3.95,-0.20987344387445353,0.00839186960664902,0.057606411477817254,-0.013327272288751444,-0.13621215569884912,-0.2934145907775878,-0.2835215373580121,2026-06-11
353190,휴럼,2026-06-11,9.0,0.0,9.0,-11.0,-0.6666666668181818,0.3,-1.5031955737224505,-0.7393605253642407,-1.7895065676693196,-4.032062666756011,1355,227.0,19.63,147.0,0.53,음식료·담배,-2.86,2.74,132.01,-8.56,0.0,-0.3959874893070585,0.0690370930449251,0.03524972734704039,-0.019002934424200202,-0.04601902837845684,-0.35672263171775004,-0.28532995788693094,2026-06-11
228760,지노믹트리,2026-06-11,117.0,13.0,130.0,-146.0,-0.3333333333559323,0.8,-0.7244051172245568,-0.18428315434820705,0.6667978267184013,-0.24189044485436262,1356,3050.0,-33.25,-369.0,2.56,일반서비스,1.49,-6.57,2.03,20.58,0.0,-0.034512357001044,-0.18185881569266688,0.028192103814684167,-0.013220256867677511,0.038123654052675614,-0.16327567169402857,-0.2853888312720737,2026-06-11
033230,인성정보,2026-06-11,-12.0,0.0,-12.0,14.0,-0.6964939822559142,0.5,0.2566745875077808,-1.06594728910042,-0.7245687498094819,-1.5338414514021212,1357,629.0,-18.86,-66.0,0.72,IT 서비스,0.24,-1.67,158.37,22.27,0.0,-0.1577279086126874,-0.09860601382129937,0.03879059190968233,-0.012884885382759068,-0.08016959862213993,-0.31059781452920343,-0.28544289846758647,2026-06-11
221800,지구홀딩스,2026-06-11,40.0,0.0,40.0,216.0,-0.8744698897434536,0.9,-0.5930510203530159,-1.1667202200721525,1.3634574110732063,-0.39631382935196213,1358,1348.0,0.0,0.0,0.0,일반서비스,-2.02,0.0,23.73,24.16,0.0,-0.049239976242157424,-0.3844662850913059,0.059719083233319294,-0.012509824964714186,0.02958300658404643,-0.3569139964808118,-0.2870731280507948,2026-06-11
217820,원익피앤이,2026-06-11,-59.0,1.0,-58.0,-254.0,-0.6502498215809958,0.1,0.6792646852417851,-0.7091822799991424,-0.5097533011962809,-0.5396708959536383,1359,1016.0,107.0,20.0,0.93,기계·장비,4.14,-15.2,230.32,-82.36,0.0,-0.0629121820372923,0.1390352284239094,-0.13075505857877875,-0.033648150747857535,-0.2098716166191733,-0.2981517795591925,-0.2870816170879471,2026-06-11
0071M0,삼성스팩11호,2026-06-11,0.0,0.0,0.0,41.0,-0.9588477366763197,0.3,0.8896720101762061,-0.8135618114560896,-0.5097533011962815,-0.433643102476165,1360,116.0,0.0,0.0,0.0,금융,0.25,,,,,-0.05280013212728721,-0.3445575598810667,0.0,0.0,0.010835218638686445,-0.3865224733696675,-0.2873409743609182,2026-06-11
119830,아이텍,2026-06-11,119.0,76.0,195.0,-497.0,-0.5181598063070664,0.3,0.0801826671973115,-0.8473215851947218,-1.1334213999889244,-1.9005603179863346,1361,1639.0,-29.48,-211.0,0.84,일반서비스,2.3,-6.62,37.85,3.96,0.0,-0.1927025068780746,-0.06532428942004141,0.027952172464466244,-0.016518407210484892,0.024025682056072046,-0.22256734898806263,-0.2875548044185968,2026-06-11
212710,아이에스티이,2026-06-11,517.0,54.0,571.0,1362.0,-0.21551847099096733,0.8,1.2374291270361246,-0.17937820933741117,1.3262631811628665,2.38431409886158,1362,977.0,-20.42,-497.0,4.65,전기·전자,14.43,-17.3,186.44,-38.21,74.46,0.215953210082364,-0.25246051834078226,-0.06387718057988802,-0.013175363488359494,-0.06395778889484292,-0.1775176412215087,-0.28759843226984033,2026-06-11
072770,멤레이비티,2026-06-11,-1.0,0.0,-1.0,32.0,-0.9549549549625639,0.4,1.4517831511868378,-0.9277996749827334,1.7880986710810156,2.31208214728512,1363,407.0,-1.78,-550.0,0.86,IT 서비스,-1.41,-39.22,167.96,-37.55,0.0,0.20906432674826517,-0.13191823330619284,-0.2319257250345689,-0.024755845280878062,-0.08971381961952707,-0.26924929649290175,-0.2876653555954205,2026-06-11
067630,HLB생명과학,2026-06-11,-5.0,0.0,-5.0,-455.0,-0.5660644704445945,0.2,0.5720054343981522,-0.9221218119882343,-0.9281908540922197,-1.2783072316823016,1364,3645.0,-3.65,-819.0,1.23,제약,-3.24,-15.91,64.98,61.02,0.0,-0.13335717808277195,-0.11013619048324409,-0.042016524765180224,-0.005195154589510807,0.008299876419030454,-0.2824051715016766,-0.28871093657022606,2026-06-11
393890,더블유씨피,2026-06-11,-267.0,59.0,-208.0,520.0,-0.8743312809131204,0.5,-0.6301978014858669,-0.6102175920159185,-0.6370219964010464,-1.8774373899028318,1365,4264.0,-2.63,-4789.0,0.48,전기·전자,2.19,-19.12,122.26,162.85,0.0,-0.19049723413611647,-0.009518178508550312,-0.07561995408370935,0.01501246571181746,-0.01679983849197147,-0.27742273950853014,-0.2894764702129973,2026-06-11
080720,한국유니온제약,2026-06-11,,,0.0,0.0,-1.0,0.0,0.0,0.0,0.0,0.0,1366,216.0,-0.7,-3895.0,-0.86,제약,0.0,0.0,0.0,-53.24,0.0,-0.011442856345630146,-0.3931126709480749,0.0697583232747527,-0.027869442084647488,0.0698994745317317,-0.29276717157186805,-0.2921808828331238,2026-06-11
486990,노타,2026-06-11,-726.0,640.0,-86.0,-7164.0,-0.6880111709573826,0.2,-0.814940046023178,-1.2553451399466005,-1.4819169825640324,-3.5522021685338108,1367,5817.0,-27.86,-978.0,21.16,IT 서비스,0.93,0.0,49.9,5257.3,0.0,-0.35022238235994707,-0.29627530864753876,0.050830438761796826,0.2153598186958812,0.027782606965616186,-0.3525248265841916,-0.29246413307408353,2026-06-11
475230,엔알비,2026-06-11,5.0,-115.0,-110.0,-933.0,0.00766703172662786,0.4,-0.6055346219628827,0.6837161066466999,-0.12403472689690144,-0.04585324221308419,1368,1130.0,-178.79,-58.0,1.27,금속,8.13,-4.46,140.03,60.71,191.32,-0.015815957573024567,-0.1881558740250906,-0.03334350206982994,0.024835130177729443,-0.0314823658778589,-0.24396256936807456,-0.2925874039051397,2026-06-11
070590,인티큐브,2026-06-11,-1.0,0.0,-1.0,-34.0,-0.44444444502314817,0.0,-0.11876339358048461,-0.6400577656937887,-1.0801233622346504,-1.8389445215089237,1369,230.0,29.12,57.0,1.74,IT 서비스,5.06,-18.34,128.9,-38.18,0.0,-0.18682610420299045,0.059309303745116886,-0.08139159193747261,-0.024880865420226356,-0.05084027716301601,-0.28462953497858856,-0.2928115483130699,2026-06-11
355150,코스텍시스,2026-06-11,-552.0,484.0,-68.0,3506.0,-0.7230109155164852,0.8,-0.8234676133275496,-0.7681659209252695,1.4270118814799424,-0.16462165277287677,1370,2604.0,-143.97,-232.0,10.19,전기·전자,4.05,-7.41,77.05,23.07,0.0,-0.027143101672913474,-0.2676640321557998,-6.617511132048614e-05,-0.0127261296502533,0.016419403292288706,-0.2911800352979984,-0.29634710456476365,2026-06-11
0132G0,교보20호스팩,2026-06-11,0.0,-9.0,-9.0,38.0,-0.7762073027881482,0.6,0.14277977877586506,-1.1193301882080777,-0.09473307988159822,-1.0712834893138108,1371,119.0,0.0,0.0,0.0,금융,-0.1,,,,,-0.11361297378759352,-0.3445575598810667,0.0,0.0,0.010835218638686445,-0.4473353150299738,-0.2966677139465127,2026-06-11
244460,올리패스,2026-06-11,,,0.0,0.0,-1.0,0.0,0.0,0.0,0.0,0.0,1372,134.0,0.0,0.0,0.0,제약,0.0,0.0,0.0,-77.4,0.0,-0.011442856345630146,-0.3931126709480749,0.0697583232747527,-0.03266386520632176,0.0698994745317317,-0.2975615946935424,-0.296810622642057,2026-06-11
037760,쎄니트,2026-06-11,2.0,0.0,2.0,-2.0,-0.5792880262984259,0.5,-0.04364721393796223,-0.5471403257067476,1.5722821754340182,0.9814946357893083,1373,826.0,-17.06,-143.0,0.89,금속,2.74,-4.41,133.34,8.38,0.0,0.08216394634250114,-0.15635854451820158,-0.03266413161200944,-0.01564128178839051,-0.026927279010796324,-0.14942729058689672,-0.2987601282527024,2026-06-11
160190,하이젠알앤엠,2026-06-11,36.0,195.0,231.0,985.0,-0.8514614278876307,0.7,-0.4596581087165624,-0.5962264771855909,1.5486178061077185,0.4927332202055652,1374,8000.0,-113.1,-229.0,7.08,전기·전자,1.17,-9.29,55.51,2.56,0.0,0.035549943859108694,-0.2620585329860259,-0.012196073016366682,-0.01679622974236999,0.03224648730098068,-0.22325440458467316,-0.30015351299216075,2026-06-11
094940,푸른기술,2026-06-11,-120.0,0.0,-120.0,-10.0,-0.9068174032221963,0.5,0.17438457855577613,-0.9981109263310166,-0.8500473466839118,-1.6737736944591521,1375,589.0,-97.78,-72.0,1.51,전기·전자,3.83,-2.95,27.19,29.74,0.0,-0.17107348319650909,-0.1943089953850848,0.028710072046395505,-0.011402503730486438,0.053055355412687126,-0.2950195548529977,-0.3017247216914573,2026-06-11
204840,지엘팜텍,2026-06-11,-12.0,0.0,-12.0,-12.0,-0.2094017096551063,0.2,0.6436315794743076,-0.1080248467146978,-1.7577413045047383,-1.2221345717451286,1376,690.0,0.0,0.0,3.46,유통,-1.11,-0.67,145.49,20.34,-73.01,-0.12799989654146438,-0.26606580933611595,0.03565568580615495,-0.024751275333289222,-0.02354645494039791,-0.40670775034511253,-0.30369841938054865,2026-06-11
361390,제노코,2026-06-11,126.0,-8.0,118.0,170.0,-0.7388632872567177,0.7,-0.08342281288042598,-1.6047887916803452,1.9733858785415863,0.2851742739808152,1377,1628.0,0.0,0.0,0.0,전기·전자,-2.68,0.0,0.0,0.0,0.0,0.015754696267366055,-0.4104604285626079,0.04774368843995205,-0.017304248086388457,0.07303392617389115,-0.29123236576778716,-0.3038770551657283,2026-06-11
109080,옵티시스,2026-06-11,28.0,0.0,28.0,178.0,-0.6934681431699502,0.7,0.2156896960361997,-0.6546398278568736,1.5275249983186565,1.0885748664979826,1378,598.0,0.0,0.0,0.0,전기·전자,2.22,0.0,0.0,0.0,0.0,0.09237636897045132,-0.4104604285626079,0.04774368843995205,-0.017304248086388457,0.07303392617389115,-0.21461069306470187,-0.3061606473291954,2026-06-11
222980,한국맥널티,2026-06-11,3.0,0.0,3.0,24.0,-0.5145631072674146,0.7,0.7613668354681622,-0.7811808825592426,1.2353645664124426,1.2155505193213623,1379,208.0,-16.38,-115.0,0.61,음식료·담배,1.13,-1.19,125.98,-4.26,-85.79,0.1044862516398317,-0.2497190771443089,-0.004070883892659792,-0.031643118840235726,-0.039118748852854594,-0.22006557709022734,-0.30803083662975766,2026-06-11
321550,티움바이오,2026-06-11,1667.0,-2516.0,-849.0,-788.0,-0.45221066320786396,0.5,0.24313124301456976,-0.32092568158371465,-0.21807883582154777,-0.29587327439069266,1380,1553.0,-8.85,-584.0,3.97,일반서비스,-8.17,-36.39,182.14,40.07,0.0,-0.03966079071498943,-0.20207196854213347,-0.11490295345528533,-0.009352570334505674,-0.03276371993694662,-0.3987520029838605,-0.30835628111574387,2026-06-11
456070,이엔셀,2026-06-11,83.0,0.0,83.0,803.0,-0.26640926644467133,0.6,0.568832680983821,-0.38575670602919004,0.6591529891892771,0.842228964143908,1381,968.0,-5.49,-1598.0,1.96,제약,2.09,-35.3,15.73,-31.51,0.0,0.06888194380108381,-0.15739820904719726,-0.17823992536193065,-0.023557239500459497,0.05498778357585619,-0.23532564653264745,-0.3113005475551581,2026-06-11
456160,지투지바이오,2026-06-11,1894.0,-1796.0,98.0,7439.0,-0.4386753461480729,0.6,0.6374489383645888,-0.8201781353539463,0.9941001611424821,0.8113709641531246,1382,7683.0,-3.27,-14150.0,-2.4,제약,-1.07,0.0,0.0,3.93,0.0,0.06593896417474616,-0.3931126709480749,0.0697583232747527,-0.01652436055045386,0.0698994745317317,-0.20404026951729823,-0.31264134924001935,2026-06-11
389030,지니너스,2026-06-11,-13.0,6.0,-7.0,449.0,-0.5902612826846638,0.7,0.9985932713593718,-0.775602133937098,1.7968940661330484,2.0198852035553223,1383,967.0,-5.53,-521.0,10.55,일반서비스,-2.87,-71.93,109.73,-9.24,0.0,0.18119701024908305,-0.2249610490516084,-0.28544615719018523,-0.01913787679683011,-0.004264720710981679,-0.3526127935005224,-0.31272776578248085,2026-06-11
469750,아이비젼웍스,2026-06-11,-4.0,0.0,-4.0,-87.0,-0.7245564893009491,0.7,-0.9986870329999684,-0.7800802861849977,-0.09473307988159826,-1.8735003990665644,1384,377.0,-8.11,-135.0,1.03,기계·장비,-0.73,-17.05,37.09,51.33,-13.93,-0.19012175666435313,-0.14932130042866112,-0.14999544431634387,-0.009309066100758418,0.055815298307620956,-0.4429322692024956,-0.3136661872352736,2026-06-11
038880,아이에이,2026-06-11,,,0.0,49.0,-0.1724137936741974,0.4,0.025072266041060283,0.4014568831961131,-1.3624022977932913,-0.9358731485561178,1385,252.0,-0.73,-922.0,0.47,전기·전자,0.0,-43.09,167.03,107.62,0.0,-0.10069866067059455,-0.003754201365737547,-0.23027615237304844,0.00405236682895033,-0.04969577865302717,-0.38037242623345735,-0.31446440945450194,2026-06-11
493330,지에프아이,2026-06-11,-6.0,0.0,-6.0,-269.0,-0.477225672918435,0.2,-0.3051901282413134,-0.4837190881805694,-1.2667589420948806,-2.0556681585167635,1386,956.0,-27.98,-445.0,1.8,기계·장비,0.16,0.0,20.0,215.09,110.36,-0.2074954038481511,-0.21154831303695082,0.02732811072445889,0.04273720864906155,0.07931366489717183,-0.2696647326144096,-0.3148523819408777,2026-06-11
053260,금강철강,2026-06-11,0.0,0.0,0.0,13.0,-0.921202125714429,0.6,-1.4715466915071238,-0.9762202579437076,-1.894502052112286,-4.342269001563118,1387,915.0,-1630.0,-3.0,0.6,금속,3.06,0.43,22.47,-10.15,-97.17,-0.4255723918791908,-0.10499470040685414,0.03309892870501455,-0.034601863386744085,0.04856188107159945,-0.48350814589617497,-0.3155849665915694,2026-06-11
065570,삼영이엔씨,2026-06-11,,,0.0,0.0,-1.0,0.0,0.0,0.0,0.0,0.0,1388,123.0,0.0,0.0,0.0,전기·전자,0.0,0.0,0.0,0.0,0.0,-0.011442856345630146,-0.4104604285626079,0.04774368843995205,-0.017304248086388457,0.07303392617389115,-0.31842991838078333,-0.3159675771503577,2026-06-11
065660,안트로젠,2026-06-11,395.0,14.0,409.0,415.0,0.0347887823375157,0.6,-0.07709607986718996,-0.054072803405164516,-0.8025779367891334,-0.9337468200614878,1389,2467.0,-104.45,-236.0,2.18,유통,0.82,-1.91,5.32,6.66,0.0,-0.10049586912738157,-0.25457054572887866,0.0270641857092586,-0.015982606613277918,0.06928833549308575,-0.27469650026719383,-0.3179776696603051,2026-06-11
027580,상보,2026-06-11,31.0,0.0,31.0,-115.0,-0.5179194418473276,0.5,-0.2576673397899991,-0.8149315335462235,1.36626003212795,0.2936611587917275,1390,195.0,-1.52,-1088.0,0.43,화학,4.56,-29.65,123.72,-26.8,0.0,0.016564104819347693,-0.0526117618779322,-0.22940643181318035,-0.022622565125331773,-0.046581876221288024,-0.33465853021838465,-0.3185239705466801,2026-06-11
226950,올릭스,2026-06-11,4009.0,-5691.0,-1682.0,-6372.0,-0.8570492144002839,0.5,-0.704289735290758,-1.3449134879212792,-0.4492234786954331,-2.49842670190747,1391,25234.0,-160.59,-774.0,18.45,일반서비스,0.89,-14.41,28.17,265.8,0.0,-0.249722034640003,-0.2308742641982601,-0.009429131899486217,0.03544234403865382,0.027835519267884513,-0.426747567431211,-0.32042606066237084,2026-06-11
476830,알지노믹스,2026-06-11,-486.0,867.0,381.0,9433.0,-0.5111797387116177,0.8,0.16175157289698852,-0.3306417206996445,1.3922862811383276,1.2233961333356718,1392,12931.0,0.0,0.0,0.0,일반서비스,2.09,0.0,0.0,0.0,0.0,0.10523450111183633,-0.3844662850913059,0.059719083233319294,-0.017304248086388457,0.038922617848128026,-0.1978943309844107,-0.32080213679793007,2026-06-11
444530,심플랫폼,2026-06-11,-41.0,-19.0,-60.0,-39.0,-0.5137976347550857,0.3,0.49835767168599937,-0.38217610532661994,0.4830457748730084,0.5992273412323879,1393,480.0,0.0,0.0,0.0,IT 서비스,-0.27,0.0,0.0,0.0,0.0,0.04570646821584869,-0.45057340712168825,0.050830438761796826,-0.017304248086388457,0.07744440339623322,-0.293896344834198,-0.32294612666544353,2026-06-11
028300,HLB,2026-06-11,-1089.0,-12387.0,-13476.0,-25516.0,1.6874993483186183,0.4,-2.4005881277457983,3.0473628763437444,0.48304585265076216,1.1298206012487082,1394,63136.0,-28.26,-1677.0,15.0,제약,-2.27,-41.83,87.39,5.8,0.0,0.0963100444219053,-0.22662606001988744,-0.22411608863664859,-0.01615326902572162,-0.012944306309588116,-0.38352967956994044,-0.32340754266710425,2026-06-11
067730,로지시스,2026-06-11,10.0,0.0,10.0,54.0,-0.7372060858083251,0.7,-0.19540096261255924,-1.0093407337964826,1.1660916555018441,-0.0386500409071977,1395,221.0,0.0,0.0,0.0,IT 서비스,2.01,0.0,0.0,0.0,0.0,-0.015128976087057742,-0.45057340712168825,0.050830438761796826,-0.017304248086388457,0.07744440339623322,-0.35473178913710446,-0.32427447861394953,2026-06-11
086520,에코프로,2026-06-11,19374.0,-12403.0,6971.0,-37374.0,-0.6877100273451213,0.4,-0.7330142018999265,-0.8804681639332245,-1.190313823164742,-2.803796188997893,1396,147724.0,-98.64,-1103.0,7.45,금융,2.74,3.26,119.98,1.42,4004.42,-0.2788456388684271,-0.19307167003383308,-0.0030149353147483895,0.21761772464292806,-0.03843519432812093,-0.29574971390220145,-0.3258553459608336,2026-06-11
403870,HPSP,2026-06-11,-53302.0,38805.0,-14497.0,128648.0,1.5843677955418953,0.2,1.393342016668112,0.5608038180846188,-1.3413413458729733,0.6128044888797577,1397,45265.0,0.0,0.0,0.0,기계·장비,3.58,0.0,0.0,0.0,0.0,0.0470013437399242,-0.4446167602607267,0.02732811072445889,-0.017304248086388457,0.10681321620150286,-0.28077833768122923,-0.32665017910549754,2026-06-11
068240,다원시스,2026-06-11,,,0.0,0.0,-1.0,0.0,0.0,0.0,0.0,0.0,1398,966.0,-0.49,-5162.0,-0.19,전기·전자,0.0,0.0,0.0,-52.31,0.0,-0.011442856345630146,-0.4104604285626079,0.04774368843995205,-0.02768488854560953,0.07303392617389115,-0.3288105588400044,-0.3267763843308884,2026-06-11
351330,이삭엔지니어링,2026-06-11,11.0,0.0,11.0,-2.0,-0.40630797784669614,0.5,0.7346538755677573,-0.4889424126302435,1.5157293857978464,1.76144084873536,1399,429.0,-4.98,-1040.0,1.25,IT 서비스,3.6,-24.23,131.44,-8.9,0.0,0.1565487352149169,-0.18537006891395338,-0.12385548293085852,-0.019070405610515154,-0.05336815217170873,-0.22511537441211887,-0.3269586680686837,2026-06-11
198940,한주라이트메탈,2026-06-11,63.0,0.0,63.0,73.0,-0.6855345912246351,0.4,0.7120579632769604,-1.201840141435596,0.9542373789347178,0.46445520077608227,1400,378.0,-14.16,-137.0,0.84,금속,-3.24,-7.19,332.76,1.52,-34.29,0.03285302134050721,-0.15003294795276473,-0.07043712906682902,-0.022395921370980575,-0.1627083586863746,-0.37272133573644173,-0.32712961724653,2026-06-11
051780,큐로홀딩스,2026-06-11,136.0,0.0,136.0,211.0,0.6910569101566526,0.5,1.1840274893649736,2.8820216814142015,1.9614162232599497,6.027465394039125,1401,238.0,-1.77,-2123.0,1.04,유통,1.21,-35.88,249.66,-8.17,-47.31,0.5634067080594024,-0.22050960990226617,-0.20830134517103902,-0.02636670335902955,-0.09253839415318232,0.015690655473885318,-0.32814962270819314,2026-06-11
225430,케이엠제약,2026-06-11,5.0,1.0,6.0,30.0,-0.6811070999372248,0.4,0.6373315241560477,-0.8504586222700878,0.9036960266150735,0.6905689285010334,1402,121.0,-13.2,-164.0,1.85,화학,1.41,-13.43,50.16,-18.54,0.0,0.054417869811845036,-0.25466845190734216,-0.08388132027269954,-0.02098341218720969,0.02914114385875556,-0.27597417069665076,-0.3284521362727706,2026-06-11
253840,수젠텍,2026-06-11,-2.0,2.0,0.0,-337.0,-0.746955185062778,0.6,-1.07888191261499,-0.799485655122238,-0.8143449605196541,-2.692712528256882,1403,816.0,-3.5,-1392.0,0.98,제약,0.21,-29.46,29.67,24.18,0.0,-0.2682514023502652,-0.07776494489149535,-0.13721131992175417,-0.012505856071401542,0.041772972900401356,-0.4539605503345149,-0.33180659367094756,2026-06-11
225570,넥슨게임즈,2026-06-11,794.0,-419.0,375.0,-58.0,-0.09058360188621772,0.5,0.4529399688184814,-0.1289545190697007,1.1832158399532693,1.5072012897020501,1404,6270.0,-10.14,-939.0,2.35,IT 서비스,1.82,-30.12,63.22,-19.09,0.0,0.1323014786633719,-0.2405423945931039,-0.1663193739242444,-0.021092556753307408,0.014526191565699976,-0.28112665504158385,-0.33264394903040045,2026-06-11
430690,한싹,2026-06-11,18.0,0.0,18.0,26.0,-0.6548004315553182,0.6,0.08446330002610102,-1.243033991865197,0.3789323374751036,-0.7796383543639923,1405,333.0,-12.47,-245.0,1.02,IT 서비스,1.66,-10.85,43.54,-16.06,0.0,-0.08579828422462232,-0.15879195658812376,-0.027392518331282423,-0.020491269416441804,0.034112246751161764,-0.2583617818093085,-0.3330766445729235,2026-06-11
484130,하나34호스팩,2026-06-11,0.0,0.0,0.0,1.0,-0.9275362320415879,0.1,0.5711705747897751,-0.514958106440612,-0.675262605238532,-0.6190501368893689,1406,91.0,-112.22,-18.0,1.07,금융,-0.25,0.0,15.71,0.0,0.0,-0.07048271444048686,-0.0861779049256817,-0.12107726715955013,-0.017304248086388457,0.038368901352085455,-0.25667323326002167,-0.3335843751894653,2026-06-11
352770,셀레스트라,2026-06-11,,,0.0,0.0,-1.0,0.0,0.0,0.0,0.0,0.0,1407,136.0,-1.16,-4541.0,-1.82,일반서비스,0.0,0.0,0.0,-95.74,0.0,-0.011442856345630146,-0.3844662850913059,0.059719083233319294,-0.03630334037401655,0.038922617848128026,-0.3335707807295053,-0.33412997073234985,2026-06-11
064090,인크레더블버즈,2026-06-11,,,0.0,0.0,-1.0,0.0,0.0,0.0,0.0,0.0,1408,397.0,-1.31,-607.0,0.59,유통,0.0,-35.33,5.92,-8.78,0.0,-0.011442856345630146,-0.1708310817341025,-0.2044905991603188,-0.019046592250639288,0.06889095463940742,-0.33692017485128334,-0.3370507136450439,2026-06-11
460470,아이빔테크놀로지,2026-06-11,-56.0,0.0,-56.0,-197.0,-0.19448153103767485,0.2,0.6059100149272549,0.0011732657695641248,-1.9321830994920342,-1.325099818795215,1409,533.0,-12.03,-293.0,1.7,의료·정밀기기,2.47,-18.16,11.55,-20.71,0.0,-0.13781986622127942,-0.19748471463616196,-0.05605985664060482,-0.021414037111631593,0.051884509482209795,-0.360893965127468,-0.3371034383454896,2026-06-11
493790,유안타제17호스팩,2026-06-11,0.0,0.0,0.0,6.0,0.4521452130836845,0.3,0.5560590101635408,-0.5576659654223727,1.1684065163934811,1.166799561134649,1410,107.0,-24.28,-83.0,1.15,금융,-0.25,0.0,320.87,0.0,0.0,0.09983679034127745,-0.09486111114136361,-0.12107726715955013,-0.017304248086388457,-0.18640848272551866,-0.3198143187715434,-0.3380641654798687,2026-06-11
021045,대호특수강우,2026-06-11,0.0,0.0,0.0,0.0,-1.0,0.0,0.0,0.0,0.0,0.0,1411,21.0,0.0,0.0,0.0,금속,2.73,,,,,-0.011442856345630146,-0.35720888666395334,0.0,0.0,0.027713336995447577,-0.3409384060141359,-0.34046511341549623,2026-06-11
059270,해성에어로보틱스,2026-06-11,-6.0,0.0,-6.0,-357.0,-0.9004811898545336,0.3,0.11691575306306964,-1.261910419336789,-0.4830458332063215,-1.6280404994800408,1412,837.0,-156.25,-48.0,2.12,금속,0.67,-1.33,7.0,9.17,0.0,-0.16671183107676538,-0.21801520839942218,0.009185088589733098,-0.01548451050254106,0.05909509390171276,-0.3319313674872828,-0.3407699342196477,2026-06-11
186230,그린플러스,2026-06-11,5.0,-2.0,3.0,60.0,-0.5500000002250001,0.8,0.30040799707688576,-0.6307185371613397,2.0630852366571113,1.7327746965726574,1413,365.0,-3.38,-991.0,0.89,금속,-0.45,-20.89,160.87,42.97,42.53,0.15381479582138763,-0.15635854451820158,-0.25658463450964486,-0.00208774165951502,-0.04567190404072647,-0.3068880289067003,-0.3409437144832077,2026-06-11
261520,이지스,2026-06-11,12.0,0.0,12.0,105.0,-0.5752895753715657,0.8,-0.3854357716883551,-1.8200950698861524,1.3353217330211218,-0.8702091085533856,1414,467.0,0.0,0.0,0.0,IT 서비스,-2.78,0.0,0.0,0.0,0.0,-0.09443617016671291,-0.45057340712168825,0.050830438761796826,-0.017304248086388457,0.07744440339623322,-0.43403898321675954,-0.3416480992833978,2026-06-11
274090,켄코아에어로스페이스,2026-06-11,-6878.0,-181.0,-7059.0,-4409.0,-0.05875014177478022,0.6,-0.5783440349989815,-0.43399256516351714,0.733799331859193,-0.2785372683033057,1415,2906.0,-17.84,-1183.0,1.73,운송장비·부품,-6.22,-7.96,37.46,73.09,106.04,-0.038007426506923986,-0.30454755260898186,-0.0838996181975839,0.01387859410706957,0.032459054127569546,-0.38011694907885063,-0.34233926664879216,2026-06-11
330860,네패스아크,2026-06-11,-10520.0,10135.0,-385.0,-282.0,-0.46387120928892644,0.4,-1.324451942149595,-0.3998102883906419,-0.4437059509199728,-2.1679681814602096,1416,5727.0,-19.97,-2354.0,3.46,일반서비스,13.8,-14.67,88.8,-2.99,0.0,-0.21820564688588925,-0.19666256987032932,-0.010676774920619416,-0.017897597636628775,0.003972871524889699,-0.4394697177885771,-0.3430108308711402,2026-06-11
041960,코미팜,2026-06-11,-432.0,-4.0,-436.0,-1481.0,1.1774193547684701,0.3,-1.7620818535525864,1.4616063856066828,-1.549193138482992,-1.8496686064288956,1417,6184.0,-83.7,-100.0,8.66,제약,4.62,-9.61,83.34,-17.15,-40.91,-0.18784887831148803,-0.2190082402069204,0.0022437858980238943,-0.027142111238306513,-0.009104996177910064,-0.44086044003660113,-0.3430854923975619,2026-06-11
284620,카이노스메드,2026-06-11,,,0.0,0.0,-1.0,0.0,0.0,0.0,0.0,0.0,1418,360.0,-4.47,-243.0,31.06,일반서비스,0.0,0.0,64.54,0.4,0.0,-0.011442856345630146,-0.23408025804293142,0.059719083233319294,-0.017224870220135573,0.013521079247882506,-0.18950782212749534,-0.3444786171439713,2026-06-11
036540,SFA반도체,2026-06-11,-910.0,-1770.0,-2680.0,-2005.0,-0.6908891420861483,0.5,-0.5354017880807407,-0.6651135831715957,-0.7629747460174388,-1.9634901172697752,1419,11364.0,-59.57,-116.0,2.4,전기·전자,1.92,-2.48,18.54,42.6,0.0,-0.19870422822216682,-0.22624371907831117,0.03174254652265706,-0.008850505330456174,0.05941117141432062,-0.3426447346939565,-0.34448813427513925,2026-06-11
131400,이브이첨단소재,2026-06-11,-62.0,0.0,-62.0,-146.0,-0.7328548644418006,0.4,0.34536223034392827,-0.9749530061759704,-1.383518678104312,-2.0131094539363543,1420,868.0,-4.65,-313.0,0.85,전기·전자,0.83,-13.06,28.38,-17.88,-59.0,-0.20343650824438952,-0.1274423697009202,-0.03652038955999658,-0.030132264937254693,0.05218097147720229,-0.3453505609653587,-0.34527566035671653,2026-06-11
261200,덴티스,2026-06-11,1.0,0.0,1.0,79.0,-0.7883597884017804,0.6,-0.30909125674076376,-0.8287727157616372,2.16024654946934,1.022382576966939,1421,409.0,-2.88,-898.0,0.88,의료·정밀기기,1.17,-14.09,328.01,-7.04,198.55,0.08606349841601853,-0.102999297387963,-0.0273231385519682,0.012527676007219697,-0.22045998833316427,-0.25219124984985725,-0.34586973349968275,2026-06-11
052020,에스티큐브,2026-06-11,-613.0,43.0,-570.0,-24.0,-0.5835149824200001,0.7,-1.1235406165972581,-0.7484416641303919,0.34156499053199013,-1.5304172901956599,1422,7655.0,-35.08,-321.0,10.6,유통,5.63,-30.89,27.47,-24.63,0.0,-0.1574013405696865,-0.27925316761289726,-0.1737274859101416,-0.02219194020090987,0.05461835897812775,-0.5779555753155075,-0.34592433272891093,2026-06-11
060310,3S,2026-06-11,6.0,0.0,6.0,-215.0,-0.526395173496857,0.3,0.20582752555058825,-0.0038537588796789986,-0.903695939115097,-0.7017221724441878,1423,642.0,-6.21,-195.0,1.3,의료·정밀기기,3.15,-22.42,30.75,16.1,0.0,-0.07836728623316175,-0.16628502713957097,-0.08613809228129081,-0.014109288969709824,0.035361048829820295,-0.30953864579391305,-0.3460368512597766,2026-06-11
300120,라온피플,2026-06-11,-4.0,0.0,-4.0,-15.0,-0.5564005071395182,0.3,-0.7041960956176277,-0.004118606229161985,-0.33383043325528,-1.0421451351020696,1424,296.0,-1.2,-496.0,0.64,IT 서비스,1.36,-38.32,133.66,-11.24,0.0,-0.11083399968636283,-0.07302698814539901,-0.22543718481486646,-0.019534766128094534,-0.05557755473836143,-0.4844104935130843,-0.34609142545667193,2026-06-11
043090,더테크놀로지,2026-06-11,,,0.0,0.0,-1.0,0.0,0.0,0.0,0.0,0.0,1425,47.0,-0.33,-3427.0,0.29,유통,0.0,-53.69,35.93,120.31,0.0,-0.011442856345630146,-0.05205942818263072,-0.331700229627268,0.0065706296358231135,0.04901528894126343,-0.3396165955784423,-0.34800796357526076,2026-06-11
021040,대호특수강,2026-06-11,0.0,0.0,0.0,-1.0,0.19047618622448992,0.2,-0.37023194301791906,2.2735810148192663,-1.5380237259243903,0.365325345876957,1426,214.0,-13.69,-72.0,0.49,금속,1.23,-4.36,353.55,-2.33,0.0,0.02339883949407945,-0.06960750590649585,-0.03198476115418895,-0.017766624157311513,-0.1768638528517305,-0.27282390457564737,-0.34812542948922254,2026-06-11
399720,가온칩스,2026-06-11,331.0,281.0,612.0,723.0,-0.48582496919014795,0.5,1.0107478554807257,-0.3853225598192447,1.166091655501845,1.791516951163326,1427,5943.0,-40.52,-1239.0,10.65,전기·전자,6.81,-17.49,201.2,35.32,0.0,0.159417143948846,-0.2682152146111874,-0.06510307451710012,-0.010295182496258687,-0.07480308880052042,-0.2589994164762206,-0.3490931948627545,2026-06-11
196490,디에이테크놀로지,2026-06-11,,,0.0,0.0,-1.0,0.0,0.0,0.0,0.0,0.0,1428,691.0,-4.19,-1454.0,-3.26,기계·장비,0.0,0.0,0.0,-41.03,0.0,-0.011442856345630146,-0.4446167602607267,0.02732811072445889,-0.025446432717278165,0.10681321620150286,-0.34736472239767324,-0.34936531146722616,2026-06-11
001840,이화공영,2026-06-11,,,0.0,0.0,-1.0,0.0,0.0,0.0,0.0,0.0,1429,626.0,0.0,0.0,0.0,건설,0.0,0.0,0.0,0.0,0.0,-0.011442856345630146,-0.405351508408394,0.03467942784268388,-0.017304248086388457,0.05185182999441068,-0.34756735500331803,-0.3500085635766714,2026-06-11
081180,쎄크,2026-06-11,-84.0,25.0,-59.0,34.0,-0.6344300432219461,0.3,0.8177501870520192,-0.6879548469934075,-2.14051782221992,-2.0107224821613086,1430,698.0,24.64,321.0,2.88,기계·장비,3.26,-15.07,156.27,7.12,0.0,-0.20320885871089087,0.03839257411070116,-0.1294030314728958,-0.0158913220670871,-0.10805452791488768,-0.41816516605506027,-0.3503772862375429,2026-06-11
234920,자이글,2026-06-11,,,0.0,0.0,-1.0,0.0,0.0,0.0,0.0,0.0,1431,718.0,-10.62,-500.0,2.81,전기·전자,0.0,-24.2,122.31,191.26,0.0,-0.011442856345630146,-0.2341491880848594,-0.10839648672074909,0.020650278662428637,-0.016836577312790164,-0.35017482980160014,-0.3506018118153106,2026-06-11
0099X0,IBKS제25호스팩,2026-06-11,1.0,0.0,1.0,42.0,-0.9766899767062774,0.4,-0.12537772231656227,-0.8227159938553456,-0.2581988564138316,-1.2062925725857394,1432,127.0,0.0,0.0,0.0,금융,0.24,,,,,-0.12648901829982637,-0.3445575598810667,0.0,0.0,0.010835218638686445,-0.4602113595422066,-0.3511455214075351,2026-06-11
025870,신라에스지,2026-06-11,-2.0,0.0,-2.0,10.0,-0.39393939504132225,0.4,0.3574772922186892,-0.6514885463614133,-1.7709977776102728,-2.065009031752997,1433,117.0,-3.51,-834.0,0.83,유통,3.35,-18.7,238.57,7.19,0.0,-0.208386258719972,-0.20402990537740545,-0.08926749705436213,-0.015877430940492845,-0.08519347137436135,-0.6027545634665938,-0.35320290903415374,2026-06-11
094860,네오리진,2026-06-11,291.0,0.0,291.0,345.0,1.3082287303399802,0.3,1.8853589914049644,2.0030006106828333,-1.3592233596178585,2.5291362424699395,1434,702.0,-2.7,-489.0,1.4,IT 서비스,-1.93,-22.46,37.6,-33.03,0.0,0.2297651427484229,-0.1979987993047979,-0.11109468716544373,-0.02385887539222046,0.040023891456529806,-0.06316332765750939,-0.3532273457252555,2026-06-11
092190,서울바이오시스,2026-06-11,100.0,0.0,100.0,3510.0,-0.7173411933675244,0.8,-0.1312713389511118,-0.8403304928654352,0.4492234786954329,-0.522378353121114,1435,4275.0,-27.74,-336.0,5.42,전기·전자,-0.53,9.78,276.81,11.91,0.0,-0.06126296299332025,-0.2564333469621063,0.1108449658396073,-0.014940772118708798,-0.13035953364254457,-0.3521516498770726,-0.35527259467930516,2026-06-11
083470,이엠앤아이,2026-06-11,-118.0,0.0,-118.0,-209.0,0.4652014647989373,0.3,-1.673781780338001,-0.08228780763954041,-0.994100161142483,-2.7501697491200243,1436,178.0,-3.86,-216.0,1.72,화학,3.22,0.0,52.48,-71.21,0.0,-0.27373119463870627,-0.25004391498765494,0.036612036570004364,-0.03143549272605836,0.02675292462838985,-0.4918456411540254,-0.35549126517509955,2026-06-11
060240,스타코링크,2026-06-11,,,0.0,0.0,-1.0,0.0,0.0,0.0,0.0,0.0,1437,115.0,-0.62,-3183.0,988.0,운송장비·부품,0.0,0.0,0.0,1.78,0.0,-0.011442856345630146,-0.36022479115866557,0.003011810253036572,-0.01695101658156312,0.040048021426637895,-0.34555883240618435,-0.3556340705458495,2026-06-11
290560,파라택시스이더리움,2026-06-11,-8.0,0.0,-8.0,-27.0,-0.682539682707651,0.4,0.4157817356034467,-1.1258756149215987,0.8143449605196549,0.10425108120150295,1438,239.0,0.0,0.0,0.0,IT 서비스,2.69,0.0,0.0,0.0,0.0,-0.0015002544890182034,-0.45057340712168825,0.050830438761796826,-0.017304248086388457,0.07744440339623322,-0.3411030675390649,-0.3560495827475707,2026-06-11
072020,중앙백신,2026-06-11,18.0,0.0,18.0,-217.0,-0.7266187050753066,0.2,-0.04463054971905275,-1.1126030562621925,0.19720263999221116,-0.960030965989034,1439,890.0,0.0,0.0,0.0,제약,0.11,0.0,0.0,0.0,0.0,-0.10300263255934597,-0.3931126709480749,0.0697583232747527,-0.017304248086388457,0.0698994745317317,-0.3737617537873249,-0.3584710616172091,2026-06-11
000440,중앙에너비스,2026-06-11,45.0,0.0,45.0,-109.0,-0.6324717286093509,0.6,-0.22963085933277894,-0.4884333815137973,-1.9126065300388007,-2.630670770885377,1440,978.0,-87.71,-179.0,1.34,유통,2.61,-2.07,9.22,-10.7,0.0,-0.2623343750646,-0.23509186443918983,0.025955605051594555,-0.019427606008653137,0.06670535994417666,-0.42419288051667176,-0.35932535255579234,2026-06-11
389500,에스비비테크,2026-06-11,97.0,-145.0,-48.0,966.0,-0.8889159825525841,0.4,0.8708436424621714,-0.8974077878376285,0.05208817399948048,0.02552402862402333,1441,3712.0,0.0,0.0,0.0,기계·장비,0.91,0.0,0.0,0.0,0.0,-0.009008586585924554,-0.4446167602607267,0.02732811072445889,-0.017304248086388457,0.10681321620150286,-0.336788268007078,-0.3594916405811507,2026-06-11
067170,오텍,2026-06-11,-815.0,-24.0,-839.0,-216.0,-0.31972789117139067,0.7,-0.7862869965703616,-0.798431488639137,1.3662599621279616,-0.21845852308153701,1442,719.0,-7.21,-377.0,0.59,운송장비·부품,29.83,-16.78,346.65,-7.92,0.0,-0.032277615008563604,-0.19677909967686846,-0.1802009748476433,-0.018875929838195585,-0.03017930143033068,-0.4583129208016017,-0.3613217363523673,2026-06-11
185490,아이진,2026-06-11,66.0,0.0,66.0,-264.0,-0.7066458982461068,0.4,-0.2703340512547968,-0.6880917391130145,-1.032795425655329,-1.9912212160231402,1443,619.0,-2.93,-488.0,1.08,일반서비스,1.49,-31.99,27.06,55.55,0.0,-0.20134898999128625,-0.10386800870401058,-0.09378899463610806,-0.006280646910519015,0.02827239109692499,-0.3770142491449989,-0.3625604441087991,2026-06-11
180400,DXVX,2026-06-11,57.0,0.0,57.0,203.0,-0.43076923085680463,0.8,0.4810287053352433,-0.6922977074575111,1.7999285177503535,1.5886595156280856,1444,2599.0,-4.5,-587.0,2.77,일반서비스,0.57,-59.45,27.1,-11.6,0.0,0.14007028737973504,-0.18617345981039232,-0.22555929217579157,-0.01960620620772213,0.028256647967950556,-0.2630120228462204,-0.3633787427459151,2026-06-11
076610,해성옵틱스,2026-06-11,-105.0,0.0,-105.0,-198.0,-0.7686729130310412,0.6,0.40887225007077377,-0.5192689758862763,1.1832158566199322,1.0728191308044297,1445,728.0,-5.67,-233.0,3.43,의료·정밀기기,-5.04,-1.01,403.43,125.07,0.0,0.09087371782138345,-0.24862764260980133,0.06502975397858878,0.007515226244232447,-0.2853662072083318,-0.3705751517739284,-0.3636919291011319,2026-06-11
010170,대한광통신,2026-06-11,-4449.0,413.0,-4036.0,-18921.0,-0.49617610206029716,0.4,0.41359987837848033,-0.3767947162118979,0.21251183667097812,0.24931699883756053,1446,26541.0,-70.54,-242.0,34.77,전기·전자,4.72,-28.75,116.7,34.87,0.0,0.012334927318176212,-0.2766852329425847,-0.1377534204803024,-0.010384482595793184,-0.01271448161693306,-0.4252026903174371,-0.36424605898129214,2026-06-11
078590,휴림에이텍,2026-06-11,-2.0,0.0,-2.0,52.0,-0.09909909927301819,0.4,-0.22067889997131876,-0.723529508953139,1.0107529405782143,0.06654453165375662,1447,271.0,0.0,0.0,0.0,운송장비·부품,7.11,0.0,0.0,0.0,0.0,-0.005096391864468733,-0.45681303255438105,0.003011810253036572,-0.017304248086388457,0.040048021426637895,-0.4361538408255638,-0.365286322324365,2026-06-11
482630,삼양엔씨켐,2026-06-11,-627.0,-158.0,-785.0,2980.0,0.4039358896156955,0.4,0.7348022649756079,0.6144280261439425,-0.659152989189276,0.6900773019302744,1448,3382.0,0.0,0.0,0.0,화학,6.33,0.0,0.0,0.0,0.0,0.05437098255466887,-0.42904906714047025,0.036612036570004364,-0.017304248086388457,0.08077609066700714,-0.2745942054351783,-0.36608666346007973,2026-06-11
432720,퀄리타스반도체,2026-06-11,-68.0,1.0,-67.0,286.0,-0.7310359978683956,0.6,0.4365021754363587,-0.6467397088677342,0.2995723178345643,0.08933478440318876,1449,1873.0,0.0,0.0,0.0,전기·전자,2.33,0.0,0.0,0.0,0.0,-0.0029228469315276183,-0.4104604285626079,0.04774368843995205,-0.017304248086388457,0.07303392617389115,-0.30990990896668075,-0.3667550953807373,2026-06-11
360350,코셈,2026-06-11,-55.0,0.0,-55.0,-474.0,-0.1491841492585212,0.3,-0.8009554013839594,-0.23769052915208475,-1.9733858785415836,-3.0120318090776275,1450,542.0,-82.81,-114.0,2.67,의료·정밀기기,3.51,-6.45,30.77,-19.71,0.0,-0.29870542198967553,-0.23432254790694967,0.026619988277806667,-0.021215592445999378,0.03534383689164073,-0.49227973717317713,-0.36694325954834783,2026-06-11
251630,브이원텍,2026-06-11,-42.0,0.0,-42.0,-313.0,-0.26256983248462906,0.1,-0.6025072397601157,-0.2947415219489343,-1.715484718912848,-2.612733480621898,1451,642.0,-6.84,-589.0,0.6,기계·장비,-1.71,-7.89,53.09,260.44,0.0,-0.26062366536815523,-0.04507085073425372,-0.0547295343941296,0.034378680630865154,0.033815657264156126,-0.29222971260151726,-0.3686322639462217,2026-06-11
373170,엠아이큐브솔루션,2026-06-11,-6.0,0.0,-6.0,-4.0,-0.12772585751302878,0.2,-0.32406430712186957,0.5070044898543157,-0.35675297036998543,-0.17381278763753932,1452,336.0,0.0,0.0,0.0,IT 서비스,-1.98,0.0,0.0,0.0,0.0,-0.028019675743096325,-0.45057340712168825,0.050830438761796826,-0.017304248086388457,0.07744440339623322,-0.367622488793143,-0.36866197559593705,2026-06-11
092040,아미코젠,2026-06-11,46.0,21.0,67.0,-136.0,-0.3218720153465261,0.4,0.36970965585584137,-0.40478092319775877,0.0,-0.0350712673419174,1453,915.0,-2.38,-543.0,0.76,음식료·담배,2.13,-3.64,60.24,13.49,0.0,-0.014787662402015246,-0.2969274857862001,-0.028583733138783318,-0.014627229547009901,0.03610917420072624,-0.3188169366732823,-0.36869807429716794,2026-06-11
412540,제일엠앤에스,2026-06-11,,,0.0,0.0,-1.0,0.0,0.0,0.0,0.0,0.0,1454,811.0,-5.16,-762.0,-7.08,기계·장비,0.0,0.0,0.0,-89.18,-96.22,-0.011442856345630146,-0.4446167602607267,0.02732811072445889,-0.050135524380846126,0.10681321620150286,-0.3720538140612412,-0.36992197305559943,2026-06-11
269620,시스웍,2026-06-11,,,0.0,0.0,-1.0,0.0,0.0,0.0,0.0,0.0,1455,1321.0,-26.15,-34.0,-5.7,의료·정밀기기,0.0,0.0,0.0,-24.82,0.0,-0.011442856345630146,-0.47126197241874823,0.07216097886053545,-0.02222964468737999,0.06182440378091286,-0.37094909081031,-0.37051341530413495,2026-06-11
377330,이지트로닉스,2026-06-11,2.0,0.0,2.0,-3.0,-0.7526041667633057,0.4,0.6576973919556094,-0.5304485762877802,-0.4830458332063215,-0.3557970175384923,1456,232.0,-1.87,-1524.0,0.59,전기·전자,-2.4,-38.39,62.91,-66.37,0.0,-0.0453758194035155,-0.06002624940404542,-0.19995140761043292,-0.03047502054439845,0.026809141819814454,-0.3090193551425778,-0.3716354314562448,2026-06-11
235980,메드팩토,2026-06-11,-2.0,0.0,-2.0,-7.0,-0.672536299072672,0.7,-0.7232589653511554,-1.0723012231582003,-0.7888104821910908,-2.5843706707004466,1457,1169.0,-9.12,-374.0,2.54,일반서비스,2.4,-27.18,6.53,206.2,0.0,-0.25791865623699156,-0.18141068805089336,-0.07070759874514383,0.023615041966973904,0.03635255204305205,-0.4500693490230029,-0.3717607500358115,2026-06-11
348150,고바이오랩,2026-06-11,-47.0,0.0,-47.0,-101.0,-0.25853018387299276,0.2,0.3125888745548225,-0.8077001078383143,-0.954599972633182,-1.4497112059166737,1458,744.0,-11.86,-323.0,2.32,일반서비스,3.1,-11.37,93.25,11.1,0.0,-0.149704264873741,-0.1759713456404011,0.005158694193763529,-0.015101512297870892,0.002221448426484173,-0.3333969801917652,-0.37264110158138397,2026-06-11
348370,엔켐,2026-06-11,-1660.0,5405.0,3745.0,1590.0,1.1097313735160954,0.3,2.539868864879895,2.4458226900258113,0.3338304332552806,5.319521988160987,1459,7647.0,-11.07,-3152.0,1.62,화학,13.87,-27.16,127.95,23.29,0.0,0.4958889486219234,-0.24598152500597345,-0.2070662636420461,-0.012682471823814214,-0.05093625869734273,-0.020777570547253106,-0.3728928261515493,2026-06-11
491000,리브스메드,2026-06-11,1538.0,-1517.0,21.0,-2536.0,-0.9387730211002462,0.4,-0.09893952705357881,-0.8350161919603559,-0.5351295032822382,-1.4690852222961728,1460,10152.0,-39.61,-1025.0,5.54,의료·정밀기기,0.25,0.0,13.19,5.47,0.0,-0.15155199756873836,-0.26776848719165947,0.07216097886053545,-0.01621875576538025,0.05047313055148487,-0.31290513111375773,-0.37355792438335184,2026-06-11
131760,파인텍,2026-06-11,-73.0,0.0,-73.0,318.0,-0.6464126330425808,0.6,0.11897813153967852,-1.0249671354848646,1.2353647224934914,0.3293757185483053,1461,209.0,-2.85,-844.0,0.74,기계·장비,4.11,-23.99,191.68,-10.61,0.0,0.01997026276084163,-0.09231445490123534,-0.22217289135347998,-0.019409745988746237,-0.15674248349920578,-0.4706693129818257,-0.37519284628889227,2026-06-11
121890,에스디시스템,2026-06-11,-11.0,0.0,-11.0,-132.0,-0.5503875969689321,0.3,-0.06251704296975057,-0.9120365954385619,-0.683129911064004,-1.6576835494723166,1462,259.0,-13.84,-141.0,2.42,전기·전자,2.9,-16.06,64.81,-15.18,0.0,-0.1695389388678028,-0.22669149912081069,-0.05587660962124051,-0.020316638110685455,0.0254130666287042,-0.44701061909183526,-0.3758053379916818,2026-06-11
275630,에스에스알,2026-06-11,-1.0,10.0,9.0,26.0,-0.7592592593930041,0.7,-1.2459440423974684,-1.1477540176084406,-0.8334107839916863,-3.2271088439975957,1463,200.0,-13.82,-276.0,0.81,IT 서비스,1.6,-7.54,12.87,-25.67,0.0,-0.3192176824100408,-0.1213429255332108,-0.0035291093010435003,-0.022398322653167373,0.0646358398679358,-0.40185220002952665,-0.3769937627344313,2026-06-11
229000,젠큐릭스,2026-06-11,124.0,0.0,124.0,420.0,-0.818851704027668,0.6,0.920499186501222,-0.729491975052203,0.5163977394943253,0.7074049509433443,1464,484.0,-7.35,-281.0,2.19,제약,-2.59,-28.93,101.68,97.43,0.0,0.05602354973442859,-0.16576151989459972,-0.1334878334691354,0.0020302156861580767,-0.026490909218644772,-0.2676864971617932,-0.3780858832210351,2026-06-11
008290,원풍물산,2026-06-11,-14.0,0.0,-14.0,-8.0,0.07344632586421507,0.5,-0.7772955041175814,0.8306041339252026,1.1517417006954194,1.2050503305030404,1465,108.0,-10.02,-53.0,1.01,섬유·의류,4.12,-13.49,154.8,-20.88,0.0,0.10348483088105767,-0.2702349600711637,-0.12953708379120418,-0.021447772704789068,-0.05036022916573013,-0.36809521485182944,-0.37837001452403934,2026-06-11
328130,루닛,2026-06-11,-819.0,1416.0,597.0,-841.0,0.3718915898167843,0.6,0.4264050610855989,0.13313198126470038,1.806350707671039,2.365887750021338,1466,11990.0,-21.21,-760.0,7.34,IT 서비스,3.8,-45.3,212.37,24.74,0.0,0.2141958580426719,-0.28316530534659673,-0.27575941896322526,-0.012394727058647503,-0.13391182321639483,-0.4910354165421924,-0.37896584577930037,2026-06-11
140070,서플러스글로벌,2026-06-11,-35.0,11.0,-24.0,-47.0,-0.6674776967556827,0.4,-0.5059827014725627,-0.9029835290306482,-0.8164965309277288,-2.22546276143094,1467,654.0,-4.5,-393.0,0.34,유통,-1.83,-10.37,139.68,-29.45,0.0,-0.22368900217557874,-0.08641005347447799,-0.03155201656472778,-0.023148443489257136,-0.019698483673946172,-0.38449799937798784,-0.37989555492817495,2026-06-11
294090,이오플로우,2026-06-11,,,0.0,0.0,-1.0,0.0,0.0,0.0,0.0,0.0,1468,623.0,-1.22,-1221.0,-0.42,의료·정밀기기,0.0,0.0,0.0,-89.91,0.0,-0.011442856345630146,-0.47126197241874823,0.07216097886053545,-0.03514640797338074,0.06182440378091286,-0.3838658540963108,-0.38150085072114953,2026-06-11
034940,조아제약,2026-06-11,9.0,0.0,9.0,26.0,-0.5260663509355137,0.5,-0.6552665117682095,-0.6495030600455759,-0.8164964809277387,-2.1212660527415244,1469,200.0,-2.93,-220.0,0.8,제약,0.94,-17.39,191.59,2.15,0.0,-0.2137515859173644,-0.0419299760214295,-0.05241418504796469,-0.016877592055279198,-0.11172359414189759,-0.4366969331839354,-0.38162037812462213,2026-06-11
347850,디앤디파마텍,2026-06-11,15124.0,-338.0,14786.0,23562.0,-0.38835541898755443,0.6,-0.7027190073656449,-0.5891914037616128,0.4492234786954347,-0.8426869324318229,1470,41351.0,-172.58,-547.0,51.7,일반서비스,8.63,-33.51,25.08,-90.89,0.0,-0.09181133370218418,-0.23595293608391024,-0.10108290768273293,-0.03534088374570032,0.02905167598115936,-0.4351363852333683,-0.38211962466978894,2026-06-11
301300,바이브컴퍼니,2026-06-11,-1.0,0.0,-1.0,3.0,-0.8353909466036682,0.5,-0.520458184116899,-1.3443662437346107,-0.5825751377308341,-2.447399565582344,1471,223.0,-1.23,-1382.0,0.52,IT 서비스,6.14,-35.34,50.47,-27.84,0.0,-0.24485549038437882,-0.019901319433913683,-0.20395290719851847,-0.022828947577589274,0.027215327928232388,-0.4643233366661679,-0.38274938527325125,2026-06-11
0041J0,엘에스스팩1호,2026-06-11,0.0,0.0,0.0,-113.0,3.0070921943186955,0.3,-2.337931986848663,0.6138902539888642,-0.20835267971885657,-1.9323944125786554,1472,82.0,0.0,0.0,0.0,금융,0.05,,,,,-0.1957385782967047,-0.3445575598810667,0.0,0.0,0.010835218638686445,-0.5294609195390849,-0.38676966366458115,2026-06-11
207760,미스터블루,2026-06-11,18.0,-1.0,17.0,250.0,-0.7624521073069979,0.9,0.3526724733125281,-1.7289998503494066,1.524889087963949,0.1485617109270705,1473,512.0,-2.76,-223.0,1.26,IT 서비스,2.16,-43.59,63.76,-3.71,0.0,0.0027257251775669785,-0.1863055304243863,-0.2634311925457907,-0.01804047779588397,0.013988769319757427,-0.45106270626873657,-0.3870365882604036,2026-06-11
106520,노블엠앤비,2026-06-11,,,0.0,0.0,-1.0,0.0,0.0,0.0,0.0,0.0,1474,159.0,-20.55,-20.0,0.9,의료·정밀기기,0.0,-2.56,932.26,-23.16,0.0,-0.011442856345630146,-0.10735228409045455,0.05408579500134387,-0.021900226542430516,-0.30000000000000004,-0.3866095719771714,-0.3876789126058703,2026-06-11
348210,넥스틴,2026-06-11,1850.0,-1067.0,783.0,-3143.0,-0.3445613037757398,0.5,-0.9704573193350038,-0.5313346210230772,-0.4492234786954348,-1.9510154190535158,1475,6129.0,-248.94,-235.0,3.97,기계·장비,7.93,-4.94,68.54,-53.59,0.0,-0.19751449516409025,-0.25704656155040834,-0.024048919299093353,-0.027938897717618764,0.012572253881560398,-0.4939766198496503,-0.3877954147004628,2026-06-11
079950,인베니아,2026-06-11,4.0,0.0,4.0,13.0,-0.6594427245636401,0.5,-0.2361454089648129,-0.6392152289063961,-0.3789323374751036,-1.2542929753463126,1476,136.0,-0.58,-1704.0,0.38,기계·장비,0.92,-30.64,153.88,475.29,0.0,-0.13106689785853273,0.0995016823180885,-0.2913342779236465,0.07701451704194616,-0.1047683315340201,-0.3506533079561647,-0.39109811770896863,2026-06-11
477760,DB금융스팩12호,2026-06-11,0.0,0.0,0.0,31.0,-1.0,0.4,-0.743820767210023,-0.67531520294906,0.6588690949108786,-0.7602668752482045,1477,120.0,0.0,0.0,0.0,금융,-0.24,0.0,0.0,0.0,0.0,-0.08395079351275453,-0.3445575598810667,-0.12107726715955013,-0.017304248086388457,0.04994070861338825,-0.5169491600263715,-0.3925318865951353,2026-06-11
214260,라파스,2026-06-11,-20.0,0.0,-20.0,26.0,-0.02550091101306906,0.6,-1.3499466485254676,0.8260327379216172,-0.6831299110640016,-1.207043821667852,1478,625.0,-14.46,-484.0,2.08,화학,-1.13,-13.79,142.07,-4.21,0.0,-0.12656066619481707,-0.2614342315132159,-0.08711122410467075,-0.018139700128700077,-0.06547145504767192,-0.5587172769890757,-0.3932568330100379,2026-06-11
394420,리센스메디컬,2026-06-11,-769.0,-109.0,-878.0,-1153.0,-0.4794452699433466,0.4,-0.42299266447660816,-0.09035469298977825,-1.032795425655328,-1.5461427831217143,1479,1985.0,-8.82,-2058.0,24.46,의료·정밀기기,-2.94,0.0,46.72,-54.68,0.0,-0.1589011074148909,-0.29183634522172364,0.07216097886053545,-0.028155202403157876,0.02161731619343174,-0.38511435998580523,-0.39401076350637576,2026-06-11
048410,현대바이오,2026-06-11,-185.0,-1574.0,-1759.0,4880.0,-0.4439734590318063,0.5,1.0939880877450978,-0.7295848397971545,-0.8143449605196558,-0.44994171257171245,1480,8763.0,-38.64,-235.0,7.88,화학,8.61,-18.56,15.29,-54.19,0.0,-0.05435455812583356,-0.3014898567455184,-0.12990744987828934,-0.02805796451699809,0.06503649065308835,-0.44877333861355106,-0.3945712104333444,2026-06-11
049120,파인디앤씨,2026-06-11,-21.0,-1.0,-22.0,-60.0,0.11940298423925144,0.3,-1.016526626990258,0.08176239755370186,-0.8334108056971109,-1.768175035133667,1481,252.0,-1.13,-2114.0,0.49,전기·전자,3.48,-53.03,116.96,-52.43,0.0,-0.18007669864751158,-0.015046891278187069,-0.29440976150930337,-0.027708701905485394,-0.012905523485190246,-0.5301475768256776,-0.3965257738206013,2026-06-11
027040,서울전자통신,2026-06-11,-14.0,0.0,-14.0,-74.0,-0.7004528039323804,0.4,0.5529411764380623,-0.7256826117980809,1.4687519984061186,1.2960105630460999,1482,291.0,-5.44,-384.0,3.32,전기·전자,0.48,-19.39,280.97,-32.62,0.0,0.11215986203217286,-0.2412578378527223,-0.0773620138892213,-0.023777513079311256,-0.13341620353465966,-0.36365370632374167,-0.39688998563223077,2026-06-11
493280,아이엠바이오로직스,2026-06-11,197.0,-318.0,-121.0,800.0,-0.7017357421246531,0.6,-0.27923872318420806,-0.8380393345978787,-0.3567529703699859,-1.4740310281520728,1483,3989.0,0.0,0.0,0.0,일반서비스,1.32,,,,,-0.15202368743438366,-0.3844662850913059,0.0,0.0,0.018027549916813577,-0.518462422608876,-0.3978597031263943,2026-06-11
199550,레이저옵텍,2026-06-11,20.0,0.0,20.0,-3.0,-0.7091722595728922,0.4,0.6780137578083828,-0.4760122601349109,1.2353645664124415,1.4373660640859134,1484,554.0,-4.55,-819.0,2.23,의료·정밀기기,6.27,-36.93,69.08,20.81,0.0,0.12564117513591166,-0.22158402482130907,-0.1885876695456931,-0.013174614594582102,0.0023743693086698,-0.2953307645170028,-0.398833187390049,2026-06-11
452200,민테크,2026-06-11,80.0,0.0,80.0,581.0,-0.3402106168489012,0.8,0.9218117179335381,-0.5716098293899542,1.3813270117484422,1.7315289002920262,1485,555.0,-3.71,-618.0,1.81,의료·정밀기기,0.0,-62.57,121.22,18.88,0.0,0.15369598212401386,-0.2036470838516489,-0.36962193288540873,-0.013557612799252274,-0.042497153525475444,-0.47562780093777146,-0.40178772415928254,2026-06-11
115500,케이씨에스,2026-06-11,-56.0,0.0,-56.0,446.0,-0.9000248806864806,0.6,0.12147079728143702,-1.0212262211877872,0.44922347869543333,-0.4505319452109168,1486,1414.0,0.0,0.0,0.0,IT 서비스,1.82,0.0,0.0,0.0,0.0,-0.05441084961045657,-0.45057340712168825,0.050830438761796826,-0.017304248086388457,0.07744440339623322,-0.3940136626605033,-0.40207341038906985,2026-06-11
365270,큐라클,2026-06-11,-18.0,422.0,404.0,1150.0,-0.6847763686704539,0.6,-0.2886995327672399,-0.66207073245514,-0.4830458332063212,-1.4338160984287012,1487,2616.0,0.0,0.0,0.0,일반서비스,5.15,0.0,0.0,0.0,0.0,-0.14818832160102333,-0.3844662850913059,0.059719083233319294,-0.017304248086388457,0.038922617848128026,-0.4513171536972704,-0.4058165995306746,2026-06-11
086890,이수앱지스,2026-06-11,50.0,2.0,52.0,34.0,-0.2716535433787741,0.4,0.08864646237190539,0.2495329760831983,-0.2320477135230543,0.10613172493204936,1488,1317.0,0.0,0.0,0.0,제약,2.87,0.0,0.0,0.0,0.0,-0.0013208943171000359,-0.3931126709480749,0.0697583232747527,-0.017304248086388457,0.0698994745317317,-0.272080015545079,-0.40627495597324426,2026-06-11
033170,시그네틱스,2026-06-11,-6.0,0.0,-6.0,-134.0,-0.8544232922895383,0.1,0.7219020306875039,-0.7075588817000832,-0.9896753059901283,-0.9753321570027076,1489,484.0,-2.64,-214.0,0.93,전기·전자,7.43,-19.79,127.1,5.89,0.0,-0.10446193301385993,-0.1406021748209057,-0.07994284323072048,-0.01613540900581472,-0.02035615634722073,-0.36149851641852154,-0.40782042359252174,2026-06-11
043340,에쎈테크,2026-06-11,8.0,0.0,8.0,-8.0,-0.6460176994283029,0.5,0.5451546101112251,-0.4928314892592723,0.9271365088518759,0.9794596297038287,1490,380.0,-25.84,-31.0,2.98,기계·장비,1.26,-10.89,182.4,14.13,0.0,0.0819698643718346,-0.2445086159760754,-0.08593015991450546,-0.014500224961005283,-0.14398269169399616,-0.40695182817374775,-0.40900358647565066,2026-06-11
302430,이노메트리,2026-06-11,-48.0,0.0,-48.0,-147.0,-0.7046413502376756,0.4,-0.8624704054736662,-0.8900986392995717,-1.4487069799072203,-3.201276024680458,1491,746.0,-17.37,-437.0,1.25,기계·장비,3.55,-1.76,33.87,102.15,0.0,-0.31675396275990453,-0.17492327133035745,0.009023743752505057,0.0029668745079421224,0.06024272606761826,-0.41944388976219654,-0.4092471184711661,2026-06-11
448900,한국피아이엠,2026-06-11,-548.0,-1872.0,-2420.0,-3679.0,-0.2016769638164092,0.4,-0.8408856009941715,-0.05377011746717379,-0.7888105858947672,-1.6834663043561124,1492,4708.0,-8611.11,-9.0,8.17,운송장비·부품,-1.27,-0.69,53.4,-3.74,0.0,-0.17199788378829445,-0.3485121013174422,-0.004521969348838821,-0.018046431135852935,0.029229792548628022,-0.5138485930418004,-0.41010473728282015,2026-06-11
068760,셀트리온제약,2026-06-11,2108.0,-2062.0,46.0,-1259.0,-0.5867944621982237,0.6,-1.3145464483181253,-1.1309307349518125,0.0,-2.445477183269938,1493,19026.0,0.0,0.0,0.0,제약,2.88,0.0,0.0,0.0,0.0,-0.24467214953334718,-0.3931126709480749,0.0697583232747527,-0.017304248086388457,0.0698994745317317,-0.515431270761326,-0.411614293997968,2026-06-11
214270,FSN,2026-06-11,62.0,0.0,62.0,94.0,-0.4228993537272069,0.5,2.005742968887976,-0.7548585634902224,2.323789707724489,3.5746741131222426,1494,596.0,-2.77,-475.0,0.94,IT 서비스,-0.83,-34.16,220.18,-0.7,-75.57,0.32947985701419513,-0.1464986576400064,-0.19544571002157524,-0.02932920118543111,-0.14168454125493432,-0.18347825308775195,-0.41163124216225244,2026-06-11
199430,케이엔알시스템,2026-06-11,65.0,0.0,65.0,418.0,-0.49562379471166196,0.8,-0.4312524795852811,-1.0753628256823904,1.2264446075490265,-0.2801706977186451,1495,1660.0,-19.15,-778.0,7.16,의료·정밀기기,1.15,-33.15,105.15,-14.14,0.0,-0.0381632094316709,-0.2748085211483139,-0.1618985308786055,-0.02011025565842795,-0.028667361198189023,-0.5236478783152072,-0.4123777632038048,2026-06-11
419080,엔젯,2026-06-11,14.0,0.0,14.0,-68.0,-0.8742956220362859,0.4,-0.4016915150105612,-1.1211367378668256,-0.17939871623105272,-1.7022269691084393,1496,447.0,-6.14,-682.0,1.21,기계·장비,3.72,-19.24,26.24,-13.5,0.0,-0.17378712010170227,-0.17096083255819408,-0.17277190094621822,-0.019983251072423335,0.07073380489022055,-0.4667692997883174,-0.4136571513811457,2026-06-11
460870,에스엠씨지,2026-06-11,14.0,0.0,14.0,85.0,-0.8403679653809225,0.6,1.8703005752250181,-1.163350207455183,1.7821273785594478,2.489077746329283,1497,498.0,-21.38,-116.0,1.63,비금속,3.98,-11.67,131.0,46.02,61.74,0.22594469625030605,-0.15593981925354675,-0.34171348410673447,0.0015389630768674527,-0.07317038987349604,-0.3433400339066037,-0.4144953336541711,2026-06-11
195990,에이비프로바이오,2026-06-11,-12.0,0.0,-12.0,-23.0,0.11111111041229904,0.5,-0.5159318811607204,1.0016215720410324,0.0,0.485689690880312,1498,299.0,-0.53,-1718.0,0.48,기계·장비,-0.43,-53.89,39.21,-11.11,0.0,0.0348781905598695,0.017358197629257697,-0.5331391257065594,-0.019508968321562344,0.05290034586936187,-0.44751135996963265,-0.4150513656858829,2026-06-11
178320,서진시스템,2026-06-11,-80731.0,78397.0,-2334.0,119882.0,2.0973493103776604,0.3,1.0863046304798296,1.6816163800432575,-0.7102847673667412,2.057636243156346,1499,47406.0,-41.39,-1800.0,5.68,전기·전자,6.89,-14.52,209.17,-0.39,0.0,0.18479739071612764,-0.2575315612028189,-0.04594041665646863,-0.01738164150598502,-0.08065925683901973,-0.21671548548816463,-0.4164007743595909,2026-06-11
432470,케이엔에스,2026-06-11,-5.0,0.0,-5.0,85.0,-0.850235344477933,0.5,-0.5619453527139864,-1.5514347419010657,-0.7409584912820169,-2.854338585897069,1500,792.0,-71.1,-127.0,1.41,기계·장비,2.85,-2.32,58.67,-2.24,22.39,-0.2836659527055187,-0.1885248342078544,0.003199626988701566,-0.0142271487259568,0.02614328245024777,-0.4570750262003806,-0.4166477459899727,2026-06-11
081150,티플랙스,2026-06-11,-49.0,0.0,-49.0,-499.0,-0.3239951279339832,0.3,-0.7582153599603316,1.1329807118683073,-1.8847023220089216,-1.509936970100946,1501,671.0,0.0,0.0,0.0,금속,1.1,0.0,0.0,0.0,0.0,-0.15544809781909935,-0.35720888666395334,0.027256342767758287,-0.017304248086388457,0.06386125355334775,-0.43884363624833506,-0.41793784781545806,2026-06-11
0101C0,하나36호스팩,2026-06-11,0.0,0.0,0.0,36.0,-0.9250936330008838,0.4,0.4138843538338168,-1.7008648120918335,-0.948683148050537,-2.2356636063085538,1502,155.0,0.0,0.0,0.0,금융,0.25,,,,,-0.22466187399666937,-0.3445575598810667,0.0,0.0,0.010835218638686445,-0.5583842152390497,-0.41811651733151484,2026-06-11
174900,앱클론,2026-06-11,372.0,-516.0,-144.0,1721.0,-0.7125788776152993,0.7,-0.26656697478765723,-1.1791986086668345,0.30063610901093735,-1.1451294744435543,1503,5926.0,0.0,0.0,0.0,제약,2.24,0.0,0.0,0.0,0.0,-0.12065579023028515,-0.3931126709480749,0.0697583232747527,-0.017304248086388457,0.0698994745317317,-0.3914149114582641,-0.41892350675950474,2026-06-11
226330,신테카바이오,2026-06-11,70.0,0.0,70.0,41.0,-0.49940405250305075,0.5,-0.2096948676054376,-0.7962035496359198,0.7629747460174371,-0.24292367122392033,1504,479.0,-2.09,-943.0,1.51,IT 서비스,4.5,-58.95,54.18,-51.39,0.0,-0.03461089754663708,-0.20566524711380943,-0.3741689456287121,-0.027502319453227893,0.023523038053330798,-0.6184243716890557,-0.42057156619967084,2026-06-11
067390,아스트,2026-06-11,-105.0,4.0,-101.0,-194.0,-0.5234853642257669,0.2,-0.05078121973950363,-0.5146725168468845,-1.374336498335717,-1.9397902349221052,1505,2192.0,-22.96,-23.0,0.69,운송장비·부품,-0.56,-2.93,82.69,48.43,0.0,-0.19644393037666086,-0.22048103504078354,-0.02897945675202851,-0.007693572929820373,0.02329597375018403,-0.4303020213491092,-0.4228630895883255,2026-06-11
242040,나무기술,2026-06-11,64.0,-2.0,62.0,949.0,-0.7613587720918423,0.6,-0.3148818931249836,-1.1522309263195596,-0.46056612283548276,-1.9276789422800258,1506,2575.0,-91.85,-81.0,7.12,IT 서비스,-3.88,-3.68,141.31,117.19,0.0,-0.19528885592255174,-0.28254507486148167,0.024299518752346906,0.005951482279050608,-0.06319103655588088,-0.5107739663085167,-0.42367438222434545,2026-06-11
217480,에스디생명공학,2026-06-11,,,0.0,0.0,-1.0,0.0,0.0,0.0,0.0,0.0,1507,548.0,-7.45,-67.0,1.86,화학,0.0,-26.02,24.23,-32.97,0.0,-0.011442856345630146,-0.2549974098685441,-0.19683823484080393,-0.023846968712282524,0.055833611377454975,-0.4312918583898057,-0.4241646157586304,2026-06-11
342870,오아,2026-06-11,3.0,0.0,3.0,6.0,-0.4444444452861953,0.4,0.2847566455471552,-0.3577568376966939,-0.6069769418247807,-0.6799771339743195,1508,268.0,-8.11,-606.0,0.58,유통,2.08,-11.71,71.7,6.73,-56.79,-0.07629342515305726,-0.1688515541749113,-0.040836379572664165,-0.024900941445420658,0.025324767047807548,-0.2855575332982458,-0.4253691021680381,2026-06-11
0115H0,삼성스팩13호,2026-06-11,-1.0,-15.0,-16.0,56.0,-0.7964376591107745,0.7,-0.9101729613520223,-1.2234269840190626,-0.11230586967385911,-2.245905815044944,1509,147.0,0.0,0.0,0.0,금융,0.25,0.0,0.0,0.0,0.0,-0.22563869075889947,-0.3445575598810667,-0.12107726715955013,-0.017304248086388457,0.04994070861338825,-0.6586370572725164,-0.4255663469028942,2026-06-11
052600,한네트,2026-06-11,-11.0,0.0,-11.0,-36.0,0.0416666660748104,0.5,-0.6943720685298531,1.5852969009498399,-0.814344960519656,0.07657987190033078,1510,356.0,0.0,0.0,0.0,통신,1.15,0.0,0.0,0.0,0.0,-0.0041393044998354125,-0.46814528036957204,-0.07531107443528016,-0.017304248086388457,0.09427869747507872,-0.47062120991599726,-0.42905553992020473,2026-06-11
361570,알비더블유,2026-06-11,8.0,3.0,11.0,2.0,-0.5098039219290658,0.3,0.5143735699054972,-0.8105526919994198,0.34156499053199024,0.045385868438067634,1511,474.0,-11.44,-144.0,0.78,오락·문화,0.92,-6.36,180.36,-9.92,0.0,-0.007114329345281194,-0.14252983440880299,0.012148664247484375,-0.019272819169460012,-0.1678635465608205,-0.32463186523688037,-0.42965717352226296,2026-06-11
115450,HLB테라퓨틱스,2026-06-11,-33.0,-4.0,-37.0,-236.0,-0.9054054054096664,0.3,0.6035882123683591,-1.588385260165933,-0.8912497601364582,-1.876046807934032,1512,2152.0,-23.37,-104.0,1.43,유통,-2.8,-5.96,30.31,-13.3,0.0,-0.19036461198289356,-0.23827344724724592,-0.000996762187862541,-0.01994356213929689,0.0527374229373837,-0.3968409606199152,-0.43077428981196414,2026-06-11
032800,판타지오,2026-06-11,5.0,0.0,5.0,-14.0,-0.5805739517126443,0.2,-0.2655829472740873,-0.3628648016046146,-1.0868531903392116,-1.7153009392179135,1513,232.0,-1.86,-1000.0,0.34,오락·문화,6.9,-26.14,111.69,0.53,0.0,-0.17503400673333824,0.07477374286404734,-0.25259326795108933,-0.017199072413603387,-0.06596300217832461,-0.4360156064123083,-0.43168341120005815,2026-06-11
023770,플레이위드,2026-06-11,11.0,0.0,11.0,-41.0,-0.24242424328512402,0.1,-0.6449543083593117,-0.3734671216881655,0.5400616373673359,-0.4783597926801413,1514,228.0,-3.23,-787.0,1.17,IT 서비스,3.46,-30.67,94.06,13.15,0.0,-0.05706483846816673,-0.17731070820868508,-0.17028459294739587,-0.014694700733324855,-0.01616659003590783,-0.43552143039348035,-0.43182932137699825,2026-06-11
095910,에스에너지,2026-06-11,140.0,-1.0,139.0,-1042.0,0.18101276108637676,0.5,-0.7625064035823929,0.3925759546160046,1.774823672429924,1.4048932234635356,1515,494.0,-2.39,-554.0,0.94,전기·전자,2.08,-35.37,226.35,16.79,0.0,0.12254418542855827,-0.14208965279324448,-0.180466146082114,-0.013972362150423598,-0.09328271567232188,-0.3072666912695457,-0.4320926517567169,2026-06-11
317770,엑스페릭스,2026-06-11,-2.0,-7.0,-9.0,-125.0,-0.9366587490153081,0.2,-0.13991149093433097,-0.8173261825698858,-2.1209337505583186,-3.0781714240625355,1516,944.0,-3.99,-646.0,1.05,전기·전자,1.78,-18.42,33.82,34.74,0.0,-0.30501326888359404,-0.15658193818088806,-0.07110350273608576,-0.010410280402325372,0.04818378777212873,-0.49492520243076454,-0.43254986309359755,2026-06-11
441270,파인엠텍,2026-06-11,950.0,-144.0,806.0,-792.0,-0.7939406133169327,0.2,0.43422770989522924,-0.9834158660983173,-0.9628223613513156,-1.5120105175544036,1517,3052.0,-18.47,-393.0,1.63,전기·전자,-0.14,-5.16,93.11,5.72,0.0,-0.15564585554518637,-0.20064883161838543,0.01445098993461247,-0.016169144598972198,0.004618894045325238,-0.3533939477826063,-0.4329197139585897,2026-06-11
065650,하이퍼코퍼레이션,2026-06-11,-8.0,0.0,-8.0,-185.0,5.0,0.0,-2.4003560298101934,1.932183558380814,0.0,-0.46817247142937934,1518,235.0,-45.64,-47.0,0.93,유통,-5.3,-13.6,226.25,24.2,0.0,-0.05609325641823142,-0.21280558008598466,-0.05393148859132069,-0.0125018871780889,-0.07703391784549984,-0.41236613011912554,-0.4334509782307615,2026-06-11
0037T0,KB제32호스팩,2026-06-11,0.0,4.0,4.0,-30.0,-0.6774193553590011,0.5,-1.3232393794471196,-0.7124649544153985,0.2921016473819494,-1.7436026864805687,1519,127.0,0.0,0.0,0.0,금융,0.0,,,,,-0.17773319221550263,-0.3445575598810667,0.0,0.0,0.010835218638686445,-0.5114555334578829,-0.4335606773595941,2026-06-11
309710,아이티켐,2026-06-11,,,0.0,0.0,-1.0,0.0,0.0,0.0,0.0,0.0,1520,2684.0,-16.73,-1255.0,4.02,제약,0.0,-24.74,177.3,-0.33,0.0,-0.011442856345630146,-0.19820530460957184,-0.10405121415503614,-0.017369734826047086,-0.09817699123284096,-0.42924610116912615,-0.43365285187911273,2026-06-11
198440,강동씨앤엘,2026-06-11,10.0,0.0,10.0,17.0,0.004016063047370011,0.4,1.5641495699981478,-0.11846866115208052,0.12577442528221056,1.571455334128278,1521,640.0,-6.33,-166.0,0.48,비금속,2.84,-6.81,227.6,-6.22,0.0,0.13842949550544406,-0.00805075779312776,-0.17924747620625223,-0.018538573906620823,-0.20552984573244737,-0.2729371581330041,-0.43424295556017917,2026-06-11
0130H0,엔에이치스팩33호,2026-06-11,0.0,0.0,0.0,61.0,-0.8484848485474581,0.9,-1.6933662450871545,-1.5708486155306411,0.48304583320632233,-2.7811690274114733,1522,154.0,0.0,0.0,0.0,금융,0.15,,,,,-0.2766876482154174,-0.3445575598810667,0.0,0.0,0.010835218638686445,-0.6104099894577977,-0.4344340243056649,2026-06-11
252990,샘씨엔에스,2026-06-11,-4085.0,2735.0,-1350.0,-2411.0,-0.5092753746253373,0.5,-1.210290306765924,-0.5810955333767733,0.0,-1.7913858401426974,1523,8683.0,0.0,0.0,0.0,전기·전자,12.92,0.0,0.0,0.0,0.0,-0.18229035236041827,-0.4104604285626079,0.04774368843995205,-0.017304248086388457,0.07303392617389115,-0.4892774143955714,-0.4350812059457809,2026-06-11
032685,소프트센우,2026-06-11,0.0,0.0,0.0,0.0,-1.0,0.0,0.0,0.0,0.0,0.0,1524,17.0,0.0,0.0,0.0,IT 서비스,0.0,,,,,-0.011442856345630146,-0.45057340712168825,0.0,0.0,0.024607834809029644,-0.4374084286582888,-0.4355929560624543,2026-06-11
049180,셀루메드,2026-06-11,,,0.0,0.0,-1.0,0.0,0.0,0.0,0.0,0.0,1525,840.0,-24.61,-41.0,6.59,제약,0.0,-13.54,186.87,-40.33,0.0,-0.011442856345630146,-0.21334692119300905,-0.025366217420451052,-0.025307521451335618,-0.10724913887732467,-0.38271265528775056,-0.4371992999966278,2026-06-11
007820,엠엑스로보틱스,2026-06-11,14.0,0.0,14.0,-54.0,-0.41520467839463426,0.7,0.24321952175545053,-0.2537667121327724,1.0327953589886834,1.0222481686113616,1526,663.0,-8.11,-408.0,1.23,기계·장비,0.0,-17.14,127.31,-46.34,0.0,0.08605067966392209,-0.17297426689364298,-0.15093146308195515,-0.026500173891785217,-0.06823517762621634,-0.3325904018296776,-0.4387242664638892,2026-06-11
206560,덱스터,2026-06-11,7.0,0.0,7.0,16.0,-0.7578347578865026,0.8,-0.3592337038248452,-1.429282113547163,1.4175124328400637,-0.3710033845319445,1527,376.0,-6.15,-241.0,1.01,오락·문화,2.85,-16.35,158.24,-29.43,0.0,-0.04682607633091551,-0.180768222668787,-0.12156073426938879,-0.023144474595944493,-0.13503931411956802,-0.5073388219846038,-0.4396475278599891,2026-06-11
0054V0,엔에이치스팩32호,2026-06-11,0.0,0.0,0.0,1.0,-0.305555558449074,0.3,-0.19169091454341425,-0.15777520437239576,-0.40824824046386904,-0.7577143593796791,1528,126.0,0.0,0.0,0.0,금융,0.5,,,,,-0.08370735575919898,-0.3445575598810667,0.0,0.0,0.010835218638686445,-0.41742969700157917,-0.44115819455893385,2026-06-11
466690,키움히어로제1호스팩,2026-06-11,-1.0,0.0,-1.0,40.0,-0.9176954733526393,0.3,0.3544989004888815,-0.5598233446917055,0.0,-0.20532444420282397,1529,102.0,-25.32,-79.0,1.42,금융,-0.25,-5.47,188.11,0.0,0.0,-0.03102499570198803,-0.11694366638529412,-0.3191757196721469,-0.017304248086388457,-0.08861897718697259,-0.5730676070327901,-0.44179239441939117,2026-06-11
465320,교보15호스팩,2026-06-11,,,0.0,0.0,-1.0,0.0,0.0,0.0,0.0,0.0,1530,89.0,0.0,0.0,0.0,금융,0.0,0.0,0.0,0.0,0.0,-0.011442856345630146,-0.3445575598810667,-0.12107726715955013,-0.017304248086388457,0.04994070861338825,-0.4444412228592472,-0.44226136025204393,2026-06-11
254120,자비스,2026-06-11,2.0,0.0,2.0,-36.0,-0.7819314642254054,0.3,0.11209939644842122,-0.785324842813424,-0.5276864733766793,-1.200911919741682,1531,296.0,-7.46,-129.0,1.19,기계·장비,-0.1,-15.65,55.61,8.07,0.0,-0.12597585634178676,-0.16887971975768812,-0.13543515240683515,-0.015702799634736496,0.03035071379981042,-0.41564281434123607,-0.443657049256604,2026-06-11
487360,신한제14호스팩,2026-06-11,4.0,-6.0,-2.0,-3.0,-0.933993399405287,0.4,-1.191945398550469,-1.0378059473886245,-2.302830614177413,-4.532581960116507,1532,114.0,-53.16,-38.0,1.07,금융,0.0,0.0,11.16,0.0,0.0,-0.4437228604713857,-0.0861779049256817,-0.12107726715955013,-0.017304248086388457,0.041720379584989836,-0.6265619010580161,-0.4438677994576258,2026-06-11
452430,사피엔반도체,2026-06-11,-203.0,111.0,-92.0,-79.0,-0.7722095672012299,0.2,0.7340502402955633,-0.7912541811155952,-0.9064194143806512,-0.9636233552006831,1533,2997.0,0.0,0.0,0.0,전기·전자,4.76,0.0,0.0,0.0,0.0,-0.10334524479160068,-0.4104604285626079,0.04774368843995205,-0.017304248086388457,0.07303392617389115,-0.41033230682675387,-0.44402258418149676,2026-06-11
122640,예스티,2026-06-11,2498.0,-311.0,2187.0,527.0,-0.186955290043892,0.2,0.14563750923145707,-0.3995481411086299,-0.5030977011288406,-0.7570083330060133,1534,5901.0,-1020.37,-27.0,4.32,기계·장비,14.32,0.72,75.51,9.64,38.11,-0.08364002083036445,-0.26010423954190415,0.03481626084934909,-0.009397102906287215,0.0029886602520010352,-0.3153364421772057,-0.4450381783148134,2026-06-11
418470,KT밀리의서재,2026-06-11,34.0,-56.0,-22.0,-340.0,-0.7524154589596243,0.3,-0.05063748130221052,-1.5400740335799754,0.5428966403464383,-1.0478148745357476,1535,892.0,0.0,0.0,0.0,IT 서비스,-0.95,0.0,0.0,0.0,0.0,-0.111374732321172,-0.45057340712168825,0.050830438761796826,-0.017304248086388457,0.07744440339623322,-0.45097754537121865,-0.4466712337347964,2026-06-11
045970,코아시아,2026-06-11,-12.0,0.0,-12.0,-334.0,-0.3919753086982738,0.3,0.5111663421827386,-0.5554691968477173,-1.352246693279923,-1.3965495479449017,1536,934.0,-6.66,-533.0,1.14,전기·전자,1.72,-12.73,239.45,17.18,0.0,-0.14463414768014504,-0.16635903023666673,-0.03439120535325974,-0.013894968730827033,-0.10290828672681883,-0.4621876387277174,-0.4475644231553989,2026-06-11
368600,아이씨에이치,2026-06-11,3.0,0.0,3.0,-19.0,-0.6043165469049221,0.5,0.9575605960655135,-0.735956847465616,0.6831299810639802,0.9047337296638777,1537,179.0,-0.56,-1254.0,0.51,전기·전자,-4.11,-50.54,189.07,1.03,0.0,0.0748431289566099,-0.02545388002103276,-0.2783440988584709,-0.01709985008078728,-0.06589025086990605,-0.3119449508735871,-0.4479873873902124,2026-06-11
271830,팸텍,2026-06-11,-428.0,-35.0,-463.0,-1157.0,0.16142015231444207,0.2,-0.4664974864370788,-0.3574290157117233,-0.9675240379148228,-1.7914505400636247,1538,578.0,-9.38,-209.0,0.93,기계·장비,-12.89,-9.65,59.75,64.5,0.0,-0.18229652290125603,-0.13367982260504413,-0.07303390136608344,-0.0045045671531107065,0.024658306679813898,-0.36885650734568043,-0.44818266263819806,2026-06-11
0088D0,메리츠제1호스팩,2026-06-11,0.0,0.0,0.0,0.0,-1.0,0.2,-0.8153342570229839,-0.7658708961971795,-2.1602465494693415,-3.741451702689505,1539,125.0,0.0,0.0,0.0,금융,0.0,,,,,-0.36827143036955395,-0.3445575598810667,0.0,0.0,0.010835218638686445,-0.7019937716119342,-0.4500497441508308,2026-06-11
103840,우양,2026-06-11,-10.0,0.0,-10.0,117.0,-0.7288135593679976,0.7,0.5675616300852557,-0.9733048837570768,1.3262631183423657,0.9205198646705446,1540,360.0,-27.5,-80.0,0.82,음식료·담배,4.27,-3.06,244.39,-7.86,-65.09,0.07634867933956124,-0.31097486591866524,-0.022780691276435706,-0.029101716196718495,-0.1746182676963974,-0.4611268617486556,-0.45242378576715536,2026-06-11
0072Z0,KB제33호스팩,2026-06-11,0.0,0.0,0.0,-73.0,-0.9173553719691278,0.3,-1.3696537789778298,-1.3533931945396698,0.17939871623105252,-2.543648257286447,1541,157.0,0.0,0.0,0.0,금융,0.15,,,,,-0.25403489082612585,-0.3445575598810667,0.0,0.0,0.010835218638686445,-0.587757232068506,-0.45276796507976547,2026-06-11
168330,내츄럴엔도텍,2026-06-11,6.0,-6.0,0.0,-53.0,-0.7507788162770159,0.1,-0.45433983642200126,-1.4848380391152018,-1.9683601488604798,-3.9075380243976827,1542,705.0,-21.98,-101.0,2.92,일반서비스,0.23,-9.13,54.05,-8.6,0.0,-0.38411136364930365,-0.18887538959057265,0.015907618683526487,-0.019010872210825494,0.01764971482142722,-0.5584402919457481,-0.45317728923865586,2026-06-11
077360,덕산하이메탈,2026-06-11,-196.0,653.0,457.0,1846.0,-0.5459564359101081,0.7,0.30031075152997766,-0.6087076000449531,0.568398506212656,0.2600016576976806,1543,6525.0,-6.16,-2333.0,3.16,전기·전자,10.12,-37.89,95.62,55.6,0.0,0.013353941296693714,-0.2392746851252272,-0.19672537093355894,-0.006270724677237404,0.0027746052402269584,-0.4261422341991029,-0.4550237036230945,2026-06-11
023910,대한약품,2026-06-11,9.0,-1.0,8.0,-45.0,-0.40714908462012644,0.3,0.3471132644006992,-0.7742490820531597,-0.9211323093073176,-1.348268126959778,1544,1581.0,0.0,0.0,0.0,제약,0.76,0.0,0.0,0.0,0.0,-0.1400294669382859,-0.3931126709480749,0.0697583232747527,-0.017304248086388457,0.0698994745317317,-0.41078858816626485,-0.45578899494009706,2026-06-11
098660,에스티오,2026-06-11,5.0,15.0,20.0,59.0,0.8452380935905612,0.5,0.45554155795191936,0.040606366551259654,2.5480879856041874,3.0442359101073664,1545,195.0,-4.05,-384.0,0.84,섬유·의류,3.32,-20.92,250.23,-0.44,0.0,0.278891068856499,-0.2517367676971966,-0.2541054548731564,-0.017391563739266633,-0.14224840062335228,-0.38659111807647295,-0.4578041602337678,2026-06-11
311690,CJ 바이오사이언스,2026-06-11,-12.0,0.0,-12.0,2.0,-0.6197411004159206,0.5,-0.8000182010965154,-0.8706103629512614,-1.0394060985313045,-2.710034662579081,1546,640.0,-2.67,-1837.0,1.19,일반서비스,5.83,-38.42,35.29,-14.22,0.0,-0.26990344358463364,-0.11633803553117704,-0.12464416627413302,-0.02012613123167853,0.025033242310435674,-0.5059785343111866,-0.4586315019126289,2026-06-11
456010,아이씨티케이,2026-06-11,-563.0,0.0,-563.0,2964.0,-0.7298323380336252,0.6,-1.1780132623261508,-1.1112397884421226,-1.4270118814799375,-3.716264932248211,1547,3166.0,-45.29,-499.0,7.15,전기·전자,-0.88,-13.52,67.01,45.98,0.0,-0.36586932549288953,-0.26223834557154074,-0.03948834330272064,-0.008179762360619295,0.023796558512681806,-0.6519792182150884,-0.45993354634378847,2026-06-11
168360,펨트론,2026-06-11,-120.0,24.0,-96.0,262.0,0.2825730597261449,0.4,0.5130609584410407,0.6796186935052831,0.7888104821910908,1.9814901341374147,1548,5071.0,-130.06,-178.0,19.04,기계·장비,10.24,-10.75,290.75,52.7,0.0,0.17753520756963295,-0.2869178364113862,-0.08447413072355459,-0.006846214207570821,-0.2929615108852095,-0.4936644846580881,-0.46099937772269917,2026-06-11
320000,한울반도체,2026-06-11,339.0,0.0,339.0,-89.0,-0.4985515932624547,0.4,0.05387797310811095,-0.7629649906147582,-0.232047713523055,-0.9411347310297022,1549,758.0,-3.19,-3557.0,2.27,기계·장비,1.97,0.0,215.42,414.41,0.0,-0.10120046668610688,-0.22878276398018157,0.02732811072445889,0.06493320579825701,-0.18938445089744668,-0.4271063650410192,-0.46151242245250035,2026-06-11
069540,빛과전자,2026-06-11,-1017.0,0.0,-1017.0,-3326.0,-0.8157002373688339,0.1,0.055700819096035054,-0.7365516408485676,-1.870828518386989,-2.5516793401395215,1550,3459.0,-8.75,-380.0,3.51,전기·전자,0.15,0.0,36.52,0.0,0.0,-0.2548008287748292,-0.24337800326865552,0.04774368843995205,-0.017304248086388457,0.046199891447919424,-0.4215395002420017,-0.4616141414764714,2026-06-11
172670,에이엘티,2026-06-11,125.0,0.0,125.0,-894.0,-0.6624725384562871,0.4,-0.642951998368281,-0.7008403029421962,-0.6706706729364864,-2.0144629742469635,1551,1125.0,-12.55,-1001.0,1.2,전기·전자,7.35,-7.78,113.67,37.03,0.0,-0.20356559576461591,-0.17206233393587098,-0.0024534422522072396,-0.009955842118027603,-0.0104881090753204,-0.39852532314604205,-0.46164204936629244,2026-06-11
476080,M83,2026-06-11,98.0,0.0,98.0,-1082.0,0.25646711003278133,0.4,-1.4571424315701431,-0.2666454137877755,0.08345760831382068,-1.6403302370440977,1552,441.0,-6.36,-859.0,0.98,오락·문화,-7.77,-14.61,128.56,517.75,0.0,-0.16788392412475484,-0.17679848759654374,-0.09827201020338684,0.08544047754468992,-0.0909966731224444,-0.44851061750243987,-0.4624588970458363,2026-06-11
403490,우듬지팜,2026-06-11,-22.0,114.0,92.0,341.0,-0.33072577149099613,1.0,0.6835851163756749,-0.5472339387995,1.5856945579625814,1.7220457355387562,1553,352.0,-8.52,-90.0,0.94,음식료·담배,9.26,-17.44,129.37,-14.88,0.0,0.15279155666966127,-0.33368977847328984,-0.1666561084842954,-0.020257104710995788,-0.04299801047670064,-0.4108094454756204,-0.4633234948587501,2026-06-11
049950,미래컴퍼니,2026-06-11,3.0,0.0,3.0,-400.0,-0.7672253258953806,0.3,-0.0254428658283589,-2.2448158545597097,-0.483045868206316,-2.7533045885943843,1554,1005.0,-4.02,-2835.0,0.89,기계·장비,1.79,-14.28,16.89,67.56,0.0,-0.27403016957900167,-0.1264390486013023,-0.12118686675253017,-0.0038973264762761336,0.0835898451249953,-0.4419635662841151,-0.467438011975245,2026-06-11
496070,신한제16호스팩,2026-06-11,0.0,0.0,0.0,-3.0,-0.943502824954515,0.6,-1.4621800334682697,-0.8817197428150969,-0.8143450157828018,-3.158244792066169,1555,112.0,-66.67,-30.0,1.59,금융,-0.25,0.0,153.77,0.0,0.0,-0.31265000135871607,-0.12699989641135612,-0.12107726715955013,-0.017304248086388457,-0.06332452388632727,-0.6413559369023379,-0.46824049674013396,2026-06-11
038540,상상인,2026-06-11,-5.0,0.0,-5.0,31.0,-0.34920634936130013,0.3,-0.6167880115436637,-0.2543474220532486,-1.635677709495675,-2.5068131430925873,1556,1051.0,-0.9,-2100.0,0.27,IT 서비스,1.23,-26.18,989.46,14.09,0.0,-0.25052186371358687,0.242447661857372,-0.13791398674021374,-0.014508162747630574,-0.30000000000000004,-0.46049635134405925,-0.4696164479319559,2026-06-11
137950,제이씨케미칼,2026-06-11,23.0,0.0,23.0,83.0,-0.796503296090871,0.6,-1.1369814376904674,-1.1484987334959542,-1.5856945579625825,-3.871174729149004,1557,684.0,-17.25,-178.0,0.46,화학,4.42,-0.22,175.64,54.73,-30.86,-0.3806433347072036,-0.06977977519182114,0.0346382064504664,-0.011297192509864879,-0.10002857554912736,-0.5271106715075506,-0.47220147230289344,2026-06-11
091970,나노캠텍,2026-06-11,-3.0,0.0,-3.0,-32.0,-0.6890927625347972,0.2,0.8044145070051608,-0.5857141707446556,2.0630852366571113,2.2817855729176166,1558,219.0,-2.49,-1169.0,1.04,화학,1.93,-35.17,228.14,0.67,0.0,0.20617489123274196,-0.20701383033553591,-0.27893162390340565,-0.017171290160414875,-0.15407232968455814,-0.4510141828511726,-0.47266101057337456,2026-06-11
042040,케이피엠테크,2026-06-11,,,0.0,0.0,-1.0,0.1,-1.124764755044727,-0.7112508772178455,-1.7303604259237388,-3.5663760581863118,1559,185.0,-0.99,-754.0,0.26,유통,0.0,-20.86,129.19,38.81,0.0,-0.3515741701778785,-0.025107399107489086,-0.10423333593282674,-0.009602610613202263,-0.01275094174880353,-0.5032684575802001,-0.4737939580414022,2026-06-11
106190,하이텍팜,2026-06-11,83.0,0.0,83.0,-123.0,-0.8115609880387741,0.4,-0.13997954336450902,-0.9189272495930947,0.11230587913331576,-0.9466009138242879,1560,1531.0,0.0,0.0,0.0,제약,0.7,0.0,0.0,0.0,0.0,-0.10172178578012164,-0.3931126709480749,0.0697583232747527,-0.017304248086388457,0.0698994745317317,-0.37248090700810066,-0.4740782130558029,2026-06-11
377030,비트맥스,2026-06-11,-9.0,0.0,-9.0,-12.0,-0.681933842360585,0.5,-0.9519114759497981,-0.7946011793989739,-1.6020818037597424,-3.348594459108514,1561,164.0,-0.15,-10522.0,1.51,IT 서비스,0.79,0.0,0.0,-20.05,0.0,-0.33080397090156044,-0.20566524711380943,0.050830438761796826,-0.021283063632314334,0.07744440339623322,-0.42947743948965417,-0.47517089236776455,2026-06-11
036000,예림당,2026-06-11,37.0,0.0,37.0,-41.0,-0.7021546261656233,0.4,-0.0326929765973131,-1.2842567043216573,-0.3567529703699859,-1.6737026512889563,1562,694.0,-7.96,-379.0,0.57,오락·문화,0.33,-14.76,148.08,-12.01,0.0,-0.17106670768926496,-0.0806658973383025,-0.10027965882976633,-0.01968756852063134,-0.11996272272702165,-0.49166255510498674,-0.475233547845337,2026-06-11
478560,블랙야크아이앤씨,2026-06-11,-6.0,-3.0,-9.0,-35.0,-0.6694214876579468,0.3,1.005918672875602,-0.9695380778748,-0.3789322656802618,-0.34255167067945974,1563,697.0,-11.79,-229.0,1.82,섬유·의류,4.05,-6.99,164.78,140.65,134.42,-0.04411258828155196,-0.31091424284830393,-0.020560716088285056,0.03174926941869547,-0.0599698273125086,-0.4038081051119541,-0.4752743066680816,2026-06-11
161580,필옵틱스,2026-06-11,1133.0,-435.0,698.0,-782.0,-0.5986073315207355,0.5,0.555469808192128,-0.5531809709872945,1.235364566412441,1.2376534036172746,1564,9635.0,-55.84,-736.0,8.27,기계·장비,7.17,-19.12,109.27,-66.42,0.0,0.1065942410813249,-0.2766697871057809,-0.17152387592540322,-0.03048494277768006,-0.043430582349709736,-0.415514947077249,-0.47546350019746386,2026-06-11
042600,새로닉스,2026-06-11,140.0,-197.0,-57.0,-256.0,-0.28305400379114953,0.4,-0.6757161147077277,-0.15531902618846738,-0.3017563420399903,-1.1327914829361854,1565,1534.0,-4.86,-2540.0,1.7,전기·전자,-4.19,-17.55,129.6,-10.91,0.0,-0.11947909512214597,-0.2039337369608358,-0.06549019891832501,-0.019469279388435904,-0.022193097388155267,-0.430565407777898,-0.4770243716603141,2026-06-11
032500,케이엠더블유,2026-06-11,-225.0,-938.0,-1163.0,-15182.0,-0.5947605908540062,0.4,-1.5761573182733253,-0.8153446104325824,-0.17445565998033913,-2.565957588686247,1566,11181.0,-39.43,-672.0,8.25,전기·전자,0.19,-19.04,77.08,-17.78,0.0,-0.25616256947692745,-0.26466324672476876,-0.0751037882154095,-0.02083259424132921,0.01639735999979749,-0.6003648386586374,-0.4796877389608132,2026-06-11
353590,오토앤,2026-06-11,6.0,0.0,6.0,-5.0,-0.10493827243369935,0.4,0.6449608054805253,-0.0663235550918226,1.0327954256553291,1.6114326760440316,1567,252.0,-4.85,-403.0,1.35,유통,1.03,-28.71,200.48,-13.67,0.0,0.142242202187936,-0.2354663223334713,-0.15862307444946896,-0.020016986665580813,-0.05996641018001597,-0.33183059144060106,-0.479802526217851,2026-06-11
290690,소룩스,2026-06-11,326.0,0.0,326.0,-599.0,-0.3712550275128149,0.6,-0.1505556843746372,-0.47290236002938196,1.8708283433870379,1.2473702989830187,1568,2321.0,-4.89,-946.0,2.81,전기·전자,3.7,-58.22,49.74,-15.27,0.0,0.10752095781932414,-0.2341491880848594,-0.3278960222152554,-0.020334498130592352,0.036486147223457596,-0.4383726033879254,-0.4805231561424518,2026-06-11
032790,엠젠솔루션,2026-06-11,-3.0,0.0,-3.0,-48.0,0.11111111068539792,0.5,-0.4505444604416708,-0.5597367695288031,1.3950265577620953,0.3847453277916213,1569,361.0,-1.97,-713.0,1.07,유통,5.48,-49.27,93.63,-55.5,0.0,0.02525095599987285,-0.22233579878819867,-0.30107568895929876,-0.02831792702897629,0.010800496845864937,-0.515677961930736,-0.48140173794269575,2026-06-11
338220,뷰노,2026-06-11,59.0,-2.0,57.0,188.0,-0.764361885117078,0.7,-0.7784832015142695,-1.1183852050291951,-0.2958039454049881,-2.1926723519484526,1570,1096.0,-18.96,-413.0,3.04,IT 서비스,0.38,-18.86,33.11,-19.74,0.0,-0.2205617253891683,-0.2547726968952173,-0.08514052628663402,-0.021221545785968344,0.044492457908903965,-0.537204036448084,-0.48285183343703986,2026-06-11
432430,와이랩,2026-06-11,-84.0,0.0,-84.0,-163.0,0.628026790062644,0.4,-0.9333121951312355,0.03689845650620909,-0.2320477135230541,-1.1284614521480805,1571,566.0,-8.39,-409.0,2.05,오락·문화,-6.16,-25.09,90.8,-8.66,0.0,-0.11906613276571931,-0.24655609235383263,-0.23853972756643296,-0.019022778890763422,-0.03496398700211462,-0.658148718578863,-0.4839987286366175,2026-06-11
085660,차바이오텍,2026-06-11,931.0,-1174.0,-243.0,547.0,-0.8006797097483143,0.7,-0.3179438607847361,-1.1628783879128608,0.5428966403464356,-0.9379256083511612,1572,10915.0,-7.66,-1533.0,3.15,제약,3.89,-18.24,173.82,8.41,0.0,-0.10089440723104869,-0.18748188661712908,-0.058385814264428716,-0.015635328448421543,-0.09487802845302869,-0.4572754650140567,-0.4843742168207525,2026-06-11
377480,마음AI,2026-06-11,-155.0,0.0,-155.0,154.0,-0.2379443858198903,0.4,0.33804234349245654,-0.5973576597331288,-0.8164964809277385,-1.0758117971684107,1573,919.0,-11.79,-1096.0,3.57,IT 서비스,0.0,-25.09,120.36,-16.46,0.0,-0.11404484616305054,-0.26196785847410836,-0.13005564358524083,-0.020570647282694685,-0.04234104386607272,-0.5689800393711671,-0.48538903979182835,2026-06-11
082270,젬백스,2026-06-11,513.0,-829.0,-316.0,-433.0,-0.557210225869091,0.7,-1.0863712716476603,-0.8422781342514596,0.6278955068086882,-1.3007538990904317,1574,5715.0,-47.29,-273.0,9.56,기계·장비,-0.69,-6.43,118.3,47.56,0.0,-0.13549795470086237,-0.27911447974557685,-0.03954522997421335,-0.007866219788920397,-0.0558466297636152,-0.5178705139731882,-0.48568012921906745,2026-06-11
129920,대성하이텍,2026-06-11,72.0,-62.0,10.0,1844.0,0.5664095972176588,0.7,1.2745530763484423,0.6771417532544587,1.7078250401599375,3.659519869762838,1575,936.0,-14.62,-394.0,1.35,기계·장비,-3.84,-38.09,363.76,-4.03,0.0,0.33757174026162057,-0.18380206931983464,-0.36881583129924655,-0.018103980088886275,-0.30000000000000004,-0.533150140446347,-0.48632404477432906,2026-06-11
331740,아우토크립트,2026-06-11,-30.0,-94.0,-124.0,-274.0,-0.6194657885247177,0.3,0.024648006390619256,-0.708986699950755,-1.4204388932308671,-2.104777586791003,1576,936.0,-6.8,-1411.0,2.97,IT 서비스,-0.52,0.0,131.97,8.9,0.0,-0.21217905304496695,-0.2536304118570591,0.050830438761796826,-0.015538090562261759,-0.05389562215383752,-0.48441273885632846,-0.4863478164153035,2026-06-11
159910,에코글로우,2026-06-11,0.0,0.0,0.0,-5.0,-0.8290598291694061,0.3,0.3755092463822084,-1.3032487506661954,0.0,-0.927739504283987,1577,311.0,-4.24,-701.0,1.57,화학,2.24,-22.37,108.49,37.8,0.0,-0.09992294126596986,-0.24375626679944723,-0.16409059876665136,-0.009803039725490799,-0.030904040497809718,-0.5484768870553689,-0.48679123132773305,2026-06-11
475430,키스트론,2026-06-11,2.0,0.0,2.0,-320.0,-0.8049262855140706,0.5,0.3185178602456883,-0.7595680637513038,-0.9172319277590103,-1.3582821312646258,1578,770.0,0.0,0.0,0.0,전기·전자,0.58,0.0,0.0,0.0,0.0,-0.14098451945808718,-0.4104604285626079,0.04774368843995205,-0.017304248086388457,0.07303392617389115,-0.44797158149324035,-0.48757670662107055,2026-06-11
464080,에스오에스랩,2026-06-11,167.0,-9.0,158.0,924.0,-0.8025092936848859,0.6,0.6378017400582104,-1.41855130101923,0.9036959391150989,0.12294637815407927,1579,1845.0,-14.28,-720.0,5.69,의료·정밀기기,-0.29,-46.12,22.19,20.29,0.0,0.0002827475868194253,-0.26858874760840173,-0.25347475535271285,-0.013277805820710852,0.042727758370677285,-0.4923308028243288,-0.4885547743727028,2026-06-11
222800,심텍,2026-06-11,-28038.0,56087.0,28049.0,9026.0,0.8172193645647918,0.5,0.2793959543999058,1.7450997426770243,-0.295803967279982,1.728691729796948,1580,49939.0,-26.9,-4955.0,8.65,전기·전자,21.74,-22.7,181.91,39.12,0.0,0.153425396377499,-0.2653921187477044,-0.0987183766901271,-0.00954109276685628,-0.060629251728669536,-0.28085544355585834,-0.48927008075825773,2026-06-11
105330,케이엔더블유,2026-06-11,67.0,0.0,67.0,-197.0,-0.2213473316857374,0.3,-0.3727742026736871,-0.1319249420699842,-0.729234379015996,-1.2339335237596671,1581,1469.0,-25.54,-359.0,1.19,운송장비·부품,0.66,-4.76,132.11,-15.14,0.0,-0.12912518254189517,-0.2792379336320017,-0.0489603504787415,-0.020308700324060167,0.013284047324130696,-0.46434811965256784,-0.4898028755595014,2026-06-11
290650,엘앤씨바이오,2026-06-11,9195.0,4726.0,13921.0,26439.0,0.05821078431195703,0.8,0.4580584247887379,-0.6263066592980702,0.7299882143665505,0.5617399798572182,1582,22762.0,-14.6,-5781.0,10.35,제약,13.14,-55.6,119.07,71.44,0.0,0.042131235186966966,-0.22195116424201258,-0.3208564819433662,-0.0031273611736231475,-0.04297624333960312,-0.5467800155116381,-0.49074145345813724,2026-06-11
024910,경창산업,2026-06-11,15.0,0.0,15.0,-44.0,-0.7955010225576173,0.3,0.002755385583933109,-0.7250752680624836,-0.43026032472129566,-1.152580207199846,1583,617.0,-2.96,-582.0,0.56,운송장비·부품,-1.03,-15.84,303.54,2.1,27.02,-0.12136637920914323,-0.1880178485691356,-0.16993756495523335,-0.01263766844589355,-0.02144570879117328,-0.513405169970579,-0.4910412855035512,2026-06-11
122350,삼기,2026-06-11,-3.0,0.0,-3.0,39.0,-0.6645702306607071,0.6,-0.9188541406299705,-1.2470783476091571,-1.3592233596178571,-3.5251558478569844,1584,385.0,-5.8,-173.0,0.38,운송장비·부품,2.34,-11.43,333.45,10.27,0.0,-0.3476429290336438,-0.10639987772341324,-0.12178688663020365,-0.015266221370345627,-0.02750513249419341,-0.6186010472517997,-0.4942840682564229,2026-06-11
066590,스모트로닉,2026-06-11,-15.0,0.0,-15.0,-24.0,-0.678416821333627,0.5,-1.3640705851018236,-1.033487374708989,-1.6020818037597409,-3.9996397635705536,1585,822.0,-7.78,-273.0,1.04,운송장비·부품,3.91,-6.34,235.41,7.72,381.9,-0.3928952622174863,-0.2675430509316342,-0.06621161391491993,0.04429495891862184,-0.007643350486701131,-0.6899983186321198,-0.49744316445549175,2026-06-11
060480,국일신동,2026-06-11,-2.0,0.0,-2.0,-3.0,-0.6938775513327781,0.3,0.3905201568390783,-1.155988990695383,-0.7637625574926444,-1.529231391348949,1586,156.0,0.0,0.0,0.0,금속,-0.14,0.0,0.0,0.0,0.0,-0.15728823939184577,-0.35720888666395334,0.027256342767758287,-0.017304248086388457,0.06386125355334775,-0.44068377782108153,-0.49886470657777926,2026-06-11
440290,HB인베스트먼트,2026-06-11,-12.0,2.0,-10.0,-59.0,-0.626168224415524,0.1,1.296942452559125,-0.8405714931076652,-1.0327954256553282,-0.5764244662038683,1587,494.0,0.0,0.0,0.0,금융,0.34,0.0,0.0,0.0,0.0,-0.06641743216607263,-0.3445575598810667,-0.12107726715955013,-0.017304248086388457,0.04994070861338825,-0.4994157986796896,-0.49964328153232995,2026-06-11
308080,바이젠셀,2026-06-11,91.0,0.0,91.0,-238.0,-0.8549690917771049,0.2,-0.44240941023721725,-0.7675052924012294,-1.5722823078664168,-2.7821970105048637,1588,1900.0,-12.68,-731.0,3.08,일반서비스,-0.43,-20.23,16.24,0.0,0.0,-0.27678568870089837,-0.19146737071303135,-0.037357141064852495,-0.017304248086388457,0.03253090748450876,-0.4903835410806618,-0.49979928176200306,2026-06-11
0010F0,보원케미칼,2026-06-11,-4.0,0.0,-4.0,34.0,-0.6551724138270766,0.7,-0.972851414010684,-0.8915990216486802,-0.29580394540498817,-2.1602543810643526,1589,332.0,0.0,0.0,0.0,화학,-0.83,,,,,-0.21746996870151492,-0.42904906714047025,0.0,0.0,0.02612498767557818,-0.6203940481664071,-0.5005592843972525,2026-06-11
347860,알체라,2026-06-11,14.0,0.0,14.0,-90.0,-0.7729184188584594,0.2,0.7122994591821042,-0.9806988247562916,-1.1097304769646286,-1.378129842538816,1590,710.0,-24.57,-70.0,2.98,IT 서비스,0.23,-11.49,85.66,134.61,0.0,-0.14287742923599953,-0.25379688100931225,-0.03200659137640415,0.009408388354363766,-0.0078066884323570625,-0.4270792016997092,-0.5025382397710734,2026-06-11
308100,형지글로벌,2026-06-11,-20.0,0.0,-20.0,-18.0,-0.7207446808881988,0.5,-0.30974808691975053,-1.0238928536268386,-0.5400616373673344,-1.8737025779139234,1591,138.0,-0.3,-1915.0,0.23,유통,-2.54,-70.36,108.74,-4.16,-44.65,-0.19014103880282066,0.008875594074211278,-0.4472004768976407,-0.025152561643571433,0.0007931223473992307,-0.6528253609224222,-0.502691036615385,2026-06-11
0099W0,미래에셋비전스팩11호,2026-06-11,0.0,0.0,0.0,48.0,-1.0,0.5,-1.0447549869185435,-1.5263736638400602,-1.8422644913419333,-4.413393142100537,1592,140.0,0.0,0.0,0.0,금융,0.0,,,,,-0.4323556214016783,-0.3445575598810667,0.0,0.0,0.010835218638686445,-0.7660779626440586,-0.5044249761030815,2026-06-11
071850,캐스텍코리아,2026-06-11,-6.0,0.0,-6.0,-6.0,5.0,0.0,-1.34963156562628,3.5507038150963597,-0.4830457748730099,1.7180264745970697,1593,353.0,-1.66,-879.0,0.64,운송장비·부품,2.61,-25.5,242.41,-1.43,0.0,0.15240823295886174,-0.20955592420897895,-0.2754104793814888,-0.01758802395824252,-0.009061470377076957,-0.35920766496692547,-0.5045034719408709,2026-06-11
011080,형지I&C,2026-06-11,9.0,0.0,9.0,1.0,-0.836347975925147,0.7,-0.01045761490380797,-2.0383846578041087,2.0123908045153645,-0.036451468192552294,1594,101.0,-1.02,-2302.0,0.29,섬유·의류,1.73,-35.66,81.48,1.64,0.0,-0.014919294490448896,-0.04330378871669532,-0.5012303256333145,-0.01697879883475163,0.02023854198875858,-0.5561936656864517,-0.5065598575598834,2026-06-11
215790,이노인스트루먼트,2026-06-11,126.0,-6.0,120.0,-553.0,-0.34311540367738136,0.4,0.1233549919987188,-0.8870528577377013,0.09473307988159743,-0.6689647858573851,1595,622.0,-5.6,-276.0,1.82,전기·전자,2.73,-21.38,97.63,-26.86,0.0,-0.0752431588961399,-0.20897712381313796,-0.09020163986317978,-0.022634471805269705,0.0012977046433155968,-0.3957586897344118,-0.5070827727779035,2026-06-11
217330,싸이토젠,2026-06-11,-18.0,11.0,-7.0,-176.0,-0.6169239566123058,0.2,-1.0508587439476929,-0.7423070805184666,-1.6782926208565623,-3.471458445322722,1596,930.0,-7.53,-534.0,2.61,일반서비스,0.25,-27.99,67.22,13.98,0.0,-0.3425217169754162,-0.18294908792456796,-0.0745944866186742,-0.014529991660850117,0.012466289606595588,-0.6021289935729129,-0.507869857589231,2026-06-11
373200,엑스플러스,2026-06-11,-1.0,0.0,-1.0,-126.0,-0.8865661967321391,0.2,0.7767031967591077,-0.7099827443329864,1.7748236724299236,1.841544124856045,1597,664.0,-25.73,-103.0,2.83,기타제조,6.85,-26.57,219.73,243.1,0.0,0.16418832007772347,-0.15586230918214045,-0.3763006135614661,0.030937650128802573,-0.19784944469074828,-0.5348863972278288,-0.5079081754549237,2026-06-11
261780,차백신연구소,2026-06-11,374.0,0.0,374.0,325.0,-0.4334116307331467,0.4,0.8968378749111637,-0.701105106528759,-1.7748236724299236,-1.579090904047519,1598,725.0,0.0,0.0,0.0,일반서비스,8.02,0.0,0.0,0.0,0.0,-0.1620434254082707,-0.3844662850913059,0.059719083233319294,-0.017304248086388457,0.038922617848128026,-0.46517225750451774,-0.5081774836178662,2026-06-11
115180,큐리언트,2026-06-11,-256.0,-15.0,-271.0,-536.0,-0.6733212341251721,0.5,0.5515145178443023,-0.5188400691565853,0.5825751377308354,0.6152495864185523,1599,10103.0,-31.89,-845.0,29.81,일반서비스,8.45,-79.54,66.65,1.12,0.0,0.047234536825776496,-0.23388356363858007,-0.32196370869335317,-0.01708199006088038,0.012690629194481239,-0.5130040963725558,-0.508226749976749,2026-06-11
376900,로킷헬스케어,2026-06-11,502.0,-275.0,227.0,3036.0,-0.7677926835857352,0.6,0.03730820005583703,-1.2691875398560224,0.5673085806553174,-0.6645707591448679,1600,8016.0,-257.65,-196.0,68.24,제약,0.8,13.07,936.15,118.08,0.0,-0.07482409314021327,-0.2347442340800214,0.16158090428555869,0.006128098031463275,-0.30000000000000004,-0.4418593249032127,-0.5103568137892176,2026-06-11
122690,서진오토모티브,2026-06-11,-5.0,-1.0,-6.0,-19.0,-0.8463356974540182,0.3,0.18936815770172427,-1.3850638228814196,-0.7888105988577284,-1.9845062640374236,1601,409.0,-1.58,-1122.0,0.27,운송장비·부품,1.14,-18.99,393.72,1.91,-35.54,-0.20070857366839748,-0.0029499393675183395,-0.2043309066159688,-0.022515134439294232,-0.03971514475032928,-0.4702196988415081,-0.5110146699312018,2026-06-11
089150,케이씨티,2026-06-11,2.0,0.0,2.0,73.0,-0.7094298246091946,0.7,-1.0053458085211149,-0.6384499377057831,-0.1793987162310526,-1.8231944624579506,1602,361.0,0.0,0.0,0.0,IT 서비스,-0.94,0.0,0.0,0.0,0.0,-0.1853239944449221,-0.45057340712168825,0.050830438761796826,-0.017304248086388457,0.07744440339623322,-0.5249268074949687,-0.5111130922157051,2026-06-11
286750,나노실리칸첨단소재,2026-06-11,0.0,0.0,0.0,-54.0,-0.7624350408843872,0.2,-0.3358888419480829,-0.5727940806257563,-0.5825752013671793,-1.4912581239410185,1603,430.0,-5.89,-228.0,1.57,화학,-0.07,-27.62,86.8,93.54,0.0,-0.15366666468316764,-0.24375626679944723,-0.21119336298289823,0.0012582659368487652,-0.00857624950357175,-0.6159342780322361,-0.5131345789459792,2026-06-11
087010,펩트론,2026-06-11,4889.0,-13828.0,-8939.0,-30507.0,-0.4900915662957964,0.2,-1.0762119603933729,-0.6565768343698901,-2.0367613621658567,-3.7695501569291197,1604,55379.0,-237.5,-1000.0,36.26,제약,-1.86,-23.46,11.33,-5.68,0.0,-0.3709512274524325,-0.23272697243772605,-0.095058643099655,-0.01843141378717943,0.05915888594113605,-0.6580093708358569,-0.5133430219857475,2026-06-11
247660,나노씨엠에스,2026-06-11,-4.0,0.0,-4.0,-50.0,-0.5505617979211379,0.2,-0.4619287159209313,-0.4599693830468163,-0.7245687935594752,-1.646466892527223,1605,155.0,-1.76,-2036.0,0.81,전기·전자,1.13,-38.41,62.63,1.46,0.0,-0.16846918733254812,-0.11988766676166929,-0.20008044907750785,-0.017014518874565426,0.02701487921639912,-0.4784369428298916,-0.5133623942761096,2026-06-11
389680,유디엠텍,2026-06-11,-318.0,-4.0,-322.0,-338.0,3.8837209283396428,0.5,-1.4765133491516476,3.5403330958959853,-0.5428966403464366,1.5209231063979014,1606,208.0,-19.19,-130.0,7.68,IT 서비스,-7.59,-60.86,39.31,-18.12,0.0,0.1336101515191724,-0.28405394997157696,-0.38793906987274723,-0.020900065427644162,0.0383220543443784,-0.5209608794084175,-0.5157196013790619,2026-06-11
086390,유니테스트,2026-06-11,402.0,0.0,402.0,327.0,-0.44741948002195475,0.4,0.781245551440253,-0.456075148051254,-0.9466847022216649,-0.6215142988326658,1607,3191.0,-15.35,-984.0,3.16,기계·장비,6.26,-16.14,96.29,0.01,0.0,-0.07071772573082599,-0.2473725770767717,-0.14053125457516322,-0.017302263639732134,-0.02558337355319891,-0.5015071945756919,-0.5175590982928532,2026-06-11
126340,비나텍,2026-06-11,4183.0,-5734.0,-1551.0,-8150.0,-0.1068854405184001,0.3,-1.5062854059681314,-0.3663851643661234,-1.0801232747346705,-2.9527938450689253,1608,7460.0,-117.0,-888.0,8.72,전기·전자,-3.17,-4.91,138.92,61.16,0.0,-0.29305579721699415,-0.2655127963833825,0.016064008273049466,-0.005167372336322299,-0.029041213588759218,-0.5767131712524086,-0.5185181941835325,2026-06-11
216080,제테마,2026-06-11,12.0,0.0,12.0,-109.0,-0.8264840182727633,0.4,0.1403604113725463,-0.743738876685569,-1.0892129142138247,-1.6925913795268475,1609,1805.0,-26.3,-184.0,2.66,제약,3.09,-7.18,195.74,1.08,0.0,-0.17286815763378974,-0.17835433119343458,0.01931562001097405,-0.017089927847505668,-0.11565770205460475,-0.4646544987183607,-0.5219174484910687,2026-06-11
289220,자이언트스텝,2026-06-11,40.0,0.0,40.0,69.0,-0.5076674738883775,0.5,-0.04832098782715134,-0.4573539463312217,-0.44922347869543466,-0.9548984128538077,1610,390.0,-2.3,-762.0,0.75,오락·문화,3.19,-32.37,34.63,-7.63,0.0,-0.10251313228996435,-0.13581317838400578,-0.3359776075667169,-0.018818380885162248,0.04838760143482718,-0.5447346976910221,-0.522207044557279,2026-06-11
267320,나인테크,2026-06-11,-50.0,0.0,-50.0,328.0,-0.5102685624178425,0.5,0.4810371258286686,-0.5329774924736091,-0.875040363789855,-0.9269807304347955,1611,1455.0,-7.75,-327.0,1.59,기계·장비,0.2,-16.85,78.57,24.5,0.0,-0.09985057572122182,-0.20055451835658403,-0.1479154026149855,-0.012442353778399234,-0.0012187710975615964,-0.4619816215687522,-0.5226106872561552,2026-06-11
021080,에이티넘인베스트,2026-06-11,-161.0,-13.0,-174.0,-109.0,-0.619602134897052,0.3,0.22102310984633966,-0.8499807136695269,-0.39936656051042907,-1.0283241643336163,1612,1337.0,0.0,0.0,0.0,금융,-1.24,0.0,0.0,0.0,0.0,-0.10951587033903264,-0.3445575598810667,-0.12107726715955013,-0.017304248086388457,0.04994070861338825,-0.5425142368526495,-0.5236222551763274,2026-06-11
340360,다보링크,2026-06-11,30.0,0.0,30.0,-87.0,-0.6974206349656615,0.2,-0.0020523042364119846,-0.5163809177053243,-0.5729699139942843,-1.0914031359360208,1613,709.0,-12.05,-113.0,4.59,전기·전자,-0.8,0.0,240.03,0.08,0.0,-0.1155318184993688,-0.2520949681985604,0.04774368843995205,-0.01728837251313788,-0.10333445704831568,-0.44050592781943076,-0.5270122379781614,2026-06-11
044480,빌리언스,2026-06-11,-14.0,0.0,-14.0,-49.0,-0.4894894895814734,0.3,0.30932402716034535,-0.4039814289975676,-1.3592233596178578,-1.4538807614550802,1614,315.0,-1.45,-654.0,0.62,오락·문화,-0.94,-30.63,98.64,-39.34,0.0,-0.1501019224343113,-0.09919656973269203,-0.312688883500715,-0.025111061232359722,-0.046597892171166146,-0.6336963290712442,-0.5272987109112744,2026-06-11
042520,한스바이오메드,2026-06-11,-387.0,595.0,208.0,-634.0,-0.6220785678813765,0.5,-1.065667868743986,-0.9784195502436444,-0.44922347869543516,-2.493310897683066,1615,3672.0,-11.11,-2317.0,9.92,제약,9.11,-35.62,99.98,47.06,538.22,-0.24923413174256148,-0.2212974814947161,-0.18048806812577595,0.07668859301669327,-0.024879346941150276,-0.5992104352875105,-0.5276261540598153,2026-06-11
279600,미디어젠,2026-06-11,2.0,2.0,4.0,-5.0,-0.5081967221177103,0.2,0.32831291651935074,-0.4076725141292569,-0.9741763093882275,-1.0535359069981336,1616,171.0,-4.08,-892.0,0.95,IT 서비스,-1.49,-29.07,111.17,-5.77,0.0,-0.11192035685884283,-0.14814854776199057,-0.15874941033459153,-0.018449273807086327,-0.033194913421235636,-0.47046250218374697,-0.529955596002892,2026-06-11
388870,파로스아이바이오,2026-06-11,32.0,-2.0,30.0,-581.0,-0.34163701073472985,0.5,-1.4229269526579258,-0.5525325132339227,1.5722821754340175,-0.403177290457831,1617,799.0,-7.42,-831.0,5.73,일반서비스,1.48,-72.06,135.61,0.0,0.0,-0.0498945561308983,-0.2133442794451271,-0.28606997870075185,-0.017304248086388457,-0.014450525157438979,-0.5810635875206046,-0.530350512967283,2026-06-11
111710,남화산업,2026-06-11,0.0,0.0,0.0,-5.0,-0.861111111255787,0.1,-0.7012835222099659,-0.49815206590603023,-1.3501542027933133,-2.5495897909093097,1618,709.0,0.0,0.0,0.0,오락·문화,-0.14,0.0,0.0,0.0,0.0,-0.2546015449322412,-0.4414210275122781,0.09727296600597421,-0.017304248086388457,0.0997756289863902,-0.5162782255385432,-0.5309259873491019,2026-06-11
262260,에이프로,2026-06-11,-244.0,295.0,51.0,902.0,-0.923968827220605,0.5,1.1421452352870358,-0.7804096401935618,-0.99999990000001,-0.6382643049065361,1619,893.0,-15.79,-375.0,1.21,전기·전자,0.17,-9.77,429.43,-35.62,0.0,-0.07231520212693575,-0.17295789402086997,-0.015293068226165716,-0.02437284707620789,-0.24250111030951624,-0.5274401217596956,-0.532561104401687,2026-06-11
462510,라메디텍,2026-06-11,-4.0,0.0,-4.0,14.0,0.6091954009116132,0.4,-0.11772162539087232,2.000802537562286,-1.1771511581541396,0.705929754017274,1620,261.0,-2.52,-1177.0,1.34,의료·정밀기기,0.17,-68.46,16.66,125.37,0.0,0.055882857709684354,-0.17024319644883998,-0.4112089769989393,0.007574759643922114,0.047486859277329055,-0.47050769681684385,-0.533441660359477,2026-06-11
424870,이뮨온시아,2026-06-11,47.0,-5.0,42.0,-1162.0,-0.7869001663391372,0.2,0.7749376080733873,-1.2154501720030981,-0.6238126250592169,-1.0643251889889278,1621,3811.0,0.0,0.0,0.0,일반서비스,0.72,0.0,0.0,0.0,0.0,-0.11294934892220412,-0.3844662850913059,0.059719083233319294,-0.017304248086388457,0.038922617848128026,-0.41607818101845123,-0.5355968086777686,2026-06-11
474170,루미르,2026-06-11,-19.0,-6.0,-25.0,-150.0,-0.8225957049548578,0.3,-0.18451733171702608,-0.9472722043906556,-1.2215175236742017,-2.3533070597818835,1622,1841.0,-137.73,-75.0,3.0,운송장비·부품,1.27,-2.46,18.1,17.73,0.0,-0.2358817290374179,-0.3281589273990499,-0.023847751805823523,-0.013785824164729317,0.03638116856723755,-0.5652930638397831,-0.5361150517579812,2026-06-11
0096D0,미래에셋비전스팩9호,2026-06-11,0.0,0.0,0.0,-2.0,-0.943502824954515,0.4,-0.8880289292941057,-0.7806633791996535,-0.11230587913331476,-1.7809981876270737,1623,110.0,0.0,0.0,0.0,금융,0.0,,,,,-0.18129966437908163,-0.3445575598810667,0.0,0.0,0.010835218638686445,-0.5150220056214618,-0.5373364047915838,2026-06-11
219550,디와이디,2026-06-11,8.0,0.0,8.0,-19.0,-0.9194847021031218,0.7,-1.4104256621392814,-1.0906159966906848,-1.0069930027167815,-3.508034661546748,1624,524.0,-3.06,-443.0,4.18,유통,-0.44,0.0,195.91,20.12,0.0,-0.3460100525508903,-0.269438074168263,0.04029786731012314,-0.013311541413868326,-0.05693969267783277,-0.6454014935007312,-0.5387123448066797,2026-06-11
0130D0,신한제17호스팩,2026-06-11,-1.0,-10.0,-11.0,45.0,-0.8388464801088601,0.4,0.32959359302269325,-1.1902838633453392,-1.573528749747777,-2.4342190200704232,1625,106.0,0.0,0.0,0.0,금융,-0.05,,,,,-0.24359843947643967,-0.3445575598810667,0.0,0.0,0.010835218638686445,-0.5773207807188199,-0.540363932253329,2026-06-11
0131D0,키움히어로제2호스팩,2026-06-11,-5.0,59.0,54.0,103.0,0.037037036748971186,0.8,-0.7628772745991111,1.1161054697924078,-0.582575201367178,-0.22934700617388137,1626,125.0,0.0,0.0,0.0,금융,0.2,,,,,-0.03331606804868489,-0.3445575598810667,0.0,0.0,0.010835218638686445,-0.3670384092910651,-0.5441001815857869,2026-06-11
0093G0,미래에셋비전스팩8호,2026-06-11,-1.0,0.0,-1.0,0.0,-0.9598393574781052,0.5,-1.3386737078419146,-0.5917972421361091,-1.2808815218033895,-3.2113524717814133,1627,128.0,0.0,0.0,0.0,금융,0.0,,,,,-0.31771497055473363,-0.3445575598810667,0.0,0.0,0.010835218638686445,-0.651437311797114,-0.5444575762197653,2026-06-11
317870,엔바이오니아,2026-06-11,24.0,0.0,24.0,35.0,-0.2822384430843411,0.6,-0.4098808739909725,-0.4975320643794509,0.07543908550999855,-0.8319738528604249,1628,480.0,-4.97,-1093.0,1.55,기타제조,4.83,-24.03,122.11,54.94,0.0,-0.09078960919238527,-0.11953301365348665,-0.32884421232783645,-0.006401698156554665,-0.06842637999476586,-0.6139949133250289,-0.5457492409073876,2026-06-11
032980,바이온,2026-06-11,,,0.0,0.0,-1.0,0.0,0.0,0.0,0.0,0.0,1629,184.0,-2.16,-280.0,1.09,유통,0.0,-34.46,221.53,-94.42,0.0,-0.011442856345630146,-0.22349741129056555,-0.1984626918342706,-0.03604139341538203,-0.07390785512989706,-0.5433522080157454,-0.5459379679615092,2026-06-11
204270,제이앤티씨,2026-06-11,-311.0,-429.0,-740.0,-2573.0,-0.6153771629001799,0.5,-1.0690362848652537,-0.7016375352675219,-0.1456438003417945,-1.9163176204745702,1630,9418.0,-10.28,-1583.0,3.76,전기·전자,4.49,-29.27,138.7,-16.8,0.0,-0.19420530745500011,-0.24584124136387464,-0.14110849862425134,-0.020638118469009637,-0.028879562777156982,-0.6306727286892927,-0.5461306483136589,2026-06-11
037070,파세코,2026-06-11,-353.0,1.0,-352.0,-581.0,0.09545283721746789,0.3,-0.7944078884825417,0.12957785711121744,-2.0114788758641526,-2.6763089072354767,1631,1300.0,0.0,0.0,0.0,전기·전자,0.62,0.0,0.0,0.0,0.0,-0.26668696128219277,-0.4104604285626079,0.04774368843995205,-0.017304248086388457,0.07303392617389115,-0.5736740233173458,-0.5547741357250279,2026-06-11
179530,애드바이오텍,2026-06-11,26.0,0.0,26.0,40.0,-0.22988505773682133,0.4,0.6668576428442556,0.247325022373491,2.916937516063981,3.8311201812817277,1632,468.0,-8.65,-275.0,2.54,제약,5.31,-72.92,213.64,-11.13,0.0,0.3539375520713335,-0.17558218275204254,-0.4425372090364924,-0.01951293721487499,-0.13262650485881144,-0.4163212817908879,-0.5564238358886688,2026-06-11
294140,레몬,2026-06-11,-4.0,0.0,-4.0,-15.0,0.043613706677439135,0.3,-0.7393693530545365,-0.345453743719249,-1.6733199130681633,-2.758143009841949,1633,565.0,-4.55,-554.0,6.21,화학,2.86,0.0,260.93,249.93,0.0,-0.27449161799301025,-0.2976268654687422,0.036612036570004364,0.032293027195070594,-0.1878265144102872,-0.6910399341069647,-0.5572598438966074,2026-06-11
331920,셀레믹스,2026-06-11,1.0,0.0,1.0,23.0,-0.9710736770468502,0.6,-0.6177730065147881,-0.6625071058552598,1.7748236724299278,0.49454356005988,1634,1486.0,-30.71,-494.0,5.38,제약,0.93,-53.13,30.65,-46.4,0.0,0.03572259903149792,-0.20802009815732747,-0.30350362998493535,-0.026512080571723152,0.040843954646316294,-0.46146925503617175,-0.5575638821113205,2026-06-11
344860,이노진,2026-06-11,-5.0,0.0,-5.0,-15.0,-0.43319838079627593,0.3,-0.2505071164699788,-0.6469431362955527,-1.9126065300388018,-2.8100567828043332,1635,168.0,0.0,0.0,0.0,화학,2.49,0.0,0.0,0.0,0.0,-0.27944272228363976,-0.42904906714047025,0.036612036570004364,-0.017304248086388457,0.08077609066700714,-0.608407910273487,-0.5597415763866638,2026-06-11
082800,비보존 제약,2026-06-11,93.0,0.0,93.0,-1564.0,-0.17465184620513652,0.4,-1.0131791033822741,-0.4746183951004957,-0.9354142591934936,-2.4232117576762633,1636,2383.0,-6.44,-609.0,2.85,제약,6.66,-34.26,74.7,-24.1,0.0,-0.24254865825350103,-0.18226614066073224,-0.17093346137943347,-0.022086764528124796,-0.0009144678969968787,-0.6187494927187883,-0.5614945396288898,2026-06-11
424980,마이크로투나노,2026-06-11,30.0,0.0,30.0,7.0,-0.6559633027917473,0.4,0.141257604813651,-0.9362981648999965,-0.946684702221664,-1.7417252623080095,1637,545.0,-6.93,-1328.0,1.8,전기·전자,8.11,-24.67,74.21,8.34,0.0,-0.17755413909827256,-0.20818325736416446,-0.11142896119701065,-0.0156492195750158,0.018506168314790346,-0.494309408919673,-0.5620740029926389,2026-06-11
092070,디엔에프,2026-06-11,-244.0,-85.0,-329.0,-471.0,-0.1462668298914852,0.4,-1.4161972239834066,-0.11811550671337452,-1.2379723029052538,-2.772285033602035,1638,2008.0,0.0,0.0,0.0,화학,2.54,0.0,0.0,0.0,0.0,-0.27584036670691087,-0.42904906714047025,0.036612036570004364,-0.017304248086388457,0.08077609066700714,-0.6048055546967581,-0.5627028702914392,2026-06-11
287840,인투셀,2026-06-11,-29.0,7.0,-22.0,910.0,-0.8684109861555716,0.6,-0.6607970793155585,-1.4210840468453418,-1.6782926208565625,-3.760173747017463,1639,3583.0,0.0,0.0,0.0,일반서비스,0.63,0.0,0.0,0.0,0.0,-0.37005698338779974,-0.3844662850913059,0.059719083233319294,-0.017304248086388457,0.038922617848128026,-0.6731858154840468,-0.5629409125097943,2026-06-11
475580,에이럭스,2026-06-11,-68.0,0.0,-68.0,-180.0,-0.8353909465063815,0.2,0.8279534053763792,-0.8855292969353107,-0.5258737239298445,-0.583449615488776,1640,1070.0,-11.38,-690.0,2.31,기타제조,3.7,-22.08,107.2,36.25,0.0,-0.06708743252979156,-0.145959234169933,-0.2924111483886325,-0.010110628957220728,-0.048658935878630884,-0.5642273799242087,-0.5654489396663698,2026-06-11
488280,에스투더블유,2026-06-11,-28.0,-21.0,-49.0,-266.0,-0.41826342138568284,0.4,0.8117230196513392,-0.6044324831932981,-0.35675300218815936,-0.1494624657301183,1641,1627.0,-26.89,-560.0,6.94,IT 서비스,2.1,-43.63,38.65,0.13,0.0,-0.025697344377171527,-0.2820083650652189,-0.2637195721111108,-0.01727845027985627,0.03897890375608596,-0.5497248280772716,-0.5663627345097282,2026-06-11
088800,에이스테크,2026-06-11,-58.0,-16.0,-74.0,220.0,-0.6174377224369467,0.7,-0.2628351666292598,-0.7167026306901768,1.1832157232866396,0.20367792596720302,1642,2005.0,-7.02,-378.0,2.9,전기·전자,1.72,-35.51,291.84,-37.44,0.0,0.007982251783063178,-0.23558533720631814,-0.18136943635163874,-0.02473401636765852,-0.141403223180643,-0.5751097613231952,-0.5667010415715846,2026-06-11
117670,알파칩스,2026-06-11,-2.0,0.0,-2.0,-113.0,-0.653679653743906,0.2,-0.42155087541776043,-0.938015457734126,-1.4641883827592284,-2.8237547159111145,1643,858.0,-6.06,-2127.0,1.88,전기·전자,3.87,-23.03,62.49,-9.73,0.0,-0.2807491173211741,-0.21125737850699794,-0.10084756089686396,-0.01923511468298989,0.02711774791469145,-0.5849714234933344,-0.5704985900940718,2026-06-11
047560,이스트소프트,2026-06-11,91.0,-4.0,87.0,386.0,0.11477814435847677,0.7,0.6544212081652454,0.28437434189375327,-1.1832157232866354,-0.24442017322763676,1644,1173.0,-6.57,-1520.0,2.07,IT 서비스,1.11,-24.18,205.32,22.95,0.0,-0.03475362147265388,-0.23206179995643164,-0.12349500847420834,-0.012749943010129163,-0.12689547722770042,-0.5299558501411235,-0.5708637020646935,2026-06-11
294630,서남,2026-06-11,82.0,0.0,82.0,-25.0,-0.5829228243226803,0.7,0.19472969160962642,-0.7971914791471006,0.5596802069014696,-0.04278158063600468,1645,769.0,-17.56,-166.0,8.89,전기·전자,0.17,-41.79,53.38,-78.01,0.0,-0.015523008015598645,-0.26579795862549194,-0.22188845701317603,-0.03278491645235741,0.033811561067856905,-0.5021827790387671,-0.5709439525884951,2026-06-11
372800,아이티아이즈,2026-06-11,0.0,0.0,0.0,7.0,-0.872773536944234,0.4,1.1471104354828077,-0.94765124590283,2.001041201790518,2.2005003913704955,1646,204.0,-1.84,-1575.0,1.92,IT 서비스,-2.53,-68.17,159.66,-12.21,0.0,0.19842258605133734,-0.22650114220080114,-0.440640435434997,-0.01972725745375778,-0.08145344065411379,-0.5698996896923323,-0.572464861698843,2026-06-11
115160,휴맥스,2026-06-11,-1.0,0.0,-1.0,-70.0,-0.8287671233463126,0.0,-0.5129487988817576,-1.1447046513852182,-1.5690002457493297,-3.2266536960163057,1647,276.0,-0.36,-17755.0,0.3,유통,4.4,-18.64,275.07,-5.98,0.0,-0.31917427417761135,-0.05984556991544943,-0.08885177930773812,-0.01849094718686909,-0.10936747330645918,-0.5957300438941272,-0.5730284181842027,2026-06-11
013720,THE CUBE&,2026-06-11,26.0,0.0,26.0,1.0,-0.3897996358679965,0.5,0.04935454405972148,-0.49199530399830843,-1.5925549910026158,-2.035195750941203,1648,297.0,-2.25,-217.0,0.51,운송장비·부품,-0.41,-20.14,65.71,3.26,0.0,-0.20554291572789218,-0.17112524022416037,-0.21688720595242783,-0.016657318476427443,0.026735927427124252,-0.5834767529537837,-0.5743693075932877,2026-06-11
094170,동운아나텍,2026-06-11,-217.0,-5.0,-222.0,-942.0,-0.5571450906868689,0.5,-0.5776685213879477,-0.9983600767774667,-1.0892129142138238,-2.6652415123792386,1649,7747.0,0.0,0.0,0.0,전기·전자,-1.85,0.0,0.0,0.0,0.0,-0.26563144512468834,-0.4104604285626079,0.04774368843995205,-0.017304248086388457,0.07303392617389115,-0.5726185071598415,-0.5777161837827298,2026-06-11
206400,베노티앤알,2026-06-11,-3.0,0.0,-3.0,-54.0,-0.7979797980354509,0.3,-1.206642857031778,-0.9434713668884055,-1.895516240408058,-4.045630464328242,1650,374.0,-1.57,-635.0,0.52,건설,-0.1,-15.81,8.6,-38.96,0.0,-0.39728147309866113,-0.18581640753046327,-0.0899907777558162,-0.02503565225941948,0.04873920524615595,-0.6493851053982042,-0.5817592611332081,2026-06-11
097800,윈팩,2026-06-11,-247.0,1.0,-246.0,-337.0,0.36215713602573363,0.4,-1.0102044752545296,-0.09612297692426208,0.5198909018452984,-0.5864365503334932,1651,665.0,-7.91,-308.0,4.29,전기·전자,29.87,-53.14,116.31,-13.99,0.0,-0.0673723015555167,-0.25011383980540025,-0.2951194895782156,-0.02008048895858312,-0.012427918814547273,-0.645114038712263,-0.581960770826459,2026-06-11
044340,위닉스,2026-06-11,8.0,0.0,8.0,-114.0,-0.7725795971853321,0.3,0.1264580397423392,-1.5835101883079397,-0.21807883582154858,-1.6751309843871491,1652,643.0,-3.5,-1026.0,0.39,전기·전자,0.98,-59.87,338.43,32.31,0.0,-0.17120293023151853,0.052998804348111446,-0.3385419432489395,-0.010892500939811648,-0.17563645641949907,-0.6432750264916574,-0.5826806299755083,2026-06-11
018000,유니슨,2026-06-11,-169.0,-3.0,-172.0,-1377.0,-0.07231995190785623,0.2,0.2697195218407625,-0.25986409457661824,0.5400616373673365,0.5499170646314807,1653,2320.0,-8.36,-107.0,2.07,기계·장비,-0.22,-26.57,142.94,-38.01,0.0,0.041003663774572936,-0.22240553883930061,-0.24900542930100328,-0.024847129827068878,-0.08972607697055103,-0.5449805111633509,-0.5882448632652898,2026-06-11
331380,포커스에이아이,2026-06-11,-6.0,0.0,-6.0,-79.0,-0.7737857618548665,0.2,0.1261353216646207,-0.68050545930829,-1.2724044316588599,-1.826774569302529,1654,586.0,0.0,0.0,0.0,전기·전자,-0.88,0.0,147.32,-16.13,0.0,-0.18566543528706525,-0.4104604285626079,0.04774368843995205,-0.020505160543036055,-0.03521333548629927,-0.6041006714390564,-0.5898651433283436,2026-06-11
445090,에이직랜드,2026-06-11,400.0,0.0,400.0,-498.0,-0.6283793531293888,0.6,-1.159423231994434,-0.855166930621129,0.11846976502550341,-1.8961203975900596,1655,2955.0,-11.07,-2443.0,5.32,전기·전자,4.44,-27.82,219.25,242.42,0.0,-0.19227906416394208,-0.25598237408130464,-0.1317529922613168,0.030802707756172665,-0.08806580311606779,-0.6372775258664587,-0.5939782183699941,2026-06-11
009730,이렘,2026-06-11,13.0,2.0,15.0,-29.0,-0.3956043959364811,0.4,-0.866657110426949,-0.5003339842719517,-0.944856342605805,-2.3118474373047055,1656,141.0,0.0,0.0,0.0,금속,3.68,0.0,0.0,0.0,0.0,-0.2319276547519027,-0.35720888666395334,0.027256342767758287,-0.017304248086388457,0.06386125355334775,-0.5153231931811385,-0.5949431915138139,2026-06-11
208640,썸에이지,2026-06-11,,,0.0,9.0,-1.0,0.5,-0.29434833071675187,-1.250973850028168,-2.194690137850955,-3.740012318595875,1657,168.0,-1.81,-67.0,1.3,IT 서비스,0.0,-50.45,9.94,-48.52,0.0,-0.3681341538751832,-0.1899034593106668,-0.3128882879981892,-0.02693278326286344,0.06755185316536481,-0.8303068312815377,-0.5950220296798416,2026-06-11
028080,휴맥스홀딩스,2026-06-11,-4.0,0.0,-4.0,-40.0,-0.6969696971227426,0.2,-0.44179220410739667,-1.1339364901195923,-1.6749037954078958,-3.250632489634885,1658,136.0,-0.53,-11260.0,0.42,IT 서비스,2.23,-21.19,290.53,-5.49,0.0,-0.3214611722625395,0.047559847183845524,-0.10193863596653031,-0.01839370930070931,-0.21169871718467193,-0.6059323875306055,-0.5952543996635191,2026-06-11
033340,좋은사람들,2026-06-11,29.0,0.0,29.0,584.0,-0.2416225749867742,0.9,-0.8537418292437192,-0.16790398105127802,0.4830457748730112,-0.538600035421986,1659,789.0,-5.73,-142.0,1.38,섬유·의류,-0.49,-23.41,63.63,-4.17,0.0,-0.06281005225803757,-0.294741516720051,-0.29585178650089,-0.018131762342074788,0.037426049696172976,-0.6341090681248804,-0.5961104858583695,2026-06-11
317690,퀀타매트릭스,2026-06-11,-6.0,0.0,-6.0,-25.0,-0.8850574712816006,0.4,1.336690223695234,-1.2228645170785024,1.035874470152354,1.1497001767690855,1660,580.0,-2.74,-1051.0,1.44,의료·정밀기기,4.16,-85.77,33.35,-28.69,0.0,0.09820599314684487,-0.17917656468156515,-0.5334282866093324,-0.022997625543376653,0.033123496866475886,-0.6042729868209535,-0.5974848171488797,2026-06-11
419050,삼기에너지솔루션즈,2026-06-11,14.0,0.0,14.0,-78.0,-0.6496815286996092,0.3,0.2087854185066319,-0.7052999678381827,-0.6978226399213568,-1.1943371892529075,1661,748.0,-8.38,-156.0,1.17,운송장비·부품,2.19,-11.15,227.87,65.65,-45.17,-0.12534881318011382,-0.27785187346010626,-0.11872970070480494,-0.011380927834757278,-0.006115832776210601,-0.539427147955993,-0.5979820670882241,2026-06-11
435570,에르코스,2026-06-11,9.0,0.0,9.0,18.0,-0.8695502918088345,0.5,0.09221258079951611,-1.0510508037175,-0.3567530021881587,-1.3155912251061426,1662,500.0,-7.82,-839.0,0.92,음식료·담배,5.47,-8.93,117.55,7.42,0.0,-0.1369130155663303,-0.3303154617532188,-0.08151147702122961,-0.015831788667397435,-0.029472089416564862,-0.594043832424741,-0.5983452669679148,2026-06-11
389140,포바이포,2026-06-11,-125.0,-1.0,-126.0,314.0,-0.11235257609482607,0.6,0.5548430188187511,-0.5075550372564631,-0.44922347869543355,-0.4019354971331456,1663,912.0,-7.69,-831.0,2.28,오락·문화,2.73,-30.92,101.96,8.19,0.0,-0.049776124202200296,-0.2530011506061252,-0.3165703375117153,-0.01567898627486063,-0.0515244948703053,-0.6865510934652067,-0.6013257886701038,2026-06-11
322780,코퍼스코리아,2026-06-11,-5.0,0.0,-5.0,10.0,-0.4623655915905499,0.3,1.0280699547445975,-0.5690306806502826,1.4182714516382935,1.8773107257326083,1664,193.0,-1.26,-1705.0,0.72,오락·문화,-3.79,-43.56,146.4,170.87,0.0,0.1675994412688089,-0.12853680102380882,-0.48574819509462597,0.016603991930187814,-0.11746974304793918,-0.5475513059673773,-0.6019799487151067,2026-06-11
021320,KCC건설,2026-06-11,4.0,0.0,4.0,-153.0,-0.6592592593097393,0.2,-0.8602524525460531,-0.9347831136125058,-0.9970971652421999,-2.7921327314007587,1665,1056.0,0.0,0.0,0.0,건설,0.92,0.0,0.0,0.0,0.0,-0.27773327519964525,-0.405351508408394,0.03467942784268388,-0.017304248086388457,0.05185182999441068,-0.6138577738573332,-0.6030362581166732,2026-06-11
115530,씨엔플러스,2026-06-11,9.0,0.0,9.0,-30.0,-0.7416020672836168,0.4,-0.45722770777393773,-0.8671797966396316,1.6119815412878054,0.2875740368742359,1666,138.0,-4.84,-362.0,1.75,전기·전자,2.04,-33.11,652.45,59.2,0.0,0.015983565711448225,-0.20611920459683342,-0.1658844603026436,-0.005556323880961436,-0.30000000000000004,-0.6615764230689902,-0.6042638089289721,2026-06-11
166480,코아스템켐온,2026-06-11,-32.0,0.0,-32.0,-52.0,-0.7174525302157504,0.5,0.8134985039544085,-0.9462105513033087,1.1442835526482746,1.0115715052993743,1667,1338.0,-3.88,-652.0,2.2,제약,0.2,-66.14,119.29,-28.96,0.0,0.08503242823434694,-0.16608547422781927,-0.39490468422752034,-0.023051205603097355,-0.04318479845786713,-0.5421937342819572,-0.6066126387977694,2026-06-11
0088M0,메쥬,2026-06-11,270.0,63.0,333.0,214.0,-0.5649557217892283,0.5,-0.7666621792503086,-0.5114600377067396,-1.0394060985313032,-2.3175283154883513,1668,1898.0,0.0,0.0,0.0,의료·정밀기기,1.11,,,,,-0.23246944970812697,-0.47126197241874823,0.0,0.0,0.016135313883237926,-0.6875961082436373,-0.6072742280911756,2026-06-11
295310,에이치브이엠,2026-06-11,-21439.0,25230.0,3791.0,4738.0,-0.524547231752265,0.6,0.2250118841735068,-0.5236173928870103,1.4270118814799417,1.1284063727664382,1669,13218.0,-140.36,-783.0,19.78,금속,8.38,-17.39,80.93,8.88,0.0,0.09617516706071695,-0.25784695307404204,-0.20902870246221014,-0.015542059455574405,0.008757639180945015,-0.37748490875016466,-0.6076442063042079,2026-06-11
309930,조이웍스앤코,2026-06-11,-12.0,0.0,-12.0,-41.0,0.010752687519944404,0.3,-0.01894004133879162,-0.49509074176241435,0.8258639071373047,0.31183312403609875,1670,74.0,-1.42,-1063.0,1.49,유통,-3.34,-62.32,166.2,87.01,0.0,0.018297195865451574,-0.2401809734050961,-0.39149429885002246,-3.757772972958623e-05,-0.03726271740652793,-0.6506783715259246,-0.6078195029698011,2026-06-11
378800,샤페론,2026-06-11,-1.0,0.0,-1.0,-8.0,-0.7843137255113418,0.5,-0.8368032766863195,-1.126335252348879,-0.3315658031432788,-2.2947043321784775,1671,497.0,-2.48,-434.0,2.01,제약,3.46,-92.33,16.48,454.1,0.0,-0.2302926878346131,-0.15937913601624457,-0.5789011185559831,0.07280947457719955,0.054276800218138035,-0.8414866676115031,-0.6117712749331758,2026-06-11
066790,씨씨에스,2026-06-11,,,0.0,0.0,-1.0,0.0,0.0,0.0,0.0,0.0,1672,973.0,-10.74,-139.0,3.55,오락·문화,0.0,-36.3,17.15,-2.36,0.0,-0.011442856345630146,-0.27355192728688904,-0.38857800157785916,-0.01777257749728048,0.07432646142909001,-0.6170189012785687,-0.6140572207947717,2026-06-11
096350,대창솔루션,2026-06-11,63.0,0.0,63.0,-312.0,0.47163120547806336,0.5,-0.7137097694162087,2.7043483913856026,-0.9466847022216658,1.043953919747728,1673,686.0,-9.9,-188.0,2.13,금속,-3.12,-15.46,297.43,105.71,0.0,0.08812079384461304,-0.21822466078636168,-0.182805002790339,0.0036733375175927977,-0.13865287004462262,-0.44788840225911747,-0.6144133944057233,2026-06-11
065420,에스아이리소스,2026-06-11,-27.0,0.0,-27.0,11.0,-0.73371374231093,0.4,0.5865392997631094,-0.7949019756800969,-1.1547004717125882,-1.3630631476295756,1674,136.0,-6.55,-29.0,1.78,화학,-4.52,-24.11,95.22,49.65,0.0,-0.14144049307139447,-0.25226225378664063,-0.17970180062117888,-0.007451470437749072,-0.01724383826205417,-0.5980998561790173,-0.615340711461575,2026-06-11
323350,다원넥스뷰,2026-06-11,-345.0,-120.0,-465.0,-672.0,-0.07456978971034156,0.4,-0.31324058236937774,1.7410481537011686,-0.04806485920066268,1.379742712131128,1675,1170.0,-28.26,-517.0,7.62,기계·장비,12.82,-43.38,82.94,75.55,0.0,0.12014553864440647,-0.275124351790343,-0.423832934300176,-0.0023117535978747507,-0.007227423057557933,-0.5883509241015452,-0.6174957319045088,2026-06-11
199800,툴젠,2026-06-11,-44.0,-2.0,-46.0,-75.0,-0.8560547379320413,0.6,-0.4553909493657847,-1.0239352343164336,-0.08345760831382075,-1.562783791996039,1676,3977.0,-10.41,-4244.0,7.1,일반서비스,0.34,-68.55,7.74,202.56,0.0,-0.16048818856381403,-0.21825056719883165,-0.2692267979154536,0.022892703384072653,0.035876322391575496,-0.5891965279024511,-0.6277949175052422,2026-06-11
417860,오브젠,2026-06-11,-98.0,-7.0,-105.0,-1193.0,1.781872781644947,0.2,-2.3129850353756125,0.5390429871709322,-0.33383043325527983,-2.10777248145996,1677,566.0,-16.97,-710.0,5.26,IT 서비스,-13.74,0.0,400.24,161.45,0.0,-0.21246468121258644,-0.2752277272335999,0.050830438761796826,0.014734643179932361,-0.30000000000000004,-0.7221273265044572,-0.6299160224117948,2026-06-11
171010,램테크놀러지,2026-06-11,-9.0,0.0,-9.0,-123.0,-0.7329059829345186,0.2,-0.839550321808162,-1.2983240647095393,-1.6749037039306378,-3.8127780904483393,1678,438.0,-5.23,-585.0,1.1,화학,2.86,-17.97,168.02,10.86,192.75,-0.37507394855145826,-0.212950601373101,-0.12461399637589206,0.015167581418132903,-0.09218451066318487,-0.7896554755455034,-0.6308958798312889,2026-06-11
123040,엠에스오토텍,2026-06-11,25.0,-17.0,8.0,-59.0,-0.49394939510650737,0.6,0.022536692007873813,-0.731061483948145,1.144283552648272,0.4357587607080008,1679,1155.0,-1.08,-1710.0,0.55,운송장비·부품,2.5,-40.49,165.95,4.42,-47.46,0.03011619333823852,-0.18488503756697655,-0.43907911160194124,-0.02389187779726921,0.006428450596942423,-0.6113113830310061,-0.6341053126577081,2026-06-11
445180,퓨릿,2026-06-11,-124.0,0.0,-124.0,-293.0,-0.5635548523379397,0.5,-0.9197436934118832,-0.6147584310875697,-1.6342052128225342,-3.1687073373219867,1680,1611.0,0.0,0.0,0.0,화학,7.33,0.0,0.0,0.0,0.0,-0.3136478319872955,-0.42904906714047025,0.036612036570004364,-0.017304248086388457,0.08077609066700714,-0.6426130199771427,-0.6372308897026402,2026-06-11
225190,LK삼양,2026-06-11,-34.0,0.0,-34.0,101.0,-0.8078401229970915,0.6,-0.22686141354169417,-1.5465286474364197,0.6656358561475602,-1.1077542048305538,1681,993.0,-4.39,-321.0,2.99,의료·정밀기기,3.3,-65.62,40.59,-25.5,0.0,-0.11709124758225903,-0.24123210253899072,-0.3911568199051488,-0.02236458706000989,0.026892775245470676,-0.7449519818409377,-0.6377647343462366,2026-06-11
498390,한화플러스제5호스팩,2026-06-11,0.0,0.0,0.0,-127.0,-0.8709677420187305,0.0,-1.2497037511362385,-0.6115775759951723,-1.1370201929012904,-2.998301520032701,1682,102.0,-28.08,-73.0,0.88,금융,0.49,0.0,409.97,0.0,0.0,-0.29739594111162077,-0.0592278969977485,-0.12107726715955013,-0.017304248086388457,-0.25203852900063506,-0.7470438823559429,-0.6384943966774727,2026-06-11
304840,피플바이오,2026-06-11,-15.0,0.0,-15.0,2.0,-0.8177083333808051,0.4,0.7593037536321904,-0.7776129942034152,-0.7175948649242126,-0.7359041054954375,1683,243.0,-1.39,-720.0,0.76,제약,5.04,-84.44,59.4,3.35,0.0,-0.0816272749747753,-0.031661476169773176,-0.5234703485349227,-0.016639458456520543,0.013589592600453558,-0.6398089655355382,-0.6450822977386357,2026-06-11
065060,지엔코,2026-06-11,127.0,0.0,127.0,43.0,0.510277032660337,0.3,0.9831426301595595,0.45090106224616916,-1.3903401443251255,0.04370354808060317,1684,257.0,-1.46,-2937.0,0.5,섬유·의류,8.48,-25.06,83.19,-9.88,0.0,-0.007274775081831513,-0.17700407050636963,-0.3235150183024002,-0.019264881382834723,0.018592007636955864,-0.5084667376364802,-0.6453112707877009,2026-06-11
205500,넥써쓰,2026-06-11,211.0,-2.0,209.0,-440.0,-0.4436823655185025,0.2,-0.9663764108404694,-1.023036900772698,-1.3522466932799224,-3.34166000489309,1685,1340.0,-37.32,-56.0,4.15,IT 서비스,9.71,-21.19,127.87,75.99,-47.74,-0.3301426202799434,-0.2677357643144815,-0.10193863596653031,-0.009733232931263604,-0.04981519399019966,-0.7593654474824184,-0.6466386889801027,2026-06-11
307870,비투엔,2026-06-11,76.0,0.0,76.0,-38.0,-0.21448087447790687,0.3,-0.1620724687534594,-0.20831860165514118,-1.6984840454084653,-2.068875115817066,1686,776.0,-4.68,-223.0,1.97,IT 서비스,3.47,-30.65,93.58,-29.34,0.0,-0.20875497369299878,-0.22844878374972757,-0.17014040316473578,-0.023126614576037593,-0.015688881372847782,-0.6461596565563474,-0.6551640781892071,2026-06-11
036690,코맥스,2026-06-11,,,0.0,0.0,-1.0,0.0,0.0,0.0,0.0,0.0,1687,1257.0,-3.02,-955.0,4.56,전기·전자,0.0,-36.32,202.09,-15.28,0.0,-0.011442856345630146,-0.25190858572473024,-0.1865956157681746,-0.020336482577248675,-0.07545703981109313,-0.5457405802268768,-0.6554462847385697,2026-06-11
290660,네오펙트,2026-06-11,,,0.0,0.0,-1.0,0.1,0.10509510004239789,-1.3628659157550391,-2.3552561138669574,-3.6130269295795987,1688,801.0,-3.79,-248.0,1.33,의료·정밀기기,0.0,-35.04,44.53,-15.95,0.0,-0.3560233426486267,-0.16927597462514643,-0.1752431002121493,-0.020469440503222257,0.023502023424094916,-0.6975098345650498,-0.6563557941068712,2026-06-11
317120,라닉스,2026-06-11,14.0,0.0,14.0,-107.0,-0.6969696970079584,0.4,-0.6264574833167597,-0.9455391986865012,-0.8500473466839101,-2.422044028687171,1689,251.0,-2.73,-604.0,1.18,전기·전자,2.55,-41.82,113.68,-24.63,0.0,-0.24243728996569858,-0.1702256768123984,-0.22208201921378848,-0.02219194020090987,-0.010495456839484142,-0.6674323830322795,-0.6576063293970218,2026-06-11
290670,대보마그네틱,2026-06-11,17.0,0.0,17.0,94.0,0.6666666659356724,0.8,0.7713369676135297,2.071893723506022,1.7577414010564463,4.600972092175998,1690,492.0,-1.39,-4518.0,2.6,전기·전자,0.0,-106.31,193.01,-91.71,0.0,0.427359630292075,-0.23041151793542194,-0.6381762297969957,-0.03550360837151873,-0.06878526995041888,-0.5455169957622802,-0.6628071015001001,2026-06-11
064290,인텍플러스,2026-06-11,214.0,3758.0,3972.0,8561.0,-0.6654018404518551,0.8,-0.6599507736743758,-0.6089760313655158,-1.549193138482992,-2.8181199435228836,1691,5660.0,-171.21,-257.0,11.69,기계·장비,13.55,0.57,152.34,-11.12,0.0,-0.280211719552603,-0.28197013092290785,0.0332562295733303,-0.01951095276821867,-0.10265086608358663,-0.6510874397539859,-0.6658150296884889,2026-06-11
043710,서울리거,2026-06-11,-2.0,0.0,-2.0,-12.0,-0.7619047624716553,0.1,-0.6233488103570415,-0.758949192438227,-1.7579215431666928,-3.140219545961961,1692,682.0,-7.73,-510.0,1.91,유통,-0.76,-18.69,575.05,815.4,0.0,-0.3109309031650467,-0.2501780083999025,-0.08919821076325814,0.14450753227011817,-0.30000000000000004,-0.8057995900580893,-0.6668129016304731,2026-06-11
006920,모헨즈,2026-06-11,-252.0,29.0,-223.0,-1151.0,-0.27630002398958897,0.4,-1.0023460881494153,-0.9896176892815877,-1.411652743451835,-3.4036165208828377,1693,438.0,-16.66,-241.0,1.45,비금속,-3.83,-8.02,56.91,11.42,0.0,-0.33605151795092497,-0.14827708167622727,-0.2196968320827097,-0.015038010004868582,0.02834629837277417,-0.6907171433419564,-0.6673934068488887,2026-06-11
348080,큐라티스,2026-06-11,-12.0,1.0,-11.0,-38.0,-0.2708333339029948,0.2,-0.5136565211819124,2.7196444072292385,-1.1638396071390802,1.042148278908246,1694,514.0,-0.76,-589.0,1.26,일반서비스,5.7,-92.82,127.8,-63.71,0.0,0.08794858682521234,-0.12313986834599513,-0.38568947531123354,-0.02994715773381676,-0.011376679225181187,-0.46220459379101425,-0.6680026648203655,2026-06-11
189330,씨이랩,2026-06-11,-79.0,0.0,-79.0,-353.0,-0.7016155621546057,0.3,-0.6836073205169834,-0.9628921177374398,-1.782127378559448,-3.428626816813871,1695,771.0,-20.6,-399.0,3.07,IT 서비스,-0.12,-25.13,10.53,41.81,0.0,-0.3384367921552056,-0.2552463013479856,-0.13034402315056093,-0.009007276616305623,0.06696466960035351,-0.6660697236697042,-0.6723946786686985,2026-06-11
355690,에이텀,2026-06-11,-172.0,0.0,-172.0,-237.0,0.17229129652111097,0.4,0.12709923995161554,0.7676967626347909,0.2293079819397528,1.1241039845261593,1696,419.0,-3.53,-1263.0,10.75,전기·전자,-1.87,0.0,578.14,192.16,0.0,0.09576484102080779,-0.26832879497964846,0.04774368843995205,0.02082887886149763,-0.30000000000000004,-0.40399138665739104,-0.6750948242415765,2026-06-11
418420,라온텍,2026-06-11,-65.0,0.0,-65.0,-1194.0,-0.7762059369228176,0.3,-0.10565501365528263,-1.2145193014517073,-1.658576710357051,-2.978751025464041,1697,1676.0,-25.28,-216.0,9.96,전기·전자,2.63,-34.52,74.55,-17.14,0.0,-0.2955313773933767,-0.2673693487647417,-0.17498188373142826,-0.020705589655324593,0.018256344333223245,-0.7403318552116481,-0.675919903684687,2026-06-11
214610,롤링스톤,2026-06-11,,,0.0,0.0,-1.0,0.0,0.0,0.0,0.0,0.0,1698,192.0,-0.32,-7068.0,0.46,의료·정밀기기,0.0,-121.46,30.55,-51.95,0.0,-0.011442856345630146,0.0758516779970159,-0.75,-0.027613448465981936,0.03553316821161603,-0.6776714586029802,-0.6793342580208772,2026-06-11
073640,테라사이언스,2026-06-11,,,0.0,0.0,-1.0,0.0,0.0,0.0,0.0,0.0,1699,696.0,-4.06,-161.0,2.31,금속,0.0,-30.37,110.01,0.05,0.0,-0.011442856345630146,-0.22168470541216787,-0.38539327331241086,-0.017294325853106845,-0.011042349771847164,-0.6468575106951628,-0.6809191382461992,2026-06-11
289080,SV인베스트먼트,2026-06-11,-328.0,0.0,-328.0,1.0,-0.4760759155446117,0.3,0.04646862247951167,-0.9779411678224778,-0.5640760429995857,-1.4955485883425519,1700,1422.0,-24.13,-98.0,1.8,금융,1.28,-7.48,34.72,-11.68,0.0,-0.15407585352641773,-0.13679979116224397,-0.3919687524967026,-0.01962208178097271,0.024366351636148722,-0.6781001273301882,-0.6844826470067726,2026-06-11
054450,텔레칩스,2026-06-11,-204.0,0.0,-204.0,-1214.0,-0.7113686534264122,0.2,-0.7097153046519382,-0.8754728067073386,-1.5105571049965536,-3.0957452163558306,1701,1867.0,-3.03,-4070.0,1.27,전기·전자,2.84,-33.52,162.66,46.18,0.0,-0.30668931116410814,-0.17803508505393525,-0.16852981037768028,-0.008140073427492851,-0.0464848057134736,-0.7078790857366901,-0.6848991280067547,2026-06-11
053080,케이엔솔,2026-06-11,20.0,0.0,20.0,-31.0,-0.7671731982644493,0.6,0.5301934390141558,-0.5743862237068316,2.171586561385746,2.1273937766930704,1702,1459.0,-2.69,-4174.0,1.17,기계·장비,3.41,-37.9,218.88,-11.06,-83.72,0.1914502846186314,-0.16672745780160927,-0.36683979168295605,-0.032666962222555454,-0.19414187327309596,-0.5689258003615854,-0.6862615474771282,2026-06-11
147760,피엠티,2026-06-11,71.0,317.0,388.0,179.0,-0.6270633788541459,0.5,-0.6219348896209894,-0.6481229302918387,-1.3501542027933133,-2.6202120227061414,1703,757.0,-5.32,-1315.0,2.45,의료·정밀기기,19.66,-37.31,94.03,-26.18,0.0,-0.2613369065696334,-0.22852522005368878,-0.19127070464979185,-0.0224995294326398,-0.019097523570346768,-0.7227298842761005,-0.692328480486935,2026-06-11
007330,푸른저축은행,2026-06-11,92.0,26.0,118.0,-446.0,0.3044903309107352,0.4,-1.0388941540037557,-0.0480554969473173,-1.6969135266085418,-2.7838631775596148,1704,1576.0,0.0,0.0,0.0,금융,3.77,0.0,0.0,0.0,0.0,-0.27694459386966086,-0.3445575598810667,-0.12107726715955013,-0.017304248086388457,0.04994070861338825,-0.7099429603832778,-0.6933285824184807,2026-06-11
061970,LB세미콘,2026-06-11,-288.0,817.0,529.0,-515.0,-0.6390352978800626,0.5,-0.9743606958937091,-0.661981823016575,-1.1832158566199327,-2.8195583755302165,1705,2800.0,-1.81,-2656.0,1.05,전기·전자,12.35,-45.12,146.65,14.93,0.0,-0.28034890524489403,-0.15658193818088806,-0.2433738612811568,-0.014341469228499513,-0.034721035287328825,-0.7293672092227672,-0.6936584259795228,2026-06-11
388610,지에프씨생명과학,2026-06-11,4.0,0.0,4.0,64.0,-0.14988814374727877,0.9,0.8575846339376041,0.8550495444043268,1.8839114665264187,3.5965456448683497,1706,344.0,-4.58,-1417.0,2.57,화학,1.41,-122.16,83.99,8.88,142.29,0.3315657819718987,-0.2718101056677152,-0.75,0.006838050276221463,-0.005683621901275356,-0.6890898953208704,-0.6952169110074617,2026-06-11
025440,DH오토웨어,2026-06-11,9.0,0.0,9.0,-83.0,-0.20212765999886828,0.1,-0.3774775183182831,-0.5468572013528282,-1.3938809168192199,-2.318215636490331,1707,343.0,-1.39,-506.0,0.65,전기·전자,2.03,-28.56,480.17,48.71,0.0,-0.23253500067404131,-0.0803707590794337,-0.13652752654309028,-0.0076380084234433515,-0.2797836656763236,-0.7368549603963324,-0.6965823441560735,2026-06-11
446540,메가터치,2026-06-11,-391.0,250.0,-141.0,-1096.0,-0.6251528887051194,0.4,-1.5248456383385658,-0.9316737737451612,-1.6020818620930648,-4.058601274176792,1708,2347.0,0.0,0.0,0.0,전기·전자,16.96,0.0,0.0,0.0,0.0,-0.3985185211618144,-0.4104604285626079,0.04774368843995205,-0.017304248086388457,0.07303392617389115,-0.7055055831969675,-0.698806787825279,2026-06-11
232830,아이티센피엔에스,2026-06-11,-6.0,0.0,-6.0,-42.0,-0.811991869947359,0.5,0.04896039198557036,-0.7865692414677218,1.2306580289793287,0.4930491794971773,1709,443.0,-7.3,-367.0,2.79,IT 서비스,5.3,-42.39,571.04,-3.56,0.0,0.03558007743089702,-0.2504299081556756,-0.25477980558618746,-0.018010711096039137,-0.30000000000000004,-0.7876403474070053,-0.7124866923785783,2026-06-11
112290,와이씨켐,2026-06-11,677.0,16.0,693.0,237.0,-0.5555979805721718,0.4,-0.49545149725030424,-0.49534911487485866,-0.6591529891892759,-1.6499536013144387,1710,2689.0,-8.41,-1581.0,3.02,화학,2.94,-30.46,161.3,12.9,0.0,-0.16880172064406582,-0.2783730318797785,-0.2366737154351156,-0.01474431189973291,-0.08526691013384972,-0.7838596899925425,-0.7132720147256608,2026-06-11
452450,피아이이,2026-06-11,-90.0,0.0,-90.0,-119.0,0.40326975457721126,0.6,-1.2101663297527112,2.2432398351967504,-1.0801232747346707,-0.04704976929063154,1711,1564.0,-6.93,-626.0,2.77,기계·장비,-1.59,-35.94,164.92,35.66,0.0,-0.015930072383207823,-0.24069689398164687,-0.34645538300964385,-0.010227711309943736,-0.11994808385401082,-0.7332581445384531,-0.7144758630957129,2026-06-11
322510,제이엘케이,2026-06-11,-144.0,5.0,-139.0,-450.0,-0.4808910689057291,0.3,-1.3956967639018358,-0.7388136105623214,-2.4202706411007853,-4.554781015564942,1712,1104.0,-8.05,-533.0,2.63,IT 서비스,3.75,-33.47,88.17,-15.07,0.0,-0.4458400219182779,-0.24721723523869765,-0.1904711625198034,-0.020294809197465912,-0.010304706649608544,-0.9141279355238535,-0.7257039007896987,2026-06-11
212560,네오오토,2026-06-11,-131.0,0.0,-131.0,-842.0,-0.44797551791026446,0.4,-1.6673375300400002,-1.046827758301136,-1.7093094261294854,-4.423474714470622,1713,1146.0,0.0,0.0,0.0,운송장비·부품,-0.82,0.0,0.0,0.0,0.0,-0.43331711800208894,-0.45681303255438105,0.003011810253036572,-0.017304248086388457,0.040048021426637895,-0.864374566963184,-0.7276067613841823,2026-06-11
016100,리더스코스메틱,2026-06-11,5.0,-4.0,1.0,-33.0,-0.19191919273543523,0.3,-1.0922723253427036,-0.49821512616792585,-1.5722821754340186,-3.162769626944648,1714,251.0,-3.02,-436.0,0.84,종이·목재,0.92,-17.16,67.08,-6.06,0.0,-0.31308154251056913,-0.20711987814419303,-0.2273145884494011,-0.01850682276011967,0.010068648102288856,-0.7559541837619942,-0.7288678035315885,2026-06-11
091440,한울소재과학,2026-06-11,57.0,0.0,57.0,-47.0,-0.03527717792995555,0.3,0.7960530344370145,0.3669563045544684,0.9036959391150966,2.0667052781065793,1715,615.0,-1.48,-1243.0,1.65,전기·전자,-1.18,-76.85,252.35,-48.67,0.0,0.18566231991105445,-0.20161581674083837,-0.4480981487955802,-0.026962549962708273,-0.11238690249804106,-0.6034010980861134,-0.7352381763397715,2026-06-11
393970,대진첨단소재,2026-06-11,,,0.0,0.0,-1.0,0.0,0.0,0.0,0.0,0.0,1716,504.0,-1.07,-2648.0,0.8,화학,0.0,-55.99,149.68,30.09,0.0,-0.011442856345630146,-0.1743615896289279,-0.46572772885240754,-0.011333048097515163,-0.0733052258852077,-0.7361704488096884,-0.7377125941991192,2026-06-11
115610,이미지스,2026-06-11,-44.0,0.0,-44.0,-712.0,5.0,0.7,-2.497157828000701,2.4488080539152897,-0.15990863054327856,-0.20825840462868986,1717,258.0,-10.05,-217.0,7.79,전기·전자,2.11,-67.32,198.02,-19.35,0.0,-0.03130481246783103,-0.2637325080279585,-0.38660988973436194,-0.021144152366371783,-0.0724664997964517,-0.7752578623929749,-0.742040078900464,2026-06-11
044180,KD,2026-06-11,,,0.0,0.0,-1.0,0.0,0.0,0.0,0.0,0.0,1718,55.0,-0.21,-958.0,0.39,건설,0.0,-63.09,1227.08,329.69,2603.22,-0.011442856345630146,-0.13767274505723284,-0.46281856527618837,0.2827611550300147,-0.30000000000000004,-0.6291730116490366,-0.7423240679941124,2026-06-11
306620,지아이에스,2026-06-11,39.0,2.0,41.0,-459.0,-0.7312519130750306,0.3,0.01725005951090282,-1.018206982796658,0.2083526797188553,-0.7926042435668998,1719,1199.0,-27.47,-91.0,2.44,기계·장비,4.17,-7.37,276.16,82.89,0.0,-0.08703486299748205,-0.23338142284714058,-0.04932142597059779,-0.0008551697521343059,-0.27290058820870006,-0.6434934697760548,-0.7472936815167702,2026-06-11
196300,HLB펩,2026-06-11,-1.0,0.0,-1.0,26.0,-0.5208333336328125,0.5,0.32574995533934764,-0.7725086552751612,0.7292344359927263,0.28247573605691273,1720,448.0,-4.21,-1135.0,5.33,제약,-1.44,-85.44,206.95,11.02,0.0,0.015497332143530537,-0.2077479464214403,-0.5304957946719392,-0.015117387871121468,-0.1262845333079655,-0.864148330128936,-0.7516078170624239,2026-06-11
464490,쿼드메디슨,2026-06-11,-42.0,0.0,-42.0,21.0,-0.6446565897922575,0.6,-1.236611068640916,-1.1918011209692765,-1.9001382412125218,-4.328550430822714,1721,893.0,-10.82,-719.0,2.86,제약,-1.27,-46.18,73.26,-76.98,0.0,-0.4242640285956489,-0.1824576278374531,-0.25467677933267047,-0.03258051844675623,0.0004506201498219834,-0.8935283340627067,-0.7542250455919557,2026-06-11
288620,에스퓨얼셀,2026-06-11,-12.0,0.0,-12.0,-270.0,-0.3910561370703086,0.3,-1.184163748519919,-1.2853724591320628,-1.4672860655324147,-3.9368222731843963,1722,468.0,-2.15,-3124.0,1.02,전기·전자,-2.19,-42.88,97.4,-35.07,0.0,-0.38690425196279254,-0.15293949212089206,-0.22892121696876136,-0.024263702510110174,0.0014667032190815667,-0.7915619603434745,-0.7553779256292251,2026-06-11
101390,아이엠,2026-06-11,,,0.0,0.0,-1.0,0.0,0.0,0.0,0.0,0.0,1723,67.0,-0.53,-753.0,1.12,전기·전자,0.0,-50.0,592.51,-1.02,0.0,-0.011442856345630146,-0.16432213605837953,-0.274859979247447,-0.017506661645333314,-0.30000000000000004,-0.76813163329679,-0.7724172741758438,2026-06-11
276040,스코넥,2026-06-11,,,0.0,0.0,-1.0,0.0,0.0,0.0,0.0,0.0,1724,71.0,-0.26,-1277.0,0.54,IT 서비스,0.0,-147.93,95.57,-10.72,0.0,-0.011442856345630146,-0.030395278685565123,-0.75,-0.01943157490196578,-0.01766938187178421,-0.8289390918049453,-0.7778805223906848,2026-06-11
026910,광진실업,2026-06-11,-2.0,0.0,-2.0,-48.0,-0.898593392224541,0.3,-0.7732581041106567,-0.7260217082173628,-0.8486517794597838,-2.347931591787803,1725,229.0,-4.7,-759.0,1.14,금속,5.0,-20.01,401.27,2.32,0.0,-0.23536906156728588,-0.17966337396981114,-0.24462771445200415,-0.016843856462121724,-0.2093554440768764,-0.8858594505280992,-0.7818150609676868,2026-06-11
418250,시큐레터,2026-06-11,,,0.0,0.0,-1.0,0.0,0.0,0.0,0.0,0.0,1726,476.0,-4.82,-1360.0,6.6,IT 서비스,0.0,-82.1,58.39,-35.04,0.0,-0.011442856345630146,-0.2809147059113528,-0.5410686190577245,-0.02425774917014121,0.019333134987741665,-0.838350795497107,-0.7879441976804293,2026-06-11
058450,한주에이알티,2026-06-11,43.0,0.0,43.0,-1.0,1.2881355912812409,0.3,1.0834291318801041,2.971112503594944,0.2750921032432332,4.3296337387182815,1727,238.0,-1.68,-2827.0,1.75,오락·문화,14.46,-53.9,131.6,426.29,0.0,0.401481632809783,-0.23560349646670692,-0.6241421070730512,0.06729072842596771,-0.09550777920840314,-0.4864810215124105,-0.7912923816865368,2026-06-11
045520,크린앤사이언스,2026-06-11,-11.0,0.0,-11.0,-37.0,0.5873015847820611,0.3,-1.9750234478538207,0.05426561849527679,-1.803394854223034,-3.724152683581578,1728,161.0,-4.78,-519.0,0.9,기계·장비,5.53,-15.66,323.28,-5.58,-25.93,-0.3666215936722482,-0.12830958188560226,-0.13553915449190307,-0.022489974305825756,-0.30000000000000004,-0.9529603043555794,-0.8024706574696275,2026-06-11
358570,지아이이노베이션,2026-06-11,-8617.0,12441.0,3824.0,2175.0,-0.31210779710841374,0.5,-0.007540202649492785,-0.7842919479357944,0.04806485920066309,-0.743767291384624,1729,8881.0,-12.42,-1113.0,25.45,일반서비스,16.92,-116.69,57.56,-99.54,0.0,-0.08237720030619321,-0.23304626160484154,-0.5002327019052702,-0.03705743010341896,0.016268255253920835,-0.8364453386658032,-0.8025889705219809,2026-06-11
445680,큐리옥스바이오시스템즈,2026-06-11,3461.0,-1557.0,1904.0,-3500.0,0.008755314216807308,0.6,-1.69077143714672,-0.5589440515078914,-0.8500473466839127,-3.099762835338524,1730,11939.0,-42.19,-1645.0,22.5,의료·정밀기기,0.29,-53.84,50.29,43.72,0.0,-0.30707247827850265,-0.2912224424036977,-0.3079827316780875,-0.008628247304948097,0.018544985228378066,-0.8963609144368577,-0.8069829010528073,2026-06-11
455900,엔젤로보틱스,2026-06-11,-18.0,66.0,48.0,-26.0,-0.8924731182821393,0.6,-1.0503128637543215,-1.2042723651207392,0.052088173999479924,-2.2024970548755807,1731,3359.0,-32.0,-686.0,8.16,기계·장비,-2.23,-40.84,8.8,-18.17,0.0,-0.22149872391655162,-0.2764255593755019,-0.39741640469292444,-0.020909987660925774,0.0947134136275972,-0.8215372620183065,-0.8181151375217056,2026-06-11
402030,코난테크놀로지,2026-06-11,165.0,-149.0,16.0,-237.0,-0.41709844563360765,0.4,0.2474976984365163,-0.7704565267387954,-0.1656833601904134,-0.6886421884926924,1732,1796.0,-12.32,-1165.0,8.56,IT 서비스,-3.76,-53.3,126.18,7.74,0.0,-0.07711982605124551,-0.2860261645680833,-0.33343533202724684,-0.015768286374395125,-0.048133261405675754,-0.7604828704266464,-0.824680493898831,2026-06-11
173940,에프엔씨엔터,2026-06-11,8.0,-12.0,-4.0,-36.0,-0.2724196281189071,0.2,1.5665515155487504,-0.837003622517272,-0.6978226399213577,0.031725253110120644,1733,453.0,-3.84,-767.0,2.26,오락·문화,7.48,-24.75,418.15,139.88,0.0,-0.008417165323160234,-0.2524927870271641,-0.2339890573466395,0.010454191742245525,-0.30000000000000004,-0.7844448179547183,-0.8296028004959645,2026-06-11
068940,셀피글로벌,2026-06-11,,,0.0,0.0,-1.0,0.0,0.0,0.0,0.0,0.0,1734,357.0,-3.12,-249.0,3.44,전기·전자,0.0,-86.46,178.65,30.51,0.0,-0.011442856345630146,-0.24262413784230472,-0.5101025737250983,-0.011249701337949633,-0.0582338806112909,-0.8336531498622737,-0.8367127271113048,2026-06-11
200470,에이팩트,2026-06-11,599.0,-155.0,444.0,1734.0,-0.11558093698329419,0.2,-0.06272686177474147,-0.3618683880640403,-0.6278955068086866,-1.0524907566474684,1735,4308.0,-8.5,-1197.0,7.8,전기·전자,11.27,-66.16,194.17,-7.49,0.0,-0.11182067910301337,-0.26375390879230826,-0.3791254846440143,-0.018790598631973736,-0.06963761059341249,-0.8431282817647221,-0.8389206789969592,2026-06-11
222040,코스맥스엔비티,2026-06-11,-187.0,0.0,-187.0,441.0,-0.6587301587403156,0.6,-0.9838839521196975,-0.6967842967168192,-1.3662598221279978,-3.0469280709645146,1736,1423.0,-9.47,-729.0,3.21,음식료·담배,3.29,-6.22,399.06,29.21,1080.07,-0.30203353747995765,-0.4434549348314885,-0.05439726418163992,0.1583713361144793,-0.30000000000000004,-0.9415144003786068,-0.841863144933396,2026-06-11
377220,프롬바이오,2026-06-11,30.0,0.0,30.0,116.0,-0.005128205434319466,0.6,1.2036655320434737,-0.7039117942088365,1.961416223259948,2.461169961094585,1737,207.0,-0.92,-793.0,0.74,음식료·담배,7.65,-64.94,170.57,3.62,0.0,0.2232830835927634,-0.29173881384537964,-0.6419052265213842,-0.016585878396799845,-0.09014419894350212,-0.8170910341143023,-0.8426076448031969,2026-06-11
373110,엑셀세라퓨틱스,2026-06-11,9.0,0.0,9.0,-134.0,-0.08469945367695353,0.5,0.08071713602709638,-0.42554361563680343,1.1535863528984436,0.8087598732887366,1738,234.0,-1.68,-805.0,3.27,제약,3.84,-173.83,128.08,209.78,0.0,0.06568994002481081,-0.1893002200698179,-0.75,0.02432547386993723,-0.05151752341032395,-0.9008023295853937,-0.8473845487964343,2026-06-11
376930,노을,2026-06-11,-39.0,0.0,-39.0,-44.0,-0.06496063001329122,0.4,-0.5578853985650611,0.34431564948868,-1.2353645664124446,-1.4489343154888257,1739,428.0,-1.69,-493.0,1.66,의료·정밀기기,0.0,-109.72,43.18,-76.89,0.0,-0.14963017152025937,-0.1950413656153446,-0.7025301043545037,-0.032562658426849335,0.024663829251216053,-1.0551004706657408,-0.8476775605389971,2026-06-11
031860,디에이치엑스컴퍼니,2026-06-11,,,0.0,0.0,-1.0,0.0,0.0,0.0,0.0,0.0,1740,187.0,-0.37,-1884.0,0.59,유통,0.0,-98.28,135.94,-15.29,0.0,-0.011442856345630146,-0.1708310817341025,-0.6406478016600166,-0.020338467023905,-0.017221476352684634,-0.8604816831163389,-0.8498636732723692,2026-06-11
083660,CSA 코스믹,2026-06-11,-2.0,0.0,-2.0,-149.0,-0.7574123989872203,0.3,-1.0207323219328712,-1.0264496293098202,-2.5525248487536016,-4.599706799996293,1741,191.0,-2.81,-108.0,1.33,화학,29.91,-40.48,95.49,-7.33,0.0,-0.4501246699291079,-0.23074603536038885,-0.326572705424981,-0.01875884748547258,-0.017521777569036383,-1.0437240357689865,-0.8534791178280339,2026-06-11
203690,아크솔루션스,2026-06-11,,,0.0,0.0,-1.0,0.0,0.0,0.0,0.0,0.0,1742,892.0,-6.32,-700.0,3.41,종이·목재,0.0,-37.71,59.66,33.89,0.0,-0.011442856345630146,-0.26640650368405844,-0.6078077702230585,-0.010578958368112752,0.02582679383504214,-0.8704092947858177,-0.8575796987494219,2026-06-11
263050,유틸렉스,2026-06-11,,,0.0,0.0,-1.0,0.0,0.0,0.0,0.0,0.0,1743,353.0,-1.48,-649.0,2.32,제약,0.0,-90.95,155.51,-38.59,0.0,-0.011442856345630146,-0.16975509486446133,-0.5692060028869004,-0.024962227733135566,-0.07752055474660272,-0.8528867365767301,-0.8576549173155176,2026-06-11
255220,SG,2026-06-11,-14.0,0.0,-14.0,-162.0,-0.9036994660592,0.4,-0.6845829616668875,-1.6209676355340656,-1.3262631811628645,-3.631813778363817,1744,2009.0,-83.36,-22.0,1.62,비금속,-2.6,-13.42,93.7,-37.28,0.0,-0.35781507617742164,-0.1555587846346471,-0.40021461863880115,-0.024702265221157364,-0.022062649671230172,-0.9603533943432574,-0.8620476288403843,2026-06-11
488900,비츠로넥스텍,2026-06-11,113.0,0.0,113.0,508.0,-0.4737787356463601,0.7,0.8244394728967777,-0.7333171984172536,1.9823783637649977,2.073500638244522,1745,3271.0,-17.86,-632.0,7.7,운송장비·부품,1.44,-59.01,163.7,-33.27,0.0,0.1863104048953556,-0.3477912096792465,-0.6412901235247417,-0.023906502111972188,0.006884274847420366,-0.8197931555731844,-0.8749383785013302,2026-06-11
084850,아이티엠반도체,2026-06-11,-88.0,7.0,-81.0,5.0,-0.5519125683549821,0.7,-0.2836724221745911,-1.1150452549239167,1.1832157232866252,-0.21550195381188275,1746,2400.0,-2.56,-4125.0,2.31,전기·전자,-3.82,-62.96,396.67,-4.29,0.0,-0.031995641999066966,-0.22413275602081353,-0.3584788499120208,-0.01815557570195065,-0.21842983490911005,-0.8511926585429621,-0.8776493042239726,2026-06-11
446840,지슨,2026-06-11,-9.0,3.0,-6.0,-35.0,-0.6410256411360947,0.4,-1.2881499669892633,-1.5913473697543914,-1.4978615891728233,-4.377358925916479,1747,555.0,-42.0,-24.0,17.38,의료·정밀기기,-0.2,-35.05,202.76,-1.35,0.0,-0.428918977286298,-0.288965501450102,-0.17531370639909924,-0.017572148384991944,-0.11267022548359212,-1.0234405590040834,-0.8850765046720668,2026-06-11
066410,버킷스튜디오,2026-06-11,,,0.0,0.0,-1.0,0.0,0.0,0.0,0.0,0.0,1748,1596.0,-3.57,-323.0,1.21,통신,0.0,-34.42,9.63,15.18,0.0,-0.011442856345630146,-0.31160220149781037,-0.6309163289854373,-0.014291858062091461,0.08031046828747389,-0.8879427766034953,-0.8866521474037887,2026-06-11
012340,뉴인텍,2026-06-11,12.0,-14.0,-2.0,19.0,-0.6500920812246269,0.6,0.20539064000589838,-0.5234554855052543,-0.6278955068086852,-0.9459603523080412,1749,118.0,-1.0,-1049.0,0.87,운송장비·부품,2.96,-57.28,346.53,12.1,0.0,-0.10166069434541124,-0.24941374234707991,-0.6224010819142425,-0.014903067632238677,-0.030154990803638523,-1.018533577042611,-0.8929786110976758,2026-06-11
052770,아이톡시,2026-06-11,,,0.0,0.0,-1.0,0.0,0.0,0.0,0.0,0.0,1750,45.0,-0.21,-1459.0,0.69,IT 서비스,0.0,-166.28,129.06,-27.89,0.0,-0.011442856345630146,-0.08970896141229051,-0.75,-0.022838869810870886,-0.050999513384036015,-0.9249902009528276,-0.9001195921596647,2026-06-11
222160,NPX,2026-06-11,,,0.0,0.0,-1.0,0.0,0.0,0.0,0.0,0.0,1751,796.0,-5.06,-1588.0,17.71,기계·장비,0.0,-127.47,78.5,-40.49,0.0,-0.011442856345630146,-0.2863268682384164,-0.75,-0.02533927259783677,-0.001122522667996447,-1.0742315198498797,-0.9130242504530415,2026-06-11
462350,이노스페이스,2026-06-11,389.0,-141.0,248.0,2616.0,-0.5484310335830969,0.6,0.8221974396585092,-1.309167666222606,1.2881222737353657,0.801152047171269,1752,3141.0,-3.9,-3859.0,7.08,운송장비·부품,-1.12,-141.7,44.02,482.13,0.0,0.06496436878652206,-0.34669384085363153,-0.75,0.07837187855487049,0.031130073201731626,-0.9222275203105074,-0.9180345646770369,2026-06-11
023440,제이스코홀딩스,2026-06-11,,,0.0,0.0,-1.0,0.0,0.0,0.0,0.0,0.0,1753,470.0,-1.31,-399.0,0.85,금속,0.0,-57.73,115.1,91.07,0.0,-0.011442856345630146,-0.15135760229235032,-0.75,0.0007681076127371962,-0.014508028718536023,-0.9265403797437793,-0.9275033959450033,2026-06-11
046070,코다코,2026-06-11,,,0.0,0.0,-1.0,0.0,0.0,0.0,0.0,0.0,1754,1592.0,-25.01,-411.0,11.62,운송장비·부품,0.0,-18.9,4162.78,-12.08,-2.73,-0.011442856345630146,-0.3520186172966178,-0.20334823971137636,-0.020130848216821512,-0.30000000000000004,-0.8869405615704459,-0.9301677282468863,2026-06-11
065170,비엘팜텍,2026-06-11,26.0,0.0,26.0,157.0,-0.9633195781759899,0.7,0.5392369030538705,-0.684744854947932,-0.09473307988159826,-0.24024103177565978,1755,471.0,-2.68,-629.0,5.7,유통,3.56,-91.07,81.47,-49.23,0.0,-0.03435504968730081,-0.27375956910131066,-0.5906923857740305,-0.027073678975462315,0.0188540821470789,-0.9070266013910253,-0.9313688797736684,2026-06-11
321370,센서뷰,2026-06-11,68.0,6.0,74.0,-147.0,-0.8966731535553238,0.6,-0.010521192277413216,-0.7624668541213765,0.9036959391150979,0.13070789271630823,1756,1426.0,-7.84,-352.0,9.55,전기·전자,3.18,-98.97,128.61,-61.87,0.0,0.0010229763519041726,-0.2668088398917612,-0.5908180113804855,-0.029582019549053484,-0.021465668735945204,-0.9076515632053412,-0.9444248944250904,2026-06-11
348340,뉴로메카,2026-06-11,202.0,221.0,423.0,6098.0,-0.7216997057850646,0.8,0.32889868591978694,-0.6190291714683055,1.0801233622346509,0.7899928766861324,1757,5690.0,-23.44,-1956.0,37.86,기계·장비,-0.33,-127.08,101.14,-5.7,0.0,0.06390009983213765,-0.2908295767801528,-0.75,-0.018435382680492076,-0.03225201474449917,-1.0276168743730063,-0.9482318085530775,2026-06-11
418620,E8,2026-06-11,-26.0,-1.0,-27.0,-548.0,2.5314384142468285,0.0,-1.9437028527756208,2.1430360582429193,-1.5481484140912274,-1.348815208623929,1758,207.0,-1.35,-770.0,1.42,IT 서비스,-4.23,-87.1,90.08,-49.73,0.0,-0.14008164304146886,-0.19948104465583597,-0.577116064722738,-0.02717290130827842,-0.012205589038034967,-0.9560572427663562,-0.9522081630037076,2026-06-11
030350,드래곤플라이,2026-06-11,,,0.0,0.0,-1.0,0.0,0.0,0.0,0.0,0.0,1759,152.0,-1.53,-635.0,2.73,IT 서비스,0.0,-98.07,178.05,-31.15,0.0,-0.011442856345630146,-0.24926928593429487,-0.6562041605117775,-0.023485799420831902,-0.09975565380760174,-1.0401577560201363,-0.9670197684296714,2026-06-11
363250,진시스템,2026-06-11,-18.0,0.0,-18.0,-89.0,0.23314065439317488,0.0,-1.0551389307777552,0.6716223749827023,-1.7448719247134041,-2.128388480508457,1760,315.0,-2.18,-1699.0,3.22,의료·정밀기기,0.54,-86.39,66.46,419.0,0.0,-0.21443086389436894,-0.24535007371478298,-0.5378058702002304,0.06584406681350888,0.004629133210193788,-0.9271136077856797,-0.9719656668144662,2026-06-11
380540,옵티코어,2026-06-11,,,0.0,0.0,-1.0,0.0,0.0,0.0,0.0,0.0,1761,2067.0,-8.2,-1031.0,8.94,전기·전자,0.0,-107.37,215.67,280.71,0.0,-0.011442856345630146,-0.26587976592747886,-0.6450154275519686,0.03840115400323011,-0.08543530354544952,-0.969372199367297,-0.9764823384375978,2026-06-11
066900,디에이피,2026-06-11,-3.0,0.0,-3.0,-6.0,-0.29824561588180976,0.2,0.3609239878748671,-0.09318029698566514,-0.8298299406099772,-0.5620862497207753,1762,405.0,-0.8,-2218.0,5.49,전기·전자,3.07,-145.63,0.0,11.12,0.0,-0.06504997222050374,-0.2567392527923622,-0.75,-0.015097543404558248,0.07303392617389115,-1.0138528422435331,-0.9939132964816306,2026-06-11
304360,에스바이오메딕스,2026-06-11,-1128.0,980.0,-148.0,-942.0,-0.8123111969522263,0.2,0.08438598446952486,-1.0196206678078925,-0.2700308405586631,-1.205265523897031,1763,3691.0,-43.57,-684.0,41.97,제약,-3.09,-88.04,124.3,-1.45,0.0,-0.12639106693009958,-0.2333125978694425,-0.5487619546281822,-0.017591992851555167,-0.04793416728742442,-0.9739917795667039,-1.0083972068895595,2026-06-11
384470,코어라인소프트,2026-06-11,-6.0,0.0,-6.0,-117.0,-0.08675799100658166,0.3,0.7426660147320466,-0.8532724303441219,0.7409584912820164,0.6303520756699411,1764,592.0,-3.7,-892.0,3.34,IT 서비스,3.94,-137.21,208.52,48.71,0.0,0.048674886757304636,-0.2591258875239555,-0.75,-0.0076380084234433515,-0.13008020164810075,-1.0981692108381949,-1.019329698070031,2026-06-11
043220,티에스넥스젠,2026-06-11,,,0.0,0.0,-1.0,0.0,0.0,0.0,0.0,0.0,1765,272.0,-0.71,-2424.0,1.55,기계·장비,0.0,-83.41,106.26,-12.01,0.0,-0.011442856345630146,-0.1981227112383462,-0.75,-0.01968756852063134,-0.03929189987840793,-1.0185450359830157,-1.0195898627001503,2026-06-11
117730,티로보틱스,2026-06-11,61.0,-5.0,56.0,468.0,-0.6244725738555075,0.6,0.7472627449529543,-0.7077332981109139,1.6384882612863017,1.678017708128342,1766,3544.0,-7.04,-2230.0,6.82,기계·장비,0.71,-83.7,88.17,-35.69,0.0,0.14859252926362765,-0.2728178776087646,-0.75,-0.024386738202802145,-0.014418555723640503,-0.9130306422715796,-1.0227154957103475,2026-06-11
187660,페니트리움바이오,2026-06-11,461.0,0.0,461.0,1423.0,-0.676162478712516,0.7,-0.014248631339165988,-0.9907338970931046,0.1581138705084199,-0.8468686579238507,1767,3517.0,-13.75,-461.0,39.38,일반서비스,1.12,-118.31,330.36,-29.33,0.0,-0.09221015193180536,-0.23507129895327575,-0.508006477652331,-0.023124630129381273,-0.0910998843517032,-0.9495124430184966,-1.0229086042283284,2026-06-11
351320,넥사다이내믹스,2026-06-11,-13.0,0.0,-13.0,-1.0,0.2337662329650867,0.2,1.0813745231017893,1.4528284425499036,-1.1832157232866343,1.3509872423650586,1768,331.0,-2.27,-491.0,1.56,기계·장비,-7.77,-67.6,196.3,-93.57,0.0,0.11740308088004758,-0.19874235439828183,-0.6757259843346769,-0.035872715449594646,-0.16309487985050625,-0.956032853153012,-1.0257730699015983,2026-06-11
307180,아이엘,2026-06-11,-10.0,54.0,44.0,-1606.0,-0.5148473442115027,0.2,-0.4845930829970285,-0.31449003648888396,-1.010927207341259,-1.8100103268271714,1769,2280.0,-15.65,-395.0,9.58,전기·전자,-5.94,-50.91,350.97,-0.99,-92.01,-0.18406660114127818,-0.26685147955041144,-0.2807313659993576,-0.031972518667459635,-0.18485055268082673,-0.9484725180393336,-1.0331132612775447,2026-06-11
369370,블리츠웨이엔터테인먼트,2026-06-11,3.0,0.0,3.0,22.0,-0.5833333336588542,0.5,0.6276390066591857,-0.6107227811309437,1.5380236414416444,1.5549398669698864,1770,440.0,-3.39,-260.0,2.47,오락·문화,0.11,-61.55,135.53,3.39,0.0,0.13685438748220496,-0.2574200032540181,-0.7265321870184045,-0.016631520669895254,-0.10133957095768534,-0.9650688944177982,-1.0346221150019719,2026-06-11
099440,스맥,2026-06-11,-193.0,0.0,-193.0,101.0,-0.5274022844117972,0.7,-2.1620765593996745,-0.8012567527961335,-1.1832158166199414,-4.146549128815749,1771,2214.0,-8.63,-376.0,2.26,기계·장비,0.78,-26.83,226.1,-31.07,0.0,-0.406906256739618,-0.22849070964297752,-0.25170948351276917,-0.02346992384758132,-0.20406921129395947,-1.1146455850369055,-1.0377803021769434,2026-06-11
340930,유일에너테크,2026-06-11,,,0.0,0.0,-1.0,0.0,0.0,0.0,0.0,0.0,1772,555.0,-1.74,-464.0,1.1,기계·장비,0.0,-66.54,211.6,-82.39,0.0,-0.011442856345630146,-0.15857821139518355,-0.6647017633174777,-0.0336541040878265,-0.18413203659831945,-1.0525089717444374,-1.0422671709344586,2026-06-11
089230,THE E&M,2026-06-11,-254.0,0.0,-254.0,-528.0,-0.06558420889530814,0.5,-0.5744256210572547,-0.4611015611288257,-1.5248890879639518,-2.560416270150032,1773,874.0,-2.89,-809.0,3.23,IT 서비스,-2.51,-129.67,110.93,97.77,0.0,-0.25563408456021225,-0.25762360997364586,-0.75,0.002097686872473025,-0.03295605908970562,-1.2941160667510907,-1.054623489972933,2026-06-11
365340,성일하이텍,2026-06-11,18327.0,-20475.0,-2148.0,-2695.0,1.0658773527155616,0.4,-2.0060338649663847,2.810961535586683,-0.8334107188754236,-0.028483048255125487,1774,6603.0,-8.03,-6364.0,4.92,화학,-0.2,-56.94,454.43,82.46,0.0,-0.014159332809946138,-0.29284763381903123,-0.47425108618677597,-0.0009405009583561587,-0.30000000000000004,-1.0821985537741097,-1.063141442440393,2026-06-11
318060,그래피,2026-06-11,50.0,-8.0,42.0,-241.0,-0.5416175893275185,0.7,-0.4388787609258781,-0.7949546973561906,0.8779444288685943,-0.35588902941347444,1775,2503.0,-18.84,-1189.0,11.83,화학,2.52,-115.4,89.14,47.49,0.0,-0.04538459473158389,-0.30628621050580934,-0.75,-0.007880110915514651,-0.010985056830750954,-1.1205359729836588,-1.0636709274155818,2026-06-11
412350,레이저쎌,2026-06-11,289.0,-34.0,255.0,1896.0,-0.3100097181830417,0.7,0.4831804729320685,0.09673968061709994,0.8819170259104255,1.461837179459594,1776,857.0,-3.72,-1598.0,4.05,기계·장비,1.02,-67.57,127.63,2.75,0.0,0.1279750267789219,-0.25779205256547777,-0.6754139780794731,-0.01675852525589987,-0.06867517044708563,-0.8906646995690144,-1.0638976688233985,2026-06-11
372320,큐로셀,2026-06-11,-71.0,41.0,-30.0,240.0,-0.5866892751253352,0.8,-1.132981698258452,-0.5650229426634127,1.238986477353123,-0.4590181635687416,1777,4355.0,-8.85,-3232.0,82.18,일반서비스,1.24,-203.85,310.74,0.0,0.0,-0.055220194601680574,-0.23699814643526684,-0.75,-0.017304248086388457,-0.08337787958974446,-1.1429004687130804,-1.0791835624091677,2026-06-11
223310,사토시홀딩스,2026-06-11,45.0,0.0,45.0,104.0,1.4934383192283054,0.5,1.0010199689957,0.535431738850868,1.3938809168192203,2.9303326246657884,1778,251.0,-0.74,-6519.0,1.48,유통,5.93,-281.96,791.96,43.99,0.0,0.2680279199639069,-0.23987379295400083,-0.75,-0.008574667245227399,-0.30000000000000004,-1.0304205402353213,-1.0801791552638724,2026-06-11
175250,아이큐어,2026-06-11,,,0.0,0.0,-1.0,0.0,0.0,0.0,0.0,0.0,1779,815.0,-2.42,-895.0,3.08,화학,0.0,-74.79,253.22,45.46,0.0,-0.011442856345630146,-0.2791031929345406,-0.6344004845220155,-0.008282953586748045,-0.17988980308868394,-1.1131192904776182,-1.0807266566390665,2026-06-11
065950,웰크론,2026-06-11,-19.0,0.0,-19.0,2.0,-0.557522124089592,0.7,-1.1672177953672718,-0.5982837143648615,0.659152989189276,-1.1063485205428574,1780,294.0,-1.62,-643.0,0.7,섬유·의류,1.46,-38.51,485.2,-20.46,0.0,-0.1169571850953516,-0.22975656264107103,-0.5490122714722868,-0.021364425945223538,-0.30000000000000004,-1.217090445153933,-1.0819992479402618,2026-06-11
179900,유티아이,2026-06-11,-198.0,105.0,-93.0,-393.0,-0.29847400015986536,0.2,-0.5559044944853376,-0.4333411377054917,-1.8380756201150954,-2.827321252305925,1781,3388.0,-8.75,-1957.0,5.12,전기·전자,1.3,-69.49,308.69,1.42,0.0,-0.28108926392658123,-0.25502757993523256,-0.4006108889119951,-0.017022456661190715,-0.15378420579654178,-1.1075343952315413,-1.1028659402878787,2026-06-11
376270,HEM파마,2026-06-11,9.0,2.0,11.0,472.0,-0.8183556405411614,0.5,1.3603835101868957,-1.3317449071666663,1.9457048102774837,1.9743434132977131,1782,3058.0,-12.54,-3384.0,60.82,일반서비스,-0.82,-197.85,2947.34,40.83,0.0,0.17685361272120964,-0.2363755105962353,-0.75,-0.009201752388625193,-0.30000000000000004,-1.1187236502636508,-1.1038816446049204,2026-06-11
082660,코스나인,2026-06-11,,,0.0,0.0,-1.0,0.0,0.0,0.0,0.0,0.0,1783,478.0,-2.3,-209.0,2.16,화학,0.0,-138.9,136.97,-31.54,0.0,-0.011442856345630146,-0.2634498019272041,-0.75,-0.023563192840428463,-0.06022149036023007,-1.1086773414734927,-1.109969684204529,2026-06-11
440110,파두,2026-06-11,20222.0,-20262.0,-40.0,19180.0,-0.40519068485352105,0.7,-0.6695235043951043,-0.6027739771344209,-1.7748236724299253,-3.0471211539594503,1784,49746.0,-64.9,-1530.0,253.96,전기·전자,-0.3,-90.14,326.82,209.79,0.0,-0.3020519521316025,-0.2799130734901566,-0.533846203666891,0.02432745831659355,-0.16710570222539906,-1.2585894731974556,-1.1170532259831725,2026-06-11
357880,SKAI,2026-06-11,-1767.0,-29.0,-1796.0,101.0,0.0208567503357997,0.5,-0.18002244114363306,-0.5035604920665026,-0.0834576083138207,-0.7670405415239563,1785,2231.0,-9.99,-424.0,15.8,IT 서비스,-5.78,-130.76,113.15,57.21,0.0,-0.08459680951674385,-0.2939132073365284,-0.75,-0.00595122876556954,-0.035165461656358324,-1.1696267072752002,-1.141337993352494,2026-06-11
355390,크라우드웍스,2026-06-11,-81.0,-13.0,-94.0,-151.0,-0.2539267016683342,0.4,-0.15847206672464614,-0.7904828888808483,-0.7776780668092005,-1.7266330224146949,1786,494.0,-1.72,-1809.0,2.46,IT 서비스,12.48,-139.62,93.42,49.98,0.0,-0.17611476666535106,-0.24334586642639405,-0.75,-0.007385983698090443,-0.015529645151827774,-1.1923762619416636,-1.1550783339653634,2026-06-11
317330,덕산테코피아,2026-06-11,-244.0,50.0,-194.0,-1353.0,-0.8254400290347439,0.2,0.3447629407687947,-1.2902369921652757,-0.6370219964010468,-1.5824960477975278,1787,3174.0,-4.14,-3746.0,2.75,화학,4.94,-50.8,580.87,61.41,0.0,-0.16236817972429962,-0.2746930201637779,-0.41916328194148916,-0.005117761169914245,-0.30000000000000004,-1.1613422429994809,-1.166365148976436,2026-06-11
121850,코이즈,2026-06-11,-1.0,0.0,-1.0,16.0,-0.8792270532276133,0.4,0.5136989893825223,-0.9438059532006137,0.1581138705084201,-0.27199309330967125,1788,82.0,-0.55,-2959.0,5.02,화학,2.39,-95.5,265.45,22.2,0.0,-0.037383297474478376,-0.29330594056946674,-0.75,-0.012898776509353324,-0.19247942429013762,-1.2860674388434359,-1.1763715346989998,2026-06-11
288980,모아데이타,2026-06-11,-38.0,0.0,-38.0,-313.0,-0.8236941835644903,0.3,-1.0621420020677868,-1.5816405738251804,-1.3262631183423674,-3.9700456942353344,1789,326.0,-1.57,-571.0,1.72,IT 서비스,-3.55,-84.11,372.31,-27.52,0.0,-0.390072825794517,-0.21757822626734752,-0.55555969221506,-0.022765445284586967,-0.2930883306535269,-1.4790645202150383,-1.1780516882348315,2026-06-11
241820,피씨엘,2026-06-11,,,0.0,0.0,-1.0,0.0,0.0,0.0,0.0,0.0,1790,168.0,-0.3,-19825.0,2.36,제약,0.0,-179.27,529.38,315.86,0.0,-0.011442856345630146,-0.1708953724634179,-0.75,0.0453764840002024,-0.30000000000000004,-1.1869617448088456,-1.187301964697967,2026-06-11
246710,티앤알바이오팹,2026-06-11,30.0,0.0,30.0,-218.0,-0.7157320872606232,0.7,-1.2817675941378501,-1.427799677931282,1.1514153866341472,-1.5581518854349852,1791,1015.0,-2.15,-993.0,4.39,제약,5.45,-154.6,330.34,46.45,0.0,-0.16004643580458294,-0.20147766961629873,-0.75,-0.008086493367772153,-0.24325551531975687,-1.3628661141084106,-1.189380252364184,2026-06-11
396270,넥스트칩,2026-06-11,2.0,0.0,2.0,-371.0,-0.7057497907467822,0.4,0.8352777625628888,-0.7753423123448028,1.5248890879639516,1.5848245381820376,1792,1110.0,-3.94,-856.0,9.27,전기·전자,0.0,-108.47,530.27,99.65,0.0,0.1397045390974564,-0.2663975611418025,-0.6521127082410914,0.0024707628438615883,-0.30000000000000004,-1.0763349674415759,-1.1920460422719992,2026-06-11
394280,오픈엣지테크놀로지,2026-06-11,-2.0,-101.0,-103.0,-229.0,-0.40670400131304185,0.2,1.1008819389651894,-0.17466992120494138,-0.8703882343239457,0.05582378343630223,1793,3530.0,-11.09,-1208.0,19.62,IT 서비스,2.6,-107.75,310.94,-44.31,0.0,-0.0061188477460063385,-0.29572878049796264,-0.7259920153192437,-0.02609733122055182,-0.23201128762853754,-1.2859482624123022,-1.2088926912593934,2026-06-11
140410,메지온,2026-06-11,-23.0,-37.0,-60.0,-1648.0,-0.8568968044569578,0.4,-1.1729555507509093,-1.0565811222269033,-1.4204389652896792,-3.6499756382674917,1794,18995.0,-53.88,-1160.0,110.42,일반서비스,1.79,-125.67,537.76,3.19,0.0,-0.3595472034600996,-0.23745156179930263,-0.5433243724044092,-0.016671209603021698,-0.17272800808413144,-1.3297223553509645,-1.2383684126630405,2026-06-11
340810,시선AI,2026-06-11,-29.0,0.0,-29.0,-202.0,-0.6448598131504935,0.3,-1.0961713101449782,-1.3116901996495618,-1.3448427041561066,-3.7527042139506466,1795,357.0,-2.06,-1274.0,2.33,IT 서비스,-2.6,-174.66,141.14,159.55,0.0,-0.3693446013915439,-0.2400042330082507,-0.75,0.01435759831523116,-0.06302184807104709,-1.4080130841556107,-1.3131259791043617,2026-06-11
371950,풍원정밀,2026-06-11,8.0,-17.0,-9.0,17.0,-0.9268130405927998,0.3,1.265172253703217,-1.0843826752283792,0.48304577487300937,0.6638353533478473,1796,1666.0,-6.76,-1087.0,13.56,전기·전자,5.91,-143.87,803.87,96.73,0.0,0.0518682435548455,-0.27083547853182394,-0.75,0.0018913044202155255,-0.30000000000000004,-1.267075930556763,-1.3154484829797253,2026-06-11
009620,삼보산업,2026-06-11,-81.0,0.0,-81.0,-93.0,1.615101287689631,0.6,-2.0140325724957027,3.235533409804567,-0.9036959391150972,0.3178048981937671,1797,98.0,-1.76,-320.0,7.71,금속,-9.19,-123.4,1118.02,15.03,55.72,0.0188667340624947,-0.250361339859511,-0.75,-0.005557693956850442,-0.30000000000000004,-1.2870522997538667,-1.3368348969022685,2026-06-11
062970,한국첨단소재,2026-06-11,23.0,0.0,23.0,139.0,-0.942723459180658,0.6,-0.5562666909138564,-0.6203580193343265,0.8366599565340813,-0.3399647537141015,1798,1117.0,-2.06,-952.0,7.09,전기·전자,-6.81,-224.4,477.05,-54.87,0.0,-0.043865869637234434,-0.2620844378819846,-0.75,-0.028192906889627993,-0.27749116325723727,-1.3616343776660844,-1.3498594554143712,2026-06-11
076080,웰크론한텍,2026-06-11,-13.0,0.0,-13.0,-65.0,-0.11111111164983178,0.2,-1.1062546607375647,0.5166161220607067,-1.5248890879639523,-2.11452762664081,1799,193.0,-0.44,-1923.0,1.38,건설,-3.72,-139.15,936.65,-44.98,68.24,-0.21310893082844395,-0.2758241243282419,-0.75,-0.015497147758530817,-0.2871528177326591,-1.5415830206478756,-1.4214527252039522,2026-06-11
036710,심텍홀딩스,2026-06-11,-858.0,0.0,-858.0,-1291.0,-0.39330543934030726,0.3,-1.4312212572949108,-0.3238089861492707,-2.103494895719376,-3.8585251391635573,1800,2628.0,-6.84,-727.0,10.26,일반서비스,10.93,-193.37,345.76,36.63,0.0,-0.37943692192543504,-0.22457070856696656,-0.75,-0.010035219984280487,-0.09716098900685939,-1.4612038394835416,-1.4453193457399398,2026-06-11
192410,오늘이엔엠,2026-06-11,24.0,0.0,24.0,-490.0,-0.8882767064610895,0.2,-0.7509133792940754,-0.6387863002332631,-1.0801232747346703,-2.4698229542620087,1801,1191.0,-0.74,-6389.0,34.53,전기·전자,2.16,-447.32,1191.29,69.05,0.0,-0.24699404687078147,-0.2766592390501213,-0.75,-0.003601643924484137,-0.30000000000000004,-1.577254929845387,-1.4785514665594368,2026-06-11
405000,플라즈맵,2026-06-11,-4.0,0.0,-4.0,-36.0,-0.24731182844259458,0.4,-1.2020211648218815,-0.5025934635339996,-1.7999285177503537,-3.5045431461062346,1802,170.0,-2.31,-1913.0,2.96,의료·정밀기기,5.24,-222.99,437.43,170.81,0.0,-0.3456770608207217,-0.24064779581810125,-0.75,0.01659208525024988,-0.30000000000000004,-1.619732771388573,-1.5022206556862363,2026-06-11
276730,한울앤제주,2026-06-11,63.0,0.0,63.0,-22.0,-0.018612521399675397,0.4,-0.781939006010535,-0.14615520090453218,-0.8334107188754224,-1.7615049257904896,1803,317.0,-1.97,-7049.0,1.91,음식료·담배,4.36,-135.24,348.52,-2.16,0.0,-0.17944055904325085,-0.41251805703327393,-0.75,-0.017732888564154038,-0.2937768260713498,-1.6534683307120288,-1.609502699701066,2026-06-11
