date,ticker,raw_score,smoothed
2026-05-13,A,-0.18246185304653,-0.17767366557638334
2026-05-22,A,-0.154275070384028,-0.16987413384559824
2026-05-23,A,-0.1505327419735788,-0.16342700322159176
2026-05-24,A,-0.1506177155338395,-0.1591572406590077
2026-05-25,A,-0.150617716276592,-0.1563107325315358
2026-05-26,A,-0.1506177164451553,-0.15441306050274228
2026-05-27,A,-0.1473291951556253,-0.1520517720537033
2026-06-01,A,0.0116766785868495,-0.09747562184018571
2026-06-02,A,-0.0083312376040951,-0.06776082709482219
2026-06-03,A,-0.019672800186831,-0.051731484792158465
2026-06-04,A,-0.0002656835486944,-0.03457621771100378
2026-06-05,A,0.008087442766154,-0.020354997551951193
2026-06-06,A,0.0130773657269551,-0.00921087645898243
2026-06-07,A,0.0129520940287962,-0.0018232196297228867
2026-06-08,A,0.0129520940287962,0.0031018849231168088
2026-06-09,A,-0.001021255553929,0.0017275047641015396
2026-06-10,A,0.0162392244570388,0.006564744661747292
2026-06-11,A,0.0149593195165314,0.009362936280008661
2026-06-12,A,-0.0151679849274195,0.0011859625441992755
2026-06-13,A,-0.0149969617141831,-0.0042083455419281825
2026-06-14,A,-0.0150640454578192,-0.007826912180558521
2026-06-15,A,-0.0150640452191097,-0.010239289860075582
2026-06-16,A,-0.0215083085868394,-0.013995629435663522
2026-06-17,A,-0.0307823135086075,-0.019591190793311515
2026-06-18,A,-0.0456187925747485,-0.02826705805379051
2026-06-19,A,-0.0425098939102659,-0.03301467000594897
2026-06-20,A,-0.0564800604733158,-0.04083646682840458
2026-06-21,A,-0.0564800606011094,-0.04605099808597286
2026-06-22,A,-0.0425099216602556,-0.04487063927740044
2026-06-23,A,-0.0454436127985526,-0.04506163045111783
2026-06-24,A,-0.0486093352578557,-0.04624419872003045
2026-06-25,A,-0.0092955071915307,-0.03392796821053054
2026-06-26,A,-0.0147498643790179,-0.027535266933359663
2026-06-27,A,0.0056565457811099,-0.01647132936186981
2026-06-28,A,-0.0147780370381234,-0.015906898587287676
2026-06-29,A,0.002956159287316,-0.009619212629086452
2026-06-30,A,-0.0336103954861139,-0.017616273581428935
2026-07-01,A,-0.0314297886566787,-0.02222077860651219
2026-07-02,A,-0.0204715350438819,-0.02163769741896876
2026-07-03,A,-0.0386803770133483,-0.027318590617095274
2026-07-04,A,-0.0387527293724078,-0.03112997020219945
2026-07-05,A,-0.0386556989748067,-0.0336385464597352
2026-07-06,A,-0.0385207618109618,-0.035265951576810735
2026-07-07,A,-0.03495941887665,-0.03516377401009049
2026-07-08,A,-0.0185472919205516,-0.029624946646910864
2026-07-09,A,-0.0271287420912078,-0.02879287846167651
2026-07-10,A,0.0067101298554188,-0.016958542355978077
2026-07-11,A,0.0066165056356005,-0.009100193025451887
2026-07-12,A,0.006554467702864955,-0.003881972782679607
2026-05-13,AAPL,0.0534811391046202,0.06158064279754667
2026-05-22,AAPL,0.0963495726722879,0.07317028608912708
2026-05-23,AAPL,0.0867422111885736,0.07769426112227593
2026-05-24,AAPL,0.086674122062724,0.08068754810242529
2026-05-25,AAPL,0.0866741212110292,0.08268307247195993
2026-05-26,AAPL,0.0866741212417828,0.08401342206190089
2026-05-27,AAPL,0.0783366881647124,0.08212117742950473
2026-06-01,AAPL,0.1102600461787623,0.09150080034592392
2026-06-02,AAPL,0.0802644867519381,0.08775536248126198
2026-06-03,AAPL,0.1056912956741552,0.09373400687889305
2026-06-04,AAPL,0.0936477960734091,0.09370526994373174
2026-06-05,AAPL,0.0891658918924688,0.0921921439266441
2026-06-06,AAPL,0.1055492034879147,0.09664449711373431
2026-06-07,AAPL,0.1054276864591038,0.09957222689552415
2026-06-08,AAPL,0.1054276864591038,0.10152404675005071
2026-06-09,AAPL,0.080763729557375,0.09460394101915881
2026-06-10,AAPL,0.0498360015088278,0.07968129451571515
2026-06-11,AAPL,0.0637794854953658,0.07438069150893203
2026-06-12,AAPL,0.0755719478244771,0.07477777694744706
2026-06-13,AAPL,0.0561583043251752,0.06857128607335644
2026-06-14,AAPL,0.0560904347318573,0.06441100229285673
2026-06-15,AAPL,0.0560904349749919,0.06163747985356846
2026-06-16,AAPL,0.0607063194529103,0.061327093053349074
2026-06-17,AAPL,0.0773502826216947,0.06666815624279762
2026-06-18,AAPL,0.0824670171995195,0.07193444322837159
2026-06-19,AAPL,0.0702253978348923,0.07136476143054517
2026-06-20,AAPL,0.0731743165099987,0.07196794645702968
2026-06-21,AAPL,0.0731743163953212,0.07237006976979352
2026-06-22,AAPL,0.0702253730303776,0.07165517085665488
2026-06-23,AAPL,0.061100927675975,0.06813708979642825
2026-06-24,AAPL,0.0677510914407821,0.06800842367787954
2026-06-25,AAPL,0.0648023964792479,0.06693974794500233
2026-06-26,AAPL,0.0051292626496751,0.04633625284655993
2026-06-27,AAPL,0.0278217609818781,0.040164755558332654
2026-06-28,AAPL,0.0050988150920066,0.028476108736223974
2026-06-29,AAPL,0.0258402968348659,0.02759750476910462
2026-06-30,AAPL,0.0214152260685788,0.02553674520226268
2026-07-01,AAPL,0.0341604096199887,0.028411300008171353
2026-07-02,AAPL,0.0490373496332795,0.0352866498832074
2026-07-03,AAPL,0.0923851428026551,0.054319480856356635
2026-07-04,AAPL,0.092316626584521,0.0669851960990781
2026-07-05,AAPL,0.0924045901129018,0.07545832743701933
2026-07-06,AAPL,0.0925211036449141,0.08114591950631758
2026-07-07,AAPL,0.0922897887526069,0.08486054258841402
2026-07-08,AAPL,0.1168295139614675,0.09551686637943185
2026-07-09,AAPL,0.1379607113852883,0.10966481471471734
2026-07-10,AAPL,0.1271075677759124,0.1154790657351157
2026-07-11,AAPL,0.1176629684220016,0.116207033297411
2026-07-12,AAPL,0.1176115015521402,0.11667518938232074
2026-05-13,ABBV,-0.6211055303405337,-0.6155698898436464
2026-05-22,ABBV,-0.4760541038367176,-0.5690646278413368
2026-05-23,ABBV,-0.4653267151381891,-0.5344853236069542
2026-05-24,ABBV,-0.4654096072311411,-0.5114600848150166
2026-05-25,ABBV,-0.4654096079873236,-0.4961099258724523
2026-05-26,ABBV,-0.4654096081313157,-0.48587648662540683
2026-05-27,ABBV,-0.4654344429346051,-0.4790624720618063
2026-06-01,ABBV,-0.4636366691474191,-0.4739205377570106
2026-06-02,ABBV,-0.4744626365875658,-0.47410123736719567
2026-06-03,ABBV,-0.4751503765840525,-0.47445095043948127
2026-06-04,ABBV,-0.4625664317096273,-0.47048944419619665
2026-06-05,ABBV,-0.4740992685073296,-0.4716927189665743
2026-06-06,ABBV,-0.4319202574705568,-0.45843523180123513
2026-06-07,ABBV,-0.4320750838273901,-0.44964851580995346
2026-06-08,ABBV,-0.4320750838273901,-0.443790705149099
2026-06-09,ABBV,-0.4441912070092774,-0.4439242057691585
2026-06-10,ABBV,-0.4481686525319012,-0.4453390213567394
2026-06-11,ABBV,-0.4470595092306398,-0.44591251731470627
2026-06-12,ABBV,-0.4374447484979786,-0.4430899277091304
2026-06-13,ABBV,-0.4323078475455446,-0.4394959009879352
2026-06-14,ABBV,-0.4323839043641121,-0.4371252354466608
2026-06-15,ABBV,-0.4323839040748755,-0.43554479165606574
2026-06-16,ABBV,-0.4447727667451957,-0.4386207833524424
2026-06-17,ABBV,-0.4163383460701971,-0.43119330425836067
2026-06-18,ABBV,-0.4022463940917663,-0.4215443342028293
2026-06-19,ABBV,-0.4235905337064882,-0.42222640070404893
2026-06-20,ABBV,-0.4204576678632342,-0.42163682309044404
2026-06-21,ABBV,-0.4204576679986053,-0.4212437713931645
2026-06-22,ABBV,-0.4235905654651044,-0.4220260360838111
2026-06-23,ABBV,-0.3798518359110654,-0.4079679693595626
2026-06-24,ABBV,-0.3560378576892968,-0.39065793213614064
2026-06-25,ABBV,-0.3600058019434794,-0.38044055540525357
2026-06-26,ABBV,-0.3684722643874609,-0.3764511250659894
2026-06-27,ABBV,-0.3385899675669226,-0.36383073923296716
2026-06-28,ABBV,-0.3685011888141628,-0.36538755576003235
2026-06-29,ABBV,-0.3411642253979312,-0.35731311230599866
2026-06-30,ABBV,-0.3604326103744797,-0.35835294499549236
2026-07-01,ABBV,-0.3651503919283637,-0.3606187606397828
2026-07-02,ABBV,-0.3481140269063578,-0.3564505160619745
2026-07-03,ABBV,-0.2820020121152411,-0.33163434807973
2026-07-04,ABBV,-0.2820677296745479,-0.31511214194466936
2026-07-05,ABBV,-0.2819863808858424,-0.30407022159172703
2026-07-06,ABBV,-0.2818833083250719,-0.29667458383617534
2026-07-07,ABBV,-0.2967325396382742,-0.296693902436875
2026-07-08,ABBV,-0.282223449777415,-0.291870418217055
2026-07-09,ABBV,-0.2807421547498331,-0.2881609970613144
2026-07-10,ABBV,-0.307549989081053,-0.2946239944012273
2026-07-11,ABBV,-0.3018597086713549,-0.2970358991579365
2026-07-12,ABBV,-0.30191335495253147,-0.2986617177561348
2026-05-13,ABNB,0.1063397225373997,0.08203744259725224
2026-05-22,ABNB,0.0665291827749748,0.07686802265649309
2026-05-23,ABNB,0.0373107445033345,0.0636822632721069
2026-05-24,ABNB,0.0372360024379102,0.054866842994041334
2026-05-25,ABNB,0.0372360016291417,0.048989895872408123
2026-05-26,ABNB,0.0372360015813589,0.04507193110872505
2026-05-27,ABNB,0.0031199974280712,0.031087953215173773
2026-06-01,ABNB,0.0043001519035451,0.02215868611129755
2026-06-02,ABNB,0.0201727719867503,0.02149671473644847
2026-06-03,ABNB,-0.0065146204616485,0.012159603003749481
2026-06-04,ABNB,-0.0130989608046753,0.0037400817342745554
2026-06-05,ABNB,-0.0250316975598109,-0.00585051136375393
2026-06-06,ABNB,-0.0137203905520382,-0.008473804426515354
2026-06-07,ABNB,-0.013877289739294,-0.01027496619744157
2026-06-08,ABNB,-0.013877289739294,-0.01147574071139238
2026-06-09,ABNB,-0.0018963547851346,-0.008282612069306455
2026-06-10,ABNB,-0.0321208247509243,-0.01622868296317907
2026-06-11,ABNB,-0.0177919284067444,-0.01674976477770085
2026-06-12,ABNB,-0.008490658081785,-0.013996729212395568
2026-06-13,ABNB,-0.0102930605733876,-0.012762172999392913
2026-06-14,ABNB,-0.0103695440613181,-0.011964630020034643
2026-06-15,ABNB,-0.0103695437696789,-0.011432934603249397
2026-06-16,ABNB,0.0036474884160968,-0.006406126930133999
2026-06-17,ABNB,0.0096952352563907,-0.0010390062012924331
2026-06-18,ABNB,0.0190016879081816,0.005641225168532244
2026-06-19,ABNB,0.0279159907490119,0.013066147028692129
2026-06-20,ABNB,0.0309908521080181,0.019041048721800787
2026-06-21,ABNB,0.0309908519791723,0.02302431647425796
2026-06-22,ABNB,0.0279159611832486,0.024654864710588174
2026-06-23,ABNB,0.0003369428409873,0.01654889075405455
2026-06-24,ABNB,0.0148447865702474,0.015980856026118834
2026-06-25,ABNB,0.0342950681378081,0.022085593396681924
2026-06-26,ABNB,0.014780793970841,0.01965066025473495
2026-06-27,ABNB,0.0664768207476529,0.035259380419040934
2026-06-28,ABNB,0.0147502099759841,0.028422990271355326
2026-06-29,ABNB,0.0641695582171813,0.04033851291996399
2026-06-30,ABNB,0.061569679104331,0.04741556831475299
2026-07-01,ABNB,0.0430724884554097,0.04596787502830523
2026-07-02,ABNB,0.077324247404093,0.056419999153567824
2026-07-03,ABNB,0.0946441252376199,0.06916137451491852
2026-07-04,ABNB,0.0945748145367854,0.07763252118887415
2026-07-05,ABNB,0.094664655856124,0.08330989941129077
2026-07-06,ABNB,0.0947849850083273,0.08713492794363628
2026-07-07,ABNB,0.0741227792823327,0.0827975450565351
2026-07-08,ABNB,0.1018964508323511,0.0891638469818071
2026-07-09,ABNB,0.049554771448588,0.07596082180406741
2026-07-10,ABNB,0.0810136606730665,0.07764510142706711
2026-07-11,ABNB,0.0851346893982242,0.08014163075078615
2026-07-12,ABNB,0.08506841930737237,0.08178389360298155
2026-05-13,ABT,-0.312530964113224,-0.3039316503055972
2026-05-22,ABT,-0.325986145866717,-0.3112831488259705
2026-05-23,ABT,-0.3172589248275273,-0.3132750741598228
2026-05-24,ABT,-0.3173566714120643,-0.31463560657723666
2026-05-25,ABT,-0.3173566720724023,-0.3155426284089586
2026-05-26,ABT,-0.3173566723917482,-0.31614730973655514
2026-05-27,ABT,-0.3149007291719779,-0.3157317828816961
2026-06-01,ABT,-0.2967714159336319,-0.3094116605656747
2026-06-02,ABT,-0.2682748218990092,-0.29569938101011956
2026-06-03,ABT,-0.2741086873177812,-0.28850248311267346
2026-06-04,ABT,-0.2627500755491527,-0.27991834725816656
2026-06-05,ABT,-0.2472354194612159,-0.2690240379925164
2026-06-06,ABT,-0.2810837947099463,-0.2730439568983264
2026-06-07,ABT,-0.2812752207699922,-0.275787711522215
2026-06-08,ABT,-0.2812752207699922,-0.27761688127147405
2026-06-09,ABT,-0.2689821843222724,-0.2747386489550735
2026-06-10,ABT,-0.2810621764013967,-0.2768464914371812
2026-06-11,ABT,-0.287834589442213,-0.28050919077219183
2026-06-12,ABT,-0.2797684894208174,-0.28026229032173366
2026-06-13,ABT,-0.2948118645122841,-0.28511214838525045
2026-06-14,ABT,-0.2949041863990835,-0.28837616105652814
2026-06-15,ABT,-0.2949041860182588,-0.29055216937710504
2026-06-16,ABT,-0.2868757804976519,-0.2893267064172873
2026-06-17,ABT,-0.285522466813209,-0.2880586265492612
2026-06-18,ABT,-0.2811222046330822,-0.28574648591053486
2026-06-19,ABT,-0.2650923833488007,-0.2788617850566235
2026-06-20,ABT,-0.261665893720134,-0.2731298212777937
2026-06-21,ABT,-0.2616658938885371,-0.2693085121480415
2026-06-22,ABT,-0.2650924262078302,-0.26790315016797106
2026-06-23,ABT,-0.2533684490977255,-0.26305824981122256
2026-06-24,ABT,-0.2474241113510846,-0.2578468703245099
2026-06-25,ABT,-0.2546179076577728,-0.2567705494355976
2026-06-26,ABT,-0.2239542761359053,-0.2458317916690335
2026-06-27,ABT,-0.233959633506235,-0.24187440561476736
2026-06-28,ABT,-0.2239887696441417,-0.23591252695789217
2026-06-29,ABT,-0.2341926365881587,-0.23533923016798103
2026-06-30,ABT,-0.2214806298768697,-0.2307196967376106
2026-07-01,ABT,-0.2244610653519873,-0.22863348627573618
2026-07-02,ABT,-0.2310689378219727,-0.22944530345781505
2026-07-03,ABT,-0.2295973827375532,-0.22949599655106112
2026-07-04,ABT,-0.2296802543101048,-0.22955741580407568
2026-07-05,ABT,-0.2295583613397024,-0.22955773098261795
2026-07-06,ABT,-0.2293729041036508,-0.22949612202296227
2026-07-07,ABT,-0.2211075596112514,-0.22669993455239199
2026-07-08,ABT,-0.2267415485727014,-0.22671380589249512
2026-07-09,ABT,-0.2224766048536154,-0.2253014055462019
2026-07-10,ABT,-0.2189928018764623,-0.22319853765628872
2026-07-11,ABT,-0.2151432815765984,-0.22051345229639197
2026-07-12,ABT,-0.21526208473704211,-0.21876299644327535
2026-05-13,ACGL,0.1913290210039346,0.2081837215229748
2026-05-22,ACGL,0.2011148255250424,0.20582742285699734
2026-05-23,ACGL,0.1967858421793565,0.20281356263111708
2026-05-24,ACGL,0.1967044723938549,0.20077719921869638
2026-05-25,ACGL,0.1967044716278501,0.19941962335508095
2026-05-26,ACGL,0.1967044715018285,0.19851457273733014
2026-05-27,ACGL,0.1918008473572635,0.19627666427730794
2026-06-01,ACGL,0.1489385155006734,0.1804972813517631
2026-06-02,ACGL,0.1530610058006373,0.1713518561680545
2026-06-03,ACGL,0.1552075025622103,0.16597040496610646
2026-06-04,ACGL,0.1641712357413365,0.16537068189118315
2026-06-05,ACGL,0.1548654144582125,0.16186892608019293
2026-06-06,ACGL,0.1779498268122482,0.16722922632421136
2026-06-07,ACGL,0.1777848693093727,0.17074777398593183
2026-06-08,ACGL,0.1777848693093727,0.1730934724270788
2026-06-09,ACGL,0.1636818343368103,0.16995625973032263
2026-06-10,ACGL,0.1670053919571905,0.1689726371392786
2026-06-11,ACGL,0.1735767663393267,0.17050734687262797
2026-06-12,ACGL,0.1728123587166051,0.1712756841539537
2026-06-13,ACGL,0.1771168044856821,0.17322272426452984
2026-06-14,ACGL,0.1770365966906379,0.17449401507323253
2026-06-15,ACGL,0.1770365970032485,0.17534154238323785
2026-06-16,ACGL,0.1737864104831106,0.17482316508319545
2026-06-17,ACGL,0.1783939089138882,0.1760134130267597
2026-06-18,ACGL,0.1927292671882853,0.1815853644139349
2026-06-19,ACGL,0.1793565053192686,0.1808424113823795
2026-06-20,ACGL,0.1909482655925393,0.18421102945243278
2026-06-21,ACGL,0.1909482654478541,0.1864567747842399
2026-06-22,ACGL,0.1793564697117005,0.18409000642672677
2026-06-23,ACGL,0.1846923722673843,0.1842907950402793
2026-06-24,ACGL,0.193565384706236,0.18738232492893153
2026-06-25,ACGL,0.2040460219209761,0.1929368905929464
2026-06-26,ACGL,0.1930048162776336,0.19295953248784214
2026-06-27,ACGL,0.2050150805232266,0.196978048499637
2026-06-28,ACGL,0.1929725376431873,0.19564287821415377
2026-06-29,ACGL,0.2037723169211915,0.1983526911164997
2026-06-30,ACGL,0.1953550328917619,0.1973534717082538
2026-07-01,ACGL,0.2001376069101405,0.1982815167755494
2026-07-02,ACGL,0.2081692348519654,0.20157742280102142
2026-07-03,ACGL,0.2190192928603407,0.2073913794874612
2026-07-04,ACGL,0.218942880962508,0.21124187997914345
2026-07-05,ACGL,0.2190495062388864,0.21384442206572443
2026-07-06,ACGL,0.2192039399356331,0.21563092802236067
2026-07-07,ACGL,0.216957954953291,0.2160732703326708
2026-07-08,ACGL,0.2224547216453257,0.21820042077022245
2026-07-09,ACGL,0.2276040081725287,0.22133494990432456
2026-07-10,ACGL,0.2203206513917305,0.22099685040012657
2026-07-11,ACGL,0.2302385574142919,0.22407741940484838
2026-07-12,ACGL,0.23014742845566935,0.22610075575512203
2026-05-13,ACN,0.2321296882285185,0.21060211282558003
2026-05-22,ACN,0.328974297462375,0.2500595077045117
2026-05-23,ACN,0.3542151809711246,0.28477806546004936
2026-05-24,ACN,0.3541296111930717,0.3078952473710568
2026-05-25,ACN,0.3541296104541661,0.3233067017320932
2026-05-26,ACN,0.3541296102785647,0.33358100458091705
2026-05-27,ACN,0.3683932220510214,0.34518507707095186
2026-06-01,ACN,0.3671743917142668,0.3525148486187235
2026-06-02,ACN,0.3856749537571916,0.3635682169982129
2026-06-03,ACN,0.3545433107835001,0.36055991492664197
2026-06-04,ACN,0.3214998515045032,0.3475398937859291
2026-06-05,ACN,0.312583187598115,0.3358876583899911
2026-06-06,ACN,0.3077158280905712,0.32649704829018444
2026-06-07,ACN,0.3075329222815807,0.3201756729539832
2026-06-08,ACN,0.3075329222815807,0.31596142272984906
2026-06-09,ACN,0.3207396493440481,0.3175541649345821
2026-06-10,ACN,0.3016962711238502,0.31226820033100483
2026-06-11,ACN,0.3035051344022003,0.3093471783547367
2026-06-12,ACN,0.2930457994201219,0.3039133853765318
2026-06-13,ACN,0.2977803308254614,0.30186903385950836
2026-06-14,ACN,0.2976918697026038,0.30047664580720684
2026-06-15,ACN,0.2976918700616887,0.2995483872253675
2026-06-16,ACN,0.2906803195337215,0.29659236466148553
2026-06-17,ACN,0.2812506131984327,0.2914784475071346
2026-06-18,ACN,0.237323839589695,0.2734269115346547
2026-06-19,ACN,0.1757416043803329,0.2408651424832141
2026-06-20,ACN,0.179431629821152,0.22038730492919342
2026-06-21,ACN,0.1794316296231017,0.2067354131604962
2026-06-22,ACN,0.1757415515583626,0.19640412595978501
2026-06-23,ACN,0.1842252148277341,0.19234448891576805
2026-06-24,ACN,0.1718263795129478,0.18550511911482798
2026-06-25,ACN,0.1751744045401596,0.18206154758993853
2026-06-26,ACN,0.1965576737114685,0.18689358963044855
2026-06-27,ACN,0.1834553672407423,0.18574751550054647
2026-06-28,ACN,0.196517879669367,0.18933763689015332
2026-06-29,ACN,0.1850051135060116,0.18789346242877275
2026-06-30,ACN,0.1909871531429446,0.18892469266683004
2026-07-01,ACN,0.1963552894744832,0.1914015582693811
2026-07-02,ACN,0.1780528695270118,0.18695199535525803
2026-07-03,ACN,0.1509223211127706,0.17494210394109555
2026-07-04,ACN,0.1508265968781406,0.16690360158677725
2026-07-05,ACN,0.150978867618407,0.16159535693065386
2026-07-06,ACN,0.1512260516572029,0.15813892183950357
2026-07-07,ACN,0.1627354928830291,0.15967111218734542
2026-07-08,ACN,0.1576948781677216,0.1590123675141375
2026-07-09,ACN,0.1610807734916452,0.15970183617330674
2026-07-10,ACN,0.202892741328382,0.17409880455833182
2026-07-11,ACN,0.2027907398466802,0.18366278298778127
2026-07-12,ACN,0.20262691047986348,0.18998415881847536
2026-05-13,ADBE,0.26709810235711,0.2503860251886908
2026-05-22,ADBE,0.2742806817845221,0.25835091072063454
2026-05-23,ADBE,0.2536652521525259,0.256789024531265
2026-05-24,ADBE,0.2535829351950763,0.2557203280858688
2026-05-25,ADBE,0.2535829344351827,0.2550078635356401
2026-05-26,ADBE,0.25358293429798,0.25453288712308675
2026-05-27,ADBE,0.2377521395836599,0.24893930460994448
2026-06-01,ADBE,0.2874265014657473,0.26176837022854543
2026-06-02,ADBE,0.2932253851156421,0.2722540418575777
2026-06-03,ADBE,0.2623330865110532,0.26894705674206953
2026-06-04,ADBE,0.232284609816414,0.2567262411001844
2026-06-05,ADBE,0.2220021257529366,0.24515153598443512
2026-06-06,ADBE,0.1989092885804322,0.22973745351643415
2026-06-07,ADBE,0.1987323533795287,0.2194024201374657
2026-06-08,ADBE,0.1987323533795287,0.21251239788482001
2026-06-09,ADBE,0.2017329456075745,0.2089192471257382
2026-06-10,ADBE,0.1711369918907629,0.1963251620474131
2026-06-11,ADBE,0.1636334362341666,0.1854279201096643
2026-06-12,ADBE,0.1741355155277736,0.1816637852490341
2026-06-13,ADBE,0.1329189771903379,0.16541551589613537
2026-06-14,ADBE,0.1328268690614749,0.1545526336179152
2026-06-15,ADBE,0.132826869441096,0.14731071222564215
2026-06-16,ADBE,0.1424895656356535,0.1457036633623126
2026-06-17,ADBE,0.1417217204317459,0.1443763490521237
2026-06-18,ADBE,0.1227679789672666,0.13717355902383802
2026-06-19,ADBE,0.1272113412378199,0.133852819761832
2026-06-20,ADBE,0.1307137787170554,0.13280647274690646
2026-06-21,ADBE,0.1307137785401083,0.1321089080113071
2026-06-22,ADBE,0.1272112955075908,0.13047637051006833
2026-06-23,ADBE,0.1411545795349679,0.1340357735183682
2026-06-24,ADBE,0.1468070980237709,0.1382928816868358
2026-06-25,ADBE,0.1444976830993628,0.1403611488243448
2026-06-26,ADBE,0.1505993808112264,0.143773892819972
2026-06-27,ADBE,0.1636507798452673,0.15039952182840377
2026-06-28,ADBE,0.1505628975593322,0.15045398040537994
2026-06-29,ADBE,0.1637774698455416,0.1548951435521005
2026-06-30,ADBE,0.1734055809665157,0.16106528935690556
2026-07-01,ADBE,0.1769256389228699,0.16635207254556034
2026-07-02,ADBE,0.1746037872083772,0.16910264409983264
2026-07-03,ADBE,0.1755072973860055,0.17123752852855695
2026-07-04,ADBE,0.1754229211089043,0.17263265938867275
2026-07-05,ADBE,0.1755483705074026,0.17360456309491606
2026-07-06,ADBE,0.1757410543086873,0.17431672683283983
2026-07-07,ADBE,0.1707585862486238,0.1731306799714345
2026-07-08,ADBE,0.1798259202034055,0.17536242671542485
2026-07-09,ADBE,0.2019572334056205,0.18422736227882341
2026-07-10,ADBE,0.2399193386764372,0.20279135441136137
2026-07-11,ADBE,0.2492379681854498,0.2182735590027242
2026-07-12,ADBE,0.2491316793879194,0.22855959913112261
2026-05-13,ADI,0.1776305213159178,0.19467151076230302
2026-05-22,ADI,0.0305774449109753,0.13997348881186047
2026-05-23,ADI,0.0560354009864337,0.11199412620338489
2026-05-24,ADI,0.0559659219673546,0.09331805812470814
2026-05-25,ADI,0.0559659211246277,0.080867345791348
2026-05-26,ADI,0.055965921138974,0.07256687090722333
2026-05-27,ADI,0.0916682172922409,0.07893398636889586
2026-06-01,ADI,0.0913712582851958,0.08307974367432917
2026-06-02,ADI,0.0774306355112229,0.08119670761996042
2026-06-03,ADI,0.1103450307706165,0.09091281533684578
2026-06-04,ADI,0.1548995277484445,0.11224171947404536
2026-06-05,ADI,0.1566355118340142,0.12703965026070163
2026-06-06,ADI,0.1410762962323853,0.13171853225126284
2026-06-07,ADI,0.1409689813177815,0.13480201527343572
2026-06-08,ADI,0.1409689813177815,0.13685767062155096
2026-06-09,ADI,0.1394539724304891,0.13772310455786368
2026-06-10,ADI,0.1460017729879088,0.14048266070121207
2026-06-11,ADI,0.1482996163752024,0.14308831259254218
2026-06-12,ADI,0.168613232114174,0.1515966190997528
2026-06-13,ADI,0.1659368467264677,0.15637669497532444
2026-06-14,ADI,0.1658827622345257,0.15954538406172486
2026-06-15,ADI,0.1658827624000369,0.16165784350782889
2026-06-16,ADI,0.1663199353935759,0.16321187413641125
2026-06-17,ADI,0.1617152928386253,0.16271301370381594
2026-06-18,ADI,0.1637721718112839,0.16306606640630528
2026-06-19,ADI,0.1726960370717145,0.16627605662810835
2026-06-20,ADI,0.1753722803776893,0.169308131211302
2026-06-21,ADI,0.1753722802936872,0.17132951423876375
2026-06-22,ADI,0.1726960225756606,0.17178501701772939
2026-06-23,ADI,0.1824663042886089,0.17534544610802255
2026-06-24,ADI,0.1134725106218886,0.15472113427931125
2026-06-25,ADI,0.1304194540701461,0.14662057420958954
2026-06-26,ADI,0.1221758850890599,0.13847234450274634
2026-06-27,ADI,0.081471633155957,0.1194721073871499
2026-06-28,ADI,0.1221506712045256,0.1203649619929418
2026-06-29,ADI,0.0785792042102787,0.10643637606538744
2026-06-30,ADI,0.0828677370696771,0.09858016306681733
2026-07-01,ADI,0.0752354225955122,0.09079858290971562
2026-07-02,ADI,0.0716901266434251,0.08442909748761879
2026-07-03,ADI,0.0610458080233637,0.07663466766620043
2026-07-04,ADI,0.0609762928752821,0.07141520940256099
2026-07-05,ADI,0.0610666174136912,0.06796567873960441
2026-07-06,ADI,0.0588544658521269,0.0649286077771119
2026-07-07,ADI,0.0597894587941906,0.06321555811613813
2026-07-08,ADI,0.0452781999535601,0.05723643872861212
2026-07-09,ADI,0.0395366546858479,0.05133651071435738
2026-07-10,ADI,0.0373178684905074,0.04666362997307406
2026-07-11,ADI,0.0393855816812373,0.04423761387579514
2026-07-12,ADI,0.03931446583301534,0.042596564528201875
2026-05-13,ADM,0.0449461245315089,0.0173834144151867
2026-05-22,ADM,0.0183890227942263,0.0177186172081999
2026-05-23,ADM,0.0174116660882817,0.01761630016822717
2026-05-24,ADM,0.0173444912277046,0.01752569718805298
2026-05-25,ADM,0.0173444903701107,0.017465294915405553
2026-05-26,ADM,0.017344490411657,0.017425026747489372
2026-05-27,ADM,0.0288903365313026,0.021246796675427115
2026-06-01,ADM,0.0149042823860579,0.01913262524563738
2026-06-02,ADM,0.0376179792314202,0.025294409907564985
2026-06-03,ADM,0.0474250969186684,0.03267130557793279
2026-06-04,ADM,0.0611722348099351,0.04217161532193356
2026-06-05,ADM,0.0305673297495904,0.038303520131152506
2026-06-06,ADM,0.0386035705936931,0.03840353695199937
2026-06-07,ADM,0.0384849889160958,0.03843068760669818
2026-06-08,ADM,0.0384849889160958,0.03844878804316405
2026-06-09,ADM,0.0072494408225868,0.02804900563630497
2026-06-10,ADM,-0.0109030791888933,0.015064977361238883
2026-06-11,ADM,-0.0233311156155614,0.0022662797023054564
2026-06-12,ADM,-0.0551092361253479,-0.01685889224024566
2026-06-13,ADM,-0.0289550464228388,-0.020890943634443375
2026-06-14,ADM,-0.0290236929694596,-0.023601860079448783
2026-06-15,ADM,-0.02902369272195,-0.025409137626949192
2026-06-16,ADM,-0.0546112039619579,-0.035143159738618764
2026-06-17,ADM,-0.0605541909214964,-0.04361350346624464
2026-06-18,ADM,-0.0406482170921807,-0.04262507467489
2026-06-19,ADM,-0.0430577800857907,-0.0427693098118569
2026-06-20,ADM,-0.0400286013083534,-0.041855740310689074
2026-06-21,ADM,-0.0400286014320599,-0.04124669401781268
2026-06-22,ADM,-0.0430578079245293,-0.041850398653384885
2026-06-23,ADM,-0.0462287204067268,-0.04330983923783219
2026-06-24,ADM,-0.0759199205156901,-0.05417986633045149
2026-06-25,ADM,-0.0839682802334297,-0.06410933763144423
2026-06-26,ADM,-0.0857467709624516,-0.07132181540844669
2026-06-27,ADM,-0.0924816288811466,-0.07837508656601333
2026-06-28,ADM,-0.0857777215240442,-0.08084263155202362
2026-06-29,ADM,-0.0939215870800497,-0.08520228339469899
2026-06-30,ADM,-0.0901733448268971,-0.08685930387209836
2026-07-01,ADM,-0.087942696288953,-0.08722043467771659
2026-07-02,ADM,-0.0836709901439326,-0.0860372864997886
2026-07-03,ADM,-0.1007342379355858,-0.090936270311721
2026-07-04,ADM,-0.1008111472850956,-0.09422789596951253
2026-07-05,ADM,-0.1007033462622087,-0.09638637940041125
2026-07-06,ADM,-0.1005465234805115,-0.09777309409377802
2026-07-07,ADM,-0.0839281500743592,-0.09315811275397175
2026-07-08,ADM,-0.0671560415795595,-0.08449075569583434
2026-07-09,ADM,-0.0095347323411889,-0.059505414577619195
2026-07-10,ADM,-0.0155635629511465,-0.044858130702128296
2026-07-11,ADM,0.000457361316853,-0.0297529666958012
2026-07-12,ADM,0.00039317040797050284,-0.019704254327877303
2026-05-13,ADP,0.3457195213458781,0.34593728092289505
2026-05-22,ADP,0.420967713212875,0.370947425019555
2026-05-23,ADP,0.4409415552919342,0.3942788017770148
2026-05-24,ADP,0.440870941740911,0.40980951509831354
2026-05-25,ADP,0.4408709409055044,0.4201633237007105
2026-05-26,ADP,0.4408709409064577,0.4270658627692929
2026-05-27,ADP,0.3844685250479335,0.41286675019550645
2026-06-01,ADP,0.3956997209919021,0.4071444071276384
2026-06-02,ADP,0.4159765649960172,0.4100884597504314
2026-06-03,ADP,0.4071783079539152,0.4091184091515927
2026-06-04,ADP,0.378998281700568,0.39907836666791785
2026-06-05,ADP,0.366449991005772,0.3882022414472026
2026-06-06,ADP,0.387959975413134,0.38812148610251307
2026-06-07,ADP,0.3878129328789397,0.38801863502798867
2026-06-08,ADP,0.3878129328789397,0.38795006764497236
2026-06-09,ADP,0.3949384199287034,0.3902795184062161
2026-06-10,ADP,0.4126201596434804,0.3977263988186376
2026-06-11,ADP,0.4287028221599806,0.408051873265752
2026-06-12,ADP,0.3871097643138987,0.40107117028180095
2026-06-13,ADP,0.387793759276531,0.3966453666133776
2026-06-14,ADP,0.3930891599101739,0.3954599643789764
2026-06-15,ADP,0.3930891601782555,0.39466969631206944
2026-06-16,ADP,0.3803152944065823,0.3898848956769071
2026-06-17,ADP,0.3725986052695718,0.38412279887446205
2026-06-18,ADP,0.3650350754346619,0.37776022439452867
2026-06-19,ADP,0.3613410474296259,0.37228716540622775
2026-06-20,ADP,0.3644871145663972,0.3696871484596176
2026-06-21,ADP,0.3644871144295409,0.36795380378292536
2026-06-22,ADP,0.3613410151719364,0.3657495409125957
2026-06-23,ADP,0.3546789045187949,0.3620593287813288
2026-06-24,ADP,0.3901203189850529,0.3714129921825702
2026-06-25,ADP,0.3994388001182314,0.38075492816112394
2026-06-26,ADP,0.3704297524126081,0.3773132029116187
2026-06-27,ADP,0.3924923197893498,0.3823729085375291
2026-06-28,ADP,0.37039881327077,0.3783815434486094
2026-06-29,ADP,0.390680571975163,0.3824812196241273
2026-06-30,ADP,0.3785468608237058,0.3811697666906535
2026-07-01,ADP,0.3958626726792916,0.3860674020201995
2026-07-02,ADP,0.4442185099030675,0.4054511046478222
2026-07-03,ADP,0.4627646940461537,0.4245556344472661
2026-07-04,ADP,0.462695626184106,0.4372689650262127
2026-07-05,ADP,0.4627848935444676,0.4457742745322977
2026-07-06,ADP,0.4629040564276289,0.45148420183074145
2026-07-07,ADP,0.45054773796054,0.451172047207341
2026-07-08,ADP,0.4859952043243887,0.4627797662463569
2026-07-09,ADP,0.5156642626763202,0.4804079317230114
2026-07-10,ADP,0.5242326552840512,0.49501617291002464
2026-07-11,ADP,0.5569692149574782,0.5156671869258426
2026-07-12,ADP,0.556937626652537,0.5294240001680741
2026-05-13,ADSK,-0.1294785239123389,-0.15124654204615098
2026-05-22,ADSK,-0.0795503825149401,-0.12734782220241403
2026-05-23,ADSK,-0.0854961016253152,-0.11339724867671443
2026-05-24,ADSK,-0.0855678102112844,-0.10412076918823776
2026-05-25,ADSK,-0.0855678110396256,-0.09793644980536706
2026-05-26,ADSK,-0.0855678110515989,-0.09381357022077769
2026-05-27,ADSK,-0.1080729849801615,-0.09856670847390564
2026-06-01,ADSK,-0.1892908901625903,-0.12880810237013385
2026-06-02,ADSK,-0.1642695492592607,-0.14062858466650946
2026-06-03,ADSK,-0.2016500387755795,-0.1609690693695328
2026-06-04,ADSK,-0.2296644671924134,-0.18386753531049302
2026-06-05,ADSK,-0.2259279088239626,-0.1978876598149829
2026-06-06,ADSK,-0.245944312851702,-0.21390654416055596
2026-06-07,ADSK,-0.2461228200501201,-0.2246453027904107
2026-06-08,ADSK,-0.2461228200501201,-0.23180447521031386
2026-06-09,ADSK,-0.2398960810434212,-0.234501677154683
2026-06-10,ADSK,-0.2527190145114185,-0.2405741229402615
2026-06-11,ADSK,-0.2604614187670089,-0.24720322154917732
2026-06-12,ADSK,-0.3039851896426211,-0.2661305442469919
2026-06-13,ADSK,-0.3162757174156064,-0.2828456019698634
2026-06-14,ADSK,-0.3163689318409298,-0.2940200452602189
2026-06-15,ADSK,-0.3163689314550792,-0.301469673991839
2026-06-16,ADSK,-0.3128629979859159,-0.3052674486565313
2026-06-17,ADSK,-0.3187340018066369,-0.30975629970656654
2026-06-18,ADSK,-0.328371359893028,-0.3159613197687204
2026-06-19,ADSK,-0.3146253763633589,-0.3155160053002666
2026-06-20,ADSK,-0.3122588527167961,-0.3144302877724431
2026-06-21,ADSK,-0.312258852894768,-0.31370647614655145
2026-06-22,ADSK,-0.3146254223396637,-0.31401279154425554
2026-06-23,ADSK,-0.3136724591732703,-0.31389934742059383
2026-06-24,ADSK,-0.3166038073767012,-0.31480083407262965
2026-06-25,ADSK,-0.301370380392357,-0.31032401617920546
2026-06-26,ADSK,-0.2947920730452329,-0.3051467018012146
2026-06-27,ADSK,-0.2808714488086378,-0.29705495080368904
2026-06-28,ADSK,-0.2948288058504842,-0.2963129024859541
2026-06-29,ADSK,-0.2806737977618636,-0.29109986757792394
2026-06-30,ADSK,-0.2799003937145087,-0.28736670962345223
2026-07-01,ADSK,-0.278660373101142,-0.2844645974493488
2026-07-02,ADSK,-0.2859462888671676,-0.28495849458862177
2026-07-03,ADSK,-0.2872182930144327,-0.28571176073055876
2026-07-04,ADSK,-0.2873044002658861,-0.2862426405756679
2026-07-05,ADSK,-0.2871748596417574,-0.2865533802643644
2026-07-06,ADSK,-0.2869738625811848,-0.28669354103663786
2026-07-07,ADSK,-0.2818148728788359,-0.28506731831737053
2026-07-08,ADSK,-0.2737260016681618,-0.281286879434301
2026-07-09,ADSK,-0.2920792148329109,-0.28488432456717094
2026-07-10,ADSK,-0.2308984784183706,-0.26688904251757084
2026-07-11,ADSK,-0.2192063176285557,-0.25099480088789916
2026-07-12,ADSK,-0.2193221558033283,-0.24043725252637557
2026-05-13,AEP,0.03627156416499,0.07191128521093461
2026-05-22,AEP,-0.0521343344498322,0.030562745324012347
2026-05-23,AEP,-0.0403610124037813,0.006921492748081133
2026-05-24,AEP,-0.0404399483483852,-0.00886565428407431
2026-05-25,AEP,-0.0404399491300939,-0.019390419232747508
2026-05-26,AEP,-0.0404399492273844,-0.026406929230959802
2026-05-27,AEP,-0.0421411735958333,-0.031651677352584305
2026-06-01,AEP,-0.0625359917337527,-0.04194644881297377
2026-06-02,AEP,-0.070960967067193,-0.051617954897713515
2026-06-03,AEP,-0.0639689210127999,-0.05573494360274231
2026-06-04,AEP,-0.0626412242838449,-0.058037037163109845
2026-06-05,AEP,-0.0673292433683984,-0.06113443923153937
2026-06-06,AEP,-0.0589028638084583,-0.06039058075717902
2026-06-07,AEP,-0.0590616248254483,-0.05994759544660212
2026-06-08,AEP,-0.0590616248254483,-0.059652271906217524
2026-06-09,AEP,-0.0737810417075451,-0.06436186183999339
2026-06-10,AEP,-0.0734741707344295,-0.06739929813813876
2026-06-11,AEP,-0.079162506370335,-0.07132036754887085
2026-06-12,AEP,-0.091454974265342,-0.0780319031210279
2026-06-13,AEP,-0.0881005231163357,-0.08138810978613051
2026-06-14,AEP,-0.0881812904777891,-0.0836525033500167
2026-06-15,AEP,-0.0881812901620275,-0.0851620989540203
2026-06-16,AEP,-0.0828726712836344,-0.084398956397225
2026-06-17,AEP,-0.0809852246714653,-0.08326104582197177
2026-06-18,AEP,-0.0662720488154328,-0.07759804681979213
2026-06-19,AEP,-0.0598026382426933,-0.07166624396075919
2026-06-20,AEP,-0.056615381690048,-0.06664928987052213
2026-06-21,AEP,-0.056615381831538,-0.06330465385752743
2026-06-22,AEP,-0.0598026720575439,-0.06213732659086625
2026-06-23,AEP,-0.0511604400117836,-0.058478364397838704
2026-06-24,AEP,-0.0376629537240435,-0.05153989417324031
2026-06-25,AEP,-0.0278204401827352,-0.04363340950973861
2026-06-26,AEP,-0.0297218079432793,-0.03899620898758551
2026-06-27,AEP,-0.037451405087616,-0.03848127435426234
2026-06-28,AEP,-0.0297526363264924,-0.035571728345005695
2026-06-29,AEP,-0.0389188308397898,-0.036687429176600395
2026-06-30,AEP,-0.0468929211156032,-0.04008925982293467
2026-07-01,AEP,-0.0386037070038871,-0.03959407554991881
2026-07-02,AEP,-0.0512008002630417,-0.04346298378762644
2026-07-03,AEP,-0.0445640929150136,-0.04383002016342216
2026-07-04,AEP,-0.0446407625986708,-0.04410026764183837
2026-07-05,AEP,-0.0445335280354066,-0.044244687773027785
2026-07-06,AEP,-0.0443778562842672,-0.04428907727677426
2026-07-07,AEP,-0.0550654480525175,-0.047881200868688675
2026-07-08,AEP,-0.0524396937332244,-0.04940069849020059
2026-07-09,AEP,-0.0475712452652292,-0.048790880748543465
2026-07-10,AEP,-0.0746961095736491,-0.05742595702357868
2026-07-11,AEP,-0.0700988424875834,-0.06165025217824693
2026-07-12,AEP,-0.07020302550563959,-0.06450117662071116
2026-05-13,AFL,0.2517076163585314,0.27483557684931154
2026-05-22,AFL,0.2853348163176333,0.2783353233387521
2026-05-23,AFL,0.2839670547624495,0.2802125671466512
2026-05-24,AFL,0.2838923292155331,0.2814391545029452
2026-05-25,AFL,0.283892328406658,0.2822568791375162
2026-05-26,AFL,0.2838923283590702,0.2828020288780342
2026-05-27,AFL,0.2784981349082137,0.2813673975547607
2026-06-01,AFL,0.2485159242448332,0.27041690645145156
2026-06-02,AFL,0.2469342662200482,0.26258935970765046
2026-06-03,AFL,0.2544160008554122,0.2598649067569044
2026-06-04,AFL,0.2637837526825905,0.26117118873213313
2026-06-05,AFL,0.254035985134697,0.25879278753298773
2026-06-06,AFL,0.2909968135307409,0.26952746286557216
2026-06-07,AFL,0.2908554681235957,0.27663679795158
2026-06-08,AFL,0.2908554681235957,0.2813763546755853
2026-06-09,AFL,0.2683186970515089,0.2770238021342265
2026-06-10,AFL,0.271451923314598,0.2751665091943504
2026-06-11,AFL,0.2744217857839373,0.27491826805754604
2026-06-12,AFL,0.2648636028060142,0.2715667129737021
2026-06-13,AFL,0.2717696224618639,0.27163434946975606
2026-06-14,AFL,0.2716969866170785,0.27165522851886353
2026-06-15,AFL,0.2716969868870517,0.27166914797492625
2026-06-16,AFL,0.2626862261723447,0.2686748407073991
2026-06-17,AFL,0.2673492026756049,0.26823296136346775
2026-06-18,AFL,0.2759382428517434,0.2708013885262263
2026-06-19,AFL,0.2654203241147959,0.26900770038908284
2026-06-20,AFL,0.267075910937581,0.26836377057191557
2026-06-21,AFL,0.2670759108060688,0.2679344839833
2026-06-22,AFL,0.2654202937768412,0.2670964205811471
2026-06-23,AFL,0.2740526282683672,0.26941515647688713
2026-06-24,AFL,0.297602605076727,0.27881097267683375
2026-06-25,AFL,0.2864331465813716,0.28135169731167975
2026-06-26,AFL,0.2698037352775578,0.2775023766336391
2026-06-27,AFL,0.2835293476115764,0.2795113669596182
2026-06-28,AFL,0.2697734824580469,0.27626540545909445
2026-06-29,AFL,0.281598438253565,0.27804308305725134
2026-06-30,AFL,0.266806645503667,0.27429760387272323
2026-07-01,AFL,0.2582987455138614,0.26896465108643597
2026-07-02,AFL,0.2669756477369484,0.2683016499699401
2026-07-03,AFL,0.2748801855608151,0.2704944951668985
2026-07-04,AFL,0.2748060464554788,0.2719316789297586
2026-07-05,AFL,0.2749072998978369,0.2729235525857847
2026-07-06,AFL,0.2750508181738525,0.27363264111514063
2026-07-07,AFL,0.2742104257604081,0.27382523599689645
2026-07-08,AFL,0.2813499211794932,0.2763334643910954
2026-07-09,AFL,0.289778227351754,0.2808150520446483
2026-07-10,AFL,0.2872975543397656,0.2829758861430207
2026-07-11,AFL,0.2965314550815494,0.28749440912253027
2026-07-12,AFL,0.2964538116897982,0.2904808766449529
2026-05-13,AIG,-0.1173497558801785,-0.09506793418172231
2026-05-22,AIG,-0.1139379919056314,-0.10135795342302534
2026-05-23,AIG,-0.1267286441790369,-0.10981485034169587
2026-05-24,AIG,-0.1268100312277295,-0.11547991063704043
2026-05-25,AIG,-0.126810031993623,-0.1192566177559013
2026-05-26,AIG,-0.1268100321198483,-0.12177442254388364
2026-05-27,AIG,-0.1250123059683739,-0.12285371701871373
2026-06-01,AIG,-0.1502413399457579,-0.1319829246610618
2026-06-02,AIG,-0.1404617701492857,-0.13480920649046976
2026-06-03,AIG,-0.1337164339745865,-0.13444494898517534
2026-06-04,AIG,-0.1557514530189204,-0.1415471169964237
2026-06-05,AIG,-0.1518074393464633,-0.1449672244464369
2026-06-06,AIG,-0.1279976409214797,-0.1393106966047845
2026-06-07,AIG,-0.1281579483991037,-0.13559311386955758
2026-06-08,AIG,-0.1281579483991037,-0.13311472537940627
2026-06-09,AIG,-0.1438944799864934,-0.136707976915102
2026-06-10,AIG,-0.156304622313173,-0.14324019204779234
2026-06-11,AIG,-0.1377432228317582,-0.14140786897578095
2026-06-12,AIG,-0.1423833428470312,-0.14173302693286438
2026-06-13,AIG,-0.1388322033622941,-0.1407660857426743
2026-06-14,AIG,-0.1389116101759993,-0.1401479272204493
2026-06-15,AIG,-0.138911609867899,-0.1397358214362659
2026-06-16,AIG,-0.1447840687366325,-0.1414185705363881
2026-06-17,AIG,-0.1305402254638012,-0.13779245551219246
2026-06-18,AIG,-0.1196802040131565,-0.13175503834584715
2026-06-19,AIG,-0.1359306386228298,-0.13314690510484137
2026-06-20,AIG,-0.1227848885057255,-0.12969289957180274
2026-06-21,AIG,-0.1227848886479483,-0.12739022926385127
2026-06-22,AIG,-0.135930673538171,-0.13023704402195785
2026-06-23,AIG,-0.1156950678232592,-0.12538971862239162
2026-06-24,AIG,-0.1071522204642697,-0.11931055256968431
2026-06-25,AIG,-0.1203448936137051,-0.11965533291769125
2026-06-26,AIG,-0.1236831295423673,-0.12099793179258328
2026-06-27,AIG,-0.1191089777435594,-0.12036828044290866
2026-06-28,AIG,-0.1237151492022956,-0.12148390336270432
2026-06-29,AIG,-0.1203418752101746,-0.12110322731186109
2026-06-30,AIG,-0.130237606789099,-0.1241480204709404
2026-07-01,AIG,-0.130714436055298,-0.1263368256657263
2026-07-02,AIG,-0.1225285165238148,-0.12506738928508915
2026-07-03,AIG,-0.1020352573600302,-0.11739001197673617
2026-07-04,AIG,-0.1021115018487529,-0.11229717526740841
2026-07-05,AIG,-0.1020052722503584,-0.10886654092839175
2026-07-06,AIG,-0.1018516425605211,-0.10652824147243486
2026-07-07,AIG,-0.0980940496763214,-0.10371684420706372
2026-07-08,AIG,-0.0930098017983692,-0.10014783007083222
2026-07-09,AIG,-0.0953105636937285,-0.09853540794513099
2026-07-10,AIG,-0.1062968236897847,-0.10112254652668223
2026-07-11,AIG,-0.1056728019457727,-0.10263929833304572
2026-07-12,AIG,-0.10576799995879806,-0.10368219887496316
2026-05-13,AJG,-0.2287469212942175,-0.24692368259508385
2026-05-22,AJG,-0.2297517536663816,-0.24119970628551646
2026-05-23,AJG,-0.2414262816110717,-0.2412752313940349
2026-05-24,AJG,-0.2415092672201758,-0.24135324333608188
2026-05-25,AJG,-0.2415092679757551,-0.24140525154930628
2026-05-26,AJG,-0.241509268120851,-0.2414399237398212
2026-05-27,AJG,-0.2473198695996197,-0.2433999056930874
2026-06-01,AJG,-0.276839254338836,-0.2545463552416703
2026-06-02,AJG,-0.2497946108921553,-0.25296244045849864
2026-06-03,AJG,-0.25309271676121,-0.25300586589273577
2026-06-04,AJG,-0.2708209478077656,-0.25894422653107907
2026-06-05,AJG,-0.2590632127953213,-0.25898388861915983
2026-06-06,AJG,-0.2176369519311407,-0.24520157638982015
2026-06-07,AJG,-0.2154590489957116,-0.235287400591784
2026-06-08,AJG,-0.2154590489957116,-0.22867795005975988
2026-06-09,AJG,-0.2084048191553422,-0.22192023975828734
2026-06-10,AJG,-0.1945533137030687,-0.21279793107321446
2026-06-11,AJG,-0.1675536860481397,-0.1977165160648562
2026-06-12,AJG,-0.1899867934576586,-0.19513994186245703
2026-06-13,AJG,-0.2082907626903848,-0.19952354880509965
2026-06-14,AJG,-0.2083669020832123,-0.2024713332311372
2026-06-15,AJG,-0.2083669017935107,-0.20443652275192836
2026-06-16,AJG,-0.2087719413523125,-0.20588166228538973
2026-06-17,AJG,-0.2198827787586894,-0.21054870110982296
2026-06-18,AJG,-0.2091246750746183,-0.21007402576475476
2026-06-19,AJG,-0.2366772078748324,-0.21894175313478065
2026-06-20,AJG,-0.2134648078175853,-0.21711610469571557
2026-06-21,AJG,-0.2134648079575099,-0.21589900578298038
2026-06-22,AJG,-0.2366772428836376,-0.2228250848165328
2026-06-23,AJG,-0.2466057184232589,-0.23075196268544151
2026-06-24,AJG,-0.2295514085186084,-0.2303517779631638
2026-06-25,AJG,-0.2056664224524293,-0.22212332612625232
2026-06-26,AJG,-0.2097478832674977,-0.21799817850666747
2026-06-27,AJG,-0.1878693051096237,-0.2079552207076529
2026-06-28,AJG,-0.2097793746936264,-0.20856327203631075
2026-06-29,AJG,-0.1894970735126405,-0.20220787252842068
2026-06-30,AJG,-0.212269617340771,-0.20556178746587078
2026-07-01,AJG,-0.1950872482105144,-0.202070274380752
2026-07-02,AJG,-0.1648440809927934,-0.18966154325143247
2026-07-03,AJG,-0.1266748155397186,-0.16866596734752787
2026-07-04,AJG,-0.126745593815713,-0.1546925095035896
2026-07-05,AJG,-0.1266522838250444,-0.1453457676107412
2026-07-06,AJG,-0.1265249064269719,-0.13907214721615144
2026-07-07,AJG,-0.1421211069953594,-0.1400884671425541
2026-07-08,AJG,-0.1120049578631913,-0.1307272973827665
2026-07-09,AJG,-0.0906218836209192,-0.1173588261288174
2026-07-10,AJG,-0.1013595192915708,-0.1120257238497352
2026-07-11,AJG,-0.0877562402724772,-0.10393589599064922
2026-07-12,AJG,-0.08781334570633513,-0.09856171256254452
2026-05-13,ALL,0.6022197141377383,0.6063079097948509
2026-05-22,ALL,0.588260234302092,0.6002920179639313
2026-05-23,ALL,0.5798668891657204,0.593483641697861
2026-05-24,ALL,0.5797908822415171,0.5889193885457464
2026-05-25,ALL,0.5797908814409097,0.5858765528441342
2026-05-26,ALL,0.5797908813781956,0.5838479956888214
2026-05-27,ALL,0.569922876480469,0.5792062892860372
2026-06-01,ALL,0.5377076588572869,0.5653734124764538
2026-06-02,ALL,0.5361431231760315,0.5556299827096464
2026-06-03,ALL,0.5459101103295844,0.5523900252496257
2026-06-04,ALL,0.5476890434915985,0.5508230313302833
2026-06-05,ALL,0.5377975814685837,0.5464812147097168
2026-06-06,ALL,0.5926123852205049,0.5618582715466462
2026-06-07,ALL,0.59246934592909,0.5720619630074608
2026-06-08,ALL,0.59246934592909,0.5788644239813372
2026-06-09,ALL,0.5705451921853272,0.5760913467160006
2026-06-10,ALL,0.5786944804485911,0.5769590579601974
2026-06-11,ALL,0.5978689240623035,0.5839290133275661
2026-06-12,ALL,0.5687542732002805,0.5788707666184709
2026-06-13,ALL,0.5711487964882372,0.5762967765750597
2026-06-14,ALL,0.571075232706487,0.5745562619522022
2026-06-15,ALL,0.5710752329816853,0.5733959189620299
2026-06-16,ALL,0.5720750808086488,0.5729556395775696
2026-06-17,ALL,0.5777822906485255,0.5745645232678882
2026-06-18,ALL,0.5850035443265561,0.5780441969541108
2026-06-19,ALL,0.5666880971832229,0.5742588303638149
2026-06-20,ALL,0.5760069783570096,0.5748415463615465
2026-06-21,ALL,0.5760069782257472,0.5752300236496134
2026-06-22,ALL,0.5666880662712384,0.5723827045234884
2026-06-23,ALL,0.5699360491896852,0.571567152745554
2026-06-24,ALL,0.6045712170447949,0.5825685075119676
2026-06-25,ALL,0.6228605208291239,0.5959991786176864
2026-06-26,ALL,0.5916628327667598,0.5945537300007109
2026-06-27,ALL,0.6230628434164224,0.6040567678059481
2026-06-28,ALL,0.5916331202506325,0.5999155519541763
2026-06-29,ALL,0.6207283655561805,0.6068531564881778
2026-06-30,ALL,0.6031677747429308,0.6056246959064289
2026-07-01,ALL,0.6083720203639674,0.6065404707256083
2026-07-02,ALL,0.6448423063242156,0.6193077492584774
2026-07-03,ALL,0.6660786615466848,0.6348980533545465
2026-07-04,ALL,0.6660105879538064,0.6452688982209666
2026-07-05,ALL,0.6615157376369324,0.6506845113596219
2026-07-06,ALL,0.6616317289272025,0.6543335838821488
2026-07-07,ALL,0.6480223436169202,0.6522298371270727
2026-07-08,ALL,0.6592686414160309,0.6545761052233922
2026-07-09,ALL,0.6832351395491719,0.6641291166653188
2026-07-10,ALL,0.6520619592015963,0.660106730844078
2026-07-11,ALL,0.6753668539348934,0.6651934385410165
2026-07-12,ALL,0.6753121747087193,0.6685663505969175
2026-05-13,AMAT,0.1228165369900138,0.1599426255389917
2026-05-22,AMAT,0.0803519829117048,0.13341241132989606
2026-05-23,AMAT,0.0798234280451051,0.11554941690163242
2026-05-24,AMAT,0.0797560707294042,0.10361830151088969
2026-05-25,AMAT,0.0797560698729875,0.09566422429825563
2026-05-26,AMAT,0.07975606991238,0.09036150616963043
2026-05-27,AMAT,0.0849520239656619,0.08855834543497426
2026-06-01,AMAT,0.116918003783061,0.09801156488433652
2026-06-02,AMAT,0.149701280704581,0.11524147015775135
2026-06-03,AMAT,0.1929287010196252,0.14113721377837596
2026-06-04,AMAT,0.2249720046955094,0.16908214408408712
2026-06-05,AMAT,0.2647102389851674,0.20095817571778055
2026-06-06,AMAT,0.2009448269635199,0.20095372613302703
2026-06-07,AMAT,0.2008524850372643,0.20091997910110615
2026-06-08,AMAT,0.2008524850372643,0.20089748107982552
2026-06-09,AMAT,0.2473709875459842,0.21638864990187842
2026-06-10,AMAT,0.2612832041608089,0.23135350132152194
2026-06-11,AMAT,0.2933646731368296,0.2520238919266245
2026-06-12,AMAT,0.3511432263597084,0.2850636700709858
2026-06-13,AMAT,0.3615410198337532,0.3105561199919083
2026-06-14,AMAT,0.3615076849658631,0.32753997498322657
2026-06-15,AMAT,0.3615076850145338,0.3388625449936623
2026-06-16,AMAT,0.3533205724308445,0.3436818874727231
2026-06-17,AMAT,0.3491999971857296,0.34552125737705863
2026-06-18,AMAT,0.3824274637371324,0.3578233261637499
2026-06-19,AMAT,0.3653935059744002,0.3603467194339667
2026-06-20,AMAT,0.3676409376338513,0.3627781255005949
2026-06-21,AMAT,0.3676409375980896,0.3643990628664265
2026-06-22,AMAT,0.365393507689521,0.3647305444741247
2026-06-23,AMAT,0.3767179032169153,0.36872633072172156
2026-06-24,AMAT,0.3103569381630687,0.34926986653550396
2026-06-25,AMAT,0.3403447436641353,0.3462948255783811
2026-06-26,AMAT,0.4726155313351662,0.3884017274973095
2026-06-27,AMAT,0.4405369074227985,0.40578012080580583
2026-06-28,AMAT,0.4726037872075209,0.4280546762730442
2026-06-29,AMAT,0.4331044851810273,0.4297379459090386
2026-06-30,AMAT,0.5301740913357907,0.46321666105128934
2026-07-01,AMAT,0.538682842806113,0.48837205496956393
2026-07-02,AMAT,0.4688917808017838,0.4818786302469706
2026-07-03,AMAT,0.4566865199818171,0.47348126015858616
2026-07-04,AMAT,0.4566455545092894,0.46786935827548726
2026-07-05,AMAT,0.4566684007721175,0.464135705774364
2026-07-06,AMAT,0.4566525977903108,0.4616413364463463
2026-07-07,AMAT,0.4115685318903168,0.4449504015943365
2026-07-08,AMAT,0.3691858680548666,0.4196955570811799
2026-07-09,AMAT,0.3453121497742038,0.3949010879788546
2026-07-10,AMAT,0.3163322227438785,0.3687114662338626
2026-07-11,AMAT,0.3341655458519039,0.35719615943987637
2026-07-12,AMAT,0.33418869543880736,0.34952700477285337
2026-05-13,AMD,0.5750180847617384,0.5870544472215931
2026-05-22,AMD,0.5770046042373026,0.5837044995601629
2026-05-23,AMD,0.5770046042373026,0.5814712011192095
2026-05-24,AMD,0.5770046042373026,0.5799823354919073
2026-05-25,AMD,0.5770046042373026,0.578989758407039
2026-05-26,AMD,0.5770046042373026,0.5783280403504603
2026-05-27,AMD,0.5770046042373026,0.5778868949794077
2026-06-01,AMD,0.5770046042373026,0.5775927980653727
2026-06-02,AMD,0.5770046042373026,0.577396733456016
2026-06-03,AMD,0.5770046042373026,0.577266023716445
2026-06-04,AMD,0.5770046042373026,0.5771788838900642
2026-06-05,AMD,0.5770046042373026,0.577120790672477
2026-06-06,AMD,0.5770046042373026,0.5770820618607523
2026-06-07,AMD,0.5770046042373026,0.5770562426529358
2026-06-08,AMD,0.5770046042373026,0.5770390298477247
2026-06-09,AMD,0.5770046042373026,0.5770275546442507
2026-06-10,AMD,0.5770046042373026,0.5770199045086014
2026-06-11,AMD,0.5770046042373026,0.5770148044181685
2026-06-12,AMD,0.5770046042373026,0.5770114043578799
2026-06-13,AMD,0.5770046042373026,0.5770091376510208
2026-06-14,AMD,0.5770046042373026,0.5770076265131148
2026-06-15,AMD,0.5770046042373026,0.5770066190878441
2026-06-16,AMD,0.5770046042373026,0.577005947470997
2026-06-17,AMD,0.5770046042373026,0.5770054997264322
2026-06-18,AMD,0.5770046042373026,0.5770052012300557
2026-06-19,AMD,0.5770046042373026,0.5770050022324714
2026-06-20,AMD,0.5770046042373026,0.5770048695674151
2026-06-21,AMD,0.5770046042373026,0.5770047811240443
2026-06-22,AMD,0.5770046042373026,0.5770047221617971
2026-06-23,AMD,0.5770046042373026,0.5770046828536323
2026-06-24,AMD,0.5770046042373026,0.5770046566481891
2026-06-25,AMD,0.5770046042373026,0.5770046391778937
2026-06-26,AMD,0.5770046042373026,0.57700462753103
2026-06-27,AMD,0.5770046042373026,0.5770046197664542
2026-06-28,AMD,0.5770046042373026,0.5770046145900704
2026-06-29,AMD,0.5770046042373026,0.5770046111391478
2026-06-30,AMD,0.5770046042373026,0.5770046088385328
2026-07-01,AMD,0.5770046042373026,0.5770046073047894
2026-07-02,AMD,0.5770046042373026,0.5770046062822939
2026-07-03,AMD,0.5770046042373026,0.5770046056006302
2026-07-04,AMD,0.5770046042373026,0.5770046051461877
2026-07-05,AMD,0.5770046042373026,0.577004604843226
2026-07-06,AMD,0.5770046042373026,0.5770046046412516
2026-07-07,AMD,0.5770046042373026,0.577004604506602
2026-07-08,AMD,0.5770046042373026,0.5770046044168355
2026-07-09,AMD,0.5770046042373026,0.5770046043569913
2026-07-10,AMD,0.5770046042373026,0.5770046043170951
2026-07-11,AMD,0.5770046042373026,0.5770046042904976
2026-07-12,AMD,0.5770046042373026,0.577004604272766
2026-05-13,AME,-0.1481798473685934,-0.13437270203646556
2026-05-22,AME,-0.153446419980762,-0.14073060801789772
2026-05-23,AME,-0.1628519243727566,-0.14810438013618404
2026-05-24,AME,-0.1629350240532091,-0.15304792810852574
2026-05-25,AME,-0.1629350248080524,-0.15634362700836796
2026-05-26,AME,-0.1629350249544949,-0.15854075965707695
2026-05-27,AME,-0.1322117627619049,-0.14976442735868628
2026-06-01,AME,-0.1593869117275836,-0.15297192214831873
2026-06-02,AME,-0.1509213498669575,-0.15228839805453165
2026-06-03,AME,-0.1397058872217015,-0.1480942277769216
2026-06-04,AME,-0.1207001875725578,-0.13896288104213367
2026-06-05,AME,-0.1191252111248035,-0.1323503244030236
2026-06-06,AME,-0.1268895260355912,-0.13053005828054615
2026-06-07,AME,-0.1270441913243114,-0.1293681026284679
2026-06-08,AME,-0.1270441913243114,-0.12859346552708242
2026-06-09,AME,-0.1335316910705839,-0.13023954070824958
2026-06-10,AME,-0.1234108145133439,-0.12796329864328104
2026-06-11,AME,-0.1251440098241314,-0.1270235357035645
2026-06-12,AME,-0.1166929702262832,-0.12358001387780407
2026-06-13,AME,-0.1135602628754994,-0.12024009687703585
2026-06-14,AME,-0.1136347703580635,-0.11803832137071174
2026-06-15,AME,-0.1136347700775512,-0.11657047093965822
2026-06-16,AME,-0.1080497070036147,-0.11373021629431039
2026-06-17,AME,-0.1020289546423106,-0.1098297957436438
2026-06-18,AME,-0.0888588041880928,-0.1028394652251268
2026-06-19,AME,-0.0774546381248423,-0.09437785619169864
2026-06-20,AME,-0.0981123710299534,-0.0956226944711169
2026-06-21,AME,-0.0981123711607377,-0.09645258670099052
2026-06-22,AME,-0.0774546663035828,-0.09011994656852129
2026-06-23,AME,-0.0725984059629793,-0.08427943303334064
2026-06-24,AME,-0.0987275924487608,-0.08909548617181402
2026-06-25,AME,-0.0877433459555404,-0.08864477276638949
2026-06-26,AME,-0.0749608505989421,-0.08408346537724036
2026-06-27,AME,-0.0833834293092117,-0.08385012002123081
2026-06-28,AME,-0.0749901992502198,-0.08089681309756047
2026-06-29,AME,-0.0853286335073536,-0.08237408656749153
2026-06-30,AME,-0.0873907342977249,-0.08404630247756932
2026-07-01,AME,-0.0799659781200884,-0.08268619435840902
2026-07-02,AME,-0.1011002692222276,-0.0888242193130152
2026-07-03,AME,-0.1099698592606316,-0.09587276596222068
2026-07-04,AME,-0.1100452238681715,-0.10059691859753762
2026-07-05,AME,-0.1099410739033902,-0.10371163703282182
2026-07-06,AME,-0.1097916699725335,-0.10573831467939239
2026-07-07,AME,-0.1014924422896017,-0.10432302388279549
2026-07-08,AME,-0.1174077590606589,-0.10868460227541663
2026-07-09,AME,-0.1398945091462997,-0.11908790456571099
2026-07-10,AME,-0.1455747494312469,-0.12791685285422297
2026-07-11,AME,-0.1559613378294809,-0.13726501451264228
2026-07-12,AME,-0.1560663456922474,-0.143532124905844
2026-05-13,AMGN,-0.0485257836303779,-0.08863419635576984
2026-05-22,AMGN,-0.0974960209749516,-0.09158813789549711
2026-05-23,AMGN,-0.095333923471828,-0.09283673308760741
2026-05-24,AMGN,-0.095421581943895,-0.09369834937303662
2026-05-25,AMGN,-0.0954215826693238,-0.09427276047179901
2026-05-26,AMGN,-0.0954215828695818,-0.09465570127105996
2026-05-27,AMGN,-0.0992589725426322,-0.09619012502825071
2026-06-01,AMGN,-0.0868300842326718,-0.09307011142972442
2026-06-02,AMGN,-0.0819503835366005,-0.08936353546534978
2026-06-03,AMGN,-0.0885971901752998,-0.08910808703533313
2026-06-04,AMGN,-0.0564340945405299,-0.07821675620373206
2026-06-05,AMGN,-0.059230438490417,-0.07188798363262705
2026-06-06,AMGN,-0.0686629478814112,-0.0708129717155551
2026-06-07,AMGN,-0.0688315549164716,-0.07015249944919394
2026-06-08,AMGN,-0.0688315549164716,-0.06971218460495315
2026-06-09,AMGN,-0.0717987241486782,-0.07040769778619485
2026-06-10,AMGN,-0.0909660838333907,-0.07726049313526014
2026-06-11,AMGN,-0.0913412738990128,-0.0819540867231777
2026-06-12,AMGN,-0.0606979641928415,-0.07486871254639897
2026-06-13,AMGN,-0.0565394737050117,-0.06875896626593656
2026-06-14,AMGN,-0.0566197575999862,-0.06471256337728644
2026-06-15,AMGN,-0.0566197572869471,-0.062014961347173325
2026-06-16,AMGN,-0.0538041344851427,-0.05927801905982979
2026-06-17,AMGN,-0.0543996518260914,-0.05765189664858367
2026-06-18,AMGN,-0.0524543675802617,-0.055919386959143016
2026-06-19,AMGN,-0.059371697226983,-0.05707015704842302
2026-06-20,AMGN,-0.0561239082830082,-0.05675474079328475
2026-06-21,AMGN,-0.0561239084313079,-0.05654446333929247
2026-06-22,AMGN,-0.0593717333302536,-0.05748688666961285
2026-06-23,AMGN,-0.0425050443610274,-0.052492939233417704
2026-06-24,AMGN,-0.0379246791958696,-0.047636852554235005
2026-06-25,AMGN,-0.0400118842567225,-0.04509519645506417
2026-06-26,AMGN,-0.0375864338074486,-0.04259227557252565
2026-06-27,AMGN,-0.0332311376146476,-0.03947189625323297
2026-06-28,AMGN,-0.0376186206647737,-0.038854137723746546
2026-06-29,AMGN,-0.034406252398468,-0.03737150928198703
2026-06-30,AMGN,-0.0296338339746622,-0.03479228417954542
2026-07-01,AMGN,-0.0191171849100173,-0.029567251089702717
2026-07-02,AMGN,-0.0257494449935623,-0.028294649057655913
2026-07-03,AMGN,0.0054958477246981,-0.017031150130204578
2026-07-04,AMGN,0.0054208515610107,-0.009547149566466153
2026-07-05,AMGN,0.0055241306943261,-0.004523389479535403
2026-07-06,AMGN,0.0056717651193116,-0.0011250046132530687
2026-07-07,AMGN,0.0021900996987959,-1.9969842570079243e-05
2026-07-08,AMGN,0.0126796087382879,0.004213223017715913
2026-07-09,AMGN,0.0154526219441104,0.007959689326514075
2026-07-10,AMGN,-0.0116119314822814,0.0014358157235822514
2026-07-11,AMGN,-0.0104166624601301,-0.002515010337655199
2026-07-12,AMGN,-0.010510286866076524,-0.00518010251379564
2026-05-13,AMP,0.329752871745902,0.3122904960696731
2026-05-22,AMP,0.3592099537937131,0.3279303153110198
2026-05-23,AMP,0.3384135049002993,0.33142471184077965
2026-05-24,AMP,0.338332352914248,0.3337272588652691
2026-05-25,AMP,0.3383323521468378,0.3352622899591253
2026-05-26,AMP,0.3383323520233873,0.336285643980546
2026-05-27,AMP,0.3284913246832637,0.3336875375481186
2026-06-01,AMP,0.3263889741777314,0.3312546830913229
2026-06-02,AMP,0.3394243220053419,0.3339778960626626
2026-06-03,AMP,0.3323359374664284,0.33343057653058455
2026-06-04,AMP,0.3211271066234499,0.329329419894873
2026-06-05,AMP,0.3358900441152814,0.33151629463500915
2026-06-06,AMP,0.3423715094214123,0.3351346995638102
2026-06-07,AMP,0.3422131893252182,0.3374941961509462
2026-06-08,AMP,0.3422131893252182,0.3390671938757036
2026-06-09,AMP,0.3417873118978776,0.33997389988309495
2026-06-10,AMP,0.3406769148912765,0.34020823821915547
2026-06-11,AMP,0.3554373069311499,0.34528459445648696
2026-06-12,AMP,0.3438576163455154,0.3448089350861631
2026-06-13,AMP,0.3633901621720652,0.3510026774481305
2026-06-14,AMP,0.3633150065733375,0.3551067871565329
2026-06-15,AMP,0.3633150068574994,0.3578428603901884
2026-06-16,AMP,0.365555220054848,0.36041364694507494
2026-06-17,AMP,0.38231834594184,0.36771521327733
2026-06-18,AMP,0.3915526587178096,0.37566102842415655
2026-06-19,AMP,0.3663246464008725,0.3725489010830619
2026-06-20,AMP,0.3826050352418998,0.3759009458026745
2026-06-21,AMP,0.3826050351105464,0.37813564223863183
2026-06-22,AMP,0.3663246148608427,0.3741986331127022
2026-06-23,AMP,0.3720594602814009,0.37348557550226846
2026-06-24,AMP,0.3606288915928536,0.3692000141991302
2026-06-25,AMP,0.3480298845361889,0.3621433043114831
2026-06-26,AMP,0.3396039749475757,0.354630194523514
2026-06-27,AMP,0.3424088995881623,0.3505564295450635
2026-06-28,AMP,0.3395719691428548,0.3468949427443273
2026-06-29,AMP,0.3411940565064971,0.34499464733171725
2026-06-30,AMP,0.3335208787697345,0.34117005781105636
2026-07-01,AMP,0.3529488675690089,0.3450963277303739
2026-07-02,AMP,0.3920703895572613,0.3607543483393364
2026-07-03,AMP,0.4124990486408503,0.37800258177317436
2026-07-04,AMP,0.4124265642715903,0.3894772426059797
2026-07-05,AMP,0.4125239066804672,0.3971594639641422
2026-07-06,AMP,0.4126594778427444,0.40232613525700966
2026-07-07,AMP,0.4489489541744019,0.41786707489614044
2026-07-08,AMP,0.4547037190111614,0.43014595626781416
2026-07-09,AMP,0.4099578991443962,0.42341660389334157
2026-07-10,AMP,0.4204180214466785,0.4224170764111206
2026-07-11,AMP,0.4365606968045543,0.42713161654226517
2026-07-12,AMP,0.4364911919513532,0.43025147501196126
2026-05-13,AMT,-0.2538175389612768,-0.2467108413662886
2026-05-22,AMT,-0.2996084968815138,-0.264343393204697
2026-05-23,AMT,-0.2971981613934014,-0.2752949826009318
2026-05-24,AMT,-0.2972790992874154,-0.2826230214964264
2026-05-25,AMT,-0.297279100056207,-0.2875083810163533
2026-05-26,AMT,-0.2972791001771301,-0.2907652874032789
2026-05-27,AMT,-0.2593941462595495,-0.2803082403553691
2026-06-01,AMT,-0.2769503621898874,-0.27918894763354185
2026-06-02,AMT,-0.2797116655723221,-0.2793631869464686
2026-06-03,AMT,-0.2881636834925904,-0.28229668579517586
2026-06-04,AMT,-0.2907088754229799,-0.2851007490044439
2026-06-05,AMT,-0.270267666816519,-0.2801563882751356
2026-06-06,AMT,-0.2516804256302871,-0.27066440072685277
2026-06-07,AMT,-0.2518271039622829,-0.2643853018053295
2026-06-08,AMT,-0.2518271039622829,-0.2601992358576473
2026-06-09,AMT,-0.2706028306444306,-0.26366710078657507
2026-06-10,AMT,-0.2577201964629422,-0.26168479934536415
2026-06-11,AMT,-0.2430467085270138,-0.25547210240591406
2026-06-12,AMT,-0.2842795804366667,-0.2650745950828316
2026-06-13,AMT,-0.2913241791668633,-0.2738244564441755
2026-06-14,AMT,-0.2850108082899645,-0.27755324039277185
2026-06-15,AMT,-0.2850108079992844,-0.2800390962616094
2026-06-16,AMT,-0.2908739587196476,-0.28365071708095546
2026-06-17,AMT,-0.2903428374837551,-0.2858814238818887
2026-06-18,AMT,-0.2999043441236848,-0.2905557306291541
2026-06-19,AMT,-0.3025884314412803,-0.2945666308998628
2026-06-20,AMT,-0.3023401846792617,-0.2971578154929958
2026-06-21,AMT,-0.3023401848227287,-0.2988852719362401
2026-06-22,AMT,-0.3025884656667417,-0.3001196698464073
2026-06-23,AMT,-0.2929475870956622,-0.29772897559615896
2026-06-24,AMT,-0.2577997925285531,-0.28441924790695705
2026-06-25,AMT,-0.2632227396970018,-0.2773537451703053
2026-06-26,AMT,-0.296251092253289,-0.28365286086463326
2026-06-27,AMT,-0.2858975467760511,-0.28440108950177256
2026-06-28,AMT,-0.2962830292400052,-0.28836173608118343
2026-06-29,AMT,-0.2872314939652139,-0.28798498870919365
2026-06-30,AMT,-0.3109783896440876,-0.2956494556874916
2026-07-01,AMT,-0.3216552865354795,-0.30431806597015426
2026-07-02,AMT,-0.3162127269249434,-0.308282952955084
2026-07-03,AMT,-0.3380149628432378,-0.31819362291780195
2026-07-04,AMT,-0.3380956728309875,-0.3248276395555305
2026-07-05,AMT,-0.3379788888508669,-0.32921138932064264
2026-07-06,AMT,-0.3378038129442134,-0.3320755305284996
2026-07-07,AMT,-0.3607694166845567,-0.34164015924718527
2026-07-08,AMT,-0.3485335403282809,-0.3439379529408838
2026-07-09,AMT,-0.3356661105127093,-0.34118067213149234
2026-07-10,AMT,-0.3492616731238275,-0.3438743391289374
2026-07-11,AMT,-0.3405568142377055,-0.3427684974985268
2026-07-12,AMT,-0.3406715126207213,-0.34206950253925833
2026-05-13,AMZN,0.2042110159366789,0.1850193562636357
2026-05-22,AMZN,0.1923131926585651,0.1874506350619455
2026-05-23,AMZN,0.1639442387492965,0.17961516962439586
2026-05-24,AMZN,0.163887517184845,0.17437261881121224
2026-05-25,AMZN,0.163887516259804,0.17087758462740948
2026-05-26,AMZN,0.1638875164247491,0.16854756189318937
2026-05-27,AMZN,0.1470087212686682,0.16136794835168233
2026-06-01,AMZN,0.1593339020629888,0.16068993292211783
2026-06-02,AMZN,0.102338573418498,0.14123947975424456
2026-06-03,AMZN,0.064822372938429,0.11576711081563938
2026-06-04,AMZN,0.0346694433442934,0.0887345549918574
2026-06-05,AMZN,0.0483818331354247,0.07528364770637984
2026-06-06,AMZN,0.0536820496091319,0.06808311500729719
2026-06-07,AMZN,0.0535546232748578,0.0632402844298174
2026-06-08,AMZN,0.0535546232748578,0.060011730711497534
2026-06-09,AMZN,0.0422356566674743,0.05408637269682312
2026-06-10,AMZN,0.0443597783240263,0.05084417457255752
2026-06-11,AMZN,0.0302246445868496,0.04397099791065488
2026-06-12,AMZN,0.0325219436117223,0.04015464647767736
2026-06-13,AMZN,0.0094217325974197,0.02991034185092481
2026-06-14,AMZN,0.0093520250373204,0.023057569579723342
2026-06-15,AMZN,0.0093520252908045,0.018489054816750398
2026-06-16,AMZN,0.0162774366588081,0.017751848764102966
2026-06-17,AMZN,0.0301844626405814,0.021896053389595778
2026-06-18,AMZN,0.0180437353331707,0.02061194737078742
2026-06-19,AMZN,0.0329749562567948,0.024732950332789883
2026-06-20,AMZN,0.0359409056946502,0.02846893545340999
2026-06-21,AMZN,0.0359409055780568,0.030959592161625596
2026-06-22,AMZN,0.0329749308084341,0.03163137171056177
2026-06-23,AMZN,-0.0101640993109712,0.017699548036717448
2026-06-24,AMZN,0.0116146186750932,0.01567123824950937
2026-06-25,AMZN,-0.0012769579202293,0.010021839526263147
2026-06-26,AMZN,-0.0220203882349594,-0.0006589030608110348
2026-06-27,AMZN,0.0132756124755929,0.00398593545132361
2026-06-28,AMZN,-0.022050734771881,-0.004692954623077925
2026-06-29,AMZN,0.011099851903433,0.0005713142190923825
2026-06-30,AMZN,0.018394750640904,0.0065124596930295885
2026-07-01,AMZN,0.006095618792535,0.00637351272619806
2026-07-02,AMZN,0.0162622048229641,0.009669743425120073
2026-07-03,AMZN,0.0264985678213203,0.015279351557186814
2026-07-04,AMZN,0.0264274184432579,0.018995373852543844
2026-07-05,AMZN,0.0265216055481889,0.0215041177510922
2026-07-06,AMZN,0.0266507652186044,0.0232196669069296
2026-07-07,AMZN,0.0193289414564721,0.021922758423443767
2026-07-08,AMZN,0.0276960550633725,0.023847190636753345
2026-07-09,AMZN,0.0174893336282515,0.021727904967252732
2026-07-10,AMZN,-0.0228101467931236,0.006881887713793956
2026-07-11,AMZN,-0.0529049806707481,-0.013047068414386728
2026-07-12,AMZN,-0.05300207106344133,-0.026365402630738263
2026-05-13,ANET,-0.0671811032837646,-0.06937567111750514
2026-05-22,ANET,0.0417601151527853,-0.03233040902740834
2026-05-23,ANET,0.0628915516340926,-0.0005897554735746942
2026-05-24,ANET,0.0628283226906244,0.02054960391449167
2026-05-25,ANET,0.0628283218075706,0.03464250987885131
2026-05-26,ANET,0.0628283218956975,0.044037780551133374
2026-05-27,ANET,0.0554831469860675,0.04785290269611142
2026-06-01,ANET,0.0761235560244839,0.057276453805568915
2026-06-02,ANET,0.1311347205836655,0.08189587606493444
2026-06-03,ANET,0.0948226396204063,0.08620479725009172
2026-06-04,ANET,0.0571102638090388,0.07650661943640742
2026-06-05,ANET,0.0425758070146763,0.06519634862916372
2026-06-06,ANET,-0.005764485538257,0.04154273724002348
2026-06-07,ANET,-0.0058971533230333,0.025729440385671223
2026-06-08,ANET,-0.0058971533230333,0.015187242482769718
2026-06-09,ANET,-0.0137341856191945,0.005546766448781647
2026-06-10,ANET,-0.0301631633185939,-0.006356543473676868
2026-06-11,ANET,-0.012218210555205,-0.008310432500852913
2026-06-12,ANET,-0.0020294784412167,-0.0062167811476408425
2026-06-13,ANET,0.0215487110182861,0.003038382907668137
2026-06-14,ANET,0.0214846248103915,0.009187130208575926
2026-06-15,ANET,0.021484625032222,0.013286295149791284
2026-06-16,ANET,0.0550357655062308,0.02720278526860446
2026-06-17,ANET,0.0319614045322055,0.028788991689804807
2026-06-18,ANET,0.0265584928467306,0.02804549207544674
2026-06-19,ANET,0.0534719306275697,0.03652097159282106
2026-06-20,ANET,0.0563009182193834,0.043114287135008506
2026-06-21,ANET,0.0563009181181979,0.04750983079607164
2026-06-22,ANET,0.0534719103570358,0.049497190649726366
2026-06-23,ANET,0.048834253440429,0.04927621157996058
2026-06-24,ANET,0.042930515234652,0.04716097946485772
2026-06-25,ANET,0.0196501941159607,0.03799071768189205
2026-06-26,ANET,0.0772633639225393,0.0510815997621078
2026-06-27,ANET,0.0550182381589731,0.0523938125610629
2026-06-28,ANET,0.0772384234213377,0.06067534951448784
2026-06-29,ANET,0.0517999929726687,0.05771689733388146
2026-06-30,ANET,0.0914882235793485,0.06897400608237048
2026-07-01,ANET,0.0932188136403112,0.07705560860168406
2026-07-02,ANET,0.0938893450830803,0.08266685409548281
2026-07-03,ANET,0.0629998364922768,0.07611118156108082
2026-07-04,ANET,0.0629342488872207,0.07171887066979413
2026-07-05,ANET,0.0630152905239684,0.06881767728785222
2026-07-06,ANET,0.0631177389603085,0.06691769784533766
2026-07-07,ANET,0.1375930875107758,0.09047616106715038
2026-07-08,ANET,0.0620893544443605,0.0810138921928871
2026-07-09,ANET,0.0983039851310768,0.086777256505617
2026-07-10,ANET,0.0952408162046289,0.0895984430719543
2026-07-11,ANET,0.0922067802651813,0.09046788880302997
2026-07-12,ANET,0.09216960814355937,0.09103512858320645
2026-05-13,AON,-0.0100613208428701,-0.04335089982543077
2026-05-22,AON,-0.0098715371387501,-0.03219111226320388
2026-05-23,AON,-0.0188967288329537,-0.02775965111978716
2026-05-24,AON,-0.0189741685434007,-0.02483115692765834
2026-05-25,AON,-0.0189741693347633,-0.02287882773002666
2026-05-26,AON,-0.0189741694143912,-0.021577274958148176
2026-05-27,AON,-0.0416151288273323,-0.028256559581209553
2026-06-01,AON,-0.0678379858674344,-0.041450368343284506
2026-06-02,AON,-0.0622535971337029,-0.04838477794009064
2026-06-03,AON,-0.0713477722516955,-0.056039109377292264
2026-06-04,AON,-0.0721148650749569,-0.06139769460984715
2026-06-05,AON,-0.0754027722913961,-0.06606605383703013
2026-06-06,AON,-0.0492752198646889,-0.06046910917958306
2026-06-07,AON,-0.0494333822513883,-0.05679053353685148
2026-06-08,AON,-0.0494333822513883,-0.054338149775030424
2026-06-09,AON,-0.0307757691903532,-0.046484022913471354
2026-06-10,AON,-0.015946586192823,-0.03630487733992191
2026-06-11,AON,-0.0075019918340785,-0.026703915504640775
2026-06-12,AON,-0.0331083789953957,-0.02883873666822575
2026-06-13,AON,-0.0423989351925041,-0.0333588028429852
2026-06-14,AON,-0.0424755570717448,-0.0363977209192384
2026-06-15,AON,-0.0424755567793264,-0.038423666205934404
2026-06-16,AON,-0.0422741606290471,-0.03970716434697197
2026-06-17,AON,-0.0419775533027328,-0.040463960665558914
2026-06-18,AON,-0.039226452672101,-0.040051458001072945
2026-06-19,AON,-0.0788774324099835,-0.0529934494707098
2026-06-20,AON,-0.0435117903388958,-0.04983289642677181
2026-06-21,AON,-0.0435117904789223,-0.04772586111082197
2026-06-22,AON,-0.0788774684961003,-0.05810973023924809
2026-06-23,AON,-0.0780352236576357,-0.06475156137871063
2026-06-24,AON,-0.0705773175589018,-0.06669348010544102
2026-06-25,AON,-0.0498998750003847,-0.06109561173708891
2026-06-26,AON,-0.0725795517584206,-0.06492359174419948
2026-06-27,AON,-0.043743959629446,-0.05786371437261499
2026-06-28,AON,-0.0726123327046955,-0.0627799204833085
2026-06-29,AON,-0.0450365589175185,-0.05686546662804516
2026-06-30,AON,-0.0635281713116273,-0.059086368189239215
2026-07-01,AON,-0.0423492985713775,-0.05350734498328531
2026-07-02,AON,-0.0193764218929361,-0.042130370619835586
2026-07-03,AON,0.0042610113851074,-0.02666657661818793
2026-07-04,AON,0.0041873610976283,-0.016381930712915854
2026-07-05,AON,0.004287459199849,-0.009492134075327572
2026-07-06,AON,0.0044286298561057,-0.004851879431516482
2026-07-07,AON,-0.0039074405902791,-0.004537066484437355
2026-07-08,AON,0.0148283049240032,0.001918057318376163
2026-07-09,AON,0.0179992618178006,0.007278458818184308
2026-07-10,AON,0.0184196311221636,0.01099218291951074
2026-07-11,AON,0.048530498618722,0.023504954819247824
2026-07-12,AON,0.048462356723617886,0.03182408878737118
2026-05-13,APD,-0.2675111744620431,-0.2606495042815956
2026-05-22,APD,-0.2967743550942123,-0.2726911212191345
2026-05-23,APD,-0.2867478163346702,-0.27737668625764644
2026-05-24,APD,-0.2868234414820134,-0.2805256046657688
2026-05-25,APD,-0.286823442285084,-0.2826248838722072
2026-05-26,APD,-0.2868234423432914,-0.2840244033625686
2026-05-27,APD,-0.2871866876272495,-0.2850784981174623
2026-06-01,APD,-0.30224963252129,-0.29080220958540487
2026-06-02,APD,-0.3004996074105406,-0.2940346755271168
2026-06-03,APD,-0.3021820107528298,-0.29675045393568783
2026-06-04,APD,-0.3034264496513453,-0.298975785840907
2026-06-05,APD,-0.3057357158974169,-0.30122909585974367
2026-06-06,APD,-0.3018488389427786,-0.301435676887422
2026-06-07,APD,-0.3019983583861306,-0.30162323738699154
2026-06-08,APD,-0.3019983583861306,-0.3017482777200379
2026-06-09,APD,-0.3194809018030087,-0.30765915241436154
2026-06-10,APD,-0.3181471610187582,-0.31115515528249377
2026-06-11,APD,-0.3721865264051946,-0.33149894565672744
2026-06-12,APD,-0.3668539298998238,-0.3432839404044262
2026-06-13,APD,-0.3592862764251459,-0.3486180524113328
2026-06-14,APD,-0.3593663566829309,-0.3522008205018655
2026-06-15,APD,-0.3593663563710383,-0.35458933245825647
2026-06-16,APD,-0.3479063468805589,-0.35236167059902396
2026-06-17,APD,-0.3551779256301,-0.3533004222760493
2026-06-18,APD,-0.3477764810212108,-0.3514591085244365
2026-06-19,APD,-0.3491259953644806,-0.35068140413778454
2026-06-20,APD,-0.3492037891534797,-0.35018886580968295
2026-06-21,APD,-0.3492037892988229,-0.34986050697272963
2026-06-22,APD,-0.3491260301910358,-0.3496156813788317
2026-06-23,APD,-0.3307437322491293,-0.3433250316689309
2026-06-24,APD,-0.3493415041601623,-0.3453305224993414
2026-06-25,APD,-0.3669497431877015,-0.35253692939546144
2026-06-26,APD,-0.3670555622025586,-0.3573764736644939
2026-06-27,APD,-0.3843709960772755,-0.3663746478020877
2026-06-28,APD,-0.3670887143758408,-0.36661266999333875
2026-06-29,APD,-0.3849516962730012,-0.37272567875322626
2026-06-30,APD,-0.3883172904953285,-0.3779228826672604
2026-07-01,APD,-0.3350874661163148,-0.3636444104836119
2026-07-02,APD,-0.3126884638304171,-0.346659094932547
2026-07-03,APD,-0.3038008276904146,-0.3323730058518362
2026-07-04,APD,-0.3038761639715662,-0.3228740585584129
2026-07-05,APD,-0.3037720809573123,-0.3165067326913794
2026-07-06,APD,-0.303622813068108,-0.3122120928169556
2026-07-07,APD,-0.3172708486503681,-0.3138983447614264
2026-07-08,APD,-0.3240463465330446,-0.31728101201863246
2026-07-09,APD,-0.3328869676776319,-0.322482997238299
2026-07-10,APD,-0.3394363690122883,-0.32813412116296214
2026-07-11,APD,-0.3413516154129128,-0.3325399525796124
2026-07-12,APD,-0.34145376264680566,-0.33551122260201016
2026-05-13,APH,-0.1260712558878054,-0.14704875592918862
2026-05-22,APH,-0.1450947830617206,-0.1463974316400326
2026-05-23,APH,-0.1189097207593995,-0.13723486134648824
2026-05-24,APH,-0.1189989490385429,-0.13115622391050646
2026-05-25,APH,-0.118998949753843,-0.12710379919161865
2026-05-26,APH,-0.1189989499726323,-0.12440218278528987
2026-05-27,APH,-0.0820606785363484,-0.11028834803564272
2026-06-01,APH,0.0523273970327544,-0.05608309967951036
2026-06-02,APH,0.0555753048218827,-0.018863631512379346
2026-06-03,APH,0.0502947737796473,0.004189170251629534
2026-06-04,APH,0.0254702553480452,0.01128286528376809
2026-06-05,APH,0.0291339149391454,0.01723321516889386
2026-06-06,APH,-0.0153530895163401,0.006371113607149209
2026-06-07,APH,-0.0155051008303397,-0.0009209578720137598
2026-06-08,APH,-0.0155051008303397,-0.005782338858122406
2026-06-09,APH,0.0032703107838658,-0.002764788977459671
2026-06-10,APH,0.0666913578763563,0.020387259973812317
2026-06-11,APH,0.0542129926931771,0.031662504213600576
2026-06-12,APH,0.040769239538704,0.03469808265530172
2026-06-13,APH,0.0323231378065306,0.033906434372378016
2026-06-14,APH,0.0322534213010751,0.03335543001527705
2026-06-15,APH,0.0322534215546096,0.03298809386172123
2026-06-16,APH,0.0594841904633363,0.041820126062259586
2026-06-17,APH,0.101602757216285,0.061747669780268064
2026-06-18,APH,0.1061015189545508,0.07653228617169565
2026-06-19,APH,0.1181637838952927,0.09040945207956133
2026-06-20,APH,0.1209885043303432,0.10060246949648863
2026-06-21,APH,0.1209885042296378,0.10739781440753837
2026-06-22,APH,0.1181637637860782,0.11098646420038498
2026-06-23,APH,0.1034930018796501,0.1084886434268067
2026-06-24,APH,0.105852560625784,0.10760994915979914
2026-06-25,APH,0.127936814891038,0.1143855710702121
2026-06-26,APH,0.1363991547312889,0.12172343229057105
2026-06-27,APH,0.1305228620376329,0.12465657553959167
2026-06-28,APH,0.1363740713544308,0.1285624074778714
2026-06-29,APH,0.1271424085640082,0.1280890745065837
2026-06-30,APH,0.14692726648252,0.1343684718318958
2026-07-01,APH,0.1634503840710109,0.1440624425782675
2026-07-02,APH,0.1668308826845995,0.15165192261371152
2026-07-03,APH,0.1436906167096439,0.14899815397902233
2026-07-04,APH,0.1436263318195142,0.14720754659251964
2026-07-05,APH,0.1437042944385463,0.14603979587452853
2026-07-06,APH,0.1438004863945709,0.14529335938120932
2026-07-07,APH,0.1640486752267805,0.15154513132973305
2026-07-08,APH,0.1184511558836054,0.14051380618102383
2026-07-09,APH,0.0978629213450553,0.1262968445690343
2026-07-10,APH,0.093758255064355,0.11545064806747456
2026-07-11,APH,0.0492641935737995,0.09338849656958287
2026-07-12,APH,0.049192758163917494,0.07865658376769441
2026-05-13,APO,-0.3937278039981033,-0.15338284366645344
2026-05-22,APO,-0.3125402553975457,-0.2064353142434842
2026-05-23,APO,-0.331402000031374,-0.24809087617278083
2026-05-24,APO,-0.331470498689164,-0.2758840836782419
2026-05-25,APO,-0.3314704995382164,-0.2944128889649001
2026-05-26,APO,-0.3314704995122973,-0.30676542581403254
2026-05-27,APO,-0.3450265016856856,-0.31951911777125025
2026-06-01,APO,-0.2812772342905061,-0.3067718232776689
2026-06-02,APO,-0.3107737697962662,-0.3081058054505347
2026-06-03,APO,-0.3229176031461838,-0.3130430713490844
2026-06-04,APO,-0.3609589596530833,-0.329015034117084
2026-06-05,APO,-0.3384208209491313,-0.3321502963944331
2026-06-06,APO,-0.305060525708058,-0.3231203728323081
2026-06-07,APO,-0.3051810591641989,-0.31714060160960506
2026-06-08,APO,-0.3051810591641989,-0.3131540874611364
2026-06-09,APO,-0.3152035955700995,-0.3138372568307908
2026-06-10,APO,-0.2616181832482908,-0.29643089896995745
2026-06-11,APO,-0.2253883314515388,-0.27275004313048457
2026-06-12,APO,-0.269512203082508,-0.2716707631144924
2026-06-13,APO,-0.2619814937807522,-0.26844100666991233
2026-06-14,APO,-0.262038960182419,-0.26630699117408124
2026-06-15,APO,-0.2620389599978645,-0.2648843141153423
2026-06-16,APO,-0.299194581922171,-0.2763210700509519
2026-06-17,APO,-0.3022187561290696,-0.28495363207699115
2026-06-18,APO,-0.2901494615042014,-0.2866855752193946
2026-06-19,APO,-0.3264713990006538,-0.2999475164798143
2026-06-20,APO,-0.3120600145171301,-0.30398501582558624
2026-06-21,APO,-0.3120600146243692,-0.3066766820918473
2026-06-22,APO,-0.3264714222950135,-0.31327492882623603
2026-06-23,APO,-0.3267919763815832,-0.3177806113446851
2026-06-24,APO,-0.3411477356633837,-0.3255696527842513
2026-06-25,APO,-0.3760346676426694,-0.342391324403724
2026-06-26,APO,-0.398048264756563,-0.3609436378546704
2026-06-27,APO,-0.41373314019971,-0.3785401386363503
2026-06-28,APO,-0.3980782804276292,-0.3850528525667766
2026-06-29,APO,-0.4153661707888247,-0.395157291974126
2026-06-30,APO,-0.4418790714941675,-0.4107312184808065
2026-07-01,APO,-0.4198717660468102,-0.41377806766947445
2026-07-02,APO,-0.4116958718668077,-0.4130840024019189
2026-07-03,APO,-0.3897492759338943,-0.40530576024591075
2026-07-04,APO,-0.3898227355696133,-0.4001447520204783
2026-07-05,APO,-0.3897230880802897,-0.39667086404041546
2026-07-06,APO,-0.389582833057193,-0.394308187046008
2026-07-07,APO,-0.3590427735211337,-0.38255304920438327
2026-07-08,APO,-0.367252076872934,-0.3774527250939002
2026-07-09,APO,-0.3611867963695068,-0.37203074885243576
2026-07-10,APO,-0.3558386108382144,-0.366633369514362
2026-07-11,APO,-0.3373603047031699,-0.3568756812439646
2026-07-12,APO,-0.3374249682741169,-0.3503921102540154
2026-05-13,APP,0.1481798192654499,0.0783380605064027
2026-05-22,APP,0.2985751091989268,0.1517504100705774
2026-05-23,APP,0.2552227802034562,0.18624120011487033
2026-05-24,APP,0.2551618711632823,0.20921475713100768
2026-05-25,APP,0.25516187026526,0.22453046150909178
2026-05-26,APP,0.2551618703807728,0.23474093113298547
2026-05-27,APP,0.2484662854723961,0.23931604924612235
2026-06-01,APP,0.3678091739168014,0.28214709080301537
2026-06-02,APP,0.3181781038983844,0.29415742850147175
2026-06-03,APP,0.2379425695842102,0.27541914219571795
2026-06-04,APP,0.1541886012918235,0.2350089618944198
2026-06-05,APP,0.1409031503341783,0.203640358041006
2026-06-06,APP,0.131247736069586,0.17950948405053269
2026-06-07,APP,0.1311061200738641,0.16337502939164317
2026-06-08,APP,0.1311061200738641,0.15261872628571682
2026-06-09,APP,0.1976236720980981,0.16762037488984394
2026-06-10,APP,0.1607218056333078,0.1653208518043319
2026-06-11,APP,0.1327072808454119,0.1544496614846919
2026-06-12,APP,0.0840423637680859,0.13098056224582325
2026-06-13,APP,0.1200062001415387,0.1273224415443951
2026-06-14,APP,0.1199343187332034,0.12485973394066455
2026-06-15,APP,0.1199343189989284,0.12321792896008583
2026-06-16,APP,0.1416103863397074,0.12934874808662636
2026-06-17,APP,0.1555122050572445,0.13806990041016576
2026-06-18,APP,0.1170023876812933,0.13104739616720829
2026-06-19,APP,0.0885565968439388,0.11688379639278512
2026-06-20,APP,0.0916930402491794,0.1084868776782499
2026-06-21,APP,0.0916930401134058,0.10288893182330187
2026-06-22,APP,0.0885565649500734,0.09811147619889239
2026-06-23,APP,0.0729991193278578,0.0897406905752142
2026-06-24,APP,0.1047300556899551,0.09473714561346117
2026-06-25,APP,0.1016055643334202,0.09702661852011418
2026-06-26,APP,0.1336611879397429,0.10923814165999043
2026-06-27,APP,0.1938570832885982,0.13744445553619303
2026-06-28,APP,0.1336318131361195,0.13617357473616853
2026-06-29,APP,0.1910435286244339,0.15446355936559034
2026-06-30,APP,0.2243912587641552,0.1777727924984453
2026-07-01,APP,0.2164599190437958,0.19066850134689547
2026-07-02,APP,0.3406444144439967,0.24066047237926255
2026-07-03,APP,0.3062940530775628,0.2625383326120293
2026-07-04,APP,0.3062337693128595,0.27710347817897274
2026-07-05,APP,0.3063022751153456,0.28683641049109704
2026-07-06,APP,0.30637925107717,0.2933506906864547
2026-07-07,APP,0.269601344658954,0.2854342420106212
2026-07-08,APP,0.2644929943104401,0.27845382611056085
2026-07-09,APP,0.3400866620260941,0.29899810474907196
2026-07-10,APP,0.348084409966326,0.31536020648815666
2026-07-11,APP,0.283202377862764,0.30464093027969247
2026-07-12,APP,0.2831718445958271,0.2974845683850707
2026-05-22,ARES,-0.1759506768979183,-0.22187096932012323
2026-05-23,ARES,-0.1898346836597535,-0.21119220743333333
2026-05-24,ARES,-0.1899075650084772,-0.20409732662504798
2026-05-25,ARES,-0.1899075658292515,-0.1993674063597825
2026-05-26,ARES,-0.189907565855069,-0.19621412619154466
2026-05-27,ARES,-0.1971201374249411,-0.19651612993601014
2026-06-01,ARES,-0.1417490298181589,-0.1782604298967264
2026-06-02,ARES,-0.1535737776236287,-0.17003154580569385
2026-06-03,ARES,-0.1751488999616514,-0.17173733052434637
2026-06-04,ARES,-0.2104461647976467,-0.18464027528211316
2026-06-05,ARES,-0.2231835715530784,-0.19748804070576825
2026-06-06,ARES,-0.1355922311853003,-0.1768561041989456
2026-06-07,ARES,-0.1357163269509813,-0.16314284511629085
2026-06-08,ARES,-0.1357163269509813,-0.154000672394521
2026-06-09,ARES,-0.1331136193292935,-0.1470383213727785
2026-06-10,ARES,-0.0615758423265483,-0.11855082835736845
2026-06-11,ARES,-0.0172922246194928,-0.08479796044474325
2026-06-12,ARES,-0.0632616897839127,-0.07761920355779973
2026-06-13,ARES,-0.0394039831096897,-0.06488079674176306
2026-06-14,ARES,-0.0394571459252059,-0.05640624646957734
2026-06-15,ARES,-0.0394571457648847,-0.0507565462346798
2026-06-16,ARES,-0.1005356164755867,-0.06734956964831543
2026-06-17,ARES,-0.1040048088583948,-0.0795679827183419
2026-06-18,ARES,-0.1419316127202037,-0.10035585938562916
2026-06-19,ARES,-0.1430031514991412,-0.11457162342346651
2026-06-20,ARES,-0.1596586953613652,-0.12960064740276608
2026-06-21,ARES,-0.1596586954763866,-0.13961999676063958
2026-06-22,ARES,-0.143003174736288,-0.1407477227525224
2026-06-23,ARES,-0.1675568705689237,-0.1496841053579895
2026-06-24,ARES,-0.1767081456276515,-0.1586921187812102
2026-06-25,ARES,-0.2206860512234064,-0.17935676292860894
2026-06-26,ARES,-0.2461022397091263,-0.20160525518878142
2026-06-27,ARES,-0.2655820922362087,-0.22293086753792388
2026-06-28,ARES,-0.2461334544623046,-0.23066506317938415
2026-06-29,ARES,-0.2667722842405388,-0.2427008035331024
2026-06-30,ARES,-0.2794180727205554,-0.2549398932622534
2026-07-01,ARES,-0.2560578082718873,-0.2553125315987981
2026-07-02,ARES,-0.2251131781952564,-0.2452460804642842
2026-07-03,ARES,-0.1781725318854862,-0.2228882309380182
2026-07-04,ARES,-0.1782438948185117,-0.2080067855648494
2026-07-05,ARES,-0.1781492029680671,-0.19805425803258864
2026-07-06,ARES,-0.1780190176684864,-0.1913758445778879
2026-07-07,ARES,-0.1477971136955724,-0.1768496009504494
2026-07-08,ARES,-0.1413770687519814,-0.1650254235509601
2026-07-09,ARES,-0.154799421233576,-0.16161675611183207
2026-07-10,ARES,-0.1367478838253048,-0.153327132016323
2026-07-11,ARES,-0.1037254508851062,-0.13679323830591741
2026-07-12,ARES,-0.10377364514048576,-0.12578670725077354
2026-05-13,AVGO,-0.0036542180213074,0.003575889956601067
2026-05-22,AVGO,0.0011190638667289,0.0027569479266436785
2026-05-23,AVGO,0.0105186247800895,0.0053441735444589526
2026-05-24,AVGO,0.0104617486357633,0.007050031908227068
2026-05-25,AVGO,0.0104617477117197,0.008187270509391279
2026-05-26,AVGO,0.01046174787484,0.00894542963120752
2026-05-27,AVGO,0.0046878433558149,0.007526234206076647
2026-06-01,AVGO,0.0773893068682163,0.030813925093456526
2026-06-02,AVGO,0.0764140095477236,0.04601395324487888
2026-06-03,AVGO,0.1133231258079738,0.06845034409924386
2026-06-04,AVGO,0.0549112619878135,0.06393731672876707
2026-06-05,AVGO,-0.0586753432810295,0.023066430058834884
2026-06-06,AVGO,-0.1226358908464026,-0.02550101024291094
2026-06-07,AVGO,-0.1227698219384648,-0.057923947474762226
2026-06-08,AVGO,-0.1227698219384648,-0.07953923896266309
2026-06-09,AVGO,-0.0989538724698195,-0.08601078346504856
2026-06-10,AVGO,-0.1060062638459823,-0.09267594359202648
2026-06-11,AVGO,-0.1406823582544647,-0.10867808181283922
2026-06-12,AVGO,-0.0953595887873066,-0.10423858413766168
2026-06-13,AVGO,-0.1087119075379685,-0.10572969193776396
2026-06-14,AVGO,-0.1087779540033108,-0.10674577929294625
2026-06-15,AVGO,-0.1087779537704422,-0.10742317078544492
2026-06-16,AVGO,-0.083043550586161,-0.09929663071901695
2026-06-17,AVGO,-0.106673640665019,-0.10175563403435098
2026-06-18,AVGO,-0.0718950268387943,-0.09180209830249875
2026-06-19,AVGO,-0.0384599187055399,-0.07402137177017915
2026-06-20,AVGO,-0.0356768182245535,-0.06123985392163726
2026-06-21,AVGO,-0.0356768183205768,-0.05271884205461711
2026-06-22,AVGO,-0.038459937241317,-0.04796587378351708
2026-06-23,AVGO,-0.1017456995117976,-0.0658924823596106
2026-06-24,AVGO,-0.0974496937669598,-0.076411552828727
2026-06-25,AVGO,-0.0909399026490973,-0.08125433610218377
2026-06-26,AVGO,-0.101947920059088,-0.08815219742115185
2026-06-27,AVGO,-0.1098965799754931,-0.0954003249392656
2026-06-28,AVGO,-0.1019754669034504,-0.09759203892732721
2026-06-29,AVGO,-0.1124403955183677,-0.1025414911243407
2026-06-30,AVGO,-0.0940265444771804,-0.09970317557528727
2026-07-01,AVGO,-0.1044686375932796,-0.10129166291461805
2026-07-02,AVGO,-0.1154646836536063,-0.10601600316094748
2026-07-03,AVGO,-0.132020278921984,-0.114684095081293
2026-07-04,AVGO,-0.1320919053919612,-0.12048669851818242
2026-07-05,AVGO,-0.1319965906616168,-0.12432332923266055
2026-07-06,AVGO,-0.1318651396870084,-0.1268372660507765
2026-07-07,AVGO,-0.1020232311127367,-0.11856592107142991
2026-07-08,AVGO,-0.154539077311464,-0.13055697315144127
2026-07-09,AVGO,-0.1269313479848255,-0.12934843142923602
2026-07-10,AVGO,-0.1179133915807958,-0.12553675147975596
2026-07-11,AVGO,-0.1670597587352588,-0.1393777538982569
2026-07-12,AVGO,-0.16714459706048315,-0.14863336828566567
2026-05-13,AXON,-0.440356085376623,-0.503635834006493
2026-05-22,AXON,-0.4666479252794698,-0.49130653109748534
2026-05-23,AXON,-0.4993299926218462,-0.49398101827227237
2026-05-24,AXON,-0.4994193102632047,-0.49579378226924986
2026-05-25,AXON,-0.4994193109779282,-0.49700229183880934
2026-05-26,AXON,-0.4994193111977724,-0.4978079649584637
2026-05-27,AXON,-0.5904155383595602,-0.5286771560921626
2026-06-01,AXON,-0.5384705141821743,-0.5319416087888331
2026-06-02,AXON,-0.5029283611641285,-0.522270526247265
2026-06-03,AXON,-0.484065098374937,-0.5095353836231558
2026-06-04,AXON,-0.4923049614757429,-0.5037919095740182
2026-06-05,AXON,-0.4747316723500073,-0.4941051638326812
2026-06-06,AXON,-0.5028589963006223,-0.49702310798866156
2026-06-07,AXON,-0.5030398425493003,-0.4990286861755412
2026-06-08,AXON,-0.5030398425493003,-0.5003657383001276
2026-06-09,AXON,-0.4864815100007758,-0.49573766220034376
2026-06-10,AXON,-0.5121964845824556,-0.5012239363277144
2026-06-11,AXON,-0.5007989372528666,-0.5010822699694318
2026-06-12,AXON,-0.498638912084856,-0.5002678173412399
2026-06-13,AXON,-0.4939765110029168,-0.49817071522846557
2026-06-14,AXON,-0.4940621020407776,-0.49680117749923625
2026-06-15,AXON,-0.4940621016978541,-0.49588815223210886
2026-06-16,AXON,-0.5057244702013883,-0.49916692488853537
2026-06-17,AXON,-0.5363581823894963,-0.511564010722189
2026-06-18,AXON,-0.5348327940911599,-0.5193202718451794
2026-06-19,AXON,-0.5208583432125927,-0.5198329623009839
2026-06-20,AXON,-0.5174445869755392,-0.5190368371925023
2026-06-21,AXON,-0.51744458714251,-0.5185060871758382
2026-06-22,AXON,-0.5208583855902378,-0.5192901866473048
2026-06-23,AXON,-0.5340954781101921,-0.5242252838016006
2026-06-24,AXON,-0.4617806556549829,-0.503410407752728
2026-06-25,AXON,-0.4336255964698775,-0.48014880399177784
2026-06-26,AXON,-0.4364508206134562,-0.4655828095323373
2026-06-27,AXON,-0.3943698928633964,-0.4418451706426904
2026-06-28,AXON,-0.4364834146775801,-0.44005791865432037
2026-06-29,AXON,-0.395893228242872,-0.4253363551838376
2026-06-30,AXON,-0.3200075536169113,-0.3902267546615289
2026-07-01,AXON,-0.2572812457234376,-0.3459115850154985
2026-07-02,AXON,-0.180286331554025,-0.29070316719500733
2026-07-03,AXON,-0.1218822684028444,-0.23442953426428637
2026-07-04,AXON,-0.121938246170554,-0.19693243823304227
2026-07-05,AXON,-0.1218799177604954,-0.17191493140886
2026-07-06,AXON,-0.1218236219834785,-0.15521782826706618
2026-07-07,AXON,-0.0849682838604937,-0.13180131346487536
2026-07-08,AXON,0.1144891558017327,-0.04970449037600602
2026-07-09,AXON,0.0146920023333526,-0.028238992806219818
2026-07-10,AXON,0.0770756092872081,0.006865874558256147
2026-07-11,AXON,0.0584838563172514,0.02407186847792123
2026-07-12,AXON,0.05853838699404963,0.03556070798329737
2026-05-13,AXP,-0.2447104228691516,-0.25889759721436506
2026-05-22,AXP,-0.1793513865880751,-0.23238219367226842
2026-05-23,AXP,-0.1704531750065068,-0.21173918745034792
2026-05-24,AXP,-0.1705341446923671,-0.19800417319768765
2026-05-25,AXP,-0.1705341454609535,-0.18884749728544295
2026-05-26,AXP,-0.170534145582252,-0.18274304671771263
2026-05-27,AXP,-0.1842586821178073,-0.1832482585177442
2026-06-01,AXP,-0.1234514969342118,-0.16331600465656676
2026-06-02,AXP,-0.1374216456396874,-0.1546845516509403
2026-06-03,AXP,-0.1490370247967343,-0.15280204269953832
2026-06-04,AXP,-0.1633482301721929,-0.1563174385237565
2026-06-05,AXP,-0.1414782389557708,-0.1513710386677613
2026-06-06,AXP,-0.1458143751123967,-0.1495188174826398
2026-06-07,AXP,-0.1459667116305175,-0.14833478219859902
2026-06-08,AXP,-0.1459667116305175,-0.14754542534257187
2026-06-09,AXP,-0.1386522494019,-0.14458103336234793
2026-06-10,AXP,-0.1381843101850883,-0.1424487923032614
2026-06-11,AXP,-0.1449466052589467,-0.14328139662182318
2026-06-12,AXP,-0.1384977102328839,-0.14168683449217678
2026-06-13,AXP,-0.1176484715573481,-0.13367404684723388
2026-06-14,AXP,-0.1177204306988706,-0.12835617479777947
2026-06-15,AXP,-0.1177204304327079,-0.12481092667608895
2026-06-16,AXP,-0.1040122551880367,-0.11787803618007153
2026-06-17,AXP,-0.0834228747786319,-0.10639298237959166
2026-06-18,AXP,-0.0745068136401732,-0.09576425946645219
2026-06-19,AXP,-0.0982057540842627,-0.09657809100572237
2026-06-20,AXP,-0.0951832249153938,-0.09611313564227952
2026-06-21,AXP,-0.0951832250383523,-0.09580316544097045
2026-06-22,AXP,-0.0982057816716136,-0.09660403751785152
2026-06-23,AXP,-0.1077495065649543,-0.10031919386688579
2026-06-24,AXP,-0.0995709272569681,-0.10006977166357989
2026-06-25,AXP,-0.0822843570023642,-0.09414130010984133
2026-06-26,AXP,-0.0991482884897102,-0.0958102962364643
2026-06-27,AXP,-0.0924398181564192,-0.09468680354311593
2026-06-28,AXP,-0.0991775029237225,-0.09618370333665147
2026-06-29,AXP,-0.0946225383196265,-0.09566331499764315
2026-06-30,AXP,-0.1114532078767428,-0.1009266126240097
2026-07-01,AXP,-0.1121513943461531,-0.10466820653139085
2026-07-02,AXP,-0.0835609284935036,-0.09763244718542845
2026-07-03,AXP,-0.0684976267483948,-0.08792084037308391
2026-07-04,AXP,-0.0662589685309604,-0.0807002164257094
2026-07-05,AXP,-0.0661671189010703,-0.07585585058416304
2026-07-06,AXP,-0.0660427089164092,-0.07258480336157844
2026-07-07,AXP,-0.0726807661245029,-0.07261679094921994
2026-07-08,AXP,-0.0855813784802685,-0.07693832012623614
2026-07-09,AXP,-0.1173608376196497,-0.09041249262404066
2026-07-10,AXP,-0.1010510974542312,-0.09395869423410418
2026-07-11,AXP,-0.0880491823759283,-0.09198885694804557
2026-07-12,AXP,-0.08812323213785614,-0.09070031534464909
2026-05-13,AZO,-0.2388986105324938,-0.2196794891663798
2026-05-22,AZO,-0.2557778374622906,-0.23171227193168342
2026-05-23,AZO,-0.2495685615762733,-0.23766436847988004
2026-05-24,AZO,-0.2496556364967783,-0.24166145781884615
2026-05-25,AZO,-0.2496556372259723,-0.24432618428788822
2026-05-26,AZO,-0.2496556374193416,-0.24610266866503935
2026-05-27,AZO,-0.2857031564022562,-0.25930283124411163
2026-06-01,AZO,-0.3286771007941276,-0.28242758776078364
2026-06-02,AZO,-0.2701565959332939,-0.2783372571516204
2026-06-03,AZO,-0.2822842051637275,-0.27965290648898944
2026-06-04,AZO,-0.2783932324984792,-0.2792330151588194
2026-06-05,AZO,-0.272866236529504,-0.2771107556157143
2026-06-06,AZO,-0.2890318422065943,-0.28108445114600766
2026-06-07,AZO,-0.2892166516167079,-0.2837951846362411
2026-06-08,AZO,-0.2892166516167079,-0.2856023402963967
2026-06-09,AZO,-0.3008530079483839,-0.2906858961803924
2026-06-10,AZO,-0.3047660999005893,-0.2953792974204581
2026-06-11,AZO,-0.2981716910767775,-0.2963100953058979
2026-06-12,AZO,-0.2927118110141293,-0.29511066720864176
2026-06-13,AZO,-0.2711646325071088,-0.2871286556414641
2026-06-14,AZO,-0.2712508563843445,-0.2818360558890909
2026-06-15,AZO,-0.2712508560378575,-0.2783076559386798
2026-06-16,AZO,-0.2598462297215034,-0.272153847199621
2026-06-17,AZO,-0.2585206301780479,-0.26760944152576327
2026-06-18,AZO,-0.2574700892925226,-0.2642296574480164
2026-06-19,AZO,-0.2451750370997587,-0.2578781173319305
2026-06-20,AZO,-0.2522929435332401,-0.2560163927323671
2026-06-21,AZO,-0.2522929436908693,-0.25477524305186783
2026-06-22,AZO,-0.2451750754413842,-0.2515751871817066
2026-06-23,AZO,-0.265667298619309,-0.2562725576609074
2026-06-24,AZO,-0.2575291404558222,-0.2566914185925457
2026-06-25,AZO,-0.2585817408618086,-0.2573215260156333
2026-06-26,AZO,-0.2547460491088213,-0.25646303371336265
2026-06-27,AZO,-0.247385821905589,-0.2534372964441048
2026-06-28,AZO,-0.2547804679354759,-0.25388502027456183
2026-06-29,AZO,-0.2478653192305129,-0.2518784532598789
2026-06-30,AZO,-0.2398036844516454,-0.24785353032380109
2026-07-01,AZO,-0.2270231990092741,-0.2409100865522921
2026-07-02,AZO,-0.2429094179366483,-0.24157653034707752
2026-07-03,AZO,-0.2652960183426305,-0.24948302634559522
2026-07-04,AZO,-0.2653791074254059,-0.25478172003886546
2026-07-05,AZO,-0.2652567003610763,-0.2582733801462691
2026-07-06,AZO,-0.2650701985001369,-0.26053898626422506
2026-07-07,AZO,-0.3103262421150397,-0.27713473821449663
2026-07-08,AZO,-0.2901412317461426,-0.2814702360583786
2026-07-09,AZO,-0.2870336394961737,-0.283324703870977
2026-07-10,AZO,-0.3098573709808837,-0.2921689262409459
2026-07-11,AZO,-0.2838770237743787,-0.2894049587520902
2026-07-12,AZO,-0.2840074970334397,-0.2876058048458734
2026-05-13,BA,0.0268216803962785,0.0121234619482663
2026-05-22,BA,-0.0352234065675274,-0.003658827556998265
2026-05-23,BA,-0.0430498116287036,-0.016789155580900043
2026-05-24,BA,-0.043133802041274,-0.025570704401024696
2026-05-25,BA,-0.0431338027903701,-0.031425070530806495
2026-05-26,BA,-0.0431338029473274,-0.035327981336313465
2026-05-27,BA,-0.030420068216701,-0.03369201029644264
2026-06-01,BA,0.0147753167560808,-0.017536234612268164
2026-06-02,BA,0.0062061090536766,-0.009622120056953244
2026-06-03,BA,-0.0198073852011528,-0.013017208438353096
2026-06-04,BA,-0.0264943557155405,-0.01750959086408223
2026-06-05,BA,-0.0423229167081619,-0.025780699478775454
2026-06-06,BA,-0.0344840153491865,-0.02868180476891247
2026-06-07,BA,-0.0346482392630376,-0.030670616266954186
2026-06-08,BA,-0.0346482392630376,-0.03199649059898199
2026-06-09,BA,-0.0110722988210362,-0.025021760006333396
2026-06-10,BA,-0.0129112857083013,-0.0209849352403227
2026-06-11,BA,-0.0040468422086766,-0.015338904229774
2026-06-12,BA,0.0112369481541179,-0.006480286768476701
2026-06-13,BA,-0.0067283760865727,-0.006562983207842035
2026-06-14,BA,-0.0068051936231693,-0.006643720012951123
2026-06-15,BA,-0.0068051933296492,-0.006697544451850482
2026-06-16,BA,0.0305652544865038,0.005723388527600944
2026-06-17,BA,0.0346841160728463,0.015376964376016062
2026-06-18,BA,0.0568822644666491,0.029212064406227076
2026-06-19,BA,0.054111255028225,0.03751179461355972
2026-06-20,BA,0.0571417458469982,0.04405511169137255
2026-06-21,BA,0.0571417457231441,0.0484173230352964
2026-06-22,BA,0.0541112271398848,0.05031529107015921
2026-06-23,BA,0.042312339579987,0.047647640573435145
2026-06-24,BA,0.0441938574749274,0.046496379540599236
2026-06-25,BA,0.0461873577518479,0.04639337227768213
2026-06-26,BA,0.0429796821413497,0.04525547556557132
2026-06-27,BA,0.0468390181377856,0.04578332308964275
2026-06-28,BA,0.0429499354756958,0.044838860551660434
2026-06-29,BA,0.0448677435604628,0.044848488221261223
2026-06-30,BA,0.0367002989851882,0.04213242514257022
2026-07-01,BA,0.0255418312383098,0.036602227174483415
2026-07-02,BA,0.0069961566395665,0.026733536996177778
2026-07-03,BA,0.0263584029095231,0.02660849230062622
2026-07-04,BA,0.0262836318430206,0.026500205481424347
2026-07-05,BA,0.0263863789503294,0.0264622633043927
2026-07-06,BA,0.026532932312929,0.026485819640571468
2026-07-07,BA,0.038927145227971,0.03063292816970465
2026-07-08,BA,0.0401621379506191,0.03380933143000947
2026-07-09,BA,0.0109824196081619,0.02620036082272695
2026-07-10,BA,-0.0063429072998467,0.01535260478186907
2026-07-11,BA,-0.0093849155476535,0.007106764672028214
2026-07-12,BA,-0.009483964017912183,0.0015765217753814158
2026-05-13,BAC,-0.1502874070829113,-0.16532741455770938
2026-05-22,BAC,-0.0970619255658366,-0.14257225156041847
2026-05-23,BAC,-0.081792268860482,-0.12231225732710632
2026-05-24,BAC,-0.0818686103989578,-0.10883104168439016
2026-05-25,BAC,-0.0818686111974061,-0.09984356485539549
2026-05-26,BAC,-0.0818686112640703,-0.0938519136582871
2026-05-27,BAC,-0.0931699421108022,-0.09362458980912547
2026-06-01,BAC,-0.0722745283807606,-0.08650790266633718
2026-06-02,BAC,-0.0836836791604309,-0.0855664948310351
2026-06-03,BAC,-0.0760244221338596,-0.0823858039319766
2026-06-04,BAC,-0.0745097051537271,-0.07976043767256011
2026-06-05,BAC,-0.0558346398089936,-0.07178517171803794
2026-06-06,BAC,-0.0276891866239617,-0.05708651002001253
2026-06-07,BAC,-0.0236938701834106,-0.04595563007447856
2026-06-08,BAC,-0.0236938701834106,-0.03853504344412258
2026-06-09,BAC,-0.0418169038493464,-0.03962899691253052
2026-06-10,BAC,-0.0320284644502039,-0.03709548609175498
2026-06-11,BAC,-0.0110005105264604,-0.028397160903323455
2026-06-12,BAC,-0.0128417759619791,-0.023212032589542006
2026-06-13,BAC,-0.0059646409808862,-0.017462902053323407
2026-06-14,BAC,-0.006029397876727,-0.013651733994457939
2026-06-15,BAC,-0.0060293976511199,-0.01111095521334526
2026-06-16,BAC,-0.017364030977459,-0.013195313801383175
2026-06-17,BAC,0.0008909239083028,-0.008499901231487852
2026-06-18,BAC,0.0041483592544719,-0.004283814402834602
2026-06-19,BAC,-0.0235529807701974,-0.0107068698586222
2026-06-20,BAC,-0.0205975089071603,-0.014003749541468234
2026-06-21,BAC,-0.020597509022575,-0.016201669368503823
2026-06-22,BAC,-0.0235530058224546,-0.018652114853154083
2026-06-23,BAC,-0.0122109120922551,-0.016505047266187754
2026-06-24,BAC,0.0017292711238226,-0.010426941136184304
2026-06-25,BAC,-0.0067331054320784,-0.009195662568149004
2026-06-26,BAC,-0.0187154034276409,-0.01236890952131297
2026-06-27,BAC,-0.0055722105113311,-0.010103343184652346
2026-06-28,BAC,-0.0187432454572894,-0.012983310608864698
2026-06-29,BAC,-0.0082885054241235,-0.0114183755472843
2026-06-30,BAC,-0.0236715616012056,-0.0155027708985914
2026-07-01,BAC,-0.03885487426438,-0.023286805353854266
2026-07-02,BAC,-0.0179510758214871,-0.021508228843065212
2026-07-03,BAC,-0.0068128998616296,-0.016609785849253343
2026-07-04,BAC,-0.00688202130121,-0.013367197666572229
2026-07-05,BAC,-0.006792627308253,-0.011175674213799154
2026-07-06,BAC,-0.0066732071110996,-0.009674851846232636
2026-07-07,BAC,-0.0029329484008773,-0.007427550697780857
2026-07-08,BAC,0.0025599621435304,-0.004098379750677105
2026-07-09,BAC,-0.0250617583267671,-0.011086172609373768
2026-07-10,BAC,-0.0330931311892994,-0.01842182546934898
2026-07-11,BAC,-0.027288719663822,-0.021377456867506653
2026-07-12,BAC,-0.027357701196599547,-0.02337087164387095
2026-05-13,BDX,-0.2559619525962904,-0.22762901723001722
2026-05-22,BDX,-0.2763010690978584,-0.24385303451929763
2026-05-23,BDX,-0.2576188857020218,-0.2484416515802057
2026-05-24,BDX,-0.2577128878927885,-0.25153206368439995
2026-05-25,BDX,-0.2577128885772862,-0.25359233864869535
2026-05-26,BDX,-0.2577128888524304,-0.2549658553832737
2026-05-27,BDX,-0.2451735920576671,-0.2517017676080715
2026-06-01,BDX,-0.2167068645903331,-0.24003679993549204
2026-06-02,BDX,-0.2078202064013936,-0.2292979354241259
2026-06-03,BDX,-0.2057587348303708,-0.22145153522620753
2026-06-04,BDX,-0.1960400846915776,-0.21298105171466422
2026-06-05,BDX,-0.1852477986618863,-0.20373663403040493
2026-06-06,BDX,-0.181819843313287,-0.19643103712469898
2026-06-07,BDX,-0.1819912707627522,-0.19161778167071675
2026-06-08,BDX,-0.1819912707627522,-0.18840894470139524
2026-06-09,BDX,-0.1828959145789669,-0.18657126799391913
2026-06-10,BDX,-0.1844577874418566,-0.18586677447656497
2026-06-11,BDX,-0.1887351019049944,-0.18682288361937477
2026-06-12,BDX,-0.1917450693107656,-0.1884636121831717
2026-06-13,BDX,-0.1972426544045233,-0.19138995959028893
2026-06-14,BDX,-0.1973270608729575,-0.19336899335117846
2026-06-15,BDX,-0.1973270605367043,-0.19468834907968707
2026-06-16,BDX,-0.200398209856026,-0.1965916360051334
2026-06-17,BDX,-0.2051184347624231,-0.1994339022575633
2026-06-18,BDX,-0.2033782328977011,-0.20074867913760924
2026-06-19,BDX,-0.1837965404572736,-0.19509796624416403
2026-06-20,BDX,-0.1978342276083549,-0.196010053365561
2026-06-21,BDX,-0.1978342277666666,-0.19661811149926287
2026-06-22,BDX,-0.1837965784337797,-0.1923442671441018
2026-06-23,BDX,-0.1931536615468863,-0.19261406527836333
2026-06-24,BDX,-0.1881462332484949,-0.19112478793507387
2026-06-25,BDX,-0.182614197317875,-0.1882879243960076
2026-06-26,BDX,-0.1607753796002582,-0.1791170761307578
2026-06-27,BDX,-0.147048299701295,-0.16842748398760354
2026-06-28,BDX,-0.1608083665512199,-0.16588777817547568
2026-06-29,BDX,-0.148080062541991,-0.15995187296431412
2026-06-30,BDX,-0.148076561756347,-0.15599343589499176
2026-07-01,BDX,-0.1576430902369735,-0.15654332067565235
2026-07-02,BDX,-0.1570452922189451,-0.1567106445234166
2026-07-03,BDX,-0.135325050196456,-0.14958211308109642
2026-07-04,BDX,-0.1354028313099458,-0.14485568582404623
2026-07-05,BDX,-0.135292969838772,-0.14166811382895483
2026-07-06,BDX,-0.1351319602821556,-0.13948939598002177
2026-07-07,BDX,-0.1490691349726021,-0.1426826423108819
2026-07-08,BDX,-0.1486231566576498,-0.14466281375980455
2026-07-09,BDX,-0.1649371421112241,-0.15142092321027772
2026-07-10,BDX,-0.1546522562217485,-0.15249803421410132
2026-07-11,BDX,-0.1522993268491914,-0.15243179842579802
2026-07-12,BDX,-0.15240567823387133,-0.1524230916951558
2026-05-13,BK,-0.0514996637952466,-0.08043235433192494
2026-05-22,BK,-0.0116497249998009,-0.05750481122121694
2026-05-23,BK,-0.0703760376708201,-0.06179522003775133
2026-05-24,BK,-0.0704550683300245,-0.06468183613517572
2026-05-25,BK,-0.0704550691111219,-0.06660624712715779
2026-05-26,BK,-0.0704550692095306,-0.06788918782128206
2026-05-27,BK,-0.0678878056686485,-0.06788872710373754
2026-06-01,BK,-0.0632865357499294,-0.06635466331913484
2026-06-02,BK,-0.0682502167651705,-0.0669865144678134
2026-06-03,BK,-0.0686248453274208,-0.06753262475434921
2026-06-04,BK,-0.0709245363549749,-0.06866326195455778
2026-06-05,BK,-0.0830190782942198,-0.07344853406777846
2026-06-06,BK,-0.0784741007099377,-0.07512372294849821
2026-06-07,BK,-0.0786303095188568,-0.07629258513861775
2026-06-08,BK,-0.0786303095188568,-0.07707182659869743
2026-06-09,BK,-0.0793650179428284,-0.07783622371340776
2026-06-10,BK,-0.0882985215249915,-0.08132365631726901
2026-06-11,BK,-0.0931102201463296,-0.08525251092695588
2026-06-12,BK,-0.0997831879025655,-0.09009606991882577
2026-06-13,BK,-0.0978137917537401,-0.09266864386379722
2026-06-14,BK,-0.0978924589617141,-0.09440991556310285
2026-06-15,BK,-0.0978924586577784,-0.09557076326132805
2026-06-16,BK,-0.0964434425344826,-0.09586165635237956
2026-06-17,BK,-0.108699425428778,-0.10014091271117904
2026-06-18,BK,-0.0978824046287194,-0.0993880766836925
2026-06-19,BK,-0.1027074909760043,-0.10049454811446311
2026-06-20,BK,-0.0994889463082277,-0.10015934751238464
2026-06-21,BK,-0.0994889464532375,-0.09993588049266894
2026-06-22,BK,-0.1027075259736985,-0.1008597623196788
2026-06-23,BK,-0.0948129483681721,-0.09884415766917658
2026-06-24,BK,-0.0963613708655861,-0.09801656206797976
2026-06-25,BK,-0.0965171878117761,-0.09751677064924522
2026-06-26,BK,-0.0973759008285877,-0.09746981404235938
2026-06-27,BK,-0.1102875438635195,-0.10174239064941276
2026-06-28,BK,-0.0974082265341051,-0.10029766927764355
2026-06-29,BK,-0.1111963228291177,-0.10393055379480161
2026-06-30,BK,-0.1070293727195578,-0.104963493436387
2026-07-01,BK,-0.0949471061657365,-0.10162469767950351
2026-07-02,BK,-0.1011576677987469,-0.10146902105258464
2026-07-03,BK,-0.1107507710655396,-0.10456293772356963
2026-07-04,BK,-0.1108301413376428,-0.10665200559492735
2026-07-05,BK,-0.1107165238278878,-0.10800684500591418
2026-07-06,BK,-0.1105478821029576,-0.10885385737159534
2026-07-07,BK,-0.108638469287596,-0.10878206134359557
2026-07-08,BK,-0.1145626218646757,-0.11070891485062229
2026-07-09,BK,-0.0899659445632583,-0.10379459142150096
2026-07-10,BK,-0.0908904995916026,-0.09949322747820151
2026-07-11,BK,-0.0998656520851829,-0.09961736901386198
2026-07-12,BK,-0.09997004339567471,-0.0997349271411329
2026-05-13,BKNG,-0.1272965854866558,-0.12778898530457228
2026-05-22,BKNG,-0.0504782734732338,-0.10201874802745946
2026-05-23,BKNG,-0.0807490025589817,-0.09492883287130022
2026-05-24,BKNG,-0.080828684107651,-0.09022878328341716
2026-05-25,BKNG,-0.0808286848845488,-0.08709541715046104
2026-05-26,BKNG,-0.0808286849906411,-0.08500650643052107
2026-05-27,BKNG,-0.0846905765108461,-0.08490119645729609
2026-06-01,BKNG,-0.0650722442343482,-0.07829154571631347
2026-06-02,BKNG,-0.0603306761781786,-0.07230458920360185
2026-06-03,BKNG,-0.0818037812571507,-0.07547098655478479
2026-06-04,BKNG,-0.1352089786065246,-0.09538365057203138
2026-06-05,BKNG,-0.1321268494375652,-0.10763138352720933
2026-06-06,BKNG,-0.1296274060982919,-0.11496339105090353
2026-06-07,BKNG,-0.1281367857167155,-0.11935452260617418
2026-06-08,BKNG,-0.1281367857167155,-0.12228194364302129
2026-06-09,BKNG,-0.1305098898853868,-0.12502459239047647
2026-06-10,BKNG,-0.1283995708287416,-0.12614958520323152
2026-06-11,BKNG,-0.1304300649263921,-0.1275764117776184
2026-06-12,BKNG,-0.1260772541790501,-0.12707669257809562
2026-06-13,BKNG,-0.126308831384608,-0.12682073884693307
2026-06-14,BKNG,-0.1263901219064355,-0.12667719986676723
2026-06-15,BKNG,-0.126390121587728,-0.1265815071070875
2026-06-16,BKNG,-0.1097625657075081,-0.1209751933072277
2026-06-17,BKNG,-0.1095109513989597,-0.11715377933780503
2026-06-18,BKNG,-0.101009931871787,-0.11177249684913236
2026-06-19,BKNG,-0.1094949109072602,-0.11101330153517497
2026-06-20,BKNG,-0.1062706032623026,-0.10943240211088417
2026-06-21,BKNG,-0.1062706034079607,-0.10837846920990969
2026-06-22,BKNG,-0.1094949461228231,-0.10875062818088084
2026-06-23,BKNG,-0.123460195517016,-0.1136538172929259
2026-06-24,BKNG,-0.1091008498132645,-0.1121361614663721
2026-06-25,BKNG,-0.0529548376308632,-0.09240905352120247
2026-06-26,BKNG,-0.0728151819171549,-0.08587776298651995
2026-06-27,BKNG,-0.0436759057501128,-0.0718104772410509
2026-06-28,BKNG,-0.0728463880437758,-0.0721557808419592
2026-06-29,BKNG,-0.0454902921735065,-0.06326728461914163
2026-06-30,BKNG,-0.0541513536890553,-0.06022864097577953
2026-07-01,BKNG,-0.0668192845149408,-0.06242552215549996
2026-07-02,BKNG,-0.0463425677368799,-0.05706453734929327
2026-07-03,BKNG,-0.0410300927788985,-0.05171972249249502
2026-07-04,BKNG,-0.0411040732239672,-0.04818117273631908
2026-07-05,BKNG,-0.0410031947813614,-0.04578851341799986
2026-07-06,BKNG,-0.0408604384946508,-0.04414582177688351
2026-07-07,BKNG,-0.0917797927228078,-0.06002381209219161
2026-07-08,BKNG,-0.0782361726898014,-0.06609459895806155
2026-07-09,BKNG,-0.1246583956103422,-0.08561586450882178
2026-07-10,BKNG,-0.0997980919637697,-0.0903432736604711
2026-07-11,BKNG,-0.0801833690605013,-0.0869566387938145
2026-07-12,BKNG,-0.08028000690146292,-0.08473109482969732
2026-05-13,BKR,-0.079086574270251,-0.06869394588897046
2026-05-22,BKR,-0.0915710010042999,-0.07631963092741362
2026-05-23,BKR,-0.0999802236874297,-0.08420649518075232
2026-05-24,BKR,-0.1000573115670261,-0.08949010064284359
2026-05-25,BKR,-0.1000573123606588,-0.09301250454878199
2026-05-26,BKR,-0.1000573124361334,-0.09536077384456579
2026-05-27,BKR,-0.0914938803403124,-0.09407180934314799
2026-06-01,BKR,-0.1187055491733981,-0.10228305595323137
2026-06-02,BKR,-0.1101842527062069,-0.1049167882042232
2026-06-03,BKR,-0.0786015238632849,-0.09614503342391044
2026-06-04,BKR,-0.078007432296934,-0.09009916638158497
2026-06-05,BKR,-0.0696213339198151,-0.08327322222766169
2026-06-06,BKR,-0.0946119236420692,-0.08705278936579752
2026-06-07,BKR,-0.0947596510896097,-0.08962174327373493
2026-06-08,BKR,-0.0947596510896097,-0.09133437921235985
2026-06-09,BKR,-0.0622909280308458,-0.08165322881852183
2026-06-10,BKR,-0.0768762134823862,-0.08006089037314329
2026-06-11,BKR,-0.0455312363874416,-0.06855100571124273
2026-06-12,BKR,-0.0325813289623629,-0.05656111346161612
2026-06-13,BKR,-0.0489854191807136,-0.05403588203464862
2026-06-14,BKR,-0.0490536226323128,-0.05237512890053668
2026-06-15,BKR,-0.0490536223872982,-0.051267960062790524
2026-06-16,BKR,-0.0830113299803611,-0.06184908336864739
2026-06-17,BKR,-0.1074729763381005,-0.07705704769179843
2026-06-18,BKR,-0.1505725292515894,-0.10156220821172876
2026-06-19,BKR,-0.1675184809635998,-0.12354763246235245
2026-06-20,BKR,-0.1642615025860923,-0.13711892250359908
2026-06-21,BKR,-0.1642615027354259,-0.14616644924754135
2026-06-22,BKR,-0.1675185174142759,-0.15328380530311952
2026-06-23,BKR,-0.1711298282824472,-0.15923247962956208
2026-06-24,BKR,-0.1910718469391024,-0.16984560206607552
2026-06-25,BKR,-0.2086198344177459,-0.182770346183299
2026-06-26,BKR,-0.1907853688754643,-0.18544202041402078
2026-06-27,BKR,-0.2188218706176095,-0.19656863714855036
2026-06-28,BKR,-0.1908194637958405,-0.1946522460309804
2026-06-29,BKR,-0.2189555161779691,-0.20275333607997667
2026-06-30,BKR,-0.1906009896508262,-0.19870255393692654
2026-07-01,BKR,-0.1894584500481306,-0.19562118597399458
2026-07-02,BKR,-0.2151336774762185,-0.20212534980806923
2026-07-03,BKR,-0.2470762390431053,-0.21710897955308128
2026-07-04,BKR,-0.247162053717164,-0.22712667094110886
2026-07-05,BKR,-0.2470332046111591,-0.23376218216445896
2026-07-06,BKR,-0.2468336126966197,-0.2381193256751792
2026-07-07,BKR,-0.2406629169211863,-0.23896718942384826
2026-07-08,BKR,-0.2466852990472213,-0.24153989263163927
2026-07-09,BKR,-0.2078956507721629,-0.23032514534514717
2026-07-10,BKR,-0.2111852716338479,-0.22394518744138076
2026-07-11,BKR,-0.2101211299469953,-0.21933716827658561
2026-07-12,BKR,-0.21024572924547244,-0.21630668859954788
2026-05-13,BLK,-0.1116475665722123,-0.056513875126722235
2026-05-22,BLK,-0.1204066856585309,-0.07781147863732513
2026-05-23,BLK,-0.1192813185301171,-0.09163475860158912
2026-05-24,BLK,-0.1193605039228253,-0.10087667370866785
2026-05-25,BLK,-0.1193605047029244,-0.10703795070675337
2026-05-26,BLK,-0.1193605048031597,-0.11114546873888882
2026-05-27,BLK,-0.1223056623947726,-0.11486553329085009
2026-06-01,BLK,-0.1204257421409117,-0.11671893624087064
2026-06-02,BLK,-0.1301435480734685,-0.1211938068517366
2026-06-03,BLK,-0.1300327459666133,-0.12414011989002884
2026-06-04,BLK,-0.1397059569299276,-0.12932873223666175
2026-06-05,BLK,-0.0909904451843933,-0.11654930321923894
2026-06-06,BLK,-0.0979296523293547,-0.11034275292261086
2026-06-07,BLK,-0.0939365823848018,-0.10487402941000784
2026-06-08,BLK,-0.0939365823848018,-0.10122821373493918
2026-06-09,BLK,-0.1038026828200367,-0.10208637009663836
2026-06-10,BLK,-0.0847356200287813,-0.09630278674068601
2026-06-11,BLK,-0.0668311203764465,-0.08647889795260619
2026-06-12,BLK,-0.0768829600683487,-0.08328025199118703
2026-06-13,BLK,-0.0797029322676023,-0.08208781208332547
2026-06-14,BLK,-0.0797745061092001,-0.08131671009195035
2026-06-15,BLK,-0.079774505845207,-0.08080264200970258
2026-06-16,BLK,-0.0945360958826528,-0.08538045996735266
2026-06-17,BLK,-0.094456902896814,-0.08840594094383977
2026-06-18,BLK,-0.081076794020333,-0.08596289196933751
2026-06-19,BLK,-0.0901906519843854,-0.08737214530768682
2026-06-20,BLK,-0.090456022127007,-0.08840010424746023
2026-06-21,BLK,-0.0904560222575576,-0.08908541025082602
2026-06-22,BLK,-0.0901906818350619,-0.08945383411223798
2026-06-23,BLK,-0.0946286085482315,-0.09117875892423583
2026-06-24,BLK,-0.1141073943588954,-0.0988216374024557
2026-06-25,BLK,-0.1393706270427542,-0.11233796728255521
2026-06-26,BLK,-0.1398156911374303,-0.12149720856751359
2026-06-27,BLK,-0.1347056225170517,-0.12590001321735964
2026-06-28,BLK,-0.1398478221614051,-0.1305492828653748
2026-06-29,BLK,-0.1359087451091296,-0.13233577027995974
2026-06-30,BLK,-0.1425782343186799,-0.13574992495953314
2026-07-01,BLK,-0.1394894683010916,-0.1369964394067193
2026-07-02,BLK,-0.1298790966614792,-0.1346239918249726
2026-07-03,BLK,-0.1323145221521071,-0.1338541686006841
2026-07-04,BLK,-0.1323920062540498,-0.133366781151806
2026-07-05,BLK,-0.1322828467812924,-0.13300546969496813
2026-07-06,BLK,-0.132123263666379,-0.13271140101877177
2026-07-07,BLK,-0.1139957344641312,-0.12647284550055826
2026-07-08,BLK,-0.1157834573626636,-0.12290971612126005
2026-07-09,BLK,-0.1465986617192896,-0.13080603132060326
2026-07-10,BLK,-0.1246050484208796,-0.1287390370206954
2026-07-11,BLK,-0.1143834804311027,-0.12395385149083117
2026-07-12,BLK,-0.1144772022977776,-0.12079496842647999
2026-05-13,BMY,-0.0405536685117925,-0.05466977084970897
2026-05-22,BMY,-0.1643892581849309,-0.09124293329478295
2026-05-23,BMY,-0.1671933127575848,-0.11655972644905024
2026-05-24,BMY,-0.1672743401414299,-0.13346459767984348
2026-05-25,BMY,-0.167274340909644,-0.144734512089777
2026-05-26,BMY,-0.1672743410316235,-0.15224778840372583
2026-05-27,BMY,-0.177915171145994,-0.16080358265114855
2026-06-01,BMY,-0.1899604190418724,-0.17052252811472318
2026-06-02,BMY,-0.2003886361880981,-0.18047789747251483
2026-06-03,BMY,-0.2164710347305382,-0.19247560989185597
2026-06-04,BMY,-0.2003140165798886,-0.1950884121212002
2026-06-05,BMY,-0.1900096584342673,-0.1933954942255559
2026-06-06,BMY,-0.1887909088520371,-0.19186063243438298
2026-06-07,BMY,-0.1889557434848964,-0.19089233611788747
2026-06-08,BMY,-0.1889557434848964,-0.1902468052402238
2026-06-09,BMY,-0.2021031444871052,-0.19419891832251762
2026-06-10,BMY,-0.201826127507104,-0.19674132138404643
2026-06-11,BMY,-0.205429281255694,-0.19963730800792898
2026-06-12,BMY,-0.1956685164159545,-0.19831437747727082
2026-06-13,BMY,-0.1976519174745921,-0.1980935574763779
2026-06-14,BMY,-0.1977329441073295,-0.19797335302002847
2026-06-15,BMY,-0.197732943790108,-0.197893216610055
2026-06-16,BMY,-0.2043154781715647,-0.20003397046389157
2026-06-17,BMY,-0.218908550742167,-0.20632549722331672
2026-06-18,BMY,-0.2017624405439406,-0.20480447833019136
2026-06-19,BMY,-0.2105181388413348,-0.20670903183390588
2026-06-20,BMY,-0.2072319831726407,-0.20688334894681748
2026-06-21,BMY,-0.2072319833252565,-0.20699956040629716
2026-06-22,BMY,-0.2105181763950551,-0.20817243240254985
2026-06-23,BMY,-0.1898607551963934,-0.2020685400004977
2026-06-24,BMY,-0.1888482648773294,-0.19766178162610828
2026-06-25,BMY,-0.2125773472247126,-0.20263363682564306
2026-06-26,BMY,-0.2070945235619945,-0.20412059907109356
2026-06-27,BMY,-0.1926401055445406,-0.2002937678955759
2026-06-28,BMY,-0.2071280806739858,-0.2025718721550459
2026-06-29,BMY,-0.1934936567631776,-0.1995458003577565
2026-06-30,BMY,-0.189969555798826,-0.19635371883811298
2026-07-01,BMY,-0.1942911811670556,-0.19566620628109388
2026-07-02,BMY,-0.2271639641294697,-0.20616545889721918
2026-07-03,BMY,-0.2065245130681435,-0.20628514362086064
2026-07-04,BMY,-0.1986845476717207,-0.203751611637814
2026-07-05,BMY,-0.198569238529594,-0.202024153935074
2026-07-06,BMY,-0.1983971594536602,-0.20081515577460274
2026-07-07,BMY,-0.2102265997401151,-0.20395230376310686
2026-07-08,BMY,-0.1796519650703223,-0.19585219086551203
2026-07-09,BMY,-0.1820139571237244,-0.19123944628491615
2026-07-10,BMY,-0.1801417854740075,-0.1875402260146133
2026-07-11,BMY,-0.1830319491348497,-0.1860374670546921
2026-07-12,BMY,-0.18313800416047585,-0.1850709794232867
2026-05-13,BRK-B,0.2992688396749293,0.29153328609127127
2026-05-22,BRK-B,0.3028521086399513,0.2953062269408313
2026-05-23,BRK-B,0.3133709728889188,0.3013278089235272
2026-05-24,BRK-B,0.313290617883841,0.30531541191029843
2026-05-25,BRK-B,0.3132906171112885,0.3079738136439618
2026-05-26,BRK-B,0.3132906169972462,0.30974608142839
2026-05-27,BRK-B,0.3129079825255593,0.3108000484607798
2026-06-01,BRK-B,0.3250582909843704,0.3155527959686434
2026-06-02,BRK-B,0.3146004098854841,0.3152353339409236
2026-06-03,BRK-B,0.3080762364646617,0.312848968115503
2026-06-04,BRK-B,0.2966821478239808,0.30746002801832895
2026-06-05,BRK-B,0.2902656636543644,0.30172857323034075
2026-06-06,BRK-B,0.3048393843504444,0.3027655102703753
2026-06-07,BRK-B,0.3046797307358554,0.30340358375886867
2026-06-08,BRK-B,0.3046797307358554,0.3038289660845309
2026-06-09,BRK-B,0.3070996263793015,0.3049191861827878
2026-06-10,BRK-B,0.2993334125412881,0.30305726163562124
2026-06-11,BRK-B,0.2909470239465911,0.2990205157392779
2026-06-12,BRK-B,0.290695615426999,0.2962455489685183
2026-06-13,BRK-B,0.2944602528870241,0.29565045027468695
2026-06-14,BRK-B,0.2943811601422541,0.295227353563876
2026-06-15,BRK-B,0.294381160448586,0.2949452891921127
2026-06-16,BRK-B,0.3034433454649021,0.2977779746163759
2026-06-17,BRK-B,0.301889743398572,0.2991485642104413
2026-06-18,BRK-B,0.3118525130636578,0.3033832138281801
2026-06-19,BRK-B,0.3038730061648292,0.30354647794039646
2026-06-20,BRK-B,0.3070679990947559,0.304720318325183
2026-06-21,BRK-B,0.3070679989523956,0.30550287853425384
2026-06-22,BRK-B,0.3038729720575058,0.3049595763753378
2026-06-23,BRK-B,0.3115331283015942,0.3071507603507566
2026-06-24,BRK-B,0.317967748613484,0.31075642310499907
2026-06-25,BRK-B,0.3256748016848765,0.31572921596495823
2026-06-26,BRK-B,0.3131550807204801,0.3148711708834655
2026-06-27,BRK-B,0.3240796358144931,0.31794065919380804
2026-06-28,BRK-B,0.3131233116570651,0.3163348766815604
2026-06-29,BRK-B,0.3226831666523815,0.3184509733385008
2026-06-30,BRK-B,0.3124605995110363,0.31645418206267933
2026-07-01,BRK-B,0.3247254972396023,0.3192112871216537
2026-07-02,BRK-B,0.3229712155132713,0.32046459658552623
2026-07-03,BRK-B,0.3313138592851031,0.3240810174853852
2026-07-04,BRK-B,0.3312378304365999,0.3264666218024568
2026-07-05,BRK-B,0.3313435503608957,0.32809226465526975
2026-07-06,BRK-B,0.3314961444068167,0.32922689123911875
2026-07-07,BRK-B,0.3320935307168603,0.3301824377316993
2026-07-08,BRK-B,0.3240434940426127,0.32813612316867047
2026-07-09,BRK-B,0.3319854237991133,0.3294192233788181
2026-07-10,BRK-B,0.3214087383247596,0.326749061694132
2026-07-11,BRK-B,0.3185516440654016,0.3240165891512219
2026-07-12,BRK-B,0.31845444859384636,0.3221625422987634
2026-05-13,BSX,-0.2425144221474135,-0.24411273616255733
2026-05-22,BSX,-0.254601921838477,-0.2476091313878639
2026-05-23,BSX,-0.2468225268592589,-0.2473469298783289
2026-05-24,BSX,-0.2469201765289494,-0.24720467876186908
2026-05-25,BSX,-0.2469201771899127,-0.2471098449045503
2026-05-26,BSX,-0.2469201775081145,-0.24704662243907172
2026-05-27,BSX,-0.2274156127984115,-0.24050295255885165
2026-06-01,BSX,-0.3075083208268376,-0.262838075314847
2026-06-02,BSX,-0.2729715116076104,-0.2662158874124348
2026-06-03,BSX,-0.2721597466966794,-0.26819717384051633
2026-06-04,BSX,-0.270386529038124,-0.26892695890638557
2026-06-05,BSX,-0.2615310286859417,-0.2664616488329043
2026-06-06,BSX,-0.3092826100133496,-0.2807353025597194
2026-06-07,BSX,-0.3095001450495243,-0.29032358338965436
2026-06-08,BSX,-0.3095001450495243,-0.296715770609611
2026-06-09,BSX,-0.2855302222077479,-0.29298725447565666
2026-06-10,BSX,-0.3061916018046997,-0.29738870358533764
2026-06-11,BSX,-0.3089917332230763,-0.30125638013125056
2026-06-12,BSX,-0.3113568819133357,-0.30462321405861226
2026-06-13,BSX,-0.3134959251542732,-0.3075807844238326
2026-06-14,BSX,-0.3135977908632637,-0.3095864532369763
2026-06-15,BSX,-0.3135977904286981,-0.3109235656342169
2026-06-16,BSX,-0.3093381504688963,-0.3103950939124434
2026-06-17,BSX,-0.337184884997804,-0.3193250242742303
2026-06-18,BSX,-0.3363245347144245,-0.3249915277542951
2026-06-19,BSX,-0.3078465005696056,-0.31927651869273194
2026-06-20,BSX,-0.3041650945636935,-0.3142393773163858
2026-06-21,BSX,-0.3041650947607742,-0.31088128313118196
2026-06-22,BSX,-0.3078465530657191,-0.30986970644269435
2026-06-23,BSX,-0.2986365570816203,-0.30612532332233633
2026-06-24,BSX,-0.3108539720727541,-0.3077015395724756
2026-06-25,BSX,-0.3389195668712044,-0.3181075486720519
2026-06-26,BSX,-0.2995670052817524,-0.31192736754195205
2026-06-27,BSX,-0.3252129213214598,-0.3163558854684546
2026-06-28,BSX,-0.2996071389737358,-0.31077296997021503
2026-06-29,BSX,-0.3233911668487453,-0.3149790355963918
2026-06-30,BSX,-0.2683614007275281,-0.29943982397343727
2026-07-01,BSX,-0.2659440704844825,-0.2882745728104524
2026-07-02,BSX,-0.2945864983334336,-0.29037854798477947
2026-07-03,BSX,-0.3144769941476951,-0.298411363372418
2026-07-04,BSX,-0.3145711164216596,-0.30379794772216523
2026-07-05,BSX,-0.3144226319781252,-0.30733950914081853
2026-07-06,BSX,-0.3141831415913832,-0.30962071995767343
2026-07-07,BSX,-0.3117809440980003,-0.31034079467111575
2026-07-08,BSX,-0.325182454741476,-0.3152880146945692
2026-07-09,BSX,-0.3242329266979304,-0.3182696520290229
2026-07-10,BSX,-0.2946556597493978,-0.3103983212691479
2026-07-11,BSX,-0.3137302842304307,-0.3115089755895755
2026-07-12,BSX,-0.31390355344803683,-0.3123071682090626
2026-05-13,BX,-0.2004198188580563,-0.19986204527185458
2026-05-22,BX,-0.0947313146228003,-0.16481846838883651
2026-05-23,BX,-0.1136990480381569,-0.14777866160527664
2026-05-24,BX,-0.1137758656662777,-0.136444396292277
2026-05-25,BX,-0.1137758664616542,-0.1288882196820694
2026-05-26,BX,-0.1137758665339386,-0.12385076863269248
2026-05-27,BX,-0.125856308261588,-0.12451928184232433
2026-06-01,BX,-0.1117608114142074,-0.12026645836628537
2026-06-02,BX,-0.0951998110219606,-0.11191090925151045
2026-06-03,BX,-0.1231980141448688,-0.11567327754929657
2026-06-04,BX,-0.1560900423616511,-0.1291455324867481
2026-06-05,BX,-0.1000787664236249,-0.11945661046570705
2026-06-06,BX,-0.1057687372733995,-0.1148939860682712
2026-06-07,BX,-0.1059151008975351,-0.1119010243446925
2026-06-08,BX,-0.1059151008975351,-0.10990571652897337
2026-06-09,BX,-0.1110841530860694,-0.11029852871467205
2026-06-10,BX,-0.0561352368608204,-0.09224409809672152
2026-06-11,BX,-0.0328107860813027,-0.07243299409158192
2026-06-12,BX,-0.0695632641405175,-0.07147641744122712
2026-06-13,BX,-0.0593396393874531,-0.06743082475663578
2026-06-14,BX,-0.0594072036978199,-0.06475628440369716
2026-06-15,BX,-0.0594072034564043,-0.06297325742126621
2026-06-16,BX,-0.0847076996782917,-0.07021807150694137
2026-06-17,BX,-0.0819268388335686,-0.07412099394915045
2026-06-18,BX,-0.0876481555821624,-0.0786300478268211
2026-06-19,BX,-0.0899270134777825,-0.08239570304380825
2026-06-20,BX,-0.0868831178368772,-0.08389150797483125
2026-06-21,BX,-0.0868831179622393,-0.08488871130396727
2026-06-22,BX,-0.0899270418728904,-0.08656815482694166
2026-06-23,BX,-0.0820476782691257,-0.08506132930766969
2026-06-24,BX,-0.0817164235323084,-0.0839463607158826
2026-06-25,BX,-0.1259752858989403,-0.0979560024435685
2026-06-26,BX,-0.1337497548174672,-0.10988725323486807
2026-06-27,BX,-0.1283772962312512,-0.11605060090032912
2026-06-28,BX,-0.1337810013382835,-0.12196073437964726
2026-06-29,BX,-0.1298746559857953,-0.12459870824836329
2026-06-30,BX,-0.1510132532011755,-0.13340355656596736
2026-07-01,BX,-0.1416919282668933,-0.13616634713294268
2026-07-02,BX,-0.1304874195545966,-0.13427337127349398
2026-07-03,BX,-0.1057418698736727,-0.12476287080688689
2026-07-04,BX,-0.105816201285704,-0.11844731429982594
2026-07-05,BX,-0.1057144933189456,-0.1142030406395325
2026-07-06,BX,-0.1055700514617019,-0.11132537758025564
2026-07-07,BX,-0.0956674814855376,-0.10610607888201629
2026-07-08,BX,-0.1143288898121792,-0.10884701585873727
2026-07-09,BX,-0.1398096832198717,-0.11916790497911542
2026-07-10,BX,-0.1134491533920388,-0.11726165445008989
2026-07-11,BX,-0.1008258073282956,-0.11178303874282514
2026-07-12,BX,-0.1009097277895587,-0.108158601758403
2026-05-13,C,-0.0870802773463942,-0.11218108794867808
2026-05-22,C,-0.0381953880334013,-0.08751918797691915
2026-05-23,C,-0.0314009669552633,-0.06881311430303388
2026-05-24,C,-0.0314681441525344,-0.05636479091953406
2026-05-25,C,-0.0314681450101132,-0.04806590894972711
2026-05-26,C,-0.0314681449685945,-0.04253332095601624
2026-05-27,C,-0.0561957859836397,-0.04708747596522406
2026-06-01,C,-0.0462654205239299,-0.04681345748479268
2026-06-02,C,-0.0414805033929357,-0.045035806120840356
2026-06-03,C,-0.0311988953347457,-0.04042350252547547
2026-06-04,C,-0.0301418550319493,-0.03699628669430008
2026-06-05,C,-0.0011945224536588,-0.02506236528075299
2026-06-06,C,0.0247442931835807,-0.008460145792641764
2026-06-07,C,0.0246350441979039,0.0025715842042067895
2026-06-08,C,0.0246350441979039,0.009926070868772492
2026-06-09,C,0.0024048066679481,0.007418982801831028
2026-06-10,C,0.0140990411609453,0.009645668921535785
2026-06-11,C,0.0310638921470362,0.016785076663369255
2026-06-12,C,0.0345861039532782,0.022718752426672238
2026-06-13,C,0.0315473526736528,0.02566161917566576
2026-06-14,C,0.0314905311978949,0.02760458984974214
2026-06-15,C,0.031490531378818,0.02889990369276743
2026-06-16,C,0.0265813660975177,0.02812705782768419
2026-06-17,C,0.0328650309716647,0.029706382209011027
2026-06-18,C,0.0389738680947841,0.03279554417093539
2026-06-19,C,0.00768935844499,0.02442681559562026
2026-06-20,C,0.0104925476719501,0.019782059621063542
2026-06-21,C,0.0104925475736669,0.016685555605264663
2026-06-22,C,0.0076893391497603,0.01368681678676321
2026-06-23,C,0.0063991804240886,0.011257604665871675
2026-06-24,C,0.0119098393710927,0.011475016234278684
2026-06-25,C,0.0038577345157518,0.008935922328103058
2026-06-26,C,-0.0093157435168949,0.0028520337131037396
2026-06-27,C,0.0105869003913278,0.005430322605845092
2026-06-28,C,-0.0093418278365071,0.0005062724583943623
2026-06-29,C,0.0072061663933327,0.0027395704367071416
2026-06-30,C,-0.0062886577399998,-0.00026983895552850517
2026-07-01,C,-0.0401660748797405,-0.013568584263599168
2026-07-02,C,-0.0346266274976913,-0.020587932008296547
2026-07-03,C,-0.0248701250587349,-0.022015329691775998
2026-07-04,C,-0.0249379514066965,-0.022989536930082835
2026-07-05,C,-0.0248516184134694,-0.023610230757878357
2026-07-06,C,-0.024738418084574,-0.02398629320011024
2026-07-07,C,-0.0185235936725506,-0.022165393357590362
2026-07-08,C,-0.0248303007299625,-0.023053695815047744
2026-07-09,C,-0.0657579549086668,-0.037288448846254096
2026-07-10,C,-0.0700781168657138,-0.048218338186074
2026-07-11,C,-0.0665230944600852,-0.054319923610744406
2026-07-12,C,-0.0665931786398678,-0.058411008620452204
2026-05-13,CAH,-0.5372085866497354,-0.5119792451986911
2026-05-22,CAH,-0.468414720680491,-0.49745773702595775
2026-05-23,CAH,-0.4670621787045503,-0.4873258842521553
2026-05-24,CAH,-0.4671500513250559,-0.48060060660978887
2026-05-25,CAH,-0.467150052049103,-0.4761170884228936
2026-05-26,CAH,-0.467150052251889,-0.4731280763658921
2026-05-27,CAH,-0.4635827135334996,-0.4699462887550946
2026-06-01,CAH,-0.4708823117262515,-0.4702582964121469
2026-06-02,CAH,-0.4605882715844228,-0.4670349548029056
2026-06-03,CAH,-0.4563620843410894,-0.4634773313156335
2026-06-04,CAH,-0.4365524027016502,-0.4545023551109724
2026-06-05,CAH,-0.4366503604964145,-0.4485516902394531
2026-06-06,CAH,-0.4430742703597286,-0.44672588361287835
2026-06-07,CAH,-0.4432441325361391,-0.44556529992063193
2026-06-08,CAH,-0.4432441325361391,-0.44479157745913434
2026-06-09,CAH,-0.430340304200303,-0.43997448637285724
2026-06-10,CAH,-0.4093646152249517,-0.42977119599022207
2026-06-11,CAH,-0.4141349414861037,-0.424559111155516
2026-06-12,CAH,-0.3992022389963241,-0.4161068204357854
2026-06-13,CAH,-0.3908639463787881,-0.407692529083453
2026-06-14,CAH,-0.3909404013280086,-0.4021084864983049
2026-06-15,CAH,-0.3909404010365301,-0.39838579134438
2026-06-16,CAH,-0.3797676363738425,-0.3921797396875342
2026-06-17,CAH,-0.3707262074423459,-0.3850285622724715
2026-06-18,CAH,-0.3612497701314492,-0.3771022982254641
2026-06-19,CAH,-0.3754135879157012,-0.37653939478887644
2026-06-20,CAH,-0.3689202882913833,-0.3739996926230454
2026-06-21,CAH,-0.3689202884251126,-0.3723065578904011
2026-06-22,CAH,-0.3754136194122446,-0.373342245064349
2026-06-23,CAH,-0.362615521058983,-0.36976667039589367
2026-06-24,CAH,-0.3407174745454265,-0.3600836051124046
2026-06-25,CAH,-0.3399941681345542,-0.35338712611978784
2026-06-26,CAH,-0.3386828887280622,-0.3484857136558793
2026-06-27,CAH,-0.3322331282309989,-0.3430681851809192
2026-06-28,CAH,-0.3387124090590543,-0.34161625980696425
2026-06-29,CAH,-0.3343119426714765,-0.3391814874284683
2026-06-30,CAH,-0.3440093645856743,-0.3407907798142037
2026-07-01,CAH,-0.341076564545272,-0.34088604139122647
2026-07-02,CAH,-0.3384067425160643,-0.3400596084328391
2026-07-03,CAH,-0.3388516592091732,-0.33965695869161716
2026-07-04,CAH,-0.3389248070769223,-0.33941290815338554
2026-07-05,CAH,-0.3388258964633979,-0.33921723759005634
2026-07-06,CAH,-0.338687138751898,-0.3390405379773369
2026-07-07,CAH,-0.338175610725788,-0.33875222889348733
2026-07-08,CAH,-0.3271248994868919,-0.33487645242462216
2026-07-09,CAH,-0.3174371567169373,-0.32906335385539387
2026-07-10,CAH,-0.3391591710202969,-0.3324286262436949
2026-07-11,CAH,-0.3388986046518527,-0.3345852857130808
2026-07-12,CAH,-0.33897887056354914,-0.3360498139965703
2026-05-13,CARR,-0.3135865207997353,-0.29892034223627617
2026-05-22,CARR,-0.3026659290199434,-0.30016887116416524
2026-05-23,CARR,-0.2894735990862292,-0.2966037804715199
2026-05-24,CARR,-0.2895528390893469,-0.29425346667746227
2026-05-25,CARR,-0.2895528398690936,-0.2926865910746727
2026-05-26,CARR,-0.2895528399699736,-0.29164200737310636
2026-05-27,CARR,-0.2417895726105129,-0.27502452911890857
2026-06-01,CARR,-0.277738387935153,-0.2759291487243234
2026-06-02,CARR,-0.2457676248063702,-0.265875307418339
2026-06-03,CARR,-0.2313917215150737,-0.25438077878391724
2026-06-04,CARR,-0.2178040168837987,-0.24218852481721106
2026-06-05,CARR,-0.2310935107998686,-0.23849018681143025
2026-06-06,CARR,-0.1911321272203642,-0.2227041669477416
2026-06-07,CARR,-0.1912604245657428,-0.21222291948707533
2026-06-08,CARR,-0.1912604245657428,-0.20523542117996452
2026-06-09,CARR,-0.1907936785741834,-0.2004215069780375
2026-06-10,CARR,-0.1462301499868361,-0.18235772131430372
2026-06-11,CARR,-0.1591858817345861,-0.17463377478773118
2026-06-12,CARR,-0.1463359148468093,-0.1652011548074239
2026-06-13,CARR,-0.1473809549899891,-0.1592610882016123
2026-06-14,CARR,-0.1474414927897396,-0.15532122306432142
2026-06-15,CARR,-0.1474414925878902,-0.15269464623884435
2026-06-16,CARR,-0.1577289629116535,-0.1543727517964474
2026-06-17,CARR,-0.1666424336466145,-0.15846264574650312
2026-06-18,CARR,-0.1936530851671922,-0.17019279222006617
2026-06-19,CARR,-0.1787053579966663,-0.17303031414559955
2026-06-20,CARR,-0.209939741610607,-0.18533345663393538
2026-06-21,CARR,-0.2099397417283079,-0.19353555166539288
2026-06-22,CARR,-0.1787053808809087,-0.18859216140389817
2026-06-23,CARR,-0.1796292905827896,-0.185604537796862
2026-06-24,CARR,-0.1768442641264295,-0.1826844465733845
2026-06-25,CARR,-0.14457911871301,-0.16998267061992633
2026-06-26,CARR,-0.1000058731586607,-0.14665707146617113
2026-06-27,CARR,-0.1133051199361889,-0.1355397542895104
2026-06-28,CARR,-0.1000298632537782,-0.12370312394426634
2026-06-29,CARR,-0.1169502514508083,-0.121452166446447
2026-06-30,CARR,-0.1399899437107544,-0.12763142553454948
2026-07-01,CARR,-0.1490296658160737,-0.13476417229505755
2026-07-02,CARR,-0.1477433136250858,-0.13909055273840032
2026-07-03,CARR,-0.1392313844082863,-0.13913749662836233
2026-07-04,CARR,-0.1392970088426241,-0.13919066736644958
2026-07-05,CARR,-0.1392158801584277,-0.1391990716304423
2026-07-06,CARR,-0.1391132548440379,-0.13917046603497416
2026-07-07,CARR,-0.13928717076231,-0.13920936761075278
2026-07-08,CARR,-0.1416204050843751,-0.1400130467686269
2026-07-09,CARR,-0.1847000705550344,-0.15490872136409606
2026-07-10,CARR,-0.2263216044528784,-0.17871301572702353
2026-07-11,CARR,-0.2408730390486077,-0.19943302350088493
2026-07-12,CARR,-0.24095276824275585,-0.2132729384148419
2026-05-13,CASY,0.0058982960175579,-0.014591989061146504
2026-05-22,CASY,-0.0962024806447099,-0.04179548625566763
2026-05-23,CASY,-0.1123861755413832,-0.06532571601757282
2026-05-24,CASY,-0.1124481715186112,-0.08103320118458562
2026-05-25,CASY,-0.1124481724096204,-0.09150485825959723
2026-05-26,CASY,-0.1124481723069385,-0.09848596294204433
2026-05-27,CASY,-0.1243359199158167,-0.10710261526663511
2026-06-01,CASY,-0.1876670346192586,-0.13395742171750963
2026-06-02,CASY,-0.2124047651656271,-0.16010653620021548
2026-06-03,CASY,-0.2092267874641972,-0.1764799532882094
2026-06-04,CASY,-0.1847271979483319,-0.1792290348415836
2026-06-05,CASY,-0.2028448159060529,-0.18710096186307337
2026-06-06,CASY,-0.1766299438430068,-0.1836106225230512
2026-06-07,CASY,-0.1767583335114301,-0.18132652618584416
2026-06-08,CASY,-0.1767583335114301,-0.17980379529437282
2026-06-09,CASY,-0.2208276429510727,-0.19347841117993947
2026-06-10,CASY,-0.2088620781458167,-0.19860630016856523
2026-06-11,CASY,-0.0334914543873034,-0.14356801824147797
2026-06-12,CASY,-0.0455665840649223,-0.11090087351595942
2026-06-13,CASY,-0.0839669515124067,-0.10192289951477519
2026-06-14,CASY,-0.084022234636546,-0.09595601122203212
2026-06-15,CASY,-0.0840222344642854,-0.09197808563611655
2026-06-16,CASY,-0.1372241538637753,-0.10706010837866947
2026-06-17,CASY,-0.1159871880970341,-0.11003580161812436
2026-06-18,CASY,-0.1140299599323548,-0.11136718772286786
2026-06-19,CASY,-0.1423542765061429,-0.12169621731729288
2026-06-20,CASY,-0.1381522411755801,-0.12718155860338862
2026-06-21,CASY,-0.1381522412787048,-0.13083845282849402
2026-06-22,CASY,-0.1423542975447145,-0.13467706773390087
2026-06-23,CASY,-0.1689879105251019,-0.14611401533096788
2026-06-24,CASY,-0.1645075679778461,-0.15224519954659396
2026-06-25,CASY,-0.2172209820679143,-0.1739037937203674
2026-06-26,CASY,-0.2436417460192229,-0.1971497778199859
2026-06-27,CASY,-0.2586989811302478,-0.21766617892340656
2026-06-28,CASY,-0.2436718949490916,-0.22633475093196825
2026-06-29,CASY,-0.2602962086206269,-0.23765523682818784
2026-06-30,CASY,-0.2534797295587693,-0.24293006773838166
2026-07-01,CASY,-0.2480287253580936,-0.24462962027828566
2026-07-02,CASY,-0.2627652761552973,-0.25067483890395625
2026-07-03,CASY,-0.2602433032130766,-0.25386432700699635
2026-07-04,CASY,-0.2603188270967105,-0.25601582703690107
2026-07-05,CASY,-0.2602143006766469,-0.2574153182501497
2026-07-06,CASY,-0.2600641317988884,-0.25829825609972923
2026-07-07,CASY,-0.2545917626540794,-0.25706275828451264
2026-07-08,CASY,-0.2528250441624139,-0.25565018691047975
2026-07-09,CASY,-0.1998631554502702,-0.2370545097570766
2026-07-10,CASY,-0.2291090849813819,-0.23440603483184502
2026-07-11,CASY,-0.2161697250716749,-0.2283272649117883
2026-07-12,CASY,-0.21624626118258355,-0.22430026366872008
2026-05-13,CAT,-0.0033578486018568,0.02439193099017947
2026-05-22,CAT,-0.0452646323861797,0.0011730765313930844
2026-05-23,CAT,-0.0460408305437211,-0.014564892493644977
2026-05-24,CAT,-0.0461079772984999,-0.025079254095263286
2026-05-25,CAT,-0.0461079781562751,-0.03208882878226722
2026-05-26,CAT,-0.046107978114397,-0.036761878559643815
2026-05-27,CAT,-0.0177774836601383,-0.03043374692647531
2026-06-01,CAT,-0.040329531638017,-0.033732341830322546
2026-06-02,CAT,-0.0392528295459445,-0.03557250440219653
2026-06-03,CAT,-0.0100274172712588,-0.027057475358550624
2026-06-04,CAT,0.0212648773553957,-0.010950024453901853
2026-06-05,CAT,0.0452566592823149,0.007785536791503729
2026-06-06,CAT,0.0357988372129369,0.01712330359864812
2026-06-07,CAT,0.03569652958182,0.02331437892637208
2026-06-08,CAT,0.03569652958182,0.027441762478188053
2026-06-09,CAT,0.0219804257139297,0.025621316890101938
2026-06-10,CAT,0.0396125854443102,0.030285073074838027
2026-06-11,CAT,-0.0173754590636383,0.014398229028679254
2026-06-12,CAT,0.0086361773033338,0.01247754512023077
2026-06-13,CAT,0.0133360287337945,0.012763706324752013
2026-06-14,CAT,0.0132788518294656,0.012935421492989875
2026-06-15,CAT,0.01327885201239,0.013049898332789918
2026-06-16,CAT,0.0213315230578313,0.015810439907803713
2026-06-17,CAT,0.0469482898350518,0.02618972321688641
2026-06-18,CAT,0.0743486963305111,0.04224271425476131
2026-06-19,CAT,0.0736842846931465,0.05272323773422304
2026-06-20,CAT,0.076303751258545,0.06058340890899703
2026-06-21,CAT,0.0763037511809302,0.06582352299964142
2026-06-22,CAT,0.0736842723435307,0.06844377278093786
2026-06-23,CAT,0.0745247172947997,0.07047075428555848
2026-06-24,CAT,0.0584847910515,0.06647543320753899
2026-06-25,CAT,0.0722944193143159,0.0684150952431313
2026-06-26,CAT,0.0898617867148549,0.07556399240037251
2026-06-27,CAT,0.0612559237295864,0.07079463617677714
2026-06-28,CAT,0.0898401365856513,0.07714313631306853
2026-06-29,CAT,0.0570368750496899,0.07044104922527566
2026-06-30,CAT,0.0908252205718894,0.07723577300748025
2026-07-01,CAT,0.0860828128840752,0.08018478629967857
2026-07-02,CAT,0.0378727339539224,0.06608076885109318
2026-07-03,CAT,0.0506599660788879,0.06094050126035809
2026-07-04,CAT,0.0505987308579345,0.05749324445955023
2026-07-05,CAT,0.050669485464507,0.05521865812786916
2026-07-06,CAT,0.0507510309351159,0.053729449063618075
2026-07-07,CAT,0.0478505892563322,0.05176982912785612
2026-07-08,CAT,0.0327201163193721,0.04541992485836145
2026-07-09,CAT,0.0123313292616112,0.03439039299277804
2026-07-10,CAT,-0.0301836441741355,0.012865713937140194
2026-07-11,CAT,-0.0276760031988527,-0.0006481917748574362
2026-07-12,CAT,-0.02772866547638092,-0.00967501634203193
2026-05-13,CB,0.0092640179680103,0.014086338882272767
2026-05-22,CB,0.0125471913866272,0.013573289717057579
2026-05-23,CB,-0.0006241477361687,0.008840810565982155
2026-05-24,CB,-0.0007050896029246,0.005658843843013237
2026-05-25,CB,-0.0007050903716905,0.0035375324381119915
2026-05-26,CB,-0.0007050904926605,0.0021233247945211613
2026-05-27,CB,0.0020061345885379,0.002084261392526741
2026-06-01,CB,-0.0338366740996709,-0.009889383771539138
2026-06-02,CB,-0.0279091026000662,-0.015895956714381494
2026-06-03,CB,-0.018219699789971,-0.016670537739578
2026-06-04,CB,-0.0155013807237273,-0.016280818734294433
2026-06-05,CB,-0.0168280282043557,-0.016463221890981525
2026-06-06,CB,0.0154321255353651,-0.005831439415532652
2026-06-07,CB,0.015277565932838,0.001204895700590898
2026-06-08,CB,0.015277565932838,0.005895785778006598
2026-06-09,CB,0.003372762784008,0.005054778113340399
2026-06-10,CB,0.0069631587587618,0.005690904995147532
2026-06-11,CB,-0.0009683230847754,0.0034711623018398884
2026-06-12,CB,-0.0141427437270309,-0.002400139707783707
2026-06-13,CB,-0.0140029952299683,-0.006267758215178571
2026-06-14,CB,-0.0120535410528462,-0.008196352494401114
2026-06-15,CB,-0.0120535407477565,-0.009482081912186243
2026-06-16,CB,-0.0141133978370819,-0.011025853887151462
2026-06-17,CB,-0.0170411693684724,-0.013030959047591776
2026-06-18,CB,0.0008239882542339,-0.008412643280316552
2026-06-19,CB,-0.0116538925333315,-0.009493059697988202
2026-06-20,CB,-0.0021099128277103,-0.007032010741228901
2026-06-21,CB,-0.0021099129702509,-0.005391311484236235
2026-06-22,CB,-0.0116539272460474,-0.007478850071506623
2026-06-23,CB,-0.0073454594571378,-0.007434386533383683
2026-06-24,CB,0.006286515120777,-0.002860752648663456
2026-06-25,CB,0.0179157034048918,0.004064732702521628
2026-06-26,CB,0.0029828111386514,0.0037040921812315523
2026-06-27,CB,0.0209290710867727,0.009445751816411935
2026-06-28,CB,0.0029509760654391,0.007280826566087657
2026-06-29,CB,0.0194645722554251,0.011342075129200139
2026-06-30,CB,0.0109649373933045,0.011216362550568258
2026-07-01,CB,0.018629998983398,0.013687574694844839
2026-07-02,CB,0.0359265072811163,0.021100552223601993
2026-07-03,CB,0.0514029820490517,0.03120136216541856
2026-07-04,CB,0.0513290344349496,0.03791058625526224
2026-07-05,CB,0.0514298352802808,0.042417002596935094
2026-07-06,CB,0.0515724338914384,0.0454688130284362
2026-07-07,CB,0.0451449879603123,0.04536087133906157
2026-07-08,CB,0.0520447394389657,0.047588827372362946
2026-07-09,CB,0.0559255384156298,0.0503677310534519
2026-07-10,CB,0.0333245776918794,0.044686679932927735
2026-07-11,CB,0.0373083110592384,0.04222722364169796
2026-07-12,CB,0.037219937873440384,0.040558128385612104
2026-05-13,CBOE,0.1637705565702001,0.12332255905732484
2026-05-22,CBOE,0.0584470049321444,0.10169737434893136
2026-05-23,CBOE,0.0595732038906298,0.08765598419616417
2026-05-24,CBOE,0.0595121275867459,0.07827469865969142
2026-05-25,CBOE,0.0595121266898027,0.07202050800306185
2026-05-26,CBOE,0.0595121268033411,0.06785104760315494
2026-05-27,CBOE,0.0546893833534998,0.06346382618660323
2026-06-01,CBOE,-0.0202552016167495,0.03555748358548566
2026-06-02,CBOE,-0.1125829398393478,-0.013822657556125488
2026-06-03,CBOE,-0.156029294507797,-0.06122486987334933
2026-06-04,CBOE,-0.1325632562177993,-0.08500433198816598
2026-06-05,CBOE,-0.1493060881343424,-0.10643825070355813
2026-06-06,CBOE,-0.1568960550334747,-0.12325751881353034
2026-06-07,CBOE,-0.157062803361077,-0.1345259469960459
2026-06-08,CBOE,-0.157062803361077,-0.14203823245105626
2026-06-09,CBOE,-0.1292306492274577,-0.13776903804319007
2026-06-10,CBOE,-0.1087485569194607,-0.1280955443352803
2026-06-11,CBOE,-0.1033398831102729,-0.11984365726027785
2026-06-12,CBOE,-0.1236384191016673,-0.12110857787407434
2026-06-13,CBOE,-0.128386055866186,-0.1235344038714449
2026-06-14,CBOE,-0.1284638140889848,-0.12517754061062486
2026-06-15,CBOE,-0.1284638137901677,-0.1262729650038058
2026-06-16,CBOE,-0.1340826147130734,-0.12887618157356168
2026-06-17,CBOE,-0.1967293715046161,-0.15149391155057984
2026-06-18,CBOE,-0.2050605872736851,-0.16934947012494828
2026-06-19,CBOE,-0.212472327840461,-0.1837237560301192
2026-06-20,CBOE,-0.1984166811378202,-0.1886213977326862
2026-06-21,CBOE,-0.198416681298178,-0.19188649225451682
2026-06-22,CBOE,-0.2124723689143,-0.19874845114111123
2026-06-23,CBOE,-0.1817777499754077,-0.1930915507525434
2026-06-24,CBOE,-0.1925390582804885,-0.19290738659519177
2026-06-25,CBOE,-0.2000807703280703,-0.1952985145061513
2026-06-26,CBOE,-0.202895538851565,-0.19783085595462255
2026-06-27,CBOE,-0.2149906898509612,-0.20355080058673544
2026-06-28,CBOE,-0.2029304506060391,-0.20334401725983667
2026-06-29,CBOE,-0.2150594378226547,-0.20724915744744268
2026-06-30,CBOE,-0.2382863518692792,-0.21759488892138823
2026-07-01,CBOE,-0.2054595464704933,-0.21354977477108994
2026-07-02,CBOE,-0.2120599844589183,-0.21305317800036608
2026-07-03,CBOE,-0.2500504664648473,-0.22538560748852648
2026-07-04,CBOE,-0.2501371470278413,-0.2336361206682981
2026-07-05,CBOE,-0.2500062513594477,-0.2390928308986813
2026-07-06,CBOE,-0.2498025008857569,-0.24266272089437319
2026-07-07,CBOE,-0.2673334886993929,-0.2508863101627131
2026-07-08,CBOE,-0.2499745726428251,-0.2505823976560838
2026-07-09,CBOE,-0.2158148203049327,-0.2389932052057001
2026-07-10,CBOE,-0.1980979316357354,-0.22536144734904523
2026-07-11,CBOE,-0.2100822990024443,-0.22026839790017827
2026-07-12,CBOE,-0.2102097721895428,-0.21691552266329978
2026-05-13,CBRE,0.0008514381385339,-0.036609447566369704
2026-05-22,CBRE,-0.0211333859455158,-0.031450760359418406
2026-05-23,CBRE,-0.0261197705240224,-0.02967376374761974
2026-05-24,CBRE,-0.0262071227316674,-0.028518216742302295
2026-05-25,CBRE,-0.0262071234590723,-0.027747852314558966
2026-05-26,CBRE,-0.026207123655715,-0.02723427609494431
2026-05-27,CBRE,-0.0324939477855295,-0.028987499991806043
2026-06-01,CBRE,-0.031950556852039,-0.029975185611883698
2026-06-02,CBRE,-0.0189555055433741,-0.0263019589223805
2026-06-03,CBRE,-0.0043821237816467,-0.018995347208802568
2026-06-04,CBRE,-0.0097690059262292,-0.015919900114611446
2026-06-05,CBRE,0.0153769866983288,-0.005487604510298031
2026-06-06,CBRE,0.0130551027150005,0.000693297898134812
2026-06-07,CBRE,0.0128906062243139,0.004759067340194508
2026-06-08,CBRE,0.0128906062243139,0.007469580301567639
2026-06-09,CBRE,0.0287565261458544,0.014565228916329893
2026-06-10,CBRE,0.0541337838642456,0.0277547472323018
2026-06-11,CBRE,0.0416964136368993,0.03240196936716763
2026-06-12,CBRE,0.0134144119924794,0.026072783575604892
2026-06-13,CBRE,0.0166976320672627,0.02294773307282416
2026-06-14,CBRE,0.0166180952038647,0.02083785378317101
2026-06-15,CBRE,0.0166180955126974,0.019431267693013142
2026-06-16,CBRE,0.016515126535545,0.018459220640523764
2026-06-17,CBRE,0.0215950815781019,0.019504507619716477
2026-06-18,CBRE,0.0125924791363921,0.017200498125275018
2026-06-19,CBRE,0.0178896716155426,0.01743022262203088
2026-06-20,CBRE,0.0124465204123468,0.01576898855213619
2026-06-21,CBRE,0.01244652026462,0.014661499122964126
2026-06-22,CBRE,0.0178896364503014,0.015737544898743218
2026-06-23,CBRE,0.0038642127292079,0.011779767508898113
2026-06-24,CBRE,0.0275937886067102,0.017051107874835478
2026-06-25,CBRE,0.0220373783315023,0.018713198027057752
2026-06-26,CBRE,0.0242471064783721,0.02055783417749587
2026-06-27,CBRE,0.037579433434724,0.026231700596571914
2026-06-28,CBRE,0.0242147447800013,0.025559381991048378
2026-06-29,CBRE,0.0363470907097467,0.029155284897281152
2026-06-30,CBRE,0.0269944556891103,0.028435008494557535
2026-07-01,CBRE,0.0245856294548597,0.02715188214799159
2026-07-02,CBRE,0.0392114662213433,0.031171743505775493
2026-07-03,CBRE,0.0380239653968645,0.033455817469471835
2026-07-04,CBRE,0.0379465060551712,0.03495271366470496
2026-07-05,CBRE,0.0380556070061102,0.03598701144517338
2026-07-06,CBRE,0.0382150712062793,0.036729698032208685
2026-07-07,CBRE,0.0363956595617013,0.03661835187537289
2026-07-08,CBRE,0.0403396070991694,0.03785877028330506
2026-07-09,CBRE,0.0178870795947445,0.031201540053784872
2026-07-10,CBRE,0.0241727055685268,0.02885859522536552
2026-07-11,CBRE,0.0134471779640664,0.023721456138265817
2026-07-12,CBRE,0.013339794184315416,0.020260902153615687
2026-05-13,CCI,-0.2304109337717384,-0.21405093568716715
2026-05-22,CCI,-0.2576930645323979,-0.22859831196891076
2026-05-23,CCI,-0.2705609089047312,-0.24258584428085092
2026-05-24,CCI,-0.2706363379519559,-0.2519360088378859
2026-05-25,CCI,-0.2706363387562918,-0.2581694521440212
2026-05-26,CCI,-0.2706363388121843,-0.2623250810334089
2026-05-27,CCI,-0.2530421333256288,-0.25923076513081555
2026-06-01,CCI,-0.2742826115481647,-0.26424804726993195
2026-06-02,CCI,-0.2900450197538499,-0.2728470380979046
2026-06-03,CCI,-0.3033883983178184,-0.28302749150454254
2026-06-04,CCI,-0.3074210790730142,-0.2911586873606998
2026-06-05,CCI,-0.2889199463566874,-0.2904124403593623
2026-06-06,CCI,-0.2657473162594354,-0.28219073232605335
2026-06-07,CCI,-0.265891022138177,-0.2767574955967612
2026-06-08,CCI,-0.265891022138177,-0.27313533777723314
2026-06-09,CCI,-0.2797896378333297,-0.275353437795932
2026-06-10,CCI,-0.2709729167051825,-0.2738932640990155
2026-06-11,CCI,-0.2558567457032997,-0.2678810913004436
2026-06-12,CCI,-0.2992647126707171,-0.2783422984238681
2026-06-13,CCI,-0.2972108132636942,-0.2846318033704768
2026-06-14,CCI,-0.2972857289415929,-0.2888497785608488
2026-06-15,CCI,-0.297285728658782,-0.2916617619268266
2026-06-16,CCI,-0.3248346747560708,-0.3027193995365747
2026-06-17,CCI,-0.3095046077978144,-0.3049811356236546
2026-06-18,CCI,-0.318664618539607,-0.3095422965956387
2026-06-19,CCI,-0.3321748227993314,-0.3170864719968696
2026-06-20,CCI,-0.3289667290807993,-0.3210465576915129
2026-06-21,CCI,-0.3289667292246334,-0.32368661486921974
2026-06-22,CCI,-0.3321748574019287,-0.32651602904678945
2026-06-23,CCI,-0.3099230993612961,-0.32098505248495834
2026-06-24,CCI,-0.2752984325205089,-0.3057561791634752
2026-06-25,CCI,-0.2775824995797935,-0.2963649526355813
2026-06-26,CCI,-0.3141230430320858,-0.30228431610108286
2026-06-27,CCI,-0.3067029564276601,-0.30375719620994196
2026-06-28,CCI,-0.3141546955348689,-0.30722302931825096
2026-06-29,CCI,-0.3080929710556392,-0.3075130098973804
2026-06-30,CCI,-0.3419608967626494,-0.31899563885247006
2026-07-01,CCI,-0.3596675112282594,-0.33255292964439986
2026-07-02,CCI,-0.3617417940091434,-0.3422825510993144
2026-07-03,CCI,-0.4066444958238536,-0.36373653267416084
2026-07-04,CCI,-0.4067283708624275,-0.3780671454035831
2026-07-05,CCI,-0.4066041061608066,-0.38757946565599094
2026-07-06,CCI,-0.4064138296313788,-0.3938575869811203
2026-07-07,CCI,-0.4301330485525879,-0.40594940750494285
2026-07-08,CCI,-0.4111595879095895,-0.40768613430649175
2026-07-09,CCI,-0.3981925900732795,-0.40452161956208765
2026-07-10,CCI,-0.4041120353195939,-0.40438509148125645
2026-07-11,CCI,-0.3849231219916371,-0.39789776831805
2026-07-12,CCI,-0.3850440324500027,-0.3936131896953676
2026-05-13,CCL,0.0808301498867691,0.09991465105093417
2026-05-22,CCL,0.176640047617324,0.12548978323973078
2026-05-23,CCL,0.1523360642255399,0.13443854356833385
2026-05-24,CCL,0.1522430917930327,0.1403733929765668
2026-05-25,CCL,0.1522430911018908,0.14432995901834147
2026-05-26,CCL,0.1522430908389027,0.14696766962519522
2026-05-27,CCL,0.1742204001752172,0.15605191314186923
2026-06-01,CCL,0.2699190871695262,0.19400763781775487
2026-06-02,CCL,0.2682984902633898,0.2187712552996332
2026-06-03,CCL,0.2809913508261132,0.2395112871417932
2026-06-04,CCL,0.286672070419081,0.25523154823422245
2026-06-05,CCL,0.3194756210528497,0.27664623917376485
2026-06-06,CCL,0.3072236098567252,0.286838696068085
2026-06-07,CCL,0.3070759011394,0.29358443109185667
2026-06-08,CCL,0.3070759011394,0.2980815877743711
2026-06-09,CCL,0.2993532296425886,0.2985054683971103
2026-06-10,CCL,0.3198105222732212,0.3056071530224806
2026-06-11,CCL,0.3286113539170097,0.31327521998732366
2026-06-12,CCL,0.3728251021029161,0.3331251806925212
2026-06-13,CCL,0.3787948207480821,0.34834839404437484
2026-06-14,CCL,0.3787294319951352,0.3584754066946283
2026-06-15,CCL,0.3787294322243003,0.3652267485378523
2026-06-16,CCL,0.3855705040234579,0.3720080003663875
2026-06-17,CCL,0.4358687248952629,0.39329490854267934
2026-06-18,CCL,0.3933291909986586,0.3933063360280058
2026-06-19,CCL,0.4196360156400843,0.4020828958986986
2026-06-20,CCL,0.4224720886150844,0.4088792934708272
2026-06-21,CCL,0.4224720885131018,0.41341022515158543
2026-06-22,CCL,0.4196359951016882,0.4154854818016197
2026-06-23,CCL,0.3671911535063169,0.39938737236985217
2026-06-24,CCL,0.3441972589309736,0.38099066789022595
2026-06-25,CCL,0.3440702922379146,0.3686838760061222
2026-06-26,CCL,0.3285397226318117,0.3553024915480187
2026-06-27,CCL,0.3674981578202849,0.3593677136387741
2026-06-28,CCL,0.328510196199803,0.34908187449245043
2026-06-29,CCL,0.3650058856195087,0.3543898782014699
2026-06-30,CCL,0.3637598488738681,0.357513201758936
2026-07-01,CCL,0.3176811737910092,0.3442358591029604
2026-07-02,CCL,0.3027701489501251,0.330413955718682
2026-07-03,CCL,0.311615518391597,0.324147809942987
2026-07-04,CCL,0.3115411381952767,0.31994558602708356
2026-07-05,CCL,0.3116429614656116,0.3171780445065929
2026-07-06,CCL,0.311787637616589,0.315381242209925
2026-07-07,CCL,0.2914496092011396,0.30740403120699655
2026-07-08,CCL,0.2903198007161225,0.3017092877100386
2026-07-09,CCL,0.1984975021993792,0.26730535920648546
2026-07-10,CCL,0.2365609163697559,0.25705721159424233
2026-07-11,CCL,0.2268280298715821,0.24698081768668895
2026-07-12,CCL,0.226714829663679,0.24022548834568563
2026-05-13,CDNS,-0.0041880239348482,-0.0021303926109905997
2026-05-22,CDNS,0.0501243155063416,0.015287843428120132
2026-05-23,CDNS,0.0490567268042974,0.02654413788684589
2026-05-24,CDNS,0.0490006901146796,0.0340296552961238
2026-05-25,CDNS,0.0490006891852197,0.03901999992582243
2026-05-26,CDNS,0.0490006893582496,0.042346896403298154
2026-05-27,CDNS,0.0295652127304003,0.03808633517899887
2026-06-01,CDNS,-0.0036601792509908,0.024170830369002316
2026-06-02,CDNS,0.0541717952123501,0.03417115198345158
2026-06-03,CDNS,0.0507790912848981,0.03970713175060042
2026-06-04,CDNS,0.038425864928863,0.03928004281002129
2026-06-05,CDNS,0.0372576296312751,0.03860590508377256
2026-06-06,CDNS,0.0099233888742187,0.029045066347254612
2026-06-07,CDNS,0.0098166877481416,0.022635606814216946
2026-06-08,CDNS,0.0098166877481416,0.018362633792191833
2026-06-09,CDNS,0.0558040530781566,0.03084310688751342
2026-06-10,CDNS,0.0547805424617894,0.038822252078938746
2026-06-11,CDNS,0.0477074511067962,0.04178398508822456
2026-06-12,CDNS,0.0263732392744502,0.03664706981696644
2026-06-13,CDNS,0.0113691960252501,0.028221111886394333
2026-06-14,CDNS,0.0113128267159329,0.02258501682957386
2026-06-15,CDNS,0.0113128268943098,0.018827620184485843
2026-06-16,CDNS,0.018103485177914,0.018586241848961897
2026-06-17,CDNS,0.0198323302549506,0.019001604650958133
2026-06-18,CDNS,0.0415572767926818,0.02652016203153269
2026-06-19,CDNS,0.0138430817255231,0.02229446859619616
2026-06-20,CDNS,0.0113610418530263,0.018649993015139543
2026-06-21,CDNS,0.0113610417612008,0.016220342597159963
2026-06-22,CDNS,0.0138430650491097,0.015427916747809876
2026-06-23,CDNS,-0.0073595341074291,0.00783209979606355
2026-06-24,CDNS,0.0214562113683364,0.012373470320154501
2026-06-25,CDNS,0.0215105182668521,0.015419152969053702
2026-06-26,CDNS,-0.0247926817343791,0.0020152080679094377
2026-06-27,CDNS,0.0228379643691485,0.008956126834989125
2026-06-28,CDNS,-0.0248184209541385,-0.0023020557613867487
2026-06-29,CDNS,0.0189893717602679,0.0047950867458314665
2026-06-30,CDNS,-0.0092339311494103,0.00011874744741754506
2026-07-01,CDNS,-0.0057477308051437,-0.0018367453034362033
2026-07-02,CDNS,0.0209158348865448,0.005747448093224131
2026-07-03,CDNS,0.0360366318101254,0.015843842665524552
2026-07-04,CDNS,0.0359750182496983,0.022554234526915802
2026-07-05,CDNS,0.0360466670764247,0.027051712043418767
2026-07-06,CDNS,0.0361300295780829,0.030077817888306813
2026-07-07,CDNS,0.0367412670623876,0.03229896761300041
2026-07-08,CDNS,0.0447867559394679,0.03646156372182291
2026-07-09,CDNS,0.0529927102641086,0.04197194590258481
2026-07-10,CDNS,0.0966708822302718,0.06020492467848047
2026-07-11,CDNS,0.1475310003459947,0.08931361656765188
2026-07-12,CDNS,0.14753815848625704,0.10872179720718694
2026-05-13,CEG,0.3306845292653693,0.049659112739620745
2026-05-22,CEG,0.4064192645938898,0.16857916335771042
2026-05-23,CEG,0.3845874820969749,0.2405819362707986
2026-05-24,CEG,0.3845038861691325,0.28855591957024324
2026-05-25,CEG,0.3845038854174912,0.32053857485265924
2026-05-26,CEG,0.3845038852651906,0.3418603449901697
2026-05-27,CEG,0.377313583737197,0.3536780912391788
2026-06-01,CEG,0.3563954406938057,0.35458387439072114
2026-06-02,CEG,0.3252604869817598,0.3448094119210674
2026-06-03,CEG,0.3381657610429818,0.3425948616283722
2026-06-04,CEG,0.3166952589123361,0.33396166072302685
2026-06-05,CEG,0.3064768893935013,0.3248000702798517
2026-06-06,CEG,0.2711531005094694,0.30691774702305763
2026-06-07,CEG,0.2709572731450327,0.2949309223970493
2026-06-08,CEG,0.2709572731450327,0.28693970597971047
2026-06-09,CEG,0.2781464623495157,0.28400862476964556
2026-06-10,CEG,0.291553784246954,0.2865236779287484
2026-06-11,CEG,0.2626857336924686,0.27857769651665515
2026-06-12,CEG,0.2781807652631775,0.2784453860988293
2026-06-13,CEG,0.2900388289900187,0.2823098670625591
2026-06-14,CEG,0.2899482534016336,0.28485599584225063
2026-06-15,CEG,0.2899482537726249,0.2865534151523754
2026-06-16,CEG,0.3114415385689879,0.29484945629124626
2026-06-17,CEG,0.2869295540898408,0.2922094888907778
2026-06-18,CEG,0.2973679377706958,0.2939289718507505
2026-06-19,CEG,0.3796253879002497,0.32249444386725024
2026-06-20,CEG,0.3828793115411227,0.3426227330918744
2026-06-21,CEG,0.3828793113921329,0.3560415925252939
2026-06-22,CEG,0.3796253515650575,0.36390284553854846
2026-06-23,CEG,0.3764891780831138,0.36809828972007025
2026-06-24,CEG,0.3487305575890784,0.36164237900973967
2026-06-25,CEG,0.3248625227668754,0.3493824269287849
2026-06-26,CEG,0.3525716306249553,0.3504454948275084
2026-06-27,CEG,0.3147889767490792,0.3385599888013654
2026-06-28,CEG,0.3525374408292358,0.34321913947732224
2026-06-29,CEG,0.3148110893662136,0.33374978944028605
2026-06-30,CEG,0.3234448915917679,0.33031482349078
2026-07-01,CEG,0.3450204482073825,0.3352166983963142
2026-07-02,CEG,0.300887441950055,0.3237736129142278
2026-07-03,CEG,0.2996291077442479,0.3157254445242345
2026-07-04,CEG,0.2995433591550444,0.3103314160678378
2026-07-05,CEG,0.2996720520669074,0.3067782947341944
2026-07-06,CEG,0.2998713265991955,0.3044759720225281
2026-07-07,CEG,0.3154896589208771,0.30814720098864445
2026-07-08,CEG,0.2901182333050912,0.3021375450941267
2026-07-09,CEG,0.2942175303271397,0.29949754017179775
2026-07-10,CEG,0.3278728357936494,0.3089559720457483
2026-07-11,CEG,0.3044914626996596,0.3074678022637187
2026-07-12,CEG,0.3043567595880187,0.3064307880384854
2026-05-13,CI,0.2705705625265522,0.29254866742247176
2026-05-22,CI,0.3295690006886645,0.3048887785112027
2026-05-23,CI,0.3490053180066046,0.3195942916763367
2026-05-24,CI,0.3489282415232438,0.3293722749586391
2026-05-25,CI,0.3489282407295375,0.33589093021560523
2026-05-26,CI,0.3489282406541974,0.34023670036180265
2026-05-27,CI,0.3277832544358767,0.33608555171982735
2026-06-01,CI,0.3105131468762107,0.32756141677195516
2026-06-02,CI,0.3159117863828046,0.32367820664223834
2026-06-03,CI,0.3103775305752542,0.31924464795324364
2026-06-04,CI,0.3086448687500661,0.31571138821885114
2026-06-05,CI,0.3400685594562282,0.3238304452979769
2026-06-06,CI,0.3788687178005263,0.34217653613216004
2026-06-07,CI,0.3787275634096343,0.35436021189131817
2026-06-08,CI,0.3787275634096343,0.36248266239742355
2026-06-09,CI,0.395746247651256,0.37357052414870107
2026-06-10,CI,0.4129507960115238,0.38669728143630866
2026-06-11,CI,0.3945226335114233,0.38930573212801356
2026-06-12,CI,0.3739565636192047,0.3841893426250773
2026-06-13,CI,0.3796528138569678,0.3826771663690408
2026-06-14,CI,0.3795824205087886,0.38164558441562346
2026-06-15,CI,0.3795824207661344,0.38095786319912717
2026-06-16,CI,0.3795788718306374,0.3804981994096306
2026-06-17,CI,0.3650648772077488,0.37535375867567
2026-06-18,CI,0.3588126256637104,0.36984004767168355
2026-06-19,CI,0.3384972739345919,0.3593924564259864
2026-06-20,CI,0.3504683389851969,0.3564177506123899
2026-06-21,CI,0.3504683388527211,0.354434613359167
2026-06-22,CI,0.3384972423881254,0.3491221563688198
2026-06-23,CI,0.3536707132151864,0.35063834198427535
2026-06-24,CI,0.3503228531565042,0.350533179041685
2026-06-25,CI,0.3308271263536931,0.34396449481235436
2026-06-26,CI,0.3264131901958709,0.3381140599401932
2026-06-27,CI,0.3415336039664194,0.3392539079489353
2026-06-28,CI,0.3263817502696077,0.33496318872249276
2026-06-29,CI,0.3399752689945109,0.3366338821464988
2026-06-30,CI,0.338665257555262,0.3373110072827532
2026-07-01,CI,0.3269918553298327,0.33387128996511306
2026-07-02,CI,0.3265591596975027,0.331433913209243
2026-07-03,CI,0.3419757184482457,0.33494784828891055
2026-07-04,CI,0.3419001175626329,0.3372652713801514
2026-07-05,CI,0.3420048259798873,0.33884512291339675
2026-07-06,CI,0.3421553646709912,0.33994853683259496
2026-07-07,CI,0.3125448602232569,0.33081397796281564
2026-07-08,CI,0.3217061157455687,0.3277780238904
2026-07-09,CI,0.3470362439045544,0.3341974305617848
2026-07-10,CI,0.3466262666255255,0.33834037591636507
2026-07-11,CI,0.3691651540153358,0.3486153019493553
2026-07-12,CI,0.3690828052716507,0.3554378030567871
2026-05-13,CIEN,0.4382827376578426,0.43822317872306327
2026-05-22,CIEN,0.3253561663594196,0.4006008412685154
2026-05-23,CIEN,0.3116382790015404,0.3709466538461904
2026-05-24,CIEN,0.3116159062669634,0.3511697379864481
2026-05-25,CIEN,0.3116159051202959,0.3379851270310641
2026-05-26,CIEN,0.311615905690721,0.3291953865842831
2026-05-27,CIEN,0.2985525012776451,0.31898109148207043
2026-06-01,CIEN,0.2105035966640389,0.28282192654272664
2026-06-02,CIEN,0.1931614149329438,0.25293508933946574
2026-06-03,CIEN,0.2715799035797978,0.25915002741957643
2026-06-04,CIEN,0.3913943434440532,0.30323146609440205
2026-06-05,CIEN,0.2272745955459748,0.2779125092449263
2026-06-06,CIEN,0.1469531100906302,0.23425937619349427
2026-06-07,CIEN,0.1468974853619238,0.20513874591630413
2026-06-08,CIEN,0.1468974853619238,0.18572499239817736
2026-06-09,CIEN,0.0280235942031383,0.13315785966649768
2026-06-10,CIEN,-0.0260003657681397,0.08010511785495189
2026-06-11,CIEN,-0.0327569338747556,0.0424844339450494
2026-06-12,CIEN,-0.0392202070811274,0.015249553602990473
2026-06-13,CIEN,-0.1013023932240723,-0.023601095339363783
2026-06-14,CIEN,-0.1013650949481966,-0.04952242854230805
2026-06-15,CIEN,-0.1013650947341621,-0.06680331727292607
2026-06-16,CIEN,-0.091951746614405,-0.07518612705341905
2026-06-17,CIEN,-0.1820217845887661,-0.11079801289853475
2026-06-18,CIEN,-0.2100441692759707,-0.14388006502434675
2026-06-19,CIEN,-0.1861383943125503,-0.15796617478708128
2026-06-20,CIEN,-0.1830733698735926,-0.1663352398159184
2026-06-21,CIEN,-0.1830733700013317,-0.17191461654438953
2026-06-22,CIEN,-0.1861384235064301,-0.1766558855317364
2026-06-23,CIEN,-0.1740453052725818,-0.17578569211201822
2026-06-24,CIEN,-0.2016826961634004,-0.1844180267958123
2026-06-25,CIEN,-0.2083803020328558,-0.1924054518748268
2026-06-26,CIEN,-0.1131213217454708,-0.16597740849837483
2026-06-27,CIEN,-0.146412618816639,-0.15945581193779623
2026-06-28,CIEN,-0.113148389402117,-0.14402000442590315
2026-06-29,CIEN,-0.1487901418364652,-0.14561005022942386
2026-06-30,CIEN,-0.0964305713280481,-0.12921689059563193
2026-07-01,CIEN,-0.1061246513289844,-0.12151947750674943
2026-07-02,CIEN,-0.1809586711851264,-0.14133254206620843
2026-07-03,CIEN,-0.3024464852566733,-0.1950371897963634
2026-07-04,CIEN,-0.3025288172361899,-0.23086773227630558
2026-07-05,CIEN,-0.302408199615045,-0.25471455472255206
2026-07-06,CIEN,-0.3022253338540224,-0.27055148109970883
2026-07-07,CIEN,-0.2603833178295423,-0.2671620933429867
2026-07-08,CIEN,-0.3161954161980216,-0.283506534294665
2026-07-09,CIEN,-0.3291843031782545,-0.2987324572558615
2026-07-10,CIEN,-0.2810760388628932,-0.2928469844582054
2026-07-11,CIEN,-0.3058419794397035,-0.2971786494520381
2026-07-12,CIEN,-0.30596416640420593,-0.3001071551027607
2026-05-13,CL,0.0581345449928746,0.07326358230637567
2026-05-22,CL,0.0606436430799131,0.06905693589755482
2026-05-23,CL,0.0582357316419668,0.06544986781235881
2026-05-24,CL,0.0581510054203431,0.06301691368168691
2026-05-25,CL,0.0581510046759947,0.06139494401312284
2026-05-26,CL,0.0581510045103512,0.0603136308455323
2026-05-27,CL,0.0667581133161425,0.06246179166906904
2026-06-01,CL,0.0738395382290575,0.06625437385573187
2026-06-02,CL,0.0742374143884544,0.06891538736663938
2026-06-03,CL,0.0731952516548952,0.07034200879605798
2026-06-04,CL,0.0664016591898823,0.06902855892733276
2026-06-05,CL,0.0515336937730006,0.06319693720922204
2026-06-06,CL,0.0743159879149508,0.06690328744446497
2026-06-07,CL,0.0741519220686874,0.06931949898587245
2026-06-08,CL,0.0741519220686874,0.0709303066801441
2026-06-09,CL,0.0599313689024003,0.06726399408756284
2026-06-10,CL,0.0836037322940665,0.07271057348973073
2026-06-11,CL,0.1102682539757715,0.08522980031841099
2026-06-12,CL,0.0906535424050859,0.08703771434730263
2026-06-13,CL,0.0822544337532464,0.08544328748261723
2026-06-14,CL,0.0821755360877339,0.08435403701765612
2026-06-15,CL,0.0821755363929672,0.08362787014275982
2026-06-16,CL,0.0940005884095457,0.08708544289835513
2026-06-17,CL,0.1016324148210496,0.09193443353925329
2026-06-18,CL,0.1281811009313576,0.10401665600328806
2026-06-19,CL,0.1133099384763571,0.10711441682764442
2026-06-20,CL,0.1212683481118844,0.11183239392239108
2026-06-21,CL,0.1212683479767455,0.11497771194050922
2026-06-22,CL,0.1133099063814265,0.11442177675414833
2026-06-23,CL,0.1140983996414627,0.11431398438325313
2026-06-24,CL,0.1427690963078636,0.12379902169145664
2026-06-25,CL,0.1397912909318385,0.12912977810491727
2026-06-26,CL,0.1331223097578706,0.13046062198923505
2026-06-27,CL,0.1306270156578894,0.13051608654545319
2026-06-28,CL,0.1330918610389944,0.13137467804330027
2026-06-29,CL,0.1289678359532602,0.13057239734662024
2026-06-30,CL,0.1189297091523406,0.12669150128186035
2026-07-01,CL,0.1309576728772714,0.1281135584803307
2026-07-02,CL,0.1394177409065983,0.1318816192890866
2026-07-03,CL,0.1608495475059838,0.14153759536138566
2026-07-04,CL,0.1607766915405725,0.14795062742111462
2026-07-05,CL,0.1608749122314968,0.1522587223579087
2026-07-06,CL,0.1610122680390241,0.1551765709182805
2026-07-07,CL,0.1519983609480028,0.1541171675948546
2026-07-08,CL,0.1851380031188408,0.16445744610285
2026-07-09,CL,0.1696794863170777,0.16619812617425925
2026-07-10,CL,0.1403168253521249,0.1575710259002145
2026-07-11,CL,0.1598727906800807,0.15833828082683657
2026-07-12,CL,0.15979352143342052,0.15882336102903122
2026-05-13,CMCSA,0.4373502337736212,0.4384443841912452
2026-05-22,CMCSA,0.457552470872744,0.4448137464184115
2026-05-23,CMCSA,0.4676636806270907,0.4524303911546379
2026-05-24,CMCSA,0.467690341883952,0.45751704139774263
2026-05-25,CMCSA,0.4676903412032673,0.4609081413329176
2026-05-26,CMCSA,0.4676903409211469,0.463168874528994
2026-05-27,CMCSA,0.4891881757413788,0.4718419749331223
2026-06-01,CMCSA,0.4994297026744543,0.481037884180233
2026-06-02,CMCSA,0.5101609629775984,0.4907455771126882
2026-06-03,CMCSA,0.4869818139335397,0.4894909893863054
2026-06-04,CMCSA,0.47240235195439,0.4837947769090003
2026-06-05,CMCSA,0.4552137435499597,0.4742677657893202
2026-06-06,CMCSA,0.44800887262566,0.4655148014014335
2026-06-07,CMCSA,0.4478104246708593,0.4596133424912421
2026-06-08,CMCSA,0.4478104246708593,0.4556790365511145
2026-06-09,CMCSA,0.4525774556959673,0.4546451762660655
2026-06-10,CMCSA,0.4424905949905845,0.4505936491742385
2026-06-11,CMCSA,0.4487962513473681,0.4499945165652817
2026-06-12,CMCSA,0.45503993675347,0.45167632329467783
2026-06-13,CMCSA,0.4670195837977606,0.45679074346237214
2026-06-14,CMCSA,0.466927960478695,0.46016981580114646
2026-06-15,CMCSA,0.4669279608555861,0.462422530819293
2026-06-16,CMCSA,0.4686193623717681,0.46448814133678473
2026-06-17,CMCSA,0.4680216807074956,0.4656659877936884
2026-06-18,CMCSA,0.4484925649442665,0.4599415135105478
2026-06-19,CMCSA,0.4541625796848458,0.45801520223531383
2026-06-20,CMCSA,0.4576710757452972,0.4579004934053083
2026-06-21,CMCSA,0.4576710755676685,0.45782402079276174
2026-06-22,CMCSA,0.4541625337255728,0.45660352510369884
2026-06-23,CMCSA,0.4659171458384481,0.4597080653486153
2026-06-24,CMCSA,0.4524838007037249,0.4572999771336519
2026-06-25,CMCSA,0.4532868752539601,0.455962276507088
2026-06-26,CMCSA,0.4142614126347888,0.44206198854965495
2026-06-27,CMCSA,0.4080512151694848,0.43072506408959826
2026-06-28,CMCSA,0.4142248512710328,0.42522499315007645
2026-06-29,CMCSA,0.4084497587442548,0.4196332483481359
2026-06-30,CMCSA,0.4347860098760583,0.4246841688574434
2026-07-01,CMCSA,0.4540704456261444,0.43447959444701045
2026-07-02,CMCSA,0.4225973369363532,0.4305188419434581
2026-07-03,CMCSA,0.4116010961798261,0.4242129266889141
2026-07-04,CMCSA,0.4115145646748203,0.41998013935088285
2026-07-05,CMCSA,0.4116451080388248,0.4172017955801969
2026-07-06,CMCSA,0.4118481426395721,0.41541724459998863
2026-07-07,CMCSA,0.4114046145077773,0.4140797012359182
2026-07-08,CMCSA,0.3917898161974891,0.40664973955644185
2026-07-09,CMCSA,0.399849375244475,0.4043829514524529
2026-07-10,CMCSA,0.4047052512828368,0.4044903847292476
2026-07-11,CMCSA,0.4091580871572841,0.4060462855385931
2026-07-12,CMCSA,0.4090175360478908,0.40703670237502576
2026-05-13,CME,-0.1336569373066999,-0.14470080924771245
2026-05-22,CME,-0.1613277872142161,-0.150243135236547
2026-05-23,CME,-0.1653804927880001,-0.15528892108703138
2026-05-24,CME,-0.165464784936019,-0.1586808757033606
2026-05-25,CME,-0.1654647856831682,-0.16094217902996313
2026-05-26,CME,-0.1654647858436875,-0.16244971463453795
2026-05-27,CME,-0.1565401241626995,-0.16047985114392513
2026-06-01,CME,-0.203050542347414,-0.1746700815450881
2026-06-02,CME,-0.2230887274799492,-0.1908096301900418
2026-06-03,CME,-0.2322438599882045,-0.20462104012276272
2026-06-04,CME,-0.221340396214607,-0.21019415882004416
2026-06-05,CME,-0.2258632381436023,-0.21541718526123022
2026-06-06,CME,-0.2469926147449121,-0.22594232842245754
2026-06-07,CME,-0.247181690159264,-0.23302211566805972
2026-06-08,CME,-0.247181690159264,-0.2377419738317945
2026-06-09,CME,-0.2444016151042755,-0.23996185425595484
2026-06-10,CME,-0.2478074101550271,-0.2425770395556456
2026-06-11,CME,-0.2462675250808181,-0.24380720139736978
2026-06-12,CME,-0.247036540694574,-0.2448836478297712
2026-06-13,CME,-0.2327232906223437,-0.2408301954272954
2026-06-14,CME,-0.2328116313684791,-0.2381573407410233
2026-06-15,CME,-0.232811631010072,-0.2363754374973729
2026-06-16,CME,-0.2322012400136387,-0.23498403833612816
2026-06-17,CME,-0.2530874191028215,-0.2410184985916926
2026-06-18,CME,-0.2650135845150766,-0.24901686056615396
2026-06-19,CME,-0.2618898008819439,-0.2533078406714173
2026-06-20,CME,-0.2519071158126591,-0.2528409323851646
2026-06-21,CME,-0.2519071159850389,-0.25252966025178936
2026-06-22,CME,-0.2618898456370286,-0.2556497220468691
2026-06-23,CME,-0.2498310953620184,-0.2537101798185855
2026-06-24,CME,-0.2678211385001775,-0.25841383271244955
2026-06-25,CME,-0.2800433708202781,-0.26562367874839243
2026-06-26,CME,-0.2731586613567671,-0.2681353396178507
2026-06-27,CME,-0.3002777029318174,-0.27884946072250627
2026-06-28,CME,-0.2731960499069518,-0.2769649904506548
2026-06-29,CME,-0.2993399079760007,-0.2844232962924368
2026-06-30,CME,-0.2880420130659761,-0.2856295352169499
2026-07-01,CME,-0.2722831671562192,-0.281180745863373
2026-07-02,CME,-0.2838080478093945,-0.2820565131787135
2026-07-03,CME,-0.3148868487305383,-0.29299995836265513
2026-07-04,CME,-0.3149777779187123,-0.3003258982146742
2026-07-05,CME,-0.3148368404584182,-0.30516287896258887
2026-07-06,CME,-0.3146126853365056,-0.30831281442056113
2026-07-07,CME,-0.3193708756002169,-0.3119988348137797
2026-07-08,CME,-0.332750300913966,-0.3189159901805085
2026-07-09,CME,-0.2940605778808682,-0.31063085274729507
2026-07-10,CME,-0.2841326924713107,-0.3017981326553003
2026-07-11,CME,-0.2859405392377404,-0.2965122681827803
2026-07-12,CME,-0.28609047442415664,-0.2930383369299058
2026-05-13,CMG,-0.1452195898343139,-0.14935754902835358
2026-05-22,CMG,-0.1383724269845608,-0.14569584168042266
2026-05-23,CMG,-0.129736439392272,-0.14037604091770578
2026-05-24,CMG,-0.1298234172597849,-0.13685849969839883
2026-05-25,CMG,-0.1298234179896052,-0.1345134724621343
2026-05-26,CMG,-0.1298234181818288,-0.1329501210353658
2026-05-27,CMG,-0.1540820112409286,-0.13999408443722006
2026-06-01,CMG,-0.1352189239270688,-0.13840236426716965
2026-06-02,CMG,-0.153175302818476,-0.1433266771176051
2026-06-03,CMG,-0.1740489241674337,-0.15356742613421465
2026-06-04,CMG,-0.1838788476853075,-0.16367123331791228
2026-06-05,CMG,-0.181862385276002,-0.16973495063727553
2026-06-06,CMG,-0.1822322507630824,-0.17390071734587784
2026-06-07,CMG,-0.182420298143349,-0.1767405776117016
2026-06-08,CMG,-0.182420298143349,-0.1786338177889174
2026-06-09,CMG,-0.1697907154067377,-0.17568611699485753
2026-06-10,CMG,-0.1584717984091769,-0.16994801079963068
2026-06-11,CMG,-0.1255431669500579,-0.15514639618310644
2026-06-12,CMG,-0.1102269785493852,-0.14017325697186603
2026-06-13,CMG,-0.1179056888322434,-0.1327507342586585
2026-06-14,CMG,-0.1179881972651891,-0.12782988859416872
2026-06-15,CMG,-0.1179881969396236,-0.12454932470932036
2026-06-16,CMG,-0.1111330604868237,-0.12007723663515482
2026-06-17,CMG,-0.0938999120396973,-0.11135146177000232
2026-06-18,CMG,-0.1042630306957333,-0.10898865141191265
2026-06-19,CMG,-0.1027387800703465,-0.10690536096472393
2026-06-20,CMG,-0.0994851763682905,-0.10443196609924613
2026-06-21,CMG,-0.0994851765172444,-0.10278303623857889
2026-06-22,CMG,-0.1027388163934434,-0.1027682962902004
2026-06-23,CMG,-0.126633055761132,-0.11072321611384428
2026-06-24,CMG,-0.1165537498603762,-0.11266672736268826
2026-06-25,CMG,-0.0976690303706791,-0.10766749503201856
2026-06-26,CMG,-0.0801090299790328,-0.09848134001435666
2026-06-27,CMG,-0.0472568873882885,-0.08140652247233396
2026-06-28,CMG,-0.0801412835467874,-0.08098477616381844
2026-06-29,CMG,-0.0487742559287262,-0.07024793608545436
2026-06-30,CMG,-0.0615367820748012,-0.06734421808190331
2026-07-01,CMG,-0.0465463952458967,-0.060411610469901116
2026-07-02,CMG,-0.0400590685927896,-0.053627429844197286
2026-07-03,CMG,-0.0469634884761531,-0.051406116054849224
2026-07-04,CMG,-0.0470393337664946,-0.049950521958731016
2026-07-05,CMG,-0.0469340476890983,-0.048945030535520115
2026-07-06,CMG,-0.0467823352082859,-0.04822413209310871
2026-07-07,CMG,-0.0831644662886701,-0.05987091015829584
2026-07-08,CMG,-0.0686374742027954,-0.06279309817312903
2026-07-09,CMG,-0.0833044698724195,-0.06963022207289252
2026-07-10,CMG,-0.0674709621097847,-0.06891046875185658
2026-07-11,CMG,-0.0581922719885782,-0.06533773649743045
2026-07-12,CMG,-0.05828815447575694,-0.06298787582353929
2026-05-13,CMI,-0.0536900523747383,-0.01331879083412283
2026-05-22,CMI,-0.1238702735330582,-0.050169285067101284
2026-05-23,CMI,-0.1407883738894286,-0.08037564800787705
2026-05-24,CMI,-0.1383266688427404,-0.0996926549528315
2026-05-25,CMI,-0.1383266696593939,-0.11257065985501898
2026-05-26,CMI,-0.1383266696927505,-0.12115599646759617
2026-05-27,CMI,-0.0932023368136178,-0.11183810991627005
2026-06-01,CMI,-0.1049399729728693,-0.10953873093513647
2026-06-02,CMI,-0.0993867900733217,-0.10615475064786488
2026-06-03,CMI,-0.0838792222684601,-0.09872957452139663
2026-06-04,CMI,-0.0586180077980331,-0.08535905228027546
2026-06-05,CMI,-0.0557754504350835,-0.07549785166521147
2026-06-06,CMI,-0.0657824619710752,-0.07225938843383273
2026-06-07,CMI,-0.0659032930170693,-0.07014068996157827
2026-06-08,CMI,-0.0659032930170693,-0.06872822431340861
2026-06-09,CMI,-0.0590016000362322,-0.06548601622101648
2026-06-10,CMI,-0.0568760484272637,-0.06261602695643223
2026-06-11,CMI,-0.0861625641182984,-0.07046487267705429
2026-06-12,CMI,-0.0686899745273312,-0.06987323996047992
2026-06-13,CMI,-0.0775968879400672,-0.07244778928700901
2026-06-14,CMI,-0.0776604141086041,-0.07418533089420738
2026-06-15,CMI,-0.0776604138899271,-0.07534369189278063
2026-06-16,CMI,-0.0589091938789374,-0.06986552588816622
2026-06-17,CMI,-0.0339943479087579,-0.057908466561696785
2026-06-18,CMI,0.0035865651555921,-0.03741012265593383
2026-06-19,CMI,-0.018765334057508,-0.031195193123125225
2026-06-20,CMI,-0.0247768163251254,-0.029055734190458617
2026-06-21,CMI,-0.0247768164203605,-0.027629428267092578
2026-06-22,CMI,-0.018765351574172,-0.024674736036119055
2026-06-23,CMI,-0.0321595540060968,-0.02716967535944497
2026-06-24,CMI,-0.0459169073812519,-0.03341875270004728
2026-06-25,CMI,-0.0436778357163145,-0.03683844703880302
2026-06-26,CMI,-0.0123669597047181,-0.02868128459410805
2026-06-27,CMI,-0.0433953802827021,-0.03358598315697273
2026-06-28,CMI,-0.012391329281932,-0.026521098531959157
2026-06-29,CMI,-0.0466891320533941,-0.03324377637243747
2026-06-30,CMI,-0.043001466248809,-0.03649633966456132
2026-07-01,CMI,-0.0396682052687693,-0.03755362819929731
2026-07-02,CMI,-0.0672255933941017,-0.04744428326423211
2026-07-03,CMI,-0.0811556629423331,-0.05868140982359911
2026-07-04,CMI,-0.0812241530435457,-0.06619565756358131
2026-07-05,CMI,-0.0811362512435311,-0.07117585545689792
2026-07-06,CMI,-0.0810198631418812,-0.07445719135189235
2026-07-07,CMI,-0.065013169922835,-0.07130918420887325
2026-07-08,CMI,-0.0861998749883345,-0.076272747802027
2026-07-09,CMI,-0.1069291299922356,-0.08649154186542987
2026-07-10,CMI,-0.1301807122901614,-0.10105459867367372
2026-07-11,CMI,-0.1420089551573874,-0.11470605083491163
2026-07-12,CMI,-0.14208821130987315,-0.1238334376598988
2026-05-13,COF,-0.3792360127168317,-0.3883977584743853
2026-05-22,COF,-0.2793374501952856,-0.3520443223813521
2026-05-23,COF,-0.2960534357505317,-0.333380693504412
2026-05-24,COF,-0.2961357301598419,-0.3209657057228887
2026-05-25,COF,-0.2961357309198809,-0.3126890474552194
2026-05-26,COF,-0.2961357310568174,-0.3071712753224188
2026-05-27,COF,-0.3291044778554482,-0.31448234283342863
2026-06-01,COF,-0.2773205982755902,-0.3020950946474825
2026-06-02,COF,-0.2883364763909583,-0.29750888856197444
2026-06-03,COF,-0.2976512433666187,-0.2975563401635225
2026-06-04,COF,-0.3126556494953167,-0.3025894432741206
2026-06-05,COF,-0.2891391094062915,-0.2981059986515109
2026-06-06,COF,-0.2897493193739732,-0.29532043889233167
2026-06-07,COF,-0.2899098843389961,-0.2935169207078865
2026-06-08,COF,-0.2899098843389961,-0.2923145752515897
2026-06-09,COF,-0.2878505793295267,-0.29082657661090205
2026-06-10,COF,-0.2747817774990345,-0.28547831024027953
2026-06-11,COF,-0.2842144773605935,-0.2850570326137175
2026-06-12,COF,-0.2835912422868828,-0.284568435838106
2026-06-13,COF,-0.2755885197317224,-0.2815751304693115
2026-06-14,COF,-0.2756653264211302,-0.2796051957865844
2026-06-15,COF,-0.2756653261276711,-0.27829190590027997
2026-06-16,COF,-0.2509602626205594,-0.26918135814037314
2026-06-17,COF,-0.224904522235043,-0.25442241283859646
2026-06-18,COF,-0.2114897308389165,-0.24011151883870313
2026-06-19,COF,-0.2301214400536792,-0.23678149257702852
2026-06-20,COF,-0.2229384624532836,-0.23216714920244688
2026-06-21,COF,-0.2229384625799843,-0.2290909203282927
2026-06-22,COF,-0.2301214692528683,-0.22943443663648458
2026-06-23,COF,-0.2364567283104357,-0.23177520052780165
2026-06-24,COF,-0.2424051747362971,-0.23531852526396682
2026-06-25,COF,-0.2336885661038402,-0.23477520554392464
2026-06-26,COF,-0.2218198354382868,-0.23045674884204537
2026-06-27,COF,-0.208430163843672,-0.2231145538425876
2026-06-28,COF,-0.2218494204078611,-0.22269284269767878
2026-06-29,COF,-0.2105764135680363,-0.21865403298779795
2026-06-30,COF,-0.2292644562284757,-0.22219084073469056
2026-07-01,COF,-0.2345008050610279,-0.22629416217680304
2026-07-02,COF,-0.2238521301958554,-0.22548015151648718
2026-07-03,COF,-0.2105007463243153,-0.2204870164524299
2026-07-04,COF,-0.2105731783249443,-0.21718240374326803
2026-07-05,COF,-0.2104759596913767,-0.2149469223926376
2026-07-06,COF,-0.210340640037164,-0.21341149494081307
2026-07-07,COF,-0.2152434460108877,-0.21402214529750463
2026-07-08,COF,-0.2119215418852345,-0.21332194416008127
2026-07-09,COF,-0.2835969159722674,-0.23674693476414332
2026-07-10,COF,-0.2614945536439443,-0.24499614105741033
2026-07-11,COF,-0.2573052925883567,-0.2490991915677258
2026-07-12,COF,-0.2573975243538466,-0.25186530249643274
2026-05-13,COHR,0.4136636122863797,0.331589764050513
2026-05-22,COHR,0.2611331408501108,0.30810422298371226
2026-05-23,COHR,0.2230760724718824,0.2797615061464357
2026-05-24,COHR,0.2230358268312024,0.26085294637469125
2026-05-25,COHR,0.2230358257998549,0.24824723951641248
2026-05-26,COHR,0.2230358261592946,0.23984343506403988
2026-05-27,COHR,0.1715494229782108,0.21707876436876355
2026-06-01,COHR,0.0041208557630138,0.14609279483351365
2026-06-02,COHR,0.0300766490591421,0.10742074624205647
2026-06-03,COHR,0.1892547821274155,0.1346987582038428
2026-06-04,COHR,0.2259986132255227,0.16513204321106945
2026-06-05,COHR,0.2894550816191805,0.20657305601377313
2026-06-06,COHR,0.1992972655649965,0.20414779253084758
2026-06-07,COHR,0.1992343603626828,0.20250998180812602
2026-06-08,COHR,0.1992343603626828,0.20141810799297827
2026-06-09,COHR,0.2146803726436802,0.2058388628765456
2026-06-10,COHR,0.143648374285574,0.18510870001288843
2026-06-11,COHR,0.1778758382868487,0.18269774610420852
2026-06-12,COHR,0.1582516538711522,0.17454904869318977
2026-06-13,COHR,0.1946852312048934,0.18126110953042432
2026-06-14,COHR,0.1946459423767332,0.18572272047919394
2026-06-15,COHR,0.1946459424589305,0.1886971278057728
2026-06-16,COHR,0.2535798314627098,0.21032469569141848
2026-06-17,COHR,0.1445060062882171,0.18838513255701805
2026-06-18,COHR,0.0797580501288295,0.15217610508095522
2026-06-19,COHR,0.1396866693778116,0.14801295984657403
2026-06-20,COHR,0.142192653997769,0.14607285789697236
2026-06-21,COHR,0.1421926539329207,0.1447794565756218
2026-06-22,COHR,0.1396866613183676,0.14308185815653707
2026-06-23,COHR,0.2070868945267069,0.16441687027992702
2026-06-24,COHR,0.0898420221327375,0.1395585875641972
2026-06-25,COHR,0.1262884246409631,0.13513519992311918
2026-06-26,COHR,0.1970316852381343,0.15576736169479088
2026-06-27,COHR,0.151872186067572,0.15446896981905126
2026-06-28,COHR,0.1970135773290506,0.1686505056557177
2026-06-29,COHR,0.1466997756784271,0.16133359566328753
2026-06-30,COHR,0.2260315640150638,0.18289958511387963
2026-07-01,COHR,0.1816979404858993,0.18249903690455288
2026-07-02,COHR,0.1341599267474351,0.16638600018551364
2026-07-03,COHR,0.0273379735079605,0.1200366579596626
2026-07-04,COHR,0.0272738717015142,0.08911572920694648
2026-07-05,COHR,0.0273514015950947,0.06852762000299589
2026-07-06,COHR,0.0274467142647626,0.054833984756918135
2026-07-07,COHR,0.048677390519273,0.05278178667770309
2026-07-08,COHR,-0.005057199374408,0.03350212466033273
2026-07-09,COHR,-0.0586656552422442,0.0027795313594737546
2026-07-10,COHR,-0.04689182372272,-0.013777587001257497
2026-07-11,COHR,-0.1286515803554573,-0.05206891811932409
2026-07-12,COHR,-0.12874214739052067,-0.07762666120972295
2026-05-13,COIN,-0.1568316842782369,-0.1326519664974173
2026-05-22,COIN,-0.2883036080535482,-0.18453584701612763
2026-05-23,COIN,-0.3400213614044183,-0.23636435181222454
2026-05-24,COIN,-0.3400889774218862,-0.2709392270154451
2026-05-25,COIN,-0.3400889782766336,-0.2939891441025079
2026-05-26,COIN,-0.340088978240295,-0.3093557554817703
2026-05-27,COIN,-0.460612692714655,-0.35977473455939857
2026-06-01,COIN,-0.42675126642787,-0.3821002451822224
2026-06-02,COIN,-0.444493507737362,-0.402897999367269
2026-06-03,COIN,-0.545237342541278,-0.45034444709193866
2026-06-04,COIN,-0.5660666728947331,-0.48891852235953687
2026-06-05,COIN,-0.5761522462408598,-0.5179964303199779
2026-06-06,COIN,-0.6231660407433507,-0.5530529671277689
2026-06-07,COIN,-0.6233670416282292,-0.5764909919612557
2026-06-08,COIN,-0.6233670416282292,-0.5921163418502469
2026-06-09,COIN,-0.5744625709714316,-0.5862317515573084
2026-06-10,COIN,-0.6237889041468317,-0.598750802420483
2026-06-11,COIN,-0.6180500505010417,-0.6051838851140026
2026-06-12,COIN,-0.5956658600024908,-0.602011210076832
2026-06-13,COIN,-0.614906882599812,-0.606309767584492
2026-06-14,COIN,-0.615000703047046,-0.60920674607201
2026-06-15,COIN,-0.615000702657783,-0.6111380649339343
2026-06-16,COIN,-0.592575002107251,-0.6049503773250399
2026-06-17,COIN,-0.5942640156534623,-0.6013882567678475
2026-06-18,COIN,-0.5993747321211033,-0.6007170818855994
2026-06-19,COIN,-0.581264546314585,-0.5942329033619279
2026-06-20,COIN,-0.5778155172389999,-0.588760441320952
2026-06-21,COIN,-0.5778155174099388,-0.5851121333506143
2026-06-22,COIN,-0.5812645900257155,-0.5838296189089813
2026-06-23,COIN,-0.5715001398047154,-0.5797197925408927
2026-06-24,COIN,-0.5547688505728158,-0.5714028118848671
2026-06-25,COIN,-0.5872736847732624,-0.5766931028476655
2026-06-26,COIN,-0.5710430285797617,-0.5748097447583643
2026-06-27,COIN,-0.5317490436613107,-0.5604561777260131
2026-06-28,COIN,-0.5710791093336026,-0.563997154928543
2026-06-29,COIN,-0.5320901048666821,-0.5533614715745894
2026-06-30,COIN,-0.5135071660233704,-0.5400767030575164
2026-07-01,COIN,-0.5583582711641705,-0.5461705590930678
2026-07-02,COIN,-0.528195211062409,-0.5401787764161816
2026-07-03,COIN,-0.5128793754949754,-0.5310789761091129
2026-07-04,COIN,-0.5129605738915651,-0.5250395087032638
2026-07-05,COIN,-0.5128426355380352,-0.5209738843148544
2026-07-06,COIN,-0.5126652139759883,-0.5182043275352324
2026-07-07,COIN,-0.5094658130323414,-0.5152914893676022
2026-07-08,COIN,-0.5436985255930704,-0.5247605014427583
2026-07-09,COIN,-0.5407814827866423,-0.5301008285573863
2026-07-10,COIN,-0.5156125291808484,-0.5252713954318737
2026-07-11,COIN,-0.517277435297192,-0.5226067420536464
2026-07-12,COIN,-0.5173949067259508,-0.5208694636110813
2026-05-13,COP,-0.0376404571054266,-0.06122039051843574
2026-05-22,COP,-0.0271327755875509,-0.0498578522081408
2026-05-23,COP,-0.0334212483978914,-0.044378984271391
2026-05-24,COP,-0.0334924376726424,-0.04075013540514147
2026-05-25,COP,-0.0334924385043343,-0.038330903104872416
2026-05-26,COP,-0.0334924385101772,-0.036718081573307346
2026-05-27,COP,-0.0551497902503624,-0.04286198446565903
2026-06-01,COP,-0.1192581020029797,-0.06832735697809926
2026-06-02,COP,-0.1152684724206132,-0.08397439545893724
2026-06-03,COP,-0.0946926943151806,-0.0875471617443517
2026-06-04,COP,-0.0924998726981991,-0.08919806539563419
2026-06-05,COP,-0.1052153787558171,-0.09453716984902849
2026-06-06,COP,-0.1093726548639024,-0.09948233152065313
2026-06-07,COP,-0.1095272814819925,-0.10283064817443292
2026-06-08,COP,-0.1095272814819925,-0.10506285927695279
2026-06-09,COP,-0.0829692047789404,-0.09769830777761533
2026-06-10,COP,-0.1212035822201309,-0.10553339925845387
2026-06-11,COP,-0.1265943339384267,-0.11255371081844483
2026-06-12,COP,-0.1674143830108845,-0.13084060154925806
2026-06-13,COP,-0.1533438724950971,-0.13834169186453774
2026-06-14,COP,-0.1534245640002992,-0.14336931590979157
2026-06-15,COP,-0.1534245636849648,-0.14672106516818265
2026-06-16,COP,-0.1823149311075332,-0.15858568714796617
2026-06-17,COP,-0.2072607827783155,-0.1748107190247493
2026-06-18,COP,-0.2084523767400239,-0.18602460492984085
2026-06-19,COP,-0.2243236889973804,-0.19879096628568738
2026-06-20,COP,-0.2011377386682963,-0.19957322374655703
2026-06-21,COP,-0.2011377388299018,-0.20009472877433862
2026-06-22,COP,-0.2243237312732396,-0.20817106294063897
2026-06-23,COP,-0.2048834710876683,-0.20707519898964877
2026-06-24,COP,-0.2256576112478964,-0.21326933640906467
2026-06-25,COP,-0.2426879126741983,-0.22307552849744255
2026-06-26,COP,-0.2403247859810777,-0.22882528099198762
2026-06-27,COP,-0.2669162486138111,-0.24152227019926215
2026-06-28,COP,-0.2403612359421761,-0.24113525878023348
2026-06-29,COP,-0.2662938670328509,-0.249521461531106
2026-06-30,COP,-0.2526377885598526,-0.2505602372073549
2026-07-01,COP,-0.2413867685385248,-0.2475024143177449
2026-07-02,COP,-0.2574973828963361,-0.25083407051060863
2026-07-03,COP,-0.2854229343140979,-0.26236369177843843
2026-07-04,COP,-0.2855123491803295,-0.27007991091240213
2026-07-05,COP,-0.2853749908792156,-0.27517827090133995
2026-07-06,COP,-0.2851581085114811,-0.2785048834380537
2026-07-07,COP,-0.2910617220192988,-0.28269049629846876
2026-07-08,COP,-0.2850589160655991,-0.28347996955417887
2026-07-09,COP,-0.2164819522437708,-0.26114729711737616
2026-07-10,COP,-0.2180772169962785,-0.24679060374367695
2026-07-11,COP,-0.2166675730248401,-0.2367495935040647
2026-07-12,COP,-0.21679787730505076,-0.2300990214377267
2026-05-13,COR,-0.0317522251923271,-0.08587845242491399
2026-05-22,COR,-0.0851564528375896,-0.08563778589580587
2026-05-23,COR,-0.0544904292957377,-0.07525533369578316
2026-05-24,COR,-0.054589099173998,-0.06836658885518812
2026-05-25,COR,-0.0545890998283786,-0.06377409251291828
2026-05-26,COR,-0.0545891001586237,-0.06071242839482009
2026-05-27,COR,-0.0525191577362483,-0.05798133817529616
2026-06-01,COR,-0.0454233695281003,-0.05379534862623087
2026-06-02,COR,-0.0335507646568166,-0.04704715396975945
2026-06-03,COR,-0.0341094983452917,-0.04273460209493687
2026-06-04,COR,-0.0215048381717721,-0.035658014120548615
2026-06-05,COR,-0.0195829568401745,-0.030299661693757245
2026-06-06,COR,-0.0460676962694152,-0.03555567321897657
2026-06-07,COR,-0.046268857862547,-0.039126734766833385
2026-06-08,COR,-0.046268857862547,-0.041507442465404595
2026-06-09,COR,-0.0270327104766653,-0.0366825318024915
2026-06-10,COR,-0.0336377894015011,-0.03566761766882803
2026-06-11,COR,-0.0385165992633071,-0.036617278200321055
2026-06-12,COR,-0.0274277015093001,-0.03355408596998074
2026-06-13,COR,-0.0173391384061246,-0.02814910344869536
2026-06-14,COR,-0.0174308092277117,-0.024576338708367472
2026-06-15,COR,-0.0174308088505532,-0.022194495422429385
2026-06-16,COR,0.0072722119243733,-0.012372259640161826
2026-06-17,COR,0.0038973529071402,-0.006949055457727819
2026-06-18,COR,-0.0054333269441874,-0.006443812619881013
2026-06-19,COR,0.000414467704125,-0.004157719178545676
2026-06-20,COR,0.0060500271916565,-0.0007551370551449514
2026-06-21,COR,0.0060500270222961,0.0015132509706687323
2026-06-22,COR,0.0004144243345324,0.0011469754252899551
2026-06-23,COR,0.0209686087739416,0.00775418654150717
2026-06-24,COR,0.0146650597756635,0.010057810952892614
2026-06-25,COR,0.022465980649948,0.014193867518577744
2026-06-26,COR,0.0513587543592983,0.02658216313215126
2026-06-27,COR,0.0417066333092764,0.03162365319119298
2026-06-28,COR,0.0513244107677525,0.03819057238337949
2026-06-29,COR,0.0414198131971813,0.03926698598798009
2026-06-30,COR,0.0474606250522243,0.04199819900939483
2026-07-01,COR,0.0541772999205413,0.04605789931311032
2026-07-02,COR,0.0429171171434336,0.04501097192321808
2026-07-03,COR,0.028766062301993,0.039596002049476386
2026-07-04,COR,0.0286822367905627,0.03595808029650516
2026-07-05,COR,0.0288063844328413,0.03357418167528387
2026-07-06,COR,0.0289964231008672,0.03204826215047832
2026-07-07,COR,0.0444875989215748,0.03619470774084381
2026-07-08,COR,0.0478146956248298,0.04006803703550581
2026-07-09,COR,0.073676932958692,0.05127100234323454
2026-07-10,COR,0.0641693831287676,0.055570462605078905
2026-07-11,COR,0.0606642546192162,0.057268393276458
2026-07-12,COR,0.06054686154031824,0.05836121603107809
2026-05-13,COST,-0.1676558043152048,-0.18204815939507912
2026-05-22,COST,-0.1711063361610415,-0.17840088498373327
2026-05-23,COST,-0.1974452614581415,-0.1847490104752027
2026-05-24,COST,-0.197521766658637,-0.18900659586968083
2026-05-25,COST,-0.1975217674560292,-0.19184498639846365
2026-05-26,COST,-0.1975217675246255,-0.19373724677385096
2026-05-27,COST,-0.211614190990312,-0.19969622817933796
2026-06-01,COST,-0.2439318723922359,-0.21444144291697062
2026-06-02,COST,-0.253823918236657,-0.22756893469019945
2026-06-03,COST,-0.2496680536631694,-0.23493530768118945
2026-06-04,COST,-0.2330113463807405,-0.2342939872477065
2026-06-05,COST,-0.2475548749782742,-0.23871428315789575
2026-06-06,COST,-0.2518162828463491,-0.2430816163873802
2026-06-07,COST,-0.2519785063131065,-0.24604724636262232
2026-06-08,COST,-0.2519785063131065,-0.2480243330127837
2026-06-09,COST,-0.2445237444504078,-0.24685747015865844
2026-06-10,COST,-0.2554805634300933,-0.24973183458247009
2026-06-11,COST,-0.2573791480425688,-0.25228093906916965
2026-06-12,COST,-0.2711774550909276,-0.258579777743089
2026-06-13,COST,-0.2603723254923786,-0.2591772936595189
2026-06-14,COST,-0.2604522616922257,-0.25960228300375454
2026-06-15,COST,-0.2604522613811444,-0.25988560912955116
2026-06-16,COST,-0.2567354366135981,-0.2588355516242335
2026-06-17,COST,-0.2539713883746631,-0.25721416387437673
2026-06-18,COST,-0.2540229740720101,-0.2561504339402545
2026-06-19,COST,-0.2652804917484085,-0.25919378654297254
2026-06-20,COST,-0.2620352856551611,-0.2601409529137021
2026-06-21,COST,-0.2620352858031703,-0.2607723972101915
2026-06-22,COST,-0.2652805277540348,-0.26227510739147264
2026-06-23,COST,-0.2531638105103483,-0.2592380084310979
2026-06-24,COST,-0.2569518596522948,-0.25847595883816354
2026-06-25,COST,-0.2557831430643686,-0.25757835358023196
2026-06-26,COST,-0.2681792081118356,-0.26111197175743317
2026-06-27,COST,-0.2791485206470036,-0.26712415472062334
2026-06-28,COST,-0.2682123100045323,-0.267486873148593
2026-06-29,COST,-0.2798268605407425,-0.27160020227930953
2026-06-30,COST,-0.2830761354380089,-0.2754255133322093
2026-07-01,COST,-0.2775190366524773,-0.2761233544389653
2026-07-02,COST,-0.2965177229838248,-0.2829214772872518
2026-07-03,COST,-0.3054591955037851,-0.29043405002609624
2026-07-04,COST,-0.3055417629963602,-0.29546995434951756
2026-07-05,COST,-0.3054205887308839,-0.2987868324766397
2026-07-06,COST,-0.3052365918837086,-0.30093675227899597
2026-07-07,COST,-0.305614042648515,-0.30249584906883564
2026-07-08,COST,-0.3150483662903174,-0.30668002147599627
2026-07-09,COST,-0.301179536755455,-0.3048465265691492
2026-07-10,COST,-0.3286216441065168,-0.3127715657482717
2026-07-11,COST,-0.3132232628016981,-0.31292213143274716
2026-07-12,COST,-0.31334791231291587,-0.3130640583928034
2026-05-13,CPRT,-0.0800865565782169,-0.056026733593678366
2026-05-22,CPRT,0.0531925361821472,-0.01962031033506985
2026-05-23,CPRT,0.0445219225917924,0.0017604339738842307
2026-05-24,CPRT,0.0444394898661743,0.01598678593798092
2026-05-25,CPRT,0.0444394891070278,0.025471020327663213
2026-05-26,CPRT,0.0444394889684585,0.03179384320792831
2026-05-27,CPRT,0.0257605502939366,0.029782745569931074
2026-06-01,CPRT,-0.0123262530518512,0.015746412696003652
2026-06-02,CPRT,-0.0143176268842081,0.005725066169266402
2026-06-03,CPRT,-0.0328292834965846,-0.007126383719350597
2026-06-04,CPRT,-0.0393667574374494,-0.017873174958716865
2026-06-05,CPRT,-0.0399154947985457,-0.025220614905326476
2026-06-06,CPRT,-0.0559212188567491,-0.03545414955580069
2026-06-07,CPRT,-0.0561106514063389,-0.042339650172646764
2026-06-08,CPRT,-0.0561106514063389,-0.046929983917210816
2026-06-09,CPRT,-0.0336606005782036,-0.04250685613754175
2026-06-10,CPRT,-0.0284258263827976,-0.03781317955262704
2026-06-11,CPRT,-0.0021332509539276,-0.025919870019727224
2026-06-12,CPRT,-0.011720217135856,-0.02118665239177015
2026-06-13,CPRT,-0.0113284998028114,-0.017900601528783904
2026-06-14,CPRT,-0.0114137043069054,-0.015738302454824403
2026-06-15,CPRT,-0.0114137039661584,-0.01429676962526907
2026-06-16,CPRT,-0.0174355493308184,-0.015343029527118846
2026-06-17,CPRT,-0.0073258413333976,-0.012670633462545098
2026-06-18,CPRT,-0.0122892222229386,-0.012543496382676267
2026-06-19,CPRT,-0.0026678642068707,-0.009251618990741079
2026-06-20,CPRT,-0.0064789733577273,-0.008327403779736486
2026-06-21,CPRT,-0.0064789735165343,-0.007711260358669091
2026-06-22,CPRT,-0.0026679032272042,-0.006030141314847461
2026-06-23,CPRT,-0.0133344660036246,-0.008464916211106507
2026-06-24,CPRT,-0.0130312833093837,-0.009987038577198905
2026-06-25,CPRT,-0.0034493928464076,-0.007807823333601804
2026-06-26,CPRT,0.0005510143814099,-0.00502154409526457
2026-06-27,CPRT,0.0022671173441951,-0.002591990282111347
2026-06-28,CPRT,0.0005167852926101,-0.001555731757204198
2026-06-29,CPRT,0.0017973540076599,-0.000438036502249499
2026-06-30,CPRT,-0.0317460180738436,-0.010874030359447532
2026-07-01,CPRT,-0.0281194687934857,-0.016622509837460255
2026-07-02,CPRT,-0.0348328741143578,-0.022692631263092768
2026-07-03,CPRT,-0.0368574939414174,-0.027414252155867645
2026-07-04,CPRT,-0.0369421843159994,-0.030590229542578236
2026-07-05,CPRT,-0.0368159925358119,-0.03266548387365613
2026-07-06,CPRT,-0.0366218002351114,-0.03398425599414122
2026-07-07,CPRT,-0.0387250139277856,-0.035564508638689346
2026-07-08,CPRT,-0.0583535969866357,-0.043160871421338134
2026-07-09,CPRT,-0.056448005635114,-0.047589916159263425
2026-07-10,CPRT,-0.0515851278261831,-0.048921653381569986
2026-07-11,CPRT,-0.0765291416917662,-0.058124149484968725
2026-07-12,CPRT,-0.07655570710020182,-0.06426800202337976
2026-05-13,CRH,-0.0358444763431779,-0.03251611353482051
2026-05-22,CRH,-0.0338878691371373,-0.03297336540225944
2026-05-23,CRH,-0.0381711841431731,-0.03470597164923066
2026-05-24,CRH,-0.0382643804108537,-0.03589210790310501
2026-05-25,CRH,-0.0382643811005514,-0.03668286563558714
2026-05-26,CRH,-0.0382644204994272,-0.037210050590200494
2026-05-27,CRH,-0.0082116625625153,-0.027543921247638766
2026-06-01,CRH,0.056262163828546,0.0003914404444228213
2026-06-02,CRH,0.0663667261033801,0.022383202330741914
2026-06-03,CRH,0.0654402252202528,0.03673554329391221
2026-06-04,CRH,0.0716520650341959,0.04837438387400678
2026-06-05,CRH,0.0853544985209844,0.060701088756332656
2026-06-06,CRH,0.0802491522601707,0.06721710992427868
2026-06-07,CRH,0.0800911378679473,0.07150845257216823
2026-06-08,CRH,0.0800911378679473,0.07436934767076125
2026-06-09,CRH,0.058324597867524,0.06902109773634885
2026-06-10,CRH,0.0777239958315576,0.0719220637680851
2026-06-11,CRH,0.0768498486285718,0.07356465872158068
2026-06-12,CRH,0.1014544035581469,0.08286124033376943
2026-06-13,CRH,0.0920914465057757,0.08593797572443819
2026-06-14,CRH,0.0920154218618384,0.08796379110357161
2026-06-15,CRH,0.0920154221508938,0.08931433478601235
2026-06-16,CRH,0.0987594136013419,0.0924626943911222
2026-06-17,CRH,0.1307659512439254,0.10523044667538994
2026-06-18,CRH,0.125416497448096,0.11195913026629198
2026-06-19,CRH,0.127901925362693,0.11727339529842565
2026-06-20,CRH,0.1168159962491665,0.1171209289486726
2026-06-21,CRH,0.1168159961171673,0.11701928467150416
2026-06-22,CRH,0.1279018959550565,0.12064682176602161
2026-06-23,CRH,0.1093791579264363,0.11689093381949317
2026-06-24,CRH,0.0942924019426516,0.10935808986054599
2026-06-25,CRH,0.108926796412889,0.10921432537799367
2026-06-26,CRH,0.1220838918239007,0.11350418085996268
2026-06-27,CRH,0.1191938936024925,0.1154007517741393
2026-06-28,CRH,0.1220536637746001,0.11761838910762624
2026-06-29,CRH,0.1174671873425558,0.11756798851926945
2026-06-30,CRH,0.0958326193254957,0.1103228654546782
2026-07-01,CRH,0.0819891211132336,0.10087828400753002
2026-07-02,CRH,0.0606072856724059,0.08745461789582198
2026-07-03,CRH,0.0773575543232517,0.08408893003829856
2026-07-04,CRH,0.0772798327695355,0.08181923094871088
2026-07-05,CRH,0.0773895534688532,0.08034267178875833
2026-07-06,CRH,0.0775502769808839,0.07941187351946685
2026-07-07,CRH,0.0676838307475333,0.07550252592882234
2026-07-08,CRH,0.0562833174493156,0.06909612310232009
2026-07-09,CRH,-0.0002091593147331,0.0459943622966357
2026-07-10,CRH,0.0036231267811354,0.03187061712480227
2026-07-11,CRH,-0.0181789005835982,0.015187444555335449
2026-07-12,CRH,-0.018310440308768366,0.0040214829339675125
2026-05-13,CRM,0.2218994801019304,0.19344247600263073
2026-05-22,CRM,0.2445160048982063,0.21046698563448926
2026-05-23,CRM,0.2328014934837881,0.21791182158425554
2026-05-24,CRM,0.2327203342266046,0.22284799246503856
2026-05-25,CRM,0.2327203334592413,0.22613877279643949
2026-05-26,CRM,0.232720333335705,0.228332626309528
2026-05-27,CRM,0.2085226185141857,0.22172929037774725
2026-06-01,CRM,0.2551998817975728,0.23288615418435576
2026-06-02,CRM,0.2966478772989517,0.2541400618892211
2026-06-03,CRM,0.2800585533924037,0.26277955905694866
2026-06-04,CRM,0.2230270927330472,0.24952873694898153
2026-06-05,CRM,0.2043448699016924,0.2344674479332185
2026-06-06,CRM,0.1996973178985583,0.22287740458833177
2026-06-07,CRM,0.1995290775401422,0.21509462890560194
2026-06-08,CRM,0.1995290775401422,0.20990611178378205
2026-06-09,CRM,0.2026621929984909,0.207491472188685
2026-06-10,CRM,0.16596108596015,0.19364801011250668
2026-06-11,CRM,0.1280613013022735,0.17178577384242896
2026-06-12,CRM,0.1342811577103284,0.1592842351317288
2026-06-13,CRM,0.1211723709669964,0.14658028041015134
2026-06-14,CRM,0.1210824702840882,0.1380810103681303
2026-06-15,CRM,0.1210824706515186,0.13241483046259309
2026-06-16,CRM,0.1323068195608218,0.13237882682866933
2026-06-17,CRM,0.1056895791723927,0.12348241094324379
2026-06-18,CRM,0.0917709941380178,0.11291193867483514
2026-06-19,CRM,0.0921400672231414,0.10598798152427055
2026-06-20,CRM,0.0956500318193918,0.10254199828931097
2026-06-21,CRM,0.0956500316415979,0.10024467607340662
2026-06-22,CRM,0.0921400212083505,0.09754312445172125
2026-06-23,CRM,0.1015878028436852,0.0988913505823759
2026-06-24,CRM,0.1253730362837937,0.10771857914951517
2026-06-25,CRM,0.1228837492327448,0.11277363584392505
2026-06-26,CRM,0.1243942798445736,0.11664718384414124
2026-06-27,CRM,0.146379770477605,0.12655804605529583
2026-06-28,CRM,0.1243580123036465,0.12582470147141273
2026-06-29,CRM,0.1463213416826783,0.13265691487516793
2026-06-30,CRM,0.1425747044085404,0.13596284471962544
2026-07-01,CRM,0.1452118450992765,0.13904584484617583
2026-07-02,CRM,0.147135153229586,0.14174228097397923
2026-07-03,CRM,0.1347268946705737,0.13940381887284406
2026-07-04,CRM,0.1346418608230968,0.1378164995229283
2026-07-05,CRM,0.1347688644149148,0.13680062115359048
2026-07-06,CRM,0.1349647588428153,0.13618866704999877
2026-07-07,CRM,0.1442019984852143,0.13885977752840395
2026-07-08,CRM,0.1548820134744312,0.14420052284374638
2026-07-09,CRM,0.1916017520508859,0.16000093257945955
2026-07-10,CRM,0.1969546180907331,0.17231882774988408
2026-07-11,CRM,0.2176377684216658,0.18742514130714466
2026-07-12,CRM,0.21753153007955695,0.1974606042312821
2026-05-13,CRWD,0.2074090700837771,0.18997818231022773
2026-05-22,CRWD,0.5949954870174184,0.32498395054595797
2026-05-23,CRWD,0.5949954870174184,0.4149877960364448
2026-05-24,CRWD,0.5949954870174184,0.4749903596967694
2026-05-25,CRWD,0.5949954870174184,0.5149920688036524
2026-05-26,CRWD,0.5949954870174184,0.5416598748749077
2026-05-27,CRWD,0.5661047954810523,0.5498081817436227
2026-06-01,CRWD,0.5445767629204181,0.5480643754692212
2026-06-02,CRWD,0.5226720786607214,0.5396002765330545
2026-06-03,CRWD,0.4701419812847311,0.51644751145028
2026-06-04,CRWD,0.3714985932127013,0.4681312053710871
2026-06-05,CRWD,0.3520676598193225,0.4294433568538322
2026-06-06,CRWD,0.3183365712169458,0.3924077616415368
2026-06-07,CRWD,0.3182834046197281,0.36769964263426724
2026-06-08,CRWD,0.3182834046197281,0.35122756329608756
2026-06-09,CRWD,0.275527900409195,0.32599434233379004
2026-06-10,CRWD,0.2577930002373244,0.3032605616349682
2026-06-11,CRWD,0.2579709734226752,0.28816403223087056
2026-06-12,CRWD,0.285616008168935,0.28731469087689204
2026-06-13,CRWD,0.3129115977673886,0.2958469931737242
2026-06-14,CRWD,0.3128761647987235,0.30152338371539067
2026-06-15,CRWD,0.3128761648592085,0.3053076440966633
2026-06-16,CRWD,0.2843009153319722,0.2983054011750996
2026-06-17,CRWD,0.2741835799132977,0.29026479408783235
2026-06-18,CRWD,0.3087276570144347,0.2964190817300332
2026-06-19,CRWD,0.3033739988711509,0.2987373874437391
2026-06-20,CRWD,0.3056958578759263,0.30105687758780153
2026-06-21,CRWD,0.3056958578317917,0.30260320433579824
2026-06-22,CRWD,0.3033739977725546,0.3028601354813837
2026-06-23,CRWD,0.2706783949962249,0.29213288865299747
2026-06-24,CRWD,0.3868974741284989,0.323721083811498
2026-06-25,CRWD,0.4091734955635873,0.35220522106219443
2026-06-26,CRWD,0.3092550587092542,0.33788850027788103
2026-06-27,CRWD,0.432369858247101,0.36938228626762104
2026-06-28,CRWD,0.3092381024361008,0.34933422499044764
2026-06-29,CRWD,0.4246681502225867,0.3744455334011607
2026-06-30,CRWD,0.3985292605567493,0.3824734424530236
2026-07-01,CRWD,0.4228151740199148,0.39592068630865407
2026-07-02,CRWD,0.5598930109464986,0.4505781278546023
2026-07-03,CRWD,0.5795136936098741,0.49355664977302627
2026-07-04,CRWD,0.5794838083879192,0.5221990359779907
2026-07-05,CRWD,0.5794804660448476,0.5412928460002764
2026-07-06,CRWD,0.5794114485276172,0.5539990468427234
2026-07-07,CRWD,0.5949954870174184,0.567664526900955
2026-07-08,CRWD,0.5529868399438229,0.562771964581911
2026-07-09,CRWD,0.5718918353598457,0.5658119215078893
2026-07-10,CRWD,0.5949954870174184,0.5755397766777324
2026-07-11,CRWD,0.5949954870174184,0.5820250134576277
2026-07-12,CRWD,0.5949954870174184,0.5863485046442247
2026-05-13,CSCO,0.0767377452934742,0.0760834431329494
2026-05-22,CSCO,0.3293186880751929,0.16049519144703056
2026-05-23,CSCO,0.3348941151041696,0.21862816599941026
2026-05-24,CSCO,0.3348593327868336,0.25737188826188473
2026-05-25,CSCO,0.3348593317202355,0.283201036081335
2026-05-26,CSCO,0.3348593321441684,0.3004204681022795
2026-05-27,CSCO,0.2908449594499717,0.2972286318848436
2026-06-01,CSCO,0.2736435427974971,0.2893669355223948
2026-06-02,CSCO,0.2371957089874589,0.2719765266774162
2026-06-03,CSCO,0.2724433863198018,0.2721321465582114
2026-06-04,CSCO,0.2551690959178862,0.2664777963447697
2026-06-05,CSCO,0.2780553858004264,0.27033699282998863
2026-06-06,CSCO,0.3379355268190717,0.2928698374930163
2026-06-07,CSCO,0.3378935202723321,0.30787773175278826
2026-06-08,CSCO,0.3378935202723321,0.31788299459263625
2026-06-09,CSCO,0.3185059512544259,0.3180906468132328
2026-06-10,CSCO,0.3016124676958863,0.312597920440784
2026-06-11,CSCO,0.2863539198207961,0.3038499202341214
2026-06-12,CSCO,0.2624138136449191,0.2900378847043873
2026-06-13,CSCO,0.2463881809528526,0.27548798345387576
2026-06-14,CSCO,0.246347949342846,0.2657746387501992
2026-06-15,CSCO,0.246347949430352,0.25929907564358345
2026-06-16,CSCO,0.2156790058901871,0.24475905239245133
2026-06-17,CSCO,0.2454009584970994,0.2449730210940007
2026-06-18,CSCO,0.2250950697140726,0.23834703730069134
2026-06-19,CSCO,0.2070341012556261,0.22790939195233628
2026-06-20,CSCO,0.2095243501814857,0.22178104469538612
2026-06-21,CSCO,0.2095243501184076,0.2176954798363933
2026-06-22,CSCO,0.2070340937910682,0.21414168448795162
2026-06-23,CSCO,0.2015737322279819,0.20995236706796172
2026-06-24,CSCO,0.2189132968480611,0.2129393436613282
2026-06-25,CSCO,0.2054990247336331,0.2104592373520965
2026-06-26,CSCO,0.1390710929034352,0.18666318920254277
2026-06-27,CSCO,0.1342240162266116,0.1691834648772324
2026-06-28,CSCO,0.1390483847360769,0.15913843816351392
2026-06-29,CSCO,0.1300492815354949,0.14944205262084093
2026-06-30,CSCO,0.159542679357806,0.1528089281998293
2026-07-01,CSCO,0.1710497177326261,0.15888919137742824
2026-07-02,CSCO,0.2083648652267857,0.17538108266054742
2026-07-03,CSCO,0.1847261316776593,0.17849609899958474
2026-07-04,CSCO,0.1846690957291697,0.18055376457611305
2026-07-05,CSCO,0.1847299251909182,0.18194581811438143
2026-07-06,CSCO,0.1847913030369946,0.18289431308858584
2026-07-07,CSCO,0.1731702983048534,0.1796529748273417
2026-07-08,CSCO,0.1799999476825001,0.17976863244572783
2026-07-09,CSCO,0.198686856590101,0.18607470716051888
2026-07-10,CSCO,0.2239696672290659,0.19870636051670124
2026-07-11,CSCO,0.2602987213268586,0.21923714745342038
2026-07-12,CSCO,0.2603145951173845,0.2329296300080751
2026-05-13,CSX,-0.123298057708004,-0.10868457277681995
2026-05-22,CSX,-0.1225023567940007,-0.11329050078254688
2026-05-23,CSX,-0.1392005721402944,-0.1219271912351294
2026-05-24,CSX,-0.1392735334612724,-0.12770930531051042
2026-05-25,CSX,-0.1392735342815307,-0.1315640483008505
2026-05-26,CSX,-0.1392735343082922,-0.13413387696999773
2026-05-27,CSX,-0.1148111786922378,-0.12769297754407777
2026-06-01,CSX,-0.1549605556602912,-0.13678217024948225
2026-06-02,CSX,-0.1486983780806801,-0.1407542395265482
2026-06-03,CSX,-0.1458191823204393,-0.14244255379117857
2026-06-04,CSX,-0.1213695934357326,-0.13541823367269656
2026-06-05,CSX,-0.1186001671605054,-0.12981221150196617
2026-06-06,CSX,-0.0906512583280621,-0.11675856044399816
2026-06-07,CSX,-0.0907770761667711,-0.10809806568492247
2026-06-08,CSX,-0.0907770761667711,-0.10232440251220536
2026-06-09,CSX,-0.1007292097859657,-0.10179267160345881
2026-06-10,CSX,-0.0860639655654681,-0.09654976959079524
2026-06-11,CSX,-0.0829484856020638,-0.0920160082612181
2026-06-12,CSX,-0.0874046380841756,-0.09047888486887061
2026-06-13,CSX,-0.0932706950817482,-0.09140948827316314
2026-06-14,CSX,-0.0933352458770054,-0.0920514074744439
2026-06-15,CSX,-0.0933352456525588,-0.09247935353381553
2026-06-16,CSX,-0.1118650915102877,-0.0989412661926396
2026-06-17,CSX,-0.1104483865679144,-0.10277697298439788
2026-06-18,CSX,-0.0991427841903691,-0.10156557671972162
2026-06-19,CSX,-0.1120456999963584,-0.10505895114526723
2026-06-20,CSX,-0.1090918587646779,-0.10640325368507078
2026-06-21,CSX,-0.1090918588799091,-0.10729945541668356
2026-06-22,CSX,-0.1120457249869697,-0.10888154527344562
2026-06-23,CSX,-0.1145386845324384,-0.11076725835977655
2026-06-24,CSX,-0.0990881080357118,-0.10687420825175498
2026-06-25,CSX,-0.1110799933269966,-0.10827613661016885
2026-06-26,CSX,-0.1130057583970103,-0.10985267720578268
2026-06-27,CSX,-0.1146837400954564,-0.11146303150234059
2026-06-28,CSX,-0.1130337978180667,-0.1119866202742493
2026-06-29,CSX,-0.1171457033870544,-0.11370631464518434
2026-06-30,CSX,-0.1237412377489586,-0.1170512890131091
2026-07-01,CSX,-0.1352232137820588,-0.12310859726942568
2026-07-02,CSX,-0.1202510500888731,-0.12215608154257483
2026-07-03,CSX,-0.1002082888835755,-0.11484015065624173
2026-07-04,CSX,-0.1002777152244279,-0.10998600551230378
2026-07-05,CSX,-0.100187600585381,-0.10671987053666286
2026-07-06,CSX,-0.1000667160549588,-0.10450215237609485
2026-07-07,CSX,-0.1079201583488709,-0.10564148770035353
2026-07-08,CSX,-0.103820539426898,-0.10503450494253504
2026-07-09,CSX,-0.0853425887056726,-0.0984705328635809
2026-07-10,CSX,-0.0911219828304659,-0.09602101618587591
2026-07-11,CSX,-0.0920154526531529,-0.09468582834163491
2026-07-12,CSX,-0.09207650160937826,-0.09381605276421603
2026-05-13,CTAS,-0.1762881339703323,-0.16420108270893352
2026-05-22,CTAS,-0.1562128446339257,-0.16153833668393092
2026-05-23,CTAS,-0.1496644865484468,-0.15758038663876955
2026-05-24,CTAS,-0.1497537207362057,-0.1549714980045816
2026-05-25,CTAS,-0.1497537214514676,-0.15323223915354361
2026-05-26,CTAS,-0.1497537216703266,-0.15207273332580462
2026-05-27,CTAS,-0.1452844522031711,-0.14980997295159346
2026-06-01,CTAS,-0.1448943018061679,-0.14817141590311828
2026-06-02,CTAS,-0.1327418612585672,-0.14302823102160125
2026-06-03,CTAS,-0.1302792443821689,-0.13877856880845715
2026-06-04,CTAS,-0.1362215386293779,-0.13792622541543073
2026-06-05,CTAS,-0.1302416796552059,-0.13536471016202245
2026-06-06,CTAS,-0.1336893197934153,-0.1348062467058201
2026-06-07,CTAS,-0.1338647452940647,-0.13449241290190164
2026-06-08,CTAS,-0.1338647452940647,-0.134283190365956
2026-06-09,CTAS,-0.1387860048269538,-0.13578412851962196
2026-06-10,CTAS,-0.1377423932087815,-0.1364368834160085
2026-06-11,CTAS,-0.1229903563908773,-0.13195470774096477
2026-06-12,CTAS,-0.12364154423579,-0.12918365323923986
2026-06-13,CTAS,-0.1353290442526878,-0.13123211691038916
2026-06-14,CTAS,-0.1354135785260898,-0.13262593744895604
2026-06-15,CTAS,-0.1354135781891169,-0.13355515102900967
2026-06-16,CTAS,-0.1360797380322284,-0.1343966800300826
2026-06-17,CTAS,-0.1215652999328773,-0.13011955333101416
2026-06-18,CTAS,-0.1240428062658194,-0.12809397097594927
2026-06-19,CTAS,-0.1122003875954957,-0.12279610984913142
2026-06-20,CTAS,-0.1089223498399426,-0.11817152317940181
2026-06-21,CTAS,-0.1089223499916452,-0.11508846545014961
2026-06-22,CTAS,-0.1122004248423192,-0.11412578524753947
2026-06-23,CTAS,-0.1129412309375933,-0.11373093381089075
2026-06-24,CTAS,-0.1117417487111078,-0.1130678721109631
2026-06-25,CTAS,-0.1003051415780561,-0.1088136285999941
2026-06-26,CTAS,-0.0784150962208991,-0.0986807844736291
2026-06-27,CTAS,-0.0697703798861359,-0.0890439829444647
2026-06-28,CTAS,-0.0784473344973134,-0.08551176679541428
2026-06-29,CTAS,-0.0709834038621299,-0.08066897915098616
2026-06-30,CTAS,-0.0876171027178115,-0.08298502033992794
2026-07-01,CTAS,-0.0738360296184872,-0.07993535676611437
2026-07-02,CTAS,-0.0747072446815496,-0.07819265273792611
2026-07-03,CTAS,-0.0629978339627093,-0.07312771314618718
2026-07-04,CTAS,-0.0630749423571248,-0.06977678954983306
2026-07-05,CTAS,-0.0629666708838128,-0.06750674999449298
2026-07-06,CTAS,-0.0628088921596378,-0.06594079738287459
2026-07-07,CTAS,-0.0631503559556744,-0.06501065024047453
2026-07-08,CTAS,-0.042536545686735,-0.0575192820558947
2026-07-09,CTAS,-0.0447046748451984,-0.05324774631899593
2026-07-10,CTAS,-0.056581856893715,-0.05435911651056896
2026-07-11,CTAS,-0.0602185075597192,-0.056312246860285714
2026-07-12,CTAS,-0.06031546785022486,-0.0576466538569321
2026-05-13,CTVA,-0.0537579504221646,-0.0640961984233758
2026-05-22,CTVA,-0.118001575470768,-0.08206465743917321
2026-05-23,CTVA,-0.1268377659597666,-0.09698902694603767
2026-05-24,CTVA,-0.1269149688520084,-0.10696434091469459
2026-05-25,CTVA,-0.1269149696448991,-0.11361455049142943
2026-05-26,CTVA,-0.1269149697217314,-0.11804802356819677
2026-05-27,CTVA,-0.1264409074728779,-0.12084565153642382
2026-06-01,CTVA,-0.1554022154301902,-0.13236450616767928
2026-06-02,CTVA,-0.1511061661363441,-0.13861172615723422
2026-06-03,CTVA,-0.1442007821387045,-0.14047474481772432
2026-06-04,CTVA,-0.1342108407140661,-0.13838677678317157
2026-06-05,CTVA,-0.1464818122761183,-0.14108512194748718
2026-06-06,CTVA,-0.1619938372534381,-0.1480546937161375
2026-06-07,CTVA,-0.1621526807920396,-0.1527540227414382
2026-06-08,CTVA,-0.1621526807920396,-0.15588690875830535
2026-06-09,CTVA,-0.1554544294426546,-0.15574274898642176
2026-06-10,CTVA,-0.1939477433344885,-0.168477747102444
2026-06-11,CTVA,-0.2134876991289989,-0.18348106444462897
2026-06-12,CTVA,-0.2083565046371245,-0.1917728778421275
2026-06-13,CTVA,-0.1940158730733567,-0.1925205429192039
2026-06-14,CTVA,-0.1940969794396101,-0.19304602175933933
2026-06-15,CTVA,-0.1940969791219397,-0.19339634088020613
2026-06-16,CTVA,-0.2021829341133933,-0.1963252052912685
2026-06-17,CTVA,-0.2015711725885495,-0.19807386105702887
2026-06-18,CTVA,-0.1759817878779857,-0.1907098366640145
2026-06-19,CTVA,-0.1654530785161039,-0.18229091728137764
2026-06-20,CTVA,-0.1770510965211733,-0.18054431036130952
2026-06-21,CTVA,-0.1770510966671825,-0.17937990579660051
2026-06-22,CTVA,-0.1654531125771491,-0.17473764139011672
2026-06-23,CTVA,-0.1592613989929855,-0.1695788939244063
2026-06-24,CTVA,-0.1803170412753466,-0.17315827637471976
2026-06-25,CTVA,-0.1843963760151738,-0.17690430958820444
2026-06-26,CTVA,-0.1770836048763368,-0.17696407468424857
2026-06-27,CTVA,-0.1780163419908616,-0.1773148304531196
2026-06-28,CTVA,-0.1771161656719047,-0.17724860885938132
2026-06-29,CTVA,-0.1790008992666486,-0.17783270566180376
2026-06-30,CTVA,-0.176865787853307,-0.1775103997256382
2026-07-01,CTVA,-0.1611554743084376,-0.17205875791990466
2026-07-02,CTVA,-0.1753972061601705,-0.17317157399999328
2026-07-03,CTVA,-0.1798824486328536,-0.17540853221094674
2026-07-04,CTVA,-0.1799614890790168,-0.17692618450030345
2026-07-05,CTVA,-0.1815130201488065,-0.17845512971647115
2026-07-06,CTVA,-0.181345379964142,-0.17941854646569477
2026-07-07,CTVA,-0.1644567041042812,-0.17443126567855693
2026-07-08,CTVA,-0.1752069158207154,-0.1746898157259431
2026-07-09,CTVA,-0.151691517284575,-0.16702371624548706
2026-07-10,CTVA,-0.1618138113067752,-0.16528708126591646
2026-07-11,CTVA,-0.1546731028475942,-0.16174908845980907
2026-07-12,CTVA,-0.1547713867515749,-0.1594231878903977
2026-05-13,CVNA,0.2388630768944604,0.1835504726695366
2026-05-22,CVNA,0.1852000674611107,0.18410033760006134
2026-05-23,CVNA,0.2327550497992424,0.20031857499978836
2026-05-24,CVNA,0.2326800423692463,0.2111057307896077
2026-05-25,CVNA,0.23268004156219,0.2182971677138018
2026-05-26,CVNA,0.2326800415112746,0.22309145897962607
2026-05-27,CVNA,0.2321589091585255,0.22611394237259255
2026-06-01,CVNA,0.2880100047965875,0.2467459631805909
2026-06-02,CVNA,0.2625916506615399,0.2520278590075739
2026-06-03,CVNA,0.2187564636038578,0.2409373938730019
2026-06-04,CVNA,0.1720638289129822,0.21797953888632868
2026-06-05,CVNA,0.1603484537317048,0.19876917716812076
2026-06-06,CVNA,0.1960417371016676,0.19786003047930306
2026-06-07,CVNA,0.1958879961975867,0.19720268571873095
2026-06-08,CVNA,0.1958879961975867,0.19676445587834954
2026-06-09,CVNA,0.2461529804857041,0.2132272974141344
2026-06-10,CVNA,0.2679248262789971,0.2314598070357553
2026-06-11,CVNA,0.2806475368312799,0.24785571696759687
2026-06-12,CVNA,0.2514066888077661,0.2490393742476533
2026-06-13,CVNA,0.1985228352948603,0.23220052793005566
2026-06-14,CVNA,0.1984475284297273,0.2209495280966129
2026-06-15,CVNA,0.1984475287147409,0.2134488616359889
2026-06-16,CVNA,0.2271294792469503,0.21800906750630938
2026-06-17,CVNA,0.2913680762768947,0.24246207042983783
2026-06-18,CVNA,0.2128528806645721,0.2325923405080826
2026-06-19,CVNA,0.2698246776628442,0.2450031195596698
2026-06-20,CVNA,0.2727997151920773,0.25426865143713895
2026-06-21,CVNA,0.2727997150744616,0.26044567264957985
2026-06-22,CVNA,0.2698246518709092,0.26357199905668965
2026-06-23,CVNA,0.2334066859818488,0.2535168946984094
2026-06-24,CVNA,0.2185471006984091,0.2418602966984093
2026-06-25,CVNA,0.2355042972754933,0.239741630224104
2026-06-26,CVNA,0.2212775702260536,0.2335869435580872
2026-06-27,CVNA,0.174040888312663,0.21373825847627917
2026-06-28,CVNA,0.2212473187182945,0.21624127855695097
2026-06-29,CVNA,0.1728886519093356,0.20179040300774587
2026-06-30,CVNA,0.2077574108242942,0.203779405613262
2026-07-01,CVNA,0.1951783353689836,0.20091238219850255
2026-07-02,CVNA,0.2190647066629319,0.20696315701997903
2026-07-03,CVNA,0.2211908716722474,0.21170572857073516
2026-07-04,CVNA,0.2211163588122935,0.2148426053179213
2026-07-05,CVNA,0.2212184956383187,0.2169679020913871
2026-07-06,CVNA,0.2213638089259366,0.21843320436957028
2026-07-07,CVNA,0.2343336823777562,0.22373336370563227
2026-07-08,CVNA,0.1927943889721161,0.21342037212779355
2026-07-09,CVNA,0.1583221113355442,0.19505428519704376
2026-07-10,CVNA,0.1945893667810916,0.1948993123917264
2026-07-11,CVNA,0.1489813254547929,0.1795933167460819
2026-07-12,CVNA,0.14887161046886227,0.1693527479870087
2026-05-13,CVS,-0.066143052003453,-0.10830130110207253
2026-05-22,CVS,-0.0220030386350882,-0.07953521361307776
2026-05-23,CVS,0.009610789460453,-0.049819879255234185
2026-05-24,CVS,0.0095533670958927,-0.0300287971381919
2026-05-25,CVS,0.0095533661753735,-0.016834742700336768
2026-05-26,CVS,0.0095533663320458,-0.008038706356209246
2026-05-27,CVS,-0.0434262991199682,-0.019834570610795563
2026-06-01,CVS,-0.1043880639491681,-0.04801906839025307
2026-06-02,CVS,-0.1127309652539216,-0.06958970067814257
2026-06-03,CVS,-0.1201405026265952,-0.08643996799429346
2026-06-04,CVS,-0.0962754717925926,-0.08971846926039317
2026-06-05,CVS,-0.0784266334262925,-0.08595452398235962
2026-06-06,CVS,-0.0345980380957205,-0.06883569535347991
2026-06-07,CVS,-0.0347095783928878,-0.057460323033282544
2026-06-08,CVS,-0.0347095783928878,-0.0498767414864843
2026-06-09,CVS,-0.0117480468950104,-0.03716717662265967
2026-06-10,CVS,0.0022546799144518,-0.024026557776955847
2026-06-11,CVS,0.0018547085862118,-0.015399468989233299
2026-06-12,CVS,-0.0036775844829895,-0.011492174153818702
2026-06-13,CVS,0.0118376200606097,-0.0037155760823425693
2026-06-14,CVS,0.0117841587674622,0.001451002200925686
2026-06-15,CVS,0.0117841589294642,0.00489538777710519
2026-06-16,CVS,0.0007223523048093,0.0035043759530065605
2026-06-17,CVS,0.0282478777346409,0.011752209880218007
2026-06-18,CVS,0.0393510121500877,0.02095181063684124
2026-06-19,CVS,0.00092129114788,0.014274970807187495
2026-06-20,CVS,0.0036245875378231,0.010724843050732697
2026-06-21,CVS,0.0036245874507776,0.008358091184080998
2026-06-22,CVS,0.0009212756290874,0.005879152665749799
2026-06-23,CVS,0.0240422573315214,0.011933520887673667
2026-06-24,CVS,0.042875570353806,0.022247537376384446
2026-06-25,CVS,0.0617486894438423,0.035414588065537066
2026-06-26,CVS,0.0416640869190111,0.03749775435002841
2026-06-27,CVS,0.0638282976236391,0.046274602107898646
2026-06-28,CVS,0.0416419565527828,0.044730386922860035
2026-06-29,CVS,0.0591183362677591,0.049526370037826395
2026-06-30,CVS,0.0232721836546973,0.04077497457678337
2026-07-01,CVS,0.0221541398354057,0.034568029662990815
2026-07-02,CVS,0.0639670942376911,0.04436771785455758
2026-07-03,CVS,0.0806284921083274,0.05645464260581419
2026-07-04,CVS,0.0805720520348141,0.0644937790821475
2026-07-05,CVS,0.080631473122734,0.06987301042900967
2026-07-06,CVS,0.080689989191468,0.07347867001649579
2026-07-07,CVS,0.0526656304962386,0.06654099017641006
2026-07-08,CVS,0.0323207261171322,0.05513423548998411
2026-07-09,CVS,0.0639300649556731,0.05806617864521378
2026-07-10,CVS,0.0261114347831048,0.04741459735784412
2026-07-11,CVS,0.0271905335436462,0.04067324275311148
2026-07-12,CVS,0.027167259018405596,0.036171248174876186
2026-05-13,CVX,-0.2046742842056714,-0.08411369711401832
2026-05-22,CVX,-0.1892689044122789,-0.11916543288010518
2026-05-23,CVX,-0.1882107363011237,-0.1421805340204447
2026-05-24,CVX,-0.1882863580330715,-0.15754914202465364
2026-05-25,CVX,-0.1882863588361642,-0.16779488096182382
2026-05-26,CVX,-0.1882863588943313,-0.174625373605993
2026-05-27,CVX,-0.2091004981456962,-0.1861170817858941
2026-06-01,CVX,-0.2323313883059001,-0.20152185062589612
2026-06-02,CVX,-0.2219664280904548,-0.20833670978074903
2026-06-03,CVX,-0.2081692426458806,-0.20828088740245956
2026-06-04,CVX,-0.2161722379995262,-0.21091133760148179
2026-06-05,CVX,-0.2325266371340874,-0.21811643744568365
2026-06-06,CVX,-0.2299276365998024,-0.2220535038303899
2026-06-07,CVX,-0.2300842584810759,-0.22473042204728524
2026-06-08,CVX,-0.2300842584810759,-0.22651503419188213
2026-06-09,CVX,-0.2123220609167282,-0.22178404310016417
2026-06-10,CVX,-0.2508358147317839,-0.23146796697737076
2026-06-11,CVX,-0.2630910426542929,-0.24200899220301147
2026-06-12,CVX,-0.2809660258550603,-0.25499467008702775
2026-06-13,CVX,-0.2739867654912633,-0.2613253685551063
2026-06-14,CVX,-0.2740682745243836,-0.26557300387819877
2026-06-15,CVX,-0.2740682742044457,-0.2684047606536144
2026-06-16,CVX,-0.2959216122215167,-0.27757704450958187
2026-06-17,CVX,-0.3150141497762344,-0.2900560795984661
2026-06-18,CVX,-0.3211472777838941,-0.3004198123269421
2026-06-19,CVX,-0.3295648988690946,-0.3101348411743263
2026-06-20,CVX,-0.3261716478117731,-0.3154804433868086
2026-06-21,CVX,-0.3261716479764371,-0.3190441782500181
2026-06-22,CVX,-0.3295649404715436,-0.3225510989905266
2026-06-23,CVX,-0.3224447216725498,-0.32251563988453436
2026-06-24,CVX,-0.3372555259274756,-0.3274289352321815
2026-06-25,CVX,-0.3505021097640045,-0.33511999340945586
2026-06-26,CVX,-0.3360410758882936,-0.33542702090240184
2026-06-27,CVX,-0.368305037758992,-0.34638635985459854
2026-06-28,CVX,-0.3360768508096599,-0.342949856839619
2026-06-29,CVX,-0.3678321592673573,-0.3512439576488651
2026-06-30,CVX,-0.356960387624316,-0.3531494343073488
2026-07-01,CVX,-0.3464770326272143,-0.35092530041397063
2026-07-02,CVX,-0.3473025213902938,-0.3497177074060784
2026-07-03,CVX,-0.362686287227952,-0.354040567346703
2026-07-04,CVX,-0.3627730918019062,-0.35695140883177073
2026-07-05,CVX,-0.3626419030287545,-0.35884824023076534
2026-07-06,CVX,-0.3624375569741608,-0.36004467914523053
2026-07-07,CVX,-0.3617478515666223,-0.3606124032856945
2026-07-08,CVX,-0.3651091548603561,-0.36211132047724837
2026-07-09,CVX,-0.3050458240184342,-0.34308948832431035
2026-07-10,CVX,-0.2996851561224531,-0.3286213775903579
2026-07-11,CVX,-0.2928942820309246,-0.3167123457372135
2026-07-12,CVX,-0.29301264406768995,-0.30881244518070566
2026-05-13,D,-0.0188448509571481,0.06500501342318019
2026-05-22,D,-0.0423179799663252,0.029230682293345064
2026-05-23,D,-0.043089456733752,0.005123969284312711
2026-05-24,D,-0.0431626093303557,-0.010971556920576758
2026-05-25,D,-0.0431626101493798,-0.02170190799684444
2026-05-26,D,-0.0431626101783993,-0.02885547539069606
2026-05-27,D,-0.0447794925262813,-0.034163481102557805
2026-06-01,D,-0.0433151273741328,-0.037214029859749476
2026-06-02,D,-0.0723895216197106,-0.04893919377973652
2026-06-03,D,-0.053195800741291,-0.05035806276692135
2026-06-04,D,-0.0706659658006881,-0.05712736377817693
2026-06-05,D,-0.0761443175149118,-0.06346634835708856
2026-06-06,D,-0.0541367316941845,-0.060356476136120545
2026-06-07,D,-0.0542789528912359,-0.05833063505449233
2026-06-08,D,-0.0542789528912359,-0.056980074333406856
2026-06-09,D,-0.0703424329353728,-0.06143419386739551
2026-06-10,D,-0.0611446254448273,-0.06133767105987277
2026-06-11,D,-0.0678573911367533,-0.06351091108549961
2026-06-12,D,-0.0843580135764672,-0.07045994524915548
2026-06-13,D,-0.0725155883956527,-0.07114515963132123
2026-06-14,D,-0.0725884871202922,-0.07162626879431155
2026-06-15,D,-0.0725884868488387,-0.07194700814582061
2026-06-16,D,-0.0677052521966254,-0.07053308949608889
2026-06-17,D,-0.0620440003316887,-0.06770339310795549
2026-06-18,D,-0.042236518584586,-0.059214434933499
2026-06-19,D,-0.0349218248804482,-0.05111689824914874
2026-06-20,D,-0.0539634224907749,-0.05206573966302412
2026-06-21,D,-0.0539634226169582,-0.05269830064766882
2026-06-22,D,-0.0349218516552326,-0.046772817650190084
2026-06-23,D,-0.0396902187926478,-0.04441195136434266
2026-06-24,D,-0.0295912615568266,-0.03947172142850398
2026-06-25,D,-0.0227218886546898,-0.03388844383723259
2026-06-26,D,-0.0424362332830746,-0.0367377069858466
2026-06-27,D,-0.0487112818662545,-0.040728898612649236
2026-06-28,D,-0.0424653352109927,-0.04130771081209706
2026-06-29,D,-0.0507650708596297,-0.044460164161274615
2026-06-30,D,-0.0677767924685323,-0.052232373597027176
2026-07-01,D,-0.0615561350998526,-0.05534029409796899
2026-07-02,D,-0.0641042451201011,-0.05826161110534636
2026-07-03,D,-0.0507711267697795,-0.05576478299349075
2026-07-04,D,-0.050844085149306,-0.0541245503787625
2026-07-05,D,-0.050745622398612,-0.052998241052045675
2026-07-06,D,-0.0506077747322114,-0.05220141894543425
2026-07-07,D,-0.0493588451110255,-0.05125389433396467
2026-07-08,D,-0.0447891421691184,-0.04909897694568258
2026-07-09,D,-0.0223558496758325,-0.04018460118906589
2026-07-10,D,-0.0471952430373798,-0.04252148180517053
2026-07-11,D,-0.0491548080794486,-0.04473259056326322
2026-07-12,D,-0.04923369257530315,-0.04623295790060987
2026-05-13,DAL,0.4408494140415826,0.4380304381411913
2026-05-22,DAL,0.5634622611036297,0.4798410457953375
2026-05-23,DAL,0.538573585173217,0.49941855892129733
2026-05-24,DAL,0.5385030711503731,0.5124467296643226
2026-05-25,DAL,0.5385030703143242,0.5211321765476565
2026-05-26,DAL,0.5385030703164525,0.5269224744705886
2026-05-27,DAL,0.5713706311954752,0.5417385267122174
2026-06-01,DAL,0.6560474994039215,0.5798415176094522
2026-06-02,DAL,0.6141831477360844,0.591288727651663
2026-06-03,DAL,0.6131991447251219,0.5985922000094827
2026-06-04,DAL,0.6227716394664531,0.6066520131618062
2026-06-05,DAL,0.64306783605657,0.6187906207933942
2026-06-06,DAL,0.6726159803099505,0.636732407298913
2026-06-07,DAL,0.6725191555681787,0.6486613233886682
2026-06-08,DAL,0.6725191555681787,0.6566139341151718
2026-06-09,DAL,0.6672746498696366,0.6601675060333267
2026-06-10,DAL,0.7150072358069708,0.6784474159578748
2026-06-11,DAL,0.6710639292817221,0.6759862537324907
2026-06-12,DAL,0.6910934537320089,0.6810219870656634
2026-06-13,DAL,0.6722347269437718,0.6780929003583662
2026-06-14,DAL,0.6721821595661341,0.6761226534276222
2026-06-15,DAL,0.6721821597231025,0.6748091555261158
2026-06-16,DAL,0.6174661112971387,0.6556948074497901
2026-06-17,DAL,0.623825222444029,0.6450716124478698
2026-06-18,DAL,0.6094236290272045,0.6331889513076481
2026-06-19,DAL,0.6196095958006447,0.6286624994719803
2026-06-20,DAL,0.6223888294577808,0.6265712761339138
2026-06-21,DAL,0.6223888293621926,0.6251771272100068
2026-06-22,DAL,0.6196095774110525,0.623321277277022
2026-06-23,DAL,0.6143143498351082,0.6203189681297174
2026-06-24,DAL,0.6287277772721896,0.6231219045105415
2026-06-25,DAL,0.6561360054888995,0.6341266048366608
2026-06-26,DAL,0.6384510075259576,0.6355680723997599
2026-06-27,DAL,0.6743291654232282,0.648488436740916
2026-06-28,DAL,0.6384267262728339,0.6451345332515553
2026-06-29,DAL,0.670151293878873,0.6534734534606612
2026-06-30,DAL,0.6695197203407152,0.6588222090873459
2026-07-01,DAL,0.6528151764501027,0.6568198648749315
2026-07-02,DAL,0.6668707410133419,0.6601701569210683
2026-07-03,DAL,0.7007722323233844,0.6737041820551737
2026-07-04,DAL,0.7007134611907221,0.6827072751003564
2026-07-05,DAL,0.7007783918281761,0.6887309806762965
2026-07-06,DAL,0.7008481031518226,0.6927700215014718
2026-07-07,DAL,0.6846213985516741,0.6900538138515393
2026-07-08,DAL,0.6912824972139882,0.6904633749723557
2026-07-09,DAL,0.6733646777571717,0.684763809233961
2026-07-10,DAL,0.6783270535043369,0.682618223990753
2026-07-11,DAL,0.6567680106639402,0.6740014862151488
2026-07-12,DAL,0.6567374277482021,0.6682468000594999
2026-05-13,DASH,-0.3041172814253591,-0.30224570577193766
2026-05-22,DASH,-0.2376665666693925,-0.2807193260710893
2026-05-23,DASH,-0.2290093499089676,-0.26348266735038206
2026-05-24,DASH,-0.229090404459918,-0.2520185797202274
2026-05-25,DASH,-0.2290904052279568,-0.24437585488947056
2026-05-26,DASH,-0.2290904053502571,-0.2392807050430661
2026-05-27,DASH,-0.2883339362490212,-0.25563178211171783
2026-06-01,DASH,-0.267266818235131,-0.2595101274861889
2026-06-02,DASH,-0.2431932840388337,-0.2540711796704038
2026-06-03,DASH,-0.2778908905865261,-0.26201108330911127
2026-06-04,DASH,-0.3005772545455225,-0.2748664737212484
2026-06-05,DASH,-0.3111398245538527,-0.28695759066544985
2026-06-06,DASH,-0.2972750674085965,-0.2903967495798321
2026-06-07,DASH,-0.2974524387564184,-0.29274864597202754
2026-06-08,DASH,-0.2974524387564184,-0.29431657690015783
2026-06-09,DASH,-0.2881546725672367,-0.29226260878918414
2026-06-10,DASH,-0.2873515412222974,-0.29062558626688856
2026-06-11,DASH,-0.2810809173036299,-0.2874440299458023
2026-06-12,DASH,-0.267151044575711,-0.28067970148910526
2026-06-13,DASH,-0.3044515869704204,-0.28860366331621035
2026-06-14,DASH,-0.304537508307325,-0.2939149449799152
2026-06-15,DASH,-0.3045375079625416,-0.29745579930745736
2026-06-16,DASH,-0.2422797328244475,-0.2790637771464541
2026-06-17,DASH,-0.2279815036313635,-0.2620363526414239
2026-06-18,DASH,-0.2107651436852601,-0.24494594965603597
2026-06-19,DASH,-0.1794212144871838,-0.22310437126641858
2026-06-20,DASH,-0.1763454271218665,-0.2075180565515679
2026-06-21,DASH,-0.1763454272508164,-0.19712718011798408
2026-06-22,DASH,-0.1794212440879547,-0.19122520144130764
2026-06-23,DASH,-0.1921453811125457,-0.19153192799838703
2026-06-24,DASH,-0.166028663762873,-0.1830308399198824
2026-06-25,DASH,-0.1274233211062273,-0.1644950003153307
2026-06-26,DASH,-0.1478330585431709,-0.15894101972461078
2026-06-27,DASH,-0.1023851842551779,-0.14008907456813316
2026-06-28,DASH,-0.1478619203928923,-0.14268002317638623
2026-06-29,DASH,-0.1051789512520978,-0.1301796658682901
2026-06-30,DASH,-0.1178255474430168,-0.126061626393199
2026-07-01,DASH,-0.1130329213069552,-0.12171872469778441
2026-07-02,DASH,-0.0803779948570645,-0.10793848141754445
2026-07-03,DASH,-0.0868369213149835,-0.10090462805002413
2026-07-04,DASH,-0.0869043777190939,-0.09623787793971407
2026-07-05,DASH,-0.0868189191026384,-0.09309822499402219
2026-07-06,DASH,-0.0867074954835787,-0.09096798182387436
2026-07-07,DASH,-0.0969997978709906,-0.0929785871729131
2026-07-08,DASH,-0.0544088557116295,-0.0801220100191519
2026-07-09,DASH,-0.0830920118973339,-0.08111201064521256
2026-07-10,DASH,-0.0441728200188223,-0.06879894710308249
2026-07-11,DASH,-0.0409658551231704,-0.05952124977644513
2026-07-12,DASH,-0.04100593769072618,-0.05334947908120548
2026-05-13,DDOG,0.2779345702750246,0.22425281106018788
2026-05-22,DDOG,0.4476502060778261,0.29871860939940065
2026-05-23,DDOG,0.4476502060778261,0.3483624749588758
2026-05-24,DDOG,0.4476502060778261,0.3814583853318593
2026-05-25,DDOG,0.4476502060778261,0.40352232558051493
2026-05-26,DDOG,0.4476502060778261,0.4182316190796187
2026-05-27,DDOG,0.4476502060778261,0.4280378147456878
2026-06-01,DDOG,0.4476502060778261,0.4345752785230672
2026-06-02,DDOG,0.4476502060778261,0.43893358770798685
2026-06-03,DDOG,0.4476502060778261,0.44183912716459994
2026-06-04,DDOG,0.3908579024994081,0.42484538560953605
2026-06-05,DDOG,0.368591263814114,0.40609401167772874
2026-06-06,DDOG,0.3656098237057608,0.3925992823537394
2026-06-07,DDOG,0.3656086537741553,0.38360240616054475
2026-06-08,DDOG,0.3656086537741553,0.37760448869841495
2026-06-09,DDOG,0.3793451829428232,0.37818472011321774
2026-06-10,DDOG,0.3470104606735878,0.3677933003000078
2026-06-11,DDOG,0.3458256967418556,0.36047076578062376
2026-06-12,DDOG,0.3473523871398703,0.35609797290037265
2026-06-13,DDOG,0.299901006790084,0.3373656508636098
2026-06-14,DDOG,0.2998801082979034,0.3248704700083743
2026-06-15,DDOG,0.2998801082765452,0.316540349431098
2026-06-16,DDOG,0.2659350699896359,0.2996719229506106
2026-06-17,DDOG,0.260847552116168,0.28673046600579644
2026-06-18,DDOG,0.2604674517442702,0.27797612791862103
2026-06-19,DDOG,0.2194948799709697,0.25848237860273726
2026-06-20,DDOG,0.221672646065121,0.24621246775686517
2026-06-21,DDOG,0.2216726460371965,0.2380325271836423
2026-06-22,DDOG,0.2194948843197892,0.23185331289569128
2026-06-23,DDOG,0.1673447817454451,0.21035046917894257
2026-06-24,DDOG,0.2826481587604483,0.2344496990394445
2026-06-25,DDOG,0.3028283444804683,0.25724258085311913
2026-06-26,DDOG,0.1884879278205198,0.23432436317558603
2026-06-27,DDOG,0.4020176216716773,0.2902221160076165
2026-06-28,DDOG,0.1884720044013728,0.2563054121388686
2026-06-29,DDOG,0.3928207305919942,0.30181051828991046
2026-06-30,DDOG,0.3504311898114235,0.3180174087970815
2026-07-01,DDOG,0.408555008968493,0.34819660885421866
2026-07-02,DDOG,0.4476502060778261,0.38134780792875445
2026-07-03,DDOG,0.4476502060778261,0.40344860731177834
2026-07-04,DDOG,0.4476502060778261,0.41818247356712757
2026-07-05,DDOG,0.4476502060778261,0.42800505107069375
2026-07-06,DDOG,0.4476502060778261,0.4345534360730712
2026-07-07,DDOG,0.4476502060778261,0.43891902607465616
2026-07-08,DDOG,0.4476502060778261,0.4418294194090462
2026-07-09,DDOG,0.4476502060778261,0.44376968163197283
2026-07-10,DDOG,0.4476502060778261,0.44506318978059056
2026-07-11,DDOG,0.4476502060778261,0.4459255285463357
2026-07-12,DDOG,0.4476502060778261,0.4465004210568325
2026-05-13,DE,-0.5953964308437167,-0.5634214655922588
2026-05-22,DE,-0.6875189158997463,-0.6047872823614213
2026-05-23,DE,-0.681690878644631,-0.6304218144558246
2026-05-24,DE,-0.6817841371621853,-0.6475425886912782
2026-05-25,DE,-0.6817841378514813,-0.658956438411346
2026-05-26,DE,-0.6817841381178467,-0.6665656716468462
2026-05-27,DE,-0.6547560116662061,-0.6626291183199662
2026-06-01,DE,-0.6323550933757591,-0.6525377766718972
2026-06-02,DE,-0.616238230460575,-0.6404379279347898
2026-06-03,DE,-0.5781694046087464,-0.6196817534927754
2026-06-04,DE,-0.5490348366170421,-0.5961327812008643
2026-06-05,DE,-0.5569353983967902,-0.5830669869328396
2026-06-06,DE,-0.572826323170675,-0.5796534323454514
2026-06-07,DE,-0.5729870470782692,-0.5774313039230574
2026-06-08,DE,-0.5729870470782692,-0.5759498849747947
2026-06-09,DE,-0.5765906413772335,-0.5761634704422743
2026-06-10,DE,-0.5842036507760546,-0.5788435305535344
2026-06-11,DE,-0.6005610525219189,-0.5860827045429959
2026-06-12,DE,-0.5854861286614872,-0.5858838459158264
2026-06-13,DE,-0.5676247878728059,-0.5797974932348197
2026-06-14,DE,-0.5677026282853415,-0.5757658715849936
2026-06-15,DE,-0.5677026279860615,-0.5730781237186829
2026-06-16,DE,-0.5707901193605158,-0.572315455599294
2026-06-17,DE,-0.5675439824483681,-0.5707249645489854
2026-06-18,DE,-0.5488575817571986,-0.5634358369517232
2026-06-19,DE,-0.5474851463186128,-0.5581189400740197
2026-06-20,DE,-0.5536669985927557,-0.5566349595802651
2026-06-21,DE,-0.5536669987318072,-0.5556456392974458
2026-06-22,DE,-0.5474851785117536,-0.5529254857022151
2026-06-23,DE,-0.541521674060143,-0.5491242151548578
2026-06-24,DE,-0.5620414479223128,-0.5534299594106762
2026-06-25,DE,-0.5457813716786548,-0.5508804301666691
2026-06-26,DE,-0.5268027325998259,-0.5428545309777214
2026-06-27,DE,-0.5371326796675222,-0.5409472472076551
2026-06-28,DE,-0.5268331919734333,-0.5362425621295812
2026-06-29,DE,-0.5386882277188614,-0.5370577839926747
2026-06-30,DE,-0.5164610368774384,-0.5301922016209293
2026-07-01,DE,-0.5054854936517587,-0.5219566322978724
2026-07-02,DE,-0.514068568986873,-0.5193272778608726
2026-07-03,DE,-0.5292633184988709,-0.522639291406872
2026-07-04,DE,-0.5293383940857453,-0.5248723256331631
2026-07-05,DE,-0.5292349272326189,-0.526326526166315
2026-07-06,DE,-0.529086911366079,-0.5272466545662364
2026-07-07,DE,-0.5106204663321935,-0.5217045918215555
2026-07-08,DE,-0.552405506444696,-0.531938230029269
2026-07-09,DE,-0.5822884661085502,-0.5487216420556962
2026-07-10,DE,-0.5973872552236171,-0.5649435131116698
2026-07-11,DE,-0.5985193233247752,-0.5761354498493716
2026-07-12,DE,-0.5986305835048076,-0.583633827734517
2026-05-13,DELL,0.3904136493831955,0.4149927584155632
2026-05-22,DELL,0.394490136525004,0.40815855111871013
2026-05-23,DELL,0.394490136525004,0.4036024129208081
2026-05-24,DELL,0.394490136525004,0.4005649874555401
2026-05-25,DELL,0.394490136525004,0.3985400371453614
2026-05-26,DELL,0.394490136525004,0.39719007027190895
2026-05-27,DELL,0.394490136525004,0.396290092356274
2026-06-01,DELL,0.394490136525004,0.395690107079184
2026-06-02,DELL,0.394490136525004,0.39529011689445737
2026-06-03,DELL,0.394490136525004,0.39502345677130624
2026-06-04,DELL,0.394490136525004,0.39484568335587217
2026-06-05,DELL,0.394490136525004,0.3947271677455828
2026-06-06,DELL,0.394490136525004,0.3946481573387232
2026-06-07,DELL,0.394490136525004,0.39459548373415015
2026-06-08,DELL,0.394490136525004,0.3945603679977681
2026-06-09,DELL,0.394490136525004,0.39453695750684675
2026-06-10,DELL,0.394490136525004,0.39452135051289916
2026-06-11,DELL,0.394490136525004,0.39451094585026747
2026-06-12,DELL,0.394490136525004,0.394504009408513
2026-06-13,DELL,0.394490136525004,0.39449938511401
2026-06-14,DELL,0.394490136525004,0.394496302251008
2026-06-15,DELL,0.394490136525004,0.3944942470090067
2026-06-16,DELL,0.394490136525004,0.3944928768476725
2026-06-17,DELL,0.394490136525004,0.394491963406783
2026-06-18,DELL,0.394490136525004,0.39449135444619
2026-06-19,DELL,0.394490136525004,0.39449094847246136
2026-06-20,DELL,0.394490136525004,0.39449067782330893
2026-06-21,DELL,0.394490136525004,0.39449049739054065
2026-06-22,DELL,0.394490136525004,0.39449037710202844
2026-06-23,DELL,0.394490136525004,0.39449029690968695
2026-06-24,DELL,0.394490136525004,0.394490243448126
2026-06-25,DELL,0.394490136525004,0.3944902078070853
2026-06-26,DELL,0.394490136525004,0.3944901840463916
2026-06-27,DELL,0.394490136525004,0.3944901682059291
2026-06-28,DELL,0.394490136525004,0.39449015764562073
2026-06-29,DELL,0.394490136525004,0.39449015060541515
2026-06-30,DELL,0.394490136525004,0.39449014591194476
2026-07-01,DELL,0.394490136525004,0.3944901427829645
2026-07-02,DELL,0.394490136525004,0.3944901406969777
2026-07-03,DELL,0.394490136525004,0.3944901393063198
2026-07-04,DELL,0.394490136525004,0.39449013837921454
2026-07-05,DELL,0.394490136525004,0.3944901377611444
2026-07-06,DELL,0.394490136525004,0.3944901373490976
2026-07-07,DELL,0.394490136525004,0.3944901370743997
2026-07-08,DELL,0.394490136525004,0.39449013689126783
2026-07-09,DELL,0.394490136525004,0.3944901367691799
2026-07-10,DELL,0.394490136525004,0.39449013668778793
2026-07-11,DELL,0.394490136525004,0.3944901366335266
2026-07-12,DELL,0.39449013652500403,0.39449013659735244
2026-05-13,DHI,0.0974112096526786,0.12557200831192583
2026-05-22,DHI,0.1202801263170299,0.12380804764696053
2026-05-23,DHI,0.1244954433022507,0.12403717953205726
2026-05-24,DHI,0.1244066916057186,0.1241603502232777
2026-05-25,DHI,0.1244066908873436,0.12424246377796634
2026-05-26,DHI,0.1244066906741802,0.1242972060767043
2026-05-27,DHI,0.1652018315389906,0.13793208123079975
2026-06-01,DHI,0.1935452101324559,0.15646979086468515
2026-06-02,DHI,0.1983478000851906,0.17042912727152032
2026-06-03,DHI,0.2007743390517778,0.1805441978649395
2026-06-04,DHI,0.1965506868795647,0.18587969420314793
2026-06-05,DHI,0.2017590546906944,0.19117281436566344
2026-06-06,DHI,0.1999636587086563,0.19410309581332774
2026-06-07,DHI,0.1998053409256898,0.1960038441841151
2026-06-08,DHI,0.1998053409256898,0.19727100976464002
2026-06-09,DHI,0.2043515173454946,0.19963117895825822
2026-06-10,DHI,0.2433351762778045,0.21419917806477368
2026-06-11,DHI,0.2357013261873159,0.22136656077228778
2026-06-12,DHI,0.2544399284451749,0.23239101666325018
2026-06-13,DHI,0.2458973800219661,0.23689313778282217
2026-06-14,DHI,0.2458249210708465,0.23987039887883027
2026-06-15,DHI,0.2458249213398236,0.2418552396991614
2026-06-16,DHI,0.2480926284372095,0.24393436927851078
2026-06-17,DHI,0.2723493601695719,0.2534060329088645
2026-06-18,DHI,0.2605161614389756,0.2557760757522349
2026-06-19,DHI,0.2943299993001678,0.26862738360154587
2026-06-20,DHI,0.2501919425089187,0.26248223657067016
2026-06-21,DHI,0.250191942380126,0.25838547184048877
2026-06-22,DHI,0.2943299738045742,0.27036697249518393
2026-06-23,DHI,0.2623229245947949,0.2676856231950543
2026-06-24,DHI,0.2748564335370278,0.27007589330904547
2026-06-25,DHI,0.3313416456700971,0.2904978107627294
2026-06-26,DHI,0.3147139605071183,0.2985698606775257
2026-06-27,DHI,0.32001458783798,0.3057181030643438
2026-06-28,DHI,0.314686521901786,0.30870757601015786
2026-06-29,DHI,0.3172658488191647,0.31156033361316016
2026-06-30,DHI,0.3051151944978663,0.3094119539080622
2026-07-01,DHI,0.2925232070267073,0.30378237161427724
2026-07-02,DHI,0.2729205210740335,0.29349508810086267
2026-07-03,DHI,0.2752776225712615,0.2874225995909956
2026-07-04,DHI,0.2752055167430611,0.2833502386416841
2026-07-05,DHI,0.2753019644553278,0.28066748057956536
2026-07-06,DHI,0.2754357176184095,0.2789235595925134
2026-07-07,DHI,0.2551763050705417,0.27100780808518954
2026-07-08,DHI,0.2808610082540866,0.2742922081414886
2026-07-09,DHI,0.2325065478707427,0.2603636547179066
2026-07-10,DHI,0.2286290757578511,0.24978546173122146
2026-07-11,DHI,0.2373209001351537,0.24563060786586555
2026-07-12,DHI,0.23723298524491826,0.24283140032554978
2026-05-13,DHR,-0.3784046501980656,-0.3662164646832188
2026-05-22,DHR,-0.2855021296755302,-0.3393116863473226
2026-05-23,DHR,-0.2789674982984073,-0.3191969569976842
2026-05-24,DHR,-0.2790607086928792,-0.30581820756274924
2026-05-25,DHR,-0.2790607093824856,-0.2968990415026614
2026-05-26,DHR,-0.2790607096482829,-0.2909529308845352
2026-05-27,DHR,-0.2704075514652141,-0.2841044710780949
2026-06-01,DHR,-0.2123552873569848,-0.2601880765043915
2026-06-02,DHR,-0.2110633414773937,-0.2438131648287256
2026-06-03,DHR,-0.2259504132616988,-0.23785891430638334
2026-06-04,DHR,-0.2127397631114689,-0.22948586390807854
2026-06-05,DHR,-0.1825293758321856,-0.21383370121611422
2026-06-06,DHR,-0.203811736249164,-0.21049304622713083
2026-06-07,DHR,-0.2039813452439721,-0.2083224792327446
2026-06-08,DHR,-0.2039813452439721,-0.20687543456982047
2026-06-09,DHR,-0.1935704380336132,-0.20244043572441806
2026-06-10,DHR,-0.1868559114642785,-0.19724559430437155
2026-06-11,DHR,-0.1770409142085904,-0.19051070093911115
2026-06-12,DHR,-0.1966818284216208,-0.19256774343328106
2026-06-13,DHR,-0.210263773849484,-0.19846642023868205
2026-06-14,DHR,-0.2103464733014789,-0.202426437926281
2026-06-15,DHR,-0.2103464729748378,-0.20506644960913328
2026-06-16,DHR,-0.2149687445073518,-0.20836721457520613
2026-06-17,DHR,-0.2177783948793622,-0.2115042746765915
2026-06-18,DHR,-0.2149158407568785,-0.2126414633700205
2026-06-19,DHR,-0.2143882091517114,-0.21322371196391748
2026-06-20,DHR,-0.2114597810409564,-0.21263573498959712
2026-06-21,DHR,-0.211459781195384,-0.2122437503915261
2026-06-22,DHR,-0.2143882472821547,-0.21295858268840231
2026-06-23,DHR,-0.2036074176112667,-0.20984152766269046
2026-06-24,DHR,-0.2079783288212407,-0.20922046138220723
2026-06-25,DHR,-0.164162167307393,-0.19420103002393585
2026-06-26,DHR,-0.156472533144365,-0.18162486439741224
2026-06-27,DHR,-0.1375800930727775,-0.16694327395586733
2026-06-28,DHR,-0.1565042615305063,-0.16346360314741368
2026-06-29,DHR,-0.1377891781467801,-0.15490546148053583
2026-06-30,DHR,-0.1560488330146487,-0.15528658532524015
2026-07-01,DHR,-0.1665601568275782,-0.15904444249268618
2026-07-02,DHR,-0.1653545152334041,-0.1611478000729255
2026-07-03,DHR,-0.158754977388737,-0.16035019251152935
2026-07-04,DHR,-0.1588323673420467,-0.15984425078836847
2026-07-05,DHR,-0.1587234303932684,-0.15947064399000177
2026-07-06,DHR,-0.1585642994410327,-0.15916852914034543
2026-07-07,DHR,-0.1768683804464076,-0.1650684795756995
2026-07-08,DHR,-0.1750757737839612,-0.16840424431178674
2026-07-09,DHR,-0.186178023705665,-0.1743288374430795
2026-07-10,DHR,-0.1526659470685442,-0.16710787398490107
2026-07-11,DHR,-0.1349411322448908,-0.15638562673823098
2026-07-12,DHR,-0.1350325295348091,-0.14926792767042368
2026-05-13,DIS,0.102314786835353,0.1303299147772268
2026-05-22,DIS,0.1151638897252863,0.12527457309324663
2026-05-23,DIS,0.1017109574527085,0.1174200345464006
2026-05-24,DIS,0.101629610064202,0.11215655971900107
2026-05-25,DIS,0.1016296092980526,0.1086475762453516
2026-05-26,DIS,0.1016296091722955,0.10630825388766624
2026-05-27,DIS,0.113626417643221,0.1087476418061845
2026-06-01,DIS,0.1146986883702614,0.11073132399421015
2026-06-02,DIS,0.1231035695834043,0.11485540585727487
2026-06-03,DIS,0.1158400883884688,0.11518363336767286
2026-06-04,DIS,0.1060979160789275,0.11215506093809108
2026-06-05,DIS,0.0986871126120969,0.10766574482942637
2026-06-06,DIS,0.1018521555096947,0.10572788172284917
2026-06-07,DIS,0.1016923244899015,0.10438269597853328
2026-06-08,DIS,0.1016923244899015,0.1034859054823227
2026-06-09,DIS,0.0982150560438998,0.10172895566951508
2026-06-10,DIS,0.0943020307998213,0.09925331404628382
2026-06-11,DIS,0.0947703285707777,0.09775898555444845
2026-06-12,DIS,0.1011016929280679,0.09887322134565493
2026-06-13,DIS,0.1052179852367433,0.1009881426426844
2026-06-14,DIS,0.105140307798532,0.10237219769463361
2026-06-15,DIS,0.1051403080968942,0.10329490116205381
2026-06-16,DIS,0.105984341334355,0.10419138121948754
2026-06-17,DIS,0.0976228894667533,0.10200188396857612
2026-06-18,DIS,0.1071233415747454,0.10370903650396589
2026-06-19,DIS,0.1169503369347528,0.1081228033142282
2026-06-20,DIS,0.1201103646194051,0.1121186570826205
2026-06-21,DIS,0.1201103644809783,0.11478255954873978
2026-06-22,DIS,0.1169503041492864,0.11550514108225532
2026-06-23,DIS,0.1247399132779431,0.11858339848081792
2026-06-24,DIS,0.1452553979749839,0.12747406497887326
2026-06-25,DIS,0.1331736846113692,0.12937393818970525
2026-06-26,DIS,0.0392975316233061,0.09934846933423887
2026-06-27,DIS,0.04832026264519,0.08233906710455592
2026-06-28,DIS,0.0392659406917097,0.06798135830027385
2026-06-29,DIS,0.0468895173339665,0.06095074464483807
2026-06-30,DIS,0.0344009024055502,0.05210079723174212
2026-07-01,DIS,0.0221028358757369,0.04210147677974039
2026-07-02,DIS,0.0158482882699349,0.03335041394313856
2026-07-03,DIS,0.0342108695467585,0.03363723247767854
2026-07-04,DIS,0.0341334809142344,0.033802648623197165
2026-07-05,DIS,0.0342424147412843,0.03394923732922621
2026-07-06,DIS,0.0344015393502528,0.034100004669568404
2026-07-07,DIS,0.0228152506518232,0.03033841999698667
2026-07-08,DIS,0.0231818714286428,0.027952903807538714
2026-07-09,DIS,0.0134006573539695,0.02310215498968231
2026-07-10,DIS,0.0048669517920294,0.01702375392379801
2026-07-11,DIS,-0.0040262505585165,0.010007085763026507
2026-07-12,DIS,-0.004137745715088556,0.005292141936988154
2026-05-13,DLR,0.0375289476165837,0.04118141597962237
2026-05-22,DLR,0.0176308510474805,0.03333122766890841
2026-05-23,DLR,-0.0025288830977086,0.02137785741336941
2026-05-24,DLR,-0.0026010906001257,0.013384874742204378
2026-05-25,DLR,-0.0026010914252478,0.008056219353053654
2026-05-26,DLR,-0.0026010914431106,0.004503782420998903
2026-05-27,DLR,-0.0012884564553472,0.0025730361288835353
2026-06-01,DLR,-0.0128369721656514,-0.002563633302628109
2026-06-02,DLR,-0.0380922547195826,-0.014406507108279605
2026-06-03,DLR,-0.0456877297555316,-0.02483358132403027
2026-06-04,DLR,-0.051369776392567,-0.03367897968020918
2026-06-05,DLR,-0.0353613176577397,-0.03423975900605269
2026-06-06,DLR,-0.0417275872834648,-0.03673570176519006
2026-06-07,DLR,-0.0418749540974536,-0.03844878587594458
2026-06-08,DLR,-0.0418749540974536,-0.03959084194978092
2026-06-09,DLR,-0.0662806051094547,-0.048487429669672184
2026-06-10,DLR,-0.0620217759874742,-0.052998878442272856
2026-06-11,DLR,-0.0829582627310864,-0.06298533987187738
2026-06-12,DLR,-0.0842257970275858,-0.07006549225711352
2026-06-13,DLR,-0.0835174156260864,-0.07454946671343782
2026-06-14,DLR,-0.0835949311306875,-0.07756462151918772
2026-06-15,DLR,-0.0835949308332371,-0.07957472462387086
2026-06-16,DLR,-0.0773779269561319,-0.07884245873462455
2026-06-17,DLR,-0.0575640289803623,-0.07174964881653714
2026-06-18,DLR,-0.062902838192637,-0.06880071194190376
2026-06-19,DLR,-0.0446403228409731,-0.060747248908260214
2026-06-20,DLR,-0.0682989802457314,-0.06326449268741728
2026-06-21,DLR,-0.0682989803836915,-0.06494265525284203
2026-06-22,DLR,-0.0446403531680953,-0.05817522122459312
2026-06-23,DLR,-0.0266550896804479,-0.04766851070987805
2026-06-24,DLR,-0.0130773087364821,-0.036138110052079404
2026-06-25,DLR,-0.0255300563369221,-0.03260209214702697
2026-06-26,DLR,-0.0347821134997878,-0.033328765931280584
2026-06-27,DLR,-0.0429043020847643,-0.03652061131577516
2026-06-28,DLR,-0.0348121486585883,-0.03595112376337954
2026-06-29,DLR,-0.0446275757139742,-0.038843274413577766
2026-06-30,DLR,-0.0540949432534881,-0.04392716402688121
2026-07-01,DLR,-0.0896247418220138,-0.059159689958592075
2026-07-02,DLR,-0.1078046168601364,-0.07537466559244019
2026-07-03,DLR,-0.1357425150281581,-0.09549728207101282
2026-07-04,DLR,-0.1358239724176549,-0.10893951218656019
2026-07-05,DLR,-0.1357054219242522,-0.1178614820991242
2026-07-06,DLR,-0.1355267565106206,-0.12374990690295634
2026-07-07,DLR,-0.1325104294427664,-0.12667008108289302
2026-07-08,DLR,-0.1381496586187574,-0.13049660692818116
2026-07-09,DLR,-0.1223886331189477,-0.12779394899177
2026-07-10,DLR,-0.1181067932906837,-0.12456489709140789
2026-07-11,DLR,-0.1258698378285417,-0.12499987733711918
2026-07-12,DLR,-0.12598383730046536,-0.12532786399156792
2026-05-13,DUK,-0.0444581017089466,-0.026977852979996803
2026-05-22,DUK,-0.0813934521364573,-0.045116386032150305
2026-05-23,DUK,-0.0767664853842999,-0.055666419149533505
2026-05-24,DUK,-0.0768465846078282,-0.06272647430229841
2026-05-25,DUK,-0.0768465853820311,-0.06743317799554265
2026-05-26,DUK,-0.0768465854930539,-0.07057098049471307
2026-05-27,DUK,-0.0806241966302422,-0.07392205253988945
2026-06-01,DUK,-0.0991381926878997,-0.0823274325892262
2026-06-02,DUK,-0.1110037664212497,-0.09188621053323404
2026-06-03,DUK,-0.1089525244127309,-0.09757498182639966
2026-06-04,DUK,-0.1086386846560523,-0.10126288276961722
2026-06-05,DUK,-0.1201941856967018,-0.10757331707864543
2026-06-06,DUK,-0.1060129792790825,-0.10705320447879112
2026-06-07,DUK,-0.1061775243883484,-0.10676131111531022
2026-06-08,DUK,-0.1061775243883484,-0.10656671553965628
2026-06-09,DUK,-0.1099383917258459,-0.10769060760171949
2026-06-10,DUK,-0.1134812331300563,-0.1096208161111651
2026-06-11,DUK,-0.1209209157479796,-0.11338751599010327
2026-06-12,DUK,-0.1353341429606667,-0.12070305831362442
2026-06-13,DUK,-0.1304634333138285,-0.1239565166470258
2026-06-14,DUK,-0.1305460294146673,-0.1261530209029063
2026-06-15,DUK,-0.1305460290886082,-0.12761735696480694
2026-06-16,DUK,-0.1233275184794979,-0.12618741080303728
2026-06-17,DUK,-0.1233455392105512,-0.1252401202722086
2026-06-18,DUK,-0.1195301643029407,-0.12333680161578597
2026-06-19,DUK,-0.1077241118225654,-0.11813257168471246
2026-06-20,DUK,-0.1180749510719096,-0.11811336481377818
2026-06-21,DUK,-0.1180749512226151,-0.1181005602833905
2026-06-22,DUK,-0.1077241475652553,-0.11464175604401211
2026-06-23,DUK,-0.1032275282030202,-0.11083701343034814
2026-06-24,DUK,-0.0990187722198891,-0.10689759969352847
2026-06-25,DUK,-0.0956365916980625,-0.10314393036170649
2026-06-26,DUK,-0.0986289140096466,-0.10163892491101988
2026-06-27,DUK,-0.1088146631263285,-0.10403083764945609
2026-06-28,DUK,-0.098661430760111,-0.10224103535300773
2026-06-29,DUK,-0.1096954509394078,-0.10472584054847442
2026-06-30,DUK,-0.1122959444518171,-0.10724920851625531
2026-07-01,DUK,-0.1045208760999821,-0.10633976437749758
2026-07-02,DUK,-0.1169237517478237,-0.1098677601676063
2026-07-03,DUK,-0.1152490524947209,-0.11166152427664451
2026-07-04,DUK,-0.1153290174475832,-0.11288402200029074
2026-07-05,DUK,-0.1152139943865789,-0.11366067946238681
2026-07-06,DUK,-0.1150424966197107,-0.11412128518149478
2026-07-07,DUK,-0.128232530105883,-0.1188250334896242
2026-07-08,DUK,-0.1256835328031492,-0.12111119992746587
2026-07-09,DUK,-0.1094809282317538,-0.11723444269556185
2026-07-10,DUK,-0.1253582825693353,-0.119942389320153
2026-07-11,DUK,-0.1268060580117279,-0.1222302788840113
2026-07-12,DUK,-0.1269203644748617,-0.12379364074762811
2026-05-13,DVN,0.1992028397463043,0.2851663923678491
2026-05-22,DVN,0.2194094294092801,0.26324740471499275
2026-05-23,DVN,0.2289428232658831,0.2518125442319562
2026-05-24,DVN,0.2288715848711451,0.2441655577783525
2026-05-25,DVN,0.2288715840397701,0.23906756653215838
2026-05-26,DVN,0.2288715840333474,0.23566890569922141
2026-05-27,DVN,0.2055866048391799,0.2256414720792076
2026-06-01,DVN,0.1593592651830261,0.20354740311381378
2026-06-02,DVN,0.1914392722477503,0.19951135949179263
2026-06-03,DVN,0.1980619382973286,0.199028219093638
2026-06-04,DVN,0.1794986393906037,0.19251835919262655
2026-06-05,DVN,0.1651023830775777,0.18337970048761026
2026-06-06,DVN,0.1426630465519731,0.16980748250906455
2026-06-07,DVN,0.1425055370084225,0.16070683400885055
2026-06-08,DVN,0.1425055370084225,0.15463973500870787
2026-06-09,DVN,0.1715654534032171,0.16028164114021096
2026-06-10,DVN,0.1206573522758061,0.14707354485207602
2026-06-11,DVN,0.1431926669429123,0.14577991888235478
2026-06-12,DVN,0.1027471163532123,0.13143565137264063
2026-06-13,DVN,0.1094056755337611,0.12409232609301413
2026-06-14,DVN,0.1093249757335023,0.11916987597317687
2026-06-15,DVN,0.1093249760488834,0.11588824266507905
2026-06-16,DVN,0.0789876234302736,0.10358803625347723
2026-06-17,DVN,0.0487645135557337,0.08531352868756273
2026-06-18,DVN,0.0476543545049221,0.07276047062668253
2026-06-19,DVN,0.048202351760487,0.06457443100461735
2026-06-20,DVN,0.0515913932143312,0.06024675174118863
2026-06-21,DVN,0.0515913930501409,0.05736163217750606
2026-06-22,DVN,0.0482023103171816,0.05430852489073125
2026-06-23,DVN,0.0720381768322236,0.0602184088712287
2026-06-24,DVN,0.0454079366816416,0.055281584808033
2026-06-25,DVN,0.0323844314622194,0.04764920035942847
2026-06-26,DVN,0.0393266753280131,0.04487502534895668
2026-06-27,DVN,0.0069267150451614,0.03222558858102492
2026-06-28,DVN,0.0392908792131401,0.03458068545839665
2026-06-29,DVN,0.0074083014527757,0.025523224123189667
2026-06-30,DVN,0.0261834913246584,0.025743313190345913
2026-07-01,DVN,0.0392465202140539,0.030244382198248577
2026-07-02,DVN,0.0205872670713427,0.027025343822613283
2026-07-03,DVN,-0.0116708640016271,0.014126607881199824
2026-07-04,DVN,-0.011759482752572,0.005497911003275885
2026-07-05,DVN,-0.0116240061010975,-0.00020939469818190932
2026-07-06,DVN,-0.0114109471942902,-0.0039432455302180055
2026-07-07,DVN,-0.0099874781326814,-0.0059579897310391376
2026-07-08,DVN,-0.0018819631376163,-0.004599314199898192
2026-07-09,DVN,0.0624738218233951,0.017758397807866238
2026-07-10,DVN,0.0466402353601786,0.027385676991970358
2026-07-11,DVN,0.0411967905182969,0.03198938150074587
2026-07-12,DVN,0.04106487866006443,0.03501454722051873
2026-05-13,EA,-0.1125859014369794,-0.17169559253342848
2026-05-22,EA,-0.1104827140527356,-0.15129129970653085
2026-05-23,EA,-0.1139013269097742,-0.1388279754409453
2026-05-24,EA,-0.1139802933844589,-0.13054541475544984
2026-05-25,EA,-0.1139802941659705,-0.12502370789229006
2026-05-26,EA,-0.1139802942636215,-0.12134257001606721
2026-05-27,EA,-0.115106442588073,-0.11926386087340249
2026-06-01,EA,-0.1046083023160386,-0.11437867468761453
2026-06-02,EA,-0.1095767489181601,-0.11277803276446306
2026-06-03,EA,-0.1113638032479012,-0.11230662292560911
2026-06-04,EA,-0.1091820895018767,-0.11126511178436498
2026-06-05,EA,-0.111273603342768,-0.11126794230383266
2026-06-06,EA,-0.1086923147370743,-0.11040939978157989
2026-06-07,EA,-0.108844806925924,-0.1098878688296946
2026-06-08,EA,-0.108844806925924,-0.10954018152843774
2026-06-09,EA,-0.1122984799302599,-0.11045961432904514
2026-06-10,EA,-0.122384625553293,-0.1144346180704611
2026-06-11,EA,-0.1214720622935684,-0.11678043281149686
2026-06-12,EA,-0.1306145332418513,-0.121391799621615
2026-06-13,EA,-0.1313192124854181,-0.12470093724288271
2026-06-14,EA,-0.1313967302465591,-0.12693286824410818
2026-06-15,EA,-0.131396729949096,-0.1284208221457708
2026-06-16,EA,-0.1307700456785908,-0.1292038966567108
2026-06-17,EA,-0.1442051958071618,-0.13420432970686114
2026-06-18,EA,-0.1336594521058081,-0.13402270383984347
2026-06-19,EA,-0.1414890097849419,-0.1365114724882096
2026-06-20,EA,-0.1382826063607001,-0.13710185044570644
2026-06-21,EA,-0.138282606504344,-0.13749543579858564
2026-06-22,EA,-0.1414890443236378,-0.1388266386402697
2026-06-23,EA,-0.133297549234629,-0.13698360883838948
2026-06-24,EA,-0.1338029033138418,-0.13592337366354026
2026-06-25,EA,-0.1328514490456003,-0.13489939879089363
2026-06-26,EA,-0.1981010079038647,-0.15596660182855066
2026-06-27,EA,-0.2090420308553681,-0.17365841150415648
2026-06-28,EA,-0.1981330187311832,-0.1818166139131654
2026-06-29,EA,-0.2100795475569602,-0.19123759179443034
2026-06-30,EA,-0.2090213022265445,-0.19716549527180172
2026-07-01,EA,-0.2002247910017528,-0.19818526051511876
2026-07-02,EA,-0.2036071909527247,-0.1999925706609874
2026-07-03,EA,-0.2132045106344676,-0.20439655065214749
2026-07-04,EA,-0.2132834164603309,-0.2073588392548753
2026-07-05,EA,-0.2131708966874422,-0.2092961917323976
2026-07-06,EA,-0.2130044855339897,-0.21053228966626164
2026-07-07,EA,-0.2131865135945073,-0.21141703097567688
2026-07-08,EA,-0.216932235475512,-0.21325543247562193
2026-07-09,EA,-0.1943907184142668,-0.20696719445517026
2026-07-10,EA,-0.1825570356210277,-0.1988304748437894
2026-07-11,EA,-0.1939791100573926,-0.19721335324832384
2026-07-12,EA,-0.19407873411036292,-0.1961684802023369
2026-05-13,EBAY,0.3147420880994864,0.255365886767294
2026-05-22,EBAY,0.3242305661503857,0.27832077989499127
2026-05-23,EBAY,0.2927272348951242,0.28312293156170226
2026-05-24,EBAY,0.2926773253581999,0.2863077294938682
2026-05-25,EBAY,0.2926773243892061,0.28843092779231416
2026-05-26,EBAY,0.2926773246345656,0.28984639340639795
2026-05-27,EBAY,0.282480765144608,0.2873911839858013
2026-06-01,EBAY,0.1839616223742738,0.2529146634486255
2026-06-02,EBAY,0.1595087068488985,0.22177934458204984
2026-06-03,EBAY,0.1416097660670477,0.19505615174371582
2026-06-04,EBAY,0.1192660607498336,0.16979278807908843
2026-06-05,EBAY,0.1076010941768658,0.14906222344501424
2026-06-06,EBAY,0.1380156464670481,0.14538003111902553
2026-06-07,EBAY,0.1378934677349771,0.1428845099910094
2026-06-08,EBAY,0.1378934677349771,0.14122082923899865
2026-06-09,EBAY,0.1424402550255975,0.14162730450119826
2026-06-10,EBAY,0.1383698539873247,0.14054148766324043
2026-06-11,EBAY,0.1311213422453787,0.13740143919061987
2026-06-12,EBAY,0.1239591277917274,0.1329206687243224
2026-06-13,EBAY,0.1165199483561761,0.12745376193494032
2026-06-14,EBAY,0.1164548289439495,0.12378745093794338
2026-06-15,EBAY,0.1164548291715979,0.1213432436824949
2026-06-16,EBAY,0.0972125791690429,0.11329968884467757
2026-06-17,EBAY,0.1097610710412043,0.11212014957685315
2026-06-18,EBAY,0.1190434400685313,0.11442791307407921
2026-06-19,EBAY,0.1151328061490261,0.11466287743239484
2026-06-20,EBAY,0.118059102041813,0.1157949523022009
2026-06-21,EBAY,0.1180591019296806,0.11654966884469414
2026-06-22,EBAY,0.1151327821997631,0.1160773732963838
2026-06-23,EBAY,0.0899512511464603,0.10736866591307598
2026-06-24,EBAY,0.1386469872515979,0.11779477302591662
2026-06-25,EBAY,0.142528836906471,0.12603946098610141
2026-06-26,EBAY,0.1062883864561122,0.119455769476105
2026-06-27,EBAY,0.1148081750201157,0.11790657132410857
2026-06-28,EBAY,0.1062605121192798,0.11402455158916566
2026-06-29,EBAY,0.1121615924497879,0.11340356520937309
2026-06-30,EBAY,0.1179993541379229,0.11493549485222303
2026-07-01,EBAY,0.1168365408624154,0.11556917685562049
2026-07-02,EBAY,0.1126354320667049,0.11459126192598197
2026-07-03,EBAY,0.1389770281316631,0.12271985066120902
2026-07-04,EBAY,0.1389093607027591,0.12811635400839239
2026-07-05,EBAY,0.1389953180845738,0.13174267536711953
2026-07-06,EBAY,0.1391077551812877,0.13419770197184228
2026-07-07,EBAY,0.0974664157136938,0.1219539398857928
2026-07-08,EBAY,0.1294624678789822,0.12445678255018927
2026-07-09,EBAY,0.1584840793888658,0.13579921482974813
2026-07-10,EBAY,0.1741623362546484,0.14858692197138157
2026-07-11,EBAY,0.1682488236266703,0.15514088918981117
2026-07-12,EBAY,0.16820242480325098,0.15949473439429113
2026-05-13,ECL,-0.3847322235371779,-0.3747448389700217
2026-05-22,ECL,-0.4055151929206434,-0.38500162362022894
2026-05-23,ECL,-0.3965295559273156,-0.3888442677225912
2026-05-24,ECL,-0.3966227444214739,-0.39143709328888543
2026-05-25,ECL,-0.3966227451112217,-0.3931656438963309
2026-05-26,ECL,-0.3966227453767604,-0.39431801105647407
2026-05-27,ECL,-0.3844445490804367,-0.3910268570644616
2026-06-01,ECL,-0.3585025244730433,-0.3801854128673222
2026-06-02,ECL,-0.3532793529735494,-0.3712167262360646
2026-06-03,ECL,-0.3433939471969688,-0.361942466556366
2026-06-04,ECL,-0.3248024880778113,-0.3495624737301811
2026-06-05,ECL,-0.3310001848343969,-0.34337504409825303
2026-06-06,ECL,-0.3295977531971847,-0.338782613797897
2026-06-07,ECL,-0.3297695043551139,-0.335778243983636
2026-06-08,ECL,-0.3297695043551139,-0.33377533077412863
2026-06-09,ECL,-0.3281211451274203,-0.3318906022252259
2026-06-10,ECL,-0.3124695789178999,-0.3254169277894506
2026-06-11,ECL,-0.3341108416186483,-0.3283148990658499
2026-06-12,ECL,-0.3165012831296356,-0.3243770270871118
2026-06-13,ECL,-0.3074995361927839,-0.31875119678900254
2026-06-14,ECL,-0.3075800141272898,-0.31502746923509833
2026-06-15,ECL,-0.3075800138131581,-0.31254498409445164
2026-06-16,ECL,-0.2984630037342864,-0.30785099064106325
2026-06-17,ECL,-0.271103351853223,-0.2956017777117832
2026-06-18,ECL,-0.2623325616701789,-0.28451203903124844
2026-06-19,ECL,-0.2651249883680091,-0.27804968881016867
2026-06-20,ECL,-0.2619757646711541,-0.2726917140971638
2026-06-21,ECL,-0.2619757648083655,-0.2691197310008977
2026-06-22,ECL,-0.265125020745032,-0.26778816091560914
2026-06-23,ECL,-0.2686258729566299,-0.26806739826261605
2026-06-24,ECL,-0.27736792272854,-0.2711675730845907
2026-06-25,ECL,-0.2684253969348277,-0.27025351436800304
2026-06-26,ECL,-0.2539290959070669,-0.264812041547691
2026-06-27,ECL,-0.2509731431819492,-0.2601990754257771
2026-06-28,ECL,-0.2539600071905686,-0.25811938601404094
2026-06-29,ECL,-0.2525498681936605,-0.2562628800739142
2026-06-30,ECL,-0.2666974564776138,-0.25974107220848075
2026-07-01,ECL,-0.2612678816894725,-0.26025000870214465
2026-07-02,ECL,-0.2717305980951395,-0.264076871833143
2026-07-03,ECL,-0.2496639017896541,-0.25927254848531334
2026-07-04,ECL,-0.2497393346417364,-0.25609481053745436
2026-07-05,ECL,-0.2496350233783083,-0.25394154815107234
2026-07-06,ECL,-0.2494852916929853,-0.25245612933171
2026-07-07,ECL,-0.2556566567030587,-0.25352297178882627
2026-07-08,ECL,-0.2431296207454711,-0.25005852144104124
2026-07-09,ECL,-0.2788416047387916,-0.2596528825402914
2026-07-10,ECL,-0.2801947031675865,-0.2665001560827231
2026-07-11,ECL,-0.2878238543066824,-0.27360805549070955
2026-07-12,ECL,-0.28792662829462823,-0.2783809130920158
2026-05-13,ED,0.1077687405267883,0.06266155225938469
2026-05-22,ED,0.0820993260235212,0.06914081018076354
2026-05-23,ED,0.1003229989034792,0.07953487308833543
2026-05-24,ED,0.1002428356357288,0.0864375272707999
2026-05-25,ED,0.1002428348619391,0.09103929646784631
2026-05-26,ED,0.1002428347501603,0.09410714256195098
2026-05-27,ED,0.0976081900278836,0.09527415838392853
2026-06-01,ED,0.0852367534057874,0.09192835672454816
2026-06-02,ED,0.0723104930172522,0.08538906882211618
2026-06-03,ED,0.0712824974186121,0.0806868783542815
2026-06-04,ED,0.0775668273392078,0.07964686134925694
2026-06-05,ED,0.061652521382142,0.0736487480268853
2026-06-06,ED,0.0734841758401117,0.0735938906312941
2026-06-07,ED,0.0733201130070247,0.0735026314232043
2026-06-08,ED,0.0733201130070247,0.07344179195114445
2026-06-09,ED,0.0649383511645884,0.0706073116889591
2026-06-10,ED,0.0640037136799153,0.06840611235261117
2026-06-11,ED,0.0584614984273371,0.06509124104418648
2026-06-12,ED,0.0403961084529413,0.05685953018043809
2026-06-13,ED,0.0449241091051326,0.0528810564886696
2026-06-14,ED,0.0448412636666912,0.050201125548010136
2026-06-15,ED,0.0448412639941543,0.048414505030058196
2026-06-16,ED,0.0512276113165228,0.0493522071255464
2026-06-17,ED,0.0477536251533133,0.04881934646813537
2026-06-18,ED,0.0611374536369539,0.052925382191074885
2026-06-19,ED,0.0668824124023372,0.05757772559482899
2026-06-20,ED,0.0622327230505881,0.05912939141341536
2026-06-21,ED,0.0622327229005522,0.06016383524246098
2026-06-22,ED,0.0668823763948118,0.06240334895991126
2026-06-23,ED,0.0799138529914126,0.06824018363707837
2026-06-24,ED,0.0837090415017629,0.07339646959197323
2026-06-25,ED,0.0946066557332424,0.08046653163906295
2026-06-26,ED,0.0847959683513636,0.08190967720982983
2026-06-27,ED,0.0780642439124717,0.08062786611071046
2026-06-28,ED,0.0847636743849345,0.08200646886878515
2026-06-29,ED,0.0770660470212013,0.08035966158625721
2026-06-30,ED,0.0735976912893296,0.07810567148728134
2026-07-01,ED,0.0787968465082407,0.07833606316093447
2026-07-02,ED,0.0689838978500833,0.07521867472398408
2026-07-03,ED,0.0675807355046997,0.07267269498422263
2026-07-04,ED,0.067501144915061,0.07094884496116875
2026-07-05,ED,0.0676152831539341,0.06983765769209054
2026-07-06,ED,0.0677849829862797,0.0691534327901536
2026-07-07,ED,0.0621006280802985,0.06680249788686857
2026-07-08,ED,0.0632154411693769,0.06560681231437135
2026-07-09,ED,0.0874766732886263,0.07289676597245634
2026-07-10,ED,0.0653799127791047,0.07039114824133913
2026-07-11,ED,0.0712321459512831,0.07067148081132046
2026-07-12,ED,0.07112443139116702,0.07082246433793599
2026-05-13,ELV,0.206343300298798,0.2149895673429822
2026-05-22,ELV,0.0422138135728386,0.15739764941960102
2026-05-23,ELV,0.0754540948911049,0.13008313124343565
2026-05-24,ELV,0.0753922965905585,0.11185285302580994
2026-05-25,ELV,0.0753922956982738,0.09969933391663124
2026-05-26,ELV,0.0753922958032892,0.09159698787885057
2026-05-27,ELV,0.0484883587442067,0.07722744483396929
2026-06-01,ELV,0.1495169357900631,0.10132394181933388
2026-06-02,ELV,0.1630994559314909,0.12191577985671956
2026-06-03,ELV,0.1193246808841441,0.12105208019919442
2026-06-04,ELV,0.1267376052443465,0.12294725521424511
2026-06-05,ELV,0.1380534309673395,0.12798264713194324
2026-06-06,ELV,0.2510270045957303,0.1689974329532056
2026-06-07,ELV,0.2509631841771589,0.19631935002785672
2026-06-08,ELV,0.2509631841771589,0.21453396141095749
2026-06-09,ELV,0.2274566187339542,0.2188415138519564
2026-06-10,ELV,0.2344414851513026,0.2240415042850718
2026-06-11,ELV,0.1855927064076017,0.2112252383259151
2026-06-12,ELV,0.1317553318668465,0.1847352695062256
2026-06-13,ELV,0.140361985895997,0.16994417496948275
2026-06-14,ELV,0.1403108519262283,0.16006640062173128
2026-06-15,ELV,0.1403108520751251,0.15348121777286255
2026-06-16,ELV,0.1119236879033988,0.13962870781637465
2026-06-17,ELV,0.1104867831278816,0.1299147329202103
2026-06-18,ELV,0.1180045848689703,0.12594468356979696
2026-06-19,ELV,0.0790751859912484,0.11032151771028079
2026-06-20,ELV,0.0883113185983178,0.1029847846729598
2026-06-21,ELV,0.0883113185055566,0.0980936292838254
2026-06-22,ELV,0.0790751679953309,0.09175414218766056
2026-06-23,ELV,0.0959410111901084,0.09314976518847651
2026-06-24,ELV,0.1234467531572318,0.10324876117806162
2026-06-25,ELV,0.087994324155112,0.09816394883707842
2026-06-26,ELV,0.0609428077801762,0.08575690181811102
2026-06-27,ELV,0.1018346055509712,0.09111613639573109
2026-06-28,ELV,0.060917267927168,0.08104984690621006
2026-06-29,ELV,0.0980065709910466,0.08670208826782225
2026-06-30,ELV,0.067278500100501,0.08022755887871516
2026-07-01,ELV,0.0619605746011909,0.07413856411954041
2026-07-02,ELV,0.1341197784121156,0.09413230221706548
2026-07-03,ELV,0.1572355504051473,0.11516671827975944
2026-07-04,ELV,0.1571768947136995,0.12917011042440613
2026-07-05,ELV,0.157241552501325,0.1385272577833791
2026-07-06,ELV,0.1573107094015357,0.14478840832276463
2026-07-07,ELV,0.1239166406099244,0.13783115241848456
2026-07-08,ELV,0.1418032116700512,0.1391551721690068
2026-07-09,ELV,0.150606868770196,0.1429724043694032
2026-07-10,ELV,0.1457817881973596,0.14390886564538868
2026-07-11,ELV,0.1474228699392394,0.14508020041000558
2026-07-12,ELV,0.1474038779536486,0.1458547595912199
2026-05-13,EME,0.1900123820239404,0.21114113883113747
2026-05-22,EME,0.1328518738493711,0.1850447171705487
2026-05-23,EME,0.1333496137305132,0.16781301602387022
2026-05-24,EME,0.1332748296920367,0.1563002872465924
2026-05-25,EME,0.133274828883539,0.14862513445890793
2026-05-26,EME,0.1332748288352607,0.1435083659176922
2026-05-27,EME,0.1508561842816528,0.14595763870567907
2026-06-01,EME,0.1829504950379454,0.15828859081643454
2026-06-02,EME,0.170506304008993,0.16236116188062072
2026-06-03,EME,0.1649228942897185,0.16321507268365332
2026-06-04,EME,0.1890286316742976,0.1718195923472014
2026-06-05,EME,0.1922894526710427,0.17864287912181517
2026-06-06,EME,0.18226611838878,0.1798506255441368
2026-06-07,EME,0.1821358169275443,0.18061235600527265
2026-06-08,EME,0.1821358169275443,0.18112017631269653
2026-06-09,EME,0.1783785411614588,0.18020629792895063
2026-06-10,EME,0.1849169938540655,0.18177652990398893
2026-06-11,EME,0.1388690475200223,0.16747403577600006
2026-06-12,EME,0.1591321233099847,0.1646933982873283
2026-06-13,EME,0.1531922298444963,0.16085967547305097
2026-06-14,EME,0.1531230010629557,0.1582807840030192
2026-06-15,EME,0.1531230013137438,0.15656152310659407
2026-06-16,EME,0.1639409922603867,0.1590213461578583
2026-06-17,EME,0.1429724781285957,0.15367172348143743
2026-06-18,EME,0.1336342133851829,0.14699255344935258
2026-06-19,EME,0.1515942274078379,0.1485264447688477
2026-06-20,EME,0.123832810114269,0.14029523321732146
2026-06-21,EME,0.1238328099845037,0.1348077588063822
2026-06-22,EME,0.1515942001805166,0.140403239264427
2026-06-23,EME,0.1624872743066821,0.14776458427851202
2026-06-24,EME,0.1332298189737681,0.14291966251026406
2026-06-25,EME,0.1392314499252192,0.14169025831524912
2026-06-26,EME,0.1686315470672217,0.15067068789923999
2026-06-27,EME,0.1065294761162636,0.13595695063824786
2026-06-28,EME,0.1686031943548273,0.14683903187710767
2026-06-29,EME,0.1049427700003712,0.13287361125152886
2026-06-30,EME,0.1407394929045763,0.13549557180254468
2026-07-01,EME,0.1349373469109202,0.13530949683866986
2026-07-02,EME,0.1000306381806313,0.12354987728599034
2026-07-03,EME,0.0708509028775799,0.10598355248318687
2026-07-04,EME,0.0707728318056603,0.09424664559067802
2026-07-05,EME,0.0708833786049318,0.08645888992876262
2026-07-06,EME,0.0710457807296165,0.08132118686238057
2026-07-07,EME,0.0830789128970371,0.08190709554059943
2026-07-08,EME,0.0683241334608306,0.07737944151400983
2026-07-09,EME,0.0531743309131375,0.06931107131371905
2026-07-10,EME,0.0570826763412218,0.06523493965621997
2026-07-11,EME,0.0444183477164243,0.058296075676288084
2026-07-12,EME,0.044307642698430155,0.05363326468366878
2026-05-13,EMR,-0.2645070052943444,-0.2812345534599444
2026-05-22,EMR,-0.2091945484313903,-0.2572212184504264
2026-05-23,EMR,-0.2229072410410132,-0.24578322598062202
2026-05-24,EMR,-0.2229936974340096,-0.23818671646508455
2026-05-25,EMR,-0.2229936981671946,-0.2331223770324546
2026-05-26,EMR,-0.2229936983532623,-0.22974615080605715
2026-05-27,EMR,-0.1846809417347945,-0.2147244144489696
2026-06-01,EMR,-0.1794532161441628,-0.20296734834736735
2026-06-02,EMR,-0.1681437951619467,-0.19135949728556048
2026-06-03,EMR,-0.1619768912643592,-0.1815652952784934
2026-06-04,EMR,-0.1566892853432228,-0.17327329196673655
2026-06-05,EMR,-0.1483229899244768,-0.16495652461931665
2026-06-06,EMR,-0.1733703273045038,-0.16776112551437905
2026-06-07,EMR,-0.1735298035558389,-0.16968401819486567
2026-06-08,EMR,-0.1735298035558389,-0.17096594664852344
2026-06-09,EMR,-0.1642835664359245,-0.16873848657765714
2026-06-10,EMR,-0.1530547710347455,-0.16351058139668662
2026-06-11,EMR,-0.145574673491837,-0.15753194542840343
2026-06-12,EMR,-0.1302626591633832,-0.14844218334006337
2026-06-13,EMR,-0.1285965119536924,-0.1418269595446064
2026-06-14,EMR,-0.1286695655437656,-0.13744116154432612
2026-06-15,EMR,-0.1286695652714402,-0.13451729612003083
2026-06-16,EMR,-0.1110686412812485,-0.12670107784043672
2026-06-17,EMR,-0.091384600457441,-0.11492891871277149
2026-06-18,EMR,-0.0797427824610302,-0.10320020662885773
2026-06-19,EMR,-0.0797353032376677,-0.09537857216512774
2026-06-20,EMR,-0.0767565995485506,-0.08917124795960203
2026-06-21,EMR,-0.0767565996665788,-0.08503303186192762
2026-06-22,EMR,-0.0797353291682014,-0.08326713096401889
2026-06-23,EMR,-0.0871606547518378,-0.08456497222662519
2026-06-24,EMR,-0.1118479385031845,-0.09365929431881163
2026-06-25,EMR,-0.1225528055240331,-0.10329046472055212
2026-06-26,EMR,-0.0957268258358098,-0.10076925175897135
2026-06-27,EMR,-0.1047315567136799,-0.10209002007720755
2026-06-28,EMR,-0.095755874952012,-0.09997863836880903
2026-06-29,EMR,-0.1067678281126418,-0.10224170161675329
2026-06-30,EMR,-0.1052850453837578,-0.10325614953908814
2026-07-01,EMR,-0.1261412300314829,-0.11088450970321972
2026-07-02,EMR,-0.1471673535904669,-0.12297879099896879
2026-07-03,EMR,-0.1502012100906114,-0.132052930696183
2026-07-04,EMR,-0.1502774314129945,-0.13812776426845352
2026-07-05,EMR,-0.1501712565691502,-0.1421422617020191
2026-07-06,EMR,-0.1500177381390707,-0.14476742051436964
2026-07-07,EMR,-0.1411566352865871,-0.14356382543844212
2026-07-08,EMR,-0.174998683071917,-0.15404211131626708
2026-07-09,EMR,-0.2050315578109077,-0.1710385934811473
2026-07-10,EMR,-0.2067980632076622,-0.18295841672331895
2026-07-11,EMR,-0.2057702936546492,-0.19056237570042905
2026-07-12,EMR,-0.20588221383243238,-0.19566898841109684
2026-05-13,EOG,0.3425547411917129,0.28091888743442206
2026-05-22,EOG,0.3259493750202641,0.2959290499630361
2026-05-23,EOG,0.322386082159766,0.3047480606952794
2026-05-24,EOG,0.3223191746002246,0.3106050986635944
2026-05-25,EOG,0.322319173740906,0.31450979035603166
2026-05-26,EOG,0.3223191737856077,0.3171129181658904
2026-05-27,EOG,0.2992558799461976,0.31116057209265946
2026-06-01,EOG,0.2451506680997671,0.28915727076169534
2026-06-02,EOG,0.2543285977854153,0.27754771310293536
2026-06-03,EOG,0.2652123092139134,0.27343591180659477
2026-06-04,EOG,0.2582603538877721,0.26837739250032056
2026-06-05,EOG,0.2408659142171684,0.25920689973926986
2026-06-06,EOG,0.2387691273179807,0.2523943089321735
2026-06-07,EOG,0.2386232155336215,0.24780394446598952
2026-06-08,EOG,0.2386232155336215,0.24474370148853353
2026-06-09,EOG,0.2697098786226337,0.2530657605332336
2026-06-10,EOG,0.2228193873974301,0.24298363615463245
2026-06-11,EOG,0.231165888223939,0.23904438684440132
2026-06-12,EOG,0.1986914006782361,0.2255933914556796
2026-06-13,EOG,0.1964524730286618,0.21587975198000703
2026-06-14,EOG,0.1963754897629664,0.2093783312409935
2026-06-15,EOG,0.1963754900574198,0.20504405084646893
2026-06-16,EOG,0.1699247290271831,0.19333761024004034
2026-06-17,EOG,0.1485145177533496,0.17839657941114345
2026-06-18,EOG,0.1591057024791485,0.17196628710047845
2026-06-19,EOG,0.1433219294473001,0.16241816788275235
2026-06-20,EOG,0.1466146546253971,0.1571503301303006
2026-06-21,EOG,0.1466146544720422,0.15363843824421447
2026-06-22,EOG,0.1433218916452203,0.15019958937788308
2026-06-23,EOG,0.1606144757446707,0.15367121816681228
2026-06-24,EOG,0.1525804275739284,0.15330762130251768
2026-06-25,EOG,0.1463800368717546,0.15099842649226333
2026-06-26,EOG,0.1339812988101358,0.14532605059822085
2026-06-27,EOG,0.1052978195282373,0.13198330690822635
2026-06-28,EOG,0.1339471332198263,0.13263791567875965
2026-06-29,EOG,0.1051956834071881,0.12349050492156914
2026-06-30,EOG,0.1131597322524275,0.12004691403185526
2026-07-01,EOG,0.132980756998309,0.12435819502067318
2026-07-02,EOG,0.1290232391465369,0.12591320972929443
2026-07-03,EOG,0.1132604532742451,0.12169562424427799
2026-07-04,EOG,0.1131770979116008,0.11885611546671894
2026-07-05,EOG,0.1133001343388224,0.11700412175742009
2026-07-06,EOG,0.1134879150480533,0.11583205285429783
2026-07-07,EOG,0.1079288151638665,0.11319764029082072
2026-07-08,EOG,0.1172638373957647,0.11455303932580205
2026-07-09,EOG,0.1864230944567753,0.1385097243694598
2026-07-10,EOG,0.1766396843625993,0.15121971103383963
2026-07-11,EOG,0.1728930537541154,0.1584441586072649
2026-07-12,EOG,0.17278673674378997,0.1632250179861066
2026-05-13,EQIX,-0.0303571895978091,-0.0282163810631235
2026-05-22,EQIX,-0.1283441179090046,-0.06159229334508387
2026-05-23,EQIX,-0.1343581028184205,-0.08584756316952942
2026-05-24,EQIX,-0.1344254147416494,-0.10204018036023609
2026-05-25,EQIX,-0.1344253593136014,-0.11283524001135786
2026-05-26,EQIX,-0.1344253592730086,-0.12003194643190812
2026-05-27,EQIX,-0.14907216093273,-0.1297120179321821
2026-06-01,EQIX,-0.164416973565571,-0.14128033647664506
2026-06-02,EQIX,-0.1928521042822367,-0.15847092574517563
2026-06-03,EQIX,-0.1769948475713159,-0.16464556635388905
2026-06-04,EQIX,-0.1680981453939163,-0.16579642603389813
2026-06-05,EQIX,-0.1634286236411906,-0.1650071585696623
2026-06-06,EQIX,-0.1474827743715667,-0.1591656971702971
2026-06-07,EQIX,-0.1476107275337096,-0.15531404062476795
2026-06-08,EQIX,-0.1476107275337096,-0.15274626959441517
2026-06-09,EQIX,-0.175198646473499,-0.16023039522077645
2026-06-10,EQIX,-0.1943590536616662,-0.17160661470107305
2026-06-11,EQIX,-0.2139297984913963,-0.1857143426311808
2026-06-12,EQIX,-0.2210087586327211,-0.19747914796502758
2026-06-13,EQIX,-0.2216844229747574,-0.20554757296827086
2026-06-14,EQIX,-0.2217575834152922,-0.21095090978394465
2026-06-15,EQIX,-0.221757583142365,-0.21455313423675143
2026-06-16,EQIX,-0.2126660237322176,-0.21392409740190682
2026-06-17,EQIX,-0.1970544359980732,-0.20830087693396232
2026-06-18,EQIX,-0.1914120006638805,-0.20267125151060172
2026-06-19,EQIX,-0.1929620935764568,-0.1994348655325534
2026-06-20,EQIX,-0.2028454949315148,-0.2005717419988739
2026-06-21,EQIX,-0.2028454950582439,-0.20132965968533056
2026-06-22,EQIX,-0.1929621213203115,-0.19854048023032422
2026-06-23,EQIX,-0.1803069735757095,-0.192462644678786
2026-06-24,EQIX,-0.1662916708272613,-0.18373898672827776
2026-06-25,EQIX,-0.1787760116237871,-0.18208466169344756
2026-06-26,EQIX,-0.1991121585794533,-0.1877604939887828
2026-06-27,EQIX,-0.2027862502886566,-0.19276907942207408
2026-06-28,EQIX,-0.1991416462416997,-0.1948932683619493
2026-06-29,EQIX,-0.2047464245324078,-0.19817765375210214
2026-06-30,EQIX,-0.2138488271111189,-0.20340137820510776
2026-07-01,EQIX,-0.2332775720620184,-0.21336010949074466
2026-07-02,EQIX,-0.2616173583775616,-0.22944585911968365
2026-07-03,EQIX,-0.2807672895566763,-0.24655300259868124
2026-07-04,EQIX,-0.2808463136946324,-0.25798410629733165
2026-07-05,EQIX,-0.2807335142864816,-0.265567242293715
2026-07-06,EQIX,-0.2805665349217764,-0.2705670065030688
2026-07-07,EQIX,-0.2919072985450205,-0.2776804371837194
2026-07-08,EQIX,-0.2732591365569137,-0.2762066703081175
2026-07-09,EQIX,-0.262041659634847,-0.27148500008369403
2026-07-10,EQIX,-0.2594408179674543,-0.26747027271161417
2026-07-11,EQIX,-0.2550277069386534,-0.26332275078729395
2026-07-12,EQIX,-0.2551257465398206,-0.26059041603813615
2026-05-13,EQT,0.6330887584632154,0.6522613088369005
2026-05-22,EQT,0.6146984440215091,0.6397403538984368
2026-05-23,EQT,0.627507527012298,0.6356627449363905
2026-05-24,EQT,0.627428045670591,0.632917845181124
2026-05-25,EQT,0.6274280448924013,0.6310879117515499
2026-05-26,EQT,0.6274280447886724,0.6298679560972574
2026-05-27,EQT,0.5970022501601653,0.6189127207848935
2026-06-01,EQT,0.5682781941210674,0.6020345452302848
2026-06-02,EQT,0.5754815054269324,0.5931835319625007
2026-06-03,EQT,0.5706077694770182,0.5856582778006733
2026-06-04,EQT,0.5658669172848617,0.5790611576287361
2026-06-05,EQT,0.5595581309991497,0.5725601487522074
2026-06-06,EQT,0.5290551636694598,0.5580584870579582
2026-06-07,EQT,0.5288736818306491,0.5483302186488552
2026-06-08,EQT,0.5288736818306491,0.5418447063761198
2026-06-09,EQT,0.5278791078408004,0.5371895068643466
2026-06-10,EQT,0.4881663584357477,0.520848457388147
2026-06-11,EQT,0.4752084838174282,0.5056351328645741
2026-06-12,EQT,0.4683732817647547,0.49321451583130094
2026-06-13,EQT,0.4799994947045093,0.4888095087890371
2026-06-14,EQT,0.4799073775967538,0.4858421317249427
2026-06-15,EQT,0.4799073779764254,0.483863880475437
2026-06-16,EQT,0.4761478975443317,0.48129188616506857
2026-06-17,EQT,0.4677668864175053,0.4767835529158808
2026-06-18,EQT,0.4664860786495592,0.47335106149377365
2026-06-19,EQT,0.4743980738527478,0.4737000656134317
2026-06-20,EQT,0.4779004585957922,0.4751001966075519
2026-06-21,EQT,0.4779004584188511,0.4760336172113183
2026-06-22,EQT,0.4743980281245123,0.4754884208490497
2026-06-23,EQT,0.4938697549830143,0.4816155322270379
2026-06-24,EQT,0.4723616748903225,0.47853091311479945
2026-06-25,EQT,0.4460996132494281,0.46772047982634235
2026-06-26,EQT,0.482429575679079,0.4726235117772546
2026-06-27,EQT,0.4628715581524908,0.469372860569
2026-06-28,EQT,0.4823924965591293,0.47371273923237645
2026-06-29,EQT,0.4636109610935919,0.47034547985278163
2026-06-30,EQT,0.4962972440816957,0.47899606792908633
2026-07-01,EQT,0.5211222456887213,0.49303812718229806
2026-07-02,EQT,0.5138335657871833,0.49996994005059314
2026-07-03,EQT,0.5077278627169822,0.5025559142727228
2026-07-04,EQT,0.5076423976187162,0.5042514087213874
2026-07-05,EQT,0.507770420488653,0.5054244126438092
2026-07-06,EQT,0.5079683335139575,0.5062723862671921
2026-07-07,EQT,0.4941304257568512,0.5022250660970784
2026-07-08,EQT,0.4743722317670811,0.4929407879870793
2026-07-09,EQT,0.4910407840476428,0.4923074533406005
2026-07-10,EQT,0.4936639208579579,0.4927596091797196
2026-07-11,EQT,0.474776024673762,0.48676508101106714
2026-07-12,EQT,0.47463033074682626,0.48272016425632025
2026-05-13,ETN,-0.2186799730729992,-0.13790823798540652
2026-05-22,ETN,-0.1782036932023119,-0.15134005639104164
2026-05-23,ETN,-0.1842521057955498,-0.1623107395258777
2026-05-24,ETN,-0.1843270298068352,-0.16964950295286357
2026-05-25,ETN,-0.1843269653278177,-0.17454199041118162
2026-05-26,ETN,-0.1843269653777482,-0.1778036487333705
2026-05-27,ETN,-0.1575579842561662,-0.17105509390763576
2026-06-01,ETN,-0.1708650990680178,-0.1709917622944298
2026-06-02,ETN,-0.1441938163901852,-0.16205911365968162
2026-06-03,ETN,-0.1109111094287468,-0.1450097789160367
2026-06-04,ETN,-0.1123970304926228,-0.13413886277489873
2026-06-05,ETN,-0.1170192173119362,-0.12843231428724455
2026-06-06,ETN,-0.1423008115835725,-0.13305514671935387
2026-06-07,ETN,-0.1424333258021804,-0.1361812064136294
2026-06-08,ETN,-0.1424333258021804,-0.13826524620981306
2026-06-09,ETN,-0.151217508366851,-0.1425826669288257
2026-06-10,ETN,-0.1443323040626824,-0.14316587930677793
2026-06-11,ETN,-0.1874588246245182,-0.15793019441269135
2026-06-12,ETN,-0.1790371268959577,-0.16496583857378014
2026-06-13,ETN,-0.1933897174685439,-0.17444046487203474
2026-06-14,ETN,-0.1934622242812588,-0.1807810513417761
2026-06-15,ETN,-0.1934622240120122,-0.18500810889852148
2026-06-16,ETN,-0.1740246798123461,-0.18134696586979637
2026-06-17,ETN,-0.172150930840564,-0.17828162086005225
2026-06-18,ETN,-0.1571444936644134,-0.17123591179483932
2026-06-19,ETN,-0.1466820534748968,-0.1630512923548585
2026-06-20,ETN,-0.1437099339998031,-0.15660417290317338
2026-06-21,ETN,-0.1437099341170906,-0.15230609330781247
2026-06-22,ETN,-0.1466820791565151,-0.15043142192404668
2026-06-23,ETN,-0.127354555065162,-0.14273913297108512
2026-06-24,ETN,-0.1932373125925574,-0.15957185951157588
2026-06-25,ETN,-0.1946123651257916,-0.1712520280496478
2026-06-26,ETN,-0.1526992450013841,-0.1650677670335599
2026-06-27,ETN,-0.1858074363195344,-0.17198099012888474
2026-06-28,ETN,-0.1527277938065122,-0.16556325802142724
2026-06-29,ETN,-0.1877001987731662,-0.1729422382720069
2026-06-30,ETN,-0.1602605774061133,-0.16871501798337568
2026-07-01,ETN,-0.144156908806801,-0.16052898159118412
2026-07-02,ETN,-0.1712661938888837,-0.16410805235708398
2026-07-03,ETN,-0.1865244780904291,-0.17158019426819904
2026-07-04,ETN,-0.1865982567128664,-0.17658621508308817
2026-07-05,ETN,-0.1864978552859492,-0.17989009515070853
2026-07-06,ETN,-0.1863560682821531,-0.18204541952785672
2026-07-07,ETN,-0.1633487490622705,-0.175813196039328
2026-07-08,ETN,-0.2078733105425566,-0.18649990087373752
2026-07-09,ETN,-0.2103532837981608,-0.19445102851521195
2026-07-10,ETN,-0.2310170880912704,-0.20663971504056478
2026-07-11,ETN,-0.2420264988850009,-0.21843530965537683
2026-07-12,ETN,-0.24212753613281224,-0.22633271848118866
2026-05-13,ETR,-0.3039744559100249,-0.19269412898642838
2026-05-22,ETR,-0.3759774040617443,-0.25378855401153366
2026-05-23,ETR,-0.3772191018726024,-0.29493206996522325
2026-05-24,ETR,-0.377292149632814,-0.3223854298544202
2026-05-25,ETR,-0.3772921504525145,-0.340687670053785
2026-05-26,ETR,-0.3772921504802964,-0.3528891635292888
2026-05-27,ETR,-0.3873490963397406,-0.3643758077994394
2026-06-01,ETR,-0.4076583869051611,-0.3788033341680133
2026-06-02,ETR,-0.4328493364461319,-0.39681866826071954
2026-06-03,ETR,-0.4222680741192581,-0.4053018035468991
2026-06-04,ETR,-0.4136049539520646,-0.408069520348621
2026-06-05,ETR,-0.4183639418614545,-0.4115009941862322
2026-06-06,ETR,-0.396393631742133,-0.4064652067048658
2026-06-07,ETR,-0.396537760790939,-0.40315605806689025
2026-06-08,ETR,-0.396537760790939,-0.4009499589749065
2026-06-09,ETR,-0.4171396639742593,-0.4063465273080241
2026-06-10,ETR,-0.4061769212121725,-0.4062899919427403
2026-06-11,ETR,-0.4105350243654634,-0.40770500275031474
2026-06-12,ETR,-0.4321299352394965,-0.41584664691337536
2026-06-13,ETR,-0.4267807035993773,-0.419491332475376
2026-06-14,ETR,-0.4268556741824009,-0.42194611304438434
2026-06-15,ETR,-0.4268556738992808,-0.42358263332934987
2026-06-16,ETR,-0.4269328872965675,-0.4246993846517558
2026-06-17,ETR,-0.4160767322812784,-0.42182516719493
2026-06-18,ETR,-0.4128974131592956,-0.4188492491830519
2026-06-19,ETR,-0.3965786605808986,-0.4114257196490008
2026-06-20,ETR,-0.4203245895832819,-0.41439200962709455
2026-06-21,ETR,-0.4203245897174639,-0.41636953632388435
2026-06-22,ETR,-0.3965786896337315,-0.40977258742716677
2026-06-23,ETR,-0.3946941763378163,-0.40474645039738333
2026-06-24,ETR,-0.384626361180068,-0.39803975399161157
2026-06-25,ETR,-0.3784518420504664,-0.39151045001122986
2026-06-26,ETR,-0.3911066246301145,-0.39137584155085814
2026-06-27,ETR,-0.4374903103087574,-0.4067473311368246
2026-06-28,ETR,-0.3911362532957365,-0.4015436385231286
2026-06-29,ETR,-0.4388582802398831,-0.41398185242871344
2026-06-30,ETR,-0.4426276905547946,-0.4235304651374072
2026-07-01,ETR,-0.4433123568167998,-0.4301244290305381
2026-07-02,ETR,-0.4648669177600725,-0.44170525860704957
2026-07-03,ETR,-0.4686358431580848,-0.45068212012406134
2026-07-04,ETR,-0.4687148310447658,-0.4566930237642962
2026-07-05,ETR,-0.4686021173179225,-0.46066272161550503
2026-07-06,ETR,-0.4684353120553055,-0.46325358509543857
2026-07-07,ETR,-0.472499479279702,-0.46633554982352643
2026-07-08,ETR,-0.4643127719189003,-0.4656612905219844
2026-07-09,ETR,-0.4505623195959838,-0.4606283002133176
2026-07-10,ETR,-0.472757267617984,-0.4646712893482064
2026-07-11,ETR,-0.4682476338492234,-0.46586340418187877
2026-07-12,ETR,-0.4683537257919886,-0.4666935113852487
2026-05-13,EW,-0.1924495388192246,-0.095925406405172
2026-05-22,EW,-0.117126521641086,-0.10299244481714334
2026-05-23,EW,-0.0911016755790083,-0.09902885507109833
2026-05-24,EW,-0.0911774019735125,-0.09641170403856973
2026-05-25,EW,-0.0911774027759299,-0.09466693695102313
2026-05-26,EW,-0.0911774028353325,-0.09350375891245959
2026-05-27,EW,-0.0832586250139606,-0.09008871427962659
2026-06-01,EW,-0.1205036378711926,-0.10022702214348192
2026-06-02,EW,-0.1004501721322695,-0.10030140547307778
2026-06-03,EW,-0.103390715768227,-0.10133117557146087
2026-06-04,EW,-0.1083568257497235,-0.1036730589642151
2026-06-05,EW,-0.0948336573335349,-0.10072659175398838
2026-06-06,EW,-0.116027638764076,-0.10582694075735093
2026-06-07,EW,-0.1161800376614206,-0.10927797305870748
2026-06-08,EW,-0.1161800376614206,-0.11157866125961186
2026-06-09,EW,-0.1306284805581031,-0.11792860102577563
2026-06-10,EW,-0.1191011114642706,-0.1183194378386073
2026-06-11,EW,-0.1331371653261895,-0.12325868033446803
2026-06-12,EW,-0.119632082647947,-0.12204981443896103
2026-06-13,EW,-0.1374958097765655,-0.12719847955149585
2026-06-14,EW,-0.1375731643880999,-0.13065670783036387
2026-06-15,EW,-0.1375731640915555,-0.13296219325076108
2026-06-16,EW,-0.133552011893517,-0.13315879946501308
2026-06-17,EW,-0.1124657464257427,-0.12626111511858962
2026-06-18,EW,-0.1156826073144677,-0.12273494585054899
2026-06-19,EW,-0.1200261092444765,-0.12183200031519151
2026-06-20,EW,-0.1214036251860079,-0.12168920860546364
2026-06-21,EW,-0.1214036253233637,-0.12159401417809701
2026-06-22,EW,-0.1200261412813977,-0.12107138987919724
2026-06-23,EW,-0.1203318859478558,-0.1208248885687501
2026-06-24,EW,-0.106682673816528,-0.11611081698467607
2026-06-25,EW,-0.0921417948869035,-0.10812114295208522
2026-06-26,EW,-0.0988028163815898,-0.10501503409525342
2026-06-27,EW,-0.0766597961133908,-0.09556328810129922
2026-06-28,EW,-0.0988331840063942,-0.09665325340299755
2026-06-29,EW,-0.0786605251460508,-0.09065567731734864
2026-06-30,EW,-0.0827576528783037,-0.08802300250433366
2026-07-01,EW,-0.0779764417765056,-0.08467414892839098
2026-07-02,EW,-0.0699109264186392,-0.07975307475847374
2026-07-03,EW,-0.044342720352896,-0.06794962328994783
2026-07-04,EW,-0.0444134763684921,-0.060104240982795924
2026-07-05,EW,-0.0443202189911463,-0.05484290031891272
2026-07-06,EW,-0.0441929485019154,-0.051292916379913615
2026-07-07,EW,-0.0394298811088032,-0.04733857128954348
2026-07-08,EW,-0.0311371244237479,-0.041938089000944964
2026-07-09,EW,-0.0218812298869743,-0.03525246929628808
2026-07-10,EW,-0.0254824562928495,-0.03199579829514189
2026-07-11,EW,-0.0095482219072758,-0.02451327283251986
2026-07-12,EW,-0.009606564512158716,-0.01954437005906615
2026-05-13,EXC,0.0773436481739348,0.07142730491560961
2026-05-22,EXC,0.0117826618518989,0.051545757227706046
2026-05-23,EXC,0.0231663941278744,0.04208596952776217
2026-05-24,EXC,0.0230841072554119,0.03575201543697875
2026-05-25,EXC,0.0230841064953242,0.0315293791230939
2026-05-26,EXC,0.0230841063584767,0.028714288201554836
2026-05-27,EXC,0.021982561545898,0.02647037931633589
2026-06-01,EXC,0.0132593811410229,0.022066713257898232
2026-06-02,EXC,0.0055129720441826,0.016548799519993024
2026-06-03,EXC,0.0041725548608796,0.012423384633621883
2026-06-04,EXC,0.0099923279399953,0.011613032402413022
2026-06-05,EXC,-0.0079210827181112,0.005101660695571615
2026-06-06,EXC,0.0031329869429955,0.004445436111379577
2026-06-07,EXC,0.0029654042685473,0.003952092163768819
2026-06-08,EXC,0.0029654042685473,0.0036231961986949793
2026-06-09,EXC,-0.007308699794072,-2.0769132227346603e-05
2026-06-10,EXC,-0.0101942024691583,-0.0034119135778709975
2026-06-11,EXC,-0.0195559040756505,-0.008793243743797498
2026-06-12,EXC,-0.0271909704841181,-0.014925819323904365
2026-06-13,EXC,-0.0210435019203585,-0.016965046856055745
2026-06-14,EXC,-0.0211272984937201,-0.018352464068610533
2026-06-15,EXC,-0.0211272981609012,-0.019277408766040754
2026-06-16,EXC,-0.0144713874413705,-0.017675401657817336
2026-06-17,EXC,-0.0145151641809813,-0.016621989165538656
2026-06-18,EXC,-0.0016894103078982,-0.011644462879658504
2026-06-19,EXC,0.0189593846052046,-0.001443180384704137
2026-06-20,EXC,8.933003609234644e-05,-0.000932343577771976
2026-06-21,EXC,8.932988478504642e-05,-0.0005917857569196352
2026-06-22,EXC,0.0189593493919438,0.00592525929270151
2026-06-23,EXC,0.0199135650282822,0.010588027871228407
2026-06-24,EXC,0.0246615352792295,0.015279197007228771
2026-06-25,EXC,0.023075734897991,0.01787804297081618
2026-06-26,EXC,0.0132265707349754,0.016327552225535922
2026-06-27,EXC,0.0080751720821471,0.013576758844406315
2026-06-28,EXC,0.0131937174559836,0.013449078381598745
2026-06-29,EXC,0.0072407178420068,0.011379624868401432
2026-06-30,EXC,0.0011563080524041,0.007971852596402321
2026-07-01,EXC,0.0079965327881168,0.007980079326973815
2026-07-02,EXC,-0.0050972040029065,0.003620984883680378
2026-07-03,EXC,-0.0011509149765503,0.0020303515969368187
2026-07-04,EXC,-0.00123134751627,0.0009431185592012126
2026-07-05,EXC,-0.0011152192954273,0.00025700594099170853
2026-07-06,EXC,-0.000941475873804,-0.00014248799727352757
2026-07-07,EXC,-0.0052336826246268,-0.0018395528730579516
2026-07-08,EXC,-0.0139805554445701,-0.0058865537302286676
2026-07-09,EXC,0.0026471573021753,-0.0030419833860940125
2026-07-10,EXC,-0.0138591527852871,-0.006647706519158376
2026-07-11,EXC,0.0031801057935559,-0.003371769081586951
2026-07-12,EXC,0.0030688677782745553,-0.0012248901282997824
2026-05-13,EXR,0.0047952477129414,0.0047952477129414
2026-05-22,EXR,-0.0484625174234063,-0.012957340665841165
2026-05-23,EXR,-0.0451332669072428,-0.023682649412975043
2026-05-24,EXR,-0.0452148371183989,-0.030860045314782997
2026-05-25,EXR,-0.0452148378831106,-0.0356449761708922
2026-05-26,EXR,-0.0452148380114981,-0.03883493011776083
2026-05-27,EXR,-0.0248042059351295,-0.03415802205688372
2026-06-01,EXR,-0.0431286544961972,-0.03714823286998822
2026-06-02,EXR,-0.0494151892701687,-0.041237218336715044
2026-06-03,EXR,-0.0449137661517686,-0.042462734275066236
2026-06-04,EXR,-0.0326498495722647,-0.039191772707465725
2026-06-05,EXR,-0.0302760312228721,-0.036219858879267854
2026-06-06,EXR,-0.0259344956652154,-0.0327914044745837
2026-06-07,EXR,-0.0260897951353702,-0.030557534694845873
2026-06-08,EXR,-0.0260897951353702,-0.02906828817502065
2026-06-09,EXR,-0.0302250073147528,-0.029453861221598033
2026-06-10,EXR,0.0042967249946037,-0.018203665816197458
2026-06-11,EXR,0.0139481368835283,-0.007486398249622207
2026-06-12,EXR,-0.0008584110632181,-0.005277069187487504
2026-06-13,EXR,0.0033619570807791,-0.0023973937647319703
2026-06-14,EXR,0.0032889203615832,-0.0005019557226269137
2026-06-15,EXR,0.0032889206338138,0.0007616697295199908
2026-06-16,EXR,-0.0103681501478377,-0.002948270229599239
2026-06-17,EXR,-0.0029019168293681,-0.0029328190961888595
2026-06-18,EXR,-0.0023409683626401,-0.0027355355183392733
2026-06-19,EXR,0.0212775109113945,0.005268813291571984
2026-06-20,EXR,-0.0095609894880571,0.0003255456983622899
2026-06-21,EXR,-0.0095609896226243,-0.0029699660752999066
2026-06-22,EXR,0.0212774823381227,0.005112516729174295
2026-06-23,EXR,0.0214505125913578,0.01055851534990213
2026-06-24,EXR,0.049971235083479,0.02369608859442775
2026-06-25,EXR,0.0418586774284397,0.029750284872431733
2026-06-26,EXR,0.0278962554092555,0.02913227505137299
2026-06-27,EXR,0.0393512528387899,0.032538600980511964
2026-06-28,EXR,0.0278668884309399,0.030981363463987947
2026-06-29,EXR,0.0371580383432543,0.033040255090410066
2026-06-30,EXR,0.0292758239731593,0.03178544471799315
2026-07-01,EXR,0.0179263648452199,0.027165751427068733
2026-07-02,EXR,0.0258491621322276,0.026726888328788355
2026-07-03,EXR,0.0303011629954189,0.027918313217665205
2026-07-04,EXR,0.0302284901990062,0.02868837221144554
2026-07-05,EXR,0.0303262779628333,0.02923434079524146
2026-07-06,EXR,0.0304627540742656,0.029643811888249508
2026-07-07,EXR,0.012110496952715,0.023799373576404676
2026-07-08,EXR,0.0309601055245331,0.02618628422578082
2026-07-09,EXR,0.0058301351217206,0.01940090119109408
2026-07-10,EXR,-0.0142772062754789,0.008174865368903089
2026-07-11,EXR,-0.0137401899259292,0.0008698469372923267
2026-07-12,EXR,-0.013832597123757229,-0.0040309677497241915
2026-05-13,F,-0.4976401869666514,-0.46759251334427687
2026-05-22,F,-0.4007325867867619,-0.44530587115843856
2026-05-23,F,-0.3611733034745433,-0.41726168193047347
2026-05-24,F,-0.3612471254050671,-0.3985901630886714
2026-05-25,F,-0.3612471262197725,-0.38614248413237184
2026-05-26,F,-0.3612471262566933,-0.37784403150714574
2026-05-27,F,-0.3525870908571333,-0.369425051290475
2026-06-01,F,-0.1915175938268319,-0.31012256546926065
2026-06-02,F,-0.2187447963049461,-0.27966330908115583
2026-06-03,F,-0.243721360907723,-0.2676826596900116
2026-06-04,F,-0.2454019565138869,-0.2602557586313034
2026-06-05,F,-0.2663098043976811,-0.26227377388676265
2026-06-06,F,-0.2502563203898616,-0.25826795605446234
2026-06-07,F,-0.2503676386156004,-0.25563451690817507
2026-06-08,F,-0.2503676386156004,-0.2538788908106502
2026-06-09,F,-0.256717479071416,-0.25482508689757216
2026-06-10,F,-0.2456132917746195,-0.2517544885232546
2026-06-11,F,-0.2853763169408467,-0.26296176466245197
2026-06-12,F,-0.2566098360319752,-0.2608444551189597
2026-06-13,F,-0.2523569757816981,-0.2580152953398725
2026-06-14,F,-0.252415598578301,-0.256148729752682
2026-06-15,F,-0.2524155983872348,-0.2549043526308663
2026-06-16,F,-0.2805078950885409,-0.26343886678342454
2026-06-17,F,-0.2905140981296287,-0.27246394389882594
2026-06-18,F,-0.2951685289492181,-0.28003213891562334
2026-06-19,F,-0.3043936573610059,-0.2881526450640842
2026-06-20,F,-0.3014886925434021,-0.29259799422385685
2026-06-21,F,-0.3014886926531349,-0.2955615603669495
2026-06-22,F,-0.3043936805038501,-0.29850560041258306
2026-06-23,F,-0.3145154227956891,-0.30384220787361843
2026-06-24,F,-0.3090018565803053,-0.3055620907758474
2026-06-25,F,-0.3028169567831217,-0.30464704611160554
2026-06-26,F,-0.3113874049594274,-0.30689383239421286
2026-06-27,F,-0.2969673791818739,-0.30358501465676657
2026-06-28,F,-0.3114148422648762,-0.30619495719280315
2026-06-29,F,-0.2998330925328425,-0.30407433563948294
2026-06-30,F,-0.3088531358113587,-0.3056672690301082
2026-07-01,F,-0.3181703861547053,-0.30983497473830723
2026-07-02,F,-0.3261451291543177,-0.3152716928769774
2026-07-03,F,-0.3309666060015966,-0.3205033305851839
2026-07-04,F,-0.3310372624970505,-0.32401464122247275
2026-07-05,F,-0.3309442403394559,-0.3263245075948005
2026-07-06,F,-0.3308174478103663,-0.3278221543333224
2026-07-07,F,-0.3035974841740113,-0.3197472642802187
2026-07-08,F,-0.3042790876957244,-0.31459120541872065
2026-07-09,F,-0.3292994359722817,-0.31949394893657435
2026-07-10,F,-0.3347562251364463,-0.32458137433653167
2026-07-11,F,-0.309455811545528,-0.3195395200728638
2026-07-12,F,-0.30951801539934193,-0.3161990185150232
2026-05-13,FANG,-0.208077354456916,-0.16926619771267987
2026-05-22,FANG,-0.2257397754851918,-0.18809072363685053
2026-05-23,FANG,-0.2219854365515931,-0.1993889612750981
2026-05-24,FANG,-0.2220502259149622,-0.2069427161550528
2026-05-25,FANG,-0.2220502267879478,-0.21197855303268448
2026-05-26,FANG,-0.2220502267182413,-0.21533577759453676
2026-05-27,FANG,-0.2239339211669998,-0.21820182545202446
2026-06-01,FANG,-0.2942964294324026,-0.24356669344548385
2026-06-02,FANG,-0.2760171877648505,-0.25438352488527277
2026-06-03,FANG,-0.2598121216086073,-0.2561930571263843
2026-06-04,FANG,-0.2520660378188505,-0.25481738402387305
2026-06-05,FANG,-0.2659374229486113,-0.25852406366545244
2026-06-06,FANG,-0.3222523625079269,-0.2797668299462773
2026-06-07,FANG,-0.3223973982379311,-0.2939770193768286
2026-06-08,FANG,-0.3223973982379311,-0.3034504789971961
2026-06-09,FANG,-0.2859033072513361,-0.2976014217485762
2026-06-10,FANG,-0.2967749088453575,-0.2973259174475033
2026-06-11,FANG,-0.2939062351920098,-0.2961860233623388
2026-06-12,FANG,-0.3480857777638447,-0.31348594149617415
2026-06-13,FANG,-0.3444690953148028,-0.32381365943571705
2026-06-14,FANG,-0.3445435490760036,-0.3307236226491459
2026-06-15,FANG,-0.3445435487957937,-0.3353302646980285
2026-06-16,FANG,-0.3695781505300316,-0.3467462266420296
2026-06-17,FANG,-0.3961388243393177,-0.36321042587445895
2026-06-18,FANG,-0.3967858523357616,-0.3744022346948932
2026-06-19,FANG,-0.4127290927794583,-0.3871778540564149
2026-06-20,FANG,-0.4094550970778298,-0.3946036017302199
2026-06-21,FANG,-0.4094550972290777,-0.3995541002298392
2026-06-22,FANG,-0.4127291298734724,-0.403945776777717
2026-06-23,FANG,-0.3889969793248087,-0.3989628442934142
2026-06-24,FANG,-0.4085006749182631,-0.4021421211683639
2026-06-25,FANG,-0.4212068257299325,-0.4084970226888868
2026-06-26,FANG,-0.4330115818144285,-0.41666854239740075
2026-06-27,FANG,-0.4573627629278786,-0.43023328257422677
2026-06-28,FANG,-0.4330458520342771,-0.4311708057275769
2026-06-29,FANG,-0.4574858570721467,-0.4399424895091002
2026-06-30,FANG,-0.4372510941479867,-0.4390453577220624
2026-07-01,FANG,-0.4370029318385208,-0.43836454909421524
2026-07-02,FANG,-0.4452110852420007,-0.4406467278101438
2026-07-03,FANG,-0.4738717752009,-0.4517217436070626
2026-07-04,FANG,-0.4739567942050249,-0.4591334271397167
2026-07-05,FANG,-0.4738298256960507,-0.46403222665849475
2026-07-06,FANG,-0.4736340551035661,-0.46723283614018524
2026-07-07,FANG,-0.4650403360932459,-0.4665020027912055
2026-07-08,FANG,-0.4559502388364417,-0.4629847481396176
2026-07-09,FANG,-0.3704717047748881,-0.4321470670180411
2026-07-10,FANG,-0.390017703884296,-0.41810394597345946
2026-07-11,FANG,-0.4010932648232782,-0.41243371892339903
2026-07-12,FANG,-0.40120271992546985,-0.40869005259075597
2026-05-13,FAST,-0.1067295756771307,-0.10444791216972932
2026-05-22,FAST,-0.085085650344064,-0.09799382489450756
2026-05-23,FAST,-0.0820590463595767,-0.0926822320495306
2026-05-24,FAST,-0.0821403555248475,-0.08916827320796958
2026-05-25,FAST,-0.0821403562912435,-0.08682563423572756
2026-05-26,FAST,-0.0821403564165495,-0.08526387496266821
2026-05-27,FAST,-0.0571983664162138,-0.07590870544718341
2026-06-01,FAST,-0.0806627104339453,-0.07749337377610405
2026-06-02,FAST,-0.0836920893880426,-0.0795596123134169
2026-06-03,FAST,-0.0776147707990234,-0.07891133180861908
2026-06-04,FAST,-0.0683318750366558,-0.07538484621796465
2026-06-05,FAST,-0.061756482560875,-0.07084205833226812
2026-06-06,FAST,-0.0651054625077921,-0.06892985972410945
2026-06-07,FAST,-0.0652607056442263,-0.06770680836414841
2026-06-08,FAST,-0.0652607056442263,-0.06689144079084106
2026-06-09,FAST,-0.0704100348182356,-0.06806430546663925
2026-06-10,FAST,-0.0748133055584236,-0.0703139721639007
2026-06-11,FAST,-0.0668624161678812,-0.06916345349856087
2026-06-12,FAST,-0.0728854674963791,-0.07040412483116695
2026-06-13,FAST,-0.0717643774412964,-0.07085754236787678
2026-06-14,FAST,-0.07184128157424,-0.07118545543666452
2026-06-15,FAST,-0.0718412812802321,-0.07140406405118704
2026-06-16,FAST,-0.0811100056298919,-0.07463937791075534
2026-06-17,FAST,-0.0810203365543601,-0.07676636412529027
2026-06-18,FAST,-0.0787294045080489,-0.07742071091954314
2026-06-19,FAST,-0.0611790852897118,-0.07200683570959937
2026-06-20,FAST,-0.0580326804038281,-0.06734878394100895
2026-06-21,FAST,-0.0580326805407223,-0.0642434161409134
2026-06-22,FAST,-0.0611791175601698,-0.06322198328066553
2026-06-23,FAST,-0.0609780562972374,-0.06247400761952282
2026-06-24,FAST,-0.0729270913146502,-0.06595836885123195
2026-06-25,FAST,-0.0701165022095542,-0.06734441330400603
2026-06-26,FAST,-0.0628302430214688,-0.06583968987649363
2026-06-27,FAST,-0.0688819671327184,-0.06685378229523523
2026-06-28,FAST,-0.0628616053063882,-0.06552305663228622
2026-06-29,FAST,-0.0701952536865568,-0.06708045565037642
2026-06-30,FAST,-0.0682068864812102,-0.06745593259398769
2026-07-01,FAST,-0.0636241795174611,-0.06617868156847884
2026-07-02,FAST,-0.0728625351057374,-0.06840663274756503
2026-07-03,FAST,-0.061238025507907,-0.06601709700101235
2026-07-04,FAST,-0.0613144987646253,-0.06444956425555001
2026-07-05,FAST,-0.0612077284641192,-0.06336895232507309
2026-07-06,FAST,-0.0610530000822864,-0.0625969682441442
2026-07-07,FAST,-0.0575822671742422,-0.060925401220843535
2026-07-08,FAST,-0.0753190728449805,-0.06572329176222252
2026-07-09,FAST,-0.1044517174712816,-0.07863276699857555
2026-07-10,FAST,-0.1199687171808029,-0.092411417059318
2026-07-11,FAST,-0.12829022852367,-0.10437102088076868
2026-07-12,FAST,-0.12840698928795174,-0.11238301034982971
2026-05-13,FCX,-0.1651987423620448,-0.09228016047629907
2026-05-22,FCX,-0.1850874928708414,-0.12321593794114652
2026-05-23,FCX,-0.210224813630742,-0.152218896504345
2026-05-24,FCX,-0.2103106720113703,-0.17158282167335343
2026-05-25,FCX,-0.2103106727484137,-0.18449210536504018
2026-05-26,FCX,-0.2103106729274221,-0.19309829455250083
2026-05-27,FCX,-0.189563594253467,-0.19192006111948956
2026-06-01,FCX,-0.1625576131019139,-0.18213257844696434
2026-06-02,FCX,-0.1295326685776219,-0.16459927515718353
2026-06-03,FCX,-0.0905194592083741,-0.13990600317424706
2026-06-04,FCX,-0.0722972694119755,-0.11736975858682322
2026-06-05,FCX,-0.0593664026454792,-0.09803530660637522
2026-06-06,FCX,-0.1188025271425472,-0.10495771345176588
2026-06-07,FCX,-0.1189493095750519,-0.10962157882619455
2026-06-08,FCX,-0.1189493095750519,-0.112730822409147
2026-06-09,FCX,-0.1371390383576602,-0.12086689439198474
2026-06-10,FCX,-0.1300968617614508,-0.12394355018180676
2026-06-11,FCX,-0.1317558381500366,-0.12654764617121672
2026-06-12,FCX,-0.0567244768272681,-0.10327325638990051
2026-06-13,FCX,-0.0534075024302964,-0.08665133840336581
2026-06-14,FCX,-0.0534731843068712,-0.07559195370453428
2026-06-15,FCX,-0.0534731840760556,-0.06821903049504138
2026-06-16,FCX,-0.0426330090716239,-0.05969035668723556
2026-06-17,FCX,-0.006201972260803,-0.041860895211758044
2026-06-18,FCX,0.0197745112373508,-0.021315759728721767
2026-06-19,FCX,0.0098768023767638,-0.010918239026893248
2026-06-20,FCX,0.0126680716684308,-0.003056135461785233
2026-06-21,FCX,0.0126680715714885,0.0021852668826393444
2026-06-22,FCX,0.0098767835321658,0.00474910576581483
2026-06-23,FCX,-0.0237504282297318,-0.004750738899367378
2026-06-24,FCX,-0.0799925886355358,-0.029831355478090182
2026-06-25,FCX,-0.1152514093319346,-0.058304706762704994
2026-06-26,FCX,-0.1038667303614919,-0.07349204796230063
2026-06-27,FCX,-0.119018550168051,-0.08866754869755075
2026-06-28,FCX,-0.1038963700081143,-0.0937438224677386
2026-06-29,FCX,-0.1207820552473616,-0.10275656672761294
2026-06-30,FCX,-0.1153047502859479,-0.10693929458039127
2026-07-01,FCX,-0.1322026821070622,-0.11536042375594825
2026-07-02,FCX,-0.1822846379959034,-0.13766849516926663
2026-07-03,FCX,-0.1895928859829086,-0.15497662544048063
2026-07-04,FCX,-0.1896724917311549,-0.16654191420403874
2026-07-05,FCX,-0.1895583176643196,-0.17421404869079904
2026-07-06,FCX,-0.1893885450305286,-0.17927221413737557
2026-07-07,FCX,-0.1832788408810953,-0.18060775638528215
2026-07-08,FCX,-0.2068967049346532,-0.18937073923507253
2026-07-09,FCX,-0.2598487464613521,-0.21286340831049905
2026-07-10,FCX,-0.2328368109525815,-0.2195212091911932
2026-07-11,FCX,-0.2454232245001665,-0.2281552142941843
2026-07-12,FCX,-0.24555027780672878,-0.23395356879836582
2026-05-13,FDX,-0.0241603564611596,0.02263347315235567
2026-05-22,FDX,-0.0041499595384004,0.013705662255436983
2026-05-23,FDX,0.0023063205105048,0.009905881673792923
2026-05-24,FDX,0.0022292149639655,0.0073469927705171155
2026-05-25,FDX,0.0022292141704468,0.005641066570493678
2026-05-26,FDX,0.0022292140947636,0.004503782411916985
2026-05-27,FDX,0.0232014469725519,0.010736337265461957
2026-06-01,FDX,0.0361197827812951,0.01919748577073967
2026-06-02,FDX,-0.0784611589192028,-0.013355395792574483
2026-06-03,FDX,0.0260244298003814,-0.00022878726158919067
2026-06-04,FDX,0.0310254283309125,0.010189284602578038
2026-06-05,FDX,0.0491807055983107,0.023186424934488924
2026-06-06,FDX,0.073319698530065,0.03989751613301428
2026-06-07,FDX,0.0731894652147192,0.05099483249358259
2026-06-08,FDX,0.0731894652147192,0.058393043400628133
2026-06-09,FDX,0.069612841798142,0.06213297619979943
2026-06-10,FDX,0.067887109836877,0.06405102074549196
2026-06-11,FDX,0.0502214803965144,0.05944117396249944
2026-06-12,FDX,0.0823782655068119,0.06708687114393694
2026-06-13,FDX,0.082032386504637,0.07206870959750362
2026-06-14,FDX,0.0819672736764879,0.07536823095716505
2026-06-15,FDX,0.0819672739040993,0.07756791193947647
2026-06-16,FDX,0.072384884043565,0.07584023597417265
2026-06-17,FDX,0.0730729126061983,0.07491779485151454
2026-06-18,FDX,0.0469622352736395,0.06559927499222286
2026-06-19,FDX,0.026866016159139,0.05268818871452824
2026-06-20,FDX,0.0299142736885554,0.04509688370587063
2026-06-21,FDX,0.0299142735627026,0.04003601365814796
2026-06-22,FDX,0.0268659875991304,0.03564600497180878
2026-06-23,FDX,0.0417902451601378,0.03769408503458512
2026-06-24,FDX,0.021245998972715,0.032211389680628415
2026-06-25,FDX,0.0270907694742661,0.030504516278507643
2026-06-26,FDX,0.0516524714054256,0.03755383465414697
2026-06-27,FDX,0.0352586268150079,0.03678876537443394
2026-06-28,FDX,0.0516238164478665,0.041733782398911456
2026-06-29,FDX,0.0331871633217039,0.038884909373175604
2026-06-30,FDX,0.0438807017972915,0.040550173514547566
2026-07-01,FDX,0.010089330698221,0.030396559242438715
2026-07-02,FDX,0.0088905661002292,0.023227894861702212
2026-07-03,FDX,3.681383716987868e-05,0.015497534520191435
2026-07-04,FDX,-3.846012729189635e-05,0.010318869637696992
2026-07-05,FDX,6.547559902658068e-05,0.0069010716248068555
2026-07-06,FDX,0.0002144442031492,0.004672195817587638
2026-07-07,FDX,-0.0007779510063696,0.0028554802096018924
2026-07-08,FDX,0.0117298065171906,0.005813588978798128
2026-07-09,FDX,-0.0080719135051649,0.001185088150810453
2026-07-10,FDX,-0.0157096642507694,-0.004446495983049498
2026-07-11,FDX,-0.0083301769425954,-0.0057410563028981315
2026-07-12,FDX,-0.00842259190554765,-0.006634901503781305
2026-05-13,FITB,-0.2112809845369248,-0.2100238070386517
2026-05-22,FITB,-0.1458830225578436,-0.18864354554504903
2026-05-23,FITB,-0.1313343112778192,-0.16954046745597245
2026-05-24,FITB,-0.1314137800537223,-0.1568315716552224
2026-05-25,FITB,-0.1314137808319929,-0.1483589747141459
2026-05-26,FITB,-0.1314137809355735,-0.14271057678795512
2026-05-27,FITB,-0.1430911635259447,-0.14283743903395166
2026-06-01,FITB,-0.112920394913743,-0.1328650909938821
2026-06-02,FITB,-0.1317804800498254,-0.1325035540125299
2026-06-03,FITB,-0.1107443622381178,-0.12525049008772587
2026-06-04,FITB,-0.1131161564560158,-0.12120571221048919
2026-06-05,FITB,-0.0808228056968538,-0.10774474337261072
2026-06-06,FITB,-0.0525670742568431,-0.08935218700068819
2026-06-07,FITB,-0.0527011763552218,-0.0771351834521994
2026-06-08,FITB,-0.0527011763552218,-0.06899051441987353
2026-06-09,FITB,-0.0516945488451636,-0.06322519256163689
2026-06-10,FITB,-0.0135355080482202,-0.046661964390497995
2026-06-11,FITB,0.0092946318127284,-0.028009765656089203
2026-06-12,FITB,0.003589222898168,-0.017476769471336806
2026-06-13,FITB,0.0103270985780357,-0.008208813454879305
2026-06-14,FITB,0.010266281239494,-0.0020504485567548704
2026-06-15,FITB,0.0102662814429176,0.00205512810980262
2026-06-16,FITB,-0.0241937397431988,-0.00669449450786452
2026-06-17,FITB,-0.0137434075568604,-0.009044132190863148
2026-06-18,FITB,-0.0116996477719141,-0.009929304051213467
2026-06-19,FITB,-0.0399340740611012,-0.01993089405450938
2026-06-20,FITB,-0.0306066413776795,-0.023489476495566087
2026-06-21,FITB,-0.030606641490506,-0.025861864827212727
2026-06-22,FITB,-0.0399340987924788,-0.03055260948230142
2026-06-23,FITB,-0.0442101654428703,-0.03510512813582438
2026-06-24,FITB,-0.0246570674768412,-0.031622441249496654
2026-06-25,FITB,-0.0134170803674866,-0.02555398762215997
2026-06-26,FITB,-0.0166141283205188,-0.022574034521612916
2026-06-27,FITB,-0.0037675848262653,-0.016305217956497045
2026-06-28,FITB,-0.0166411068257785,-0.016417180912924198
2026-06-29,FITB,-0.0067640730985711,-0.013199478308139832
2026-06-30,FITB,-0.0176721763835366,-0.014690377666605421
2026-07-01,FITB,-0.0385926537198023,-0.02265780301767105
2026-07-02,FITB,-0.0091618828414718,-0.018159162958937967
2026-07-03,FITB,-0.0079332502488058,-0.014750525388893912
2026-07-04,FITB,-0.0080009873058877,-0.012500679361225175
2026-07-05,FITB,-0.0079148653551493,-0.010972074692533217
2026-07-06,FITB,-0.0078020938588551,-0.009915414414640512
2026-07-07,FITB,-0.0068607855462539,-0.008897204791844976
2026-07-08,FITB,0.0010907491749854,-0.005567886802901517
2026-07-09,FITB,-0.0333656603668019,-0.014833811324201644
2026-07-10,FITB,-0.0457790353316609,-0.02514888599335473
2026-07-11,FITB,-0.0289034476590595,-0.026400406548589654
2026-07-12,FITB,-0.028966433856203115,-0.02725574898446081
2026-05-13,FIX,0.3720535811348641,0.3836426224300665
2026-05-22,FIX,0.1736615950496594,0.31364894663659754
2026-05-23,FIX,0.1283461738932232,0.25188135572213943
2026-05-24,FIX,0.1282869630651069,0.21068322483646193
2026-05-25,FIX,0.128287040732528,0.18321783013515064
2026-05-26,FIX,0.1282869622916871,0.16490754085399614
2026-05-27,FIX,0.1643475019300933,0.1647208612126952
2026-06-01,FIX,0.1296292833502893,0.15302366859189326
2026-06-02,FIX,0.1103014166277916,0.13878291793719272
2026-06-03,FIX,0.1328553218580526,0.13680705257747935
2026-06-04,FIX,0.1548603784055131,0.1428248278534906
2026-06-05,FIX,0.2088538357839752,0.16483449716365212
2026-06-06,FIX,0.1769942921527385,0.16888776216001425
2026-06-07,FIX,0.1769030650295961,0.1715595297832082
2026-06-08,FIX,0.1769030650295961,0.17334070819867087
2026-06-09,FIX,0.161495367430904,0.16939226127608192
2026-06-10,FIX,0.1442996401230737,0.16102805422507918
2026-06-11,FIX,0.1026872096720079,0.1415811060407221
2026-06-12,FIX,0.1446295779936224,0.14259726335835554
2026-06-13,FIX,0.1291451204522885,0.13811321572299987
2026-06-14,FIX,0.1290896840879261,0.13510537184464194
2026-06-15,FIX,0.1290896842610496,0.13310014265011116
2026-06-16,FIX,0.1444674812382892,0.13688925551283718
2026-06-17,FIX,0.1332768072951934,0.13568510610695594
2026-06-18,FIX,0.1388516442889774,0.13674061883429645
2026-06-19,FIX,0.173430181185601,0.14897047295139798
2026-06-20,FIX,0.1100899251765605,0.13601029035978549
2026-06-21,FIX,0.1100899250820664,0.12737016860054579
2026-06-22,FIX,0.1734301688380212,0.1427235020130376
2026-06-23,FIX,0.178923861804519,0.15479028861019806
2026-06-24,FIX,0.1131035082177396,0.14089469514604525
2026-06-25,FIX,0.1347064732661091,0.13883195451939986
2026-06-26,FIX,0.178469280514453,0.15204439651775092
2026-06-27,FIX,0.1136138706655404,0.13923422123368076
2026-06-28,FIX,0.1784471984573643,0.1523052136415753
2026-06-29,FIX,0.1100001416715489,0.13820352298489982
2026-06-30,FIX,0.1802982622369604,0.1522351027355867
2026-07-01,FIX,0.1496297261760021,0.15136664388239185
2026-07-02,FIX,0.1036766273973823,0.135469971720722
2026-07-03,FIX,0.066360729792825,0.11243355774475633
2026-07-04,FIX,0.066293372329839,0.0970534959397839
2026-07-05,FIX,0.0663785970950746,0.08682852965821414
2026-07-06,FIX,0.066489545534811,0.08004886828374644
2026-07-07,FIX,0.0797444483409358,0.07994739496947623
2026-07-08,FIX,0.0399353826168255,0.06661005751859266
2026-07-09,FIX,0.0086687082093869,0.04729627441552408
2026-07-10,FIX,0.0218314449352002,0.03880799792208279
2026-07-11,FIX,-0.0081813504510644,0.023144881797700394
2026-07-12,FIX,-0.008260005446263902,0.012676586049712297
2026-05-13,FTNT,0.2264439411576514,0.22430731429758594
2026-05-22,FTNT,0.5082848328358114,0.3189664871436611
2026-05-23,FTNT,0.5454211566623856,0.39445137698323596
2026-05-24,FTNT,0.5454049799630871,0.4447692446431864
2026-05-25,FTNT,0.5454049787764412,0.47831448935427134
2026-05-26,FTNT,0.5454049794200091,0.5006779860428506
2026-05-27,FTNT,0.4938434200701544,0.4983997973852853
2026-06-01,FTNT,0.4537770297012688,0.4835255414906131
2026-06-02,FTNT,0.4291216688572441,0.4653909172794901
2026-06-03,FTNT,0.4309803183882247,0.45392071764906833
2026-06-04,FTNT,0.3738479843684132,0.4272298065555166
2026-06-05,FTNT,0.3847740521213103,0.4130778884107812
2026-06-06,FTNT,0.4593034042359233,0.42848639368582864
2026-06-07,FTNT,0.4592843453787277,0.43875237758346164
2026-06-08,FTNT,0.4592843453787277,0.4455963668485503
2026-06-09,FTNT,0.4162440335134867,0.43581225573686244
2026-06-10,FTNT,0.4161263152846313,0.4292502755861187
2026-06-11,FTNT,0.4012094436221652,0.41990333159813426
2026-06-12,FTNT,0.4135639504715073,0.4177902045559253
2026-06-13,FTNT,0.4050776721604257,0.4135526937574254
2026-06-14,FTNT,0.405050771662883,0.4107187197259113
2026-06-15,FTNT,0.4050507716753219,0.4088294037090482
2026-06-16,FTNT,0.4197400203439859,0.4124662759206941
2026-06-17,FTNT,0.4230515484478189,0.4159947000964024
2026-06-18,FTNT,0.4144756311601682,0.4154883437843243
2026-06-19,FTNT,0.3773054750024526,0.40276072085703374
2026-06-20,FTNT,0.3794896879099714,0.3950037098746797
2026-06-21,FTNT,0.3794896878813217,0.38983236921022707
2026-06-22,FTNT,0.3773054791075511,0.3856567391760018
2026-06-23,FTNT,0.352334252211644,0.3745492435212159
2026-06-24,FTNT,0.4857293111900125,0.41160926607748144
2026-06-25,FTNT,0.487167249698636,0.43679526061786633
2026-06-26,FTNT,0.3886752112891461,0.4207552441749596
2026-06-27,FTNT,0.4684473766451999,0.4366526216650397
2026-06-28,FTNT,0.388660824324725,0.42065535588493486
2026-06-29,FTNT,0.4604546313718199,0.4339217810472299
2026-06-30,FTNT,0.4177273582626914,0.4285236401190504
2026-07-01,FTNT,0.3963837564061611,0.4178103455480874
2026-07-02,FTNT,0.5265758678244077,0.45406551964019415
2026-07-03,FTNT,0.5562563623288289,0.4881291338697391
2026-07-04,FTNT,0.5562238129953004,0.5108273602449263
2026-07-05,FTNT,0.5562267673842037,0.5259604959580187
2026-07-06,FTNT,0.5561705446552112,0.5360305121904163
2026-07-07,FTNT,0.5991113888538707,0.5570574710782344
2026-07-08,FTNT,0.6083003197229927,0.5741384206264872
2026-07-09,FTNT,0.6083003197229927,0.5855257203253224
2026-07-10,FTNT,0.6083003197229927,0.5931172534578792
2026-07-11,FTNT,0.6083003197229927,0.5981782755462504
2026-07-12,FTNT,0.6083003197229927,0.6015522902718311
2026-05-13,GD,0.0350382100206087,0.030085892200404633
2026-05-22,GD,0.0415183019683813,0.033896695456396855
2026-05-23,GD,0.0486618724700012,0.0388184211275983
2026-05-24,GD,0.0485813055861287,0.04207271594710843
2026-05-25,GD,0.0485813048149433,0.044242245569720055
2026-05-26,GD,0.0485813046983999,0.04568859861261334
2026-05-27,GD,0.0722377360990521,0.05453831110809293
2026-06-01,GD,0.0404683475438433,0.049848323253343055
2026-06-02,GD,0.0271416226010912,0.04227942303592577
2026-06-03,GD,0.0210514817247882,0.03520344259887992
2026-06-04,GD,0.0275428490468688,0.03264991141487622
2026-06-05,GD,0.0189226686391276,0.028074163822960015
2026-06-06,GD,0.0278160298149776,0.027988119153632546
2026-06-07,GD,0.0276525535786169,0.027876263961960666
2026-06-08,GD,0.0276525535786169,0.027801693834179412
2026-06-09,GD,0.0291984454742201,0.028267277714192976
2026-06-10,GD,0.0316555225368167,0.02939669265506755
2026-06-11,GD,0.0146109336120087,0.02446810630738127
2026-06-12,GD,0.0506712581034813,0.033202490239414614
2026-06-13,GD,0.0495810346251347,0.03866200503465464
2026-06-14,GD,0.0495038717107435,0.042275960593350925
2026-06-15,GD,0.0495038720062085,0.04468526439763679
2026-06-16,GD,0.0455440718986845,0.044971533564652694
2026-06-17,GD,0.048200525850449,0.046047864326584795
2026-06-18,GD,0.0639053475389011,0.052000358730690234
2026-06-19,GD,0.0407004422539755,0.04823371990511866
2026-06-20,GD,0.0588759086776191,0.05178111616261881
2026-06-21,GD,0.0588759085389768,0.05414604695473814
2026-06-22,GD,0.0407004081074341,0.049664167338970125
2026-06-23,GD,0.0347938429722675,0.04470739255006925
2026-06-24,GD,0.0478081245702104,0.045740969890116306
2026-06-25,GD,0.0245682101301752,0.03868338330346927
2026-06-26,GD,0.0223954424581416,0.03325406968836005
2026-06-27,GD,0.0258703809957192,0.03079284012414643
2026-06-28,GD,0.0223625835766672,0.02798275460832002
2026-06-29,GD,0.0249275237562406,0.026964344324293548
2026-06-30,GD,0.0399818438176144,0.03130351082206717
2026-07-01,GD,0.0581265630616471,0.04024452823526048
2026-07-02,GD,0.05748457738336,0.04599121128462699
2026-07-03,GD,0.0766994410467112,0.0562272878719884
2026-07-04,GD,0.0800277189904738,0.06416076491148354
2026-07-05,GD,0.0801314575768997,0.06948432913328892
2026-07-06,GD,0.0802800255981186,0.07308289462156548
2026-07-07,GD,0.0826310697637292,0.07626561966895339
2026-07-08,GD,0.085378908142339,0.07930338249341526
2026-07-09,GD,0.1084754425911834,0.08902740252600463
2026-07-10,GD,0.1181252330652656,0.09872667937242496
2026-07-11,GD,0.1293349704335435,0.10892944305946448
2026-07-12,GD,0.1292615877135817,0.1157068246108369
2026-05-13,GE,-0.073657177380305,-0.059266472230031536
2026-05-22,GE,-0.1199843847998384,-0.07950577641996717
2026-05-23,GE,-0.1259753612455408,-0.09499563802849172
2026-05-24,GE,-0.1260642639224681,-0.10535184665981719
2026-05-25,GE,-0.126064264639869,-0.11225598598650113
2026-05-26,GE,-0.1260642648548146,-0.11685874560927229
2026-05-27,GE,-0.0904311721347638,-0.10804955445110279
2026-06-01,GE,-0.0672803405536519,-0.09445981648528583
2026-06-02,GE,-0.0467291220474833,-0.07854958500601833
2026-06-03,GE,-0.0692388085467385,-0.07544599285292505
2026-06-04,GE,-0.0544372577402821,-0.06844308114871074
2026-06-05,GE,-0.0370102882181401,-0.057965483505187196
2026-06-06,GE,-0.027866201905283,-0.04793238963855247
2026-06-07,GE,-0.0280188501731654,-0.04129454315009012
2026-06-08,GE,-0.0280188501731654,-0.03686931215778188
2026-06-09,GE,-0.0513347837311705,-0.041691136015578084
2026-06-10,GE,-0.0391451469799635,-0.04084247300370656
2026-06-11,GE,-0.0273240267774547,-0.03633632426162261
2026-06-12,GE,0.0105516941071435,-0.020706984805367243
2026-06-13,GE,0.0068047607292611,-0.011536402960491129
2026-06-14,GE,0.0067333791606808,-0.005446475586767153
2026-06-15,GE,0.0067333794235913,-0.0013865239166476694
2026-06-16,GE,0.0228181134118238,0.006681688526176155
2026-06-17,GE,0.0407386663745998,0.018034014475650704
2026-06-18,GE,0.0885029436099612,0.041523657520420865
2026-06-19,GE,0.0792342642450522,0.054093859761964645
2026-06-20,GE,0.0821243729536876,0.06343736415920563
2026-06-21,GE,0.0821243728456262,0.06966636705467916
2026-06-22,GE,0.0792342416638414,0.07285565859106657
2026-06-23,GE,0.0643175960285109,0.07000963773688135
2026-06-24,GE,0.0869023986526727,0.07564055804214515
2026-06-25,GE,0.096098561932639,0.08245989267230977
2026-06-26,GE,0.1038124243269643,0.08957740322386129
2026-06-27,GE,0.1075848183134524,0.09557987492039166
2026-06-28,GE,0.1037864682219485,0.09831540602091061
2026-06-29,GE,0.1043680650228107,0.10033295902154399
2026-06-30,GE,0.1206480696402804,0.10710466256112279
2026-07-01,GE,0.1105624912972069,0.1082572721398175
2026-07-02,GE,0.1129172908758278,0.1098106117184876
2026-07-03,GE,0.1730714407342905,0.13089755472375525
2026-07-04,GE,0.173010034741762,0.14493504806309085
2026-07-05,GE,0.173081192973636,0.1543170963666059
2026-07-06,GE,0.1731635585998879,0.16059925044436657
2026-07-07,GE,0.1475763701573353,0.1562582903486895
2026-07-08,GE,0.1363462556057694,0.1496209454343828
2026-07-09,GE,0.0763722727950633,0.12520472122127632
2026-07-10,GE,0.0594716492542294,0.10329369723226069
2026-07-11,GE,0.065990738265153,0.09085937757655814
2026-07-12,GE,0.06592800373489001,0.08254891962933544
2026-05-13,GEV,0.8224159482914879,0.830511290762906
2026-05-22,GEV,0.7812014884491638,0.8140746899916587
2026-05-23,GEV,0.7211024915794935,0.7830839571876036
2026-05-24,GEV,0.7210380784182492,0.7624019975978188
2026-05-25,GEV,0.7210380775428362,0.7486140242461581
2026-05-26,GEV,0.7210380776169838,0.7394220420364334
2026-05-27,GEV,0.7495719611917995,0.7428053484215554
2026-06-01,GEV,0.6567165244425313,0.7141090737618807
2026-06-02,GEV,0.660963859449096,0.6963940023242858
2026-06-03,GEV,0.6766165744657453,0.689801526371439
2026-06-04,GEV,0.6847031716729577,0.6881020748052786
2026-06-05,GEV,0.6708790623676398,0.6823610706593991
2026-06-06,GEV,0.6640921023499413,0.6762714145562465
2026-06-07,GEV,0.6639595692160588,0.6721674661095173
2026-06-08,GEV,0.6639595692160588,0.6694315004783645
2026-06-09,GEV,0.651084437316737,0.663315812757822
2026-06-10,GEV,0.628544829607901,0.6517254850411818
2026-06-11,GEV,0.591899704601816,0.6317835582280599
2026-06-12,GEV,0.6383120018847004,0.6339597061136067
2026-06-13,GEV,0.6461387317384951,0.6380193813219028
2026-06-14,GEV,0.6460698023981788,0.6407028550139948
2026-06-15,GEV,0.6460698026472809,0.6424918375584235
2026-06-16,GEV,0.656129138838571,0.647037604651806
2026-06-17,GEV,0.6411918894518777,0.6450890329184966
2026-06-18,GEV,0.6863643682814459,0.6588474780394797
2026-06-19,GEV,0.7295996093417597,0.6824315218069064
2026-06-20,GEV,0.7324132148713931,0.6990920861617353
2026-06-21,GEV,0.732413214771938,0.7101991290318029
2026-06-22,GEV,0.7295995896527429,0.7166659492387829
2026-06-23,GEV,0.7145604337193233,0.7159641107322965
2026-06-24,GEV,0.6469408202062193,0.6929563472236041
2026-06-25,GEV,0.6541985501509566,0.6800370815327217
2026-06-26,GEV,0.6889524555455231,0.6830088728703222
2026-06-27,GEV,0.6773945708258843,0.6811374388555096
2026-06-28,GEV,0.688925274181503,0.6837333839641742
2026-06-29,GEV,0.6747766871656611,0.6807478183646698
2026-06-30,GEV,0.7279563496415672,0.696483995456969
2026-07-01,GEV,0.7429380703872511,0.7119686871003965
2026-07-02,GEV,0.7216178029124447,0.715185059037746
2026-07-03,GEV,0.7154072401064968,0.7152591193939963
2026-07-04,GEV,0.715340417785123,0.7152862188577053
2026-07-05,GEV,0.7154243777222129,0.7153322718125412
2026-07-06,GEV,0.7155327560655335,0.715399099896872
2026-07-07,GEV,0.7451052746142491,0.7253011581359978
2026-07-08,GEV,0.68268156726965,0.7110946278472152
2026-07-09,GEV,0.6828275523071132,0.701672269333848
2026-07-10,GEV,0.647880946916013,0.683741828527903
2026-07-11,GEV,0.6325703999417234,0.6666846856658432
2026-07-12,GEV,0.632491436997286,0.6552869361096575
2026-05-13,GILD,0.0292570083052632,0.003898667732510133
2026-05-22,GILD,-0.0523174615985838,-0.01484004204452118
2026-05-23,GILD,-0.0175484647518209,-0.015742849613621088
2026-05-24,GILD,-0.0176343247777851,-0.016373341335009093
2026-05-25,GILD,-0.0176343255148179,-0.016793669394945362
2026-05-26,GILD,-0.0176343256938457,-0.017073888161245478
2026-05-27,GILD,-0.013833693783223,-0.015993823368571317
2026-06-01,GILD,-0.0118172892746068,-0.014601645337249811
2026-06-02,GILD,-0.0139713097459116,-0.014391533473470407
2026-06-03,GILD,-0.0315862931455372,-0.020123120030826006
2026-06-04,GILD,-0.0145801889679617,-0.018275476343204575
2026-06-05,GILD,-0.0206722573343812,-0.019074403340263453
2026-06-06,GILD,-0.0420676432443622,-0.0267388166416297
2026-06-07,GILD,-0.0422454061512911,-0.031907679811516834
2026-06-08,GILD,-0.0422454061512911,-0.035353588591441595
2026-06-09,GILD,-0.0518403357692089,-0.040849170984030694
2026-06-10,GILD,-0.0701164330013854,-0.0506049249898156
2026-06-11,GILD,-0.0915286768830168,-0.06424617562088267
2026-06-12,GILD,-0.0700050448276206,-0.06616579868979532
2026-06-13,GILD,-0.0690990962609984,-0.06714356454686302
2026-06-14,GILD,-0.0691873243909576,-0.06782481782822788
2026-06-15,GILD,-0.0691873240331847,-0.06827898656321349
2026-06-16,GILD,-0.065179036699814,-0.06724566994208032
2026-06-17,GILD,-0.0538442097823369,-0.06277851655549918
2026-06-18,GILD,-0.0506768381991036,-0.05874462377003399
2026-06-19,GILD,-0.0395548427700604,-0.05234803010337613
2026-06-20,GILD,-0.0362138588747024,-0.04696997302715156
2026-06-21,GILD,-0.0362138590334863,-0.04338460169592981
2026-06-22,GILD,-0.0395548823965554,-0.04210802859613834
2026-06-23,GILD,-0.0251235590176934,-0.036446538736656695
2026-06-24,GILD,-0.0363808509861544,-0.0364246428198226
2026-06-25,GILD,-0.0384468182338196,-0.03709870129115493
2026-06-26,GILD,-0.0287845927384643,-0.03432733177359139
2026-06-27,GILD,-0.0176129841048663,-0.02875588255068303
2026-06-28,GILD,-0.0288188028175903,-0.028776855972985453
2026-06-29,GILD,-0.0182098414216329,-0.02525451778920127
2026-06-30,GILD,-0.0248164198199871,-0.02510848513279655
2026-07-01,GILD,-0.0243167758866088,-0.02484458205073397
2026-07-02,GILD,-0.0446125286522367,-0.031433897584568216
2026-07-03,GILD,-0.0326843961483776,-0.031850730439171346
2026-07-04,GILD,-0.032766609258921,-0.0321560233790879
2026-07-05,GILD,-0.0326462725892465,-0.032319439782474105
2026-07-06,GILD,-0.0324639777139762,-0.03236761909297481
2026-07-07,GILD,-0.040014983411057,-0.03491674053233554
2026-07-08,GILD,-0.0061794982368902,-0.025337659767187094
2026-07-09,GILD,-0.0008923188301572,-0.017189212788177134
2026-07-10,GILD,-0.0079257268157499,-0.01410138413070139
2026-07-11,GILD,-0.0289114923807423,-0.019038086880715028
2026-07-12,GILD,-0.02903082833555145,-0.022369000698993835
2026-05-13,GLW,0.196168439182138,0.2504510818022572
2026-05-22,GLW,0.0452109406671416,0.18203770142388537
2026-05-23,GLW,0.0087576795575223,0.12427769413509769
2026-05-24,GLW,0.0087014042771207,0.08575226418243871
2026-05-25,GLW,0.0087014033492002,0.06006864390469255
2026-05-26,GLW,0.0087014035194136,0.04294623044293291
2026-05-27,GLW,-0.0376228916632992,0.01608985640752221
2026-06-01,GLW,-0.0991495706144903,-0.022323285933148626
2026-06-02,GLW,-0.0874983957880622,-0.044048322551453155
2026-06-03,GLW,0.0260770362563418,-0.020673202948854844
2026-06-04,GLW,0.0755825311925749,0.011412041764955066
2026-06-05,GLW,0.1226222747271772,0.04848211941902911
2026-06-06,GLW,0.0538536583875479,0.05027263240853538
2026-06-07,GLW,0.0537688612544966,0.05143804202385578
2026-06-08,GLW,0.0537688612544966,0.05221498176740272
2026-06-09,GLW,0.0411156849640871,0.04851521616629752
2026-06-10,GLW,0.0118241349420213,0.03628485575820545
2026-06-11,GLW,-0.0112213831709084,0.020449442781834165
2026-06-12,GLW,0.0098317435093895,0.01691020969101928
2026-06-13,GLW,0.0021098579547548,0.011976759112264453
2026-06-14,GLW,0.0020566041426221,0.008670040789050336
2026-06-15,GLW,0.0020566043034557,0.006465561960518791
2026-06-16,GLW,0.045210644911242,0.01938058961075986
2026-06-17,GLW,0.001230760135326,0.013330646452281906
2026-06-18,GLW,-0.0201432376115347,0.002172685097676372
2026-06-19,GLW,0.0943568799232714,0.03290075003954138
2026-06-20,GLW,0.0968216015296838,0.05420770053625552
2026-06-21,GLW,0.0968216014694775,0.06841233418066284
2026-06-22,GLW,0.0943568734237709,0.07706051392836552
2026-06-23,GLW,0.1080230402946588,0.0873813560504633
2026-06-24,GLW,0.0062601800274188,0.0603409640427818
2026-06-25,GLW,0.0400408859500382,0.05357427134520061
2026-06-26,GLW,0.1409231237827791,0.08269055549106011
2026-06-27,GLW,0.1210880028279665,0.09548970460336224
2026-06-28,GLW,0.1409053032761235,0.11062823749428266
2026-06-29,GLW,0.1154974271597734,0.11225130071611292
2026-06-30,GLW,0.2717854284491104,0.16542934329377873
2026-07-01,GLW,0.2378466463008378,0.18956844429613176
2026-07-02,GLW,0.1110827691067165,0.1634065525663267
2026-07-03,GLW,-0.0065803142878433,0.1067442636149367
2026-07-04,GLW,-0.0066422603084112,0.06894875564048741
2026-07-05,GLW,-0.0065698256991298,0.043775895193948346
2026-07-06,GLW,-0.0064848665086761,0.027022307959740203
2026-07-07,GLW,-0.0106085164706005,0.014478699816293305
2026-07-08,GLW,-0.0539409255610263,-0.008327841976146562
2026-07-09,GLW,-0.1293655648466604,-0.04867374959965117
2026-07-10,GLW,-0.1232297421622794,-0.07352574712052726
2026-07-11,GLW,-0.1449402569039794,-0.09733058371501131
2026-07-12,GLW,-0.14501552669477868,-0.11322556470826711
2026-05-13,GM,-0.2117400615072949,-0.20677851428040467
2026-05-22,GM,-0.1893442224750047,-0.2009670836786047
2026-05-23,GM,-0.1865512063898216,-0.19616179124901034
2026-05-24,GM,-0.1866325295362759,-0.19298537067809887
2026-05-25,GM,-0.1866325303025817,-0.19086775721959315
2026-05-26,GM,-0.1866325304280527,-0.18945601495574632
2026-05-27,GM,-0.1843239626037981,-0.18774533083843026
2026-06-01,GM,-0.1094535900874326,-0.16164808392143107
2026-06-02,GM,-0.1207220704114403,-0.14800607941810082
2026-06-03,GM,-0.1380547068644722,-0.14468895523355796
2026-06-04,GM,-0.1228092136926202,-0.13739570805324539
2026-06-05,GM,-0.1177658201839703,-0.13085241209682036
2026-06-06,GM,-0.1028641514071635,-0.12152299186693474
2026-06-07,GM,-0.1013168408255928,-0.11478760818648742
2026-06-08,GM,-0.1013168408255928,-0.11029735239952254
2026-06-09,GM,-0.0927922494660577,-0.10446231808836759
2026-06-10,GM,-0.0936130988504791,-0.1008459116757381
2026-06-11,GM,-0.1270425627363475,-0.10957812869594125
2026-06-12,GM,-0.1154168754118324,-0.11152437760123832
2026-06-13,GM,-0.1141838165063075,-0.11241085723626137
2026-06-14,GM,-0.1142540188512133,-0.11302524444124534
2026-06-15,GM,-0.114254018594943,-0.11343483582581124
2026-06-16,GM,-0.1060146717936612,-0.11096144781509457
2026-06-17,GM,-0.1204917187576804,-0.11413820479595652
2026-06-18,GM,-0.1387841048999492,-0.12235350483062075
2026-06-19,GM,-0.1438171100001429,-0.12950803988712814
2026-06-20,GM,-0.1407200238644075,-0.1332453678795546
2026-06-21,GM,-0.1407200239957535,-0.13573691991828757
2026-06-22,GM,-0.1438171404061113,-0.13843032674756214
2026-06-23,GM,-0.153378351956249,-0.14341300181712444
2026-06-24,GM,-0.1694980446888524,-0.15210801610770042
2026-06-25,GM,-0.1693411719204711,-0.157852401378624
2026-06-26,GM,-0.1697196894495355,-0.16180816406892784
2026-06-27,GM,-0.1619474384865363,-0.16185458887479734
2026-06-28,GM,-0.16975115000728,-0.16448677591895822
2026-06-29,GM,-0.163405078176491,-0.1641262100048025
2026-06-30,GM,-0.1678440672176628,-0.1653654957424226
2026-07-01,GM,-0.1699861536316329,-0.16690571503882604
2026-07-02,GM,-0.1903682263552333,-0.1747265521442951
2026-07-03,GM,-0.1694116220288207,-0.17295490877247033
2026-07-04,GM,-0.1694883731191611,-0.17179939688803392
2026-07-05,GM,-0.1693809461480152,-0.170993246641361
2026-07-06,GM,-0.1692248834292896,-0.1704037922373372
2026-07-07,GM,-0.159354373518886,-0.16672065266452016
2026-07-08,GM,-0.1722517240130879,-0.16856434311404275
2026-07-09,GM,-0.1899228684651514,-0.1756838515644123
2026-07-10,GM,-0.1862911297853536,-0.17921961097139275
2026-07-11,GM,-0.1783253598514299,-0.17892152726473848
2026-07-12,GM,-0.1784245198348876,-0.17875585812145486
2026-05-13,GOOG,0.2771015366269915,0.25755542698009926
2026-05-22,GOOG,0.2574511715592499,0.25752067517314947
2026-05-23,GOOG,0.2465953546228899,0.2538789016563963
2026-05-24,GOOG,0.2465341299466897,0.25143064441982743
2026-05-25,GOOG,0.2465341290507038,0.24979847263011956
2026-05-26,GOOG,0.2465341291624907,0.24871035814090997
2026-05-27,GOOG,0.2506061566165658,0.2493422909661286
2026-06-01,GOOG,0.2384823454593277,0.2457223091305283
2026-06-02,GOOG,0.2137483119954213,0.23506431008549267
2026-06-03,GOOG,0.1891157093812356,0.21974810985074034
2026-06-04,GOOG,0.1830682734683129,0.20752149772326456
2026-06-05,GOOG,0.1691953280178213,0.19474610782145016
2026-06-06,GOOG,0.2089768488809108,0.19948968817460372
2026-06-07,GOOG,0.2088575115457731,0.20261229596499353
2026-06-08,GOOG,0.2088575115457731,0.20469403449192008
2026-06-09,GOOG,0.1892306803145174,0.19953958309945255
2026-06-10,GOOG,0.1891191581973865,0.1960661081320972
2026-06-11,GOOG,0.1771472977951715,0.18975983801978866
2026-06-12,GOOG,0.1711373434119285,0.18355233981716862
2026-06-13,GOOG,0.1675482092178321,0.1782176296173898
2026-06-14,GOOG,0.1674820838137467,0.1746391143495088
2026-06-15,GOOG,0.1674820840470599,0.17225343758202583
2026-06-16,GOOG,0.1684116823536799,0.17097285250591052
2026-06-17,GOOG,0.1818851300509295,0.1746102783542502
2026-06-18,GOOG,0.1745798049816294,0.1746001205633766
2026-06-19,GOOG,0.1817488703308722,0.17698303715254182
2026-06-20,GOOG,0.1846608856141355,0.17954231997307307
2026-06-21,GOOG,0.1846608855036096,0.1812485084832519
2026-06-22,GOOG,0.181748846921486,0.1814152879626633
2026-06-23,GOOG,0.1480020593024034,0.17027754507591
2026-06-24,GOOG,0.180287070078131,0.17361405340998368
2026-06-25,GOOG,0.1806488100430926,0.17595897228768667
2026-06-26,GOOG,0.1616544612589033,0.17119080194475889
2026-06-27,GOOG,0.1618367804302946,0.1680727947732708
2026-06-28,GOOG,0.1616267688416474,0.16592411946272967
2026-06-29,GOOG,0.159236924247214,0.16369505439089113
2026-06-30,GOOG,0.1813287188417596,0.16957294254118063
2026-07-01,GOOG,0.1682118400098026,0.16911924169738796
2026-07-02,GOOG,0.1734644639033339,0.17056764909936994
2026-07-03,GOOG,0.1803568655203642,0.17383072123970136
2026-07-04,GOOG,0.1802885200838156,0.1759833208544061
2026-07-05,GOOG,0.180376079963235,0.17744757389068241
2026-07-06,GOOG,0.1804917732915285,0.17846230702429777
2026-07-07,GOOG,0.1903392677173254,0.18242129392197365
2026-07-08,GOOG,0.1793889273420773,0.1814105050620082
2026-07-09,GOOG,0.1651240922254861,0.17598170078316752
2026-07-10,GOOG,0.1454270039250543,0.16579680183046314
2026-07-11,GOOG,0.1365572453088177,0.15605028298991466
2026-07-12,GOOG,0.13648415756937907,0.14952824118306945
2026-05-13,GOOGL,0.2864996538956118,0.2628487742306311
2026-05-22,GOOGL,0.2677916901967329,0.26449641288599834
2026-05-23,GOOGL,0.2546236549813994,0.2612054935844654
2026-05-24,GOOGL,0.2545633674028889,0.2589914515239399
2026-05-25,GOOGL,0.2545633665008566,0.2575154231829121
2026-05-26,GOOGL,0.2545633666237057,0.25653140432984334
2026-05-27,GOOGL,0.259678138272097,0.2575803156439279
2026-06-01,GOOGL,0.2457371697004554,0.2536326003294371
2026-06-02,GOOGL,0.2201684280471147,0.24247787623532963
2026-06-03,GOOGL,0.1958708361404936,0.22694219620371764
2026-06-04,GOOGL,0.1886415991099503,0.2141753305057952
2026-06-05,GOOGL,0.2048361932099334,0.21106228474050798
2026-06-06,GOOGL,0.2136140447358289,0.21191287140561496
2026-06-07,GOOGL,0.2134961569540533,0.21244063325509444
2026-06-08,GOOGL,0.2134961569540533,0.21279247448808075
2026-06-09,GOOGL,0.1928573552705062,0.20614743474888925
2026-06-10,GOOGL,0.192208522254523,0.20150113058410052
2026-06-11,GOOGL,0.1827469810554944,0.1952497474078985
2026-06-12,GOOGL,0.1708716825791037,0.18712372579830025
2026-06-13,GOOGL,0.1671392105628779,0.18046222071982615
2026-06-14,GOOGL,0.1670731262023757,0.17599918921400934
2026-06-15,GOOGL,0.1670731264354577,0.17302383495449214
2026-06-16,GOOGL,0.1685097395260777,0.17151913647835398
2026-06-17,GOOGL,0.1821004975038659,0.1750462568201913
2026-06-18,GOOGL,0.1738569209233643,0.17464981152124898
2026-06-19,GOOGL,0.1767762591019786,0.17535862738149222
2026-06-20,GOOGL,0.1796977743032059,0.17680500968873014
2026-06-21,GOOGL,0.1796977741916113,0.17776926452302386
2026-06-22,GOOGL,0.1767762353334491,0.1774382547931656
2026-06-23,GOOGL,0.1423136297286658,0.16573004643833233
2026-06-24,GOOGL,0.1763120346292251,0.1692573758352966
2026-06-25,GOOGL,0.1767791741429381,0.17176464193784377
2026-06-26,GOOGL,0.1633861694113922,0.16897181776235992
2026-06-27,GOOGL,0.1653562023381244,0.16776661262094808
2026-06-28,GOOGL,0.1633585746075238,0.16629726661647332
2026-06-29,GOOGL,0.1627013971807555,0.16509864347123404
2026-06-30,GOOGL,0.1841587181364122,0.1714520016929601
2026-07-01,GOOGL,0.1732964831016613,0.17206682882919383
2026-07-02,GOOGL,0.1733117498123565,0.17248180249024805
2026-07-03,GOOGL,0.1847938363920057,0.17658581379083393
2026-07-04,GOOGL,0.1847258711023594,0.1792991662280091
2026-07-05,GOOGL,0.1848125324896963,0.18113695498190485
2026-07-06,GOOGL,0.1849264001064974,0.18240010335676904
2026-07-07,GOOGL,0.1865183816317446,0.18377286278176092
2026-07-08,GOOGL,0.1826507971467614,0.18339884090342776
2026-07-09,GOOGL,0.1650377611554283,0.17727848098742793
2026-07-10,GOOGL,0.1452720762558262,0.16660967941022736
2026-07-11,GOOGL,0.1368460283136462,0.15668846237803366
2026-07-12,GOOGL,0.13677328689533597,0.15005007055046776
2026-05-13,GRMN,0.1250204905145662,0.1290466638452232
2026-05-22,GRMN,-0.0211373863493462,0.07898531378036674
2026-05-23,GRMN,-0.0284780624760079,0.043164188361575206
2026-05-24,GRMN,-0.0285602505378796,0.01925604206175694
2026-05-25,GRMN,-0.0285602512986048,0.00331727760830303
2026-05-26,GRMN,-0.0285602514342859,-0.007308565405893279
2026-05-27,GRMN,-0.0328341002973592,-0.015817077036381917
2026-06-01,GRMN,-0.0445805540198282,-0.02540490269753068
2026-06-02,GRMN,-0.0267228996416762,-0.025844235012245854
2026-06-03,GRMN,-0.018891100841056,-0.023526523621849236
2026-06-04,GRMN,-0.002458264241274,-0.016503770494990827
2026-06-05,GRMN,-0.0127829452921877,-0.015263495427389785
2026-06-06,GRMN,-0.0218818902064799,-0.017469627020419824
2026-06-07,GRMN,-0.0220421098190159,-0.018993787953285185
2026-06-08,GRMN,-0.0220421098190159,-0.020009895241862093
2026-06-09,GRMN,-0.0223119422178876,-0.020777244233870597
2026-06-10,GRMN,-0.0084367289418315,-0.016663739136524233
2026-06-11,GRMN,-0.0311464741215841,-0.02149131746487752
2026-06-12,GRMN,-0.0138337217590194,-0.018938785562924814
2026-06-13,GRMN,-0.0171024173339593,-0.01832666281993631
2026-06-14,GRMN,-0.0171800991889726,-0.01794447494294841
2026-06-15,GRMN,-0.0171800988905855,-0.017689682925494107
2026-06-16,GRMN,-0.0167885624871239,-0.017389309446037372
2026-06-17,GRMN,-0.0244619224526993,-0.019746847114924682
2026-06-18,GRMN,-0.0324771162076645,-0.023990270145837954
2026-06-19,GRMN,-0.0238520352080904,-0.023944191833255437
2026-06-20,GRMN,-0.0333337920985575,-0.02707405858835613
2026-06-21,GRMN,-0.0333337922449622,-0.029160636473891485
2026-06-22,GRMN,-0.0238520695834017,-0.02739111417706156
2026-06-23,GRMN,-0.0263056890329214,-0.027029305795681507
2026-06-24,GRMN,-0.034519713482367,-0.029526108357910006
2026-06-25,GRMN,-0.034949313022095,-0.031333843245971674
2026-06-26,GRMN,-0.0248914875044024,-0.02918639133211525
2026-06-27,GRMN,-0.0299815434711944,-0.029451442045141635
2026-06-28,GRMN,-0.0249237790064138,-0.02794222103223236
2026-06-29,GRMN,-0.0310015315185435,-0.028961991194336074
2026-06-30,GRMN,-0.0152705205271003,-0.024398167638590817
2026-07-01,GRMN,-0.0082879032150619,-0.019028079497414516
2026-07-02,GRMN,-0.0265809912163054,-0.021545716737044814
2026-07-03,GRMN,-0.0287544008925604,-0.02394861145555001
2026-07-04,GRMN,-0.0288330139411375,-0.025576745617412508
2026-07-05,GRMN,-0.0287211861588237,-0.026624892464549577
2026-07-06,GRMN,-0.0285561811114121,-0.027268655346837086
2026-07-07,GRMN,-0.0268625404388702,-0.027133283710848125
2026-07-08,GRMN,-0.0153700888746227,-0.02321221876543965
2026-07-09,GRMN,-0.0449389492755353,-0.03045446226880487
2026-07-10,GRMN,-0.0517628177524287,-0.03755724743001281
2026-07-11,GRMN,-0.0664272739463507,-0.04718058960212544
2026-07-12,GRMN,-0.06654403052814097,-0.053635069910797285
2026-05-13,GS,-0.6135584320874082,-0.6098558571377838
2026-05-22,GS,-0.5302827661270848,-0.5833314934675509
2026-05-23,GS,-0.5340522622181096,-0.5669050830510705
2026-05-24,GS,-0.5341223912718089,-0.55597751912465
2026-05-25,GS,-0.5341223921103416,-0.5486924767865472
2026-05-26,GS,-0.5341223921036689,-0.5438357818922545
2026-05-27,GS,-0.5528674953464084,-0.5468463530436392
2026-06-01,GS,-0.4845461848039368,-0.5260796302970717
2026-06-02,GS,-0.4904413735596238,-0.5142002113845892
2026-06-03,GS,-0.4773523980691407,-0.5019176069461064
2026-06-04,GS,-0.4745283112279248,-0.49278784170671264
2026-06-05,GS,-0.4415902987766121,-0.4757219940633458
2026-06-06,GS,-0.4464650479705165,-0.4659696786990694
2026-06-07,GS,-0.4465733165574452,-0.45950422465186136
2026-06-08,GS,-0.4465733165574452,-0.45519392195372266
2026-06-09,GS,-0.4522926005541703,-0.45422681482053856
2026-06-10,GS,-0.4472181294968325,-0.45189058637930324
2026-06-11,GS,-0.4388616643477651,-0.4475476123687906
2026-06-12,GS,-0.4288527560144318,-0.44131599358400436
2026-06-13,GS,-0.420866758391927,-0.43449958185331194
2026-06-14,GS,-0.4209211492695206,-0.4299734376587149
2026-06-15,GS,-0.4209211491022842,-0.42695600813990464
2026-06-16,GS,-0.434652229075186,-0.4295214151183318
2026-06-17,GS,-0.4167580021553467,-0.4252669441306701
2026-06-18,GS,-0.4035254981828203,-0.4180197954813869
2026-06-19,GS,-0.4429357128455136,-0.42632510126942913
2026-06-20,GS,-0.4401875892114466,-0.430945930583435
2026-06-21,GS,-0.440187589303535,-0.434026483490135
2026-06-22,GS,-0.442935730058995,-0.4369962323464217
2026-06-23,GS,-0.4540567834892257,-0.4426830827273564
2026-06-24,GS,-0.4405788868149224,-0.4419816840898784
2026-06-25,GS,-0.4546348914047995,-0.4461994198615188
2026-06-26,GS,-0.4817059937952522,-0.4580349445060966
2026-06-27,GS,-0.4944502253078882,-0.4701733714400272
2026-06-28,GS,-0.4817319814041897,-0.47402624142808136
2026-06-29,GS,-0.4974455338414889,-0.48183267223255055
2026-06-30,GS,-0.5152359438160853,-0.4929670960937288
2026-07-01,GS,-0.5358406706025122,-0.5072582875966566
2026-07-02,GS,-0.5287368158153465,-0.5144177970028866
2026-07-03,GS,-0.5227641973656015,-0.5171999304571249
2026-07-04,GS,-0.5228337007215521,-0.5190778538786007
2026-07-05,GS,-0.5264936220724357,-0.5215497766098791
2026-07-06,GS,-0.5263710551609292,-0.5231568694602292
2026-07-07,GS,-0.502596212295095,-0.5163033170718512
2026-07-08,GS,-0.5001541579492443,-0.5109202640309822
2026-07-09,GS,-0.5250676430915215,-0.515636057051162
2026-07-10,GS,-0.5099850538908719,-0.5137523893310654
2026-07-11,GS,-0.518036282287579,-0.5151803536499033
2026-07-12,GS,-0.5180987962744209,-0.5161531678580759
2026-05-13,GWW,0.0410615437891917,0.031526363381644766
2026-05-22,GWW,0.0917320516473608,0.05159492613688345
2026-05-23,GWW,0.0896108582620545,0.06426690351194048
2026-05-24,GWW,0.0895406669768368,0.07269149133357258
2026-05-25,GWW,0.0895406661387056,0.0783078829352836
2026-05-26,GWW,0.0895406661446437,0.0820521440050703
2026-05-27,GWW,0.0973625861433884,0.08715562471784301
2026-06-01,GWW,0.0621837890754918,0.07883167950372594
2026-06-02,GWW,0.0560539363922514,0.07123909846656776
2026-06-03,GWW,0.0716888055759309,0.07138900083635548
2026-06-04,GWW,0.0763185648332222,0.07303218883531105
2026-06-05,GWW,0.08430779791964,0.07679072519675403
2026-06-06,GWW,0.1170853933427314,0.09022228124541315
2026-06-07,GWW,0.1169609078878373,0.09913515679288787
2026-06-08,GWW,0.1169609078878373,0.10507707382453768
2026-06-09,GWW,0.1198304079121252,0.10999485185373353
2026-06-10,GWW,0.1344040165336525,0.11813124008037319
2026-06-11,GWW,0.1438814584146695,0.1267146461918053
2026-06-12,GWW,0.1266382363512301,0.1266891762449469
2026-06-13,GWW,0.138167263903008,0.13051520546430062
2026-06-14,GWW,0.1381058170662893,0.1330454093316302
2026-06-15,GWW,0.1381058172732576,0.13473221197883933
2026-06-16,GWW,0.1256347091157807,0.13169971102448647
2026-06-17,GWW,0.1439450580445476,0.13578149336450684
2026-06-18,GWW,0.1514309271845981,0.14099797130453728
2026-06-19,GWW,0.1574473535064577,0.14648109870517742
2026-06-20,GWW,0.1289587870336063,0.14064032814798705
2026-06-21,GWW,0.1289587869274119,0.13674648107446202
2026-06-22,GWW,0.1574473342445523,0.14364676546449212
2026-06-23,GWW,0.1354919693622985,0.14092850009709423
2026-06-24,GWW,0.136358028331365,0.13940500950851784
2026-06-25,GWW,0.1467168103962842,0.14184227647110664
2026-06-26,GWW,0.1384565796196825,0.14071371085396528
2026-06-27,GWW,0.1343009026283081,0.13857610811207954
2026-06-28,GWW,0.1384304332226897,0.13852754981561627
2026-06-29,GWW,0.131248051622726,0.13610105041798617
2026-06-30,GWW,0.1161622459629658,0.12945478226631274
2026-07-01,GWW,0.1143642070726878,0.12442459053510443
2026-07-02,GWW,0.1082006507374995,0.11901661060256946
2026-07-03,GWW,0.113004924910264,0.11701271537180098
2026-07-04,GWW,0.1129362609984795,0.1156538972473605
2026-07-05,GWW,0.1130245736065836,0.11477745603376821
2026-07-06,GWW,0.1131417964591064,0.11423223617554762
2026-07-07,GWW,0.1289218457214004,0.11912877269083189
2026-07-08,GWW,0.1394076532624041,0.1258883995480226
2026-07-09,GWW,0.1341992487718388,0.12865868262262803
2026-07-10,GWW,0.1129169758621804,0.12341144703581217
2026-07-11,GWW,0.1129187397680749,0.11991387794656641
2026-07-12,GWW,0.11285839857092002,0.11756205148801763
2026-05-13,HAL,-0.0356666196296353,-0.047355116888122176
2026-05-22,HAL,-0.0391556732642661,-0.04462196901350349
2026-05-23,HAL,-0.0659074425870781,-0.05171712687136169
2026-05-24,HAL,-0.0659732368923631,-0.05646916354502883
2026-05-25,HAL,-0.0659732377588646,-0.059637188282974096
2026-05-26,HAL,-0.0659732377010212,-0.06174920475565647
2026-05-27,HAL,-0.0628761975665165,-0.06212486902594315
2026-06-01,HAL,-0.1267571659975841,-0.08366896801649014
2026-06-02,HAL,-0.1178070484724944,-0.09504832816849157
2026-06-03,HAL,-0.0901170220396085,-0.09340455945886389
2026-06-04,HAL,-0.0759977661550245,-0.08760229502425076
2026-06-05,HAL,-0.0818364847711187,-0.08568035827320675
2026-06-06,HAL,-0.1027349433800167,-0.09136521997547672
2026-06-07,HAL,-0.1028655559588207,-0.09519866530325806
2026-06-08,HAL,-0.1028655559588207,-0.09775429552177894
2026-06-09,HAL,-0.0976962605768784,-0.09773495054014544
2026-06-10,HAL,-0.1299977211762717,-0.1084892074188542
2026-06-11,HAL,-0.107473633454983,-0.10815068276423048
2026-06-12,HAL,-0.0972442023580123,-0.1045151892954911
2026-06-13,HAL,-0.1105016227391943,-0.10651066711005884
2026-06-14,HAL,-0.1105686721583015,-0.10786333545947308
2026-06-15,HAL,-0.1105686719197853,-0.10876511427957716
2026-06-16,HAL,-0.1697607610651492,-0.12909699654143453
2026-06-17,HAL,-0.2078706179134983,-0.15535487033212247
2026-06-18,HAL,-0.2277715311208302,-0.17949375726169173
2026-06-19,HAL,-0.2460379810324912,-0.20167516518529155
2026-06-20,HAL,-0.2427666148154925,-0.21537231506202523
2026-06-21,HAL,-0.2427666149664446,-0.22450374836349837
2026-06-22,HAL,-0.246038018027098,-0.2316818382513649
2026-06-23,HAL,-0.2475047268553517,-0.23695613445269384
2026-06-24,HAL,-0.2646272614191061,-0.24617984344149793
2026-06-25,HAL,-0.2954702120487358,-0.2626099663105772
2026-06-26,HAL,-0.2730377455276626,-0.26608589271627237
2026-06-27,HAL,-0.3192585163038047,-0.28381010057878314
2026-06-28,HAL,-0.2730722317802294,-0.2802308109792652
2026-06-29,HAL,-0.3190310688532283,-0.29316423027058625
2026-06-30,HAL,-0.2933784802549039,-0.2932356469320255
2026-07-01,HAL,-0.2816416688854159,-0.2893709875831556
2026-07-02,HAL,-0.3014997064912042,-0.2934138938858385
2026-07-03,HAL,-0.32636194547346,-0.304396577748379
2026-07-04,HAL,-0.3264482777367212,-0.3117471444111598
2026-07-05,HAL,-0.3263182052883782,-0.31660416470356595
2026-07-06,HAL,-0.3261161275754564,-0.31977481899419613
2026-07-07,HAL,-0.3182143913576441,-0.3192546764486788
2026-07-08,HAL,-0.3341987495541335,-0.32423603415049707
2026-07-09,HAL,-0.2715122354128076,-0.30666143457126727
2026-07-10,HAL,-0.2831084714761325,-0.29881044687288905
2026-07-11,HAL,-0.2826301872046673,-0.2934170269834818
2026-07-12,HAL,-0.28275489235796686,-0.2898629821083102
2026-05-13,HBAN,-0.1353404736045654,-0.14356735034359813
2026-05-22,HBAN,-0.0891315220578076,-0.12542207424833463
2026-05-23,HBAN,-0.0812036846597102,-0.11068261105212648
2026-05-24,HBAN,-0.0812871549200633,-0.10088412567477209
2026-05-25,HBAN,-0.0812871556725154,-0.09435180234068653
2026-05-26,HBAN,-0.0812871558233326,-0.08999692016823523
2026-05-27,HBAN,-0.0818355450514707,-0.08727646179598039
2026-06-01,HBAN,-0.0496861549033157,-0.07474635949842551
2026-06-02,HBAN,-0.0636234768257032,-0.0710387319408514
2026-06-03,HBAN,-0.0530678865929536,-0.0650484501582188
2026-06-04,HBAN,-0.060136213379965,-0.06341103789880087
2026-06-05,HBAN,-0.0387001581560382,-0.055174077984546654
2026-06-06,HBAN,-0.0226241329201462,-0.04432409629641317
2026-06-07,HBAN,-0.0227736870524985,-0.03714062654844162
2026-06-08,HBAN,-0.0227736870524985,-0.03235164671646058
2026-06-09,HBAN,-0.0202653360605,-0.028322876497807056
2026-06-10,HBAN,0.0056839855929643,-0.016987255800883273
2026-06-11,HBAN,0.009841636806671,-0.008044291598365184
2026-06-12,HBAN,0.0258325680814372,0.003247994961568944
2026-06-13,HBAN,0.0366338233595774,0.014376604427571762
2026-06-14,HBAN,0.0365663550290273,0.02177318796139028
2026-06-15,HBAN,0.0365663552699024,0.02670424373089432
2026-06-16,HBAN,0.0144211608586481,0.022609882773478914
2026-06-17,HBAN,0.019485083452728,0.02156828299989528
2026-06-18,HBAN,0.006664431293541,0.01660033243111052
2026-06-19,HBAN,0.0028270369923525,0.012009233951524515
2026-06-20,HBAN,0.0058762279086515,0.009964898603900178
2026-06-21,HBAN,0.0058762277826936,0.008602008330164654
2026-06-22,HBAN,0.0028270083970573,0.0066770083524622026
2026-06-23,HBAN,0.0060693805928992,0.006474465765941202
2026-06-24,HBAN,0.0210463014818771,0.011331744337919836
2026-06-25,HBAN,0.0284506600050902,0.017038049560309958
2026-06-26,HBAN,0.0261563226122605,0.02007747391096014
2026-06-27,HBAN,0.0334555537827489,0.02453683386822306
2026-06-28,HBAN,0.02612759505133,0.025067087595925373
2026-06-29,HBAN,0.0311051672055506,0.027079780799133785
2026-06-30,HBAN,0.0260023793020366,0.02672064696676806
2026-07-01,HBAN,0.011952430310198,0.021797908081244707
2026-07-02,HBAN,0.024595881697619,0.022730565953369475
2026-07-03,HBAN,0.0218437222507296,0.02243495138582285
2026-07-04,HBAN,0.021771758902909,0.02221388722485157
2026-07-05,HBAN,0.0218678698572214,0.022098548102308182
2026-07-06,HBAN,0.0220009387372925,0.022066011647302954
2026-07-07,HBAN,0.0153421685844694,0.019824730626358436
2026-07-08,HBAN,0.0292824501475957,0.022977303800104192
2026-07-09,HBAN,0.0046461372176827,0.01686691493929703
2026-07-10,HBAN,0.0011372792839032,0.011623703054165754
2026-07-11,HBAN,0.0088873402703963,0.010711582126242604
2026-07-12,HBAN,0.008808158702561027,0.010077107651682078
2026-05-13,HCA,-0.3222018516312398,-0.2638185970595563
2026-05-22,HCA,-0.5329880547940399,-0.3535417496377175
2026-05-23,HCA,-0.5125578955589926,-0.4065471316114759
2026-05-24,HCA,-0.512657100433011,-0.4419171212186543
2026-05-25,HCA,-0.5126571010839397,-0.4654971145070828
2026-05-26,HCA,-0.5126571014205005,-0.4812171101448887
2026-05-27,HCA,-0.5206686567729274,-0.4943676256875683
2026-06-01,HCA,-0.5071610214651273,-0.4986320909467547
2026-06-02,HCA,-0.5031644333363611,-0.5001428717432902
2026-06-03,HCA,-0.5140493084628193,-0.5047783506497999
2026-06-04,HCA,-0.5059136866939322,-0.505156795997844
2026-06-05,HCA,-0.5151890981155591,-0.5085008967037491
2026-06-06,HCA,-0.5544371048279719,-0.52381296607849
2026-06-07,HCA,-0.554653050510008,-0.5340929942223294
2026-06-08,HCA,-0.554653050510008,-0.5409463463182222
2026-06-09,HCA,-0.5521845169489611,-0.5446924031951352
2026-06-10,HCA,-0.5604570966737838,-0.5499473010213515
2026-06-11,HCA,-0.5623759455797414,-0.5540901825408149
2026-06-12,HCA,-0.5433215349411856,-0.5505006333409385
2026-06-13,HCA,-0.5213323515874827,-0.5407778727564532
2026-06-14,HCA,-0.5214295359942479,-0.5343284271690514
2026-06-15,HCA,-0.5214295355860424,-0.5300287966413817
2026-06-16,HCA,-0.4937957636865812,-0.5179511189897816
2026-06-17,HCA,-0.5002816279025383,-0.5120612886273672
2026-06-18,HCA,-0.4975247916165854,-0.5072157896237733
2026-06-19,HCA,-0.4949369998660597,-0.5031228597045355
2026-06-20,HCA,-0.4914009278420188,-0.49921554908369664
2026-06-21,HCA,-0.4914009280227498,-0.4966106753967144
2026-06-22,HCA,-0.4949370468678389,-0.4960527992204226
2026-06-23,HCA,-0.4791749002862154,-0.4904268329090202
2026-06-24,HCA,-0.4787820706388768,-0.4865452454856391
2026-06-25,HCA,-0.4799852484381931,-0.4843585798031571
2026-06-26,HCA,-0.4544155742064,-0.4743775779375714
2026-06-27,HCA,-0.4623551690143559,-0.4703701082964996
2026-06-28,HCA,-0.4544519673416021,-0.46506406131153377
2026-06-29,HCA,-0.4619898483641649,-0.46403932366241085
2026-06-30,HCA,-0.4421091368023648,-0.4567292613757289
2026-07-01,HCA,-0.4399076512366414,-0.4511220579960331
2026-07-02,HCA,-0.4604854432338509,-0.45424318640863903
2026-07-03,HCA,-0.4553880697153248,-0.4546248141775343
2026-07-04,HCA,-0.4554741628046087,-0.45490793038655913
2026-07-05,HCA,-0.4553446556533222,-0.4550535054754802
2026-07-06,HCA,-0.4551437266086554,-0.45508357918653863
2026-07-07,HCA,-0.4568226546116251,-0.4556632709949008
2026-07-08,HCA,-0.4717570138389856,-0.4610278519429291
2026-07-09,HCA,-0.49465125381228,-0.4722356525660461
2026-07-10,HCA,-0.4894894959927547,-0.4779869337082823
2026-07-11,HCA,-0.4894211808654747,-0.48179834942734645
2026-07-12,HCA,-0.489570017405909,-0.48438890542020063
2026-05-13,HD,0.2714659036966447,0.2944078402216587
2026-05-22,HD,0.3035418864274549,0.2974525222902574
2026-05-23,HD,0.2956329415988411,0.2968459953931187
2026-05-24,HD,0.2955393881063621,0.29641045963086654
2026-05-25,HD,0.2955393874189694,0.2961201022269008
2026-05-26,HD,0.295539387149122,0.2959265305343079
2026-05-27,HD,0.3117007120983088,0.30118459105564155
2026-06-01,HD,0.34712325788112,0.3164974799974677
2026-06-02,HD,0.3486798451287365,0.32722493504122396
2026-06-03,HD,0.3444822292898647,0.3329773664574376
2026-06-04,HD,0.3580242321973532,0.3413263217040762
2026-06-05,HD,0.351227761588737,0.3446268016656298
2026-06-06,HD,0.3474957620392566,0.3455831217901721
2026-06-07,HD,0.3473190673794595,0.34616177031993456
2026-06-08,HD,0.3473190673794595,0.3465475360064429
2026-06-09,HD,0.3420457065754628,0.3450469261961162
2026-06-10,HD,0.3624837113272957,0.3508591879065094
2026-06-11,HD,0.3716974263721203,0.35780526739504637
2026-06-12,HD,0.3822137131416426,0.36594141597724517
2026-06-13,HD,0.3824452015306636,0.3714426778283847
2026-06-14,HD,0.3823641120906382,0.37508315591580255
2026-06-15,HD,0.3823641124082134,0.3775101414132729
2026-06-16,HD,0.3897059873660418,0.38157542339752926
2026-06-17,HD,0.4114024777460469,0.39151777484703515
2026-06-18,HD,0.4082598757863731,0.39709847516014785
2026-06-19,HD,0.4292167904692245,0.40780458026317346
2026-06-20,HD,0.4323688630278528,0.41599267451806665
2026-06-21,HD,0.4323688628903209,0.42145140397548475
2026-06-22,HD,0.4292167579845007,0.4240398553118234
2026-06-23,HD,0.4047432521400292,0.4176076542545587
2026-06-24,HD,0.3984442842958066,0.41121986426830803
2026-06-25,HD,0.431953937426388,0.41813122198766806
2026-06-26,HD,0.4369374483648975,0.4243999641134112
2026-06-27,HD,0.4473073774680095,0.432035768564944
2026-06-28,HD,0.4369063532678247,0.4336592967992376
2026-06-29,HD,0.4456963512762179,0.43767164829156435
2026-06-30,HD,0.4435486491869892,0.4396306485900393
2026-07-01,HD,0.4503523674076143,0.4432045548625643
2026-07-02,HD,0.4471286393955914,0.44451258304024
2026-07-03,HD,0.4790214746230978,0.4560155469011926
2026-07-04,HD,0.4789484527955826,0.4636598488659893
2026-07-05,HD,0.4790470655080813,0.46878892108002
2026-07-06,HD,0.4791852178927934,0.4722543533509445
2026-07-07,HD,0.4512665374063738,0.4652584147027543
2026-07-08,HD,0.452948091148641,0.4611549735180499
2026-07-09,HD,0.4128026077905748,0.44503751827555826
2026-07-10,HD,0.4098492662753011,0.43330810094213923
2026-07-11,HD,0.4223081308995279,0.4296414442612688
2026-07-12,HD,0.42221006620537305,0.42716431824263695
2026-05-13,HIG,0.0875916569950409,0.09401555823074592
2026-05-22,HIG,0.1112981977844885,0.09977643808199345
2026-05-23,HIG,0.1103946493521644,0.10331584183871712
2026-05-24,HIG,0.1103133615393194,0.10564834840558456
2026-05-25,HIG,0.1103133607727856,0.10720335252798491
2026-05-26,HIG,0.1103133606477317,0.10824002190123386
2026-05-27,HIG,0.1074681389707199,0.10798272759106255
2026-06-01,HIG,0.0698280517408,0.0952645023076417
2026-06-02,HIG,0.0740235917451585,0.08818419878681397
2026-06-03,HIG,0.0730869595705722,0.08315178571473339
2026-06-04,HIG,0.0772825562071919,0.08119537587888623
2026-06-05,HIG,0.0733124799630992,0.07856774390695723
2026-06-06,HIG,0.0969752573485713,0.08470358172082859
2026-06-07,HIG,0.0968119530698854,0.08873970550384752
2026-06-08,HIG,0.0968119530698854,0.09143045469252681
2026-06-09,HIG,0.0781591626681427,0.08700669068439877
2026-06-10,HIG,0.0846273621985454,0.08621358118911432
2026-06-11,HIG,0.0843249877863066,0.08558405005484508
2026-06-12,HIG,0.0826952930450147,0.0846211310515683
2026-06-13,HIG,0.0822778282114641,0.0838400301048669
2026-06-14,HIG,0.0821967898446983,0.08329228335147737
2026-06-15,HIG,0.0821967901619859,0.08292711895498021
2026-06-16,HIG,0.0832664394903346,0.08304022580009834
2026-06-17,HIG,0.0879534840211797,0.0846779785404588
2026-06-18,HIG,0.0985324482484707,0.08929613510979612
2026-06-19,HIG,0.082561017359146,0.08705109585957942
2026-06-20,HIG,0.097602369255235,0.09056818699146461
2026-06-21,HIG,0.0976023691089668,0.09291291436396534
2026-06-22,HIG,0.0825609809247549,0.08946226988422853
2026-06-23,HIG,0.0852628111289519,0.08806245029913633
2026-06-24,HIG,0.0891931519709623,0.08843935085641166
2026-06-25,HIG,0.0997782962123655,0.09221899930839628
2026-06-26,HIG,0.0889278978130215,0.09112196547660469
2026-06-27,HIG,0.1015935620446015,0.09461249766593696
2026-06-28,HIG,0.088894961864274,0.09270665239871598
2026-06-29,HIG,0.1005585912656069,0.09532396535434629
2026-06-30,HIG,0.0937565260283632,0.0948014855790186
2026-07-01,HIG,0.0988915002254651,0.09616482379450078
2026-07-02,HIG,0.1002649268890588,0.09753152482602012
2026-07-03,HIG,0.1034772014332302,0.09951341702842348
2026-07-04,HIG,0.1033987216439307,0.1008085185669259
2026-07-05,HIG,0.1000578154105099,0.1005582841814539
2026-07-06,HIG,0.1002233887413898,0.10044665236809922
2026-07-07,HIG,0.0996496037494169,0.10018096949520511
2026-07-08,HIG,0.1097946274628323,0.10338552215108085
2026-07-09,HIG,0.1110952000979919,0.1059554148000512
2026-07-10,HIG,0.1009165239750189,0.10427578452504045
2026-07-11,HIG,0.1145600851622503,0.10770388473744374
2026-07-12,HIG,0.11445971736104163,0.10995582894530971
2026-05-13,HLT,-0.3212479791247574,-0.3086281145317993
2026-05-22,HLT,-0.2729019242512326,-0.29671938443827706
2026-05-23,HLT,-0.2781190753854438,-0.29051928142066596
2026-05-24,HLT,-0.2778339817936586,-0.2862908482116635
2026-05-25,HLT,-0.2778339825890484,-0.2834718930041251
2026-05-26,HLT,-0.2778339826613084,-0.28159258955651956
2026-05-27,HLT,-0.2708920367961866,-0.27802573863640856
2026-06-01,HLT,-0.2414155517546015,-0.26582234300913954
2026-06-02,HLT,-0.2454733347354025,-0.2590393402512272
2026-06-03,HLT,-0.2419844454223871,-0.25335437530828053
2026-06-04,HLT,-0.2541940814845024,-0.25363427736702115
2026-06-05,HLT,-0.2670532774101225,-0.2581072773813883
2026-06-06,HLT,-0.2139972375231804,-0.24340393076198566
2026-06-07,HLT,-0.2141286798261271,-0.23364551378336618
2026-06-08,HLT,-0.2141286798261271,-0.2271399024642865
2026-06-09,HLT,-0.2117313686649297,-0.22200372453116757
2026-06-10,HLT,-0.2037383401802916,-0.2159152630808756
2026-06-11,HLT,-0.2121953715862635,-0.21467529924933826
2026-06-12,HLT,-0.213403109960412,-0.21425123615302952
2026-06-13,HLT,-0.2153155664224738,-0.21460601290951095
2026-06-14,HLT,-0.2153822541669524,-0.21486475999532478
2026-06-15,HLT,-0.2153822539304728,-0.21503725797370749
2026-06-16,HLT,-0.2306227348956082,-0.2202324169476744
2026-06-17,HLT,-0.2109225695674178,-0.2171291344875889
2026-06-18,HLT,-0.21088209594129,-0.21504678830548926
2026-06-19,HLT,-0.2180069099072518,-0.21603349550607678
2026-06-20,HLT,-0.2264266042741342,-0.21949786509542926
2026-06-21,HLT,-0.2264266043932158,-0.22180744486135812
2026-06-22,HLT,-0.2180069352126138,-0.2205406083117767
2026-06-23,HLT,-0.2442075762468988,-0.22842959762348405
2026-06-24,HLT,-0.2298720563004068,-0.2289104171824583
2026-06-25,HLT,-0.2361370183373303,-0.23131928423408232
2026-06-26,HLT,-0.2554059366187865,-0.23934816836231707
2026-06-27,HLT,-0.2599656283807866,-0.24622065503514023
2026-06-28,HLT,-0.2554355346010296,-0.24929228155710337
2026-06-29,HLT,-0.2618782039725963,-0.25348758902893437
2026-06-30,HLT,-0.2707951965517071,-0.2592567915365253
2026-07-01,HLT,-0.2768641257893878,-0.2651259029541462
2026-07-02,HLT,-0.2803761061369399,-0.2702093040150774
2026-07-03,HLT,-0.260355610948574,-0.2669247396595763
2026-07-04,HLT,-0.2604292527759139,-0.2647595773650222
2026-07-05,HLT,-0.2603291746695634,-0.263282776466536
2026-07-06,HLT,-0.2601880446443717,-0.2622511991924812
2026-07-07,HLT,-0.262048957748013,-0.26218378537765846
2026-07-08,HLT,-0.2415408065697502,-0.2553027924416891
2026-07-09,HLT,-0.276545662609047,-0.26238374916414176
2026-07-10,HLT,-0.2829818109591672,-0.2692497697624836
2026-07-11,HLT,-0.298959961681468,-0.27915316706881177
2026-07-12,HLT,-0.29905491605009776,-0.28578708339590714
2026-05-13,HON,-0.4887389004606471,-0.468126269226787
2026-05-22,HON,-0.4708302564537158,-0.46902759830242996
2026-05-23,HON,-0.455731126621919,-0.46459544107559303
2026-05-24,HON,-0.4558146003761725,-0.4616684941757862
2026-05-25,HON,-0.4558145557739412,-0.45971718137517126
2026-05-26,HON,-0.4558145559242642,-0.45841630622486895
2026-05-27,HON,-0.4362667973398501,-0.4510331365965293
2026-06-01,HON,-0.4309993882727502,-0.444355220488603
2026-06-02,HON,-0.4265435941459602,-0.4384180117077221
2026-06-03,HON,-0.4354727241292311,-0.43743624918155843
2026-06-04,HON,-0.4482275375183902,-0.4410333452938357
2026-06-05,HON,-0.4663027102575442,-0.44945646694840524
2026-06-06,HON,-0.4892215455749975,-0.46271149315726934
2026-06-07,HON,-0.4893955930205792,-0.471606193111706
2026-06-08,HON,-0.4893955930205792,-0.47753599308133043
2026-06-09,HON,-0.5008146305577621,-0.4852955389068077
2026-06-10,HON,-0.5010158049514059,-0.49053562758834046
2026-06-11,HON,-0.5193908153583412,-0.5001540235116742
2026-06-12,HON,-0.4837829696731551,-0.49469700556550117
2026-06-13,HON,-0.4780178733202342,-0.48913729481707885
2026-06-14,HON,-0.4781004599222604,-0.4854583498521394
2026-06-15,HON,-0.4781004595962549,-0.4830057197668446
2026-06-16,HON,-0.4477759227794311,-0.4712624541043735
2026-06-17,HON,-0.450274897398258,-0.4642666018690017
2026-06-18,HON,-0.4394343871137406,-0.4559891969505814
2026-06-19,HON,-0.423505734683531,-0.44516137619489793
2026-06-20,HON,-0.4203398196766214,-0.4368875240221391
2026-06-21,HON,-0.4203398198157104,-0.4313716226199962
2026-06-22,HON,-0.423505767691567,-0.42874967097718647
2026-06-23,HON,-0.4228736572724697,-0.4267909997422809
2026-06-24,HON,-0.4344596588500078,-0.42934721944485654
2026-06-25,HON,-0.4320203628483295,-0.4302382672460142
2026-06-26,HON,-0.423656363325347,-0.4280442992724585
2026-06-27,HON,-0.4267361311800525,-0.4276082432416565
2026-06-28,HON,-0.4236880012422764,-0.42630149590852984
2026-06-29,HON,0.1909378557622509,-0.22055504535160297
2026-06-30,HON,-0.4351633021307545,-0.29209113094465344
2026-07-01,HON,-0.4408963415075988,-0.34169286779896857
2026-07-02,HON,-0.4593920712826626,-0.3809259356268666
2026-07-03,HON,-0.4492897140692702,-0.4037138617743345
2026-07-04,HON,-0.4493686879401244,-0.41893213716293115
2026-07-05,HON,-0.4492560073402363,-0.42904009388869957
2026-07-06,HON,-0.4829624933618039,-0.44701422704640104
2026-07-07,HON,-0.4728328062652374,-0.45562042011934656
2026-07-08,HON,-0.486755075144479,-0.46599863846105744
2026-07-09,HON,-0.5088409901840585,-0.48027942236872445
2026-07-10,HON,-0.505404661188504,-0.4886545019753177
2026-07-11,HON,-0.5028274310145063,-0.49337881165504727
2026-07-12,HON,-0.5029509319654203,-0.4965695184251716
2026-05-13,HOOD,-0.2750479178539561,-0.30951827826638323
2026-05-22,HOOD,-0.2320934266093078,-0.28370999438069144
2026-05-23,HOOD,-0.2717877822836826,-0.27973592368168854
2026-05-24,HOOD,-0.2718665385399043,-0.2771127953010938
2026-05-25,HOOD,-0.2718665393227723,-0.27536404330832
2026-05-26,HOOD,-0.2718665394179417,-0.2741982086781939
2026-05-27,HOOD,-0.3044549609415161,-0.284283792765968
2026-06-01,HOOD,-0.1365712864909429,-0.235046290674293
2026-06-02,HOOD,-0.1603167595476087,-0.21013644696539827
2026-06-03,HOOD,-0.2295247453174965,-0.21659921308276436
2026-06-04,HOOD,-0.258664581105108,-0.23062100242354558
2026-06-05,HOOD,-0.2710355993960668,-0.24409253474771933
2026-06-06,HOOD,-0.2546765028821597,-0.24762052412586616
2026-06-07,HOOD,-0.2548252866942287,-0.2500221116486537
2026-06-08,HOOD,-0.2548252866942287,-0.2516231699971787
2026-06-09,HOOD,-0.2274647246774812,-0.24357035489061288
2026-06-10,HOOD,-0.2451829971380161,-0.24410790230641397
2026-06-11,HOOD,-0.1991784571862844,-0.22913142059970412
2026-06-12,HOOD,-0.1338253121128842,-0.19736271777076417
2026-06-13,HOOD,-0.1465324837663145,-0.18041930643594764
2026-06-14,HOOD,-0.1465943508657784,-0.16914432124589124
2026-06-15,HOOD,-0.1465943506564436,-0.16162766438274204
2026-06-16,HOOD,-0.1348900973006787,-0.15271514202205427
2026-06-17,HOOD,-0.1190946221484939,-0.1415083020642008
2026-06-18,HOOD,-0.0236909575543899,-0.10223585389426385
2026-06-19,HOOD,0.0010733541543576,-0.06779945121139004
2026-06-20,HOOD,0.0035931312731688,-0.0440019237165371
2026-06-21,HOOD,0.0035931312067688,-0.028136905408768467
2026-06-22,HOOD,0.0010733455734898,-0.018400155081349047
2026-06-23,HOOD,-0.0427576190486794,-0.02651930973712583
2026-06-24,HOOD,0.0183909698425199,-0.011549216543910591
2026-06-25,HOOD,-0.0746910548418755,-0.03259649597656557
2026-06-26,HOOD,-0.1229556499240053,-0.06271621395904547
2026-06-27,HOOD,-0.0210511139425795,-0.04882784728689016
2026-06-28,HOOD,-0.1229810422910876,-0.07354557895495598
2026-06-29,HOOD,-0.0257074007638215,-0.05759951955791116
2026-06-30,HOOD,-0.0195786757790866,-0.04492590496496964
2026-07-01,HOOD,-0.0617133580411687,-0.050521722657036
2026-07-02,HOOD,0.0406314640473475,-0.020137327088908176
2026-07-03,HOOD,0.1428687829245254,0.03419804291556968
2026-07-04,HOOD,0.1428227567430404,0.07040628085805992
2026-07-05,HOOD,0.1428575641895609,0.09455670863522692
2026-07-06,HOOD,0.1428660660079308,0.11065982775946157
2026-07-07,HOOD,0.1681791797427795,0.1298329450872342
2026-07-08,HOOD,0.1670526541394135,0.14223951477129398
2026-07-09,HOOD,0.182776916793583,0.15575198211205699
2026-07-10,HOOD,0.1938648960246913,0.16845628674960178
2026-07-11,HOOD,0.173348871367055,0.17008714828875288
2026-07-12,HOOD,0.1733990894935052,0.17119112869033698
2026-05-13,HPE,0.4074751871011748,0.42236482645867973
2026-05-22,HPE,0.7005395819613706,0.5150897449595767
2026-05-23,HPE,0.8028836615520899,0.6110210504904146
2026-05-24,HPE,0.8028836615520899,0.6749752541776397
2026-05-25,HPE,0.8028836615520899,0.7176113899691232
2026-05-26,HPE,0.8028836615520899,0.7460354804967788
2026-05-27,HPE,0.7801309327525782,0.7574006312487119
2026-06-01,HPE,0.7909601476054161,0.7685871367009467
2026-06-02,HPE,0.8028836615520899,0.7800193116513279
2026-06-03,HPE,0.8028836615520899,0.7876407616182486
2026-06-04,HPE,0.8028836615520899,0.7927217282628625
2026-06-05,HPE,0.8028836615520899,0.7961090393592717
2026-06-06,HPE,0.8028836615520899,0.7983672467568779
2026-06-07,HPE,0.8028836615520899,0.799872718355282
2026-06-08,HPE,0.8028836615520899,0.8008763660875513
2026-06-09,HPE,0.8028836615520899,0.801545464575731
2026-06-10,HPE,0.8028836615520899,0.8019915302345173
2026-06-11,HPE,0.8028836615520899,0.802288907340375
2026-06-12,HPE,0.8028836615520899,0.80248715874428
2026-06-13,HPE,0.8028836615520899,0.8026193263468834
2026-06-14,HPE,0.8028836615520899,0.8027074380819523
2026-06-15,HPE,0.8028836615520899,0.8027661792386649
2026-06-16,HPE,0.8028836615520899,0.8028053400098066
2026-06-17,HPE,0.8028836615520899,0.8028314471905678
2026-06-18,HPE,0.8028836615520899,0.8028488519777419
2026-06-19,HPE,0.8028836615520899,0.8028604551691914
2026-06-20,HPE,0.8028836615520899,0.8028681906301576
2026-06-21,HPE,0.8028836615520899,0.8028733476041351
2026-06-22,HPE,0.8028836615520899,0.8028767855867868
2026-06-23,HPE,0.7884405094114221,0.798064693528332
2026-06-24,HPE,0.801111444684386,0.7990802772470167
2026-06-25,HPE,0.71828823792985,0.7721495974746279
2026-06-26,HPE,0.5934278162393739,0.71257567039621
2026-06-27,HPE,0.601246631666691,0.6754659908197036
2026-06-28,HPE,0.5934138244628849,0.6481152687007641
2026-06-29,HPE,0.5940434933325601,0.6300913435780294
2026-06-30,HPE,0.6142912864545254,0.6248246578701948
2026-07-01,HPE,0.6017350871221218,0.6171281342875039
2026-07-02,HPE,0.6450789995278395,0.6264450893676158
2026-07-03,HPE,0.5976057868185918,0.6168319885179412
2026-07-04,HPE,0.597562072055884,0.6104086830305888
2026-07-05,HPE,0.5975914163736576,0.6061362608116118
2026-07-06,HPE,0.5975888172628935,0.603287112962039
2026-07-07,HPE,0.6446064415450047,0.6170602224896942
2026-07-08,HPE,0.7066856948477648,0.6469353799423844
2026-07-09,HPE,0.7806457736465723,0.6915055111771138
2026-07-10,HPE,0.8028836615520899,0.7286315613021059
2026-07-11,HPE,0.8028836615520899,0.753382261385434
2026-07-12,HPE,0.8028836615520899,0.7698827281076527
2026-05-13,HSY,-0.3054666381655315,-0.2884639700588104
2026-05-22,HSY,-0.2956139612187173,-0.29084730044544604
2026-05-23,HSY,-0.2869938108456135,-0.28956280391216854
2026-05-24,HSY,-0.2870847149862845,-0.2887367742702072
2026-05-25,HSY,-0.2870847156907715,-0.288186088077062
2026-05-26,HSY,-0.2870847159293439,-0.28781896402782264
2026-05-27,HSY,-0.2912422087339549,-0.28896004559653343
2026-06-01,HSY,-0.2812693392780296,-0.28639647682369884
2026-06-02,HSY,-0.2880608441791493,-0.28695126594218234
2026-06-03,HSY,-0.2929601621385703,-0.2889542313409783
2026-06-04,HSY,-0.2817472636115468,-0.28655190876450115
2026-06-05,HSY,-0.29003736690345,-0.28771372814415075
2026-06-06,HSY,-0.3000734620167796,-0.29183363943502705
2026-06-07,HSY,-0.3002608478823032,-0.2946427089174525
2026-06-08,HSY,-0.3002608478823032,-0.2965154219057361
2026-06-09,HSY,-0.3128021329696697,-0.301944325593714
2026-06-10,HSY,-0.3293967283159014,-0.3110951265011098
2026-06-11,HSY,-0.3247968225930557,-0.31566235853175845
2026-06-12,HSY,-0.3109974686989911,-0.31410739525416936
2026-06-13,HSY,-0.3128171178580414,-0.3136773027887934
2026-06-14,HSY,-0.3129076970886659,-0.3134207675554176
2026-06-15,HSY,-0.312907696717654,-0.3132497439428298
2026-06-16,HSY,-0.3010519047307131,-0.3091837975387909
2026-06-17,HSY,-0.3036104170272203,-0.30732600403493404
2026-06-18,HSY,-0.309854409587297,-0.3081688058857217
2026-06-19,HSY,-0.3084391293169325,-0.30825891369612535
2026-06-20,HSY,-0.3049916726000192,-0.30716983333075665
2026-06-21,HSY,-0.3049916727707812,-0.30644377981076487
2026-06-22,HSY,-0.3084391729686202,-0.3071089108633833
2026-06-23,HSY,-0.3112893405075834,-0.30850238741145003
2026-06-24,HSY,-0.3047298000832426,-0.30724485830204756
2026-06-25,HSY,-0.3011136775972656,-0.3052011314004536
2026-06-26,HSY,-0.285848707215646,-0.29875032333885104
2026-06-27,HSY,-0.3073598951277765,-0.3016201806018262
2026-06-28,HSY,-0.2858842803880479,-0.2963748805305668
2026-06-29,HSY,-0.3070907867374525,-0.2999468492661954
2026-06-30,HSY,-0.2860804564600611,-0.2953247183308173
2026-07-01,HSY,-0.2792170341439766,-0.28995549026853706
2026-07-02,HSY,-0.2768961468944786,-0.2856023758105176
2026-07-03,HSY,-0.2946782152511586,-0.2886276556240646
2026-07-04,HSY,-0.2947633433955535,-0.29067288488122756
2026-07-05,HSY,-0.2946361169292792,-0.2919939622305781
2026-07-06,HSY,-0.2944398221745719,-0.29280924887857607
2026-07-07,HSY,-0.3118041834303467,-0.2991408937291663
2026-07-08,HSY,-0.3315981865470094,-0.30995999133511404
2026-07-09,HSY,-0.3254814046551068,-0.31513379577511164
2026-07-10,HSY,-0.3326198707316727,-0.3209624874272987
2026-07-11,HSY,-0.3089782886336826,-0.3169677544960934
2026-07-12,HSY,-0.3091164413921985,-0.31435065012812846
2026-05-13,HUM,0.4103666364776419,0.4103666364776419
2026-05-22,HUM,0.3940775768699232,0.4049369499417357
2026-05-23,HUM,0.4467319662101652,0.4188686220312122
2026-05-24,HUM,0.4467151469972034,0.428150797019876
2026-05-25,HUM,0.4467151458147032,0.43433891328481844
2026-05-26,HUM,0.4467151464506864,0.43846432434010774
2026-05-27,HUM,0.3941501826269144,0.4236929437690433
2026-06-01,HUM,0.2925404603919802,0.37997544931002225
2026-06-02,HUM,0.3381925712576634,0.36604782329256935
2026-06-03,HUM,0.3164523615531585,0.3495160027127657
2026-06-04,HUM,0.3304830190233101,0.3431716748162805
2026-06-05,HUM,0.389734353480466,0.3586925677043423
2026-06-06,HUM,0.5156561917352259,0.4110137757146369
2026-06-07,HUM,0.5156561917352259,0.44589458105483326
2026-06-08,HUM,0.5156561917352259,0.46914845128163085
2026-06-09,HUM,0.5156561917352259,0.4846510314328292
2026-06-10,HUM,0.5156561917352259,0.4949860848669615
2026-06-11,HUM,0.5156561917352259,0.5018761204897163
2026-06-12,HUM,0.5156561917352259,0.5064694775715528
2026-06-13,HUM,0.5156561917352259,0.5095317156261105
2026-06-14,HUM,0.5156561917352259,0.5115732076624824
2026-06-15,HUM,0.5156561917352259,0.5129342023533969
2026-06-16,HUM,0.5156561917352259,0.51384153214734
2026-06-17,HUM,0.5156561917352259,0.5144464186766353
2026-06-18,HUM,0.5156561917352259,0.5148496763628322
2026-06-19,HUM,0.492823718067874,0.5075076902645128
2026-06-20,HUM,0.5156561917352259,0.5102238574214172
2026-06-21,HUM,0.5156561917352259,0.5120346355260201
2026-06-22,HUM,0.4928237400399263,0.5056310036973222
2026-06-23,HUM,0.4688501640539801,0.49337072381620817
2026-06-24,HUM,0.5156561917352259,0.5007992131225474
2026-06-25,HUM,0.5156561917352259,0.5057515393267735
2026-06-26,HUM,0.4629424515885073,0.4914818434140181
2026-06-27,HUM,0.5156561917352259,0.49953995952108743
2026-06-28,HUM,0.4629345755039994,0.4873381648487248
2026-06-29,HUM,0.5156561917352259,0.4967775071442252
2026-06-30,HUM,0.5156561917352259,0.5030704020078921
2026-07-01,HUM,0.5156561917352259,0.5072656652503367
2026-07-02,HUM,0.5156561917352259,0.5100625074119665
2026-07-03,HUM,0.5156561917352259,0.511927068853053
2026-07-04,HUM,0.5156561917352259,0.5131701098137773
2026-07-05,HUM,0.5156561917352259,0.5139988037875936
2026-07-06,HUM,0.5156561917352259,0.5145512664368044
2026-07-07,HUM,0.5156561917352259,0.5149195748696116
2026-07-08,HUM,0.5156561917352259,0.5151651138248163
2026-07-09,HUM,0.5156561917352259,0.5153288064616195
2026-07-10,HUM,0.5156561917352259,0.515437934886155
2026-07-11,HUM,0.5156561917352259,0.5155106871691786
2026-07-12,HUM,0.5156561917352259,0.5155591886911943
2026-05-13,HWM,-0.0475150799478988,-0.054994806069624674
2026-05-22,HWM,-0.19583224049234,-0.1019406175438631
2026-05-23,HWM,-0.2151537845377699,-0.13967833987516537
2026-05-24,HWM,-0.2152341385728605,-0.16486360610773043
2026-05-25,HWM,-0.2152341393454193,-0.18165378385362674
2026-05-26,HWM,-0.2152341394594501,-0.19284723572223456
2026-05-27,HWM,-0.1935265104056375,-0.19307366061670223
2026-06-01,HWM,-0.2124968941090423,-0.19954807178081557
2026-06-02,HWM,-0.2077738897854541,-0.2022900111156951
2026-06-03,HWM,-0.2221492043944561,-0.20890974220861544
2026-06-04,HWM,-0.2115213503192449,-0.20978027824549195
2026-06-05,HWM,-0.2168967389156556,-0.2121524318022132
2026-06-06,HWM,-0.2167221227021797,-0.21367566210220204
2026-06-07,HWM,-0.2168799134914725,-0.21474374589862555
2026-06-08,HWM,-0.2168799134914725,-0.2154558017629079
2026-06-09,HWM,-0.2309475375374937,-0.22061971368776984
2026-06-10,HWM,-0.2043191422381269,-0.21518618987122218
2026-06-11,HWM,-0.2081808574523018,-0.2128510790649154
2026-06-12,HWM,-0.1539058849523393,-0.19320268102739005
2026-06-13,HWM,-0.1647839526025326,-0.18372977155243758
2026-06-14,HWM,-0.1648555484811089,-0.17743836386199469
2026-06-15,HWM,-0.1648555482169917,-0.17324409198032703
2026-06-16,HWM,-0.1509637830135701,-0.1658173223247414
2026-06-17,HWM,-0.1431590796753721,-0.15826457477495165
2026-06-18,HWM,-0.0863639998440203,-0.13429771646464123
2026-06-19,HWM,-0.1170849479938135,-0.12856012697436534
2026-06-20,HWM,-0.1053709353618598,-0.1208303964368635
2026-06-21,HWM,-0.1053709354745003,-0.11567724278274244
2026-06-22,HWM,-0.1170849728676998,-0.1161464861443949
2026-06-23,HWM,-0.1219378411711143,-0.11807693781996804
2026-06-24,HWM,-0.1325275530548877,-0.12289380956494127
2026-06-25,HWM,-0.1337871995588075,-0.12652493956289668
2026-06-26,HWM,-0.1290201939474642,-0.12735669102441918
2026-06-27,HWM,-0.1357802916368049,-0.13016455789521442
2026-06-28,HWM,-0.1290486070273004,-0.1297925742725764
2026-06-29,HWM,-0.1380544209708405,-0.13254652317199778
2026-06-30,HWM,-0.1332257047388125,-0.1327729170276027
2026-07-01,HWM,-0.1385809655777465,-0.13470893321098396
2026-07-02,HWM,-0.1585192630590867,-0.1426457098270182
2026-07-03,HWM,-0.1260622289215994,-0.1371178828585453
2026-07-04,HWM,-0.1261330728388692,-0.13345627951865327
2026-07-05,HWM,-0.126039607702477,-0.13098405557992787
2026-07-06,HWM,-0.1259119150525105,-0.12929334207078874
2026-07-07,HWM,-0.1178689901188902,-0.12548522475348922
2026-07-08,HWM,-0.1159067717960929,-0.12229240710102379
2026-07-09,HWM,-0.1510140002954896,-0.13186627149917907
2026-07-10,HWM,-0.1637592331811852,-0.14249725872651445
2026-07-11,HWM,-0.1762950900510165,-0.15376320250134848
2026-07-12,HWM,-0.17638137130601925,-0.16130259210290543
2026-05-13,IBKR,-0.1758797749421391,-0.19061779233707637
2026-05-22,IBKR,-0.1330782842890255,-0.17143795632105943
2026-05-23,IBKR,-0.1651662501406902,-0.1693473875942697
2026-05-24,IBKR,-0.1652346208974484,-0.16797646536199595
2026-05-25,IBKR,-0.1652346217473261,-0.16706251749043935
2026-05-26,IBKR,-0.1652346217198971,-0.1664532189002586
2026-05-27,IBKR,-0.1699800219878479,-0.16762881992945505
2026-06-01,IBKR,-0.1167310163092747,-0.15066288538939493
2026-06-02,IBKR,-0.1019027854586051,-0.13440951874579832
2026-06-03,IBKR,-0.0944274144465171,-0.12108215064603792
2026-06-04,IBKR,-0.1047816847930765,-0.11564866202838411
2026-06-05,IBKR,-0.1057942922605339,-0.11236387210576738
2026-06-06,IBKR,-0.0955693417668248,-0.10676569532611986
2026-06-07,IBKR,-0.0956779970705584,-0.10306979590759938
2026-06-08,IBKR,-0.0956779970705584,-0.10060586296191906
2026-06-09,IBKR,-0.0880372225653042,-0.09641631616304745
2026-06-10,IBKR,-0.0910278399975985,-0.09462015744123115
2026-06-11,IBKR,-0.0860148951402649,-0.0917517366742424
2026-06-12,IBKR,-0.0675208611391291,-0.08367477816253796
2026-06-13,IBKR,-0.0762151560068492,-0.08118823744397505
2026-06-14,IBKR,-0.0762703790791628,-0.07954895132237097
2026-06-15,IBKR,-0.0762703789072404,-0.07845609385066078
2026-06-16,IBKR,-0.073918500514746,-0.07694356273868919
2026-06-17,IBKR,-0.0634410492398913,-0.07244272490575657
2026-06-18,IBKR,-0.0229859345726301,-0.05595712812804775
2026-06-19,IBKR,-0.0238607573838649,-0.0452583378799868
2026-06-20,IBKR,-0.0212641409428219,-0.037260272234265174
2026-06-21,IBKR,-0.0212641410178662,-0.03192822849546552
2026-06-22,IBKR,-0.0238607688696343,-0.029239075286855112
2026-06-23,IBKR,-0.0504099909591569,-0.03629604717762237
2026-06-24,IBKR,-0.0119741647913459,-0.028188753048863553
2026-06-25,IBKR,-0.0574049689125135,-0.03792749167008021
2026-06-26,IBKR,-0.0788057996931548,-0.0515535943444384
2026-06-27,IBKR,-0.0680598107209989,-0.05705566646995858
2026-06-28,IBKR,-0.0788298226038224,-0.06431371851457986
2026-06-29,IBKR,-0.0720014508567164,-0.06687629596195871
2026-06-30,IBKR,-0.1020908625940665,-0.07861448483932798
2026-07-01,IBKR,-0.1313297353606929,-0.0961862350131163
2026-07-02,IBKR,-0.060649418213573,-0.08434062941326853
2026-07-03,IBKR,-0.0543396333702714,-0.07434029739893616
2026-07-04,IBKR,-0.0544006784238556,-0.06769375774057598
2026-07-05,IBKR,-0.055312631206741,-0.063566715562631
2026-07-06,IBKR,-0.0552316552714074,-0.060788362132223134
2026-07-07,IBKR,-0.0235825464791257,-0.04838642358119066
2026-07-08,IBKR,-0.0058372065223638,-0.034203351228248385
2026-07-09,IBKR,-0.0455378772981682,-0.03798152658488833
2026-07-10,IBKR,-0.0386942342807191,-0.03821909581683192
2026-07-11,IBKR,-0.0459312917240601,-0.040789827785907985
2026-07-12,IBKR,-0.04595500436721962,-0.04251155331301187
2026-05-13,IBM,-0.2300827953079265,-0.23025751261753372
2026-05-22,IBM,0.0251923004494086,-0.14510757492855295
2026-05-23,IBM,0.0044656435846514,-0.09524983542415151
2026-05-24,IBM,0.0043958823828491,-0.06203459615515132
2026-05-25,IBM,0.0043958815419429,-0.03989110358945325
2026-05-26,IBM,0.0043958815529581,-0.025128775208649468
2026-05-27,IBM,-0.0339137563345812,-0.028057102250626714
2026-06-01,IBM,0.0923741917783783,0.012086662425708286
2026-06-02,IBM,0.1028834806534635,0.04235226850162669
2026-06-03,IBM,0.1132859965564117,0.06599684451988835
2026-06-04,IBM,0.0311050036135153,0.054366230884430676
2026-06-05,IBM,0.0026280219072171,0.037120161225359494
2026-06-06,IBM,0.0029195185965526,0.025719947015757198
2026-06-07,IBM,0.0027883607189031,0.018076084916805835
2026-06-08,IBM,0.0027883607189031,0.012980176850838257
2026-06-09,IBM,-0.0036493398858086,0.007437004605289306
2026-06-10,IBM,-0.0107613479920709,0.0013708870728359047
2026-06-11,IBM,-0.0270533893977747,-0.008103871750700962
2026-06-12,IBM,-0.0299149019772471,-0.015374215159549674
2026-06-13,IBM,-0.0446019851791911,-0.025116805166096816
2026-06-14,IBM,-0.0446735567395715,-0.03163572235725504
2026-06-15,IBM,-0.0446735564755912,-0.0359816670633671
2026-06-16,IBM,-0.0737211108628709,-0.048561481663201705
2026-06-17,IBM,-0.0650394630585096,-0.05405414212830434
2026-06-18,IBM,-0.0733241150582562,-0.060477466438288295
2026-06-19,IBM,-0.0928835318187757,-0.07127948823178411
2026-06-20,IBM,-0.0897153752081028,-0.07742478389055701
2026-06-21,IBM,-0.089715375347444,-0.08152164770951935
2026-06-22,IBM,-0.0928835649115552,-0.0853089534435313
2026-06-23,IBM,-0.0945067340616969,-0.08837488031625318
2026-06-24,IBM,-0.0382893703904432,-0.0716797103409832
2026-06-25,IBM,-0.0441770110827586,-0.062512143921575
2026-06-26,IBM,-0.0681856916041531,-0.06440332648243437
2026-06-27,IBM,-0.0291638964252075,-0.052656849796692086
2026-06-28,IBM,-0.0682164022525596,-0.05784336728198126
2026-06-29,IBM,-0.0312675288240796,-0.048984754462680705
2026-06-30,IBM,-0.0259825542152607,-0.04131735438020737
2026-07-01,IBM,-0.0177976602999312,-0.033477456353448655
2026-07-02,IBM,0.0034535479351873,-0.021167121590570003
2026-07-03,IBM,0.0029497456403287,-0.013128165846937104
2026-07-04,IBM,0.0028795615010598,-0.007792256730938138
2026-07-05,IBM,0.0029714672263237,-0.004204348745184192
2026-07-06,IBM,0.0030959911952598,-0.0017709020983695286
2026-07-07,IBM,0.0355049275864002,0.01065437446322038
2026-07-08,IBM,0.0751019831689134,0.032136910698451385
2026-07-09,IBM,0.1100912343882156,0.05812168526170612
2026-07-10,IBM,0.0903836356423974,0.06887566872193655
2026-07-11,IBM,0.0848192201337712,0.07419018585921477
2026-07-12,IBM,0.08477867202097486,0.07771968124646814
2026-05-13,ICE,-0.1339569692769038,-0.17123218142880592
2026-05-22,ICE,-0.1693742161427265,-0.17061285966677947
2026-05-23,ICE,-0.1660420102898289,-0.16908924320779595
2026-05-24,ICE,-0.1661220239393226,-0.16810017011830486
2026-05-25,ICE,-0.1661220247140775,-0.16744078831689574
2026-05-26,ICE,-0.1661220248240902,-0.16700120048596057
2026-05-27,ICE,-0.196446886492466,-0.17681642915479573
2026-06-01,ICE,-0.2159490335035745,-0.18986063060438865
2026-06-02,ICE,-0.2228747321958374,-0.2008653311348716
2026-06-03,ICE,-0.2390071593004985,-0.21357927385674724
2026-06-04,ICE,-0.2448617866166004,-0.22400677811003164
2026-06-05,ICE,-0.2494919995341552,-0.23250185191807285
2026-06-06,ICE,-0.266533254843207,-0.2438456528931176
2026-06-07,ICE,-0.2667166194650557,-0.25146930841709697
2026-06-08,ICE,-0.2667166194650557,-0.25655174543308323
2026-06-09,ICE,-0.2527975361697925,-0.2553003423453197
2026-06-10,ICE,-0.2444388202100527,-0.2516798349668974
2026-06-11,ICE,-0.2612968076019106,-0.2548854925119018
2026-06-12,ICE,-0.2684187026748219,-0.25939656256620847
2026-06-13,ICE,-0.2672779440164505,-0.2620236897162892
2026-06-14,ICE,-0.2673655965347981,-0.26380432532245884
2026-06-15,ICE,-0.2673655961802664,-0.2649914156083947
2026-06-16,ICE,-0.2622927572197405,-0.2640918628121766
2026-06-17,ICE,-0.2600766432064787,-0.262753456276944
2026-06-18,ICE,-0.2824648977547261,-0.2693239367695381
2026-06-19,ICE,-0.2780250868089198,-0.2722243201159987
2026-06-20,ICE,-0.2721968106096532,-0.2722151502805502
2026-06-21,ICE,-0.2721968107767528,-0.27220903711261774
2026-06-22,ICE,-0.2780251294370661,-0.2741477345541006
2026-06-23,ICE,-0.2713203463981335,-0.2732052718354449
2026-06-24,ICE,-0.2751084292220719,-0.2738396576309873
2026-06-25,ICE,-0.2944915779170826,-0.28072363105968573
2026-06-26,ICE,-0.2917279115677738,-0.28439172456238176
2026-06-27,ICE,-0.306740813275394,-0.2918414208000525
2026-06-28,ICE,-0.2917644317164585,-0.2918157577721878
2026-06-29,ICE,-0.3062433245131766,-0.29662494668585077
2026-06-30,ICE,-0.30423388528556,-0.2991612595524205
2026-07-01,ICE,-0.2951109775982432,-0.2978111655676947
2026-07-02,ICE,-0.3104498641080923,-0.3020240650811606
2026-07-03,ICE,-0.3273577811745463,-0.31046863711228917
2026-07-04,ICE,-0.3274466377354461,-0.3161279706533415
2026-07-05,ICE,-0.3273105990108353,-0.3198555134391728
2026-07-06,ICE,-0.3270963979866915,-0.3222691416216791
2026-07-07,ICE,-0.325820389426981,-0.3234528908901131
2026-07-08,ICE,-0.3389668413625047,-0.32862420771424367
2026-07-09,ICE,-0.3237506415361021,-0.32699968565486315
2026-07-10,ICE,-0.3012712677333075,-0.31842354634767794
2026-07-11,ICE,-0.3056477102947565,-0.31416493433003745
2026-07-12,ICE,-0.30579077421813994,-0.3113735476260716
2026-05-13,IDXX,0.0327877559195374,-0.021249890702203674
2026-05-22,IDXX,0.1522070004994061,0.03656907303166625
2026-05-23,IDXX,0.137245267368048,0.07012780447712683
2026-05-24,IDXX,0.137155087257928,0.09247023207072722
2026-05-25,IDXX,0.1371550865487694,0.10736518356340795
2026-05-26,IDXX,0.137155086318744,0.11729515114851999
2026-05-27,IDXX,0.1327663393130786,0.12245221387003954
2026-06-01,IDXX,0.1729862064616838,0.13929687806725433
2026-06-02,IDXX,0.1814436050659649,0.15334578706682453
2026-06-03,IDXX,0.1540555977379013,0.15358239062385015
2026-06-04,IDXX,0.1878380256799531,0.16500093564255114
2026-06-05,IDXX,0.1891587615977764,0.1730535442942929
2026-06-06,IDXX,0.1781344233666636,0.17474717065174983
2026-06-07,IDXX,0.1779632764471606,0.17581920591688677
2026-06-08,IDXX,0.1779632764471606,0.17653389609364473
2026-06-09,IDXX,0.190731534830452,0.18126644233924716
2026-06-10,IDXX,0.1979380577506044,0.18682364747636626
2026-06-11,IDXX,0.2012248462363708,0.19162404706303443
2026-06-12,IDXX,0.1943813431102386,0.19254314574543585
2026-06-13,IDXX,0.1862761934266325,0.1904541616391681
2026-06-14,IDXX,0.1861944501571364,0.1890342578118242
2026-06-15,IDXX,0.1861944504783932,0.18808765536734723
2026-06-16,IDXX,0.198242600976787,0.19147263723716051
2026-06-17,IDXX,0.1990746808530399,0.194006651775787
2026-06-18,IDXX,0.1759418800830223,0.1879850612115321
2026-06-19,IDXX,0.1944247399462486,0.19013162078977097
2026-06-20,IDXX,0.1790162607651581,0.1864265007815667
2026-06-21,IDXX,0.1790162606114406,0.18395642072485802
2026-06-22,IDXX,0.1944247036277565,0.1874458483591575
2026-06-23,IDXX,0.186048314425366,0.18698000371456036
2026-06-24,IDXX,0.1834991415938183,0.18581971634097968
2026-06-25,IDXX,0.1853455955444299,0.1856616760754631
2026-06-26,IDXX,0.1977679084050301,0.18969708685198544
2026-06-27,IDXX,0.1949946026312168,0.19146292544506258
2026-06-28,IDXX,0.1977349074259428,0.193553586105356
2026-06-29,IDXX,0.1941783297904438,0.1937618340003853
2026-06-30,IDXX,0.1858205153800573,0.1911147277936093
2026-07-01,IDXX,0.1840936408997914,0.18877436549567
2026-07-02,IDXX,0.181195758161242,0.18624816305086067
2026-07-03,IDXX,0.1869290458451286,0.18647512398228333
2026-07-04,IDXX,0.1868485942072008,0.18659961405725584
2026-07-05,IDXX,0.1869647675674057,0.18672133189397247
2026-07-06,IDXX,0.1871386027109861,0.18686042216631035
2026-07-07,IDXX,0.1887267551307181,0.1874825331544463
2026-07-08,IDXX,0.1917674708445451,0.18891084571781258
2026-07-09,IDXX,0.1723673151840801,0.18339633553990176
2026-07-10,IDXX,0.1875645341115206,0.18478573506377471
2026-07-11,IDXX,0.2134362035183344,0.1943358912152946
2026-07-12,IDXX,0.21333206537689614,0.2006679492691618
2026-05-13,INTC,0.6244454735502007,0.6467741607369271
2026-05-22,INTC,0.6343404495312602,0.6426295903350382
2026-05-23,INTC,0.6343404495312602,0.6398665434004456
2026-05-24,INTC,0.6343404495312602,0.6380245121107172
2026-05-25,INTC,0.6343404495312602,0.6367964912508983
2026-05-26,INTC,0.6343404495312602,0.6359778106776857
2026-05-27,INTC,0.6343404495312602,0.6354320236288773
2026-06-01,INTC,0.6343404495312602,0.6350681655963384
2026-06-02,INTC,0.6343404495312602,0.6348255935746457
2026-06-03,INTC,0.6343404495312602,0.6346638788935173
2026-06-04,INTC,0.6343404495312602,0.6345560691060983
2026-06-05,INTC,0.6343404495312602,0.6344841959144857
2026-06-06,INTC,0.6343404495312602,0.6344362804534106
2026-06-07,INTC,0.6343404495312602,0.6344043368126939
2026-06-08,INTC,0.6343404495312602,0.6343830410522161
2026-06-09,INTC,0.6343404495312602,0.6343688438785642
2026-06-10,INTC,0.6343404495312602,0.6343593790961296
2026-06-11,INTC,0.6343404495312602,0.6343530692411732
2026-06-12,INTC,0.6343404495312602,0.6343488626712023
2026-06-13,INTC,0.6343404495312602,0.6343460582912217
2026-06-14,INTC,0.6343404495312602,0.634344188704568
2026-06-15,INTC,0.6343404495312602,0.6343429423134654
2026-06-16,INTC,0.6343404495312602,0.6343421113860638
2026-06-17,INTC,0.6343404495312602,0.6343415574344626
2026-06-18,INTC,0.6343404495312602,0.6343411881333952
2026-06-19,INTC,0.6343404495312602,0.6343409419326836
2026-06-20,INTC,0.6343404495312602,0.6343407777988759
2026-06-21,INTC,0.6343404495312602,0.6343406683763374
2026-06-22,INTC,0.6343404495312602,0.6343405954279784
2026-06-23,INTC,0.6343404495312602,0.634340546795739
2026-06-24,INTC,0.6343404495312602,0.6343405143742462
2026-06-25,INTC,0.6343404495312602,0.6343404927599177
2026-06-26,INTC,0.6343404495312602,0.6343404783503652
2026-06-27,INTC,0.6343404495312602,0.634340468743997
2026-06-28,INTC,0.6343404495312602,0.6343404623397515
2026-06-29,INTC,0.6343404495312602,0.6343404580702545
2026-06-30,INTC,0.6343404495312602,0.6343404552239231
2026-07-01,INTC,0.6343404495312602,0.6343404533263689
2026-07-02,INTC,0.6343404495312602,0.6343404520613327
2026-07-03,INTC,0.6343404495312602,0.6343404512179753
2026-07-04,INTC,0.6343404495312602,0.6343404506557371
2026-07-05,INTC,0.6343404495312602,0.6343404502809116
2026-07-06,INTC,0.6343404495312602,0.6343404500310279
2026-07-07,INTC,0.6343404495312602,0.6343404498644387
2026-07-08,INTC,0.6343404495312602,0.6343404497533793
2026-07-09,INTC,0.6343404495312602,0.6343404496793397
2026-07-10,INTC,0.5868087877198569,0.6184965623595121
2026-07-11,INTC,0.5378217052963336,0.5916049433384526
2026-07-12,INTC,0.5379075623316792,0.5737058163361948
2026-05-13,INTU,0.1136683223650568,0.08490559147093987
2026-05-22,INTU,0.0039464272464723,0.05791920339611735
2026-05-23,INTU,0.0381807950893098,0.05133973396051484
2026-05-24,INTU,0.0380932800734148,0.046924249331481496
2026-05-25,INTU,0.0380932793470604,0.0439805926700078
2026-05-26,INTU,0.0380932791484958,0.0420181548295038
2026-05-27,INTU,-0.0257437025560536,0.019430869034318003
2026-06-01,INTU,-0.0118656889324755,0.008998683045386837
2026-06-02,INTU,0.0149286319687218,0.01097533268649849
2026-06-03,INTU,-0.0385252168237169,-0.005524850483573306
2026-06-04,INTU,-0.0716549558400008,-0.027568218935715802
2026-06-05,INTU,-0.1028586191325184,-0.05266501900131666
2026-06-06,INTU,-0.1527055558637055,-0.08601186462211294
2026-06-07,INTU,-0.1529319275699667,-0.10831855227139753
2026-06-08,INTU,-0.1529319275699667,-0.1231896773709206
2026-06-09,INTU,-0.1100568190256365,-0.11881205792249257
2026-06-10,INTU,-0.1414119773665899,-0.12634536440385835
2026-06-11,INTU,-0.155719242289455,-0.13613665703239058
2026-06-12,INTU,-0.1554651021003654,-0.14257947205504887
2026-06-13,INTU,-0.1620735002271254,-0.14907748144574107
2026-06-14,INTU,-0.1621795022084959,-0.15344482169999268
2026-06-15,INTU,-0.162179501750639,-0.1563563817168748
2026-06-16,INTU,-0.1451742610892719,-0.1526290081743405
2026-06-17,INTU,-0.1657482317166133,-0.15700208268843144
2026-06-18,INTU,-0.1800732039403826,-0.1646924564390818
2026-06-19,INTU,-0.1556351391136072,-0.16167335066392363
2026-06-20,INTU,-0.1518687285846547,-0.15840514330416733
2026-06-21,INTU,-0.1518687287912982,-0.1562263384665443
2026-06-22,INTU,-0.1556351948233068,-0.15602929058546514
2026-06-23,INTU,-0.1490502464205315,-0.15370294253048727
2026-06-24,INTU,-0.1666653387962372,-0.15802374128573726
2026-06-25,INTU,-0.1631645542208974,-0.15973734559745734
2026-06-26,INTU,-0.1307549521896499,-0.15007654779485485
2026-06-27,INTU,-0.1323462057777962,-0.14416643378916866
2026-06-28,INTU,-0.1307958957378892,-0.1397095877720755
2026-06-29,INTU,-0.1305655374497428,-0.1366615709979646
2026-06-30,INTU,-0.1139623492378168,-0.12909516374458202
2026-07-01,INTU,-0.1159103713297289,-0.12470023293963098
2026-07-02,INTU,-0.1460973453767106,-0.13183260375199085
2026-07-03,INTU,-0.171439662589681,-0.14503495669788757
2026-07-04,INTU,-0.1715371814435794,-0.15386903161311818
2026-07-05,INTU,-0.1713806690504323,-0.1597062440922229
2026-07-06,INTU,-0.171124866088264,-0.1635124514242366
2026-07-07,INTU,-0.163221699614939,-0.16341553415447074
2026-07-08,INTU,-0.1705664446441362,-0.16579917098435926
2026-07-09,INTU,-0.1473454599240264,-0.1596479339642483
2026-07-10,INTU,-0.0884970193656059,-0.13593096243136754
2026-07-11,INTU,-0.0759055505949638,-0.11592249181923296
2026-07-12,INTU,-0.07606321240285317,-0.10263606534710637
2026-05-13,IRM,-0.0231656622638721,0.0011520776738481002
2026-05-22,IRM,-0.1314658617731444,-0.043053902141816064
2026-05-23,IRM,-0.1545993176649123,-0.08023570731618149
2026-05-24,IRM,-0.1546682108141875,-0.10504654181551683
2026-05-25,IRM,-0.1546682116606945,-0.12158709843057605
2026-05-26,IRM,-0.1546682116394322,-0.13261413616686146
2026-05-27,IRM,-0.1314589147974418,-0.13222906237705492
2026-06-01,IRM,-0.128836555072792,-0.1310982266089673
2026-06-02,IRM,-0.1420717789281978,-0.13475607738204415
2026-06-03,IRM,-0.1285951326632947,-0.132702429142461
2026-06-04,IRM,-0.1349279578702085,-0.13344427205171017
2026-06-05,IRM,-0.1229790095847531,-0.12995585122939113
2026-06-06,IRM,-0.1357918860255313,-0.13190119616143786
2026-06-07,IRM,-0.1359154239933314,-0.13323927210540237
2026-06-08,IRM,-0.1359154239933314,-0.13413132273471207
2026-06-09,IRM,-0.1542551877375881,-0.14083927773567073
2026-06-10,IRM,-0.1351101843222826,-0.13892957993120802
2026-06-11,IRM,-0.1575643533811395,-0.14514117108118518
2026-06-12,IRM,-0.159479481905636,-0.1499206080226688
2026-06-13,IRM,-0.1574644872508863,-0.15243523443207463
2026-06-14,IRM,-0.1575301762492962,-0.15413354837114848
2026-06-15,IRM,-0.1575301760184405,-0.1552657575869125
2026-06-16,IRM,-0.1714268878782401,-0.16065280101735502
2026-06-17,IRM,-0.141506104616258,-0.15427056888365603
2026-06-18,IRM,-0.1422166227459879,-0.15025258683776666
2026-06-19,IRM,-0.1112783992613533,-0.13726119097896222
2026-06-20,IRM,-0.1601859313592205,-0.14490277110571498
2026-06-21,IRM,-0.1601859314737913,-0.14999715789507376
2026-06-22,IRM,-0.111278419579172,-0.13709091178977317
2026-06-23,IRM,-0.1054832280225837,-0.12655501720071002
2026-06-24,IRM,-0.0631502893815368,-0.1054201079276523
2026-06-25,IRM,-0.0715089104328223,-0.09411637542937563
2026-06-26,IRM,-0.1049956367643147,-0.09774279587435533
2026-06-27,IRM,-0.0786313740482121,-0.0913723219323076
2026-06-28,IRM,-0.1050212790788453,-0.09592197431448685
2026-06-29,IRM,-0.0822400490255239,-0.0913613325514992
2026-06-30,IRM,-0.1101575366887038,-0.0976267339305674
2026-07-01,IRM,-0.1444889493558793,-0.11324747240567137
2026-07-02,IRM,-0.1450245838578056,-0.12383984288971611
2026-07-03,IRM,-0.1882562869998292,-0.14531199092642047
2026-07-04,IRM,-0.188328218013466,-0.159650733288769
2026-07-05,IRM,-0.1882321834822625,-0.16917788335326683
2026-07-06,IRM,-0.1880992698918717,-0.17548501219946847
2026-07-07,IRM,-0.2019904806523382,-0.18432016835042506
2026-07-08,IRM,-0.2059680168837462,-0.19153611786153213
2026-07-09,IRM,-0.1983307091633673,-0.19380098162881054
2026-07-10,IRM,-0.189145986365412,-0.19224931654101104
2026-07-11,IRM,-0.1879344811961514,-0.1908110380927245
2026-07-12,IRM,-0.1880092170261649,-0.18987709773720465
2026-05-13,ISRG,-0.3708924538734299,-0.37789530494460427
2026-05-22,ISRG,-0.2511075620758692,-0.33563272398835925
2026-05-23,ISRG,-0.2517633325633281,-0.3076762601800156
2026-05-24,ISRG,-0.2518514814035867,-0.28906800058787263
2026-05-25,ISRG,-0.2518514821258515,-0.2766624944338656
2026-05-26,ISRG,-0.2518514823318983,-0.2683921570665432
2026-05-27,ISRG,-0.2643319850099325,-0.2670387663810063
2026-06-01,ISRG,-0.2546276373610722,-0.26290172337436163
2026-06-02,ISRG,-0.2632815146750145,-0.26302832047457925
2026-06-03,ISRG,-0.28169613285284,-0.2692509246006662
2026-06-04,ISRG,-0.2694486491138534,-0.26931683277172863
2026-06-05,ISRG,-0.2604219507505451,-0.2663518720980008
2026-06-06,ISRG,-0.2764646659393474,-0.26972280337844967
2026-06-07,ISRG,-0.2766482308561986,-0.272031279204366
2026-06-08,ISRG,-0.2766482308561986,-0.27357026308831023
2026-06-09,ISRG,-0.2682775427219734,-0.27180602296619794
2026-06-10,ISRG,-0.2820000863883905,-0.2752040441069288
2026-06-11,ISRG,-0.2908517706080224,-0.28041995294062666
2026-06-12,ISRG,-0.278473272454921,-0.2797710594453915
2026-06-13,ISRG,-0.2913539163042862,-0.2836320117316897
2026-06-14,ISRG,-0.2914431803205343,-0.2862357345946379
2026-06-15,ISRG,-0.2914431799569284,-0.2879715497154014
2026-06-16,ISRG,-0.2765972635685668,-0.2841801209997899
2026-06-17,ISRG,-0.2887191317629536,-0.28569312458751117
2026-06-18,ISRG,-0.3011540289648505,-0.29084675937995763
2026-06-19,ISRG,-0.2855220947522224,-0.2890718711707126
2026-06-20,ISRG,-0.2821055373172221,-0.28674975988621576
2026-06-21,ISRG,-0.282105537484508,-0.2852016857523132
2026-06-22,ISRG,-0.2855221372357663,-0.2853085029134642
2026-06-23,ISRG,-0.2781767476322965,-0.282931251153075
2026-06-24,ISRG,-0.2858116846503947,-0.2838913956521816
2026-06-25,ISRG,-0.2884791381391202,-0.2854206431478278
2026-06-26,ISRG,-0.2727591056680552,-0.2812001306545703
2026-06-27,ISRG,-0.2686697370595874,-0.277023332789576
2026-06-28,ISRG,-0.2727945318583677,-0.27561373247917326
2026-06-29,ISRG,-0.2687761439368701,-0.27333453629840554
2026-06-30,ISRG,-0.2561684731301879,-0.267612515242333
2026-07-01,ISRG,-0.2634245070186701,-0.26621651250111206
2026-07-02,ISRG,-0.2808217444397656,-0.2710849231473299
2026-07-03,ISRG,-0.2478182087962153,-0.26332935169695837
2026-07-04,ISRG,-0.2479006006566615,-0.2581864346835261
2026-07-05,ISRG,-0.2477798415045958,-0.25471757029054937
2026-07-06,ISRG,-0.2475966881565888,-0.2523439429125625
2026-07-07,ISRG,-0.234887141643097,-0.246525009156074
2026-07-08,ISRG,-0.2544471391012703,-0.2491657191378061
2026-07-09,ISRG,-0.2693761886463561,-0.2559025423073228
2026-07-10,ISRG,-0.2591417419494734,-0.25698227552137304
2026-07-11,ISRG,-0.2705528915814477,-0.2615058142080646
2026-07-12,ISRG,-0.2706816104561383,-0.2645644129574225
2026-05-13,ITW,0.1468471720436359,0.1744900245737019
2026-05-22,ITW,0.1742204611498072,0.17440017009907036
2026-05-23,ITW,0.1825540109454474,0.17711811704786273
2026-05-24,ITW,0.1824638322105116,0.17890002210207903
2026-05-25,ITW,0.1824638315013441,0.18008795856850074
2026-05-26,ITW,0.182463831271335,0.18087991613611218
2026-05-27,ITW,0.1942872730915566,0.18534903512126033
2026-06-01,ITW,0.1980821979675724,0.18959342273669771
2026-06-02,ITW,0.2111437264613877,0.1967768573115944
2026-06-03,ITW,0.2124388102713867,0.20199750829819185
2026-06-04,ITW,0.2248233515123358,0.20960612270290652
2026-06-05,ITW,0.2252111811820486,0.21480780886262055
2026-06-06,ITW,0.2224521851808963,0.2173559343020458
2026-06-07,ITW,0.2222807769553665,0.2189975485198194
2026-06-08,ITW,0.2222807769553665,0.2200919579983351
2026-06-09,ITW,0.2308259010316905,0.2236699390094536
2026-06-10,ITW,0.2336453706711754,0.2269950828966942
2026-06-11,ITW,0.226700878359059,0.2268970147174825
2026-06-12,ITW,0.2309288036253454,0.2282409443534368
2026-06-13,ITW,0.236674768974132,0.2310522192270019
2026-06-14,ITW,0.2365935778039888,0.2328993387526642
2026-06-15,ITW,0.2365935781221368,0.23413075187582175
2026-06-16,ITW,0.2531526745598842,0.24047139277050927
2026-06-17,ITW,0.2662542070060498,0.24906566418235612
2026-06-18,ITW,0.2679608929756304,0.2553640737801142
2026-06-19,ITW,0.2734704349176903,0.2613995274926396
2026-06-20,ITW,0.2653833501428357,0.26272746837603833
2026-06-21,ITW,0.2653833499996323,0.2636127622505697
2026-06-22,ITW,0.2734704014960125,0.2668986419990506
2026-06-23,ITW,0.2720149943634398,0.26860409278718034
2026-06-24,ITW,0.2572114022251747,0.2648065292665118
2026-06-25,ITW,0.2585494111236242,0.2627208232188826
2026-06-26,ITW,0.2831660995041847,0.26953591531398335
2026-06-27,ITW,0.2712345106123002,0.27010211374675563
2026-06-28,ITW,0.2831346569446956,0.27444629481273564
2026-06-29,ITW,0.2700227689779439,0.2729717862011384
2026-06-30,ITW,0.2770081688634163,0.27431724708856436
2026-07-01,ITW,0.2836233556505869,0.2774192832759052
2026-07-02,ITW,0.280943875111466,0.27859414722109216
2026-07-03,ITW,0.2922028603750171,0.28313038493906717
2026-07-04,ITW,0.2921267790503133,0.2861291829761492
2026-07-05,ITW,0.2922326230041631,0.2881636629854872
2026-07-06,ITW,0.2923854690747667,0.2895709316819137
2026-07-07,ITW,0.296595531132953,0.2919124648322602
2026-07-08,ITW,0.2845879655259894,0.2894709650635033
2026-07-09,ITW,0.2593046643875506,0.27941553150485243
2026-07-10,ITW,0.2499377434067294,0.26958960213881145
2026-07-11,ITW,0.2577162740685006,0.2656318261153745
2026-07-12,ITW,0.25761180684169005,0.2629584863574797
2026-05-13,JBL,-0.2084399676931865,-0.16324752328311726
2026-05-22,JBL,-0.2072621275262143,-0.17791905803081629
2026-05-23,JBL,-0.2102568469410435,-0.188698321000892
2026-05-24,JBL,-0.2103061767659861,-0.19590093958925672
2026-05-25,JBL,-0.2103061777387204,-0.20070268563907798
2026-05-26,JBL,-0.2103061774865174,-0.20390384958822447
2026-05-27,JBL,-0.2154044501594413,-0.20773738311196344
2026-06-01,JBL,-0.2197787930709966,-0.21175118643164118
2026-06-02,JBL,-0.2458559688120426,-0.22311944722510835
2026-06-03,JBL,-0.2124637384766325,-0.21956754430894976
2026-06-04,JBL,-0.2025171615333154,-0.21388408338373832
2026-06-05,JBL,-0.19270878021267,-0.20682564899338224
2026-06-06,JBL,-0.1954349972739575,-0.20302876508690734
2026-06-07,JBL,-0.1955104241714999,-0.20052265144843823
2026-06-08,JBL,-0.1955104241714999,-0.19885190902279215
2026-06-09,JBL,-0.1956378586928714,-0.1977805589128186
2026-06-10,JBL,-0.2019655996849307,-0.19917557250352264
2026-06-11,JBL,-0.2228619339877427,-0.20707102633159602
2026-06-12,JBL,-0.185444261702654,-0.19986210478861538
2026-06-13,JBL,-0.1954333295877269,-0.19838584638831924
2026-06-14,JBL,-0.1954771901084174,-0.19741629429501864
2026-06-15,JBL,-0.1954771900004771,-0.19676992619683814
2026-06-16,JBL,-0.2258535884954197,-0.20646448029636533
2026-06-17,JBL,-0.2274889881275611,-0.2134726495734306
2026-06-18,JBL,-0.242253850326248,-0.22306638315770308
2026-06-19,JBL,-0.2488256936334297,-0.2316528199829453
2026-06-20,JBL,-0.2462274231167969,-0.23651102102756252
2026-06-21,JBL,-0.2462274231920272,-0.23974982174905074
2026-06-22,JBL,-0.2488257051817313,-0.24277511622661097
2026-06-23,JBL,-0.2810699010861162,-0.25554004451311274
2026-06-24,JBL,-0.2933694922942844,-0.26814986044017
2026-06-25,JBL,-0.3078592728655341,-0.28138633124862467
2026-06-26,JBL,-0.2894429424473111,-0.2840718683148535
2026-06-27,JBL,-0.3081486231221643,-0.29209745325062375
2026-06-28,JBL,-0.2894664368772265,-0.2912204477928247
2026-06-29,JBL,-0.3118876677267678,-0.2981095211041391
2026-06-30,JBL,-0.2622962930047871,-0.2861717784043551
2026-07-01,JBL,-0.2746637496246601,-0.28233576881112343
2026-07-02,JBL,-0.281168625070856,-0.28194672089770095
2026-07-03,JBL,-0.3349901068132764,-0.2996278495362261
2026-07-04,JBL,-0.3350552624934375,-0.31143698718862994
2026-07-05,JBL,-0.3349752417280844,-0.31928307203511475
2026-07-06,JBL,-0.3348748676746726,-0.3244803372483007
2026-07-07,JBL,-0.3419766316578705,-0.330312435384824
2026-07-08,JBL,-0.3954406870093524,-0.3520218525930002
2026-07-09,JBL,-0.4001985754640068,-0.368080760216669
2026-07-10,JBL,-0.4073549910815154,-0.38117217050495117
2026-07-11,JBL,-0.4396475885455123,-0.4006639765184716
2026-07-12,JBL,-0.43972621056504324,-0.4136847212006622
2026-05-13,JCI,-0.266147184429875,-0.28150746469804455
2026-05-22,JCI,-0.3115579347515723,-0.2915242880492205
2026-05-23,JCI,-0.3024871845308425,-0.29517858687642784
2026-05-24,JCI,-0.3025695125395773,-0.29764222876414437
2026-05-25,JCI,-0.3025695132993995,-0.2992846569425628
2026-05-26,JCI,-0.3025695134367326,-0.3003796091072861
2026-05-27,JCI,-0.2884752020352188,-0.296411473416597
2026-06-01,JCI,-0.3144881645773653,-0.3024370371368531
2026-06-02,JCI,-0.2912132419490369,-0.29869577207424775
2026-06-03,JCI,-0.2593880884465624,-0.2855932108650193
2026-06-04,JCI,-0.2293604783962918,-0.26684896670877684
2026-06-05,JCI,-0.2185016464864435,-0.2507331933013324
2026-06-06,JCI,-0.2211296164900919,-0.24086533436425228
2026-06-07,JCI,-0.2212702137159714,-0.234333627481492
2026-06-08,JCI,-0.2212702137159714,-0.22997915622631848
2026-06-09,JCI,-0.2273247867371766,-0.22909436639660452
2026-06-10,JCI,-0.2179468850831485,-0.2253785392921192
2026-06-11,JCI,-0.2450007007022957,-0.23191925976217806
2026-06-12,JCI,-0.2281679981116043,-0.2306688392119868
2026-06-13,JCI,-0.2329991262221116,-0.2314456015486951
2026-06-14,JCI,-0.2330706630062672,-0.23198728870121912
2026-06-15,JCI,-0.2330706627424828,-0.23234841338164036
2026-06-16,JCI,-0.2347451864391153,-0.23314733773413204
2026-06-17,JCI,-0.251077407075322,-0.23912402751452871
2026-06-18,JCI,-0.2452642806864597,-0.24117077857183905
2026-06-19,JCI,-0.233723309533966,-0.23868828889254806
2026-06-20,JCI,-0.2533674629845468,-0.24358134692321434
2026-06-21,JCI,-0.2533674631174711,-0.24684338565463326
2026-06-22,JCI,-0.2337233385172228,-0.2424700366088298
2026-06-23,JCI,-0.231546417045945,-0.2388288300878682
2026-06-24,JCI,-0.2726952488972211,-0.2501176363576525
2026-06-25,JCI,-0.2699314451392871,-0.25672223928486404
2026-06-26,JCI,-0.2393666527229017,-0.25093704376420994
2026-06-27,JCI,-0.2775571085635108,-0.25981039869731026
2026-06-28,JCI,-0.2393966818423445,-0.2530058264123217
2026-06-29,JCI,-0.2788980928110921,-0.2616365818785785
2026-06-30,JCI,-0.2496992965573861,-0.2576574867715144
2026-07-01,JCI,-0.2329627358463852,-0.24942590312980467
2026-07-02,JCI,-0.253309845759406,-0.25072055067300514
2026-07-03,JCI,-0.2675884710243972,-0.25634319079013584
2026-07-04,JCI,-0.2676646169742107,-0.2601169995181608
2026-07-05,JCI,-0.2675586202763845,-0.26259753977090206
2026-07-06,JCI,-0.2674054638341721,-0.2642001811253254
2026-07-07,JCI,-0.2605498927946394,-0.2629834183484301
2026-07-08,JCI,-0.2694921142641244,-0.2651529836536615
2026-07-09,JCI,-0.2814950107000968,-0.2706003260024733
2026-07-10,JCI,-0.2969790864523217,-0.2793932461524228
2026-07-11,JCI,-0.2972978040103815,-0.2853614321050757
2026-07-12,JCI,-0.2974010108152534,-0.2893746250084683
2026-05-13,JNJ,-0.1315228553396934,-0.13060688590396613
2026-05-22,JNJ,-0.1316187721408382,-0.13094418131625685
2026-05-23,JNJ,-0.1253181013084328,-0.12906882131364883
2026-05-24,JNJ,-0.1254010373267579,-0.12784622665135187
2026-05-25,JNJ,-0.1254010380826571,-0.1270311637951203
2026-05-26,JNJ,-0.1254010382271676,-0.12648778860580276
2026-05-27,JNJ,-0.1309726405757785,-0.12798273926246134
2026-06-01,JNJ,-0.1400339119681813,-0.13199979683103466
2026-06-02,JNJ,-0.1381240372779122,-0.13404121031332716
2026-06-03,JNJ,-0.1381077105578322,-0.13539671039482884
2026-06-04,JNJ,-0.1251678213916753,-0.131987080727111
2026-06-05,JNJ,-0.1267433937274562,-0.1302391850605594
2026-06-06,JNJ,-0.1213835783499431,-0.12728731615702066
2026-06-07,JNJ,-0.1215463892032622,-0.1253736738391012
2026-06-08,JNJ,-0.1215463892032622,-0.12409791229382154
2026-06-09,JNJ,-0.1258239278070808,-0.12467325079824129
2026-06-10,JNJ,-0.1203925766889727,-0.1232463594284851
2026-06-11,JNJ,-0.1178604608677637,-0.12145105990824463
2026-06-12,JNJ,-0.1229688898461521,-0.12195700322088046
2026-06-13,JNJ,-0.1185262588529601,-0.12081342176490702
2026-06-14,JNJ,-0.1186051980449739,-0.12007734719159598
2026-06-15,JNJ,-0.1186051977395068,-0.11958663070756625
2026-06-16,JNJ,-0.1174765056802423,-0.11888325569845827
2026-06-17,JNJ,-0.1289924836101769,-0.12225299833569782
2026-06-18,JNJ,-0.1218241678860565,-0.12211005485248405
2026-06-19,JNJ,-0.1350035529891197,-0.12640788756469595
2026-06-20,JNJ,-0.1317530017238716,-0.12818959228442117
2026-06-21,JNJ,-0.1317530018724821,-0.1293773954804415
2026-06-22,JNJ,-0.1350035891968197,-0.1312527933859009
2026-06-23,JNJ,-0.1196565432390399,-0.12738737667028058
2026-06-24,JNJ,-0.1003586228295715,-0.1183777920567109
2026-06-25,JNJ,-0.1079133448266893,-0.11488964298003704
2026-06-26,JNJ,-0.0995806041711716,-0.10978663004374856
2026-06-27,JNJ,-0.0898579075957577,-0.10314372256108495
2026-06-28,JNJ,-0.0996123083352856,-0.10196658448581851
2026-06-29,JNJ,-0.0912603601137598,-0.0983978430284656
2026-06-30,JNJ,-0.087839691772861,-0.09487845927659741
2026-07-01,JNJ,-0.0892860447154102,-0.09301432108953502
2026-07-02,JNJ,-0.0901861183435855,-0.09207158684088518
2026-07-03,JNJ,-0.0652750585500306,-0.08313941074393366
2026-07-04,JNJ,-0.0653497891725531,-0.07720953688680682
2026-07-05,JNJ,-0.0652471376561741,-0.07322207047659592
2026-07-06,JNJ,-0.0651007785317455,-0.07051497316164579
2026-07-07,JNJ,-0.0689771005161743,-0.07000234894648863
2026-07-08,JNJ,-0.0331525463181886,-0.05771908140372195
2026-07-09,JNJ,-0.0277980548862973,-0.047745405897913734
2026-07-10,JNJ,-0.0482272109314607,-0.04790600757576273
2026-07-11,JNJ,-0.053338221337641,-0.04971674549638882
2026-07-12,JNJ,-0.05342164220190681,-0.05095171106489482
2026-05-13,JPM,-0.1020913624072384,-0.12072717738886588
2026-05-22,JPM,-0.0656711903338418,-0.10237518170385786
2026-05-23,JPM,-0.0558211593583427,-0.0868571742553528
2026-05-24,JPM,-0.0558973049317662,-0.07653721781415727
2026-05-25,JPM,-0.055897305731479,-0.06965724711993118
2026-05-26,JPM,-0.0558973057958299,-0.06507060001189742
2026-05-27,JPM,-0.0683508403669472,-0.0661640134635807
2026-06-01,JPM,-0.0685583382515608,-0.06696212172624073
2026-06-02,JPM,-0.0850218039048811,-0.07298201578578753
2026-06-03,JPM,-0.0750287403218774,-0.07366425729781749
2026-06-04,JPM,-0.0662958515451431,-0.07120812204692603
2026-06-05,JPM,-0.0509496766906573,-0.06445530692816978
2026-06-06,JPM,-0.032434978739808,-0.05378186419871586
2026-06-07,JPM,-0.0325755236554655,-0.04671308401763241
2026-06-08,JPM,-0.0325755236554655,-0.04200056389691011
2026-06-09,JPM,-0.0359743512154524,-0.039991826336424216
2026-06-10,JPM,-0.0329192936310067,-0.037634315434618384
2026-06-11,JPM,-0.0340816622295094,-0.03645009769958206
2026-06-12,JPM,-0.0384370979948802,-0.03711243113134811
2026-06-13,JPM,-0.0276657424145029,-0.033963534892399706
2026-06-14,JPM,-0.0277354577689168,-0.031887509184572074
2026-06-15,JPM,-0.0277354575153888,-0.030503491961510983
2026-06-16,JPM,-0.0356572928563424,-0.03222142559312146
2026-06-17,JPM,-0.0170922527899921,-0.027178367992078338
2026-06-18,JPM,-0.0015424478076166,-0.01863306126392443
2026-06-19,JPM,-0.0328969000588706,-0.023387674195573156
2026-06-20,JPM,-0.029865435306473,-0.02554692789920644
2026-06-21,JPM,-0.0298654354304368,-0.02698643040961656
2026-06-22,JPM,-0.0328969279840303,-0.028956596267754476
2026-06-23,JPM,-0.0240170444575383,-0.02731007899768242
2026-06-24,JPM,-0.0131949621611848,-0.022605040052183216
2026-06-25,JPM,-0.0197200096978939,-0.021643363267420113
2026-06-26,JPM,-0.0258787357700992,-0.023055154101646477
2026-06-27,JPM,-0.0225367605674496,-0.022882356256914187
2026-06-28,JPM,-0.0259077937887541,-0.02389083543419416
2026-06-29,JPM,-0.0247278964092539,-0.024169855759214074
2026-06-30,JPM,-0.0332864689597286,-0.02720872682605225
2026-07-01,JPM,-0.044676282702315,-0.033031245451473165
2026-07-02,JPM,-0.0277133969215281,-0.03125862927482481
2026-07-03,JPM,-0.0218051060481919,-0.028107454865947176
2026-07-04,JPM,-0.0218770779466256,-0.026030662559506652
2026-07-05,JPM,-0.0217809467826044,-0.02461409063387257
2026-07-06,JPM,-0.0216478368369541,-0.023625339368233085
2026-07-07,JPM,-0.0207434801882608,-0.02266471964157566
2026-07-08,JPM,-0.0131660557841684,-0.01949849835577324
2026-07-09,JPM,-0.0381878001817066,-0.025728265631084362
2026-07-10,JPM,-0.038060474840676,-0.029839002034281574
2026-07-11,JPM,-0.0424255125812888,-0.03403450554995065
2026-07-12,JPM,-0.04250721521694211,-0.03685874210561447
2026-05-13,KDP,0.0634239594243626,0.08475263484814395
2026-05-22,KDP,0.0623071200958276,0.07727079659737185
2026-05-23,KDP,0.0433761374218015,0.06597257687218173
2026-05-24,KDP,0.0432928161087279,0.05841265661769712
2026-05-25,KDP,0.0432928153553147,0.05337270953023632
2026-05-26,KDP,0.0432928152062558,0.05001274475557615
2026-05-27,KDP,0.0779783335622058,0.059334607691119375
2026-06-01,KDP,0.0980343593635237,0.07223452491525414
2026-06-02,KDP,0.1034833049065735,0.08265078491236061
2026-06-03,KDP,0.1217559819771555,0.09568585060062558
2026-06-04,KDP,0.1396571682254432,0.1103429564755648
2026-06-05,KDP,0.1123951380022325,0.11102701698445405
2026-06-06,KDP,0.1410777717602738,0.12104393524306065
2026-06-07,KDP,0.1409390443671453,0.1276756382844222
2026-06-08,KDP,0.1409390443671453,0.1320967736453299
2026-06-09,KDP,0.1464506300378021,0.13688139244282063
2026-06-10,KDP,0.1742398225937573,0.14933420249313287
2026-06-11,KDP,0.1975151217109021,0.16539450889905594
2026-06-12,KDP,0.1532643332325278,0.16135111701021324
2026-06-13,KDP,0.1617102985108773,0.16147084417710125
2026-06-14,KDP,0.1616430355382025,0.16152824129746834
2026-06-15,KDP,0.1616430357779212,0.16156650612428597
2026-06-16,KDP,0.1578719014825012,0.16033497124369106
2026-06-17,KDP,0.1734469098681256,0.16470561745183593
2026-06-18,KDP,0.1544725342559363,0.1612945897198694
2026-06-19,KDP,0.1492278581838146,0.15727234587451783
2026-06-20,KDP,0.1522243252894277,0.15558967234615445
2026-06-21,KDP,0.1522243251694012,0.15446788995390337
2026-06-22,KDP,0.149227831581737,0.1527212038298479
2026-06-23,KDP,0.1559574936530944,0.1537999671042634
2026-06-24,KDP,0.1790327987296232,0.16221091097938334
2026-06-25,KDP,0.1913519579496975,0.1719245933028214
2026-06-26,KDP,0.1918394366670937,0.1785628744242455
2026-06-27,KDP,0.2058108695831687,0.1876455394772199
2026-06-28,KDP,0.1918123711138726,0.18903448335610415
2026-06-29,KDP,0.2081378369930674,0.19540226790175858
2026-06-30,KDP,0.189798149925768,0.19353422857642838
2026-07-01,KDP,0.1928589800092137,0.1933091457206902
2026-07-02,KDP,0.2468307896485397,0.21114969369664005
2026-07-03,KDP,0.277202778065151,0.2331673884861437
2026-07-04,KDP,0.2771404460909197,0.24782507435440237
2026-07-05,KDP,0.2772137929167904,0.2576213138751984
2026-07-06,KDP,0.277300605706561,0.2641810778189859
2026-07-07,KDP,0.2170004543139701,0.248454203317314
2026-07-08,KDP,0.2312819570086946,0.24273012121444087
2026-07-09,KDP,0.2341972652913499,0.2398858359067439
2026-07-10,KDP,0.1935178500943181,0.2244298406359353
2026-07-11,KDP,0.208953394582442,0.21927102528477088
2026-07-12,KDP,0.20889912363756225,0.21581372473570137
2026-05-13,KEYS,0.3318411755333213,0.32165808177844823
2026-05-22,KEYS,0.1975177183267754,0.2802779606278906
2026-05-23,KEYS,0.0179807846464549,0.19284556863407873
2026-05-24,KEYS,0.0179137991024719,0.13453497879020979
2026-05-25,KEYS,0.0179137982436565,0.09566125194135869
2026-05-26,KEYS,0.0179137982874377,0.06974543405671838
2026-05-27,KEYS,0.0372657385134585,0.05891886887563175
2026-06-01,KEYS,-0.0351805615212169,0.0275523920766822
2026-06-02,KEYS,-0.0405046853983829,0.004866699584993835
2026-06-03,KEYS,-0.0032687001972614,0.002154899657575424
2026-06-04,KEYS,0.0366860785331654,0.013665292616105414
2026-06-05,KEYS,0.0223363072173237,0.016555630816511513
2026-06-06,KEYS,0.0163785432629273,0.016496601631983444
2026-06-07,KEYS,0.0162543475038171,0.016415850255927997
2026-06-08,KEYS,0.0162543475038171,0.016362016005224366
2026-06-09,KEYS,0.0044272089919739,0.012383747000807546
2026-06-10,KEYS,0.0078228195994723,0.010863437867029131
2026-06-11,KEYS,-0.0119702152013956,0.0032522201775542223
2026-06-12,KEYS,0.0178152831005795,0.008106574485229315
2026-06-13,KEYS,0.0252698798958162,0.013827676288758277
2026-06-14,KEYS,0.0252072314093641,0.01762086132896022
2026-06-15,KEYS,0.0252072316230988,0.020149651427006414
2026-06-16,KEYS,0.0278144643529703,0.022704589068994377
2026-06-17,KEYS,0.0211728381040938,0.02219400541402752
2026-06-18,KEYS,0.0156814034086422,0.02002313807889908
2026-06-19,KEYS,0.0540712995978518,0.03137252525188332
2026-06-20,KEYS,-0.0026829256490061,0.020020708284920183
2026-06-21,KEYS,-0.0026829257628421,0.012452830268999423
2026-06-22,KEYS,0.0540712801999115,0.026325646912636787
2026-06-23,KEYS,0.0433738971076699,0.03200839697764783
2026-06-24,KEYS,-0.0047878460532511,0.019742982634014857
2026-06-25,KEYS,0.01041539210475,0.016633785790926572
2026-06-26,KEYS,0.0302224486889288,0.02116334009026065
2026-06-27,KEYS,-0.0299347822379382,0.004130632647527702
2026-06-28,KEYS,0.0301960519112694,0.0128191057354416
2026-06-29,KEYS,-0.0321895857568985,-0.0021837914286717656
2026-06-30,KEYS,0.0039436336915442,-0.0001413163885997774
2026-07-01,KEYS,0.0073129006279782,0.002343422616926215
2026-07-02,KEYS,-0.0268153867358949,-0.007376180500680824
2026-07-03,KEYS,-0.0798487538628984,-0.03153370495475335
2026-07-04,KEYS,-0.0799240530692257,-0.047663820992910805
2026-07-05,KEYS,-0.0798200576827701,-0.058382566556197245
2026-07-06,KEYS,-0.0796709678508704,-0.0654787003210883
2026-07-07,KEYS,-0.0693243408972804,-0.06676058051315234
2026-07-08,KEYS,-0.117393255238171,-0.08363813875482523
2026-07-09,KEYS,-0.1177469484898673,-0.09500774199983926
2026-07-10,KEYS,-0.1176758761239658,-0.10256378670788144
2026-07-11,KEYS,-0.1299059128785754,-0.11167782876477944
2026-07-12,KEYS,-0.1300119471716803,-0.11778920156707974
2026-05-13,KKR,-0.3690736783474254,-0.2408703132758704
2026-05-22,KKR,-0.299896941955953,-0.2605458561692313
2026-05-23,KKR,-0.3323832419636953,-0.28449165143405264
2026-05-24,KKR,-0.3324635311422859,-0.3004822780034637
2026-05-25,KKR,-0.3324635319152631,-0.3111426959740635
2026-05-26,KKR,-0.3324635320285283,-0.3182496413255518
2026-05-27,KKR,-0.3290979449102675,-0.3218657425204571
2026-06-01,KKR,-0.2730461877721502,-0.3055925576043548
2026-06-02,KKR,-0.288614696120716,-0.2999332704431419
2026-06-03,KKR,-0.313680935012809,-0.3045158252996976
2026-06-04,KKR,-0.3502951702263487,-0.31977560694191465
2026-06-05,KKR,-0.3066164133338146,-0.31538920907254797
2026-06-06,KKR,-0.308096601291315,-0.312958339812137
2026-06-07,KKR,-0.308247321320129,-0.311388000314801
2026-06-08,KKR,-0.308247321320129,-0.31034110731657705
2026-06-09,KKR,-0.303802104560512,-0.308161439731222
2026-06-10,KKR,-0.2639424217157058,-0.2934217670593833
2026-06-11,KKR,-0.2449822068722785,-0.27727524699701506
2026-06-12,KKR,-0.2763191859317948,-0.27695655997527496
2026-06-13,KKR,-0.2695227695596327,-0.27447862983672755
2026-06-14,KKR,-0.2695929479796787,-0.27285006921771127
2026-06-15,KKR,-0.2695929477235431,-0.27176436205298854
2026-06-16,KKR,-0.2821486787930488,-0.27522580096634197
2026-06-17,KKR,-0.2962594808029705,-0.2822370275785515
2026-06-18,KKR,-0.2984532223087609,-0.28764242582195465
2026-06-19,KKR,-0.3060264613196684,-0.29377043765452593
2026-06-20,KKR,-0.302914278743832,-0.2968183846842946
2026-06-21,KKR,-0.3029142788768764,-0.2988503494151552
2026-06-22,KKR,-0.3060264922963559,-0.3012423970422221
2026-06-23,KKR,-0.3065366863886376,-0.30300716015769397
2026-06-24,KKR,-0.3268687662505884,-0.31096102885532545
2026-06-25,KKR,-0.3259082917825048,-0.31594344983105194
2026-06-26,KKR,-0.3303986641144861,-0.3207618545921967
2026-06-27,KKR,-0.3483559582185493,-0.3299598891343143
2026-06-28,KKR,-0.3304303235977648,-0.33011670062213117
2026-06-29,KKR,-0.3494193516755792,-0.3365509176399472
2026-06-30,KKR,-0.3643339707348365,-0.34581193533824367
2026-07-01,KKR,-0.3482109536873464,-0.3466116081212779
2026-07-02,KKR,-0.341811393440548,-0.3450115365610346
2026-07-03,KKR,-0.3388851921783683,-0.34296942176681255
2026-07-04,KKR,-0.3389629570789109,-0.34163393353751204
2026-07-05,KKR,-0.3388531339276724,-0.3407070003342322
2026-07-06,KKR,-0.3386922022361234,-0.34003540096819596
2026-07-07,KKR,-0.3194002491657779,-0.33315701703405665
2026-07-08,KKR,-0.3252900639102728,-0.3305346993261287
2026-07-09,KKR,-0.3443006135393058,-0.33512333739718775
2026-07-10,KKR,-0.3112787634134901,-0.32717514606928855
2026-07-11,KKR,-0.3000258802681439,-0.31812539080224034
2026-07-12,KKR,-0.3001140701768714,-0.31212161726045073
2026-05-13,KLAC,0.0110135668451954,0.04289345846527501
2026-05-22,KLAC,0.0079716247595999,0.03125284723004998
2026-05-23,KLAC,0.0160060904183484,0.02617059495948279
2026-05-24,KLAC,0.0159475979910323,0.022762929303332628
2026-05-25,KLAC,0.0159475970774174,0.02049115189469422
2026-05-26,KLAC,0.0159475972214578,0.018976633670282083
2026-05-27,KLAC,0.0470564761146185,0.028336581151727554
2026-06-01,KLAC,-0.0019004729514213,0.018257563117344607
2026-06-02,KLAC,0.0268406016168682,0.02111857595051914
2026-06-03,KLAC,0.0552414509804918,0.032492867627176694
2026-06-04,KLAC,0.1016266365550808,0.055537457269811394
2026-06-05,KLAC,0.140062998884165,0.08371263780792926
2026-06-06,KLAC,0.063230896931852,0.07688539084923685
2026-06-07,KLAC,0.0631410953679701,0.07230395902214792
2026-06-08,KLAC,0.0631410953679701,0.06924967113742198
2026-06-09,KLAC,0.1190447571218663,0.08584803313223674
2026-06-10,KLAC,0.1421189061143851,0.10460499079295286
2026-06-11,KLAC,0.1764067724730738,0.12853891801965983
2026-06-12,KLAC,0.2582038056321062,0.17176054722380862
2026-06-13,KLAC,0.3002724229917135,0.2145978391464436
2026-06-14,KLAC,0.3002483879669018,0.24314802208659636
2026-06-15,KLAC,0.3002483879632054,0.2621814773787994
2026-06-16,KLAC,0.2487341205391638,0.25769902509892084
2026-06-17,KLAC,0.185405412355436,0.2336011541844259
2026-06-18,KLAC,0.1816969565655863,0.21629975497814602
2026-06-19,KLAC,0.2203311910451635,0.2176435670004852
2026-06-20,KLAC,0.2225737187815535,0.21928695092750797
2026-06-21,KLAC,0.2225737187463435,0.22038254020045314
2026-06-22,KLAC,0.2203311929456765,0.22036542444886095
2026-06-23,KLAC,0.2358783458020706,0.22553639823326418
2026-06-24,KLAC,0.1596087828385004,0.2035605264350096
2026-06-25,KLAC,0.1685642852157071,0.19189511269524212
2026-06-26,KLAC,0.2223220783477539,0.20203743457941273
2026-06-27,KLAC,0.2124844900463842,0.20551978640173657
2026-06-28,KLAC,0.222306328768581,0.21111530052401806
2026-06-29,KLAC,0.2060850854350612,0.20943856216103246
2026-06-30,KLAC,0.3123458952848837,0.24374100653564956
2026-07-01,KLAC,0.3562996559429204,0.28126055633807323
2026-07-02,KLAC,0.2660723876936675,0.27619783345660465
2026-07-03,KLAC,0.181557662896321,0.2446511099365101
2026-07-04,KLAC,0.1815073774765855,0.22360319911653523
2026-07-05,KLAC,0.1815522517994139,0.20958621667749477
2026-07-06,KLAC,0.18158120923684,0.20025121419727654
2026-07-07,KLAC,0.1475346161488873,0.18267901484781346
2026-07-08,KLAC,0.0909289878926473,0.15209567252942477
2026-07-09,KLAC,0.0694698628497497,0.12455373596953309
2026-07-10,KLAC,0.0540208914260581,0.10104278778837478
2026-07-11,KLAC,0.0513448630824982,0.08447681288641593
2026-07-12,KLAC,0.05132408047132781,0.07342590208138655
2026-05-13,KMB,0.0747664968360625,0.09384302365408503
2026-05-22,KMB,0.07455742848825,0.08741449193214004
2026-05-23,KMB,0.078024745141653,0.08428457633531103
2026-05-24,KMB,0.0779379241206771,0.08216902559709972
2026-05-25,KMB,0.0779379233898448,0.08075865819468142
2026-05-26,KMB,0.0779379231994727,0.07981841319627853
2026-05-27,KMB,0.0918287671418673,0.08382186451147479
2026-06-01,KMB,0.0923003770194741,0.08664803534747456
2026-06-02,KMB,0.1230293713209882,0.09877514733864579
2026-06-03,KMB,0.1187560497396363,0.10543544813897596
2026-06-04,KMB,0.1018312504350487,0.10423404890433355
2026-06-05,KMB,0.08434198569032,0.09760336116632903
2026-06-06,KMB,0.1170390945615164,0.10408193896472483
2026-06-07,KMB,0.1262269073499878,0.11146359509314582
2026-06-08,KMB,0.1262269073499878,0.11638469917875982
2026-06-09,KMB,0.1249802995465417,0.1192498993013538
2026-06-10,KMB,0.1469699569666131,0.1284899185231069
2026-06-11,KMB,0.1669490217473533,0.1413096195978557
2026-06-12,KMB,0.1493393148754487,0.1439861846903867
2026-06-13,KMB,0.1462892896085187,0.14475388632976405
2026-06-14,KMB,0.1462130467496004,0.14524027313637616
2026-06-15,KMB,0.1462130470398846,0.1455645311042123
2026-06-16,KMB,0.1502658272201788,0.14713162980953448
2026-06-17,KMB,0.1600883093839662,0.15145052300101175
2026-06-18,KMB,0.1526948221468088,0.1518652893829441
2026-06-19,KMB,0.1533871798511057,0.15237258620566463
2026-06-20,KMB,0.1565276262954243,0.15375759956891788
2026-06-21,KMB,0.1565276261592004,0.15468094176567873
2026-06-22,KMB,0.1533871478059058,0.1542496771124211
2026-06-23,KMB,0.1405376053565975,0.14967898652714656
2026-06-24,KMB,0.1674026866100796,0.15558688655479092
2026-06-25,KMB,0.1842758438976529,0.1651498723357449
2026-06-26,KMB,0.1832752965220381,0.17119168039784266
2026-06-27,KMB,0.1847565695562516,0.17571331011731234
2026-06-28,KMB,0.1832452618728694,0.17822396070249805
2026-06-29,KMB,0.1829103951057557,0.17978610550358395
2026-06-30,KMB,0.1956652657376971,0.18507915891495502
2026-07-01,KMB,0.2082029839410482,0.19278710059031942
2026-07-02,KMB,0.2198259166830951,0.20180003928791135
2026-07-03,KMB,0.261849388789185,0.22181648912166926
2026-07-04,KMB,0.2617810141827716,0.23513799747537006
2026-07-05,KMB,0.2618686430063082,0.24404821265234947
2026-07-06,KMB,0.2619844764271736,0.25002696724395757
2026-07-07,KMB,0.2403053813522633,0.24678643861339283
2026-07-08,KMB,0.3026694037738543,0.26541409366688
2026-07-09,KMB,0.2500843136537455,0.2603041669958352
2026-07-10,KMB,0.2238857306260713,0.24816468820591392
2026-07-11,KMB,0.2541202186212639,0.2501498650110306
2026-07-12,KMB,0.2540586875574197,0.251452805859827
2026-05-13,KMI,-0.1193547982251564,-0.12596350494978656
2026-05-22,KMI,-0.1339460059414917,-0.12862433861368827
2026-05-23,KMI,-0.125566598361601,-0.12760509186299251
2026-05-24,KMI,-0.125642148610788,-0.12695077744559102
2026-05-25,KMI,-0.1256421494143419,-0.1265145681018413
2026-05-26,KMI,-0.1256421494716652,-0.1262237618917826
2026-05-27,KMI,-0.146775265792804,-0.13307426319212307
2026-06-01,KMI,-0.2006095445257585,-0.1555860236366682
2026-06-02,KMI,-0.2044953033962326,-0.17188911688985634
2026-06-03,KMI,-0.1949909288048523,-0.17958972086152167
2026-06-04,KMI,-0.1884848215025019,-0.1825547544085151
2026-06-05,KMI,-0.1975163821286427,-0.18754196364855763
2026-06-06,KMI,-0.1945780258358166,-0.18988731771097728
2026-06-07,KMI,-0.1947417603718309,-0.19150546526459516
2026-06-08,KMI,-0.1947417603718309,-0.19258423030034044
2026-06-09,KMI,-0.1955452943859812,-0.1935712516622207
2026-06-10,KMI,-0.208226022053657,-0.1984561751260328
2026-06-11,KMI,-0.2077899902501509,-0.20156744683407218
2026-06-12,KMI,-0.2222197944342971,-0.20845156270081383
2026-06-13,KMI,-0.2068504330326556,-0.20791785281142777
2026-06-14,KMI,-0.2069313832618738,-0.20758902962824313
2026-06-15,KMI,-0.2069313829450825,-0.2073698140671896
2026-06-16,KMI,-0.2125299904868283,-0.20908987287373584
2026-06-17,KMI,-0.2145629963230128,-0.21091424735682818
2026-06-18,KMI,-0.2219981814944276,-0.21460889206936132
2026-06-19,KMI,-0.2077241415182015,-0.21231397521897472
2026-06-20,KMI,-0.2192281790929039,-0.2146187098436178
2026-06-21,KMI,-0.2192281792460552,-0.21615519964443028
2026-06-22,KMI,-0.2077241779819718,-0.21334485909027748
2026-06-23,KMI,-0.2020057196848854,-0.2095651459551468
2026-06-24,KMI,-0.2049822573913763,-0.20803751643388999
2026-06-25,KMI,-0.2057443727228617,-0.20727313519688056
2026-06-26,KMI,-0.1973390833721194,-0.20396178458862685
2026-06-27,KMI,-0.2075069962262391,-0.2051435218011643
2026-06-28,KMI,-0.1973718764720311,-0.2025529733581199
2026-06-29,KMI,-0.2082971298087318,-0.20446769217499056
2026-06-30,KMI,-0.2116119136284777,-0.20684909932615295
2026-07-01,KMI,-0.2028942546818045,-0.20553081777803683
2026-07-02,KMI,-0.2056751353529936,-0.20557892363635577
2026-07-03,KMI,-0.212074350601849,-0.20774406595818684
2026-07-04,KMI,-0.2121546963743233,-0.20921427609689902
2026-07-05,KMI,-0.2120387732312612,-0.21015577514168643
2026-07-06,KMI,-0.2118654465221144,-0.2107256656018291
2026-07-07,KMI,-0.2221162254216212,-0.21452251887509316
2026-07-08,KMI,-0.2144663506540104,-0.21450379613473225
2026-07-09,KMI,-0.1823792371157387,-0.20379560979506775
2026-07-10,KMI,-0.1850748729062283,-0.1975553641654546
2026-07-11,KMI,-0.1940137058095426,-0.19637481138015062
2026-07-12,KMI,-0.1941201097965358,-0.19562324418561236
2026-05-13,KO,-0.0092767066946825,0.0006780633045573008
2026-05-22,KO,-0.0293461503015411,-0.009330007897475498
2026-05-23,KO,-0.0261376563580217,-0.014932557384324233
2026-05-24,KO,-0.0262153694793927,-0.018693494749347055
2026-05-25,KO,-0.0262153702689912,-0.021200786589228436
2026-05-26,KO,-0.0262153703518467,-0.02287231451010119
2026-05-27,KO,-0.0310893920485573,-0.025611340356253228
2026-06-01,KO,-0.0369585333265273,-0.029393738013011254
2026-06-02,KO,-0.0375737034580514,-0.03212039316135797
2026-06-03,KO,-0.030308739153468,-0.031516508492061314
2026-06-04,KO,-0.022220832456049,-0.028417949813390544
2026-06-05,KO,-0.0489281094802469,-0.03525466970234266
2026-06-06,KO,-0.0264043129994326,-0.032304550801372636
2026-06-07,KO,-0.0265551176076434,-0.03038807307012956
2026-06-08,KO,-0.0265551176076434,-0.02911042124930084
2026-06-09,KO,-0.0284162591947491,-0.028879033897783596
2026-06-10,KO,-0.0163245706502933,-0.02469421281528683
2026-06-11,KO,0.0002119524418384,-0.016392157729578423
2026-06-12,KO,-0.0235141236988032,-0.018766146385986684
2026-06-13,KO,-0.0256313843925614,-0.021054559054844924
2026-06-14,KO,-0.0257056869711127,-0.022604935026934184
2026-06-15,KO,-0.0257056866917542,-0.023638518915207525
2026-06-16,KO,-0.0381380525352257,-0.02847169678854692
2026-06-17,KO,-0.034601761230758,-0.03051505160261728
2026-06-18,KO,-0.0229682496861221,-0.027999450963785557
2026-06-19,KO,-0.0305017807583089,-0.02883356089529334
2026-06-20,KO,-0.0273748765673194,-0.028347332785968696
2026-06-21,KO,-0.0273748767020199,-0.028023180757985766
2026-06-22,KO,-0.0305018122915454,-0.02884939126917231
2026-06-23,KO,-0.026271465036559,-0.027990082524967874
2026-06-24,KO,-0.0113717431224016,-0.022450636057445787
2026-06-25,KO,-0.0128328226762208,-0.019244698263704126
2026-06-26,KO,-0.0201114365801895,-0.01953361103586592
2026-06-27,KO,-0.0201086345128182,-0.01972528552818335
2026-06-28,KO,-0.0201419971373107,-0.019864189397892466
2026-06-29,KO,-0.0217629602471815,-0.020497113014322145
2026-06-30,KO,-0.0282432842279253,-0.0230791700855232
2026-07-01,KO,-0.0230194867146388,-0.023059275628561735
2026-07-02,KO,-0.0218996510348155,-0.02267273409731299
2026-07-03,KO,-0.0042417158188808,-0.016529061337835594
2026-07-04,KO,-0.0043156454844969,-0.01245792272005603
2026-07-05,KO,-0.0042148870611149,-0.009710244167075655
2026-07-06,KO,-0.0040723746502052,-0.007830954328118837
2026-07-07,KO,-0.0197170305569409,-0.011792979737726191
2026-07-08,KO,0.0067286293778688,-0.0056191100325278616
2026-07-09,KO,0.0125155772637752,0.0004257857329064917
2026-07-10,KO,-0.010491425643736,-0.0032132847259743386
2026-07-11,KO,-0.0026776150326617,-0.0030347281615367926
2026-07-12,KO,-0.002760835165551506,-0.002943430496208364
2026-05-13,KR,-0.4209522484132399,-0.42113581174241316
2026-05-22,KR,-0.4128122896352645,-0.4183613043733636
2026-05-23,KR,-0.4245246089270278,-0.4204157392245851
2026-05-24,KR,-0.42460612887264,-0.42181253577393674
2026-05-25,KR,-0.4246061296376761,-0.4227437337285166
2026-05-26,KR,-0.4246061297654702,-0.42336453240750116
2026-05-27,KR,-0.4279419085134021,-0.4248903244428015
2026-06-01,KR,-0.4571689220145952,-0.43564985696673275
2026-06-02,KR,-0.4564806612210689,-0.4425934583848449
2026-06-03,KR,-0.4528230580868425,-0.4460033249521774
2026-06-04,KR,-0.4816829911675724,-0.4578965470239758
2026-06-05,KR,-0.5012831852522136,-0.47235875976672176
2026-06-06,KR,-0.5003833611994662,-0.48170029357763666
2026-06-07,KR,-0.5005639310477825,-0.48798817273435197
2026-06-08,KR,-0.5005639310477825,-0.4921800921721622
2026-06-09,KR,-0.493611585776327,-0.4926572567068839
2026-06-10,KR,-0.508669936851827,-0.4979948167551983
2026-06-11,KR,-0.5225063619690422,-0.5061653318264796
2026-06-12,KR,-0.5280845234720174,-0.5134717290416589
2026-06-13,KR,-0.5114161627424064,-0.5127865402752414
2026-06-14,KR,-0.5115037966015991,-0.5123589590506941
2026-06-15,KR,-0.5115037962471725,-0.5120739047828535
2026-06-16,KR,-0.5080419414340926,-0.5107299169999333
2026-06-17,KR,-0.5193788637390045,-0.5136128992462904
2026-06-18,KR,-0.5332644787372923,-0.520163425743291
2026-06-19,KR,-0.5637619705846172,-0.5346962740237331
2026-06-20,KR,-0.5602475345534892,-0.5432133608669851
2026-06-21,KR,-0.5602475347317861,-0.5488914188219188
2026-06-22,KR,-0.5637620167684502,-0.553848284804096
2026-06-23,KR,-0.5534744041309697,-0.553723657913054
2026-06-24,KR,-0.5573443066359228,-0.5549305408206769
2026-06-25,KR,-0.5365409390272557,-0.5488006735562032
2026-06-26,KR,-0.5318229288315788,-0.5431414253146618
2026-06-27,KR,-0.5639137770698271,-0.5500655425663836
2026-06-28,KR,-0.5318592851554791,-0.5439967900960822
2026-06-29,KR,-0.5632519069521361,-0.5504151623814335
2026-06-30,KR,-0.5608020674450057,-0.553877464069291
2026-07-01,KR,-0.5469547259188382,-0.5515698846858067
2026-07-02,KR,-0.5567620948987608,-0.5533006214234581
2026-07-03,KR,-0.5789209502731429,-0.5618407310400197
2026-07-04,KR,-0.5790103352888578,-0.5675639324562991
2026-07-05,KR,-0.5788730475406085,-0.5713336374844022
2026-07-06,KR,-0.5786563085343776,-0.5737745278343941
2026-07-07,KR,-0.5785578887112218,-0.5753689814600034
2026-07-08,KR,-0.5941170714243247,-0.5816183447814438
2026-07-09,KR,-0.5517839022294284,-0.5716735305974388
2026-07-10,KR,-0.5317897476405602,-0.5583789362784792
2026-07-11,KR,-0.5115444961996879,-0.5427674562522155
2026-07-12,KR,-0.5116751145015401,-0.5324033423353237
2026-05-13,KVUE,-0.0234228575897393,-0.03990547878232958
2026-05-22,KVUE,-0.0196533142769604,-0.033154757280539855
2026-05-23,KVUE,-0.015367662609307,-0.02722572572346224
2026-05-24,KVUE,-0.0154520696061698,-0.023301173684364764
2026-05-25,KVUE,-0.0154520703525779,-0.020684805907102477
2026-05-26,KVUE,-0.015452070514453,-0.01894056077621932
2026-05-27,KVUE,-0.0041173811810367,-0.013999500911158449
2026-06-01,KVUE,-0.0069304682269217,-0.011643156683079532
2026-06-02,KVUE,0.0184317360739158,-0.001618192430747756
2026-06-03,KVUE,0.0153201618096068,0.004027925649370429
2026-06-04,KVUE,-0.0034685942655344,0.0015290856777354861
2026-06-05,KVUE,-0.0149144379655984,-0.003952088870042476
2026-06-06,KVUE,0.0179085684518579,0.003334796903924316
2026-06-07,KVUE,0.0177498993207587,0.008139831042869111
2026-06-08,KVUE,0.0177498993207587,0.011343187135498974
2026-06-09,KVUE,0.0187733364793119,0.013819903583436616
2026-06-10,KVUE,0.0373833214232254,0.021674376196699548
2026-06-11,KVUE,0.0492127266647862,0.03085382635272843
2026-06-12,KVUE,0.0360042800246709,0.032570644243375926
2026-06-13,KVUE,0.0317290177007554,0.03229010206250242
2026-06-14,KVUE,0.0316529419374714,0.03207771535415875
2026-06-15,KVUE,0.0316529422268147,0.03193612431171074
2026-06-16,KVUE,0.0334306447505159,0.03243429779131246
2026-06-17,KVUE,0.0402566652772382,0.035041753619954374
2026-06-18,KVUE,0.0381003272969987,0.03606127817896915
2026-06-19,KVUE,0.0344619839720553,0.035528180109997864
2026-06-20,KVUE,0.0328174674920577,0.034624609237351146
2026-06-21,KVUE,0.0328174673538868,0.0340222286095297
2026-06-22,KVUE,0.0344619516847629,0.03416880296794077
2026-06-23,KVUE,0.0258643764757006,0.03140066080386071
2026-06-24,KVUE,0.0489524004381699,0.03725124068196378
2026-06-25,KVUE,0.0604965031748641,0.044999661512930555
2026-06-26,KVUE,0.0582229389080739,0.04940742064464501
2026-06-27,KVUE,0.0575536725710707,0.05212283795345357
2026-06-28,KVUE,0.0581925565419007,0.05414607748293595
2026-06-29,KVUE,0.0558493348389137,0.054713829934928536
2026-06-30,KVUE,0.0604363360975195,0.05662133198912553
2026-07-01,KVUE,0.0752921296600979,0.06284493121278299
2026-07-02,KVUE,0.0834396026487098,0.06970982169142527
2026-07-03,KVUE,0.1177673880092716,0.08572901046404072
2026-07-04,KVUE,0.1176969748259942,0.09638499858469188
2026-07-05,KVUE,0.1177894219057367,0.10351980635837349
2026-07-06,KVUE,0.1179150458922601,0.1083182195363357
2026-07-07,KVUE,0.0982728746408751,0.10496977123784884
2026-07-08,KVUE,0.1447389891384734,0.11822617720472371
2026-07-09,KVUE,0.1189827445022828,0.1184783663039101
2026-07-10,KVUE,0.101282007259507,0.1127462466224424
2026-07-11,KVUE,0.1109199000330841,0.11213746442598965
2026-07-12,KVUE,0.11084959031061051,0.11170817305419661
2026-05-13,LHX,0.2799858791711637,0.2768953212730113
2026-05-22,LHX,0.2450822395316803,0.26629096069256764
2026-05-23,LHX,0.2640557453415154,0.26554588890888353
2026-05-24,LHX,0.2639673459097911,0.26501970790918605
2026-05-25,LHX,0.2639673451891431,0.26466892033583844
2026-05-26,LHX,0.2639673449801382,0.2644350618839384
2026-05-27,LHX,0.2976718909305857,0.2755140048994875
2026-06-01,LHX,0.2502496680616615,0.26709255928687886
2026-06-02,LHX,0.2638457273334139,0.2660102819690572
2026-06-03,LHX,0.257787346537014,0.2632693034917095
2026-06-04,LHX,0.2633805305674097,0.26330637918360955
2026-06-05,LHX,0.2524318664412572,0.2596815416028254
2026-06-06,LHX,0.223346017222858,0.24756970014283627
2026-06-07,LHX,0.2255325132849584,0.24022397119021033
2026-06-08,LHX,0.2255325132849584,0.23532681855512638
2026-06-09,LHX,0.2343624372825835,0.23500535813094545
2026-06-10,LHX,0.2244144046807991,0.23147504031423002
2026-06-11,LHX,0.220336985778231,0.22776235546889703
2026-06-12,LHX,0.2388315732653009,0.231452094734365
2026-06-13,LHX,0.2226587888736415,0.22852099278079052
2026-06-14,LHX,0.2225690743236257,0.2265370199617356
2026-06-15,LHX,0.2225690746897686,0.2252143715377466
2026-06-16,LHX,0.2200703293669946,0.2234996908141626
2026-06-17,LHX,0.2115954379857755,0.21953160653803358
2026-06-18,LHX,0.2346741543682414,0.2245791224814362
2026-06-19,LHX,0.2255498770023106,0.22490270732172768
2026-06-20,LHX,0.2289825650675446,0.22626265990366667
2026-06-21,LHX,0.2289825648984441,0.22716929490192583
2026-06-22,LHX,0.22554983390895,0.2266294745709339
2026-06-23,LHX,0.2331681082251781,0.22880901912234863
2026-06-24,LHX,0.2226864394848149,0.22676815924317073
2026-06-25,LHX,0.2060226862171031,0.21985300156781487
2026-06-26,LHX,0.232502728511238,0.2240695772156226
2026-06-27,LHX,0.2249257320676385,0.22435496216629458
2026-06-28,LHX,0.2324668004338566,0.22705890825548192
2026-06-29,LHX,0.225133476560399,0.22641709769045432
2026-06-30,LHX,0.2403224607520676,0.2310522187109921
2026-07-01,LHX,0.245555762515095,0.23588673331235976
2026-07-02,LHX,0.2138958122349821,0.22855642628656722
2026-07-03,LHX,0.2053247503703871,0.2208125343145072
2026-07-04,LHX,0.2052376198053701,0.21562089614479485
2026-07-05,LHX,0.2053695790711576,0.21220379045358245
2026-07-06,LHX,0.2055754907458462,0.2099943572176704
2026-07-07,LHX,0.2038298460765945,0.2079395201706451
2026-07-08,LHX,0.1812046145173537,0.19902788495288132
2026-07-09,LHX,0.1771380866596845,0.19173128552181573
2026-07-10,LHX,0.1867723560915714,0.19007830904506764
2026-07-11,LHX,0.1881609008883856,0.1894391729928403
2026-07-12,LHX,0.18801291675427312,0.18896375424665127
2026-05-13,LIN,-0.1768424862853445,-0.16771615961457226
2026-05-22,LIN,-0.2507588691241855,-0.19539706278444335
2026-05-23,LIN,-0.2538788268737902,-0.214890984147559
2026-05-24,LIN,-0.2539554091909992,-0.22791245916203906
2026-05-25,LIN,-0.2539554099878939,-0.23659344277065736
2026-05-26,LIN,-0.2539554100574005,-0.24238076519957175
2026-05-27,LIN,-0.2622499064540296,-0.24900381228439106
2026-06-01,LIN,-0.2828224589965813,-0.2602766945217878
2026-06-02,LIN,-0.2777971783389815,-0.2661168557941857
2026-06-03,LIN,-0.2770881842281507,-0.269773965272174
2026-06-04,LIN,-0.2550434026521953,-0.2648637777321811
2026-06-05,LIN,-0.2593816732985781,-0.2630364095876468
2026-06-06,LIN,-0.2446788079092589,-0.25691720902818416
2026-06-07,LIN,-0.2448242882732205,-0.2528862354431963
2026-06-08,LIN,-0.2448242882732205,-0.25019891971987107
2026-06-09,LIN,-0.2474485581318276,-0.24928213252385661
2026-06-10,LIN,-0.2407824969356627,-0.24644892066112534
2026-06-11,LIN,-0.2694267989989626,-0.25410821344040446
2026-06-12,LIN,-0.2752917174384348,-0.26116938143974794
2026-06-13,LIN,-0.2677787061410606,-0.26337248967351884
2026-06-14,LIN,-0.2678534162970258,-0.2648661318813545
2026-06-15,LIN,-0.2678534160153722,-0.2658618932593604
2026-06-16,LIN,-0.2666941465851627,-0.26613931103462785
2026-06-17,LIN,-0.2727272793778468,-0.26833530048236753
2026-06-18,LIN,-0.2668583622983844,-0.26784298775437315
2026-06-19,LIN,-0.2785132764239403,-0.2713997506442289
2026-06-20,LIN,-0.2730086263827627,-0.2719360425570735
2026-06-21,LIN,-0.2730086265193199,-0.272293570544489
2026-06-22,LIN,-0.2785133087838404,-0.2743668166242728
2026-06-23,LIN,-0.2542565975847868,-0.2676634102777775
2026-06-24,LIN,-0.2571858804165097,-0.2641709003240216
2026-06-25,LIN,-0.2692829447735885,-0.2658749151405439
2026-06-26,LIN,-0.2727519216006843,-0.2681672506272574
2026-06-27,LIN,-0.2804561117178865,-0.2722635376574671
2026-06-28,LIN,-0.2727830363233911,-0.27243670387944174
2026-06-29,LIN,-0.2818296945992461,-0.2755677007860432
2026-06-30,LIN,-0.2996509734929071,-0.2835954583549979
2026-07-01,LIN,-0.2749166814141617,-0.2807025327080525
2026-07-02,LIN,-0.254951980727983,-0.2721190153813627
2026-07-03,LIN,-0.2517811453751607,-0.2653397253792954
2026-07-04,LIN,-0.2518557424236142,-0.26084506439406835
2026-07-05,LIN,-0.2517534066147751,-0.2578145118009706
2026-07-06,LIN,-0.2516076889994871,-0.2557455708671428
2026-07-07,LIN,-0.25504917219672,-0.2555134379770019
2026-07-08,LIN,-0.2520986786057977,-0.25437518485326716
2026-07-09,LIN,-0.2518899632286103,-0.25354677764504824
2026-07-10,LIN,-0.2637377028594404,-0.2569437527165123
2026-07-11,LIN,-0.2629691472433887,-0.2589522175588045
2026-07-12,LIN,-0.26305946634458144,-0.2603213004873968
2026-05-13,LITE,0.4754400463606464,0.18658798472300311
2026-05-22,LITE,0.2036479426563917,0.19227463736746597
2026-05-23,LITE,0.1551963793264175,0.17991521802044985
2026-05-24,LITE,0.1551476182028624,0.17165935141458738
2026-05-25,LITE,0.1551476172264588,0.16615544001854454
2026-05-26,LITE,0.1551476174853751,0.1624861658408214
2026-05-27,LITE,0.0630997973246135,0.12935737633541877
2026-06-01,LITE,-0.0617590992246909,0.0656518844820489
2026-06-02,LITE,0.048641701372472,0.05998182344552327
2026-06-03,LITE,0.1768183078108907,0.09892731823397907
2026-06-04,LITE,0.1221607272880765,0.10667178791867822
2026-06-05,LITE,0.1057744289520942,0.10637266826315023
2026-06-06,LITE,0.1082861597091208,0.10701049874514042
2026-06-07,LITE,0.1081956692500177,0.10740555558009952
2026-06-08,LITE,0.1081956692500177,0.10766892680340559
2026-06-09,LITE,0.0855640869931914,0.10030064686666754
2026-06-10,LITE,0.0151089951132175,0.07190342961551753
2026-06-11,LITE,0.127898936167099,0.09056859846604469
2026-06-12,LITE,0.1250521953931657,0.10206313077508503
2026-06-13,LITE,0.1535420648903863,0.11922277548018545
2026-06-14,LITE,0.1534970004479982,0.13064751713612305
2026-06-15,LITE,0.1534970005627177,0.1382640116116546
2026-06-16,LITE,0.1363673370883049,0.13763178677053806
2026-06-17,LITE,-0.0023216594607568,0.09098063802677311
2026-06-18,LITE,-0.0728725022554247,0.036362924599373854
2026-06-19,LITE,-0.0428388468118188,0.009962334128976305
2026-06-20,LITE,-0.0398906734475049,-0.006655335063184097
2026-06-21,LITE,-0.0398906735620985,-0.017733781229488897
2026-06-22,LITE,-0.0428388715881571,-0.0261021446823783
2026-06-23,LITE,-0.027575561865198,-0.0265932837433182
2026-06-24,LITE,-0.1347439859790118,-0.06264351782188274
2026-06-25,LITE,-0.0998464117246966,-0.07504448245615403
2026-06-26,LITE,-0.0201084424091508,-0.056732469107152954
2026-06-27,LITE,-0.073165741458642,-0.06221022655764931
2026-06-28,LITE,-0.0201354641808769,-0.048185305765391845
2026-06-29,LITE,-0.075305742984928,-0.05722545150523724
2026-06-30,LITE,-0.0107470080846294,-0.0417326370317013
2026-07-01,LITE,-0.0368959901405562,-0.0401204214013196
2026-07-02,LITE,-0.1303404251682857,-0.0701937559903083
2026-07-03,LITE,-0.2557121023311626,-0.13203320477059308
2026-07-04,LITE,-0.2557977203701113,-0.17328804330376582
2026-07-05,LITE,-0.2556693360188852,-0.20074847420880562
2026-07-06,LITE,-0.2554706884734249,-0.21898921229701207
2026-07-07,LITE,-0.2051701527712419,-0.21438285912175536
2026-07-08,LITE,-0.2857896553200257,-0.23818512452117882
2026-07-09,LITE,-0.32232755157949,-0.26623260020728257
2026-07-10,LITE,-0.2424243563127873,-0.2582965189091175
2026-07-11,LITE,-0.2410462491699831,-0.2525464289960727
2026-07-12,LITE,-0.24117719559272816,-0.2487566845282912
2026-05-13,LLY,0.5146686968249311,0.45264962330274583
2026-05-22,LLY,0.5671741388254401,0.4908244618103106
2026-05-23,LLY,0.5984127675723994,0.5266872303976735
2026-05-24,LLY,0.5983356448256465,0.5505700352069979
2026-05-25,LLY,0.5983356440322387,0.5664919048154116
2026-05-26,LLY,0.5983356439563525,0.5771064845290585
2026-05-27,LLY,0.6098825153406595,0.5880318281329255
2026-06-01,LLY,0.6455149925450869,0.6071928829369794
2026-06-02,LLY,0.6265808563594855,0.6136555407444815
2026-06-03,LLY,0.6192422127958404,0.6155177647616011
2026-06-04,LLY,0.6365398368269897,0.6225251221167307
2026-06-05,LLY,0.6455025592597059,0.6301842678310559
2026-06-06,LLY,0.6599635079555917,0.6401106812059012
2026-06-07,LLY,0.6598307032505357,0.6466840218874461
2026-06-08,LLY,0.6598307032505357,0.651066249008476
2026-06-09,LLY,0.672324316908103,0.658152271641685
2026-06-10,LLY,0.669688413385261,0.661997652222877
2026-06-11,LLY,0.677710907220771,0.6672354038888417
2026-06-12,LLY,0.670593590960529,0.6683547995794041
2026-06-13,LLY,0.6494484439228714,0.6620526810272266
2026-06-14,LLY,0.6493802094001591,0.6578285238182041
2026-06-15,LLY,0.6493802096453487,0.655012419093919
2026-06-16,LLY,0.6875547144590397,0.6658598508822926
2026-06-17,LLY,0.6916018997424487,0.674440533835678
2026-06-18,LLY,0.6952373930713709,0.6813728202475757
2026-06-19,LLY,0.6732653421334598,0.6786703275428705
2026-06-20,LLY,0.6761997826479238,0.6778468125778883
2026-06-21,LLY,0.6761997825348751,0.6772978025635505
2026-06-22,LLY,0.6732653178762902,0.6759536410011304
2026-06-23,LLY,0.6747155119998662,0.6755409313340424
2026-06-24,LLY,0.7014539207236723,0.684178594463919
2026-06-25,LLY,0.7014522640408902,0.6899364843229094
2026-06-26,LLY,0.694254995246244,0.691375987964021
2026-06-27,LLY,0.7645294079331824,0.7157604612870748
2026-06-28,LLY,0.6942281408848487,0.7085830211529995
2026-06-29,LLY,0.7607581588226113,0.7259747337095368
2026-06-30,LLY,0.7455652405965931,0.732504902671889
2026-07-01,LLY,0.718431877325092,0.7278138942229566
2026-07-02,LLY,0.7073608557473658,0.7209962147310931
2026-07-03,LLY,0.7556999010718408,0.732564110178009
2026-07-04,LLY,0.7556362414517983,0.7402548206026055
2026-07-05,LLY,0.7557127262205066,0.7454074558085726
2026-07-06,LLY,0.7558059152248389,0.748873608947328
2026-07-07,LLY,0.7505908778459136,0.7494460319135232
2026-07-08,LLY,0.7937877740608688,0.7642266126293051
2026-07-09,LLY,0.7888256604577628,0.772426295238791
2026-07-10,LLY,0.7703677978601615,0.7717401294459145
2026-07-11,LLY,0.7573067245623377,0.7669289944847224
2026-07-12,LLY,0.75726918292364,0.763709057297695
2026-05-13,LMT,-0.1408287187523264,-0.12431389410638634
2026-05-22,LMT,-0.1614561488427542,-0.13669464568517564
2026-05-23,LMT,-0.1460838941127569,-0.13982439516103606
2026-05-24,LMT,-0.1461784891949591,-0.14194242650567707
2026-05-25,LMT,-0.1461784898756312,-0.14335444762899513
2026-05-26,LMT,-0.1461784901577744,-0.14429579513858823
2026-05-27,LMT,-0.1239082284172266,-0.13749993956480103
2026-06-01,LMT,-0.1359503051048605,-0.13698339474482085
2026-06-02,LMT,-0.1291193134734748,-0.13436203432103885
2026-06-03,LMT,-0.1302337402023614,-0.1329859362814797
2026-06-04,LMT,-0.1220740026461199,-0.1293486250696931
2026-06-05,LMT,-0.1372237011994523,-0.1319736504462795
2026-06-06,LMT,-0.1535013838782617,-0.13914956159027358
2026-06-07,LMT,-0.1536965348117882,-0.1439985526641118
2026-06-08,LMT,-0.1536965348117882,-0.14723121338000394
2026-06-09,LMT,-0.1408976415302724,-0.14512002276342678
2026-06-10,LMT,-0.1477568524628228,-0.14599896599655882
2026-06-11,LMT,-0.1610625972647341,-0.15102017641928392
2026-06-12,LMT,-0.1251083107385809,-0.1423828878590496
2026-06-13,LMT,-0.1298011591706123,-0.13818897829623716
2026-06-14,LMT,-0.1298909399173759,-0.13542296550328342
2026-06-15,LMT,-0.1298909395508603,-0.13357895685247573
2026-06-16,LMT,-0.1250205490475456,-0.13072615425083234
2026-06-17,LMT,-0.1444056252903257,-0.13528597793066346
2026-06-18,LMT,-0.133185243642761,-0.1345857331680293
2026-06-19,LMT,-0.1375641390820052,-0.1355785351393546
2026-06-20,LMT,-0.1341058730567186,-0.13508764777847593
2026-06-21,LMT,-0.1341058732286965,-0.13476038959521613
2026-06-22,LMT,-0.1375641831423375,-0.13569498744425662
2026-06-23,LMT,-0.1323556306570169,-0.13458186851517673
2026-06-24,LMT,-0.1346233614109319,-0.13459569948042846
2026-06-25,LMT,-0.1634885620456717,-0.14422665366884288
2026-06-26,LMT,-0.1296304851677462,-0.13936126416847733
2026-06-27,LMT,-0.1407033488566247,-0.13980862573119313
2026-06-28,LMT,-0.1296668129341374,-0.1364280214655079
2026-06-29,LMT,-0.140319482346815,-0.13772517509261026
2026-06-30,LMT,-0.1169469699865884,-0.1307991067239363
2026-07-01,LMT,-0.1046388714167614,-0.12207902828821135
2026-07-02,LMT,-0.124536254271647,-0.12289810361602324
2026-07-03,LMT,-0.1246944492297697,-0.12349688548727206
2026-07-04,LMT,-0.1247799892244284,-0.12392458673299084
2026-07-05,LMT,-0.128779352867211,-0.12554284211106423
2026-07-06,LMT,-0.1285796355724886,-0.12655510659820568
2026-07-07,LMT,-0.1479016312386587,-0.13367061481169004
2026-07-08,LMT,-0.1588511039599801,-0.1420641111944534
2026-07-09,LMT,-0.1506021711851345,-0.1449101311913471
2026-07-10,LMT,-0.1491115116880108,-0.14631059135690166
2026-07-11,LMT,-0.1386408678636536,-0.14375401685915232
2026-07-12,LMT,-0.13878073729032117,-0.14209625700287526
2026-05-13,LOW,-0.2636102377496001,-0.23604371615743613
2026-05-22,LOW,-0.2545337979931655,-0.24220707676934594
2026-05-23,LOW,-0.2633713081183403,-0.24926182055234408
2026-05-24,LOW,-0.2634684185679413,-0.2539973532242098
2026-05-25,LOW,-0.2634684192323837,-0.25715437522693446
2026-05-26,LOW,-0.2634684195442202,-0.2592590566660297
2026-05-27,LOW,-0.2301218492929515,-0.249546654208337
2026-06-01,LOW,-0.193971146100072,-0.23102148483891533
2026-06-02,LOW,-0.2015814680788229,-0.22120814591888455
2026-06-03,LOW,-0.2089058468866979,-0.21710737957482235
2026-06-04,LOW,-0.1972207565247299,-0.21047850522479156
2026-06-05,LOW,-0.2026709520886708,-0.20787598751275133
2026-06-06,LOW,-0.210028792682974,-0.2085935892361589
2026-06-07,LOW,-0.2102140330558862,-0.20913373717606804
2026-06-08,LOW,-0.2102140330558862,-0.2094938358026741
2026-06-09,LOW,-0.2154102733290682,-0.21146598164480548
2026-06-10,LOW,-0.1953322167343608,-0.20608806000799063
2026-06-11,LOW,-0.1835589758007539,-0.19857836527224504
2026-06-12,LOW,-0.1658068465199869,-0.187654525688159
2026-06-13,LOW,-0.1754621129098479,-0.18359038809538863
2026-06-14,LOW,-0.1755467044969988,-0.18090916022925868
2026-06-15,LOW,-0.1755467041597031,-0.17912167487274017
2026-06-16,LOW,-0.1668213597393504,-0.1750215698282769
2026-06-17,LOW,-0.1488386481534001,-0.16629392926998465
2026-06-18,LOW,-0.1537505015877324,-0.1621127867092339
2026-06-19,LOW,-0.1291539284722645,-0.15112650063024413
2026-06-20,LOW,-0.1513680940513982,-0.15120703177062883
2026-06-21,LOW,-0.1513680942038285,-0.15126071924836204
2026-06-22,LOW,-0.1291539637750141,-0.14389180075724606
2026-06-23,LOW,-0.1625964440395751,-0.15012668185135575
2026-06-24,LOW,-0.173857958007655,-0.15803710723678882
2026-06-25,LOW,-0.1578644482130383,-0.157979554228872
2026-06-26,LOW,-0.1502486847403841,-0.15540259773270937
2026-06-27,LOW,-0.1505779212580145,-0.15379437224114442
2026-06-28,LOW,-0.1502821755168352,-0.15262363999970802
2026-06-29,LOW,-0.1512643514238726,-0.15217054380776288
2026-06-30,LOW,-0.1563646773764213,-0.15356858833064901
2026-07-01,LOW,-0.1509250651044212,-0.1526874139219064
2026-07-02,LOW,-0.1586888795846696,-0.15468790247616082
2026-07-03,LOW,-0.1412342019619521,-0.15020333563809124
2026-07-04,LOW,-0.1413141253614636,-0.14724026554588204
2026-07-05,LOW,-0.1411992005134303,-0.14522657720173146
2026-07-06,LOW,-0.14102790231265,-0.14382701890537097
2026-07-07,LOW,-0.1624250333784729,-0.1500263570630716
2026-07-08,LOW,-0.1700367879986038,-0.156696500708249
2026-07-09,LOW,-0.2132526005732475,-0.17554853399658185
2026-07-10,LOW,-0.2176431521961886,-0.18958007339645078
2026-07-11,LOW,-0.2225418811414813,-0.2005673426447943
2026-07-12,LOW,-0.222678601191059,-0.2079377621602159
2026-05-13,LRCX,0.1326713500136813,0.16620065638394932
2026-05-22,LRCX,0.1335071850859785,0.15530283261795905
2026-05-23,LRCX,0.1318935061467723,0.14749972379423015
2026-05-24,LRCX,0.1318347469444385,0.1422780648442996
2026-05-25,LRCX,0.1318347460325448,0.13879695857371468
2026-05-26,LRCX,0.1318347461734361,0.13647622110695518
2026-05-27,LRCX,0.1602001392352419,0.1443841938163841
2026-06-01,LRCX,0.1997542988066723,0.1628408954798135
2026-06-02,LRCX,0.2112201641621104,0.1789673183739125
2026-06-03,LRCX,0.2404287031065286,0.19945444661811787
2026-06-04,LRCX,0.2842805851087811,0.22772982611500564
2026-06-05,LRCX,0.3150532385903095,0.25683763027344025
2026-06-06,LRCX,0.2414670295121425,0.25171409668634104
2026-06-07,LRCX,0.2413932152067341,0.2482738028598054
2026-06-08,LRCX,0.2413932152067341,0.245980273642115
2026-06-09,LRCX,0.274331841916876,0.2554307964003687
2026-06-10,LRCX,0.2842935875242058,0.2650517267749811
2026-06-11,LRCX,0.3086912234693288,0.27959822567309706
2026-06-12,LRCX,0.380740525764113,0.3133123257034357
2026-06-13,LRCX,0.3531489671963187,0.3265912062010634
2026-06-14,LRCX,0.3531178430814515,0.3354334184945261
2026-06-15,LRCX,0.3531178431176736,0.34132822670224194
2026-06-16,LRCX,0.3573384353961317,0.34666496293353855
2026-06-17,LRCX,0.330767973415456,0.34136596642751105
2026-06-18,LRCX,0.3118641006166542,0.3315320111572254
2026-06-19,LRCX,0.3215597075983609,0.3282079099709373
2026-06-20,LRCX,0.3238412152908633,0.32675234507757933
2026-06-21,LRCX,0.3238412152512682,0.32578196846880897
2026-06-22,LRCX,0.3215597080252412,0.324374548320953
2026-06-23,LRCX,0.3394585467102411,0.3294025477840491
2026-06-24,LRCX,0.2733510803735234,0.3107187253138739
2026-06-25,LRCX,0.3181494380471471,0.3131956295582983
2026-06-26,LRCX,0.4028274946832682,0.3430729179332883
2026-06-27,LRCX,0.3719990984532659,0.35271497810661423
2026-06-28,LRCX,0.4028141586865925,0.369414704966607
2026-06-29,LRCX,0.3650742111714418,0.36796787370155193
2026-06-30,LRCX,0.4517652038559634,0.39590031708635576
2026-07-01,LRCX,0.4629442759128188,0.41824830336184343
2026-07-02,LRCX,0.3907126511870169,0.4090697526369013
2026-07-03,LRCX,0.3395034095951619,0.3858809716229882
2026-07-04,LRCX,0.3394560058791023,0.3704059830416929
2026-07-05,LRCX,0.3394940691825052,0.36010201175529705
2026-07-06,LRCX,0.3395091868135715,0.35323773677472187
2026-07-07,LRCX,0.3160599812857334,0.34084515161172574
2026-07-08,LRCX,0.2525635490976866,0.3114179507737127
2026-07-09,LRCX,0.2110759984360156,0.2779706333278137
2026-07-10,LRCX,0.1993164841349298,0.25175258359685243
2026-07-11,LRCX,0.1661115235147163,0.22320556356947374
2026-07-12,LRCX,0.16608956460306562,0.20416689724733772
2026-05-13,LVS,-0.0614478827149774,-0.03964137132441227
2026-05-22,LVS,-0.0678983284186732,-0.04906035702249925
2026-05-23,LVS,-0.0553319070526731,-0.05115087369922387
2026-05-24,LVS,-0.0554187405102545,-0.052573495969567424
2026-05-25,LVS,-0.0554187412410065,-0.053521911060047125
2026-05-26,LVS,-0.0554187414315254,-0.05415418785053989
2026-05-27,LVS,-0.0464934419609496,-0.05160060588734312
2026-06-01,LVS,-0.03952732058625,-0.04757617745364542
2026-06-02,LVS,-0.0018995363068211,-0.032350630404703984
2026-06-03,LVS,-0.0286132805841259,-0.031104847131177955
2026-06-04,LVS,-0.0237812958078877,-0.02866366335674787
2026-06-05,LVS,-0.0215624522357167,-0.026296592983070816
2026-06-06,LVS,-0.0341697262150041,-0.02892097072704858
2026-06-07,LVS,-0.0343377312258436,-0.03072655755998025
2026-06-08,LVS,-0.0343377312258436,-0.031930282115268036
2026-06-09,LVS,-0.0309396800339712,-0.031600081421502425
2026-06-10,LVS,-0.0375336255971352,-0.03357792948004669
2026-06-11,LVS,-0.0395638689756621,-0.03557324264525183
2026-06-12,LVS,-0.0455572829405165,-0.03890125607700672
2026-06-13,LVS,-0.0426691071453455,-0.04015720643311965
2026-06-14,LVS,-0.0427513785507067,-0.04102193047231534
2026-06-15,LVS,-0.0427513782264759,-0.04159841305703553
2026-06-16,LVS,-0.0549013257643403,-0.04603271729280379
2026-06-17,LVS,-0.0782498976399646,-0.05677177740852406
2026-06-18,LVS,-0.0787784138470567,-0.06410732288803495
2026-06-19,LVS,-0.0576901496107034,-0.061968265128924435
2026-06-20,LVS,-0.0719956628090553,-0.0653107310223014
2026-06-21,LVS,-0.0719956629696714,-0.06753904167142474
2026-06-22,LVS,-0.0576901883368531,-0.06425609055990086
2026-06-23,LVS,-0.0676292145307373,-0.06538046521684635
2026-06-24,LVS,-0.0884497287063528,-0.0730702197133485
2026-06-25,LVS,-0.0832876977560078,-0.07647604572756828
2026-06-26,LVS,-0.0695348454259314,-0.07416231229368933
2026-06-27,LVS,-0.0710776421723419,-0.07313408891990686
2026-06-28,LVS,-0.0695695267065898,-0.07194590151546784
2026-06-29,LVS,-0.071357045513213,-0.0717496161813829
2026-06-30,LVS,-0.0685366043906079,-0.07067861225112457
2026-07-01,LVS,-0.0795819974654571,-0.07364640732256875
2026-07-02,LVS,-0.1030362350049879,-0.0834430165500418
2026-07-03,LVS,-0.115975109596613,-0.09428704756556554
2026-07-04,LVS,-0.1160613059420347,-0.10154513369105526
2026-07-05,LVS,-0.1159315547408251,-0.10634060737431188
2026-07-06,LVS,-0.1157301297933472,-0.10947044818065699
2026-07-07,LVS,-0.1174224459320552,-0.11212111409778974
2026-07-08,LVS,-0.137460287039661,-0.1205675050784135
2026-07-09,LVS,-0.1239560049672224,-0.12169700504134981
2026-07-10,LVS,-0.1109319726978076,-0.11810866092683574
2026-07-11,LVS,-0.1050998438932003,-0.1137723885822906
2026-07-12,LVS,-0.10523458979654432,-0.11092645565370851
2026-05-13,LYV,-0.4734414660242591,-0.3676014873219344
2026-05-22,LYV,-0.5162126032977377,-0.41713852598053547
2026-05-23,LYV,-0.5157510555428546,-0.45000936916797524
2026-05-24,LYV,-0.5158262262678256,-0.47194832153459204
2026-05-25,LYV,-0.5158262270738283,-0.48657429004767083
2026-05-26,LYV,-0.5158262271266714,-0.49632493574067105
2026-05-27,LYV,-0.4961336117462529,-0.49626116107586504
2026-06-01,LYV,-0.5179150987198256,-0.5034791402905185
2026-06-02,LYV,-0.5199113066282438,-0.5089565290697603
2026-06-03,LYV,-0.5165366824029849,-0.5114832468475019
2026-06-04,LYV,-0.5366195047642502,-0.519861999486418
2026-06-05,LYV,-0.5471426334216054,-0.5289555441314805
2026-06-06,LYV,-0.5845919516850706,-0.5475010133160105
2026-06-07,LYV,-0.5847546866580026,-0.5599189044300079
2026-06-08,LYV,-0.5847546866580026,-0.5681974985060061
2026-06-09,LYV,-0.5855770397811724,-0.5739906789310616
2026-06-10,LYV,-0.5839389792668498,-0.577306779042991
2026-06-11,LYV,-0.5422003532608638,-0.5656046371156154
2026-06-12,LYV,-0.5025306126799087,-0.5445799623037132
2026-06-13,LYV,-0.5151696325917098,-0.5347765190663787
2026-06-14,LYV,-0.5152413389877715,-0.5282647923735097
2026-06-15,LYV,-0.515241338723032,-0.5239236411566838
2026-06-16,LYV,-0.4988839505765132,-0.5155770776299602
2026-06-17,LYV,-0.5154788831649819,-0.5155443461416341
2026-06-18,LYV,-0.5048728528606711,-0.5119871817146464
2026-06-19,LYV,-0.4963180559318477,-0.5067641397870468
2026-06-20,LYV,-0.5155156332682559,-0.5096813042807832
2026-06-21,LYV,-0.515515633396456,-0.5116260806526741
2026-06-22,LYV,-0.4963180833694346,-0.5065234148915944
2026-06-23,LYV,-0.507578284669109,-0.506875038150766
2026-06-24,LYV,-0.51095432017392,-0.5082347988251507
2026-06-25,LYV,-0.5072156773142773,-0.5078950916548596
2026-06-26,LYV,-0.5766011934905233,-0.5307971256000809
2026-06-27,LYV,-0.5429278033266209,-0.5348406848422609
2026-06-28,LYV,-0.5766299957824388,-0.5487704551556536
2026-06-29,LYV,-0.545590677803587,-0.5477105293716314
2026-06-30,LYV,-0.5589551439512705,-0.5514587342315111
2026-07-01,LYV,-0.5583664135781291,-0.5537612940137171
2026-07-02,LYV,-0.5418481101260554,-0.5497902327178299
2026-07-03,LYV,-0.5382029721907984,-0.5459278125421527
2026-07-04,LYV,-0.5382719635257353,-0.5433758628700136
2026-07-05,LYV,-0.5381828770401955,-0.5416448675934076
2026-07-06,LYV,-0.5380640816897563,-0.5404512722921906
2026-07-07,LYV,-0.5768987728250576,-0.5526004391364796
2026-07-08,LYV,-0.5578307493850846,-0.5543438758860146
2026-07-09,LYV,-0.566572218062803,-0.5584199899449441
2026-07-10,LYV,-0.5727204897911347,-0.5631868232270076
2026-07-11,LYV,-0.5774810956993225,-0.5679515807177793
2026-07-12,LYV,-0.5775555904478651,-0.5711529172944746
2026-05-13,MA,0.2898864078649267,0.2799653660347976
2026-05-22,MA,0.3473621858320936,0.3024309726338963
2026-05-23,MA,0.3481871373168152,0.31768302752820265
2026-05-24,MA,0.3481083325872837,0.3278247958812297
2026-05-25,MA,0.3481083318047286,0.334585974522396
2026-05-26,MA,0.348108331708987,0.3390934269179263
2026-05-27,MA,0.3261636972956853,0.334783517043846
2026-06-01,MA,0.3198227257737648,0.3297965866204856
2026-06-02,MA,0.3169295270944114,0.32550756677846093
2026-06-03,MA,0.2972355532453856,0.31608356226743584
2026-06-04,MA,0.2885163995117891,0.3068945080155536
2026-06-05,MA,0.2906440476506195,0.30147768789390894
2026-06-06,MA,0.3027461855830464,0.30190052045695476
2026-06-07,MA,0.3025805677062096,0.3021272028733731
2026-06-08,MA,0.3025805677062096,0.30227832448431863
2026-06-09,MA,0.3001124758704396,0.30155637494635895
2026-06-10,MA,0.3166878690894834,0.3066002063274004
2026-06-11,MA,0.3125108837652376,0.30857043214001284
2026-06-12,MA,0.3025041592979473,0.30654834119265767
2026-06-13,MA,0.2958870387101024,0.3029945736984726
2026-06-14,MA,0.2958059114826343,0.3005983529598598
2026-06-15,MA,0.2958059118004221,0.2990008725733806
2026-06-16,MA,0.3016210008645423,0.29987424867043455
2026-06-17,MA,0.326414431156418,0.3087209761657624
2026-06-18,MA,0.3222050416102452,0.3132156646472567
2026-06-19,MA,0.3070189278835912,0.31115008572603486
2026-06-20,MA,0.3201569832807413,0.314152384910937
2026-06-21,MA,0.3201569831365529,0.316153917652809
2026-06-22,MA,0.3070188923098706,0.3131089092051629
2026-06-23,MA,0.3043639211969344,0.31019391320242007
2026-06-24,MA,0.3071331781139585,0.3091736681729329
2026-06-25,MA,0.3100064652613547,0.30945126720240684
2026-06-26,MA,0.3071472269926473,0.3086832537991537
2026-06-27,MA,0.3252855957972688,0.3142173677985254
2026-06-28,MA,0.3071144382814987,0.3118497246261832
2026-06-29,MA,0.3241322617255346,0.31594390365930036
2026-06-30,MA,0.3267222070027706,0.31953667144045717
2026-07-01,MA,0.3372326235018103,0.3254353221275749
2026-07-02,MA,0.3558220866077525,0.3355642436209675
2026-07-03,MA,0.3740261579903336,0.34838488174408955
2026-07-04,MA,0.3739517672866336,0.35690717692493756
2026-07-05,MA,0.3740536153915716,0.3626226564138156
2026-07-06,MA,0.3741983420057876,0.3664812182778063
2026-07-07,MA,0.3533374611201145,0.36209996589190907
2026-07-08,MA,0.3556342673034922,0.35994473302910346
2026-07-09,MA,0.3485486139160036,0.35614602665807016
2026-07-10,MA,0.3552412682289986,0.3558444405150463
2026-07-11,MA,0.3613998012530769,0.3576962274277232
2026-07-12,MA,0.36130993363257663,0.35890079616267434
2026-05-13,MAR,-0.2684589633208397,-0.2699093686768621
2026-05-22,MAR,-0.1984414736274959,-0.24608673699374006
2026-05-23,MAR,-0.202621172354351,-0.23159821544727704
2026-05-24,MAR,-0.2010812926063601,-0.22142590783363808
2026-05-25,MAR,-0.2010812934290245,-0.2146443696987669
2026-05-26,MAR,-0.2010812934513839,-0.21012334428297258
2026-05-27,MAR,-0.2003243744992201,-0.20685702102172177
2026-06-01,MAR,-0.1624353697448029,-0.1920498039294155
2026-06-02,MAR,-0.1872333363490145,-0.19044431473594853
2026-06-03,MAR,-0.1915300324852887,-0.19080622065239528
2026-06-04,MAR,-0.1858487348275119,-0.18915372537743416
2026-06-05,MAR,-0.1661914628225004,-0.18149963785912293
2026-06-06,MAR,-0.1312538139464164,-0.16475102988822077
2026-06-07,MAR,-0.1313730288429648,-0.15362502953980212
2026-06-08,MAR,-0.1313730288429648,-0.1462076959741897
2026-06-09,MAR,-0.1337074352962755,-0.14204094241488496
2026-06-10,MAR,-0.1274917720722529,-0.13719121896734093
2026-06-11,MAR,-0.1216904587878388,-0.1320242989075069
2026-06-12,MAR,-0.114103770687047,-0.12605078950068693
2026-06-13,MAR,-0.1234527138473657,-0.1251847642829132
2026-06-14,MAR,-0.1235134632067719,-0.12462766392419944
2026-06-15,MAR,-0.1235134630037311,-0.12425626361737667
2026-06-16,MAR,-0.1480245007999125,-0.13217900934488863
2026-06-17,MAR,-0.1404545898813444,-0.1349375361903739
2026-06-18,MAR,-0.144906063611637,-0.13826037866412827
2026-06-19,MAR,-0.1525381439277554,-0.143019633752004
2026-06-20,MAR,-0.1639584212869316,-0.14999922959697987
2026-06-21,MAR,-0.1639584213994877,-0.15465229353114915
2026-06-22,MAR,-0.1525381667876528,-0.15394758461665037
2026-06-23,MAR,-0.186076866282422,-0.1646573451719076
2026-06-24,MAR,-0.1618157012128258,-0.16371013051888034
2026-06-25,MAR,-0.170777745565447,-0.16606600220106923
2026-06-26,MAR,-0.198760264672141,-0.17696408969142652
2026-06-27,MAR,-0.1886050471790152,-0.18084440885395608
2026-06-28,MAR,-0.1987890983258259,-0.186825972011246
2026-06-29,MAR,-0.1909570431602325,-0.18820299572757485
2026-06-30,MAR,-0.2069469425366209,-0.19445097799725689
2026-07-01,MAR,-0.214394953210599,-0.2010989697350376
2026-07-02,MAR,-0.2252715987892558,-0.20915651275311034
2026-07-03,MAR,-0.2115010314772912,-0.20993801899450398
2026-07-04,MAR,-0.2115738078718784,-0.2104832819536288
2026-07-05,MAR,-0.2114757752497112,-0.21081411305232295
2026-07-06,MAR,-0.2113388015927868,-0.2109890092324776
2026-07-07,MAR,-0.2115711623133254,-0.21118306025942687
2026-07-08,MAR,-0.1863004772782296,-0.20288886593236113
2026-07-09,MAR,-0.2262894706007866,-0.21068906748850297
2026-07-10,MAR,-0.2383737026406707,-0.2199172792058922
2026-07-11,MAR,-0.2415181014667654,-0.22711755329284997
2026-07-12,MAR,-0.241606425609847,-0.23194717739851567
2026-05-13,MCD,-0.2657947155554699,-0.26254410516175464
2026-05-22,MCD,-0.2816954054823021,-0.26892787193527046
2026-05-23,MCD,-0.2776349057162888,-0.27183021652894324
2026-05-24,MCD,-0.2777258369902217,-0.2737954233493694
2026-05-25,MCD,-0.2777258376945336,-0.2751055614644241
2026-05-26,MCD,-0.2777258379334263,-0.2759789869540915
2026-05-27,MCD,-0.278235910185925,-0.27673129469803603
2026-06-01,MCD,-0.265705222112126,-0.27305593716939935
2026-06-02,MCD,-0.2615608611852759,-0.26922424517469157
2026-06-03,MCD,-0.263314637514251,-0.2672543759545447
2026-06-04,MCD,-0.2575523634486105,-0.2640203717859
2026-06-05,MCD,-0.2699545647650389,-0.26599843611227963
2026-06-06,MCD,-0.2785945478616325,-0.27019714002873063
2026-06-07,MCD,-0.278778763801735,-0.27305768128639873
2026-06-08,MCD,-0.278778763801735,-0.2749647087915108
2026-06-09,MCD,-0.2739130530078332,-0.2746141568636183
2026-06-10,MCD,-0.2756919139519298,-0.2749734092263888
2026-06-11,MCD,-0.2771140520988081,-0.2756869568505286
2026-06-12,MCD,-0.2757029243500953,-0.27569227935038415
2026-06-13,MCD,-0.2730099870074047,-0.27479818190272437
2026-06-14,MCD,-0.2730972994822224,-0.2742312210958904
2026-06-15,MCD,-0.2730972991296055,-0.27385324710712877
2026-06-16,MCD,-0.2639861323838119,-0.27056420886602317
2026-06-17,MCD,-0.258420324662353,-0.2665162474647998
2026-06-18,MCD,-0.2443459888614731,-0.2591261612636909
2026-06-19,MCD,-0.2517509367702161,-0.2566677530991993
2026-06-20,MCD,-0.2484103563826308,-0.2539152875270098
2026-06-21,MCD,-0.2484103565413693,-0.25208031053179636
2026-06-22,MCD,-0.2517509763814566,-0.2519705324816831
2026-06-23,MCD,-0.2562865754559482,-0.25340921347310486
2026-06-24,MCD,-0.2635318240452015,-0.2567834169971371
2026-06-25,MCD,-0.2684813729308225,-0.2606827356416989
2026-06-26,MCD,-0.2675217469798113,-0.26296240608773636
2026-06-27,MCD,-0.2720432065085049,-0.26598933956132587
2026-06-28,MCD,-0.2675569815649734,-0.26651188689587507
2026-06-29,MCD,-0.2721025787103758,-0.268375450834042
2026-06-30,MCD,-0.2686873071742124,-0.26847940294743217
2026-07-01,MCD,-0.2562271025354493,-0.26439530281010454
2026-07-02,MCD,-0.2702099292907028,-0.2663335116369706
2026-07-03,MCD,-0.2636752260485828,-0.26544741644084136
2026-07-04,MCD,-0.2637587956923705,-0.26488454285801777
2026-07-05,MCD,-0.2636352528032798,-0.2644681128397718
2026-07-06,MCD,-0.2679021300130977,-0.26561278523088044
2026-07-07,MCD,-0.2725419305847666,-0.2679225003488425
2026-07-08,MCD,-0.2679331089565094,-0.26792603655139813
2026-07-09,MCD,-0.2621864103399971,-0.2660128278142645
2026-07-10,MCD,-0.267537842181291,-0.2665211659366067
2026-07-11,MCD,-0.2689294692570948,-0.26732393371010277
2026-07-12,MCD,-0.26905776157412176,-0.26790187633144247
2026-05-13,MCHP,-0.0444303854434091,0.0638098200684333
2026-05-22,MCHP,-0.0826099261173189,0.015003238006515908
2026-05-23,MCHP,-0.0537271932763833,-0.007906905754450492
2026-05-24,MCHP,-0.0491065565180675,-0.02164012267565616
2026-05-25,MCHP,-0.0491065574221649,-0.030795600924492406
2026-05-26,MCHP,-0.0491065572955375,-0.03689925304817411
2026-05-27,MCHP,-0.0014778562025157,-0.025092120766287977
2026-06-01,MCHP,-0.0354634425643202,-0.02854922803229872
2026-06-02,MCHP,-0.0587739842650237,-0.03862414677654038
2026-06-03,MCHP,0.0079946716711925,-0.02308454062729609
2026-06-04,MCHP,0.0174740624174545,-0.009565006279045897
2026-06-05,MCHP,0.0367569231471818,0.005875636863030001
2026-06-06,MCHP,0.0221175540463379,0.011289609257465968
2026-06-07,MCHP,0.022030440519528,0.014869886344819979
2026-06-08,MCHP,0.022030440519528,0.01725673773638932
2026-06-09,MCHP,0.0360910080266044,0.02353482783312768
2026-06-10,MCHP,0.0436044077437837,0.030224687803346355
2026-06-11,MCHP,0.0461802877977702,0.035543221134820974
2026-06-12,MCHP,0.0785150392391722,0.04986716050293805
2026-06-13,MCHP,0.0708903778997637,0.05687489963521328
2026-06-14,MCHP,0.0708470615209473,0.06153228693045795
2026-06-15,MCHP,0.0708470616258235,0.06463721182891313
2026-06-16,MCHP,0.0913827597880078,0.0735523944819447
2026-06-17,MCHP,0.0558908694156287,0.06766521945983937
2026-06-18,MCHP,0.072705186298802,0.06934520840616025
2026-06-19,MCHP,0.0861303923154776,0.07494026970926604
2026-06-20,MCHP,0.0885614223014166,0.07948065390664956
2026-06-21,MCHP,0.0885614222450004,0.08250757668609984
2026-06-22,MCHP,0.0861303870896849,0.08371518015396154
2026-06-23,MCHP,0.0848436824297558,0.0840913475792263
2026-06-24,MCHP,0.0214969669819894,0.063226554046814
2026-06-25,MCHP,0.0288173753324246,0.0517568278086842
2026-06-26,MCHP,0.0015994905129015,0.03503771537675664
2026-06-27,MCHP,-0.0162698160911405,0.017935204887457593
2026-06-28,MCHP,0.0015771521186081,0.012482520631174429
2026-06-29,MCHP,-0.0203997314670913,0.0015217699317525198
2026-06-30,MCHP,-0.0111439445979979,-0.0027001349114976203
2026-07-01,MCHP,-0.030821839006305,-0.012074036276433412
2026-07-02,MCHP,-0.0306314781692548,-0.018259850240707212
2026-07-03,MCHP,-0.0553279105894531,-0.030615870356955843
2026-07-04,MCHP,-0.0553917279014959,-0.0388744895384692
2026-07-05,MCHP,-0.0553148704215728,-0.04435461649950373
2026-07-06,MCHP,-0.0552209240781816,-0.04797671902572968
2026-07-07,MCHP,-0.0492357637462989,-0.048396400599252765
2026-07-08,MCHP,-0.0749400576206254,-0.05724428627304365
2026-07-09,MCHP,-0.0716412004540934,-0.0620432576667269
2026-07-10,MCHP,-0.0619229674319408,-0.0620031609217982
2026-07-11,MCHP,-0.069418478559069,-0.06447493346755515
2026-07-12,MCHP,-0.06946180711747121,-0.06613722468419383
2026-05-13,MCK,-0.4590906601316943,-0.4564521658530117
2026-05-22,MCK,-0.5077111171350207,-0.4735384829470147
2026-05-23,MCK,-0.5066762017312184,-0.48458438920841596
2026-05-24,MCK,-0.5067712734057256,-0.49198001727418583
2026-05-25,MCK,-0.5067712740833227,-0.4969104362105648
2026-05-26,MCK,-0.5067712743710919,-0.500197382264074
2026-05-27,MCK,-0.5119574237112501,-0.5041173960797993
2026-06-01,MCK,-0.5150530205190859,-0.5077626042262282
2026-06-02,MCK,-0.5057938434910796,-0.5071063506478454
2026-06-03,MCK,-0.5006904156805917,-0.5049677056587609
2026-06-04,MCK,-0.4735645650893413,-0.49449999213562107
2026-06-05,MCK,-0.467125681315409,-0.48537522186221704
2026-06-06,MCK,-0.4881165823270235,-0.4862890086838192
2026-06-07,MCK,-0.488305990898439,-0.4869613360886925
2026-06-08,MCK,-0.488305990898439,-0.48740955435860805
2026-06-09,MCK,-0.481779638727318,-0.48553291581484476
2026-06-10,MCK,-0.4902044231877673,-0.4870900849391523
2026-06-11,MCK,-0.4964608767373224,-0.49021368220520906
2026-06-12,MCK,-0.4927087445551785,-0.4910453696551989
2026-06-13,MCK,-0.4929746395395546,-0.49168845961665086
2026-06-14,MCK,-0.493065184709598,-0.4921473679809666
2026-06-15,MCK,-0.4930651843387779,-0.4924533067669037
2026-06-16,MCK,-0.4873675027059624,-0.49075803874658996
2026-06-17,MCK,-0.4909165348254203,-0.4908108707728668
2026-06-18,MCK,-0.4707166573416339,-0.48411279962912257
2026-06-19,MCK,-0.4769152749497881,-0.4817136247360111
2026-06-20,MCK,-0.461744073930689,-0.47505710780090377
2026-06-21,MCK,-0.4617440740953787,-0.47061942989906214
2026-06-22,MCK,-0.4769153175718219,-0.47271805912331544
2026-06-23,MCK,-0.4638642442977263,-0.46976678751478573
2026-06-24,MCK,-0.4673625075194398,-0.46896536084967044
2026-06-25,MCK,-0.4667644198339238,-0.4682317138444216
2026-06-26,MCK,-0.4449321896947704,-0.46046520579453787
2026-06-27,MCK,-0.461666952579148,-0.4608657880560746
2026-06-28,MCK,-0.4449669316749035,-0.4555661692623509
2026-06-29,MCK,-0.4617322389945157,-0.45762152583973914
2026-06-30,MCK,-0.4597374202410397,-0.458326823973506
2026-07-01,MCK,-0.4471212826637691,-0.45459164353692705
2026-07-02,MCK,-0.4611061438003461,-0.45676314362473347
2026-07-03,MCK,-0.4751289795434262,-0.46288508893096436
2026-07-04,MCK,-0.4752141061167133,-0.466994761326214
2026-07-05,MCK,-0.4757940892321315,-0.46992787062818653
2026-07-06,MCK,-0.4755975545143437,-0.47181776525690566
2026-07-07,MCK,-0.4534827336229498,-0.46570608804558705
2026-07-08,MCK,-0.4449394422535834,-0.45878387278158583
2026-07-09,MCK,-0.4248517237340226,-0.4474731564323981
2026-07-10,MCK,-0.4465809541752705,-0.44717575568002227
2026-07-11,MCK,-0.4376277960062939,-0.4439931024554462
2026-07-12,MCK,-0.4377491588174181,-0.44191178790943686
2026-05-13,MCO,0.0408169625112762,0.011483226517859199
2026-05-22,MCO,-0.0185479518361476,0.0014728337331902678
2026-05-23,MCO,-0.0389537215865595,-0.01200268470672632
2026-05-24,MCO,-0.0390330023821013,-0.02101279059851798
2026-05-25,MCO,-0.0390330031615849,-0.02701952811954029
2026-05-26,MCO,-0.0390330032629464,-0.031024019834008994
2026-05-27,MCO,-0.0502982278238576,-0.037448755830625194
2026-06-01,MCO,-0.0462629232824751,-0.0403868116479085
2026-06-02,MCO,-0.0332140203270682,-0.0379958812076284
2026-06-03,MCO,-0.0554892676275275,-0.04382701001426144
2026-06-04,MCO,-0.0621949851125834,-0.04994966838036876
2026-06-05,MCO,-0.075142603428338,-0.05834731339635851
2026-06-06,MCO,-0.0603760239632012,-0.05902355025197275
2026-06-07,MCO,-0.0605364214010471,-0.05952784063499753
2026-06-08,MCO,-0.0605364214010471,-0.05986403422368072
2026-06-09,MCO,-0.0566387707404927,-0.058788946395951384
2026-06-10,MCO,-0.046203874511689,-0.054593922434530595
2026-06-11,MCO,-0.0161580729119562,-0.04178197259367247
2026-06-12,MCO,-0.0462019633572114,-0.04325530284818545
2026-06-13,MCO,-0.0395084018686139,-0.042006335854994935
2026-06-14,MCO,-0.0395844150636187,-0.041199028924536196
2026-06-15,MCO,-0.0395844147746278,-0.04066082420790006
2026-06-16,MCO,-0.0429385092104792,-0.04142005254209311
2026-06-17,MCO,-0.0281552363498525,-0.03699844714467958
2026-06-18,MCO,-0.0313041728726349,-0.03510035572066469
2026-06-19,MCO,-0.0465581041553983,-0.038919605198909225
2026-06-20,MCO,-0.0368787068058994,-0.03823930573457262
2026-06-21,MCO,-0.0368787069435277,-0.037785772804224314
2026-06-22,MCO,-0.0465581372327195,-0.040709894280389375
2026-06-23,MCO,-0.0517552195097986,-0.04439166935685912
2026-06-24,MCO,-0.0376656212655613,-0.04214965332642652
2026-06-25,MCO,-0.0273241272320115,-0.03720781129495485
2026-06-26,MCO,-0.0540341026129809,-0.0428165750676302
2026-06-27,MCO,-0.0399072047416814,-0.0418467849589806
2026-06-28,MCO,-0.0540660565706813,-0.045919875496214166
2026-06-29,MCO,-0.0412837945652505,-0.04437451518589294
2026-06-30,MCO,-0.0471706929794377,-0.045306574450407866
2026-07-01,MCO,-0.03957915363114,-0.043397434177318575
2026-07-02,MCO,-0.0233454736000838,-0.03671344731824032
2026-07-03,MCO,0.0060770161862477,-0.02244995948341098
2026-07-04,MCO,0.0060036975250896,-0.012965407147244121
2026-07-05,MCO,0.0061030118155211,-0.006609267492989049
2026-07-06,MCO,0.0062425897875248,-0.0023253150661511
2026-07-07,MCO,0.0134959765680299,0.0029484488119092336
2026-07-08,MCO,0.0329180656815419,0.01293832110178679
2026-07-09,MCO,0.0146937437714185,0.013523461991664027
2026-07-10,MCO,0.0297332954134888,0.01892673979893895
2026-07-11,MCO,0.0441219539568264,0.02732514451823477
2026-07-12,MCO,0.04405326992602704,0.03290118632083219
2026-05-13,MDLZ,-0.0987230853879998,-0.0932411050063352
2026-05-22,MDLZ,-0.089018495898621,-0.09183356863709714
2026-05-23,MDLZ,-0.0938146265436805,-0.09249392127262493
2026-05-24,MDLZ,-0.0938921224071047,-0.09295998831745153
2026-05-25,MDLZ,-0.093892123198105,-0.09327069994433602
2026-05-26,MDLZ,-0.0938921232783958,-0.09347784105568929
2026-05-27,MDLZ,-0.0856152985015098,-0.09085699353762947
2026-06-01,MDLZ,-0.0873378306447228,-0.0896839392399939
2026-06-02,MDLZ,-0.078373728595979,-0.08591386902532228
2026-06-03,MDLZ,-0.0769940353666316,-0.08294059113909205
2026-06-04,MDLZ,-0.0728255115473442,-0.07956889794184277
2026-06-05,MDLZ,-0.0908890131268918,-0.08334226967019245
2026-06-06,MDLZ,-0.0628032679190655,-0.07649593575315014
2026-06-07,MDLZ,-0.0629451697938814,-0.07197901376672723
2026-06-08,MDLZ,-0.0629451697938814,-0.06896773244244529
2026-06-09,MDLZ,-0.0510665073943346,-0.0630006574264084
2026-06-10,MDLZ,-0.019211522646779,-0.048404279166531936
2026-06-11,MDLZ,0.0081115692998169,-0.029565663011082325
2026-06-12,MDLZ,-0.0288878762509975,-0.029339734091054052
2026-06-13,MDLZ,-0.0627468684591842,-0.040475445547097436
2026-06-14,MDLZ,-0.0628176432477455,-0.04792284478064679
2026-06-15,MDLZ,-0.0628176429882518,-0.05288777751651513
2026-06-16,MDLZ,-0.0907757959323642,-0.06551711698846482
2026-06-17,MDLZ,-0.0733686436748307,-0.06813429255058678
2026-06-18,MDLZ,-0.0781463540243267,-0.07147164637516676
2026-06-19,MDLZ,-0.0944315149780831,-0.0791249359094722
2026-06-20,MDLZ,-0.086722320438474,-0.08165739741913947
2026-06-21,MDLZ,-0.0867223205705189,-0.08334570513626595
2026-06-22,MDLZ,-0.094431546014242,-0.08704098542892463
2026-06-23,MDLZ,-0.1015887460732503,-0.09189023897703319
2026-06-24,MDLZ,-0.0845563036390565,-0.0894455938643743
2026-06-25,MDLZ,-0.0783380141582996,-0.08574306729568273
2026-06-26,MDLZ,-0.0961284135083846,-0.08920484936658335
2026-06-27,MDLZ,-0.1171873552517479,-0.09853235132830487
2026-06-28,MDLZ,-0.0961592187323312,-0.09774130712964699
2026-06-29,MDLZ,-0.118492046934328,-0.104658220397874
2026-06-30,MDLZ,-0.123385900632416,-0.11090078047605467
2026-07-01,MDLZ,-0.1309844578775174,-0.11759533960987559
2026-07-02,MDLZ,-0.1084226883830474,-0.11453778920093287
2026-07-03,MDLZ,-0.1001150467708925,-0.10973020839091943
2026-07-04,MDLZ,-0.1001908820305387,-0.1065504329374592
2026-07-05,MDLZ,-0.1000856196610832,-0.1043954951786672
2026-07-06,MDLZ,-0.0999339553541623,-0.10290831523716558
2026-07-07,MDLZ,-0.1310461292630168,-0.11228758657911599
2026-07-08,MDLZ,-0.1087263808697467,-0.11110051800932623
2026-07-09,MDLZ,-0.1118118884945912,-0.11133764150441457
2026-07-10,MDLZ,-0.1326535334729564,-0.11844293882726184
2026-07-11,MDLZ,-0.1335172929943028,-0.12346772354960883
2026-07-12,MDLZ,-0.1336203148066395,-0.12685192063528572
2026-05-13,MDT,-0.2370399100080603,-0.23356231059009336
2026-05-22,MDT,-0.2599440948610879,-0.24235623868042488
2026-05-23,MDT,-0.2379815853587251,-0.24089802090652498
2026-05-24,MDT,-0.2380751933399355,-0.2399570783843285
2026-05-25,MDT,-0.2380751940269767,-0.23932978359854457
2026-05-26,MDT,-0.2380751942974673,-0.23891158716485217
2026-05-27,MDT,-0.2382316198380548,-0.23868493138925306
2026-06-01,MDT,-0.2539471175033442,-0.24377232676061678
2026-06-02,MDT,-0.2315811337388265,-0.23970859575335338
2026-06-03,MDT,-0.2314159140334385,-0.23694436851338174
2026-06-04,MDT,-0.1900488904684837,-0.22131254249841575
2026-06-05,MDT,-0.1648016740377717,-0.20247558634486773
2026-06-06,MDT,-0.1785973584355384,-0.19451617704175797
2026-06-07,MDT,-0.1787721805516192,-0.18926817821171174
2026-06-08,MDT,-0.1787721805516192,-0.18576951232501424
2026-06-09,MDT,-0.1738859973724762,-0.18180834067416823
2026-06-10,MDT,-0.1705955966860925,-0.17807075934480965
2026-06-11,MDT,-0.1775051324470919,-0.1778822170455704
2026-06-12,MDT,-0.1769938080847586,-0.1775860807252998
2026-06-13,MDT,-0.1830063991499916,-0.1793928535335304
2026-06-14,MDT,-0.1830909887013453,-0.18062556525613538
2026-06-15,MDT,-0.1830909883640611,-0.1814473729587773
2026-06-16,MDT,-0.1785103738027448,-0.1804683732400998
2026-06-17,MDT,-0.1789962670703588,-0.17997767118351948
2026-06-18,MDT,-0.1902489407409731,-0.1834014277026707
2026-06-19,MDT,-0.1751108440966811,-0.18063789983400752
2026-06-20,MDT,-0.1717970613116416,-0.17769095365988555
2026-06-21,MDT,-0.1717970614673655,-0.17572632292904555
2026-06-22,MDT,-0.1751108826948414,-0.17552117618431085
2026-06-23,MDT,-0.1717562101555649,-0.1742661875080622
2026-06-24,MDT,-0.1662015879515845,-0.17157798765590299
2026-06-25,MDT,-0.1806997409583177,-0.17461857209004122
2026-06-26,MDT,-0.1680354885817833,-0.17242421092062193
2026-06-27,MDT,-0.1826317270398298,-0.17582671629369123
2026-06-28,MDT,-0.1680693716741854,-0.17324093475385596
2026-06-29,MDT,-0.1781001563623605,-0.17486067529002416
2026-06-30,MDT,-0.1621270957447886,-0.17061614877494566
2026-07-01,MDT,-0.1726454249643659,-0.17129257417141908
2026-07-02,MDT,-0.1765311766450887,-0.17303877499597564
2026-07-03,MDT,-0.1635385573871644,-0.16987203579303858
2026-07-04,MDT,-0.16361955491193,-0.16778787549933571
2026-07-05,MDT,-0.1635020913268184,-0.1663592807751633
2026-07-06,MDT,-0.1633256344812938,-0.16534806534387347
2026-07-07,MDT,-0.1592051944308997,-0.16330044170621555
2026-07-08,MDT,-0.1616108644704583,-0.16273724929429648
2026-07-09,MDT,-0.1750758174005739,-0.16685010532972228
2026-07-10,MDT,-0.1627359529900452,-0.1654787212164966
2026-07-11,MDT,-0.1531830846174138,-0.16138017568346902
2026-07-12,MDT,-0.15329488293054452,-0.15868507809916088
2026-05-13,MET,-0.2860149916150071,-0.30827713287453123
2026-05-22,MET,-0.1918977052006688,-0.2694839903165771
2026-05-23,MET,-0.1959159503684907,-0.24496131033388163
2026-05-24,MET,-0.1959849688614277,-0.228635863176397
2026-05-25,MET,-0.195984969707126,-0.21775223201997335
2026-05-26,MET,-0.1959849696873433,-0.2104964779090967
2026-05-27,MET,-0.2038107044523863,-0.20826788675685992
2026-06-01,MET,-0.191677791342317,-0.2027378549520123
2026-06-02,MET,-0.2096900013405457,-0.20505523708152343
2026-06-03,MET,-0.2060627787035991,-0.205391084288882
2026-06-04,MET,-0.2229313112542411,-0.21123782661066837
2026-06-05,MET,-0.2067517983457348,-0.20974248385569053
2026-06-06,MET,-0.154721354764734,-0.19140210749203837
2026-06-07,MET,-0.1548392265779032,-0.17921448052066
2026-06-08,MET,-0.1548392265779032,-0.1710893958730744
2026-06-09,MET,-0.1613270153891549,-0.16783526904510124
2026-06-10,MET,-0.1383760292724412,-0.15801552245421457
2026-06-11,MET,-0.1223730491237309,-0.14613469801072004
2026-06-12,MET,-0.1219821690013813,-0.13808385500760714
2026-06-13,MET,-0.1250110254687936,-0.13372624516133597
2026-06-14,MET,-0.1250688604323768,-0.13084045025168292
2026-06-15,MET,-0.1250688602457469,-0.12891658691637092
2026-06-16,MET,-0.1468697854188501,-0.13490098641719733
2026-06-17,MET,-0.1397419655671956,-0.13651464613386344
2026-06-18,MET,-0.1442429499420573,-0.13909074740326138
2026-06-19,MET,-0.1714792734090165,-0.14988692273851312
2026-06-20,MET,-0.1668223988380017,-0.15553208143834266
2026-06-21,MET,-0.1668223989439965,-0.15929552060689395
2026-06-22,MET,-0.1714792954489246,-0.16335677888757083
2026-06-23,MET,-0.1606877703148644,-0.16246710936333536
2026-06-24,MET,-0.1426277865711963,-0.15585400176595568
2026-06-25,MET,-0.1759813368428558,-0.16256311345825575
2026-06-26,MET,-0.1961576541815812,-0.17376129369936424
2026-06-27,MET,-0.1645236123984019,-0.17068206659904347
2026-06-28,MET,-0.1961852793670086,-0.1791831375216985
2026-06-29,MET,-0.1675475351300195,-0.17530460339113885
2026-06-30,MET,-0.187351270112132,-0.17932015896480324
2026-07-01,MET,-0.2055949515998852,-0.18807842317649726
2026-07-02,MET,-0.1733110394075036,-0.18315596192016603
2026-07-03,MET,-0.1267445912603772,-0.16435217170023644
2026-07-04,MET,-0.1268091155904682,-0.15183781966364704
2026-07-05,MET,-0.1267305870457162,-0.14346874212433675
2026-07-06,MET,-0.1266332451440096,-0.13785690979756104
2026-07-07,MET,-0.1295263419431754,-0.13508005384609917
2026-07-08,MET,-0.1017535476794009,-0.12397121845719974
2026-07-09,MET,-0.127984938828239,-0.12530912524754617
2026-07-10,MET,-0.1351316758541499,-0.12858330878308075
2026-07-11,MET,-0.1266281484748907,-0.12793158868035073
2026-07-12,MET,-0.12667001781854845,-0.12751106505974996
2026-05-13,META,0.0416278063527809,0.045228925087190036
2026-05-22,META,0.0781783348740094,0.056212061682796494
2026-05-23,META,0.0824743273057795,0.06496615022379083
2026-05-24,META,0.0823917033553073,0.07077466793429632
2026-05-25,META,0.0823917025973946,0.07464701282199575
2026-05-26,META,0.0823917024565679,0.0772285760335198
2026-05-27,META,0.0729198282433574,0.07579232677013234
2026-06-01,META,0.1025513835981476,0.08471201237947076
2026-06-02,META,0.0704469092161392,0.07995697799169357
2026-06-03,META,0.0559809784125676,0.07196497813198492
2026-06-04,META,0.0836574899227436,0.07586248206223782
2026-06-05,META,0.0721085666595192,0.07461117692799829
2026-06-06,META,0.0493565699295772,0.06619297459519127
2026-06-07,META,0.0491846441745089,0.06052353112163049
2026-06-08,META,0.0491846441745089,0.05674390213925663
2026-06-09,META,0.0370108817220443,0.050166228666852525
2026-06-10,META,0.0206133725253423,0.040315276619682455
2026-06-11,META,0.0174537386850532,0.03269476397480604
2026-06-12,META,0.0385541020563104,0.03464787666864083
2026-06-13,META,0.0258139551657853,0.03170323616768899
2026-06-14,META,0.0257284683695941,0.02971164690165736
2026-06-15,META,0.0257284687119306,0.028383920838415108
2026-06-16,META,0.0613221749968781,0.03936333889123611
2026-06-17,META,0.061853356157055,0.04686001131317574
2026-06-18,META,0.0464960600073501,0.04673869421123386
2026-06-19,META,0.0682620558549107,0.05391314809245948
2026-06-20,META,0.0715162187256493,0.05978083830352275
2026-06-21,META,0.0715162185766325,0.06369263172789268
2026-06-22,META,0.0682620195106745,0.06521576098881995
2026-06-23,META,0.0551356043230868,0.06185570876690891
2026-06-24,META,0.0574756703700844,0.06039569596796741
2026-06-25,META,0.0491400036590892,0.05664379853167467
2026-06-26,META,0.0610956953665508,0.05812776414330005
2026-06-27,META,0.080539181337505,0.06559823654136837
2026-06-28,META,0.0610632091119765,0.06408656073157108
2026-06-29,META,0.0792696997858851,0.0691476070830091
2026-06-30,META,0.0813924265650326,0.07322921357701694
2026-07-01,META,0.0599408244407579,0.06879975053159726
2026-07-02,META,0.0986378295569082,0.07874577687336756
2026-07-03,META,0.0630975716191057,0.07352970845528028
2026-07-04,META,0.0630190207446427,0.07002614588506775
2026-07-05,META,0.0631307015760045,0.06772766444871334
2026-07-06,META,0.0632954080230756,0.06625024564016743
2026-07-07,META,0.0880708911039526,0.07352379412809582
2026-07-08,META,0.103934136656405,0.08366057497086554
2026-07-09,META,0.0609161411064915,0.07607909701607421
2026-07-10,META,0.0761676432020716,0.07610861241140668
2026-07-11,META,0.1117156054842648,0.08797761010235938
2026-07-12,META,0.11162708253136004,0.09586076757869294
2026-05-13,MLM,-0.1067009461191799,-0.1658502828376724
2026-05-22,MLM,-0.1602494642804603,-0.1639833433186017
2026-05-23,MLM,-0.1662045173416143,-0.1647237346596059
2026-05-24,MLM,-0.1663020101140736,-0.16524982647776182
2026-05-25,MLM,-0.1663020107760492,-0.16560055457719094
2026-05-26,MLM,-0.1663020110923989,-0.1658343734155936
2026-05-27,MLM,-0.1117795687087001,-0.14781610517996244
2026-06-01,MLM,-0.0688898553435512,-0.12150735523449203
2026-06-02,MLM,-0.0662683238724922,-0.10309434478049209
2026-06-03,MLM,-0.0654239984726451,-0.09053756267787644
2026-06-04,MLM,-0.0372706175972501,-0.07278191431766767
2026-06-05,MLM,-0.0312235150048098,-0.05892911454671505
2026-06-06,MLM,-0.0419904279091548,-0.053282885667528306
2026-06-07,MLM,-0.0421576944030486,-0.0495744885793684
2026-06-08,MLM,-0.0421576944030486,-0.04710222385392847
2026-06-09,MLM,-0.0600555528414969,-0.051420000183117945
2026-06-10,MLM,-0.0403714745778379,-0.04773715831469127
2026-06-11,MLM,-0.0570158895873145,-0.05083006873889902
2026-06-12,MLM,-0.0416471953576605,-0.04776911094515285
2026-06-13,MLM,-0.0279370839684004,-0.04115843528623537
2026-06-14,MLM,-0.0280166161838929,-0.03677782891878788
2026-06-15,MLM,-0.0280166158750864,-0.03385742457088739
2026-06-16,MLM,-0.0109180414053665,-0.026210963515713764
2026-06-17,MLM,0.0119168439031653,-0.013501694376087413
2026-06-18,MLM,0.0086309718365004,-0.0061241389718914765
2026-06-19,MLM,0.0266516258997881,0.004801115985335047
2026-06-20,MLM,0.0035597377989438,0.004387323256537965
2026-06-21,MLM,0.0035597376603792,0.00411146139115171
2026-06-22,MLM,0.0266515953213672,0.011624839367890206
2026-06-23,MLM,0.015137213746951,0.012795630827577138
2026-06-24,MLM,0.0137907155888506,0.013127325748001626
2026-06-25,MLM,0.0130145054275584,0.013089718974520551
2026-06-26,MLM,0.0270330206365338,0.017737486195191637
2026-06-27,MLM,0.0153265357282541,0.01693383603954579
2026-06-28,MLM,0.0270025034215951,0.020290058500228893
2026-06-29,MLM,0.0138076020690557,0.01812923968983783
2026-06-30,MLM,-0.0214917185812925,0.004922253599461056
2026-07-01,MLM,-0.0271319352834245,-0.0057624760281674604
2026-07-02,MLM,-0.0430861346738475,-0.018203695576727474
2026-07-03,MLM,-0.0291491183957893,-0.021852169849748082
2026-07-04,MLM,-0.0292282168713417,-0.02431085219027929
2026-07-05,MLM,-0.0301469847934203,-0.02625622972465963
2026-07-06,MLM,-0.0299792873210901,-0.02749724892346979
2026-07-07,MLM,-0.022763341896747,-0.025919279914562193
2026-07-08,MLM,-0.037033160950043,-0.02962390692638913
2026-07-09,MLM,-0.0835921645244683,-0.04761332612574885
2026-07-10,MLM,-0.0782942874191919,-0.05784031322356321
2026-07-11,MLM,-0.0867478807113224,-0.06747616905281628
2026-07-12,MLM,-0.08687325143170557,-0.07394186317911272
2026-05-13,MMM,-0.2746535631935827,-0.2532130988666359
2026-05-22,MMM,-0.2184160277883939,-0.24161407517388855
2026-05-23,MMM,-0.2109119042406568,-0.23138001819614465
2026-05-24,MMM,-0.2074078631726785,-0.2233892998549893
2026-05-25,MMM,-0.2074078639124619,-0.2180621545408135
2026-05-26,MMM,-0.2074078640864574,-0.21451072438936147
2026-05-27,MMM,-0.1921029505546632,-0.20704146644446206
2026-06-01,MMM,-0.1709656457582454,-0.19501619288238986
2026-06-02,MMM,-0.1697615063737971,-0.18659796404619228
2026-06-03,MMM,-0.1719707843071011,-0.18172223746649524
2026-06-04,MMM,-0.1614481571771195,-0.17496421070337
2026-06-05,MMM,-0.1591724627442313,-0.16970029471699044
2026-06-06,MMM,-0.1415420492076576,-0.16031421288054618
2026-06-07,MMM,-0.1416946150317895,-0.15410768026429394
2026-06-08,MMM,-0.1416946150317895,-0.14996999185345913
2026-06-09,MMM,-0.1586928519711332,-0.15287761189268384
2026-06-10,MMM,-0.1554608178938225,-0.15373868055973006
2026-06-11,MMM,-0.1280160764257741,-0.14516447918174474
2026-06-12,MMM,-0.1424258358002533,-0.14425159805458093
2026-06-13,MMM,-0.1344397925999387,-0.14098099623636687
2026-06-14,MMM,-0.134514123605292,-0.1388253720260086
2026-06-15,MMM,-0.1345141233257735,-0.13738828912593024
2026-06-16,MMM,-0.1318347404663275,-0.135537106239396
2026-06-17,MMM,-0.1057285214784673,-0.12560091131908643
2026-06-18,MMM,-0.0938131431481422,-0.11500498859543837
2026-06-19,MMM,-0.0955134467024941,-0.10850780796445694
2026-06-20,MMM,-0.1051904243108244,-0.10740201341324611
2026-06-21,MMM,-0.105190424437658,-0.10666481708805008
2026-06-22,MMM,-0.0955134744991278,-0.10294770289174265
2026-06-23,MMM,-0.1047854183170789,-0.10356027470018808
2026-06-24,MMM,-0.1027379400252451,-0.10328616314187376
2026-06-25,MMM,-0.0892021212437925,-0.09859148250918001
2026-06-26,MMM,-0.0803930043907709,-0.09252532313637699
2026-06-27,MMM,-0.0966058331955521,-0.09388549315610203
2026-06-28,MMM,-0.0804216893555261,-0.08939755855591006
2026-06-29,MMM,-0.0986697417162005,-0.09248828627600687
2026-06-30,MMM,-0.1083331189505893,-0.09776989716753434
2026-07-01,MMM,-0.1076432161877548,-0.10106100350760783
2026-07-02,MMM,-0.1105741157639154,-0.10423204092637703
2026-07-03,MMM,-0.1038030176588138,-0.10408903317052264
2026-07-04,MMM,-0.1038762926758267,-0.10401811967229066
2026-07-05,MMM,-0.1037770815400406,-0.10393777362820732
2026-07-06,MMM,-0.1036377131754729,-0.10383775347729585
2026-07-07,MMM,-0.1101346475774521,-0.10593671817734793
2026-07-08,MMM,-0.1128347343464881,-0.10823605690039464
2026-07-09,MMM,-0.131821457012531,-0.11609785693777344
2026-07-10,MMM,-0.1390301403112174,-0.1237419513955881
2026-07-11,MMM,-0.1354181350950225,-0.12763401262873292
2026-07-12,MMM,-0.13550919405652317,-0.130259073104663
2026-05-13,MNST,-0.0611185470909219,-0.06362937238609517
2026-05-22,MNST,-0.10486547828649,-0.07737474101956013
2026-05-23,MNST,-0.1066846663205436,-0.08714471611988796
2026-05-24,MNST,-0.1067625198442256,-0.09368398402800052
2026-05-25,MNST,-0.1067625206329182,-0.09804349622963975
2026-05-26,MNST,-0.1067625207174311,-0.1009498377255702
2026-05-27,MNST,-0.0979946252934289,-0.09996476691485644
2026-06-01,MNST,-0.0532110133969907,-0.0843801824089012
2026-06-02,MNST,-0.0412989456994626,-0.07001977017242168
2026-06-03,MNST,-0.0430681247599024,-0.06103588836824859
2026-06-04,MNST,-0.0263165895644481,-0.04946278876698176
2026-06-05,MNST,-0.0342865619974538,-0.044404046510472445
2026-06-06,MNST,0.0031265790177167,-0.028560504667742733
2026-06-07,MNST,0.0030048312406758,-0.018038726031603225
2026-06-08,MNST,0.0030048312406758,-0.01102420694084355
2026-06-09,MNST,-0.0232823672958101,-0.015110260392499068
2026-06-10,MNST,-0.0167909562365605,-0.015670492340519548
2026-06-11,MNST,-0.0060445009796679,-0.012461828553568999
2026-06-12,MNST,-0.0190699745665944,-0.014664543891244134
2026-06-13,MNST,-0.0112544023347,-0.013527830039062758
2026-06-14,MNST,-0.0113185774403335,-0.012791412506153005
2026-06-15,MNST,-0.0113185772180025,-0.012300467410102836
2026-06-16,MNST,-0.019554403956337,-0.014718446258847558
2026-06-17,MNST,0.0131595524445865,-0.00542578002436954
2026-06-18,MNST,0.0162503656123264,0.001799601854529106
2026-06-19,MNST,-0.009838705732446,-0.002079834007795929
2026-06-20,MNST,-0.0069385887454653,-0.0036994189203523858
2026-06-21,MNST,-0.0069385888546526,-0.00477914223178579
2026-06-22,MNST,-0.0098387286920186,-0.006465671051863393
2026-06-23,MNST,0.0017916595905207,-0.003713227504402029
2026-06-24,MNST,0.0388922926239389,0.01048861253837828
2026-06-25,MNST,0.0511681213146591,0.024048448797138553
2026-06-26,MNST,0.0351196273569589,0.027738841650412006
2026-06-27,MNST,0.0448544560299075,0.03344404644357717
2026-06-28,MNST,0.0350942919400014,0.033994128275718585
2026-06-29,MNST,0.0413573784714071,0.03644854500761476
2026-06-30,MNST,0.0367043134306121,0.036533801148613876
2026-07-01,MNST,0.0309430234788457,0.034670208592024486
2026-07-02,MNST,0.0639302911633624,0.044423569449137126
2026-07-03,MNST,0.0926523807269949,0.06049983987508972
2026-07-04,MNST,0.0925912841009217,0.07119698795036705
2026-07-05,MNST,0.0926617111330704,0.07835189567793484
2026-07-06,MNST,0.0927425909813531,0.0831487941124076
2026-07-07,MNST,0.0637919719316562,0.07669652005215713
2026-07-08,MNST,0.1023276876516295,0.0852402425853146
2026-07-09,MNST,0.0813379362256829,0.0839394737987707
2026-07-10,MNST,0.0652854000706095,0.07772144922271698
2026-07-11,MNST,0.0736317788801433,0.07635822577519243
2026-07-12,MNST,0.07359895028962266,0.0754384672800025
2026-05-13,MO,-0.0221643951188678,-0.029373143996478134
2026-05-22,MO,-0.0460103525651759,-0.034918880186044055
2026-05-23,MO,-0.0469629389504911,-0.03893356644085974
2026-05-24,MO,-0.0470351201762526,-0.04163408435265736
2026-05-25,MO,-0.0470351210015442,-0.04343442990228631
2026-05-26,MO,-0.0470351210190969,-0.04463466027455651
2026-05-27,MO,-0.0680219801477049,-0.05243043356560598
2026-06-01,MO,-0.0844579686307569,-0.06310627858732296
2026-06-02,MO,-0.1016051981210324,-0.0759392517652261
2026-06-03,MO,-0.0897238581239819,-0.08053412055147804
2026-06-04,MO,-0.073556897524535,-0.07820837954249704
2026-06-05,MO,-0.0794883957902801,-0.0786350516250914
2026-06-06,MO,-0.0524541519335435,-0.0699080850612421
2026-06-07,MO,-0.0525924469912167,-0.06413620570456698
2026-06-08,MO,-0.0525924469912167,-0.06028828613345022
2026-06-09,MO,-0.0667224940419418,-0.06243302210294742
2026-06-10,MO,-0.0587194550668667,-0.06119516642425385
2026-06-11,MO,-0.0628146904279651,-0.061735007758824276
2026-06-12,MO,-0.0948187241340795,-0.07276291321724268
2026-06-13,MO,-0.0844590116473008,-0.07666161269392872
2026-06-14,MO,-0.0845317946930799,-0.0792850066936458
2026-06-15,MO,-0.0845317944222779,-0.08103393593652317
2026-06-16,MO,-0.1026190427568226,-0.08822897154328965
2026-06-17,MO,-0.0751748316429317,-0.08387759157650368
2026-06-18,MO,-0.0767717382389429,-0.08150897379731675
2026-06-19,MO,-0.0814367475153959,-0.0814848983700098
2026-06-20,MO,-0.0783596486788578,-0.08044314847295914
2026-06-21,MO,-0.0783596488079552,-0.07974864858462449
2026-06-22,MO,-0.0814367771657467,-0.08031135811166523
2026-06-23,MO,-0.0721369298047933,-0.07758654867604126
2026-06-24,MO,-0.041425219911754,-0.06553277242127885
2026-06-25,MO,-0.039940997109704,-0.0570021806507539
2026-06-26,MO,-0.0570418327001854,-0.057015398000564405
2026-06-27,MO,-0.076323962197924,-0.06345158606635094
2026-06-28,MO,-0.0570709965343278,-0.0613247228890099
2026-06-29,MO,-0.078191160462142,-0.06694686874672061
2026-06-30,MO,-0.0851796292983596,-0.07302445559726695
2026-07-01,MO,-0.0793964672049021,-0.07514845946647866
2026-07-02,MO,-0.0736945146895884,-0.07466381120751525
2026-07-03,MO,-0.0638581994477287,-0.07106194062091975
2026-07-04,MO,-0.0639311632549318,-0.0686850148322571
2026-07-05,MO,-0.0638326876757117,-0.06706757244674197
2026-07-06,MO,-0.0636948139420948,-0.06594331961185958
2026-07-07,MO,-0.0820724524982413,-0.07131969724065348
2026-07-08,MO,-0.0635065537071027,-0.06871531606280323
2026-07-09,MO,-0.043726389700216,-0.060385673941940825
2026-07-10,MO,-0.0731954186916929,-0.06465558885852485
2026-07-11,MO,-0.0780826297406722,-0.06913126915257398
2026-07-12,MO,-0.07816667057535026,-0.07214306962683274
2026-05-13,MPC,0.1647594181822833,0.16503992222911718
2026-05-22,MPC,0.2162654013543819,0.18211508193753878
2026-05-23,MPC,0.2234768921269024,0.19590235200065997
2026-05-24,MPC,0.2234227473209625,0.2050758171074275
2026-05-25,MPC,0.2234227463792958,0.2111914601980503
2026-05-26,MPC,0.2234227465746588,0.21526855565691982
2026-05-27,MPC,0.1914280612871914,0.2073217242003437
2026-06-01,MPC,0.1225966510872851,0.17908003316265753
2026-06-02,MPC,0.1220638330949867,0.1600746331401006
2026-06-03,MPC,0.1078540591399697,0.14266777514005696
2026-06-04,MPC,0.1226070826389726,0.13598087763969552
2026-06-05,MPC,0.0955412613848195,0.12250100555473685
2026-06-06,MPC,0.1362655739332167,0.12708919501423016
2026-06-07,MPC,0.1361507832936793,0.13010972444071323
2026-06-08,MPC,0.1361507832936793,0.13212341072503525
2026-06-09,MPC,0.1431110438311387,0.13578595509373642
2026-06-10,MPC,0.075675719740947,0.11574920997613995
2026-06-11,MPC,0.0748600987316137,0.10211950622796455
2026-06-12,MPC,0.0642086275591105,0.08948254667167987
2026-06-13,MPC,0.0637313237853779,0.08089880570957922
2026-06-14,MPC,0.0636636741414497,0.07515376185353606
2026-06-15,MPC,0.0636636743833458,0.07132373269680597
2026-06-16,MPC,0.0123200507243792,0.051655838705997055
2026-06-17,MPC,-0.0062459043550968,0.032355257685632445
2026-06-18,MPC,-0.0106447764665024,0.018021912968254165
2026-06-19,MPC,-0.0145182371845145,0.007175196250664611
2026-06-20,MPC,-0.0155805697144031,-0.00041005907102462536
2026-06-21,MPC,-0.0155805698532196,-0.0054668959984229505
2026-06-22,MPC,-0.0145182697382494,-0.0084840205783651
2026-06-23,MPC,0.0026359256022279,-0.004777371851500767
2026-06-24,MPC,-0.0219607675545102,-0.010505170419170578
2026-06-25,MPC,-0.019721151877373,-0.013577164238571386
2026-06-26,MPC,-0.0240666549253243,-0.01707366113415569
2026-06-27,MPC,-0.043233888292902,-0.025793736853737793
2026-06-28,MPC,-0.0240984523616173,-0.025228642023030965
2026-06-29,MPC,-0.0442364504254981,-0.031564578157186676
2026-06-30,MPC,-0.0155237811214342,-0.026217645811935853
2026-07-01,MPC,-0.0081406315169119,-0.020191974380261206
2026-07-02,MPC,0.0317743525607644,-0.00286986539991934
2026-07-03,MPC,0.0252559354468376,0.006505401548999638
2026-07-04,MPC,0.0251821241578091,0.012730975751936126
2026-07-05,MPC,0.0252826027934932,0.01691485143245515
2026-07-06,MPC,0.0254245466834051,0.01975141651610513
2026-07-07,MPC,0.0343359137373423,0.024612915589850855
2026-07-08,MPC,0.0150210468705223,0.021415626016741338
2026-07-09,MPC,0.1459372814530601,0.06292284449551425
2026-07-10,MPC,0.1762378651222288,0.10069451803775244
2026-07-11,MPC,0.1755033863811282,0.12563080748554437
2026-07-12,MPC,0.17546886414936883,0.14224349304015255
2026-05-13,MPWR,0.1721240301452814,0.1346496867244103
2026-05-22,MPWR,0.1339600527829743,0.13441980874393164
2026-05-23,MPWR,0.1273387577517091,0.1320594584131908
2026-05-24,MPWR,0.1272849032294815,0.13046794001862105
2026-05-25,MPWR,0.1272849022859417,0.12940692744106128
2026-05-26,MPWR,0.1272849024847315,0.12869958578895135
2026-05-27,MPWR,0.1517973913033512,0.13639885429375131
2026-06-01,MPWR,0.1453743498158049,0.13939068613443584
2026-06-02,MPWR,0.1472651987435236,0.14201552367079845
2026-06-03,MPWR,0.1789356024334122,0.1543222165916697
2026-06-04,MPWR,0.2158982460388289,0.17484755974072277
2026-06-05,MPWR,0.2254126877008095,0.19170260239408501
2026-06-06,MPWR,0.1632362185185635,0.1822138077689112
2026-06-07,MPWR,0.1631550488047076,0.17586088811417666
2026-06-08,MPWR,0.1631550488047076,0.17162560834435364
2026-06-09,MPWR,0.2049168015649698,0.18272267275122572
2026-06-10,MPWR,0.1886356793428504,0.18469367494843397
2026-06-11,MPWR,0.1790142122172037,0.18280052070469055
2026-06-12,MPWR,0.2007868094438916,0.18879595028442425
2026-06-13,MPWR,0.1684122106084599,0.18200137039243613
2026-06-14,MPWR,0.1683665842763801,0.17745644168708413
2026-06-15,MPWR,0.1683665843942637,0.17442648925614399
2026-06-16,MPWR,0.2047989113384398,0.1845506299502426
2026-06-17,MPWR,0.115838822279357,0.16164669405994742
2026-06-18,MPWR,0.0809713061999578,0.13475489810661756
2026-06-19,MPWR,0.1309525043885502,0.13348743353392845
2026-06-20,MPWR,0.1335516554270756,0.13350884083164416
2026-06-21,MPWR,0.1335516553517461,0.1335231123383448
2026-06-22,MPWR,0.1309524928069605,0.13266623916121673
2026-06-23,MPWR,0.1072077042701002,0.12418006086417789
2026-06-24,MPWR,0.0546089881563503,0.10098970329490203
2026-06-25,MPWR,0.0539257485793288,0.08530171838971096
2026-06-26,MPWR,0.0598895868811907,0.07683100788687088
2026-06-27,MPWR,-0.0014789223928607,0.05072769779362702
2026-06-28,MPWR,0.0598648942301388,0.05377342993913095
2026-06-29,MPWR,-0.0042786764471606,0.0344227278103671
2026-06-30,MPWR,0.0155617206740452,0.028135725431593137
2026-07-01,MPWR,0.0061707791542354,0.020814076672473893
2026-07-02,MPWR,-0.0199276530094089,0.0072335001118462965
2026-07-03,MPWR,-0.0395167756837936,-0.008349925153367002
2026-07-04,MPWR,-0.0395881025192017,-0.01876265094197857
2026-07-05,MPWR,-0.0394934959868887,-0.02567293262361528
2026-07-06,MPWR,-0.0393634840514323,-0.030236449766220953
2026-07-07,MPWR,-0.0477084380186425,-0.03606044585036147
2026-07-08,MPWR,-0.0988782272164616,-0.056999706305728176
2026-07-09,MPWR,-0.1262568290910828,-0.08008541390084639
2026-07-10,MPWR,-0.1060554243715671,-0.0887420840577533
2026-07-11,MPWR,-0.1384755574688252,-0.1053199085281106
2026-07-12,MPWR,-0.13857977255837664,-0.11640652987153262
2026-05-13,MRK,-0.2671133430383769,-0.1806753350899633
2026-05-22,MRK,-0.241989584187774,-0.2011134181225669
2026-05-23,MRK,-0.1989404533755636,-0.2003890965402325
2026-05-24,MRK,-0.1990198826988215,-0.19993269192642885
2026-05-25,MRK,-0.1990198834773467,-0.19962842244340148
2026-05-26,MRK,-0.1990198835804615,-0.19942557615575485
2026-05-27,MRK,-0.2038115865954296,-0.20088757963564646
2026-06-01,MRK,-0.1979951166654442,-0.19992342531224572
2026-06-02,MRK,-0.2115151341503177,-0.20378732825826973
2026-06-03,MRK,-0.2121177296322959,-0.20656412871627844
2026-06-04,MRK,-0.1983019614194123,-0.2038100729506564
2026-06-05,MRK,-0.1818113010863451,-0.19647714899588598
2026-06-06,MRK,-0.1756779660565986,-0.18954408801612355
2026-06-07,MRK,-0.1758267983109062,-0.18497165811438443
2026-06-08,MRK,-0.1758267983109062,-0.18192337151322502
2026-06-09,MRK,-0.1850882404572233,-0.18297832782789114
2026-06-10,MRK,-0.18626248363504,-0.1840730464302741
2026-06-11,MRK,-0.1924133179107085,-0.18685313692375227
2026-06-12,MRK,-0.1899836367928598,-0.18789663688012145
2026-06-13,MRK,-0.2021169018624164,-0.19263672520755312
2026-06-14,MRK,-0.202193349917162,-0.19582226677742276
2026-06-15,MRK,-0.2021933496257223,-0.19794596106018927
2026-06-16,MRK,-0.2264181860474347,-0.20743670272260442
2026-06-17,MRK,-0.2248135296634692,-0.21322897836955937
2026-06-18,MRK,-0.2106479114780669,-0.2123686227390619
2026-06-19,MRK,-0.2249114041865321,-0.21654954988821865
2026-06-20,MRK,-0.2216987845287114,-0.21826596143504956
2026-06-21,MRK,-0.2216987846730546,-0.2194102358477179
2026-06-22,MRK,-0.224911438960232,-0.22124397021855596
2026-06-23,MRK,-0.2165815193013201,-0.2196898199128107
2026-06-24,MRK,-0.1985264070455085,-0.2126353489570433
2026-06-25,MRK,-0.2096552033836724,-0.21164196709925304
2026-06-26,MRK,-0.188309629914357,-0.20386452137095437
2026-06-27,MRK,-0.1857899460591956,-0.19783966293370148
2026-06-28,MRK,-0.1883406390134769,-0.19467332162695997
2026-06-29,MRK,-0.1873289271932926,-0.19222519014907086
2026-06-30,MRK,-0.1782996108004004,-0.18758333036618072
2026-07-01,MRK,-0.1794656985609838,-0.18487745309778175
2026-07-02,MRK,-0.1976973765490137,-0.18915076091485908
2026-07-03,MRK,-0.178300775190552,-0.18553409900675674
2026-07-04,MRK,-0.1783759729357315,-0.18314805698308168
2026-07-05,MRK,-0.1782722173566698,-0.18152277710761106
2026-07-06,MRK,-0.1781236148068769,-0.18038972300736636
2026-07-07,MRK,-0.1936901145972666,-0.18482318687066646
2026-07-08,MRK,-0.1704921614547605,-0.18004617839869783
2026-07-09,MRK,-0.1900061590042611,-0.1833661719338856
2026-07-10,MRK,-0.1952794472823931,-0.18733726371672144
2026-07-11,MRK,-0.205556253827131,-0.1934102604201913
2026-07-12,MRK,-0.20565444952389975,-0.19749165678809413
2026-05-13,MRSH,-0.2365242346163634,-0.2521419260674905
2026-05-22,MRSH,-0.2483911967330344,-0.25089168295600517
2026-05-23,MRSH,-0.2552554539177794,-0.2523462732765966
2026-05-24,MRSH,-0.2553405682372566,-0.2533443715968166
2026-05-25,MRSH,-0.2553405689791009,-0.2540097707242447
2026-05-26,MRSH,-0.2553405691493258,-0.2544533701992717
2026-05-27,MRSH,-0.2696996273432095,-0.2595354559139177
2026-06-01,MRSH,-0.2821665312914159,-0.2670791477064171
2026-06-02,MRSH,-0.2616009646960045,-0.26525308670294623
2026-06-03,MRSH,-0.2691295451726728,-0.2665452395261884
2026-06-04,MRSH,-0.2816147121232797,-0.2715683970585522
2026-06-05,MRSH,-0.2751003885943203,-0.2727457275704749
2026-06-06,MRSH,-0.2598364604200872,-0.26844263852034567
2026-06-07,MRSH,-0.2600070219350083,-0.2656307663252332
2026-06-08,MRSH,-0.2600070219350083,-0.26375618486182495
2026-06-09,MRSH,-0.2482507990701948,-0.25858772293128157
2026-06-10,MRSH,-0.2478116103349003,-0.2549956853991545
2026-06-11,MRSH,-0.2329775429844981,-0.24765630459426907
2026-06-12,MRSH,-0.2394801578397644,-0.24493092234276753
2026-06-13,MRSH,-0.2413090789432576,-0.24372364120959758
2026-06-14,MRSH,-0.2413894614614208,-0.24294558129353866
2026-06-15,MRSH,-0.2413894611478263,-0.24242687457830123
2026-06-16,MRSH,-0.2416362765476611,-0.2421633419014212
2026-06-17,MRSH,-0.2494882165023362,-0.24460496676839288
2026-06-18,MRSH,-0.2482539835951978,-0.2458213057106612
2026-06-19,MRSH,-0.2742607610421378,-0.25530112415448675
2026-06-20,MRSH,-0.2471109635550959,-0.2525710706213565
2026-06-21,MRSH,-0.2471109637052206,-0.2507510349826445
2026-06-22,MRSH,-0.274260799808854,-0.2585876232580477
2026-06-23,MRSH,-0.2639923886814941,-0.2603892117325298
2026-06-24,MRSH,-0.2553365603902968,-0.25870499461845214
2026-06-25,MRSH,-0.2523351836278799,-0.2565817242882614
2026-06-26,MRSH,-0.2595445058378005,-0.2575693181381078
2026-06-27,MRSH,-0.2353729613830059,-0.25017053255307387
2026-06-28,MRSH,-0.259578173299586,-0.25330641280191124
2026-06-29,MRSH,-0.2363144080776466,-0.24764241122715638
2026-06-30,MRSH,-0.25587023279742,-0.25038501841724425
2026-07-01,MRSH,-0.2407079195148054,-0.247159318783098
2026-07-02,MRSH,-0.2245693032315645,-0.2396293135992535
2026-07-03,MRSH,-0.2184167229206644,-0.2325584500397238
2026-07-04,MRSH,-0.2184946376650804,-0.22787051258150937
2026-07-05,MRSH,-0.2183844603519822,-0.22470849517166697
2026-07-06,MRSH,-0.2182228090131594,-0.2225465997854978
2026-07-07,MRSH,-0.2330296124048156,-0.2260409373252704
2026-07-08,MRSH,-0.2138694804064581,-0.22198378501899962
2026-07-09,MRSH,-0.1981703013552287,-0.214045957131076
2026-07-10,MRSH,-0.1927503333553153,-0.2069474158724891
2026-07-11,MRSH,-0.1808727141801138,-0.19825584864169735
2026-07-12,MRSH,-0.1809619964953357,-0.19249123125957682
2026-05-13,MS,-0.5245354672898578,-0.4928939091550791
2026-05-22,MS,-0.4385920825932967,-0.47479330030115163
2026-05-23,MS,-0.4510230514974214,-0.4668698840332416
2026-05-24,MS,-0.4510861802731147,-0.4616086494465327
2026-05-25,MS,-0.4510861811568149,-0.45810116001662676
2026-05-26,MS,-0.4510861810675055,-0.45576283370025306
2026-05-27,MS,-0.4751175736664255,-0.4622144136889772
2026-06-01,MS,-0.4262141776133741,-0.4502143349971095
2026-06-02,MS,-0.4368422231795586,-0.4457569643912592
2026-06-03,MS,-0.4263661628451612,-0.43929336387589324
2026-06-04,MS,-0.4298107918030912,-0.43613250651829255
2026-06-05,MS,-0.4057637994614389,-0.4260096041660081
2026-06-06,MS,-0.3769409842164563,-0.4096533975161575
2026-06-07,MS,-0.3770352645554213,-0.3987806865292454
2026-06-08,MS,-0.3770352645554213,-0.3915322125379707
2026-06-09,MS,-0.3888721056969706,-0.3906455102576374
2026-06-10,MS,-0.3895578048896964,-0.3902829418016571
2026-06-11,MS,-0.3715572642882518,-0.38404104929718874
2026-06-12,MS,-0.3781178169045149,-0.38206663849963085
2026-06-13,MS,-0.3781863527039677,-0.3807732099010765
2026-06-14,MS,-0.3782379831755658,-0.3799281343259063
2026-06-15,MS,-0.3782379830238731,-0.37936475055856195
2026-06-16,MS,-0.3871686734560275,-0.3819660581910505
2026-06-17,MS,-0.3750460952679291,-0.3796594038833434
2026-06-18,MS,-0.3446868701547676,-0.36800189264048483
2026-06-19,MS,-0.4048650290021394,-0.38028960476103635
2026-06-20,MS,-0.40216436398111,-0.3875811911677276
2026-06-21,MS,-0.4021643640678595,-0.39244224880110495
2026-06-22,MS,-0.4048650444214535,-0.3965831806745545
2026-06-23,MS,-0.4074889380558826,-0.4002184331349972
2026-06-24,MS,-0.3881837249427941,-0.39620686373759617
2026-06-25,MS,-0.4045609389692546,-0.39899155548148235
2026-06-26,MS,-0.4314162275045243,-0.409799779489163
2026-06-27,MS,-0.4356078670571557,-0.4184024753451606
2026-06-28,MS,-0.4314409279442672,-0.4227486262115295
2026-06-29,MS,-0.4391357859033459,-0.4282110127754683
2026-06-30,MS,-0.4591115175412744,-0.43851118103073705
2026-07-01,MS,-0.4781893913614375,-0.4517372511409706
2026-07-02,MS,-0.4541492562651789,-0.45254125284904007
2026-07-03,MS,-0.4272556158019262,-0.44411270716666884
2026-07-04,MS,-0.4273194108068252,-0.4385149417133876
2026-07-05,MS,-0.4272426060507097,-0.43475749649249495
2026-07-06,MS,-0.4271487668406629,-0.43222125327521765
2026-07-07,MS,-0.3996089731950055,-0.4213504932484803
2026-07-08,MS,-0.3903684179307707,-0.4110231348092438
2026-07-09,MS,-0.4185789764526416,-0.4135417486903764
2026-07-10,MS,-0.428045696818344,-0.4183763980663656
2026-07-11,MS,-0.4309830882553895,-0.4225786281293736
2026-07-12,MS,-0.43102296011368707,-0.42539340545747806
2026-05-13,MSCI,-0.0419649762435494,-0.05370422289156434
2026-05-22,MSCI,-0.0941505857845765,-0.06718634385590172
2026-05-23,MSCI,-0.0996852834630593,-0.07801932372495425
2026-05-24,MSCI,-0.0997581533547135,-0.08526560026820734
2026-05-25,MSCI,-0.0997581541755617,-0.09009645157065879
2026-05-26,MSCI,-0.099758154201244,-0.09331701911418719
2026-05-27,MSCI,-0.1106332185815272,-0.09908908560330054
2026-06-01,MSCI,-0.0814453048471452,-0.09320782535124876
2026-06-02,MSCI,-0.0727934521371029,-0.08640303427986681
2026-06-03,MSCI,-0.0932983929358638,-0.08870148716519914
2026-06-04,MSCI,-0.1081234899378651,-0.09517548808942113
2026-06-05,MSCI,-0.1190814391264198,-0.10314413843508735
2026-06-06,MSCI,-0.0990341383813403,-0.10177413841717167
2026-06-07,MSCI,-0.0991725234561965,-0.10090693343017995
2026-06-08,MSCI,-0.0991725234561965,-0.10032879677218548
2026-06-09,MSCI,-0.0992173632304854,-0.09995831892495212
2026-06-10,MSCI,-0.0919697909027373,-0.09729547625088052
2026-06-11,MSCI,-0.0794506153833027,-0.09134718929502125
2026-06-12,MSCI,-0.1283845598595134,-0.1036929794831853
2026-06-13,MSCI,-0.1241042815462485,-0.11049674683753971
2026-06-14,MSCI,-0.1241763507374292,-0.11505661480416954
2026-06-15,MSCI,-0.1241763504706468,-0.1180965266929953
2026-06-16,MSCI,-0.125445908458509,-0.1205463206148332
2026-06-17,MSCI,-0.1319436296426973,-0.12434542362412124
2026-06-18,MSCI,-0.1340465518160401,-0.12757913302142754
2026-06-19,MSCI,-0.1574940249896481,-0.13755076367750108
2026-06-20,MSCI,-0.1418354787311775,-0.13897900202872657
2026-06-21,MSCI,-0.1418354788646865,-0.13993116097404656
2026-06-22,MSCI,-0.1574940571990072,-0.14578545971570012
2026-06-23,MSCI,-0.1503326425262274,-0.14730118731920921
2026-06-24,MSCI,-0.1285490089197112,-0.14105046118604322
2026-06-25,MSCI,-0.1232353908583288,-0.13511210441013843
2026-06-26,MSCI,-0.1726201208566831,-0.14761477655898667
2026-06-27,MSCI,-0.1596857186237797,-0.15163842391391769
2026-06-28,MSCI,-0.1726519791284466,-0.15864294231876067
2026-06-29,MSCI,-0.1610785361665926,-0.15945480693470465
2026-06-30,MSCI,-0.1669075523021073,-0.16193905539050554
2026-07-01,MSCI,-0.1595242889649446,-0.16113413324865192
2026-07-02,MSCI,-0.1330934336406929,-0.15178723337933225
2026-07-03,MSCI,-0.1181248937591627,-0.1405664535059424
2026-07-04,MSCI,-0.1181984422105079,-0.13311044974079758
2026-07-05,MSCI,-0.1180985848019755,-0.12810649476119024
2026-07-06,MSCI,-0.1179579032287519,-0.12472363091704414
2026-07-07,MSCI,-0.1065651274947973,-0.11867079644296186
2026-07-08,MSCI,-0.1118037092987949,-0.11638176739490622
2026-07-09,MSCI,-0.1042766448273654,-0.11234672653905929
2026-07-10,MSCI,-0.094925954615129,-0.10653980256441586
2026-07-11,MSCI,-0.08583688432054,-0.09963882981645725
2026-07-12,MSCI,-0.08590845526170987,-0.09506203829820813
2026-05-13,MSFT,0.1498208245974827,0.13709989533364736
2026-05-22,MSFT,0.194411167816969,0.1562036528280879
2026-05-23,MSFT,0.1856051639266207,0.16600415652759884
2026-05-24,MSFT,0.1855324443258548,0.17251358579368417
2026-05-25,MSFT,0.1855324435040369,0.17685320503046842
2026-05-26,MSFT,0.1855324434801288,0.17974628451368857
2026-05-27,MSFT,0.1586443587358944,0.17271230925442385
2026-06-01,MSFT,0.2209910607367417,0.18880522641519648
2026-06-02,MSFT,0.2111546516631534,0.19625503483118215
2026-06-03,MSFT,0.1824448305943597,0.191651633418908
2026-06-04,MSFT,0.1501632900769058,0.17782218563824062
2026-06-05,MSFT,0.1410952479771042,0.16557987308452848
2026-06-06,MSFT,0.1322213811005985,0.15446037575655183
2026-06-07,MSFT,0.1320689371770696,0.14699656289672444
2026-06-08,MSFT,0.1320689371770696,0.1420206876568395
2026-06-09,MSFT,0.1286575429261483,0.13756630607994244
2026-06-10,MSFT,0.1072307007103633,0.12745443762341607
2026-06-11,MSFT,0.0969012438392565,0.11727003969536288
2026-06-12,MSFT,0.0895156905845245,0.1080185899917501
2026-06-13,MSFT,0.0851134413275819,0.10038354043702738
2026-06-14,MSFT,0.0850332943614255,0.09526679174516009
2026-06-15,MSFT,0.0850332946736936,0.09185562605467126
2026-06-16,MSFT,0.1020371868688111,0.09524947965938454
2026-06-17,MSFT,0.0928137379750976,0.09443756576462223
2026-06-18,MSFT,0.0828508900112686,0.09057534051350435
2026-06-19,MSFT,0.0913688984546015,0.09083985982720341
2026-06-20,MSFT,0.0945931815032932,0.09209096705256668
2026-06-21,MSFT,0.0945931813576379,0.09292503848759043
2026-06-22,MSFT,0.0913688632399685,0.09240631340504979
2026-06-23,MSFT,0.0801064108542759,0.08830634588812517
2026-06-24,MSFT,0.1037172793638048,0.0934433237133517
2026-06-25,MSFT,0.0915103944489245,0.09279901395854265
2026-06-26,MSFT,0.0808696316784066,0.0888225531984973
2026-06-27,MSFT,0.1145648092117148,0.09740330520290313
2026-06-28,MSFT,0.080836592548914,0.09188106765157343
2026-06-29,MSFT,0.1132950118344986,0.09901904904588182
2026-06-30,MSFT,0.1045906754247389,0.1008762578388342
2026-07-01,MSFT,0.1069005801974079,0.10288436529169209
2026-07-02,MSFT,0.1222550515880944,0.1093412607238262
2026-07-03,MSFT,0.1202854477050251,0.11298932305089252
2026-07-04,MSFT,0.1202085863544603,0.11539574415208179
2026-07-05,MSFT,0.1203162739299621,0.11703592074470856
2026-07-06,MSFT,0.1204728661896559,0.11818156922635768
2026-07-07,MSFT,0.1156493742104273,0.11733750422104756
2026-07-08,MSFT,0.1185749786713156,0.11774999570447026
2026-07-09,MSFT,0.1282253323587987,0.12124177458924643
2026-07-10,MSFT,0.1304654636742349,0.12431633761757592
2026-07-11,MSFT,0.1280877672921376,0.1255734808424298
2026-07-12,MSFT,0.12799353284272086,0.12638016484252684
2026-05-13,MSI,-0.5487287913106831,-0.5382058809144612
2026-05-22,MSI,-0.6134045292169549,-0.5632720970152925
2026-05-23,MSI,-0.6099977385404605,-0.5788473108570151
2026-05-24,MSI,-0.6100880096578774,-0.5892608771239692
2026-05-25,MSI,-0.6100880103664488,-0.5962032548714624
2026-05-26,MSI,-0.6100880105975486,-0.6008315067801578
2026-05-27,MSI,-0.5948441159013009,-0.5988357098205389
2026-06-01,MSI,-0.6087514271129856,-0.6021409489180212
2026-06-02,MSI,-0.583815259976341,-0.5960323859374611
2026-06-03,MSI,-0.5793037580718983,-0.5904561766489402
2026-06-04,MSI,-0.5754015130334379,-0.5854379554437729
2026-06-05,MSI,-0.5766023804651217,-0.5824927637842225
2026-06-06,MSI,-0.5842593013760882,-0.5830816096481778
2026-06-07,MSI,-0.5844347249098578,-0.5835326480687378
2026-06-08,MSI,-0.5844347249098578,-0.5838333403491112
2026-06-09,MSI,-0.5949280514119015,-0.5875315773700414
2026-06-10,MSI,-0.5969358122886526,-0.5906663223429118
2026-06-11,MSI,-0.6054966148892218,-0.5956097531916819
2026-06-12,MSI,-0.6199660547586845,-0.6037285203806828
2026-06-13,MSI,-0.6114896042388969,-0.6063155483334208
2026-06-14,MSI,-0.6115769065140684,-0.6080693343936368
2026-06-15,MSI,-0.611576906161509,-0.6092385249829275
2026-06-16,MSI,-0.6042803335857627,-0.607585794517206
2026-06-17,MSI,-0.6297564171300085,-0.6149760020548068
2026-06-18,MSI,-0.6148368834555757,-0.6149296291883966
2026-06-19,MSI,-0.6090597945958901,-0.6129730176575611
2026-06-20,MSI,-0.6048604470068915,-0.6102688274406712
2026-06-21,MSI,-0.6048604471702062,-0.6084660340171829
2026-06-22,MSI,-0.6090598358151871,-0.608663967949851
2026-06-23,MSI,-0.6060507683664474,-0.6077929014220499
2026-06-24,MSI,-0.6211200034641726,-0.6122352687694241
2026-06-25,MSI,-0.6028911554437952,-0.6091205643275479
2026-06-26,MSI,-0.5937446509333604,-0.6039952598628188
2026-06-27,MSI,-0.5904190881565392,-0.599469869294059
2026-06-28,MSI,-0.5937794055467176,-0.5975730480449453
2026-06-29,MSI,-0.5907365929335968,-0.5952942296744959
2026-06-30,MSI,-0.5566018200339422,-0.5823967597943114
2026-07-01,MSI,-0.5501333914841676,-0.5716423036909302
2026-07-02,MSI,-0.5552141582057464,-0.5661662551958689
2026-07-03,MSI,-0.5692532899916899,-0.567195266794476
2026-07-04,MSI,-0.569334455386239,-0.567908329658397
2026-07-05,MSI,-0.5692165950343236,-0.5683444181170392
2026-07-06,MSI,-0.5690393319694375,-0.5685760560678387
2026-07-07,MSI,-0.5700212237261294,-0.5690577786206024
2026-07-08,MSI,-0.5784208257552238,-0.5721787943321428
2026-07-09,MSI,-0.5713907120125507,-0.5719161002256121
2026-07-10,MSI,-0.5661401402067385,-0.5699907802193209
2026-07-11,MSI,-0.5507142922552256,-0.5635652842312893
2026-07-12,MSI,-0.5508241856231899,-0.5593182513619228
2026-05-13,MU,1.0070040898549353,1.0613845747202784
2026-05-22,MU,1.0074632467384714,1.0434107987263428
2026-05-23,MU,0.9804975929796024,1.0224397301440962
2026-05-24,MU,0.980482792848672,1.008454084378955
2026-05-25,MU,0.980482791653144,0.9991303201370181
2026-05-26,MU,0.980482792312962,0.9929144775289994
2026-05-27,MU,1.0304253711220988,1.0054181087266993
2026-06-01,MU,1.0304253711220988,1.0137538628584992
2026-06-02,MU,1.0304253711220988,1.019311032279699
2026-06-03,MU,1.0304253711220988,1.0230158118938322
2026-06-04,MU,1.0304253711220988,1.025485664969921
2026-06-05,MU,1.0304253711220988,1.0271322336873137
2026-06-06,MU,1.0304253711220988,1.0282299461655753
2026-06-07,MU,1.0304253711220988,1.0289617544844165
2026-06-08,MU,1.0304253711220988,1.0294496266969773
2026-06-09,MU,1.0304253711220988,1.0297748748386844
2026-06-10,MU,1.0304253711220988,1.029991706933156
2026-06-11,MU,1.0304253711220988,1.0301362616628036
2026-06-12,MU,1.0304253711220988,1.0302326314825687
2026-06-13,MU,1.0304253711220988,1.0302968780290787
2026-06-14,MU,1.0304253711220988,1.0303397090600854
2026-06-15,MU,1.0304253711220988,1.0303682630807565
2026-06-16,MU,1.0304253711220988,1.0303872990945373
2026-06-17,MU,1.0304253711220988,1.030399989770391
2026-06-18,MU,1.0304253711220988,1.0304084502209603
2026-06-19,MU,1.0304253711220988,1.0304140905213397
2026-06-20,MU,1.0304253711220988,1.0304178507215926
2026-06-21,MU,1.0304253711220988,1.0304203575217614
2026-06-22,MU,1.0304253711220988,1.030422028721874
2026-06-23,MU,1.0304253711220988,1.0304231428552821
2026-06-24,MU,1.0304253711220988,1.0304238856108876
2026-06-25,MU,1.0304253711220988,1.0304243807812914
2026-06-26,MU,1.0304253711220988,1.0304247108948938
2026-06-27,MU,1.0304253711220988,1.0304249309706288
2026-06-28,MU,1.0304253711220988,1.0304250776877855
2026-06-29,MU,1.0304253711220988,1.0304251754992233
2026-06-30,MU,1.0304253711220988,1.0304252407068484
2026-07-01,MU,1.0304253711220988,1.0304252841785986
2026-07-02,MU,1.0304253711220988,1.0304253131597654
2026-07-03,MU,1.0304253711220988,1.0304253324805432
2026-07-04,MU,1.0304253711220988,1.0304253453610617
2026-07-05,MU,1.0304253711220988,1.030425353948074
2026-07-06,MU,1.0304253711220988,1.030425359672749
2026-07-07,MU,1.0304253711220988,1.0304253634891989
2026-07-08,MU,1.0304253711220988,1.0304253660334988
2026-07-09,MU,1.0304253711220988,1.0304253677296988
2026-07-10,MU,1.0304253711220988,1.0304253688604987
2026-07-11,MU,1.0304253711220988,1.0304253696143655
2026-07-12,MU,1.0304253711220988,1.0304253701169432
2026-05-13,NDAQ,-0.1053920950179057,-0.13709850203516985
2026-05-22,NDAQ,-0.1024119101200847,-0.12553630473014146
2026-05-23,NDAQ,-0.1104399793838162,-0.12050419628136638
2026-05-24,NDAQ,-0.1105088917009118,-0.11717242808788153
2026-05-25,NDAQ,-0.1105088925472951,-0.11495124957435272
2026-05-26,NDAQ,-0.1105088925262591,-0.11347046389165485
2026-05-27,NDAQ,-0.140410158571914,-0.1224503621184079
2026-06-01,NDAQ,-0.1629755570092582,-0.135958760415358
2026-06-02,NDAQ,-0.1657505955588362,-0.14588937212985076
2026-06-03,NDAQ,-0.2101769562894001,-0.16731856684970053
2026-06-04,NDAQ,-0.2138630375432441,-0.18283339041421506
2026-06-05,NDAQ,-0.2163736295484209,-0.19401347012561704
2026-06-06,NDAQ,-0.2176983584152813,-0.20190843288883847
2026-06-07,NDAQ,-0.2178556258473104,-0.20722416387499581
2026-06-08,NDAQ,-0.2178556258473104,-0.21076798453243403
2026-06-09,NDAQ,-0.2188231688189924,-0.21345304596128684
2026-06-10,NDAQ,-0.2039546847522927,-0.21028692555828882
2026-06-11,NDAQ,-0.2029591029467493,-0.20784431802110898
2026-06-12,NDAQ,-0.2235531217477288,-0.21308058592998225
2026-06-13,NDAQ,-0.2092310943161694,-0.21179742205871133
2026-06-14,NDAQ,-0.2068756622955756,-0.21015683547099942
2026-06-15,NDAQ,-0.2068756620076486,-0.2090631109832158
2026-06-16,NDAQ,-0.1967939184440623,-0.20497338013683133
2026-06-17,NDAQ,-0.2115102994561986,-0.2071523532432871
2026-06-18,NDAQ,-0.2538010254312364,-0.2227019106392702
2026-06-19,NDAQ,-0.2637753884848635,-0.23639306992113462
2026-06-20,NDAQ,-0.2604982542249302,-0.24442813135573316
2026-06-21,NDAQ,-0.2604982543765312,-0.24978483902933252
2026-06-22,NDAQ,-0.2637754256975304,-0.2544483679187318
2026-06-23,NDAQ,-0.252667851806781,-0.25385486254808154
2026-06-24,NDAQ,-0.2430472561133848,-0.25025232706984935
2026-06-25,NDAQ,-0.2463594005989977,-0.2489546849128988
2026-06-26,NDAQ,-0.2705545135400944,-0.2561546277886307
2026-06-27,NDAQ,-0.2647360352061179,-0.2590150969277931
2026-06-28,NDAQ,-0.2705883127264432,-0.26287283552734314
2026-06-29,NDAQ,-0.2653996079955519,-0.26371509301674606
2026-06-30,NDAQ,-0.2819713876451439,-0.26980052455954534
2026-07-01,NDAQ,-0.2663862674633616,-0.2686624388608174
2026-07-02,NDAQ,-0.252104888760209,-0.26314325549394796
2026-07-03,NDAQ,-0.2600125937120674,-0.26209970156665446
2026-07-04,NDAQ,-0.2600929840897714,-0.2614307957410268
2026-07-05,NDAQ,-0.259976955520503,-0.26094618233418554
2026-07-06,NDAQ,-0.2598034145881702,-0.2605652597521804
2026-07-07,NDAQ,-0.268886191228429,-0.2633389035775966
2026-07-08,NDAQ,-0.2467471501400547,-0.25780831909841595
2026-07-09,NDAQ,-0.2568985214680499,-0.2575050532216273
2026-07-10,NDAQ,-0.1933712266410466,-0.2361271110281004
2026-07-11,NDAQ,-0.1865329579493355,-0.21959572666851213
2026-07-12,NDAQ,-0.18662160520630905,-0.20860435284777779
2026-05-13,NEE,-0.2586728536314546,-0.1832084658456976
2026-05-22,NEE,-0.3282505181155103,-0.23155581660230184
2026-05-23,NEE,-0.3466048651036504,-0.2699054994360847
2026-05-24,NEE,-0.3466893902285204,-0.29550012970023
2026-05-25,NEE,-0.3466893909741663,-0.3125632167915421
2026-05-26,NEE,-0.3466893911374358,-0.32393860824017334
2026-05-27,NEE,-0.3453915357422459,-0.33108958407419753
2026-06-01,NEE,-0.3286130750006196,-0.33026408104967153
2026-06-02,NEE,-0.3487991525083457,-0.3364424382025629
2026-06-03,NEE,-0.3376545786760503,-0.3368464850270587
2026-06-04,NEE,-0.3365557055799648,-0.33674955854469407
2026-06-05,NEE,-0.3405281953071589,-0.3380091041321824
2026-06-06,NEE,-0.3504051105161054,-0.34214110626015676
2026-06-07,NEE,-0.3457428710090621,-0.3433416945097919
2026-06-08,NEE,-0.3457428710090621,-0.3441420866762153
2026-06-09,NEE,-0.35482990218388,-0.3477046918454369
2026-06-10,NEE,-0.3622615140930117,-0.3525569659279618
2026-06-11,NEE,-0.3651516232040326,-0.35675518501998543
2026-06-12,NEE,-0.3765396121077053,-0.3633499940492254
2026-06-13,NEE,-0.3660347087236278,-0.3642448989406929
2026-06-14,NEE,-0.3661181026401673,-0.36486930017385105
2026-06-15,NEE,-0.3661181023096156,-0.36528556755243924
2026-06-16,NEE,-0.3594840172951598,-0.36335171746667944
2026-06-17,NEE,-0.3631903685849777,-0.36329793450611225
2026-06-18,NEE,-0.365944579793406,-0.36418014960187683
2026-06-19,NEE,-0.3410769107334658,-0.3564790699790732
2026-06-20,NEE,-0.3378269551383762,-0.3502616983655075
2026-06-21,NEE,-0.3378269552869197,-0.3461167840059783
2026-06-22,NEE,-0.3410769469186465,-0.344436838310201
2026-06-23,NEE,-0.3411411037621059,-0.3433382601275027
2026-06-24,NEE,-0.3529462976020148,-0.3465409392856734
2026-06-25,NEE,-0.342179215974988,-0.34508703151544495
2026-06-26,NEE,-0.3386901109831338,-0.34295472467134125
2026-06-27,NEE,-0.3490288411751026,-0.344979430172595
2026-06-28,NEE,-0.3387230887699183,-0.3428939830383695
2026-06-29,NEE,-0.3497560542993679,-0.34518134012536894
2026-06-30,NEE,-0.3469824854637416,-0.34578172190482653
2026-07-01,NEE,-0.3450039518212015,-0.34552246521028485
2026-07-02,NEE,-0.365306243002841,-0.35211705780780356
2026-07-03,NEE,-0.3674340064592373,-0.3572227073582815
2026-07-04,NEE,-0.3675157192659643,-0.3606537113275091
2026-07-05,NEE,-0.3673965650839414,-0.3629013292463199
2026-07-06,NEE,-0.3672166729914409,-0.36433977716136023
2026-07-07,NEE,-0.3683888831912859,-0.3656894791713355
2026-07-08,NEE,-0.3771004451895411,-0.3694931345107374
2026-07-09,NEE,-0.3731884615381699,-0.37072491018654824
2026-07-10,NEE,-0.3749264538234343,-0.37212542473217697
2026-07-11,NEE,-0.3693217200318074,-0.37119085649872047
2026-07-12,NEE,-0.36944066540899906,-0.37060745946881335
2026-05-13,NEM,0.5646733752410261,0.6132633766254572
2026-05-22,NEM,0.5188540853677663,0.5817936128728936
2026-05-23,NEM,0.5205324943873446,0.5613732400443773
2026-05-24,NEM,0.5204429265304631,0.5477298022064059
2026-05-25,NEM,0.5204429258173541,0.5386341767433886
2026-05-26,NEM,0.5204429255945562,0.5325704263604445
2026-05-27,NEM,0.5456342941375751,0.5369250489528214
2026-06-01,NEM,0.5317156588427212,0.535188585582788
2026-06-02,NEM,0.5724149718838871,0.5475973810164878
2026-06-03,NEM,0.5734664380732765,0.5562204000354174
2026-06-04,NEM,0.5779025720043918,0.5634477906917422
2026-06-05,NEM,0.5697785189325605,0.5655580334386817
2026-06-06,NEM,0.5087367321832726,0.5466175996868787
2026-06-07,NEM,0.5085530483249969,0.5339294158995849
2026-06-08,NEM,0.5085530483249969,0.5254706267080556
2026-06-09,NEM,0.4990895516510507,0.5166769350223872
2026-06-10,NEM,0.4922370186248055,0.5085302962231933
2026-06-11,NEM,0.460268479405125,0.4924430239505039
2026-06-12,NEM,0.5192024712278821,0.5013628397096299
2026-06-13,NEM,0.5345068626848648,0.5124108473680415
2026-06-14,NEM,0.5344219496837175,0.5197478814732669
2026-06-15,NEM,0.5344219500228229,0.5246392376564523
2026-06-16,NEM,0.5658819858287649,0.5383868203805565
2026-06-17,NEM,0.5947848000778376,0.557186146946317
2026-06-18,NEM,0.6371665295528426,0.5838462744818256
2026-06-19,NEM,0.6376588588563086,0.6017838026066533
2026-06-20,NEM,0.6407631596978203,0.6147769216370423
2026-06-21,NEM,0.6407631595656627,0.6234390009465824
2026-06-22,NEM,0.637658828177589,0.628178943356918
2026-06-23,NEM,0.6174247114505651,0.6245941993881338
2026-06-24,NEM,0.5874935161853254,0.6122273049871977
2026-06-25,NEM,0.5460040440265248,0.5901528846669735
2026-06-26,NEM,0.5719780995364857,0.5840946229568109
2026-06-27,NEM,0.546414084038529,0.5715344433173837
2026-06-28,NEM,0.5719449696679355,0.5716712854342343
2026-06-29,NEM,0.5459314662707726,0.5630913457130804
2026-06-30,NEM,0.5408861723182012,0.5556896212481207
2026-07-01,NEM,0.5233720732637301,0.5449171052533239
2026-07-02,NEM,0.47682541269902,0.5222198744018893
2026-07-03,NEM,0.4734367269562056,0.5059588252533281
2026-07-04,NEM,0.4733496431815543,0.49508909789607025
2026-07-05,NEM,0.4734814918564813,0.48788656254954066
2026-07-06,NEM,0.473687178813547,0.4831534346375428
2026-07-07,NEM,0.4917672557579466,0.4860247083443441
2026-07-08,NEM,0.4433754680532655,0.47180829491398457
2026-07-09,NEM,0.428179567773415,0.45726538586712806
2026-07-10,NEM,0.4456765438653578,0.45340243853320467
2026-07-11,NEM,0.4281111675480628,0.44497201487149074
2026-07-12,NEM,0.42795426741924647,0.43929943238740937
2026-05-13,NFLX,0.168654964877069,0.13465500367881714
2026-05-22,NFLX,0.218017597159264,0.1624425348389661
2026-05-23,NFLX,0.1862863519227015,0.1703904738668779
2026-05-24,NFLX,0.1862182214079928,0.1756663897139162
2026-05-25,NFLX,0.1862182205565651,0.17918366666146585
2026-05-26,NFLX,0.1862182205868301,0.1815285179699206
2026-05-27,NFLX,0.1304291825696753,0.16449540616983885
2026-06-01,NFLX,0.0151735572204917,0.11472145652005648
2026-06-02,NFLX,0.0154156671396042,0.0816195267265724
2026-06-03,NFLX,-0.0070328284379827,0.05206874167172071
2026-06-04,NFLX,-0.018579344697542,0.028519379548633143
2026-06-05,NFLX,-0.0280159022775385,0.009674285606575933
2026-06-06,NFLX,-0.0403921241260342,-0.007014517637627443
2026-06-07,NFLX,-0.0405793320906632,-0.018202789121972696
2026-06-08,NFLX,-0.0405793320906632,-0.025661636778202865
2026-06-09,NFLX,-0.0247167078189467,-0.025346660458450812
2026-06-10,NFLX,-0.0378540048638813,-0.029515775260260977
2026-06-11,NFLX,-0.0340167108757276,-0.031016087132083186
2026-06-12,NFLX,-0.0431978121682402,-0.035076662144135524
2026-06-13,NFLX,-0.0457913184198078,-0.03864821423602628
2026-06-14,NFLX,-0.0458810309650121,-0.041059153145688226
2026-06-15,NFLX,-0.0458810305988806,-0.04266644563008569
2026-06-16,NFLX,-0.0252467684791202,-0.03685988657976386
2026-06-17,NFLX,-0.0667806325906232,-0.04683346858338364
2026-06-18,NFLX,-0.0508508454553327,-0.048172594207366665
2026-06-19,NFLX,-0.040686940980881,-0.04567737646520478
2026-06-20,NFLX,-0.0372593200136,-0.04287135764800319
2026-06-21,NFLX,-0.0372593201821304,-0.041000678492712266
2026-06-22,NFLX,-0.0406869838826805,-0.04089611362270168
2026-06-23,NFLX,-0.0633635967260392,-0.04838527465714752
2026-06-24,NFLX,-0.0705360763920659,-0.05576887523545365
2026-06-25,NFLX,-0.0896041977246015,-0.06704731606516962
2026-06-26,NFLX,-0.0649179949485602,-0.06633754235963314
2026-06-27,NFLX,-0.0718396501796505,-0.06817157829963894
2026-06-28,NFLX,-0.0649553891541252,-0.06709951525113436
2026-06-29,NFLX,-0.0711581200167637,-0.06845238350634414
2026-06-30,NFLX,-0.0510402271488864,-0.06264833138719156
2026-07-01,NFLX,-0.0686602290479096,-0.06465229727409758
2026-07-02,NFLX,-0.0788917602530461,-0.0693987849337471
2026-07-03,NFLX,-0.101056769317243,-0.07995144639491239
2026-07-04,NFLX,-0.1011473018353484,-0.0870167315417244
2026-07-05,NFLX,-0.1010073019202869,-0.09168025500124524
2026-07-06,NFLX,-0.1007850518648059,-0.0947151872890988
2026-07-07,NFLX,-0.1084017063136145,-0.09927736029727072
2026-07-08,NFLX,-0.1308433441365252,-0.10979935491035556
2026-07-09,NFLX,-0.1237264875212656,-0.11444173244732558
2026-07-10,NFLX,-0.1264117557827332,-0.11843174022579481
2026-07-11,NFLX,-0.159061223500306,-0.13197490131729855
2026-07-12,NFLX,-0.15923756589968707,-0.14106245617809474
2026-05-13,NKE,-0.4015499563273119,-0.37941372846863786
2026-05-22,NKE,-0.3802296696849454,-0.3796857088740737
2026-05-23,NKE,-0.3764146174099347,-0.37859534505269404
2026-05-24,NKE,-0.376517684102773,-0.3779027914027204
2026-05-25,NKE,-0.3765176847287843,-0.377441089178075
2026-05-26,NKE,-0.3765176851109328,-0.377133287822361
2026-05-27,NKE,-0.3580874786838365,-0.3707846847761862
2026-06-01,NKE,-0.3039149950438565,-0.34849478819874297
2026-06-02,NKE,-0.2797739721895792,-0.32558784952902176
2026-06-03,NKE,-0.2959404189392184,-0.315705372665754
2026-06-04,NKE,-0.2869954480588669,-0.30613539779679166
2026-06-05,NKE,-0.2910775793416164,-0.3011161249783999
2026-06-06,NKE,-0.3229792409559623,-0.30840383030425406
2026-06-07,NKE,-0.3231794285993361,-0.3133290297359481
2026-06-08,NKE,-0.3231794285993361,-0.31661249602374414
2026-06-09,NKE,-0.3091052882576398,-0.3141100934350427
2026-06-10,NKE,-0.3077269938021357,-0.31198239355740703
2026-06-11,NKE,-0.3044824649260094,-0.30948241734694115
2026-06-12,NKE,-0.2729967611740084,-0.2973205319559636
2026-06-13,NKE,-0.2906073284789983,-0.29508279746364185
2026-06-14,NKE,-0.2906982106864114,-0.2936212685378984
2026-06-15,NKE,-0.2906982103136935,-0.29264691579649676
2026-06-16,NKE,-0.2827712445308654,-0.28935502537461966
2026-06-17,NKE,-0.2884049936830456,-0.289038348144095
2026-06-18,NKE,-0.2879033781630744,-0.2886600248170882
2026-06-19,NKE,-0.2582515889692099,-0.2785238795344621
2026-06-20,NKE,-0.2548612949676564,-0.2706363513455269
2026-06-21,NKE,-0.2548612951319877,-0.2653779992743472
2026-06-22,NKE,-0.2582516304598679,-0.2630025430028541
2026-06-23,NKE,-0.271525504584259,-0.26584353019665574
2026-06-24,NKE,-0.305531764593164,-0.2790729416621585
2026-06-25,NKE,-0.3117027103395211,-0.2899495312212794
2026-06-26,NKE,-0.2899150037773459,-0.2899380220733016
2026-06-27,NKE,-0.3084817667589541,-0.2961192703018525
2026-06-28,NKE,-0.2899517068861393,-0.2940634158299481
2026-06-29,NKE,-0.3078786897670503,-0.2986685071423155
2026-06-30,NKE,-0.2818176376280893,-0.2930515506375735
2026-07-01,NKE,-0.2894015820362929,-0.2918348944371466
2026-07-02,NKE,-0.1977517627125864,-0.2604738505289599
2026-07-03,NKE,-0.1858529175314622,-0.23560020619646066
2026-07-04,NKE,-0.1859319384559202,-0.21904411694961384
2026-07-05,NKE,-0.1922407962432011,-0.21010967671414293
2026-07-06,NKE,-0.1920715848569946,-0.20409697942842683
2026-07-07,NKE,-0.1995415614586682,-0.20257850677184064
2026-07-08,NKE,-0.1849334538648189,-0.19669682246950007
2026-07-09,NKE,-0.1744321741701649,-0.18927527303638836
2026-07-10,NKE,-0.1919083136110988,-0.19015295322795853
2026-07-11,NKE,-0.1408815557735309,-0.17372915407648265
2026-07-12,NKE,-0.14097335022947363,-0.16281055279414633
2026-05-13,NOC,-0.0653739895722347,-0.041806445029547765
2026-05-22,NOC,-0.0705695715588248,-0.05139415387264011
2026-05-23,NOC,-0.0606002799051434,-0.05446286255014121
2026-05-24,NOC,-0.0606983661530672,-0.05654136375111654
2026-05-25,NOC,-0.0606983668112136,-0.057927031437815565
2026-05-26,NOC,-0.0606983671345691,-0.058850810003400075
2026-05-27,NOC,-0.0320413096403876,-0.049914309882395924
2026-06-01,NOC,-0.0507534328619353,-0.05019401754224238
2026-06-02,NOC,-0.0474251062964527,-0.04927104712697916
2026-06-03,NOC,-0.0492933574653743,-0.04927848390644421
2026-06-04,NOC,-0.0453875903734295,-0.04798151939543931
2026-06-05,NOC,-0.0489886532676744,-0.04831723068618434
2026-06-06,NOC,-0.0790801413535176,-0.0585715342419621
2026-06-07,NOC,-0.0792870235135296,-0.0654766973324846
2026-06-08,NOC,-0.0792870235135296,-0.07008013939283295
2026-06-09,NOC,-0.066246815043129,-0.0688023646095983
2026-06-10,NOC,-0.0804765283847721,-0.07269375253465624
2026-06-11,NOC,-0.0936463566698508,-0.07967795391305443
2026-06-12,NOC,-0.0720191995065,-0.0771250357775363
2026-06-13,NOC,-0.071562369548699,-0.0752708137012572
2026-06-14,NOC,-0.0716586519348673,-0.07406675977912723
2026-06-15,NOC,-0.0716586515317411,-0.07326405702999852
2026-06-16,NOC,-0.0580176955086188,-0.06818193652287195
2026-06-17,NOC,-0.0766760778227231,-0.07101331695615568
2026-06-18,NOC,-0.0591981793960441,-0.06707493776945181
2026-06-19,NOC,-0.0653544862064597,-0.0665014539151211
2026-06-20,NOC,-0.0617915088040451,-0.06493147221142911
2026-06-21,NOC,-0.0617915089878028,-0.06388481780355368
2026-06-22,NOC,-0.0653545342253936,-0.06437472327750032
2026-06-23,NOC,-0.0457949345699699,-0.05818146037499019
2026-06-24,NOC,-0.0647554261741694,-0.06037278230804993
2026-06-25,NOC,-0.0862681656432654,-0.06900457675312176
2026-06-26,NOC,-0.0577381831179745,-0.06524911220807267
2026-06-27,NOC,-0.0754945730330018,-0.06866426581638238
2026-06-28,NOC,-0.0577763155044717,-0.0650349490457455
2026-06-29,NOC,-0.0744318105961201,-0.0681672362292037
2026-06-30,NOC,-0.0516718903307066,-0.06266878759637134
2026-07-01,NOC,-0.0386525594317486,-0.05466337820816376
2026-07-02,NOC,-0.0698174093833877,-0.05971472193323841
2026-07-03,NOC,-0.0763906979618734,-0.06527338060945007
2026-07-04,NOC,-0.0764813404444973,-0.06900936722113249
2026-07-05,NOC,-0.078815138611959,-0.07227795768474134
2026-07-06,NOC,-0.078591494562604,-0.07438246997736223
2026-07-07,NOC,-0.069013561616495,-0.07259283385707316
2026-07-08,NOC,-0.0857138772512495,-0.07696651498846527
2026-07-09,NOC,-0.070958705439147,-0.07496391180535918
2026-07-10,NOC,-0.0764915471598158,-0.07547312359017805
2026-07-11,NOC,-0.0617073342840142,-0.0708845271547901
2026-07-12,NOC,-0.06186061568173311,-0.06787655666377111
2026-05-13,NOW,-0.1252171913292172,-0.13671235849391095
2026-05-22,NOW,-0.0791004832788585,-0.11750840008889347
2026-05-23,NOW,-0.0710271176733076,-0.1020146392836982
2026-05-24,NOW,-0.0711064312810512,-0.09171190328281587
2026-05-25,NOW,-0.071106432060323,-0.08484341287531824
2026-05-26,NOW,-0.0711064321620718,-0.0802644193042361
2026-05-27,NOW,-0.0962340793328602,-0.08558763931377747
2026-06-01,NOW,0.0293756314167873,-0.04726654907025589
2026-06-02,NOW,0.0500815824471058,-0.014817171897801996
2026-06-03,NOW,0.0054990511536387,-0.008045097547321765
2026-06-04,NOW,-0.0806929525522573,-0.03226104921563361
2026-06-05,NOW,-0.0925871218691438,-0.05236974010013701
2026-06-06,NOW,-0.1314165055535636,-0.07871866191794588
2026-06-07,NOW,-0.1315873963934719,-0.09634157340978788
2026-06-08,NOW,-0.1315873963934719,-0.1080901810710159
2026-06-09,NOW,-0.091346540396384,-0.10250896751280528
2026-06-10,NOW,-0.140939635807895,-0.1153191902778352
2026-06-11,NOW,-0.1356246711746614,-0.1220876839101106
2026-06-12,NOW,-0.1591860070538976,-0.13445379162470628
2026-06-13,NOW,-0.1682746733081028,-0.14572741885250512
2026-06-14,NOW,-0.1683611816871417,-0.15327200646405065
2026-06-15,NOW,-0.1683611813390527,-0.15830173142238468
2026-06-16,NOW,-0.160827278526623,-0.1591435804571308
2026-06-17,NOW,-0.1790735570426634,-0.1657869059856417
2026-06-18,NOW,-0.2002574517195131,-0.17727708789693217
2026-06-19,NOW,-0.1820748949432782,-0.17887635691238085
2026-06-20,NOW,-0.1786715895316155,-0.17880810111879242
2026-06-21,NOW,-0.1786715896974104,-0.1787625973116651
2026-06-22,NOW,-0.182074936925831,-0.17986671051638708
2026-06-23,NOW,-0.1831452662449821,-0.18095956242591876
2026-06-24,NOW,-0.1479831721326773,-0.16996743232817163
2026-06-25,NOW,-0.1542155733568725,-0.16471681267107194
2026-06-26,NOW,-0.1693274087488407,-0.1662536780303282
2026-06-27,NOW,-0.1146546123778547,-0.1490539894795037
2026-06-28,NOW,-0.169362608713956,-0.15582352922432113
2026-06-29,NOW,-0.1154818786021409,-0.14237631235026105
2026-06-30,NOW,-0.1296861399153684,-0.1381462548719635
2026-07-01,NOW,-0.1196848152730585,-0.13199244167232851
2026-07-02,NOW,-0.0885055951005216,-0.11749682614839288
2026-07-03,NOW,-0.0782727449281492,-0.10442213240831166
2026-07-04,NOW,-0.0783498952146154,-0.09573138667707959
2026-07-05,NOW,-0.078241524727802,-0.08990143269398707
2026-07-06,NOW,-0.0780835448108833,-0.08596213673295248
2026-07-07,NOW,-0.0688426364722625,-0.08025563664605584
2026-07-08,NOW,-0.0333767503725048,-0.06462934122153884
2026-07-09,NOW,-0.0010917441315776,-0.043450142191551765
2026-07-10,NOW,0.0725287969826073,-0.004790495800165415
2026-07-11,NOW,0.131921506693943,0.040780171697870723
2026-07-12,NOW,0.13189155998565052,0.07115063446046399
2026-05-13,NSC,-0.1822227972479468,-0.16499215658578492
2026-05-22,NSC,-0.1791072127650265,-0.1696971753121988
2026-05-23,NSC,-0.1718897298006459,-0.17042802680834784
2026-05-24,NSC,-0.1719688112305609,-0.17094162161575222
2026-05-25,NSC,-0.1719688120113308,-0.17128401841427843
2026-05-26,NSC,-0.1719688121103388,-0.1715122829796319
2026-05-27,NSC,-0.1459582337439334,-0.16299426656773242
2026-06-01,NSC,-0.1877098793712103,-0.17123280416889172
2026-06-02,NSC,-0.189019918519644,-0.17716184228580917
2026-06-03,NSC,-0.1864264670765203,-0.18025005054937956
2026-06-04,NSC,-0.1802176496052991,-0.1802392502346861
2026-06-05,NSC,-0.17351514670934,-0.17799788239290407
2026-06-06,NSC,-0.1505862178156443,-0.16886066086715082
2026-06-07,NSC,-0.1507346989617371,-0.16281867356534624
2026-06-08,NSC,-0.1507346989617371,-0.15879068203080987
2026-06-09,NSC,-0.1515308943992247,-0.15637075282028148
2026-06-10,NSC,-0.1498239353576747,-0.1541884803327459
2026-06-11,NSC,-0.1466438573073337,-0.15167360599094185
2026-06-12,NSC,-0.149334727473239,-0.15089397981837424
2026-06-13,NSC,-0.1435769312164087,-0.14845496361771907
2026-06-14,NSC,-0.143649618119858,-0.1468531817850987
2026-06-15,NSC,-0.1436496178495973,-0.1457853271399316
2026-06-16,NSC,-0.1545138050728422,-0.14869481978423513
2026-06-17,NSC,-0.1447492662445764,-0.14737963527101555
2026-06-18,NSC,-0.1424388723770776,-0.14573271430636958
2026-06-19,NSC,-0.1614791827379318,-0.15098153711689033
2026-06-20,NSC,-0.1508775241446319,-0.15094686612613753
2026-06-21,NSC,-0.1508775242769322,-0.15092375217640244
2026-06-22,NSC,-0.1614792141080022,-0.1544422394869357
2026-06-23,NSC,-0.1555821676710698,-0.15482221554831374
2026-06-24,NSC,-0.1495458126046792,-0.15306341456710224
2026-06-25,NSC,-0.1445881945277339,-0.1502383412206461
2026-06-26,NSC,-0.1406702853678263,-0.14704898926970617
2026-06-27,NSC,-0.1466523987566145,-0.14691679243200895
2026-06-28,NSC,-0.1407003671745997,-0.1448446506795392
2026-06-29,NSC,-0.1483876817921758,-0.1460256610504181
2026-06-30,NSC,-0.1425995546405115,-0.14488362558044923
2026-07-01,NSC,-0.1424529522177657,-0.14407340112622138
2026-07-02,NSC,-0.129055097877052,-0.13906730004316492
2026-07-03,NSC,-0.1216016659387578,-0.13324542200836254
2026-07-04,NSC,-0.1216744648484405,-0.12938843628838853
2026-07-05,NSC,-0.1215763790109639,-0.12678441719591366
2026-07-06,NSC,-0.1214392972219772,-0.12500271053793482
2026-07-07,NSC,-0.1237432488112711,-0.12458288996238026
2026-07-08,NSC,-0.1190005998464887,-0.12272212659041641
2026-07-09,NSC,-0.1170045853762693,-0.12081627951903405
2026-07-10,NSC,-0.1148726846575101,-0.11883508123185942
2026-07-11,NSC,-0.1159899710444884,-0.11788671116940241
2026-07-12,NSC,-0.11606685202274673,-0.11728009145385053
2026-05-13,NUE,0.3829028872490328,0.3800714971982432
2026-05-22,NUE,0.3962954040455527,0.38547946614734635
2026-05-23,NUE,0.4366812995197688,0.4025467439381538
2026-05-24,NUE,0.4366287788310103,0.4139074222357727
2026-05-25,NUE,0.4366287778788643,0.4214812074501366
2026-05-26,NUE,0.4366287780933998,0.4265303976645577
2026-05-27,NUE,0.4643195910200213,0.4391267954497122
2026-06-01,NUE,0.4525974416824104,0.4436170108606116
2026-06-02,NUE,0.4347577548289144,0.4406639255167125
2026-06-03,NUE,0.4706133129884703,0.45064705467396515
2026-06-04,NUE,0.4741294529730654,0.45847452077366524
2026-06-05,NUE,0.4891186388754613,0.4686892268075973
2026-06-06,NUE,0.5369557605073342,0.49144473804084293
2026-06-07,NUE,0.536895143368003,0.5065948731498964
2026-06-08,NUE,0.536895143368003,0.5166949632225987
2026-06-09,NUE,0.5099344547861582,0.5144414604104519
2026-06-10,NUE,0.5234686950242491,0.517450538615051
2026-06-11,NUE,0.5409732094198899,0.5252914288833306
2026-06-12,NUE,0.5559751497247727,0.535519335830478
2026-06-13,NUE,0.579859576034256,0.550299415898404
2026-06-14,NUE,0.5798263548217253,0.5601417288728445
2026-06-15,NUE,0.579826354869756,0.566703270871815
2026-06-16,NUE,0.5344395334068012,0.5559486917168104
2026-06-17,NUE,0.5565484557557228,0.5561486130631146
2026-06-18,NUE,0.5353146296003477,0.549203951908859
2026-06-19,NUE,0.4727923926288935,0.5237334321488705
2026-06-20,NUE,0.4752892701972694,0.5075853781650035
2026-06-21,NUE,0.4752892701334457,0.4968200088211509
2026-06-22,NUE,0.4727923849137406,0.4888108008520141
2026-06-23,NUE,0.4590111460497661,0.4788775825845981
2026-06-24,NUE,0.4689722278765816,0.4755757976819259
2026-06-25,NUE,0.4675844803420869,0.47291202523531295
2026-06-26,NUE,0.4340711319804909,0.4599650608170389
2026-06-27,NUE,0.4274666348086094,0.44913225214756247
2026-06-28,NUE,0.4340494467184008,0.44410465033784197
2026-06-29,NUE,0.4229779604693752,0.4370624203816864
2026-06-30,NUE,0.3537041164470026,0.4092763190701252
2026-07-01,NUE,0.3310536675883126,0.38320210190952103
2026-07-02,NUE,0.3224581077432421,0.36295410385409477
2026-07-03,NUE,0.3505757273020639,0.3588279783367512
2026-07-04,NUE,0.3505111987426778,0.3560557184720601
2026-07-05,NUE,0.3505897372835342,0.3542337247425515
2026-07-06,NUE,0.3506870994970534,0.3530515163273855
2026-07-07,NUE,0.3762821423469936,0.36079505833392156
2026-07-08,NUE,0.3900544102333503,0.37054817563373116
2026-07-09,NUE,0.3708844299718482,0.3706602604131035
2026-07-10,NUE,0.3274857860661631,0.3562687689641234
2026-07-11,NUE,0.3311465088356547,0.3478946822546339
2026-07-12,NUE,0.33109828813624814,0.342295884215172
2026-05-13,NVDA,0.3368958663011001,0.3352036182772632
2026-05-22,NVDA,0.3068222810916913,0.32574317254873925
2026-05-23,NVDA,0.2833108724042673,0.31159907250058194
2026-05-24,NVDA,0.283241236541244,0.30214646051413596
2026-05-25,NVDA,0.2832412356995292,0.29584471890926706
2026-05-26,NVDA,0.2832412357120239,0.29164355784351936
2026-05-27,NVDA,0.2699050977804815,0.2843974044891734
2026-06-01,NVDA,0.3062566234872126,0.29168381082185313
2026-06-02,NVDA,0.3400150348851882,0.3077942188429649
2026-06-03,NVDA,0.3261120268204199,0.31390015483544986
2026-06-04,NVDA,0.2923658640586695,0.3067220579098564
2026-06-05,NVDA,0.3122071640463965,0.30855042662203647
2026-06-06,NVDA,0.274665106023699,0.297255319755924
2026-06-07,NVDA,0.2745323663804877,0.28968100196411195
2026-06-08,NVDA,0.2745323663804877,0.2846314567695706
2026-06-09,NVDA,0.273964092393483,0.2810756686442081
2026-06-10,NVDA,0.2648751007347874,0.27567547934106784
2026-06-11,NVDA,0.2417983323198188,0.2643830970006515
2026-06-12,NVDA,0.2568161473412571,0.26186078044752004
2026-06-13,NVDA,0.2467591345888752,0.25682689849463847
2026-06-14,NVDA,0.2466890447874152,0.25344761392556403
2026-06-15,NVDA,0.2466890450430517,0.25119475763139326
2026-06-16,NVDA,0.2731168423142449,0.25850211919234384
2026-06-17,NVDA,0.2570320132775104,0.2580120838873994
2026-06-18,NVDA,0.2654134756585964,0.2604792144777984
2026-06-19,NVDA,0.2922320537105822,0.27106349422205966
2026-06-20,NVDA,0.2951562578701163,0.27909441543807856
2026-06-21,NVDA,0.2951562577582192,0.28444836287812547
2026-06-22,NVDA,0.2922320298403968,0.2870429185322159
2026-06-23,NVDA,0.2762651909559175,0.2834503426734498
2026-06-24,NVDA,0.2611553257185136,0.2760186703551377
2026-06-25,NVDA,0.2452153876452876,0.26575090945185437
2026-06-26,NVDA,0.2463158381244966,0.25927255234273516
2026-06-27,NVDA,0.2442696156265435,0.25427157343733797
2026-06-28,NVDA,0.2462865589429398,0.25160990193920524
2026-06-29,NVDA,0.2422200746546044,0.248479959511005
2026-06-30,NVDA,0.2524146983090845,0.24979153911036484
2026-07-01,NVDA,0.2492277363950574,0.24960360487192904
2026-07-02,NVDA,0.2430950215817106,0.24743407710852292
2026-07-03,NVDA,0.2261899256408509,0.2403526932859656
2026-07-04,NVDA,0.2261157757512219,0.2356070541077177
2026-07-05,NVDA,0.2262170546826778,0.2324770542993711
2026-07-06,NVDA,0.2263606247518472,0.23043824445019648
2026-07-07,NVDA,0.2283707405906716,0.22974907649702153
2026-07-08,NVDA,0.2334151019825022,0.23097108499218177
2026-07-09,NVDA,0.2747329233115365,0.2455583644319667
2026-07-10,NVDA,0.2525647156005699,0.24789381482150114
2026-07-11,NVDA,0.2578035023875512,0.2511970440101845
2026-07-12,NVDA,0.25772903870798164,0.25337437557611686
2026-05-13,NXPI,0.129947095755846,0.17998968319422623
2026-05-22,NXPI,0.2066082889374454,0.18886255177529931
2026-05-23,NXPI,0.2426875497128199,0.20680421775447286
2026-05-24,NXPI,0.2426371804292496,0.2187485386460651
2026-05-25,NXPI,0.2426371794632222,0.2267114189184508
2026-05-26,NXPI,0.2426371797031545,0.2320200058466854
2026-05-27,NXPI,0.2857194201152632,0.249919810602878
2026-06-01,NXPI,0.270170088128558,0.256669903111438
2026-06-02,NXPI,0.2388901808600774,0.2507433290276512
2026-06-03,NXPI,0.2745356041930651,0.2586740874161225
2026-06-04,NXPI,0.2792237452738689,0.2655239733687047
2026-06-05,NXPI,0.3007045010465423,0.2772508159279839
2026-06-06,NXPI,0.2825890576157152,0.27903022982389436
2026-06-07,NXPI,0.2825177184413727,0.2801927260297205
2026-06-08,NXPI,0.2825177184413727,0.28096772350027127
2026-06-09,NXPI,0.2950440929368682,0.2856598466458036
2026-06-10,NXPI,0.3168600603897135,0.29605991789377356
2026-06-11,NXPI,0.3150692213494717,0.3023963523790063
2026-06-12,NXPI,0.3364854236295113,0.31375937612917465
2026-06-13,NXPI,0.3360146625007666,0.3211778049197053
2026-06-14,NXPI,0.3359782376306099,0.32611128249000687
2026-06-15,NXPI,0.3359782376966803,0.329400267558898
2026-06-16,NXPI,0.3393911626855854,0.3327305659344605
2026-06-17,NXPI,0.3203618088379605,0.3286076469022938
2026-06-18,NXPI,0.3166158768082608,0.32461039020428284
2026-06-19,NXPI,0.3186675581384888,0.3226294461823515
2026-06-20,NXPI,0.3210279618660744,0.3220956180769258
2026-06-21,NXPI,0.3210279618176037,0.3217397326571518
2026-06-22,NXPI,0.3186675555827136,0.3207156736323391
2026-06-23,NXPI,0.3285914555820621,0.3233409342822468
2026-06-24,NXPI,0.2918682095932695,0.3128500260525877
2026-06-25,NXPI,0.2712382690654222,0.29897944039019925
2026-06-26,NXPI,0.2292489178956668,0.2757359328920218
2026-06-27,NXPI,0.199932879856208,0.25046824854675054
2026-06-28,NXPI,0.2292275984300172,0.24338803184117275
2026-06-29,NXPI,0.1956141629955582,0.22746340889263458
2026-06-30,NXPI,0.1904190784137999,0.21511529873302304
2026-07-01,NXPI,0.1779172906783376,0.20271596271479458
2026-07-02,NXPI,0.2141691095765485,0.20653367833537922
2026-07-03,NXPI,0.2274864738097151,0.2135179434934912
2026-07-04,NXPI,0.2274285866200372,0.2181548245356732
2026-07-05,NXPI,0.2274914280236511,0.2212670256983325
2026-07-06,NXPI,0.2275568940809168,0.2233636484925273
2026-07-07,NXPI,0.2354807329490694,0.22740267664470803
2026-07-08,NXPI,0.2452937170741449,0.23336635678785367
2026-07-09,NXPI,0.2770722083128054,0.2479349739628376
2026-07-10,NXPI,0.2705005999557392,0.2554568492938048
2026-07-11,NXPI,0.279202006687805,0.2633719017584716
2026-07-12,NXPI,0.2792063661369243,0.26865005655128915
2026-05-13,O,-0.034369398819853,-0.0340025543832548
2026-05-22,O,-0.074432575404178,-0.04747922805689587
2026-05-23,O,-0.0717359980146851,-0.05556481804282561
2026-05-24,O,-0.0718195940526628,-0.060983076712771346
2026-05-25,O,-0.0718195948048399,-0.06459524941012754
2026-05-26,O,-0.0718195118025222,-0.06700333687425909
2026-05-27,O,-0.0575128572741877,-0.0638398436742353
2026-06-01,O,-0.0761921286485331,-0.06795727199900123
2026-06-02,O,-0.0817362645737486,-0.07255026952391702
2026-06-03,O,-0.0756084234042243,-0.07356965415068611
2026-06-04,O,-0.0679710226753058,-0.07170344365889268
2026-06-05,O,-0.080773577763514,-0.07472682169376646
2026-06-06,O,-0.0735320086618156,-0.07432855068311617
2026-06-07,O,-0.0736978006101964,-0.07411830065880959
2026-06-08,O,-0.0736978006101964,-0.07397813397593853
2026-06-09,O,-0.0809184535593552,-0.07629157383707742
2026-06-10,O,-0.0773732182814324,-0.07665212198519575
2026-06-11,O,-0.0757928393476872,-0.07636569443935956
2026-06-12,O,-0.0765550169126934,-0.07642880193047084
2026-06-13,O,-0.0708117695648163,-0.074556457808586
2026-06-14,O,-0.0708918545946006,-0.0733349234039242
2026-06-15,O,-0.0708919305219419,-0.07252059244326343
2026-06-16,O,-0.0664871457596485,-0.07050944354872513
2026-06-17,O,-0.0683947678320321,-0.0698045516431608
2026-06-18,O,-0.0705376514801957,-0.07004891825550577
2026-06-19,O,-0.0610656914644962,-0.06705450932516925
2026-06-20,O,-0.0578491075471686,-0.0639860420658357
2026-06-21,O,-0.0578490705902489,-0.06194038490730677
2026-06-22,O,-0.0610657635770221,-0.061648844463878555
2026-06-23,O,-0.0491265477539032,-0.057474745560553445
2026-06-24,O,-0.0354753465119341,-0.050141612544347
2026-06-25,O,-0.0252827308811419,-0.041855318656611976
2026-06-26,O,-0.0332330939687726,-0.03898124376066552
2026-06-27,O,-0.037602176955508,-0.038521554825613015
2026-06-28,O,-0.0332644766583936,-0.03676919543653988
2026-06-29,O,-0.0389183153219171,-0.03748556873166562
2026-06-30,O,-0.0431532701244443,-0.03937480252925851
2026-07-01,O,-0.0426781416229425,-0.040475915560486506
2026-07-02,O,-0.0527328034804031,-0.04456154486712537
2026-07-03,O,-0.0414308183819341,-0.04351796937206162
2026-07-04,O,-0.0415081113318963,-0.04284801669200652
2026-07-05,O,-0.0413994036543263,-0.04236514567944645
2026-07-06,O,-0.0412407385749546,-0.0419903433112825
2026-07-07,O,-0.0429854740324725,-0.04232205355167917
2026-07-08,O,-0.0408561197363777,-0.041833408946578686
2026-07-09,O,-0.032578417025269,-0.03874841163947546
2026-07-10,O,-0.0404772214123122,-0.03932468156375438
2026-07-11,O,-0.0543510720778118,-0.04433347840177352
2026-07-12,O,-0.05445393944298166,-0.04770696541550957
2026-05-13,ODFL,-0.175193942421641,-0.16333923086802815
2026-05-22,ODFL,-0.1380357528592833,-0.15490473819844655
2026-05-23,ODFL,-0.1385046773482755,-0.14943805124838955
2026-05-24,ODFL,-0.1385779484598225,-0.14581801698553387
2026-05-25,ODFL,-0.1385779492780819,-0.1434046610830499
2026-05-26,ODFL,-0.1385779493085005,-0.14179575715820011
2026-05-27,ODFL,-0.0936504743203613,-0.12574732954558718
2026-06-01,ODFL,-0.1290298988745104,-0.1268415193218949
2026-06-02,ODFL,-0.1321674057216988,-0.12861681478849624
2026-06-03,ODFL,-0.1554412421136422,-0.1375582905635449
2026-06-04,ODFL,-0.1243610781848625,-0.13315921977065076
2026-06-05,ODFL,-0.0550616666604837,-0.10712670206726176
2026-06-06,ODFL,-0.0371631335449411,-0.08380551255982155
2026-06-07,ODFL,-0.0372756254802506,-0.06829555019996457
2026-06-08,ODFL,-0.0372756254802506,-0.05795557529339325
2026-06-09,ODFL,-0.020854034844141,-0.045588395143642504
2026-06-10,ODFL,0.0223389123296064,-0.022945959319226206
2026-06-11,ODFL,0.032432371906504,-0.004486515577316139
2026-06-12,ODFL,0.0244879476810551,0.00517163884214094
2026-06-13,ODFL,0.0079399027965882,0.006094393493623361
2026-06-14,ODFL,0.0078859119367931,0.006691566308013275
2026-06-15,ODFL,0.0078859121017769,0.007089681572601151
2026-06-16,ODFL,-0.040618525018827,-0.008813053957874899
2026-06-17,ODFL,-0.0513244722710963,-0.022983526728948697
2026-06-18,ODFL,-0.0879844997551105,-0.0446505177376693
2026-06-19,ODFL,-0.1059499881577818,-0.06508367454437347
2026-06-20,ODFL,-0.1055845728110437,-0.07858397396659689
2026-06-21,ODFL,-0.1055845729263014,-0.08758417361983173
2026-06-22,ODFL,-0.1059500129350869,-0.09370612005825013
2026-06-23,ODFL,-0.1215827301942031,-0.10299832343690113
2026-06-24,ODFL,-0.1043577439078986,-0.1034514635939003
2026-06-25,ODFL,-0.1124385750506092,-0.10644716741280327
2026-06-26,ODFL,-0.1258984636784064,-0.11293093283467098
2026-06-27,ODFL,-0.1359290611780691,-0.1205969756158037
2026-06-28,ODFL,-0.125927144432639,-0.1223736985547488
2026-06-29,ODFL,-0.1380733639475974,-0.127606920352365
2026-06-30,ODFL,-0.1468726062121782,-0.13402881563896943
2026-07-01,ODFL,-0.1589443999814116,-0.1423340104197835
2026-07-02,ODFL,-0.16484678869625,-0.14983826984527232
2026-07-03,ODFL,-0.1606745797843743,-0.1534503731583063
2026-07-04,ODFL,-0.1607486751006004,-0.15588314047240434
2026-07-05,ODFL,-0.1606475251555185,-0.15747126870010908
2026-07-06,ODFL,-0.1605042171831553,-0.15848225152779116
2026-07-07,ODFL,-0.1814183274243753,-0.1661276101599859
2026-07-08,ODFL,-0.1717010030560851,-0.16798540779201898
2026-07-09,ODFL,-0.1698638856157668,-0.16861156706660158
2026-07-10,ODFL,-0.1537584562942944,-0.1636605301424992
2026-07-11,ODFL,-0.1497118193938718,-0.15901095989295674
2026-07-12,ODFL,-0.1497741614706244,-0.15593202708551263
2026-05-13,OKE,0.0084391538050272,0.028842998528880802
2026-05-22,OKE,0.0025773913807211,0.020087796146160904
2026-05-23,OKE,0.059642654483094,0.0332727489251386
2026-05-24,OKE,0.0595755448848194,0.042040347578365535
2026-05-25,OKE,0.0595755440268045,0.04788541306117852
2026-05-26,OKE,0.0595755440691212,0.051782123397159416
2026-05-27,OKE,0.0324492392479394,0.04533782868075274
2026-06-01,OKE,-0.0544721775381318,0.012067826607791234
2026-06-02,OKE,-0.0422519932638739,-0.00603878001609714
2026-06-03,OKE,-0.0296964298221135,-0.013924663284769259
2026-06-04,OKE,-0.0384390980009057,-0.022096141523481404
2026-06-05,OKE,-0.045206870122084,-0.029799717723015602
2026-06-06,OKE,-0.0330892727813823,-0.030896236075804502
2026-06-07,OKE,-0.0332381276935701,-0.03167686661505971
2026-06-08,OKE,-0.0332381276935701,-0.03219728697456317
2026-06-09,OKE,-0.0254651940163052,-0.029953255988477184
2026-06-10,OKE,-0.0442138434474605,-0.03470678514147162
2026-06-11,OKE,-0.0176073493674323,-0.029006973216791854
2026-06-12,OKE,-0.0438507274090567,-0.03395489128088014
2026-06-13,OKE,-0.0312358142250531,-0.03304853226227113
2026-06-14,OKE,-0.0313092103315202,-0.03246875828535416
2026-06-15,OKE,-0.0313092100572659,-0.03208224220932474
2026-06-16,OKE,-0.0647806666746382,-0.04298171703109589
2026-06-17,OKE,-0.0819355484054129,-0.055966327489201564
2026-06-18,OKE,-0.0934403692330149,-0.06845767473713935
2026-06-19,OKE,-0.1055963641617921,-0.08083723787869027
2026-06-20,OKE,-0.0934238046481741,-0.08503276013518488
2026-06-21,OKE,-0.0934238047962033,-0.08782977502219103
2026-06-22,OKE,-0.1055964009403909,-0.09375198366159099
2026-06-23,OKE,-0.0930832942311661,-0.0935290871847827
2026-06-24,OKE,-0.091431499844153,-0.0928298914045728
2026-06-25,OKE,-0.1058083492904269,-0.09715604403319084
2026-06-26,OKE,-0.0967896057956299,-0.09703389795400386
2026-06-27,OKE,-0.11557792347549,-0.10321523979449924
2026-06-28,OKE,-0.0968226027709539,-0.1010843607866508
2026-06-29,OKE,-0.1161908395336836,-0.1061198537023284
2026-06-30,OKE,-0.1068110238955083,-0.10635024376672171
2026-07-01,OKE,-0.0912249629936926,-0.10130848350904535
2026-07-02,OKE,-0.087637158462323,-0.0967513751601379
2026-07-03,OKE,-0.0881453394626048,-0.09388269659429355
2026-07-04,OKE,-0.0882243639501426,-0.09199658571290992
2026-07-05,OKE,-0.0881115637157417,-0.09070157838052052
2026-07-06,OKE,-0.0879445826721187,-0.08978257981105325
2026-07-07,OKE,-0.0909554673062825,-0.090173542309463
2026-07-08,OKE,-0.0869820791443808,-0.08910972125443561
2026-07-09,OKE,-0.020220011908911,-0.06614648480592741
2026-07-10,OKE,-0.0342049869029186,-0.05549931883825781
2026-07-11,OKE,-0.0391443955807286,-0.05004767775241475
2026-07-12,OKE,-0.03923490034513591,-0.04644341861665514
2026-05-13,ON,0.2548660894558743,0.1949592006881637
2026-05-22,ON,0.3103089291376154,0.23340911017131427
2026-05-23,ON,0.3608891346174888,0.27590245165337246
2026-05-24,ON,0.3608632121411158,0.3042227051492869
2026-05-25,ON,0.360863211017352,0.3231028737719753
2026-05-26,ON,0.3608632115458732,0.33568965302994125
2026-05-27,ON,0.4676267920449793,0.3796686993682873
2026-06-01,ON,0.408638539807696,0.38932531284809024
2026-06-02,ON,0.3899181001641982,0.38952290862012623
2026-06-03,ON,0.4924780993069995,0.42384130551575067
2026-06-04,ON,0.5154610266089733,0.4543812125468249
2026-06-05,ON,0.5154610266089733,0.47474115056754107
2026-06-06,ON,0.5154610266089733,0.4883144425813518
2026-06-07,ON,0.5154610266089733,0.49736330392389233
2026-06-08,ON,0.5154610266089733,0.5033958781522527
2026-06-09,ON,0.5154610266089733,0.507417594304493
2026-06-10,ON,0.5154610266089733,0.5100987384059864
2026-06-11,ON,0.5006851937490814,0.5069608901870181
2026-06-12,ON,0.4809600021914023,0.49829392752181284
2026-06-13,ON,0.4553590388448054,0.48398229796281034
2026-06-14,ON,0.4553476234305638,0.4744374064520615
2026-06-15,ON,0.4553476233558067,0.4680741454199766
2026-06-16,ON,0.4915058453448198,0.475884712061591
2026-06-17,ON,0.4583947839736969,0.470054736032293
2026-06-18,ON,0.4349014938168655,0.4583369886271505
2026-06-19,ON,0.445087709275371,0.4539205621765574
2026-06-20,ON,0.4469072487467411,0.45158279103328536
2026-06-21,ON,0.4469072487591164,0.45002427694189573
2026-06-22,ON,0.4450877271669065,0.44837876035023266
2026-06-23,ON,0.5053204170552035,0.46735931258522295
2026-06-24,ON,0.4008660054924816,0.44519487688764253
2026-06-25,ON,0.389463420601962,0.4266177247924157
2026-06-26,ON,0.3503478432156908,0.40119443093350743
2026-06-27,ON,0.1493284562894667,0.31723910605216055
2026-06-28,ON,0.3503355746402495,0.32827126224819025
2026-06-29,ON,0.1442275877615845,0.26692337075265504
2026-06-30,ON,0.1307732800747421,0.22154000719335076
2026-07-01,ON,0.116208390973658,0.1864294684534532
2026-07-02,ON,0.1584067130399803,0.1770885499822956
2026-07-03,ON,0.1566420898988584,0.17027306328781655
2026-07-04,ON,0.1565871873267975,0.16571110463414354
2026-07-05,ON,0.1566429744698582,0.16268839457938178
2026-07-06,ON,0.1566941064614032,0.1606902985400556
2026-07-07,ON,0.1681039116005344,0.16316150289354853
2026-07-08,ON,0.1518404091520918,0.15938780497972962
2026-07-09,ON,0.1467904312000103,0.15518868038648986
2026-07-10,ON,0.1674742546368507,0.15928387180327683
2026-07-11,ON,0.1387709145428763,0.15244621938314332
2026-07-12,ON,0.1387659995468881,0.14788614610439157
2026-05-13,ORCL,-0.3266986243201217,-0.3223351611032595
2026-05-22,ORCL,-0.2146818267812825,-0.28645071632926716
2026-05-23,ORCL,-0.242289505971045,-0.2717303128765265
2026-05-24,ORCL,-0.2423428442830931,-0.2619344900120487
2026-05-25,ORCL,-0.2423428452299636,-0.2554039417513537
2026-05-26,ORCL,-0.24234284502508,-0.2510502428425958
2026-05-27,ORCL,-0.2539516500996011,-0.2520173785949309
2026-06-01,ORCL,-0.1332107180736608,-0.2124151584211742
2026-06-02,ORCL,-0.0921019416528217,-0.1723107528317234
2026-06-03,ORCL,-0.118597417296146,-0.1544063076531976
2026-06-04,ORCL,-0.2025543915740981,-0.17045566896016445
2026-06-05,ORCL,-0.187244335185473,-0.1760518910352673
2026-06-06,ORCL,-0.1989357245609685,-0.18367983554383438
2026-06-07,ORCL,-0.1990136045666753,-0.18879109188478135
2026-06-08,ORCL,-0.1990136045666753,-0.19219859611207935
2026-06-09,ORCL,-0.2079624605355897,-0.1974532175865828
2026-06-10,ORCL,-0.3077455860642153,-0.2342173404124603
2026-06-11,ORCL,-0.3109850839987763,-0.25980658827456565
2026-06-12,ORCL,-0.3869436424728319,-0.3021856063406544
2026-06-13,ORCL,-0.3906756808897796,-0.33168229785702946
2026-06-14,ORCL,-0.3907412805162494,-0.35136862541010283
2026-06-15,ORCL,-0.3907412802858969,-0.36449284370203416
2026-06-16,ORCL,-0.3561512397834373,-0.3617123090625019
2026-06-17,ORCL,-0.3654175239148918,-0.36294738067996524
2026-06-18,ORCL,-0.3890779336680685,-0.371657565009333
2026-06-19,ORCL,-0.3784302782241286,-0.3739151360809315
2026-06-20,ORCL,-0.3755248566824731,-0.37445170961477875
2026-06-21,ORCL,-0.3755248567922572,-0.3748094253406049
2026-06-22,ORCL,-0.3784303013842393,-0.37601638402181636
2026-06-23,ORCL,-0.4311931815607934,-0.39440864986814206
2026-06-24,ORCL,-0.4283092505110565,-0.4057088500824469
2026-06-25,ORCL,-0.4552697588497735,-0.4222291530048891
2026-06-26,ORCL,-0.4723068133310254,-0.4389217064469346
2026-06-27,ORCL,-0.4840908426673898,-0.4539780851870864
2026-06-28,ORCL,-0.4723376348076669,-0.46009793506061325
2026-06-29,ORCL,-0.485508723704722,-0.46856819794198284
2026-06-30,ORCL,-0.4853121725963743,-0.47414952282678
2026-07-01,ORCL,-0.5087596412003126,-0.4856862289512909
2026-07-02,ORCL,-0.5244651909834727,-0.49861254962868484
2026-07-03,ORCL,-0.5520086239805368,-0.5164112410793023
2026-07-04,ORCL,-0.5520900067204031,-0.5283041629596692
2026-07-05,ORCL,-0.551971632664324,-0.5361933195278875
2026-07-06,ORCL,-0.5517933257665388,-0.541393321607438
2026-07-07,ORCL,-0.5284441631884275,-0.5370769354677679
2026-07-08,ORCL,-0.5340757611508637,-0.5360765440287999
2026-07-09,ORCL,-0.5189204855642515,-0.5303578578739505
2026-07-10,ORCL,-0.4693869906414538,-0.5100342354631183
2026-07-11,ORCL,-0.4992520507281239,-0.5064401738847869
2026-07-12,ORCL,-0.4966162568269509,-0.5031655348655082
2026-05-13,ORLY,-0.2341765650199672,-0.23004147953143167
2026-05-22,ORLY,-0.2505512031684818,-0.23687805407711504
2026-05-23,ORLY,-0.2445721585526647,-0.23944275556896494
2026-05-24,ORLY,-0.2446534009631608,-0.24117963736703024
2026-05-25,ORLY,-0.2446534017299876,-0.24233755882134936
2026-05-26,ORLY,-0.2446534018545055,-0.24310950649906807
2026-05-27,ORLY,-0.2338797189413085,-0.24003291064648158
2026-06-01,ORLY,-0.2735752361587092,-0.25121368581722414
2026-06-02,ORLY,-0.2663699117888548,-0.25626576114110106
2026-06-03,ORLY,-0.2727928679421332,-0.2617747967414451
2026-06-04,ORLY,-0.2666071622998111,-0.26338558526090045
2026-06-05,ORLY,-0.273242460889591,-0.266671210470464
2026-06-06,ORLY,-0.2638355359345209,-0.26572598562514965
2026-06-07,ORLY,-0.2640002874368468,-0.2651507528957154
2026-06-08,ORLY,-0.2640002874368468,-0.2647672644094259
2026-06-09,ORLY,-0.2732593647101387,-0.2675979645096635
2026-06-10,ORLY,-0.2795672437798162,-0.27158772426638106
2026-06-11,ORLY,-0.2662261783668346,-0.2698005422998656
2026-06-12,ORLY,-0.2635845054094606,-0.26772853000306396
2026-06-13,ORLY,-0.2471520463190535,-0.2608697021083938
2026-06-14,ORLY,-0.2472302754740446,-0.25632322656361073
2026-06-15,ORLY,-0.2472302751725757,-0.25329224276659906
2026-06-16,ORLY,-0.2438300507984651,-0.2501381787772211
2026-06-17,ORLY,-0.2396516611855979,-0.24664267291334674
2026-06-18,ORLY,-0.2475647896343647,-0.24695004515368607
2026-06-19,ORLY,-0.2591799354684992,-0.2510266752586238
2026-06-20,ORLY,-0.2559543855330153,-0.25266924535008767
2026-06-21,ORLY,-0.2559543856788132,-0.2537642921263295
2026-06-22,ORLY,-0.2591799707310266,-0.2555695183278952
2026-06-23,ORLY,-0.2675380941294441,-0.2595590435950782
2026-06-24,ORLY,-0.253043875375012,-0.25738732085505617
2026-06-25,ORLY,-0.2742522287613111,-0.26300895682380787
2026-06-26,ORLY,-0.2823578136050068,-0.2694585757508742
2026-06-27,ORLY,-0.2673570383683984,-0.2687580632900489
2026-06-28,ORLY,-0.2823913671228724,-0.2733024979009901
2026-06-29,ORLY,-0.2682187540769811,-0.27160791662632044
2026-06-30,ORLY,-0.2713799135374944,-0.27153191559671175
2026-07-01,ORLY,-0.2495987743235362,-0.26422086850565324
2026-07-02,ORLY,-0.2505149767953991,-0.2596522379355686
2026-07-03,ORLY,-0.2733441290481288,-0.26421620163975534
2026-07-04,ORLY,-0.2734241701473247,-0.2672855244756118
2026-07-05,ORLY,-0.2733089671114807,-0.2692933386875681
2026-07-06,ORLY,-0.2731371036406297,-0.270574593671922
2026-07-07,ORLY,-0.3221740988267159,-0.28777442872352
2026-07-08,ORLY,-0.3082663913718763,-0.2946050829396388
2026-07-09,ORLY,-0.3146539764484216,-0.3012880474425664
2026-07-10,ORLY,-0.3191612081760864,-0.30724576768707307
2026-07-11,ORLY,-0.3090990971864401,-0.30786354418686207
2026-07-12,ORLY,-0.30922158206435696,-0.3083162234793604
2026-05-13,OXY,-0.1561499467733287,-0.04277062709132289
2026-05-22,OXY,-0.2364123537427793,-0.10731786930847502
2026-05-23,OXY,-0.2296099729387448,-0.1480819038518983
2026-05-24,OXY,-0.2296779334945707,-0.17528058039945577
2026-05-25,OXY,-0.229677934347095,-0.19341303171533553
2026-05-26,OXY,-0.2296779343148236,-0.20550133258183156
2026-05-27,OXY,-0.233377303120407,-0.21479332276135674
2026-06-01,OXY,-0.2937636075868842,-0.24111675103653257
2026-06-02,OXY,-0.2719165994467785,-0.25138336717328125
2026-06-03,OXY,-0.2680322233348557,-0.2569329858938061
2026-06-04,OXY,-0.2625361482239643,-0.2588007066705255
2026-06-05,OXY,-0.2970502576705807,-0.27155055700387726
2026-06-06,OXY,-0.3138518891229015,-0.285651001043552
2026-06-07,OXY,-0.3140006147736517,-0.2951008722869186
2026-06-08,OXY,-0.3140006147736517,-0.301400786449163
2026-06-09,OXY,-0.2874106553629093,-0.29673740942041177
2026-06-10,OXY,-0.3389496695656415,-0.310808162802155
2026-06-11,OXY,-0.3728226852131605,-0.33147967027249015
2026-06-12,OXY,-0.3878048201639749,-0.35025472023631843
2026-06-13,OXY,-0.3663278344702644,-0.3556124249809671
2026-06-14,OXY,-0.3664070564544149,-0.3592106354721164
2026-06-15,OXY,-0.3664070561473553,-0.3616094423638627
2026-06-16,OXY,-0.3920649396456569,-0.37176127479112747
2026-06-17,OXY,-0.4229022895126006,-0.3888082796982852
2026-06-18,OXY,-0.4314916508286475,-0.40303607007507264
2026-06-19,OXY,-0.4495317856921419,-0.41853464194742906
2026-06-20,OXY,-0.4461238048001362,-0.4277310295649981
2026-06-21,OXY,-0.4461238049664572,-0.43386195469881783
2026-06-22,OXY,-0.4495318278514506,-0.43908524574969543
2026-06-23,OXY,-0.432960522277419,-0.4370436712589367
2026-06-24,OXY,-0.4521067418509045,-0.44206469478959265
2026-06-25,OXY,-0.4729780340983676,-0.452369141225851
2026-06-26,OXY,-0.46968835598004,-0.4581422128105807
2026-06-27,OXY,-0.5106484381283547,-0.4756442879165054
2026-06-28,OXY,-0.4697249146579815,-0.47367116349699745
2026-06-29,OXY,-0.5098066707538369,-0.4857163325826106
2026-06-30,OXY,-0.502724832049888,-0.4913858324050364
2026-07-01,OXY,-0.4906366414969083,-0.49113610210232705
2026-07-02,OXY,-0.5067513498467839,-0.4963411846838127
2026-07-03,OXY,-0.5321758021644225,-0.5082860571773493
2026-07-04,OXY,-0.5322666879528115,-0.5162796007691701
2026-07-05,OXY,-0.5321258530696082,-0.5215616848693162
2026-07-06,OXY,-0.531901906381556,-0.5250084253733962
2026-07-07,OXY,-0.5273589774578902,-0.5257919427348943
2026-07-08,OXY,-0.5148881923198962,-0.5221573592632283
2026-07-09,OXY,-0.4348604936665795,-0.49305840406434537
2026-07-10,OXY,-0.4322144578146503,-0.47277708864778034
2026-07-11,OXY,-0.42763453677809,-0.45772957135788356
2026-07-12,OXY,-0.4277597871684805,-0.44773964329474925
2026-05-13,PANW,0.1095609195784703,0.09194123886943258
2026-05-22,PANW,0.4249751560593162,0.20295254459939377
2026-05-23,PANW,0.4738874445848077,0.2932641779278651
2026-05-24,PANW,0.4738760262943876,0.35346812738337263
2026-05-25,PANW,0.4738760250770394,0.39360409328126156
2026-05-26,PANW,0.4738760257767792,0.4203614041131008
2026-05-27,PANW,0.407476741057247,0.4160665164278162
2026-06-01,PANW,0.4260964671184397,0.41940983332469073
2026-06-02,PANW,0.3771345746319781,0.40531808042711986
2026-06-03,PANW,0.3600478946050748,0.3902280184864382
2026-06-04,PANW,0.2481726191335207,0.34287621870213236
2026-06-05,PANW,0.22908746908353,0.3049466354959316
2026-06-06,PANW,0.2875190120937347,0.2991374276951993
2026-06-07,PANW,0.2874851301497149,0.29525332851337116
2026-06-08,PANW,0.2874851301497149,0.2926639290588191
2026-06-09,PANW,0.2390262244099617,0.27478469417586665
2026-06-10,PANW,0.2427710881899193,0.2641134921805509
2026-06-11,PANW,0.2267951129469507,0.2516740324360175
2026-06-12,PANW,0.254319558009466,0.2525558742938337
2026-06-13,PANW,0.2484258189948202,0.25117918919416254
2026-06-14,PANW,0.2483945529126001,0.2502509771003084
2026-06-15,PANW,0.2483945529496215,0.24963216905007946
2026-06-16,PANW,0.2320190874863123,0.24376114186215708
2026-06-17,PANW,0.2363098560216651,0.24127737991532644
2026-06-18,PANW,0.2503263985545673,0.24429371946174006
2026-06-19,PANW,0.2540070297484023,0.24753148955729415
2026-06-20,PANW,0.25620712504271,0.25042336805243276
2026-06-21,PANW,0.2562071250122736,0.2523512870390464
2026-06-22,PANW,0.2540070332530689,0.25290320244372055
2026-06-23,PANW,0.2300275783767673,0.2452779944214028
2026-06-24,PANW,0.3598229233784246,0.28345963740707675
2026-06-25,PANW,0.3842985685730438,0.3170726144623991
2026-06-26,PANW,0.2854849838725456,0.3065434042657813
2026-06-27,PANW,0.4313606364018642,0.3481491483111423
2026-06-28,PANW,0.2854711064838173,0.327256467702034
2026-06-29,PANW,0.422355499244476,0.358956144882848
2026-06-30,PANW,0.397157947465046,0.371690079076914
2026-07-01,PANW,0.4113061407271602,0.3848954329603294
2026-07-02,PANW,0.4919973201793264,0.42059606203332844
2026-07-03,PANW,0.4919973201793264,0.4443964814153278
2026-07-04,PANW,0.4919973201793264,0.460263427669994
2026-07-05,PANW,0.4919973201793264,0.47084139183977153
2026-07-06,PANW,0.4919973201793264,0.4778933679529565
2026-07-07,PANW,0.4919973201793264,0.4825946853617465
2026-07-08,PANW,0.4919973201793264,0.4857288969676065
2026-07-09,PANW,0.4919973201793264,0.4878183713715132
2026-07-10,PANW,0.4919973201793264,0.48921135430745094
2026-07-11,PANW,0.4919973201793264,0.49014000959807613
2026-07-12,PANW,0.4919973201793264,0.4907591131251596
2026-05-13,PAYX,0.0178267349278739,0.023142214329454302
2026-05-22,PAYX,0.1187856651500894,0.055023364602999336
2026-05-23,PAYX,0.1324528731419871,0.08083320078266193
2026-05-24,PAYX,0.1323827350964136,0.09801637888724582
2026-05-25,PAYX,0.1323827342579389,0.10947183067747684
2026-05-26,PAYX,0.1323827342645055,0.11710879853981974
2026-05-27,PAYX,0.0898156112164657,0.10801106943203506
2026-06-01,PAYX,0.0838756638280192,0.09996593423069644
2026-06-02,PAYX,0.1007352793594032,0.10022238260693203
2026-06-03,PAYX,0.0896754950076178,0.09670675340716063
2026-06-04,PAYX,0.0560049501739512,0.0831394856627575
2026-06-05,PAYX,0.0356398305248865,0.06730626728346717
2026-06-06,PAYX,0.0660204278223127,0.06687765412974901
2026-06-07,PAYX,0.0658709868583468,0.06654209837261495
2026-06-08,PAYX,0.0658709868583468,0.06631839453452557
2026-06-09,PAYX,0.0757525250700349,0.06946310471302868
2026-06-10,PAYX,0.0896294262754035,0.07618521190048695
2026-06-11,PAYX,0.1112609088890871,0.08787711089668701
2026-06-12,PAYX,0.076117280804185,0.08395716753251968
2026-06-13,PAYX,0.0833387133028609,0.08375101612263341
2026-06-14,PAYX,0.0832667530970655,0.08358959511411078
2026-06-15,PAYX,0.0832667533632342,0.08348198119715193
2026-06-16,PAYX,0.0878716685398038,0.08494521031136923
2026-06-17,PAYX,0.0906352805217197,0.08684190038148605
2026-06-18,PAYX,0.0729170328431731,0.08220027786871506
2026-06-19,PAYX,0.0604508762028093,0.07495047731341314
2026-06-20,PAYX,0.0650642496655635,0.07165506809746326
2026-06-21,PAYX,0.0650642495321733,0.06945812857569994
2026-06-22,PAYX,0.0604508449813058,0.0664557007109019
2026-06-23,PAYX,0.0462443451637501,0.05971858219518464
2026-06-24,PAYX,0.0842496906592169,0.06789561834986206
2026-06-25,PAYX,0.0523895961247082,0.06272694427481078
2026-06-26,PAYX,0.0471593301216489,0.057537739557090156
2026-06-27,PAYX,0.0703095612350381,0.06179501344973948
2026-06-28,PAYX,0.047127990401691,0.05690600576705666
2026-06-29,PAYX,0.068615649842675,0.06080922045892944
2026-06-30,PAYX,0.056478883335338,0.059365774751065636
2026-07-01,PAYX,0.0672744115859089,0.06200198702934673
2026-07-02,PAYX,0.1087934870254021,0.07759915369469852
2026-07-03,PAYX,0.1340679771612187,0.09642209485020525
2026-07-04,PAYX,0.1339977628180884,0.1089473175061663
2026-07-05,PAYX,0.1340897399313607,0.11732812498123112
2026-07-06,PAYX,0.1342144089587899,0.12295688630708404
2026-07-07,PAYX,0.1244255754675354,0.12344644936056784
2026-07-08,PAYX,0.1574090372211567,0.13476731198076414
2026-07-09,PAYX,0.1941937359510436,0.1545761199708573
2026-07-10,PAYX,0.199650735462027,0.16960099180124721
2026-07-11,PAYX,0.2299346175906846,0.18971220039772635
2026-07-12,PAYX,0.22989847008698186,0.2031076236274782
2026-05-13,PCAR,-0.2082228617372234,-0.17880922262508248
2026-05-22,PCAR,-0.1723079228316718,-0.17664212269394558
2026-05-23,PCAR,-0.168110267446543,-0.1737981709448114
2026-05-24,PCAR,-0.1681998644232276,-0.17193206877095013
2026-05-25,PCAR,-0.1681998651361488,-0.17068800089268304
2026-05-26,PCAR,-0.1681998653592904,-0.16985862238155217
2026-05-27,PCAR,-0.138232908365479,-0.1593167177095278
2026-06-01,PCAR,-0.1347502411805027,-0.1511278921998528
2026-06-02,PCAR,-0.1211083246101421,-0.14112136966994923
2026-06-03,PCAR,-0.1226144030516849,-0.13495238079719446
2026-06-04,PCAR,-0.1091357274446212,-0.12634682967967004
2026-06-05,PCAR,-0.0906431843076195,-0.11444561455565319
2026-06-06,PCAR,-0.0980433754756649,-0.10897820152899043
2026-06-07,PCAR,-0.0982052611047187,-0.10538722138756652
2026-06-08,PCAR,-0.0982052611047187,-0.10299323462661725
2026-06-09,PCAR,-0.0788880706993298,-0.0949581799841881
2026-06-10,PCAR,-0.0746240407740401,-0.08818013358080543
2026-06-11,PCAR,-0.1068599169511032,-0.09440672803757136
2026-06-12,PCAR,-0.0831510545943448,-0.09065483688982917
2026-06-13,PCAR,-0.0777070050788787,-0.08633889295284569
2026-06-14,PCAR,-0.0777836784219146,-0.08348715477586865
2026-06-15,PCAR,-0.0777836781292063,-0.08158599589364787
2026-06-16,PCAR,-0.0646688052048847,-0.07594693233072683
2026-06-17,PCAR,-0.0680305888409643,-0.07330815116747266
2026-06-18,PCAR,-0.0676133656035809,-0.07140988931284209
2026-06-19,PCAR,-0.0586117754812117,-0.06714385136896531
2026-06-20,PCAR,-0.0726783906033741,-0.0689886977804349
2026-06-21,PCAR,-0.0726783907419502,-0.07021859543427333
2026-06-22,PCAR,-0.0586118068381609,-0.06634966590223586
2026-06-23,PCAR,-0.0629638757608652,-0.06522106918844564
2026-06-24,PCAR,-0.0872109509568378,-0.0725510297779097
2026-06-25,PCAR,-0.0888209107012694,-0.0779743234190296
2026-06-26,PCAR,-0.0640275852598824,-0.07332541069931386
2026-06-27,PCAR,-0.0649624756223664,-0.07053776567366471
2026-06-28,PCAR,-0.0640586802448054,-0.06837807053071161
2026-06-29,PCAR,-0.0664290619492677,-0.06772840100356364
2026-06-30,PCAR,-0.0708097248952568,-0.06875550896746137
2026-07-01,PCAR,-0.0703279246992579,-0.06927964754472687
2026-07-02,PCAR,-0.0782713345861811,-0.07227687655854495
2026-07-03,PCAR,-0.0996414033505318,-0.08139838548920723
2026-07-04,PCAR,-0.0997200864413688,-0.08750561913992776
2026-07-05,PCAR,-0.0996080931114323,-0.09153977713042927
2026-07-06,PCAR,-0.0994427516757507,-0.09417410197886975
2026-07-07,PCAR,-0.0595843690200559,-0.08264419099259848
2026-07-08,PCAR,-0.0689093575525273,-0.07806591317924143
2026-07-09,PCAR,-0.0969463952596183,-0.08435940720603372
2026-07-10,PCAR,-0.1095197778375819,-0.09274619741654978
2026-07-11,PCAR,-0.111737785414861,-0.0990767267493202
2026-07-12,PCAR,-0.11184656696770873,-0.10333334015544972
2026-05-13,PCG,0.319738518352261,0.3572352994127193
2026-05-22,PCG,0.2754586368155063,0.329976411880315
2026-05-23,PCG,0.2755933339535427,0.31184871923805757
2026-05-24,PCG,0.2755051397814619,0.29973419275252566
2026-05-25,PCG,0.2755051390594895,0.29165784152151364
2026-05-26,PCG,0.2755051388529077,0.28627360729864504
2026-05-27,PCG,0.2783685154572186,0.2836385766848363
2026-06-01,PCG,0.2743529501627951,0.2805433678441559
2026-06-02,PCG,0.2803257297438432,0.28047082181071836
2026-06-03,PCG,0.2922080879901808,0.2843832438705392
2026-06-04,PCG,0.3224155012395562,0.2970606629935449
2026-06-05,PCG,0.3086107273377801,0.30091068444162333
2026-06-06,PCG,0.3143857806275168,0.3054023831702545
2026-06-07,PCG,0.3142190655352069,0.3083412772919053
2026-06-08,PCG,0.3142190655352069,0.3103005400396725
2026-06-09,PCG,0.2901782910488343,0.3035931237093931
2026-06-10,PCG,0.2830438070863584,0.29674335150171494
2026-06-11,PCG,0.2866220643187989,0.2933695891074096
2026-06-12,PCG,0.2848891719355641,0.2905427833834611
2026-06-13,PCG,0.2829219527358205,0.2880025065009143
2026-06-14,PCG,0.2828377190438697,0.2862809106818994
2026-06-15,PCG,0.28283771937915,0.2851331802476496
2026-06-16,PCG,0.2775663296854739,0.2826108967269244
2026-06-17,PCG,0.2729166193328824,0.2793794709289104
2026-06-18,PCG,0.2720825108158571,0.276947150891226
2026-06-19,PCG,0.3026755398503012,0.2855232805442511
2026-06-20,PCG,0.3059549329144403,0.2923338313343142
2026-06-21,PCG,0.3059549327625853,0.2968741984770712
2026-06-22,PCG,0.3026755025522404,0.2988079665021276
2026-06-23,PCG,0.3144854169279402,0.30403378331073183
2026-06-24,PCG,0.3164278090813557,0.30816512523427314
2026-06-25,PCG,0.3253446713749185,0.31389164061448827
2026-06-26,PCG,0.327275674668404,0.31835298529912687
2026-06-27,PCG,0.3308643984785458,0.3225234563589332
2026-06-28,PCG,0.3272430562493643,0.32409665632241025
2026-06-29,PCG,0.3298410069216425,0.3260114398554877
2026-06-30,PCG,0.3195093285265316,0.3238440694125023
2026-07-01,PCG,0.3145848207568678,0.3207576531939575
2026-07-02,PCG,0.2909170218650432,0.3108107760843194
2026-07-03,PCG,0.2942938311760864,0.30530512778157504
2026-07-04,PCG,0.2942124833925419,0.30160757965189733
2026-07-05,PCG,0.2943307748279863,0.299181978043927
2026-07-06,PCG,0.2945089138428874,0.2976242899769138
2026-07-07,PCG,0.2917043359399887,0.29565097196460544
2026-07-08,PCG,0.3003106113364075,0.29720418508853946
2026-07-09,PCG,0.2845952973664788,0.29300122251451927
2026-07-10,PCG,0.2840486575959408,0.2900170342083265
2026-07-11,PCG,0.2773649198128513,0.2857996627431681
2026-07-12,PCG,0.27724272431134145,0.2829473499325592
2026-05-13,PEG,0.0751880299609807,0.0521938512970055
2026-05-22,PEG,0.0473461865461465,0.050577963046719174
2026-05-23,PEG,0.0610922599742962,0.05408272868924485
2026-05-24,PEG,0.0610075399105786,0.0563909990963561
2026-05-25,PEG,0.0610075391661905,0.0579298457863009
2026-05-26,PEG,0.0610075390006197,0.058955743524407175
2026-05-27,PEG,0.0722210706135781,0.06337751922079748
2026-06-01,PEG,0.0807398847402214,0.06916497439393879
2026-06-02,PEG,0.0705811170723862,0.06963702195342127
2026-06-03,PEG,0.0811722940220154,0.07348211264295265
2026-06-04,PEG,0.0762909714646693,0.0744183989168582
2026-06-05,PEG,0.070671958967928,0.07316958560054813
2026-06-06,PEG,0.0735438429829325,0.07329433806134292
2026-06-07,PEG,0.0733788231349736,0.07332249975255314
2026-06-08,PEG,0.0733788231349736,0.07334127421335997
2026-06-09,PEG,0.0608548848355408,0.06917914442075358
2026-06-10,PEG,0.0637183066466451,0.06735886516271743
2026-06-11,PEG,0.0636695126846362,0.06612908100335702
2026-06-12,PEG,0.051490150980923,0.06124943766254568
2026-06-13,PEG,0.0526090186436314,0.058369297989574256
2026-06-14,PEG,0.0525266106662436,0.05642173554846404
2026-06-15,PEG,0.0525266109912434,0.055123360696057166
2026-06-16,PEG,0.0602287058158523,0.05682514240265555
2026-06-17,PEG,0.0555576079341916,0.05640263091316757
2026-06-18,PEG,0.0655187585197422,0.05944134011535912
2026-06-19,PEG,0.0907257191618682,0.06986946646419548
2026-06-20,PEG,0.0665245586536316,0.06875449719400753
2026-06-21,PEG,0.0665245585037622,0.0680111842972591
2026-06-22,PEG,0.0907256848882849,0.0755826844942677
2026-06-23,PEG,0.1006190975748614,0.08392815552113225
2026-06-24,PEG,0.1039642538035755,0.09060685494861334
2026-06-25,PEG,0.1015329223830786,0.09424887742676843
2026-06-26,PEG,0.1068296700122866,0.0984424749552745
2026-06-27,PEG,0.1011150332549223,0.09933332772182377
2026-06-28,PEG,0.1067980907784899,0.10182158207404582
2026-06-29,PEG,0.099868785990123,0.10117065004607155
2026-06-30,PEG,0.0891444630786607,0.09716192105693461
2026-07-01,PEG,0.096051577085926,0.09679180639993173
2026-07-02,PEG,0.0818088345548326,0.09179748245156537
2026-07-03,PEG,0.0787260584697934,0.08744034112430805
2026-07-04,PEG,0.0786470146348993,0.08450923229450515
2026-07-05,PEG,0.0787598605975341,0.08259277506218148
2026-07-06,PEG,0.0789269345596854,0.08137082822801611
2026-07-07,PEG,0.0801914297908034,0.08097769541561188
2026-07-08,PEG,0.0789725110792036,0.08030930063680912
2026-07-09,PEG,0.0877466210188754,0.08278840743083121
2026-07-10,PEG,0.0663060727403685,0.07729429586734365
2026-07-11,PEG,0.067678950852163,0.07408918086228344
2026-07-12,PEG,0.06756890524152537,0.0719157556553641
2026-05-13,PEP,-0.1433425494027202,-0.13888676946742734
2026-05-22,PEP,-0.1478344775081928,-0.14186933881434918
2026-05-23,PEP,-0.1403238023633344,-0.14135415999734427
2026-05-24,PEP,-0.1404112071015024,-0.141039842365397
2026-05-25,PEP,-0.1404112078285684,-0.14083029751978746
2026-05-26,PEP,-0.1404112080258311,-0.140690601021802
2026-05-27,PEP,-0.1553386782096139,-0.1455732934177393
2026-06-01,PEP,-0.1409193822797073,-0.14402198970506197
2026-06-02,PEP,-0.1373332862404551,-0.14179242188352637
2026-06-03,PEP,-0.1347984077322725,-0.13946108383310843
2026-06-04,PEP,-0.1221683490590988,-0.13369683890843856
2026-06-05,PEP,-0.1350984107044453,-0.13416402950710749
2026-06-06,PEP,-0.1554414271676077,-0.1412564953939409
2026-06-07,PEP,-0.1490852812529503,-0.1438660906802774
2026-06-08,PEP,-0.1490852812529503,-0.14560582087116836
2026-06-09,PEP,-0.1486097977952382,-0.146607146512525
2026-06-10,PEP,-0.1517610323750403,-0.14832510846669678
2026-06-11,PEP,-0.1439390250907724,-0.14686308067472198
2026-06-12,PEP,-0.1515563366905571,-0.14842749934666702
2026-06-13,PEP,-0.1384529261797538,-0.14510264162436262
2026-06-14,PEP,-0.1385369467674748,-0.14291407667206668
2026-06-15,PEP,-0.1385369464333945,-0.14145503325917597
2026-06-16,PEP,-0.1219212978668436,-0.13494378812839852
2026-06-17,PEP,-0.1253330061284068,-0.1317401941284013
2026-06-18,PEP,-0.1310789603147053,-0.1315197828571693
2026-06-19,PEP,-0.1193363968175509,-0.12745865417729652
2026-06-20,PEP,-0.116060029172412,-0.12365911250900169
2026-06-21,PEP,-0.1160600293239268,-0.1211260847806434
2026-06-22,PEP,-0.1193364340012361,-0.12052953452084098
2026-06-23,PEP,-0.1181522210257126,-0.11973709668913152
2026-06-24,PEP,-0.1176704960221357,-0.11904822980013292
2026-06-25,PEP,-0.1225545431634136,-0.12021700092122649
2026-06-26,PEP,-0.1239610430277485,-0.12146501495673383
2026-06-27,PEP,-0.1407964971135366,-0.12790884234233474
2026-06-28,PEP,-0.1239947453671257,-0.12660414335059839
2026-06-29,PEP,-0.1412024000942138,-0.13147022893180355
2026-06-30,PEP,-0.1532764407845023,-0.13873896621603649
2026-07-01,PEP,-0.1492081959791214,-0.14222870947039812
2026-07-02,PEP,-0.141147212372836,-0.14186821043787742
2026-07-03,PEP,-0.1535582885795867,-0.14576490315178053
2026-07-04,PEP,-0.153641422117814,-0.1483904094737917
2026-07-05,PEP,-0.1535189099812839,-0.15009990964295578
2026-07-06,PEP,-0.1533321946164885,-0.15117733796746669
2026-07-07,PEP,-0.1532711418572495,-0.1518752725973943
2026-07-08,PEP,-0.1399456895093053,-0.14789874490136465
2026-07-09,PEP,-0.146323798369834,-0.14737376272418778
2026-07-10,PEP,-0.1769976312399538,-0.15724838556277648
2026-07-11,PEP,-0.180633065293638,-0.16504327880639702
2026-07-12,PEP,-0.1807664880951182,-0.17028434856930408
2026-05-13,PFE,-0.068337899733377,-0.056171702651900135
2026-05-22,PFE,-0.1187640754156513,-0.07703582690648386
2026-05-23,PFE,-0.1196447767600298,-0.09123881019099918
2026-05-24,PFE,-0.1197262189133057,-0.10073461309843469
2026-05-25,PFE,-0.1197262196788437,-0.1070651486252377
2026-05-26,PFE,-0.1197262198057195,-0.1112855056853983
2026-05-27,PFE,-0.1165085689297654,-0.11302652676685401
2026-06-01,PFE,-0.1056349366521009,-0.11056266339526966
2026-06-02,PFE,-0.10634422159908,-0.10915651612987311
2026-06-03,PFE,-0.1097047828060878,-0.10933927168861135
2026-06-04,PFE,-0.1158060528871715,-0.11149486542146475
2026-06-05,PFE,-0.129046626361908,-0.11734545240161251
2026-06-06,PFE,-0.1140222108332731,-0.11623770521216605
2026-06-07,PFE,-0.1141808155920044,-0.11555207533877883
2026-06-08,PFE,-0.1141808155920044,-0.11509498875652069
2026-06-09,PFE,-0.1336771707160171,-0.12128904940968616
2026-06-10,PFE,-0.146307200030551,-0.12962843294997445
2026-06-11,PFE,-0.1423857776876792,-0.13388088119587604
2026-06-12,PFE,-0.125816013045513,-0.1311925918124217
2026-06-13,PFE,-0.1235918696870852,-0.12865901777064287
2026-06-14,PFE,-0.1236704500978681,-0.12699616187971796
2026-06-15,PFE,-0.1236704497944213,-0.12588759118461906
2026-06-16,PFE,-0.1459511023989194,-0.1325754282560525
2026-06-17,PFE,-0.1559691772945727,-0.14037334460222592
2026-06-18,PFE,-0.15021740013762,-0.1436546964473573
2026-06-19,PFE,-0.1584653650146107,-0.1485915859697751
2026-06-20,PFE,-0.1551805758872217,-0.1507879159422573
2026-06-21,PFE,-0.1551805760396839,-0.15225213597473283
2026-06-22,PFE,-0.158465402516669,-0.15432322482204489
2026-06-23,PFE,-0.1480254729061237,-0.1522239741834045
2026-06-24,PFE,-0.1667287750026665,-0.15705890778982518
2026-06-25,PFE,-0.1923573912472115,-0.1688250689422873
2026-06-26,PFE,-0.1930575193818255,-0.17690255242213337
2026-06-27,PFE,-0.1883456766737373,-0.18071692717266802
2026-06-28,PFE,-0.1930925304350388,-0.18484212826012497
2026-06-29,PFE,-0.1885965636751942,-0.18609360673181471
2026-06-30,PFE,-0.1895135848593774,-0.18723359944100226
2026-07-01,PFE,-0.1896083289659106,-0.18802517594930504
2026-07-02,PFE,-0.2219452607097259,-0.19933187086944534
2026-07-03,PFE,-0.2287384430976027,-0.20913406161216447
2026-07-04,PFE,-0.2288244737916262,-0.21569753233865174
2026-07-05,PFE,-0.2286951141139796,-0.22003005959709437
2026-07-06,PFE,-0.2284944847317408,-0.22285153464197655
2026-07-07,PFE,-0.22906138431099,-0.2249214845316477
2026-07-08,PFE,-0.2171144310334235,-0.222319133365573
2026-07-09,PFE,-0.2069173074074598,-0.2171851913795353
2026-07-10,PFE,-0.1893838880161163,-0.20791809025839564
2026-07-11,PFE,-0.1938512190934288,-0.2032291332034067
2026-07-12,PFE,-0.1939774488704327,-0.20014523842574872
2026-05-13,PG,-0.052392598381664,-0.039151917211079995
2026-05-22,PG,-0.0657037361452591,-0.04800252352247303
2026-05-23,PG,-0.0563180059720766,-0.05077435100567422
2026-05-24,PG,-0.056406663485661,-0.05265178849900315
2026-05-25,PG,-0.0564066642046438,-0.0539034137342167
2026-05-26,PG,-0.0564066644166953,-0.05473783062837624
2026-05-27,PG,-0.0502144151787721,-0.0532300254785082
2026-06-01,PG,-0.0352201229153761,-0.04722672462413084
2026-06-02,PG,-0.030466144243784,-0.041639864497348564
2026-06-03,PG,-0.0257521921049727,-0.036343973699889946
2026-06-04,PG,-0.0136136806860094,-0.028767209361929766
2026-06-05,PG,-0.0215204569072972,-0.026351625210385577
2026-06-06,PG,-0.0083423650201895,-0.02034853848032022
2026-06-07,PG,-0.0085077913096569,-0.01640162275676578
2026-06-08,PG,-0.0085077913096569,-0.013770345607729488
2026-06-09,PG,-0.0171619312488795,-0.014900874154779493
2026-06-10,PG,-0.0004701508921509,-0.010090633067236631
2026-06-11,PG,0.0099369168801023,-0.0034147830847903217
2026-06-12,PG,-0.0003939594150013,-0.0024078418615273147
2026-06-13,PG,0.0008702755406556,-0.0013151360607996767
2026-06-14,PG,0.0007909648029576,-0.0006131024395472512
2026-06-15,PG,0.0007909651105169,-0.00014507992285920084
2026-06-16,PG,0.0086482671261211,0.002786035760134233
2026-06-17,PG,0.0273297433144098,0.010967271611559422
2026-06-18,PG,0.0381994364086476,0.020044659877255483
2026-06-19,PG,0.0312771385544319,0.02378881943631429
2026-06-20,PG,0.0327885162502412,0.02678871837428993
2026-06-21,PG,0.0327885161123085,0.028788650953629452
2026-06-22,PG,0.0312771060761374,0.029618135994465437
2026-06-23,PG,0.0284523520418975,0.029229541343609458
2026-06-24,PG,0.0480431984004667,0.035500760362561876
2026-06-25,PG,0.0508946144039075,0.04063204504301042
2026-06-26,PG,0.0346943154885999,0.038652801858206916
2026-06-27,PG,0.0252041042062881,0.03416990264090065
2026-06-28,PG,0.0346630560647451,0.03433428711551547
2026-06-29,PG,0.0239009342725295,0.03085650283452015
2026-06-30,PG,0.0149503123781586,0.025554439349066302
2026-07-01,PG,0.0218241394642862,0.024311006054139602
2026-07-02,PG,0.0229014782286724,0.023841163445650536
2026-07-03,PG,0.0412794770701397,0.029653934653813593
2026-07-04,PG,0.0412035604923287,0.033503809933318626
2026-07-05,PG,0.0413090150604495,0.03610554497569558
2026-07-06,PG,0.0414610699098349,0.037890719953742026
2026-07-07,PG,0.0336972932659182,0.03649291105780075
2026-07-08,PG,0.0598052936337945,0.04426370524979867
2026-07-09,PG,0.040834660280254,0.04312069025995045
2026-07-10,PG,0.0204716679076596,0.03557101614252017
2026-07-11,PG,0.0206490476919617,0.030597026659000687
2026-07-12,PG,0.020549802216634598,0.02724795184487866
2026-05-13,PGR,0.1797489875216686,0.19608308081016856
2026-05-22,PGR,0.1967570069491109,0.1963077228564827
2026-05-23,PGR,0.1884136162075932,0.19367635397351954
2026-05-24,PGR,0.1883320577803569,0.19189492190913202
2026-05-25,PGR,0.1883320570155692,0.1907073002779444
2026-05-26,PGR,0.1883320568873208,0.1899155524810699
2026-05-27,PGR,0.1943795657457205,0.19140355690262012
2026-06-01,PGR,0.1480548128449782,0.1769539755500728
2026-06-02,PGR,0.1582979516479599,0.17073530091603517
2026-06-03,PGR,0.1731690488499878,0.1715465502273527
2026-06-04,PGR,0.1654341457768808,0.16950908207719542
2026-06-05,PGR,0.1592033871120606,0.1660738504221505
2026-06-06,PGR,0.194957279483164,0.175701660109155
2026-06-07,PGR,0.194798628540706,0.18206731625300535
2026-06-08,PGR,0.194798628540706,0.18631108701557225
2026-06-09,PGR,0.1817169977164675,0.18477972391587066
2026-06-10,PGR,0.1906961901978384,0.18675187934319326
2026-06-11,PGR,0.1863598591597371,0.18662120594870787
2026-06-12,PGR,0.1737366904534157,0.18232636745027717
2026-06-13,PGR,0.1799823238323564,0.1815450195776369
2026-06-14,PGR,0.179903139887169,0.18099772634748096
2026-06-15,PGR,0.1799031401940144,0.18063286429632547
2026-06-16,PGR,0.1855698561953376,0.18227852826266286
2026-06-17,PGR,0.1857569335028412,0.18343799667605565
2026-06-18,PGR,0.1907423956444702,0.18587279633219383
2026-06-19,PGR,0.1769538024416738,0.18289979836868717
2026-06-20,PGR,0.1884036766846056,0.18473442447399332
2026-06-21,PGR,0.1884036765409579,0.18595750849631487
2026-06-22,PGR,0.1769537671941439,0.18295626139559124
2026-06-23,PGR,0.1942625680459807,0.1867250302790544
2026-06-24,PGR,0.2161838844265053,0.19654464832820473
2026-06-25,PGR,0.244286131590619,0.2124584760823428
2026-06-26,PGR,0.2193142358856413,0.214743729350109
2026-06-27,PGR,0.2486230156883452,0.22603682479618775
2026-06-28,PGR,0.2192832360436836,0.22378562854535305
2026-06-29,PGR,0.2467386227981017,0.23143662662960263
2026-06-30,PGR,0.2233309649987058,0.2287347394193037
2026-07-01,PGR,0.2420267684991989,0.23316541577926878
2026-07-02,PGR,0.2856994277907165,0.250676753116418
2026-07-03,PGR,0.3080298796907189,0.2697944619745183
2026-07-04,PGR,0.3083404105963806,0.2826431115151391
2026-07-05,PGR,0.3084305048410766,0.2912389092904516
2026-07-06,PGR,0.3085513479307321,0.2970097221705451
2026-07-07,PGR,0.3005146558919572,0.2981780334110158
2026-07-08,PGR,0.3175978668344845,0.3046513112188387
2026-07-09,PGR,0.3373425431460675,0.315548388527915
2026-07-10,PGR,0.305028876087596,0.312041884381142
2026-07-11,PGR,0.3285859133230449,0.3175565606951096
2026-07-12,PGR,0.3285287851568135,0.32121396884901093
2026-05-13,PH,-0.225304861830246,-0.2102261734165994
2026-05-22,PH,-0.2368284385161475,-0.21909359511644877
2026-05-23,PH,-0.2387284263029548,-0.22563853884528412
2026-05-24,PH,-0.2388195909996096,-0.23003222289672595
2026-05-25,PH,-0.2388195917024154,-0.2329613458319558
2026-05-26,PH,-0.2388195919440637,-0.23491409453599177
2026-05-27,PH,-0.2249702074505525,-0.23159946550751204
2026-06-01,PH,-0.2256310157779585,-0.22960998226432755
2026-06-02,PH,-0.2184915746377805,-0.2259038463888119
2026-06-03,PH,-0.2129774861695075,-0.2215950596490438
2026-06-04,PH,-0.1918838826777126,-0.2116913339919334
2026-06-05,PH,-0.1673392369523529,-0.1969073016454066
2026-06-06,PH,-0.1689343726523068,-0.18758299198104
2026-06-07,PH,-0.1691002719201055,-0.18142208529406184
2026-06-08,PH,-0.1691002719201055,-0.17731481416940972
2026-06-09,PH,-0.1798485379016622,-0.17815938874682724
2026-06-10,PH,-0.1680181918308555,-0.1747789897748367
2026-06-11,PH,-0.1671417775995528,-0.1722332523830754
2026-06-12,PH,-0.1431484083535737,-0.16253830437324152
2026-06-13,PH,-0.1440484316070513,-0.15637501345117813
2026-06-14,PH,-0.1441262380970275,-0.1522920883331279
2026-06-15,PH,-0.1441262377979386,-0.14957013815473147
2026-06-16,PH,-0.1315666170993895,-0.14356896446961748
2026-06-17,PH,-0.1423174168318268,-0.14315178192368727
2026-06-18,PH,-0.1165530509774207,-0.13428553827493175
2026-06-19,PH,-0.1169513720903377,-0.12850748288006708
2026-06-20,PH,-0.1224562072613495,-0.12649039100716122
2026-06-21,PH,-0.1224562073983664,-0.12514566313756298
2026-06-22,PH,-0.1169514036594001,-0.12241424331150869
2026-06-23,PH,-0.1130795322046798,-0.11930267294256573
2026-06-24,PH,-0.133028344829537,-0.12387789690488948
2026-06-25,PH,-0.1206351967582316,-0.12279699685600354
2026-06-26,PH,-0.0969515830519696,-0.11418185892132557
2026-06-27,PH,-0.1093389215576332,-0.11256754646676145
2026-06-28,PH,-0.0969817863966658,-0.10737229311006291
2026-06-29,PH,-0.1109523753649187,-0.10856565386168152
2026-06-30,PH,-0.098406314166236,-0.10517920729653302
2026-07-01,PH,-0.0986987147464161,-0.10301904311316072
2026-07-02,PH,-0.1244561740173502,-0.11016475341455723
2026-07-03,PH,-0.1197804323915387,-0.11336997974021773
2026-07-04,PH,-0.119856512057421,-0.1155321571792855
2026-07-05,PH,-0.1197506720242606,-0.11693832879427721
2026-07-06,PH,-0.119597833920391,-0.11782483050298181
2026-07-07,PH,-0.1155056585421524,-0.11705177318270535
2026-07-08,PH,-0.1287467109474864,-0.12095008577096572
2026-07-09,PH,-0.1652348607483111,-0.13571167743008083
2026-07-10,PH,-0.1696259047595649,-0.1470164198732422
2026-07-11,PH,-0.1703562747423577,-0.15479637149628073
2026-07-12,PH,-0.17046594731183162,-0.1600195634347977
2026-05-13,PLD,0.0429362091987228,0.05015204045544047
2026-05-22,PLD,0.0296292235885635,0.04331110149981482
2026-05-23,PLD,0.0403156621755654,0.04231262172506502
2026-05-24,PLD,0.0402405207013803,0.04162192138383678
2026-05-25,PLD,0.0402405198951889,0.04116145422095416
2026-05-26,PLD,0.0402405198426911,0.040854476094866476
2026-05-27,PLD,0.0486376065606591,0.043448852916797356
2026-06-01,PLD,0.0196664028422862,0.035521369558626975
2026-06-02,PLD,0.0023014343216427,0.024448057812965555
2026-06-03,PLD,0.0145278051997579,0.02114130694189634
2026-06-04,PLD,0.0243753063579758,0.02221930674725616
2026-06-05,PLD,0.0345567343112174,0.02633178260190991
2026-06-06,PLD,0.0508150428426468,0.0344928693488222
2026-06-07,PLD,0.0506735789146692,0.039886439204104535
2026-06-08,PLD,0.0506735789146692,0.043482152440959425
2026-06-09,PLD,0.0332047733834396,0.04005635942178615
2026-06-10,PLD,0.0634810118151452,0.04786457688623917
2026-06-11,PLD,0.064008879325427,0.05324601103263512
2026-06-12,PLD,0.0578524923850388,0.05478150481676968
2026-06-13,PLD,0.0536862625109996,0.05441642404817966
2026-06-14,PLD,0.0536159696288659,0.05414960590840841
2026-06-15,PLD,0.053615969885646,0.053971727234154276
2026-06-16,PLD,0.0484214460927864,0.05212163352036499
2026-06-17,PLD,0.0410081454699622,0.048417137503564064
2026-06-18,PLD,0.0313441888627383,0.04272615462328881
2026-06-19,PLD,0.0333755268182108,0.03960927868826281
2026-06-20,PLD,0.0230692556060735,0.03409593766086638
2026-06-21,PLD,0.0230692554734686,0.03042037693173379
2026-06-22,PLD,0.0333754971405913,0.031405417001352964
2026-06-23,PLD,0.0417329157611294,0.03484791658794511
2026-06-24,PLD,0.0566096939428808,0.04210184237292367
2026-06-25,PLD,0.0363723497464112,0.040192011497419515
2026-06-26,PLD,0.0261416838884239,0.035508568961087644
2026-06-27,PLD,0.0193725436336541,0.030129893851943132
2026-06-28,PLD,0.026111278582438,0.028790355428774755
2026-06-29,PLD,0.0177537070576753,0.025111472638408273
2026-06-30,PLD,0.0117810874671607,0.020668010914659085
2026-07-01,PLD,-0.0036910922350525,0.012548309864755225
2026-07-02,PLD,-0.0060021689180304,0.006364816937160017
2026-07-03,PLD,-0.0007714282186397,0.003986068551893446
2026-07-04,PLD,-0.0008481841672156,0.0023746509788570972
2026-07-05,PLD,-0.00074074571344,0.0013361854147580648
2026-07-06,PLD,-0.0005846596623232,0.0006959037223976433
2026-07-07,PLD,0.0125194098826592,0.004637072442484828
2026-07-08,PLD,0.0266474478015485,0.011973864228839384
2026-07-09,PLD,0.0117050255491295,0.011884251335602756
2026-07-10,PLD,0.0073061408005303,0.010358214490578605
2026-07-11,PLD,0.0006897103094151,0.007135379763524104
2026-07-12,PLD,0.0005938900549693066,0.0049548831940058385
2026-05-13,PLTR,0.0877291262275282,0.0554879957008484
2026-05-22,PLTR,0.1126475268438754,0.07454117274852406
2026-05-23,PLTR,0.1213275300550684,0.09013662518403884
2026-05-24,PLTR,0.1212535261947442,0.10050892552094062
2026-05-25,PLTR,0.1212535253812127,0.10742379214103132
2026-05-26,PLTR,0.1212535253421442,0.11203370320806896
2026-05-27,PLTR,0.0897062036149148,0.10459120334368426
2026-06-01,PLTR,0.1330877417238716,0.11409004947041337
2026-06-02,PLTR,0.1291402520804749,0.11910678367376723
2026-06-03,PLTR,0.0718197734993697,0.10334444694896805
2026-06-04,PLTR,0.0342724020362544,0.08032043197806352
2026-06-05,PLTR,0.0228448738834261,0.061161912613184384
2026-06-06,PLTR,-0.0284977973410342,0.03127534262844486
2026-06-07,PLTR,-0.0286792359817104,0.011290483091726445
2026-06-08,PLTR,-0.0286792359817104,-0.002032756599419169
2026-06-09,PLTR,-0.000399645953886,-0.0014883863842414461
2026-06-10,PLTR,-0.0378969890482954,-0.01362458727225943
2026-06-11,PLTR,-0.0591482102365594,-0.028799128260359422
2026-06-12,PLTR,-0.0425195727531002,-0.03337260975793968
2026-06-13,PLTR,-0.0593090774915798,-0.04201809900248639
2026-06-14,PLTR,-0.0593992031355627,-0.047811800380178494
2026-06-15,PLTR,-0.0593992027671049,-0.0516742678424873
2026-06-16,PLTR,-0.0330146460013637,-0.0454543938954461
2026-06-17,PLTR,-0.0492414715842522,-0.04671675312504814
2026-06-18,PLTR,-0.0604172527627639,-0.05128358633762006
2026-06-19,PLTR,-0.0446095652337366,-0.04905891263632558
2026-06-20,PLTR,-0.0411950604777997,-0.046437628583483624
2026-06-21,PLTR,-0.0411950606448546,-0.04469010593727395
2026-06-22,PLTR,-0.0446096076396793,-0.044663273171409064
2026-06-23,PLTR,-0.0940114415215036,-0.06111266262144058
2026-06-24,PLTR,-0.1104904434783405,-0.07757192290707389
2026-06-25,PLTR,-0.1299081248237135,-0.09501732354595377
2026-06-26,PLTR,-0.1011957156919642,-0.09707678759462393
2026-06-27,PLTR,-0.0906786315213925,-0.09494406890354679
2026-06-28,PLTR,-0.1012338017259502,-0.0970406465110146
2026-06-29,PLTR,-0.0899924507764307,-0.09469124793281997
2026-06-30,PLTR,-0.0448854956238709,-0.07808933049650361
2026-07-01,PLTR,-0.0579541790465482,-0.07137761334651849
2026-07-02,PLTR,-0.0458922459999627,-0.06288249089766657
2026-07-03,PLTR,-0.0591810032261734,-0.061648661673835516
2026-07-04,PLTR,-0.0592671382635549,-0.06085482053707531
2026-07-05,PLTR,-0.0591375319662979,-0.060282391013482844
2026-07-06,PLTR,-0.0589364014597134,-0.059833727828893034
2026-07-07,PLTR,-0.0372982185914145,-0.052321891416400194
2026-07-08,PLTR,-0.0519674706376708,-0.052203751156823734
2026-07-09,PLTR,0.0046206009508237,-0.03326230045427459
2026-07-10,PLTR,0.0450540512185533,-0.007156849896665297
2026-07-11,PLTR,0.0368893001842906,0.00752520013032
2026-07-12,PLTR,0.036782429010961445,0.017277609757200482
2026-05-13,PM,-0.3355964930017676,-0.312467652440778
2026-05-22,PM,-0.3432460238148033,-0.32272710956545314
2026-05-23,PM,-0.338396896112412,-0.32795037174777275
2026-05-24,PM,-0.338474342787006,-0.3314583620941839
2026-05-25,PM,-0.3384743435783237,-0.3337970225888972
2026-05-26,PM,-0.3384743436580338,-0.3353561296119428
2026-05-27,PM,-0.3765315210911958,-0.34908126010502716
2026-06-01,PM,-0.3637394706258632,-0.3539673302786392
2026-06-02,PM,-0.3633447123600388,-0.3570931243057724
2026-06-03,PM,-0.3642847200978915,-0.3594903229031454
2026-06-04,PM,-0.327531555274285,-0.34883740036019195
2026-06-05,PM,-0.3442115093576955,-0.34729543669269314
2026-06-06,PM,-0.3343432267875036,-0.34297803339096333
2026-06-07,PM,-0.3344922073631104,-0.34014942471501236
2026-06-08,PM,-0.3344922073631104,-0.33826368559771175
2026-06-09,PM,-0.3437167674238959,-0.34008137953977313
2026-06-10,PM,-0.3132982009000839,-0.33115365332654345
2026-06-11,PM,-0.322779525035509,-0.328362277229532
2026-06-12,PM,-0.3534307814176309,-0.33671844529223166
2026-06-13,PM,-0.3389580952619663,-0.33746499528214324
2026-06-14,PM,-0.3390322421051335,-0.33798741088980666
2026-06-15,PM,-0.3390322418266519,-0.3383356878687551
2026-06-16,PM,-0.3415443107213608,-0.3394052288196237
2026-06-17,PM,-0.3133358985302362,-0.33071545205649455
2026-06-18,PM,-0.3154290444315987,-0.32561998284819593
2026-06-19,PM,-0.3307401999785162,-0.32732672189163603
2026-06-20,PM,-0.3249439943769823,-0.32653247938675145
2026-06-21,PM,-0.3249439945072803,-0.32600298442692777
2026-06-22,PM,-0.3307402302648162,-0.3275820663728906
2026-06-23,PM,-0.3437488248238675,-0.3329709858565496
2026-06-24,PM,-0.3210075928912829,-0.3289831882014607
2026-06-25,PM,-0.3261169556408684,-0.32802777734793
2026-06-26,PM,-0.3253734504574688,-0.32714300171777627
2026-06-27,PM,-0.3253505707725412,-0.32654552473603127
2026-06-28,PM,-0.3204472836853669,-0.32451277771914316
2026-06-29,PM,-0.32712661620168,-0.32538405721332214
2026-06-30,PM,-0.3285102297861496,-0.32642611473759797
2026-07-01,PM,-0.3230849636537369,-0.32531239770964426
2026-07-02,PM,-0.2967890390426499,-0.3158046114873128
2026-07-03,PM,-0.2768246486211035,-0.30281129053190975
2026-07-04,PM,-0.2768955045998034,-0.29417269522120765
2026-07-05,PM,-0.2768020109557492,-0.28838246713272153
2026-07-06,PM,-0.2766742603789883,-0.2844797315481438
2026-07-07,PM,-0.2778845330166979,-0.28228133203766187
2026-07-08,PM,-0.2392989765381351,-0.2679538802044863
2026-07-09,PM,-0.23164737116998,-0.2558517105263175
2026-07-10,PM,-0.2726161681014286,-0.2614398630513545
2026-07-11,PM,-0.2737126615649349,-0.2655307958892147
2026-07-12,PM,-0.27378171338382623,-0.26828110172075187
2026-05-13,PNC,-0.1442540974112252,-0.15019016941432814
2026-05-22,PNC,-0.0798300310216209,-0.1267367899500924
2026-05-23,PNC,-0.0661261920560352,-0.10653325731874003
2026-05-24,PNC,-0.0662041122089114,-0.09309020894879716
2026-05-25,PNC,-0.0662041129971742,-0.08412817696492284
2026-05-26,PNC,-0.0662041130824736,-0.07815348900410643
2026-05-27,PNC,-0.072246241856845,-0.07618440662168596
2026-06-01,PNC,-0.0428854425795915,-0.06508475194098781
2026-06-02,PNC,-0.0616911286588015,-0.06395354418025904
2026-06-03,PNC,-0.0502178201611367,-0.05937496950721827
2026-06-04,PNC,-0.0567234757326625,-0.058491138249033015
2026-06-05,PNC,-0.0273064626752868,-0.04809624639111762
2026-06-06,PNC,0.0006376298639544,-0.031851620972760286
2026-06-07,PNC,0.0005042135268667,-0.02106634280621796
2026-06-08,PNC,0.0005042135268667,-0.013876157361856408
2026-06-09,PNC,-0.0120760004045205,-0.01327610504274444
2026-06-10,PNC,0.0060111244185654,-0.006847028555641161
2026-06-11,PNC,0.0146714182687304,0.00032578705248269106
2026-06-12,PNC,0.0079303233803518,0.002860632495105727
2026-06-13,PNC,0.0221827083922614,0.009301324460824285
2026-06-14,PNC,0.0221176949578718,0.013573447959840123
2026-06-15,PNC,0.0221176951849234,0.016421530368201216
2026-06-16,PNC,-0.0167456756582053,0.0053657950260657125
2026-06-17,PNC,0.0018424547269368,0.004191348259689409
2026-06-18,PNC,0.0040462508704713,0.004142982463283373
2026-06-19,PNC,-0.0156832291397262,-0.002465754737719817
2026-06-20,PNC,-0.0106399860234267,-0.005190498499622112
2026-06-21,PNC,-0.0106399861441048,-0.0070069943811163415
2026-06-22,PNC,-0.0156832561359582,-0.009899081632730296
2026-06-23,PNC,-0.011740018344947,-0.010512727203469198
2026-06-24,PNC,0.0040954358685474,-0.005643339512796999
2026-06-25,PNC,0.0128429242952802,0.0005187484232287336
2026-06-26,PNC,0.0066195320490978,0.002552342965185089
2026-06-27,PNC,0.0137497148614533,0.006284800263941159
2026-06-28,PNC,0.0065914885846083,0.006387029704163539
2026-06-29,PNC,0.0111765120790498,0.007983523829125625
2026-06-30,PNC,0.0073823242779258,0.007783123978725684
2026-07-01,PNC,0.0009151223784085,0.00549379011195329
2026-07-02,PNC,0.0258601879686446,0.012282589397517057
2026-07-03,PNC,0.0179744183868093,0.014179865727281138
2026-07-04,PNC,0.017904879350234,0.015421536934932093
2026-07-05,PNC,0.0179952603500328,0.016279444739965662
2026-07-06,PNC,0.0181166861182636,0.016891858532731643
2026-07-07,PNC,0.0235129230926589,0.019098880052707396
2026-07-08,PNC,0.0329292048899051,0.023708988331773297
2026-07-09,PNC,0.0067415394123348,0.018053172025293798
2026-07-10,PNC,0.003943530874417,0.013349958308334867
2026-07-11,PNC,0.0081216603083969,0.011607192308355545
2026-07-12,PNC,0.008054263715116465,0.010422882777275853
2026-05-13,PRU,-0.1565198001902008,-0.061138103354600196
2026-05-22,PRU,-0.1160362305804463,-0.0794374790965489
2026-05-23,PRU,-0.1125961724373516,-0.09049037687681646
2026-05-24,PRU,-0.1126722101120112,-0.09788432128854804
2026-05-25,PRU,-0.1126722109124201,-0.10281361782983874
2026-05-26,PRU,-0.1126722109754973,-0.10609981554505826
2026-05-27,PRU,-0.1254566225986725,-0.11255208456292967
2026-06-01,PRU,-0.1199804899826117,-0.11502821970282368
2026-06-02,PRU,-0.1203410455069672,-0.1167991616375382
2026-06-03,PRU,-0.1068800423650859,-0.11349278854672078
2026-06-04,PRU,-0.1238652012405822,-0.11695025944467459
2026-06-05,PRU,-0.1093685538253484,-0.11442302423823253
2026-06-06,PRU,-0.0743208769060266,-0.1010556417941639
2026-06-07,PRU,-0.0744571726410013,-0.09218948540977637
2026-06-08,PRU,-0.0744571726410013,-0.08627871448685134
2026-06-09,PRU,-0.0814963536574545,-0.08468459421038574
2026-06-10,PRU,-0.0804837736060557,-0.08328432067560906
2026-06-11,PRU,-0.0510482439976535,-0.07253896178295721
2026-06-12,PRU,-0.0553021850618816,-0.06679336954259868
2026-06-13,PRU,-0.0506171696794732,-0.06140130292155686
2026-06-14,PRU,-0.0506831156207487,-0.05782857382128748
2026-06-15,PRU,-0.0506831153884461,-0.05544675434367369
2026-06-16,PRU,-0.0645071377731431,-0.05846688215349683
2026-06-17,PRU,-0.0521489562395886,-0.05636090684886076
2026-06-18,PRU,-0.0536092467047068,-0.05544368680080944
2026-06-19,PRU,-0.0789741998791927,-0.06328719116027053
2026-06-20,PRU,-0.0690848718601544,-0.06521975139356516
2026-06-21,PRU,-0.0690848719793641,-0.0665081249221648
2026-06-22,PRU,-0.0789742267990151,-0.07066349221444823
2026-06-23,PRU,-0.0736678501233027,-0.07166494485073306
2026-06-24,PRU,-0.0637023085760825,-0.06901073275918287
2026-06-25,PRU,-0.0800566814716684,-0.07269271566334473
2026-06-26,PRU,-0.0924304977172791,-0.07927197634798952
2026-06-27,PRU,-0.0762722463261312,-0.07827206634070341
2026-06-28,PRU,-0.0924598962201734,-0.08300134296719341
2026-06-29,PRU,-0.0785152014978574,-0.08150596247741475
2026-06-30,PRU,-0.088565847217151,-0.08385925739066016
2026-07-01,PRU,-0.1017114497162721,-0.08980998816586415
2026-07-02,PRU,-0.0777809907886042,-0.08580032237344418
2026-07-03,PRU,-0.0564740044310457,-0.07602488305931136
2026-07-04,PRU,-0.0565442915917267,-0.06953135257011647
2026-07-05,PRU,-0.0564521423713231,-0.06517161583718535
2026-07-06,PRU,-0.0563271236268807,-0.062223451767083805
2026-07-07,PRU,-0.0496524939776331,-0.05803313250393358
2026-07-08,PRU,-0.0272218395990186,-0.04776270153562859
2026-07-09,PRU,-0.0111820836290363,-0.035569162233431165
2026-07-10,PRU,-0.0085486402420698,-0.026562321569644047
2026-07-11,PRU,-0.0106071068684871,-0.0212439166692584
2026-07-12,PRU,-0.010659777441124209,-0.017715870259880338
2026-05-13,PSA,0.0520764191738295,0.0681926028001009
2026-05-22,PSA,-0.0002633854947939,0.045373940035135965
2026-05-23,PSA,0.0052058565858973,0.03198457888538975
2026-05-24,PSA,0.0051279509412765,0.023032369570685333
2026-05-25,PSA,0.0051279501529202,0.017064229764763624
2026-05-26,PSA,0.005127950067792,0.013085469865773084
2026-05-27,PSA,0.0172666402453904,0.014479193325645522
2026-06-01,PSA,-0.0071630850814052,0.007265100523295283
2026-06-02,PSA,-0.0171570082065068,-0.0008756023866387432
2026-06-03,PSA,-0.0200572530087534,-0.007269485927343629
2026-06-04,PSA,-0.009459628813061,-0.007999533555916087
2026-06-05,PSA,-0.015009318870235,-0.010336128660689059
2026-06-06,PSA,0.0011726198843339,-0.006499879145681407
2026-06-07,PSA,0.0010203250090203,-0.003993144427447505
2026-06-08,PSA,0.0010203250090203,-0.0023219879486249036
2026-06-09,PSA,0.0038253969016653,-0.0002728596651948359
2026-06-10,PSA,0.0405358913599716,0.013330057343193976
2026-06-11,PSA,0.0438316651659879,0.02349725995079195
2026-06-12,PSA,0.0325810492472656,0.02652518971628317
2026-06-13,PSA,0.0487431906173916,0.03393119001665265
2026-06-14,PSA,0.0486733478472662,0.038845242626857165
2026-06-15,PSA,0.0486733481015117,0.04212127778507535
2026-06-16,PSA,0.0436441218610476,0.0426288924770661
2026-06-17,PSA,0.0654049697449175,0.05022091823301657
2026-06-18,PSA,0.058551869980204,0.05299790214874572
2026-06-19,PSA,0.0841157123388739,0.06337050554545512
2026-06-20,PSA,0.0458845484851845,0.05754185319203158
2026-06-21,PSA,0.0458845483607506,0.053656084914937924
2026-06-22,PSA,0.084115687797723,0.06380928587586629
2026-06-23,PSA,0.0770098839692467,0.06820948524032644
2026-06-24,PSA,0.1041205162517331,0.08017982891079534
2026-06-25,PSA,0.1006866437863554,0.08701543386931537
2026-06-26,PSA,0.0804665019290737,0.08483245655590149
2026-06-27,PSA,0.0914695891092043,0.0870448340736691
2026-06-28,PSA,0.0804385615015284,0.08484274321628887
2026-06-29,PSA,0.0888130047753533,0.08616616373597702
2026-06-30,PSA,0.0797243307842795,0.08401888608541119
2026-07-01,PSA,0.0687593826224469,0.07893238493108976
2026-07-02,PSA,0.0772419872706975,0.07836891904429234
2026-07-03,PSA,0.0885789050718389,0.0817722477201412
2026-07-04,PSA,0.0885093229674028,0.0840179394692284
2026-07-05,PSA,0.0885998057597762,0.08554522823274435
2026-07-06,PSA,0.0887214383677521,0.08660396494441361
2026-07-07,PSA,0.0716779763258796,0.08162863540490228
2026-07-08,PSA,0.0974732630886676,0.0869101779661574
2026-07-09,PSA,0.0706012768308266,0.0814738775877138
2026-07-10,PSA,0.049553495420437,0.07083375019862154
2026-07-11,PSA,0.0397953504678075,0.060487616955016865
2026-07-12,PSA,0.03971514928504788,0.053563461065027206
2026-05-13,PSX,0.0147626798226518,0.03664027894045134
2026-05-22,PSX,0.0441545900996508,0.039145049326851165
2026-05-23,PSX,0.0639713079467728,0.04742046886682505
2026-05-24,PSX,0.0639051254078605,0.052915354380503536
2026-05-25,PSX,0.063905124543864,0.056578611101623696
2026-05-26,PSX,0.0639051245971244,0.059020782266790604
2026-05-27,PSX,0.0578541629256744,0.05863190915308521
2026-06-01,PSX,0.0204998082857339,0.04592120886396811
2026-06-02,PSX,0.0243424475665175,0.03872828843148458
2026-06-03,PSX,0.0141188141917721,0.030525130351580422
2026-06-04,PSX,0.0098085365246992,0.02361959907595335
2026-06-05,PSX,-0.0034302366238612,0.014602987176015169
2026-06-06,PSX,0.0278266647715292,0.01901087970785318
2026-06-07,PSX,0.0276952587388033,0.021905672718169886
2026-06-08,PSX,0.0276952587388033,0.02383553472504769
2026-06-09,PSX,0.0264277881474544,0.024699619199183263
2026-06-10,PSX,-0.028338266794024,0.00702032386811418
2026-06-11,PSX,-0.0422234416161649,-0.009394264626645513
2026-06-12,PSX,-0.0608188610379216,-0.02653579676373754
2026-06-13,PSX,-0.0569292218822785,-0.036666938469917865
2026-06-14,PSX,-0.0570049225487333,-0.04344626649618968
2026-06-15,PSX,-0.0570049222615021,-0.047965818417960486
2026-06-16,PSX,-0.0765236391294285,-0.05748509198844983
2026-06-17,PSX,-0.0932750793378974,-0.06941508777159902
2026-06-18,PSX,-0.1215210867540842,-0.08678375409909408
2026-06-19,PSX,-0.1163512716612841,-0.09663959328649077
2026-06-20,PSX,-0.1130711764305544,-0.10211678766784532
2026-06-21,PSX,-0.1130711765824885,-0.10576825063939305
2026-06-22,PSX,-0.1163513089858902,-0.1092959367548921
2026-06-23,PSX,-0.1038757060588458,-0.10748919318954334
2026-06-24,PSX,-0.1267949054933475,-0.11392443062414473
2026-06-25,PSX,-0.1249330551132197,-0.11759397212050307
2026-06-26,PSX,-0.116371499922843,-0.11718648138794972
2026-06-27,PSX,-0.1452378052158022,-0.12653692266390054
2026-06-28,PSX,-0.1164050871328942,-0.1231596441535651
2026-06-29,PSX,-0.1455278149113572,-0.13061570107282913
2026-06-30,PSX,-0.120173876597239,-0.12713509291429909
2026-07-01,PSX,-0.1161512976415509,-0.12347382782338304
2026-07-02,PSX,-0.0872369274448465,-0.11139486103053753
2026-07-03,PSX,-0.0911983687877946,-0.10466269694962323
2026-07-04,PSX,-0.0912772955983023,-0.10020089649918293
2026-07-05,PSX,-0.091164726227385,-0.09718883974191697
2026-07-06,PSX,-0.0909982142920863,-0.09512529792530675
2026-07-07,PSX,-0.0900730932649495,-0.09344122970518767
2026-07-08,PSX,-0.0767519054679251,-0.08787812162610015
2026-07-09,PSX,0.0269982959007435,-0.04958598245048561
2026-07-10,PSX,0.0650607517333441,-0.011370404389209048
2026-07-11,PSX,0.0613107964387733,0.012856662553451735
2026-07-12,PSX,0.06125426135843796,0.02898919548844714
2026-05-13,PWR,0.0296397644283235,0.022058732249809435
2026-05-22,PWR,-0.1393931526788231,-0.03175856272640141
2026-05-23,PWR,-0.1688597227823824,-0.0774589494117284
2026-05-24,PWR,-0.1689167267261641,-0.10794487518320697
2026-05-25,PWR,-0.1689167276493831,-0.12826882600526568
2026-05-26,PWR,-0.1689167274877714,-0.14181812649943426
2026-05-27,PWR,-0.1393767218520524,-0.141004324950307
2026-06-01,PWR,-0.2077197519399092,-0.1632428006135077
2026-06-02,PWR,-0.249179935930544,-0.19188851238585314
2026-06-03,PWR,-0.2299719449332328,-0.20458298990164636
2026-06-04,PWR,-0.2032123920971736,-0.20412612396682212
2026-06-05,PWR,-0.2023694448401917,-0.20354056425794534
2026-06-06,PWR,-0.2259146528523453,-0.210998593789412
2026-06-07,PWR,-0.2260285734959388,-0.21600858702492093
2026-06-08,PWR,-0.2260285734959388,-0.21934858251526024
2026-06-09,PWR,-0.2298127873327593,-0.22283665078775994
2026-06-10,PWR,-0.2341485782140513,-0.2266072932631904
2026-06-11,PWR,-0.2907947378179489,-0.2480031081147766
2026-06-12,PWR,-0.2581753262458993,-0.2513938474918175
2026-06-13,PWR,-0.2510220617476498,-0.25126991891042827
2026-06-14,PWR,-0.2510842276770549,-0.25120802183263713
2026-06-15,PWR,-0.2510842274660375,-0.2511667570437706
2026-06-16,PWR,-0.2373127655236608,-0.2465487598704007
2026-06-17,PWR,-0.2430558372949302,-0.24538445234524386
2026-06-18,PWR,-0.2460093732207807,-0.24559275930375615
2026-06-19,PWR,-0.2534443362232514,-0.24820995161025458
2026-06-20,PWR,-0.2505776661866614,-0.24899918980239022
2026-06-21,PWR,-0.2505776662920861,-0.24952534863228887
2026-06-22,PWR,-0.2534443579183659,-0.25083168506098125
2026-06-23,PWR,-0.2303549399781086,-0.24400610336669037
2026-06-24,PWR,-0.2639572883181657,-0.2506564983505155
2026-06-25,PWR,-0.2533185568225639,-0.25154385117453165
2026-06-26,PWR,-0.2308811300167482,-0.24465627745527052
2026-06-27,PWR,-0.2672966867548418,-0.25220308055512763
2026-06-28,PWR,-0.2309067632379606,-0.24510430811607198
2026-06-29,PWR,-0.2701060197191627,-0.2534382119837689
2026-06-30,PWR,-0.2373274678334621,-0.24806796393366667
2026-07-01,PWR,-0.2352306475587908,-0.24378885847537474
2026-07-02,PWR,-0.2592952225714229,-0.24895764650739083
2026-07-03,PWR,-0.2781737249305986,-0.2586963393151268
2026-07-04,PWR,-0.2782430180723739,-0.2652118989008758
2026-07-05,PWR,-0.2781532182545591,-0.26952567201877026
2026-07-06,PWR,-0.2780329734323244,-0.2723614391566217
2026-07-07,PWR,-0.2626317409105107,-0.26911820640791806
2026-07-08,PWR,-0.2776640575415481,-0.2719668234524614
2026-07-09,PWR,-0.2671548797501932,-0.27036284221837203
2026-07-10,PWR,-0.2837848449740467,-0.27483684313693024
2026-07-11,PWR,-0.3089382953360277,-0.28620399386996276
2026-07-12,PWR,-0.3090113737511033,-0.293806453830343
2026-05-13,PYPL,0.2449769727307203,0.1996096088604499
2026-05-22,PYPL,0.1660504565392938,0.1884232247533979
2026-05-23,PYPL,0.1145649689577716,0.16380380615485582
2026-05-24,PYPL,0.1144813879459275,0.14736300008521305
2026-05-25,PYPL,0.11448138719419,0.13640246245487203
2026-05-26,PYPL,0.1144813870420654,0.12909543731726983
2026-05-27,PYPL,0.1129139829328765,0.12370161918913872
2026-06-01,PYPL,0.1536407351454412,0.1336813245079062
2026-06-02,PYPL,0.1463143572403994,0.13789233541873727
2026-06-03,PYPL,0.1308537004398368,0.1355461237591038
2026-06-04,PYPL,0.0964578246914794,0.12251669073656235
2026-06-05,PYPL,0.0853902058231804,0.11014119576543505
2026-06-06,PYPL,0.0767934925299064,0.0990252946869255
2026-06-07,PYPL,0.0766179176858299,0.09155616901989364
2026-06-08,PYPL,0.0766179176858299,0.08657675190853906
2026-06-09,PYPL,0.0941128622582987,0.08908878869179228
2026-06-10,PYPL,0.0758281009787112,0.0846685594540986
2026-06-11,PYPL,0.0767845017816877,0.08204054022996164
2026-06-12,PYPL,0.076008683293243,0.08002992125105543
2026-06-13,PYPL,0.0758973341412323,0.07865239221444772
2026-06-14,PYPL,0.0758128198395079,0.07770586808946779
2026-06-15,PYPL,0.0758128201763684,0.07707485211843466
2026-06-16,PYPL,0.0845336077483125,0.07956110399506061
2026-06-17,PYPL,0.1071830249678274,0.08876841098598288
2026-06-18,PYPL,0.1002216401692019,0.09258615404705589
2026-06-19,PYPL,0.106951927625857,0.0973747452399896
2026-06-20,PYPL,0.1102115513307829,0.10165368060358737
2026-06-21,PYPL,0.1102115511811518,0.1045063041294422
2026-06-22,PYPL,0.1069518910751746,0.10532149977801968
2026-06-23,PYPL,0.0959643521815186,0.10220245057918599
2026-06-24,PYPL,0.0968098875980054,0.10040492958545913
2026-06-25,PYPL,0.0981942244300986,0.09966802786700563
2026-06-26,PYPL,0.0981848455288323,0.09917363375428119
2026-06-27,PYPL,0.1289657873559047,0.10910435162148903
2026-06-28,PYPL,0.0981512688070655,0.1054533240166812
2026-06-29,PYPL,0.1279100305012568,0.11293889284487307
2026-06-30,PYPL,0.1190574361739395,0.11497840728789523
2026-07-01,PYPL,0.11042409906821,0.11346030454800016
2026-07-02,PYPL,0.1207498377552163,0.11589014895040554
2026-07-03,PYPL,0.1214427148936111,0.11774100426480741
2026-07-04,PYPL,0.1213636681928189,0.11894855890747791
2026-07-05,PYPL,0.1214765209291159,0.11979121291469058
2026-07-06,PYPL,0.1216436086551646,0.12040867816151526
2026-07-07,PYPL,0.1153869831126673,0.11873477981189928
2026-07-08,PYPL,0.1267846292547125,0.12141806295950369
2026-07-09,PYPL,0.1141449493666873,0.11899369176189824
2026-07-10,PYPL,0.125928117345633,0.1213051669564765
2026-07-11,PYPL,0.148917225507091,0.130509186473348
2026-07-12,PYPL,0.14881964767774877,0.1366126735414816
2026-05-13,Q,0.2871925796883873,0.2871925796883873
2026-05-13,QCOM,0.4866130572996384,0.6162489139593008
2026-05-22,QCOM,0.5138889435309063,0.5821289238165026
2026-05-23,QCOM,0.5992209603995883,0.5878262693441978
2026-05-24,QCOM,0.5991947359413331,0.5916157582099096
2026-05-25,QCOM,0.5991947348195178,0.5941420837464457
2026-05-26,QCOM,0.5991947353444741,0.5958263009457885
2026-05-27,QCOM,0.6314862263406557,0.6077129427440775
2026-06-01,QCOM,0.6345200742526194,0.6166486532469249
2026-06-02,QCOM,0.49273451730991,0.57534394126792
2026-06-03,QCOM,0.5432131011158526,0.5646336612172309
2026-06-04,QCOM,0.5735026614687238,0.5675899946343952
2026-06-05,QCOM,0.5361807462354485,0.5571202451680797
2026-06-06,QCOM,0.4966874804902921,0.5369759902754838
2026-06-07,QCOM,0.4966387789714519,0.5235302531741399
2026-06-08,QCOM,0.4966387789714519,0.5145664284399106
2026-06-09,QCOM,0.5091963982220287,0.5127764183672834
2026-06-10,QCOM,0.4765340130897643,0.5006956166081103
2026-06-11,QCOM,0.4168838073629978,0.47275834685973955
2026-06-12,QCOM,0.4497988133459482,0.4651051690218091
2026-06-13,QCOM,0.4950545277220666,0.4750882885885616
2026-06-14,QCOM,0.4950213132454528,0.4817326301408587
2026-06-15,QCOM,0.4950213132934455,0.486162191191721
2026-06-16,QCOM,0.4981569562323406,0.4901604462052609
2026-06-17,QCOM,0.4941152399032215,0.4914787107712478
2026-06-18,QCOM,0.4924448601384227,0.49180076056030614
2026-06-19,QCOM,0.5075253317677063,0.4970422842961062
2026-06-20,QCOM,0.509750670192625,0.5012784129282791
2026-06-21,QCOM,0.5097506701593487,0.504102498671969
2026-06-22,QCOM,0.5075253343180594,0.5052434438873324
2026-06-23,QCOM,0.4887655911794281,0.499750826318031
2026-06-24,QCOM,0.458099255327124,0.48586696932106205
2026-06-25,QCOM,0.4218529148318154,0.4645289511579799
2026-06-26,QCOM,0.3877867791687368,0.43894822716156556
2026-06-27,QCOM,0.3560832056972129,0.4113265533401147
2026-06-28,QCOM,0.3877665932794997,0.40347323331990975
2026-06-29,QCOM,0.3514222060479903,0.38612289089593665
2026-06-30,QCOM,0.3198389914482931,0.36402825774672215
2026-07-01,QCOM,0.3114361822920946,0.346497565928513
2026-07-02,QCOM,0.3449712576301429,0.345988796495723
2026-07-03,QCOM,0.3462533202266591,0.34607697107270174
2026-07-04,QCOM,0.3461946605921712,0.34611620091252493
2026-07-05,QCOM,0.3462593276993264,0.34616390984145873
2026-07-06,QCOM,0.3463285035365681,0.3462187744064952
2026-07-07,QCOM,0.407338624941313,0.3665920579181011
2026-07-08,QCOM,0.4294625299057203,0.3875488819139742
2026-07-09,QCOM,0.4631038637446369,0.41273387585752846
2026-07-10,QCOM,0.4596850920250324,0.4283842812466965
2026-07-11,QCOM,0.44536320840404,0.4340439236324777
2026-07-12,QCOM,0.4453794884408576,0.43782244523527103
2026-05-13,RCL,0.0103728410956051,0.02536579073916197
2026-05-22,RCL,0.0872773695163579,0.04600298366489394
2026-05-23,RCL,0.0536705506866116,0.04855883933879983
2026-05-24,RCL,0.0535764946175964,0.05023139109839869
2026-05-25,RCL,0.0535764939334463,0.0513464253767479
2026-05-26,RCL,0.0535764936576661,0.0520897814703873
2026-05-27,RCL,0.0946425733001199,0.0662740454136315
2026-06-01,RCL,0.1697201852278383,0.1007560920183671
2026-06-02,RCL,0.1764990107557404,0.12600373159749154
2026-06-03,RCL,0.2074417489802372,0.1531497373917401
2026-06-04,RCL,0.2043574769409332,0.1702189839081378
2026-06-05,RCL,0.2161890686054359,0.18554234547390386
2026-06-06,RCL,0.1648058622715062,0.17863018440643796
2026-06-07,RCL,0.1646437402589327,0.17396803635726954
2026-06-08,RCL,0.1646437402589327,0.17085993765782392
2026-06-09,RCL,0.1585608588196168,0.16676024471175488
2026-06-10,RCL,0.1699917821103523,0.1678374238446207
2026-06-11,RCL,0.1822270948454183,0.17263398084488657
2026-06-12,RCL,0.2067132658595912,0.18399374251645478
2026-06-13,RCL,0.2027583918270311,0.19024862561998024
2026-06-14,RCL,0.2026835287544129,0.1943935933314578
2026-06-15,RCL,0.2026835290369276,0.1971569052332811
2026-06-16,RCL,0.2519323057148017,0.21541537206045466
2026-06-17,RCL,0.2675768481610123,0.23280253076064056
2026-06-18,RCL,0.2433595418606246,0.23632153446063525
2026-06-19,RCL,0.2748214159926621,0.2491548283046442
2026-06-20,RCL,0.2777854127816144,0.25869835646363426
2026-06-21,RCL,0.2777854126652407,0.2650607085308364
2026-06-22,RCL,0.274821390618121,0.26831426922659796
2026-06-23,RCL,0.2347003994890212,0.25710964598073904
2026-06-24,RCL,0.2580177622451483,0.2574123514022088
2026-06-25,RCL,0.2727508854228016,0.26252519607573976
2026-06-26,RCL,0.2677422020305533,0.26426419806067764
2026-06-27,RCL,0.2863568253343811,0.27162840715191217
2026-06-28,RCL,0.2677137509857389,0.27032352176318775
2026-06-29,RCL,0.2837708898984316,0.27480597780826904
2026-06-30,RCL,0.280707514379706,0.2767731566654147
2026-07-01,RCL,0.255308504338405,0.26961827255641146
2026-07-02,RCL,0.2218549244386343,0.2536971565171524
2026-07-03,RCL,0.2184133400909867,0.2419358843750972
2026-07-04,RCL,0.2183386150953292,0.23407012794850787
2026-07-05,RCL,0.2184412533123926,0.22886050306980282
2026-07-06,RCL,0.2185875854129731,0.22543619718419294
2026-07-07,RCL,0.1875477561254649,0.2128067168312836
2026-07-08,RCL,0.1933529813241894,0.20632213832891888
2026-07-09,RCL,0.1804162326225715,0.1976868364268031
2026-07-10,RCL,0.2081792516893229,0.20118430818097638
2026-07-11,RCL,0.1931641470690374,0.1985109211436634
2026-07-12,RCL,0.19306870341368404,0.19669684856700362
2026-05-13,REGN,0.0817603261066482,0.10325438758562927
2026-05-22,REGN,-0.0765441368301285,0.04332154611371003
2026-05-23,REGN,-0.0619366852150063,0.008235469004137921
2026-05-24,REGN,-0.0620295230364278,-0.015186195009383984
2026-05-25,REGN,-0.0620295237284382,-0.03080063791573539
2026-05-26,REGN,-0.0620295239898372,-0.04121026660710266
2026-05-27,REGN,-0.0687489042898543,-0.050389812501353215
2026-06-01,REGN,-0.0718599834040023,-0.05754653613556958
2026-06-02,REGN,-0.0549803666525874,-0.056691146307908856
2026-06-03,REGN,-0.0691582256100798,-0.0608468394086325
2026-06-04,REGN,-0.0410089174302376,-0.054234198749167545
2026-06-05,REGN,-0.0409751947829943,-0.049814530760443135
2026-06-06,REGN,-0.0714357443962364,-0.05702160197237423
2026-06-07,REGN,-0.071627034278706,-0.061890079407818155
2026-06-08,REGN,-0.071627034278706,-0.06513573103144743
2026-06-09,REGN,-0.0805611852921459,-0.07027754911834692
2026-06-10,REGN,-0.0983756075548745,-0.07964356859718945
2026-06-11,REGN,-0.0952249818744002,-0.08483737302292638
2026-06-12,REGN,-0.0798407867993682,-0.08317184428174032
2026-06-13,REGN,-0.0837696145269175,-0.08337110103013272
2026-06-14,REGN,-0.083861730419425,-0.08353464415989682
2026-06-15,REGN,-0.0838617300397603,-0.08364367278651799
2026-06-16,REGN,-0.074370607582395,-0.08055265105181034
2026-06-17,REGN,-0.0851429789512761,-0.08208276035163226
2026-06-18,REGN,-0.075451565277102,-0.07987236199345552
2026-06-19,REGN,-0.0618573905301938,-0.07386737150570162
2026-06-20,REGN,-0.0630366121518677,-0.07025711838775699
2026-06-21,REGN,-0.0630366123229611,-0.06785028303282503
2026-06-22,REGN,-0.0618574338959191,-0.06585266665385639
2026-06-23,REGN,-0.0498642222770369,-0.06052318519491656
2026-06-24,REGN,-0.0646540813287663,-0.06190015057286648
2026-06-25,REGN,-0.0691055017846497,-0.06430193431012757
2026-06-26,REGN,-0.0563580942431671,-0.06165398762114075
2026-06-27,REGN,-0.0553730328448585,-0.059560336029046666
2026-06-28,REGN,-0.0563942021224341,-0.05850495806017582
2026-06-29,REGN,-0.0552155814410693,-0.05740849918714032
2026-06-30,REGN,-0.0492305944930893,-0.05468253095578998
2026-07-01,REGN,-0.0583680229955589,-0.05591102830237962
2026-07-02,REGN,-0.0855019296148091,-0.06577466207318945
2026-07-03,REGN,-0.0730645841761003,-0.06820463610749307
2026-07-04,REGN,-0.0731512888658695,-0.06985352036028522
2026-07-05,REGN,-0.0730203361728984,-0.07090912563115628
2026-07-06,REGN,-0.0728164698268158,-0.07154490702970946
2026-07-07,REGN,-0.0736248223526365,-0.0722382121373518
2026-07-08,REGN,-0.0616252477323885,-0.06870055733569738
2026-07-09,REGN,-0.0698577093103026,-0.06908627466056579
2026-07-10,REGN,-0.050663494671478,-0.06294534799753652
2026-07-11,REGN,-0.0474331196617001,-0.057774605218924385
2026-07-12,REGN,-0.04756534503898199,-0.05437151849227693
2026-05-13,ROK,-0.15244189360207,-0.16568820902397954
2026-05-22,ROK,-0.1485271943674515,-0.15996787080513686
2026-05-23,ROK,-0.1646589112997737,-0.1615315509700158
2026-05-24,ROK,-0.1647283253466859,-0.16259714242890586
2026-05-25,ROK,-0.164728326189832,-0.16330753701588124
2026-05-26,ROK,-0.1647283261747188,-0.16378113340216044
2026-05-27,ROK,-0.1517035312696014,-0.15975526602464077
2026-06-01,ROK,-0.1831694443078566,-0.16755999211904604
2026-06-02,ROK,-0.1661207427576971,-0.16708024233192975
2026-06-03,ROK,-0.1268166050729551,-0.15365902991227154
2026-06-04,ROK,-0.1278022440641895,-0.1450401012962442
2026-06-05,ROK,-0.1251713689741651,-0.13841719052221785
2026-06-06,ROK,-0.1267149076555355,-0.13451642956665708
2026-06-07,ROK,-0.1268346422320831,-0.13195583378846576
2026-06-08,ROK,-0.1268346422320831,-0.13024876993633822
2026-06-09,ROK,-0.1217614396116884,-0.12741965982812162
2026-06-10,ROK,-0.0997614277488269,-0.11820024913502339
2026-06-11,ROK,-0.1087350907842032,-0.11504519635141666
2026-06-12,ROK,-0.1046562315750631,-0.11158220809263215
2026-06-13,ROK,-0.1088410107482294,-0.1106684756444979
2026-06-14,ROK,-0.1089008807246715,-0.11007927733788911
2026-06-15,ROK,-0.1089008805265825,-0.10968647840078691
2026-06-16,ROK,-0.0955709657061013,-0.10498130750255838
2026-06-17,ROK,-0.0825719390712889,-0.09751151802546856
2026-06-18,ROK,-0.087632537062051,-0.09421852437099605
2026-06-19,ROK,-0.0893585565239071,-0.09259853508863308
2026-06-20,ROK,-0.1128287026654031,-0.09934192428088975
2026-06-21,ROK,-0.1128287027665301,-0.10383751710943653
2026-06-22,ROK,-0.0893585745175211,-0.09901120291213139
2026-06-23,ROK,-0.0895077624909481,-0.09584338943840365
2026-06-24,ROK,-0.1088863756274682,-0.10019105150142518
2026-06-25,ROK,-0.094914495428134,-0.0984321994769948
2026-06-26,ROK,-0.089279373192912,-0.09538125738230055
2026-06-27,ROK,-0.0813022818497617,-0.09068826553812094
2026-06-28,ROK,-0.0893042042831192,-0.0902269117864537
2026-06-29,ROK,-0.0849427517093094,-0.08846552509407227
2026-06-30,ROK,-0.0907261821360772,-0.08921907744140725
2026-07-01,ROK,-0.0760563228943426,-0.0848314925923857
2026-07-02,ROK,-0.0891724002319162,-0.08627846180556253
2026-07-03,ROK,-0.0824048383990567,-0.08498725400339394
2026-07-04,ROK,-0.0824686806257171,-0.08414772954416833
2026-07-05,ROK,-0.0823917642591203,-0.08356240778248566
2026-07-06,ROK,-0.0822976982596087,-0.08314083794152669
2026-07-07,ROK,-0.0692569782949919,-0.0785128847260151
2026-07-08,ROK,-0.0855366096175296,-0.08085412635651994
2026-07-09,ROK,-0.1166437145155496,-0.0927839890761965
2026-07-10,ROK,-0.1328647344544127,-0.1061442375356019
2026-07-11,ROK,-0.1334284724692229,-0.11523898251347559
2026-07-12,ROK,-0.13348387766090192,-0.12132061422928436
2026-05-13,ROP,0.3771578870331479,0.325792437817088
2026-05-22,ROP,0.3612960884368655,0.3376269880236805
2026-05-23,ROP,0.366263621079714,0.3471725323756917
2026-05-24,ROP,0.3661822225707343,0.3535090957740392
2026-05-25,ROP,0.3661822218049147,0.3577334711176644
2026-05-26,ROP,0.3661822216785541,0.36054972130462765
2026-05-27,ROP,0.3417156617966561,0.3542717014686372
2026-06-01,ROP,0.3439476453513023,0.35083034942952557
2026-06-02,ROP,0.3729298294856818,0.35819684278157765
2026-06-03,ROP,0.3508825794568455,0.355758755006667
2026-06-04,ROP,0.3357008188088752,0.34907277627406974
2026-06-05,ROP,0.3225925516986988,0.3402460347489461
2026-06-06,ROP,0.3219750902345272,0.3341557199108065
2026-06-07,ROP,0.3218032603250005,0.3300382333822045
2026-06-08,ROP,0.3218032603250005,0.3272932423631365
2026-06-09,ROP,0.3428379893036959,0.33247482467665634
2026-06-10,ROP,0.337421194210849,0.3341236145213873
2026-06-11,ROP,0.3409781200166591,0.33640844968647793
2026-06-12,ROP,0.3262365175535567,0.33301780564217087
2026-06-13,ROP,0.3306943188538286,0.3322433100460568
2026-06-14,ROP,0.3306123614744396,0.3316996605221844
2026-06-15,ROP,0.3306123617969021,0.331337227613757
2026-06-16,ROP,0.3282449458751092,0.33030646703420774
2026-06-17,ROP,0.3263369549442336,0.32898329633754975
2026-06-18,ROP,0.3187992383326727,0.32558861033592407
2026-06-19,ROP,0.3188206852097958,0.32333263529388134
2026-06-20,ROP,0.3223017996159886,0.32298902340125046
2026-06-21,ROP,0.3223017994614745,0.3227599487546585
2026-06-22,ROP,0.3188289543741142,0.3214496172944771
2026-06-23,ROP,0.320539709856559,0.3211463148151711
2026-06-24,ROP,0.3335898929111618,0.3252941741805013
2026-06-25,ROP,0.3350407072779433,0.32854301854631535
2026-06-26,ROP,0.3340123516185722,0.33036612957040096
2026-06-27,ROP,0.339601617266487,0.3334446254690963
2026-06-28,ROP,0.3339789560994943,0.33362273567922895
2026-06-29,ROP,0.3388082210436671,0.3353512308007084
2026-06-30,ROP,0.3278945763401995,0.3328656793138721
2026-07-01,ROP,0.3420647302491527,0.3359320296256323
2026-07-02,ROP,0.3572545364537777,0.3430395319016808
2026-07-03,ROP,0.3627364931433209,0.3496051856488942
2026-07-04,ROP,0.3626581845028659,0.35395618526688477
2026-07-05,ROP,0.3627692928046689,0.3568938877794795
2026-07-06,ROP,0.362932835887237,0.3589068704820654
2026-07-07,ROP,0.3581957050592234,0.3586698153411181
2026-07-08,ROP,0.3550992400839048,0.35747962358871366
2026-07-09,ROP,0.3667361467816343,0.36056513131968726
2026-07-10,ROP,0.3831641154943484,0.36809812604457437
2026-07-11,ROP,0.3897366051038601,0.37531095239766965
2026-07-12,ROP,0.3896421552811394,0.3800880200254929
2026-05-13,ROST,0.0831507111830077,0.06872881487568944
2026-05-22,ROST,0.0307773110855501,0.056078313612309666
2026-05-23,ROST,0.1033019915617131,0.07181953959544415
2026-05-24,ROST,0.103236922352012,0.0822920005143001
2026-05-25,ROST,0.103236921480832,0.0892736408364774
2026-05-26,ROST,0.103236921547235,0.09392806774006326
2026-05-27,ROST,0.0970110141423052,0.09495571654081059
2026-06-01,ROST,0.0771721888172184,0.08902787396627987
2026-06-02,ROST,0.0531383878245986,0.07706471191905279
2026-06-03,ROST,0.0037461277180794,0.05262518385206166
2026-06-04,ROST,0.0200623529352833,0.041770906879802214
2026-06-05,ROST,0.0171815298017992,0.03357444785380122
2026-06-06,ROST,0.0261812246190483,0.03111004010888358
2026-06-07,ROST,0.0260416694560324,0.029420583224599856
2026-06-08,ROST,0.0260416694560324,0.02829427863507737
2026-06-09,ROST,0.0103704482735542,0.02231966851456965
2026-06-10,ROST,0.0125322749461203,0.019057203991753202
2026-06-11,ROST,0.029098334323563,0.022404247435689802
2026-06-12,ROST,0.0494081825068658,0.0314055591260818
2026-06-13,ROST,0.0471603630975142,0.036657160449892603
2026-06-14,ROST,0.0470928024071369,0.04013570776897404
2026-06-15,ROST,0.0470928026485321,0.04245473939549339
2026-06-16,ROST,0.0285296312824372,0.03781303669114133
2026-06-17,ROST,0.022592569752912,0.032739547711731556
2026-06-18,ROST,0.0171542255397722,0.027544440321078438
2026-06-19,ROST,0.0007981831484951,0.01862902126355066
2026-06-20,ROST,0.0038778177816499,0.013711953436250408
2026-06-21,ROST,0.0038778176522672,0.010433908174922672
2026-06-22,ROST,0.0007981534022787,0.007221989917374682
2026-06-23,ROST,0.0113417203128507,0.008595233382533356
2026-06-24,ROST,-0.0131326009493707,0.0013526219385653383
2026-06-25,ROST,-0.0141797351409328,-0.0038248304212673743
2026-06-26,ROST,-0.0518824779595647,-0.019844046267366484
2026-06-27,ROST,-0.0624000901115053,-0.034029394215412755
2026-06-28,ROST,-0.0519146804330106,-0.03999115628794537
2026-06-29,ROST,-0.0633799919828464,-0.04778743485291238
2026-06-30,ROST,-0.0635922659731168,-0.05305571189298053
2026-07-01,ROST,-0.060862074196697,-0.05565783266088602
2026-07-02,ROST,-0.0806692262685542,-0.06399496386344208
2026-07-03,ROST,-0.0884793160347747,-0.07215641458721964
2026-07-04,ROST,-0.0885601473187711,-0.07762432549773679
2026-07-05,ROST,-0.088443076650224,-0.08123057588189919
2026-07-06,ROST,-0.0882674182004794,-0.0835761899880926
2026-07-07,ROST,-0.0962743148561361,-0.08780889827744044
2026-07-08,ROST,-0.0767556115503392,-0.0841244693684067
2026-07-09,ROST,-0.0707760955695946,-0.07967501143546935
2026-07-10,ROST,-0.0617008644990586,-0.07368362912333243
2026-07-11,ROST,-0.0500158556951121,-0.06579437131392565
2026-07-12,ROST,-0.0501178081988946,-0.060568850275581974
2026-05-13,RSG,-0.288571990568496,-0.2825374721756531
2026-05-22,RSG,-0.2705894630019381,-0.27855480245108144
2026-05-23,RSG,-0.2628006139303304,-0.2733034062774978
2026-05-24,RSG,-0.2628837377896624,-0.26983018344821935
2026-05-25,RSG,-0.2628837385443496,-0.2675147018135961
2026-05-26,RSG,-0.2628837386910775,-0.26597104743942324
2026-05-27,RSG,-0.2680248827709519,-0.26665565921659945
2026-06-01,RSG,-0.3017610211301871,-0.2783574465211287
2026-06-02,RSG,-0.299352258978508,-0.28535571734025517
2026-06-03,RSG,-0.2979449468450945,-0.2895521271752016
2026-06-04,RSG,-0.2912048391816956,-0.2901030311773663
2026-06-05,RSG,-0.2917867407558996,-0.2906642677035441
2026-06-06,RSG,-0.2922862580076745,-0.29120493113825424
2026-06-07,RSG,-0.2924584699731042,-0.2916227774165376
2026-06-08,RSG,-0.2924584699731042,-0.2919013416020598
2026-06-09,RSG,-0.2876271423705787,-0.2904766085248994
2026-06-10,RSG,-0.2846446042046023,-0.28853260708480044
2026-06-11,RSG,-0.2876029809055327,-0.2882227316917112
2026-06-12,RSG,-0.2998606108504152,-0.29210202474461255
2026-06-13,RSG,-0.2914817773910774,-0.29189527562676754
2026-06-14,RSG,-0.2915647458346966,-0.2917850990294106
2026-06-15,RSG,-0.2915647455065408,-0.2917116478551207
2026-06-16,RSG,-0.2944871963786071,-0.2926368306962829
2026-06-17,RSG,-0.2996499558547154,-0.2949745390824271
2026-06-18,RSG,-0.2965008529153449,-0.29548331036006636
2026-06-19,RSG,-0.293410324318831,-0.29479231501298797
2026-06-20,RSG,-0.292699657623776,-0.2940947625499173
2026-06-21,RSG,-0.2926996577788456,-0.29362972762622674
2026-06-22,RSG,-0.293410362474188,-0.2935566059088805
2026-06-23,RSG,-0.2791200955074721,-0.2887444357750777
2026-06-24,RSG,-0.2669666911990517,-0.28148518758306906
2026-06-25,RSG,-0.2546341648695392,-0.2725348466785591
2026-06-26,RSG,-0.2591943617602184,-0.26808801837244556
2026-06-27,RSG,-0.2609763600018098,-0.26571746558223364
2026-06-28,RSG,-0.259226994645925,-0.2635539752701308
2026-06-29,RSG,-0.2619263555748537,-0.2630114353717051
2026-06-30,RSG,-0.275871625279468,-0.2672981653409594
2026-07-01,RSG,-0.2617864304580082,-0.2654609203799757
2026-07-02,RSG,-0.27026657514498,-0.26706280530164384
2026-07-03,RSG,-0.2835196979608086,-0.2725484361880321
2026-07-04,RSG,-0.2815552255694277,-0.27555069931516396
2026-07-05,RSG,-0.2814387130463091,-0.27751337055887904
2026-07-06,RSG,-0.2812641887329059,-0.27876364328355463
2026-07-07,RSG,-0.2805309052242902,-0.27935273059713317
2026-07-08,RSG,-0.2587909199175673,-0.2724987937039446
2026-07-09,RSG,-0.2264566810278849,-0.2571514228119247
2026-07-10,RSG,-0.2366306785308907,-0.2503111747182467
2026-07-11,RSG,-0.2351550813743383,-0.2452591436036106
2026-07-12,RSG,-0.2352534385958861,-0.24192390860103577
2026-05-13,RTX,-0.2281416810808025,-0.20279411017552706
2026-05-22,RTX,-0.2506377289918738,-0.2187419831143093
2026-05-23,RTX,-0.2300927904156268,-0.22252558554808183
2026-05-24,RTX,-0.2273645125631844,-0.2241385612197827
2026-05-25,RTX,-0.2273645132900369,-0.2252138785765341
2026-05-26,RTX,-0.2273645134876901,-0.2259307568802528
2026-05-27,RTX,-0.2066170988855092,-0.21949287088200492
2026-06-01,RTX,-0.2403850513236965,-0.22645693102923548
2026-06-02,RTX,-0.2343106600250843,-0.22907484069451844
2026-06-03,RTX,-0.2428998007285544,-0.23368316070586378
2026-06-04,RTX,-0.2345284116784696,-0.23396491103006573
2026-06-05,RTX,-0.2401422231359399,-0.23602401506535714
2026-06-06,RTX,-0.2461791894219802,-0.23940907318423152
2026-06-07,RTX,-0.2463594176646104,-0.24172585467769114
2026-06-08,RTX,-0.2463594176646104,-0.24327037567333093
2026-06-09,RTX,-0.2470532970797665,-0.24453134947547614
2026-06-10,RTX,-0.2539236385307211,-0.24766211249389114
2026-06-11,RTX,-0.2601517328227363,-0.2518253192701729
2026-06-12,RTX,-0.2408457672363861,-0.24816546859224398
2026-06-13,RTX,-0.2446978104866252,-0.24700958255703773
2026-06-14,RTX,-0.2447839520223924,-0.24626770571215598
2026-06-15,RTX,-0.2447839516763691,-0.24577312103356036
2026-06-16,RTX,-0.2316287111028449,-0.24105831772332187
2026-06-17,RTX,-0.2417940987124283,-0.24130357805302405
2026-06-18,RTX,-0.2000142014333916,-0.22754045251314658
2026-06-19,RTX,-0.2153404665864654,-0.2234737905375862
2026-06-20,RTX,-0.2120428435151736,-0.21966347486344867
2026-06-21,RTX,-0.2120428436690796,-0.21712326446532568
2026-06-22,RTX,-0.2153405045737094,-0.2165290111681203
2026-06-23,RTX,-0.20769775684817,-0.21358525972813688
2026-06-24,RTX,-0.1968626509066152,-0.20801105678762966
2026-06-25,RTX,-0.2055674026158427,-0.207196505397034
2026-06-26,RTX,-0.190612806202315,-0.20166860566546102
2026-06-27,RTX,-0.1910167180833695,-0.19811797647143053
2026-06-28,RTX,-0.1906457316986705,-0.19562722821384387
2026-06-29,RTX,-0.191888095790417,-0.19438085073936828
2026-06-30,RTX,-0.1821746333995816,-0.19031211162610606
2026-07-01,RTX,-0.179296169988612,-0.18664013108027472
2026-07-02,RTX,-0.1858771461881505,-0.18638580278289998
2026-07-03,RTX,-0.1743650667391895,-0.18237889076832983
2026-07-04,RTX,-0.174443403173057,-0.17973372823657224
2026-07-05,RTX,-0.1743322291804356,-0.17793322855119337
2026-07-06,RTX,-0.1741685526159099,-0.17667833657276555
2026-07-07,RTX,-0.1729939080571377,-0.17545019373422294
2026-07-08,RTX,-0.1774824006496479,-0.1761275960393646
2026-07-09,RTX,-0.1990785151073527,-0.18377790239536063
2026-07-10,RTX,-0.1955990158753695,-0.18771827355536358
2026-07-11,RTX,-0.1961014780104497,-0.1905126750403923
2026-07-12,RTX,-0.19621184143970083,-0.19241239717349515
2026-05-13,SATS,-0.9065323917380746,-0.9858527465439516
2026-05-22,SATS,-0.9180461201833376,-0.9632505377570804
2026-05-23,SATS,-0.945081285583927,-0.9571941203660294
2026-05-24,SATS,-0.9451471747746852,-0.9531784718355814
2026-05-25,SATS,-0.9451471756405744,-0.9505013731039125
2026-05-26,SATS,-0.9451471755838512,-0.9487166405972255
2026-05-27,SATS,-0.9557118495340162,-0.9510483769094891
2026-06-01,SATS,-1.0028765029877031,-0.9683244189355604
2026-06-02,SATS,-1.0143309321786176,-0.9836599233499128
2026-06-03,SATS,-1.017261736950754,-0.9948605278835265
2026-06-04,SATS,-1.0173283313801935,-1.002349795715749
2026-06-05,SATS,-0.9840217658139152,-0.9962404524151378
2026-06-06,SATS,-1.0359246217314395,-1.0094685088539053
2026-06-07,SATS,-1.0360699043524562,-1.0183356406867556
2026-06-08,SATS,-1.0360699043524562,-1.0242470619086559
2026-06-09,SATS,-1.0272515758248577,-1.0252485665473898
2026-06-10,SATS,-1.0567869766278566,-1.0357613699075454
2026-06-11,SATS,-1.0405664262899863,-1.037363055368359
2026-06-12,SATS,-0.9771983878960386,-1.0173081662109191
2026-06-13,SATS,-1.0975900839550423,-1.0440688054589602
2026-06-14,SATS,-1.0976689058938571,-1.061935505603926
2026-06-15,SATS,-1.0976689055890505,-1.073846638932301
2026-06-16,SATS,-1.0640654086694314,-1.070586228844678
2026-06-17,SATS,-1.02547347774615,-1.0555486451451688
2026-06-18,SATS,-1.0804518955621694,-1.0638497286175024
2026-06-19,SATS,-1.104625489063371,-1.0774416487661254
2026-06-20,SATS,-1.1013988350103745,-1.0854273775142085
2026-06-21,SATS,-1.1013988351562969,-1.090751196728238
2026-06-22,SATS,-1.1046255243676395,-1.0953759726080385
2026-06-23,SATS,-1.10892743580075,-1.0998931270056092
2026-06-24,SATS,-1.1349676642349746,-1.1115846394153976
2026-06-25,SATS,-1.0989169304394404,-1.1073620697567452
2026-06-26,SATS,-0.1435853520809584,-0.7861031638648164
2026-06-27,SATS,-0.1564969951158901,-0.5762344409485077
2026-06-28,SATS,-0.1436176777864758,-0.43202885322783047
2026-06-29,SATS,-0.1574057740814884,-0.3404878268457165
2026-06-30,SATS,-0.1532388239719285,-0.27807149255445385
2026-07-01,SATS,-0.1411565574181072,-0.23243318084233833
2026-07-02,SATS,-0.1473671190511176,-0.20407782691193144
2026-07-03,SATS,-0.1569602223179102,-0.18837195871392437
2026-07-04,SATS,-0.1570395925900135,-0.17792783667262074
2026-07-05,SATS,-0.1569259750802585,-0.17092721614183334
2026-07-06,SATS,-0.1567573333553283,-0.166203921879665
2026-07-07,SATS,-0.1548479205399667,-0.1624185880997656
2026-07-08,SATS,-0.1607720731170464,-0.16186974977219254
2026-07-09,SATS,-0.1361753958156289,-0.1533049651200047
2026-07-10,SATS,-0.1370999508439733,-0.1479032936946609
2026-07-11,SATS,-0.1460751033375536,-0.14729389690895847
2026-07-12,SATS,-0.1461794946480454,-0.14692242948865414
2026-05-13,SBUX,-0.2889839291624965,-0.28489540196967955
2026-05-22,SBUX,-0.2790123343265575,-0.2829343794219722
2026-05-23,SBUX,-0.3023678178379599,-0.2894121922273014
2026-05-24,SBUX,-0.3024408352629308,-0.2937550732391779
2026-05-25,SBUX,-0.3024408360828271,-0.29665032752039433
2026-05-26,SBUX,-0.3024408361102509,-0.2985804970503465
2026-05-27,SBUX,-0.3258355198173219,-0.30766550463933834
2026-06-01,SBUX,-0.3314115460798195,-0.3155808517861654
2026-06-02,SBUX,-0.3544403612222329,-0.3285340215981879
2026-06-03,SBUX,-0.3638121900373893,-0.3402934110779217
2026-06-04,SBUX,-0.3724576778237203,-0.3510148333265213
2026-06-05,SBUX,-0.3959908983550915,-0.36600685500271135
2026-06-06,SBUX,-0.3948220742065224,-0.37561192807064836
2026-06-07,SBUX,-0.3949857053094909,-0.3820698538169292
2026-06-08,SBUX,-0.3949857053094909,-0.38637513764778314
2026-06-09,SBUX,-0.404024489964618,-0.39225825508672807
2026-06-10,SBUX,-0.4017489104044286,-0.39542180685929496
2026-06-11,SBUX,-0.3877892515119389,-0.3928776217435096
2026-06-12,SBUX,-0.3634481222994042,-0.3830677885954745
2026-06-13,SBUX,-0.3474426636770762,-0.37119274695600846
2026-06-14,SBUX,-0.3475171179310621,-0.36330087061435967
2026-06-15,SBUX,-0.3475171176508494,-0.358039619626523
2026-06-16,SBUX,-0.3558468600352071,-0.35730869976275104
2026-06-17,SBUX,-0.3282697464133366,-0.3476290486462796
2026-06-18,SBUX,-0.3547188843188777,-0.34999232720381235
2026-06-19,SBUX,-0.3362932905932316,-0.34542598166695215
2026-06-20,SBUX,-0.3331995747554834,-0.3413505126964626
2026-06-21,SBUX,-0.3331995748864502,-0.3386335334264585
2026-06-22,SBUX,-0.3362933208717863,-0.3378534625749011
2026-06-23,SBUX,-0.3422509162372115,-0.33931928046233795
2026-06-24,SBUX,-0.3172363361311106,-0.3319582990185955
2026-06-25,SBUX,-0.3030967463816811,-0.32233778147295744
2026-06-26,SBUX,-0.3112855402700444,-0.31865370107198643
2026-06-27,SBUX,-0.2732355945355654,-0.3035143322265128
2026-06-28,SBUX,-0.3113149647129204,-0.3061145430553154
2026-06-29,SBUX,-0.2757497969959362,-0.2959929610355223
2026-06-30,SBUX,-0.2884028412966324,-0.293462921122559
2026-07-01,SBUX,-0.305333941089949,-0.2974199277783557
2026-07-02,SBUX,-0.2953598539154818,-0.2967332364907311
2026-07-03,SBUX,-0.2838067466475575,-0.2924244065430066
2026-07-04,SBUX,-0.2838777001760582,-0.28957550442069047
2026-07-05,SBUX,-0.283783975969232,-0.287644994936871
2026-07-06,SBUX,-0.2836557568951849,-0.28631524892297566
2026-07-07,SBUX,-0.3384533049264262,-0.30369460092412587
2026-07-08,SBUX,-0.3291465318387618,-0.31217857789567116
2026-07-09,SBUX,-0.3171284304647003,-0.3138285287520142
2026-07-10,SBUX,-0.2999683182093938,-0.30920845857114077
2026-07-11,SBUX,-0.3082846871259409,-0.30890053475607415
2026-07-12,SBUX,-0.30836311148218554,-0.30872139366477797
2026-05-13,SCHW,-0.201879915008585,-0.185145488921809
2026-05-22,SCHW,-0.1843921610583081,-0.18489437963397537
2026-05-23,SCHW,-0.1872422743124017,-0.1856770111934508
2026-05-24,SCHW,-0.1873235943490732,-0.18622587224532494
2026-05-25,SCHW,-0.187323595115399,-0.18659177986868297
2026-05-26,SCHW,-0.1873235952408333,-0.18683571832606644
2026-05-27,SCHW,-0.2065560852033839,-0.19340917395183893
2026-06-01,SCHW,-0.2129936206659602,-0.19993732285654603
2026-06-02,SCHW,-0.2012728238010215,-0.20038248983803786
2026-06-03,SCHW,-0.2142656951470454,-0.2050102249410404
2026-06-04,SCHW,-0.21724632177341,-0.20908892388516362
2026-06-05,SCHW,-0.2191539988062718,-0.21244394885886636
2026-06-06,SCHW,-0.2129019313104212,-0.21259660967605132
2026-06-07,SCHW,-0.2130685868482164,-0.21275393540010637
2026-06-08,SCHW,-0.2130685868482164,-0.21285881921614305
2026-06-09,SCHW,-0.2092394186714077,-0.21165235236789795
2026-06-10,SCHW,-0.2118273949529509,-0.21171069989624894
2026-06-11,SCHW,-0.2015984772278153,-0.20833995900677107
2026-06-12,SCHW,-0.2238629352679491,-0.21351428442716378
2026-06-13,SCHW,-0.2085293688326909,-0.21185264589567282
2026-06-14,SCHW,-0.2086097010528218,-0.21077166428138916
2026-06-15,SCHW,-0.2086097007395106,-0.21005100976742966
2026-06-16,SCHW,-0.2091876081187871,-0.20976320921788216
2026-06-17,SCHW,-0.1988507474434819,-0.20612572195974876
2026-06-18,SCHW,-0.1871339138991737,-0.19979511927289043
2026-06-19,SCHW,-0.2143092517649965,-0.2046331634369258
2026-06-20,SCHW,-0.2110537564287737,-0.20677336110087513
2026-06-21,SCHW,-0.2110537565779404,-0.20820015959323024
2026-06-22,SCHW,-0.2143092881596064,-0.2102365357820223
2026-06-23,SCHW,-0.2073751352148885,-0.20928273559297772
2026-06-24,SCHW,-0.2063410628442866,-0.2083021780100807
2026-06-25,SCHW,-0.2147350094212493,-0.2104464551471369
2026-06-26,SCHW,-0.2197637225125028,-0.21355221093559223
2026-06-27,SCHW,-0.2143695932692457,-0.21382467171347674
2026-06-28,SCHW,-0.2197970998397803,-0.21581548108891127
2026-06-29,SCHW,-0.2151664783095278,-0.2155991468291168
2026-06-30,SCHW,-0.2145159615595565,-0.21523808507259673
2026-07-01,SCHW,-0.1980599075693366,-0.20951202590484339
2026-07-02,SCHW,-0.1708513132274639,-0.19662512167905022
2026-07-03,SCHW,-0.1786282697531172,-0.19062617103707258
2026-07-04,SCHW,-0.178705639930133,-0.18665266066809272
2026-07-05,SCHW,-0.1785967497233992,-0.18396735701986155
2026-07-06,SCHW,-0.1784377137497274,-0.18212414259648352
2026-07-07,SCHW,-0.143609507337395,-0.169285930843454
2026-07-08,SCHW,-0.1348557025542586,-0.15780918808038888
2026-07-09,SCHW,-0.1397324543201744,-0.15178361016031738
2026-07-10,SCHW,-0.1470162563435376,-0.1501944922213908
2026-07-11,SCHW,-0.1244429772362801,-0.14161065389302058
2026-07-12,SCHW,-0.12452444662261387,-0.1359152514695517
2026-05-13,SHW,-0.1820263869924074,-0.16991509408082753
2026-05-22,SHW,-0.1907575686926134,-0.17686258561808949
2026-05-23,SHW,-0.1865455917694807,-0.1800902543352199
2026-05-24,SHW,-0.1849676493204086,-0.18171605266361615
2026-05-25,SHW,-0.1849676500243215,-0.18279991845051796
2026-05-26,SHW,-0.1849676502639442,-0.18352249572166004
2026-05-27,SHW,-0.1612925578008913,-0.17611251641473713
2026-06-01,SHW,-0.1611413030116104,-0.17112211194702823
2026-06-02,SHW,-0.1587868214394312,-0.1670103484444959
2026-06-03,SHW,-0.1629033082194061,-0.16564133503613265
2026-06-04,SHW,-0.1379744591405427,-0.15641904307093601
2026-06-05,SHW,-0.1344022735368819,-0.14908011989291797
2026-06-06,SHW,-0.1383197335206784,-0.14549332443550478
2026-06-07,SHW,-0.1384914097945476,-0.14315935288851905
2026-06-08,SHW,-0.1384914097945476,-0.14160337185719524
2026-06-09,SHW,-0.1425579359301446,-0.1419215598815117
2026-06-10,SHW,-0.1159923211651667,-0.1332784803093967
2026-06-11,SHW,-0.124853726142301,-0.1304702289203648
2026-06-12,SHW,-0.1060176206618346,-0.12231935950085474
2026-06-13,SHW,-0.1090629301886195,-0.11790054973010966
2026-06-14,SHW,-0.1091426032671067,-0.11498123424244201
2026-06-15,SHW,-0.109142602957507,-0.11303502381413034
2026-06-16,SHW,-0.0976839466504878,-0.10791799809291616
2026-06-17,SHW,-0.0868879891475781,-0.10090799511113682
2026-06-18,SHW,-0.0907691638064678,-0.09752838467624715
2026-06-19,SHW,-0.0697575969674663,-0.08827145543998688
2026-06-20,SHW,-0.0666182940909463,-0.08105373499030669
2026-06-21,SHW,-0.0666182942270416,-0.07624192140255166
2026-06-22,SHW,-0.0697576289694337,-0.07408049059151234
2026-06-23,SHW,-0.0900530220307412,-0.07940466773792196
2026-06-24,SHW,-0.0776955675138066,-0.07883496766321685
2026-06-25,SHW,-0.0736099029788962,-0.07709327943510996
2026-06-26,SHW,-0.0646553420405945,-0.07294730030360481
2026-06-27,SHW,-0.0566379573360583,-0.06751085264775598
2026-06-28,SHW,-0.0646863203197925,-0.06656934187176816
2026-06-29,SHW,-0.0582573352999389,-0.06379867301449174
2026-06-30,SHW,-0.0609603030288882,-0.06285254968595723
2026-07-01,SHW,-0.05607107393074,-0.06059205776755149
2026-07-02,SHW,-0.0620749034478218,-0.06108633966097493
2026-07-03,SHW,-0.0326372282655973,-0.05160330252918239
2026-07-04,SHW,-0.0327107645123744,-0.04530578985691307
2026-07-05,SHW,-0.0326109359498164,-0.041074171887880845
2026-07-06,SHW,-0.0324703129908285,-0.038206218922196736
2026-07-07,SHW,-0.0359028307111495,-0.03743842285184766
2026-07-08,SHW,-0.04381351431524,-0.03956345333964511
2026-07-09,SHW,-0.1022983777933634,-0.060475094824217875
2026-07-10,SHW,-0.0992846864648938,-0.07341162537110985
2026-07-11,SHW,-0.10469762225975,-0.08384029100065657
2026-07-12,SHW,-0.1048029465168141,-0.09082784283937576
2026-05-13,SLB,-0.1166659061929771,-0.10809469722589465
2026-05-22,SLB,-0.0810861616016335,-0.0990918520178076
2026-05-23,SLB,-0.0911761298870344,-0.09645327797421653
2026-05-24,SLB,-0.0912467245416131,-0.09471776016334872
2026-05-25,SLB,-0.0912467253771417,-0.09356074856794638
2026-05-26,SLB,-0.0912467253759652,-0.09278940750395266
2026-05-27,SLB,-0.0782443581824405,-0.08794105773011528
2026-06-01,SLB,-0.1210102007453147,-0.09896410540184841
2026-06-02,SLB,-0.0946566258305069,-0.09752827887806792
2026-06-03,SLB,-0.0610008702056481,-0.08535247598726133
2026-06-04,SLB,-0.0571005339571617,-0.07593516197722812
2026-06-05,SLB,-0.0464010242158776,-0.06609044939011129
2026-06-06,SLB,-0.059305880668536,-0.06382892648291953
2026-06-07,SLB,-0.0594302056516013,-0.06236268620581346
2026-06-08,SLB,-0.0594302056516013,-0.06138519268774274
2026-06-09,SLB,-0.0570959989147314,-0.0599554614300723
2026-06-10,SLB,-0.0676882549052239,-0.06253305925512284
2026-06-11,SLB,-0.0096454454594429,-0.04490385465656287
2026-06-12,SLB,-0.0286175296018525,-0.03947507963832608
2026-06-13,SLB,-0.0304867956723261,-0.03647898498299276
2026-06-14,SLB,-0.030547340387533,-0.03450177011783951
2026-06-15,SLB,-0.0305473401856445,-0.03318362680710784
2026-06-16,SLB,-0.0915449244579876,-0.05263739269073443
2026-06-17,SLB,-0.0910928596844673,-0.0654558816886454
2026-06-18,SLB,-0.1594990573635256,-0.09680360691360546
2026-06-19,SLB,-0.1813768995188275,-0.12499470444867948
2026-06-20,SLB,-0.1782071693029518,-0.14273219273343693
2026-06-21,SLB,-0.17820716944247,-0.1545571849697813
2026-06-22,SLB,-0.181376932671097,-0.16349710087021987
2026-06-23,SLB,-0.2068788714444663,-0.17795769106163536
2026-06-24,SLB,-0.2280356600247401,-0.19465034738267029
2026-06-25,SLB,-0.2611769607505037,-0.2168258851719481
2026-06-26,SLB,-0.245714657932533,-0.2264554760921431
2026-06-27,SLB,-0.2797216771606979,-0.24421087644832803
2026-06-28,SLB,-0.2457488555296125,-0.24472353614208953
2026-06-29,SLB,-0.2797452519310487,-0.2563974414050759
2026-06-30,SLB,-0.2565127811745911,-0.25643588799491435
2026-07-01,SLB,-0.2431980265443268,-0.25202326751138515
2026-07-02,SLB,-0.2604660608368222,-0.2548375319531975
2026-07-03,SLB,-0.2701889296155126,-0.25995466450730254
2026-07-04,SLB,-0.2702726184859202,-0.2633939825001751
2026-07-05,SLB,-0.2701487938000471,-0.2656455862667991
2026-07-06,SLB,-0.2699594113706596,-0.267083527968086
2026-07-07,SLB,-0.2660907322934339,-0.2667525960765353
2026-07-08,SLB,-0.2757725188516592,-0.2697592370015766
2026-07-09,SLB,-0.2605740190912889,-0.2666974976981474
2026-07-10,SLB,-0.2679021648774691,-0.26709905342458795
2026-07-11,SLB,-0.2581530695617132,-0.2641170588036297
2026-07-12,SLB,-0.25827629022911036,-0.2621701359454566
2026-05-13,SNDK,0.8523258980610366,0.8655988811952893
2026-05-22,SNDK,0.8579011324403439,0.8630329649436409
2026-05-23,SNDK,0.8579011324403439,0.8613223541092087
2026-05-24,SNDK,0.8579011324403439,0.8601819468862538
2026-05-25,SNDK,0.8579011324403439,0.8594216754042839
2026-05-26,SNDK,0.8579011324403439,0.8589148277496373
2026-05-27,SNDK,0.8579011324403439,0.8585769293132063
2026-06-01,SNDK,0.8579011324403439,0.8583516636889189
2026-06-02,SNDK,0.8579011324403439,0.8582014866060607
2026-06-03,SNDK,0.8579011324403439,0.8581013685508219
2026-06-04,SNDK,0.8579011324403439,0.8580346231806626
2026-06-05,SNDK,0.8579011324403439,0.8579901262672232
2026-06-06,SNDK,0.8579011324403439,0.8579604616582635
2026-06-07,SNDK,0.8579011324403439,0.8579406852522904
2026-06-08,SNDK,0.8579011324403439,0.8579275009816416
2026-06-09,SNDK,0.8579011324403439,0.8579187114678758
2026-06-10,SNDK,0.8579011324403439,0.8579128517920319
2026-06-11,SNDK,0.8579011324403439,0.8579089453414693
2026-06-12,SNDK,0.8579011324403439,0.8579063410410943
2026-06-13,SNDK,0.8579011324403439,0.8579046048408443
2026-06-14,SNDK,0.8579011324403439,0.8579034473740109
2026-06-15,SNDK,0.8579011324403439,0.8579026757294553
2026-06-16,SNDK,0.8579011324403439,0.8579021612997516
2026-06-17,SNDK,0.8579011324403439,0.8579018183466158
2026-06-18,SNDK,0.8579011324403439,0.8579015897111919
2026-06-19,SNDK,0.8579011324403439,0.857901437287576
2026-06-20,SNDK,0.8579011324403439,0.857901335671832
2026-06-21,SNDK,0.8579011324403439,0.8579012679280027
2026-06-22,SNDK,0.8579011324403439,0.8579012227654499
2026-06-23,SNDK,0.8579011324403439,0.8579011926570813
2026-06-24,SNDK,0.8579011324403439,0.8579011725848356
2026-06-25,SNDK,0.8579011324403439,0.8579011592033384
2026-06-26,SNDK,0.8579011324403439,0.8579011502823404
2026-06-27,SNDK,0.8579011324403439,0.8579011443350083
2026-06-28,SNDK,0.8579011324403439,0.8579011403701202
2026-06-29,SNDK,0.8579011324403439,0.8579011377268615
2026-06-30,SNDK,0.8579011324403439,0.8579011359646891
2026-07-01,SNDK,0.8579011324403439,0.8579011347899075
2026-07-02,SNDK,0.8579011324403439,0.8579011340067197
2026-07-03,SNDK,0.8579011324403439,0.8579011334845945
2026-07-04,SNDK,0.8579011324403439,0.8579011331365111
2026-07-05,SNDK,0.8579011324403439,0.8579011329044555
2026-07-06,SNDK,0.8579011324403439,0.8579011327497517
2026-07-07,SNDK,0.8579011324403439,0.8579011326466158
2026-07-08,SNDK,0.8579011324403439,0.8579011325778586
2026-07-09,SNDK,0.8579011324403439,0.8579011325320205
2026-07-10,SNDK,0.8579011324403439,0.8579011325014617
2026-07-11,SNDK,0.8579011324403439,0.8579011324810892
2026-07-12,SNDK,0.8579011324403439,0.8579011324675075
2026-05-13,SNPS,0.2598403770862939,0.2560728016050529
2026-05-22,SNPS,0.2748618662516545,0.2623358231539201
2026-05-23,SNPS,0.2671611334612531,0.2639442599230311
2026-05-24,SNPS,0.2670974597730078,0.26499532653969005
2026-05-25,SNPS,0.2670974588928236,0.26569603732406794
2026-05-26,SNPS,0.2670974589757004,0.2661631778746121
2026-05-27,SNPS,0.2647282510882643,0.2656848689458295
2026-06-01,SNPS,0.2093842103267916,0.24691798273948354
2026-06-02,SNPS,0.217834673870817,0.23722354644992805
2026-06-03,SNPS,0.2313164293220817,0.23525450740731263
2026-06-04,SNPS,0.1941587226713147,0.22155591249531334
2026-06-05,SNPS,0.1833651697071975,0.20882566489927473
2026-06-06,SNPS,0.1592437448721187,0.19229835822355607
2026-06-07,SNPS,0.15909946959956,0.1812320620155574
2026-06-08,SNPS,0.15909946959956,0.17385453121022493
2026-06-09,SNPS,0.1773165429181925,0.17500853511288078
2026-06-10,SNPS,0.1591734156623089,0.16973016196269014
2026-06-11,SNPS,0.1726448001351796,0.17070170802018664
2026-06-12,SNPS,0.1633178145401228,0.16824041019349872
2026-06-13,SNPS,0.1382521745859656,0.15824433165765436
2026-06-14,SNPS,0.1381781613428229,0.15155560821937722
2026-06-15,SNPS,0.1381781616205522,0.14709645935310223
2026-06-16,SNPS,0.1326408151380422,0.14227791128141556
2026-06-17,SNPS,0.1149220242444407,0.13315928226909063
2026-06-18,SNPS,0.1471449365293334,0.13782116702250488
2026-06-19,SNPS,0.1393688296895064,0.13833705457817205
2026-06-20,SNPS,0.1424760695148741,0.1397167262237394
2026-06-21,SNPS,0.1424760693823858,0.14063650727662155
2026-06-22,SNPS,0.1393687988996789,0.1402139378176407
2026-06-23,SNPS,0.1397093673952082,0.14004574767682987
2026-06-24,SNPS,0.1678246610013063,0.14930538545165534
2026-06-25,SNPS,0.1837077472077793,0.16077283937036335
2026-06-26,SNPS,0.1673531022848642,0.16296626034186362
2026-06-27,SNPS,0.1978130383043186,0.17458185299601528
2026-06-28,SNPS,0.1673235620299585,0.17216242267399634
2026-06-29,SNPS,0.1954339236838437,0.1799195896772788
2026-06-30,SNPS,0.1726909391877845,0.17751003951411404
2026-07-01,SNPS,0.1644773083042836,0.1731657957775039
2026-07-02,SNPS,0.1835199731447094,0.17661718823323908
2026-07-03,SNPS,0.1571710670309336,0.17013514783247058
2026-07-04,SNPS,0.1570971521862736,0.16578914928373828
2026-07-05,SNPS,0.1571978755797459,0.1629253913824075
2026-07-06,SNPS,0.1573403168108313,0.1610636998585488
2026-07-07,SNPS,0.1643638226674322,0.16216374079484328
2026-07-08,SNPS,0.1546085124909776,0.15964533136022138
2026-07-09,SNPS,0.1518179369984486,0.15703619990629714
2026-07-10,SNPS,0.1744946162134096,0.16285567200866796
2026-07-11,SNPS,0.1979857160190327,0.17456568667878955
2026-07-12,SNPS,0.19791527847435758,0.1823488839439789
2026-05-13,SO,-0.2953124488977616,-0.20018851168621482
2026-05-22,SO,-0.3649340155077383,-0.25510367962672265
2026-05-23,SO,-0.3652619447617176,-0.2918231013383876
2026-05-24,SO,-0.3653413765829247,-0.31632919308656665
2026-05-25,SO,-0.3653413773614339,-0.33266658784485575
2026-05-26,SO,-0.3653413774645782,-0.34355818438476327
2026-05-27,SO,-0.367043069830016,-0.35138647953318086
2026-06-01,SO,-0.3845447757031782,-0.36243924492317997
2026-06-02,SO,-0.401502022797951,-0.375460170881437
2026-06-03,SO,-0.398588671082383,-0.383169670948419
2026-06-04,SO,-0.3971003055056048,-0.3878132158008143
2026-06-05,SO,-0.4035445114505013,-0.3930569810173767
2026-06-06,SO,-0.3978089579352655,-0.3946409733233397
2026-06-07,SO,-0.3979727072167534,-0.395751551287811
2026-06-08,SO,-0.3979727072167534,-0.39649193659745846
2026-06-09,SO,-0.4001317480823323,-0.39770520709241647
2026-06-10,SO,-0.3986683388595361,-0.3980262510147897
2026-06-11,SO,-0.4068510257342999,-0.4009678425879598
2026-06-12,SO,-0.4176959721456565,-0.4065438857738587
2026-06-13,SO,-0.4175096203874655,-0.41019913064506097
2026-06-14,SO,-0.4175913802956438,-0.41266321386192195
2026-06-15,SO,-0.4175913799742933,-0.4143059358993791
2026-06-16,SO,-0.4105994801597616,-0.4130704506528399
2026-06-17,SO,-0.4097910245159808,-0.41197730860722026
2026-06-18,SO,-0.4092574165648536,-0.41107067792643137
2026-06-19,SO,-0.3908673611942549,-0.4043362390157059
2026-06-20,SO,-0.4084127715986264,-0.40569508321001274
2026-06-21,SO,-0.4084127717481961,-0.4066009793894072
2026-06-22,SO,-0.3908673959385974,-0.40135645157247063
2026-06-23,SO,-0.3832213249433596,-0.395311409362767
2026-06-24,SO,-0.3755697220370222,-0.38873084692085214
2026-06-25,SO,-0.3738404025312396,-0.383767365457648
2026-06-26,SO,-0.3811816457563304,-0.38290545889054217
2026-06-27,SO,-0.3864255861659088,-0.3840788346489977
2026-06-28,SO,-0.3812136875492037,-0.38312378561573307
2026-06-29,SO,-0.3875257286189016,-0.38459109995012264
2026-06-30,SO,-0.3948227402216349,-0.3880016467072934
2026-07-01,SO,-0.386155126046126,-0.3873861398202377
2026-07-02,SO,-0.3989685308677189,-0.39124693683606476
2026-07-03,SO,-0.3919614029418795,-0.39148509220466965
2026-07-04,SO,-0.3920400517779919,-0.3916700787291104
2026-07-05,SO,-0.3919281394104378,-0.39175609895621955
2026-07-06,SO,-0.3917629624881167,-0.3917583868001853
2026-07-07,SO,-0.4008747121008569,-0.39479716190040925
2026-07-08,SO,-0.3953715055780235,-0.39498860979294736
2026-07-09,SO,-0.3810098595377773,-0.39032902637455735
2026-07-10,SO,-0.3947408983577914,-0.39179965036896874
2026-07-11,SO,-0.3969226900479435,-0.39350733026196033
2026-07-12,SO,-0.39702900760900395,-0.3946812227109749
2026-05-13,SPG,0.7231022533183362,0.7187007187179464
2026-05-22,SPG,0.6934453758978187,0.7102822711112372
2026-05-23,SPG,0.6955859363066372,0.7053834928430373
2026-05-24,SPG,0.6955098909674167,0.7020922922178304
2026-05-25,SPG,0.6955098901670571,0.6998981582009061
2026-05-26,SPG,0.6955098901038896,0.6984354021685673
2026-05-27,SPG,0.7004431984054169,0.6991046675808505
2026-06-01,SPG,0.688026327507484,0.695411887556395
2026-06-02,SPG,0.6785089197324323,0.6897775649484075
2026-06-03,SPG,0.677396489868727,0.6856505399218473
2026-06-04,SPG,0.6807991192260401,0.6840333996899116
2026-06-05,SPG,0.6945795879103929,0.6875487957634054
2026-06-06,SPG,0.7323683067189204,0.7024886327485771
2026-06-07,SPG,0.7322315928495857,0.7124029527822466
2026-06-08,SPG,0.7322315928495857,0.7190124994713597
2026-06-09,SPG,0.7121136574010165,0.716712885447912
2026-06-10,SPG,0.7355373207115781,0.7229876972024674
2026-06-11,SPG,0.7518177797054153,0.7325977247034501
2026-06-12,SPG,0.7458100664269283,0.7370018386112762
2026-06-13,SPG,0.7509906302821032,0.7416647691682186
2026-06-14,SPG,0.7509239652246993,0.7447511678537122
2026-06-15,SPG,0.7509239654610513,0.7468087670561586
2026-06-16,SPG,0.7304026113956015,0.7413400485026396
2026-06-17,SPG,0.7261247061972211,0.7362682677341668
2026-06-18,SPG,0.7124357014704616,0.7283240789795984
2026-06-19,SPG,0.7276047878557426,0.7280843152716465
2026-06-20,SPG,0.7020659667348239,0.7194115324260391
2026-06-21,SPG,0.702065966606116,0.7136296771527314
2026-06-22,SPG,0.7276047607921319,0.718288038365865
2026-06-23,SPG,0.7521476861670506,0.7295745876329269
2026-06-24,SPG,0.789166375623501,0.7494385169631184
2026-06-25,SPG,0.7987992180721055,0.7658920839994474
2026-06-26,SPG,0.7783504969980739,0.770044888332323
2026-06-27,SPG,0.7893479230378218,0.776479233234156
2026-06-28,SPG,0.7783235283493717,0.7770939982725613
2026-06-29,SPG,0.7863718251802103,0.7801866072417778
2026-06-30,SPG,0.7663322875348042,0.7755685006727866
2026-07-01,SPG,0.755510744432446,0.7688825819260066
2026-07-02,SPG,0.7616485013419352,0.7664712217313161
2026-07-03,SPG,0.7791402118532296,0.7706942184386207
2026-07-04,SPG,0.7790719182857506,0.7734867850543308
2026-07-05,SPG,0.7791593555705933,0.775377641893085
2026-07-06,SPG,0.7792747997900391,0.7766766945254031
2026-07-07,SPG,0.7667235613290431,0.7733589834599498
2026-07-08,SPG,0.7838146949871541,0.7768442206356846
2026-07-09,SPG,0.7640953517052971,0.7725945976588888
2026-07-10,SPG,0.7356145616324374,0.7602679189834051
2026-07-11,SPG,0.7172798257054351,0.7459385545574151
2026-07-12,SPG,0.7172011171331665,0.7363594087493323
2026-05-13,SPGI,-0.1026513786376179,-0.12685224724568392
2026-05-22,SPGI,-0.1506735135950617,-0.13479266936214318
2026-05-23,SPGI,-0.1714785354634173,-0.14702129139590123
2026-05-24,SPGI,-0.1715575082084176,-0.15520003033340668
2026-05-25,SPGI,-0.1715575089898887,-0.1606525232189007
2026-05-26,SPGI,-0.1715575090876138,-0.16428751850847173
2026-05-27,SPGI,-0.1888240271508474,-0.17246635472259697
2026-06-01,SPGI,-0.1920269362639347,-0.17898654856970955
2026-06-02,SPGI,-0.1887766245559052,-0.18224990723177475
2026-06-03,SPGI,-0.2064492088635085,-0.19031634110901935
2026-06-04,SPGI,-0.2205595626845342,-0.2003974149675243
2026-06-05,SPGI,-0.2235092584189523,-0.20810136278466698
2026-06-06,SPGI,-0.2116328750308321,-0.2092785335333887
2026-06-07,SPGI,-0.2117975028086259,-0.2101181899584678
2026-06-08,SPGI,-0.2117975028086259,-0.2106779609085205
2026-06-09,SPGI,-0.2079225909204826,-0.20975950424584122
2026-06-10,SPGI,-0.1953063809688783,-0.20494179648685362
2026-06-11,SPGI,-0.181450236336727,-0.19711127643681142
2026-06-12,SPGI,-0.2142607650648638,-0.20282777264616225
2026-06-13,SPGI,-0.2097405232636313,-0.20513202285198529
2026-06-14,SPGI,-0.2098203026562286,-0.20669478278673306
2026-06-15,SPGI,-0.2098203023460303,-0.20773662263983217
2026-06-16,SPGI,-0.2093161631917802,-0.2082631361571482
2026-06-17,SPGI,-0.1984744997763759,-0.20500025736355743
2026-06-18,SPGI,-0.210676612695778,-0.20689237580763098
2026-06-19,SPGI,-0.2216742119642216,-0.21181965452649454
2026-06-20,SPGI,-0.21093476635818,-0.21152469180372305
2026-06-21,SPGI,-0.2109347665056981,-0.21132805003771474
2026-06-22,SPGI,-0.2216742484484662,-0.21477678284129859
2026-06-23,SPGI,-0.2232088382434372,-0.2175874679753448
2026-06-24,SPGI,-0.2138499000982331,-0.21634161201630758
2026-06-25,SPGI,-0.2066135713648443,-0.21309893179915318
2026-06-26,SPGI,-0.220596628401299,-0.21559816399986848
2026-06-27,SPGI,-0.2077484027683079,-0.21298157692268163
2026-06-28,SPGI,-0.2206297924690529,-0.2155309821048054
2026-06-29,SPGI,-0.2087106859153447,-0.21325755004165184
2026-06-30,SPGI,-0.2186959214754416,-0.21507034051958177
2026-07-01,SPGI,-0.2179685819128659,-0.21603642098400982
2026-07-02,SPGI,-0.2164666458398055,-0.21617982926927504
2026-07-03,SPGI,-0.1541932068216928,-0.19551762178674764
2026-07-04,SPGI,-0.1542683359753374,-0.1817678598496109
2026-07-05,SPGI,-0.1541647425150531,-0.17256682073809165
2026-07-06,SPGI,-0.1540164693862096,-0.1663833702874643
2026-07-07,SPGI,-0.1460523453798484,-0.15960636198492567
2026-07-08,SPGI,-0.1438947476287061,-0.15436915719951916
2026-07-09,SPGI,-0.155069497421005,-0.15460260394001446
2026-07-10,SPGI,-0.1308109631067961,-0.14667205699560834
2026-07-11,SPGI,-0.1259377514622786,-0.13976062181783178
2026-07-12,SPGI,-0.12601765732339948,-0.13517963365302102
2026-05-13,SRE,-0.2471601098657121,-0.2613097803647669
2026-05-22,SRE,-0.2974933394905098,-0.27337096674001454
2026-05-23,SRE,-0.287797192727705,-0.27817970873591136
2026-05-24,SRE,-0.2878766717432636,-0.2814120297383621
2026-05-25,SRE,-0.2878766725214682,-0.28356691066606415
2026-05-26,SRE,-0.2878766726251696,-0.28500349798576596
2026-05-27,SRE,-0.299049775709997,-0.2896855905605097
2026-06-01,SRE,-0.3175355613352724,-0.29896891415209725
2026-06-02,SRE,-0.3278777055450466,-0.30860517794974707
2026-06-03,SRE,-0.3143834322884334,-0.3105312627293092
2026-06-04,SRE,-0.3071703460179154,-0.3094109571588446
2026-06-05,SRE,-0.3062954192839678,-0.3083724445338857
2026-06-06,SRE,-0.3026568792459098,-0.3064672561045604
2026-06-07,SRE,-0.3028160215964958,-0.30525017793520554
2026-06-08,SRE,-0.3028160215964958,-0.304438792488969
2026-06-09,SRE,-0.3168595199222798,-0.3085790349667393
2026-06-10,SRE,-0.311618626508192,-0.30959223214722353
2026-06-11,SRE,-0.3182282336779813,-0.31247089932414285
2026-06-12,SRE,-0.3333935318255439,-0.3194451101579432
2026-06-13,SRE,-0.3315121711057562,-0.32346746380721425
2026-06-14,SRE,-0.3315930558520432,-0.3261759944888239
2026-06-15,SRE,-0.3315930555356207,-0.32798168150442286
2026-06-16,SRE,-0.3312962782297779,-0.3290865470795412
2026-06-17,SRE,-0.3403020267687745,-0.33282504030928567
2026-06-18,SRE,-0.345974071434257,-0.3372080506842762
2026-06-19,SRE,-0.3224860817837502,-0.33230072771743424
2026-06-20,SRE,-0.3433602451013521,-0.33598723351207355
2026-06-21,SRE,-0.3433602452542129,-0.33844490409278666
2026-06-22,SRE,-0.3224861173458554,-0.3331253085104763
2026-06-23,SRE,-0.3190157531162509,-0.32842212337906784
2026-06-24,SRE,-0.327946379994402,-0.3282635422508459
2026-06-25,SRE,-0.3277766574862268,-0.32810124732930623
2026-06-26,SRE,-0.3225682332274583,-0.32625690929535694
2026-06-27,SRE,-0.3292768891407408,-0.3272635692438183
2026-06-28,SRE,-0.3188068149959034,-0.32444465116118004
2026-06-29,SRE,-0.3301117156376556,-0.32633367265333857
2026-06-30,SRE,-0.3309503786427074,-0.32787257464979486
2026-07-01,SRE,-0.3288883061043939,-0.32821115180132787
2026-07-02,SRE,-0.3491474253245592,-0.335189909642405
2026-07-03,SRE,-0.3636557003677012,-0.3446785065508371
2026-07-04,SRE,-0.3637379635447916,-0.35103165888215526
2026-07-05,SRE,-0.3636175085408738,-0.3552269421017281
2026-07-06,SRE,-0.3634349732136371,-0.3579629524723645
2026-07-07,SRE,-0.3533413100866559,-0.35642240501046163
2026-07-08,SRE,-0.3531340821755493,-0.3553262973988242
2026-07-09,SRE,-0.3269934289866278,-0.3458820079280921
2026-07-10,SRE,-0.338104980809068,-0.34328966555508406
2026-07-11,SRE,-0.3438939258451085,-0.3434910856517589
2026-07-12,SRE,-0.34400830422058004,-0.34366349184136596
2026-05-13,STLD,0.1217596420851492,0.12866621535782113
2026-05-22,STLD,0.1252149519661274,0.12751579422725656
2026-05-23,STLD,0.179890482005479,0.14497402348666405
2026-05-24,STLD,0.1798325120825603,0.15659351968529614
2026-05-25,STLD,0.179832511165574,0.1643398501787221
2026-05-26,STLD,0.1798325113157825,0.16950407055774225
2026-05-27,STLD,0.2131961556617887,0.18406809892575776
2026-06-01,STLD,0.1845568390089025,0.184231012286806
2026-06-02,STLD,0.1749111145879978,0.1811243797205366
2026-06-03,STLD,0.2240412264548311,0.19542999529863478
2026-06-04,STLD,0.2400299748933108,0.2102966551635268
2026-06-05,STLD,0.2665021164160089,0.22903180891435418
2026-06-06,STLD,0.3107300999805359,0.25626457260308144
2026-06-07,STLD,0.3106639513795003,0.27439769886188775
2026-06-08,STLD,0.3106639513795003,0.28648644970109194
2026-06-09,STLD,0.290416088994298,0.28779632946549394
2026-06-10,STLD,0.3058904954196842,0.29382771811689073
2026-06-11,STLD,0.3500827445776561,0.31257939360381254
2026-06-12,STLD,0.3784854369809451,0.3345480747295234
2026-06-13,STLD,0.3646753793856455,0.34459050961489746
2026-06-14,STLD,0.3646411127544622,0.35127404399475237
2026-06-15,STLD,0.3646411128083795,0.3557297335992948
2026-06-16,STLD,0.3142426797796515,0.3419007156594137
2026-06-17,STLD,0.3625783813407504,0.34879327088652595
2026-06-18,STLD,0.3643987707981554,0.3539951041904025
2026-06-19,STLD,0.2591873502675832,0.32239251954946274
2026-06-20,STLD,0.3131763324547891,0.3193204571845716
2026-06-21,STLD,0.3131763324020777,0.317272415590407
2026-06-22,STLD,0.259187341858642,0.29791072434648536
2026-06-23,STLD,0.2426932839360577,0.2795049108763428
2026-06-24,STLD,0.2395790141906998,0.26619627864779516
2026-06-25,STLD,0.2188087945497552,0.2504004506151152
2026-06-26,STLD,0.1955140110512519,0.2321049707604941
2026-06-27,STLD,0.2027412046379998,0.22231704871966268
2026-06-28,STLD,0.1954910420079556,0.213375046482427
2026-06-29,STLD,0.1984979529949757,0.20841601531994325
2026-06-30,STLD,0.1355151717926264,0.18411573414417098
2026-07-01,STLD,0.1029839787821177,0.15707181569015324
2026-07-02,STLD,0.086545893118118,0.13356317483280816
2026-07-03,STLD,0.1038008324449072,0.12364239403684119
2026-07-04,STLD,0.1037332979775079,0.1170060286837301
2026-07-05,STLD,0.1038189410996021,0.11261033282235411
2026-07-06,STLD,0.1039307396291051,0.10971713509127111
2026-07-07,STLD,0.1466070637001556,0.12201377796089928
2026-07-08,STLD,0.1712526172965872,0.1384267244061286
2026-07-09,STLD,0.1448100527210991,0.14055450051111879
2026-07-10,STLD,0.0917811337472887,0.1242967115898421
2026-07-11,STLD,0.1076426386263976,0.11874535393536059
2026-07-12,STLD,0.10758859200240489,0.11502643329104204
2026-05-13,STT,-0.0663602034438672,-0.07582091570884467
2026-05-22,STT,-0.007887842809798,-0.05317655807582911
2026-05-23,STT,-0.0259341323848909,-0.04409574951218305
2026-05-24,STT,-0.0259955944346139,-0.03806236448632667
2026-05-25,STT,-0.0259955953290682,-0.03404010810057385
2026-05-26,STT,-0.0259955952200834,-0.03135860380707703
2026-05-27,STT,-0.0327912109302488,-0.03183613951480095
2026-06-01,STT,-0.04463638299598,-0.03610288734186064
2026-06-02,STT,-0.0278994915239693,-0.03336842206923019
2026-06-03,STT,-0.028047376214762,-0.0315947401177408
2026-06-04,STT,-0.0373634437556669,-0.03351764133038283
2026-06-05,STT,-0.0051396184749953,-0.02405830037858699
2026-06-06,STT,0.037766555562375,-0.0034500150649329955
2026-06-07,STT,0.0376736912204232,0.010257887030185736
2026-06-08,STT,0.0376736912204232,0.01939648842693156
2026-06-09,STT,0.0217319770730205,0.02017498464229454
2026-06-10,STT,0.0128995372102483,0.01774983549827913
2026-06-11,STT,0.020418653266918,0.018639441421158753
2026-06-12,STT,0.0227664827470203,0.020015121863112603
2026-06-13,STT,0.045344165823708,0.028458136516644403
2026-06-14,STT,0.0452940633955783,0.0340701121429557
2026-06-15,STT,0.0452940635386666,0.03781142927485934
2026-06-16,STT,0.0207112813884184,0.032111379979379025
2026-06-17,STT,0.0523606667385532,0.038861142232437085
2026-06-18,STT,0.0631274741723577,0.04694991954574396
2026-06-19,STT,0.0043128425443576,0.03273756054528184
2026-06-20,STT,0.0274252517204525,0.030966790937005394
2026-06-21,STT,0.0274252516388695,0.029786277837626766
2026-06-22,STT,0.0043128271053257,0.021295127593526416
2026-06-23,STT,0.018475833974026,0.020355363053692947
2026-06-24,STT,0.0308430827329854,0.0238512696134571
2026-06-25,STT,0.0081852828520093,0.018629274026307836
2026-06-26,STT,-0.0238922501594019,0.004455432631071258
2026-06-27,STT,-0.005212495690383,0.0012327898572531725
2026-06-28,STT,-0.0239170237985924,-0.007150481361362018
2026-06-29,STT,-0.0090086404141971,-0.0077698677123070456
2026-06-30,STT,-0.0269028334811723,-0.014147522968595463
2026-07-01,STT,-0.0305826406845177,-0.019625895540569545
2026-07-02,STT,-0.0188558895964864,-0.019369226892541832
2026-07-03,STT,0.0071021923179718,-0.01054542048903729
2026-07-04,STT,0.0070402153165587,-0.00468354188717196
2026-07-05,STT,0.0071127231502804,-0.0007514535413545072
2026-07-06,STT,0.0071978311308067,0.0018983080160325614
2026-07-07,STT,0.022080108756162,0.00862557492940904
2026-07-08,STT,0.0603602144294592,0.025870454762759093
2026-07-09,STT,0.0435898132195065,0.031776907581674896
2026-07-10,STT,0.0223914215303992,0.028648412231249663
2026-07-11,STT,0.0101117791102261,0.022469534524241812
2026-07-12,STT,0.010082173532037851,0.01834041419350716
2026-05-13,STX,0.8424566598993073,0.8654825886339157
2026-05-22,STX,0.8474071819244642,0.8594574530640986
2026-05-23,STX,0.8474071819244642,0.8554406960175538
2026-05-24,STX,0.8474071819244642,0.852762857986524
2026-05-25,STX,0.8474071819244642,0.850977632632504
2026-05-26,STX,0.8474071819244642,0.8497874823964908
2026-05-27,STX,0.8474071819244642,0.8489940489058153
2026-06-01,STX,0.8474071819244642,0.848465093245365
2026-06-02,STX,0.8474071819244642,0.8481124561383981
2026-06-03,STX,0.8474071819244642,0.8478773647337535
2026-06-04,STX,0.8474071819244642,0.8477206371306572
2026-06-05,STX,0.8474071819244642,0.8476161520619262
2026-06-06,STX,0.8474071819244642,0.8475464953494389
2026-06-07,STX,0.8474071819244642,0.847500057541114
2026-06-08,STX,0.8474071819244642,0.8474690990022308
2026-06-09,STX,0.8474071819244642,0.8474484599763086
2026-06-10,STX,0.8474071819244642,0.8474347006256938
2026-06-11,STX,0.8474071819244642,0.847425527725284
2026-06-12,STX,0.8474071819244642,0.8474194124583441
2026-06-13,STX,0.8474071819244642,0.8474153356137175
2026-06-14,STX,0.8474071819244642,0.8474126177172998
2026-06-15,STX,0.8474071819244642,0.8474108057863546
2026-06-16,STX,0.8474071819244642,0.8474095978323912
2026-06-17,STX,0.8474071819244642,0.8474087925297489
2026-06-18,STX,0.8474071819244642,0.8474082556613207
2026-06-19,STX,0.8474071819244642,0.8474078977490352
2026-06-20,STX,0.8474071819244642,0.8474076591408449
2026-06-21,STX,0.8474071819244642,0.847407500068718
2026-06-22,STX,0.8474071819244642,0.8474073940206335
2026-06-23,STX,0.8474071819244642,0.8474073233219104
2026-06-24,STX,0.8474071819244642,0.8474072761894283
2026-06-25,STX,0.8474071819244642,0.8474072447677736
2026-06-26,STX,0.8474071819244642,0.8474072238200039
2026-06-27,STX,0.8474071819244642,0.847407209854824
2026-06-28,STX,0.8474071819244642,0.8474072005447041
2026-06-29,STX,0.8474071819244642,0.8474071943379575
2026-06-30,STX,0.8474071819244642,0.8474071902001264
2026-07-01,STX,0.8474071819244642,0.8474071874415724
2026-07-02,STX,0.8474071819244642,0.8474071856025364
2026-07-03,STX,0.8085296788859886,0.8344480166970205
2026-07-04,STX,0.8084980889295756,0.825798040774539
2026-07-05,STX,0.8084987757931168,0.820031619114065
2026-07-06,STX,0.8084379455142161,0.8161670612474488
2026-07-07,STX,0.7988063519029702,0.8103801581326227
2026-07-08,STX,0.7488002097105766,0.7898535086586074
2026-07-09,STX,0.7764200507803387,0.7853756893658512
2026-07-10,STX,0.7658362076319938,0.7788625287878987
2026-07-11,STX,0.7893422505327352,0.7823557693695109
2026-07-12,STX,0.789440566124183,0.7847173682877351
2026-05-13,SYK,-0.3817112484136865,-0.3812967534787018
2026-05-22,SYK,-0.3420438324372986,-0.36821244646490076
2026-05-23,SYK,-0.3242329607325229,-0.3535526178874415
2026-05-24,SYK,-0.3243255096756596,-0.34381024848351427
2026-05-25,SYK,-0.3243255103695339,-0.3373153357788542
2026-05-26,SYK,-0.3243255106275229,-0.33298539406174377
2026-05-27,SYK,-0.3287254273736498,-0.3315654051657125
2026-06-01,SYK,-0.3289973232255648,-0.33070937785232996
2026-06-02,SYK,-0.322255107058653,-0.327891287587771
2026-06-03,SYK,-0.332181263448521,-0.3293212795413544
2026-06-04,SYK,-0.3128797615579889,-0.3238407735468992
2026-06-05,SYK,-0.3061018024851731,-0.31792778319299053
2026-06-06,SYK,-0.3199437814970031,-0.3185997826276614
2026-06-07,SYK,-0.3201306613980834,-0.31911007555113546
2026-06-08,SYK,-0.3201306613980834,-0.31945027083345146
2026-06-09,SYK,-0.3118847699566018,-0.3169284372078349
2026-06-10,SYK,-0.2802228017172257,-0.3046932253776319
2026-06-11,SYK,-0.2792193916741207,-0.2962019474764615
2026-06-12,SYK,-0.2860245424590653,-0.29280947913732946
2026-06-13,SYK,-0.292802983469043,-0.2928073139145673
2026-06-14,SYK,-0.2928890424621511,-0.2928345567637619
2026-06-15,SYK,-0.2928890421165925,-0.2928527185480388
2026-06-16,SYK,-0.2943474872850276,-0.29335097479370176
2026-06-17,SYK,-0.3014878053202813,-0.296063251635895
2026-06-18,SYK,-0.2985069001674429,-0.296877801146411
2026-06-19,SYK,-0.2765435622524996,-0.2900997215151072
2026-06-20,SYK,-0.2911675436123778,-0.29045566221419744
2026-06-21,SYK,-0.2911675437740293,-0.29069295606747475
2026-06-22,SYK,-0.2765436012984812,-0.28597650447781026
2026-06-23,SYK,-0.2669687627784144,-0.27964059057801166
2026-06-24,SYK,-0.2576953282870777,-0.2723255031477003
2026-06-25,SYK,-0.2498004559914776,-0.2648171540956261
2026-06-26,SYK,-0.2496904740624213,-0.2597749274178912
2026-06-27,SYK,-0.2257920722604949,-0.24844730903209247
2026-06-28,SYK,-0.2497237963140676,-0.24887280479275087
2026-06-29,SYK,-0.2268435563447058,-0.24152972197673583
2026-06-30,SYK,-0.2252604710732352,-0.23610663834223566
2026-07-01,SYK,-0.2438235442739446,-0.23867894031947198
2026-07-02,SYK,-0.2568038052924443,-0.24472056197712944
2026-07-03,SYK,-0.2463788194282387,-0.24527331446083253
2026-07-04,SYK,-0.2464588423781167,-0.2456684904332606
2026-07-05,SYK,-0.2463436822388959,-0.2458935543684724
2026-07-06,SYK,-0.2461719059328176,-0.24598633822325414
2026-07-07,SYK,-0.2494767442149304,-0.24714980688714625
2026-07-08,SYK,-0.244647519679883,-0.24631571115139184
2026-07-09,SYK,-0.2463135312315763,-0.24631498451145334
2026-07-10,SYK,-0.2426206732471755,-0.24508354742336075
2026-07-11,SYK,-0.2458563440884482,-0.24534114631172327
2026-07-12,SYK,-0.24596699482782342,-0.24554976248375668
2026-05-13,SYY,-0.2250095209361406,-0.20600948818383455
2026-05-22,SYY,-0.2058233915299916,-0.20594745596588693
2026-05-23,SYY,-0.2098861875615203,-0.20726036649776475
2026-05-24,SYY,-0.2099768749562138,-0.2081658693172478
2026-05-25,SYY,-0.2099768756620993,-0.20876953809886495
2026-05-26,SYY,-0.2099768758981131,-0.2091719840319477
2026-05-27,SYY,-0.2067981661761226,-0.20838071141333936
2026-06-01,SYY,-0.1965076925586786,-0.20442303846178578
2026-06-02,SYY,-0.188721500730874,-0.19918919255148188
2026-06-03,SYY,-0.1865990156568452,-0.19499246691993632
2026-06-04,SYY,-0.1672378212705385,-0.18574091837013706
2026-06-05,SYY,-0.180909713872334,-0.1841305168708694
2026-06-06,SYY,-0.1736923364962777,-0.18065112341267217
2026-06-07,SYY,-0.1738660130211302,-0.17838941994882485
2026-06-08,SYY,-0.1738660130211302,-0.1768816176395933
2026-06-09,SYY,-0.1670643158873765,-0.17360918372218773
2026-06-10,SYY,-0.1735856669721897,-0.17360134480552172
2026-06-11,SYY,-0.1724827158126554,-0.1732284684745663
2026-06-12,SYY,-0.1702744315119746,-0.17224378948703575
2026-06-13,SYY,-0.16427579981822,-0.16958779293076384
2026-06-14,SYY,-0.1643584295704194,-0.16784467181064905
2026-06-15,SYY,-0.1643584292441708,-0.1666825909551563
2026-06-16,SYY,-0.1555330290995971,-0.16296607033663657
2026-06-17,SYY,-0.1584496670279947,-0.16146060256708927
2026-06-18,SYY,-0.1446024698207569,-0.1558412249849785
2026-06-19,SYY,-0.1472097431970494,-0.15296406438900212
2026-06-20,SYY,-0.1441668844106554,-0.15003167106288656
2026-06-21,SYY,-0.144166884559464,-0.14807674222841238
2026-06-22,SYY,-0.1472097794533814,-0.1477877546367354
2026-06-23,SYY,-0.1454126681257076,-0.1469960591330595
2026-06-24,SYY,-0.1454698281213365,-0.14648731546248517
2026-06-25,SYY,-0.1392165617605152,-0.14406373089516186
2026-06-26,SYY,-0.1349690826317705,-0.1410321814740314
2026-06-27,SYY,-0.1282140244028485,-0.1367594624503038
2026-06-28,SYY,-0.1350017097018425,-0.13617354486748337
2026-06-29,SYY,-0.1292750369990067,-0.13387404224465782
2026-06-30,SYY,-0.0268005212213331,-0.09818286857021626
2026-07-01,SYY,-0.028963857888097,-0.07510986500950984
2026-07-02,SYY,-0.0264941951229843,-0.05890464171400133
2026-07-03,SYY,-0.002398390726424,-0.04006922471814223
2026-07-04,SYY,0.0032166714787423,-0.025640592652514057
2026-07-05,SYY,0.0033055109238095,-0.015991891460406207
2026-07-06,SYY,0.0034238042947225,-0.009519992875363306
2026-07-07,SYY,-0.0277328814885541,-0.015590955746426903
2026-07-08,SYY,-0.016901115734025,-0.016027675742292937
2026-07-09,SYY,-0.0261421975491095,-0.019399183011231794
2026-07-10,SYY,-0.0436934771550358,-0.027497281059166462
2026-07-11,SYY,-0.0071211684430536,-0.020705243520462175
2026-07-12,SYY,-0.0071858444756151,-0.016198777172179817
2026-05-13,T,0.159117561666331,0.1811497500190159
2026-05-22,T,0.1601839745934727,0.1741611582105015
2026-05-23,T,0.1665938222708354,0.17163871289727947
2026-05-24,T,0.1665067628704578,0.16992806288833892
2026-05-25,T,0.1665067621411636,0.16878762930594715
2026-05-26,T,0.1665067619479775,0.16802734018662396
2026-05-27,T,0.1764445373140047,0.17083307256241756
2026-06-01,T,0.1793334040824585,0.1736665164024312
2026-06-02,T,0.1660017573039054,0.17111159670292259
2026-06-03,T,0.1600130856358625,0.16741209301390259
2026-06-04,T,0.1394738824749024,0.1580993561675692
2026-06-05,T,0.1189684103527475,0.14505570756262864
2026-06-06,T,0.1174259156208347,0.135845776915364
2026-06-07,T,0.1172385524168537,0.1296433687491939
2026-06-08,T,0.1172385524168537,0.1255084299717472
2026-06-09,T,0.1121021600933794,0.1210396733456246
2026-06-10,T,0.1110342317718937,0.11770452615438097
2026-06-11,T,0.1147629610049764,0.11672400443791278
2026-06-12,T,0.1057465193420514,0.11306484273929233
2026-06-13,T,0.1226369107089803,0.11625553206252166
2026-06-14,T,0.1225482832770001,0.11835311580068114
2026-06-15,T,0.1225482836370214,0.11975150507946122
2026-06-16,T,0.1205156726856875,0.12000622761486998
2026-06-17,T,0.106600133502919,0.115537529577553
2026-06-18,T,0.0932679832626694,0.10811434747259181
2026-06-19,T,0.0842559789439592,0.10016155796304761
2026-06-20,T,0.0877595584402878,0.09602755812212768
2026-06-21,T,0.0877595582632122,0.09327155816915586
2026-06-22,T,0.0842559331705563,0.09026634983628934
2026-06-23,T,0.0928027447174099,0.09111181479666286
2026-06-24,T,0.0862125677642574,0.08947873245252772
2026-06-25,T,0.0728438895829173,0.08393378482932426
2026-06-26,T,0.0309845063566207,0.06628402533842308
2026-06-27,T,0.0106110548021052,0.04772636849298379
2026-06-28,T,0.0309476101299354,0.042133449038634335
2026-06-29,T,0.0113007315365806,0.03185587653794976
2026-06-30,T,0.0178120720319697,0.02717460836928974
2026-07-01,T,0.0032431005524655,0.019197439097014993
2026-07-02,T,-0.024400236419736,0.004664880591431331
2026-07-03,T,-0.0560983271131328,-0.01558952197675671
2026-07-04,T,-0.0561916379620655,-0.029123560638526308
2026-07-05,T,-0.0560450713533521,-0.03809739754346824
2026-07-06,T,-0.0558094779548428,-0.04400142434725976
2026-07-07,T,-0.0492786176637637,-0.045760488786094414
2026-07-08,T,-0.0562674204001062,-0.04926279932409834
2026-07-09,T,-0.0244156611916375,-0.0409804199466114
2026-07-10,T,-0.0032787691088864,-0.028413203000703068
2026-07-11,T,-0.0093636486251726,-0.022063351542192914
2026-07-12,T,-0.001263067272971036,-0.01512992345245229
2026-05-13,TDG,-0.5100757173231351,-0.5066315454389402
2026-05-22,TDG,-0.4896534932251573,-0.5009721947010126
2026-05-23,TDG,-0.482273648638561,-0.49473934601352876
2026-05-24,TDG,-0.4823576823485392,-0.4906121247918656
2026-05-25,TDG,-0.4823576830973557,-0.487860644227029
2026-05-26,TDG,-0.4823576832548243,-0.48602632390296086
2026-05-27,TDG,-0.4718950941108434,-0.4813159139722551
2026-06-01,TDG,-0.4573187418850595,-0.4733168566098566
2026-06-02,TDG,-0.4715799404562795,-0.4727378845586643
2026-06-03,TDG,-0.4643015599825013,-0.4699257763666099
2026-06-04,TDG,-0.4725713408385799,-0.47080763119059993
2026-06-05,TDG,-0.4766923295060354,-0.47276919729574507
2026-06-06,TDG,-0.4649760556455084,-0.4701714834123329
2026-06-07,TDG,-0.4651380555016092,-0.46849367410875836
2026-06-08,TDG,-0.4651380555016092,-0.46737513457304203
2026-06-09,TDG,-0.4771673543702185,-0.47063920783876756
2026-06-10,TDG,-0.4537630311122304,-0.4650138155965885
2026-06-11,TDG,-0.4660062008144712,-0.4653446106692161
2026-06-12,TDG,-0.4412114218247385,-0.4573002143877236
2026-06-13,TDG,-0.4583268191149546,-0.45764241596346733
2026-06-14,TDG,-0.4584050196093786,-0.45789661717877106
2026-06-15,TDG,-0.4584050193080709,-0.45806608455520437
2026-06-16,TDG,-0.4388405768189092,-0.45165758197643935
2026-06-17,TDG,-0.4174204594947046,-0.44024520781586113
2026-06-18,TDG,-0.3931142092109812,-0.42453487494756786
2026-06-19,TDG,-0.3924754144205529,-0.4138483881052296
2026-06-20,TDG,-0.4031393633304088,-0.41027871318028936
2026-06-21,TDG,-0.4031393634597578,-0.40789892994011223
2026-06-22,TDG,-0.3924754429758229,-0.4027577676186824
2026-06-23,TDG,-0.3903757044654652,-0.3986304132342767
2026-06-24,TDG,-0.3864285046237815,-0.3945631103641117
2026-06-25,TDG,-0.3658535144137823,-0.38499324504733523
2026-06-26,TDG,-0.3770807400011725,-0.382355743365281
2026-06-27,TDG,-0.3791994422592413,-0.38130364299660113
2026-06-28,TDG,-0.3771097577874838,-0.3799056812602287
2026-06-29,TDG,-0.3813340211706158,-0.38038179456369114
2026-06-30,TDG,-0.3847449445785065,-0.38183617790196295
2026-07-01,TDG,-0.3805244995868947,-0.3813989517969403
2026-07-02,TDG,-0.3931182907606371,-0.3853053981181726
2026-07-03,TDG,-0.3637037116037321,-0.3781048359466925
2026-07-04,TDG,-0.3637749301710831,-0.37332820068815603
2026-07-05,TDG,-0.3636805795345607,-0.37011232697029095
2026-07-06,TDG,-0.363551087572396,-0.3679252471709926
2026-07-07,TDG,-0.381081808457386,-0.3723107675997904
2026-07-08,TDG,-0.3723659580027809,-0.3723291644007873
2026-07-09,TDG,-0.4032606304128341,-0.3826396530714696
2026-07-10,TDG,-0.412089033346882,-0.3924561131632737
2026-07-11,TDG,-0.4108782886604719,-0.39859683832900644
2026-07-12,TDG,-0.4109652449108241,-0.4027196405229457
2026-05-13,TEL,0.3619901421787829,0.36998605451497013
2026-05-22,TEL,0.3544448859282803,0.36480566498607353
2026-05-23,TEL,0.3321665728065371,0.35392596759289474
2026-05-24,TEL,0.3345353642683728,0.3474624331513875
2026-05-25,TEL,0.3345353635688119,0.3431534099571957
2026-05-26,TEL,0.3345353633212269,0.3402807277452061
2026-05-27,TEL,0.3560841096960749,0.3455485217288291
2026-06-01,TEL,0.4676685841746223,0.3862552092107602
2026-06-02,TEL,0.4772398004921993,0.41658340630457324
2026-06-03,TEL,0.4739024169526608,0.4356897431872691
2026-06-04,TEL,0.4765276542739037,0.4493023802161473
2026-06-05,TEL,0.4838910589091811,0.460831939780492
2026-06-06,TEL,0.4702077675606917,0.46395721570722526
2026-06-07,TEL,0.4700581804828119,0.46599087063242084
2026-06-08,TEL,0.4700581804828119,0.4673466405825512
2026-06-09,TEL,0.4560098583049771,0.4635677131566932
2026-06-10,TEL,0.4590240145007636,0.46205314693805
2026-06-11,TEL,0.4489664517670968,0.457690915214399
2026-06-12,TEL,0.4544354386204087,0.45660575634973555
2026-06-13,TEL,0.4509749645947486,0.45472882576473994
2026-06-14,TEL,0.4508989905359353,0.4534522140218051
2026-06-15,TEL,0.4508989908247058,0.45260113962277204
2026-06-16,TEL,0.4655765408388946,0.4569262733614796
2026-06-17,TEL,0.4883364743309006,0.46739634035128663
2026-06-18,TEL,0.475028165772285,0.4699402821582861
2026-06-19,TEL,0.4888875716831378,0.4762560453332367
2026-06-20,TEL,0.4674926883910409,0.4733349263525048
2026-06-21,TEL,0.4674926882570605,0.4713875136540234
2026-06-22,TEL,0.4888875424960599,0.4772208566013689
2026-06-23,TEL,0.4644857302534907,0.47297581448540954
2026-06-24,TEL,0.4196200238524377,0.4551905509410856
2026-06-25,TEL,0.3935154280780866,0.4346321766534193
2026-06-26,TEL,0.4202253317639052,0.4298298950235813
2026-06-27,TEL,0.4029521222831639,0.4208706374434422
2026-06-28,TEL,0.4201927613843046,0.420644678757063
2026-06-29,TEL,0.4021795497839052,0.41448963576601044
2026-06-30,TEL,0.4179799431757148,0.41565307156924525
2026-07-01,TEL,0.412116246753078,0.4144741299638562
2026-07-02,TEL,0.394652645206996,0.40786696837823616
2026-07-03,TEL,0.3757564593552677,0.39716346537058
2026-07-04,TEL,0.3756743646413754,0.3900004317941785
2026-07-05,TEL,0.3757944214759311,0.38526509502142936
2026-07-06,TEL,0.3759761477338457,0.3821687792589015
2026-07-07,TEL,0.3857681974369591,0.3833685853182541
2026-07-08,TEL,0.3634640817445528,0.376733750793687
2026-07-09,TEL,0.3380834027568592,0.3638503014480778
2026-07-10,TEL,0.3365475657253073,0.3547493895404876
2026-07-11,TEL,0.3278140186999924,0.3457709325936559
2026-07-12,TEL,0.3276784540561003,0.3397401064144707
2026-05-13,TER,0.2642214142379415,0.29688731236802113
2026-05-22,TER,0.259579361438262,0.2844513287247681
2026-05-23,TER,0.2439504860657735,0.2709510478384366
2026-05-24,TER,0.2438786727549466,0.2619269228106066
2026-05-25,TER,0.2438786719272811,0.2559108391828314
2026-05-26,TER,0.2438786719140716,0.25190011675991153
2026-05-27,TER,0.2780422335510377,0.2606141556902869
2026-06-01,TER,0.2821426459386158,0.26779031910639656
2026-06-02,TER,0.3030066530613966,0.2795290970913966
2026-06-03,TER,0.3486345588872446,0.30256425102334594
2026-06-04,TER,0.3705530432769789,0.32522718177455695
2026-06-05,TER,0.4391574670650645,0.3632039435380595
2026-06-06,TER,0.3148809160028277,0.3470962676929823
2026-06-07,TER,0.3147639635049903,0.33631883296365167
2026-06-08,TER,0.3147639635049903,0.32913387647743125
2026-06-09,TER,0.3330833006515242,0.33045035120212896
2026-06-10,TER,0.320890745255075,0.3272638158864443
2026-06-11,TER,0.3085236095767686,0.32101708044988575
2026-06-12,TER,0.3665098733278021,0.3361813447425246
2026-06-13,TER,0.379021049028023,0.3504612461710241
2026-06-14,TER,0.3789673115241929,0.3599632679554137
2026-06-15,TER,0.3789673116877501,0.36629794919952585
2026-06-16,TER,0.4242058123374216,0.3856005702454911
2026-06-17,TER,0.3801939205491002,0.38379835368002746
2026-06-18,TER,0.3822038994172282,0.38326686892576106
2026-06-19,TER,0.4402025403015421,0.4022454260510214
2026-06-20,TER,0.4427479425712287,0.41574626489109057
2026-06-21,TER,0.442747942501946,0.42474682409470904
2026-06-22,TER,0.4402025307519185,0.4298987263137789
2026-06-23,TER,0.4333502269711319,0.43104922653289657
2026-06-24,TER,0.3516253025852766,0.4045745852170233
2026-06-25,TER,0.3636398778693707,0.3909296827678058
2026-06-26,TER,0.4681915519510753,0.416683639162229
2026-06-27,TER,0.4196073207765627,0.4176581997003403
2026-06-28,TER,0.4681716285473298,0.4344960093160035
2026-06-29,TER,0.4150757348727227,0.4280225845015766
2026-06-30,TER,0.4898936849787499,0.4486462846606344
2026-07-01,TER,0.4872105342852578,0.4615010345355089
2026-07-02,TER,0.3775774241247539,0.433526497731924
2026-07-03,TER,0.2741936362380937,0.38041554390064725
2026-07-04,TER,0.2741243594073965,0.3449851490695637
2026-07-05,TER,0.2742141206733399,0.32139480627082245
2026-07-06,TER,0.2743342871592198,0.3057079665669549
2026-07-07,TER,0.2808074988476615,0.2974078106605238
2026-07-08,TER,0.1873970666889368,0.2607375626699948
2026-07-09,TER,0.14135856622349,0.2209445638544932
2026-07-10,TER,0.1527648863776889,0.19821800469555845
2026-07-11,TER,0.1292447097767915,0.17522690638930283
2026-07-12,TER,0.1291347095789144,0.15986284078584004
2026-05-13,TFC,-0.1933023303346071,-0.1979580838692709
2026-05-22,TFC,-0.1336008612273535,-0.17650567632196512
2026-05-23,TFC,-0.1181870809941593,-0.15706614454602985
2026-05-24,TFC,-0.1182673588442735,-0.14413321597877773
2026-05-25,TFC,-0.1182673596173238,-0.1355112638582931
2026-05-26,TFC,-0.1182673597304553,-0.1297632958156805
2026-05-27,TFC,-0.1239362184272371,-0.12782093668619937
2026-06-01,TFC,-0.1104862378006508,-0.12204270372434985
2026-06-02,TFC,-0.1271205246783688,-0.12373531070902284
2026-06-03,TFC,-0.11054100949396,-0.1193372103040019
2026-06-04,TFC,-0.1135945549462419,-0.11742299185141525
2026-06-05,TFC,-0.0802929852940094,-0.10504632299894665
2026-06-06,TFC,-0.0696515344327274,-0.09324806014354023
2026-06-07,TFC,-0.0697957473513775,-0.08543062254615266
2026-06-08,TFC,-0.0697957473513775,-0.08021899748122761
2026-06-09,TFC,-0.0764776208719421,-0.07897187194479911
2026-06-10,TFC,-0.0556034370985599,-0.07118239366271938
2026-06-11,TFC,-0.0321337841767394,-0.05816619050072605
2026-06-12,TFC,-0.0243063096478116,-0.04687956354975457
2026-06-13,TFC,-0.0209843174085207,-0.038247814836009954
2026-06-14,TFC,-0.0210507685980282,-0.032515466090016036
2026-06-15,TFC,-0.0210507683628806,-0.028693900180970892
2026-06-16,TFC,-0.0716543168468832,-0.04301403906960833
2026-06-17,TFC,-0.0568507869200753,-0.04762628835309732
2026-06-18,TFC,-0.0612722611773132,-0.05217494596116928
2026-06-19,TFC,-0.0767193573499365,-0.06035641642409169
2026-06-20,TFC,-0.0716714700253792,-0.0641281009578542
2026-06-21,TFC,-0.0716714701540323,-0.06664255735658024
2026-06-22,TFC,-0.0767193870204762,-0.0700015005778789
2026-06-23,TFC,-0.0758995411346797,-0.07196751409681251
2026-06-24,TFC,-0.0631252770470864,-0.06902010174690382
2026-06-25,TFC,-0.0604736549903935,-0.06617128616140039
2026-06-26,TFC,-0.0581796948858127,-0.06350742240287116
2026-06-27,TFC,-0.0599561462101659,-0.06232366367196941
2026-06-28,TFC,-0.0582090954016674,-0.06095214091520208
2026-06-29,TFC,-0.0619692320535575,-0.06129117129465389
2026-06-30,TFC,-0.0679960755542446,-0.06352613938118412
2026-07-01,TFC,-0.0805052498018086,-0.06918584285472562
2026-07-02,TFC,-0.0737034319778744,-0.07069170589577523
2026-07-03,TFC,-0.0803434499740283,-0.07390895392185959
2026-07-04,TFC,-0.0804179758560448,-0.07607862789992133
2026-07-05,TFC,-0.080315808251865,-0.07749102135056922
2026-07-06,TFC,-0.0801704324238734,-0.07838415837500395
2026-07-07,TFC,-0.080978898976973,-0.07924907190899363
2026-07-08,TFC,-0.08405190668772,-0.08085001683523577
2026-07-09,TFC,-0.110632429027892,-0.09077748756612118
2026-07-10,TFC,-0.1053475881436064,-0.09563418775861626
2026-07-11,TFC,-0.0952376363429964,-0.09550200395340964
2026-07-12,TFC,-0.09532883976787146,-0.09544428255823026
2026-05-13,TGT,0.2039323747325251,0.1891074751380662
2026-05-22,TGT,0.2252318957610366,0.20114894867905636
2026-05-23,TGT,0.2048100242672871,0.20236930720846663
2026-05-24,TGT,0.2047388500217908,0.20315915481290803
2026-05-25,TGT,0.2047388491900018,0.20368571960527265
2026-05-26,TGT,0.2047388491843364,0.2040367627982939
2026-05-27,TGT,0.1975339269089294,0.20186915083517243
2026-06-01,TGT,0.2265127981452423,0.21008369993852907
2026-06-02,TGT,0.1526292376500422,0.19093221250903347
2026-06-03,TGT,0.153786505604848,0.17855031020763834
2026-06-04,TGT,0.1570388029543546,0.1713798077898771
2026-06-05,TGT,0.1379336706479556,0.1602310954092366
2026-06-06,TGT,0.1439041808847388,0.15478879056773737
2026-06-07,TGT,0.1437536118018516,0.15111039764577544
2026-06-08,TGT,0.1437536118018516,0.14865813569780084
2026-06-09,TGT,0.1464822455911146,0.1479328389955721
2026-06-10,TGT,0.1684234722089033,0.1547630500666825
2026-06-11,TGT,0.1926762254280344,0.16740077518713314
2026-06-12,TGT,0.194879540536753,0.17656036363700645
2026-06-13,TGT,0.2121743903230196,0.1884317058656775
2026-06-14,TGT,0.2121074860604965,0.19632363259728386
2026-06-15,TGT,0.2121074862981954,0.2015849171642544
2026-06-16,TGT,0.1981174717515802,0.20042910202669634
2026-06-17,TGT,0.2058951028147647,0.2022511022893858
2026-06-18,TGT,0.1878525291261754,0.19745157790164902
2026-06-19,TGT,0.1953212438894255,0.19674146656424119
2026-06-20,TGT,0.1760285137767073,0.18983714896839657
2026-06-21,TGT,0.1760285136507046,0.1852342705291659
2026-06-22,TGT,0.1953212171967668,0.18859658608503288
2026-06-23,TGT,0.1843648076260582,0.18718599326537466
2026-06-24,TGT,0.2130690316909645,0.19581367274057127
2026-06-25,TGT,0.25416442480543,0.21526392342885753
2026-06-26,TGT,0.2147369798524137,0.21508827557004292
2026-06-27,TGT,0.1991522575866976,0.20977626957559448
2026-06-28,TGT,0.21470896164036,0.21142050026384965
2026-06-29,TGT,0.1968610489213224,0.20656734981634056
2026-06-30,TGT,0.1657662697267173,0.19296698978646615
2026-07-01,TGT,0.1529257839933032,0.17961992118874517
2026-07-02,TGT,0.1579280139600309,0.17238928544584042
2026-07-03,TGT,0.156155214226558,0.1669779283727463
2026-07-04,TGT,0.156080626586544,0.16334549444401222
2026-07-05,TGT,0.156182940158168,0.16095797634873082
2026-07-06,TGT,0.1563286125880389,0.15941485509516687
2026-07-07,TGT,0.1218337923290018,0.14688783417311185
2026-07-08,TGT,0.1471325449622243,0.14696940443614934
2026-07-09,TGT,0.1816781939056767,0.1585390009259918
2026-07-10,TGT,0.1686612234380923,0.16191307509669198
2026-07-11,TGT,0.1933876680272567,0.1724046060735469
2026-07-12,TGT,0.19331307838383924,0.17937409684364436
2026-05-13,TJX,0.0897240198186109,0.0807238971711367
2026-05-22,TJX,0.0812485296305514,0.08089877465760828
2026-05-23,TJX,0.0873937514116714,0.08306376690896267
2026-05-24,TJX,0.0873152972864502,0.08448094370145852
2026-05-25,TJX,0.0873152965016328,0.08542572796818329
2026-05-26,TJX,0.08731529641003,0.08605558411546553
2026-05-27,TJX,0.1017519024763146,0.09128769023574856
2026-06-01,TJX,0.0696318442038913,0.08406907489179614
2026-06-02,TJX,0.060604670178466,0.07624760665401945
2026-06-03,TJX,0.055974389441452,0.06948986758316364
2026-06-04,TJX,0.0724929648412206,0.07049090000251595
2026-06-05,TJX,0.068689933131184,0.06989057771207197
2026-06-06,TJX,0.0877106210059988,0.07583059214338092
2026-06-07,TJX,0.0875581096543685,0.07973976464704345
2026-06-08,TJX,0.0875581096543685,0.08234587964948514
2026-06-09,TJX,0.0761217421093026,0.08027116713609098
2026-06-10,TJX,0.0988508679106786,0.08646440072762018
2026-06-11,TJX,0.1172644181195427,0.09673107319159435
2026-06-12,TJX,0.1098993472434566,0.10112049787554844
2026-06-13,TJX,0.1087809422359703,0.1036739793290224
2026-06-14,TJX,0.1087081445789552,0.10535203441233335
2026-06-15,TJX,0.1087081448498395,0.10647073789150208
2026-06-16,TJX,0.1054918168809409,0.1061444308879817
2026-06-17,TJX,0.1045115626614742,0.10560014147914587
2026-06-18,TJX,0.097378012946049,0.10285943196811359
2026-06-19,TJX,0.0850277591467395,0.09691554102765557
2026-06-20,TJX,0.0881659552814545,0.09399901244558855
2026-06-21,TJX,0.0881659551454837,0.09205466001222026
2026-06-22,TJX,0.0850277271866123,0.08971234907035094
2026-06-23,TJX,0.0868353577525594,0.08875335196442044
2026-06-24,TJX,0.0824642213249277,0.08665697508458953
2026-06-25,TJX,0.0806684748339953,0.08466080833439146
2026-06-26,TJX,0.0485209823018945,0.07261419965689248
2026-06-27,TJX,0.045186860556339,0.06347175329004132
2026-06-28,TJX,0.0484884059967988,0.058477304192293814
2026-06-29,TJX,0.0442380937913347,0.05373090072530745
2026-06-30,TJX,0.0318044090411959,0.04642207016393694
2026-07-01,TJX,0.0317998228067624,0.04154798771154543
2026-07-02,TJX,0.0116506527669503,0.03158220939668039
2026-07-03,TJX,0.0124940846612144,0.02521950115152506
2026-07-04,TJX,0.0124125939635731,0.02095053208887441
2026-07-05,TJX,0.0125312231820788,0.018144095786609207
2026-07-06,TJX,0.01271004856298,0.016332746712066137
2026-07-07,TJX,0.0002416444125933,0.010969045945575193
2026-07-08,TJX,0.0230672357007529,0.015001775863967762
2026-07-09,TJX,0.0199602643467881,0.01665460535824121
2026-07-10,TJX,-0.0013581461357237,0.010650354860252908
2026-07-11,TJX,0.0058449834365486,0.009048564385684806
2026-07-12,TJX,0.005725483013250331,0.007940870594873315
2026-05-13,TMO,-0.2548385072516985,-0.25824085656179074
2026-05-22,TMO,-0.261053923726856,-0.25917854561681253
2026-05-23,TMO,-0.2564739136658881,-0.2582770016331711
2026-05-24,TMO,-0.2565633926906705,-0.25770579865233756
2026-05-25,TMO,-0.2565633934043527,-0.2573249969030093
2026-05-26,TMO,-0.2565633936261019,-0.2570711291440402
2026-05-27,TMO,-0.2486604310187088,-0.25426756310226306
2026-06-01,TMO,-0.1714107181133978,-0.2266486147726413
2026-06-02,TMO,-0.171558053029195,-0.20828509419149255
2026-06-03,TMO,-0.1914153111171212,-0.2026618331667021
2026-06-04,TMO,-0.2076733190906441,-0.20433232847468277
2026-06-05,TMO,-0.1926070819735295,-0.20042391297429835
2026-06-06,TMO,-0.2171374959858313,-0.20599510731147602
2026-06-07,TMO,-0.2173072954507641,-0.20976583669123872
2026-06-08,TMO,-0.2173072954507641,-0.2122796562777472
2026-06-09,TMO,-0.2075888352819121,-0.2107160492791355
2026-06-10,TMO,-0.1778032546809593,-0.19974511774641013
2026-06-11,TMO,-0.1707689280158265,-0.1900863878362156
2026-06-12,TMO,-0.1714823345716411,-0.1838850367480241
2026-06-13,TMO,-0.1865270700292754,-0.1847657145084412
2026-06-14,TMO,-0.1866058366050264,-0.18537908854063628
2026-06-15,TMO,-0.1866058363005313,-0.18578800446060129
2026-06-16,TMO,-0.1829210440413972,-0.18483235098753326
2026-06-17,TMO,-0.1844562512871393,-0.18470698442073527
2026-06-18,TMO,-0.1970659325822238,-0.1888266338078981
2026-06-19,TMO,-0.2019994730801209,-0.19321758023197239
2026-06-20,TMO,-0.1972948332606309,-0.1945766645748586
2026-06-21,TMO,-0.1972948334082035,-0.19548272085264023
2026-06-22,TMO,-0.2019995090646329,-0.19765498358997113
2026-06-23,TMO,-0.1985531438396022,-0.19795437033984817
2026-06-24,TMO,-0.2110595793878982,-0.20232277335586485
2026-06-25,TMO,-0.1817076181014531,-0.19545105493772763
2026-06-26,TMO,-0.1658398919106782,-0.1855806672620445
2026-06-27,TMO,-0.1477787624360582,-0.17298003232004908
2026-06-28,TMO,-0.1658714663984163,-0.1706105103461715
2026-06-29,TMO,-0.1493304272429289,-0.16351714931175731
2026-06-30,TMO,-0.1658287218241305,-0.16428767348254839
2026-07-01,TMO,-0.1715868670559015,-0.16672073800699944
2026-07-02,TMO,-0.1643980866052395,-0.16594652087307948
2026-07-03,TMO,-0.1509678450502926,-0.16095362893215054
2026-07-04,TMO,-0.1510437485537137,-0.1576503354726716
2026-07-05,TMO,-0.1509383248874253,-0.15541299861092284
2026-07-06,TMO,-0.1507863328297237,-0.15387077668385646
2026-07-07,TMO,-0.1533756134552633,-0.1537057222743254
2026-07-08,TMO,-0.1582031464265602,-0.1552048636584037
2026-07-09,TMO,-0.1660471904345851,-0.1588189725837975
2026-07-10,TMO,-0.1409738956187952,-0.15287061359546342
2026-07-11,TMO,-0.1387044974899545,-0.14814857489362712
2026-07-12,TMO,-0.13879302765764842,-0.1450300591483009
2026-05-13,TMUS,-0.1699279244706149,-0.15167732621558597
2026-05-22,TMUS,-0.2168932318155011,-0.17341596141555768
2026-05-23,TMUS,-0.2158992653474965,-0.18757706272620395
2026-05-24,TMUS,-0.2159890336027512,-0.19704771968505302
2026-05-25,TMUS,-0.2159890343145672,-0.20336149122822442
2026-05-26,TMUS,-0.2159890345397307,-0.20757067233205984
2026-05-27,TMUS,-0.2017991517937667,-0.2056468321526288
2026-06-01,TMUS,-0.1924054205318045,-0.20123302827902073
2026-06-02,TMUS,-0.1945440682514388,-0.19900337493649345
2026-06-03,TMUS,-0.1940322279957308,-0.19734632595623924
2026-06-04,TMUS,-0.2142170358432944,-0.202969895918591
2026-06-05,TMUS,-0.2380909032947253,-0.21467689837730244
2026-06-06,TMUS,-0.2478693368459521,-0.225741044533519
2026-06-07,TMUS,-0.2480589144563018,-0.23318033450777995
2026-06-08,TMUS,-0.2480589144563018,-0.23813986115728725
2026-06-09,TMUS,-0.2452326835425508,-0.24050413528570844
2026-06-10,TMUS,-0.2456421196479661,-0.24221679673979435
2026-06-11,TMUS,-0.232054642671837,-0.23882941205047525
2026-06-12,TMUS,-0.2373542563395524,-0.23833769348016764
2026-06-13,TMUS,-0.2174927798210104,-0.23138938892711525
2026-06-14,TMUS,-0.2175795812018694,-0.22678611968536663
2026-06-15,TMUS,-0.2175795808521305,-0.22371727340762126
2026-06-16,TMUS,-0.2087499468391827,-0.2187281645514751
2026-06-17,TMUS,-0.2216072706454621,-0.21968786658280412
2026-06-18,TMUS,-0.2205462785009119,-0.21997400388884006
2026-06-19,TMUS,-0.2197153761644104,-0.21988779464736352
2026-06-20,TMUS,-0.2163322081094358,-0.21870259913472095
2026-06-21,TMUS,-0.2163322082729653,-0.21791246884746907
2026-06-22,TMUS,-0.2197154173856727,-0.21851345169353698
2026-06-23,TMUS,-0.2135103375317196,-0.2168457469729312
2026-06-24,TMUS,-0.2192167016078416,-0.21763606518456802
2026-06-25,TMUS,-0.2340478690030041,-0.22310666645738006
2026-06-26,TMUS,-0.2861016121453298,-0.24410498168669664
2026-06-27,TMUS,-0.3008266931372123,-0.26301221883686854
2026-06-28,TMUS,-0.2861368328108411,-0.2707204234948594
2026-06-29,TMUS,-0.3007602397267683,-0.2807336955721624
2026-06-30,TMUS,-0.3157286570335262,-0.2923986827259504
2026-07-01,TMUS,-0.313753048740827,-0.29951680473090925
2026-07-02,TMUS,-0.3085523748297535,-0.30252866143052404
2026-07-03,TMUS,-0.3068353789224889,-0.30396423392784566
2026-07-04,TMUS,-0.3069207135156747,-0.30494972712378865
2026-07-05,TMUS,-0.3067929990996029,-0.30556415111572677
2026-07-06,TMUS,-0.3065957128441688,-0.30590800502520743
2026-07-07,TMUS,-0.2788614833962846,-0.2968924978155665
2026-07-08,TMUS,-0.2865372015832055,-0.2934407324047795
2026-07-09,TMUS,-0.2728101262091441,-0.28656386367290104
2026-07-10,TMUS,-0.2632540303704607,-0.2787939192387543
2026-07-11,TMUS,-0.2420252906645064,-0.26653770971400503
2026-07-12,TMUS,-0.24213873066895414,-0.2584047166989881
2026-05-13,TRGP,-0.007534150169511,-0.04912809907754007
2026-05-22,TRGP,-0.0201135479963247,-0.039456582050468286
2026-05-23,TRGP,4.871972381170764e-05,-0.026288148125708292
2026-05-24,TRGP,-1.4173798594696583e-05,-0.017530156683337093
2026-05-25,TRGP,-1.4174683812817612e-05,-0.011691496016829003
2026-05-26,TRGP,-1.4174591726257011e-05,-0.007799055541794755
2026-05-27,TRGP,-0.0181635274907659,-0.011253879524785137
2026-06-01,TRGP,-0.0983313327220454,-0.040279697257205226
2026-06-02,TRGP,-0.1107612080661162,-0.06377353419350888
2026-06-03,TRGP,-0.0971785016402487,-0.07490852334242215
2026-06-04,TRGP,-0.0925199557743725,-0.08077900081973893
2026-06-05,TRGP,-0.0897492942446689,-0.08376909862804893
2026-06-06,TRGP,-0.0675087091760681,-0.078348968810722
2026-06-07,TRGP,-0.0676402403025344,-0.07477939264132613
2026-06-08,TRGP,-0.0676402403025344,-0.07239967519506223
2026-06-09,TRGP,-0.0650932328029454,-0.06996419439768996
2026-06-10,TRGP,-0.0802984705398617,-0.07340895311174721
2026-06-11,TRGP,-0.0652448459822111,-0.07068758406856851
2026-06-12,TRGP,-0.0965913280569465,-0.07932216539802783
2026-06-13,TRGP,-0.0839935491394123,-0.08087929331182266
2026-06-14,TRGP,-0.0840619138103813,-0.08194016681134221
2026-06-15,TRGP,-0.084061913564459,-0.08264741572904781
2026-06-16,TRGP,-0.119460323575865,-0.09491838501132022
2026-06-17,TRGP,-0.1133675941972849,-0.10106812140664179
2026-06-18,TRGP,-0.1167975274442831,-0.10631125675252223
2026-06-19,TRGP,-0.1286901004172385,-0.11377087130742766
2026-06-20,TRGP,-0.1259627177789132,-0.11783482013125618
2026-06-21,TRGP,-0.125962717909862,-0.12054411939079146
2026-06-22,TRGP,-0.1286901306582882,-0.12325945647995705
2026-06-23,TRGP,-0.1158544959900346,-0.12079113631664957
2026-06-24,TRGP,-0.1149995958308434,-0.11886062282138085
2026-06-25,TRGP,-0.1178219073974897,-0.11851438434675048
2026-06-26,TRGP,-0.1260633983143168,-0.12103072233593926
2026-06-27,TRGP,-0.1354487162986815,-0.12583672032352
2026-06-28,TRGP,-0.1260936755268661,-0.12592237205796872
2026-06-29,TRGP,-0.1370762435445949,-0.12964032922017746
2026-06-30,TRGP,-0.1370312551571612,-0.13210397119917205
2026-07-01,TRGP,-0.1366501173330472,-0.1336193532437971
2026-07-02,TRGP,-0.1457741206839207,-0.13767094239050498
2026-07-03,TRGP,-0.1456733300684114,-0.14033840494980712
2026-07-04,TRGP,-0.1457493136908649,-0.14214204119682639
2026-07-05,TRGP,-0.1456437006601075,-0.1433092610179201
2026-07-06,TRGP,-0.1454913238189513,-0.1440366152849305
2026-07-07,TRGP,-0.1351627352795858,-0.14107865528314895
2026-07-08,TRGP,-0.1205427778102743,-0.13423336279219072
2026-07-09,TRGP,-0.0527120717496964,-0.10705959911135929
2026-07-10,TRGP,-0.0800374577991072,-0.09805221867394193
2026-07-11,TRGP,-0.0808322782205416,-0.0923122385228085
2026-07-12,TRGP,-0.08090413010799208,-0.0885095357178697
2026-05-13,TRV,0.1977083408617095,0.20064181532160869
2026-05-22,TRV,0.1978743850500196,0.19971933856441235
2026-05-23,TRV,0.1938241343805802,0.19775427050313496
2026-05-24,TRV,0.1937456696805921,0.19641807022895402
2026-05-25,TRV,0.1937456688958429,0.19552726978458368
2026-05-26,TRV,0.1937456688041152,0.1949334027910942
2026-05-27,TRV,0.1938541302911973,0.19457364529112858
2026-06-01,TRV,0.1577512870925986,0.1822995258916186
2026-06-02,TRV,0.1514270749993624,0.17200870892753323
2026-06-03,TRV,0.1537901060055016,0.16593584128685604
2026-06-04,TRV,0.1587983690510684,0.16355668387492683
2026-06-05,TRV,0.1541831333078691,0.16043216701924093
2026-06-06,TRV,0.1831153312189592,0.16799322175248035
2026-06-07,TRV,0.1829598475322986,0.1729820970124198
2026-06-08,TRV,0.1829598475322986,0.1763080138523794
2026-06-09,TRV,0.166780775814827,0.17313226783986196
2026-06-10,TRV,0.1726485636072087,0.1729710330956442
2026-06-11,TRV,0.1690190025792955,0.17165368959019464
2026-06-12,TRV,0.1649587680671173,0.1694220490825022
2026-06-13,TRV,0.1634076535436249,0.1674172505695431
2026-06-14,TRV,0.163329240171745,0.16605458043694374
2026-06-15,TRV,0.1633292404742513,0.16514613378271292
2026-06-16,TRV,0.165292340558226,0.16519486937455063
2026-06-17,TRV,0.1713837973930959,0.1672578453807324
2026-06-18,TRV,0.1845241802048814,0.1730132903221154
2026-06-19,TRV,0.1808397904762829,0.1756221237068379
2026-06-20,TRV,0.1800711594503983,0.17710513562135805
2026-06-21,TRV,0.1800711593106836,0.17809381018446657
2026-06-22,TRV,0.1808397575962237,0.17900912598838564
2026-06-23,TRV,0.19504764208096,0.18435529801924377
2026-06-24,TRV,0.2180994948120171,0.1956033636168349
2026-06-25,TRV,0.2343737284597745,0.20852681856448144
2026-06-26,TRV,0.2146270253283107,0.2105602208190912
2026-06-27,TRV,0.2388808866648367,0.22000044276767305
2026-06-28,TRV,0.2145967642138318,0.2181992165830593
2026-06-29,TRV,0.2368181531495587,0.22440552877189246
2026-06-30,TRV,0.2254003480878056,0.22473713521053018
2026-07-01,TRV,0.2363738881756394,0.2286160528655666
2026-07-02,TRV,0.2562062885661155,0.2378127980990829
2026-07-03,TRV,0.2698597419171207,0.2484951127050955
2026-07-04,TRV,0.2697892419079075,0.25559315577269953
2026-07-05,TRV,0.2698818942041475,0.26035606858318217
2026-07-06,TRV,0.2700079351850164,0.2635733574504603
2026-07-07,TRV,0.257265043428564,0.2614705861098282
2026-07-08,TRV,0.2771473661466563,0.26669617945543755
2026-07-09,TRV,0.2717336410444349,0.2683753333184367
2026-07-10,TRV,0.2575691152202928,0.26477326061905543
2026-07-11,TRV,0.2708551155246367,0.26680054558758254
2026-07-12,TRV,0.27078696072938785,0.268129350634851
2026-05-13,TSLA,-0.3659344438293092,-0.34350653683009125
2026-05-22,TSLA,-0.3382681718848362,-0.3417604151816729
2026-05-23,TSLA,-0.3405407395573367,-0.34135385664022755
2026-05-24,TSLA,-0.3406164979290435,-0.34110807040316626
2026-05-25,TSLA,-0.3406164987312546,-0.34094421317919577
2026-05-26,TSLA,-0.3406164987910346,-0.34083497504980875
2026-05-27,TSLA,-0.3403641025714177,-0.34067801755701177
2026-06-01,TSLA,-0.3108236682942549,-0.3307265678027595
2026-06-02,TSLA,-0.3344968818201498,-0.3319833391418896
2026-06-03,TSLA,-0.3434684904116345,-0.3358117228984713
2026-06-04,TSLA,-0.3462869593051722,-0.33930346836737163
2026-06-05,TSLA,-0.3531999320712816,-0.34393562293534163
2026-06-06,TSLA,-0.3930414705934639,-0.3603042388213824
2026-06-07,TSLA,-0.3932013170831542,-0.37126993157530636
2026-06-08,TSLA,-0.3932013170831542,-0.37858039341125566
2026-06-09,TSLA,-0.3639184075601497,-0.3736930647942204
2026-06-10,TSLA,-0.409183611763356,-0.3855232471172656
2026-06-11,TSLA,-0.4187929084372722,-0.39661313422393446
2026-06-12,TSLA,-0.3872811819400747,-0.3935024834626479
2026-06-13,TSLA,-0.3807934046372874,-0.3892661238541944
2026-06-14,TSLA,-0.3808701273178452,-0.3864674583420781
2026-06-15,TSLA,-0.3808701270248592,-0.3846016812363385
2026-06-16,TSLA,-0.3790513043715842,-0.3827515556147537
2026-06-17,TSLA,-0.3895420997690397,-0.38501507033284904
2026-06-18,TSLA,-0.3707319838079455,-0.38025404149121456
2026-06-19,TSLA,-0.3518917868695694,-0.3707999566173329
2026-06-20,TSLA,-0.3487907747824428,-0.36346356267236957
2026-06-21,TSLA,-0.3487907749142305,-0.35857263341965656
2026-06-22,TSLA,-0.351891817423958,-0.35634569475442374
2026-06-23,TSLA,-0.3602620587650451,-0.35765114942463083
2026-06-24,TSLA,-0.3997022249156429,-0.37166817458830154
2026-06-25,TSLA,-0.4154105956420527,-0.38624898160621857
2026-06-26,TSLA,-0.3939364005829218,-0.388811454598453
2026-06-27,TSLA,-0.3819576355114054,-0.38652684823610384
2026-06-28,TSLA,-0.3939685556349426,-0.3890074173690501
2026-06-29,TSLA,-0.3832406387171677,-0.3870851578184227
2026-06-30,TSLA,-0.3255362796886416,-0.3665688651084957
2026-07-01,TSLA,-0.3261673213932246,-0.353101683870072
2026-07-02,TSLA,-0.3294492441011987,-0.3452175372804476
2026-07-03,TSLA,-0.3461484995198213,-0.3455278580269055
2026-07-04,TSLA,-0.3462230931716799,-0.3457596030751636
2026-07-05,TSLA,-0.346120765390826,-0.34587999051371776
2026-07-06,TSLA,-0.3459750640881857,-0.3459116817052071
2026-07-07,TSLA,-0.2763157381220963,-0.32271303384417016
2026-07-08,TSLA,-0.2886170694299947,-0.31134771237277836
2026-07-09,TSLA,-0.2693589364541242,-0.297351453733227
2026-07-10,TSLA,-0.2575522889012983,-0.2840850654559175
2026-07-11,TSLA,-0.2707412193191965,-0.2796371167436772
2026-07-12,TSLA,-0.2708034675256627,-0.27669256700433903
2026-05-13,TT,-0.0818334030185438,-0.06477619744744467
2026-05-22,TT,-0.0941001112313019,-0.07455083537539708
2026-05-23,TT,-0.0919077608241317,-0.08033647719164196
2026-05-24,TT,-0.0919888103405142,-0.08422058824126605
2026-05-25,TT,-0.0919888111085855,-0.08680999586370587
2026-05-26,TT,-0.0919888112308264,-0.08853626765274605
2026-05-27,TT,-0.0663987672709166,-0.0811571008588029
2026-06-01,TT,-0.0854385205613013,-0.0825842407596357
2026-06-02,TT,-0.0659392363404012,-0.07703590595322421
2026-06-03,TT,-0.0511251153655449,-0.06839897575733112
2026-06-04,TT,-0.0333607752625091,-0.05671957559239045
2026-06-05,TT,-0.0315867408999915,-0.048341964028257474
2026-06-06,TT,-0.032537970629078,-0.043073966228530984
2026-06-07,TT,-0.0309669131603085,-0.03903828187245682
2026-06-08,TT,-0.0309669131603085,-0.03634782563507405
2026-06-09,TT,-0.0410260710719771,-0.0379072407807084
2026-06-10,TT,-0.0243328827060799,-0.033382454755832236
2026-06-11,TT,-0.0467771369223423,-0.03784734881133559
2026-06-12,TT,-0.0415334955855214,-0.03907606440273086
2026-06-13,TT,-0.0417152625757636,-0.03995579712707511
2026-06-14,TT,-0.0417875856115251,-0.04056639328855844
2026-06-15,TT,-0.0417875853433133,-0.04097345730681006
2026-06-16,TT,-0.0290439926285257,-0.03699696908071528
2026-06-17,TT,-0.0337684673510215,-0.03592080183748402
2026-06-18,TT,-0.020995968814706,-0.030945857496558017
2026-06-19,TT,0.0005449852198642,-0.02044890992441728
2026-06-20,TT,-0.032210099921219,-0.024369306590017854
2026-06-21,TT,-0.0322101000483562,-0.02698290440946397
2026-06-22,TT,0.0005449593023063,-0.017806949838873886
2026-06-23,TT,-0.0082493964844267,-0.014621098720724824
2026-06-24,TT,-0.0309706669868626,-0.020070954809437415
2026-06-25,TT,-0.0221172527959085,-0.02075305413826111
2026-06-26,TT,0.0300597328296261,-0.0038154584822987104
2026-06-27,TT,-0.0135259681449723,-0.00705229503652324
2026-06-28,TT,0.0300324580083608,0.0053092893117714385
2026-06-29,TT,-0.0157037980501257,-0.0016950731421942733
2026-06-30,TT,-0.0101917263821306,-0.004527290888839715
2026-07-01,TT,-0.0013017911089945,-0.003452124295557977
2026-07-02,TT,-0.0191570158845653,-0.008687088158560417
2026-07-03,TT,-0.0254547999711753,-0.014276325429432045
2026-07-04,TT,-0.0255277702425193,-0.018026807033794466
2026-07-05,TT,-0.0254292793850493,-0.02049429781754608
2026-07-06,TT,-0.0252913746064438,-0.02209332341384532
2026-07-07,TT,-0.0175240454414932,-0.020570230756394615
2026-07-08,TT,-0.035665755964397,-0.025602072492395413
2026-07-09,TT,-0.0508103347078383,-0.03400482656420971
2026-07-10,TT,-0.073743026336777,-0.047250893155065476
2026-07-11,TT,-0.0774136934403571,-0.05730515991682936
2026-07-12,TT,-0.07750998851291728,-0.064040102782192
2026-05-13,TTWO,-0.4772589460969188,-0.5135695627552354
2026-05-22,TTWO,-0.4047413313244254,-0.47729348561163204
2026-05-23,TTWO,-0.4855492519386285,-0.48004540772063087
2026-05-24,TTWO,-0.4856190669880182,-0.4819032941430933
2026-05-25,TTWO,-0.485619067828577,-0.48314188537158786
2026-05-26,TTWO,-0.4856190678181975,-0.48396761285379114
2026-05-27,TTWO,-0.5224544479427109,-0.4967965578834311
2026-06-01,TTWO,-0.533274643431219,-0.5089559197326937
2026-06-02,TTWO,-0.5435574045746995,-0.5204897480133623
2026-06-03,TTWO,-0.5522625121076932,-0.5310806693781394
2026-06-04,TTWO,-0.5640049832452534,-0.5420554406671774
2026-06-05,TTWO,-0.5712110602316156,-0.5517739805219901
2026-06-06,TTWO,-0.5811423527422214,-0.5615634379287339
2026-06-07,TTWO,-0.5812987727146963,-0.5681418828573881
2026-06-08,TTWO,-0.5812987727146963,-0.5725275128098242
2026-06-09,TTWO,-0.5700527832220432,-0.5717026029472305
2026-06-10,TTWO,-0.58685771896721,-0.5767543082872237
2026-06-11,TTWO,-0.5906037522916654,-0.5813707896220377
2026-06-12,TTWO,-0.5905520527302288,-0.5844312106581014
2026-06-13,TTWO,-0.5869068166280405,-0.5852564126480811
2026-06-14,TTWO,-0.5869841005650269,-0.5858323086203965
2026-06-15,TTWO,-0.5869841002688805,-0.5862162391698912
2026-06-16,TTWO,-0.5699589753497899,-0.5807971512298575
2026-06-17,TTWO,-0.5267459334191701,-0.5627800786262951
2026-06-18,TTWO,-0.5131850974826494,-0.5462484182450799
2026-06-19,TTWO,-0.4917804706936632,-0.5280924357279411
2026-06-20,TTWO,-0.488818037107979,-0.5150009695212872
2026-06-21,TTWO,-0.4888180372241769,-0.5062733254222505
2026-06-22,TTWO,-0.4917804960091075,-0.5014423822845362
2026-06-23,TTWO,-0.4889454761509862,-0.4972767469066862
2026-06-24,TTWO,-0.4255992864622657,-0.4733842600918794
2026-06-25,TTWO,-0.4513387672253201,-0.466035762469693
2026-06-26,TTWO,-0.7557315601847225,-0.5626010283747029
2026-06-27,TTWO,-0.7387467232291312,-0.6213162599928457
2026-06-28,TTWO,-0.7557591187193146,-0.666130546235002
2026-06-29,TTWO,-0.7416053468790997,-0.6912888131163679
2026-06-30,TTWO,-0.7430317744319713,-0.7085364668882358
2026-07-01,TTWO,-0.7349672923608288,-0.7173467420457669
2026-07-02,TTWO,-0.7167716522701693,-0.7171550454539011
2026-07-03,TTWO,-0.6933942127839938,-0.7092347678972654
2026-07-04,TTWO,-0.6934591277161626,-0.7039762211702312
2026-07-05,TTWO,-0.6933796759681121,-0.7004440394361915
2026-07-06,TTWO,-0.6932804581423945,-0.6980561790049259
2026-07-07,TTWO,-0.6692754616240115,-0.6884626065446211
2026-07-08,TTWO,-0.6611363753871264,-0.6793538628254563
2026-07-09,TTWO,-0.6709047620819915,-0.676537495910968
2026-07-10,TTWO,-0.6871064243115809,-0.6800604720445056
2026-07-11,TTWO,-0.7002290051118784,-0.6867833164002966
2026-07-12,TTWO,-0.7002748633391869,-0.69128049871326
2026-05-13,TXN,0.1018080241252048,0.11564651638607293
2026-05-22,TXN,0.1162007863615662,0.11583127304457069
2026-05-23,TXN,0.1801247474192193,0.13726243116945358
2026-05-24,TXN,0.1800825034465824,0.1515357885951632
2026-05-25,TXN,0.1800825024281286,0.16105135987281835
2026-05-26,TXN,0.1800825027639783,0.16739507416987168
2026-05-27,TXN,0.2231081384630452,0.18596609560092953
2026-06-01,TXN,0.1491427760659862,0.17369165575594842
2026-06-02,TXN,0.0998418080818127,0.14907503986456985
2026-06-03,TXN,0.1514247924672245,0.14985829073212142
2026-06-04,TXN,0.1574474668415043,0.1523880161019157
2026-06-05,TXN,0.1520733319725888,0.15228312139214006
2026-06-06,TXN,0.1512522192142374,0.15193948733283918
2026-06-07,TXN,0.1511829299470947,0.15168730153759102
2026-06-08,TXN,0.1511829299470947,0.15151917767409226
2026-06-09,TXN,0.149136033039862,0.15072479612934886
2026-06-10,TXN,0.1519112687521182,0.1511202870036053
2026-06-11,TXN,0.1690015218613915,0.1570806986228674
2026-06-12,TXN,0.1787959218443955,0.16431910636337677
2026-06-13,TXN,0.1721783231839901,0.16693884530358122
2026-06-14,TXN,0.1721392121430519,0.16867230091673813
2026-06-15,TXN,0.172139212224248,0.16982793801924143
2026-06-16,TXN,0.1899476102045013,0.17653449541432806
2026-06-17,TXN,0.2016323045058918,0.18490043177818266
2026-06-18,TXN,0.2128807295065002,0.19422719768762187
2026-06-19,TXN,0.2312192190593129,0.20655787147818555
2026-06-20,TXN,0.233462558992364,0.2155261006495784
2026-06-21,TXN,0.2334625589570627,0.2215049200854065
2026-06-22,TXN,0.231219220929121,0.2247430203666447
2026-06-23,TXN,0.2400792874351452,0.22985510938947823
2026-06-24,TXN,0.1764552687460397,0.21205516250833206
2026-06-25,TXN,0.1722158113606018,0.19877537879242196
2026-06-26,TXN,0.143801735841675,0.18045083114217297
2026-06-27,TXN,0.0946859361117486,0.15186253279869819
2026-06-28,TXN,0.143782497860148,0.14916918781918148
2026-06-29,TXN,0.0899511919931244,0.12942985587716246
2026-06-30,TXN,0.0765843043516004,0.11181467203530845
2026-07-01,TXN,0.0976685194076042,0.10709928782607371
2026-07-02,TXN,0.1353003852504637,0.11649965363420371
2026-07-03,TXN,0.1616819526662188,0.13156041997820875
2026-07-04,TXN,0.1616293995722903,0.14158341317623593
2026-07-05,TXN,0.1616796336318287,0.14828215332810019
2026-07-06,TXN,0.1617194819085804,0.15276126285492694
2026-07-07,TXN,0.1677506574456442,0.15775772771849939
2026-07-08,TXN,0.1619751227219465,0.15916352605298179
2026-07-09,TXN,0.1837559873192312,0.1673610131417316
2026-07-10,TXN,0.150539182822385,0.16175373636861606
2026-07-11,TXN,0.157896563785248,0.16046801217416007
2026-07-12,TXN,0.15790665911023077,0.15961422781951698
2026-05-13,UAL,0.2561399431524284,0.2561399431524284
2026-05-13,UBER,0.2092757848431621,0.3078094294269025
2026-05-22,UBER,0.2233215904388371,0.2796468164308807
2026-05-23,UBER,0.1982165095343254,0.2525033807986956
2026-05-24,UBER,0.1981379754265802,0.23438157900799048
2026-05-25,UBER,0.1981379746422789,0.2223003775527533
2026-05-26,UBER,0.1981379745497318,0.21424624321841285
2026-05-27,UBER,0.1687157089132447,0.19906939845002347
2026-06-01,UBER,0.1521507797833322,0.18342985889445973
2026-06-02,UBER,0.175971357642467,0.18094369181046216
2026-06-03,UBER,0.156223044142808,0.17270347592124413
2026-06-04,UBER,0.1645740193337658,0.16999365705875136
2026-06-05,UBER,0.1529629494225324,0.16431675451334504
2026-06-06,UBER,0.1554861525767759,0.16137322053448866
2026-06-07,UBER,0.1553219391517187,0.15935612674023203
2026-06-08,UBER,0.1553219391517187,0.15801139754406093
2026-06-09,UBER,0.163124494517959,0.15971576320202696
2026-06-10,UBER,0.1309450816459147,0.15012553601665624
2026-06-11,UBER,0.1273159112969954,0.1425223277767693
2026-06-12,UBER,0.1300111802241614,0.13835194525923333
2026-06-13,UBER,0.115212058240966,0.13063864958647756
2026-06-14,UBER,0.115127884406744,0.12546839452656638
2026-06-15,UBER,0.1151278847416873,0.1220215579316067
2026-06-16,UBER,0.1283258672297746,0.12412299436432934
2026-06-17,UBER,0.1256470938271053,0.124631027518588
2026-06-18,UBER,0.1269579511567994,0.12540666873132514
2026-06-19,UBER,0.1433824535047321,0.13139859698912748
2026-06-20,UBER,0.1466414810785264,0.13647955835226044
2026-06-21,UBER,0.1466414809289624,0.13986686587782776
2026-06-22,UBER,0.1433824169765863,0.14103871624408063
2026-06-23,UBER,0.1416622479665084,0.14124656015155657
2026-06-24,UBER,0.14377542413264,0.14208951481191773
2026-06-25,UBER,0.1744054211737472,0.15286148359919421
2026-06-26,UBER,0.1796263022759601,0.16178308982478284
2026-06-27,UBER,0.2137631722898766,0.17910978397981409
2026-06-28,UBER,0.1795944849285051,0.1792713509627111
2026-06-29,UBER,0.2120859263939384,0.1902095427731202
2026-06-30,UBER,0.1983006782505185,0.19290658793225296
2026-07-01,UBER,0.170670496220398,0.18549455736163467
2026-07-02,UBER,0.1710964024908244,0.1806951724046979
2026-07-03,UBER,0.179104633290915,0.1801649927001036
2026-07-04,UBER,0.1790271527531213,0.17978571271777619
2026-07-05,UBER,0.1791363038018731,0.17956924307914185
2026-07-06,UBER,0.1792958697994363,0.17947811865257335
2026-07-07,UBER,0.1577152462967778,0.17222382786730817
2026-07-08,UBER,0.1777042701700668,0.17405064196822773
2026-07-09,UBER,0.1877965308388209,0.17863260492509214
2026-07-10,UBER,0.1999741769175766,0.18574646225592029
2026-07-11,UBER,0.2085151804992722,0.19333603500370428
2026-07-12,UBER,0.20842519369690815,0.19836575456810557
2026-05-13,UNH,0.1337321927804403,0.1195607908695969
2026-05-22,UNH,0.0849637852380566,0.10802845565908348
2026-05-23,UNH,0.1270734594467958,0.11437679025498759
2026-05-24,UNH,0.1270289909050665,0.11859419047168057
2026-05-25,UNH,0.1270289899009661,0.12140579028144241
2026-05-26,UNH,0.1270289902105554,0.12328019025781341
2026-05-27,UNH,0.0513107825163415,0.09929038767732279
2026-06-01,UNH,0.0077108583688523,0.06876387790783263
2026-06-02,UNH,-0.008005909586595,0.043173948743023424
2026-06-03,UNH,-0.0150553158197682,0.02376419388875955
2026-06-04,UNH,-0.0181480675505078,0.009793440075670437
2026-06-05,UNH,0.0110937236392422,0.01022686793019436
2026-06-06,UNH,0.0770944062448231,0.03251604736840394
2026-06-07,UNH,0.077013886049125,0.04734866026197763
2026-06-08,UNH,0.077013886049125,0.05723706885769342
2026-06-09,UNH,0.0895770167899063,0.06801705150176439
2026-06-10,UNH,0.1107847199654711,0.08227294098966662
2026-06-11,UNH,0.1218095185395705,0.09545180017296792
2026-06-12,UNH,0.0622371436289052,0.0843802479916137
2026-06-13,UNH,0.0563016837967124,0.07502072659331327
2026-06-14,UNH,0.0562535107871141,0.06876498799124689
2026-06-15,UNH,0.0562535109193379,0.0645944956339439
2026-06-16,UNH,0.040534982812796,0.056574658026894604
2026-06-17,UNH,0.0573804563168708,0.05684325745688667
2026-06-18,UNH,0.0620378659232897,0.05857479361235435
2026-06-19,UNH,0.0408134262480466,0.052654337824251767
2026-06-20,UNH,0.0434161331290901,0.049574936259197885
2026-06-21,UNH,0.0434161330533607,0.04752200185725216
2026-06-22,UNH,0.0408134145320287,0.04528580608217767
2026-06-23,UNH,0.066552345631784,0.052374652598713115
2026-06-24,UNH,0.1056054216871165,0.07011824229484759
2026-06-25,UNH,0.113658473210725,0.08463165260014005
2026-06-26,UNH,0.0783947004713291,0.08255266855720307
2026-06-27,UNH,0.1539024944452471,0.10633594385321775
2026-06-28,UNH,0.0783741689809094,0.09701535222911498
2026-06-29,UNH,0.1479849793526267,0.11400522793695222
2026-06-30,UNH,0.0826037720015431,0.10353807595848252
2026-07-01,UNH,0.0664227579570094,0.09116630329132483
2026-07-02,UNH,0.1269709153747444,0.10310117398579802
2026-07-03,UNH,0.1520756710066731,0.11942600632608971
2026-07-04,UNH,0.1520247584917479,0.13029225704797578
2026-07-05,UNH,0.1520711149786011,0.13755187635818422
2026-07-06,UNH,0.1521030841330429,0.14240227894980378
2026-07-07,UNH,0.1106566089016517,0.13182038893375309
2026-07-08,UNH,0.0700474746908322,0.11122941751944612
2026-07-09,UNH,0.1098709532713866,0.11077659610342629
2026-07-10,UNH,0.097180514416318,0.1062445688743902
2026-07-11,UNH,0.0836250825238164,0.0987047400908656
2026-07-12,UNH,0.0836215217880753,0.09367700065660219
2026-05-13,UNP,-0.0174723952097804,0.000816629943355001
2026-05-22,UNP,-0.013820866808353,-0.004062535640547666
2026-05-23,UNP,-0.019033768604799,-0.009052946628631443
2026-05-24,UNP,-0.019112615155501,-0.012406169470921297
2026-05-25,UNP,-0.0191126159377864,-0.014641651626542998
2026-05-26,UNP,-0.0191126160340217,-0.016131973095702565
2026-05-27,UNP,0.0046888991564655,-0.009191682344979878
2026-06-01,UNP,-0.0210462904681238,-0.013143218386027852
2026-06-02,UNP,-0.0207614584177916,-0.015682631729949104
2026-06-03,UNP,-0.0204545190854486,-0.017273260848448938
2026-06-04,UNP,-0.0140807246961782,-0.01620908213102536
2026-06-05,UNP,-0.0087223984959737,-0.013713520919341474
2026-06-06,UNP,0.0272230169468295,-6.800829728448483e-05
2026-06-07,UNP,0.0270817930330486,0.008981925479493209
2026-06-08,UNP,0.0270817930330486,0.015015214664011671
2026-06-09,UNP,0.0237509819911187,0.01792713710638068
2026-06-10,UNP,0.0240214093419148,0.019958561184892053
2026-06-11,UNP,0.0290171333506003,0.022978085240128135
2026-06-12,UNP,0.0241946799903535,0.02338361682353659
2026-06-13,UNP,0.0379506015316073,0.028239278392893495
2026-06-14,UNP,0.0378812558746461,0.03145327088681103
2026-06-15,UNP,0.0378812561260924,0.03359593263323816
2026-06-16,UNP,0.0203057356280109,0.029165866964829073
2026-06-17,UNP,0.031600905274052,0.029977546401236718
2026-06-18,UNP,0.0232787836162217,0.027744625472898382
2026-06-19,UNP,0.0049669948334111,0.020152081926402624
2026-06-20,UNP,0.0130169859477044,0.017773716600169884
2026-06-21,UNP,0.0130169858187956,0.016188139673045124
2026-06-22,UNP,0.0049669648194892,0.01244774805519315
2026-06-23,UNP,0.0084511156904213,0.011115537266935867
2026-06-24,UNP,0.0077846556609091,0.01000524339826028
2026-06-25,UNP,0.0081127302349393,0.009374405677153287
2026-06-26,UNP,0.020167422218763,0.012972077857689859
2026-06-27,UNP,0.0161361462704576,0.01402676732861244
2026-06-28,UNP,0.0201377364678572,0.016063757041694028
2026-06-29,UNP,0.0142456816766443,0.015457731920010787
2026-06-30,UNP,0.0181023250811589,0.01633926297372683
2026-07-01,UNP,0.0220139851555541,0.018230837034335923
2026-07-02,UNP,0.0417330171114069,0.02606489706002625
2026-07-03,UNP,0.0535241592716268,0.0352179844638931
2026-07-04,UNP,0.0534531440827416,0.04129637100350927
2026-07-05,UNP,0.0535470140263002,0.04537991867777291
2026-07-06,UNP,0.0536755292334268,0.048145122196324205
2026-07-07,UNP,0.0511493048603939,0.04914651641768077
2026-07-08,UNP,0.0573224719793649,0.05187183493824215
2026-07-09,UNP,0.0693842768730444,0.057709315583176234
2026-07-10,UNP,0.0660010775366692,0.06047323623434056
2026-07-11,UNP,0.0666384996269468,0.06252832403187598
2026-07-12,UNP,0.0665719805349049,0.06387620953288563
2026-05-13,UPS,-0.1153120191464094,-0.04982581885694653
2026-05-22,UPS,-0.0243966860409353,-0.041349441251609456
2026-05-23,UPS,-0.0027270240425163,-0.02847530218191174
2026-05-24,UPS,-0.0028148851934551,-0.019921829852426198
2026-05-25,UPS,-0.0028148859175761,-0.014219515207476167
2026-05-26,UPS,-0.0028148861202268,-0.010417972178393044
2026-05-27,UPS,0.0173206315338544,-0.001171770940977231
2026-06-01,UPS,0.0530488563722133,0.016901771496752944
2026-06-02,UPS,0.0703121258254809,0.03470522293966226
2026-06-03,UPS,0.0835399433701648,0.05098346308316311
2026-06-04,UPS,0.1151433745222936,0.07237010022953994
2026-06-05,UPS,0.1210720030157188,0.08860406782493288
2026-06-06,UPS,0.1460171783761436,0.10774177134200313
2026-06-07,UPS,0.1458806764465719,0.12045473971019274
2026-06-08,UPS,0.1458806764465719,0.12893005195565246
2026-06-09,UPS,0.1287915556056233,0.12888388650564275
2026-06-10,UPS,0.1267776061511561,0.1281817930541472
2026-06-11,UPS,0.1104967016739424,0.12228676259407895
2026-06-12,UPS,0.141330693724436,0.1286347396375313
2026-06-13,UPS,0.1369994909011111,0.1314229900587246
2026-06-14,UPS,0.1369299211336627,0.13325863375037064
2026-06-15,UPS,0.136929921386371,0.1344823962957041
2026-06-16,UPS,0.1355969498246771,0.1348539141386951
2026-06-17,UPS,0.1452510338395557,0.13831962070564863
2026-06-18,UPS,0.1240340464592088,0.13355776262350202
2026-06-19,UPS,0.113797094294424,0.12697087318047603
2026-06-20,UPS,0.1168663057567308,0.12360268403922763
2026-06-21,UPS,0.1168663056285206,0.12135722456899196
2026-06-22,UPS,0.1137970649422544,0.11883717136007946
2026-06-23,UPS,0.1210045291372678,0.11955962395247557
2026-06-24,UPS,0.1144222317485694,0.11784715988450685
2026-06-25,UPS,0.1187904534291846,0.11816159106606611
2026-06-26,UPS,0.1293722918308653,0.12189849132099918
2026-06-27,UPS,0.1352209088386865,0.1263392971602283
2026-06-28,UPS,0.1293429202574008,0.1273405048592858
2026-06-29,UPS,0.1331008556497961,0.1292606217894559
2026-06-30,UPS,0.1248632208246096,0.1277948214678405
2026-07-01,UPS,0.1147508334977365,0.12344682547780583
2026-07-02,UPS,0.1361533843386957,0.12768234509810245
2026-07-03,UPS,0.145087356661158,0.13348401561912096
2026-07-04,UPS,0.1450156450968047,0.13732789211168223
2026-07-05,UPS,0.1451111609510376,0.13992231505813402
2026-07-06,UPS,0.1452430206039212,0.1416958835733964
2026-07-07,UPS,0.1484597225764528,0.14395049657441522
2026-07-08,UPS,0.1666306686589392,0.15151055393592322
2026-07-09,UPS,0.1534976335497555,0.15217291380720066
2026-07-10,UPS,0.1420307231942915,0.14879218360289762
2026-07-11,UPS,0.146987183055288,0.14819051675369443
2026-07-12,UPS,0.14691393424190427,0.1477649892497644
2026-05-13,URI,-0.0678005127076561,-0.0595105697294441
2026-05-22,URI,-0.0758214370882961,-0.0649475255157281
2026-05-23,URI,-0.0822542737494264,-0.07071644159362754
2026-05-24,URI,-0.0823293813879738,-0.0745874215250763
2026-05-25,URI,-0.0823293821943836,-0.07716807508151208
2026-05-26,URI,-0.0823293822464819,-0.0788885108031687
2026-05-27,URI,-0.021779682302758,-0.05985223463636513
2026-06-01,URI,0.0311576777486561,-0.02951559717469139
2026-06-02,URI,-0.0010786340322347,-0.020036609460539163
2026-06-03,URI,-0.0160697352304648,-0.018714318050514378
2026-06-04,URI,0.0266917047234082,-0.0035789771258735205
2026-06-05,URI,0.0606769852564042,0.017839677001552385
2026-06-06,URI,0.0874407644796606,0.04104003949425512
2026-06-07,URI,0.0873419182608277,0.05647399908311265
2026-06-08,URI,0.0873419182608277,0.06676330547568435
2026-06-09,URI,0.1417043096684054,0.09174364020659137
2026-06-10,URI,0.1581995931748417,0.11389562452934149
2026-06-11,URI,0.1802102872140764,0.1360005120909198
2026-06-12,URI,0.1508961091432857,0.14096571110837508
2026-06-13,URI,0.146753664368403,0.14289502886171773
2026-06-14,URI,0.1467067370275017,0.1441655982503124
2026-06-15,URI,0.1467067371527112,0.145012644551112
2026-06-16,URI,0.1371412983452676,0.1423888624824972
2026-06-17,URI,0.1603381161872869,0.14837194705076046
2026-06-18,URI,0.1590696125216533,0.15193783554105808
2026-06-19,URI,0.1522725823254516,0.1520494178025226
2026-06-20,URI,0.1204789210196904,0.1415259188749119
2026-06-21,URI,0.1204789209434808,0.1345102528977682
2026-06-22,URI,0.1522725734007059,0.14043102639874744
2026-06-23,URI,0.1333686415515119,0.1380768981163356
2026-06-24,URI,0.1296579610755004,0.13527058576939055
2026-06-25,URI,0.1554745762008684,0.14200524924654984
2026-06-26,URI,0.1461469620792494,0.14338582019078303
2026-06-27,URI,0.1553847464221158,0.14738546226789395
2026-06-28,URI,0.146125995864442,0.14696564013340999
2026-06-29,URI,0.1504571352725633,0.14812947184646108
2026-06-30,URI,0.1424396847773683,0.1462328761567635
2026-07-01,URI,0.1524706072824735,0.14831211986533352
2026-07-02,URI,0.1789691683573894,0.15853113602935215
2026-07-03,URI,0.2028179000208285,0.17329339069317762
2026-07-04,URI,0.2027649329477455,0.18311723811136693
2026-07-05,URI,0.2028161454632183,0.18968354056198405
2026-07-06,URI,0.2028579819358357,0.19407502101993462
2026-07-07,URI,0.1910771266331287,0.19307572289099934
2026-07-08,URI,0.1840023700165952,0.19005127193286464
2026-07-09,URI,0.1991576878124791,0.19308674389273614
2026-07-10,URI,0.1815143024110857,0.18922926339885268
2026-07-11,URI,0.1771785999578913,0.1852123755851989
2026-07-12,URI,0.17717977417425618,0.18253484178155133
2026-05-13,USB,-0.1336551457312854,-0.14106970654975343
2026-05-22,USB,-0.0817255142608582,-0.12128830912012169
2026-05-23,USB,-0.0667082161653782,-0.10309494480187387
2026-05-24,USB,-0.0667867108377612,-0.09099220014716966
2026-05-25,USB,-0.066786711622317,-0.08292370397221878
2026-05-26,USB,-0.0667867117143985,-0.07754470655294535
2026-05-27,USB,-0.072665837994698,-0.07591841703352957
2026-06-01,USB,-0.0551112203795428,-0.06898268481553399
2026-06-02,USB,-0.0684103225817703,-0.06879189740427943
2026-06-03,USB,-0.0609735000250037,-0.06618576494452086
2026-06-04,USB,-0.0746466477325835,-0.06900605920720841
2026-06-05,USB,-0.0450851165573872,-0.06103241165726801
2026-06-06,USB,-0.0237845464022717,-0.04861645657226924
2026-06-07,USB,-0.0239257763230449,-0.0403862298225278
2026-06-08,USB,-0.0239257763230449,-0.03489941198936684
2026-06-09,USB,-0.0291947239628357,-0.03299784931385646
2026-06-10,USB,-0.0286402023933774,-0.031545300340363444
2026-06-11,USB,-0.010823408869645,-0.0246380031834573
2026-06-12,USB,-0.0073691209581735,-0.018881709108362704
2026-06-13,USB,0.0080481684787455,-0.009905083245993304
2026-06-14,USB,0.0079811038798847,-0.003943020870700638
2026-06-15,USB,0.0079811041184864,3.1687459028374634e-05
2026-06-16,USB,-0.0164603145886713,-0.005465646556871516
2026-06-17,USB,-0.0041265837942556,-0.005019292302666211
2026-06-18,USB,-0.0058725019583257,-0.005303695521219375
2026-06-19,USB,-0.0185006306377512,-0.00970267389339665
2026-06-20,USB,-0.0187754482310083,-0.012726932005933868
2026-06-21,USB,-0.0187754483550039,-0.014743104122290546
2026-06-22,USB,-0.0185006582898002,-0.015995622178127097
2026-06-23,USB,-0.0119675007382214,-0.014652915031491867
2026-06-24,USB,0.0076859549543036,-0.007206625036226714
2026-06-25,USB,0.0153280672693495,0.000304939065632023
2026-06-26,USB,0.0091310751505184,0.0032469844272608153
2026-06-27,USB,0.012897294595698,0.006463754483406544
2026-06-28,USB,0.0091029418480909,0.007343483604967996
2026-06-29,USB,0.010396628330845,0.008361198513593664
2026-06-30,USB,0.0038911500070143,0.006871182344733877
2026-07-01,USB,-0.0107185640714841,0.0010079335393278852
2026-07-02,USB,0.0136175025660032,0.005211123214886323
2026-07-03,USB,0.0143334585920732,0.008251901673948615
2026-07-04,USB,0.0142633028036819,0.010255702050526377
2026-07-05,USB,0.0143551415205368,0.011622181873863185
2026-07-06,USB,0.0144795293302069,0.012574631025977757
2026-07-07,USB,0.0204633055127778,0.01520418918824444
2026-07-08,USB,0.0257333523632252,0.01871391024657136
2026-07-09,USB,6.564233049109053e-05,0.012497820941211272
2026-07-10,USB,-0.0097787434154377,0.005072299488994949
2026-07-11,USB,-0.0002353490780235,0.0033030832999888
2026-07-12,USB,-0.0003070159331802977,0.0020997168889324343
2026-05-13,V,0.1316682168557636,0.1257316320487657
2026-05-22,V,0.2019882253074567,0.15115049646832934
2026-05-23,V,0.1915954502641573,0.16463214773360535
2026-05-24,V,0.191522277676436,0.17359552438121556
2026-05-25,V,0.1915222768575409,0.17957110853999067
2026-05-26,V,0.1915222768282854,0.18355483130275557
2026-05-27,V,0.1721975539906238,0.17976907219871166
2026-06-01,V,0.157080042675039,0.17220606235748745
2026-06-02,V,0.1433290306864549,0.16258038513380996
2026-06-03,V,0.1336009450237095,0.1529205717637765
2026-06-04,V,0.1238588394280914,0.14323332765188146
2026-06-05,V,0.1300068412427613,0.1388244988488414
2026-06-06,V,0.1468831229056239,0.1415107068677689
2026-06-07,V,0.1467318570905482,0.143251090275362
2026-06-08,V,0.1467318570905482,0.1444113458804241
2026-06-09,V,0.1401485488371645,0.1429904135326709
2026-06-10,V,0.1581517921601421,0.14804420640849464
2026-06-11,V,0.154428411719614,0.15017227484553444
2026-06-12,V,0.1341702611101637,0.14483827026707755
2026-06-13,V,0.1363500253310222,0.14200885528839244
2026-06-14,V,0.1362743127119492,0.1400973410962447
2026-06-15,V,0.1362743129992476,0.13882299839724566
2026-06-16,V,0.142454315210932,0.14003343733514112
2026-06-17,V,0.1755118254701686,0.15185956671348363
2026-06-18,V,0.1785059369276818,0.16074169011821637
2026-06-19,V,0.1552042002659056,0.1588958601674461
2026-06-20,V,0.1583068287888373,0.15869951637457652
2026-06-21,V,0.1583068286568678,0.15856862046867362
2026-06-22,V,0.1552041696504079,0.15744713686258505
2026-06-23,V,0.153955263079362,0.15628317893484406
2026-06-24,V,0.1643801525371541,0.15898217013561408
2026-06-25,V,0.1713830647929982,0.16311580168807546
2026-06-26,V,0.1551011056376863,0.16044423633794574
2026-06-27,V,0.1795960774327458,0.16682818336954577
2026-06-28,V,0.1550705528082049,0.16290897318243214
2026-06-29,V,0.1776261979031927,0.167814714756019
2026-06-30,V,0.1738553286713129,0.16982825272778365
2026-07-01,V,0.1848804520627498,0.17484565250610573
2026-07-02,V,0.2180092472819959,0.18923351743140246
2026-07-03,V,0.2445707412324774,0.20767925869842746
2026-07-04,V,0.2445021889332616,0.21995356877670552
2026-07-05,V,0.2445902377406912,0.22816579176470075
2026-07-06,V,0.244706924557413,0.23367950269560486
2026-07-07,V,0.2247813843144675,0.23071346323522576
2026-07-08,V,0.222515330054372,0.22798075217494118
2026-07-09,V,0.2213220375844248,0.22576118064476908
2026-07-10,V,0.2163621333892793,0.22262816489293916
2026-07-11,V,0.2219490823278561,0.2224018040379115
2026-07-12,V,0.22188193619134422,0.22222851475572242
2026-05-13,VLO,0.126504772111924,0.14535931064403068
2026-05-22,VLO,0.1149039913488247,0.1352075375456287
2026-05-23,VLO,0.1297099702930237,0.1333750151280937
2026-05-24,VLO,0.1296506621639755,0.13213356414005428
2026-05-25,VLO,0.1296506612556237,0.13130592984524408
2026-05-26,VLO,0.1296506613900349,0.1307541736935077
2026-05-27,VLO,0.1046065284793516,0.12203829195545567
2026-06-01,VLO,0.0471715864387469,0.09708272344988608
2026-06-02,VLO,0.042340093557079,0.07883518015228373
2026-06-03,VLO,0.0353389285217555,0.06433642960877432
2026-06-04,VLO,0.0305174073616756,0.05306342219307475
2026-06-05,VLO,0.0202083233517735,0.04211172257930767
2026-06-06,VLO,0.0705253088289943,0.05158291799586988
2026-06-07,VLO,0.0704050271994569,0.057856954397065556
2026-06-08,VLO,0.0704050271994569,0.062039645331196006
2026-06-09,VLO,0.0675062057820473,0.06386183214814645
2026-06-10,VLO,0.0018252632808865,0.0431829758590598
2026-06-11,VLO,-0.0063301816631982,0.026678590018307136
2026-06-12,VLO,-0.0099643526573357,0.01446427579309286
2026-06-13,VLO,-0.0064342893436735,0.007498087414170742
2026-06-14,VLO,-0.0065046414637623,0.002830511121526395
2026-06-15,VLO,-0.0065046412066487,-0.00028120632119863647
2026-06-16,VLO,-0.0495844667645844,-0.016715626468993893
2026-06-17,VLO,-0.0751294270618374,-0.03618689333327506
2026-06-18,VLO,-0.086542164950984,-0.052971983872511376
2026-06-19,VLO,-0.0941302029027752,-0.06669139021593265
2026-06-20,VLO,-0.0908981491127692,-0.0747603098482115
2026-06-21,VLO,-0.0908981492592987,-0.08013958965190723
2026-06-22,VLO,-0.0941302384111802,-0.08480313923833156
2026-06-23,VLO,-0.0625197491317991,-0.07737534253615408
2026-06-24,VLO,-0.0736034201971574,-0.07611803508982186
2026-06-25,VLO,-0.0563708102350085,-0.06953562680488408
2026-06-26,VLO,-0.0650576792183586,-0.06804297760937558
2026-06-27,VLO,-0.0811224617275035,-0.07240280564875157
2026-06-28,VLO,-0.0650893135552727,-0.06996497495092528
2026-06-29,VLO,-0.0822183114823897,-0.07404942046141343
2026-06-30,VLO,-0.0566719069203211,-0.06825691594771599
2026-07-01,VLO,-0.0490684903224308,-0.06186077407262093
2026-07-02,VLO,-0.0104043409356646,-0.04470862969363549
2026-07-03,VLO,-0.0227160466509879,-0.03737776867941963
2026-07-04,VLO,-0.0227900607944243,-0.03251519938442119
2026-07-05,VLO,-0.0226891027044075,-0.02923983382441663
2026-07-06,VLO,-0.0225461845763223,-0.027008617408385185
2026-07-07,VLO,-0.0196829643030122,-0.024566733039927527
2026-07-08,VLO,-0.0502980790744432,-0.033143848384766084
2026-07-09,VLO,0.0773419613216722,0.003684754850713342
2026-07-10,VLO,0.0774973501825592,0.02828895329466196
2026-07-11,VLO,0.0542855661848794,0.03695449092473444
2026-07-12,VLO,0.05422641124415946,0.042711797697876114
2026-05-13,VMC,-0.3366573656201399,-0.34947947554724923
2026-05-22,VMC,-0.3542162247648679,-0.35105839195312216
2026-05-23,VMC,-0.3662230065002851,-0.3561132634688432
2026-05-24,VMC,-0.3650785068711134,-0.3591016779362666
2026-05-25,VMC,-0.3650785075602793,-0.3610939544776042
2026-05-26,VMC,-0.3650785078268825,-0.36242213892736364
2026-05-27,VMC,-0.3138535431190061,-0.3462326069912445
2026-06-01,VMC,-0.2719051369406848,-0.3214567836410579
2026-06-02,VMC,-0.2623880406911656,-0.30176720265776047
2026-06-03,VMC,-0.2554238968259901,-0.28631943404717036
2026-06-04,VMC,-0.2331167828883612,-0.268585216994234
2026-06-05,VMC,-0.2248337625237206,-0.2540013988373962
2026-06-06,VMC,-0.2194261479170602,-0.2424763151972842
2026-06-07,VMC,-0.2195771187083696,-0.23484324970097936
2026-06-08,VMC,-0.2195771187083696,-0.22975453937010948
2026-06-09,VMC,-0.2435992271258666,-0.2343694352886952
2026-06-10,VMC,-0.2133970194028552,-0.22737862999341518
2026-06-11,VMC,-0.2277242299228037,-0.22749382996987805
2026-06-12,VMC,-0.22211063798797,-0.22569943264257536
2026-06-13,VMC,-0.2065088613364697,-0.21930257554054014
2026-06-14,VMC,-0.2065819172427469,-0.21506235610794242
2026-06-15,VMC,-0.2065819169704084,-0.21223554306209774
2026-06-16,VMC,-0.191711199252655,-0.20539409512561685
2026-06-17,VMC,-0.1569226564261199,-0.1892369488924512
2026-06-18,VMC,-0.159176463180405,-0.17921678698843582
2026-06-19,VMC,-0.1611944328921787,-0.1732093356230168
2026-06-20,VMC,-0.172790508091545,-0.17306972644585955
2026-06-21,VMC,-0.1727905082142177,-0.17297665370197896
2026-06-22,VMC,-0.1611944591289764,-0.1690492555109781
2026-06-23,VMC,-0.1679964881825162,-0.16869833306815749
2026-06-24,VMC,-0.1772221581712038,-0.17153960810250626
2026-06-25,VMC,-0.1624688957834992,-0.16851603732950393
2026-06-26,VMC,-0.1620988563035138,-0.16637697698750722
2026-06-27,VMC,-0.1563733151091499,-0.16304242302805477
2026-06-28,VMC,-0.1621274577830747,-0.16273743461306142
2026-06-29,VMC,-0.1587450537540662,-0.16140664099339636
2026-06-30,VMC,-0.1948661380277808,-0.1725598066715245
2026-07-01,VMC,-0.2101041193833768,-0.1850745775754753
2026-07-02,VMC,-0.2269401973898156,-0.1990297841802554
2026-07-03,VMC,-0.2098465724910029,-0.20263538028383793
2026-07-04,VMC,-0.2099214643444976,-0.20506407497072449
2026-07-05,VMC,-0.2098184317524052,-0.20664886056461806
2026-07-06,VMC,-0.209671298292484,-0.20765633980724005
2026-07-07,VMC,-0.2098022045639393,-0.20837162805947315
2026-07-08,VMC,-0.211380831695003,-0.20937469593798314
2026-07-09,VMC,-0.2657366365119494,-0.22816200946263857
2026-07-10,VMC,-0.261108131867502,-0.23914405026425972
2026-07-11,VMC,-0.2594906707142036,-0.2459262570809077
2026-07-12,VMC,-0.25959475993022185,-0.2504824246973458
2026-05-13,VRT,0.3124282531591584,0.45172016448052366
2026-05-22,VRT,0.1430748495719533,0.3488383928443336
2026-05-23,VRT,0.1195379765622989,0.2724049207503221
2026-05-24,VRT,0.1194826165605797,0.22143081935374131
2026-05-25,VRT,0.1194826156267536,0.18744808477807878
2026-05-26,VRT,0.1194826158077716,0.16479292845464305
2026-05-27,VRT,0.0723552501719085,0.1339803690270649
2026-06-01,VRT,0.0533129315566016,0.10709122320357714
2026-06-02,VRT,0.0867254345995652,0.10030262700223984
2026-06-03,VRT,0.095941761406759,0.09884900513707956
2026-06-04,VRT,0.0834872701775031,0.09372842681722075
2026-06-05,VRT,0.0682083517775449,0.08522173513732881
2026-06-06,VRT,-0.0143911451794236,0.05201744169841135
2026-06-07,VRT,-0.0145214721297032,0.029837803755706507
2026-06-08,VRT,-0.0145214721297032,0.015051378460569942
2026-06-09,VRT,-0.0358039738634401,-0.0019004056474334029
2026-06-10,VRT,-0.0630695783447327,-0.0222901298798665
2026-06-11,VRT,-0.082926395919464,-0.04250221855973234
2026-06-12,VRT,-0.0326575258587766,-0.03922065432608043
2026-06-13,VRT,-0.0362299347257732,-0.03822374779264469
2026-06-14,VRT,-0.0362983910207511,-0.0375819622020135
2026-06-15,VRT,-0.0362983907743128,-0.0371541050594466
2026-06-16,VRT,-0.0292718820300902,-0.034526697382994465
2026-06-17,VRT,-0.05370211040622,-0.04091850172406965
2026-06-18,VRT,-0.0109760306412818,-0.030937678029807035
2026-06-19,VRT,0.0412590039587359,-0.006872117366959394
2026-06-20,VRT,0.0440762417124562,0.010110668992845802
2026-06-21,VRT,0.0440762416125925,0.021432526532761367
2026-06-22,VRT,0.0412589841324032,0.028041345732641977
2026-06-23,VRT,0.0950904815138125,0.05039105765969881
2026-06-24,VRT,-0.016167516760517,0.028204866186293545
2026-06-25,VRT,-0.032244876623083,0.008054951916501366
2026-06-26,VRT,0.0273589613834259,0.014489621738809544
2026-06-27,VRT,-0.0181238716918576,0.0036184572619204986
2026-06-28,VRT,0.0273327572686169,0.011523223930819297
2026-06-29,VRT,-0.0206295759440495,0.0008056239725296992
2026-06-30,VRT,0.0211764865095865,0.007595911484881966
2026-07-01,VRT,0.0508073942859809,0.021999739085248275
2026-07-02,VRT,-0.007557993648615,0.012147161507293851
2026-07-03,VRT,-0.0353370423927618,-0.0036809064593913646
2026-07-04,VRT,-0.0354085283458781,-0.01425678042155361
2026-07-05,VRT,-0.0353135457326342,-0.021275702191913805
2026-07-06,VRT,-0.0351827696109476,-0.02591139133159174
2026-07-07,VRT,0.0209203336673241,-0.010300816331953129
2026-07-08,VRT,-0.0181275409975893,-0.012909724553831853
2026-07-09,VRT,-0.015088125246406,-0.013635858118023238
2026-07-10,VRT,-0.0274230839519416,-0.01823160006266269
2026-07-11,VRT,-0.0703683978412528,-0.035610532655526064
2026-07-12,VRT,-0.07045260874118185,-0.04722455801741133
2026-05-13,VRTX,-0.0419289939530185,-0.07705803536117112
2026-05-22,VRTX,-0.0956039553084457,-0.08324000867692932
2026-05-23,VRTX,-0.0986675335600695,-0.08838251697130939
2026-05-24,VRTX,-0.0987553082413607,-0.0918401140613265
2026-05-25,VRTX,-0.0987553089660397,-0.09414517902956424
2026-05-26,VRTX,-0.0987553091676696,-0.09568188907559935
2026-05-27,VRTX,-0.0855244490307589,-0.09229607572731921
2026-06-01,VRTX,-0.0618530900430018,-0.08214841383254676
2026-06-02,VRTX,-0.0581997373205312,-0.07416552166187491
2026-06-03,VRTX,-0.0804334130374818,-0.07625481878707721
2026-06-04,VRTX,-0.0572490183739663,-0.06991955198270691
2026-06-05,VRTX,-0.0474419418132399,-0.062427015259551244
2026-06-06,VRTX,-0.0460299106101754,-0.0569613137097593
2026-06-07,VRTX,-0.0461918721910411,-0.05337149987018657
2026-06-08,VRTX,-0.0461918721910411,-0.050978290643804755
2026-06-09,VRTX,-0.1013134303300059,-0.06775667053920514
2026-06-10,VRTX,-0.1034001161453588,-0.0796378190745897
2026-06-11,VRTX,-0.1037169647872724,-0.08766420097881726
2026-06-12,VRTX,-0.0800836197875086,-0.08513734058171438
2026-06-13,VRTX,-0.073549436935892,-0.08127470603310692
2026-06-14,VRTX,-0.073624295449477,-0.07872456917189696
2026-06-15,VRTX,-0.0736242951274437,-0.07702447782374588
2026-06-16,VRTX,-0.0585036109999859,-0.07085085554915922
2026-06-17,VRTX,-0.0523969718927084,-0.06469956099700895
2026-06-18,VRTX,-0.0425421928613127,-0.05731377161844354
2026-06-19,VRTX,-0.0517880202225604,-0.055471854486482494
2026-06-20,VRTX,-0.0443137259790845,-0.05175247831734983
2026-06-21,VRTX,-0.0443137261237874,-0.04927289425282902
2026-06-22,VRTX,-0.0517880554826247,-0.05011128132942758
2026-06-23,VRTX,-0.0215825286929186,-0.04060169711725793
2026-06-24,VRTX,-0.0139445031338233,-0.031715965789446396
2026-06-25,VRTX,-0.0129924150291554,-0.025474782202682733
2026-06-26,VRTX,-0.0117652913671816,-0.020904951924182357
2026-06-27,VRTX,0.0234186426628057,-0.006130420395186341
2026-06-28,VRTX,-0.011796387729779,-0.008019076173383894
2026-06-29,VRTX,0.021490907142959,0.0018175849320637358
2026-06-30,VRTX,0.0129609592693535,0.005532043044493657
2026-07-01,VRTX,0.0186740455505073,0.009912710546498204
2026-07-02,VRTX,0.0241937971639888,0.014673072752328403
2026-07-03,VRTX,0.0897012819733533,0.03968247582600337
2026-07-04,VRTX,0.0896325846976658,0.056332512116557515
2026-07-05,VRTX,0.0897209761626605,0.06746200013192519
2026-07-06,VRTX,0.0898383592502417,0.07492078650469736
2026-07-07,VRTX,0.0994396446323414,0.08309373921391203
2026-07-08,VRTX,0.1030949152386452,0.08976079788882309
2026-07-09,VRTX,0.0648471949752976,0.0814562635843146
2026-07-10,VRTX,0.047857115860403,0.07025654767634407
2026-07-11,VRTX,0.0410093596102051,0.060507484987631074
2026-07-12,VRTX,0.040933122410970996,0.05398269746207772
2026-05-13,VST,-0.0592778727150726,-0.3682045154414712
2026-05-22,VST,-0.0795767483167637,-0.2719952597332354
2026-05-23,VST,-0.0581112751358314,-0.20070059820076744
2026-05-24,VST,-0.0581974106032446,-0.15319953566825983
2026-05-25,VST,-0.0581974113385002,-0.12153216089167329
2026-05-26,VST,-0.0581974115207795,-0.10042057776804203
2026-05-27,VST,-0.033051809362703,-0.07796432163292902
2026-06-01,VST,-0.0063262576187787,-0.05408496696154558
2026-06-02,VST,-0.0133085441741005,-0.04049282603239722
2026-06-03,VST,-0.0083748756596309,-0.029786842574808448
2026-06-04,VST,-0.0375506291137478,-0.032374771421121565
2026-06-05,VST,-0.0488671827747221,-0.037872241872321744
2026-06-06,VST,-0.0626792020372791,-0.046141228593974196
2026-06-07,VST,-0.0628523268952686,-0.051711594694405665
2026-06-08,VST,-0.0628523268952686,-0.05542517209469332
2026-06-09,VST,-0.0712049492405524,-0.06068509780997968
2026-06-10,VST,-0.0676020926786432,-0.06299076276620086
2026-06-11,VST,-0.109113710095835,-0.07836507854274558
2026-06-12,VST,-0.0721960517177789,-0.0763087362677567
2026-06-13,VST,-0.074290478837013,-0.07563598379084213
2026-06-14,VST,-0.0743751603075575,-0.07521570929641393
2026-06-15,VST,-0.0743751599697557,-0.07493552618752786
2026-06-16,VST,-0.0571035363997941,-0.06899152959161661
2026-06-17,VST,-0.0737266819412453,-0.07056991370815952
2026-06-18,VST,-0.0518246373943176,-0.06432148827021222
2026-06-19,VST,0.047502740764127,-0.02704674525876582
2026-06-20,VST,0.050559860318839,-0.001177876732897546
2026-06-21,VST,0.0505598601919892,0.016068035575398036
2026-06-22,VST,0.0475027118690906,0.02654626100662889
2026-06-23,VST,0.0432758961046582,0.03212280603930533
2026-06-24,VST,0.0245103410895837,0.02958531772273145
2026-06-25,VST,0.0334196625145093,0.03086343265332407
2026-06-26,VST,0.0377151859877409,0.03314735043146302
2026-06-27,VST,0.0002226779930674,0.02217245961866448
2026-06-28,VST,0.0376850357624521,0.027343318333260355
2026-06-29,VST,-0.0010873983978623,0.01786641275621947
2026-06-30,VST,0.0249683491574385,0.02023372488995915
2026-07-01,VST,0.0142458798696212,0.0182377765498465
2026-07-02,VST,-0.0244398633223477,0.004011896592448433
2026-07-03,VST,-0.0312527552382183,-0.007742987351107144
2026-07-04,VST,-0.0313320972409643,-0.015606023981059529
2026-07-05,VST,-0.0312185465469416,-0.020810198169686885
2026-07-06,VST,-0.0310500405897635,-0.02422347897637909
2026-07-07,VST,-0.0024234727190277,-0.01695681022392863
2026-07-08,VST,-0.0239109896554045,-0.019274870034420584
2026-07-09,VST,-0.015350298767673,-0.01796667961217139
2026-07-10,VST,0.0154042593465218,-0.006843033292606993
2026-07-11,VST,0.0009550149228368,-0.004243683887459063
2026-07-12,VST,0.0008576575822334398,-0.0025432367308948953
2026-05-13,VTR,-0.176409204326996,-0.16603216590809594
2026-05-22,VTR,-0.2031004102449344,-0.17838824735370878
2026-05-23,VTR,-0.1981895315917503,-0.18498867543305597
2026-05-24,VTR,-0.1982664042763542,-0.18941458504748873
2026-05-25,VTR,-0.1982664050713755,-0.19236519172211766
2026-05-26,VTR,-0.1982664051443098,-0.19433226286284838
2026-05-27,VTR,-0.194538450291113,-0.1944009920056033
2026-06-01,VTR,-0.2244088761381523,-0.2044036200497863
2026-06-02,VTR,-0.2450105569526613,-0.21793926568407798
2026-06-03,VTR,-0.2586520589742698,-0.23151019678080859
2026-06-04,VTR,-0.2554720376053832,-0.2394974770556668
2026-06-05,VTR,-0.2659889609998927,-0.2483279717037421
2026-06-06,VTR,-0.2566313189542047,-0.25109575412056295
2026-06-07,VTR,-0.2567955537534332,-0.2529956873315197
2026-06-08,VTR,-0.2567955537534332,-0.25426230947215755
2026-06-09,VTR,-0.2740826929140339,-0.26086910395278307
2026-06-10,VTR,-0.2603217348272604,-0.26068664757760884
2026-06-11,VTR,-0.2522824407835268,-0.25788524531291485
2026-06-12,VTR,-0.2642068767414823,-0.259992455789104
2026-06-13,VTR,-0.2656541671231689,-0.261879692900459
2026-06-14,VTR,-0.2657349683533144,-0.26316478471807747
2026-06-15,VTR,-0.2657349680373621,-0.26402151249117234
2026-06-16,VTR,-0.272617730558474,-0.26688691851360624
2026-06-17,VTR,-0.2789103811674016,-0.2708947393982047
2026-06-18,VTR,-0.2683213724843974,-0.2700369504269356
2026-06-19,VTR,-0.2534986127582313,-0.2645241712040342
2026-06-20,VTR,-0.2672276775526676,-0.265425339986912
2026-06-21,VTR,-0.2672276777027005,-0.2660261192255082
2026-06-22,VTR,-0.2534986479854754,-0.2618502954788306
2026-06-23,VTR,-0.2311718577436047,-0.2516241495670887
2026-06-24,VTR,-0.2151723151979974,-0.23947353811072494
2026-06-25,VTR,-0.2090759069760007,-0.2293409943991502
2026-06-26,VTR,-0.2104832751206798,-0.2230550879729934
2026-06-27,VTR,-0.2026206559796587,-0.21624361064188186
2026-06-28,VTR,-0.2105142403278714,-0.2143338205372117
2026-06-29,VTR,-0.2042423549737643,-0.21096999868272925
2026-06-30,VTR,-0.2027838217756442,-0.20824127304703427
2026-07-01,VTR,-0.1975118948615206,-0.20466481365186306
2026-07-02,VTR,-0.1866467971372318,-0.198658808146986
2026-07-03,VTR,-0.174276362429057,-0.19053132624100966
2026-07-04,VTR,-0.174349568947616,-0.18513740714321178
2026-07-05,VTR,-0.1742505197106068,-0.18150844466567678
2026-07-06,VTR,-0.1741114803199536,-0.17904278988376907
2026-07-07,VTR,-0.1737769756223641,-0.17728751846330076
2026-07-08,VTR,-0.1600080554090738,-0.1715276974452251
2026-07-09,VTR,-0.1511141092865167,-0.16472316805898898
2026-07-10,VTR,-0.1733028140773225,-0.16758305006510016
2026-07-11,VTR,-0.191377375512242,-0.1755144918808141
2026-07-12,VTR,-0.19146342751382023,-0.18083080375848282
2026-05-13,VZ,0.0644410136167974,0.08307656600395322
2026-05-22,VZ,0.0516994454181001,0.07261752580866886
2026-05-23,VZ,0.0526885211418568,0.06597452425306484
2026-05-24,VZ,0.0526082258209874,0.061519091442372366
2026-05-25,VZ,0.0526082250480498,0.05854880264426485
2026-05-26,VZ,0.0526082249347121,0.05656861007441393
2026-05-27,VZ,0.0669161316391279,0.060017783929318586
2026-06-01,VZ,0.0524159273912408,0.05748383174995932
2026-06-02,VZ,0.0390597119847903,0.05134245849490299
2026-06-03,VZ,0.0359860062780963,0.04622364108930076
2026-06-04,VZ,0.0212685487702916,0.03790527698296437
2026-06-05,VZ,-0.0093531898845246,0.022152454693801383
2026-06-06,VZ,-0.0051210996393787,0.01306126991607469
2026-06-07,VZ,-0.0052937689483256,0.006942923627941262
2026-06-08,VZ,-0.0052937689483256,0.002864026102518975
2026-06-09,VZ,-0.0053851196880694,0.00011431083898951703
2026-06-10,VZ,-0.0139746331830079,-0.004582003835009622
2026-06-11,VZ,-0.0009037048643889,-0.0033559041781360483
2026-06-12,VZ,-0.0129327557695439,-0.006548188041938665
2026-06-13,VZ,0.0097365945902841,-0.0011199271645310769
2026-06-14,VZ,0.009654961439051,0.002471702369996282
2026-06-15,VZ,0.0096549617596878,0.004866122166560121
2026-06-16,VZ,0.0050574952356663,0.004929913189595515
2026-06-17,VZ,-0.0026573551368615,0.002400823747443177
2026-06-18,VZ,-0.002551899650849,0.0007499159480124515
2026-06-19,VZ,-0.0137600844707855,-0.004086750858253533
2026-06-20,VZ,-0.0104370663120871,-0.006203522676198055
2026-06-21,VZ,-0.01043706646885,-0.007614703940415371
2026-06-22,VZ,-0.0137601234180879,-0.009663177099639549
2026-06-23,VZ,-0.0099758802384248,-0.009767411479234633
2026-06-24,VZ,-0.005410342358656,-0.008315055105708423
2026-06-25,VZ,-0.0143656851196009,-0.010331931777005915
2026-06-26,VZ,-0.0773575907552778,-0.032673818103096545
2026-06-27,VZ,-0.0838767106688433,-0.049741448958345466
2026-06-28,VZ,-0.0773915700652281,-0.05895815599397301
2026-06-29,VZ,-0.0843233710062958,-0.06741322766474728
2026-06-30,VZ,-0.1014637820719048,-0.07876341246713311
2026-07-01,VZ,-0.1087326229925647,-0.08875314930894365
2026-07-02,VZ,-0.1247902493989625,-0.1007655160056166
2026-07-03,VZ,-0.1384627758061816,-0.11333126927247161
2026-07-04,VZ,-0.1385487245044724,-0.12173708768313854
2026-07-05,VZ,-0.1384195586269494,-0.1272979113310755
2026-07-06,VZ,-0.1382193230412947,-0.13093838190114857
2026-07-07,VZ,-0.1381982505119749,-0.13335833810475733
2026-07-08,VZ,-0.1386783430507303,-0.13513167308674834
2026-07-09,VZ,-0.1120374072685597,-0.12743358448068545
2026-07-10,VZ,-0.1065148488084765,-0.12046067258994914
2026-07-11,VZ,-0.1030100950159486,-0.11464381339861562
2026-07-12,VZ,-0.09109498760156967,-0.1067942047996003
2026-05-13,WAB,-0.1466427078584337,-0.12484312223439398
2026-05-22,WAB,-0.2081179656445929,-0.15260140337112696
2026-05-23,WAB,-0.2060017720731682,-0.17040152627180738
2026-05-24,WAB,-0.2051893399083983,-0.18199746415067103
2026-05-25,WAB,-0.2051893406742688,-0.18972808965853696
2026-05-26,WAB,-0.2051893408005362,-0.1948818400392034
2026-05-27,WAB,-0.1832708522143221,-0.191011510764243
2026-06-01,WAB,-0.1813315256832894,-0.18778484907059179
2026-06-02,WAB,-0.190817662526421,-0.18879578688920154
2026-06-03,WAB,-0.1719254168217678,-0.18317233020005697
2026-06-04,WAB,-0.1572716037556303,-0.1745387547185814
2026-06-05,WAB,-0.1538337527225174,-0.16763708738656008
2026-06-06,WAB,-0.1517514535926694,-0.16234187612192985
2026-06-07,WAB,-0.1518971756229848,-0.15886030928894818
2026-06-08,WAB,-0.1518971756229848,-0.15653926473362706
2026-06-09,WAB,-0.1558357523086171,-0.15630476059195708
2026-06-10,WAB,-0.1411266110744357,-0.15124537741944996
2026-06-11,WAB,-0.1557526318822035,-0.15274779557370116
2026-06-12,WAB,-0.1405917098395672,-0.1486957669956565
2026-06-13,WAB,-0.138371827787731,-0.145254453926348
2026-06-14,WAB,-0.1384427080943763,-0.14298387198235746
2026-06-15,WAB,-0.1384427078342885,-0.1414701505996678
2026-06-16,WAB,-0.1280483012036063,-0.13699620080098063
2026-06-17,WAB,-0.1243162999120126,-0.13276956717132463
2026-06-18,WAB,-0.1121741945093203,-0.12590444295065653
2026-06-19,WAB,-0.1207183976379863,-0.12417576117976646
2026-06-20,WAB,-0.1256640294416025,-0.12467185060037847
2026-06-21,WAB,-0.1256640295645063,-0.12500257692175443
2026-06-22,WAB,-0.120718424523076,-0.12357452612219495
2026-06-23,WAB,-0.1254862946515493,-0.1242117822986464
2026-06-24,WAB,-0.1433831062928304,-0.1306022236300411
2026-06-25,WAB,-0.1435027290443026,-0.1349023921014616
2026-06-26,WAB,-0.1275378215772674,-0.13244753526006353
2026-06-27,WAB,-0.1521638790779811,-0.13901964986603604
2026-06-28,WAB,-0.1275669464390009,-0.13520208205702433
2026-06-29,WAB,-0.1539755981309886,-0.14145992074834576
2026-06-30,WAB,-0.1513649966794512,-0.1447616127253809
2026-07-01,WAB,-0.1649692766907337,-0.15149750071383183
2026-07-02,WAB,-0.1933158904056167,-0.1654369639444268
2026-07-03,WAB,-0.1989172476127577,-0.1765970585005371
2026-07-04,WAB,-0.1989948427499244,-0.1840629865836662
2026-07-05,WAB,-0.198885420841069,-0.18900379800280048
2026-07-06,WAB,-0.198725304463137,-0.192244300156246
2026-07-07,WAB,-0.2001602132384933,-0.19488293785032845
2026-07-08,WAB,-0.216537841798016,-0.2021012391662243
2026-07-09,WAB,-0.2339979340509438,-0.21273347079446414
2026-07-10,WAB,-0.2339350189105152,-0.2198006534998145
2026-07-11,WAB,-0.2290044929229267,-0.22286859997418526
2026-07-12,WAB,-0.22911426582231265,-0.22495048859022773
2026-05-13,WAT,-0.0125501900748416,-0.0125501900748416
2026-05-22,WAT,0.042746767955681,0.005882129268665931
2026-05-23,WAT,0.0507356163504543,0.020833291629262052
2026-05-24,WAT,0.0506605528969594,0.030775712051827837
2026-05-25,WAT,0.0506605520902646,0.037403992064640096
2026-05-26,WAT,0.0506605520386879,0.041822845389322696
2026-05-27,WAT,0.060024134204503,0.04788994166104947
2026-06-01,WAT,0.185360530727813,0.09371347134997066
2026-06-02,WAT,0.1383761641158437,0.10860103560526167
2026-06-03,WAT,0.1138685193947588,0.11035686353509405
2026-06-04,WAT,0.1291417391387289,0.11661848873630568
2026-06-05,WAT,0.1381129783852389,0.12378331861928343
2026-06-06,WAT,0.1433333593842551,0.13029999887427401
2026-06-07,WAT,0.1432140259769309,0.13460467457515965
2026-06-08,WAT,0.1432140259769309,0.13747445837575006
2026-06-09,WAT,0.1477852897309138,0.14091140216080467
2026-06-10,WAT,0.1760186781028775,0.15261382747482896
2026-06-11,WAT,0.1958610732298401,0.16702957605983265
2026-06-12,WAT,0.153040531123456,0.16236656108104044
2026-06-13,WAT,0.1337015235549573,0.15281154857234608
2026-06-14,WAT,0.1336388400285828,0.146420645724425
2026-06-15,WAT,0.1336388402425148,0.1421600438971216
2026-06-16,WAT,0.1134943252500689,0.13260480434810407
2026-06-17,WAT,0.1226600351580791,0.12928988128476243
2026-06-18,WAT,0.1133194178950601,0.12396639348819499
2026-06-19,WAT,0.0916347550621716,0.11318918067952052
2026-06-20,WAT,0.0962999274920071,0.10755942961701606
2026-06-21,WAT,0.0962999273756694,0.10380626220323386
2026-06-22,WAT,0.091634729553689,0.09974908465338558
2026-06-23,WAT,0.0934585671035979,0.09765224547012304
2026-06-24,WAT,0.1054103158608424,0.10023826893369617
2026-06-25,WAT,0.1342367798678144,0.1115711059117356
2026-06-26,WAT,0.1242800946478683,0.1158074354904465
2026-06-27,WAT,0.1481979290232171,0.1266042666680367
2026-06-28,WAT,0.1242531266966311,0.12582055334423484
2026-06-29,WAT,0.1450564776543891,0.13223252811428626
2026-06-30,WAT,0.1100344875030258,0.12483318124386611
2026-07-01,WAT,0.1264759112555329,0.12538075791442171
2026-07-02,WAT,0.1467398730074289,0.1325004629454241
2026-07-03,WAT,0.1504874778734792,0.13849613458810914
2026-07-04,WAT,0.1504210376787689,0.14247110228499574
2026-07-05,WAT,0.1505040944445338,0.14514876633817508
2026-07-06,WAT,0.1506106375682686,0.14696939008153959
2026-07-07,WAT,0.147910500309005,0.14728309349069474
2026-07-08,WAT,0.1410823047627001,0.14521616391469655
2026-07-09,WAT,0.121693607400616,0.1373753117433364
2026-07-10,WAT,0.1355334241181607,0.13676134920161115
2026-07-11,WAT,0.1200245275509873,0.1311824086514032
2026-07-12,WAT,0.11996423217920175,0.12744301649400272
2026-05-13,WBD,-0.0323016858973368,-0.08888503938667087
2026-05-22,WBD,-0.0655777003186939,-0.08111592636401188
2026-05-23,WBD,-0.0694152766887445,-0.07721570980558942
2026-05-24,WBD,-0.0695001657988142,-0.07464386180333102
2026-05-25,WBD,-0.0695001665421115,-0.07292929671625785
2026-05-26,WBD,-0.0695001667096779,-0.0717862533807312
2026-05-27,WBD,-0.0600732267808203,-0.06788191118076091
2026-06-01,WBD,-0.0418940477535019,-0.05921929003834125
2026-06-02,WBD,-0.0317358680707607,-0.05005814938248107
2026-06-03,WBD,-0.0289483073111435,-0.04302153535870189
2026-06-04,WBD,-0.0352654702418334,-0.040436180319745725
2026-06-05,WBD,-0.0460431118458867,-0.04230515749512605
2026-06-06,WBD,-0.060854501653688,-0.0484882722146467
2026-06-07,WBD,-0.0610209859456248,-0.05266584345830607
2026-06-08,WBD,-0.0610209859456248,-0.055450890954078985
2026-06-09,WBD,-0.05461727971504,-0.055173020541065994
2026-06-10,WBD,-0.0650184132089337,-0.058454818097021896
2026-06-11,WBD,-0.068876054621458,-0.06192856360516727
2026-06-12,WBD,-0.0505335365383468,-0.05813022124956045
2026-06-13,WBD,-0.0543340788525545,-0.056864840450558465
2026-06-14,WBD,-0.0544141093338174,-0.05604793007831145
2026-06-15,WBD,-0.0544141090222052,-0.055503323059609366
2026-06-16,WBD,-0.0584309109024978,-0.056479185673905516
2026-06-17,WBD,-0.0708515639915485,-0.06126997844645318
2026-06-18,WBD,-0.0752387425291625,-0.06592623314068963
2026-06-19,WBD,-0.0726812747554792,-0.06817791367895282
2026-06-20,WBD,-0.0694035784246011,-0.06858646859416892
2026-06-21,WBD,-0.0694035785762654,-0.06885883858820108
2026-06-22,WBD,-0.0726813119893952,-0.07013299638859913
2026-06-23,WBD,-0.0479093835267991,-0.0627251254346658
2026-06-24,WBD,-0.0497302601983485,-0.0583935036892267
2026-06-25,WBD,-0.0409256803089394,-0.05257089589579761
2026-06-26,WBD,-0.1563903256495474,-0.08717737248038088
2026-06-27,WBD,-0.1747207492924088,-0.1163584980843902
2026-06-28,WBD,-0.1564227214963317,-0.12971323922170405
2026-06-29,WBD,-0.1755372085490117,-0.14498789566413994
2026-06-30,WBD,-0.1634742160597975,-0.15115000246269247
2026-07-01,WBD,-0.1676164607773791,-0.15663882190092138
2026-07-02,WBD,-0.1739270284740869,-0.1624015574253099
2026-07-03,WBD,-0.1900782150411246,-0.1716271099639148
2026-07-04,WBD,-0.1901591969430498,-0.17780447229029317
2026-07-05,WBD,-0.1900417702831328,-0.18188357162123972
2026-07-06,WBD,-0.1898653884686001,-0.18454417723702654
2026-07-07,WBD,-0.1989024616447385,-0.18933027203959718
2026-07-08,WBD,-0.207487618273842,-0.1953827207843455
2026-07-09,WBD,-0.1889060228035422,-0.19322382145741107
2026-07-10,WBD,-0.1730028294507954,-0.1864834907885392
2026-07-11,WBD,-0.1809832626303097,-0.18465008140246272
2026-07-12,WBD,-0.18109539987104803,-0.18346518755865784
2026-05-22,WDAY,-0.0758471226650469,-0.13561208134936506
2026-05-23,WDAY,-0.0413912694032009,-0.10420514403397702
2026-05-24,WDAY,-0.04147159282924,-0.08329396029906468
2026-05-25,WDAY,-0.0414715936019962,-0.06935317140004185
2026-05-26,WDAY,-0.0414715937156657,-0.06005931217191647
2026-05-27,WDAY,-0.077079449827288,-0.06573269139037365
2026-06-01,WDAY,0.0381641882879125,-0.031100398164278273
2026-06-02,WDAY,0.0279790391174936,-0.011407252403687652
2026-06-03,WDAY,-0.0031676435710735,-0.008660716126149602
2026-06-04,WDAY,-0.0308645926396308,-0.016062008297310002
2026-06-05,WDAY,-0.0429406312810401,-0.025021549291886703
2026-06-06,WDAY,-0.0557430967181263,-0.03526206510063323
2026-06-07,WDAY,-0.0559042259592801,-0.04214278538684886
2026-06-08,WDAY,-0.0559042259592801,-0.04672993224432594
2026-06-09,WDAY,-0.0322078784442753,-0.04188924764430906
2026-06-10,WDAY,-0.0344981304626714,-0.03942554191709651
2026-06-11,WDAY,-0.0338916160010566,-0.03758089994508321
2026-06-12,WDAY,-0.0713697638259097,-0.04884385457202538
2026-06-13,WDAY,-0.070516682239357,-0.05606813046113592
2026-06-14,WDAY,-0.0705968480269421,-0.060911036316404654
2026-06-15,WDAY,-0.070596847714568,-0.06413964011579244
2026-06-16,WDAY,-0.0807007079207666,-0.06965999605078382
2026-06-17,WDAY,-0.0952938242280975,-0.07820460544322172
2026-06-18,WDAY,-0.1142883679092636,-0.09023252626523567
2026-06-19,WDAY,-0.1435198290288452,-0.10799496051977218
2026-06-20,WDAY,-0.1401152031249724,-0.11870170805483893
2026-06-21,WDAY,-0.1401152032909159,-0.1258395398001979
2026-06-22,WDAY,-0.143519871061319,-0.13173298355390495
2026-06-23,WDAY,-0.1515834292401315,-0.13834979878264714
2026-06-24,WDAY,-0.1257885275437929,-0.13416270836969574
2026-06-25,WDAY,-0.1023324617874171,-0.12355262617560286
2026-06-26,WDAY,-0.1164681586832852,-0.12119113701149699
2026-06-27,WDAY,-0.0689966854566148,-0.10379298649320294
2026-06-28,WDAY,-0.1165028253753668,-0.10802959945392424
2026-06-29,WDAY,-0.0699072938731403,-0.0953221642603296
2026-06-30,WDAY,-0.0867543519082694,-0.09246622680964288
2026-07-01,WDAY,-0.0844332505144166,-0.08978856804456745
2026-07-02,WDAY,-0.0540632908597613,-0.07788014231629874
2026-07-03,WDAY,-0.0525246616111347,-0.06942831541457739
2026-07-04,WDAY,-0.0526027874612286,-0.06381980609679447
2026-07-05,WDAY,-0.0524921111915983,-0.06004390779506241
2026-07-06,WDAY,-0.0523294459866631,-0.05747242052559598
2026-07-07,WDAY,-0.0227143818352507,-0.04588640762881423
2026-07-08,WDAY,0.0255726344885498,-0.02206672692302622
2026-07-09,WDAY,0.0801120971623452,0.011992881105430918
2026-07-10,WDAY,0.1205827511955224,0.04818950446879475
2026-07-11,WDAY,0.1227430899525241,0.07304069963003787
2026-07-12,WDAY,0.12269748975481148,0.08959296300496242
2026-05-13,WDC,0.8934745237949625,0.9102875310312204
2026-05-22,WDC,0.8333221799577927,0.8846324140067445
2026-05-23,WDC,0.8602868274798328,0.8765172184977741
2026-05-24,WDC,0.8602714912720485,0.8711019760891989
2026-05-25,WDC,0.8602714900799797,0.867491814086126
2026-05-26,WDC,0.8602714907334694,0.8650850396352405
2026-05-27,WDC,0.8538249959893567,0.8613316917532793
2026-06-01,WDC,0.9102291014175898,0.8776308283080495
2026-06-02,WDC,0.9152582618916304,0.8901733061692432
2026-06-03,WDC,0.9152582618916304,0.8985349580767056
2026-06-04,WDC,0.9152582618916304,0.9041093926816806
2026-06-05,WDC,0.9152582618916304,0.9078256824183305
2026-06-06,WDC,0.9152582618916304,0.9103032089094305
2026-06-07,WDC,0.9152582618916304,0.9119548932368305
2026-06-08,WDC,0.9152582618916304,0.9130560161217639
2026-06-09,WDC,0.9126692154075758,0.9129270825503679
2026-06-10,WDC,0.9152582618916304,0.9137041423307888
2026-06-11,WDC,0.8766388332801013,0.901349039313893
2026-06-12,WDC,0.8568074188464385,0.8865018324914082
2026-06-13,WDC,0.8662333977857127,0.8797456875895098
2026-06-14,WDC,0.8662346216409477,0.8752419989399891
2026-06-15,WDC,0.8662346215594348,0.8722395398131377
2026-06-16,WDC,0.9027071003726233,0.8823953933329662
2026-06-17,WDC,0.9152582618916304,0.893349682852521
2026-06-18,WDC,0.9152582618916304,0.9006525425322242
2026-06-19,WDC,0.9152582618916304,0.9055211156520263
2026-06-20,WDC,0.9152582618916304,0.9087668310652277
2026-06-21,WDC,0.9152582618916304,0.9109306413406953
2026-06-22,WDC,0.9152582618916304,0.9123731815243404
2026-06-23,WDC,0.9152582618916304,0.9133348749801038
2026-06-24,WDC,0.9152582618916304,0.9139760039506127
2026-06-25,WDC,0.9152582618916304,0.9144034232642854
2026-06-26,WDC,0.9152582618916304,0.9146883694734004
2026-06-27,WDC,0.8909820115176409,0.906786250154814
2026-06-28,WDC,0.9152582618916304,0.9096102540670862
2026-06-29,WDC,0.88151218430796,0.9002442308140441
2026-06-30,WDC,0.9152582618916304,0.9052489078399063
2026-07-01,WDC,0.9152582618916304,0.908585359190481
2026-07-02,WDC,0.8657463427717499,0.8943056870509041
2026-07-03,WDC,0.8161177136639425,0.8682430292552502
2026-07-04,WDC,0.8160817326250928,0.8508559303785311
2026-07-05,WDC,0.8160927979838368,0.8392682195802998
2026-07-06,WDC,0.8160530565251177,0.8315298318952392
2026-07-07,WDC,0.8542342402769477,0.8390979680224754
2026-07-08,WDC,0.7690320348204748,0.8157426569551418
2026-07-09,WDC,0.7541521363737345,0.7952124834280061
2026-07-10,WDC,0.7819677694824348,0.7907975787794823
2026-07-11,WDC,0.7693387130297037,0.7836446235295562
2026-07-12,WDC,0.769419819155428,0.7789030220715135
2026-05-13,WEC,-0.1741230048450733,-0.13123053528364884
2026-05-22,WEC,-0.2199911146762677,-0.16081739508118847
2026-05-23,WEC,-0.2093768205072813,-0.17700387022321942
2026-05-24,WEC,-0.2094569065434531,-0.18782154899663064
2026-05-25,WEC,-0.209456907317741,-0.19503333510366744
2026-05-26,WEC,-0.2094569074286081,-0.19984119254531435
2026-05-27,WEC,-0.2062587050274696,-0.20198036337269942
2026-06-01,WEC,-0.2186347243883079,-0.2075318170445689
2026-06-02,WEC,-0.2302803009362404,-0.21511464500845942
2026-06-03,WEC,-0.2299904352158144,-0.22007324174424442
2026-06-04,WEC,-0.22510134182652,-0.22174927510500297
2026-06-05,WEC,-0.2295056300993878,-0.22433472676979793
2026-06-06,WEC,-0.2177717243651001,-0.22214705930156534
2026-06-07,WEC,-0.2179306653599929,-0.22074159465437454
2026-06-08,WEC,-0.2179306653599929,-0.219804618222914
2026-06-09,WEC,-0.2219623072897371,-0.22052384791185503
2026-06-10,WEC,-0.2124177754558146,-0.21782182375984158
2026-06-11,WEC,-0.2225822170505757,-0.21940862152341964
2026-06-12,WEC,-0.2475357859592474,-0.2287843430020289
2026-06-13,WEC,-0.2462348150113036,-0.2346011670051205
2026-06-14,WEC,-0.2463155757805229,-0.23850596993025464
2026-06-15,WEC,-0.2463155754647985,-0.2411091717751026
2026-06-16,WEC,-0.2376748374926339,-0.23996439368094638
2026-06-17,WEC,-0.2389052019892103,-0.23961132978370103
2026-06-18,WEC,-0.2392297491001246,-0.23948413622250891
2026-06-19,WEC,-0.2268151867719161,-0.23526115307231132
2026-06-20,WEC,-0.2393513073781477,-0.23662453784092347
2026-06-21,WEC,-0.23935130752592,-0.23753346106925566
2026-06-22,WEC,-0.2268152213435739,-0.23396071449402842
2026-06-23,WEC,-0.2141190438758807,-0.2273468242879792
2026-06-24,WEC,-0.2138202149649897,-0.22283795451364938
2026-06-25,WEC,-0.2027116968773272,-0.21612920196820867
2026-06-26,WEC,-0.2071502968648075,-0.2131362336004083
2026-06-27,WEC,-0.2108181388922169,-0.2123635353643445
2026-06-28,WEC,-0.2071818726724381,-0.21063631446704237
2026-06-29,WEC,-0.2120916711552393,-0.211121433363108
2026-06-30,WEC,-0.2175795423101651,-0.21327413634546039
2026-07-01,WEC,-0.2148494999403906,-0.21379925754377047
2026-07-02,WEC,-0.2245672828296523,-0.21738859930573107
2026-07-03,WEC,-0.2259466111288537,-0.22024126991343862
2026-07-04,WEC,-0.2260249703609785,-0.2221691700626186
2026-07-05,WEC,-0.2259137424837838,-0.22341736086967368
2026-07-06,WEC,-0.2257499564272697,-0.2241948927222057
2026-07-07,WEC,-0.2322999996395907,-0.22689659502800072
2026-07-08,WEC,-0.2319436004113479,-0.22857893015578312
2026-07-09,WEC,-0.2193469540495807,-0.225501604787049
2026-07-10,WEC,-0.2385969652311187,-0.22986672493507224
2026-07-11,WEC,-0.2394115638435303,-0.23304833790455826
2026-07-12,WEC,-0.2395193487932959,-0.23520534153413747
2026-05-13,WELL,-0.0170339602446782,-0.0029656041622749987
2026-05-22,WELL,-0.0394387102566544,-0.0151233061937348
2026-05-23,WELL,-0.036694321170847,-0.022313644519438867
2026-05-24,WELL,-0.0367701275305314,-0.027132472189803046
2026-05-25,WELL,-0.0367701283324328,-0.0303450242373463
2026-05-26,WELL,-0.0367701283927794,-0.032486725622490664
2026-05-27,WELL,-0.0270868447910725,-0.03068676534535128
2026-06-01,WELL,-0.072975949850975,-0.04478316018055919
2026-06-02,WELL,-0.092732162687718,-0.0607661610162788
2026-06-03,WELL,-0.0964617153932457,-0.07266467914193443
2026-06-04,WELL,-0.0809036140322511,-0.07541099077204
2026-06-05,WELL,-0.0872508288996189,-0.07935760348123297
2026-06-06,WELL,-0.0752763156436384,-0.07799717420203478
2026-06-07,WELL,-0.0754325640599286,-0.07714230415466605
2026-06-08,WELL,-0.0754325640599286,-0.07657239078975357
2026-06-09,WELL,-0.0988613142636734,-0.08400203194772685
2026-06-10,WELL,-0.077326145814313,-0.08177673656992224
2026-06-11,WELL,-0.069000814565572,-0.0775180959018055
2026-06-12,WELL,-0.0850670766899582,-0.08003442283118974
2026-06-13,WELL,-0.0795897175612744,-0.07988618774121797
2026-06-14,WELL,-0.0796667750245175,-0.07981305016898449
2026-06-15,WELL,-0.0796667747296462,-0.07976429168920507
2026-06-16,WELL,-0.0919793929637265,-0.08383599211404555
2026-06-17,WELL,-0.0894037732306494,-0.08569191915291349
2026-06-18,WELL,-0.090778830592696,-0.08738755629950767
2026-06-19,WELL,-0.0652464745195285,-0.08000719570618128
2026-06-20,WELL,-0.0928399074631172,-0.0842847662918266
2026-06-21,WELL,-0.0928399076072814,-0.08713648006364487
2026-06-22,WELL,-0.0652465065890717,-0.07983982223878715
2026-06-23,WELL,-0.0422647506961153,-0.06731479839122986
2026-06-24,WELL,-0.0215550673033012,-0.05206155469525364
2026-06-25,WELL,-0.0071826064526288,-0.037101905281045365
2026-06-26,WELL,-0.0136131292090546,-0.029272313257048446
2026-06-27,WELL,-0.0090656355258302,-0.022536754013309034
2026-06-28,WELL,-0.0136423298380753,-0.01957194595489779
2026-06-29,WELL,-0.0112252781911958,-0.016789723366997127
2026-06-30,WELL,-0.0156273663044458,-0.01640227101281335
2026-07-01,WELL,-0.0109865661948472,-0.014597036073491302
2026-07-02,WELL,0.0037765625309194,-0.008472503205354403
2026-07-03,WELL,0.0153833853078994,-0.0005205403676031362
2026-07-04,WELL,0.0153129620243896,0.004757293763061109
2026-07-05,WELL,0.0154054329764267,0.00830667350084964
2026-07-06,WELL,0.015531105470804,0.010714817490834427
2026-07-07,WELL,0.0085815873075736,0.010003740763080818
2026-07-08,WELL,0.03163033982651,0.017212607117557212
2026-07-09,WELL,0.033725644693523,0.022716952976212477
2026-07-10,WELL,0.0105534037844156,0.018662436578946853
2026-07-11,WELL,-0.0043492372603095,0.01099187863252807
2026-07-12,WELL,-0.004423766515397137,0.005853330249886335
2026-05-13,WFC,-0.2065285336682398,-0.2262103662970567
2026-05-22,WFC,-0.1613328252561978,-0.20458451928343707
2026-05-23,WFC,-0.149479949245105,-0.18621632927065973
2026-05-24,WFC,-0.1495663458591237,-0.17399966813348106
2026-05-25,WFC,-0.1495663465926943,-0.16585522761988547
2026-05-26,WFC,-0.1495663467780564,-0.16042560067260914
2026-05-27,WFC,-0.1521255797652883,-0.15765892703683554
2026-06-01,WFC,-0.1100198848241439,-0.1417792462992717
2026-06-02,WFC,-0.112666660245651,-0.1320750509480648
2026-06-03,WFC,-0.1070573913214947,-0.12373583107254144
2026-06-04,WFC,-0.1014788456023074,-0.11631683591579675
2026-06-05,WFC,-0.0811726230980782,-0.10460209830989058
2026-06-06,WFC,-0.0561907492980414,-0.08846498197260752
2026-06-07,WFC,-0.0563383858888143,-0.07775611661134312
2026-06-08,WFC,-0.0563383858888143,-0.07061687303716685
2026-06-09,WFC,-0.0622756110250211,-0.06783645236645161
2026-06-10,WFC,-0.0450525498510081,-0.060241818194637115
2026-06-11,WFC,-0.033372027979811,-0.051285221456361746
2026-06-12,WFC,-0.0312208941927527,-0.04459711236849207
2026-06-13,WFC,-0.0345845089387452,-0.04125957789190979
2026-06-14,WFC,-0.0346552744928886,-0.039058143425569396
2026-06-15,WFC,-0.034655274233447,-0.0375905203615286
2026-06-16,WFC,-0.0465157090634833,-0.04056558326218017
2026-06-17,WFC,-0.0369430266368944,-0.03935806438708492
2026-06-18,WFC,-0.0389573207749116,-0.039224483183027146
2026-06-19,WFC,-0.0742516369674168,-0.050900201111157034
2026-06-20,WFC,-0.0711199517119773,-0.05764011797809713
2026-06-21,WFC,-0.0711199518472156,-0.062133395934469954
2026-06-22,WFC,-0.0742516686814009,-0.06617282018344695
2026-06-23,WFC,-0.0615084562470315,-0.0646180322046418
2026-06-24,WFC,-0.0656830679087999,-0.06497304410602783
2026-06-25,WFC,-0.068877627463186,-0.06627457189174722
2026-06-26,WFC,-0.0645517475259981,-0.06570029710316419
2026-06-27,WFC,-0.0652052393892012,-0.06553527786517653
2026-06-28,WFC,-0.0645824167497666,-0.06521765749337322
2026-06-29,WFC,-0.0668154407590848,-0.06575025191527709
2026-06-30,WFC,-0.068364845539941,-0.0666217831234984
2026-07-01,WFC,-0.0814021716190432,-0.07154857928868
2026-07-02,WFC,-0.0651983837695225,-0.06943184744896083
2026-07-03,WFC,-0.072367110937799,-0.07041026861190688
2026-07-04,WFC,-0.0724429701755597,-0.07108783579979117
2026-07-05,WFC,-0.0723376511328922,-0.07150444091082485
2026-07-06,WFC,-0.0721858716675448,-0.07173158449639816
2026-07-07,WFC,-0.0660970478291469,-0.0698534056073144
2026-07-08,WFC,-0.0676525260367202,-0.069119779083783
2026-07-09,WFC,-0.0862928599112993,-0.07484413935962177
2026-07-10,WFC,-0.0884105617005288,-0.07936628013992411
2026-07-11,WFC,-0.0892575900234445,-0.08266338343443091
2026-07-12,WFC,-0.08935536884512454,-0.08489404523799546
2026-05-13,WM,-0.3441956184937271,-0.34280016803616165
2026-05-22,WM,-0.3385767567183014,-0.3413923642635416
2026-05-23,WM,-0.3316824919048513,-0.3381557401439782
2026-05-24,WM,-0.3317653167770361,-0.3360255990216642
2026-05-25,WM,-0.3317653175336524,-0.33460550519232696
2026-05-26,WM,-0.3317653176768509,-0.33365877602050165
2026-05-27,WM,-0.3313564236539752,-0.33289132523165954
2026-06-01,WM,-0.3728825641000043,-0.34622173818777446
2026-06-02,WM,-0.3656338424411203,-0.3526924396055564
2026-06-03,WM,-0.3703289145762924,-0.3585712645958018
2026-06-04,WM,-0.3597851528972886,-0.35897589402963076
2026-06-05,WM,-0.3684062190864005,-0.3621193357152207
2026-06-06,WM,-0.376433515464099,-0.3668907289648468
2026-06-07,WM,-0.3738588814309764,-0.3692134464535567
2026-06-08,WM,-0.3738588814309764,-0.3707619247793633
2026-06-09,WM,-0.3553551738245177,-0.3656263411277481
2026-06-10,WM,-0.3551213184701351,-0.3621246669085438
2026-06-11,WM,-0.3567385831074495,-0.3603293056415124
2026-06-12,WM,-0.3775482901650404,-0.3660689671493551
2026-06-13,WM,-0.3691255755995037,-0.36708783663273803
2026-06-14,WM,-0.3692091876916632,-0.3677949536523798
2026-06-15,WM,-0.369209187359883,-0.36826636488821424
2026-06-16,WM,-0.3695083168991009,-0.36868034889184315
2026-06-17,WM,-0.3748403290005323,-0.3707336755947396
2026-06-18,WM,-0.371938276888208,-0.37113520935922906
2026-06-19,WM,-0.3680983851806186,-0.3701229346330256
2026-06-20,WM,-0.3676843614089217,-0.3693100768916576
2026-06-21,WM,-0.3676843615648334,-0.36876817178271626
2026-06-22,WM,-0.3680984235928853,-0.368544922386106
2026-06-23,WM,-0.3530707636171573,-0.3633868694631231
2026-06-24,WM,-0.3367282370080724,-0.35450065864477287
2026-06-25,WM,-0.323965736531157,-0.3443223512735676
2026-06-26,WM,-0.3288883812586356,-0.3391776946019236
2026-06-27,WM,-0.3320855322726767,-0.33681364049217466
2026-06-28,WM,-0.3289209363886368,-0.3341827391243287
2026-06-29,WM,-0.3330430133247896,-0.33380283052448234
2026-06-30,WM,-0.3452990692701664,-0.33763491010637703
2026-07-01,WM,-0.3342827818165546,-0.3365175340097696
2026-07-02,WM,-0.3429658117268541,-0.3386669599154644
2026-07-03,WM,-0.3486479548121987,-0.34199395821437584
2026-07-04,WM,-0.3487282204832818,-0.34423871230401115
2026-07-05,WM,-0.3486124866629927,-0.3456966370903384
2026-07-06,WM,-0.3484395446525752,-0.346610939611084
2026-07-07,WM,-0.3457458060120797,-0.3463225617447493
2026-07-08,WM,-0.3236533757209767,-0.3387661664034918
2026-07-09,WM,-0.3066682733105866,-0.3280668687058567
2026-07-10,WM,-0.3211723924311216,-0.3257687099476117
2026-07-11,WM,-0.309021828835297,-0.3201864162435068
2026-07-12,WM,-0.3091208897129457,-0.31649790739998646
2026-05-13,WMB,-0.3995616571838377,-0.40840339805925896
2026-05-22,WMB,-0.4056615028762163,-0.4074894329982448
2026-05-23,WMB,-0.4010049720141103,-0.40532794600353333
2026-05-24,WMB,-0.4010779371649937,-0.4039112763906868
2026-05-25,WMB,-0.4010779379852273,-0.40296683025553365
2026-05-26,WMB,-0.4010779380120339,-0.4023371995077004
2026-05-27,WMB,-0.4266127461849275,-0.41042904840010946
2026-06-01,WMB,-0.4888855577826608,-0.43658121819429324
2026-06-02,WMB,-0.4967896852781285,-0.45665070722223833
2026-06-03,WMB,-0.4873380352620393,-0.46687981656883865
2026-06-04,WMB,-0.4784618468332147,-0.4707404933236307
2026-06-05,WMB,-0.4804742397639732,-0.4739850754704116
2026-06-06,WMB,-0.4729545668317523,-0.47364157259085854
2026-06-07,WMB,-0.4731125882585275,-0.47346524448008154
2026-06-08,WMB,-0.4731125882585275,-0.4733476924062302
2026-06-09,WMB,-0.48290450705389,-0.47653329728878346
2026-06-10,WMB,-0.498505278856861,-0.48385729114480935
2026-06-11,WMB,-0.488135887179438,-0.48528348982301894
2026-06-12,WMB,-0.5030054431134328,-0.49119080758649025
2026-06-13,WMB,-0.5015303816542361,-0.4946373322757389
2026-06-14,WMB,-0.4968990206467462,-0.4953912283994081
2026-06-15,WMB,-0.4968990203359203,-0.4958938257115788
2026-06-16,WMB,-0.4981287011380023,-0.4966387841870533
2026-06-17,WMB,-0.5036298856617552,-0.4989691513452873
2026-06-18,WMB,-0.5060742855919362,-0.5013375294275036
2026-06-19,WMB,-0.480295393880871,-0.49432348424529277
2026-06-20,WMB,-0.4770997985566894,-0.488582255682425
2026-06-21,WMB,-0.4770997986991174,-0.4847547700213225
2026-06-22,WMB,-0.480295428010968,-0.4832683226845377
2026-06-23,WMB,-0.4680589528493337,-0.4781985327394697
2026-06-24,WMB,-0.4677036762081153,-0.47470024722901827
2026-06-25,WMB,-0.460621866180025,-0.4700074535460206
2026-06-26,WMB,-0.4554391041856886,-0.4651513370925766
2026-06-27,WMB,-0.4583983228873484,-0.46290033235750055
2026-06-28,WMB,-0.4554702783300799,-0.4604236476816937
2026-06-29,WMB,-0.4598130051641488,-0.4602201001758454
2026-06-30,WMB,-0.4722561384572463,-0.4642321129363124
2026-07-01,WMB,-0.4672660973349006,-0.46524344106917515
2026-07-02,WMB,-0.4759160727372328,-0.46880098495852773
2026-07-03,WMB,-0.481660709626635,-0.47308755984789685
2026-07-04,WMB,-0.4817388567771892,-0.4759713254909943
2026-07-05,WMB,-0.4816281301630872,-0.47785692704835864
2026-07-06,WMB,-0.4814653626595542,-0.4790597389187572
2026-07-07,WMB,-0.488906180482337,-0.48234188610661716
2026-07-08,WMB,-0.4854179330648613,-0.4833672350926986
2026-07-09,WMB,-0.4459902868689723,-0.4709082523514565
2026-07-10,WMB,-0.4452465799635754,-0.46235436155549614
2026-07-11,WMB,-0.4574916007983908,-0.46073344130312777
2026-07-12,WMB,-0.4575862497833756,-0.4596843774632104
2026-05-13,WMT,-0.2372497117289826,-0.24454838108617744
2026-05-22,WMT,-0.2878539644471301,-0.2589835755398283
2026-05-23,WMT,-0.2968531806067451,-0.27160677722880056
2026-05-24,WMT,-0.2969360701143473,-0.28004987485731614
2026-05-25,WMT,-0.2969360708708281,-0.2856786068618201
2026-05-26,WMT,-0.2969360273789176,-0.2894310803675193
2026-05-27,WMT,-0.2976427121363766,-0.2921682909571384
2026-06-01,WMT,-0.3107215948035106,-0.29835272557259584
2026-06-02,WMT,-0.3172039752404393,-0.304636475461877
2026-06-03,WMT,-0.3258328150238723,-0.3117019219825421
2026-06-04,WMT,-0.2891265906826386,-0.3041768115492409
2026-06-05,WMT,-0.2989941918219413,-0.30244927164014107
2026-06-06,WMT,-0.2974137581788692,-0.3007707671530505
2026-06-07,WMT,-0.2975775433999165,-0.29970635923533917
2026-06-08,WMT,-0.2975775433999165,-0.298996753956865
2026-06-09,WMT,-0.2958934649315434,-0.2979623242817578
2026-06-10,WMT,-0.3033367073096373,-0.299753785291051
2026-06-11,WMT,-0.3084459789258066,-0.3026511831693029
2026-06-12,WMT,-0.3193657630109924,-0.30822270978319943
2026-06-13,WMT,-0.311599998502025,-0.30934847268947463
2026-06-14,WMT,-0.3116811763261164,-0.31012604056835524
2026-06-15,WMT,-0.3116811760080436,-0.31064441904825135
2026-06-16,WMT,-0.3056617635667782,-0.30898353388776034
2026-06-17,WMT,-0.3018439443263566,-0.3066036707006258
2026-06-18,WMT,-0.3021403680340362,-0.30511590314509596
2026-06-19,WMT,-0.3012416995934303,-0.3038245019612074
2026-06-20,WMT,-0.2980051000268774,-0.30188470131643075
2026-06-21,WMT,-0.2980051001739184,-0.30059150093559334
2026-06-22,WMT,-0.3012417352736878,-0.3008082457149582
2026-06-23,WMT,-0.3007440174428434,-0.30078683629091996
2026-06-24,WMT,-0.2996257785071934,-0.3003998170296778
2026-06-25,WMT,-0.307797233724634,-0.3028656225946632
2026-06-26,WMT,-0.3154130369711343,-0.30704809405348693
2026-06-27,WMT,-0.3345224682446953,-0.3162062187838897
2026-06-28,WMT,-0.3154464296161524,-0.31595295572797727
2026-06-29,WMT,-0.3350011577815365,-0.32230235641249705
2026-06-30,WMT,-0.3340147354088007,-0.3262064827445983
2026-07-01,WMT,-0.3316600696370489,-0.3280243450420819
2026-07-02,WMT,-0.3709725363557979,-0.3423404088133206
2026-07-03,WMT,-0.3798884411998384,-0.3548564196088265
2026-07-04,WMT,-0.3799735354604722,-0.3632287915593751
2026-07-05,WMT,-0.3798463890797933,-0.36876799073284783
2026-07-06,WMT,-0.3796502570568392,-0.372395412840845
2026-07-07,WMT,-0.3874570090230907,-0.3774159449015936
2026-07-08,WMT,-0.3736947787486127,-0.3761755561839333
2026-07-09,WMT,-0.3705283616443537,-0.3742931580040735
2026-07-10,WMT,-0.380021610209384,-0.3762026420725103
2026-07-11,WMT,-0.3674801054628166,-0.37329512986927915
2026-07-12,WMT,-0.36760945436915365,-0.37139990470257067
2026-05-13,XEL,-0.1986299495200422,-0.1260584618322036
2026-05-22,XEL,-0.275870157707679,-0.1759956937906954
2026-05-23,XEL,-0.2699231286322445,-0.20730483873787844
2026-05-24,XEL,-0.2700043007668548,-0.22820465941420393
2026-05-25,XEL,-0.2700043015341349,-0.24213787345418092
2026-05-26,XEL,-0.2700043016578233,-0.25142668285539505
2026-05-27,XEL,-0.2663799540742639,-0.256411106595018
2026-06-01,XEL,-0.2720781893595009,-0.2616334675165123
2026-06-02,XEL,-0.2909110101944208,-0.27139264840914845
2026-06-03,XEL,-0.2809669811889362,-0.2745840926690777
2026-06-04,XEL,-0.2809876590311464,-0.2767186147897673
2026-06-05,XEL,-0.2908557057342962,-0.2814309784379436
2026-06-06,XEL,-0.2791872228835977,-0.28068305991982834
2026-06-07,XEL,-0.2793491262042714,-0.280238415347976
2026-06-08,XEL,-0.2793491262042714,-0.2799419856334078
2026-06-09,XEL,-0.289118861543199,-0.2830009442700049
2026-06-10,XEL,-0.2907102965778836,-0.28557072837263114
2026-06-11,XEL,-0.2918086377851426,-0.28765003151013496
2026-06-12,XEL,-0.3086025063970129,-0.29463418980576095
2026-06-13,XEL,-0.2965215749917859,-0.29526331820110263
2026-06-14,XEL,-0.2966023313209444,-0.2957096559077166
2026-06-15,XEL,-0.296602331005245,-0.2960072142735594
2026-06-16,XEL,-0.2914429286938925,-0.2944857857470038
2026-06-17,XEL,-0.2917902899031547,-0.29358728713238746
2026-06-18,XEL,-0.2896983544472543,-0.29229097623734307
2026-06-19,XEL,-0.27277182893213,-0.28578459380227206
2026-06-20,XEL,-0.289802879712318,-0.2871240224389541
2026-06-21,XEL,-0.2898028798601219,-0.2880169749126767
2026-06-22,XEL,-0.2727718631286037,-0.2829352709846524
2026-06-23,XEL,-0.2563909316344793,-0.27408715786792803
2026-06-24,XEL,-0.2511629684568138,-0.26644576139755666
2026-06-25,XEL,-0.2384175779589996,-0.2571030335847043
2026-06-26,XEL,-0.2458688257781723,-0.25335829764919365
2026-06-27,XEL,-0.2535654237487367,-0.2534273396823747
2026-06-28,XEL,-0.2458999504378029,-0.2509182099341841
2026-06-29,XEL,-0.2549358357334063,-0.25225741853392486
2026-06-30,XEL,-0.2640029252232385,-0.25617258743036275
2026-07-01,XEL,-0.2645558478541948,-0.2589670075716401
2026-07-02,XEL,-0.2758921663476177,-0.26460872716363265
2026-07-03,XEL,-0.2737728361980626,-0.2676634301751093
2026-07-04,XEL,-0.2738510131524861,-0.2697259578342349
2026-07-05,XEL,-0.2737402160957727,-0.2710640439214142
2026-07-06,XEL,-0.2735773054547675,-0.2719017977658653
2026-07-07,XEL,-0.2829165385033791,-0.27557337801170323
2026-07-08,XEL,-0.286791955221603,-0.2793129037483365
2026-07-09,XEL,-0.2818604866749668,-0.28016209805721326
2026-07-10,XEL,-0.2993168099074915,-0.286547002007306
2026-07-11,XEL,-0.2953435974132932,-0.2894792004759684
2026-07-12,XEL,-0.2954531980658027,-0.2914705330059132
2026-05-13,XOM,-0.1920269204170999,-0.20233970399954626
2026-05-22,XOM,-0.1610380607152154,-0.18857248957143596
2026-05-23,XOM,-0.1537482985266778,-0.1769644258898499
2026-05-24,XOM,-0.1538237070618197,-0.16925085294717318
2026-05-25,XOM,-0.153823707866288,-0.16410847125354477
2026-05-26,XOM,-0.1538237079219384,-0.16068021680967598
2026-05-27,XOM,-0.1766368387294116,-0.1659990907829212
2026-06-01,XOM,-0.2150431960624488,-0.18234712587609705
2026-06-02,XOM,-0.1911944302029909,-0.185296227318395
2026-06-03,XOM,-0.1830747023758092,-0.18455571900419976
2026-06-04,XOM,-0.1777359326017591,-0.1822824568700529
2026-06-05,XOM,-0.1935490118673888,-0.1860379752024982
2026-06-06,XOM,-0.1935872605146296,-0.18855440363987536
2026-06-07,XOM,-0.1937428447547366,-0.1902838840114958
2026-06-08,XOM,-0.1937428447547366,-0.1914368709259094
2026-06-09,XOM,-0.1756504895608116,-0.18617474380421017
2026-06-10,XOM,-0.2137373435836979,-0.1953622770640394
2026-06-11,XOM,-0.2195111974116793,-0.20341191717991938
2026-06-12,XOM,-0.2533844669169389,-0.2200694337589259
2026-06-13,XOM,-0.2536251221573421,-0.23125466322506466
2026-06-14,XOM,-0.2537079398147715,-0.23873908875496697
2026-06-15,XOM,-0.2537079394874648,-0.24372870566579957
2026-06-16,XOM,-0.2796318822699009,-0.2556964312005
2026-06-17,XOM,-0.2884512882957895,-0.26661471689892985
2026-06-18,XOM,-0.2845226737911593,-0.27258403586300634
2026-06-19,XOM,-0.2968960448436042,-0.280688038856539
2026-06-20,XOM,-0.2935032757203437,-0.28495978447780723
2026-06-21,XOM,-0.2935032758849534,-0.28780761494685597
2026-06-22,XOM,-0.2968960864278338,-0.2908371054405153
2026-06-23,XOM,-0.2875798484167038,-0.2897513530992448
2026-06-24,XOM,-0.3100607069421035,-0.29652113771353106
2026-06-25,XOM,-0.3174828515005049,-0.30350837564252237
2026-06-26,XOM,-0.30325490453319,-0.3034238852727449
2026-06-27,XOM,-0.3439126492862648,-0.3169201399439182
2026-06-28,XOM,-0.3032906666464828,-0.3123769821781064
2026-06-29,XOM,-0.3433367095432926,-0.32269689129983514
2026-06-30,XOM,-0.3286367589650118,-0.3246768471882274
2026-07-01,XOM,-0.3125246862095212,-0.32062612686199204
2026-07-02,XOM,-0.3108425737075324,-0.3173649424771722
2026-07-03,XOM,-0.3296860510281106,-0.32147197866081834
2026-07-04,XOM,-0.3297728159887571,-0.3242389244367979
2026-07-05,XOM,-0.3296417208432087,-0.3260398565722682
2026-07-06,XOM,-0.3294375650373609,-0.32717242606063246
2026-07-07,XOM,-0.3378828185519618,-0.33074255689107557
2026-07-08,XOM,-0.3334383380184979,-0.3316411506002164
2026-07-09,XOM,-0.281704606386656,-0.3149956358623629
2026-07-10,XOM,-0.2901320034272019,-0.3067077583839759
2026-07-11,XOM,-0.281523544958901,-0.2983130205756176
2026-07-12,XOM,-0.28164873854749906,-0.2927582598995781
2026-05-13,XYZ,-0.0418398356600403,-0.08197399933336305
2026-05-22,XYZ,-0.0482009880144213,-0.0707163288937158
2026-05-23,XYZ,-0.0667726105193525,-0.06940175610226137
2026-05-24,XYZ,-0.0668246635705489,-0.06854272525835722
2026-05-25,XYZ,-0.0668246645257122,-0.06797003834747556
2026-05-26,XYZ,-0.0668246643056564,-0.06758824700020251
2026-05-27,XYZ,-0.0745670049233444,-0.06991449964124981
2026-06-01,XYZ,-0.1974815989042276,-0.1124368660622424
2026-06-02,XYZ,-0.1965831808935922,-0.14048563767269234
2026-06-03,XYZ,-0.2375216745972146,-0.17283098331419977
2026-06-04,XYZ,-0.3006028900583881,-0.21542161889559588
2026-06-05,XYZ,-0.3130467550095554,-0.24796333093358242
2026-06-06,XYZ,-0.3005414171305506,-0.26548935966590514
2026-06-07,XYZ,-0.3006901058607645,-0.27722294173085826
2026-06-08,XYZ,-0.3006901058607645,-0.28504532977416036
2026-06-09,XYZ,-0.2851777753520887,-0.28508947830013653
2026-06-10,XYZ,-0.2971882906871704,-0.2891224157624812
2026-06-11,XYZ,-0.2615380075662517,-0.2799276130304047
2026-06-12,XYZ,-0.2470217658922789,-0.2689589973176961
2026-06-13,XYZ,-0.2423589147368278,-0.2600923031240734
2026-06-14,XYZ,-0.2424261489676538,-0.2542035850719335
2026-06-15,XYZ,-0.2424261487280969,-0.25027777295732134
2026-06-16,XYZ,-0.1965243158059302,-0.23235995390685765
2026-06-17,XYZ,-0.1653421566058719,-0.2100206881398624
2026-06-18,XYZ,-0.1920505704607506,-0.20403064891349182
2026-06-19,XYZ,-0.200933481766477,-0.20299825986448689
2026-06-20,XYZ,-0.1980600096528629,-0.20135217646061224
2026-06-21,XYZ,-0.1980600097590528,-0.20025478756009243
2026-06-22,XYZ,-0.2009335037187432,-0.2004810262796427
2026-06-23,XYZ,-0.2363321629729598,-0.2124314051774151
2026-06-24,XYZ,-0.212295339811516,-0.21238605005544875
2026-06-25,XYZ,-0.1732042011731575,-0.1993254337613517
2026-06-26,XYZ,-0.2130815240822393,-0.2039107972016476
2026-06-27,XYZ,-0.129319663981931,-0.17904708612840875
2026-06-28,XYZ,-0.2131086226453983,-0.19040093163407196
2026-06-29,XYZ,-0.1331829741763477,-0.1713282791481639
2026-06-30,XYZ,-0.1666384919434016,-0.16976501674657646
2026-07-01,XYZ,-0.2056624920505952,-0.18173084184791605
2026-07-02,XYZ,-0.1655365893884079,-0.17633275769474668
2026-07-03,XYZ,-0.1317277387158565,-0.16146441803511663
2026-07-04,XYZ,-0.1317904055538583,-0.15157308054136387
2026-07-05,XYZ,-0.1317162672643597,-0.1449541427823625
2026-07-06,XYZ,-0.1316278462420079,-0.14051204393557765
2026-07-07,XYZ,-0.1477327209371839,-0.1429189362694464
2026-07-08,XYZ,-0.1353981147957638,-0.1404119957782189
2026-07-09,XYZ,-0.1608575367258047,-0.1472271760940808
2026-07-10,XYZ,-0.1621199405246261,-0.15219143090426257
2026-07-11,XYZ,-0.1627112657690446,-0.1556980425258566
2026-07-12,XYZ,-0.16275495197661832,-0.1580503456761105
2026-05-13,YUM,-0.1720074450306085,-0.17293899364163237
2026-05-22,YUM,-0.2134738351442928,-0.18645060747585251
2026-05-23,YUM,-0.2037512415107319,-0.19221748548747897
2026-05-24,YUM,-0.2038355145962229,-0.1960901618570603
2026-05-25,YUM,-0.203835515343495,-0.19867194635253854
2026-05-26,YUM,-0.2038355155037894,-0.20039313606962217
2026-05-27,YUM,-0.2017918154651092,-0.20085936253478454
2026-06-01,YUM,-0.2053544372744481,-0.20235772078133907
2026-06-02,YUM,-0.1966287332697397,-0.2004480582774726
2026-06-03,YUM,-0.1964658583865629,-0.19912065831383607
2026-06-04,YUM,-0.1890540225118916,-0.19576511304652125
2026-06-05,YUM,-0.2063984800739584,-0.19930956872233366
2026-06-06,YUM,-0.1989680834530578,-0.19919574029924172
2026-06-07,YUM,-0.1991340285315922,-0.19917516971002525
2026-06-08,YUM,-0.1991340285315922,-0.1991614559838809
2026-06-09,YUM,-0.2104652735065531,-0.20292939515810499
2026-06-10,YUM,-0.1920521277743015,-0.19930363936350384
2026-06-11,YUM,-0.2076683378103077,-0.20209187217910515
2026-06-12,YUM,-0.2101678085993592,-0.20478385098585652
2026-06-13,YUM,-0.209011359644532,-0.20619302053874836
2026-06-14,YUM,-0.2090929638880407,-0.2071596683218458
2026-06-15,YUM,-0.2090929635675667,-0.20780410007041944
2026-06-16,YUM,-0.2116173841647707,-0.20907519476853653
2026-06-17,YUM,-0.1955029223336384,-0.20455110395690382
2026-06-18,YUM,-0.1880002827584911,-0.19903416355743292
2026-06-19,YUM,-0.2005224680621567,-0.19953026505900753
2026-06-20,YUM,-0.1888730660673087,-0.19597786539510795
2026-06-21,YUM,-0.1888730662136834,-0.19360959900129976
2026-06-22,YUM,-0.2005225042411471,-0.19591390074791554
2026-06-23,YUM,-0.2037541231156841,-0.1985273082038384
2026-06-24,YUM,-0.209062601917426,-0.2020390727750343
2026-06-25,YUM,-0.2030790217327258,-0.20238572242759814
2026-06-26,YUM,-0.1962407785014583,-0.20033740778555154
2026-06-27,YUM,-0.1819640926585038,-0.19421296940986896
2026-06-28,YUM,-0.1962736798482032,-0.1948998728893137
2026-06-29,YUM,-0.1830310319107487,-0.1909435925631254
2026-06-30,YUM,-0.1762597878178769,-0.1860489909813759
2026-07-01,YUM,-0.1613800070449544,-0.17782599633590207
2026-07-02,YUM,-0.1496829852968921,-0.16844499265623208
2026-07-03,YUM,-0.1512691827626696,-0.16271972269171125
2026-07-04,YUM,-0.1513453809442437,-0.15892827544255542
2026-07-05,YUM,-0.1512392607946071,-0.15636527055990598
2026-07-06,YUM,-0.151085853501671,-0.15460546487382767
2026-07-07,YUM,-0.1505467424867209,-0.15325255741145877
2026-07-08,YUM,-0.1419066605351435,-0.14947059178602035
2026-07-09,YUM,-0.1452062737556995,-0.14804915244258007
2026-07-10,YUM,-0.1635976347290333,-0.1532319798713978
2026-07-11,YUM,-0.1716062607363205,-0.15935674015970538
2026-07-12,YUM,-0.1717066632902804,-0.1634733812032304
2026-05-13,ZTS,-0.06724333293964,-0.19165278934030747
2026-05-22,ZTS,-0.2571271255261844,-0.21347756806893312
2026-05-23,ZTS,-0.2500936674482675,-0.22568293452871124
2026-05-24,ZTS,-0.2502021161231887,-0.23385599506020374
2026-05-25,ZTS,-0.2502021167144742,-0.23930470227829392
2026-05-26,ZTS,-0.2502021171601559,-0.24293717390558126
2026-05-27,ZTS,-0.2462134230143126,-0.24402925694182506
2026-06-01,ZTS,-0.2282645005406752,-0.2387743381414418
2026-06-02,ZTS,-0.1927138994895645,-0.22342085859081606
2026-06-03,ZTS,-0.2043118465969201,-0.21705118792618408
2026-06-04,ZTS,-0.1811065339276003,-0.20506963659332283
2026-06-05,ZTS,-0.189675805799396,-0.1999383596620139
2026-06-06,ZTS,-0.2273408244967373,-0.2090725146069217
2026-06-07,ZTS,-0.2275627382331501,-0.2152359224823312
2026-06-08,ZTS,-0.2275627382331501,-0.21934486106593754
2026-06-09,ZTS,-0.2135654367912,-0.21741838630769172
2026-06-10,ZTS,-0.2180475089986111,-0.21762809387133153
2026-06-11,ZTS,-0.2092508452894719,-0.21483567767737832
2026-06-12,ZTS,-0.1966373313418837,-0.20876956223221346
2026-06-13,ZTS,-0.2123947471781749,-0.2099779572142006
2026-06-14,ZTS,-0.2124963131477387,-0.21081740919204664
2026-06-15,ZTS,-0.2124963127148609,-0.21137704369965143
2026-06-16,ZTS,-0.2090544315394732,-0.2106028396462587
2026-06-17,ZTS,-0.2250893937779895,-0.2154316910235023
2026-06-18,ZTS,-0.2208224870086035,-0.21722862301853602
2026-06-19,ZTS,-0.1910189569763388,-0.20849206767113695
2026-06-20,ZTS,-0.1958164171786603,-0.2042668508403114
2026-06-21,ZTS,-0.1958164173731765,-0.2014500396845998
2026-06-22,ZTS,-0.1910190078848468,-0.19797302908468214
2026-06-23,ZTS,-0.1869042749742575,-0.1942834443812073
2026-06-24,ZTS,-0.2147240571021716,-0.2010969819548621
2026-06-25,ZTS,-0.2169657804827257,-0.20638658146414995
2026-06-26,ZTS,-0.1793897427680484,-0.1973876352321161
2026-06-27,ZTS,-0.2062820172357294,-0.20035242923332053
2026-06-28,ZTS,-0.179429027485806,-0.19337796198414903
2026-06-29,ZTS,-0.2047235336777569,-0.19715981921535167
2026-06-30,ZTS,-0.2003332203390194,-0.1982176195899076
2026-07-01,ZTS,-0.204554616470786,-0.20032995188353375
2026-07-02,ZTS,-0.242885466809808,-0.21451512352562518
2026-07-03,ZTS,-0.274832624235017,-0.23462095709542247
2026-07-04,ZTS,-0.2749310227139105,-0.2480576456349185
2026-07-05,ZTS,-0.2747724312926594,-0.2569625741874988
2026-07-06,ZTS,-0.2745124038018887,-0.26281251739229544
2026-07-07,ZTS,-0.2640558662389129,-0.2632269670078346
2026-07-08,ZTS,-0.2865123624897104,-0.27098876550179324
2026-07-09,ZTS,-0.2968575024098381,-0.2796116778044749
2026-07-10,ZTS,-0.2768649702611848,-0.2786961086233782
2026-07-11,ZTS,-0.2776557756153351,-0.2783493309540305
2026-07-12,ZTS,-0.2778492151085998,-0.2781826256722203
